{
 "type": "FeatureCollection",
 "features": [
  {
   "type": "Feature",
   "geometry": {
    "type": "Polygon",
    "coordinates": [
     [
      [
       -77.26401070872761,
       38.90055474082487
      ],
      [
       -77.26450223691387,
       38.90016239124213
      ],
      [
       -77.26453837453963,
       38.90019006008899
      ],
      [
       -77.26491480219619,
       38.900478339705856
      ],
      [
       -77.26503897347406,
       38.900573433799494
      ],
      [
       -77.26515767371198,
       38.90066433687334
      ],
      [
       -77.26492306374925,
       38.90084939023979
      ],
      [
       -77.26468809104982,
       38.90066089375577
      ],
      [
       -77.2644269888447,
       38.900873171908934
      ],
      [
       -77.26401070872761,
       38.90055474082487
      ]
     ]
    ]
   },
   "properties": {
    "id": "parcel",
    "kind": "Parcel",
    "sourceId": "gis1",
    "reliabilityLevel": 1,
    "revision": 1,
    "engineeringGeometry": {
     "crs": "EPSG:2248",
     "crsName": "NAD83 / Maryland State Plane (US survey feet)",
     "datum": "NAD83",
     "unit": "usSurveyFoot",
     "coordinates": [
      [
       1237198.6434242832,
       449474.15887580527
      ],
      [
       1237058.3460056374,
       449331.6711467886
      ],
      [
       1237048.0907884135,
       449341.7778661198
      ],
      [
       1236941.2678419813,
       449447.0791797365
      ],
      [
       1236906.0306059872,
       449481.8147645901
      ],
      [
       1236872.3460247929,
       449515.01951719087
      ],
      [
       1236939.308864697,
       449582.22160863027
      ],
      [
       1237005.9801270652,
       449513.37771987787
      ],
      [
       1237080.5107085325,
       449590.47351053596
      ],
      [
       1237198.6434242832,
       449474.15887580527
      ]
     ]
    }
   }
  },
  {
   "type": "Feature",
   "geometry": {
    "type": "LineString",
    "coordinates": [
     [
      -77.26487345829356,
      38.90048539317604
     ],
     [
      -77.26487338664676,
      38.90048525637097
     ],
     [
      -77.26487324335315,
      38.900484982760865
     ],
     [
      -77.26487302841275,
      38.900484572345704
     ],
     [
      -77.26487274182554,
      38.90048402512546
     ],
     [
      -77.26487259759766,
      38.90048349989728
     ],
     [
      -77.26487259572907,
      38.90048299666114
     ],
     [
      -77.26487273621979,
      38.90048251541706
     ],
     [
      -77.26487301906981,
      38.90048205616502
     ],
     [
      -77.26487323120733,
      38.90048171172598
     ],
     [
      -77.26487337263234,
      38.90048148209996
     ],
     [
      -77.26487344334484,
      38.90048136728694
     ]
    ]
   },
   "properties": {
    "id": "ct-0",
    "kind": "Contour",
    "sourceId": "contours",
    "reliabilityLevel": 1,
    "revision": 1,
    "engineeringGeometry": {
     "crs": "EPSG:2248",
     "crsName": "NAD83 / Maryland State Plane (US survey feet)",
     "datum": "NAD83",
     "unit": "usSurveyFoot",
     "coordinates": [
      [
       1236953.0413177675,
       449449.61389265175,
       360
      ],
      [
       1236953.0615630965,
       449449.56400945847,
       360
      ],
      [
       1236953.102053755,
       449449.46424307185,
       360
      ],
      [
       1236953.1627897422,
       449449.31459349196,
       360
      ],
      [
       1236953.2437710587,
       449449.1150607188,
       360
      ],
      [
       1236953.284261717,
       449448.9236549403,
       360
      ],
      [
       1236953.284261717,
       449448.74037615664,
       360
      ],
      [
       1236953.2437710587,
       449448.5652243678,
       360
      ],
      [
       1236953.1627897422,
       449448.3981995735,
       360
      ],
      [
       1236953.102053755,
       449448.2729309779,
       360
      ],
      [
       1236953.0615630965,
       449448.18941858085,
       360
      ],
      [
       1236953.0413177675,
       449448.14766238234,
       360
      ]
     ]
    },
    "elevationFt": 360,
    "weight": "index",
    "hidden": false
   }
  },
  {
   "type": "Feature",
   "geometry": {
    "type": "LineString",
    "coordinates": [
     [
      -77.26487456473663,
      38.900783371794056
     ],
     [
      -77.26487424481816,
      38.900783108232524
     ],
     [
      -77.26487360498123,
      38.900782581109446
     ],
     [
      -77.26487264522585,
      38.90078179042484
     ],
     [
      -77.26487136555204,
      38.90078073617867
     ],
     [
      -77.26487006607073,
      38.90077963629706
     ],
     [
      -77.26486874678191,
      38.900778490779985
     ],
     [
      -77.2648674076856,
      38.900777299627464
     ],
     [
      -77.26486604878178,
      38.9007760628395
     ],
     [
      -77.26486476243007,
      38.900774932029776
     ],
     [
      -77.26486354863043,
      38.90077390719832
     ],
     [
      -77.26486240738285,
      38.90077298834514
     ],
     [
      -77.26486133868735,
      38.900772175470216
     ],
     [
      -77.26486014492801,
      38.900771258936174
     ],
     [
      -77.26485882610483,
      38.900770238742965
     ],
     [
      -77.26485738221783,
      38.900769114890615
     ],
     [
      -77.264855813267,
      38.90076788737911
     ],
     [
      -77.26485422178226,
      38.90076676166124
     ],
     [
      -77.26485260776356,
      38.90076573773702
     ],
     [
      -77.26485097121093,
      38.90076481560642
     ],
     [
      -77.26484931212435,
      38.90076399526948
     ],
     [
      -77.2648478238078,
      38.900763246885056
     ],
     [
      -77.26484650626125,
      38.900762570453104
     ],
     [
      -77.2648453594847,
      38.900761965973686
     ],
     [
      -77.26484438347816,
      38.900761433446775
     ],
     [
      -77.26484299308774,
      38.900760800263484
     ],
     [
      -77.26484118831347,
      38.9007600664238
     ],
     [
      -77.26483896915533,
      38.90075923192768
     ],
     [
      -77.26483633561341,
      38.90075829677514
     ],
     [
      -77.26483370244019,
      38.90075746091947
     ],
     [
      -77.26483106963569,
      38.90075672436069
     ],
     [
      -77.26482843719987,
      38.90075608709881
     ],
     [
      -77.26482580513274,
      38.900755549133805
     ],
     [
      -77.26482380935376,
      38.90075513686604
     ],
     [
      -77.26482244986286,
      38.900754850295534
     ],
     [
      -77.26482172666006,
      38.90075468942232
     ],
     [
      -77.26482163974535,
      38.90075465424642
     ],
     [
      -77.26482109392916,
      38.90075411516231
     ],
     [
      -77.26482008921148,
      38.90075307216998
     ],
     [
      -77.26481862559241,
      38.900751525269435
     ],
     [
      -77.26481670307197,
      38.90074947446066
     ],
     [
      -77.26481510363459,
      38.900747814464594
     ],
     [
      -77.26481382728021,
      38.90074654528123
     ],
     [
      -77.2648128740088,
      38.90074566691061
     ],
     [
      -77.26481224382034,
      38.90074517935274
     ],
     [
      -77.26481111235182,
      38.90074446085597
     ],
     [
      -77.26480947960327,
      38.900743511420295
     ],
     [
      -77.26480734557472,
      38.900742331045684
     ],
     [
      -77.26480471026622,
      38.90074091973213
     ],
     [
      -77.26480271214787,
      38.90073982407262
     ],
     [
      -77.26480135121962,
      38.90073904406721
     ],
     [
      -77.2648006274814,
      38.90073857971588
     ],
     [
      -77.26480054093324,
      38.90073843101866
     ],
     [
      -77.26480030260353,
      38.90073780609714
     ],
     [
      -77.26479991249235,
      38.90073670495134
     ],
     [
      -77.26479937059965,
      38.900735127581214
     ],
     [
      -77.2647986769255,
      38.90073307398677
     ],
     [
      -77.26479797617623,
      38.90073102040837
     ],
     [
      -77.26479726835183,
      38.90072896684601
     ],
     [
      -77.26479655345231,
      38.90072691329966
     ],
     [
      -77.26479583147768,
      38.90072485976937
     ],
     [
      -77.26479500222844,
      38.90072282102702
     ],
     [
      -77.26479406570459,
      38.90072079707263
     ],
     [
      -77.26479302190616,
      38.9007187879062
     ],
     [
      -77.26479187083312,
      38.90071679352772
     ],
     [
      -77.26479099688575,
      38.90071528322317
     ],
     [
      -77.26479040006397,
      38.90071425699252
     ],
     [
      -77.26479008036779,
      38.90071371483581
     ],
     [
      -77.26479003779717,
      38.90071365675303
     ],
     [
      -77.26478947785553,
      38.900713100596036
     ],
     [
      -77.2647884005429,
      38.900712046364795
     ],
     [
      -77.26478680585929,
      38.90071049405933
     ],
     [
      -77.2647846938048,
      38.900708443679605
     ],
     [
      -77.26478298858127,
      38.90070680746417
     ],
     [
      -77.26478169018863,
      38.90070558541302
     ],
     [
      -77.26478079862682,
      38.90070477752623
     ],
     [
      -77.26478031389583,
      38.90070438380377
     ],
     [
      -77.26477944780139,
      38.9007036745645
     ],
     [
      -77.26477820034356,
      38.900702649808444
     ],
     [
      -77.26477657152232,
      38.90070130953557
     ],
     [
      -77.26477456133773,
      38.900699653745875
     ],
     [
      -77.26477289673649,
      38.900698289172425
     ],
     [
      -77.26477157771859,
      38.900697215815235
     ],
     [
      -77.26477060428397,
      38.900696433674305
     ],
     [
      -77.26476997643259,
      38.90069594274967
     ],
     [
      -77.26476890409401,
      38.90069518521454
     ],
     [
      -77.26476738726825,
      38.90069416106883
     ],
     [
      -77.26476542595533,
      38.900692870312604
     ],
     [
      -77.2647630201553,
      38.9006913129458
     ],
     [
      -77.26476115806304,
      38.900690082861985
     ],
     [
      -77.26475983967849,
      38.90068918006118
     ],
     [
      -77.26475906500161,
      38.90068860454344
     ],
     [
      -77.26475883403238,
      38.90068835630872
     ],
     [
      -77.264758199838,
      38.90068771957523
     ],
     [
      -77.26475716241852,
      38.90068669434293
     ],
     [
      -77.26475572177394,
      38.90068528061185
     ],
     [
      -77.26475387790431,
      38.90068347838193
     ],
     [
      -77.26475229580662,
      38.90068186430611
     ],
     [
      -77.2647509754808,
      38.90068043838443
     ],
     [
      -77.26474991692685,
      38.90067920061685
     ],
     [
      -77.26474912014471,
      38.900678151003426
     ],
     [
      -77.26474822046418,
      38.90067711354105
     ],
     [
      -77.26474721788523,
      38.90067608822972
     ],
     [
      -77.26474611240788,
      38.900675075069415
     ],
     [
      -77.26474490403213,
      38.90067407406015
     ],
     [
      -77.26474367837957,
      38.900672810235264
     ],
     [
      -77.2647424354502,
      38.90067128359473
     ],
     [
      -77.26474117524405,
      38.90066949413857
     ],
     [
      -77.26473989776113,
      38.900667441866744
     ],
     [
      -77.26473955663508,
      38.90066545925839
     ],
     [
      -77.26474015186584,
      38.900663546313496
     ],
     [
      -77.26474168345332,
      38.90066170303203
     ],
     [
      -77.26474415139745,
      38.90065992941399
     ],
     [
      -77.26474666029421,
      38.90065871294667
     ],
     [
      -77.26474921014365,
      38.90065805363008
     ],
     [
      -77.26475180094585,
      38.90065795146425
     ],
     [
      -77.26475443270081,
      38.900658406449104
     ],
     [
      -77.26475706509488,
      38.90065903361556
     ],
     [
      -77.26475969812807,
      38.900659832963576
     ],
     [
      -77.26476233180037,
      38.90066080449316
     ],
     [
      -77.26476496611181,
      38.90066194820432
     ],
     [
      -77.26476759938959,
      38.90066281339723
     ],
     [
      -77.26477023163365,
      38.90066340007187
     ],
     [
      -77.26477286284396,
      38.90066370822827
     ],
     [
      -77.26477549302048,
      38.90066373786642
     ],
     [
      -77.26477812257876,
      38.900663600936305
     ],
     [
      -77.26478075151873,
      38.90066329743788
     ],
     [
      -77.2647833798404,
      38.90066282737119
     ],
     [
      -77.26478600754375,
      38.900662190736234
     ],
     [
      -77.26478860886573,
      38.900661386157836
     ],
     [
      -77.26479118380632,
      38.900660413636004
     ],
     [
      -77.26479373236552,
      38.90065927317073
     ],
     [
      -77.26479625454328,
      38.90065796476202
     ],
     [
      -77.26479817173895,
      38.900656930780606
     ],
     [
      -77.26479948395253,
      38.900656171226515
     ],
     [
      -77.26480019118407,
      38.900655686099746
     ],
     [
      -77.2648002934336,
      38.90065547540033
     ],
     [
      -77.26480073612645,
      38.90065485537138
     ],
     [
      -77.26480151926258,
      38.9006538260129
     ],
     [
      -77.26480264284199,
      38.900652387324875
     ],
     [
      -77.26480410686462,
      38.90065053930729
     ],
     [
      -77.26480549381955,
      38.90064892221657
     ],
     [
      -77.26480680370679,
      38.90064753605274
     ],
     [
      -77.26480803652638,
      38.90064638081574
     ],
     [
      -77.26480919227828,
      38.90064545650562
     ],
     [
      -77.264810356124,
      38.90064447923062
     ],
     [
      -77.26481152806349,
      38.90064344899077
     ],
     [
      -77.26481270809677,
      38.90064236578603
     ],
     [
      -77.26481389622383,
      38.90064122961642
     ],
     [
      -77.26481504181505,
      38.90063986312061
     ],
     [
      -77.26481614487042,
      38.900638266298614
     ],
     [
      -77.26481720538996,
      38.90063643915046
     ],
     [
      -77.26481822337364,
      38.90063438167613
     ],
     [
      -77.26481908913323,
      38.90063263577474
     ],
     [
      -77.26481980266875,
      38.9006312014463
     ],
     [
      -77.26482036398022,
      38.900630078690824
     ],
     [
      -77.26482077306767,
      38.90062926750831
     ],
     [
      -77.2648212623091,
      38.900628347479994
     ],
     [
      -77.26482183170447,
      38.900627318605885
     ],
     [
      -77.2648224812538,
      38.900626180885965
     ],
     [
      -77.26482321095708,
      38.90062493432026
     ],
     [
      -77.26482401331944,
      38.90062348502603
     ],
     [
      -77.26482488834088,
      38.90062183300329
     ],
     [
      -77.2648258360214,
      38.90061997825206
     ],
     [
      -77.26482685636097,
      38.900617920772284
     ],
     [
      -77.26482783679879,
      38.900615904724766
     ],
     [
      -77.26482877733487,
      38.90061393010947
     ],
     [
      -77.2648296779692,
      38.90061199692643
     ],
     [
      -77.26483053870182,
      38.900610105175595
     ],
     [
      -77.2648312000332,
      38.90060864498491
     ],
     [
      -77.26483166196337,
      38.90060761635438
     ],
     [
      -77.26483192449236,
      38.90060701928395
     ],
     [
      -77.26483198762017,
      38.900606853773674
     ],
     [
      -77.2648322669746,
      38.90060621532333
     ],
     [
      -77.2648327625556,
      38.900605103932904
     ],
     [
      -77.26483347436314,
      38.900603519602406
     ],
     [
      -77.26483440239724,
      38.90060146233182
     ],
     [
      -77.2648352454621,
      38.90059940525385
     ],
     [
      -77.26483600355773,
      38.90059734836849
     ],
     [
      -77.26483667668415,
      38.90059529167575
     ],
     [
      -77.26483726484138,
      38.90059323517563
     ],
     [
      -77.26483766548965,
      38.90059117910058
     ],
     [
      -77.26483787862902,
      38.900589123450594
     ],
     [
      -77.26483790425951,
      38.9005870682257
     ],
     [
      -77.2648377423811,
      38.90058501342588
     ],
     [
      -77.26483775649278,
      38.90058295822709
     ],
     [
      -77.26483794659454,
      38.90058090262934
     ],
     [
      -77.26483831268635,
      38.90057884663262
     ],
     [
      -77.2648388547682,
      38.900576790236926
     ],
     [
      -77.26483941998052,
      38.900574925623985
     ],
     [
      -77.26484000832332,
      38.90057325279375
     ],
     [
      -77.26484061979659,
      38.90057177174623
     ],
     [
      -77.26484125440034,
      38.90057048248147
     ],
     [
      -77.26484181587516,
      38.900569323503845
     ],
     [
      -77.26484230422106,
      38.900568294813354
     ],
     [
      -77.26484271943805,
      38.90056739641
     ],
     [
      -77.26484306152612,
      38.90056662829383
     ],
     [
      -77.2648433893704,
      38.90056553825339
     ],
     [
      -77.26484370297086,
      38.9005641262887
     ],
     [
      -77.26484400232751,
      38.900562392399785
     ],
     [
      -77.26484428744037,
      38.900560336586615
     ],
     [
      -77.26484441283958,
      38.90055828113554
     ],
     [
      -77.26484437852518,
      38.900556226046525
     ],
     [
      -77.26484418449718,
      38.90055417131957
     ],
     [
      -77.26484383075558,
      38.90055211695471
     ],
     [
      -77.26484365256958,
      38.900550062191854
     ],
     [
      -77.26484364993917,
      38.90054800703101
     ],
     [
      -77.26484382286431,
      38.90054595147216
     ],
     [
      -77.264844171345,
      38.900543895515334
     ],
     [
      -77.26484444812921,
      38.90054183972106
     ],
     [
      -77.26484465321694,
      38.9005397840893
     ],
     [
      -77.26484478660821,
      38.90053772862008
     ],
     [
      -77.26484484830299,
      38.90053567331341
     ],
     [
      -77.26484483664478,
      38.90053361817303
     ],
     [
      -77.26484475163358,
      38.900531563198925
     ],
     [
      -77.26484459326937,
      38.90052950839113
     ],
     [
      -77.26484436155218,
      38.90052745374962
     ],
     [
      -77.26484412051327,
      38.90052539912924
     ],
     [
      -77.26484387015265,
      38.900523344529994
     ],
     [
      -77.26484361047028,
      38.900521289951875
     ],
     [
      -77.26484334146619,
      38.90051923539491
     ],
     [
      -77.26484308127024,
      38.9005175445807
     ],
     [
      -77.26484282988245,
      38.900516217509306
     ],
     [
      -77.2648425873028,
      38.90051525418068
     ],
     [
      -77.2648423535313,
      38.90051465459485
     ],
     [
      -77.2648420559784,
      38.900513841419794
     ],
     [
      -77.26484169464418,
      38.90051281465554
     ],
     [
      -77.26484126952859,
      38.90051157430206
     ],
     [
      -77.26484078063164,
      38.90051012035936
     ],
     [
      -77.26484009988386,
      38.90050851682262
     ],
     [
      -77.2648392272852,
      38.90050676369188
     ],
     [
      -77.26483816283569,
      38.90050486096708
     ],
     [
      -77.26483690653538,
      38.90050280864825
     ],
     [
      -77.26483573816941,
      38.90050081944788
     ],
     [
      -77.2648346577378,
      38.90049889336595
     ],
     [
      -77.26483366524049,
      38.90049703040248
     ],
     [
      -77.26483276067749,
      38.90049523055748
     ],
     [
      -77.26483204882047,
      38.90049381743171
     ],
     [
      -77.26483152966941,
      38.900492791025165
     ],
     [
      -77.26483120322429,
      38.900492151337865
     ],
     [
      -77.26483106948508,
      38.90049189836981
     ],
     [
      -77.26483053219313,
      38.90049119584266
     ],
     [
      -77.26482959134846,
      38.900490043756434
     ],
     [
      -77.2648282469511,
      38.900488442111104
     ],
     [
      -77.26482649900112,
      38.90048639090668
     ],
     [
      -77.26482499799789,
      38.9004846344459
     ],
     [
      -77.2648237439414,
      38.9004831727288
     ],
     [
      -77.26482273683159,
      38.900482005755364
     ],
     [
      -77.26482197666847,
      38.9004811335256
     ],
     [
      -77.26482112698552,
      38.90048018468354
     ],
     [
      -77.26482018778279,
      38.90047915922913
     ],
     [
      -77.26481915906028,
      38.90047805716238
     ],
     [
      -77.26481804081797,
      38.900476878483325
     ],
     [
      -77.26481682157055,
      38.900475585713224
     ],
     [
      -77.26481550131801,
      38.90047417885208
     ],
     [
      -77.26481408006038,
      38.9004726578999
     ],
     [
      -77.26481255779767,
      38.90047102285669
     ],
     [
      -77.26481134191917,
      38.900469692574156
     ],
     [
      -77.26481043242485,
      38.90046866705233
     ],
     [
      -77.26480982931467,
      38.90046794629121
     ],
     [
      -77.26480953258864,
      38.9004675302908
     ],
     [
      -77.26480888153439,
      38.900466705470095
     ],
     [
      -77.26480787615195,
      38.90046547182911
     ],
     [
      -77.26480651644133,
      38.900463829367794
     ],
     [
      -77.26480480240262,
      38.900461778086175
     ],
     [
      -77.26480335909115,
      38.90046005936837
     ],
     [
      -77.26480218650688,
      38.90045867321441
     ],
     [
      -77.26480128464979,
      38.900457619624284
     ],
     [
      -77.26480065351986,
      38.90045689859802
     ],
     [
      -77.26479989577135,
      38.90045602529547
     ],
     [
      -77.26479901140426,
      38.900454999716594
     ],
     [
      -77.26479800041864,
      38.90045382186141
     ],
     [
      -77.26479686281446,
      38.90045249172991
     ],
     [
      -77.26479563367022,
      38.90045106496128
     ],
     [
      -77.26479431298594,
      38.90044954155549
     ],
     [
      -77.26479290076163,
      38.90044792151255
     ],
     [
      -77.2647913969973,
      38.90044620483247
     ],
     [
      -77.26479019732999,
      38.900444833715646
     ],
     [
      -77.26478930175968,
      38.90044380816208
     ],
     [
      -77.26478871028634,
      38.90044312817181
     ],
     [
      -77.26478842290994,
      38.900442793744816
     ],
     [
      -77.26478783523785,
      38.900442029976325
     ],
     [
      -77.26478694727008,
      38.90044083686636
     ],
     [
      -77.26478575900664,
      38.900439214414874
     ],
     [
      -77.26478427044758,
      38.90043716262187
     ],
     [
      -77.26478293654617,
      38.90043515578634
     ],
     [
      -77.2647817573024,
      38.900433193908256
     ],
     [
      -77.26478073271623,
      38.900431276987646
     ],
     [
      -77.26477986278769,
      38.90042940502451
     ],
     [
      -77.26477918214894,
      38.90042795580803
     ],
     [
      -77.26477869079996,
      38.90042692933824
     ],
     [
      -77.26477838874072,
      38.90042632561512
     ],
     [
      -77.26477827597125,
      38.90042614463867
     ],
     [
      -77.26477806275845,
      38.90042549540618
     ],
     [
      -77.26477774910232,
      38.90042437791764
     ],
     [
      -77.2647773350029,
      38.90042279217304
     ],
     [
      -77.26477682046017,
      38.900420738172365
     ],
     [
      -77.2647765885751,
      38.900419000425174
     ],
     [
      -77.26477663934769,
      38.900417578931496
     ],
     [
      -77.26477697277787,
      38.9004164736913
     ],
     [
      -77.2647775888657,
      38.900415684704576
     ],
     [
      -77.26477870822806,
      38.90041503428137
     ],
     [
      -77.26478033086498,
      38.900414522421705
     ],
     [
      -77.26478245677644,
      38.900414149125524
     ],
     [
      -77.26478508596246,
      38.9004139143928
     ],
     [
      -77.2647877157665,
      38.900413846160085
     ],
     [
      -77.26479034618858,
      38.9004139444274
     ],
     [
      -77.26479297722872,
      38.900414209194714
     ],
     [
      -77.26479560888693,
      38.900414640462046
     ],
     [
      -77.26479820021805,
      38.900415107295586
     ],
     [
      -77.26480075122208,
      38.90041560969537
     ],
     [
      -77.26480326189903,
      38.90041614766138
     ],
     [
      -77.2648057322489,
      38.90041672119361
     ],
     [
      -77.26480762549869,
      38.90041715894185
     ],
     [
      -77.26480894164835,
      38.90041746090613
     ],
     [
      -77.26480968069792,
      38.90041762708646
     ],
     [
      -77.26480984264737,
      38.90041765748284
     ],
     [
      -77.26481062243583,
      38.90041789902071
     ],
     [
      -77.26481202006333,
      38.90041835170003
     ],
     [
      -77.2648140355299,
      38.90041901552082
     ],
     [
      -77.26481666883556,
      38.900419890483
     ],
     [
      -77.26481930227476,
      38.90042080139688
     ],
     [
      -77.2648219358475,
      38.90042174826246
     ],
     [
      -77.26482456955378,
      38.90042273107973
     ],
     [
      -77.2648272033936,
      38.90042374984869
     ],
     [
      -77.26482931509805,
      38.900424543299465
     ],
     [
      -77.26483090466711,
      38.9004251114321
     ],
     [
      -77.26483197210075,
      38.90042545424657
     ],
     [
      -77.26483251739894,
      38.900425571742915
     ],
     [
      -77.26483344802173,
      38.900425754189584
     ],
     [
      -77.26483476396909,
      38.90042600158658
     ],
     [
      -77.26483646524105,
      38.90042631393386
     ],
     [
      -77.26483855183761,
      38.900426691231424
     ],
     [
      -77.26484043891821,
      38.900426877967334
     ],
     [
      -77.26484212648283,
      38.900426874141615
     ],
     [
      -77.26484361453147,
      38.90042667975427
     ],
     [
      -77.26484490306412,
      38.900426294805314
     ],
     [
      -77.26484597600196,
      38.90042549206032
     ],
     [
      -77.26484683334502,
      38.900424271519334
     ],
     [
      -77.26484747509325,
      38.90042263318237
     ],
     [
      -77.26484790124668,
      38.90042057704939
     ],
     [
      -77.2648481030747,
      38.90041852142498
     ],
     [
      -77.26484808057731,
      38.90041646630912
     ],
     [
      -77.26484783375454,
      38.900414411701824
     ],
     [
      -77.2648473626064,
      38.900412357603095
     ],
     [
      -77.26484690091779,
      38.90041030348289
     ],
     [
      -77.26484644868866,
      38.90040824934127
     ],
     [
      -77.26484600591905,
      38.900406195178185
     ],
     [
      -77.26484557260895,
      38.90040414099366
     ],
     [
      -77.26484533350978,
      38.900402086368835
     ],
     [
      -77.26484528862154,
      38.90040003130373
     ],
     [
      -77.26484543794422,
      38.90039797579835
     ],
     [
      -77.26484578147777,
      38.900395919852684
     ],
     [
      -77.26484601424677,
      38.90039386415812
     ],
     [
      -77.26484613625125,
      38.900391808714666
     ],
     [
      -77.26484614749118,
      38.900389753522305
     ],
     [
      -77.26484604796659,
      38.90038769858108
     ],
     [
      -77.2648460519168,
      38.90038564340524
     ],
     [
      -77.26484615934186,
      38.90038358799483
     ],
     [
      -77.26484637024173,
      38.90038153234984
     ],
     [
      -77.26484668461639,
      38.90037947647026
     ],
     [
      -77.26484701220647,
      38.900377420560716
     ],
     [
      -77.26484735301197,
      38.900375364621226
     ],
     [
      -77.26484770703291,
      38.900373308651766
     ],
     [
      -77.26484807426927,
      38.900371252652334
     ],
     [
      -77.26484837485548,
      38.90036919680401
     ],
     [
      -77.26484860879154,
      38.90036714110679
     ],
     [
      -77.26484877607744,
      38.900365085560665
     ],
     [
      -77.2648488767132,
      38.900363030165636
     ],
     [
      -77.26484893444919,
      38.90036097486785
     ],
     [
      -77.2648489492854,
      38.900358919667354
     ],
     [
      -77.26484892122183,
      38.900356864564095
     ],
     [
      -77.26484885025849,
      38.90035480955809
     ],
     [
      -77.26484877157378,
      38.90035275456958
     ],
     [
      -77.26484868516775,
      38.9003506995986
     ],
     [
      -77.26484859104035,
      38.9003486446451
     ],
     [
      -77.2648484891916,
      38.900346589709116
     ],
     [
      -77.26484838949293,
      38.90034453476826
     ],
     [
      -77.26484829194428,
      38.90034247982251
     ],
     [
      -77.26484819654566,
      38.90034042487191
     ],
     [
      -77.2648481032971,
      38.900338369916405
     ],
     [
      -77.26484798399679,
      38.90033631502
     ],
     [
      -77.26484783864471,
      38.900334260182625
     ],
     [
      -77.26484766724089,
      38.90033220540433
     ],
     [
      -77.26484746978532,
      38.90033015068508
     ],
     [
      -77.26484719343532,
      38.90032809614468
     ],
     [
      -77.26484683819083,
      38.90032604178315
     ],
     [
      -77.26484640405195,
      38.90032398760048
     ],
     [
      -77.26484589101861,
      38.90032193359666
     ],
     [
      -77.26484544102252,
      38.900319879449924
     ],
     [
      -77.26484505406366,
      38.90031782516027
     ],
     [
      -77.26484473014203,
      38.90031577072773
     ],
     [
      -77.26484446925764,
      38.90031371615227
     ],
     [
      -77.26484413893101,
      38.900311661734236
     ],
     [
      -77.2648437391622,
      38.90030960747363
     ],
     [
      -77.26484326995119,
      38.90030755337043
     ],
     [
      -77.26484273129797,
      38.900305499424675
     ],
     [
      -77.26484228258943,
      38.9003037834601
     ],
     [
      -77.26484192382549,
      38.90030240547674
     ],
     [
      -77.26484165500618,
      38.90030136547455
     ],
     [
      -77.26484147613147,
      38.90030066345354
     ],
     [
      -77.26484124126166,
      38.90029979898102
     ],
     [
      -77.26484095039676,
      38.90029877205695
     ],
     [
      -77.26484060353674,
      38.900297582681354
     ],
     [
      -77.26484020068165,
      38.900296230854245
     ],
     [
      -77.26483987929323,
      38.900294703235815
     ],
     [
      -77.26483963937153,
      38.900292999826064
     ],
     [
      -77.26483948091649,
      38.900291120625006
     ],
     [
      -77.26483940392816,
      38.900289065632634
     ],
     [
      -77.26483946229301,
      38.90028733782976
     ],
     [
      -77.26483965601109,
      38.90028593721635
     ],
     [
      -77.26483998508236,
      38.900284863792436
     ],
     [
      -77.26484044950682,
      38.900284117558016
     ],
     [
      -77.26484108129527,
      38.90028322974323
     ],
     [
      -77.26484188044768,
      38.90028220034808
     ],
     [
      -77.26484284696402,
      38.900281029372586
     ],
     [
      -77.2648439808443,
      38.90027971681671
     ],
     [
      -77.26484520337115,
      38.90027854168828
     ],
     [
      -77.2648465145446,
      38.90027750398726
     ],
     [
      -77.2648479143646,
      38.90027660371371
     ],
     [
      -77.26484940283119,
      38.90027584086754
     ],
     [
      -77.26485117595712,
      38.90027507022361
     ],
     [
      -77.26485323374241,
      38.900274291781805
     ],
     [
      -77.26485557618703,
      38.90027350554216
     ],
     [
      -77.26485820329098,
      38.90027271150464
     ],
     [
      -77.26486042894435,
      38.90027198849416
     ],
     [
      -77.26486225314714,
      38.90027133651075
     ],
     [
      -77.2648636758994,
      38.90027075555441
     ],
     [
      -77.26486469720113,
      38.90027024562516
     ],
     [
      -77.26486586402295,
      38.900269629216744
     ],
     [
      -77.26486717636482,
      38.90026890632916
     ],
     [
      -77.26486863422677,
      38.900268076962405
     ],
     [
      -77.26487023760878,
      38.90026714111645
     ],
     [
      -77.26487144014524,
      38.90026643923198
     ],
     [
      -77.26487224183622,
      38.90026597130898
     ],
     [
      -77.2648726426817,
      38.90026573734749
     ]
    ]
   },
   "properties": {
    "id": "ct-1",
    "kind": "Contour",
    "sourceId": "contours",
    "reliabilityLevel": 1,
    "revision": 1,
    "engineeringGeometry": {
     "crs": "EPSG:2248",
     "crsName": "NAD83 / Maryland State Plane (US survey feet)",
     "datum": "NAD83",
     "unit": "usSurveyFoot",
     "coordinates": [
      [
       1236953.0413177675,
       449558.1378166133,
       362
      ],
      [
       1236953.1320841617,
       449558.0415640414,
       362
      ],
      [
       1236953.3136169505,
       449557.84905889764,
       362
      ],
      [
       1236953.5859161336,
       449557.56030118203,
       362
      ],
      [
       1236953.948981711,
       449557.1752908946,
       362
      ],
      [
       1236954.3176360517,
       449556.77364394715,
       362
      ],
      [
       1236954.6918791556,
       449556.35536033986,
       362
      ],
      [
       1236955.0717110226,
       449555.92044007266,
       362
      ],
      [
       1236955.4571316529,
       449555.4688831456,
       362
      ],
      [
       1236955.8220168366,
       449555.0559831301,
       362
      ],
      [
       1236956.1663665744,
       449554.6817400263,
       362
      ],
      [
       1236956.4901808654,
       449554.3461538341,
       362
      ],
      [
       1236956.7934597102,
       449554.0492245535,
       362
      ],
      [
       1236957.1322206846,
       449553.7144396302,
       362
      ],
      [
       1236957.5064637884,
       449553.3417990641,
       362
      ],
      [
       1236957.916189022,
       449552.9313028552,
       362
      ],
      [
       1236958.3613963844,
       449552.4829510036,
       362
      ],
      [
       1236958.813124207,
       449552.0716535258,
       362
      ],
      [
       1236959.2713724894,
       449551.697410422,
       362
      ],
      [
       1236959.7361412314,
       449551.3602216921,
       362
      ],
      [
       1236960.2074304328,
       449551.060087336,
       362
      ],
      [
       1236960.6301965853,
       449550.7862988929,
       362
      ],
      [
       1236961.0044396892,
       449550.5388563628,
       362
      ],
      [
       1236961.3301597442,
       449550.31775974564,
       362
      ],
      [
       1236961.6073567504,
       449550.12300904136,
       362
      ],
      [
       1236962.002376057,
       449549.8912574231,
       362
      ],
      [
       1236962.5152176637,
       449549.62250489084,
       362
      ],
      [
       1236963.145881571,
       449549.3167514446,
       362
      ],
      [
       1236963.8943677784,
       449548.9739970843,
       362
      ],
      [
       1236964.642853986,
       449548.6674067101,
       362
      ],
      [
       1236965.3913401938,
       449548.39698032197,
       362
      ],
      [
       1236966.1398264016,
       449548.1627179198,
       362
      ],
      [
       1236966.8883126094,
       449547.9646195037,
       362
      ],
      [
       1236967.4558516946,
       449547.8128250098,
       362
      ],
      [
       1236967.842443657,
       449547.7073344382,
       362
      ],
      [
       1236968.0480884968,
       449547.64814778895,
       362
      ],
      [
       1236968.072786214,
       449547.63526506186,
       362
      ],
      [
       1236968.227549381,
       449547.4384814647,
       362
      ],
      [
       1236968.5123779974,
       449547.05779699737,
       362
      ],
      [
       1236968.9272720632,
       449546.4932116599,
       362
      ],
      [
       1236969.4722315785,
       449545.7447254522,
       362
      ],
      [
       1236969.9256584588,
       449545.13883891655,
       362
      ],
      [
       1236970.287552704,
       449544.675552053,
       362
      ],
      [
       1236970.557914314,
       449544.35486486147,
       362
      ],
      [
       1236970.736743289,
       449544.176777342,
       362
      ],
      [
       1236971.0579865724,
       449543.9141686731,
       362
      ],
      [
       1236971.5216441634,
       449543.5670388546,
       362
      ],
      [
       1236972.127716063,
       449543.1353878868,
       362
      ],
      [
       1236972.8762022709,
       449542.61921576946,
       362
      ],
      [
       1236973.443685298,
       449542.2185300387,
       362
      ],
      [
       1236973.830165145,
       449541.9333306947,
       362
      ],
      [
       1236974.0356418113,
       449541.76361773716,
       362
      ],
      [
       1236974.060115297,
       449541.7093911663,
       362
      ],
      [
       1236974.1272808865,
       449541.4815996862,
       362
      ],
      [
       1236974.2371385794,
       449541.080243297,
       362
      ],
      [
       1236974.3896883759,
       449540.5053219985,
       362
      ],
      [
       1236974.5849302756,
       449539.75683579076,
       362
      ],
      [
       1236974.7821856984,
       449539.0083495831,
       362
      ],
      [
       1236974.9814546441,
       449538.25986337545,
       362
      ],
      [
       1236975.1827371127,
       449537.5113771678,
       362
      ],
      [
       1236975.386033104,
       449536.76289096015,
       362
      ],
      [
       1236975.6198738054,
       449536.0197019365,
       362
      ],
      [
       1236975.8842592163,
       449535.2818100967,
       362
      ],
      [
       1236976.179189337,
       449534.54921544105,
       362
      ],
      [
       1236976.5046641673,
       449533.8219179694,
       362
      ],
      [
       1236976.7517837235,
       449533.2711476816,
       362
      ],
      [
       1236976.9205480055,
       449532.8969045778,
       362
      ],
      [
       1236977.0109570138,
       449532.69918865786,
       362
      ],
      [
       1236977.0230107477,
       449532.6779999219,
       362
      ],
      [
       1236977.1817759697,
       449532.47498681804,
       362
      ],
      [
       1236977.4872526794,
       449532.0901493462,
       362
      ],
      [
       1236977.9394408772,
       449531.5234875065,
       362
      ],
      [
       1236978.5383405625,
       449530.77500129875,
       362
      ],
      [
       1236979.021898524,
       449530.17768844706,
       362
      ],
      [
       1236979.3901147605,
       449529.7315489514,
       362
      ],
      [
       1236979.6429892732,
       449529.43658281176,
       362
      ],
      [
       1236979.7805220615,
       449529.29279002815,
       362
      ],
      [
       1236980.0262530758,
       449529.0337720844,
       362
      ],
      [
       1236980.3801823165,
       449528.6595289806,
       362
      ],
      [
       1236980.8423097837,
       449528.1700607167,
       362
      ],
      [
       1236981.4126354768,
       449527.5653672926,
       362
      ],
      [
       1236981.8849198753,
       449527.0670193072,
       362
      ],
      [
       1236982.2591629792,
       449526.67501676036,
       362
      ],
      [
       1236982.5353647883,
       449526.38935965206,
       362
      ],
      [
       1236982.7135253027,
       449526.2100479823,
       362
      ],
      [
       1236983.01790001,
       449525.9332705955,
       362
      ],
      [
       1236983.4484889111,
       449525.5590274917,
       362
      ],
      [
       1236984.0052920054,
       449525.0873186708,
       362
      ],
      [
       1236984.6883092928,
       449524.5181441328,
       362
      ],
      [
       1236985.2169394884,
       449524.06861396664,
       362
      ],
      [
       1236985.5911825923,
       449523.7387281722,
       362
      ],
      [
       1236985.8110386045,
       449523.52848674956,
       362
      ],
      [
       1236985.8765075244,
       449523.4378896987,
       362
      ],
      [
       1236986.0563192149,
       449523.20546962135,
       362
      ],
      [
       1236986.350473675,
       449522.83122651756,
       362
      ],
      [
       1236986.7589709053,
       449522.31516038725,
       362
      ],
      [
       1236987.2818109053,
       449521.6572712305,
       362
      ],
      [
       1236987.7303524574,
       449521.06812336005,
       362
      ],
      [
       1236988.104595561,
       449520.54771677597,
       362
      ],
      [
       1236988.4045402168,
       449520.0960514783,
       362
      ],
      [
       1236988.6301864244,
       449519.7131274671,
       362
      ],
      [
       1236988.8851291533,
       449519.3345439095,
       362
      ],
      [
       1236989.169368404,
       449518.96030080563,
       362
      ],
      [
       1236989.4829041758,
       449518.5903981555,
       362
      ],
      [
       1236989.8257364696,
       449518.2248359592,
       362
      ],
      [
       1236990.1732079652,
       449517.76354276,
       362
      ],
      [
       1236990.5253186626,
       449517.20651855797,
       362
      ],
      [
       1236990.8820685626,
       449516.5537633531,
       362
      ],
      [
       1236991.2434576643,
       449515.8052771454,
       362
      ],
      [
       1236991.338444142,
       449515.08293497475,
       362
      ],
      [
       1236991.167027995,
       449514.3867368411,
       362
      ],
      [
       1236990.729209224,
       449513.7166827445,
       362
      ],
      [
       1236990.0249878287,
       449513.0727726849,
       362
      ],
      [
       1236989.3097002301,
       449512.63180924323,
       362
      ],
      [
       1236988.5833464288,
       449512.39379241935,
       362
      ],
      [
       1236987.845926424,
       449512.3587222134,
       362
      ],
      [
       1236987.0974402167,
       449512.52659862535,
       362
      ],
      [
       1236986.348954009,
       449512.75718365156,
       362
      ],
      [
       1236985.600467801,
       449513.05047729216,
       362
      ],
      [
       1236984.8519815933,
       449513.406479547,
       362
      ],
      [
       1236984.103495386,
       449513.82519041613,
       362
      ],
      [
       1236983.3550091782,
       449514.142464855,
       362
      ],
      [
       1236982.6065229704,
       449514.3583028636,
       362
      ],
      [
       1236981.8580367626,
       449514.47270444187,
       362
      ],
      [
       1236981.1095505552,
       449514.4856695899,
       362
      ],
      [
       1236980.3610643474,
       449514.43797053036,
       362
      ],
      [
       1236979.6125781399,
       449514.3296072632,
       362
      ],
      [
       1236978.8640919323,
       449514.1605797886,
       362
      ],
      [
       1236978.1156057245,
       449513.9308881064,
       362
      ],
      [
       1236977.37444992,
       449513.64001012105,
       362
      ],
      [
       1236976.6406245185,
       449513.2879458325,
       362
      ],
      [
       1236975.9141295205,
       449512.87469524064,
       362
      ],
      [
       1236975.1949649258,
       449512.4002583457,
       362
      ],
      [
       1236974.6482610763,
       449512.0252677359,
       362
      ],
      [
       1236974.2740179724,
       449511.7497234113,
       362
      ],
      [
       1236974.072235614,
       449511.57362537185,
       362
      ],
      [
       1236974.0429140015,
       449511.4969736177,
       362
      ],
      [
       1236973.9162737587,
       449511.2715261887,
       362
      ],
      [
       1236973.6923148856,
       449510.8972830848,
       362
      ],
      [
       1236973.3710373824,
       449510.3742443061,
       362
      ],
      [
       1236972.9524412493,
       449509.7024098527,
       362
      ],
      [
       1236972.5560216308,
       449509.11461472604,
       362
      ],
      [
       1236972.1817785269,
       449508.6108589261,
       362
      ],
      [
       1236971.8297119378,
       449508.19114245306,
       362
      ],
      [
       1236971.4998218631,
       449507.8554653068,
       362
      ],
      [
       1236971.167572426,
       449507.50050518167,
       362
      ],
      [
       1236970.8329636254,
       449507.1262620779,
       362
      ],
      [
       1236970.4959954622,
       449506.73273599526,
       362
      ],
      [
       1236970.1566679364,
       449506.31992693385,
       362
      ],
      [
       1236969.8292022683,
       449505.8231985859,
       362
      ],
      [
       1236969.513598458,
       449505.24255095137,
       362
      ],
      [
       1236969.2098565055,
       449504.5779840303,
       362
      ],
      [
       1236968.917976411,
       449503.8294978227,
       362
      ],
      [
       1236968.6697466935,
       449503.19435997726,
       362
      ],
      [
       1236968.4651673527,
       449502.6725704941,
       362
      ],
      [
       1236968.3042383888,
       449502.26412937324,
       362
      ],
      [
       1236968.1869598017,
       449501.96903661464,
       362
      ],
      [
       1236968.0467553216,
       449501.63436868344,
       362
      ],
      [
       1236967.8836249486,
       449501.2601255796,
       362
      ],
      [
       1236967.6975686823,
       449500.8463073031,
       362
      ],
      [
       1236967.4885865233,
       449500.3929138541,
       362
      ],
      [
       1236967.2587122296,
       449499.86574721534,
       362
      ],
      [
       1236967.007945801,
       449499.26480738696,
       362
      ],
      [
       1236966.7362872378,
       449498.59009436896,
       362
      ],
      [
       1236966.4437365404,
       449497.8416081613,
       362
      ],
      [
       1236966.1625851793,
       449497.1081785229,
       362
      ],
      [
       1236965.8928331549,
       449496.38980545383,
       362
      ],
      [
       1236965.6344804673,
       449495.686488954,
       362
      ],
      [
       1236965.3875271163,
       449494.9982290235,
       362
      ],
      [
       1236965.1977770221,
       449494.4669775063,
       362
      ],
      [
       1236965.0652301842,
       449494.0927344025,
       362
      ],
      [
       1236964.9898866033,
       449493.87549971195,
       362
      ],
      [
       1236964.971746279,
       449493.81527343486,
       362
      ],
      [
       1236964.8915706547,
       449493.58298217505,
       362
      ],
      [
       1236964.7493597302,
       449493.17862593266,
       362
      ],
      [
       1236964.5451135063,
       449492.6022047077,
       362
      ],
      [
       1236964.278831982,
       449491.8537184999,
       362
      ],
      [
       1236964.0367319188,
       449491.1052322922,
       362
      ],
      [
       1236963.8188133156,
       449490.35674608464,
       362
      ],
      [
       1236963.6250761733,
       449489.60825987696,
       362
      ],
      [
       1236963.455520491,
       449488.8597736693,
       362
      ],
      [
       1236963.3393281535,
       449488.1112874616,
       362
      ],
      [
       1236963.2764991596,
       449487.36280125397,
       362
      ],
      [
       1236963.2670335104,
       449486.6143150463,
       362
      ],
      [
       1236963.3109312048,
       449485.8658288386,
       362
      ],
      [
       1236963.3047437016,
       449485.1173426309,
       362
      ],
      [
       1236963.2484710002,
       449484.3688564233,
       362
      ],
      [
       1236963.1421131007,
       449483.6203702156,
       362
      ],
      [
       1236962.985670003,
       449482.8718840079,
       362
      ],
      [
       1236962.8228468613,
       449482.193263651,
       362
      ],
      [
       1236962.6536436754,
       449481.584509145,
       362
      ],
      [
       1236962.4780604453,
       449481.04562048975,
       362
      ],
      [
       1236962.296097171,
       449480.57659768534,
       362
      ],
      [
       1236962.1350832176,
       449480.15496473125,
       362
      ],
      [
       1236961.9950185847,
       449479.7807216274,
       362
      ],
      [
       1236961.8759032728,
       449479.4538683738,
       362
      ],
      [
       1236961.7777372815,
       449479.1744049706,
       362
      ],
      [
       1236961.6832847674,
       449478.7776858662,
       362
      ],
      [
       1236961.59254573,
       449478.26371106075,
       362
      ],
      [
       1236961.50552017,
       449477.63248055417,
       362
      ],
      [
       1236961.4222080866,
       449476.8839943466,
       362
      ],
      [
       1236961.3843490824,
       449476.1355081389,
       362
      ],
      [
       1236961.391943157,
       449475.3870219311,
       362
      ],
      [
       1236961.4449903104,
       449474.6385357235,
       362
      ],
      [
       1236961.5434905423,
       449473.8900495159,
       362
      ],
      [
       1236961.592029209,
       449473.1415633082,
       362
      ],
      [
       1236961.5906063102,
       449472.39307710057,
       362
      ],
      [
       1236961.5392218458,
       449471.6445908929,
       362
      ],
      [
       1236961.4378758164,
       449470.89610468515,
       362
      ],
      [
       1236961.356933969,
       449470.14761847747,
       362
      ],
      [
       1236961.2963963046,
       449469.39913226984,
       362
      ],
      [
       1236961.2562628225,
       449468.65064606216,
       362
      ],
      [
       1236961.236533523,
       449467.9021598545,
       362
      ],
      [
       1236961.2376798445,
       449467.1536736468,
       362
      ],
      [
       1236961.2597017866,
       449466.4051874392,
       362
      ],
      [
       1236961.302599349,
       449465.6567012315,
       362
      ],
      [
       1236961.3663725327,
       449464.9082150238,
       362
      ],
      [
       1236961.4327986022,
       449464.1597288161,
       362
      ],
      [
       1236961.5018775575,
       449463.41124260856,
       362
      ],
      [
       1236961.5736093994,
       449462.6627564009,
       362
      ],
      [
       1236961.6479941274,
       449461.9142701932,
       362
      ],
      [
       1236961.7202564883,
       449461.2982653996,
       362
      ],
      [
       1236961.7903964825,
       449460.8147420201,
       362
      ],
      [
       1236961.8584141093,
       449460.4637000546,
       362
      ],
      [
       1236961.9243093694,
       449460.24513950327,
       362
      ],
      [
       1236962.0081304219,
       449459.9487376757,
       362
      ],
      [
       1236962.109877267,
       449459.5744945718,
       362
      ],
      [
       1236962.2295499041,
       449459.1224101917,
       362
      ],
      [
       1236962.367148334,
       449458.5924845354,
       362
      ],
      [
       1236962.559187346,
       449458.00791874126,
       362
      ],
      [
       1236962.80566694,
       449457.3687128093,
       362
      ],
      [
       1236963.1065871164,
       449456.6748667395,
       362
      ],
      [
       1236963.4619478749,
       449455.9263805318,
       362
      ],
      [
       1236963.7923501986,
       449455.2009544994,
       362
      ],
      [
       1236964.0977940876,
       449454.4985886424,
       362
      ],
      [
       1236964.3782795419,
       449453.8192829606,
       362
      ],
      [
       1236964.633806561,
       449453.1630374541,
       362
      ],
      [
       1236964.8349001836,
       449452.647793149,
       362
      ],
      [
       1236964.9815604098,
       449452.2735500452,
       362
      ],
      [
       1236965.073787239,
       449452.0403081427,
       362
      ],
      [
       1236965.1115806717,
       449451.9480674414,
       362
      ],
      [
       1236965.2637457964,
       449451.69176536356,
       362
      ],
      [
       1236965.5302826134,
       449451.2714019092,
       362
      ],
      [
       1236965.9111911224,
       449450.6869770781,
       362
      ],
      [
       1236966.4064713237,
       449449.93849087047,
       362
      ],
      [
       1236966.831784618,
       449449.29755339166,
       362
      ],
      [
       1236967.1871310056,
       449448.7641646416,
       362
      ],
      [
       1236967.4725104864,
       449448.3383246205,
       362
      ],
      [
       1236967.6879230603,
       449448.02003332815,
       362
      ],
      [
       1236967.9287310531,
       449447.67376613006,
       362
      ],
      [
       1236968.1949344645,
       449447.2995230263,
       362
      ],
      [
       1236968.4865332954,
       449446.8973040167,
       362
      ],
      [
       1236968.8035275447,
       449446.4671091013,
       362
      ],
      [
       1236969.1491462216,
       449445.9952791584,
       362
      ],
      [
       1236969.5233893255,
       449445.4818141879,
       362
      ],
      [
       1236969.9262568564,
       449444.9267141898,
       362
      ],
      [
       1236970.3577488144,
       449444.3299791642,
       362
      ],
      [
       1236970.7023691589,
       449443.8444900994,
       362
      ],
      [
       1236970.96011789,
       449443.4702469956,
       362
      ],
      [
       1236971.1309950075,
       449443.20724985265,
       362
      ],
      [
       1236971.2150005116,
       449443.0554986706,
       362
      ],
      [
       1236971.3994120625,
       449442.7545637322,
       362
      ],
      [
       1236971.68422966,
       449442.3044450373,
       362
      ],
      [
       1236972.0694533046,
       449441.7051425861,
       362
      ],
      [
       1236972.5550829961,
       449440.95665637834,
       362
      ],
      [
       1236972.9640180178,
       449440.3295125175,
       362
      ],
      [
       1236973.2962583695,
       449439.8237110036,
       362
      ],
      [
       1236973.5518040515,
       449439.43925183645,
       362
      ],
      [
       1236973.730655064,
       449439.17613501614,
       362
      ],
      [
       1236973.945379483,
       449438.85745505407,
       362
      ],
      [
       1236974.1959773088,
       449438.4832119502,
       362
      ],
      [
       1236974.4824485413,
       449438.0534057046,
       362
      ],
      [
       1236974.8047931802,
       449437.56803631724,
       362
      ],
      [
       1236975.1530870516,
       449437.0473963822,
       362
      ],
      [
       1236975.5273301555,
       449436.4914858995,
       362
      ],
      [
       1236975.9275224917,
       449435.9003048691,
       362
      ],
      [
       1236976.3536640601,
       449435.27385329106,
       362
      ],
      [
       1236976.6936279694,
       449434.7735059501,
       362
      ],
      [
       1236976.9474142194,
       449434.3992628463,
       362
      ],
      [
       1236977.1150228106,
       449434.15112397954,
       362
      ],
      [
       1236977.1964537425,
       449434.0290893499,
       362
      ],
      [
       1236977.3628920438,
       449433.75044182583,
       362
      ],
      [
       1236977.614337714,
       449433.3151814072,
       362
      ],
      [
       1236977.9507907536,
       449432.7233080941,
       362
      ],
      [
       1236978.3722511628,
       449431.9748218864,
       362
      ],
      [
       1236978.749745186,
       449431.2428367324,
       362
      ],
      [
       1236979.083272824,
       449430.52735263226,
       362
      ],
      [
       1236979.3728340764,
       449429.82836958574,
       362
      ],
      [
       1236979.6184289432,
       449429.1458875929,
       362
      ],
      [
       1236979.8106005457,
       449428.6175250446,
       362
      ],
      [
       1236979.9493488835,
       449428.24328194075,
       362
      ],
      [
       1236980.034673957,
       449428.0231582814,
       362
      ],
      [
       1236980.0665757658,
       449427.95715406653,
       362
      ],
      [
       1236980.12656803,
       449427.7205293534,
       362
      ],
      [
       1236980.2146507502,
       449427.3132841422,
       362
      ],
      [
       1236980.3308239253,
       449426.7354184327,
       362
      ],
      [
       1236980.475087556,
       449425.986932225,
       362
      ],
      [
       1236980.5392439193,
       449425.3538579978,
       362
      ],
      [
       1236980.5232930146,
       449424.83619575115,
       362
      ],
      [
       1236980.4272348427,
       449424.4339454849,
       362
      ],
      [
       1236980.251069403,
       449424.1471071992,
       362
      ],
      [
       1236979.9318237714,
       449423.9111488003,
       362
      ],
      [
       1236979.469497948,
       449423.7260702881,
       362
      ],
      [
       1236978.8640919323,
       449423.5918716626,
       362
      ],
      [
       1236978.1156057245,
       449423.5085529239,
       362
      ],
      [
       1236977.3671195167,
       449423.485873571,
       362
      ],
      [
       1236976.618633309,
       449423.52383360406,
       362
      ],
      [
       1236975.8701471013,
       449423.622433023,
       362
      ],
      [
       1236975.121660894,
       449423.7816718278,
       362
      ],
      [
       1236974.3846889273,
       449423.9538304863,
       362
      ],
      [
       1236973.6592312013,
       449424.1389089986,
       362
      ],
      [
       1236972.9452877163,
       449424.3369073645,
       362
      ],
      [
       1236972.2428584723,
       449424.5478255841,
       362
      ],
      [
       1236971.7045222984,
       449424.70881524315,
       362
      ],
      [
       1236971.3302791945,
       449424.8198763416,
       362
      ],
      [
       1236971.1201291608,
       449424.8810088795,
       362
      ],
      [
       1236971.074072197,
       449424.8922128568,
       362
      ],
      [
       1236970.8524079225,
       449424.9808240404,
       362
      ],
      [
       1236970.4551363366,
       449425.14684243046,
       362
      ],
      [
       1236969.88225744,
       449425.3902680268,
       362
      ],
      [
       1236969.1337712326,
       449425.7111008294,
       362
      ],
      [
       1236968.385285025,
       449426.0450272744,
       362
      ],
      [
       1236967.6367988172,
       449426.3920473618,
       362
      ],
      [
       1236966.8883126094,
       449426.75216109154,
       362
      ],
      [
       1236966.1398264016,
       449427.1253684636,
       362
      ],
      [
       1236965.5396962774,
       449427.4160845065,
       362
      ],
      [
       1236965.0879222366,
       449427.62430922035,
       362
      ],
      [
       1236964.7845042795,
       449427.7500426051,
       362
      ],
      [
       1236964.629442406,
       449427.7932846608,
       362
      ],
      [
       1236964.3647899171,
       449427.86049957754,
       362
      ],
      [
       1236963.9905468132,
       449427.95168735535,
       362
      ],
      [
       1236963.5067130942,
       449428.0668479943,
       362
      ],
      [
       1236962.9132887605,
       449428.20598149433,
       362
      ],
      [
       1236962.3764431863,
       449428.27554824436,
       362
      ],
      [
       1236961.8961763722,
       449428.2755482443,
       362
      ],
      [
       1236961.4724883179,
       449428.2059814943,
       362
      ],
      [
       1236961.1053790234,
       449428.0668479942,
       362
      ],
      [
       1236960.7991842406,
       449427.77537631727,
       362
      ],
      [
       1236960.5539039697,
       449427.33156646346,
       362
      ],
      [
       1236960.3695382106,
       449426.7354184327,
       362
      ],
      [
       1236960.2460869632,
       449425.986932225,
       362
      ],
      [
       1236960.1864768593,
       449425.2384460173,
       362
      ],
      [
       1236960.1907078992,
       449424.4899598097,
       362
      ],
      [
       1236960.2587800822,
       449423.741473602,
       362
      ],
      [
       1236960.3906934094,
       449422.9929873943,
       362
      ],
      [
       1236960.5199146466,
       449422.2445011866,
       362
      ],
      [
       1236960.6464437945,
       449421.49601497897,
       362
      ],
      [
       1236960.7702808527,
       449420.7475287713,
       362
      ],
      [
       1236960.8914258212,
       449419.99904256366,
       362
      ],
      [
       1236960.9572999636,
       449419.25055635604,
       362
      ],
      [
       1236960.9679032797,
       449418.50207014824,
       362
      ],
      [
       1236960.9232357696,
       449417.7535839406,
       362
      ],
      [
       1236960.8232974333,
       449417.005097733,
       362
      ],
      [
       1236960.7548817738,
       449416.2566115253,
       362
      ],
      [
       1236960.7179887914,
       449415.5081253177,
       362
      ],
      [
       1236960.7126184858,
       449414.75963911,
       362
      ],
      [
       1236960.7387708568,
       449414.01115290227,
       362
      ],
      [
       1236960.7354751402,
       449413.2626666946,
       362
      ],
      [
       1236960.7027313358,
       449412.51418048696,
       362
      ],
      [
       1236960.6405394431,
       449411.7656942793,
       362
      ],
      [
       1236960.548899463,
       449411.0172080716,
       362
      ],
      [
       1236960.4534984743,
       449410.2687218639,
       362
      ],
      [
       1236960.3543364778,
       449409.52023565624,
       362
      ],
      [
       1236960.2514134732,
       449408.77174944856,
       362
      ],
      [
       1236960.1447294606,
       449408.0232632409,
       362
      ],
      [
       1236960.0570135359,
       449407.2747770332,
       362
      ],
      [
       1236959.9882656992,
       449406.52629082557,
       362
      ],
      [
       1236959.9384859505,
       449405.7778046179,
       362
      ],
      [
       1236959.90767429,
       449405.0293184102,
       362
      ],
      [
       1236959.889071559,
       449404.2808322025,
       362
      ],
      [
       1236959.8826777583,
       449403.53234599496,
       362
      ],
      [
       1236959.8884928874,
       449402.7838597873,
       362
      ],
      [
       1236959.9065169464,
       449402.0353735796,
       362
      ],
      [
       1236959.9267384405,
       449401.2868873719,
       362
      ],
      [
       1236959.9491573703,
       449400.5384011643,
       362
      ],
      [
       1236959.9737737349,
       449399.7899149566,
       362
      ],
      [
       1236960.0005875349,
       449399.0414287489,
       362
      ],
      [
       1236960.0267894513,
       449398.29294254124,
       362
      ],
      [
       1236960.0523794843,
       449397.54445633356,
       362
      ],
      [
       1236960.0773576337,
       449396.7959701259,
       362
      ],
      [
       1236960.1017238996,
       449396.0474839182,
       362
      ],
      [
       1236960.1335042883,
       449395.2989977105,
       362
      ],
      [
       1236960.1726987995,
       449394.5505115029,
       362
      ],
      [
       1236960.2193074333,
       449393.8020252952,
       362
      ],
      [
       1236960.27333019,
       449393.0535390875,
       362
      ],
      [
       1236960.3498056838,
       449392.3050528798,
       362
      ],
      [
       1236960.4487339153,
       449391.55656667217,
       362
      ],
      [
       1236960.570114884,
       449390.8080804645,
       362
      ],
      [
       1236960.7139485897,
       449390.05959425686,
       362
      ],
      [
       1236960.8398424042,
       449389.31110804924,
       362
      ],
      [
       1236960.947796327,
       449388.56262184144,
       362
      ],
      [
       1236961.0378103582,
       449387.8141356338,
       362
      ],
      [
       1236961.109884498,
       449387.0656494262,
       362
      ],
      [
       1236961.2017213474,
       449386.3171632185,
       362
      ],
      [
       1236961.3133209068,
       449385.5686770109,
       362
      ],
      [
       1236961.4446831762,
       449384.8201908032,
       362
      ],
      [
       1236961.5958081554,
       449384.07170459547,
       362
      ],
      [
       1236961.7216929295,
       449383.4463844827,
       362
      ],
      [
       1236961.8223374987,
       449382.94423046504,
       362
      ],
      [
       1236961.8977418626,
       449382.56524254224,
       362
      ],
      [
       1236961.9479060213,
       449382.3094207144,
       362
      ],
      [
       1236962.01383417,
       449381.9943882486,
       362
      ],
      [
       1236962.0955263085,
       449381.62014514476,
       362
      ],
      [
       1236962.192982437,
       449381.1866914029,
       362
      ],
      [
       1236962.3062025555,
       449380.6940270231,
       362
      ],
      [
       1236962.3960523503,
       449380.13740718627,
       362
      ],
      [
       1236962.4625318218,
       449379.51683189254,
       362
      ],
      [
       1236962.5056409696,
       449378.8323011418,
       362
      ],
      [
       1236962.5253797937,
       449378.0838149341,
       362
      ],
      [
       1236962.5069441763,
       449377.4546020019,
       362
      ],
      [
       1236962.4503341168,
       449376.944662345,
       362
      ],
      [
       1236962.355549616,
       449376.55399596354,
       362
      ],
      [
       1236962.2225906735,
       449376.2826028575,
       362
      ],
      [
       1236962.0418520505,
       449375.9597847526,
       362
      ],
      [
       1236961.8133337465,
       449375.5855416488,
       362
      ],
      [
       1236961.5370357623,
       449375.15987354604,
       362
      ],
      [
       1236961.2129580975,
       449374.6827804444,
       362
      ],
      [
       1236960.863797713,
       449374.2558112376,
       362
      ],
      [
       1236960.4895546092,
       449373.87896592583,
       362
      ],
      [
       1236960.090228786,
       449373.5522445089,
       362
      ],
      [
       1236959.6658202433,
       449373.2756469868,
       362
      ],
      [
       1236959.1603922842,
       449372.99644456076,
       362
      ],
      [
       1236958.5739449088,
       449372.71463723085,
       362
      ],
      [
       1236957.9064781172,
       449372.43022499693,
       362
      ],
      [
       1236957.15799191,
       449372.1432078591,
       362
      ],
      [
       1236956.52382951,
       449371.88172711874,
       362
      ],
      [
       1236956.003990918,
       449371.64578277594,
       362
      ],
      [
       1236955.598476134,
       449371.4353748307,
       362
      ],
      [
       1236955.307285158,
       449371.25050328294,
       362
      ],
      [
       1236954.9745681179,
       449371.0269724735,
       362
      ],
      [
       1236954.6003250142,
       449370.7647824022,
       362
      ],
      [
       1236954.1845558465,
       449370.46393306926,
       362
      ],
      [
       1236953.7272606147,
       449370.12442447466,
       362
      ],
      [
       1236953.384289191,
       449369.8697930286,
       362
      ],
      [
       1236953.1556415753,
       449369.70003873133,
       362
      ],
      [
       1236953.0413177675,
       449369.61516158265,
       362
      ]
     ]
    },
    "elevationFt": 362,
    "weight": "intermediate",
    "hidden": false
   }
  },
  {
   "type": "Feature",
   "geometry": {
    "type": "LineString",
    "coordinates": [
     [
      -77.26473898710614,
      38.900261548480614
     ],
     [
      -77.2647392028694,
      38.900262061783394
     ],
     [
      -77.26473963439591,
      38.90026308838894
     ],
     [
      -77.26474028168569,
      38.90026462829728
     ],
     [
      -77.26474114473878,
      38.90026668150838
     ],
     [
      -77.26474204210857,
      38.900268650346796
     ],
     [
      -77.26474297379502,
      38.900270534812506
     ],
     [
      -77.26474393979815,
      38.90027233490554
     ],
     [
      -77.26474494011796,
      38.90027405062589
     ],
     [
      -77.26474573665968,
      38.90027542160613
     ],
     [
      -77.26474632942329,
      38.900276447846245
     ],
     [
      -77.26474671840876,
      38.90027712934628
     ],
     [
      -77.26474690361609,
      38.90027746610623
     ],
     [
      -77.26474733133568,
      38.90027823181341
     ],
     [
      -77.2647480015676,
      38.90027942646779
     ],
     [
      -77.26474891431181,
      38.90028105006941
     ],
     [
      -77.2647500695684,
      38.90028310261824
     ],
     [
      -77.26475114210436,
      38.90028515535452
     ],
     [
      -77.26475213191968,
      38.900287208278264
     ],
     [
      -77.26475303901435,
      38.90028926138945
     ],
     [
      -77.2647538633884,
      38.90029131468809
     ],
     [
      -77.2647546032335,
      38.90029316148959
     ],
     [
      -77.26475525854966,
      38.90029480179385
     ],
     [
      -77.26475582933686,
      38.90029623560095
     ],
     [
      -77.26475631559508,
      38.90029746291087
     ],
     [
      -77.26475675707086,
      38.900298589908026
     ],
     [
      -77.26475715376418,
      38.90029961659246
     ],
     [
      -77.26475750567505,
      38.900300542964146
     ],
     [
      -77.26475781280345,
      38.90030136902308
     ],
     [
      -77.26475831549402,
      38.900302501741805
     ],
     [
      -77.26475901374675,
      38.90030394112029
     ],
     [
      -77.26475990756168,
      38.90030568715856
     ],
     [
      -77.26476099693882,
      38.900307739856565
     ],
     [
      -77.26476183671377,
      38.900309793120265
     ],
     [
      -77.26476242688653,
      38.900311846949634
     ],
     [
      -77.26476276745707,
      38.90031390134468
     ],
     [
      -77.26476285842536,
      38.90031595630539
     ],
     [
      -77.2647628461094,
      38.900318011500204
     ],
     [
      -77.26476273050919,
      38.900320066929076
     ],
     [
      -77.26476251162471,
      38.90032212259204
     ],
     [
      -77.26476218945595,
      38.900324178489065
     ],
     [
      -77.26476180136798,
      38.90032623453549
     ],
     [
      -77.26476134736076,
      38.9003282907313
     ],
     [
      -77.26476082743433,
      38.90033034707651
     ],
     [
      -77.26476024158865,
      38.900332403571106
     ],
     [
      -77.2647597783423,
      38.90033445978786
     ],
     [
      -77.26475943769526,
      38.90033651572674
     ],
     [
      -77.26475921964759,
      38.9003385713878
     ],
     [
      -77.26475912419926,
      38.90034062677099
     ],
     [
      -77.26475918520865,
      38.9003426817996
     ],
     [
      -77.26475940267581,
      38.900344736473635
     ],
     [
      -77.26475977660071,
      38.90034679079309
     ],
     [
      -77.26476030698338,
      38.900348844757964
     ],
     [
      -77.26476097259906,
      38.900350898416335
     ],
     [
      -77.26476177344777,
      38.900352951768234
     ],
     [
      -77.26476270952952,
      38.90035500481364
     ],
     [
      -77.26476378084429,
      38.900357057552554
     ],
     [
      -77.26476450010594,
      38.900359111089315
     ],
     [
      -77.26476486731443,
      38.90036116542397
     ],
     [
      -77.26476488246972,
      38.9003632205565
     ],
     [
      -77.26476454557178,
      38.900365276486895
     ],
     [
      -77.26476387212124,
      38.90036692797438
     ],
     [
      -77.26476286211806,
      38.900368175018905
     ],
     [
      -77.26476151556227,
      38.9003690176205
     ],
     [
      -77.26475983245388,
      38.90036945577912
     ],
     [
      -77.2647579125295,
      38.90036976308106
     ],
     [
      -77.26475575578921,
      38.900369939526236
     ],
     [
      -77.26475336223297,
      38.90036998511469
     ],
     [
      -77.26475073186081,
      38.90036989984638
     ],
     [
      -77.26474837595394,
      38.90036975098466
     ],
     [
      -77.26474629451238,
      38.90036953852956
     ],
     [
      -77.2647444875361,
      38.90036926248106
     ],
     [
      -77.26474295502514,
      38.90036892283918
     ],
     [
      -77.26474153071774,
      38.90036860805193
     ],
     [
      -77.2647402146139,
      38.90036831811926
     ],
     [
      -77.26473900671361,
      38.900368053041234
     ],
     [
      -77.26473790701691,
      38.90036781281781
     ],
     [
      -77.26473642366253,
      38.90036734489116
     ],
     [
      -77.26473455665052,
      38.90036664926119
     ],
     [
      -77.26473230598091,
      38.90036572592794
     ],
     [
      -77.26472967165374,
      38.90036457489138
     ],
     [
      -77.26472736106284,
      38.90036354851136
     ],
     [
      -77.2647253742082,
      38.900362646787926
     ],
     [
      -77.26472371108977,
      38.90036186972106
     ],
     [
      -77.26472237170755,
      38.90036121731082
     ],
     [
      -77.26472104325248,
      38.9003605542326
     ],
     [
      -77.26471972572455,
      38.90035988048643
     ],
     [
      -77.26471841912375,
      38.90035919607228
     ],
     [
      -77.2647171234501,
      38.90035850099021
     ],
     [
      -77.26471561147953,
      38.90035764161551
     ],
     [
      -77.26471388321205,
      38.90035661794818
     ],
     [
      -77.26471193864766,
      38.90035542998824
     ],
     [
      -77.26470977778642,
      38.90035407773568
     ],
     [
      -77.26470803828497,
      38.90035298199729
     ],
     [
      -77.26470672014324,
      38.90035214277308
     ],
     [
      -77.26470582336121,
      38.90035156006309
     ],
     [
      -77.2647053479389,
      38.900351233867276
     ],
     [
      -77.26470433229213,
      38.90035056713297
     ],
     [
      -77.26470277642098,
      38.90034955986014
     ],
     [
      -77.26470068032546,
      38.90034821204874
     ],
     [
      -77.26469804400566,
      38.900346523698765
     ],
     [
      -77.26469605417711,
      38.900345249072124
     ],
     [
      -77.26469471083976,
      38.90034438816888
     ],
     [
      -77.26469401399358,
      38.90034394098904
     ],
     [
      -77.2646939636385,
      38.900343907532616
     ],
     [
      -77.26469327931059,
      38.90034344971943
     ],
     [
      -77.26469196100987,
      38.90034256754942
     ],
     [
      -77.26469000873637,
      38.90034126102262
     ],
     [
      -77.26468742249017,
      38.90033953013896
     ],
     [
      -77.2646853668777,
      38.90033815263294
     ],
     [
      -77.26468384189891,
      38.9003371285046
     ],
     [
      -77.26468284755377,
      38.900336457753944
     ],
     [
      -77.26468238384223,
      38.900336140381
     ],
     [
      -77.26468149308248,
      38.90033560697231
     ],
     [
      -77.2646801752745,
      38.9003348575279
     ],
     [
      -77.26467843041834,
      38.900333892047705
     ],
     [
      -77.26467625851404,
      38.90033271053173
     ],
     [
      -77.26467420503486,
      38.900331608174035
     ],
     [
      -77.2646722699808,
      38.90033058497458
     ],
     [
      -77.26467045335183,
      38.90032964093343
     ],
     [
      -77.26466875514795,
      38.90032877605053
     ],
     [
      -77.26466724738472,
      38.90032803425615
     ],
     [
      -77.26466593006211,
      38.90032741555025
     ],
     [
      -77.26466480318011,
      38.90032691993286
     ],
     [
      -77.26466386673873,
      38.90032654740401
     ],
     [
      -77.2646625065193,
      38.90032616696724
     ],
     [
      -77.26466072252182,
      38.90032577862258
     ],
     [
      -77.26465851474634,
      38.90032538236998
     ],
     [
      -77.26465588319283,
      38.900324978209426
     ],
     [
      -77.26465325228992,
      38.90032474940403
     ],
     [
      -77.2646506220376,
      38.9003246959538
     ],
     [
      -77.26464799243587,
      38.900324817858724
     ],
     [
      -77.26464536348466,
      38.90032511511881
     ],
     [
      -77.2646427347033,
      38.90032545816409
     ],
     [
      -77.26464010609178,
      38.900325846994555
     ],
     [
      -77.26463747765007,
      38.90032628161023
     ],
     [
      -77.26463484937818,
      38.90032676201108
     ],
     [
      -77.26463280224698,
      38.90032712723889
     ],
     [
      -77.26463133625646,
      38.90032737729364
     ],
     [
      -77.26463045140663,
      38.90032751217536
     ],
     [
      -77.26463014769753,
      38.90032753188409
     ],
     [
      -77.26462933883397,
      38.900327677738254
     ],
     [
      -77.26462802481595,
      38.90032794973783
     ],
     [
      -77.26462620564344,
      38.90032834788281
     ],
     [
      -77.26462388131645,
      38.90032887217318
     ],
     [
      -77.26462148041736,
      38.90032922757528
     ],
     [
      -77.26461900294619,
      38.900329414089065
     ],
     [
      -77.26461644890294,
      38.90032943171455
     ],
     [
      -77.26461381828764,
      38.900329280451736
     ],
     [
      -77.26461174903903,
      38.90032959056336
     ],
     [
      -77.26461024115709,
      38.900330362049516
     ],
     [
      -77.26460929464179,
      38.90033159491017
     ],
     [
      -77.26460890949313,
      38.900333289145365
     ],
     [
      -77.26460871911749,
      38.90033472899081
     ],
     [
      -77.26460872351485,
      38.9003359144465
     ],
     [
      -77.26460892268523,
      38.90033684551244
     ],
     [
      -77.26460931662864,
      38.90033752218864
     ],
     [
      -77.264609761073,
      38.90033837375792
     ],
     [
      -77.26461025601834,
      38.90033940022028
     ],
     [
      -77.26461080146463,
      38.900340601575735
     ],
     [
      -77.26461139741188,
      38.9003419778243
     ],
     [
      -77.26461219701685,
      38.90034352300366
     ],
     [
      -77.26461320027948,
      38.900345237113854
     ],
     [
      -77.26461440719987,
      38.900347120154855
     ],
     [
      -77.26461581777798,
      38.90034917212667
     ],
     [
      -77.26461703546376,
      38.90035089725475
     ],
     [
      -77.26461806025716,
      38.90035229553909
     ],
     [
      -77.26461889215818,
      38.900353366979736
     ],
     [
      -77.26461953116676,
      38.90035411157663
     ],
     [
      -77.26462043550687,
      38.900354996342095
     ],
     [
      -77.26462160517849,
      38.900356021276075
     ],
     [
      -77.26462304018166,
      38.90035718637857
     ],
     [
      -77.26462474051641,
      38.900358491649605
     ],
     [
      -77.26462625025502,
      38.90035969888844
     ],
     [
      -77.26462756939749,
      38.90036080809511
     ],
     [
      -77.2646286979438,
      38.90036181926962
     ],
     [
      -77.26462963589394,
      38.90036273241195
     ],
     [
      -77.26463061680869,
      38.90036370161519
     ],
     [
      -77.26463164068808,
      38.900364726879324
     ],
     [
      -77.26463270753209,
      38.90036580820435
     ],
     [
      -77.26463381734074,
      38.90036694559026
     ],
     [
      -77.26463487958912,
      38.90036831190066
     ],
     [
      -77.26463589427723,
      38.90036990713551
     ],
     [
      -77.2646368614051,
      38.90037173129484
     ],
     [
      -77.2646377809727,
      38.90037378437864
     ],
     [
      -77.26463830875447,
      38.90037583834993
     ],
     [
      -77.26463844475036,
      38.90037789320872
     ],
     [
      -77.26463818896036,
      38.90037994895502
     ],
     [
      -77.2646375413844,
      38.90038200558881
     ],
     [
      -77.26463691455298,
      38.9003840621756
     ],
     [
      -77.26463630846607,
      38.900386118715396
     ],
     [
      -77.26463572312369,
      38.90038817520821
     ],
     [
      -77.26463515852583,
      38.900390231654015
     ],
     [
      -77.26463453824498,
      38.90039196121694
     ],
     [
      -77.26463386228109,
      38.900393363896995
     ],
     [
      -77.26463313063421,
      38.90039443969417
     ],
     [
      -77.26463234330434,
      38.900395188608485
     ],
     [
      -77.26463114321254,
      38.90039607868406
     ],
     [
      -77.26462953035877,
      38.90039710992092
     ],
     [
      -77.26462750474305,
      38.900398282319046
     ],
     [
      -77.26462506636528,
      38.9003995958784
     ],
     [
      -77.26462319104895,
      38.90040062649276
     ],
     [
      -77.26462187879413,
      38.900401374162165
     ],
     [
      -77.2646211296008,
      38.90040183888661
     ],
     [
      -77.264620943469,
      38.9004020206661
     ],
     [
      -77.26462035865828,
      38.900402626461435
     ],
     [
      -77.26461937516859,
      38.90040365627257
     ],
     [
      -77.26461799299992,
      38.9004051100995
     ],
     [
      -77.26461621215218,
      38.90040698794225
     ],
     [
      -77.26461466662387,
      38.90040857650369
     ],
     [
      -77.264613356415,
      38.90040987578387
     ],
     [
      -77.26461228152559,
      38.900410885782776
     ],
     [
      -77.26461144195567,
      38.900411606500434
     ],
     [
      -77.2646101556313,
      38.900412380869575
     ],
     [
      -77.26460842255246,
      38.90041320889022
     ],
     [
      -77.26460624271911,
      38.90041409056232
     ],
     [
      -77.26460361613128,
      38.90041502588586
     ],
     [
      -77.26460107397648,
      38.90041583041865
     ],
     [
      -77.26459861625473,
      38.90041650416066
     ],
     [
      -77.26459624296608,
      38.90041704711193
     ],
     [
      -77.26459395411054,
      38.90041745927243
     ],
     [
      -77.26459215260299,
      38.90041778251865
     ],
     [
      -77.26459083844344,
      38.900418016850566
     ],
     [
      -77.26459001163192,
      38.9004181622682
     ],
     [
      -77.26458967216843,
      38.90041821877159
     ],
     [
      -77.26458876076423,
      38.90041845197061
     ],
     [
      -77.26458727741931,
      38.900418861865255
     ],
     [
      -77.26458522213368,
      38.9004194484555
     ],
     [
      -77.26458259490724,
      38.90042021174132
     ],
     [
      -77.26457996677964,
      38.900420732072035
     ],
     [
      -77.26457733775088,
      38.900421009447626
     ],
     [
      -77.26457470782098,
      38.90042104386809
     ],
     [
      -77.26457207698998,
      38.90042083533346
     ],
     [
      -77.26456981227923,
      38.90042052994841
     ],
     [
      -77.26456791368872,
      38.900420127713005
     ],
     [
      -77.26456638121847,
      38.9004196286272
     ],
     [
      -77.26456521486847,
      38.90041903269108
     ],
     [
      -77.26456397242566,
      38.90041826194214
     ],
     [
      -77.26456265389004,
      38.90041731638038
     ],
     [
      -77.26456125926164,
      38.900416196005814
     ],
     [
      -77.26455978854045,
      38.90041490081841
     ],
     [
      -77.2645583646531,
      38.90041374099223
     ],
     [
      -77.26455698759953,
      38.90041271652725
     ],
     [
      -77.26455565737976,
      38.90041182742349
     ],
     [
      -77.26455437399376,
      38.90041107368094
     ],
     [
      -77.26455307363372,
      38.90041038598023
     ],
     [
      -77.26455175629964,
      38.900409764321374
     ],
     [
      -77.2645504219915,
      38.900409208704325
     ],
     [
      -77.26454907070931,
      38.90040871912913
     ],
     [
      -77.26454739874919,
      38.90040808655949
     ],
     [
      -77.26454540611117,
      38.90040731099542
     ],
     [
      -77.26454309279526,
      38.90040639243685
     ],
     [
      -77.26454045880152,
      38.90040533088382
     ],
     [
      -77.26453809905699,
      38.90040441183558
     ],
     [
      -77.26453601356171,
      38.90040363529216
     ],
     [
      -77.26453420231562,
      38.90040300125354
     ],
     [
      -77.26453266531871,
      38.90040250971979
     ],
     [
      -77.26453123858667,
      38.90040206996149
     ],
     [
      -77.26452992211948,
      38.90040168197863
     ],
     [
      -77.26452871591712,
      38.90040134577125
     ],
     [
      -77.26452761997962,
      38.90040106133928
     ],
     [
      -77.26452614004464,
      38.900400721901974
     ],
     [
      -77.26452427611217,
      38.90040032745925
     ],
     [
      -77.26452202818226,
      38.9003998780111
     ],
     [
      -77.26451939625487,
      38.900399373557505
     ],
     [
      -77.26451676436707,
      38.900398879768616
     ],
     [
      -77.26451413251885,
      38.9003983966444
     ],
     [
      -77.26451150071024,
      38.900397924184844
     ],
     [
      -77.26450886894118,
      38.900397462389996
     ],
     [
      -77.26450623749685,
      38.900397088159814
     ],
     [
      -77.26450360637723,
      38.90039680149431
     ],
     [
      -77.26450097558234,
      38.90039660239347
     ],
     [
      -77.26449834511212,
      38.90039649085732
     ],
     [
      -77.26449571433504,
      38.90039629655995
     ],
     [
      -77.26449308325112,
      38.90039601950135
     ],
     [
      -77.26449045186037,
      38.90039565968158
     ],
     [
      -77.26448782016277,
      38.90039521710056
     ],
     [
      -77.26448518893443,
      38.900394901070634
     ],
     [
      -77.26448255817532,
      38.90039471159183
     ],
     [
      -77.26447992788543,
      38.90039464866414
     ],
     [
      -77.26447729806473,
      38.900394712287536
     ],
     [
      -77.26447466826933,
      38.90039478273019
     ],
     [
      -77.26447203849919,
      38.900394859992126
     ],
     [
      -77.26446940875434,
      38.90039494407334
     ],
     [
      -77.26446677903476,
      38.900395034973805
     ],
     [
      -77.26446430042976,
      38.9003950126271
     ],
     [
      -77.26446197293933,
      38.9003948770332
     ],
     [
      -77.26445979656351,
      38.90039462819215
     ],
     [
      -77.26445777130228,
      38.900394266103945
     ],
     [
      -77.264456100721,
      38.90039396731025
     ],
     [
      -77.26445478481968,
      38.900393731811064
     ],
     [
      -77.26445382359826,
      38.900393559606414
     ],
     [
      -77.2644532170568,
      38.900393450696285
     ],
     [
      -77.26445210708013,
      38.90039288427564
     ],
     [
      -77.2644504936683,
      38.90039186034444
     ],
     [
      -77.26444837682139,
      38.90039037890269
     ],
     [
      -77.26444575653944,
      38.90038843995035
     ],
     [
      -77.26444378707787,
      38.900386983144934
     ],
     [
      -77.26444246843656,
      38.90038600848648
     ],
     [
      -77.26444180061547,
      38.90038551597501
     ],
     [
      -77.26444178361461,
      38.90038550561053
     ],
     [
      -77.26444111165667,
      38.90038504107878
     ],
     [
      -77.26443978474165,
      38.90038412237972
     ],
     [
      -77.26443780286965,
      38.90038274951333
     ],
     [
      -77.2644351660407,
      38.90038092247957
     ],
     [
      -77.26443253113266,
      38.900379613595966
     ],
     [
      -77.26442989814545,
      38.90037882286252
     ],
     [
      -77.26442726707901,
      38.90037855027919
     ],
     [
      -77.26442463793332,
      38.900378795846045
     ],
     [
      -77.26442200949785,
      38.900379233020736
     ],
     [
      -77.2644193817726,
      38.90037986180332
     ],
     [
      -77.26441675475755,
      38.900380682193784
     ],
     [
      -77.26441412845267,
      38.900381694192085
     ],
     [
      -77.2644118859599,
      38.90038260324197
     ],
     [
      -77.26441002727928,
      38.90038340934346
     ],
     [
      -77.26440855241083,
      38.90038411249656
     ],
     [
      -77.26440746135455,
      38.90038471270129
     ],
     [
      -77.2644062594795,
      38.90038532768794
     ],
     [
      -77.26440494678567,
      38.90038595745651
     ],
     [
      -77.26440352327306,
      38.900386602006996
     ],
     [
      -77.26440198894166,
      38.90038726133938
     ],
     [
      -77.26440026689421,
      38.90038810695839
     ],
     [
      -77.2643983571307,
      38.900389138864035
     ],
     [
      -77.2643962596511,
      38.900390357056295
     ],
     [
      -77.26439397445536,
      38.90039176153516
     ],
     [
      -77.26439217589231,
      38.90039288169336
     ],
     [
      -77.26439086396199,
      38.90039371753094
     ],
     [
      -77.26439003866442,
      38.9003942690479
     ],
     [
      -77.26438969999964,
      38.900394536244264
     ],
     [
      -77.26438912552256,
      38.900395184551044
     ],
     [
      -77.26438831523319,
      38.90039621396826
     ],
     [
      -77.2643872691315,
      38.90039762449588
     ],
     [
      -77.26438598721745,
      38.90039941613392
     ],
     [
      -77.26438529229385,
      38.90040127305102
     ],
     [
      -77.26438518436073,
      38.900403195247165
     ],
     [
      -77.26438566341815,
      38.90040518272237
     ],
     [
      -77.26438672946614,
      38.90040723547661
     ],
     [
      -77.26438758673953,
      38.90040883134813
     ],
     [
      -77.26438823523831,
      38.90040997033693
     ],
     [
      -77.26438867496246,
      38.90041065244302
     ],
     [
      -77.26438890591194,
      38.900410877666395
     ],
     [
      -77.26438954954322,
      38.9004115028745
     ],
     [
      -77.26439060585632,
      38.90041252806733
     ],
     [
      -77.26439207485127,
      38.90041395324487
     ],
     [
      -77.2643939565281,
      38.90041577840711
     ],
     [
      -77.26439555824003,
      38.900417597278974
     ],
     [
      -77.26439687998699,
      38.90041940986047
     ],
     [
      -77.264397921769,
      38.900421216151635
     ],
     [
      -77.26439868358602,
      38.900423016152466
     ],
     [
      -77.26439929088838,
      38.9004244294322
     ],
     [
      -77.26439974367602,
      38.90042545599086
     ],
     [
      -77.26440004194895,
      38.90042609582843
     ],
     [
      -77.26440018570715,
      38.900426348944904
     ],
     [
      -77.26440027247762,
      38.90042705262163
     ],
     [
      -77.26440030226037,
      38.90042820685856
     ],
     [
      -77.26440027505541,
      38.90042981165572
     ],
     [
      -77.2644001908627,
      38.90043186701308
     ],
     [
      -77.26440011510351,
      38.900433445661974
     ],
     [
      -77.26440004777784,
      38.900434547602394
     ],
     [
      -77.26439998888569,
      38.90043517283433
     ],
     [
      -77.26439993842706,
      38.900435321357776
     ],
     [
      -77.26439978788672,
      38.90043590969483
     ],
     [
      -77.26439953726465,
      38.900436937845434
     ],
     [
      -77.26439918656084,
      38.90043840580965
     ],
     [
      -77.26439873577527,
      38.90044031358743
     ],
     [
      -77.26439819833921,
      38.90044225866366
     ],
     [
      -77.26439757425265,
      38.90044424103829
     ],
     [
      -77.26439686351557,
      38.900446260711334
     ],
     [
      -77.26439606612796,
      38.9004483176828
     ],
     [
      -77.26439512802372,
      38.900450328246215
     ],
     [
      -77.26439404920278,
      38.90045229240155
     ],
     [
      -77.2643928296652,
      38.90045421014884
     ],
     [
      -77.26439146941091,
      38.90045608148806
     ],
     [
      -77.26439042249281,
      38.900457531779445
     ],
     [
      -77.2643896889109,
      38.90045856102305
     ],
     [
      -77.26438926866523,
      38.90045916921888
     ],
     [
      -77.26438916175579,
      38.90045935636689
     ],
     [
      -77.2643889298488,
      38.90046001086299
     ],
     [
      -77.26438857294427,
      38.900461132707164
     ],
     [
      -77.26438809104216,
      38.9004627218994
     ],
     [
      -77.26438748414247,
      38.900464778439705
     ],
     [
      -77.26438721119581,
      38.90046677867546
     ],
     [
      -77.2643872722022,
      38.90046872260668
     ],
     [
      -77.26438766716167,
      38.900470610233356
     ],
     [
      -77.26438839607425,
      38.900472441555486
     ],
     [
      -77.26438960043173,
      38.900473857710985
     ],
     [
      -77.26439128023407,
      38.90047485869981
     ],
     [
      -77.2643934354813,
      38.90047544452197
     ],
     [
      -77.26439606617336,
      38.90047561517741
     ],
     [
      -77.26439869651252,
      38.90047569060635
     ],
     [
      -77.26440132649869,
      38.90047567080882
     ],
     [
      -77.2644039561319,
      38.90047555578479
     ],
     [
      -77.26440658541213,
      38.90047534553427
     ],
     [
      -77.26440889836562,
      38.90047524954596
     ],
     [
      -77.26441089499234,
      38.900475267819914
     ],
     [
      -77.26441257529231,
      38.90047540035613
     ],
     [
      -77.26441393926554,
      38.90047564715461
     ],
     [
      -77.264415279513,
      38.900475971794855
     ],
     [
      -77.26441659603468,
      38.90047637427683
     ],
     [
      -77.2644178888306,
      38.900476854600576
     ],
     [
      -77.26441915790075,
      38.90047741276604
     ],
     [
      -77.26442073991544,
      38.90047820349596
     ],
     [
      -77.26442263487472,
      38.900479226790296
     ],
     [
      -77.2644248427786,
      38.90048048264902
     ],
     [
      -77.26442736362714,
      38.900481971072146
     ],
     [
      -77.26442924218867,
      38.90048360120848
     ],
     [
      -77.26443047846318,
      38.90048537305806
     ],
     [
      -77.26443107245062,
      38.900487286620915
     ],
     [
      -77.26443102415097,
      38.900489341897035
     ],
     [
      -77.26443078111254,
      38.90049139761397
     ],
     [
      -77.26443034333538,
      38.90049345377167
     ],
     [
      -77.2644297108194,
      38.90049551037016
     ],
     [
      -77.26442888356465,
      38.90049756740944
     ],
     [
      -77.26442845128122,
      38.90049962355469
     ],
     [
      -77.26442841396918,
      38.90050167880595
     ],
     [
      -77.26442877162854,
      38.900503733163205
     ],
     [
      -77.26442952425936,
      38.90050578662643
     ],
     [
      -77.26443015415197,
      38.900507405591114
     ],
     [
      -77.26443066130638,
      38.900508590057214
     ],
     [
      -77.26443104572255,
      38.90050934002475
     ],
     [
      -77.2644313074005,
      38.900509655493735
     ],
     [
      -77.2644321624968,
      38.90051024889336
     ],
     [
      -77.26443361101148,
      38.90051112022363
     ],
     [
      -77.26443565294458,
      38.90051226948452
     ],
     [
      -77.26443828829618,
      38.90051369667597
     ],
     [
      -77.26444092258843,
      38.900514838085414
     ],
     [
      -77.26444355582136,
      38.900515693712855
     ],
     [
      -77.2644461879949,
      38.90051626355829
     ],
     [
      -77.26444881910903,
      38.900516547621685
     ],
     [
      -77.2644508704869,
      38.900516764474936
     ],
     [
      -77.26445234212845,
      38.900516914118036
     ],
     [
      -77.26445323403371,
      38.90051699655102
     ],
     [
      -77.26445354620266,
      38.9005170117739
     ],
     [
      -77.26445435997947,
      38.90051706714447
     ],
     [
      -77.26445567536412,
      38.900517162662716
     ],
     [
      -77.26445749235664,
      38.9005172983286
     ],
     [
      -77.26445981095702,
      38.90051747414213
     ],
     [
      -77.26446220864918,
      38.900517936853376
     ],
     [
      -77.26446468543317,
      38.900518686462334
     ],
     [
      -77.26446724130898,
      38.90051972296901
     ],
     [
      -77.26446987627668,
      38.9005210463734
     ],
     [
      -77.26447194121336,
      38.900522174909604
     ],
     [
      -77.26447343611896,
      38.90052310857766
     ],
     [
      -77.26447436099345,
      38.90052384737759
     ],
     [
      -77.26447471583681,
      38.9005243913094
     ],
     [
      -77.26447489813599,
      38.90052531323976
     ],
     [
      -77.26447490789093,
      38.90052661316865
     ],
     [
      -77.26447474510168,
      38.90052829109606
     ],
     [
      -77.26447440976821,
      38.900530347022
     ],
     [
      -77.26447415581694,
      38.90053189342925
     ],
     [
      -77.26447398324788,
      38.90053293031782
     ],
     [
      -77.26447389206105,
      38.900533457687715
     ],
     [
      -77.26447388225644,
      38.90053347553892
     ],
     [
      -77.26447352656768,
      38.90053399905033
     ],
     [
      -77.26447282499477,
      38.90053502822199
     ],
     [
      -77.26447177753765,
      38.900536563053855
     ],
     [
      -77.2644703841963,
      38.90053860354594
     ],
     [
      -77.26446904489846,
      38.90054064837291
     ],
     [
      -77.2644677596441,
      38.90054269753477
     ],
     [
      -77.26446652843326,
      38.900544751031504
     ],
     [
      -77.26446535126593,
      38.90054680886316
     ],
     [
      -77.2644644573804,
      38.900548373744684
     ],
     [
      -77.26446384677672,
      38.9005494456761
     ],
     [
      -77.2644635194549,
      38.90055002465741
     ],
     [
      -77.26446347541498,
      38.900550110688634
     ],
     [
      -77.26446320338114,
      38.900550668061896
     ],
     [
      -77.26446270335342,
      38.90055169677723
     ],
     [
      -77.26446197533177,
      38.900553196834636
     ],
     [
      -77.26446101931617,
      38.900555168234085
     ],
     [
      -77.26446026706526,
      38.90055716065513
     ],
     [
      -77.26445971857905,
      38.90055917409779
     ],
     [
      -77.26445937385756,
      38.90056120856206
     ],
     [
      -77.26445923290082,
      38.90056326404792
     ],
     [
      -77.26445940566695,
      38.90056494276234
     ],
     [
      -77.26445989215594,
      38.900566244705324
     ],
     [
      -77.26446069236783,
      38.90056716987685
     ],
     [
      -77.2644618063026,
      38.90056771827691
     ],
     [
      -77.26446329989909,
      38.90056829941369
     ],
     [
      -77.26446517315729,
      38.900568913287195
     ],
     [
      -77.26446742607725,
      38.900569559897384
     ],
     [
      -77.26447005865896,
      38.90057023924423
     ],
     [
      -77.26447246934526,
      38.90057095250136
     ],
     [
      -77.26447465813618,
      38.90057169966879
     ],
     [
      -77.2644766250317,
      38.900572480746504
     ],
     [
      -77.26447837003182,
      38.900573295734546
     ],
     [
      -77.26447990119313,
      38.90057401216521
     ],
     [
      -77.26448121851558,
      38.90057463003852
     ],
     [
      -77.26448232199918,
      38.90057514935448
     ],
     [
      -77.26448321164392,
      38.90057557011312
     ],
     [
      -77.26448445207882,
      38.90057629248288
     ],
     [
      -77.26448604330389,
      38.90057731646381
     ],
     [
      -77.26448798531918,
      38.90057864205588
     ],
     [
      -77.26449027812473,
      38.90058026925905
     ],
     [
      -77.26449208379297,
      38.9005815547253
     ],
     [
      -77.26449340232391,
      38.90058249845464
     ],
     [
      -77.26449423371744,
      38.900583100447086
     ],
     [
      -77.26449457797358,
      38.90058336070264
     ],
     [
      -77.26449544074627,
      38.90058400305847
     ],
     [
      -77.26449682203555,
      38.90058502751456
     ],
     [
      -77.26449872184145,
      38.90058643407088
     ],
     [
      -77.26450114016404,
      38.90058822272742
     ],
     [
      -77.26450300865251,
      38.90058960551766
     ],
     [
      -77.26450432730681,
      38.90059058244163
     ],
     [
      -77.26450509612688,
      38.900591153499356
     ],
     [
      -77.26450531511271,
      38.90059131869083
     ],
     [
      -77.26450602730615,
      38.90059191371368
     ],
     [
      -77.26450723270726,
      38.90059293856788
     ],
     [
      -77.26450893131606,
      38.90059439325339
     ],
     [
      -77.26451112313262,
      38.90059627777025
     ],
     [
      -77.26451287902684,
      38.90059788610852
     ],
     [
      -77.26451419899868,
      38.90059921826824
     ],
     [
      -77.26451508304811,
      38.90060027424941
     ],
     [
      -77.26451553117506,
      38.900601054052075
     ],
     [
      -77.26451605277603,
      38.900601957071395
     ],
     [
      -77.26451664785104,
      38.9006029833074
     ],
     [
      -77.26451731640006,
      38.90060413276008
     ],
     [
      -77.26451805842312,
      38.90060540542944
     ],
     [
      -77.26451872487745,
      38.9006068734742
     ],
     [
      -77.26451931576307,
      38.90060853689442
     ],
     [
      -77.26451983107997,
      38.900610395690045
     ],
     [
      -77.26452027082814,
      38.900612449861114
     ],
     [
      -77.26452063619097,
      38.900614504200604
     ],
     [
      -77.26452092716848,
      38.900616558708535
     ],
     [
      -77.26452114376062,
      38.90061861338488
     ],
     [
      -77.2645212859674,
      38.90062066822964
     ],
     [
      -77.26452145405977,
      38.90062272301579
     ],
     [
      -77.26452164803771,
      38.90062477774334
     ],
     [
      -77.26452186790124,
      38.90062683241227
     ],
     [
      -77.26452211365034,
      38.90062888702258
     ],
     [
      -77.26452257122396,
      38.90063077410124
     ],
     [
      -77.26452324062207,
      38.900632493648246
     ],
     [
      -77.2645241218447,
      38.900634045663566
     ],
     [
      -77.26452521489185,
      38.900635430147226
     ],
     [
      -77.26452669109896,
      38.9006361733201
     ],
     [
      -77.26452855046601,
      38.90063627518222
     ],
     [
      -77.26453079299294,
      38.900635735733516
     ],
     [
      -77.26453341867969,
      38.90063455497399
     ],
     [
      -77.2645354411949,
      38.90063361624759
     ],
     [
      -77.26453686053856,
      38.90063291955432
     ],
     [
      -77.26453767671075,
      38.90063246489424
     ],
     [
      -77.26453788971146,
      38.900632252267336
     ],
     [
      -77.26453865187713,
      38.900631646819214
     ],
     [
      -77.26453996320772,
      38.90063064854987
     ],
     [
      -77.26454182370321,
      38.90062925745929
     ],
     [
      -77.26454423336351,
      38.900627473547466
     ],
     [
      -77.26454609455828,
      38.90062606631353
     ],
     [
      -77.26454740728757,
      38.90062503575749
     ],
     [
      -77.26454817155143,
      38.9006243818794
     ],
     [
      -77.26454838734986,
      38.90062410467927
     ],
     [
      -77.26454915082377,
      38.900623442544585
     ],
     [
      -77.26455046197307,
      38.90062239547537
     ],
     [
      -77.26455232079778,
      38.9006209634716
     ],
     [
      -77.2645547272978,
      38.90061914653326
     ],
     [
      -77.26455661298743,
      38.900617722726935
     ],
     [
      -77.26455797786672,
      38.90061669205271
     ],
     [
      -77.26455882193575,
      38.90061605451052
     ],
     [
      -77.26455914519451,
      38.900615810100476
     ],
     [
      -77.26455996325973,
      38.90061539659934
     ],
     [
      -77.26456127613137,
      38.900614814007135
     ],
     [
      -77.26456308380945,
      38.90061406232383
     ],
     [
      -77.26456538629391,
      38.90061314154942
     ],
     [
      -77.2645677706233,
      38.90061243746846
     ],
     [
      -77.26457023679765,
      38.90061195008094
     ],
     [
      -77.26457278481696,
      38.90061167938687
     ],
     [
      -77.26457541468126,
      38.90061162538622
     ],
     [
      -77.26457782594186,
      38.90061182479302
     ],
     [
      -77.26458001859876,
      38.90061227760725
     ],
     [
      -77.264581992652,
      38.90061298382897
     ],
     [
      -77.26458374810159,
      38.90061394345813
     ],
     [
      -77.264585284744,
      38.9006148011054
     ],
     [
      -77.26458660257921,
      38.90061555677078
     ],
     [
      -77.26458770160723,
      38.90061621045426
     ],
     [
      -77.26458858182801,
      38.90061676215584
     ],
     [
      -77.26458990069727,
      38.90061749607633
     ],
     [
      -77.26459165821505,
      38.9006184122157
     ],
     [
      -77.26459385438137,
      38.90061951057394
     ],
     [
      -77.26459648919626,
      38.90062079115101
     ],
     [
      -77.26459858534287,
      38.90062180504365
     ],
     [
      -77.26460014282115,
      38.90062255225188
     ],
     [
      -77.26460116163109,
      38.90062303277573
     ],
     [
      -77.26460164177263,
      38.90062324661522
     ],
     [
      -77.26460254064216,
      38.900623699279095
     ],
     [
      -77.26460385823965,
      38.900624390767305
     ],
     [
      -77.26460559456518,
      38.90062532107991
     ],
     [
      -77.26460774961873,
      38.90062649021684
     ],
     [
      -77.26460976343702,
      38.900627586456245
     ],
     [
      -77.26461163602002,
      38.90062860979818
     ],
     [
      -77.26461336736772,
      38.90062956024263
     ],
     [
      -77.2646149574801,
      38.900630437789616
     ],
     [
      -77.26461641154825,
      38.90063127974363
     ],
     [
      -77.26461772957217,
      38.900632086104714
     ],
     [
      -77.26461891155182,
      38.90063285687283
     ],
     [
      -77.26461995748723,
      38.90063359204803
     ],
     [
      -77.26462132510453,
      38.900634471514095
     ],
     [
      -77.26462301440372,
      38.900635495271
     ],
     [
      -77.26462502538487,
      38.90063666331876
     ],
     [
      -77.26462735804796,
      38.900637975657325
     ],
     [
      -77.26462918326949,
      38.90063900208414
     ],
     [
      -77.26463050104942,
      38.900639742599225
     ],
     [
      -77.2646313113877,
      38.90064019720258
     ],
     [
      -77.26463161428434,
      38.90064036589426
     ],
     [
      -77.26463250054005,
      38.900640914764516
     ],
     [
      -77.26463397015489,
      38.90064184381332
     ],
     [
      -77.26463602312889,
      38.900643153040676
     ],
     [
      -77.2646386594621,
      38.900644842446546
     ],
     [
      -77.26464068744161,
      38.90064615698877
     ],
     [
      -77.26464210706735,
      38.90064709666738
     ],
     [
      -77.26464291833926,
      38.90064766148244
     ],
     [
      -77.26464312125734,
      38.9006478514339
     ],
     [
      -77.26464353882908,
      38.90064850708802
     ],
     [
      -77.26464417105451,
      38.900649628444796
     ],
     [
      -77.26464501793365,
      38.900651215504205
     ],
     [
      -77.2646460794665,
      38.90065326826625
     ],
     [
      -77.26464683723053,
      38.90065532171643
     ],
     [
      -77.26464729122567,
      38.900657375854735
     ],
     [
      -77.26464744145193,
      38.90065943068117
     ],
     [
      -77.26464728790926,
      38.90066148619576
     ],
     [
      -77.26464713807063,
      38.90066354170194
     ],
     [
      -77.26464699193606,
      38.90066559719974
     ],
     [
      -77.26464684950557,
      38.90066765268915
     ],
     [
      -77.26464671077913,
      38.90066970817016
     ],
     [
      -77.26464702870405,
      38.900671682547106
     ],
     [
      -77.26464780328033,
      38.900673575819965
     ],
     [
      -77.26464903450803,
      38.90067538798875
     ],
     [
      -77.26465072238717,
      38.900677119053405
     ],
     [
      -77.26465264562933,
      38.90067836774709
     ],
     [
      -77.26465480423443,
      38.900679134069726
     ],
     [
      -77.26465719820247,
      38.90067941802133
     ],
     [
      -77.2646598275334,
      38.900679219601905
     ],
     [
      -77.26466245614174,
      38.900678826430834
     ],
     [
      -77.26466508402748,
      38.900678238508135
     ],
     [
      -77.2646677111906,
      38.900677455833794
     ],
     [
      -77.26467033763106,
      38.90067647840781
     ],
     [
      -77.26467258284144,
      38.90067560197698
     ],
     [
      -77.26467444682176,
      38.90067482654127
     ],
     [
      -77.26467592957204,
      38.90067415210075
     ],
     [
      -77.26467703109229,
      38.900673578655415
     ],
     [
      -77.26467823823717,
      38.900672986853955
     ],
     [
      -77.26467955100662,
      38.900672376696406
     ],
     [
      -77.26468096940071,
      38.90067174818273
     ],
     [
      -77.2646824934194,
      38.90067110131295
     ],
     [
      -77.26468429376298,
      38.90067056573534
     ],
     [
      -77.26468637043146,
      38.900670141449886
     ],
     [
      -77.26468872342487,
      38.90066982845657
     ],
     [
      -77.26469135274317,
      38.9006696267554
     ],
     [
      -77.26469363089531,
      38.900669684576
     ],
     [
      -77.2646955578813,
      38.9006700019184
     ],
     [
      -77.26469713370116,
      38.900670578782616
     ],
     [
      -77.26469835835488,
      38.90067141516869
     ],
     [
      -77.26469963002542,
      38.90067232570756
     ],
     [
      -77.26470094871277,
      38.90067331039922
     ],
     [
      -77.26470231441694,
      38.900674369243674
     ],
     [
      -77.26470372713793,
      38.90067550224092
     ],
     [
      -77.26470504762975,
      38.90067658113971
     ],
     [
      -77.26470627589235,
      38.90067760594006
     ],
     [
      -77.26470741192577,
      38.90067857664193
     ],
     [
      -77.26470845572997,
      38.90067949324537
     ],
     [
      -77.26470963722115,
      38.90068050998797
     ],
     [
      -77.26471095639933,
      38.90068162686978
     ],
     [
      -77.26471241326452,
      38.90068284389079
     ],
     [
      -77.26471400781672,
      38.90068416105096
     ],
     [
      -77.26471546076414,
      38.90068533193702
     ],
     [
      -77.26471677210675,
      38.900686356548995
     ],
     [
      -77.26471794184452,
      38.90068723488687
     ],
     [
      -77.26471896997747,
      38.900687966950656
     ],
     [
      -77.26472014338435,
      38.900688824373994
     ],
     [
      -77.26472146206521,
      38.90068980715688
     ],
     [
      -77.26472292602004,
      38.90069091529931
     ],
     [
      -77.26472453524887,
      38.90069214880127
     ],
     [
      -77.2647260031858,
      38.90069327784082
     ],
     [
      -77.26472732983082,
      38.900694302418
     ],
     [
      -77.2647285151839,
      38.900695222532796
     ],
     [
      -77.26472955924507,
      38.90069603818521
     ],
     [
      -77.26473074084961,
      38.900697000292716
     ],
     [
      -77.26473205999757,
      38.9006981088553
     ],
     [
      -77.26473351668892,
      38.900699363872995
     ],
     [
      -77.2647351109237,
      38.900700765345796
     ],
     [
      -77.26473651226208,
      38.900701978504614
     ],
     [
      -77.26473772070402,
      38.90070300334954
     ],
     [
      -77.2647387362495,
      38.90070383988053
     ],
     [
      -77.26473955889853,
      38.90070448809762
     ],
     [
      -77.26474062982334,
      38.90070537354328
     ],
     [
      -77.26474194902397,
      38.90070649621752
     ],
     [
      -77.26474351650043,
      38.90070785612034
     ],
     [
      -77.26474533225276,
      38.90070945325171
     ],
     [
      -77.26474683301795,
      38.90071076426547
     ],
     [
      -77.26474801879598,
      38.90071178916164
     ],
     [
      -77.26474888958681,
      38.90071252794022
     ],
     [
      -77.26474944539045,
      38.90071298060124
     ],
     [
      -77.26475038285477,
      38.900713758044404
     ],
     [
      -77.2647517019798,
      38.900714860269744
     ],
     [
      -77.2647534027656,
      38.90071628727724
     ],
     [
      -77.2647554852122,
      38.90071803906684
     ],
     [
      -77.26475715398483,
      38.9007194273311
     ],
     [
      -77.26475840908346,
      38.90072045207008
     ],
     [
      -77.264759250508,
      38.90072111328374
     ],
     [
      -77.2647596782585,
      38.90072141097212
     ],
     [
      -77.26476055151724,
      38.90072206265616
     ],
     [
      -77.26476187028425,
      38.900723068335864
     ],
     [
      -77.26476363455959,
      38.90072442801124
     ],
     [
      -77.26476584434326,
      38.90072614168221
     ],
     [
      -77.26476759168007,
      38.900727510853365
     ],
     [
      -77.26476887656995,
      38.900728535524685
     ],
     [
      -77.26476969901283,
      38.900729215696224
     ],
     [
      -77.26477005900873,
      38.90072955136796
     ],
     [
      -77.26477067680298,
      38.90073031612523
     ],
     [
      -77.26477155239564,
      38.90073150996796
     ],
     [
      -77.26477268578672,
      38.9007331328962
     ],
     [
      -77.26477407697627,
      38.900735184909934
     ],
     [
      -77.2647753431431,
      38.900736949706605
     ],
     [
      -77.26477648428718,
      38.90073842728625
     ],
     [
      -77.26477750040851,
      38.900739617648846
     ],
     [
      -77.26477839150705,
      38.900740520794415
     ],
     [
      -77.26477930038128,
      38.900741485108746
     ],
     [
      -77.26478022703117,
      38.900742510591904
     ],
     [
      -77.26478117145675,
      38.90074359724383
     ],
     [
      -77.26478213365799,
      38.900744745064564
     ],
     [
      -77.26478327524414,
      38.90074611859771
     ],
     [
      -77.26478459621518,
      38.90074771784329
     ],
     [
      -77.26478609657116,
      38.90074954280126
     ],
     [
      -77.26478777631209,
      38.900751593471654
     ],
     [
      -77.26478903628602,
      38.90075313164634
     ],
     [
      -77.26478987649288,
      38.900754157325316
     ],
     [
      -77.26479029693266,
      38.90075467050863
     ],
     [
      -77.26479029760534,
      38.90075467119629
     ],
     [
      -77.26479095735453,
      38.90075518215029
     ],
     [
      -77.26479227618027,
      38.900756203370655
     ],
     [
      -77.26479425408262,
      38.90075773485736
     ],
     [
      -77.26479689106166,
      38.900759776610364
     ],
     [
      -77.26479887101536,
      38.900761309779256
     ],
     [
      -77.26480019394364,
      38.900762334364
     ],
     [
      -77.26480085984645,
      38.90076285036469
     ],
     [
      -77.26480086872374,
      38.9007628577813
     ],
     [
      -77.26480149188589,
      38.90076337573805
     ],
     [
      -77.2648027293329,
      38.9007644042349
     ],
     [
      -77.26480458106484,
      38.90076594327186
     ],
     [
      -77.26480704708179,
      38.900767992848884
     ],
     [
      -77.26480893741952,
      38.90076956287048
     ],
     [
      -77.26481025207796,
      38.900770653336714
     ],
     [
      -77.26481099105706,
      38.900771264247545
     ],
     [
      -77.26481115435679,
      38.90077139560304
     ],
     [
      -77.26481193568708,
      38.90077185450883
     ],
     [
      -77.26481333504796,
      38.900772640964945
     ],
     [
      -77.26481535243947,
      38.900773754971326
     ],
     [
      -77.26481798786168,
      38.90077519652795
     ],
     [
      -77.26482062228972,
      38.90077637026744
     ],
     [
      -77.26482325572361,
      38.900777276189764
     ],
     [
      -77.26482588816329,
      38.90077791429496
     ],
     [
      -77.26482851960873,
      38.90077828458299
     ],
     [
      -77.264830605007,
      38.90077858695983
     ],
     [
      -77.26483214435814,
      38.900778821425526
     ],
     [
      -77.26483313766207,
      38.90077898798009
     ],
     [
      -77.26483358491882,
      38.900779086623515
     ],
     [
      -77.26483446673946,
      38.900779317640215
     ],
     [
      -77.26483578312398,
      38.900779681030166
     ],
     [
      -77.26483753407243,
      38.90078017679337
     ],
     [
      -77.26483971958478,
      38.90078080492978
     ],
     [
      -77.26484188567207,
      38.900781630356434
     ],
     [
      -77.26484403233427,
      38.90078265307329
     ],
     [
      -77.26484615957142,
      38.90078387308038
     ],
     [
      -77.26484826738354,
      38.90078529037768
     ],
     [
      -77.26484998063583,
      38.900786491485874
     ],
     [
      -77.26485129932821,
      38.900787476405
     ],
     [
      -77.2648522234607,
      38.90078824513504
     ],
     [
      -77.26485275303322,
      38.90078879767603
     ],
     [
      -77.26485352852015,
      38.90078958658041
     ],
     [
      -77.26485454992147,
      38.900790611848144
     ],
     [
      -77.2648558172372,
      38.90079187347925
     ],
     [
      -77.26485733046738,
      38.9007933714737
     ],
     [
      -77.26485874748572,
      38.90079489758543
     ],
     [
      -77.26486006829222,
      38.900796451814394
     ],
     [
      -77.26486129288686,
      38.90079803416061
     ],
     [
      -77.26486242126967,
      38.90079964462412
     ],
     [
      -77.26486335546991,
      38.900800962808646
     ],
     [
      -77.2648640954876,
      38.90080198871425
     ],
     [
      -77.26486464132269,
      38.90080272234093
     ],
     [
      -77.26486499297519,
      38.900803163688636
     ],
     [
      -77.26486538139254,
      38.900804008208446
     ],
     [
      -77.26486580657475,
      38.900805255900316
     ],
     [
      -77.26486626852181,
      38.90080690676429
     ],
     [
      -77.26486676723374,
      38.90080896080032
     ],
     [
      -77.26486700802738,
      38.900811015421105
     ],
     [
      -77.26486699090269,
      38.90081307062665
     ],
     [
      -77.26486671585968,
      38.900815126416944
     ],
     [
      -77.26486618289829,
      38.90081718279198
     ],
     [
      -77.26486570854152,
      38.90081885700162
     ],
     [
      -77.26486529278941,
      38.90082014904585
     ],
     [
      -77.26486493564195,
      38.900821058924656
     ],
     [
      -77.26486463709917,
      38.90082158663806
     ],
     [
      -77.26486421570324,
      38.9008223649034
     ],
     [
      -77.2648636714542,
      38.900823393720664
     ],
     [
      -77.264863004352,
      38.90082467308986
     ],
     [
      -77.26486221439664,
      38.900826203010986
     ],
     [
      -77.26486125890439,
      38.90082786506657
     ],
     [
      -77.2648601378752,
      38.90082965925654
     ],
     [
      -77.26485885130909,
      38.900831585580946
     ],
     [
      -77.264857399206,
      38.900833644039764
     ],
     [
      -77.2648562169607,
      38.90083532382475
     ],
     [
      -77.26485530457322,
      38.90083662493587
     ],
     [
      -77.26485466204359,
      38.90083754737316
     ],
     [
      -77.26485428937184,
      38.900838091136606
     ],
     [
      -77.26485369937333,
      38.90083887772516
     ],
     [
      -77.26485289204807,
      38.90083990713881
     ],
     [
      -77.26485186739603,
      38.900841179377515
     ],
     [
      -77.26485062541721,
      38.900842694441316
     ],
     [
      -77.26484939118001,
      38.90084434521719
     ],
     [
      -77.26484816468448,
      38.90084613170514
     ],
     [
      -77.26484694593059,
      38.90084805390517
     ],
     [
      -77.26484573491831,
      38.90085011181726
     ],
     [
      -77.26484495620413,
      38.90085216874934
     ],
     [
      -77.26484460978807,
      38.90085422470137
     ],
     [
      -77.26484469567018,
      38.90085627967336
     ],
     [
      -77.26484521385048,
      38.90085833366535
     ],
     [
      -77.26484609293257,
      38.90086028384751
     ],
     [
      -77.26484733291649,
      38.900862130219885
     ],
     [
      -77.26484893380226,
      38.90086387278246
     ],
     [
      -77.26485089558989,
      38.90086551153521
     ],
     [
      -77.2648525737744,
      38.90086684312242
     ],
     [
      -77.26485396835581,
      38.90086786754412
     ],
     [
      -77.26485507933403,
      38.90086858480031
     ],
     [
      -77.26485590670907,
      38.90086899489101
     ],
     [
      -77.26485697905674,
      38.90086950741179
     ],
     [
      -77.26485829637708,
      38.90087012236266
     ],
     [
      -77.2648598586701,
      38.90087083974362
     ],
     [
      -77.26486166593581,
      38.900871659554625
     ],
     [
      -77.26486345239663,
      38.90087258125027
     ],
     [
      -77.26486521805256,
      38.90087360483056
     ],
     [
      -77.26486696290364,
      38.90087473029545
     ],
     [
      -77.26486868694984,
      38.90087595764498
     ],
     [
      -77.26487014394668,
      38.90087739157704
     ],
     [
      -77.26487133389415,
      38.90087903209166
     ],
     [
      -77.26487225679226,
      38.900880879188804
     ],
     [
      -77.26487291264095,
      38.90088293286851
     ],
     [
      -77.26487333788167,
      38.90088498707107
     ],
     [
      -77.26487353251436,
      38.90088704179647
     ],
     [
      -77.26487349653902,
      38.90088909704472
     ],
     [
      -77.26487322995563,
      38.90089115281583
     ],
     [
      -77.26487288129823,
      38.90089320877302
     ],
     [
      -77.26487245056686,
      38.90089526491628
     ],
     [
      -77.26487193776146,
      38.900897321245616
     ],
     [
      -77.26487134288206,
      38.90089937776105
     ],
     [
      -77.26487067728887,
      38.90090143443679
     ],
     [
      -77.26486994098187,
      38.90090349127286
     ],
     [
      -77.26486913396107,
      38.90090554826923
     ],
     [
      -77.26486825622645,
      38.90090760542595
     ],
     [
      -77.26486744768262,
      38.90090946044145
     ],
     [
      -77.26486670832959,
      38.90091111331576
     ],
     [
      -77.26486603816736,
      38.90091256404888
     ],
     [
      -77.26486543719592,
      38.90091381264081
     ],
     [
      -77.26486489003457,
      38.900914951287696
     ],
     [
      -77.26486439668331,
      38.90091597998956
     ],
     [
      -77.26486395714214,
      38.90091689874639
     ],
     [
      -77.26486357141104,
      38.90091770755819
     ],
     [
      -77.26486291213816,
      38.900918828797494
     ],
     [
      -77.26486197932344,
      38.90092026246431
     ],
     [
      -77.26486077296688,
      38.900922008558645
     ],
     [
      -77.26485929306844,
      38.90092406708045
     ],
     [
      -77.26485799518287,
      38.90092574250146
     ],
     [
      -77.26485687931022,
      38.90092703482161
     ],
     [
      -77.2648559454505,
      38.90092794404095
     ]
    ]
   },
   "properties": {
    "id": "ct-2",
    "kind": "Contour",
    "sourceId": "contours",
    "reliabilityLevel": 1,
    "revision": 1,
    "engineeringGeometry": {
     "crs": "EPSG:2248",
     "crsName": "NAD83 / Maryland State Plane (US survey feet)",
     "datum": "NAD83",
     "unit": "usSurveyFoot",
     "coordinates": [
      [
       1236991.0739211473,
       449367.9792511306,
       364
      ],
      [
       1236991.0130592433,
       449368.16637268255,
       364
      ],
      [
       1236990.8913354354,
       449368.54061578633,
       364
      ],
      [
       1236990.7087497236,
       449369.1019804421,
       364
      ],
      [
       1236990.4653021083,
       449369.8504666498,
       364
      ],
      [
       1236990.2119992122,
       449370.5682528786,
       364
      ],
      [
       1236989.9488410356,
       449371.2553391286,
       364
      ],
      [
       1236989.6758275786,
       449371.9117253998,
       364
      ],
      [
       1236989.3929588418,
       449372.5374116922,
       364
      ],
      [
       1236989.16771918,
       449373.0373763903,
       364
      ],
      [
       1236989.0001085936,
       449373.4116194941,
       364
      ],
      [
       1236988.8901270828,
       449373.66014100367,
       364
      ],
      [
       1236988.8377746476,
       449373.7829409189,
       364
      ],
      [
       1236988.7168587386,
       449374.0621624073,
       364
      ],
      [
       1236988.5273793559,
       449374.49780546885,
       364
      ],
      [
       1236988.2693364993,
       449375.0898701034,
       364
      ],
      [
       1236987.9427301688,
       449375.8383563112,
       364
      ],
      [
       1236987.6396655038,
       449376.5868425189,
       364
      ],
      [
       1236987.3601425043,
       449377.33532872645,
       364
      ],
      [
       1236987.10416117,
       449378.0838149341,
       364
      ],
      [
       1236986.8717215015,
       449378.8323011418,
       364
      ],
      [
       1236986.6631198064,
       449379.50551186857,
       364
      ],
      [
       1236986.4783560857,
       449380.1034471144,
       364
      ],
      [
       1236986.3174303384,
       449380.6261068793,
       364
      ],
      [
       1236986.1803425648,
       449381.0734911633,
       364
      ],
      [
       1236986.0558934677,
       449381.48430485727,
       364
      ],
      [
       1236985.9440830464,
       449381.8585479611,
       364
      ],
      [
       1236985.8449113013,
       449382.1962204749,
       364
      ],
      [
       1236985.7583782324,
       449382.4973223985,
       364
      ],
      [
       1236985.6165140914,
       449382.9102703932,
       364
      ],
      [
       1236985.419318879,
       449383.43506445875,
       364
      ],
      [
       1236985.1667925946,
       449384.07170459547,
       364
      ],
      [
       1236984.858935238,
       449384.8201908032,
       364
      ],
      [
       1236984.6221127142,
       449385.5686770109,
       364
      ],
      [
       1236984.4563250227,
       449386.3171632185,
       364
      ],
      [
       1236984.3615721634,
       449387.0656494262,
       364
      ],
      [
       1236984.3378541365,
       449387.8141356338,
       364
      ],
      [
       1236984.3435299913,
       449388.56262184144,
       364
      ],
      [
       1236984.3785997282,
       449389.31110804924,
       364
      ],
      [
       1236984.443063347,
       449390.05959425686,
       364
      ],
      [
       1236984.5369208474,
       449390.8080804645,
       364
      ],
      [
       1236984.6495384297,
       449391.55656667217,
       364
      ],
      [
       1236984.7809160938,
       449392.30505287985,
       364
      ],
      [
       1236984.9310538396,
       449393.05353908753,
       364
      ],
      [
       1236985.099951667,
       449393.8020252952,
       364
      ],
      [
       1236985.2339586955,
       449394.5505115029,
       364
      ],
      [
       1236985.3330749252,
       449395.2989977105,
       364
      ],
      [
       1236985.3973003558,
       449396.0474839182,
       364
      ],
      [
       1236985.4266349871,
       449396.79597012594,
       364
      ],
      [
       1236985.411443,
       449397.5444563336,
       364
      ],
      [
       1236985.351724394,
       449398.29294254124,
       364
      ],
      [
       1236985.247479169,
       449399.0414287489,
       364
      ],
      [
       1236985.0987073255,
       449399.7899149566,
       364
      ],
      [
       1236984.9114492633,
       449400.5384011643,
       364
      ],
      [
       1236984.685704983,
       449401.2868873719,
       364
      ],
      [
       1236984.4214744843,
       449402.0353735796,
       364
      ],
      [
       1236984.1187577671,
       449402.7838597873,
       364
      ],
      [
       1236983.9162325473,
       449403.53234599496,
       364
      ],
      [
       1236983.8138988246,
       449404.2808322025,
       364
      ],
      [
       1236983.8117565992,
       449405.0293184102,
       364
      ],
      [
       1236983.9098058706,
       449405.7778046179,
       364
      ],
      [
       1236984.1032072697,
       449406.37871601665,
       364
      ],
      [
       1236984.3919607964,
       449406.8320526065,
       364
      ],
      [
       1236984.7760664504,
       449407.1378143875,
       364
      ],
      [
       1236985.2555242325,
       449407.2960013596,
       364
      ],
      [
       1236985.8022391207,
       449407.4063352165,
       364
      ],
      [
       1236986.4162111154,
       449407.4688159582,
       364
      ],
      [
       1236987.0974402167,
       449407.4834435847,
       364
      ],
      [
       1236987.845926424,
       449407.450218096,
       364
      ],
      [
       1236988.5162355271,
       449407.3940586087,
       364
      ],
      [
       1236989.1083675255,
       449407.31496512267,
       364
      ],
      [
       1236989.6223224194,
       449407.21293763793,
       364
      ],
      [
       1236990.0581002086,
       449407.0879761545,
       364
      ],
      [
       1236990.463110655,
       449406.9721559632,
       364
      ],
      [
       1236990.837353759,
       449406.8654770638,
       364
      ],
      [
       1236991.18082952,
       449406.7679394565,
       364
      ],
      [
       1236991.4935379385,
       449406.6795431413,
       364
      ],
      [
       1236991.9151908043,
       449406.5079012811,
       364
      ],
      [
       1236992.4457881171,
       449406.2530138758,
       364
      ],
      [
       1236993.0853298777,
       449405.9148809257,
       364
      ],
      [
       1236993.8338160855,
       449405.49350243073,
       364
      ],
      [
       1236994.490302022,
       449405.11779071006,
       364
      ],
      [
       1236995.054787687,
       449404.7877457638,
       364
      ],
      [
       1236995.5272730812,
       449404.503367592,
       364
      ],
      [
       1236995.907758204,
       449404.2646561947,
       364
      ],
      [
       1236996.2851223173,
       449404.02206857793,
       364
      ],
      [
       1236996.6593654212,
       449403.77560474153,
       364
      ],
      [
       1236997.0304875155,
       449403.52526468574,
       364
      ],
      [
       1236997.3984886003,
       449403.27104841045,
       364
      ],
      [
       1236997.8278720274,
       449402.9568187208,
       364
      ],
      [
       1236998.318637797,
       449402.582575617,
       364
      ],
      [
       1236998.8707859088,
       449402.1483190989,
       364
      ],
      [
       1236999.484316363,
       449401.6540491666,
       364
      ],
      [
       1236999.978203142,
       449401.2535487301,
       364
      ],
      [
       1237000.352446246,
       449400.9468177895,
       364
      ],
      [
       1237000.6070456747,
       449400.7338563448,
       364
      ],
      [
       1237000.7420014283,
       449400.6146643959,
       364
      ],
      [
       1237001.0303397954,
       449400.37100344215,
       364
      ],
      [
       1237001.4720607758,
       449400.00287348346,
       364
      ],
      [
       1237002.06716437,
       449399.5102745199,
       364
      ],
      [
       1237002.8156505774,
       449398.89320655144,
       364
      ],
      [
       1237003.3805890323,
       449398.42734900245,
       364
      ],
      [
       1237003.7619797345,
       449398.112701873,
       364
      ],
      [
       1237003.9598226836,
       449397.94926516316,
       364
      ],
      [
       1237003.97411788,
       449397.93703887286,
       364
      ],
      [
       1237004.16838703,
       449397.7697398523,
       364
      ],
      [
       1237004.5426301337,
       449397.44736810145,
       364
      ],
      [
       1237005.0968471915,
       449396.9699236203,
       364
      ],
      [
       1237005.8310382026,
       449396.33740640886,
       364
      ],
      [
       1237006.414589551,
       449395.8340262512,
       364
      ],
      [
       1237006.8475012362,
       449395.4597831474,
       364
      ],
      [
       1237007.1297732585,
       449395.21467709733,
       364
      ],
      [
       1237007.261405618,
       449395.0987081011,
       364
      ],
      [
       1237007.5143433493,
       449394.90370710124,
       364
      ],
      [
       1237007.8885864532,
       449394.6296740978,
       364
      ],
      [
       1237008.3841349294,
       449394.27660909086,
       364
      ],
      [
       1237009.0009887777,
       449393.8445120803,
       364
      ],
      [
       1237009.584223668,
       449393.4413420231,
       364
      ],
      [
       1237010.1338396005,
       449393.0670989193,
       364
      ],
      [
       1237010.6498365747,
       449392.72178276884,
       364
      ],
      [
       1237011.132214591,
       449392.40539357165,
       364
      ],
      [
       1237011.560525151,
       449392.13399001164,
       364
      ],
      [
       1237011.9347682549,
       449391.9075720887,
       364
      ],
      [
       1237012.2549439024,
       449391.7261398029,
       364
      ],
      [
       1237012.5210520937,
       449391.5896931542,
       364
      ],
      [
       1237012.9077547893,
       449391.45001682296,
       364
      ],
      [
       1237013.415051989,
       449391.30711080926,
       364
      ],
      [
       1237014.0429436928,
       449391.16097511305,
       364
      ],
      [
       1237014.7914299,
       449391.01160973427,
       364
      ],
      [
       1237015.539916108,
       449390.92610878707,
       364
      ],
      [
       1237016.2884023157,
       449390.9044722713,
       364
      ],
      [
       1237017.0368885235,
       449390.94670018693,
       364
      ],
      [
       1237017.7853747308,
       449391.0527925341,
       364
      ],
      [
       1237018.5338609386,
       449391.1755598873,
       364
      ],
      [
       1237019.2823471462,
       449391.31500224676,
       364
      ],
      [
       1237020.0308333538,
       449391.4711196123,
       364
      ],
      [
       1237020.7793195616,
       449391.64391198393,
       364
      ],
      [
       1237021.3622975373,
       449391.7752380898,
       364
      ],
      [
       1237021.7797672804,
       449391.86509792996,
       364
      ],
      [
       1237022.0317287918,
       449391.9134915044,
       364
      ],
      [
       1237022.118182071,
       449391.920418813,
       364
      ],
      [
       1237022.3485302625,
       449391.97287120635,
       364
      ],
      [
       1237022.7227733664,
       449392.0708486844,
       364
      ],
      [
       1237023.2409113827,
       449392.21435124706,
       364
      ],
      [
       1237023.902944311,
       449392.40337889444,
       364
      ],
      [
       1237024.5865905592,
       449392.53083473176,
       364
      ],
      [
       1237025.2918501273,
       449392.59671875916,
       364
      ],
      [
       1237026.0187230152,
       449392.60103097634,
       364
      ],
      [
       1237026.767209223,
       449392.54377138347,
       364
      ],
      [
       1237027.3564233445,
       449392.65500622714,
       364
      ],
      [
       1237027.7863653796,
       449392.9347355073,
       364
      ],
      [
       1237028.0570353284,
       449393.38295922393,
       364
      ],
      [
       1237028.1684331908,
       449393.999677377,
       364
      ],
      [
       1237028.224132122,
       449394.52390814305,
       364
      ],
      [
       1237028.224132122,
       449394.9556515219,
       364
      ],
      [
       1237028.1684331908,
       449395.2949075137,
       364
      ],
      [
       1237028.0570353284,
       449395.5416761184,
       364
      ],
      [
       1237027.9314500499,
       449395.8521819727,
       364
      ],
      [
       1237027.7916773548,
       449396.22642507654,
       364
      ],
      [
       1237027.637717244,
       449396.66440542997,
       364
      ],
      [
       1237027.469569717,
       449397.1661230329,
       364
      ],
      [
       1237027.2436416754,
       449397.7295327871,
       364
      ],
      [
       1237026.959933119,
       449398.3546346924,
       364
      ],
      [
       1237026.6184440479,
       449399.0414287489,
       364
      ],
      [
       1237026.2191744624,
       449399.7899149566,
       364
      ],
      [
       1237025.8744549993,
       449400.4192064443,
       364
      ],
      [
       1237025.5842856588,
       449400.9293032119,
       364
      ],
      [
       1237025.3486664412,
       449401.32020525954,
       364
      ],
      [
       1237025.1675973462,
       449401.5919125872,
       364
      ],
      [
       1237024.9111656565,
       449401.9148878029,
       364
      ],
      [
       1237024.579371372,
       449402.28913090675,
       364
      ],
      [
       1237024.172214493,
       449402.7146418987,
       364
      ],
      [
       1237023.689695019,
       449403.19142077863,
       364
      ],
      [
       1237023.2613137302,
       449403.6323393774,
       364
      ],
      [
       1237022.8870706265,
       449404.0373976949,
       364
      ],
      [
       1237022.5669657076,
       449404.40659573104,
       364
      ],
      [
       1237022.300998974,
       449404.739933486,
       364
      ],
      [
       1237022.0228641524,
       449405.09372391534,
       364
      ],
      [
       1237021.732561243,
       449405.4679670191,
       364
      ],
      [
       1237021.430090246,
       449405.86266279744,
       364
      ],
      [
       1237021.1154511613,
       449406.27781125024,
       364
      ],
      [
       1237020.8145889312,
       449406.7762941417,
       364
      ],
      [
       1237020.527503556,
       449407.358111472,
       364
      ],
      [
       1237020.2541950357,
       449408.02326324093,
       364
      ],
      [
       1237019.9946633698,
       449408.7717494486,
       364
      ],
      [
       1237019.84663078,
       449409.5202356563,
       364
      ],
      [
       1237019.8100972655,
       449410.2687218639,
       364
      ],
      [
       1237019.885062827,
       449411.0172080716,
       364
      ],
      [
       1237020.071527464,
       449411.7656942793,
       364
      ],
      [
       1237020.2520883693,
       449412.51418048696,
       364
      ],
      [
       1237020.4267455423,
       449413.2626666946,
       364
      ],
      [
       1237020.5954989837,
       449414.01115290227,
       364
      ],
      [
       1237020.7583486927,
       449414.75963911,
       364
      ],
      [
       1237020.9367000759,
       449415.3890295218,
       364
      ],
      [
       1237021.1305531324,
       449415.8993241376,
       364
      ],
      [
       1237021.339907863,
       449416.29052295757,
       364
      ],
      [
       1237021.564764267,
       449416.56262598163,
       364
      ],
      [
       1237021.907237363,
       449416.88579904556,
       364
      ],
      [
       1237022.3673271511,
       449417.26004214946,
       364
      ],
      [
       1237022.945033631,
       449417.68535529316,
       364
      ],
      [
       1237023.640356803,
       449418.1617384767,
       364
      ],
      [
       1237024.175139941,
       449418.53553837776,
       364
      ],
      [
       1237024.549383045,
       449418.8067549963,
       364
      ],
      [
       1237024.7630861148,
       449418.97538833227,
       364
      ],
      [
       1237024.81624915,
       449419.0414383856,
       364
      ],
      [
       1237024.9833196085,
       449419.26158496423,
       364
      ],
      [
       1237025.2642974893,
       449419.63582806813,
       364
      ],
      [
       1237025.659182793,
       449420.1641676972,
       364
      ],
      [
       1237026.1679755193,
       449420.8466038514,
       364
      ],
      [
       1237026.6094934344,
       449421.42387867684,
       364
      ],
      [
       1237026.9837365383,
       449421.89599217346,
       364
      ],
      [
       1237027.290704831,
       449422.2629443413,
       364
      ],
      [
       1237027.5303983125,
       449422.5247351802,
       364
      ],
      [
       1237027.8972899755,
       449422.8056972177,
       364
      ],
      [
       1237028.3913798202,
       449423.1058304536,
       364
      ],
      [
       1237029.0126678462,
       449423.4251348881,
       364
      ],
      [
       1237029.7611540535,
       449423.76361052104,
       364
      ],
      [
       1237030.485473431,
       449424.05452217965,
       364
      ],
      [
       1237031.185625978,
       449424.29786986404,
       364
      ],
      [
       1237031.8616116948,
       449424.4936535741,
       364
      ],
      [
       1237032.5134305814,
       449424.64187330985,
       364
      ],
      [
       1237033.0264615766,
       449424.7581127048,
       364
      ],
      [
       1237033.4007046802,
       449424.84237175883,
       364
      ],
      [
       1237033.6361598927,
       449424.894650472,
       364
      ],
      [
       1237033.732827214,
       449424.91494884435,
       364
      ],
      [
       1237033.9924492568,
       449424.99912752444,
       364
      ],
      [
       1237034.4150260212,
       449425.14718651236,
       364
      ],
      [
       1237035.0005575074,
       449425.3591258081,
       364
      ],
      [
       1237035.7490437147,
       449425.6349454117,
       364
      ],
      [
       1237036.4975299225,
       449425.8222806976,
       364
      ],
      [
       1237037.2460161303,
       449425.9211316657,
       364
      ],
      [
       1237037.994502338,
       449425.9314983162,
       364
      ],
      [
       1237038.7429885454,
       449425.8533806489,
       364
      ],
      [
       1237039.3871786308,
       449425.7402923213,
       364
      ],
      [
       1237039.9270725937,
       449425.59223333333,
       364
      ],
      [
       1237040.3626704342,
       449425.40920368506,
       364
      ],
      [
       1237040.6939721527,
       449425.1912033764,
       364
      ],
      [
       1237041.0467445636,
       449424.9094739595,
       364
      ],
      [
       1237041.4209876675,
       449424.56401543407,
       364
      ],
      [
       1237041.8167014641,
       449424.15482780023,
       364
      ],
      [
       1237042.2338859534,
       449423.68191105814,
       364
      ],
      [
       1237042.6378849251,
       449423.2583311351,
       364
      ],
      [
       1237043.0286983787,
       449422.88408803125,
       364
      ],
      [
       1237043.4063263142,
       449422.5591817466,
       364
      ],
      [
       1237043.7707687318,
       449422.2836122811,
       364
      ],
      [
       1237044.1401114925,
       449422.03208108095,
       364
      ],
      [
       1237044.5143545964,
       449421.80458814616,
       364
      ],
      [
       1237044.8934980433,
       449421.6011334767,
       364
      ],
      [
       1237045.2775418335,
       449421.42171707266,
       364
      ],
      [
       1237045.752696228,
       449421.1899580164,
       364
      ],
      [
       1237046.3189612266,
       449420.9058563079,
       364
      ],
      [
       1237046.9763368298,
       449420.5694119472,
       364
      ],
      [
       1237047.7248230376,
       449420.1806249343,
       364
      ],
      [
       1237048.3954112486,
       449419.84396397695,
       364
      ],
      [
       1237048.9881014626,
       449419.55942907516,
       364
      ],
      [
       1237049.50289368,
       449419.3270202289,
       364
      ],
      [
       1237049.9397879005,
       449419.1467374383,
       364
      ],
      [
       1237050.3453565629,
       449418.98540206475,
       364
      ],
      [
       1237050.7195996665,
       449418.84301410854,
       364
      ],
      [
       1237051.062517212,
       449418.7195735696,
       364
      ],
      [
       1237051.374109199,
       449418.61508044775,
       364
      ],
      [
       1237051.7949247411,
       449418.49023785186,
       364
      ],
      [
       1237052.3249638388,
       449418.3450457819,
       364
      ],
      [
       1237052.9642264913,
       449418.17950423766,
       364
      ],
      [
       1237053.712712699,
       449417.99361321924,
       364
      ],
      [
       1237054.4611989069,
       449417.8116063029,
       364
      ],
      [
       1237055.2096851147,
       449417.6334834886,
       364
      ],
      [
       1237055.9581713222,
       449417.4592447763,
       364
      ],
      [
       1237056.7066575296,
       449417.28889016603,
       364
      ],
      [
       1237057.4551437371,
       449417.1504266631,
       364
      ],
      [
       1237058.203629945,
       449417.04385426745,
       364
      ],
      [
       1237058.9521161527,
       449416.969172979,
       364
      ],
      [
       1237059.7006023605,
       449416.926382798,
       364
      ],
      [
       1237060.4490885683,
       449416.8534509753,
       364
      ],
      [
       1237061.1975747757,
       449416.75037751114,
       364
      ],
      [
       1237061.9460609835,
       449416.6171624055,
       364
      ],
      [
       1237062.694547191,
       449416.45380565827,
       364
      ],
      [
       1237063.4430333986,
       449416.33653888886,
       364
      ],
      [
       1237064.1915196064,
       449416.2653620972,
       364
      ],
      [
       1237064.9400058142,
       449416.24027528317,
       364
      ],
      [
       1237065.6884920215,
       449416.2612784469,
       364
      ],
      [
       1237066.4369782293,
       449416.284765212,
       364
      ],
      [
       1237067.1854644371,
       449416.31073557824,
       364
      ],
      [
       1237067.933950645,
       449416.3391895459,
       364
      ],
      [
       1237068.6824368523,
       449416.3701271148,
       364
      ],
      [
       1237069.387797968,
       449416.3599449761,
       364
      ],
      [
       1237070.0500339917,
       449416.30864312977,
       364
      ],
      [
       1237070.6691449233,
       449416.21622157574,
       364
      ],
      [
       1237071.245130763,
       449416.082680314,
       364
      ],
      [
       1237071.7202452347,
       449415.97248316207,
       364
      ],
      [
       1237072.0944883386,
       449415.88563011977,
       364
      ],
      [
       1237072.3678600746,
       449415.8221211872,
       364
      ],
      [
       1237072.5403604428,
       449415.7819563643,
       364
      ],
      [
       1237072.8556504375,
       449415.57475240086,
       364
      ],
      [
       1237073.313730059,
       449415.200509297,
       364
      ],
      [
       1237073.9145993073,
       449414.6592270527,
       364
      ],
      [
       1237074.6582581822,
       449413.95090566797,
       364
      ],
      [
       1237075.2172091715,
       449413.4187174477,
       364
      ],
      [
       1237075.5914522754,
       449413.06266239204,
       364
      ],
      [
       1237075.7809874937,
       449412.88274050097,
       364
      ],
      [
       1237075.7858148264,
       449412.8789517745,
       364
      ],
      [
       1237075.9765568778,
       449412.70921660686,
       364
      ],
      [
       1237076.3532136478,
       449412.3735349981,
       364
      ],
      [
       1237076.9157851369,
       449411.8719069482,
       364
      ],
      [
       1237077.6642713444,
       449411.2043324573,
       364
      ],
      [
       1237078.4127575522,
       449410.72546845424,
       364
      ],
      [
       1237079.1612437596,
       449410.4353149391,
       364
      ],
      [
       1237079.9097299674,
       449410.333871912,
       364
      ],
      [
       1237080.6582161752,
       449410.42113937286,
       364
      ],
      [
       1237081.406702383,
       449410.5781905083,
       364
      ],
      [
       1237082.1551885908,
       449410.8050253184,
       364
      ],
      [
       1237082.9036747983,
       449411.10164380306,
       364
      ],
      [
       1237083.6521610057,
       449411.4680459624,
       364
      ],
      [
       1237084.2913097173,
       449411.79727098125,
       364
      ],
      [
       1237084.8211209332,
       449412.0893188596,
       364
      ],
      [
       1237085.2415946526,
       449412.3441895974,
       364
      ],
      [
       1237085.5527308763,
       449412.5618831948,
       364
      ],
      [
       1237085.89542054,
       449412.7848689848,
       364
      ],
      [
       1237086.2696636438,
       449413.01314696745,
       364
      ],
      [
       1237086.6754601877,
       449413.2467171428,
       364
      ],
      [
       1237087.112810172,
       449413.4855795108,
       364
      ],
      [
       1237087.6037786505,
       449413.7921322467,
       364
      ],
      [
       1237088.1483656242,
       449414.16637535056,
       364
      ],
      [
       1237088.7465710922,
       449414.6083088223,
       364
      ],
      [
       1237089.398395055,
       449415.11793266196,
       364
      ],
      [
       1237089.9114285882,
       449415.524408805,
       364
      ],
      [
       1237090.285671692,
       449415.82773725135,
       364
      ],
      [
       1237090.5211243667,
       449416.02791800105,
       364
      ],
      [
       1237090.6177866114,
       449416.1249510541,
       364
      ],
      [
       1237090.7819605207,
       449416.3605891325,
       364
      ],
      [
       1237091.0136460944,
       449416.7348322364,
       364
      ],
      [
       1237091.3128433325,
       449417.24768036563,
       364
      ],
      [
       1237091.6795522352,
       449417.8991335202,
       364
      ],
      [
       1237091.8792787362,
       449418.5748449381,
       364
      ],
      [
       1237091.9120228356,
       449419.2748146193,
       364
      ],
      [
       1237091.777784533,
       449419.99904256366,
       364
      ],
      [
       1237091.4765638288,
       449420.7475287713,
       364
      ],
      [
       1237091.2342762512,
       449421.32944745186,
       364
      ],
      [
       1237091.0509218,
       449421.74479860516,
       364
      ],
      [
       1237090.926500475,
       449421.9935822314,
       364
      ],
      [
       1237090.8610122767,
       449422.0757983305,
       364
      ],
      [
       1237090.678501145,
       449422.304027932,
       364
      ],
      [
       1237090.3789670798,
       449422.67827103584,
       364
      ],
      [
       1237089.9624100819,
       449423.19852764206,
       364
      ],
      [
       1237089.4288301507,
       449423.8647977506,
       364
      ],
      [
       1237088.9749186332,
       449424.5285461749,
       364
      ],
      [
       1237088.6006755293,
       449425.1897729147,
       364
      ],
      [
       1237088.3061008393,
       449425.84847797017,
       364
      ],
      [
       1237088.0911945626,
       449426.5046613413,
       364
      ],
      [
       1237087.9198535937,
       449427.0198745788,
       364
      ],
      [
       1237087.792077932,
       449427.3941176826,
       364
      ],
      [
       1237087.707867578,
       449427.6273906528,
       364
      ],
      [
       1237087.6672225313,
       449427.7196934894,
       364
      ],
      [
       1237087.6432708455,
       449427.97604216874,
       364
      ],
      [
       1237087.6360125206,
       449428.3964366908,
       364
      ],
      [
       1237087.645447557,
       449428.9808770557,
       364
      ],
      [
       1237087.6715759546,
       449429.7293632634,
       364
      ],
      [
       1237087.6948014149,
       449430.30424048164,
       364
      ],
      [
       1237087.7151239384,
       449430.7055087104,
       364
      ],
      [
       1237087.7325435246,
       449430.9331679497,
       364
      ],
      [
       1237087.7470601741,
       449430.9872181996,
       364
      ],
      [
       1237087.7905229325,
       449431.20136487647,
       364
      ],
      [
       1237087.8629317998,
       449431.5756079803,
       364
      ],
      [
       1237087.9642867765,
       449432.1099475111,
       364
      ],
      [
       1237088.094587862,
       449432.8043834688,
       364
      ],
      [
       1237088.2495880811,
       449433.5123319891,
       364
      ],
      [
       1237088.4292874332,
       449434.2337930718,
       364
      ],
      [
       1237088.6336859188,
       449434.968766717,
       364
      ],
      [
       1237088.862783538,
       449435.7172529247,
       364
      ],
      [
       1237089.131878628,
       449436.44872145995,
       364
      ],
      [
       1237089.4409711887,
       449437.1631723227,
       364
      ],
      [
       1237089.790061221,
       449437.86060551304,
       364
      ],
      [
       1237090.179148724,
       449438.541021031,
       364
      ],
      [
       1237090.4786200174,
       449439.06835034187,
       364
      ],
      [
       1237090.6884751013,
       449439.4425934457,
       364
      ],
      [
       1237090.8087139751,
       449439.6637503425,
       364
      ],
      [
       1237090.8393366395,
       449439.73182103224,
       364
      ],
      [
       1237090.906025201,
       449439.96999560145,
       364
      ],
      [
       1237091.00877966,
       449440.3782740502,
       364
      ],
      [
       1237091.147600016,
       449440.9566563784,
       364
      ],
      [
       1237091.3224862695,
       449441.7051425861,
       364
      ],
      [
       1237091.4022737301,
       449442.4333980841,
       364
      ],
      [
       1237091.386962398,
       449443.1414228724,
       364
      ],
      [
       1237091.2765522732,
       449443.829216951,
       364
      ],
      [
       1237091.0710433552,
       449444.4967803199,
       364
      ],
      [
       1237090.729790115,
       449445.01353299315,
       364
      ],
      [
       1237090.2527925523,
       449445.37947497086,
       364
      ],
      [
       1237089.640050667,
       449445.59460625285,
       364
      ],
      [
       1237088.8915644598,
       449445.65892683924,
       364
      ],
      [
       1237088.1430782522,
       449445.6885659244,
       364
      ],
      [
       1237087.3945920444,
       449445.68352350825,
       364
      ],
      [
       1237086.6461058366,
       449445.6437995909,
       364
      ],
      [
       1237085.8976196288,
       449445.5693941723,
       364
      ],
      [
       1237085.2392770895,
       449445.5363420261,
       364
      ],
      [
       1237084.671078219,
       449445.5446431523,
       364
      ],
      [
       1237084.193023017,
       449445.59429755085,
       364
      ],
      [
       1237083.8051114832,
       449445.6853052218,
       364
      ],
      [
       1237083.4240341645,
       449445.8046430956,
       364
      ],
      [
       1237083.0497910606,
       449445.9523111721,
       364
      ],
      [
       1237082.6823821715,
       449446.1283094514,
       364
      ],
      [
       1237082.3218074976,
       449446.33263793355,
       364
      ],
      [
       1237081.8724175682,
       449446.6219237265,
       364
      ],
      [
       1237081.3342123837,
       449446.9961668303,
       364
      ],
      [
       1237080.7071919437,
       449447.455367245,
       364
      ],
      [
       1237079.9913562483,
       449447.99952497054,
       364
      ],
      [
       1237079.458457922,
       449448.5947648167,
       364
      ],
      [
       1237079.1084969647,
       449449.24108678335,
       364
      ],
      [
       1237078.9414733765,
       449449.93849087047,
       364
      ],
      [
       1237078.9573871573,
       449450.6869770781,
       364
      ],
      [
       1237079.0287219093,
       449451.4354632858,
       364
      ],
      [
       1237079.1554776325,
       449452.1839494934,
       364
      ],
      [
       1237079.337654327,
       449452.9324357011,
       364
      ],
      [
       1237079.5752519933,
       449453.6809219088,
       364
      ],
      [
       1237079.7004442133,
       449454.4294081165,
       364
      ],
      [
       1237079.7132309878,
       449455.1778943241,
       364
      ],
      [
       1237079.6136123163,
       449455.9263805318,
       364
      ],
      [
       1237079.401588199,
       449456.6748667395,
       364
      ],
      [
       1237079.2240356505,
       449457.2650085625,
       364
      ],
      [
       1237079.0809546711,
       449457.69680600084,
       364
      ],
      [
       1237078.9723452604,
       449457.97025905445,
       364
      ],
      [
       1237078.8982074189,
       449458.0853677234,
       364
      ],
      [
       1237078.6554824854,
       449458.30218717596,
       364
      ],
      [
       1237078.2441704609,
       449458.6207174121,
       364
      ],
      [
       1237077.6642713444,
       449459.0409584318,
       364
      ],
      [
       1237076.915785137,
       449459.562910235,
       364
      ],
      [
       1237076.1672989293,
       449459.98078014783,
       364
      ],
      [
       1237075.4188127215,
       449460.2945681702,
       364
      ],
      [
       1237074.6703265137,
       449460.50427430216,
       364
      ],
      [
       1237073.9218403064,
       449460.6098985437,
       364
      ],
      [
       1237073.3382697105,
       449460.6905670983,
       364
      ],
      [
       1237072.9196147271,
       449460.74627996597,
       364
      ],
      [
       1237072.6658753552,
       449460.77703714685,
       364
      ],
      [
       1237072.5770515958,
       449460.78283864073,
       364
      ],
      [
       1237072.3455181639,
       449460.80367535294,
       364
      ],
      [
       1237071.9712750602,
       449460.8395472836,
       364
      ],
      [
       1237071.4543222843,
       449460.8904544324,
       364
      ],
      [
       1237070.794659836,
       449460.9563967994,
       364
      ],
      [
       1237070.112791448,
       449461.12689176766,
       364
      ],
      [
       1237069.40871712,
       449461.401939337,
       364
      ],
      [
       1237068.6824368523,
       449461.78153950744,
       364
      ],
      [
       1237067.933950645,
       449462.26569227903,
       364
      ],
      [
       1237067.34748335,
       449462.6784046249,
       364
      ],
      [
       1237066.9230349679,
       449463.0196765452,
       364
      ],
      [
       1237066.6606054986,
       449463.2895080399,
       364
      ],
      [
       1237066.5601949426,
       449463.4878991089,
       364
      ],
      [
       1237066.5092873853,
       449463.8238139625,
       364
      ],
      [
       1237066.5078828274,
       449464.29725260084,
       364
      ],
      [
       1237066.5559812684,
       449464.9082150238,
       364
      ],
      [
       1237066.6535827087,
       449465.6567012315,
       364
      ],
      [
       1237066.727486068,
       449466.219689206,
       364
      ],
      [
       1237066.7776913461,
       449466.5971789473,
       364
      ],
      [
       1237066.8041985433,
       449466.7891704555,
       364
      ],
      [
       1237066.8070076592,
       449466.7956637305,
       364
      ],
      [
       1237066.9087850791,
       449466.98603191995,
       364
      ],
      [
       1237067.1095308026,
       449467.3602750238,
       364
      ],
      [
       1237067.40924483,
       449467.91839304205,
       364
      ],
      [
       1237067.8079271612,
       449468.6603859747,
       364
      ],
      [
       1237068.1912338687,
       449469.4040022261,
       364
      ],
      [
       1237068.5591649525,
       449470.1492417962,
       364
      ],
      [
       1237068.9117204126,
       449470.89610468515,
       364
      ],
      [
       1237069.2489002487,
       449471.6445908929,
       364
      ],
      [
       1237069.504941136,
       449472.2137795549,
       364
      ],
      [
       1237069.6798430742,
       449472.6036706711,
       364
      ],
      [
       1237069.7736060633,
       449472.8142642417,
       364
      ],
      [
       1237069.7862301036,
       449472.84556026664,
       364
      ],
      [
       1237069.864235952,
       449473.048329831,
       364
      ],
      [
       1237070.0076236082,
       449473.4225729349,
       364
      ],
      [
       1237070.2163930729,
       449473.96828957816,
       364
      ],
      [
       1237070.4905443455,
       449474.6854797609,
       364
      ],
      [
       1237070.706728644,
       449475.41049394995,
       364
      ],
      [
       1237070.8649459686,
       449476.1433321451,
       364
      ],
      [
       1237070.9651963192,
       449476.8839943466,
       364
      ],
      [
       1237071.0074796956,
       449477.6324805542,
       364
      ],
      [
       1237070.9600835657,
       449478.2440062633,
       364
      ],
      [
       1237070.8230079296,
       449478.71857147384,
       364
      ],
      [
       1237070.5962527867,
       449479.05617618584,
       364
      ],
      [
       1237070.2798181376,
       449479.2568203993,
       364
      ],
      [
       1237069.8553705988,
       449479.46970025706,
       364
      ],
      [
       1237069.3229101703,
       449479.6948157592,
       364
      ],
      [
       1237068.6824368523,
       449479.9321669057,
       364
      ],
      [
       1237067.933950645,
       449480.1817536965,
       364
      ],
      [
       1237067.2486491492,
       449480.44350759056,
       364
      ],
      [
       1237066.626532366,
       449480.71742858767,
       364
      ],
      [
       1237066.0676002945,
       449481.0035166879,
       364
      ],
      [
       1237065.5718529355,
       449481.3017718913,
       364
      ],
      [
       1237065.1368577038,
       449481.5639564651,
       364
      ],
      [
       1237064.7626146001,
       449481.79007040925,
       364
      ],
      [
       1237064.449123624,
       449481.98011372384,
       364
      ],
      [
       1237064.1963847755,
       449482.1340864088,
       364
      ],
      [
       1237063.844133278,
       449482.39819430327,
       364
      ],
      [
       1237063.392369131,
       449482.77243740705,
       364
      ],
      [
       1237062.8410923353,
       449483.25681572035,
       364
      ],
      [
       1237062.1903028903,
       449483.85132924304,
       364
      ],
      [
       1237061.677786616,
       449484.3209814429,
       364
      ],
      [
       1237061.303543512,
       449484.66577232024,
       364
      ],
      [
       1237061.0675735786,
       449484.8857018746,
       364
      ],
      [
       1237060.969876816,
       449484.9807701062,
       364
      ],
      [
       1237060.72501933,
       449485.21542577393,
       364
      ],
      [
       1237060.3330011205,
       449485.5896688778,
       364
      ],
      [
       1237059.7938221875,
       449486.1034994177,
       364
      ],
      [
       1237059.107482531,
       449486.7569173937,
       364
      ],
      [
       1237058.577191151,
       449487.26206659264,
       364
      ],
      [
       1237058.2029480473,
       449487.6189470144,
       364
      ],
      [
       1237057.9847532196,
       449487.82755865896,
       364
      ],
      [
       1237057.9226066682,
       449487.88790152647,
       364
      ],
      [
       1237057.7205524258,
       449488.1051945121,
       364
      ],
      [
       1237057.378590493,
       449488.4794376159,
       364
      ],
      [
       1237056.896720869,
       449489.01063083793,
       364
      ],
      [
       1237056.2749435543,
       449489.6987741782,
       364
      ],
      [
       1237055.776933345,
       449490.28597457416,
       364
      ],
      [
       1237055.402690241,
       449490.77223202586,
       364
      ],
      [
       1237055.1522142428,
       449491.15754653333,
       364
      ],
      [
       1237055.02550535,
       449491.44191809645,
       364
      ],
      [
       1237054.8780166253,
       449491.77122542995,
       364
      ],
      [
       1237054.7097480693,
       449492.14546853385,
       364
      ],
      [
       1237054.5206996815,
       449492.56464740797,
       364
      ],
      [
       1237054.310871462,
       449493.0287620525,
       364
      ],
      [
       1237054.1227554234,
       449493.5639695878,
       364
      ],
      [
       1237053.9563515652,
       449494.17027001374,
       364
      ],
      [
       1237053.8116598877,
       449494.8476633306,
       364
      ],
      [
       1237053.6886803906,
       449495.5961495383,
       364
      ],
      [
       1237053.5868702913,
       449496.344635746,
       364
      ],
      [
       1237053.5062295902,
       449497.0931219536,
       364
      ],
      [
       1237053.4467582866,
       449497.8416081613,
       364
      ],
      [
       1237053.408456381,
       449498.59009436896,
       364
      ],
      [
       1237053.3627876784,
       449499.33858057664,
       364
      ],
      [
       1237053.3097521784,
       449500.08706678427,
       364
      ],
      [
       1237053.2493498817,
       449500.83555299195,
       364
      ],
      [
       1237053.1815807878,
       449501.5840391997,
       364
      ],
      [
       1237053.0533520945,
       449502.2716855065,
       364
      ],
      [
       1237052.8646638016,
       449502.8984919125,
       364
      ],
      [
       1237052.6155159094,
       449503.4644584177,
       364
      ],
      [
       1237052.3059084176,
       449503.969585022,
       364
      ],
      [
       1237051.8865812467,
       449504.2414639464,
       364
      ],
      [
       1237051.3575343972,
       449504.2800951908,
       364
      ],
      [
       1237050.7187678684,
       449504.08547875524,
       364
      ],
      [
       1237049.9702816608,
       449503.65761463967,
       364
      ],
      [
       1237049.3937065187,
       449503.3174009308,
       364
      ],
      [
       1237048.9890424425,
       449503.0648376286,
       364
      ],
      [
       1237048.7562894318,
       449502.89992473315,
       364
      ],
      [
       1237048.6954474864,
       449502.8226622444,
       364
      ],
      [
       1237048.477904962,
       449502.60278821917,
       364
      ],
      [
       1237048.1036618582,
       449502.2403026576,
       364
      ],
      [
       1237047.5727181751,
       449501.7352055596,
       364
      ],
      [
       1237046.8850739123,
       449501.0874969251,
       364
      ],
      [
       1237046.3539141368,
       449500.576521056,
       364
      ],
      [
       1237045.9792388482,
       449500.20227795216,
       364
      ],
      [
       1237045.7610480464,
       449499.9647676136,
       364
      ],
      [
       1237045.6993417318,
       449499.8639900404,
       364
      ],
      [
       1237045.4813670227,
       449499.623472028,
       364
      ],
      [
       1237045.1071239188,
       449499.2432135767,
       364
      ],
      [
       1237044.5766124204,
       449498.7232146862,
       364
      ],
      [
       1237043.8898325274,
       449498.06347535667,
       364
      ],
      [
       1237043.3516841833,
       449497.54648414004,
       364
      ],
      [
       1237042.9621673883,
       449497.1722410362,
       364
      ],
      [
       1237042.7212821424,
       449496.9407460452,
       364
      ],
      [
       1237042.6290284456,
       449496.85199916706,
       364
      ],
      [
       1237042.395780045,
       449496.70207787346,
       364
      ],
      [
       1237042.0215369414,
       449496.49098216445,
       364
      ],
      [
       1237041.506299134,
       449496.21871204005,
       364
      ],
      [
       1237040.8500666232,
       449495.88526750024,
       364
      ],
      [
       1237040.1707706882,
       449495.6308096527,
       364
      ],
      [
       1237039.468411329,
       449495.4553384974,
       364
      ],
      [
       1237038.7429885454,
       449495.3588540344,
       364
      ],
      [
       1237037.994502338,
       449495.34135626367,
       364
      ],
      [
       1237037.3084957192,
       449495.4159685133,
       364
      ],
      [
       1237036.6849686892,
       449495.5826907832,
       364
      ],
      [
       1237036.1239212481,
       449495.84152307344,
       364
      ],
      [
       1237035.625353396,
       449496.19246538397,
       364
      ],
      [
       1237035.188947918,
       449496.50608568743,
       364
      ],
      [
       1237034.814704814,
       449496.78238398384,
       364
      ],
      [
       1237034.5026240845,
       449497.0213602732,
       364
      ],
      [
       1237034.2527057293,
       449497.22301455546,
       364
      ],
      [
       1237033.8781454107,
       449497.4913942916,
       364
      ],
      [
       1237033.3789431292,
       449497.8264994815,
       364
      ],
      [
       1237032.7550988845,
       449498.2283301253,
       364
      ],
      [
       1237032.0066126767,
       449498.6968862228,
       364
      ],
      [
       1237031.4111437665,
       449499.06787225296,
       364
      ],
      [
       1237030.968692154,
       449499.3412882157,
       364
      ],
      [
       1237030.679257839,
       449499.51713411097,
       364
      ],
      [
       1237030.5428408217,
       449499.5954099388,
       364
      ],
      [
       1237030.2875107608,
       449499.7610103681,
       364
      ],
      [
       1237029.913267657,
       449500.013935399,
       364
      ],
      [
       1237029.42011151,
       449500.3541850315,
       364
      ],
      [
       1237028.8080423197,
       449500.7817592656,
       364
      ],
      [
       1237028.2360901246,
       449501.1826679345,
       364
      ],
      [
       1237027.7042549243,
       449501.55691103835,
       364
      ],
      [
       1237027.2125367192,
       449501.90448857704,
       364
      ],
      [
       1237026.7609355086,
       449502.22540055064,
       364
      ],
      [
       1237026.3480133517,
       449502.5332374475,
       364
      ],
      [
       1237025.9737702478,
       449502.8279992676,
       364
      ],
      [
       1237025.6382061972,
       449503.1096860108,
       364
      ],
      [
       1237025.3413212,
       449503.37829767715,
       364
      ],
      [
       1237024.9530415933,
       449503.69972506224,
       364
      ],
      [
       1237024.4733673776,
       449504.07396816614,
       364
      ],
      [
       1237023.9022985531,
       449504.50102698867,
       364
      ],
      [
       1237023.2398351196,
       449504.9809015299,
       364
      ],
      [
       1237022.7214818508,
       449505.35622916976,
       364
      ],
      [
       1237022.3472387472,
       449505.6270099083,
       364
      ],
      [
       1237022.1171058083,
       449505.79324374546,
       364
      ],
      [
       1237022.0310830341,
       449505.85493068106,
       364
      ],
      [
       1237021.7794444016,
       449506.0555588942,
       364
      ],
      [
       1237021.3621899108,
       449506.3951283846,
       364
      ],
      [
       1237020.7793195616,
       449506.8736391524,
       364
      ],
      [
       1237020.0308333542,
       449507.49109119753,
       364
      ],
      [
       1237019.4550818044,
       449507.97151703807,
       364
      ],
      [
       1237019.0520649129,
       449508.31491667405,
       364
      ],
      [
       1237018.8217826793,
       449508.5212901055,
       364
      ],
      [
       1237018.7642351037,
       449508.5906373323,
       364
      ],
      [
       1237018.646091279,
       449508.8297693044,
       364
      ],
      [
       1237018.467351205,
       449509.23868602165,
       364
      ],
      [
       1237018.2280148815,
       449509.8173874841,
       364
      ],
      [
       1237017.928082309,
       449510.5658736917,
       364
      ],
      [
       1237017.7145995558,
       449511.3143598994,
       364
      ],
      [
       1237017.587566622,
       449512.062846107,
       364
      ],
      [
       1237017.546983508,
       449512.8113323147,
       364
      ],
      [
       1237017.5928502134,
       449513.5598185224,
       364
      ],
      [
       1237017.6376627753,
       449514.3083047301,
       364
      ],
      [
       1237017.6814211942,
       449515.0567909377,
       364
      ],
      [
       1237017.72412547,
       449515.8052771454,
       364
      ],
      [
       1237017.7657756025,
       449516.5537633531,
       364
      ],
      [
       1237017.6773824776,
       449517.2730884255,
       364
      ],
      [
       1237017.4589460953,
       449517.9632523627,
       364
      ],
      [
       1237017.1104664553,
       449518.6242551646,
       364
      ],
      [
       1237016.6319435579,
       449519.25609683123,
       364
      ],
      [
       1237016.085929833,
       449519.7124544668,
       364
      ],
      [
       1237015.4724252804,
       449519.9933280712,
       364
      ],
      [
       1237014.7914299,
       449520.0987176445,
       364
      ],
      [
       1237014.0429436928,
       449520.02862318675,
       364
      ],
      [
       1237013.294457485,
       449519.8876001327,
       364
      ],
      [
       1237012.5459712772,
       449519.6756484823,
       364
      ],
      [
       1237011.7974850694,
       449519.39276823564,
       364
      ],
      [
       1237011.048998862,
       449519.0389593927,
       364
      ],
      [
       1237010.409112888,
       449518.721618169,
       364
      ],
      [
       1237009.8778271475,
       449518.4407445646,
       364
      ],
      [
       1237009.4551416407,
       449518.1963385794,
       364
      ],
      [
       1237009.1410563677,
       449517.9884002134,
       364
      ],
      [
       1237008.7968921792,
       449517.7738637611,
       364
      ],
      [
       1237008.4226490753,
       449517.55272922246,
       364
      ],
      [
       1237008.0183270562,
       449517.32499659737,
       364
      ],
      [
       1237007.583926122,
       449517.09066588583,
       364
      ],
      [
       1237007.0710038692,
       449516.89709549904,
       364
      ],
      [
       1237006.479560298,
       449516.74428543693,
       364
      ],
      [
       1237005.8095954084,
       449516.63223569945,
       364
      ],
      [
       1237005.0611092006,
       449516.5609462866,
       364
      ],
      [
       1237004.4128348273,
       449516.58388425806,
       364
      ],
      [
       1237003.8647722881,
       449516.70104961377,
       364
      ],
      [
       1237003.4169215835,
       449516.9124423538,
       364
      ],
      [
       1237003.0692827133,
       449517.2180624781,
       364
      ],
      [
       1237002.708341726,
       449517.55072765565,
       364
      ],
      [
       1237002.3340986222,
       449517.91043788637,
       364
      ],
      [
       1237001.9465534016,
       449518.2971931703,
       364
      ],
      [
       1237001.5457060644,
       449518.7109935074,
       364
      ],
      [
       1237001.171048954,
       449519.10501522786,
       364
      ],
      [
       1237000.8225820698,
       449519.4792583317,
       364
      ],
      [
       1237000.5003054126,
       449519.83372281893,
       364
      ],
      [
       1237000.2042189818,
       449520.16840868944,
       364
      ],
      [
       1236999.8690542146,
       449520.5396786112,
       364
      ],
      [
       1236999.494811111,
       449520.94753258425,
       364
      ],
      [
       1236999.0814896706,
       449521.3919706085,
       364
      ],
      [
       1236998.6290898933,
       449521.87299268396,
       364
      ],
      [
       1236998.2168347123,
       449522.3006252736,
       364
      ],
      [
       1236997.844724128,
       449522.6748683774,
       364
      ],
      [
       1236997.5127581395,
       449522.9957219955,
       364
      ],
      [
       1236997.2209367475,
       449523.26318612765,
       364
      ],
      [
       1236996.8879044997,
       449523.57642576285,
       364
      ],
      [
       1236996.5136613958,
       449523.9354409011,
       364
      ],
      [
       1236996.098207436,
       449524.34023154236,
       364
      ],
      [
       1236995.6415426205,
       449524.7907976866,
       364
      ],
      [
       1236995.2249775012,
       449525.2032023107,
       364
      ],
      [
       1236994.8485120782,
       449525.57744541456,
       364
      ],
      [
       1236994.5121463514,
       449525.91352699813,
       364
      ],
      [
       1236994.2158803209,
       449526.2114470615,
       364
      ],
      [
       1236993.8806257537,
       449526.56281919463,
       364
      ],
      [
       1236993.5063826498,
       449526.9676433974,
       364
      ],
      [
       1236993.0931510094,
       449527.42591966985,
       364
      ],
      [
       1236992.6409308324,
       449527.937648012,
       364
      ],
      [
       1236992.2434078164,
       449528.380633735,
       364
      ],
      [
       1236991.9005819617,
       449528.7548768388,
       364
      ],
      [
       1236991.6124532684,
       449529.0603773235,
       364
      ],
      [
       1236991.3790217359,
       449529.297135189,
       364
      ],
      [
       1236991.075184418,
       449529.62049597624,
       364
      ],
      [
       1236990.700941314,
       449530.03045968513,
       364
      ],
      [
       1236990.2562924244,
       449530.5270263158,
       364
      ],
      [
       1236989.741237749,
       449531.1101958681,
       364
      ],
      [
       1236989.3155224929,
       449531.5889021962,
       364
      ],
      [
       1236988.9791466559,
       449531.96314530005,
       364
      ],
      [
       1236988.7321102386,
       449532.23292517965,
       364
      ],
      [
       1236988.5744132404,
       449532.398241835,
       364
      ],
      [
       1236988.3084431896,
       449532.6821582875,
       364
      ],
      [
       1236987.9342000857,
       449533.084674537,
       364
      ],
      [
       1236987.451683929,
       449533.60579058377,
       364
      ],
      [
       1236986.8608947194,
       449534.2455064276,
       364
      ],
      [
       1236986.3874482482,
       449534.7524859014,
       364
      ],
      [
       1236986.0313445157,
       449535.12672900525,
       364
      ],
      [
       1236985.7925835215,
       449535.3682357391,
       364
      ],
      [
       1236985.671165266,
       449535.4770061029,
       364
      ],
      [
       1236985.4233345864,
       449535.7150684546,
       364
      ],
      [
       1236985.0490914825,
       449536.0824227943,
       364
      ],
      [
       1236984.5484359544,
       449536.57906912186,
       364
      ],
      [
       1236983.9213680024,
       449537.2050074375,
       364
      ],
      [
       1236983.4255430487,
       449537.70509814715,
       364
      ],
      [
       1236983.0609610938,
       449538.07934125094,
       364
      ],
      [
       1236982.8276221373,
       449538.32773674896,
       364
      ],
      [
       1236982.7255261792,
       449538.45028464106,
       364
      ],
      [
       1236982.550517132,
       449538.72931711207,
       364
      ],
      [
       1236982.302594996,
       449539.16483416205,
       364
      ],
      [
       1236981.9817597708,
       449539.7568357908,
       364
      ],
      [
       1236981.5880114567,
       449540.5053219985,
       364
      ],
      [
       1236981.229539737,
       449541.1491013379,
       364
      ],
      [
       1236980.9063446126,
       449541.68817380903,
       364
      ],
      [
       1236980.6184260822,
       449542.12253941194,
       364
      ],
      [
       1236980.3657841468,
       449542.4521981465,
       364
      ],
      [
       1236980.1081480894,
       449542.80414906575,
       364
      ],
      [
       1236979.8455179103,
       449543.1783921696,
       364
      ],
      [
       1236979.5778936096,
       449543.574927458,
       364
      ],
      [
       1236979.305275187,
       449543.9937549311,
       364
      ],
      [
       1236978.9818444238,
       449544.49493434024,
       364
      ],
      [
       1236978.60760132,
       449545.0784656855,
       364
      ],
      [
       1236978.1825458754,
       449545.74434896675,
       364
      ],
      [
       1236977.7066780904,
       449546.4925841841,
       364
      ],
      [
       1236977.3497295748,
       449547.0538233447,
       364
      ],
      [
       1236977.111700328,
       449547.42806644854,
       364
      ],
      [
       1236976.992590351,
       449547.61531349557,
       364
      ],
      [
       1236976.9923996432,
       449547.61556448595,
       364
      ],
      [
       1236976.805182737,
       449547.8021971713,
       364
      ],
      [
       1236976.4309396332,
       449548.17521155166,
       364
      ],
      [
       1236975.8696703315,
       449548.73460762715,
       364
      ],
      [
       1236975.1213748318,
       449549.4803853976,
       364
      ],
      [
       1236974.5595235731,
       449550.0403958348,
       364
      ],
      [
       1236974.1841165554,
       449550.4146389386,
       364
      ],
      [
       1236973.9951537785,
       449550.60311470914,
       364
      ],
      [
       1236973.9926352424,
       449550.6058231463,
       364
      ],
      [
       1236973.8158380103,
       449550.79497602605,
       364
      ],
      [
       1236973.464762082,
       449551.17057334847,
       364
      ],
      [
       1236972.9394074578,
       449551.7326151135,
       364
      ],
      [
       1236972.2397741375,
       449552.4811013212,
       364
      ],
      [
       1236971.7034655595,
       449553.0544595079,
       364
      ],
      [
       1236971.3304817234,
       449553.45268967375,
       364
      ],
      [
       1236971.12082263,
       449553.6757918187,
       364
      ],
      [
       1236971.0744882785,
       449553.7237659427,
       364
      ],
      [
       1236970.852615963,
       449553.8915432227,
       364
      ],
      [
       1236970.4552056836,
       449554.17912365886,
       364
      ],
      [
       1236969.88225744,
       449554.58650725096,
       364
      ],
      [
       1236969.1337712326,
       449555.113693999,
       364
      ],
      [
       1236968.385285025,
       449555.54334166105,
       364
      ],
      [
       1236967.6367988172,
       449555.87545023696,
       364
      ],
      [
       1236966.8883126094,
       449556.1100197267,
       364
      ],
      [
       1236966.1398264016,
       449556.2470501302,
       364
      ],
      [
       1236965.5466668415,
       449556.35889666586,
       364
      ],
      [
       1236965.108833929,
       449556.4455593337,
       364
      ],
      [
       1236964.8263276638,
       449556.50703813357,
       364
      ],
      [
       1236964.6991480466,
       449556.54333306546,
       364
      ],
      [
       1236964.4484366858,
       449556.62819676794,
       364
      ],
      [
       1236964.074193582,
       449556.76162924094,
       364
      ],
      [
       1236963.576418735,
       449556.9436304844,
       364
      ],
      [
       1236962.9551121448,
       449557.17420049844,
       364
      ],
      [
       1236962.3395421652,
       449557.4766070574,
       364
      ],
      [
       1236961.7297087954,
       449557.85085016116,
       364
      ],
      [
       1236961.125612036,
       449558.29692980996,
       364
      ],
      [
       1236960.5272518874,
       449558.81484600354,
       364
      ],
      [
       1236960.040950261,
       449559.2537009481,
       364
      ],
      [
       1236959.6667071572,
       449559.6134946436,
       364
      ],
      [
       1236959.404522576,
       449559.89422709006,
       364
      ],
      [
       1236959.2543965168,
       449560.09589828737,
       364
      ],
      [
       1236959.0345359752,
       449560.383855438,
       364
      ],
      [
       1236958.74494095,
       449560.75809854176,
       364
      ],
      [
       1236958.3856114424,
       449561.21862759884,
       364
      ],
      [
       1236957.9565474512,
       449561.7654426092,
       364
      ],
      [
       1236957.554893904,
       449562.3224184137,
       364
      ],
      [
       1236957.1806508,
       449562.8895550124,
       364
      ],
      [
       1236956.8338181397,
       449563.46685240517,
       364
      ],
      [
       1236956.5143959231,
       449564.05431059207,
       364
      ],
      [
       1236956.2499268528,
       449564.53516123747,
       364
      ],
      [
       1236956.0404109287,
       449564.9094043413,
       364
      ],
      [
       1236955.8858481508,
       449565.1770399036,
       364
      ],
      [
       1236955.7862385192,
       449565.3380679244,
       364
      ],
      [
       1236955.676592091,
       449565.64596049185,
       364
      ],
      [
       1236955.5569088664,
       449566.100717606,
       364
      ],
      [
       1236955.4271888451,
       449566.70233926695,
       364
      ],
      [
       1236955.2874320273,
       449567.4508254746,
       364
      ],
      [
       1236955.2210762184,
       449568.19931168226,
       364
      ],
      [
       1236955.2281214185,
       449568.9477978899,
       364
      ],
      [
       1236955.3085676276,
       449569.69628409756,
       364
      ],
      [
       1236955.4624148458,
       449570.4447703053,
       364
      ],
      [
       1236955.5991800674,
       449571.05412128544,
       364
      ],
      [
       1236955.7188632921,
       449571.5243370381,
       364
      ],
      [
       1236955.82146452,
       449571.85541756323,
       364
      ],
      [
       1236955.9069837513,
       449572.04736286076,
       364
      ],
      [
       1236956.0277302216,
       449572.33045706153,
       364
      ],
      [
       1236956.1837039313,
       449572.7047001653,
       364
      ],
      [
       1236956.37490488,
       449573.1700921723,
       364
      ],
      [
       1236956.601333068,
       449573.7266330824,
       364
      ],
      [
       1236956.8750106303,
       449574.3311603168,
       364
      ],
      [
       1236957.1959375674,
       449574.9836738757,
       364
      ],
      [
       1236957.5641138786,
       449575.68417375896,
       364
      ],
      [
       1236957.9795395646,
       449576.43265996664,
       364
      ],
      [
       1236958.3177669123,
       449577.0434569944,
       364
      ],
      [
       1236958.5787959225,
       449577.51656484226,
       364
      ],
      [
       1236958.7626265942,
       449577.8519835102,
       364
      ],
      [
       1236958.869258928,
       449578.04971299815,
       364
      ],
      [
       1236959.0379963408,
       449578.33569929405,
       364
      ],
      [
       1236959.268838832,
       449578.7099423979,
       364
      ],
      [
       1236959.561786402,
       449579.1724423097,
       364
      ],
      [
       1236959.916839051,
       449579.72319902934,
       364
      ],
      [
       1236960.2698319037,
       449580.323388121,
       364
      ],
      [
       1236960.62076496,
       449580.97300958465,
       364
      ],
      [
       1236960.9696382198,
       449581.6720634203,
       364
      ],
      [
       1236961.3164516832,
       449582.420549628,
       364
      ],
      [
       1236961.5402374319,
       449583.16903583566,
       364
      ],
      [
       1236961.6409954662,
       449583.9175220433,
       364
      ],
      [
       1236961.618725785,
       449584.66600825096,
       364
      ],
      [
       1236961.4734283895,
       449585.41449445864,
       364
      ],
      [
       1236961.2253131634,
       449586.1254713964,
       364
      ],
      [
       1236960.8743801075,
       449586.79893906415,
       364
      ],
      [
       1236960.420629221,
       449587.434897462,
       364
      ],
      [
       1236959.864060504,
       449588.0333465899,
       364
      ],
      [
       1236959.3878771488,
       449588.51969270577,
       364
      ],
      [
       1236958.9920791553,
       449588.8939358096,
       364
      ],
      [
       1236958.6766665233,
       449589.15607590147,
       364
      ],
      [
       1236958.4416392532,
       449589.3061129812,
       364
      ],
      [
       1236958.1370040663,
       449589.4936570969,
       364
      ],
      [
       1236957.7627609624,
       449589.71870824834,
       364
      ],
      [
       1236957.3189099417,
       449589.9812664358,
       364
      ],
      [
       1236956.8054510043,
       449590.28133165906,
       364
      ],
      [
       1236956.2980205475,
       449590.61848582263,
       364
      ],
      [
       1236955.7966185715,
       449590.9927289265,
       364
      ],
      [
       1236955.301245076,
       449591.40406097064,
       364
      ],
      [
       1236954.8119000613,
       449591.852481955,
       364
      ],
      [
       1236954.398772263,
       449592.37591924524,
       364
      ],
      [
       1236954.0618616813,
       449592.9743728412,
       364
      ],
      [
       1236953.8011683158,
       449593.6478427431,
       364
      ],
      [
       1236953.616692167,
       449594.3963289507,
       364
      ],
      [
       1236953.4978447189,
       449595.14481515833,
       364
      ],
      [
       1236953.4446259718,
       449595.89330136613,
       364
      ],
      [
       1236953.4570359252,
       449596.64178757375,
       364
      ],
      [
       1236953.5350745795,
       449597.3902737814,
       364
      ],
      [
       1236953.6364706503,
       449598.13875998906,
       364
      ],
      [
       1236953.7612241376,
       449598.8872461967,
       364
      ],
      [
       1236953.9093350412,
       449599.63573240436,
       364
      ],
      [
       1236954.0808033608,
       449600.3842186121,
       364
      ],
      [
       1236954.2723960925,
       449601.1327048198,
       364
      ],
      [
       1236954.4841132357,
       449601.8811910274,
       364
      ],
      [
       1236954.715954791,
       449602.6296772351,
       364
      ],
      [
       1236954.9679207583,
       449603.3781634428,
       364
      ],
      [
       1236955.1999822892,
       449604.053087502,
       364
      ],
      [
       1236955.4121393836,
       449604.6544494129,
       364
      ],
      [
       1236955.6043920424,
       449605.1822491754,
       364
      ],
      [
       1236955.7767402646,
       449605.63648678956,
       364
      ],
      [
       1236955.9336586385,
       449606.05072714854,
       364
      ],
      [
       1236956.075147164,
       449606.4249702523,
       364
      ],
      [
       1236956.2012058408,
       449606.759216101,
       364
      ],
      [
       1236956.3118346692,
       449607.05346469465,
       364
      ],
      [
       1236956.5006401532,
       449607.4612726917,
       364
      ],
      [
       1236956.767622293,
       449607.9826400923,
       364
      ],
      [
       1236957.112781088,
       449608.6175668965,
       364
      ],
      [
       1236957.5361165393,
       449609.36605310417,
       364
      ],
      [
       1236957.9072486095,
       449609.97516530345,
       364
      ],
      [
       1236958.2261772992,
       449610.4449034943,
       364
      ],
      [
       1236958.4929026081,
       449610.7752676768,
       364
      ]
     ]
    },
    "elevationFt": 364,
    "weight": "intermediate",
    "hidden": false
   }
  },
  {
   "type": "Feature",
   "geometry": {
    "type": "LineString",
    "coordinates": [
     [
      -77.26457050446253,
      38.90070413326935
     ],
     [
      -77.26457138822393,
      38.90070481643854
     ],
     [
      -77.26457238590302,
      38.90070584184875
     ],
     [
      -77.26457349749987,
      38.9007072095
     ],
     [
      -77.26457472301448,
      38.900708919392265
     ],
     [
      -77.26457606244686,
      38.90071097152556
     ],
     [
      -77.26457672299122,
      38.90071302519636
     ],
     [
      -77.26457670464751,
      38.90071508040462
     ],
     [
      -77.26457600741564,
      38.90071713715041
     ],
     [
      -77.26457463129559,
      38.90071919543365
     ],
     [
      -77.26457339257395,
      38.90072092576354
     ],
     [
      -77.26457229125076,
      38.900722328140034
     ],
     [
      -77.26457132732604,
      38.90072340256317
     ],
     [
      -77.26457050079979,
      38.90072414903293
     ],
     [
      -77.2645692919349,
      38.90072503786128
     ],
     [
      -77.26456770073133,
      38.900726069048176
     ],
     [
      -77.26456572718905,
      38.90072724259361
     ],
     [
      -77.26456337130803,
      38.90072855849759
     ],
     [
      -77.26456153720824,
      38.90072958260462
     ],
     [
      -77.26456022488975,
      38.90073031491468
     ],
     [
      -77.26455943435256,
      38.90073075542788
     ],
     [
      -77.26455916559671,
      38.90073090414416
     ],
     [
      -77.26455878452106,
      38.900730979060974
     ],
     [
      -77.26455829112561,
      38.90073098017831
     ],
     [
      -77.26455768541035,
      38.900730907496154
     ],
     [
      -77.26455696737531,
      38.900730761014536
     ],
     [
      -77.26455610826284,
      38.90073013808761
     ],
     [
      -77.26455510807295,
      38.900729038715404
     ],
     [
      -77.2645539668057,
      38.9007274628979
     ],
     [
      -77.26455268446112,
      38.90072541063507
     ],
     [
      -77.26455156200555,
      38.900723538092905
     ],
     [
      -77.26455059943899,
      38.90072184527142
     ],
     [
      -77.26454979676144,
      38.900720332170586
     ],
     [
      -77.26454915397285,
      38.90071899879043
     ],
     [
      -77.26454860778725,
      38.90071781881769
     ],
     [
      -77.26454815820458,
      38.90071679225242
     ],
     [
      -77.26454780522485,
      38.900715919094566
     ],
     [
      -77.26454754884809,
      38.900715199344134
     ],
     [
      -77.26454718314118,
      38.900714146132366
     ],
     [
      -77.26454670810415,
      38.900712759459225
     ],
     [
      -77.264546123737,
      38.90071103932471
     ],
     [
      -77.26454543003976,
      38.90070898572884
     ],
     [
      -77.26454488704869,
      38.9007069317917
     ],
     [
      -77.26454449476374,
      38.90070487751327
     ],
     [
      -77.26454425318495,
      38.90070282289357
     ],
     [
      -77.26454416231229,
      38.900700767932626
     ],
     [
      -77.26454434852697,
      38.900698851647725
     ],
     [
      -77.26454481182896,
      38.9006970740389
     ],
     [
      -77.26454555221825,
      38.900695435106115
     ],
     [
      -77.26454656969484,
      38.9006939348494
     ],
     [
      -77.26454784965743,
      38.90069318297461
     ],
     [
      -77.26454939210608,
      38.900693179481735
     ],
     [
      -77.2645511970408,
      38.9006939243708
     ],
     [
      -77.2645532644617,
      38.90069541764176
     ],
     [
      -77.26455495735696,
      38.900696613993226
     ],
     [
      -77.26455627572656,
      38.90069751342524
     ],
     [
      -77.26455721957045,
      38.90069811593779
     ],
     [
      -77.26455778888862,
      38.90069842153091
     ],
     [
      -77.26455887437436,
      38.90069891501295
     ],
     [
      -77.26456047602773,
      38.900699596383916
     ],
     [
      -77.26456259384871,
      38.9007004656438
     ],
     [
      -77.26456522783737,
      38.90070152279254
     ],
     [
      -77.26456742426923,
      38.90070248644636
     ],
     [
      -77.2645691831443,
      38.90070335660529
     ],
     [
      -77.26457050446253,
      38.90070413326935
     ]
    ]
   },
   "properties": {
    "id": "ct-3",
    "kind": "Contour",
    "sourceId": "contours",
    "reliabilityLevel": 1,
    "revision": 1,
    "engineeringGeometry": {
     "crs": "EPSG:2248",
     "crsName": "NAD83 / Maryland State Plane (US survey feet)",
     "datum": "NAD83",
     "unit": "usSurveyFoot",
     "coordinates": [
      [
       1237039.489537463,
       449529.02842872834,
       364
      ],
      [
       1237039.2387505337,
       449529.2779660319,
       364
      ],
      [
       1237038.9559052181,
       449529.6522405615,
       364
      ],
      [
       1237038.6410015167,
       449530.1512523171,
       364
      ],
      [
       1237038.2940394292,
       449530.77500129875,
       364
      ],
      [
       1237037.9150189552,
       449531.5234875065,
       364
      ],
      [
       1237037.7292035948,
       449532.2719737142,
       364
      ],
      [
       1237037.7365933475,
       449533.0204599218,
       364
      ],
      [
       1237037.9371882132,
       449533.7689461295,
       364
      ],
      [
       1237038.3309881922,
       449534.5174323371,
       364
      ],
      [
       1237038.6853400324,
       449535.1465921365,
       364
      ],
      [
       1237039.0002437339,
       449535.65642552776,
       364
      ],
      [
       1237039.2756992967,
       449536.0469325107,
       364
      ],
      [
       1237039.511706721,
       449536.31811308535,
       364
      ],
      [
       1237039.8566734237,
       449536.6408249246,
       364
      ],
      [
       1237040.310599405,
       449537.0150680285,
       364
      ],
      [
       1237040.873484665,
       449537.44084239687,
       364
      ],
      [
       1237041.5453292036,
       449537.9181480298,
       364
      ],
      [
       1237042.068373025,
       449538.28961235797,
       364
      ],
      [
       1237042.4426161288,
       449538.5552353813,
       364
      ],
      [
       1237042.6680585153,
       449538.7150170998,
       364
      ],
      [
       1237042.7447001843,
       449538.76895751344,
       364
      ],
      [
       1237042.8532288335,
       449538.7959277203,
       364
      ],
      [
       1237042.9936444634,
       449538.7959277203,
       364
      ],
      [
       1237043.1659470731,
       449538.76895751344,
       364
      ],
      [
       1237043.3701366633,
       449538.7150170998,
       364
      ],
      [
       1237043.6139723375,
       449538.4874402376,
       364
      ],
      [
       1237043.8974540955,
       449538.08622692694,
       364
      ],
      [
       1237044.2205819373,
       449537.5113771678,
       364
      ],
      [
       1237044.5833558629,
       449536.76289096015,
       364
      ],
      [
       1237044.9008169803,
       449536.0799904045,
       364
      ],
      [
       1237045.172965289,
       449535.46267550066,
       364
      ],
      [
       1237045.3998007893,
       449534.9109462489,
       364
      ],
      [
       1237045.5813234812,
       449534.42480264924,
       364
      ],
      [
       1237045.7355160355,
       449533.9946092974,
       364
      ],
      [
       1237045.8623784524,
       449533.6203661936,
       364
      ],
      [
       1237045.961910732,
       449533.3020733377,
       364
      ],
      [
       1237046.0341128744,
       449533.0397307298,
       364
      ],
      [
       1237046.1370771339,
       449532.655852222,
       364
      ],
      [
       1237046.2708035107,
       449532.1504378142,
       364
      ],
      [
       1237046.4352920046,
       449531.5234875065,
       364
      ],
      [
       1237046.6305426154,
       449530.77500129875,
       364
      ],
      [
       1237046.78290369,
       449530.0265150911,
       364
      ],
      [
       1237046.892375228,
       449529.27802888345,
       364
      ],
      [
       1237046.9589572293,
       449528.52954267577,
       364
      ],
      [
       1237046.982649694,
       449527.7810564681,
       364
      ],
      [
       1237046.9276327381,
       449527.08330422634,
       364
      ],
      [
       1237046.7939063613,
       449526.43628595053,
       364
      ],
      [
       1237046.581470564,
       449525.8400016406,
       364
      ],
      [
       1237046.2903253457,
       449525.2944512967,
       364
      ],
      [
       1237045.9252695504,
       449525.02167612466,
       364
      ],
      [
       1237045.486303178,
       449525.02167612466,
       364
      ],
      [
       1237044.9734262284,
       449525.2944512967,
       364
      ],
      [
       1237044.3866387014,
       449525.8400016406,
       364
      ],
      [
       1237043.9061233862,
       449526.27710583253,
       364
      ],
      [
       1237043.5318802823,
       449526.6057638723,
       364
      ],
      [
       1237043.26390939,
       449526.82597576006,
       364
      ],
      [
       1237043.1022107091,
       449526.9377414957,
       364
      ],
      [
       1237042.7938151467,
       449527.1183615896,
       364
      ],
      [
       1237042.338722702,
       449527.3678360416,
       364
      ],
      [
       1237041.7369333762,
       449527.6861648519,
       364
      ],
      [
       1237040.9884471688,
       449528.0733480203,
       364
      ],
      [
       1237040.3643857806,
       449528.42611972254,
       364
      ],
      [
       1237039.864749212,
       449528.74447995855,
       364
      ],
      [
       1237039.489537463,
       449529.02842872834,
       364
      ]
     ]
    },
    "elevationFt": 364,
    "weight": "intermediate",
    "hidden": false
   }
  },
  {
   "type": "Feature",
   "geometry": {
    "type": "LineString",
    "coordinates": [
     [
      -77.2645275698185,
      38.90055653925027
     ],
     [
      -77.26452824900878,
      38.900557110578085
     ],
     [
      -77.26452921746383,
      38.90055805182618
     ],
     [
      -77.26453047518369,
      38.90055936299453
     ],
     [
      -77.26453202216838,
      38.90056104408314
     ],
     [
      -77.26453385841796,
      38.90056309509198
     ],
     [
      -77.26453461097348,
      38.90056511795859
     ],
     [
      -77.26453427983486,
      38.900567112683014
     ],
     [
      -77.26453286500201,
      38.9005690792652
     ],
     [
      -77.26453036647482,
      38.90057101770511
     ],
     [
      -77.2645278339566,
      38.90057217302575
     ],
     [
      -77.26452526744742,
      38.90057254522707
     ],
     [
      -77.26452266694736,
      38.90057213430909
     ],
     [
      -77.2645200324565,
      38.900570940271805
     ],
     [
      -77.2645178072885,
      38.90056986211331
     ],
     [
      -77.26451599144329,
      38.90056889983359
     ],
     [
      -77.26451458492087,
      38.900568053432686
     ],
     [
      -77.26451358772123,
      38.90056732291064
     ],
     [
      -77.26451242941344,
      38.9005663664524
     ],
     [
      -77.26451110999758,
      38.90056518405799
     ],
     [
      -77.26450962947366,
      38.900563775727385
     ],
     [
      -77.26450798784168,
      38.90056214146059
     ],
     [
      -77.26450666144125,
      38.900560811680215
     ],
     [
      -77.26450565027228,
      38.90055978638623
     ],
     [
      -77.2645049543348,
      38.90055906557869
     ],
     [
      -77.26450457362877,
      38.90055864925757
     ],
     [
      -77.264504381524,
      38.90055796866988
     ],
     [
      -77.26450437802052,
      38.900557023815566
     ],
     [
      -77.26450456311828,
      38.90055581469469
     ],
     [
      -77.26450493681727,
      38.900554341307235
     ],
     [
      -77.26450550248262,
      38.90055308996412
     ],
     [
      -77.26450626011432,
      38.900552060665355
     ],
     [
      -77.26450720971235,
      38.90055125341092
     ],
     [
      -77.26450835127673,
      38.90055066820083
     ],
     [
      -77.2645095789331,
      38.90055020262552
     ],
     [
      -77.2645108926815,
      38.90054985668497
     ],
     [
      -77.2645122925219,
      38.900549630379196
     ],
     [
      -77.2645137784543,
      38.90054952370819
     ],
     [
      -77.26451494746249,
      38.90054946940803
     ],
     [
      -77.2645157995464,
      38.90054946747873
     ],
     [
      -77.26451633470607,
      38.900549517920304
     ],
     [
      -77.26451655294152,
      38.90054962073274
     ],
     [
      -77.2645173210392,
      38.90055006704878
     ],
     [
      -77.26451863899914,
      38.90055085686843
     ],
     [
      -77.26452050682138,
      38.900551990191666
     ],
     [
      -77.264522924506,
      38.90055346701844
     ],
     [
      -77.26452490756706,
      38.90055471747046
     ],
     [
      -77.26452645600459,
      38.900555741547734
     ],
     [
      -77.2645275698185,
      38.90055653925027
     ]
    ]
   },
   "properties": {
    "id": "ct-4",
    "kind": "Contour",
    "sourceId": "contours",
    "reliabilityLevel": 1,
    "revision": 1,
    "engineeringGeometry": {
     "crs": "EPSG:2248",
     "crsName": "NAD83 / Maryland State Plane (US survey feet)",
     "datum": "NAD83",
     "unit": "usSurveyFoot",
     "coordinates": [
      [
       1237051.5524667331,
       449475.23967465444,
       364
      ],
      [
       1237051.3597797686,
       449475.4483108067,
       364
      ],
      [
       1237051.0851617032,
       449475.7919094728,
       364
      ],
      [
       1237050.7286125363,
       449476.27047065273,
       364
      ],
      [
       1237050.2901322686,
       449476.8839943466,
       364
      ],
      [
       1237049.7697208999,
       449477.63248055417,
       364
      ],
      [
       1237049.5576869566,
       449478.36982374464,
       364
      ],
      [
       1237049.6540304387,
       449479.0960239179,
       364
      ],
      [
       1237050.0587513465,
       449479.81108107395,
       364
      ],
      [
       1237050.7718496798,
       449480.5149952127,
       364
      ],
      [
       1237051.4937949816,
       449480.93367140077,
       364
      ],
      [
       1237052.2245872521,
       449481.06710963795,
       364
      ],
      [
       1237052.9642264913,
       449480.91530992434,
       364
      ],
      [
       1237053.712712699,
       449480.47827225993,
       364
      ],
      [
       1237054.3448325663,
       449480.083774893,
       364
      ],
      [
       1237054.860586093,
       449479.7318178236,
       364
      ],
      [
       1237055.2599732792,
       449479.42240105174,
       364
      ],
      [
       1237055.5429941248,
       449479.15552457736,
       364
      ],
      [
       1237055.8716260998,
       449478.80622990837,
       364
      ],
      [
       1237056.2458692037,
       449478.37451704475,
       364
      ],
      [
       1237056.6657234365,
       449477.8603859866,
       364
      ],
      [
       1237057.1311887985,
       449477.26383673394,
       364
      ],
      [
       1237057.507264151,
       449476.7784405557,
       364
      ],
      [
       1237057.7939494944,
       449476.4041974518,
       364
      ],
      [
       1237057.9912448286,
       449476.1411074224,
       364
      ],
      [
       1237058.0991501536,
       449475.9891704675,
       364
      ],
      [
       1237058.153102816,
       449475.7411438517,
       364
      ],
      [
       1237058.153102816,
       449475.3970275751,
       364
      ],
      [
       1237058.0991501536,
       449474.9568216377,
       364
      ],
      [
       1237057.9912448286,
       449474.42052603944,
       364
      ],
      [
       1237057.8289423469,
       449473.96525668836,
       364
      ],
      [
       1237057.612242708,
       449473.5910135846,
       364
      ],
      [
       1237057.3411459127,
       449473.2977967279,
       364
      ],
      [
       1237057.01565196,
       449473.0856061185,
       364
      ],
      [
       1237056.6657834318,
       449472.91705716774,
       364
      ],
      [
       1237056.291540328,
       449472.79214987566,
       364
      ],
      [
       1237055.8929226485,
       449472.71088424226,
       364
      ],
      [
       1237055.4699303934,
       449472.67326026753,
       364
      ],
      [
       1237055.1371864877,
       449472.65444828017,
       364
      ],
      [
       1237054.8946909315,
       449472.65444828017,
       364
      ],
      [
       1237054.7424437248,
       449472.67326026753,
       364
      ],
      [
       1237054.6804448671,
       449472.71088424226,
       364
      ],
      [
       1237054.4623238866,
       449472.8740647372,
       364
      ],
      [
       1237054.088080783,
       449473.1628017523,
       364
      ],
      [
       1237053.5577155557,
       449473.57709528756,
       364
      ],
      [
       1237052.8712282055,
       449474.1169453429,
       364
      ],
      [
       1237052.3081909516,
       449474.57399192255,
       364
      ],
      [
       1237051.868603794,
       449474.94823502644,
       364
      ],
      [
       1237051.5524667331,
       449475.23967465444,
       364
      ]
     ]
    },
    "elevationFt": 364,
    "weight": "intermediate",
    "hidden": false
   }
  },
  {
   "type": "Feature",
   "geometry": {
    "type": "LineString",
    "coordinates": [
     [
      -77.26438118716797,
      38.90026235875579
     ],
     [
      -77.26438099961138,
      38.90026245737073
     ],
     [
      -77.26438062449817,
      38.90026265460064
     ],
     [
      -77.26438006182839,
      38.90026295044547
     ],
     [
      -77.26437931160199,
      38.90026334490526
     ],
     [
      -77.2643780928096,
      38.90026401588826
     ],
     [
      -77.26437640545115,
      38.90026496339451
     ],
     [
      -77.26437424952664,
      38.900266187423945
     ],
     [
      -77.264371625036,
      38.90026768797654
     ],
     [
      -77.26436960254196,
      38.90026885546132
     ],
     [
      -77.26436818204459,
      38.900269689878314
     ],
     [
      -77.26436736354391,
      38.900270191227534
     ],
     [
      -77.26436714703995,
      38.90027035950901
     ],
     [
      -77.26436638287018,
      38.90027087408357
     ],
     [
      -77.26436507103456,
      38.90027173495116
     ],
     [
      -77.26436321153305,
      38.900272942111805
     ],
     [
      -77.26436080436562,
      38.90027449556549
     ],
     [
      -77.26435883718466,
      38.900275787811964
     ],
     [
      -77.26435730999023,
      38.90027681885125
     ],
     [
      -77.26435622278237,
      38.900277588683366
     ],
     [
      -77.26435557556111,
      38.900278097308345
     ],
     [
      -77.26435459633811,
      38.900278864510994
     ],
     [
      -77.26435328511333,
      38.90027989029132
     ],
     [
      -77.26435164188678,
      38.9002811746493
     ],
     [
      -77.26434966665839,
      38.90028271758494
     ],
     [
      -77.26434801707373,
      38.90028400434236
     ],
     [
      -77.26434669313284,
      38.9002850349216
     ],
     [
      -77.26434569483571,
      38.900285809322625
     ],
     [
      -77.26434502218241,
      38.9002863275455
     ],
     [
      -77.26434403052981,
      38.90028717688601
     ],
     [
      -77.26434271987794,
      38.90028835734413
     ],
     [
      -77.26434109022674,
      38.90028986891988
     ],
     [
      -77.26433914157613,
      38.90029171161321
     ],
     [
      -77.2643376211375,
      38.90029314798728
     ],
     [
      -77.26433652891086,
      38.90029417804208
     ],
     [
      -77.26433586489625,
      38.90029480177767
     ],
     [
      -77.26433562909371,
      38.900295019193976
     ],
     [
      -77.2643349922283,
      38.900295697088815
     ],
     [
      -77.26433395429996,
      38.90029683546212
     ],
     [
      -77.26433251530868,
      38.900298434313925
     ],
     [
      -77.2643306752544,
      38.90030049364418
     ],
     [
      -77.26432915938099,
      38.90030220202798
     ],
     [
      -77.2643279676885,
      38.900303559465286
     ],
     [
      -77.26432710017696,
      38.900304565956155
     ],
     [
      -77.26432655684638,
      38.90030522150059
     ],
     [
      -77.26432581555099,
      38.90030606412708
     ],
     [
      -77.26432487629077,
      38.90030709383568
     ],
     [
      -77.26432373906569,
      38.90030831062636
     ],
     [
      -77.26432240387575,
      38.90030971449911
     ],
     [
      -77.26432108196663,
      38.90031127983202
     ],
     [
      -77.26431977333829,
      38.9003130066251
     ],
     [
      -77.26431847799076,
      38.9003148948783
     ],
     [
      -77.26431719592401,
      38.90031694459168
     ],
     [
      -77.26431623313533,
      38.90031848396806
     ],
     [
      -77.26431558962473,
      38.90031951300744
     ],
     [
      -77.26431526539226,
      38.900320031709825
     ],
     [
      -77.26431526043791,
      38.90032004007524
     ],
     [
      -77.26431518052,
      38.900320560313425
     ],
     [
      -77.26431502563852,
      38.900321592424376
     ],
     [
      -77.26431479579344,
      38.90032313640809
     ],
     [
      -77.26431449098476,
      38.90032519226458
     ],
     [
      -77.26431434258961,
      38.90032696584517
     ],
     [
      -77.26431435060802,
      38.900328457149875
     ],
     [
      -77.26431451503997,
      38.9003296661787
     ],
     [
      -77.26431483588549,
      38.90033059293162
     ],
     [
      -77.2643152626175,
      38.900331569497254
     ],
     [
      -77.26431579523604,
      38.900332595875646
     ],
     [
      -77.26431643374113,
      38.90033367206676
     ],
     [
      -77.26431717813273,
      38.90033479807057
     ],
     [
      -77.26431801949363,
      38.900336155724695
     ],
     [
      -77.2643189578238,
      38.900337745029105
     ],
     [
      -77.26431999312331,
      38.900339565983856
     ],
     [
      -77.26432112539214,
      38.90034161858889
     ],
     [
      -77.2643221669591,
      38.9003434474281
     ],
     [
      -77.26432311782418,
      38.90034505250146
     ],
     [
      -77.26432397798736,
      38.90034643380898
     ],
     [
      -77.26432474744863,
      38.90034759135068
     ],
     [
      -77.26432547397765,
      38.9003486831399
     ],
     [
      -77.26432615757443,
      38.900349709176616
     ],
     [
      -77.264326798239,
      38.90035066946084
     ],
     [
      -77.26432739597129,
      38.900351563992594
     ],
     [
      -77.26432805759332,
      38.90035274820045
     ],
     [
      -77.26432878310509,
      38.900354222084395
     ],
     [
      -77.2643295725066,
      38.90035598564447
     ],
     [
      -77.26433042579785,
      38.900358038880626
     ],
     [
      -77.26433114070937,
      38.900360092429885
     ],
     [
      -77.26433171724115,
      38.900362146292245
     ],
     [
      -77.26433215539315,
      38.90036420046771
     ],
     [
      -77.26433245516537,
      38.90036625495627
     ],
     [
      -77.26433262127813,
      38.90036830974727
     ],
     [
      -77.26433265373137,
      38.90037036484069
     ],
     [
      -77.26433255252512,
      38.900372420236515
     ],
     [
      -77.26433231765934,
      38.900374475934775
     ],
     [
      -77.26433201704597,
      38.90037653178181
     ],
     [
      -77.26433165068502,
      38.900378587777595
     ],
     [
      -77.26433121857647,
      38.900380643922134
     ],
     [
      -77.26433072072032,
      38.90038270021544
     ],
     [
      -77.26433031106116,
      38.90038475630919
     ],
     [
      -77.26432998959902,
      38.900386812203365
     ],
     [
      -77.2643297563339,
      38.900388867898
     ],
     [
      -77.2643296112658,
      38.90039092339307
     ],
     [
      -77.26432954230921,
      38.90039297871593
     ],
     [
      -77.26432954946415,
      38.90039503386659
     ],
     [
      -77.26432963273062,
      38.900397088845004
     ],
     [
      -77.26432979210865,
      38.90039914365122
     ],
     [
      -77.26433010244627,
      38.90040119811588
     ],
     [
      -77.26433056374347,
      38.90040325223895
     ],
     [
      -77.26433117600031,
      38.90040530602048
     ],
     [
      -77.26433193921676,
      38.90040735946042
     ],
     [
      -77.2643327213386,
      38.90040941285758
     ],
     [
      -77.26433352236585,
      38.900411466211956
     ],
     [
      -77.26433434229845,
      38.90041351952355
     ],
     [
      -77.26433518113645,
      38.90041557279237
     ],
     [
      -77.26433582544144,
      38.90041717118178
     ],
     [
      -77.26433627521338,
      38.90041831469178
     ],
     [
      -77.26433653045227,
      38.9004190033224
     ],
     [
      -77.26433659115807,
      38.9004192370736
     ],
     [
      -77.26433676523145,
      38.90041986741572
     ],
     [
      -77.26433705267237,
      38.900420894348734
     ],
     [
      -77.26433745348089,
      38.900422317872675
     ],
     [
      -77.264337967657,
      38.9004241379875
     ],
     [
      -77.26433888554877,
      38.9004259356867
     ],
     [
      -77.26434020715624,
      38.900427710970206
     ],
     [
      -77.26434193247944,
      38.900429463838066
     ],
     [
      -77.2643440615184,
      38.90043119429023
     ],
     [
      -77.26434631601694,
      38.90043254738496
     ],
     [
      -77.26434869597503,
      38.90043352312227
     ],
     [
      -77.26435120139264,
      38.90043412150212
     ],
     [
      -77.26435383226973,
      38.900434342524505
     ],
     [
      -77.26435588441923,
      38.900434531342924
     ],
     [
      -77.2643573578411,
      38.90043468795737
     ],
     [
      -77.26435825253535,
      38.90043481236789
     ],
     [
      -77.26435856850196,
      38.90043490457449
     ],
     [
      -77.26435938549497,
      38.90043535413504
     ],
     [
      -77.26436070351438,
      38.90043616104953
     ],
     [
      -77.26436252256028,
      38.900437325317945
     ],
     [
      -77.26436484263266,
      38.90043884694026
     ],
     [
      -77.26436661982235,
      38.90044012014651
     ],
     [
      -77.26436785412932,
      38.90044114493677
     ],
     [
      -77.26436854555352,
      38.900441921310986
     ],
     [
      -77.26436869409491,
      38.900442449269214
     ],
     [
      -77.26436876944382,
      38.90044300417669
     ],
     [
      -77.26436877160022,
      38.90044358603338
     ],
     [
      -77.26436870056412,
      38.900444194839324
     ],
     [
      -77.26436855633551,
      38.900444830594495
     ],
     [
      -77.26436836228842,
      38.90044566253971
     ],
     [
      -77.26436811842285,
      38.90044669067496
     ],
     [
      -77.26436782473878,
      38.90044791500028
     ],
     [
      -77.26436748123623,
      38.90044933551564
     ],
     [
      -77.26436695633126,
      38.90045091529869
     ],
     [
      -77.26436625002384,
      38.900452654349465
     ],
     [
      -77.26436536231395,
      38.90045455266791
     ],
     [
      -77.2643642932016,
      38.90045661025405
     ],
     [
      -77.26436319172615,
      38.90045855747871
     ],
     [
      -77.26436205788761,
      38.90046039434191
     ],
     [
      -77.264360891686,
      38.90046212084366
     ],
     [
      -77.26435969312128,
      38.900463736983944
     ],
     [
      -77.26435870302674,
      38.90046505973013
     ],
     [
      -77.26435792140235,
      38.90046608908226
     ],
     [
      -77.26435734824815,
      38.900466825040304
     ],
     [
      -77.26435698356414,
      38.90046726760428
     ],
     [
      -77.26435628257381,
      38.900468114286284
     ],
     [
      -77.26435524527713,
      38.90046936508631
     ],
     [
      -77.26435387167407,
      38.90047102000434
     ],
     [
      -77.26435216176459,
      38.900473079040374
     ],
     [
      -77.26435074332004,
      38.900474768082766
     ],
     [
      -77.26434961634048,
      38.90047608713154
     ],
     [
      -77.26434878082596,
      38.900477036186686
     ],
     [
      -77.26434823677647,
      38.90047761524824
     ],
     [
      -77.26434747351526,
      38.90047841968227
     ],
     [
      -77.26434649104232,
      38.90047944948878
     ],
     [
      -77.2643452893576,
      38.900480704667764
     ],
     [
      -77.26434386846111,
      38.90048218521924
     ],
     [
      -77.26434250284966,
      38.90048356012946
     ],
     [
      -77.26434119252325,
      38.90048482939844
     ],
     [
      -77.26433993748189,
      38.90048599302617
     ],
     [
      -77.2643387377256,
      38.90048705101266
     ],
     [
      -77.26433756087752,
      38.90048809510311
     ],
     [
      -77.2643364069377,
      38.90048912529751
     ],
     [
      -77.26433527590608,
      38.900490141595874
     ],
     [
      -77.2643341677827,
      38.900491143998195
     ],
     [
      -77.2643329585526,
      38.90049227846906
     ],
     [
      -77.26433164821573,
      38.900493545008494
     ],
     [
      -77.26433023677212,
      38.90049494361648
     ],
     [
      -77.26432872422174,
      38.900496474293
     ],
     [
      -77.26432746145838,
      38.90049775456893
     ],
     [
      -77.26432644848202,
      38.900498784444295
     ],
     [
      -77.26432568529272,
      38.90049956391908
     ],
     [
      -77.2643251718905,
      38.9005000929933
     ],
     [
      -77.26432425983512,
      38.90050094068688
     ],
     [
      -77.26432294912658,
      38.90050210699984
     ],
     [
      -77.26432123976483,
      38.90050359193212
     ],
     [
      -77.26431913174979,
      38.90050539548376
     ],
     [
      -77.2643174787885,
      38.9005068124064
     ],
     [
      -77.26431628088102,
      38.90050784270008
     ],
     [
      -77.26431553802735,
      38.900508486364814
     ],
     [
      -77.26431525022754,
      38.9005087434006
     ],
     [
      -77.26431445413724,
      38.90050945128193
     ],
     [
      -77.26431314975638,
      38.90051061000878
     ],
     [
      -77.26431133708495,
      38.90051221958116
     ],
     [
      -77.26430901612285,
      38.90051427999904
     ],
     [
      -77.26430727223457,
      38.90051582840009
     ],
     [
      -77.26430610542019,
      38.90051686478439
     ],
     [
      -77.26430551567974,
      38.90051738915194
     ],
     [
      -77.26430550301323,
      38.900517401502746
     ],
     [
      -77.2643049976708,
      38.90051792259882
     ],
     [
      -77.26430399965238,
      38.90051895244012
     ],
     [
      -77.26430250895797,
      38.90052049102669
     ],
     [
      -77.26430052558749,
      38.90052253835847
     ],
     [
      -77.2642988788575,
      38.900524228844915
     ],
     [
      -77.26429756876807,
      38.90052556248607
     ],
     [
      -77.26429659531924,
      38.90052653928189
     ],
     [
      -77.26429595851103,
      38.90052715923241
     ],
     [
      -77.2642950902485,
      38.90052798424334
     ],
     [
      -77.26429399053164,
      38.90052901431464
     ],
     [
      -77.26429265936042,
      38.90053024944633
     ],
     [
      -77.26429109673485,
      38.90053168963836
     ],
     [
      -77.26428966011328,
      38.900533005326544
     ],
     [
      -77.26428834949571,
      38.900534196510826
     ],
     [
      -77.26428716488219,
      38.90053526319124
     ],
     [
      -77.26428610627272,
      38.90053620536778
     ],
     [
      -77.26428500275306,
      38.90053719154677
     ],
     [
      -77.2642838543232,
      38.900538221728176
     ],
     [
      -77.26428266098316,
      38.900539295912026
     ],
     [
      -77.2642814227329,
      38.90054041409828
     ],
     [
      -77.26428014827967,
      38.90054156360378
     ],
     [
      -77.26427883762341,
      38.90054274442853
     ],
     [
      -77.26427749076414,
      38.9005439565725
     ],
     [
      -77.26427610770186,
      38.90054520003571
     ],
     [
      -77.26427484802623,
      38.90054633684424
     ],
     [
      -77.26427371173726,
      38.900547366998076
     ],
     [
      -77.26427269883494,
      38.90054829049724
     ],
     [
      -77.26427180931931,
      38.90054910734172
     ],
     [
      -77.26427070924396,
      38.90055010907385
     ],
     [
      -77.26426939860886,
      38.9005512956936
     ],
     [
      -77.264267877414,
      38.90055266720097
     ],
     [
      -77.26426614565935,
      38.90055422359597
     ],
     [
      -77.26426470978463,
      38.90055551687452
     ],
     [
      -77.2642635697898,
      38.90055654703665
     ],
     [
      -77.26426272567495,
      38.90055731408235
     ],
     [
      -77.26426217744009,
      38.900557818011634
     ],
     [
      -77.26426124804584,
      38.90055867432301
     ],
     [
      -77.26425993749221,
      38.90055988301646
     ],
     [
      -77.26425824577915,
      38.90056144409198
     ],
     [
      -77.26425617290658,
      38.900563357549565
     ],
     [
      -77.26425458209422,
      38.900564829324004
     ],
     [
      -77.26425347334211,
      38.90056585941536
     ],
     [
      -77.26425284665028,
      38.900566447823614
     ],
     [
      -77.26425270201878,
      38.90056659454881
     ],
     [
      -77.26425210696944,
      38.90056721948501
     ],
     [
      -77.26425106150224,
      38.90056832263222
     ],
     [
      -77.26424956561712,
      38.9005699039904
     ],
     [
      -77.26424761931405,
      38.900571963559564
     ],
     [
      -77.26424602769859,
      38.900573737911714
     ],
     [
      -77.26424479077079,
      38.90057522704688
     ],
     [
      -77.2642439085307,
      38.90057643096508
     ],
     [
      -77.26424338097834,
      38.9005773496663
     ],
     [
      -77.26424283249011,
      38.90057832345258
     ],
     [
      -77.264242263066,
      38.900579352323916
     ],
     [
      -77.26424167270602,
      38.900580436280336
     ],
     [
      -77.26424106141016,
      38.9005815753218
     ],
     [
      -77.26424075778742,
      38.90058269155724
     ],
     [
      -77.2642407618378,
      38.90058378498669
     ],
     [
      -77.2642410735613,
      38.9005848556101
     ],
     [
      -77.26424169295797,
      38.9005859034275
     ],
     [
      -77.2642428148412,
      38.90058664065319
     ],
     [
      -77.26424443921104,
      38.900587067287205
     ],
     [
      -77.26424656606746,
      38.900587183329456
     ],
     [
      -77.26424919541041,
      38.90058698877996
     ],
     [
      -77.26425182456285,
      38.90058674279986
     ],
     [
      -77.26425445352474,
      38.90058644538919
     ],
     [
      -77.2642570822961,
      38.90058609654788
     ],
     [
      -77.26425971087689,
      38.900585696276
     ],
     [
      -77.26426234003891,
      38.900585452909475
     ],
     [
      -77.26426496978219,
      38.900585366448325
     ],
     [
      -77.26426760010676,
      38.90058543689256
     ],
     [
      -77.26427023101262,
      38.90058566424215
     ],
     [
      -77.26427286251841,
      38.900586053525515
     ],
     [
      -77.26427549462416,
      38.90058660474265
     ],
     [
      -77.26427812732989,
      38.90058731789358
     ],
     [
      -77.2642807606356,
      38.900588192978276
     ],
     [
      -77.26428301096531,
      38.90058896730229
     ],
     [
      -77.264284878319,
      38.90058964086568
     ],
     [
      -77.26428636269664,
      38.900590213668444
     ],
     [
      -77.26428746409822,
      38.9005906857106
     ],
     [
      -77.26428867330497,
      38.90059118894741
     ],
     [
      -77.26428999031695,
      38.90059172337887
     ],
     [
      -77.2642914151341,
      38.900592289004976
     ],
     [
      -77.26429294775646,
      38.900592885825716
     ],
     [
      -77.26429475577913,
      38.9005936141221
     ],
     [
      -77.26429683920219,
      38.9005944738941
     ],
     [
      -77.2642991980256,
      38.900595465141734
     ],
     [
      -77.2643018322494,
      38.90059658786495
     ],
     [
      -77.26430398414635,
      38.900597511057605
     ],
     [
      -77.2643056537164,
      38.90059823471974
     ],
     [
      -77.26430684095952,
      38.90059875885136
     ],
     [
      -77.26430754587567,
      38.90059908345249
     ],
     [
      -77.26430855687195,
      38.90059952162468
     ],
     [
      -77.26430987394835,
      38.9006000733679
     ],
     [
      -77.26431149710491,
      38.90060073868215
     ],
     [
      -77.26431342634162,
      38.90060151756741
     ],
     [
      -77.26431553188449,
      38.900602398402384
     ],
     [
      -77.26431781373356,
      38.90060338118707
     ],
     [
      -77.2643202718888,
      38.90060446592143
     ],
     [
      -77.2643229063503,
      38.90060565260548
     ],
     [
      -77.26432492559108,
      38.90060656233828
     ],
     [
      -77.26432632961114,
      38.90060719511989
     ],
     [
      -77.26432711841042,
      38.90060755095031
     ],
     [
      -77.26432729198892,
      38.90060762982957
     ],
     [
      -77.26432803728099,
      38.900607935551804
     ],
     [
      -77.26432935428664,
      38.90060846811705
     ],
     [
      -77.2643312430059,
      38.90060922752525
     ],
     [
      -77.2643337034388,
      38.90061021377638
     ],
     [
      -77.26433617190867,
      38.90061121789186
     ],
     [
      -77.26433864841555,
      38.90061223987167
     ],
     [
      -77.26434113295939,
      38.900613279715834
     ],
     [
      -77.26434362554022,
      38.90061433742433
     ],
     [
      -77.26434553038195,
      38.90061514559952
     ],
     [
      -77.26434684748448,
      38.90061570424142
     ],
     [
      -77.26434757684784,
      38.90061601335008
     ],
     [
      -77.264347718472,
      38.90061607292549
     ],
     [
      -77.26434848323422,
      38.900616394992625
     ],
     [
      -77.26434987113454,
      38.900616979551494
     ],
     [
      -77.26435188217299,
      38.90061782660205
     ],
     [
      -77.26435451634963,
      38.9006189361443
     ],
     [
      -77.26435704266844,
      38.900619986996816
     ],
     [
      -77.26435946112942,
      38.900620979159605
     ],
     [
      -77.26436177173257,
      38.90062191263269
     ],
     [
      -77.26436397447786,
      38.900622787416054
     ],
     [
      -77.26436573432892,
      38.90062348441963
     ],
     [
      -77.2643670512857,
      38.90062400364347
     ],
     [
      -77.26436792534817,
      38.90062434508754
     ],
     [
      -77.26436835651634,
      38.90062450875189
     ],
     [
      -77.26436933839163,
      38.90062489671112
     ],
     [
      -77.26437087097403,
      38.900625508965234
     ],
     [
      -77.26437295426364,
      38.90062634551421
     ],
     [
      -77.2643755882604,
      38.900627406358005
     ],
     [
      -77.26437808335385,
      38.90062840674549
     ],
     [
      -77.26438043954396,
      38.90062934667669
     ],
     [
      -77.26438265683068,
      38.90063022615158
     ],
     [
      -77.26438473521402,
      38.90063104517017
     ],
     [
      -77.26438643288131,
      38.900631713494846
     ],
     [
      -77.26438774983248,
      38.90063223112556
     ],
     [
      -77.26438868606753,
      38.90063259806238
     ],
     [
      -77.26438924158647,
      38.90063281430528
     ],
     [
      -77.26439031678484,
      38.900633257850565
     ],
     [
      -77.26439191166268,
      38.900633928698205
     ],
     [
      -77.26439402622003,
      38.90063482684822
     ],
     [
      -77.26439666045691,
      38.90063595230053
     ],
     [
      -77.26439912034867,
      38.900636971857
     ],
     [
      -77.2644014058953,
      38.90063788551762
     ],
     [
      -77.26440351709678,
      38.90063869328239
     ],
     [
      -77.26440545395309,
      38.900639395151345
     ],
     [
      -77.26440708078614,
      38.90063998578781
     ],
     [
      -77.26440839759593,
      38.90064046519184
     ],
     [
      -77.26440940438243,
      38.9006408333634
     ],
     [
      -77.26441010114564,
      38.90064109030254
     ],
     [
      -77.26441128188365,
      38.90064145814525
     ],
     [
      -77.26441294659648,
      38.90064193689155
     ],
     [
      -77.26441509528412,
      38.90064252654142
     ],
     [
      -77.26441772794662,
      38.900643227094804
     ],
     [
      -77.264420360743,
      38.90064396375254
     ],
     [
      -77.26442299367328,
      38.90064473651461
     ],
     [
      -77.26442562673743,
      38.900645545380996
     ],
     [
      -77.2644282599355,
      38.90064639035174
     ],
     [
      -77.26443038008051,
      38.90064708355292
     ],
     [
      -77.26443198717246,
      38.90064762498455
     ],
     [
      -77.26443308121132,
      38.90064801464671
     ],
     [
      -77.26443366219706,
      38.900648252539355
     ],
     [
      -77.2644346113115,
      38.90064866958881
     ],
     [
      -77.26443592855462,
      38.90064926579501
     ],
     [
      -77.26443761392645,
      38.900650041157974
     ],
     [
      -77.26443966742701,
      38.90065099567766
     ],
     [
      -77.26444180155255,
      38.90065198422257
     ],
     [
      -77.26444401630305,
      38.900653006792645
     ],
     [
      -77.26444631167853,
      38.90065406338795
     ],
     [
      -77.26444868767899,
      38.90065515400839
     ],
     [
      -77.26445053431452,
      38.90065600108525
     ],
     [
      -77.2644518515851,
      38.900656604618504
     ],
     [
      -77.26445263949063,
      38.90065696460821
     ],
     [
      -77.26445289803115,
      38.90065708105438
     ],
     [
      -77.26445375062916,
      38.90065748561438
     ],
     [
      -77.26445519728465,
      38.90065817828824
     ],
     [
      -77.26445723799768,
      38.90065915907592
     ],
     [
      -77.26445987276827,
      38.9006604279774
     ],
     [
      -77.26446221086091,
      38.9006615446513
     ],
     [
      -77.26446425227557,
      38.90066250909769
     ],
     [
      -77.26446599701222,
      38.90066332131658
     ],
     [
      -77.26446744507084,
      38.900663981307964
     ],
     [
      -77.26446882788622,
      38.9006646536999
     ],
     [
      -77.26447014545835,
      38.9006653384924
     ],
     [
      -77.26447139778723,
      38.90066603568547
     ],
     [
      -77.2644725848729,
      38.90066674527909
     ],
     [
      -77.26447380932716,
      38.9006676124393
     ],
     [
      -77.26447507115003,
      38.900668637166085
     ],
     [
      -77.26447637034151,
      38.90066981945943
     ],
     [
      -77.26447770690164,
      38.90067115931937
     ],
     [
      -77.26447895165954,
      38.900672677457365
     ],
     [
      -77.26448010461523,
      38.90067437387344
     ],
     [
      -77.26448116576869,
      38.90067624856757
     ],
     [
      -77.26448213511993,
      38.90067830153978
     ],
     [
      -77.26448294740972,
      38.9006801359494
     ],
     [
      -77.26448360263801,
      38.90068175179645
     ],
     [
      -77.2644841008048,
      38.900683149080926
     ],
     [
      -77.26448444191007,
      38.900684327802814
     ],
     [
      -77.26448475361498,
      38.90068543063587
     ],
     [
      -77.26448503591948,
      38.90068645758012
     ],
     [
      -77.26448528882362,
      38.90068740863554
     ],
     [
      -77.26448551232737,
      38.90068828380214
     ],
     [
      -77.26448580435319,
      38.90068945368714
     ],
     [
      -77.26448616490109,
      38.90069091829055
     ],
     [
      -77.26448659397107,
      38.90069267761235
     ],
     [
      -77.26448709156317,
      38.90069473165255
     ],
     [
      -77.26448759405558,
      38.90069678568165
     ],
     [
      -77.26448810144832,
      38.90069883969968
     ],
     [
      -77.26448861374138,
      38.90070089370657
     ],
     [
      -77.26448913093476,
      38.9007029477024
     ],
     [
      -77.26448965218661,
      38.90070500168902
     ],
     [
      -77.26449017749694,
      38.900707055666444
     ],
     [
      -77.26449070686573,
      38.90070910963469
     ],
     [
      -77.264491240293,
      38.90071116359374
     ],
     [
      -77.26449176928818,
      38.90071321756282
     ],
     [
      -77.26449229385132,
      38.90071527154193
     ],
     [
      -77.26449281398239,
      38.900717325531076
     ],
     [
      -77.2644933296814,
      38.90071937953025
     ],
     [
      -77.26449381193433,
      38.900721294507164
     ],
     [
      -77.26449426074116,
      38.900723070461794
     ],
     [
      -77.26449467610189,
      38.90072470739417
     ],
     [
      -77.26449505801652,
      38.90072620530426
     ],
     [
      -77.26449537784083,
      38.900727467759225
     ],
     [
      -77.26449563557479,
      38.90072849475908
     ],
     [
      -77.26449583121838,
      38.90072928630378
     ],
     [
      -77.26449596477163,
      38.90072984239337
     ],
     [
      -77.26449619242796,
      38.9007307729636
     ],
     [
      -77.26449651418737,
      38.90073207801446
     ],
     [
      -77.26449693004989,
      38.90073375754595
     ],
     [
      -77.2644974400155,
      38.90073581155809
     ],
     [
      -77.26449794437481,
      38.90073786558291
     ],
     [
      -77.26449844312779,
      38.900739919620406
     ],
     [
      -77.26449893627446,
      38.90074197367062
     ],
     [
      -77.26449942381481,
      38.90074402773351
     ],
     [
      -77.2644999154718,
      38.900746081787084
     ],
     [
      -77.26450041124549,
      38.90074813583133
     ],
     [
      -77.26450091113584,
      38.90075018986625
     ],
     [
      -77.26450141514286,
      38.90075224389185
     ],
     [
      -77.26450193495342,
      38.90075429788167
     ],
     [
      -77.26450247056748,
      38.90075635183568
     ],
     [
      -77.2645030219851,
      38.90075840575395
     ],
     [
      -77.26450358920626,
      38.900760459636395
     ],
     [
      -77.26450413122626,
      38.9007624118637
     ],
     [
      -77.26450464804512,
      38.90076426243581
     ],
     [
      -77.2645051396628,
      38.90076601135276
     ],
     [
      -77.26450560607933,
      38.900767658614534
     ],
     [
      -77.26450599696929,
      38.90076899568008
     ],
     [
      -77.26450631233263,
      38.900770022549416
     ],
     [
      -77.26450655216938,
      38.90077073922252
     ],
     [
      -77.26450671647952,
      38.90077114569942
     ],
     [
      -77.26450741112814,
      38.90077196305499
     ],
     [
      -77.26450863611527,
      38.900773191289254
     ],
     [
      -77.26451039144096,
      38.9007748304022
     ],
     [
      -77.26451267710529,
      38.900776880393764
     ],
     [
      -77.26451443871929,
      38.900778435260854
     ],
     [
      -77.26451567628287,
      38.90077949500351
     ],
     [
      -77.264516389796,
      38.90078005962176
     ],
     [
      -77.26451657925863,
      38.900780129115574
     ],
     [
      -77.2645167923348,
      38.900780163594526
     ],
     [
      -77.2645170290245,
      38.90078016305861
     ],
     [
      -77.26451728932774,
      38.900780127507815
     ],
     [
      -77.26451757324452,
      38.900780056942175
     ],
     [
      -77.26451837232553,
      38.90077991512126
     ],
     [
      -77.2645196865708,
      38.900779702045064
     ],
     [
      -77.26452151598029,
      38.9007794177136
     ],
     [
      -77.26452386055402,
      38.900779062126794
     ],
     [
      -77.26452627573899,
      38.90077858968414
     ],
     [
      -77.26452876153519,
      38.90077800038557
     ],
     [
      -77.26453131794263,
      38.90077729423112
     ],
     [
      -77.26453394496126,
      38.90077647122081
     ],
     [
      -77.26453635603254,
      38.90077563100812
     ],
     [
      -77.26453855115646,
      38.90077477359319
     ],
     [
      -77.26454053033305,
      38.90077389897594
     ],
     [
      -77.26454229356227,
      38.90077300715643
     ],
     [
      -77.26454383153465,
      38.90077224849301
     ],
     [
      -77.26454514425016,
      38.900771622985715
     ],
     [
      -77.26454623170885,
      38.90077113063455
     ],
     [
      -77.26454709391072,
      38.90077077143951
     ],
     [
      -77.26454839655675,
      38.90077009138757
     ],
     [
      -77.26455013964694,
      38.900769090478654
     ],
     [
      -77.26455232318123,
      38.90076776871279
     ],
     [
      -77.26455494715958,
      38.90076612608996
     ],
     [
      -77.26455693642963,
      38.900764878763745
     ],
     [
      -77.2645582909914,
      38.90076402673419
     ],
     [
      -77.26455901084498,
      38.90076357000132
     ],
     [
      -77.26455909599039,
      38.900763508565156
     ],
     [
      -77.26455979439869,
      38.90076302434544
     ],
     [
      -77.2645611060699,
      38.90076211734217
     ],
     [
      -77.26456303100395,
      38.90076078755532
     ],
     [
      -77.26456556920078,
      38.90075903498487
     ],
     [
      -77.26456756331643,
      38.900757643266026
     ],
     [
      -77.26456901335096,
      38.900756612398844
     ],
     [
      -77.26456991930444,
      38.90075594238331
     ],
     [
      -77.26457028117687,
      38.9007556332195
     ],
     [
      -77.26457108781891,
      38.90075488634277
     ],
     [
      -77.26457233923053,
      38.900753701753196
     ],
     [
      -77.26457403541167,
      38.90075207945074
     ],
     [
      -77.2645761763623,
      38.900750019435364
     ],
     [
      -77.26457781159776,
      38.90074844954166
     ],
     [
      -77.26457894111815,
      38.900747369769604
     ],
     [
      -77.26457956492348,
      38.90074678011925
     ],
     [
      -77.26457968301379,
      38.90074668059058
     ],
     [
      -77.26458042737856,
      38.90074614211585
     ],
     [
      -77.26458179801774,
      38.90074516469503
     ],
     [
      -77.26458379493131,
      38.900743748328125
     ],
     [
      -77.26458641811915,
      38.90074189301505
     ],
     [
      -77.26458843411622,
      38.90074047478677
     ],
     [
      -77.26458984292259,
      38.90073949364333
     ],
     [
      -77.26459064453832,
      38.90073894958469
     ],
     [
      -77.26459083896343,
      38.900738842610885
     ],
     [
      -77.26459159227981,
      38.90073840805064
     ],
     [
      -77.26459290448747,
      38.90073764590392
     ],
     [
      -77.26459477558635,
      38.90073655617072
     ],
     [
      -77.26459720557642,
      38.900735138851005
     ],
     [
      -77.26459924635667,
      38.900733914529134
     ],
     [
      -77.26460089792714,
      38.900732883205066
     ],
     [
      -77.26460216028786,
      38.900732044878865
     ],
     [
      -77.26460303343886,
      38.90073139955052
     ],
     [
      -77.26460412540587,
      38.90073050381642
     ],
     [
      -77.26460543618886,
      38.900729357676546
     ],
     [
      -77.2646069657878,
      38.900727961130904
     ],
     [
      -77.2646087142027,
      38.90072631417947
     ],
     [
      -77.26461016857421,
      38.90072497559799
     ],
     [
      -77.26461132890239,
      38.90072394538645
     ],
     [
      -77.26461219518727,
      38.90072322354489
     ],
     [
      -77.26461276742884,
      38.900722810073276
     ],
     [
      -77.26461370923045,
      38.90072210829857
     ],
     [
      -77.26461502059205,
      38.90072111822072
     ],
     [
      -77.26461670151362,
      38.900719839839745
     ],
     [
      -77.26461875199512,
      38.90071827315562
     ],
     [
      -77.26462061220099,
      38.900716974130574
     ],
     [
      -77.26462228213128,
      38.90071594276462
     ],
     [
      -77.264623761786,
      38.90071517905778
     ],
     [
      -77.2646250511652,
      38.90071468301004
     ],
     [
      -77.26462635245544,
      38.90071418794593
     ],
     [
      -77.26462766565673,
      38.90071369386549
     ],
     [
      -77.26462899076907,
      38.900713200768664
     ],
     [
      -77.26463032779245,
      38.90071270865548
     ],
     [
      -77.2646319875487,
      38.90071219714984
     ],
     [
      -77.26463397003782,
      38.90071166625175
     ],
     [
      -77.26463627525979,
      38.90071111596118
     ],
     [
      -77.26463890321459,
      38.900710546278084
     ],
     [
      -77.26464153076455,
      38.900709867478575
     ],
     [
      -77.26464415790964,
      38.900709079562624
     ],
     [
      -77.26464678464986,
      38.900708182530266
     ],
     [
      -77.26464941098517,
      38.90070717638148
     ],
     [
      -77.26465138148914,
      38.90070642122995
     ],
     [
      -77.2646526961618,
      38.90070591707569
     ],
     [
      -77.2646533550032,
      38.90070566391873
     ],
     [
      -77.26465335801333,
      38.90070566175909
     ],
     [
      -77.26465401514648,
      38.90070515154493
     ],
     [
      -77.26465532640262,
      38.900704133276264
     ],
     [
      -77.2646572917817,
      38.90070260695306
     ],
     [
      -77.26465991128363,
      38.90070057257525
     ],
     [
      -77.26466188271326,
      38.90069904009564
     ],
     [
      -77.26466320607067,
      38.900698009514244
     ],
     [
      -77.2646638813559,
      38.9006974808311
     ],
     [
      -77.264663908569,
      38.90069745404619
     ],
     [
      -77.26466457795213,
      38.90069697158229
     ],
     [
      -77.26466588950525,
      38.900696033439424
     ],
     [
      -77.26466784322834,
      38.900694639617534
     ],
     [
      -77.26467043912128,
      38.9006927901166
     ],
     [
      -77.26467248808483,
      38.90069134987295
     ],
     [
      -77.26467399011904,
      38.900690318886646
     ],
     [
      -77.26467494522394,
      38.90068969715766
     ],
     [
      -77.2646753533996,
      38.90068948468604
     ],
     [
      -77.26467621384815,
      38.90068906685281
     ],
     [
      -77.26467752656957,
      38.900688443657934
     ],
     [
      -77.26467929156382,
      38.90068761510144
     ],
     [
      -77.2646815088309,
      38.900686581183244
     ],
     [
      -77.264683828688,
      38.90068564134673
     ],
     [
      -77.26468625113515,
      38.9006847955919
     ],
     [
      -77.2646887761723,
      38.90068404391873
     ],
     [
      -77.2646914037995,
      38.900683386327216
     ],
     [
      -77.26469388261957,
      38.90068331211551
     ],
     [
      -77.26469621263257,
      38.90068382128364
     ],
     [
      -77.26469839383856,
      38.900684913831604
     ],
     [
      -77.26470042623757,
      38.90068658975943
     ],
     [
      -77.26470210196094,
      38.90068796857782
     ],
     [
      -77.26470342100862,
      38.9006890502868
     ],
     [
      -77.26470438338059,
      38.90068983488639
     ],
     [
      -77.26470498907682,
      38.90069032237662
     ],
     [
      -77.2647059231981,
      38.900691078483035
     ],
     [
      -77.26470718574444,
      38.90069210320569
     ],
     [
      -77.26470877671589,
      38.900693396544526
     ],
     [
      -77.2647106961125,
      38.90069495849955
     ],
     [
      -77.26471231532432,
      38.900696277504615
     ],
     [
      -77.26471363435134,
      38.90069735355972
     ],
     [
      -77.26471465319351,
      38.900698186664876
     ],
     [
      -77.26471537185081,
      38.9006987768201
     ],
     [
      -77.26471632702982,
      38.900699584339236
     ],
     [
      -77.26471751873052,
      38.90070060922231
     ],
     [
      -77.26471894695294,
      38.90070185146927
     ],
     [
      -77.2647206116971,
      38.90070331108013
     ],
     [
      -77.26472210373095,
      38.90070461882044
     ],
     [
      -77.26472342305446,
      38.900705774690195
     ],
     [
      -77.26472456966762,
      38.9007067786894
     ],
     [
      -77.2647255435704,
      38.900707630818054
     ],
     [
      -77.26472659587763,
      38.90070856939296
     ],
     [
      -77.2647277265893,
      38.90070959441412
     ],
     [
      -77.26472893570545,
      38.900710705881515
     ],
     [
      -77.26473022322604,
      38.90071190379516
     ],
     [
      -77.26473152667243,
      38.9007130872059
     ],
     [
      -77.26473284604464,
      38.900714256113744
     ],
     [
      -77.26473418134265,
      38.90071541051868
     ],
     [
      -77.26473553256648,
      38.9007165504207
     ],
     [
      -77.26473678860714,
      38.90071763284808
     ],
     [
      -77.26473794946466,
      38.90071865780081
     ],
     [
      -77.26473901513903,
      38.900719625278924
     ],
     [
      -77.26473998563023,
      38.900720535282396
     ],
     [
      -77.26474113058559,
      38.90072158107477
     ],
     [
      -77.26474245000516,
      38.90072276265601
     ],
     [
      -77.26474394388892,
      38.90072408002613
     ],
     [
      -77.2647456122369,
      38.90072553318514
     ],
     [
      -77.26474704193241,
      38.90072677220674
     ],
     [
      -77.26474823297548,
      38.90072779709098
     ],
     [
      -77.26474918536606,
      38.90072860783784
     ],
     [
      -77.2647498991041,
      38.900729204447345
     ],
     [
      -77.26475091580572,
      38.900730126592826
     ],
     [
      -77.26475223547092,
      38.900731374274315
     ],
     [
      -77.26475385809975,
      38.900732947491754
     ],
     [
      -77.26475578369224,
      38.90073484624517
     ],
     [
      -77.26475726107357,
      38.90073630824735
     ],
     [
      -77.26475829024369,
      38.900737333498334
     ],
     [
      -77.26475887120257,
      38.90073792199811
     ],
     [
      -77.26475900395018,
      38.90073807374671
     ],
     [
      -77.26475970325686,
      38.900738699990654
     ],
     [
      -77.26476096912263,
      38.90073980072991
     ],
     [
      -77.26476280154759,
      38.90074137596446
     ],
     [
      -77.26476520053177,
      38.900743425694294
     ],
     [
      -77.26476702647396,
      38.90074498367606
     ],
     [
      -77.26476827937404,
      38.9007460499098
     ],
     [
      -77.26476895923199,
      38.90074662439553
     ],
     [
      -77.26476906604779,
      38.900746707133244
     ],
     [
      -77.26476961408085,
      38.900747261172775
     ],
     [
      -77.26477060333121,
      38.90074828651412
     ],
     [
      -77.26477203379892,
      38.900749783157245
     ],
     [
      -77.26477390548402,
      38.90075175110218
     ],
     [
      -77.26477550129873,
      38.900753396391494
     ],
     [
      -77.264776821243,
      38.90075471902519
     ],
     [
      -77.2647778653168,
      38.900755719003286
     ],
     [
      -77.26477863352012,
      38.90075639632579
     ],
     [
      -77.26477960725805,
      38.90075724744234
     ],
     [
      -77.26478078653058,
      38.90075827235292
     ],
     [
      -77.26478217133776,
      38.90075947105752
     ],
     [
      -77.2647837616796,
      38.90076084355614
     ],
     [
      -77.26478521644903,
      38.90076209042358
     ],
     [
      -77.26478653564607,
      38.90076321165983
     ],
     [
      -77.2647877192707,
      38.90076420726494
     ],
     [
      -77.2647887673229,
      38.900765077238894
     ],
     [
      -77.2647899167359,
      38.90076602460005
     ],
     [
      -77.26479116750969,
      38.900767049348474
     ],
     [
      -77.26479251964432,
      38.9007681514841
     ],
     [
      -77.26479397313975,
      38.90076933100696
     ],
     [
      -77.26479535936144,
      38.900770447789064
     ],
     [
      -77.26479667830937,
      38.900771501830384
     ],
     [
      -77.26479792998352,
      38.90077249313096
     ],
     [
      -77.26479911438389,
      38.90077342169075
     ],
     [
      -77.26480034248506,
      38.900774398320955
     ],
     [
      -77.26480161428704,
      38.90077542302161
     ],
     [
      -77.2648029297898,
      38.900776495792634
     ],
     [
      -77.26480428899337,
      38.90077761663411
     ],
     [
      -77.26480562812884,
      38.90077872012206
     ],
     [
      -77.2648069471962,
      38.90077980625653
     ],
     [
      -77.26480824619546,
      38.9007808750375
     ],
     [
      -77.26480952512661,
      38.90078192646495
     ],
     [
      -77.2648108306433,
      38.9007829644606
     ],
     [
      -77.26481216274551,
      38.90078398902443
     ],
     [
      -77.2648135214333,
      38.900785000156446
     ],
     [
      -77.26481490670662,
      38.90078599785666
     ],
     [
      -77.26481625888405,
      38.900787041641415
     ],
     [
      -77.26481757796559,
      38.90078813151076
     ],
     [
      -77.26481886395125,
      38.900789267464674
     ],
     [
      -77.26482011684102,
      38.90079044950315
     ],
     [
      -77.26482144461724,
      38.90079155272427
     ],
     [
      -77.26482284727989,
      38.90079257712804
     ],
     [
      -77.264824324829,
      38.900793522714444
     ],
     [
      -77.26482587726453,
      38.900794389483465
     ],
     [
      -77.26482731294897,
      38.900795347802514
     ],
     [
      -77.26482863188232,
      38.90079639767156
     ],
     [
      -77.26482983406461,
      38.90079753909065
     ],
     [
      -77.26483091949582,
      38.900798772059765
     ],
     [
      -77.26483187443759,
      38.90079990140151
     ],
     [
      -77.26483269888993,
      38.90080092711591
     ],
     [
      -77.26483339285282,
      38.900801849202956
     ],
     [
      -77.26483395632623,
      38.90080266766264
     ],
     [
      -77.26483457737287,
      38.90080379484922
     ],
     [
      -77.26483525599271,
      38.9008052307627
     ],
     [
      -77.26483599218577,
      38.90080697540311
     ],
     [
      -77.26483678595206,
      38.90080902877038
     ],
     [
      -77.26483739888673,
      38.900811082547605
     ],
     [
      -77.26483783098975,
      38.90081313673475
     ],
     [
      -77.26483808226112,
      38.90081519133183
     ],
     [
      -77.26483815270082,
      38.900817246338875
     ],
     [
      -77.26483798885025,
      38.90081930187702
     ],
     [
      -77.26483759070939,
      38.900821357946306
     ],
     [
      -77.26483695827822,
      38.9008234145467
     ],
     [
      -77.26483609155673,
      38.90082547167823
     ],
     [
      -77.26483530831108,
      38.900827163427415
     ],
     [
      -77.26483460854126,
      38.90082848979425
     ],
     [
      -77.26483399224729,
      38.90082945077876
     ],
     [
      -77.26483345942921,
      38.90083004638093
     ],
     [
      -77.26483258417866,
      38.900830859353874
     ],
     [
      -77.26483136649563,
      38.9008318896976
     ],
     [
      -77.2648298063801,
      38.90083313741211
     ],
     [
      -77.26482790383203,
      38.90083460249736
     ],
     [
      -77.26482629691488,
      38.90083584011969
     ],
     [
      -77.26482498562864,
      38.90083685027905
     ],
     [
      -77.26482396997336,
      38.90083763297549
     ],
     [
      -77.26482324994906,
      38.90083818820901
     ],
     [
      -77.26482220924703,
      38.90083898116045
     ],
     [
      -77.26482084786724,
      38.900840011829814
     ],
     [
      -77.26481916580968,
      38.90084128021707
     ],
     [
      -77.2648171630743,
      38.90084278632222
     ],
     [
      -77.26481550616329,
      38.90084407138252
     ],
     [
      -77.26481419507668,
      38.90084513539795
     ],
     [
      -77.26481322981451,
      38.900845978368544
     ],
     [
      -77.26481261037678,
      38.900846600294315
     ],
     [
      -77.26481176871243,
      38.90084742625464
     ],
     [
      -77.26481070482147,
      38.90084845624957
     ],
     [
      -77.26480941870383,
      38.90084969027904
     ],
     [
      -77.26480791035952,
      38.90085112834306
     ],
     [
      -77.26480650127718,
      38.90085254997463
     ],
     [
      -77.26480519145683,
      38.90085395517372
     ],
     [
      -77.26480398089846,
      38.90085534394039
     ],
     [
      -77.26480286960211,
      38.900856716274596
     ],
     [
      -77.26480186471701,
      38.90085791725162
     ],
     [
      -77.2648009662432,
      38.9008589468715
     ],
     [
      -77.26480017418069,
      38.90085980513422
     ],
     [
      -77.26479948852948,
      38.900860492039754
     ],
     [
      -77.26479865718575,
      38.900861521729354
     ],
     [
      -77.26479768014951,
      38.90086289420298
     ],
     [
      -77.26479655742071,
      38.90086460946065
     ],
     [
      -77.26479528899935,
      38.90086666750235
     ],
     [
      -77.26479417351915,
      38.900868725197384
     ],
     [
      -77.26479321098013,
      38.90087078254573
     ],
     [
      -77.26479240138231,
      38.900872839547446
     ],
     [
      -77.2647917447257,
      38.90087489620248
     ],
     [
      -77.26479129862012,
      38.900876952380315
     ],
     [
      -77.26479106306559,
      38.900879008080885
     ],
     [
      -77.2647910380621,
      38.90088106330425
     ],
     [
      -77.2647912236097,
      38.90088311805038
     ],
     [
      -77.26479179324726,
      38.90088517192594
     ],
     [
      -77.26479274697479,
      38.90088722493092
     ],
     [
      -77.26479408479234,
      38.90088927706533
     ],
     [
      -77.26479580669994,
      38.90089132832916
     ],
     [
      -77.26479728256922,
      38.90089296198173
     ],
     [
      -77.26479851240013,
      38.90089417802312
     ],
     [
      -77.26479949619267,
      38.900894976453294
     ],
     [
      -77.26480023394674,
      38.900895357272255
     ],
     [
      -77.26480144583029,
      38.90089592552527
     ],
     [
      -77.26480313184331,
      38.90089668121234
     ],
     [
      -77.26480529198582,
      38.90089762433342
     ],
     [
      -77.26480792625787,
      38.90089875488848
     ],
     [
      -77.26481017686613,
      38.900899736218946
     ],
     [
      -77.26481204381055,
      38.90090056832484
     ],
     [
      -77.2648135270911,
      38.90090125120614
     ],
     [
      -77.26481462670779,
      38.900901784862924
     ],
     [
      -77.26481570713236,
      38.9009026983175
     ],
     [
      -77.2648167683648,
      38.90090399156994
     ],
     [
      -77.26481781040518,
      38.9009056646202
     ],
     [
      -77.26481883325347,
      38.90090771746829
     ],
     [
      -77.26481924189059,
      38.900909771708676
     ],
     [
      -77.26481903631651,
      38.900911827341346
     ],
     [
      -77.26481821653115,
      38.900913884366304
     ],
     [
      -77.2648167825345,
      38.90091594278354
     ],
     [
      -77.26481553989046,
      38.90091766431467
     ],
     [
      -77.26481448859909,
      38.900919048959686
     ],
     [
      -77.26481362866042,
      38.90092009671858
     ],
     [
      -77.26481296007448,
      38.900920807591405
     ],
     [
      -77.26481217543477,
      38.90092167784029
     ],
     [
      -77.26481127474126,
      38.90092270746526
     ],
     [
      -77.26481025799397,
      38.90092389646629
     ],
     [
      -77.26480912519288,
      38.900925244843414
     ],
     [
      -77.26480790371825,
      38.900926577661245
     ],
     [
      -77.26480659357013,
      38.90092789491977
     ]
    ]
   },
   "properties": {
    "id": "ct-5",
    "kind": "Contour",
    "sourceId": "contours",
    "reliabilityLevel": 1,
    "revision": 1,
    "engineeringGeometry": {
     "crs": "EPSG:2248",
     "crsName": "NAD83 / Maryland State Plane (US survey feet)",
     "datum": "NAD83",
     "unit": "usSurveyFoot",
     "coordinates": [
      [
       1237092.9010331011,
       449367.9792511306,
       366
      ],
      [
       1237092.954513833,
       449368.01501184254,
       366
      ],
      [
       1237093.0614752965,
       449368.08653326624,
       366
      ],
      [
       1237093.2219174919,
       449368.19381540193,
       366
      ],
      [
       1237093.4358404186,
       449368.3368582495,
       366
      ],
      [
       1237093.7834041659,
       449368.58022391977,
       366
      ],
      [
       1237094.2646087334,
       449368.9239124128,
       366
      ],
      [
       1237094.879454121,
       449369.36792372854,
       366
      ],
      [
       1237095.6279403283,
       449369.912257867,
       366
      ],
      [
       1237096.2047530652,
       449370.33578577626,
       366
      ],
      [
       1237096.6098923315,
       449370.63850745634,
       366
      ],
      [
       1237096.8433581267,
       449370.8204229072,
       366
      ],
      [
       1237096.9051504515,
       449370.88153212884,
       366
      ],
      [
       1237097.1231681656,
       449371.0683089857,
       366
      ],
      [
       1237097.4974112692,
       449371.3807534776,
       366
      ],
      [
       1237098.027879763,
       449371.8188656048,
       366
      ],
      [
       1237098.714573646,
       449372.3826453672,
       366
      ],
      [
       1237099.2757763173,
       449372.85165680025,
       366
      ],
      [
       1237099.7114877766,
       449373.22589990404,
       366
      ],
      [
       1237100.0217080237,
       449373.50537467864,
       366
      ],
      [
       1237100.206437059,
       449373.69008112396,
       366
      ],
      [
       1237100.4859231287,
       449373.9686872508,
       366
      ],
      [
       1237100.8601662326,
       449374.3411930592,
       366
      ],
      [
       1237101.3291663707,
       449374.8075985492,
       366
      ],
      [
       1237101.892923543,
       449375.3679037206,
       366
      ],
      [
       1237102.363735626,
       449375.83517785824,
       366
      ],
      [
       1237102.74160262,
       449376.20942096214,
       366
      ],
      [
       1237103.0265245247,
       449376.49063303217,
       366
      ],
      [
       1237103.2185013406,
       449376.6788140683,
       366
      ],
      [
       1237103.5016113003,
       449376.98732436687,
       366
      ],
      [
       1237103.875854404,
       449377.4161639278,
       366
      ],
      [
       1237104.3412306518,
       449377.96533275105,
       366
      ],
      [
       1237104.8977400442,
       449378.63483083656,
       366
      ],
      [
       1237105.3319561577,
       449379.15670143126,
       366
      ],
      [
       1237105.6438789929,
       449379.53094453516,
       366
      ],
      [
       1237105.8335085497,
       449379.75756014814,
       366
      ],
      [
       1237105.9008448278,
       449379.8365482702,
       366
      ],
      [
       1237106.082805116,
       449380.0829109137,
       366
      ],
      [
       1237106.3793894146,
       449380.49664807855,
       366
      ],
      [
       1237106.790597723,
       449381.0777597648,
       366
      ],
      [
       1237107.3164300418,
       449381.8262459725,
       366
      ],
      [
       1237107.7496336834,
       449382.4471855728,
       366
      ],
      [
       1237108.0902086482,
       449382.9405785658,
       366
      ],
      [
       1237108.338154936,
       449383.30642495153,
       366
      ],
      [
       1237108.4934725466,
       449383.54472472984,
       366
      ],
      [
       1237108.7053261981,
       449383.85099617095,
       366
      ],
      [
       1237108.97371589,
       449384.2252392748,
       366
      ],
      [
       1237109.2986416225,
       449384.6674540414,
       366
      ],
      [
       1237109.6801033956,
       449385.17764047073,
       366
      ],
      [
       1237110.057955834,
       449385.74664120027,
       366
      ],
      [
       1237110.432198938,
       449386.37445622985,
       366
      ],
      [
       1237110.802832707,
       449387.0610855598,
       366
      ],
      [
       1237111.1698571416,
       449387.8065291899,
       366
      ],
      [
       1237111.445480161,
       449388.36637255695,
       366
      ],
      [
       1237111.6297017653,
       449388.74061566073,
       366
      ],
      [
       1237111.7225219544,
       449388.92925850145,
       366
      ],
      [
       1237111.723940729,
       449388.93230107904,
       366
      ],
      [
       1237111.7472331307,
       449389.1217045641,
       366
      ],
      [
       1237111.7923991603,
       449389.49746895675,
       366
      ],
      [
       1237111.8594388177,
       449390.05959425686,
       366
      ],
      [
       1237111.9483521024,
       449390.8080804645,
       366
      ],
      [
       1237111.9924540515,
       449391.4538914409,
       366
      ],
      [
       1237111.9917446645,
       449391.9970271859,
       366
      ],
      [
       1237111.9462239414,
       449392.43748769973,
       366
      ],
      [
       1237111.8558918822,
       449392.7752729822,
       366
      ],
      [
       1237111.7354781465,
       449393.13128717535,
       366
      ],
      [
       1237111.5849827342,
       449393.50553027925,
       366
      ],
      [
       1237111.4044056453,
       449393.8980022938,
       366
      ],
      [
       1237111.1937468802,
       449394.30870321894,
       366
      ],
      [
       1237110.9557359451,
       449394.80385046476,
       366
      ],
      [
       1237110.6903728407,
       449395.3834440311,
       366
      ],
      [
       1237110.3976575667,
       449396.0474839182,
       366
      ],
      [
       1237110.077590123,
       449396.79597012594,
       366
      ],
      [
       1237109.7830995407,
       449397.462886685,
       366
      ],
      [
       1237109.5141858195,
       449398.0482335953,
       366
      ],
      [
       1237109.2708489597,
       449398.55201085703,
       366
      ],
      [
       1237109.053088961,
       449398.9742184701,
       366
      ],
      [
       1237108.8474776973,
       449399.37244382856,
       366
      ],
      [
       1237108.6540151683,
       449399.7466869324,
       366
      ],
      [
       1237108.4727013744,
       449400.09694778157,
       366
      ],
      [
       1237108.303536316,
       449400.42322637624,
       366
      ],
      [
       1237108.1164943897,
       449400.8550568741,
       366
      ],
      [
       1237107.9115755965,
       449401.39243927517,
       366
      ],
      [
       1237107.6887799362,
       449402.0353735796,
       366
      ],
      [
       1237107.4481074086,
       449402.7838597873,
       366
      ],
      [
       1237107.2468166514,
       449403.53234599496,
       366
      ],
      [
       1237107.0849076647,
       449404.2808322025,
       366
      ],
      [
       1237106.9623804481,
       449405.0293184102,
       366
      ],
      [
       1237106.8792350015,
       449405.7778046179,
       366
      ],
      [
       1237106.8341279645,
       449406.52629082557,
       366
      ],
      [
       1237106.827059337,
       449407.27477703325,
       366
      ],
      [
       1237106.8580291185,
       449408.02326324093,
       366
      ],
      [
       1237106.9270373092,
       449408.7717494486,
       366
      ],
      [
       1237107.0147567238,
       449409.5202356563,
       366
      ],
      [
       1237107.1211873621,
       449410.2687218639,
       366
      ],
      [
       1237107.2463292242,
       449411.0172080716,
       366
      ],
      [
       1237107.3901823098,
       449411.7656942793,
       366
      ],
      [
       1237107.5089352422,
       449412.51418048696,
       366
      ],
      [
       1237107.602588021,
       449413.2626666946,
       366
      ],
      [
       1237107.671140646,
       449414.01115290227,
       366
      ],
      [
       1237107.7145931176,
       449414.75963911,
       366
      ],
      [
       1237107.736384873,
       449415.5081253177,
       366
      ],
      [
       1237107.7365159125,
       449416.2566115253,
       366
      ],
      [
       1237107.7149862358,
       449417.005097733,
       366
      ],
      [
       1237107.6717958432,
       449417.7535839406,
       366
      ],
      [
       1237107.5856435983,
       449418.50207014824,
       366
      ],
      [
       1237107.456529501,
       449419.25055635604,
       366
      ],
      [
       1237107.2844535515,
       449419.99904256366,
       366
      ],
      [
       1237107.0694157497,
       449420.7475287713,
       366
      ],
      [
       1237106.8489976448,
       449421.49601497897,
       366
      ],
      [
       1237106.6231992366,
       449422.2445011866,
       366
      ],
      [
       1237106.3920205252,
       449422.9929873943,
       366
      ],
      [
       1237106.1554615106,
       449423.741473602,
       366
      ],
      [
       1237105.973784821,
       449424.3241336542,
       366
      ],
      [
       1237105.8469904566,
       449424.7409675508,
       366
      ],
      [
       1237105.7750784173,
       449424.9919752919,
       366
      ],
      [
       1237105.7580487034,
       449425.07715687755,
       366
      ],
      [
       1237105.7091740319,
       449425.3068692223,
       366
      ],
      [
       1237105.6284544026,
       449425.6811123261,
       366
      ],
      [
       1237105.515889816,
       449426.1998861891,
       366
      ],
      [
       1237105.3714802722,
       449426.8631908111,
       366
      ],
      [
       1237105.1121539483,
       449427.5186644064,
       366
      ],
      [
       1237104.7379108444,
       449428.16630697483,
       366
      ],
      [
       1237104.2487509607,
       449428.80611851637,
       366
      ],
      [
       1237103.644674297,
       449429.4380990312,
       366
      ],
      [
       1237103.0044952473,
       449429.9327503925,
       366
      ],
      [
       1237102.3282138116,
       449430.29007260036,
       366
      ],
      [
       1237101.6158299898,
       449430.51006565476,
       366
      ],
      [
       1237100.8673437824,
       449430.5927295557,
       366
      ],
      [
       1237100.283523264,
       449430.6631879294,
       366
      ],
      [
       1237099.8643684355,
       449430.7214407758,
       366
      ],
      [
       1237099.6098792963,
       449430.767488095,
       366
      ],
      [
       1237099.5200558465,
       449430.80132988695,
       366
      ],
      [
       1237099.2880225698,
       449430.9657319366,
       366
      ],
      [
       1237098.913779466,
       449431.26069424395,
       366
      ],
      [
       1237098.397326535,
       449431.68621680903,
       366
      ],
      [
       1237097.738663777,
       449432.24229963176,
       366
      ],
      [
       1237097.2342375987,
       449432.7074625951,
       366
      ],
      [
       1237096.884048,
       449433.0817056989,
       366
      ],
      [
       1237096.6880949808,
       449433.3650289433,
       366
      ],
      [
       1237096.6463785416,
       449433.55743232823,
       366
      ],
      [
       1237096.6255203218,
       449433.7595902292,
       366
      ],
      [
       1237096.6255203218,
       449433.97150264616,
       366
      ],
      [
       1237096.6463785416,
       449434.19316957926,
       366
      ],
      [
       1237096.6880949808,
       449434.4245910285,
       366
      ],
      [
       1237096.7441961432,
       449434.727423305,
       366
      ],
      [
       1237096.814682029,
       449435.10166640877,
       366
      ],
      [
       1237096.8995526375,
       449435.54732033995,
       366
      ],
      [
       1237096.998807969,
       449436.06438509846,
       366
      ],
      [
       1237097.1498564426,
       449436.6393052192,
       366
      ],
      [
       1237097.352698058,
       449437.2720807023,
       366
      ],
      [
       1237097.607332815,
       449437.9627115477,
       366
      ],
      [
       1237097.913760714,
       449438.71119775536,
       366
      ],
      [
       1237098.2292823824,
       449439.4194639476,
       366
      ],
      [
       1237098.5538978206,
       449440.0875101244,
       366
      ],
      [
       1237098.8876070282,
       449440.71533628576,
       366
      ],
      [
       1237099.230410005,
       449441.3029424317,
       366
      ],
      [
       1237099.5135752,
       449441.7838670566,
       366
      ],
      [
       1237099.7371026133,
       449442.1581101604,
       366
      ],
      [
       1237099.9009922442,
       449442.4256717432,
       366
      ],
      [
       1237100.0052440932,
       449442.5865518049,
       366
      ],
      [
       1237100.205631263,
       449442.89433340315,
       366
      ],
      [
       1237100.5021537538,
       449443.3490165379,
       366
      ],
      [
       1237100.894811565,
       449443.9506012091,
       366
      ],
      [
       1237101.383604697,
       449444.6990874168,
       366
      ],
      [
       1237101.7890598527,
       449445.3130631478,
       366
      ],
      [
       1237102.1111770319,
       449445.7925284023,
       366
      ],
      [
       1237102.349956235,
       449446.1374831801,
       366
      ],
      [
       1237102.5053974616,
       449446.34792748117,
       366
      ],
      [
       1237102.7234616284,
       449446.6402711837,
       366
      ],
      [
       1237103.0041487352,
       449447.0145142876,
       366
      ],
      [
       1237103.3474587821,
       449447.47065679275,
       366
      ],
      [
       1237103.7533917692,
       449448.0086986992,
       366
      ],
      [
       1237104.1434798148,
       449448.50831191486,
       366
      ],
      [
       1237104.5177229187,
       449448.96949643973,
       366
      ],
      [
       1237104.876121081,
       449449.39225227374,
       366
      ],
      [
       1237105.2186743016,
       449449.77657941694,
       366
      ],
      [
       1237105.5546934274,
       449450.1558645405,
       366
      ],
      [
       1237105.8841784587,
       449450.53010764427,
       366
      ],
      [
       1237106.2071293956,
       449450.8993087284,
       366
      ],
      [
       1237106.5235462375,
       449451.2634677929,
       366
      ],
      [
       1237106.8688762104,
       449451.67564255645,
       366
      ],
      [
       1237107.2431193143,
       449452.13583301904,
       366
      ],
      [
       1237107.646275549,
       449452.64403918077,
       366
      ],
      [
       1237108.0783449144,
       449453.2002610416,
       366
      ],
      [
       1237108.4390635737,
       449453.66549352393,
       366
      ],
      [
       1237108.7284315263,
       449454.0397366278,
       366
      ],
      [
       1237108.9464487727,
       449454.3229903531,
       366
      ],
      [
       1237109.093115313,
       449454.5152547,
       366
      ],
      [
       1237109.3535701348,
       449454.8232308633,
       366
      ],
      [
       1237109.7278132387,
       449455.246918843,
       366
      ],
      [
       1237110.2158446244,
       449455.7863186391,
       366
      ],
      [
       1237110.817664292,
       449456.4414302517,
       366
      ],
      [
       1237111.289572964,
       449456.9561076099,
       366
      ],
      [
       1237111.63157064,
       449457.3303507137,
       366
      ],
      [
       1237111.8436573208,
       449457.56415956316,
       366
      ],
      [
       1237111.925833006,
       449457.6575341583,
       366
      ],
      [
       1237112.1531379586,
       449457.9146866566,
       366
      ],
      [
       1237112.5255721794,
       449458.335617058,
       366
      ],
      [
       1237113.0431356675,
       449458.92032536253,
       366
      ],
      [
       1237113.7058284234,
       449459.6688115702,
       366
      ],
      [
       1237114.203752432,
       449460.2312981492,
       366
      ],
      [
       1237114.5369076931,
       449460.60778509954,
       366
      ],
      [
       1237114.7052942072,
       449460.79827242123,
       366
      ],
      [
       1237114.708911974,
       449460.80276011425,
       366
      ],
      [
       1237114.853276297,
       449460.9921255127,
       366
      ],
      [
       1237115.1383871767,
       449461.36636861647,
       366
      ],
      [
       1237115.5642446126,
       449461.9254894258,
       366
      ],
      [
       1237116.1308486047,
       449462.6694879404,
       366
      ],
      [
       1237116.601272153,
       449463.28380173293,
       366
      ],
      [
       1237116.9755152569,
       449463.7684308033,
       366
      ],
      [
       1237117.2535779164,
       449464.12337515154,
       366
      ],
      [
       1237117.4354601318,
       449464.3486347778,
       366
      ],
      [
       1237117.6834278833,
       449464.6483861428,
       366
      ],
      [
       1237117.997481171,
       449465.0226292466,
       366
      ],
      [
       1237118.377619995,
       449465.4713640893,
       366
      ],
      [
       1237118.8238443553,
       449465.99459067074,
       366
      ],
      [
       1237119.2340780874,
       449466.47257709806,
       366
      ],
      [
       1237119.608321191,
       449466.9053233713,
       366
      ],
      [
       1237119.9465736668,
       449467.2928294903,
       366
      ],
      [
       1237120.2488355143,
       449467.6350954552,
       366
      ],
      [
       1237120.563924686,
       449467.99334998964,
       366
      ],
      [
       1237120.8918411818,
       449468.3675930935,
       366
      ],
      [
       1237121.2325850017,
       449468.7578247668,
       366
      ],
      [
       1237121.5861561457,
       449469.1640450094,
       366
      ],
      [
       1237121.9500632696,
       449469.58164181246,
       366
      ],
      [
       1237122.3243063735,
       449470.0106151758,
       366
      ],
      [
       1237122.7088854571,
       449470.4509650994,
       366
      ],
      [
       1237123.1038005208,
       449470.90269158315,
       366
      ],
      [
       1237123.4634886654,
       449471.315676377,
       366
      ],
      [
       1237123.7879498918,
       449471.6899194808,
       366
      ],
      [
       1237124.0771841994,
       449472.0254208946,
       366
      ],
      [
       1237124.3311915877,
       449472.3221806186,
       366
      ],
      [
       1237124.645316834,
       449472.6861024542,
       366
      ],
      [
       1237125.019559938,
       449473.1171864016,
       366
      ],
      [
       1237125.4539208994,
       449473.61543246073,
       366
      ],
      [
       1237125.9483997184,
       449474.1808406316,
       366
      ],
      [
       1237126.3583970226,
       449474.650666269,
       366
      ],
      [
       1237126.683912812,
       449475.0249093728,
       366
      ],
      [
       1237126.9249470867,
       449475.3035699431,
       366
      ],
      [
       1237127.0814998467,
       449475.48664797994,
       366
      ],
      [
       1237127.3468977786,
       449475.79774861666,
       366
      ],
      [
       1237127.7211408825,
       449476.2368718533,
       366
      ],
      [
       1237128.2042291583,
       449476.8040176899,
       366
      ],
      [
       1237128.7961626058,
       449477.4991861264,
       366
      ],
      [
       1237129.2504414858,
       449478.0338918966,
       366
      ],
      [
       1237129.567065798,
       449478.4081350005,
       366
      ],
      [
       1237129.7460355423,
       449478.621915438,
       366
      ],
      [
       1237129.7873507193,
       449478.67523320904,
       366
      ],
      [
       1237129.9573538778,
       449478.90234308934,
       366
      ],
      [
       1237130.2560450188,
       449479.3032450788,
       366
      ],
      [
       1237130.6834241415,
       449479.87793917727,
       366
      ],
      [
       1237131.2394912462,
       449480.6264253849,
       366
      ],
      [
       1237131.6943175565,
       449481.2713285235,
       366
      ],
      [
       1237132.0479030719,
       449481.81264859304,
       366
      ],
      [
       1237132.3002477929,
       449482.25038559356,
       366
      ],
      [
       1237132.451351719,
       449482.584539525,
       366
      ],
      [
       1237132.6084718239,
       449482.9387380426,
       366
      ],
      [
       1237132.7716081075,
       449483.31298114645,
       366
      ],
      [
       1237132.9407605696,
       449483.70726883644,
       366
      ],
      [
       1237133.11592921,
       449484.12160111277,
       366
      ],
      [
       1237133.2035135305,
       449484.52788094897,
       366
      ],
      [
       1237133.2035135305,
       449484.92610834516,
       366
      ],
      [
       1237133.11592921,
       449485.31628330133,
       366
      ],
      [
       1237132.9407605696,
       449485.69840581727,
       366
      ],
      [
       1237132.622262537,
       449485.9678256074,
       366
      ],
      [
       1237132.1604351127,
       449486.1245426717,
       366
      ],
      [
       1237131.5552782966,
       449486.16855700995,
       366
      ],
      [
       1237130.8067920892,
       449486.09986862226,
       366
      ],
      [
       1237130.0583058815,
       449486.0124492134,
       366
      ],
      [
       1237129.3098196737,
       449485.9062987835,
       366
      ],
      [
       1237128.5613334659,
       449485.7814173324,
       366
      ],
      [
       1237127.8128472585,
       449485.6378048602,
       366
      ],
      [
       1237127.0643610507,
       449485.55133740214,
       366
      ],
      [
       1237126.3158748432,
       449485.52201495826,
       366
      ],
      [
       1237125.5673886356,
       449485.54983752855,
       366
      ],
      [
       1237124.8189024278,
       449485.634805113,
       366
      ],
      [
       1237124.07041622,
       449485.7787490588,
       366
      ],
      [
       1237123.3219300122,
       449485.9816693658,
       366
      ],
      [
       1237122.5734438046,
       449486.24356603407,
       366
      ],
      [
       1237121.8249575973,
       449486.56443906366,
       366
      ],
      [
       1237121.1853557823,
       449486.84829982015,
       366
      ],
      [
       1237120.6546383598,
       449487.09514830366,
       366
      ],
      [
       1237120.2328053303,
       449487.30498451414,
       366
      ],
      [
       1237119.9198566934,
       449487.4778084516,
       366
      ],
      [
       1237119.576260823,
       449487.6620822232,
       366
      ],
      [
       1237119.2020177192,
       449487.8578058291,
       366
      ],
      [
       1237118.797127382,
       449488.06497926917,
       366
      ],
      [
       1237118.361589811,
       449488.2836025435,
       366
      ],
      [
       1237117.847815081,
       449488.55033581035,
       366
      ],
      [
       1237117.2558031916,
       449488.8651790697,
       366
      ],
      [
       1237116.5855541432,
       449489.2281323216,
       366
      ],
      [
       1237115.8370679358,
       449489.639195566,
       366
      ],
      [
       1237115.2256360776,
       449489.97719292156,
       366
      ],
      [
       1237114.7512585686,
       449490.2421243882,
       366
      ],
      [
       1237114.4139354092,
       449490.43398996606,
       366
      ],
      [
       1237114.213666599,
       449490.55278965505,
       366
      ],
      [
       1237113.926410642,
       449490.7132038184,
       366
      ],
      [
       1237113.5521675383,
       449490.9152324562,
       366
      ],
      [
       1237113.0909372875,
       449491.1588755683,
       366
      ],
      [
       1237112.54271989,
       449491.44413315493,
       366
      ],
      [
       1237111.9444352898,
       449491.76666583866,
       366
      ],
      [
       1237111.296083487,
       449492.1264736195,
       366
      ],
      [
       1237110.597664482,
       449492.52355649753,
       366
      ],
      [
       1237109.8491782744,
       449492.9579144728,
       366
      ],
      [
       1237109.275484801,
       449493.2909006156,
       366
      ],
      [
       1237108.8765840617,
       449493.5225149262,
       366
      ],
      [
       1237108.6524760567,
       449493.65275740443,
       366
      ],
      [
       1237108.6031607862,
       449493.6816280503,
       366
      ],
      [
       1237108.391381599,
       449493.7935854172,
       366
      ],
      [
       1237108.017138495,
       449493.98862950515,
       366
      ],
      [
       1237107.4804314747,
       449494.2667603141,
       366
      ],
      [
       1237106.7812605374,
       449494.62797784404,
       366
      ],
      [
       1237106.079821227,
       449494.9957081609,
       366
      ],
      [
       1237105.3761135426,
       449495.3699512648,
       366
      ],
      [
       1237104.6701374846,
       449495.75070715556,
       366
      ],
      [
       1237103.9618930533,
       449496.13797583326,
       366
      ],
      [
       1237103.4206492854,
       449496.43388081994,
       366
      ],
      [
       1237103.0464061815,
       449496.6384221156,
       366
      ],
      [
       1237102.8391637416,
       449496.7515997203,
       366
      ],
      [
       1237102.7989219655,
       449496.7734136339,
       366
      ],
      [
       1237102.5816190816,
       449496.8913398598,
       366
      ],
      [
       1237102.1872550896,
       449497.1053783979,
       366
      ],
      [
       1237101.6158299898,
       449497.4155292482,
       366
      ],
      [
       1237100.8673437824,
       449497.82179241074,
       366
      ],
      [
       1237100.1494907937,
       449498.2065920655,
       366
      ],
      [
       1237099.4622710235,
       449498.56992821244,
       366
      ],
      [
       1237098.8056844727,
       449498.9118008517,
       366
      ],
      [
       1237098.1797311406,
       449499.2322099832,
       366
      ],
      [
       1237097.6796329226,
       449499.4875071979,
       366
      ],
      [
       1237097.3053898187,
       449499.67769249564,
       366
      ],
      [
       1237097.0570018291,
       449499.80276587664,
       366
      ],
      [
       1237096.9344689534,
       449499.8627273407,
       366
      ],
      [
       1237096.655447745,
       449500.00483027543,
       366
      ],
      [
       1237096.2199382032,
       449500.2290746807,
       366
      ],
      [
       1237095.6279403286,
       449500.53546055657,
       366
      ],
      [
       1237094.879454121,
       449500.92398790305,
       366
      ],
      [
       1237094.1704344577,
       449501.2903827622,
       366
      ],
      [
       1237093.5008813385,
       449501.634645134,
       366
      ],
      [
       1237092.8707947638,
       449501.9567750184,
       366
      ],
      [
       1237092.2801747331,
       449502.25677241554,
       366
      ],
      [
       1237091.7977431659,
       449502.50157370226,
       366
      ],
      [
       1237091.423500062,
       449502.6911788786,
       366
      ],
      [
       1237091.1574454217,
       449502.8255879446,
       366
      ],
      [
       1237090.9995792445,
       449502.9048009002,
       366
      ],
      [
       1237090.6940580597,
       449503.0672251085,
       366
      ],
      [
       1237090.2408818672,
       449503.31286056957,
       366
      ],
      [
       1237089.640050667,
       449503.64170728327,
       366
      ],
      [
       1237088.8915644598,
       449504.05376524973,
       366
      ],
      [
       1237088.1925831768,
       449504.427112546,
       366
      ],
      [
       1237087.543106818,
       449504.761749172,
       366
      ],
      [
       1237086.943135384,
       449505.0576751278,
       366
      ],
      [
       1237086.3926688745,
       449505.3148904134,
       366
      ],
      [
       1237085.9303140678,
       449505.531339596,
       366
      ],
      [
       1237085.5560709639,
       449505.70702267566,
       366
      ],
      [
       1237085.2699395628,
       449505.84193965234,
       366
      ],
      [
       1237085.0719198645,
       449505.936090526,
       366
      ],
      [
       1237084.7362835389,
       449506.0710311299,
       366
      ],
      [
       1237084.2630305858,
       449506.24676146405,
       366
      ],
      [
       1237083.6521610057,
       449506.4632815284,
       366
      ],
      [
       1237082.9036747983,
       449506.7205913229,
       366
      ],
      [
       1237082.1551885908,
       449506.9910503511,
       366
      ],
      [
       1237081.406702383,
       449507.274658613,
       366
      ],
      [
       1237080.6582161752,
       449507.5714161086,
       366
      ],
      [
       1237079.9097299674,
       449507.8813228377,
       366
      ],
      [
       1237079.3070926052,
       449508.1355325872,
       366
      ],
      [
       1237078.8503040883,
       449508.33404535695,
       366
      ],
      [
       1237078.5393644166,
       449508.4768611469,
       366
      ],
      [
       1237078.37427359,
       449508.56397995714,
       366
      ],
      [
       1237078.104606625,
       449508.71665065835,
       366
      ],
      [
       1237077.7303635213,
       449508.9348732505,
       366
      ],
      [
       1237077.2515442786,
       449509.21864773356,
       366
      ],
      [
       1237076.6681488974,
       449509.5679741075,
       366
      ],
      [
       1237076.0618445007,
       449509.9297588464,
       366
      ],
      [
       1237075.432631089,
       449510.3040019503,
       366
      ],
      [
       1237074.7805086619,
       449510.69070341904,
       366
      ],
      [
       1237074.1054772194,
       449511.0898632527,
       366
      ],
      [
       1237073.5808399464,
       449511.3998887586,
       366
      ],
      [
       1237073.2065968425,
       449511.6207799366,
       366
      ],
      [
       1237072.982747908,
       449511.7525367869,
       366
      ],
      [
       1237072.9092931426,
       449511.79515930946,
       366
      ],
      [
       1237072.6670805167,
       449511.9432018813,
       366
      ],
      [
       1237072.2561100302,
       449512.19666450244,
       366
      ],
      [
       1237071.676381683,
       449512.555547173,
       366
      ],
      [
       1237070.9278954756,
       449513.01984989294,
       366
      ],
      [
       1237070.2636797663,
       449513.4284671742,
       366
      ],
      [
       1237069.6837345553,
       449513.7813990168,
       366
      ],
      [
       1237069.1880598427,
       449514.0786454207,
       366
      ],
      [
       1237068.7766556286,
       449514.320206386,
       366
      ],
      [
       1237068.3838319695,
       449514.56622981647,
       366
      ],
      [
       1237068.0095888656,
       449514.81671571225,
       366
      ],
      [
       1237067.653926317,
       449515.07166407316,
       366
      ],
      [
       1237067.3168443234,
       449515.33107489935,
       366
      ],
      [
       1237066.9692939217,
       449515.6479018644,
       366
      ],
      [
       1237066.6112751113,
       449516.02214496816,
       366
      ],
      [
       1237066.242787893,
       449516.4538042109,
       366
      ],
      [
       1237065.8638322658,
       449516.9428795923,
       366
      ],
      [
       1237065.5111906005,
       449517.49680768035,
       366
      ],
      [
       1237065.184862897,
       449518.1155884749,
       366
      ],
      [
       1237064.8848491549,
       449518.7992219761,
       366
      ],
      [
       1237064.6111493746,
       449519.54770818376,
       366
      ],
      [
       1237064.3819168392,
       449520.21646498877,
       366
      ],
      [
       1237064.1971515487,
       449520.8054923911,
       366
      ],
      [
       1237064.0568535035,
       449521.3147903909,
       366
      ],
      [
       1237063.9610227032,
       449521.74435898813,
       366
      ],
      [
       1237063.8734788322,
       449522.14626483864,
       366
      ],
      [
       1237063.7942218909,
       449522.5205079424,
       366
      ],
      [
       1237063.723251879,
       449522.8670882996,
       366
      ],
      [
       1237063.6605687963,
       449523.18600591016,
       366
      ],
      [
       1237063.5786961198,
       449523.61231567,
       366
      ],
      [
       1237063.4776338493,
       449524.146017579,
       366
      ],
      [
       1237063.3573819844,
       449524.7871116374,
       366
      ],
      [
       1237063.2179405256,
       449525.5355978451,
       366
      ],
      [
       1237063.0771044893,
       449526.2840840528,
       366
      ],
      [
       1237062.9348738757,
       449527.0325702604,
       366
      ],
      [
       1237062.7912486847,
       449527.7810564681,
       366
      ],
      [
       1237062.646228916,
       449528.52954267577,
       366
      ],
      [
       1237062.5000541538,
       449529.27802888345,
       366
      ],
      [
       1237062.3527243985,
       449530.0265150911,
       366
      ],
      [
       1237062.2042396495,
       449530.77500129875,
       366
      ],
      [
       1237062.0545999075,
       449531.5234875065,
       366
      ],
      [
       1237061.9062214969,
       449532.2719737142,
       366
      ],
      [
       1237061.7591044183,
       449533.0204599218,
       366
      ],
      [
       1237061.6132486714,
       449533.7689461295,
       366
      ],
      [
       1237061.4686542563,
       449534.5174323371,
       366
      ],
      [
       1237061.3334315098,
       449535.2152594305,
       366
      ],
      [
       1237061.2075804323,
       449535.86242740974,
       366
      ],
      [
       1237061.0911010231,
       449536.45893627463,
       366
      ],
      [
       1237060.9839932828,
       449537.0047860253,
       366
      ],
      [
       1237060.894307261,
       449537.4648324526,
       366
      ],
      [
       1237060.822042958,
       449537.8390755564,
       366
      ],
      [
       1237060.767200374,
       449538.1275153368,
       366
      ],
      [
       1237060.7297795087,
       449538.3301517938,
       366
      ],
      [
       1237060.6659731893,
       449538.66925068846,
       366
      ],
      [
       1237060.5757814161,
       449539.1448120208,
       366
      ],
      [
       1237060.459204189,
       449539.7568357908,
       366
      ],
      [
       1237060.3162415074,
       449540.5053219985,
       366
      ],
      [
       1237060.1748743393,
       449541.2538082062,
       366
      ],
      [
       1237060.0351026845,
       449542.0022944138,
       366
      ],
      [
       1237059.8969265423,
       449542.7507806215,
       366
      ],
      [
       1237059.7603459135,
       449543.4992668292,
       366
      ],
      [
       1237059.6225937284,
       449544.2477530369,
       366
      ],
      [
       1237059.483669987,
       449544.99623924453,
       366
      ],
      [
       1237059.3435746897,
       449545.7447254522,
       366
      ],
      [
       1237059.2023078357,
       449546.4932116599,
       366
      ],
      [
       1237059.0565434578,
       449547.2416978676,
       366
      ],
      [
       1237058.9062815558,
       449547.9901840752,
       366
      ],
      [
       1237058.7515221294,
       449548.7386702829,
       366
      ],
      [
       1237058.5922651784,
       449549.48715649056,
       366
      ],
      [
       1237058.4400729085,
       449550.1985993775,
       366
      ],
      [
       1237058.2949453194,
       449550.87299894367,
       366
      ],
      [
       1237058.1568824109,
       449551.5103551891,
       366
      ],
      [
       1237058.025884183,
       449552.11066811386,
       366
      ],
      [
       1237057.9160525776,
       449552.59794612817,
       366
      ],
      [
       1237057.8273875944,
       449552.972189232,
       366
      ],
      [
       1237057.7598892339,
       449553.2333974254,
       366
      ],
      [
       1237057.7135574957,
       449553.3815707083,
       366
      ],
      [
       1237057.516731432,
       449553.6798222224,
       366
      ],
      [
       1237057.1694110427,
       449554.1281519678,
       366
      ],
      [
       1237056.6715963283,
       449554.7265599442,
       366
      ],
      [
       1237056.0232872886,
       449555.4750461519,
       366
      ],
      [
       1237055.5235941513,
       449556.0427772319,
       366
      ],
      [
       1237055.1725169166,
       449556.42975318414,
       366
      ],
      [
       1237054.9700555843,
       449556.63597400876,
       366
      ],
      [
       1237054.916210155,
       449556.6614397057,
       366
      ],
      [
       1237054.8556076495,
       449556.67417255417,
       366
      ],
      [
       1237054.7882480684,
       449556.67417255417,
       366
      ],
      [
       1237054.7141314116,
       449556.6614397057,
       366
      ],
      [
       1237054.633257679,
       449556.63597400876,
       366
      ],
      [
       1237054.4056992608,
       449556.58498215437,
       366
      ],
      [
       1237054.0314561569,
       449556.5084641425,
       366
      ],
      [
       1237053.5105283675,
       449556.40641997324,
       366
      ],
      [
       1237052.8429158924,
       449556.27884964645,
       366
      ],
      [
       1237052.1550849844,
       449556.108778968,
       366
      ],
      [
       1237051.4470356428,
       449555.89620793785,
       366
      ],
      [
       1237050.7187678684,
       449555.64113655593,
       366
      ],
      [
       1237049.9702816608,
       449555.3435648223,
       366
      ],
      [
       1237049.2832332808,
       449555.03954998526,
       366
      ],
      [
       1237048.657622728,
       449554.7290920448,
       366
      ],
      [
       1237048.093450003,
       449554.41219100094,
       366
      ],
      [
       1237047.5907151059,
       449554.08884685364,
       366
      ],
      [
       1237047.1522261053,
       449553.81381204363,
       366
      ],
      [
       1237046.7779830014,
       449553.58708657103,
       366
      ],
      [
       1237046.4679857944,
       449553.4086704357,
       366
      ],
      [
       1237046.2222344838,
       449553.2785636377,
       366
      ],
      [
       1237045.8507994493,
       449553.03196485265,
       366
      ],
      [
       1237045.3536806903,
       449552.66887408047,
       366
      ],
      [
       1237044.730878207,
       449552.18929132115,
       366
      ],
      [
       1237043.9823919996,
       449551.5932165748,
       366
      ],
      [
       1237043.4149532947,
       449551.14058434917,
       366
      ],
      [
       1237043.0285620927,
       449550.83139464434,
       366
      ],
      [
       1237042.8232183938,
       449550.66564746026,
       366
      ],
      [
       1237042.798922198,
       449550.64334279695,
       366
      ],
      [
       1237042.5996525479,
       449550.4675672911,
       366
      ],
      [
       1237042.2254094442,
       449550.13832094276,
       366
      ],
      [
       1237041.6761928864,
       449549.6556037518,
       366
      ],
      [
       1237040.9520028746,
       449549.01941571827,
       366
      ],
      [
       1237040.383032651,
       449548.51420014957,
       366
      ],
      [
       1237039.969282215,
       449548.1399570458,
       366
      ],
      [
       1237039.710751567,
       449547.8966864068,
       366
      ],
      [
       1237039.607440707,
       449547.7843882326,
       366
      ],
      [
       1237039.377091761,
       449547.5130430501,
       366
      ],
      [
       1237039.019704729,
       449547.0826508592,
       366
      ],
      [
       1237038.5352796114,
       449546.4932116599,
       366
      ],
      [
       1237037.9238164076,
       449545.7447254522,
       366
      ],
      [
       1237037.4567909688,
       449545.17432312865,
       366
      ],
      [
       1237037.134203295,
       449544.78200468933,
       366
      ],
      [
       1237036.956053386,
       449544.5677701341,
       366
      ],
      [
       1237036.9223412424,
       449544.531619463,
       366
      ],
      [
       1237036.7099355825,
       449544.3361223748,
       366
      ],
      [
       1237036.3188364068,
       449543.98127886944,
       366
      ],
      [
       1237035.749043715,
       449543.4670889469,
       366
      ],
      [
       1237035.0005575074,
       449542.79355260724,
       366
      ],
      [
       1237034.4253318578,
       449542.27870055323,
       366
      ],
      [
       1237034.0233667663,
       449541.922532785,
       366
      ],
      [
       1237033.7946622327,
       449541.72504930233,
       366
      ],
      [
       1237033.7392182574,
       449541.6862501054,
       366
      ],
      [
       1237033.5243747178,
       449541.5286058047,
       366
      ],
      [
       1237033.150131614,
       449541.2521164003,
       366
      ],
      [
       1237032.616488946,
       449540.856781892,
       366
      ],
      [
       1237031.9234467135,
       449540.34260227997,
       366
      ],
      [
       1237031.3413726464,
       449539.89839092206,
       366
      ],
      [
       1237030.870266744,
       449539.5241478182,
       366
      ],
      [
       1237030.5101290066,
       449539.2198729685,
       366
      ],
      [
       1237030.2609594339,
       449538.98556637287,
       366
      ],
      [
       1237029.9492530958,
       449538.6602431726,
       366
      ],
      [
       1237029.5750099919,
       449538.2439033678,
       366
      ],
      [
       1237029.1382301224,
       449537.73654695845,
       366
      ],
      [
       1237028.6389134873,
       449537.13817394455,
       366
      ],
      [
       1237028.223603604,
       449536.6518658857,
       366
      ],
      [
       1237027.892300472,
       449536.2776227818,
       366
      ],
      [
       1237027.6450040918,
       449536.015444633,
       366
      ],
      [
       1237027.4817144633,
       449535.8653314393,
       366
      ],
      [
       1237027.2129480971,
       449535.6105238848,
       366
      ],
      [
       1237026.8387049935,
       449535.2510219696,
       366
      ],
      [
       1237026.3589851519,
       449534.7868256937,
       366
      ],
      [
       1237025.7737885725,
       449534.2179350571,
       366
      ],
      [
       1237025.243024717,
       449533.7463681869,
       366
      ],
      [
       1237024.766693585,
       449533.372125083,
       366
      ],
      [
       1237024.3447951772,
       449533.09520574554,
       366
      ],
      [
       1237023.977329493,
       449532.91561017453,
       366
      ],
      [
       1237023.606475099,
       449532.7363826745,
       366
      ],
      [
       1237023.232231995,
       449532.55752324546,
       366
      ],
      [
       1237022.8546001813,
       449532.37903188745,
       366
      ],
      [
       1237022.4735796582,
       449532.2009086004,
       366
      ],
      [
       1237022.0006927135,
       449532.0159888872,
       366
      ],
      [
       1237021.4359393483,
       449531.82427274785,
       366
      ],
      [
       1237020.7793195616,
       449531.6257601823,
       366
      ],
      [
       1237020.0308333542,
       449531.42045119056,
       366
      ],
      [
       1237019.2823471464,
       449531.1754019779,
       366
      ],
      [
       1237018.5338609386,
       449530.89061254426,
       366
      ],
      [
       1237017.7853747308,
       449530.5660828897,
       366
      ],
      [
       1237017.0368885235,
       449530.20181301417,
       366
      ],
      [
       1237016.4753091359,
       449529.92841459415,
       366
      ],
      [
       1237016.1006365689,
       449529.7458876297,
       366
      ],
      [
       1237015.9128708218,
       449529.6542321208,
       366
      ],
      [
       1237015.912011895,
       449529.6534480674,
       366
      ],
      [
       1237015.7244608798,
       449529.46817161015,
       366
      ],
      [
       1237015.350217776,
       449529.0984027491,
       366
      ],
      [
       1237014.7892825834,
       449528.5441414843,
       366
      ],
      [
       1237014.0416553025,
       449527.80538781564,
       366
      ],
      [
       1237013.4789916393,
       449527.2488894294,
       366
      ],
      [
       1237013.1012915939,
       449526.8746463256,
       366
      ],
      [
       1237012.9085551663,
       449526.6826585042,
       366
      ],
      [
       1237012.9007823565,
       449526.67292596516,
       366
      ],
      [
       1237012.7097743996,
       449526.49776620965,
       366
      ],
      [
       1237012.3355312957,
       449526.1571792376,
       366
      ],
      [
       1237011.7780530448,
       449525.651165049,
       366
      ],
      [
       1237011.0373396473,
       449524.9797236439,
       366
      ],
      [
       1237010.4527080145,
       449524.45688138943,
       366
      ],
      [
       1237010.024158147,
       449524.08263828565,
       366
      ],
      [
       1237009.7516900445,
       449523.8569943324,
       366
      ],
      [
       1237009.6353037073,
       449523.7799495298,
       366
      ],
      [
       1237009.3899889868,
       449523.62848575745,
       366
      ],
      [
       1237009.0157458829,
       449523.40260301536,
       366
      ],
      [
       1237008.5125743959,
       449523.1023013036,
       366
      ],
      [
       1237007.8804745257,
       449522.727580622,
       366
      ],
      [
       1237007.219278071,
       449522.3872089,
       366
      ],
      [
       1237006.5289850319,
       449522.0811861375,
       366
      ],
      [
       1237005.8095954084,
       449521.8095123345,
       366
      ],
      [
       1237005.0611092006,
       449521.57218749105,
       366
      ],
      [
       1237004.3555877912,
       449521.5472052397,
       366
      ],
      [
       1237003.6930311802,
       449521.7345655805,
       366
      ],
      [
       1237003.0734393673,
       449522.13426851336,
       366
      ],
      [
       1237002.4968123527,
       449522.7463140384,
       366
      ],
      [
       1237002.0213772936,
       449523.2498587952,
       366
      ],
      [
       1237001.6471341897,
       449523.6449027838,
       366
      ],
      [
       1237001.3740830412,
       449523.9314460042,
       366
      ],
      [
       1237001.202223848,
       449524.1094884564,
       366
      ],
      [
       1237000.9371824313,
       449524.38563123444,
       366
      ],
      [
       1237000.578958791,
       449524.7598743382,
       366
      ],
      [
       1237000.1275529268,
       449525.2322177679,
       366
      ],
      [
       1236999.5829648392,
       449525.8026615234,
       366
      ],
      [
       1236999.1235492434,
       449526.2843758432,
       366
      ],
      [
       1236998.7493061395,
       449526.67736072734,
       366
      ],
      [
       1236998.4602355277,
       449526.98161617573,
       366
      ],
      [
       1236998.2563374075,
       449527.19714218855,
       366
      ],
      [
       1236997.985357573,
       449527.49202674686,
       366
      ],
      [
       1236997.6472960236,
       449527.86626985064,
       366
      ],
      [
       1236997.2421527596,
       449528.3198715,
       366
      ],
      [
       1236996.769927781,
       449528.85283169494,
       366
      ],
      [
       1236996.3466937398,
       449529.33033851674,
       366
      ],
      [
       1236995.9724506359,
       449529.7523919655,
       366
      ],
      [
       1236995.6471984694,
       449530.11899204116,
       366
      ],
      [
       1236995.3709372405,
       449530.4301387437,
       366
      ],
      [
       1236995.0724543426,
       449530.772833647,
       366
      ],
      [
       1236994.751749776,
       449531.1470767508,
       366
      ],
      [
       1236994.4088235404,
       449531.5528680553,
       366
      ],
      [
       1236994.0436756364,
       449531.99020756036,
       366
      ],
      [
       1236993.6739801322,
       449532.4222782951,
       366
      ],
      [
       1236993.2997370285,
       449532.84908025956,
       366
      ],
      [
       1236992.920946325,
       449533.27061345364,
       366
      ],
      [
       1236992.5376080214,
       449533.68687787745,
       366
      ],
      [
       1236992.1812970173,
       449534.0821316413,
       366
      ],
      [
       1236991.852013312,
       449534.45637474506,
       366
      ],
      [
       1236991.549756906,
       449534.8096071889,
       366
      ],
      [
       1236991.274527799,
       449535.14182897285,
       366
      ],
      [
       1236990.9497916936,
       449535.5236486975,
       366
      ],
      [
       1236990.5755485897,
       449535.9550663629,
       366
      ],
      [
       1236990.1517984874,
       449536.4360819692,
       366
      ],
      [
       1236989.6785413867,
       449536.96669551614,
       366
      ],
      [
       1236989.2729757682,
       449537.41912384157,
       366
      ],
      [
       1236988.9351016318,
       449537.79336694547,
       366
      ],
      [
       1236988.6649189775,
       449538.0894248277,
       366
      ],
      [
       1236988.4624278054,
       449538.3072974883,
       366
      ],
      [
       1236988.1740606674,
       449538.64397953585,
       366
      ],
      [
       1236987.7998175635,
       449539.0994709702,
       366
      ],
      [
       1236987.3396984937,
       449539.67377179157,
       366
      ],
      [
       1236986.7937034583,
       449540.3668819997,
       366
      ],
      [
       1236986.3748026588,
       449540.90055865573,
       366
      ],
      [
       1236986.0829960958,
       449541.27480175963,
       366
      ],
      [
       1236985.918283769,
       449541.4896113113,
       366
      ],
      [
       1236985.880665678,
       449541.5449873107,
       366
      ],
      [
       1236985.6823128543,
       449541.77364086226,
       366
      ],
      [
       1236985.3232252975,
       449542.17557196587,
       366
      ],
      [
       1236984.8034030076,
       449542.7507806215,
       366
      ],
      [
       1236984.1228459843,
       449543.4992668292,
       366
      ],
      [
       1236983.6048504435,
       449544.06818674016,
       366
      ],
      [
       1236983.2494163853,
       449544.45754035434,
       366
      ],
      [
       1236983.0565438091,
       449544.6673276718,
       366
      ],
      [
       1236983.026232715,
       449544.69754869246,
       366
      ],
      [
       1236982.8708543235,
       449544.89978075476,
       366
      ],
      [
       1236982.5904086346,
       449545.2740238586,
       366
      ],
      [
       1236982.184895648,
       449545.82027800404,
       366
      ],
      [
       1236981.6543153636,
       449546.538543191,
       366
      ],
      [
       1236981.2019036696,
       449547.13907036727,
       366
      ],
      [
       1236980.8276605657,
       449547.6218595329,
       366
      ],
      [
       1236980.5315860522,
       449547.98691068793,
       366
      ],
      [
       1236980.3136801287,
       449548.2342238323,
       366
      ],
      [
       1236980.0374651258,
       449548.54500195646,
       366
      ],
      [
       1236979.7029410438,
       449548.91924506024,
       366
      ],
      [
       1236979.3101078821,
       449549.35695314384,
       366
      ],
      [
       1236978.858965641,
       449549.8581262071,
       366
      ],
      [
       1236978.4462729683,
       449550.31343283167,
       366
      ],
      [
       1236978.0720298644,
       449550.72287301766,
       366
      ],
      [
       1236977.7362363294,
       449551.086446765,
       366
      ],
      [
       1236977.4388923629,
       449551.40415407356,
       366
      ],
      [
       1236977.112784097,
       449551.7501292798,
       366
      ],
      [
       1236976.7579115315,
       449552.1243723836,
       366
      ],
      [
       1236976.374274667,
       449552.526883385,
       366
      ],
      [
       1236975.9618735025,
       449552.95766228414,
       366
      ],
      [
       1236975.5685513685,
       449553.36553563597,
       366
      ],
      [
       1236975.1943082646,
       449553.7505034404,
       366
      ],
      [
       1236974.839144191,
       449554.11256569775,
       366
      ],
      [
       1236974.5030591476,
       449554.45172240783,
       366
      ],
      [
       1236974.1545881801,
       449554.80842231476,
       366
      ],
      [
       1236973.793731288,
       449555.1826654186,
       366
      ],
      [
       1236973.420488472,
       449555.57445171935,
       366
      ],
      [
       1236973.0348597323,
       449555.98378121696,
       366
      ],
      [
       1236972.6549238102,
       449556.3867740553,
       366
      ],
      [
       1236972.2806807065,
       449556.7834302344,
       366
      ],
      [
       1236971.9121304208,
       449557.1737497542,
       366
      ],
      [
       1236971.5492729528,
       449557.5577326148,
       366
      ],
      [
       1236971.1788353834,
       449557.936845597,
       366
      ],
      [
       1236970.800817712,
       449558.3110887008,
       366
      ],
      [
       1236970.4152199386,
       449558.68046192627,
       366
      ],
      [
       1236970.0220420635,
       449559.04496527335,
       366
      ],
      [
       1236969.638331574,
       449559.42622518074,
       366
      ],
      [
       1236969.26408847,
       449559.8242416483,
       366
      ],
      [
       1236968.8993127518,
       449560.2390146762,
       366
      ],
      [
       1236968.5440044196,
       449560.6705442644,
       366
      ],
      [
       1236968.16730106,
       449561.0734306103,
       366
      ],
      [
       1236967.7692026726,
       449561.44767371414,
       366
      ],
      [
       1236967.3497092584,
       449561.79327357584,
       366
      ],
      [
       1236966.9088208165,
       449562.1102301954,
       366
      ],
      [
       1236966.5012550438,
       449562.460432704,
       366
      ],
      [
       1236966.1270119399,
       449562.8438811016,
       366
      ],
      [
       1236965.786091505,
       449563.26057538815,
       366
      ],
      [
       1236965.4784937392,
       449563.7105155638,
       366
      ],
      [
       1236965.2079221923,
       449564.1226072035,
       366
      ],
      [
       1236964.9743768647,
       449564.4968503073,
       366
      ],
      [
       1236964.7778577565,
       449564.83324487525,
       366
      ],
      [
       1236964.6183648675,
       449565.13179090736,
       366
      ],
      [
       1236964.4428135445,
       449565.54282198334,
       366
      ],
      [
       1236964.2512037875,
       449566.0663381032,
       366
      ],
      [
       1236964.0435355962,
       449566.70233926695,
       366
      ],
      [
       1236963.8198089711,
       449567.4508254746,
       366
      ],
      [
       1236963.6475452539,
       449568.19931168226,
       366
      ],
      [
       1236963.5267444453,
       449568.9477978899,
       366
      ],
      [
       1236963.4574065446,
       449569.69628409756,
       366
      ],
      [
       1236963.4395315526,
       449570.4447703053,
       366
      ],
      [
       1236963.4883332497,
       449571.193256513,
       366
      ],
      [
       1236963.603811636,
       449571.9417427206,
       366
      ],
      [
       1236963.785966712,
       449572.6902289283,
       366
      ],
      [
       1236964.0347984775,
       449573.43871513597,
       366
      ],
      [
       1236964.2594879868,
       449574.054198995,
       366
      ],
      [
       1236964.4600352403,
       449574.53668050544,
       366
      ],
      [
       1236964.6364402373,
       449574.8861596673,
       366
      ],
      [
       1236964.7887029785,
       449575.1026364806,
       366
      ],
      [
       1236965.038647431,
       449575.39799643913,
       366
      ],
      [
       1236965.3862735953,
       449575.7722395429,
       366
      ],
      [
       1236965.831581471,
       449576.22536579205,
       366
      ],
      [
       1236966.3745710584,
       449576.75737518654,
       366
      ],
      [
       1236966.8331874039,
       449577.2067872635,
       366
      ],
      [
       1236967.2074305075,
       449577.57360202307,
       366
      ],
      [
       1236967.4973003697,
       449577.8578194652,
       366
      ],
      [
       1236967.7027969903,
       449578.05943958985,
       366
      ],
      [
       1236967.9998056726,
       449578.3473712041,
       366
      ],
      [
       1236968.388326417,
       449578.72161430796,
       366
      ],
      [
       1236968.868359223,
       449579.1821689014,
       366
      ],
      [
       1236969.439904091,
       449579.72903498437,
       366
      ],
      [
       1236969.9127980769,
       449580.195682628,
       366
      ],
      [
       1236970.2870411808,
       449580.58211183234,
       366
      ],
      [
       1236970.5626334024,
       449580.88832259737,
       366
      ],
      [
       1236970.739574742,
       449581.1143149232,
       366
      ],
      [
       1236970.9799745735,
       449581.414432638,
       366
      ],
      [
       1236971.283832897,
       449581.78867574176,
       366
      ],
      [
       1236971.651149712,
       449582.23704423464,
       366
      ],
      [
       1236972.0819250187,
       449582.75953811663,
       366
      ],
      [
       1236972.4844342242,
       449583.27612929133,
       366
      ],
      [
       1236972.8586773279,
       449583.7868177588,
       366
      ],
      [
       1236973.2046543302,
       449584.29160351906,
       366
      ],
      [
       1236973.5223652313,
       449584.79048657214,
       366
      ],
      [
       1236973.8096117703,
       449585.2270496506,
       366
      ],
      [
       1236974.0663939475,
       449585.6012927544,
       366
      ],
      [
       1236974.2927117632,
       449585.91321588366,
       366
      ],
      [
       1236974.4885652168,
       449586.16281903826,
       366
      ],
      [
       1236974.7262430624,
       449586.5371429561,
       366
      ],
      [
       1236975.0057453,
       449587.03618763725,
       366
      ],
      [
       1236975.3270719291,
       449587.65995308163,
       366
      ],
      [
       1236975.69022295,
       449588.4084392894,
       366
      ],
      [
       1236976.0098484387,
       449589.15692549705,
       366
      ],
      [
       1236976.2859483953,
       449589.9054117047,
       366
      ],
      [
       1236976.5185228197,
       449590.65389791236,
       366
      ],
      [
       1236976.7075717119,
       449591.40238412004,
       366
      ],
      [
       1236976.836699906,
       449592.1508703277,
       366
      ],
      [
       1236976.9059074023,
       449592.8993565354,
       366
      ],
      [
       1236976.9151942004,
       449593.6478427431,
       366
      ],
      [
       1236976.864560301,
       449594.3963289507,
       366
      ],
      [
       1236976.704618311,
       449595.14481515833,
       366
      ],
      [
       1236976.435368231,
       449595.89330136613,
       366
      ],
      [
       1236976.056810061,
       449596.64178757375,
       366
      ],
      [
       1236975.5689438009,
       449597.3902737814,
       366
      ],
      [
       1236975.150655804,
       449597.98646400403,
       366
      ],
      [
       1236974.8019460705,
       449598.4303582416,
       366
      ],
      [
       1236974.5228146,
       449598.7219564942,
       366
      ],
      [
       1236974.3132613932,
       449598.8612587617,
       366
      ],
      [
       1236973.9689749358,
       449599.069215409,
       366
      ],
      [
       1236973.4899552285,
       449599.345826436,
       366
      ],
      [
       1236972.8762022709,
       449599.6910918427,
       366
      ],
      [
       1236972.127716063,
       449600.1050116291,
       366
      ],
      [
       1236971.4882581024,
       449600.46426750737,
       366
      ],
      [
       1236970.9578283895,
       449600.7688594775,
       366
      ],
      [
       1236970.5364269232,
       449601.01878753933,
       366
      ],
      [
       1236970.2240537044,
       449601.2140516931,
       366
      ],
      [
       1236969.9175435787,
       449601.5476213603,
       366
      ],
      [
       1236969.616896546,
       449602.0194965409,
       366
      ],
      [
       1236969.3221126064,
       449602.6296772351,
       366
      ],
      [
       1236969.03319176,
       449603.3781634428,
       366
      ],
      [
       1236968.919069119,
       449604.12664965045,
       366
      ],
      [
       1236968.9797446837,
       449604.8751358581,
       366
      ],
      [
       1236969.2152184537,
       449605.62362206576,
       366
      ],
      [
       1236969.6254904293,
       449606.37210827344,
       366
      ],
      [
       1236969.9809499332,
       449606.99805943633,
       366
      ],
      [
       1236970.281596966,
       449607.50147555454,
       366
      ],
      [
       1236970.5274315272,
       449607.8823566279,
       366
      ],
      [
       1236970.7184536168,
       449608.14070265647,
       366
      ],
      [
       1236970.9426715076,
       449608.45699722273,
       366
      ],
      [
       1236971.200085199,
       449608.8312403265,
       366
      ],
      [
       1236971.4906946917,
       449609.26343196793,
       366
      ],
      [
       1236971.8144999852,
       449609.7535721471,
       366
      ],
      [
       1236972.163524184,
       449610.23797247326,
       366
      ],
      [
       1236972.5377672876,
       449610.7166329464,
       366
      ]
     ]
    },
    "elevationFt": 366,
    "weight": "intermediate",
    "hidden": false
   }
  },
  {
   "type": "Feature",
   "geometry": {
    "type": "LineString",
    "coordinates": [
     [
      -77.26452574043647,
      38.9009278953039
     ],
     [
      -77.2645244240128,
      38.90092752166898
     ],
     [
      -77.26452270526494,
      38.90092704966001
     ],
     [
      -77.26452058419288,
      38.90092647927697
     ],
     [
      -77.26451833582136,
      38.900926038420714
     ],
     [
      -77.26451596015038,
      38.90092572709133
     ],
     [
      -77.26451345717987,
      38.90092554528872
     ],
     [
      -77.26451082690988,
      38.90092549301291
     ],
     [
      -77.26450819633996,
      38.90092535985166
     ],
     [
      -77.26450556547012,
      38.900925145804955
     ],
     [
      -77.26450293430038,
      38.9009248508728
     ],
     [
      -77.26450030283075,
      38.9009244750552
     ],
     [
      -77.26449767088607,
      38.900923971116406
     ],
     [
      -77.26449503846638,
      38.90092333905643
     ],
     [
      -77.26449240557169,
      38.90092257887525
     ],
     [
      -77.264489772202,
      38.90092169057291
     ],
     [
      -77.26448767167791,
      38.90092098820273
     ],
     [
      -77.26448610399935,
      38.90092047176473
     ],
     [
      -77.2644850691663,
      38.90092014125895
     ],
     [
      -77.26448456717877,
      38.90091999668539
     ],
     [
      -77.26448365802922,
      38.900919752648676
     ],
     [
      -77.26448234171767,
      38.90091940914881
     ],
     [
      -77.26448061824411,
      38.90091896618575
     ],
     [
      -77.26447848760856,
      38.900918423759485
     ],
     [
      -77.26447623157192,
      38.90091787101228
     ],
     [
      -77.26447385013418,
      38.90091730794411
     ],
     [
      -77.26447134329534,
      38.90091673455498
     ],
     [
      -77.26446871105541,
      38.900916150844864
     ],
     [
      -77.26446607866754,
      38.90091552721701
     ],
     [
      -77.2644634461317,
      38.90091486367141
     ],
     [
      -77.26446081344794,
      38.900914160208046
     ],
     [
      -77.26445818061624,
      38.90091341682693
     ],
     [
      -77.2644560099366,
      38.900912817508186
     ],
     [
      -77.26445430140899,
      38.900912362251816
     ],
     [
      -77.26445305503339,
      38.900912051057865
     ],
     [
      -77.26445227080978,
      38.900911883926355
     ],
     [
      -77.2644512205974,
      38.90091164345552
     ],
     [
      -77.2644499043962,
      38.90091132964543
     ],
     [
      -77.26444832220623,
      38.90091094249602
     ],
     [
      -77.2644464740275,
      38.9009104820073
     ],
     [
      -77.26444443018772,
      38.90091008624016
     ],
     [
      -77.26444219068689,
      38.9009097551946
     ],
     [
      -77.26443975552503,
      38.900909488870624
     ],
     [
      -77.26443712470214,
      38.9009092872682
     ],
     [
      -77.26443449443298,
      38.90090923504263
     ],
     [
      -77.26443186471757,
      38.900909332193976
     ],
     [
      -77.26442923555588,
      38.900909578722164
     ],
     [
      -77.26442660694791,
      38.90090997462725
     ],
     [
      -77.26442448429883,
      38.90091034246682
     ],
     [
      -77.26442286760864,
      38.900910682240905
     ],
     [
      -77.26442175687738,
      38.900910993949545
     ],
     [
      -77.26442115210502,
      38.90091127759273
     ],
     [
      -77.2644202031467,
      38.90091200523802
     ],
     [
      -77.26441891000236,
      38.900913176885396
     ],
     [
      -77.26441727267198,
      38.90091479253485
     ],
     [
      -77.2644152911555,
      38.90091685218637
     ],
     [
      -77.26441379628437,
      38.90091840812484
     ],
     [
      -77.26441278805864,
      38.90091946035031
     ],
     [
      -77.26441226647836,
      38.900920008862755
     ],
     [
      -77.26441223154355,
      38.900920053662205
     ],
     [
      -77.2644117929479,
      38.900920590806734
     ],
     [
      -77.26441095069137,
      38.90092162029636
     ],
     [
      -77.26440970477394,
      38.90092314213104
     ],
     [
      -77.26440805519556,
      38.90092515631077
     ],
     [
      -77.26440657570728,
      38.900926924203404
     ],
     [
      -77.26440526630918,
      38.90092844580897
     ]
    ]
   },
   "properties": {
    "id": "ct-6",
    "kind": "Contour",
    "sourceId": "contours",
    "reliabilityLevel": 1,
    "revision": 1,
    "engineeringGeometry": {
     "crs": "EPSG:2248",
     "crsName": "NAD83 / Maryland State Plane (US survey feet)",
     "datum": "NAD83",
     "unit": "usSurveyFoot",
     "coordinates": [
      [
       1237052.4649928426,
       449610.4850449617,
       366
      ],
      [
       1237052.8392359465,
       449610.3478825354,
       366
      ],
      [
       1237053.3278715839,
       449610.17456077563,
       366
      ],
      [
       1237053.9308997546,
       449609.96507968236,
       366
      ],
      [
       1237054.5702924347,
       449609.80266695155,
       366
      ],
      [
       1237055.246049624,
       449609.68732258317,
       366
      ],
      [
       1237055.9581713222,
       449609.61904657725,
       366
      ],
      [
       1237056.7066575296,
       449609.5978389338,
       366
      ],
      [
       1237057.4551437371,
       449609.5471727996,
       366
      ],
      [
       1237058.203629945,
       449609.4670481747,
       366
      ],
      [
       1237058.9521161527,
       449609.3574650589,
       366
      ],
      [
       1237059.7006023605,
       449609.21842345234,
       366
      ],
      [
       1237060.4490885683,
       449609.0327200814,
       366
      ],
      [
       1237061.1975747761,
       449608.80035494606,
       366
      ],
      [
       1237061.9460609837,
       449608.52132804634,
       366
      ],
      [
       1237062.694547191,
       449608.1956393821,
       366
      ],
      [
       1237063.2915885283,
       449607.9381060839,
       366
      ],
      [
       1237063.737184995,
       449607.7487281518,
       366
      ],
      [
       1237064.0313365913,
       449607.62750558555,
       366
      ],
      [
       1237064.1740433176,
       449607.5744383853,
       366
      ],
      [
       1237064.4325182324,
       449607.48481125676,
       366
      ],
      [
       1237064.806761336,
       449607.3586242,
       366
      ],
      [
       1237065.2967726288,
       449607.1958772149,
       366
      ],
      [
       1237065.9025521106,
       449606.9965703015,
       366
      ],
      [
       1237066.5440082739,
       449606.7934011474,
       366
      ],
      [
       1237067.2211411186,
       449606.58636975277,
       366
      ],
      [
       1237067.933950645,
       449606.3754761174,
       366
      ],
      [
       1237068.6824368523,
       449606.1607202415,
       366
      ],
      [
       1237069.43092306,
       449605.93142632616,
       366
      ],
      [
       1237070.1794092678,
       449605.68759437156,
       366
      ],
      [
       1237070.9278954756,
       449605.4292243777,
       366
      ],
      [
       1237071.676381683,
       449605.1563163445,
       366
      ],
      [
       1237072.2934972811,
       449604.9362564733,
       366
      ],
      [
       1237072.7792422697,
       449604.76904476417,
       366
      ],
      [
       1237073.1336166486,
       449604.65468121704,
       366
      ],
      [
       1237073.356620418,
       449604.593165832,
       366
      ],
      [
       1237073.6552438545,
       449604.5047211909,
       366
      ],
      [
       1237074.0294869584,
       449604.3893472939,
       366
      ],
      [
       1237074.4793497296,
       449604.2470441408,
       366
      ],
      [
       1237075.0048321676,
       449604.0778117317,
       366
      ],
      [
       1237075.5860655485,
       449603.93198946153,
       366
      ],
      [
       1237076.2230498716,
       449603.80957733013,
       366
      ],
      [
       1237076.915785137,
       449603.7105753375,
       366
      ],
      [
       1237077.6642713444,
       449603.63498348364,
       366
      ],
      [
       1237078.4127575522,
       449603.61379476765,
       366
      ],
      [
       1237079.1612437598,
       449603.64700918953,
       366
      ],
      [
       1237079.9097299674,
       449603.73462674924,
       366
      ],
      [
       1237080.6582161752,
       449603.8766474468,
       366
      ],
      [
       1237081.262683274,
       449604.0088638613,
       366
      ],
      [
       1237081.7231312636,
       449604.1312759927,
       366
      ],
      [
       1237082.0395601445,
       449604.2438838411,
       366
      ],
      [
       1237082.211969916,
       449604.3466874063,
       366
      ],
      [
       1237082.4827990388,
       449604.6109116322,
       366
      ],
      [
       1237082.8520475125,
       449605.03655651864,
       366
      ],
      [
       1237083.3197153371,
       449605.62362206576,
       366
      ],
      [
       1237083.8858025125,
       449606.37210827344,
       366
      ],
      [
       1237084.3128652093,
       449606.9375446903,
       366
      ],
      [
       1237084.6009034272,
       449607.3199313166,
       366
      ],
      [
       1237084.7499171663,
       449607.519268152,
       366
      ],
      [
       1237084.7599064268,
       449607.5355551967,
       366
      ],
      [
       1237084.8852918025,
       449607.73082027095,
       366
      ],
      [
       1237085.1260732936,
       449608.1050633748,
       366
      ],
      [
       1237085.4822509002,
       449608.6582845082,
       366
      ],
      [
       1237085.9538246223,
       449609.3904836711,
       366
      ],
      [
       1237086.3767330353,
       449610.0331259448,
       366
      ],
      [
       1237086.750976139,
       449610.58621132903,
       366
      ]
     ]
    },
    "elevationFt": 366,
    "weight": "intermediate",
    "hidden": false
   }
  },
  {
   "type": "Feature",
   "geometry": {
    "type": "LineString",
    "coordinates": [
     [
      -77.26466095932109,
      38.90026172527609
     ],
     [
      -77.26466103884725,
      38.900261861580745
     ],
     [
      -77.26466119789958,
      38.90026213419011
     ],
     [
      -77.26466143647806,
      38.90026254310412
     ],
     [
      -77.26466175458272,
      38.900263088322816
     ],
     [
      -77.2646622491653,
      38.90026387396376
     ],
     [
      -77.26466292022577,
      38.90026490002693
     ],
     [
      -77.2646637677642,
      38.90026616651235
     ],
     [
      -77.26466479178058,
      38.900267673419975
     ],
     [
      -77.26466587599623,
      38.90026931667608
     ],
     [
      -77.26466702041118,
      38.90027109628062
     ],
     [
      -77.26466822502545,
      38.9002730122336
     ],
     [
      -77.26466948983901,
      38.90027506453502
     ],
     [
      -77.26467052776457,
      38.900276794694896
     ],
     [
      -77.26467133880207,
      38.90027820271323
     ],
     [
      -77.2646719229515,
      38.900279288590056
     ],
     [
      -77.26467228021285,
      38.900280052325336
     ],
     [
      -77.2646727213876,
      38.90028094738988
     ],
     [
      -77.26467324647577,
      38.90028197378371
     ],
     [
      -77.26467385547735,
      38.900283131506804
     ],
     [
      -77.26467454839235,
      38.90028442055917
     ],
     [
      -77.26467510533564,
      38.900285901055746
     ],
     [
      -77.26467552630722,
      38.90028757299656
     ],
     [
      -77.26467581130706,
      38.90028943638159
     ],
     [
      -77.26467596033517,
      38.90029149121085
     ],
     [
      -77.26467586558181,
      38.90029326400956
     ],
     [
      -77.26467552704696,
      38.90029475477773
     ],
     [
      -77.26467494473063,
      38.90029596351536
     ],
     [
      -77.26467411863277,
      38.90029689022243
     ],
     [
      -77.26467284236543,
      38.90029780607176
     ],
     [
      -77.26467111592858,
      38.90029871106333
     ],
     [
      -77.26466893932218,
      38.900299605197105
     ],
     [
      -77.26466631254625,
      38.90030048847308
     ],
     [
      -77.26466384035199,
      38.90030121531915
     ],
     [
      -77.26466152273939,
      38.900301785735365
     ],
     [
      -77.26465935970849,
      38.9003021997217
     ],
     [
      -77.2646573512593,
      38.90030245727821
     ],
     [
      -77.26465568979192,
      38.90030265897194
     ],
     [
      -77.26465437530636,
      38.900302804802934
     ],
     [
      -77.26465340780263,
      38.900302894771215
     ],
     [
      -77.26465278728071,
      38.900302928876755
     ],
     [
      -77.26465166453502,
      38.90030299732427
     ],
     [
      -77.26465003956555,
      38.900303100113724
     ],
     [
      -77.2646479123723,
      38.90030323724511
     ],
     [
      -77.26464528295521,
      38.90030340871838
     ],
     [
      -77.26464265332108,
      38.90030352168239
     ],
     [
      -77.26464002346987,
      38.90030357613714
     ],
     [
      -77.26463739340159,
      38.900303572082606
     ],
     [
      -77.26463476311626,
      38.90030350951879
     ],
     [
      -77.26463266887302,
      38.90030343044757
     ],
     [
      -77.26463111067189,
      38.90030333486896
     ],
     [
      -77.26463008851283,
      38.90030322278297
     ],
     [
      -77.26462960239587,
      38.90030309418961
     ],
     [
      -77.26462870103296,
      38.900302816636135
     ],
     [
      -77.26462738442413,
      38.9003023901225
     ],
     [
      -77.26462565256938,
      38.900301814648735
     ],
     [
      -77.26462350546873,
      38.90030109021479
     ],
     [
      -77.26462123652107,
      38.900300247953915
     ],
     [
      -77.26461884572639,
      38.900299287866126
     ],
     [
      -77.26461633308473,
      38.90029820995139
     ],
     [
      -77.2646136985961,
      38.9002970142097
     ],
     [
      -77.26461166845449,
      38.90029608648623
     ],
     [
      -77.26461024265986,
      38.900295426780986
     ],
     [
      -77.26460942121217,
      38.90029503509401
     ],
     [
      -77.26460920411141,
      38.90029491142532
     ],
     [
      -77.2646084367225,
      38.90029449231089
     ],
     [
      -77.26460711904545,
      38.90029377775069
     ],
     [
      -77.26460525108033,
      38.900292767744716
     ],
     [
      -77.26460283282714,
      38.90029146229295
     ],
     [
      -77.26460072182032,
      38.90029029781805
     ],
     [
      -77.26459891805985,
      38.90028927432001
     ],
     [
      -77.26459742154569,
      38.900288391798874
     ],
     [
      -77.26459623227782,
      38.90028765025464
     ],
     [
      -77.26459497868412,
      38.90028688947454
     ],
     [
      -77.26459366076456,
      38.90028610945858
     ],
     [
      -77.26459227851917,
      38.900285310206726
     ],
     [
      -77.26459083194794,
      38.900284491719
     ],
     [
      -77.26458929368479,
      38.90028357052922
     ],
     [
      -77.26458766372974,
      38.90028254663737
     ],
     [
      -77.26458594208277,
      38.900281420043456
     ],
     [
      -77.26458412874395,
      38.900280190747466
     ],
     [
      -77.26458256292888,
      38.900279135936835
     ],
     [
      -77.26458124463757,
      38.90027825561156
     ],
     [
      -77.26458017386996,
      38.90027754977165
     ],
     [
      -77.26457935062606,
      38.90027701841713
     ],
     [
      -77.26457807431433,
      38.90027625167194
     ],
     [
      -77.26457634493478,
      38.90027524953605
     ],
     [
      -77.26457416248748,
      38.900274012009454
     ],
     [
      -77.26457152697243,
      38.90027253909214
     ],
     [
      -77.26456953466293,
      38.90027142367412
     ],
     [
      -77.26456818555889,
      38.900270665755464
     ],
     [
      -77.2645674796603,
      38.900270265336154
     ],
     [
      -77.26456741696711,
      38.90027022241624
     ],
     [
      -77.26456672647497,
      38.900269760776325
     ],
     [
      -77.26456540818388,
      38.90026888041647
     ],
     [
      -77.2645634620939,
      38.9002675813366
     ],
     [
      -77.2645608882051,
      38.90026586353669
     ],
     [
      -77.26455884643077,
      38.90026449255436
     ],
     [
      -77.26455733677088,
      38.900263468389674
     ],
     [
      -77.26455635922534,
      38.900262791042636
     ],
     [
      -77.26455591379414,
      38.90026246051323
     ],
     [
      -77.26455557972075,
      38.90026221261618
     ],
     [
      -77.26455535700515,
      38.90026204735148
     ],
     [
      -77.26455524564736,
      38.900261964719135
     ]
    ]
   },
   "properties": {
    "id": "ct-7",
    "kind": "Contour",
    "sourceId": "contours",
    "reliabilityLevel": 1,
    "revision": 1,
    "engineeringGeometry": {
     "crs": "EPSG:2248",
     "crsName": "NAD83 / Maryland State Plane (US survey feet)",
     "datum": "NAD83",
     "unit": "usSurveyFoot",
     "coordinates": [
      [
       1237013.2800291623,
       449367.9792511306,
       366
      ],
      [
       1237013.2575407384,
       449368.02895853814,
       366
      ],
      [
       1237013.2125638907,
       449368.12837335304,
       366
      ],
      [
       1237013.1450986192,
       449368.2774955755,
       366
      ],
      [
       1237013.0551449242,
       449368.47632520547,
       366
      ],
      [
       1237012.9152212536,
       449368.7628615723,
       366
      ],
      [
       1237012.725327608,
       449369.1371046761,
       366
      ],
      [
       1237012.485463987,
       449369.59905451693,
       366
      ],
      [
       1237012.1956303907,
       449370.1487110947,
       366
      ],
      [
       1237011.8888086686,
       449370.74807507993,
       366
      ],
      [
       1237011.5649988204,
       449371.3971464726,
       366
      ],
      [
       1237011.2242008464,
       449372.0959252728,
       366
      ],
      [
       1237010.8664147463,
       449372.8444114805,
       366
      ],
      [
       1237010.5728585431,
       449373.47538741084,
       366
      ],
      [
       1237010.3435322377,
       449373.9888530639,
       366
      ],
      [
       1237010.178435829,
       449374.38480843964,
       366
      ],
      [
       1237010.0775693175,
       449374.66325353814,
       366
      ],
      [
       1237009.9529605783,
       449374.9895976393,
       366
      ],
      [
       1237009.8046096112,
       449375.36384074314,
       366
      ],
      [
       1237009.632516416,
       449375.78598284966,
       366
      ],
      [
       1237009.4366809928,
       449376.2560239588,
       366
      ],
      [
       1237009.2797438956,
       449376.7956763426,
       366
      ],
      [
       1237009.1617051242,
       449377.4049400011,
       366
      ],
      [
       1237009.0825646783,
       449378.0838149341,
       366
      ],
      [
       1237009.0423225581,
       449378.8323011418,
       366
      ],
      [
       1237009.0711603537,
       449379.47787144134,
       366
      ],
      [
       1237009.169078065,
       449380.02052583266,
       366
      ],
      [
       1237009.3360756924,
       449380.4602643159,
       366
      ],
      [
       1237009.5721532356,
       449380.79708689096,
       366
      ],
      [
       1237009.9363329448,
       449381.1295836635,
       366
      ],
      [
       1237010.4286148204,
       449381.4577546334,
       366
      ],
      [
       1237011.048998862,
       449381.7815998008,
       366
      ],
      [
       1237011.7974850694,
       449382.1011191657,
       366
      ],
      [
       1237012.50181373,
       449382.3637947563,
       366
      ],
      [
       1237013.1619848434,
       449382.5696265726,
       366
      ],
      [
       1237013.7779984097,
       449382.7186146146,
       366
      ],
      [
       1237014.3498544283,
       449382.8107588823,
       366
      ],
      [
       1237014.8229039898,
       449382.88284437964,
       366
      ],
      [
       1237015.1971470937,
       449382.9348711067,
       366
      ],
      [
       1237015.47258374,
       449382.9668390633,
       366
      ],
      [
       1237015.6492139287,
       449382.9787482495,
       366
      ],
      [
       1237015.9688081222,
       449383.00275032676,
       366
      ],
      [
       1237016.4313663205,
       449383.03884529526,
       366
      ],
      [
       1237017.0368885235,
       449383.0870331549,
       366
      ],
      [
       1237017.7853747308,
       449383.14731390565,
       366
      ],
      [
       1237018.5338609386,
       449383.18628558103,
       366
      ],
      [
       1237019.2823471464,
       449383.20394818124,
       366
      ],
      [
       1237020.0308333542,
       449383.20030170603,
       366
      ],
      [
       1237020.7793195616,
       449383.1753461555,
       366
      ],
      [
       1237021.375236254,
       449383.144820896,
       366
      ],
      [
       1237021.8185834307,
       449383.1087259276,
       366
      ],
      [
       1237022.1093610923,
       449383.0670612501,
       366
      ],
      [
       1237022.247569238,
       449383.01982686366,
       366
      ],
      [
       1237022.503794863,
       449382.9179990344,
       366
      ],
      [
       1237022.8780379668,
       449382.7615777623,
       366
      ],
      [
       1237023.3702985495,
       449382.5505630475,
       366
      ],
      [
       1237023.9805766111,
       449382.28495488997,
       366
      ],
      [
       1237024.6254067093,
       449381.97633398254,
       366
      ],
      [
       1237025.304788844,
       449381.6247003253,
       366
      ],
      [
       1237026.0187230152,
       449381.23005391826,
       366
      ],
      [
       1237026.767209223,
       449380.7923947614,
       366
      ],
      [
       1237027.3439874058,
       449380.45284567046,
       366
      ],
      [
       1237027.7490575635,
       449380.2114066455,
       366
      ],
      [
       1237027.9824196964,
       449380.06807768636,
       366
      ],
      [
       1237028.0440738043,
       449380.02285879315,
       366
      ],
      [
       1237028.2620224103,
       449379.86958542094,
       366
      ],
      [
       1237028.636265514,
       449379.60825756966,
       366
      ],
      [
       1237029.1668031157,
       449379.2388752394,
       366
      ],
      [
       1237029.8536352154,
       449378.76143843017,
       366
      ],
      [
       1237030.4531769748,
       449378.3355984736,
       366
      ],
      [
       1237030.965428394,
       449377.9613553698,
       366
      ],
      [
       1237031.3903894727,
       449377.63870911865,
       366
      ],
      [
       1237031.7280602113,
       449377.36765972024,
       366
      ],
      [
       1237032.0840171324,
       449377.08955161466,
       366
      ],
      [
       1237032.4582602363,
       449376.8043848018,
       366
      ],
      [
       1237032.8507895228,
       449376.51215928176,
       366
      ],
      [
       1237033.261604992,
       449376.2128750545,
       366
      ],
      [
       1237033.6984066472,
       449375.8761113889,
       366
      ],
      [
       1237034.1611944882,
       449375.50186828506,
       366
      ],
      [
       1237034.6499685152,
       449375.0901457429,
       366
      ],
      [
       1237035.164728728,
       449374.6409437626,
       366
      ],
      [
       1237035.609230386,
       449374.25549305056,
       366
      ],
      [
       1237035.98347349,
       449373.9337936068,
       366
      ],
      [
       1237036.2874580394,
       449373.6758454315,
       366
      ],
      [
       1237036.5211840342,
       449373.48164852464,
       366
      ],
      [
       1237036.8836000822,
       449373.2013492763,
       366
      ],
      [
       1237037.3747061836,
       449372.8349476866,
       366
      ],
      [
       1237037.994502338,
       449372.3824437555,
       366
      ],
      [
       1237038.7429885454,
       449371.843837483,
       366
      ],
      [
       1237039.3088023372,
       449371.4359620216,
       366
      ],
      [
       1237039.6919437128,
       449371.15881737124,
       366
      ],
      [
       1237039.8924126723,
       449371.01240353193,
       366
      ],
      [
       1237039.910209216,
       449370.99672050367,
       366
      ],
      [
       1237040.1062290396,
       449370.8280230002,
       366
      ],
      [
       1237040.4804721433,
       449370.5063110216,
       366
      ],
      [
       1237041.0329385274,
       449370.03158456786,
       366
      ],
      [
       1237041.7636281915,
       449369.40384363884,
       366
      ],
      [
       1237042.3432495322,
       449368.90285162244,
       366
      ],
      [
       1237042.7718025493,
       449368.52860851865,
       366
      ],
      [
       1237043.0492872426,
       449368.2811143274,
       366
      ],
      [
       1237043.1757036124,
       449368.16036904865,
       366
      ],
      [
       1237043.2705158899,
       449368.06981008966,
       366
      ],
      [
       1237043.3337240748,
       449368.0094374503,
       366
      ],
      [
       1237043.3653281673,
       449367.9792511306,
       366
      ]
     ]
    },
    "elevationFt": 366,
    "weight": "intermediate",
    "hidden": false
   }
  },
  {
   "type": "Feature",
   "geometry": {
    "type": "LineString",
    "coordinates": [
     [
      -77.26404492969566,
      38.90026311924693
     ],
     [
      -77.26404537569029,
      38.9002632676355
     ],
     [
      -77.26404626767956,
      38.900263564412626
     ],
     [
      -77.26404760566349,
      38.9002640095783
     ],
     [
      -77.26404938964207,
      38.90026460313251
     ],
     [
      -77.26405138575176,
      38.90026521384643
     ],
     [
      -77.26405359399257,
      38.90026584172004
     ],
     [
      -77.2640560143645,
      38.90026648675333
     ],
     [
      -77.26405864686757,
      38.900267148946284
     ],
     [
      -77.26406127909563,
      38.90026773683595
     ],
     [
      -77.26406391104868,
      38.900268250422336
     ],
     [
      -77.26406654272671,
      38.9002686897054
     ],
     [
      -77.2640691741297,
      38.90026905468519
     ],
     [
      -77.26407175758447,
      38.90026943166873
     ],
     [
      -77.264074293091,
      38.90026982065601
     ],
     [
      -77.26407678064928,
      38.90027022164704
     ],
     [
      -77.26407922025932,
      38.90027063464183
     ],
     [
      -77.26408109798413,
      38.9002709510252
     ],
     [
      -77.26408241382374,
      38.90027117079719
     ],
     [
      -77.2640831677781,
      38.900271293957815
     ],
     [
      -77.2640833598472,
      38.900271320507095
     ],
     [
      -77.26408416197346,
      38.90027149206779
     ],
     [
      -77.26408557415687,
      38.90027180863988
     ],
     [
      -77.26408759639742,
      38.90027227022337
     ],
     [
      -77.26409022869515,
      38.90027287681822
     ],
     [
      -77.26409286101752,
      38.900273490049685
     ],
     [
      -77.2640954933645,
      38.90027410991775
     ],
     [
      -77.26409812573608,
      38.90027473642242
     ],
     [
      -77.26410075813227,
      38.90027536956369
     ],
     [
      -77.26410329100945,
      38.900276037293295
     ],
     [
      -77.26410572436758,
      38.90027673961123
     ],
     [
      -77.26410805820669,
      38.90027747651751
     ],
     [
      -77.26411029252674,
      38.900278248012114
     ],
     [
      -77.2641120680758,
      38.900278870344685
     ],
     [
      -77.26411338485386,
      38.90027934351523
     ],
     [
      -77.26411424286086,
      38.90027966752378
     ],
     [
      -77.26411464209681,
      38.90027984237033
     ],
     [
      -77.26411557826725,
      38.90028044192014
     ],
     [
      -77.2641170513722,
      38.900281466173155
     ],
     [
      -77.26411906141168,
      38.900282915129395
     ],
     [
      -77.2641216083858,
      38.90028478878883
     ],
     [
      -77.26412354118398,
      38.90028621120174
     ],
     [
      -77.26412485980615,
      38.9002871823682
     ],
     [
      -77.26412556425223,
      38.9002877022882
     ],
     [
      -77.26412565452222,
      38.900287770961754
     ],
     [
      -77.26412638120938,
      38.90028831754933
     ],
     [
      -77.26412774431377,
      38.90028934205093
     ],
     [
      -77.26412974383541,
      38.900290844466504
     ],
     [
      -77.26413237977441,
      38.90029282479605
     ],
     [
      -77.26413435709132,
      38.900294310307935
     ],
     [
      -77.26413567578608,
      38.90029530100222
     ],
     [
      -77.26413633585864,
      38.90029579687891
     ],
     [
      -77.26413633730895,
      38.90029579793806
     ],
     [
      -77.2641369974682,
      38.90029621957073
     ],
     [
      -77.26413831633641,
      38.90029706177695
     ],
     [
      -77.26414029391361,
      38.900298324556715
     ],
     [
      -77.2641429301999,
      38.900300007909976
     ],
     [
      -77.26414498907488,
      38.900301361437855
     ],
     [
      -77.26414647053849,
      38.900302385140414
     ],
     [
      -77.2641473745907,
      38.90030307901765
     ],
     [
      -77.26414770123148,
      38.90030344306959
     ],
     [
      -77.26414852358297,
      38.90030403498194
     ],
     [
      -77.26414984164518,
      38.90030485475473
     ],
     [
      -77.26415165541816,
      38.9003059023879
     ],
     [
      -77.26415396490195,
      38.900307177881444
     ],
     [
      -77.26415596778571,
      38.90030832750214
     ],
     [
      -77.26415766406946,
      38.900309351250016
     ],
     [
      -77.26415905375313,
      38.90031024912508
     ],
     [
      -77.26416013683674,
      38.90031102112734
     ],
     [
      -77.26416133759817,
      38.90031186788193
     ],
     [
      -77.26416265603741,
      38.90031278938887
     ],
     [
      -77.2641640921545,
      38.900313785648116
     ],
     [
      -77.26416564594942,
      38.90031485665969
     ],
     [
      -77.26416718915924,
      38.90031590422437
     ],
     [
      -77.26416872178397,
      38.90031692834215
     ],
     [
      -77.2641702438236,
      38.90031792901304
     ],
     [
      -77.26417175527813,
      38.90031890623705
     ],
     [
      -77.26417317018726,
      38.90031984536764
     ],
     [
      -77.264174488551,
      38.900320746404816
     ],
     [
      -77.26417571036936,
      38.900321609348595
     ],
     [
      -77.2641768356423,
      38.90032243419896
     ],
     [
      -77.26417833792232,
      38.900323272044155
     ],
     [
      -77.26418021720941,
      38.900324122884136
     ],
     [
      -77.26418247350361,
      38.900324986718914
     ],
     [
      -77.26418510680492,
      38.90032586354843
     ],
     [
      -77.26418773776062,
      38.900326107014195
     ],
     [
      -77.26419036637063,
      38.90032571711622
     ],
     [
      -77.2641929926349,
      38.9003246938545
     ],
     [
      -77.26419561655334,
      38.90032303722902
     ],
     [
      -77.26419759605064,
      38.90032177986178
     ],
     [
      -77.26419893112686,
      38.9003209217528
     ],
     [
      -77.26419962178207,
      38.90032046290211
     ],
     [
      -77.26419966801626,
      38.90032040330971
     ],
     [
      -77.26420034736908,
      38.90032002852264
     ],
     [
      -77.26420165984048,
      38.90031933854093
     ],
     [
      -77.26420360543044,
      38.900318333364524
     ],
     [
      -77.2642061841389,
      38.90031701299338
     ],
     [
      -77.26420858726974,
      38.90031583649718
     ],
     [
      -77.26421081482299,
      38.900314803875915
     ],
     [
      -77.26421286679867,
      38.90031391512959
     ],
     [
      -77.26421474319679,
      38.90031317025823
     ],
     [
      -77.26421633798176,
      38.90031254742196
     ],
     [
      -77.26421765115359,
      38.90031204662078
     ],
     [
      -77.26421868271228,
      38.90031166785474
     ],
     [
      -77.26421943265785,
      38.90031141112381
     ],
     [
      -77.26422065196319,
      38.90031103844256
     ],
     [
      -77.26422234062828,
      38.90031054981096
     ],
     [
      -77.2642244986531,
      38.900309945229
     ],
     [
      -77.26422712603762,
      38.90030922469666
     ],
     [
      -77.26422975343381,
      38.90030850732628
     ],
     [
      -77.26423238084165,
      38.900307793117875
     ],
     [
      -77.26423500826117,
      38.900307082071414
     ],
     [
      -77.26423763569233,
      38.90030637418693
     ],
     [
      -77.26424026495619,
      38.90030616106962
     ],
     [
      -77.26424289605279,
      38.900306442719476
     ],
     [
      -77.26424552898222,
      38.90030721913651
     ],
     [
      -77.2642481637445,
      38.9003084903207
     ],
     [
      -77.26425026199747,
      38.90030954203808
     ],
     [
      -77.26425182374115,
      38.900310374288665
     ],
     [
      -77.26425284897546,
      38.90031098707246
     ],
     [
      -77.26425333770038,
      38.900311380389496
     ],
     [
      -77.2642535833864,
      38.9003119343373
     ],
     [
      -77.26425358603352,
      38.90031264891581
     ],
     [
      -77.26425334564173,
      38.90031352412507
     ],
     [
      -77.26425286221102,
      38.900314559965075
     ],
     [
      -77.26425240869,
      38.90031559215588
     ],
     [
      -77.26425198507869,
      38.90031662069751
     ],
     [
      -77.26425159137708,
      38.90031764558995
     ],
     [
      -77.26425122758518,
      38.90031866683319
     ],
     [
      -77.26425056299851,
      38.90031994744343
     ],
     [
      -77.26424959761707,
      38.90032148742069
     ],
     [
      -77.26424833144077,
      38.90032328676494
     ],
     [
      -77.26424676446965,
      38.90032534547617
     ],
     [
      -77.26424541795261,
      38.90032707355963
     ],
     [
      -77.26424429188974,
      38.900328471015335
     ],
     [
      -77.26424338628102,
      38.900329537843305
     ],
     [
      -77.2642427011265,
      38.90033027404352
     ],
     [
      -77.26424189671353,
      38.90033115697995
     ],
     [
      -77.26424097304209,
      38.900332186652605
     ],
     [
      -77.26423993011217,
      38.90033336306147
     ],
     [
      -77.26423876792376,
      38.900334686206556
     ],
     [
      -77.264237531853,
      38.90033603268776
     ],
     [
      -77.26423622189989,
      38.90033740250506
     ],
     [
      -77.26423483806443,
      38.9003387956585
     ],
     [
      -77.26423338034658,
      38.90034021214804
     ],
     [
      -77.26423212311467,
      38.90034143537957
     ],
     [
      -77.26423106636868,
      38.90034246535314
     ],
     [
      -77.26423021010866,
      38.90034330206872
     ],
     [
      -77.26422955433462,
      38.90034394552633
     ],
     [
      -77.2642287131021,
      38.90034494270151
     ],
     [
      -77.26422768641112,
      38.90034629359426
     ],
     [
      -77.2642264742616,
      38.90034799820455
     ],
     [
      -77.26422507665356,
      38.90035005653243
     ],
     [
      -77.264223888082,
      38.90035195146547
     ],
     [
      -77.26422290854694,
      38.90035368300369
     ],
     [
      -77.26422213804841,
      38.900355251147076
     ],
     [
      -77.26422157658644,
      38.90035665589566
     ],
     [
      -77.264221090064,
      38.9003578725271
     ],
     [
      -77.26422067848111,
      38.9003589010414
     ],
     [
      -77.26422034183778,
      38.90035974143855
     ],
     [
      -77.26422008013401,
      38.900360393718564
     ],
     [
      -77.26421976240546,
      38.90036139699496
     ],
     [
      -77.26421938865214,
      38.90036275126774
     ],
     [
      -77.26421895887401,
      38.900364456536934
     ],
     [
      -77.26421847307108,
      38.900366512802506
     ],
     [
      -77.2642179210001,
      38.90036856921794
     ],
     [
      -77.26421730266104,
      38.90037062578327
     ],
     [
      -77.26421661805391,
      38.90037268249844
     ],
     [
      -77.26421586717869,
      38.90037473936351
     ],
     [
      -77.2642150600547,
      38.900376796355765
     ],
     [
      -77.2642141966819,
      38.90037885347524
     ],
     [
      -77.2642132770603,
      38.90038091072193
     ],
     [
      -77.2642123011899,
      38.90038296809579
     ],
     [
      -77.26421153688375,
      38.90038457316785
     ],
     [
      -77.2642109841419,
      38.90038572593807
     ],
     [
      -77.26421064296436,
      38.90038642640646
     ],
     [
      -77.26421051335113,
      38.900386674573035
     ],
     [
      -77.26421020333699,
      38.900387313002575
     ],
     [
      -77.26420971292195,
      38.90038834169511
     ],
     [
      -77.26420904210595,
      38.90038976065064
     ],
     [
      -77.264208190889,
      38.900391569869136
     ],
     [
      -77.2642072632392,
      38.90039344122885
     ],
     [
      -77.26420625915657,
      38.900395374729776
     ],
     [
      -77.26420517864108,
      38.9003973703719
     ],
     [
      -77.26420402169272,
      38.90039942815523
     ],
     [
      -77.26420300327703,
      38.900401292196726
     ],
     [
      -77.26420212339403,
      38.9004029624964
     ],
     [
      -77.26420138204372,
      38.90040443905427
     ],
     [
      -77.26420077922613,
      38.90040572187032
     ],
     [
      -77.2642002411831,
      38.900406877605185
     ],
     [
      -77.26419976791462,
      38.900407906258906
     ],
     [
      -77.26419935942069,
      38.90040880783145
     ],
     [
      -77.26419901570134,
      38.900409582322844
     ],
     [
      -77.26419877026278,
      38.90041067695516
     ],
     [
      -77.26419862310499,
      38.900412091728406
     ],
     [
      -77.264198574228,
      38.90041382664256
     ],
     [
      -77.2641986236318,
      38.900415881697654
     ],
     [
      -77.26419873750477,
      38.90041759073279
     ],
     [
      -77.26419891584688,
      38.900418953747945
     ],
     [
      -77.26419915865816,
      38.900419970743165
     ],
     [
      -77.26419946593859,
      38.900420641718405
     ],
     [
      -77.26419996800423,
      38.900421490209766
     ],
     [
      -77.26420066485512,
      38.90042251621723
     ],
     [
      -77.26420155649123,
      38.900423719740786
     ],
     [
      -77.26420264291261,
      38.90042510078047
     ],
     [
      -77.2642038461475,
      38.90042646892577
     ],
     [
      -77.26420516619591,
      38.900427824176674
     ],
     [
      -77.26420660305784,
      38.900429166533215
     ],
     [
      -77.2642081567333,
      38.90043049599537
     ],
     [
      -77.26420997785894,
      38.90043167215637
     ],
     [
      -77.26421206643474,
      38.900432695016235
     ],
     [
      -77.26421442246071,
      38.90043356457494
     ],
     [
      -77.26421704593685,
      38.90043428083246
     ],
     [
      -77.2642190158545,
      38.90043481851361
     ],
     [
      -77.26422033221364,
      38.900435177618434
     ],
     [
      -77.26422099501426,
      38.900435358146964
     ],
     [
      -77.26422100425631,
      38.900435360099195
     ],
     [
      -77.2642216690583,
      38.90043545765674
     ],
     [
      -77.26422298942023,
      38.90043565081961
     ],
     [
      -77.26422496534211,
      38.90043593958776
     ],
     [
      -77.26422759682393,
      38.90043632396118
     ],
     [
      -77.26423022857084,
      38.90043677988816
     ],
     [
      -77.26423286058282,
      38.90043730736871
     ],
     [
      -77.26423549285991,
      38.90043790640281
     ],
     [
      -77.26423812540207,
      38.90043857699048
     ],
     [
      -77.26424051282157,
      38.900439325578645
     ],
     [
      -77.2642426551184,
      38.90044015216732
     ],
     [
      -77.26424455229255,
      38.900441056756485
     ],
     [
      -77.26424620434402,
      38.9004420393462
     ],
     [
      -77.26424768963074,
      38.90044300207549
     ],
     [
      -77.26424900815265,
      38.900443944944385
     ],
     [
      -77.26425015990979,
      38.90044486795285
     ],
     [
      -77.26425114490213,
      38.9004457711009
     ],
     [
      -77.2642521225504,
      38.90044673536924
     ],
     [
      -77.26425309285459,
      38.90044776075785
     ],
     [
      -77.26425405581472,
      38.90044884726674
     ],
     [
      -77.26425501143078,
      38.900449994895894
     ],
     [
      -77.26425599849232,
      38.90045136879793
     ],
     [
      -77.26425701699937,
      38.90045296897283
     ],
     [
      -77.26425806695195,
      38.90045479542063
     ],
     [
      -77.26425914835008,
      38.90045684814129
     ],
     [
      -77.26426011190205,
      38.900458732735146
     ],
     [
      -77.26426095760786,
      38.90046044920218
     ],
     [
      -77.26426168546747,
      38.90046199754241
     ],
     [
      -77.26426229548092,
      38.900463377755834
     ],
     [
      -77.26426281180886,
      38.900464581176244
     ],
     [
      -77.2642632344513,
      38.90046560780359
     ],
     [
      -77.26426356340826,
      38.900466457637926
     ],
     [
      -77.26426379867969,
      38.90046713067923
     ],
     [
      -77.26426410023556,
      38.90046814896892
     ],
     [
      -77.26426446807588,
      38.90046951250699
     ],
     [
      -77.26426490220064,
      38.90047122129345
     ],
     [
      -77.26426540260985,
      38.90047327532828
     ],
     [
      -77.26426590480432,
      38.90047532935907
     ],
     [
      -77.26426640878401,
      38.900477383385834
     ],
     [
      -77.26426691454894,
      38.90047943740854
     ],
     [
      -77.26426742209912,
      38.90048149142723
     ],
     [
      -77.26426815559377,
      38.90048348994157
     ],
     [
      -77.26426911503289,
      38.9004854329516
     ],
     [
      -77.26427030041651,
      38.90048732045731
     ],
     [
      -77.26427171174467,
      38.90048915245867
     ],
     [
      -77.26427311149048,
      38.900490580680945
     ],
     [
      -77.26427449965396,
      38.90049160512411
     ],
     [
      -77.26427587623509,
      38.90049222578818
     ],
     [
      -77.26427724123381,
      38.900492442673155
     ],
     [
      -77.26427858156727,
      38.900492637229995
     ],
     [
      -77.26427989723543,
      38.90049280945871
     ],
     [
      -77.26428118823831,
      38.90049295935929
     ],
     [
      -77.2642824545759,
      38.90049308693173
     ],
     [
      -77.26428406334733,
      38.900493588342584
     ],
     [
      -77.26428601455264,
      38.900494463591826
     ],
     [
      -77.26428830819187,
      38.90049571267944
     ],
     [
      -77.26429094426507,
      38.900497335605415
     ],
     [
      -77.26429293166376,
      38.900498626736486
     ],
     [
      -77.26429427038785,
      38.900499586072684
     ],
     [
      -77.26429496043735,
      38.90050021361402
     ],
     [
      -77.26429500181219,
      38.900500509360526
     ],
     [
      -77.26429502282022,
      38.900500743767964
     ],
     [
      -77.26429502346144,
      38.90050091683632
     ],
     [
      -77.26429500373585,
      38.900501028565614
     ],
     [
      -77.26429496364348,
      38.900501078955834
     ],
     [
      -77.26429457047759,
      38.900501618786755
     ],
     [
      -77.26429382423821,
      38.900502648058385
     ],
     [
      -77.26429272492528,
      38.90050416677071
     ],
     [
      -77.26429127253878,
      38.90050617492371
     ],
     [
      -77.26428989216389,
      38.900508078757525
     ],
     [
      -77.26428858380064,
      38.90050987827214
     ],
     [
      -77.264287347449,
      38.90051157346758
     ],
     [
      -77.26428618310902,
      38.90051316434383
     ],
     [
      -77.26428522333131,
      38.90051447442788
     ],
     [
      -77.26428446811587,
      38.90051550371974
     ],
     [
      -77.26428391746275,
      38.90051625221944
     ],
     [
      -77.2642835713719,
      38.90051671992696
     ],
     [
      -77.26428280399564,
      38.900517585648075
     ],
     [
      -77.26428161533391,
      38.900518849382756
     ],
     [
      -77.26428000538665,
      38.90052051113102
     ],
     [
      -77.26427797415383,
      38.90052257089284
     ],
     [
      -77.26427639008735,
      38.900524170142745
     ],
     [
      -77.26427525318726,
      38.900525308880724
     ],
     [
      -77.26427456345363,
      38.900525987106846
     ],
     [
      -77.26427432088646,
      38.90052620482108
     ],
     [
      -77.2642736725993,
      38.900526828662045
     ],
     [
      -77.26427261859214,
      38.900527858629744
     ],
     [
      -77.26427115886494,
      38.90052929472417
     ],
     [
      -77.26426929341763,
      38.9005311369453
     ],
     [
      -77.26426770556759,
      38.90053270293255
     ],
     [
      -77.26426639531483,
      38.90053399268598
     ],
     [
      -77.26426536265942,
      38.900535006205544
     ],
     [
      -77.26426460760133,
      38.900535743491275
     ],
     [
      -77.26426370002626,
      38.90053662712483
     ],
     [
      -77.2642626399342,
      38.9005376571062
     ],
     [
      -77.26426142732514,
      38.900538833435384
     ],
     [
      -77.26426006219906,
      38.900540156112385
     ],
     [
      -77.26425872436587,
      38.90054142356574
     ],
     [
      -77.26425741382562,
      38.90054263579544
     ],
     [
      -77.26425613057827,
      38.90054379280151
     ],
     [
      -77.26425487462384,
      38.90054489458392
     ],
     [
      -77.26425369719982,
      38.90054596050965
     ],
     [
      -77.26425259830621,
      38.900546990578704
     ],
     [
      -77.26425157794304,
      38.90054798479107
     ],
     [
      -77.26425063611026,
      38.90054894314676
     ],
     [
      -77.26424951017663,
      38.90055009674373
     ],
     [
      -77.26424820014209,
      38.900551445581996
     ],
     [
      -77.26424670600666,
      38.90055298966155
     ],
     [
      -77.26424502777029,
      38.900554728982364
     ],
     [
      -77.26424368956022,
      38.90055611356336
     ],
     [
      -77.26424269137652,
      38.90055714340453
     ],
     [
      -77.26424203321922,
      38.900557818505845
     ],
     [
      -77.26424171508832,
      38.90055813886738
     ],
     [
      -77.26424093745591,
      38.900558894149434
     ],
     [
      -77.26423970032192,
      38.90056008435202
     ],
     [
      -77.26423800368634,
      38.90056170947513
     ],
     [
      -77.2642358475491,
      38.9005637695187
     ],
     [
      -77.26423419382273,
      38.900565347187325
     ],
     [
      -77.26423304250729,
      38.90056644248102
     ],
     [
      -77.26423239360281,
      38.90056705539981
     ],
     [
      -77.26423224710935,
      38.9005671859437
     ],
     [
      -77.264231636957,
      38.9005677662217
     ],
     [
      -77.26423056314576,
      38.900568796233806
     ],
     [
      -77.26422902567556,
      38.90057027598001
     ],
     [
      -77.26422702454636,
      38.90057220546028
     ],
     [
      -77.2642253688686,
      38.900573818854305
     ],
     [
      -77.2642240586423,
      38.90057511616213
     ],
     [
      -77.26422309386753,
      38.90057609738377
     ],
     [
      -77.26422247454428,
      38.900576762519194
     ],
     [
      -77.26422168929528,
      38.900577609954226
     ],
     [
      -77.26422073812051,
      38.90057863968886
     ],
     [
      -77.26421962101996,
      38.90057985172312
     ],
     [
      -77.26421833799361,
      38.90058124605696
     ],
     [
      -77.26421704159866,
      38.90058265438692
     ],
     [
      -77.26421573183511,
      38.90058407671302
     ],
     [
      -77.26421440870297,
      38.90058551303522
     ],
     [
      -77.26421307220222,
      38.90058696335354
     ],
     [
      -77.26421190682986,
      38.90058820342869
     ],
     [
      -77.26421091258587,
      38.90058923326065
     ],
     [
      -77.26421008947027,
      38.90059005284945
     ],
     [
      -77.26420943748309,
      38.90059066219507
     ],
     [
      -77.26420845623652,
      38.900591577849674
     ],
     [
      -77.26420714573054,
      38.90059279981321
     ],
     [
      -77.2642055059651,
      38.90059432808571
     ],
     [
      -77.26420353694017,
      38.90059616266711
     ],
     [
      -77.26420201077059,
      38.900597594974464
     ],
     [
      -77.2642009274564,
      38.90059862500777
     ],
     [
      -77.26420028699765,
      38.900599252767066
     ],
     [
      -77.26420008939435,
      38.90059947825234
     ],
     [
      -77.26419971854729,
      38.9006001616615
     ],
     [
      -77.26419917445646,
      38.900601302994524
     ],
     [
      -77.26419845712184,
      38.90060290225144
     ],
     [
      -77.26419756654339,
      38.90060495943223
     ],
     [
      -77.26419703383446,
      38.90060701580371
     ],
     [
      -77.26419685899512,
      38.90060907136582
     ],
     [
      -77.26419704202536,
      38.900611126118655
     ],
     [
      -77.26419758292522,
      38.90061318006215
     ],
     [
      -77.26419813003403,
      38.900614881987
     ],
     [
      -77.26419868335176,
      38.90061623189318
     ],
     [
      -77.26419924287845,
      38.9006172297807
     ],
     [
      -77.26419980861404,
      38.90061787564955
     ],
     [
      -77.26420079100522,
      38.90061871079368
     ],
     [
      -77.26420219005199,
      38.90061973521306
     ],
     [
      -77.2642040057544,
      38.90062094890773
     ],
     [
      -77.2642062381125,
      38.90062235187759
     ],
     [
      -77.26420801332979,
      38.90062346428699
     ],
     [
      -77.26420933140628,
      38.900624286135894
     ],
     [
      -77.26421019234193,
      38.90062481742436
     ],
     [
      -77.26421059613672,
      38.90062505815237
     ],
     [
      -77.26421155638818,
      38.900625208754306
     ],
     [
      -77.26421307309627,
      38.90062526923015
     ],
     [
      -77.26421514626102,
      38.90062523957989
     ],
     [
      -77.26421777588244,
      38.900625119803465
     ],
     [
      -77.26421981655336,
      38.90062499786326
     ],
     [
      -77.2642212682738,
      38.90062487375932
     ],
     [
      -77.26422213104374,
      38.90062474749163
     ],
     [
      -77.26422240486319,
      38.900624619060224
     ],
     [
      -77.26422319793477,
      38.90062418918382
     ],
     [
      -77.26422451025843,
      38.90062345786241
     ],
     [
      -77.26422634183413,
      38.900622425095996
     ],
     [
      -77.26422869266185,
      38.900621090884535
     ],
     [
      -77.26423085196224,
      38.90061990776175
     ],
     [
      -77.26423281973534,
      38.9006188757277
     ],
     [
      -77.26423459598116,
      38.90061799478239
     ],
     [
      -77.26423618069974,
      38.900617264925806
     ],
     [
      -77.26423762941083,
      38.900616585663904
     ],
     [
      -77.26423894211445,
      38.90061595699672
     ],
     [
      -77.26424011881062,
      38.900615378924236
     ],
     [
      -77.2642411594993,
      38.90061485144646
     ],
     [
      -77.26424259734578,
      38.90061440556642
     ],
     [
      -77.26424443235,
      38.9006140412841
     ],
     [
      -77.26424666451196,
      38.90061375859947
     ],
     [
      -77.2642492938317,
      38.9006135575125
     ],
     [
      -77.26425192345809,
      38.90061343921187
     ],
     [
      -77.26425455339115,
      38.90061340369756
     ],
     [
      -77.2642571836309,
      38.90061345096956
     ],
     [
      -77.26425981417734,
      38.90061358102792
     ],
     [
      -77.26426244471425,
      38.90061370851345
     ],
     [
      -77.26426507524164,
      38.900613833426185
     ],
     [
      -77.26426770575951,
      38.900613955766154
     ],
     [
      -77.26427033626786,
      38.90061407553331
     ],
     [
      -77.26427274741046,
      38.90061427900154
     ],
     [
      -77.26427493918732,
      38.90061456617086
     ],
     [
      -77.26427691159846,
      38.90061493704129
     ],
     [
      -77.26427866464388,
      38.90061539161281
     ],
     [
      -77.26428019930209,
      38.90061578606744
     ],
     [
      -77.26428151557313,
      38.90061612040519
     ],
     [
      -77.26428261345697,
      38.90061639462606
     ],
     [
      -77.2642834929536,
      38.900616608730026
     ],
     [
      -77.26428481101527,
      38.9006170184442
     ],
     [
      -77.26428656764203,
      38.90061762376858
     ],
     [
      -77.2642887628339,
      38.90061842470313
     ],
     [
      -77.2642913965909,
      38.90061942124783
     ],
     [
      -77.26429388617296,
      38.90062037663543
     ],
     [
      -77.26429623158006,
      38.90062129086593
     ],
     [
      -77.2642984328122,
      38.90062216393937
     ],
     [
      -77.26430048986934,
      38.90062299585571
     ],
     [
      -77.26430217691517,
      38.900623681972185
     ],
     [
      -77.26430349394963,
      38.90062422228877
     ],
     [
      -77.26430444097272,
      38.90062461680552
     ],
     [
      -77.26430501798444,
      38.9006248655224
     ],
     [
      -77.2643061092824,
      38.90062532813488
     ],
     [
      -77.26430771486663,
      38.90062600464293
     ],
     [
      -77.26430983473716,
      38.90062689504654
     ],
     [
      -77.26431246889405,
      38.90062799934569
     ],
     [
      -77.26431486753106,
      38.90062900033434
     ],
     [
      -77.2643170306482,
      38.90062989801249
     ],
     [
      -77.26431895824544,
      38.900630692380176
     ],
     [
      -77.26432065032277,
      38.90063138343738
     ],
     [
      -77.2643221548638,
      38.90063199507275
     ],
     [
      -77.26432347186855,
      38.90063252728625
     ],
     [
      -77.264324601337,
      38.900632980077916
     ],
     [
      -77.26432554326912,
      38.90063335344774
     ],
     [
      -77.26432690827599,
      38.900633914522395
     ],
     [
      -77.26432869635762,
      38.90063466330186
     ],
     [
      -77.26433090751402,
      38.90063559978611
     ],
     [
      -77.26433354174526,
      38.90063672397517
     ],
     [
      -77.26433587422581,
      38.90063770368866
     ],
     [
      -77.26433790495562,
      38.90063853892662
     ],
     [
      -77.26433963393472,
      38.90063922968907
     ],
     [
      -77.26434106116305,
      38.90063977597604
     ],
     [
      -77.2643424332284,
      38.90064030137118
     ],
     [
      -77.26434375013076,
      38.900640805874495
     ],
     [
      -77.26434501187015,
      38.90064128948599
     ],
     [
      -77.26434621844652,
      38.90064175220566
     ],
     [
      -77.26434778190442,
      38.90064237157042
     ],
     [
      -77.26434970224386,
      38.900643147580254
     ],
     [
      -77.26435197946485,
      38.90064408023515
     ],
     [
      -77.26435461356743,
      38.90064516953507
     ],
     [
      -77.2643569107895,
      38.900646109396256
     ],
     [
      -77.26435887113105,
      38.90064689981872
     ],
     [
      -77.26436049459203,
      38.90064754080248
     ],
     [
      -77.26436178117244,
      38.90064803234753
     ],
     [
      -77.26436308284929,
      38.90064851291423
     ],
     [
      -77.26436439962254,
      38.90064898250254
     ],
     [
      -77.26436573149225,
      38.90064944111247
     ],
     [
      -77.26436707845838,
      38.900649888744034
     ],
     [
      -77.26436874698734,
      38.9006504370567
     ],
     [
      -77.26437073707919,
      38.9006510860505
     ],
     [
      -77.2643730487339,
      38.90065183572539
     ],
     [
      -77.26437568195152,
      38.90065268608136
     ],
     [
      -77.26437800810913,
      38.900653510096454
     ],
     [
      -77.26438002720668,
      38.90065430777071
     ],
     [
      -77.26438173924421,
      38.900655079104105
     ],
     [
      -77.26438314422167,
      38.90065582409669
     ],
     [
      -77.26438450576983,
      38.900656612876475
     ],
     [
      -77.26438582388872,
      38.90065744544349
     ],
     [
      -77.26438709857828,
      38.90065832179772
     ],
     [
      -77.26438832983858,
      38.900659241939145
     ],
     [
      -77.26438968758437,
      38.900660214122055
     ],
     [
      -77.26439117181569,
      38.900661238346395
     ],
     [
      -77.26439278253252,
      38.90066231461219
     ],
     [
      -77.26439451973488,
      38.900663442919445
     ],
     [
      -77.26439604742771,
      38.90066443200584
     ],
     [
      -77.26439736561098,
      38.90066528187145
     ],
     [
      -77.26439847428469,
      38.90066599251625
     ],
     [
      -77.2643993734488,
      38.900666563940234
     ],
     [
      -77.26440070670282,
      38.900667360578424
     ],
     [
      -77.26440247404676,
      38.900668382430794
     ],
     [
      -77.26440467548065,
      38.90066962949731
     ],
     [
      -77.26440731100455,
      38.90067110177797
     ],
     [
      -77.26440928940043,
      38.90067220684998
     ],
     [
      -77.26441061066825,
      38.90067294471343
     ],
     [
      -77.26441127480796,
      38.9006733153683
     ],
     [
      -77.26441128181952,
      38.90067331881462
     ],
     [
      -77.26441194404195,
      38.90067364425883
     ],
     [
      -77.26441326147526,
      38.90067429170091
     ],
     [
      -77.26441523411948,
      38.900675261140854
     ],
     [
      -77.26441786197466,
      38.90067655257864
     ],
     [
      -77.26442023891379,
      38.90067770968318
     ],
     [
      -77.26442236493682,
      38.9006787324545
     ],
     [
      -77.26442424004372,
      38.90067962089262
     ],
     [
      -77.2644258642345,
      38.90068037499753
     ],
     [
      -77.26442733498543,
      38.90068105924531
     ],
     [
      -77.26442865229649,
      38.90068167363588
     ],
     [
      -77.26442981616769,
      38.90068221816931
     ],
     [
      -77.26443082659901,
      38.900682692845585
     ],
     [
      -77.2644322433839,
      38.9006834385446
     ],
     [
      -77.26443406652236,
      38.9006844552663
     ],
     [
      -77.26443629601444,
      38.90068574301071
     ],
     [
      -77.26443893186018,
      38.900687301777786
     ],
     [
      -77.2644409132825,
      38.90068847421027
     ],
     [
      -77.2644422402813,
      38.90068926030819
     ],
     [
      -77.26444291285654,
      38.90068966007158
     ],
     [
      -77.2644429310082,
      38.90068967350043
     ],
     [
      -77.26444335053486,
      38.900690196444934
     ],
     [
      -77.26444417143655,
      38.900691228905075
     ],
     [
      -77.26444539371327,
      38.900692770880866
     ],
     [
      -77.26444701736511,
      38.900694822372266
     ],
     [
      -77.26444840958148,
      38.90069687438754
     ],
     [
      -77.26444957036232,
      38.90069892692669
     ],
     [
      -77.26445049970764,
      38.9007009799897
     ],
     [
      -77.2644511976174,
      38.90070303357659
     ],
     [
      -77.26445179854495,
      38.900704867666
     ],
     [
      -77.26445230249028,
      38.9007064822579
     ],
     [
      -77.2644527094534,
      38.90070787735231
     ],
     [
      -77.26445301943424,
      38.90070905294923
     ],
     [
      -77.26445331269598,
      38.900710154226374
     ],
     [
      -77.26445358923857,
      38.90071118118374
     ],
     [
      -77.26445384906202,
      38.90071213382131
     ],
     [
      -77.26445409216636,
      38.90071301213911
     ],
     [
      -77.26445442078112,
      38.900714184338
     ],
     [
      -77.26445483490632,
      38.90071565041798
     ],
     [
      -77.26445533454199,
      38.90071741037903
     ],
     [
      -77.2644559196881,
      38.900719464221154
     ],
     [
      -77.26445649331576,
      38.900721518089355
     ],
     [
      -77.26445705542496,
      38.90072357198362
     ],
     [
      -77.26445760601565,
      38.900725625903966
     ],
     [
      -77.2644581450879,
      38.900727679850384
     ],
     [
      -77.26445868056081,
      38.900729733804944
     ],
     [
      -77.26445921243442,
      38.900731787767654
     ],
     [
      -77.26445974070869,
      38.90073384173849
     ],
     [
      -77.26446026538366,
      38.90073589571749
     ],
     [
      -77.2644607901117,
      38.90073794969636
     ],
     [
      -77.26446131489281,
      38.900740003675104
     ],
     [
      -77.26446183972699,
      38.90074205765372
     ],
     [
      -77.26446236461425,
      38.90074411163224
     ],
     [
      -77.26446282126592,
      38.90074599237985
     ],
     [
      -77.26446320968199,
      38.90074769989663
     ],
     [
      -77.26446352986245,
      38.90074923418254
     ],
     [
      -77.26446378180731,
      38.90075059523759
     ],
     [
      -77.26446400555672,
      38.90075178933544
     ],
     [
      -77.2644642011107,
      38.900752816476114
     ],
     [
      -77.26446436846923,
      38.90075367665959
     ],
     [
      -77.26446450763231,
      38.90075436988588
     ],
     [
      -77.26446477569995,
      38.9007554032267
     ],
     [
      -77.26446517267213,
      38.90075677668206
     ],
     [
      -77.2644656985489,
      38.90075849025196
     ],
     [
      -77.26446635333025,
      38.90076054393637
     ],
     [
      -77.26446707448186,
      38.90076259747056
     ],
     [
      -77.26446786200373,
      38.90076465085448
     ],
     [
      -77.26446871589584,
      38.90076670408813
     ],
     [
      -77.26446963615824,
      38.900768757171534
     ],
     [
      -77.26447051473335,
      38.90077081034931
     ],
     [
      -77.26447135162114,
      38.90077286362144
     ],
     [
      -77.26447214682166,
      38.90077491698795
     ],
     [
      -77.26447290033485,
      38.900776970448824
     ],
     [
      -77.2644734117258,
      38.90077902445782
     ],
     [
      -77.26447368099448,
      38.90078107901493
     ],
     [
      -77.26447370814086,
      38.90078313412017
     ],
     [
      -77.26447349316493,
      38.90078518977354
     ],
     [
      -77.26447307623239,
      38.90078724588411
     ],
     [
      -77.26447245734322,
      38.900789302451884
     ],
     [
      -77.2644716364974,
      38.90079135947685
     ],
     [
      -77.26447061369494,
      38.90079341695898
     ],
     [
      -77.26446956436891,
      38.90079547450116
     ],
     [
      -77.2644684885193,
      38.90079753210337
     ],
     [
      -77.26446738614612,
      38.900799589765626
     ],
     [
      -77.26446625724938,
      38.90080164748789
     ],
     [
      -77.26446539750926,
      38.90080322369716
     ],
     [
      -77.26446480692582,
      38.90080431839343
     ],
     [
      -77.26446448549906,
      38.90080493157668
     ],
     [
      -77.26446443322901,
      38.900805063246956
     ],
     [
      -77.26446427313635,
      38.90080564317701
     ],
     [
      -77.26446400522109,
      38.90080667136685
     ],
     [
      -77.26446362948317,
      38.90080814781649
     ],
     [
      -77.26446314592262,
      38.900810072525886
     ],
     [
      -77.26446279089133,
      38.90081202983232
     ],
     [
      -77.26446256438932,
      38.90081401973577
     ],
     [
      -77.26446246641659,
      38.90081604223628
     ],
     [
      -77.26446249697314,
      38.90081809733379
     ],
     [
      -77.26446263845878,
      38.90082007791859
     ],
     [
      -77.26446289087353,
      38.90082198399066
     ],
     [
      -77.26446325421739,
      38.900823815550005
     ],
     [
      -77.26446372849037,
      38.90082557259662
     ],
     [
      -77.26446414002298,
      38.90082696451681
     ],
     [
      -77.26446448881524,
      38.90082799131057
     ],
     [
      -77.26446477486711,
      38.9008286529779
     ],
     [
      -77.2644649981786,
      38.90082894951879
     ],
     [
      -77.26446573906362,
      38.90082968441807
     ],
     [
      -77.2644669975222,
      38.90083085767575
     ],
     [
      -77.2644687735544,
      38.900832469291785
     ],
     [
      -77.26447106716026,
      38.900834519266176
     ],
     [
      -77.264472817944,
      38.90083608789377
     ],
     [
      -77.26447402590554,
      38.900837175174594
     ],
     [
      -77.26447469104482,
      38.90083778110868
     ],
     [
      -77.26447481336183,
      38.900837905695994
     ],
     [
      -77.26447542355098,
      38.90083848053841
     ],
     [
      -77.2644765216123,
      38.90083950563589
     ],
     [
      -77.2644781075458,
      38.900840980988406
     ],
     [
      -77.26448018135156,
      38.90084290659597
     ],
     [
      -77.2644817547322,
      38.90084486455248
     ],
     [
      -77.26448282768767,
      38.90084685485797
     ],
     [
      -77.26448340021791,
      38.900848877512416
     ],
     [
      -77.26448347232292,
      38.90085093251584
     ],
     [
      -77.26448330406511,
      38.90085298806344
     ],
     [
      -77.26448289544446,
      38.900855044155215
     ],
     [
      -77.26448224646096,
      38.90085710079112
     ],
     [
      -77.26448135711459,
      38.9008591579712
     ],
     [
      -77.26448038262824,
      38.9008609889507
     ],
     [
      -77.2644793230019,
      38.900862593729556
     ],
     [
      -77.2644781782356,
      38.90086397230785
     ],
     [
      -77.26447694832936,
      38.900865124685545
     ],
     [
      -77.26447569737397,
      38.90086621610586
     ],
     [
      -77.26447442536944,
      38.90086724656883
     ],
     [
      -77.26447313231579,
      38.90086821607445
     ],
     [
      -77.26447181821302,
      38.90086912462271
     ],
     [
      -77.26447050510002,
      38.9008699718603
     ],
     [
      -77.26446919297679,
      38.90087075778724
     ],
     [
      -77.26446788184333,
      38.90087148240352
     ],
     [
      -77.26446657169967,
      38.90087214570913
     ],
     [
      -77.26446493237324,
      38.90087285893791
     ],
     [
      -77.26446296386402,
      38.900873622089854
     ],
     [
      -77.264460666172,
      38.90087443516492
     ],
     [
      -77.26445803929717,
      38.9008752981631
     ],
     [
      -77.26445541184994,
      38.90087600678113
     ],
     [
      -77.26445278383032,
      38.900876561019004
     ],
     [
      -77.26445015523834,
      38.90087696087675
     ],
     [
      -77.26444752607402,
      38.90087720635434
     ],
     [
      -77.26444489639317,
      38.90087731250487
     ],
     [
      -77.26444226619581,
      38.90087727932836
     ],
     [
      -77.26443963548195,
      38.90087710682481
     ],
     [
      -77.26443700425162,
      38.90087679499419
     ],
     [
      -77.26443437261132,
      38.90087637256646
     ],
     [
      -77.26443174056108,
      38.90087583954159
     ],
     [
      -77.2644291081009,
      38.900875195919596
     ],
     [
      -77.26442647523079,
      38.900874441700466
     ],
     [
      -77.26442412208729,
      38.900873707154666
     ],
     [
      -77.2644220486704,
      38.900872992282146
     ],
     [
      -77.26442025498008,
      38.90087229708296
     ],
     [
      -77.26441874101634,
      38.90087162155713
     ],
     [
      -77.26441732551154,
      38.90087101283046
     ],
     [
      -77.26441600846567,
      38.900870470903
     ],
     [
      -77.26441478987876,
      38.90086999577471
     ],
     [
      -77.26441366975074,
      38.900869587445634
     ],
     [
      -77.26441217086932,
      38.90086893941279
     ],
     [
      -77.26441029323453,
      38.900868051676156
     ],
     [
      -77.2644080368464,
      38.90086692423575
     ],
     [
      -77.26440540170495,
      38.90086555709152
     ],
     [
      -77.26440330576608,
      38.90086446420543
     ],
     [
      -77.26440174902976,
      38.900863645577516
     ],
     [
      -77.26440073149594,
      38.900863101207804
     ],
     [
      -77.2644002531646,
      38.90086283109629
     ],
     [
      -77.26439935508316,
      38.90086231905425
     ],
     [
      -77.26439803725165,
      38.900861565081705
     ],
     [
      -77.2643962996701,
      38.9008605691786
     ],
     [
      -77.26439414233853,
      38.90085933134495
     ],
     [
      -77.26439217947252,
      38.90085820063752
     ],
     [
      -77.26439041107206,
      38.90085717705633
     ],
     [
      -77.26438883713712,
      38.900856260601365
     ],
     [
      -77.2643874576677,
      38.90085545127266
     ],
     [
      -77.26438610907076,
      38.90085468402817
     ],
     [
      -77.26438479134632,
      38.90085395886781
     ],
     [
      -77.26438350449438,
      38.90085327579167
     ],
     [
      -77.2643822485149,
      38.90085263479969
     ],
     [
      -77.26438069354833,
      38.90085180260982
     ],
     [
      -77.26437883959468,
      38.90085077922206
     ],
     [
      -77.26437668665397,
      38.90084956463639
     ],
     [
      -77.26437423472625,
      38.900848158852796
     ],
     [
      -77.26437234982873,
      38.90084707406279
     ],
     [
      -77.26437103196137,
      38.900846310266445
     ],
     [
      -77.26437028112416,
      38.90084586746374
     ],
     [
      -77.26437009731706,
      38.90084574565473
     ],
     [
      -77.26436930053013,
      38.90084527295435
     ],
     [
      -77.26436789076341,
      38.90084444936263
     ],
     [
      -77.26436586801694,
      38.900843274879534
     ],
     [
      -77.26436323229078,
      38.90084174950502
     ],
     [
      -77.26436094997854,
      38.90084050576477
     ],
     [
      -77.26435902108018,
      38.900839543658755
     ],
     [
      -77.26435744559569,
      38.90083886318705
     ],
     [
      -77.26435622352501,
      38.90083846434963
     ],
     [
      -77.26435495423439,
      38.90083806604883
     ],
     [
      -77.26435363772387,
      38.90083766828467
     ],
     [
      -77.26435227399344,
      38.90083727105713
     ],
     [
      -77.26435086304308,
      38.90083687436619
     ],
     [
      -77.26434914686844,
      38.90083645713029
     ],
     [
      -77.26434712546956,
      38.900836019349406
     ],
     [
      -77.26434479884641,
      38.90083556102352
     ],
     [
      -77.26434216699903,
      38.90083508215263
     ],
     [
      -77.26433953577705,
      38.90083477204058
     ],
     [
      -77.26433690518046,
      38.9008346306874
     ],
     [
      -77.26433427520921,
      38.90083465809309
     ],
     [
      -77.26433164586334,
      38.90083485425762
     ],
     [
      -77.26432936789152,
      38.900835175696876
     ],
     [
      -77.2643274412938,
      38.90083562241084
     ],
     [
      -77.26432586607014,
      38.90083619439955
     ],
     [
      -77.26432464222054,
      38.90083689166302
     ],
     [
      -77.26432337524095,
      38.900837905105476
     ],
     [
      -77.26432206513131,
      38.900839234726895
     ],
     [
      -77.26432071189164,
      38.900840880527305
     ],
     [
      -77.2643193155219,
      38.90084284250668
     ],
     [
      -77.2643182544095,
      38.90084433810917
     ],
     [
      -77.26431752855449,
      38.90084536733475
     ],
     [
      -77.26431713795688,
      38.90084593018347
     ],
     [
      -77.2643170826167,
      38.90084602665528
     ],
     [
      -77.26431657778672,
      38.9008466138491
     ],
     [
      -77.26431562346689,
      38.90084769176488
     ],
     [
      -77.2643142196572,
      38.900849260402644
     ],
     [
      -77.26431236635757,
      38.90085131976234
     ],
     [
      -77.26431079893791,
      38.90085311163791
     ],
     [
      -77.26430951739827,
      38.90085463602935
     ],
     [
      -77.26430852173867,
      38.900855892936676
     ],
     [
      -77.26430781195914,
      38.90085688235988
     ],
     [
      -77.26430708719937,
      38.90085789169994
     ],
     [
      -77.26430634745935,
      38.900858920956885
     ],
     [
      -77.26430559273906,
      38.900859970130675
     ],
     [
      -77.26430482303853,
      38.900861039221326
     ],
     [
      -77.26430395292746,
      38.90086235549347
     ],
     [
      -77.26430298240582,
      38.90086391894714
     ],
     [
      -77.26430191147361,
      38.90086572958229
     ],
     [
      -77.26430074013082,
      38.90086778739896
     ],
     [
      -77.26429969305757,
      38.90086954535814
     ],
     [
      -77.26429877025387,
      38.90087100345983
     ],
     [
      -77.26429797171976,
      38.90087216170405
     ],
     [
      -77.26429729745524,
      38.90087302009075
     ],
     [
      -77.26429655514161,
      38.90087396399244
     ],
     [
      -77.26429574477886,
      38.900874993409055
     ],
     [
      -77.26429486636697,
      38.90087610834064
     ],
     [
      -77.26429391990597,
      38.90087730878719
     ],
     [
      -77.26429279199229,
      38.900878674306135
     ],
     [
      -77.26429148262594,
      38.90088020489748
     ],
     [
      -77.2642899918069,
      38.90088190056124
     ],
     [
      -77.26428831953513,
      38.900883761297365
     ],
     [
      -77.26428702107427,
      38.90088520650299
     ],
     [
      -77.26428609642436,
      38.90088623617811
     ],
     [
      -77.26428554558542,
      38.90088685032272
     ],
     [
      -77.26428536855751,
      38.90088704893681
     ],
     [
      -77.26428485399406,
      38.900887712552766
     ],
     [
      -77.26428400189504,
      38.900888841170534
     ],
     [
      -77.26428281226042,
      38.90089043479014
     ],
     [
      -77.26428128509018,
      38.90089249341157
     ],
     [
      -77.2642799844472,
      38.90089455152051
     ],
     [
      -77.26427891033147,
      38.900896609117005
     ],
     [
      -77.26427806274306,
      38.900898666201044
     ],
     [
      -77.26427744168195,
      38.90090072277264
     ],
     [
      -77.26427701272169,
      38.90090277890965
     ],
     [
      -77.26427677586226,
      38.90090483461211
     ],
     [
      -77.2642767311037,
      38.90090688987999
     ],
     [
      -77.26427687844603,
      38.90090894471332
     ],
     [
      -77.26427714824081,
      38.90091099926965
     ],
     [
      -77.2642775404881,
      38.900913053548955
     ],
     [
      -77.26427805518786,
      38.90091510755127
     ],
     [
      -77.26427869234014,
      38.900917161276546
     ],
     [
      -77.26427941787985,
      38.90091921480189
     ],
     [
      -77.26428023180702,
      38.90092126812728
     ],
     [
      -77.26428113412165,
      38.9009233212527
     ],
     [
      -77.26428212482375,
      38.900925374178165
     ],
     [
      -77.26428301612835,
      38.9009271999229
     ],
     [
      -77.26428380803543,
      38.90092879848688
     ]
    ]
   },
   "properties": {
    "id": "ct-8",
    "kind": "Contour",
    "sourceId": "contours",
    "reliabilityLevel": 1,
    "revision": 1,
    "engineeringGeometry": {
     "crs": "EPSG:2248",
     "crsName": "NAD83 / Maryland State Plane (US survey feet)",
     "datum": "NAD83",
     "unit": "usSurveyFoot",
     "coordinates": [
      [
       1237188.597322761,
       449367.9792511306,
       368
      ],
      [
       1237188.4705534985,
       449368.0336609681,
       368
      ],
      [
       1237188.2170149735,
       449368.1424806431,
       368
      ],
      [
       1237187.836707186,
       449368.3057101556,
       368
      ],
      [
       1237187.3296301356,
       449368.52334950556,
       368
      ],
      [
       1237186.762200796,
       449368.74741300475,
       368
      ],
      [
       1237186.1344191672,
       449368.97790065303,
       368
      ],
      [
       1237185.4462852487,
       449369.2148124506,
       368
      ],
      [
       1237184.6977990414,
       449369.4581483974,
       368
      ],
      [
       1237183.9493128336,
       449369.6744230814,
       368
      ],
      [
       1237183.2008266258,
       449369.86363650265,
       368
      ],
      [
       1237182.4523404182,
       449370.0257886612,
       368
      ],
      [
       1237181.7038542107,
       449370.1608795571,
       368
      ],
      [
       1237180.9690262421,
       449370.30030273274,
       368
      ],
      [
       1237180.2478565131,
       449370.4440581881,
       368
      ],
      [
       1237179.5403450232,
       449370.5921459234,
       368
      ],
      [
       1237178.8464917724,
       449370.7445659386,
       368
      ],
      [
       1237178.3124435954,
       449370.8613377748,
       368
      ],
      [
       1237177.9382004915,
       449370.94246143196,
       368
      ],
      [
       1237177.723762461,
       449370.98793691024,
       368
      ],
      [
       1237177.669129504,
       449370.9977642095,
       368
      ],
      [
       1237177.4410332341,
       449371.0609065228,
       368
      ],
      [
       1237177.039473652,
       449371.17736385006,
       368
      ],
      [
       1237176.4644507568,
       449371.34713619127,
       368
      ],
      [
       1237175.7159645495,
       449371.57022354647,
       368
      ],
      [
       1237174.967478342,
       449371.79572797805,
       368
      ],
      [
       1237174.218992134,
       449372.02364948596,
       368
      ],
      [
       1237173.4705059263,
       449372.2539880702,
       368
      ],
      [
       1237172.7220197185,
       449372.48674373067,
       368
      ],
      [
       1237172.001892078,
       449372.7320144492,
       368
      ],
      [
       1237171.310123005,
       449372.9898002258,
       368
      ],
      [
       1237170.646712499,
       449373.2601010604,
       368
      ],
      [
       1237170.0116605603,
       449373.54291695304,
       368
      ],
      [
       1237169.507013039,
       449373.77103071276,
       368
      ],
      [
       1237169.1327699353,
       449373.9444423395,
       368
      ],
      [
       1237168.8889312488,
       449374.06315183337,
       368
      ],
      [
       1237168.77549698,
       449374.1271591942,
       368
      ],
      [
       1237168.5097041158,
       449374.3462844266,
       368
      ],
      [
       1237168.0915526561,
       449374.7205275304,
       368
      ],
      [
       1237167.5210426012,
       449375.2498885058,
       368
      ],
      [
       1237166.7981739515,
       449375.9343673526,
       368
      ],
      [
       1237166.2496180744,
       449376.45399775135,
       368
      ],
      [
       1237165.8753749705,
       449376.80877970194,
       368
      ],
      [
       1237165.6754446398,
       449376.99871320464,
       368
      ],
      [
       1237165.6498270822,
       449377.02379825944,
       368
      ],
      [
       1237165.4435952692,
       449377.2234623387,
       368
      ],
      [
       1237165.0567492011,
       449377.59770544246,
       368
      ],
      [
       1237164.4892888777,
       449378.1465275709,
       368
      ],
      [
       1237163.7412142986,
       449378.86992872384,
       368
      ],
      [
       1237163.1800554572,
       449379.41257632,
       368
      ],
      [
       1237162.8058123533,
       449379.7744703593,
       368
      ],
      [
       1237162.618484987,
       449379.9556108418,
       368
      ],
      [
       1237162.6180733582,
       449379.9559977675,
       368
      ],
      [
       1237162.4306430847,
       449380.11009885377,
       368
      ],
      [
       1237162.0561941664,
       449380.41791410063,
       368
      ],
      [
       1237161.4947266034,
       449380.8794435081,
       368
      ],
      [
       1237160.746240396,
       449381.49468707625,
       368
      ],
      [
       1237160.1617319968,
       449381.98933368083,
       368
      ],
      [
       1237159.7412014059,
       449382.3633833218,
       368
      ],
      [
       1237159.4846486235,
       449382.61683599924,
       368
      ],
      [
       1237159.3920736497,
       449382.74969171314,
       368
      ],
      [
       1237159.1586646107,
       449382.9659417829,
       368
      ],
      [
       1237158.7844215068,
       449383.26558620867,
       368
      ],
      [
       1237158.269344338,
       449383.64862499037,
       368
      ],
      [
       1237157.6134331042,
       449384.11505812797,
       368
      ],
      [
       1237157.0446444587,
       449384.5353962487,
       368
      ],
      [
       1237156.5629784008,
       449384.90963935247,
       368
      ],
      [
       1237156.1684349314,
       449385.2377874395,
       368
      ],
      [
       1237155.86101405,
       449385.5198405095,
       368
      ],
      [
       1237155.5201820573,
       449385.8292150907,
       368
      ],
      [
       1237155.1459389534,
       449386.1659111831,
       368
      ],
      [
       1237154.7382847385,
       449386.5299287866,
       368
      ],
      [
       1237154.2972194126,
       449386.92126790126,
       368
      ],
      [
       1237153.8591417992,
       449387.3040590105,
       368
      ],
      [
       1237153.4240518983,
       449387.6783021143,
       368
      ],
      [
       1237152.9919497103,
       449388.0439972128,
       368
      ],
      [
       1237152.562835235,
       449388.4011443058,
       368
      ],
      [
       1237152.1611564453,
       449388.74433837854,
       368
      ],
      [
       1237151.7869133414,
       449389.07357943105,
       368
      ],
      [
       1237151.4401059232,
       449389.3888674633,
       368
      ],
      [
       1237151.1207341908,
       449389.6902024752,
       368
      ],
      [
       1237150.6940838397,
       449389.9965806586,
       368
      ],
      [
       1237150.1601548695,
       449390.30800201354,
       368
      ],
      [
       1237149.5189472807,
       449390.62446653994,
       368
      ],
      [
       1237148.7704610734,
       449390.94597423775,
       368
      ],
      [
       1237148.0219748658,
       449391.036810661,
       368
      ],
      [
       1237147.273488658,
       449390.8969758096,
       368
      ],
      [
       1237146.5250024502,
       449390.5264696835,
       368
      ],
      [
       1237145.7765162424,
       449389.9252922828,
       368
      ],
      [
       1237145.2118464392,
       449389.46899290493,
       368
      ],
      [
       1237144.8309930405,
       449389.15757155,
       368
      ],
      [
       1237144.6339560463,
       449388.991028218,
       368
      ],
      [
       1237144.6207354562,
       449388.969362909,
       368
      ],
      [
       1237144.4270036095,
       449388.83342601976,
       368
      ],
      [
       1237144.0527605056,
       449388.5832175505,
       368
      ],
      [
       1237143.4980061448,
       449388.21873750107,
       368
      ],
      [
       1237142.762740527,
       449387.73998587154,
       368
      ],
      [
       1237142.0775941191,
       449387.31348850485,
       368
      ],
      [
       1237141.4425669212,
       449386.93924540107,
       368
      ],
      [
       1237140.8576589331,
       449386.6172565601,
       368
      ],
      [
       1237140.322870155,
       449386.3475219819,
       368
      ],
      [
       1237139.8683542144,
       449386.1220003031,
       368
      ],
      [
       1237139.4941111105,
       449385.94069152366,
       368
      ],
      [
       1237139.2001408436,
       449385.80359564355,
       368
      ],
      [
       1237138.986443414,
       449385.71071266284,
       368
      ],
      [
       1237138.6390487899,
       449385.57598750235,
       368
      ],
      [
       1237138.1579569713,
       449385.39942016214,
       368
      ],
      [
       1237137.543167958,
       449385.1810106422,
       368
      ],
      [
       1237136.7946817507,
       449384.9207589426,
       368
      ],
      [
       1237136.046195543,
       449384.6616588528,
       368
      ],
      [
       1237135.297709335,
       449384.403710373,
       368
      ],
      [
       1237134.5492231273,
       449384.14691350306,
       368
      ],
      [
       1237133.80073692,
       449383.89126824297,
       368
      ],
      [
       1237133.0522507122,
       449383.8158173788,
       368
      ],
      [
       1237132.3037645044,
       449383.9205609104,
       368
      ],
      [
       1237131.5552782966,
       449384.2054988379,
       368
      ],
      [
       1237130.8067920892,
       449384.67063116137,
       368
      ],
      [
       1237130.210759573,
       449385.05539230816,
       368
      ],
      [
       1237129.7671807483,
       449385.3597822783,
       368
      ],
      [
       1237129.4760556149,
       449385.583801072,
       368
      ],
      [
       1237129.3373841734,
       449385.72744868905,
       368
      ],
      [
       1237129.2680484524,
       449385.92939737,
       368
      ],
      [
       1237129.2680484524,
       449386.1896471149,
       368
      ],
      [
       1237129.3373841734,
       449386.50819792366,
       368
      ],
      [
       1237129.4760556149,
       449386.8850497963,
       368
      ],
      [
       1237129.6062112118,
       449387.26059728453,
       368
      ],
      [
       1237129.727850964,
       449387.6348403883,
       368
      ],
      [
       1237129.8409748713,
       449388.0077791078,
       368
      ],
      [
       1237129.9455829337,
       449388.3794134428,
       368
      ],
      [
       1237130.1360675185,
       449388.84526074596,
       368
      ],
      [
       1237130.4124286252,
       449389.4053210174,
       368
      ],
      [
       1237130.7746662542,
       449390.05959425686,
       368
      ],
      [
       1237131.2227804058,
       449390.8080804645,
       368
      ],
      [
       1237131.6078070176,
       449391.43633454887,
       368
      ],
      [
       1237131.9297460902,
       449391.9443565098,
       368
      ],
      [
       1237132.1885976235,
       449392.33214634744,
       368
      ],
      [
       1237132.3843616173,
       449392.59970406187,
       368
      ],
      [
       1237132.6142200192,
       449392.92060447094,
       368
      ],
      [
       1237132.8781728293,
       449393.2948475747,
       368
      ],
      [
       1237133.1762200473,
       449393.72243337333,
       368
      ],
      [
       1237133.5083616732,
       449394.2033618667,
       368
      ],
      [
       1237133.8615540382,
       449394.6927284541,
       368
      ],
      [
       1237134.2357971421,
       449395.19053313544,
       368
      ],
      [
       1237134.631090985,
       449395.69677591085,
       368
      ],
      [
       1237135.0474355666,
       449396.21145678026,
       368
      ],
      [
       1237135.4065201967,
       449396.65591876686,
       368
      ],
      [
       1237135.7083448758,
       449397.0301618707,
       368
      ],
      [
       1237135.9529096032,
       449397.3341860917,
       368
      ],
      [
       1237136.1402143794,
       449397.56799143006,
       368
      ],
      [
       1237136.3806715729,
       449397.9304669857,
       368
      ],
      [
       1237136.6742811832,
       449398.4216127586,
       368
      ],
      [
       1237137.021043211,
       449399.0414287489,
       368
      ],
      [
       1237137.4209576559,
       449399.7899149566,
       368
      ],
      [
       1237137.7612102362,
       449400.4790654015,
       368
      ],
      [
       1237138.0418009518,
       449401.1088800836,
       368
      ],
      [
       1237138.2627298029,
       449401.67935900297,
       368
      ],
      [
       1237138.4239967896,
       449402.19050215953,
       368
      ],
      [
       1237138.5637384625,
       449402.6331952897,
       368
      ],
      [
       1237138.6819548216,
       449403.00743839354,
       368
      ],
      [
       1237138.7786458672,
       449403.31323147105,
       368
      ],
      [
       1237138.853811599,
       449403.5505745221,
       368
      ],
      [
       1237138.9452913844,
       449403.9157033623,
       368
      ],
      [
       1237139.0530852235,
       449404.4086179917,
       368
      ],
      [
       1237139.177193116,
       449405.0293184102,
       368
      ],
      [
       1237139.3176150622,
       449405.7778046179,
       368
      ],
      [
       1237139.4768963528,
       449406.52629082557,
       368
      ],
      [
       1237139.655036988,
       449407.27477703325,
       368
      ],
      [
       1237139.8520369676,
       449408.02326324093,
       368
      ],
      [
       1237140.067896292,
       449408.7717494486,
       368
      ],
      [
       1237140.299763552,
       449409.5202356563,
       368
      ],
      [
       1237140.5476387474,
       449410.2687218639,
       368
      ],
      [
       1237140.8115218782,
       449411.0172080716,
       368
      ],
      [
       1237141.091412945,
       449411.7656942793,
       368
      ],
      [
       1237141.3106182795,
       449412.3496276435,
       368
      ],
      [
       1237141.469137882,
       449412.7690081643,
       368
      ],
      [
       1237141.566971753,
       449413.02383584157,
       368
      ],
      [
       1237141.604119892,
       449413.1141106754,
       368
      ],
      [
       1237141.6930195896,
       449413.3463696443,
       368
      ],
      [
       1237141.8336708457,
       449413.72061274806,
       368
      ],
      [
       1237142.0260736605,
       449414.2368399869,
       368
      ],
      [
       1237142.2702280341,
       449414.89505136077,
       368
      ],
      [
       1237142.536199871,
       449415.5758314431,
       368
      ],
      [
       1237142.8239891718,
       449416.2791802338,
       368
      ],
      [
       1237143.133595936,
       449417.005097733,
       368
      ],
      [
       1237143.465020164,
       449417.7535839406,
       368
      ],
      [
       1237143.7568152365,
       449418.43162400485,
       368
      ],
      [
       1237144.0089811534,
       449419.03921792575,
       368
      ],
      [
       1237144.2215179151,
       449419.57636570325,
       368
      ],
      [
       1237144.3944255214,
       449420.0430673373,
       368
      ],
      [
       1237144.5487650263,
       449420.4635397063,
       368
      ],
      [
       1237144.68453643,
       449420.83778281015,
       368
      ],
      [
       1237144.8017397325,
       449421.1657966488,
       368
      ],
      [
       1237144.9003749334,
       449421.4475812224,
       368
      ],
      [
       1237144.971377907,
       449421.8460412045,
       368
      ],
      [
       1237145.0147486534,
       449422.3611765951,
       368
      ],
      [
       1237145.0304871723,
       449422.9929873943,
       368
      ],
      [
       1237145.0185934638,
       449423.741473602,
       368
      ],
      [
       1237144.9879878093,
       449424.363993373,
       368
      ],
      [
       1237144.938670209,
       449424.8605467071,
       368
      ],
      [
       1237144.8706406623,
       449425.2311336046,
       368
      ],
      [
       1237144.7838991696,
       449425.4757540653,
       368
      ],
      [
       1237144.6419110002,
       449425.78518584766,
       368
      ],
      [
       1237144.4446761543,
       449426.1594289515,
       368
      ],
      [
       1237144.1921946313,
       449426.5984833769,
       368
      ],
      [
       1237143.8844664318,
       449427.1023491238,
       368
      ],
      [
       1237143.54348078,
       449427.6016149912,
       368
      ],
      [
       1237143.169237676,
       449428.0962809791,
       368
      ],
      [
       1237142.76173712,
       449428.5863470874,
       368
      ],
      [
       1237142.3209791123,
       449429.0718133162,
       368
      ],
      [
       1237141.8039460878,
       449429.50166798255,
       368
      ],
      [
       1237141.2106380472,
       449429.87591108633,
       368
      ],
      [
       1237140.54105499,
       449430.19454262767,
       368
      ],
      [
       1237139.7951969164,
       449430.45756260655,
       368
      ],
      [
       1237139.2351463279,
       449430.6550072429,
       368
      ],
      [
       1237138.860903224,
       449430.7868765368,
       368
      ],
      [
       1237138.672467605,
       449430.85317048815,
       368
      ],
      [
       1237138.6698394709,
       449430.853889097,
       368
      ],
      [
       1237138.4807468182,
       449430.88996689516,
       368
      ],
      [
       1237138.1051896475,
       449430.9614038828,
       368
      ],
      [
       1237137.543167958,
       449431.06820005964,
       368
      ],
      [
       1237136.7946817507,
       449431.2103554259,
       368
      ],
      [
       1237136.046195543,
       449431.3785706464,
       368
      ],
      [
       1237135.297709335,
       449431.57284572104,
       368
      ],
      [
       1237134.5492231273,
       449431.79318065,
       368
      ],
      [
       1237133.80073692,
       449432.0395754331,
       368
      ],
      [
       1237133.1220922237,
       449432.31417588284,
       368
      ],
      [
       1237132.5132890388,
       449432.61698199913,
       368
      ],
      [
       1237131.9743273654,
       449432.947993782,
       368
      ],
      [
       1237131.5052072038,
       449433.30721123144,
       368
      ],
      [
       1237131.083525571,
       449433.6590581985,
       368
      ],
      [
       1237130.7092824671,
       449434.00353468326,
       368
      ],
      [
       1237130.3824778923,
       449434.34064068564,
       368
      ],
      [
       1237130.1031118464,
       449434.67037620576,
       368
      ],
      [
       1237129.825900288,
       449435.02236551774,
       368
      ],
      [
       1237129.5508432172,
       449435.3966086215,
       368
      ],
      [
       1237129.277940634,
       449435.7931055172,
       368
      ],
      [
       1237129.0071925381,
       449436.21185620484,
       368
      ],
      [
       1237128.7277339525,
       449436.7130407724,
       368
      ],
      [
       1237128.4395648765,
       449437.29665922,
       368
      ],
      [
       1237128.1426853107,
       449437.9627115477,
       368
      ],
      [
       1237127.8370952548,
       449438.71119775536,
       368
      ],
      [
       1237127.5648656988,
       449439.3983555497,
       368
      ],
      [
       1237127.325996643,
       449440.0241849308,
       368
      ],
      [
       1237127.120488087,
       449440.5886858985,
       368
      ],
      [
       1237126.9483400309,
       449441.09185845294,
       368
      ],
      [
       1237126.8026674616,
       449441.5305662821,
       368
      ],
      [
       1237126.6834703789,
       449441.9048093859,
       368
      ],
      [
       1237126.5907487827,
       449442.21458776447,
       368
      ],
      [
       1237126.5245026737,
       449442.4599014177,
       368
      ],
      [
       1237126.43975673,
       449442.83100820956,
       368
      ],
      [
       1237126.3365109528,
       449443.32790814,
       368
      ],
      [
       1237126.2147653413,
       449443.9506012091,
       368
      ],
      [
       1237126.074519896,
       449444.6990874168,
       368
      ],
      [
       1237125.9337663949,
       449445.4475736245,
       368
      ],
      [
       1237125.792504838,
       449446.1960598321,
       368
      ],
      [
       1237125.6507352258,
       449446.9445460398,
       368
      ],
      [
       1237125.5084575578,
       449447.6930322474,
       368
      ],
      [
       1237125.3018200607,
       449448.4214900767,
       368
      ],
      [
       1237125.030822734,
       449449.12991952756,
       368
      ],
      [
       1237124.6954655785,
       449449.81832059997,
       368
      ],
      [
       1237124.2957485935,
       449450.486693294,
       368
      ],
      [
       1237123.8989021142,
       449451.008001193,
       368
      ],
      [
       1237123.5049261407,
       449451.3822442968,
       368
      ],
      [
       1237123.1138206725,
       449451.6094226055,
       368
      ],
      [
       1237122.7255857103,
       449451.6895361191,
       368
      ],
      [
       1237122.344346677,
       449451.7614974712,
       368
      ],
      [
       1237121.970103573,
       449451.8253066618,
       368
      ],
      [
       1237121.6028563986,
       449451.88096369087,
       368
      ],
      [
       1237121.2426051535,
       449451.92846855836,
       368
      ],
      [
       1237120.7852951677,
       449452.1124065016,
       368
      ],
      [
       1237120.2309264413,
       449452.4327775207,
       368
      ],
      [
       1237119.5794989741,
       449452.88958161545,
       368
      ],
      [
       1237118.8310127663,
       449453.482818786,
       368
      ],
      [
       1237118.2667823646,
       449453.95468270633,
       368
      ],
      [
       1237117.886807769,
       449454.3051733764,
       368
      ],
      [
       1237117.6910889794,
       449454.53429079626,
       368
      ],
      [
       1237117.6796259957,
       449454.64203496586,
       368
      ],
      [
       1237117.6738945039,
       449454.7274228305,
       368
      ],
      [
       1237117.6738945039,
       449454.7904543901,
       368
      ],
      [
       1237117.6796259957,
       449454.8311296447,
       368
      ],
      [
       1237117.6910889794,
       449454.8494485943,
       368
      ],
      [
       1237117.8035488562,
       449455.0457296211,
       368
      ],
      [
       1237118.0170056259,
       449455.4199727249,
       368
      ],
      [
       1237118.331459289,
       449455.97217790585,
       368
      ],
      [
       1237118.7469098452,
       449456.7023451639,
       368
      ],
      [
       1237119.1417566752,
       449457.3945789909,
       368
      ],
      [
       1237119.515999779,
       449458.0488793866,
       368
      ],
      [
       1237119.8696391566,
       449458.6652463512,
       368
      ],
      [
       1237120.2026748082,
       449459.2436798847,
       368
      ],
      [
       1237120.4771982338,
       449459.72001820337,
       368
      ],
      [
       1237120.693209433,
       449460.09426130715,
       368
      ],
      [
       1237120.850708406,
       449460.36640919617,
       368
      ],
      [
       1237120.9496951532,
       449460.5364618704,
       368
      ],
      [
       1237121.1689947138,
       449460.85112292797,
       368
      ],
      [
       1237121.5086070881,
       449461.3103923689,
       368
      ],
      [
       1237121.968532276,
       449461.9142701932,
       368
      ],
      [
       1237122.548770278,
       449462.6627564009,
       368
      ],
      [
       1237123.001264144,
       449463.24389382976,
       368
      ],
      [
       1237123.3260138743,
       449463.65768247994,
       368
      ],
      [
       1237123.5230194689,
       449463.9041223514,
       368
      ],
      [
       1237123.5922809278,
       449463.983213444,
       368
      ],
      [
       1237123.77743397,
       449464.2098805423,
       368
      ],
      [
       1237124.0784785952,
       449464.5841236461,
       368
      ],
      [
       1237124.4954148037,
       449465.10594275553,
       368
      ],
      [
       1237125.0282425955,
       449465.7753378705,
       368
      ],
      [
       1237125.4817780433,
       449466.34435806476,
       368
      ],
      [
       1237125.8560211472,
       449466.8130033383,
       368
      ],
      [
       1237126.150971907,
       449467.181273691,
       368
      ],
      [
       1237126.3666303228,
       449467.449169123,
       368
      ],
      [
       1237126.625847656,
       449467.77023839095,
       368
      ],
      [
       1237126.9286239068,
       449468.1444814948,
       368
      ],
      [
       1237127.2749590748,
       449468.57189843454,
       368
      ],
      [
       1237127.6648531598,
       449469.0524892102,
       368
      ],
      [
       1237128.0469217543,
       449469.5129901727,
       368
      ],
      [
       1237128.4211648582,
       449469.95340132195,
       368
      ],
      [
       1237128.7875824713,
       449470.37372265814,
       368
      ],
      [
       1237129.1461745938,
       449470.77395418123,
       368
      ],
      [
       1237129.482380029,
       449471.1611914946,
       368
      ],
      [
       1237129.7961987776,
       449471.53543459845,
       368
      ],
      [
       1237130.0876308386,
       449471.8966834927,
       368
      ],
      [
       1237130.3566762127,
       449472.24493817735,
       368
      ],
      [
       1237130.6783204516,
       449472.6641475575,
       368
      ],
      [
       1237131.0525635555,
       449473.1543116331,
       368
      ],
      [
       1237131.4794055242,
       449473.7154304042,
       368
      ],
      [
       1237131.9588463577,
       449474.3475038707,
       368
      ],
      [
       1237132.3411455324,
       449474.8506621559,
       368
      ],
      [
       1237132.626303048,
       449475.2249052598,
       368
      ],
      [
       1237132.8143189047,
       449475.47023318225,
       368
      ],
      [
       1237132.9051931023,
       449475.5866459234,
       368
      ],
      [
       1237133.1272947527,
       449475.8610770312,
       368
      ],
      [
       1237133.4806238567,
       449476.2935265055,
       368
      ],
      [
       1237133.965180413,
       449476.8839943466,
       368
      ],
      [
       1237134.5809644228,
       449477.6324805542,
       368
      ],
      [
       1237135.05325943,
       449478.2057009751,
       368
      ],
      [
       1237135.3820654352,
       449478.6036556092,
       368
      ],
      [
       1237135.5673824379,
       449478.8263444564,
       368
      ],
      [
       1237135.6092104383,
       449478.873767517,
       368
      ],
      [
       1237135.7834646122,
       449479.08460059913,
       368
      ],
      [
       1237136.0901449595,
       449479.4588437029,
       368
      ],
      [
       1237136.5292514802,
       449479.99649682845,
       368
      ],
      [
       1237137.1007841744,
       449480.6975599756,
       368
      ],
      [
       1237137.5736720734,
       449481.2837899341,
       368
      ],
      [
       1237137.947915177,
       449481.755186704,
       368
      ],
      [
       1237138.2235134859,
       449482.11175028514,
       368
      ],
      [
       1237138.4004669993,
       449482.35348067764,
       368
      ],
      [
       1237138.6248332663,
       449482.6614674258,
       368
      ],
      [
       1237138.896612286,
       449483.03571052966,
       368
      ],
      [
       1237139.2158040598,
       449483.47620998917,
       368
      ],
      [
       1237139.5824085865,
       449483.98296580435,
       368
      ],
      [
       1237139.9528324017,
       449484.49480796256,
       368
      ],
      [
       1237140.3270755056,
       449485.01173646376,
       368
      ],
      [
       1237140.705137898,
       449485.53375130804,
       368
      ],
      [
       1237141.087019579,
       449486.0608524954,
       368
      ],
      [
       1237141.4199784459,
       449486.5115246409,
       368
      ],
      [
       1237141.7040144985,
       449486.88576774474,
       368
      ],
      [
       1237141.9391277372,
       449487.18358180684,
       368
      ],
      [
       1237142.1253181621,
       449487.4049668272,
       368
      ],
      [
       1237142.4055349263,
       449487.7376375502,
       368
      ],
      [
       1237142.7797780302,
       449488.1815939758,
       368
      ],
      [
       1237143.2480474736,
       449488.7368361041,
       368
      ],
      [
       1237143.8103432565,
       449489.40336393495,
       368
      ],
      [
       1237144.2461834215,
       449489.9237494023,
       368
      ],
      [
       1237144.5555679686,
       449490.2979925062,
       368
      ],
      [
       1237144.7384968977,
       449490.5260932465,
       368
      ],
      [
       1237144.7949702092,
       449490.6080516233,
       368
      ],
      [
       1237144.901229383,
       449490.8566419578,
       368
      ],
      [
       1237145.0572744189,
       449491.27186425,
       368
      ],
      [
       1237145.2631053177,
       449491.8537185,
       368
      ],
      [
       1237145.518722079,
       449492.6022047077,
       368
      ],
      [
       1237145.6724924021,
       449493.35069091537,
       368
      ],
      [
       1237145.7244162872,
       449494.09917712293,
       368
      ],
      [
       1237145.674493734,
       449494.8476633306,
       368
      ],
      [
       1237145.5227247428,
       449495.5961495383,
       368
      ],
      [
       1237145.368817729,
       449496.21643660933,
       368
      ],
      [
       1237145.212772693,
       449496.7085245437,
       368
      ],
      [
       1237145.0545896343,
       449497.07241334143,
       368
      ],
      [
       1237144.8942685528,
       449497.3081030025,
       368
      ],
      [
       1237144.6155715892,
       449497.61306938494,
       368
      ],
      [
       1237144.2184987434,
       449497.9873124888,
       368
      ],
      [
       1237143.703050015,
       449498.43083231396,
       368
      ],
      [
       1237143.0692254044,
       449498.9436288606,
       368
      ],
      [
       1237142.5651915472,
       449499.35022754315,
       368
      ],
      [
       1237142.1909484433,
       449499.6506283616,
       368
      ],
      [
       1237141.946496093,
       449499.8448313161,
       368
      ],
      [
       1237141.8318344958,
       449499.9328364065,
       368
      ],
      [
       1237141.558716746,
       449499.98847615847,
       368
      ],
      [
       1237141.1271428438,
       449500.011750572,
       368
      ],
      [
       1237140.5371127888,
       449500.00265964714,
       368
      ],
      [
       1237139.788626581,
       449499.9612033839,
       368
      ],
      [
       1237139.2077466138,
       449499.9184739797,
       368
      ],
      [
       1237138.794472887,
       449499.8744714346,
       368
      ],
      [
       1237138.5488054003,
       449499.82919574843,
       368
      ],
      [
       1237138.470744154,
       449499.7826469211,
       368
      ],
      [
       1237138.2445919788,
       449499.62674034934,
       368
      ],
      [
       1237137.870348875,
       449499.361476033,
       368
      ],
      [
       1237137.3480148423,
       449498.98685397196,
       368
      ],
      [
       1237136.6775898812,
       449498.50287416624,
       368
      ],
      [
       1237136.061830638,
       449498.0737627115,
       368
      ],
      [
       1237135.5007371134,
       449497.6995196077,
       368
      ],
      [
       1237134.994309307,
       449497.3801448548,
       368
      ],
      [
       1237134.542547219,
       449497.11563845276,
       368
      ],
      [
       1237134.1295446232,
       449496.86944647424,
       368
      ],
      [
       1237133.7553015193,
       449496.6415689192,
       368
      ],
      [
       1237133.4198179075,
       449496.4320057875,
       368
      ],
      [
       1237133.1230937878,
       449496.24075707933,
       368
      ],
      [
       1237132.713429146,
       449496.0795532147,
       368
      ],
      [
       1237132.1908239825,
       449495.9483941938,
       368
      ],
      [
       1237131.5552782966,
       449495.8472800165,
       368
      ],
      [
       1237130.8067920892,
       449495.77621068276,
       368
      ],
      [
       1237130.0583058815,
       449495.7352921799,
       368
      ],
      [
       1237129.3098196737,
       449495.7245245079,
       368
      ],
      [
       1237128.5613334659,
       449495.7439076666,
       368
      ],
      [
       1237127.8128472585,
       449495.7934416562,
       368
      ],
      [
       1237127.0643610507,
       449495.8420386542,
       368
      ],
      [
       1237126.3158748432,
       449495.88969866064,
       368
      ],
      [
       1237125.5673886356,
       449495.93642167555,
       368
      ],
      [
       1237124.8189024278,
       449495.98220769886,
       368
      ],
      [
       1237124.1329334427,
       449496.05829672364,
       368
      ],
      [
       1237123.5094816803,
       449496.1646887498,
       368
      ],
      [
       1237122.9485471407,
       449496.3013837774,
       368
      ],
      [
       1237122.4501298233,
       449496.46838180633,
       368
      ],
      [
       1237122.0137996129,
       449496.6133055044,
       368
      ],
      [
       1237121.639556509,
       449496.7361548715,
       368
      ],
      [
       1237121.3274005118,
       449496.83692990773,
       368
      ],
      [
       1237121.0773316214,
       449496.915630613,
       368
      ],
      [
       1237120.7026584018,
       449497.0659333663,
       368
      ],
      [
       1237120.2033808525,
       449497.2878381676,
       368
      ],
      [
       1237119.5794989741,
       449497.58134501695,
       368
      ],
      [
       1237118.8310127663,
       449497.9464539143,
       368
      ],
      [
       1237118.1235137149,
       449498.29645473853,
       368
      ],
      [
       1237117.4570018193,
       449498.6313474898,
       368
      ],
      [
       1237116.8314770802,
       449498.9511321679,
       368
      ],
      [
       1237116.246939497,
       449499.2558087729,
       368
      ],
      [
       1237115.7675491537,
       449499.5070805913,
       368
      ],
      [
       1237115.3933060498,
       449499.7049476229,
       368
      ],
      [
       1237115.1242101854,
       449499.8494098679,
       368
      ],
      [
       1237114.960261561,
       449499.9404673261,
       368
      ],
      [
       1237114.6501785407,
       449500.1098487395,
       368
      ],
      [
       1237114.1939611246,
       449500.357554108,
       368
      ],
      [
       1237113.5916093127,
       449500.6835834315,
       368
      ],
      [
       1237112.843123105,
       449501.0879367103,
       368
      ],
      [
       1237112.161554214,
       449501.45447053696,
       368
      ],
      [
       1237111.5469026407,
       449501.7831849116,
       368
      ],
      [
       1237110.9991683841,
       449502.07407983433,
       368
      ],
      [
       1237110.5183514445,
       449502.32715530513,
       368
      ],
      [
       1237110.0908214229,
       449502.5511510238,
       368
      ],
      [
       1237109.7165783192,
       449502.74606699037,
       368
      ],
      [
       1237109.3956221333,
       449502.911903205,
       368
      ],
      [
       1237109.1279528649,
       449503.0486596675,
       368
      ],
      [
       1237108.740079362,
       449503.25412635424,
       368
      ],
      [
       1237108.232001624,
       449503.5283032651,
       368
      ],
      [
       1237107.6037196512,
       449503.8711904001,
       368
      ],
      [
       1237106.855233444,
       449504.2827877593,
       368
      ],
      [
       1237106.192469652,
       449504.64151887514,
       368
      ],
      [
       1237105.6154282764,
       449504.94738374767,
       368
      ],
      [
       1237105.1241093166,
       449505.2003823769,
       368
      ],
      [
       1237104.7185127728,
       449505.40051476297,
       368
      ],
      [
       1237104.328592949,
       449505.5929929496,
       368
      ],
      [
       1237103.9543498452,
       449505.77781693696,
       368
      ],
      [
       1237103.5957834614,
       449505.954986725,
       368
      ],
      [
       1237103.2528937974,
       449506.12450231385,
       368
      ],
      [
       1237102.8086049976,
       449506.35136173223,
       368
      ],
      [
       1237102.2629170616,
       449506.63556498004,
       368
      ],
      [
       1237101.6158299898,
       449506.97711205744,
       368
      ],
      [
       1237100.8673437824,
       449507.37600296445,
       368
      ],
      [
       1237100.2145722718,
       449507.7201910726,
       368
      ],
      [
       1237099.6575154585,
       449508.009676382,
       368
      ],
      [
       1237099.1961733424,
       449508.24445889273,
       368
      ],
      [
       1237098.8305459232,
       449508.4245386046,
       368
      ],
      [
       1237098.460610662,
       449508.60063246795,
       368
      ],
      [
       1237098.0863675582,
       449508.7727404827,
       368
      ],
      [
       1237097.707816612,
       449508.9408626489,
       368
      ],
      [
       1237097.324957823,
       449509.1049989665,
       368
      ],
      [
       1237096.8506921795,
       449509.3060681056,
       368
      ],
      [
       1237096.2850196813,
       449509.5440700661,
       368
      ],
      [
       1237095.6279403286,
       449509.81900484825,
       368
      ],
      [
       1237094.879454121,
       449510.13087245205,
       368
      ],
      [
       1237094.2183258568,
       449510.4328937264,
       368
      ],
      [
       1237093.6445555366,
       449510.7250686714,
       368
      ],
      [
       1237093.1581431597,
       449511.00739728706,
       368
      ],
      [
       1237092.7590887262,
       449511.2798795735,
       368
      ],
      [
       1237092.3724399577,
       449511.568273256,
       368
      ],
      [
       1237091.998196854,
       449511.87257833465,
       368
      ],
      [
       1237091.636359415,
       449512.1927948094,
       368
      ],
      [
       1237091.2869276404,
       449512.5289226802,
       368
      ],
      [
       1237090.9015544688,
       449512.8841081675,
       368
      ],
      [
       1237090.4802398998,
       449513.25835127133,
       368
      ],
      [
       1237090.0229839338,
       449513.65165199165,
       368
      ],
      [
       1237089.5297865705,
       449514.06401032856,
       368
      ],
      [
       1237089.0960663368,
       449514.42549213767,
       368
      ],
      [
       1237088.721823233,
       449514.73609741894,
       368
      ],
      [
       1237088.407057259,
       449514.99582617235,
       368
      ],
      [
       1237088.1517684145,
       449515.204678398,
       368
      ],
      [
       1237087.7731802296,
       449515.49591083307,
       368
      ],
      [
       1237087.2712927035,
       449515.8695234776,
       368
      ],
      [
       1237086.6461058366,
       449516.3255163316,
       368
      ],
      [
       1237085.8976196288,
       449516.863889395,
       368
      ],
      [
       1237085.3357570292,
       449517.2679844223,
       368
      ],
      [
       1237084.960518038,
       449517.5378014132,
       368
      ],
      [
       1237084.7719026543,
       449517.673340368,
       368
      ],
      [
       1237084.7699108792,
       449517.6746012867,
       368
      ],
      [
       1237084.5817934396,
       449517.79367306037,
       368
      ],
      [
       1237084.2075503357,
       449518.0305556891,
       368
      ],
      [
       1237083.6471815675,
       449518.385249173,
       368
      ],
      [
       1237082.9006871353,
       449518.8577535118,
       368
      ],
      [
       1237082.225458788,
       449519.2811272332,
       368
      ],
      [
       1237081.621496526,
       449519.6553703371,
       368
      ],
      [
       1237081.088800349,
       449519.98048282333,
       368
      ],
      [
       1237080.6273702574,
       449520.25646469207,
       368
      ],
      [
       1237080.2095336597,
       449520.50687828806,
       368
      ],
      [
       1237079.8352905558,
       449520.73172361124,
       368
      ],
      [
       1237079.504640946,
       449520.9310006617,
       368
      ],
      [
       1237079.21758483,
       449521.1047094393,
       368
      ],
      [
       1237078.815171191,
       449521.37745895097,
       368
      ],
      [
       1237078.2974000294,
       449521.74924919667,
       368
      ],
      [
       1237077.6642713444,
       449522.2200801764,
       368
      ],
      [
       1237076.915785137,
       449522.78995189024,
       368
      ],
      [
       1237076.353132586,
       449523.21858210466,
       368
      ],
      [
       1237075.9763136916,
       449523.5059708197,
       368
      ],
      [
       1237075.7853284539,
       449523.6521180353,
       368
      ],
      [
       1237075.7801768729,
       449523.6570237515,
       368
      ],
      [
       1237075.661336237,
       449523.84782459063,
       368
      ],
      [
       1237075.4288065466,
       449524.2245205526,
       368
      ],
      [
       1237075.0825878014,
       449524.7871116374,
       368
      ],
      [
       1237074.6226800014,
       449525.5355978451,
       368
      ],
      [
       1237074.2286365877,
       449526.2840840528,
       368
      ],
      [
       1237073.9004575603,
       449527.0325702604,
       368
      ],
      [
       1237073.638142919,
       449527.7810564681,
       368
      ],
      [
       1237073.4416926638,
       449528.52954267577,
       368
      ],
      [
       1237073.2726108294,
       449529.198008531,
       368
      ],
      [
       1237073.1308974163,
       449529.7864540338,
       368
      ],
      [
       1237073.0165524236,
       449530.2948791842,
       368
      ],
      [
       1237072.9295758521,
       449530.72328398225,
       368
      ],
      [
       1237072.847278939,
       449531.12460793316,
       368
      ],
      [
       1237072.7696616845,
       449531.498851037,
       368
      ],
      [
       1237072.6967240889,
       449531.8460132937,
       368
      ],
      [
       1237072.6284661514,
       449532.1660947034,
       368
      ],
      [
       1237072.5361830206,
       449532.59327731264,
       368
      ],
      [
       1237072.4198746963,
       449533.12756112125,
       368
      ],
      [
       1237072.2795411781,
       449533.7689461295,
       368
      ],
      [
       1237072.1151824668,
       449534.5174323371,
       368
      ],
      [
       1237071.9541018119,
       449535.2659185447,
       368
      ],
      [
       1237071.7962992138,
       449536.0144047525,
       368
      ],
      [
       1237071.6417746725,
       449536.76289096015,
       368
      ],
      [
       1237071.4905281882,
       449537.5113771678,
       368
      ],
      [
       1237071.340306044,
       449538.25986337545,
       368
      ],
      [
       1237071.1911082403,
       449539.00834958313,
       368
      ],
      [
       1237071.0429347767,
       449539.7568357908,
       368
      ],
      [
       1237070.895785654,
       449540.5053219985,
       368
      ],
      [
       1237070.7486214351,
       449541.2538082062,
       368
      ],
      [
       1237070.6014421207,
       449542.0022944138,
       368
      ],
      [
       1237070.4542477105,
       449542.7507806215,
       368
      ],
      [
       1237070.3070382045,
       449543.4992668292,
       368
      ],
      [
       1237070.1790649637,
       449544.18460656423,
       368
      ],
      [
       1237070.0703279881,
       449544.8067998266,
       368
      ],
      [
       1237069.9808272775,
       449545.36584661633,
       368
      ],
      [
       1237069.9105628321,
       449545.8617469334,
       368
      ],
      [
       1237069.848146317,
       449546.2968186439,
       368
      ],
      [
       1237069.7935777328,
       449546.6710617477,
       368
      ],
      [
       1237069.7468570787,
       449546.9844762449,
       368
      ],
      [
       1237069.7079843557,
       449547.2370621355,
       368
      ],
      [
       1237069.6327858027,
       449547.61362310534,
       368
      ],
      [
       1237069.5212614206,
       449548.1141591545,
       368
      ],
      [
       1237069.3734112086,
       449548.7386702829,
       368
      ],
      [
       1237069.1892351673,
       449549.48715649056,
       368
      ],
      [
       1237068.9861708055,
       449550.23564269824,
       368
      ],
      [
       1237068.7642181232,
       449550.9841289058,
       368
      ],
      [
       1237068.5233771203,
       449551.7326151135,
       368
      ],
      [
       1237068.263647797,
       449552.4811013212,
       368
      ],
      [
       1237068.0157822873,
       449553.22958752885,
       368
      ],
      [
       1237067.7797805916,
       449553.97807373654,
       368
      ],
      [
       1237067.5556427096,
       449554.7265599442,
       368
      ],
      [
       1237067.343368641,
       449555.4750461519,
       368
      ],
      [
       1237067.2000002172,
       449556.2235323596,
       368
      ],
      [
       1237067.1255374374,
       449556.9720185672,
       368
      ],
      [
       1237067.1199803022,
       449557.7205047749,
       368
      ],
      [
       1237067.183328811,
       449558.46899098257,
       368
      ],
      [
       1237067.3041521912,
       449559.21747719025,
       368
      ],
      [
       1237067.4824504429,
       449559.9659633979,
       368
      ],
      [
       1237067.7182235657,
       449560.71444960556,
       368
      ],
      [
       1237068.0114715598,
       449561.4629358133,
       368
      ],
      [
       1237068.3122678837,
       449562.211422021,
       368
      ],
      [
       1237068.6206125375,
       449562.9599082286,
       368
      ],
      [
       1237068.9365055207,
       449563.7083944363,
       368
      ],
      [
       1237069.2599468338,
       449564.4568806439,
       368
      ],
      [
       1237069.5062814038,
       449565.03022301605,
       368
      ],
      [
       1237069.6755092302,
       449565.42842155276,
       368
      ],
      [
       1237069.7676303135,
       449565.6514762539,
       368
      ],
      [
       1237069.7826446537,
       449565.69938711944,
       368
      ],
      [
       1237069.8288169426,
       449565.91046410415,
       368
      ],
      [
       1237069.9061471804,
       449566.28470720805,
       368
      ],
      [
       1237070.0146353669,
       449566.82211643097,
       368
      ],
      [
       1237070.1542815026,
       449567.52269177296,
       368
      ],
      [
       1237070.2573841726,
       449568.2352448314,
       368
      ],
      [
       1237070.3239433777,
       449568.9597756063,
       368
      ],
      [
       1237070.3539591176,
       449569.69628409756,
       368
      ],
      [
       1237070.3474313922,
       449570.4447703053,
       368
      ],
      [
       1237070.3092559958,
       449571.1662106351,
       368
      ],
      [
       1237070.2394329282,
       449571.86060508696,
       368
      ],
      [
       1237070.1379621893,
       449572.52795366093,
       368
      ],
      [
       1237070.0048437791,
       449573.1682563571,
       368
      ],
      [
       1237069.889195267,
       449573.67552925705,
       368
      ],
      [
       1237069.7910166532,
       449574.0497723608,
       368
      ],
      [
       1237069.7103079376,
       449574.29098566854,
       368
      ],
      [
       1237069.6470691198,
       449574.3991691802,
       368
      ],
      [
       1237069.4369977722,
       449574.6674283658,
       368
      ],
      [
       1237069.0800938942,
       449575.09576322534,
       368
      ],
      [
       1237068.576357486,
       449575.684173759,
       368
      ],
      [
       1237067.9257885474,
       449576.4326599667,
       368
      ],
      [
       1237067.4291922308,
       449577.00539342815,
       368
      ],
      [
       1237067.0865685355,
       449577.4023741433,
       368
      ],
      [
       1237066.8979174623,
       449577.62360211223,
       368
      ],
      [
       1237066.8632390108,
       449577.6690773349,
       368
      ],
      [
       1237066.6901932657,
       449577.8789364982,
       368
      ],
      [
       1237066.3787802272,
       449578.25317960203,
       368
      ],
      [
       1237065.9289998952,
       449578.79180664645,
       368
      ],
      [
       1237065.34085227,
       449579.4948176313,
       368
      ],
      [
       1237064.8951535958,
       449580.209197422,
       368
      ],
      [
       1237064.591903873,
       449580.93494601833,
       368
      ],
      [
       1237064.4311031015,
       449581.6720634203,
       368
      ],
      [
       1237064.4127512814,
       449582.420549628,
       368
      ],
      [
       1237064.4628043047,
       449583.16903583566,
       368
      ],
      [
       1237064.5812621713,
       449583.9175220433,
       368
      ],
      [
       1237064.7681248817,
       449584.66600825096,
       368
      ],
      [
       1237065.0233924354,
       449585.41449445864,
       368
      ],
      [
       1237065.3026510738,
       449586.08052881854,
       368
      ],
      [
       1237065.6059007964,
       449586.66411133064,
       368
      ],
      [
       1237065.9331416036,
       449587.165241995,
       368
      ],
      [
       1237066.2843734957,
       449587.58392081154,
       368
      ],
      [
       1237066.6415313785,
       449587.98038177175,
       368
      ],
      [
       1237067.0046152528,
       449588.3546248756,
       368
      ],
      [
       1237067.373625118,
       449588.7066501231,
       368
      ],
      [
       1237067.7485609744,
       449589.0364575142,
       368
      ],
      [
       1237068.1231504546,
       449589.34393654857,
       368
      ],
      [
       1237068.4973935583,
       449589.6290872261,
       368
      ],
      [
       1237068.8712902858,
       449589.891909547,
       368
      ],
      [
       1237069.244840637,
       449590.13240351103,
       368
      ],
      [
       1237069.7121249526,
       449590.3908079661,
       368
      ],
      [
       1237070.2731432319,
       449590.6671229122,
       368
      ],
      [
       1237070.9278954756,
       449590.9613483492,
       368
      ],
      [
       1237071.676381683,
       449591.2734842772,
       368
      ],
      [
       1237072.4248678908,
       449591.52939491684,
       368
      ],
      [
       1237073.1733540986,
       449591.72908026795,
       368
      ],
      [
       1237073.9218403064,
       449591.87254033075,
       368
      ],
      [
       1237074.6703265137,
       449591.9597751051,
       368
      ],
      [
       1237075.4188127215,
       449591.99626693653,
       368
      ],
      [
       1237076.1672989293,
       449591.9820158251,
       368
      ],
      [
       1237076.915785137,
       449591.9170217707,
       368
      ],
      [
       1237077.6642713444,
       449591.8012847734,
       368
      ],
      [
       1237078.4127575522,
       449591.6452682811,
       368
      ],
      [
       1237079.1612437598,
       449591.4489722939,
       368
      ],
      [
       1237079.9097299674,
       449591.21239681164,
       368
      ],
      [
       1237080.6582161752,
       449590.93554183433,
       368
      ],
      [
       1237081.3271164612,
       449590.6660824284,
       368
      ],
      [
       1237081.9164308256,
       449590.40401859384,
       368
      ],
      [
       1237082.4261592682,
       449590.1493503306,
       368
      ],
      [
       1237082.8563017892,
       449589.9020776387,
       368
      ],
      [
       1237083.2584946018,
       449589.6792141984,
       368
      ],
      [
       1237083.6327377057,
       449589.48076000955,
       368
      ],
      [
       1237083.9790311009,
       449589.3067150723,
       368
      ],
      [
       1237084.2973747875,
       449589.1570793866,
       368
      ],
      [
       1237084.7232541041,
       449588.9198320317,
       368
      ],
      [
       1237085.2566690515,
       449588.5949730077,
       368
      ],
      [
       1237085.8976196288,
       449588.18250231445,
       368
      ],
      [
       1237086.6461058366,
       449587.6824199521,
       368
      ],
      [
       1237087.241431045,
       449587.28266614047,
       368
      ],
      [
       1237087.6835952546,
       449586.9832408794,
       368
      ],
      [
       1237087.9725984647,
       449586.7841441691,
       368
      ],
      [
       1237088.1084406758,
       449586.68537600955,
       368
      ],
      [
       1237088.3634833333,
       449586.4981514218,
       368
      ],
      [
       1237088.7377264372,
       449586.22247040604,
       368
      ],
      [
       1237089.2311699872,
       449585.85833296203,
       368
      ],
      [
       1237089.843813984,
       449585.40573908994,
       368
      ],
      [
       1237090.4012285224,
       449584.992320602,
       368
      ],
      [
       1237090.9034136033,
       449584.61807749816,
       368
      ],
      [
       1237091.350369226,
       449584.2830097784,
       368
      ],
      [
       1237091.7420953908,
       449583.9871174428,
       368
      ],
      [
       1237092.125080025,
       449583.7065775048,
       368
      ],
      [
       1237092.499323129,
       449583.44138996437,
       368
      ],
      [
       1237092.8648247023,
       449583.1915548215,
       368
      ],
      [
       1237093.2215847452,
       449582.9570720762,
       368
      ],
      [
       1237093.6632311423,
       449582.6527091516,
       368
      ],
      [
       1237094.1897638934,
       449582.27846604784,
       368
      ],
      [
       1237094.8011829988,
       449581.83434276475,
       368
      ],
      [
       1237095.4974884586,
       449581.3203393023,
       368
      ],
      [
       1237096.0327627403,
       449580.92370820354,
       368
      ],
      [
       1237096.4070058442,
       449580.64444946835,
       368
      ],
      [
       1237096.62021777,
       449580.4825630967,
       368
      ],
      [
       1237096.672398518,
       449580.4380490886,
       368
      ],
      [
       1237096.898655631,
       449580.2652361968,
       368
      ],
      [
       1237097.2989891088,
       449579.9641244214,
       368
      ],
      [
       1237097.8733989517,
       449579.5347137624,
       368
      ],
      [
       1237098.621885159,
       449578.9770042198,
       368
      ],
      [
       1237099.2700912033,
       449578.5221563986,
       368
      ],
      [
       1237099.818017084,
       449578.17017029884,
       368
      ],
      [
       1237100.265662801,
       449577.92104592046,
       368
      ],
      [
       1237100.6130283545,
       449577.77478326357,
       368
      ],
      [
       1237100.9738326832,
       449577.6286771337,
       368
      ],
      [
       1237101.348075787,
       449577.48272753076,
       368
      ],
      [
       1237101.7357576662,
       449577.3369344549,
       368
      ],
      [
       1237102.13687832,
       449577.19129790604,
       368
      ],
      [
       1237102.6248403627,
       449577.0379274053,
       368
      ],
      [
       1237103.1996437937,
       449576.8768229528,
       368
      ],
      [
       1237103.8612886132,
       449576.7079845484,
       368
      ],
      [
       1237104.6097748205,
       449576.53141219215,
       368
      ],
      [
       1237105.3582610283,
       449576.4163018983,
       368
      ],
      [
       1237106.106747236,
       449576.3626536669,
       368
      ],
      [
       1237106.855233444,
       449576.37046749797,
       368
      ],
      [
       1237107.6037196512,
       449576.4397433915,
       368
      ],
      [
       1237108.2523412434,
       449576.55493356445,
       368
      ],
      [
       1237108.80109822,
       449576.71603801707,
       368
      ],
      [
       1237109.2499905813,
       449576.9230567491,
       368
      ],
      [
       1237109.599018327,
       449577.1759897607,
       368
      ],
      [
       1237109.9606537516,
       449577.5440387761,
       368
      ],
      [
       1237110.3348968555,
       449578.02720379515,
       368
      ],
      [
       1237110.7217476384,
       449578.62548481795,
       368
      ],
      [
       1237111.1212061003,
       449579.3388818444,
       368
      ],
      [
       1237111.4247626613,
       449579.88270190964,
       368
      ],
      [
       1237111.6324173212,
       449580.2569450134,
       368
      ],
      [
       1237111.7441700802,
       449580.4616111559,
       368
      ],
      [
       1237111.7600209382,
       449580.49670033716,
       368
      ],
      [
       1237111.9043084858,
       449580.71013877494,
       368
      ],
      [
       1237112.1770327233,
       449581.10192646924,
       368
      ],
      [
       1237112.5781936506,
       449581.6720634203,
       368
      ],
      [
       1237113.1077912673,
       449582.420549628,
       368
      ],
      [
       1237113.5557489134,
       449583.0718543971,
       368
      ],
      [
       1237113.9220665882,
       449583.6259777276,
       368
      ],
      [
       1237114.206744292,
       449584.0829196196,
       368
      ],
      [
       1237114.409782025,
       449584.4426800731,
       368
      ],
      [
       1237114.617103946,
       449584.8096818517,
       368
      ],
      [
       1237114.8287100552,
       449585.18392495555,
       368
      ],
      [
       1237115.0446003524,
       449585.5654093846,
       368
      ],
      [
       1237115.264774838,
       449585.95413513883,
       368
      ],
      [
       1237115.5137855455,
       449586.4328010064,
       368
      ],
      [
       1237115.791632475,
       449587.0014069873,
       368
      ],
      [
       1237116.0983156268,
       449587.65995308163,
       368
      ],
      [
       1237116.4338350005,
       449588.4084392894,
       368
      ],
      [
       1237116.733672618,
       449589.0478205949,
       368
      ],
      [
       1237116.9978284792,
       449589.57809699833,
       368
      ],
      [
       1237117.226302584,
       449589.9992684996,
       368
      ],
      [
       1237117.419094932,
       449590.3113350987,
       368
      ],
      [
       1237117.6313433712,
       449590.65448995016,
       368
      ],
      [
       1237117.863047901,
       449591.02873305406,
       368
      ],
      [
       1237118.1142085216,
       449591.4340644103,
       368
      ],
      [
       1237118.3848252327,
       449591.87048401876,
       368
      ],
      [
       1237118.70725514,
       449592.3668730583,
       368
      ],
      [
       1237119.0814982438,
       449592.92323152896,
       368
      ],
      [
       1237119.5075545441,
       449593.5395594305,
       368
      ],
      [
       1237119.9854240408,
       449594.2158567631,
       368
      ],
      [
       1237120.356473497,
       449594.7411269814,
       368
      ],
      [
       1237120.620702913,
       449595.1153700852,
       368
      ],
      [
       1237120.7781122888,
       449595.33858607465,
       368
      ],
      [
       1237120.8287016242,
       449595.41077494965,
       368
      ],
      [
       1237120.9758396163,
       449595.6520381578,
       368
      ],
      [
       1237121.2195262646,
       449596.0623756993,
       368
      ],
      [
       1237121.5597615696,
       449596.64178757375,
       368
      ],
      [
       1237121.996545531,
       449597.3902737814,
       368
      ],
      [
       1237122.368862124,
       449598.13875998906,
       368
      ],
      [
       1237122.6767113484,
       449598.8872461967,
       368
      ],
      [
       1237122.920093204,
       449599.63573240436,
       368
      ],
      [
       1237123.099007691,
       449600.3842186121,
       368
      ],
      [
       1237123.2232522396,
       449601.1327048198,
       368
      ],
      [
       1237123.2928268504,
       449601.8811910274,
       368
      ],
      [
       1237123.3077315225,
       449602.6296772351,
       368
      ],
      [
       1237123.2679662562,
       449603.3781634428,
       368
      ],
      [
       1237123.1933522776,
       449604.12664965045,
       368
      ],
      [
       1237123.0838895864,
       449604.8751358581,
       368
      ],
      [
       1237122.939578183,
       449605.62362206576,
       368
      ],
      [
       1237122.760418067,
       449606.37210827344,
       368
      ],
      [
       1237122.5561038065,
       449607.1205944811,
       368
      ],
      [
       1237122.3266354012,
       449607.8690806888,
       368
      ],
      [
       1237122.0720128515,
       449608.6175668965,
       368
      ],
      [
       1237121.7922361568,
       449609.36605310417,
       368
      ],
      [
       1237121.540507209,
       449610.0317188031,
       368
      ],
      [
       1237121.3168260083,
       449610.6145639933,
       368
      ]
     ]
    },
    "elevationFt": 368,
    "weight": "intermediate",
    "hidden": false
   }
  },
  {
   "type": "Feature",
   "geometry": {
    "type": "LineString",
    "coordinates": [
     [
      -77.2639391512403,
      38.90030372807289
     ],
     [
      -77.26394034429656,
      38.90030433749487
     ],
     [
      -77.26394166203247,
      38.90030506972392
     ],
     [
      -77.26394310444802,
      38.900305924760055
     ],
     [
      -77.26394467154323,
      38.900306902603255
     ],
     [
      -77.2639461770195,
      38.900307903685466
     ],
     [
      -77.2639476208768,
      38.90030892800671
     ],
     [
      -77.26394900311516,
      38.90030997556696
     ],
     [
      -77.26395032373455,
      38.90031104636625
     ],
     [
      -77.26395164362961,
      38.900312141728286
     ],
     [
      -77.26395296280033,
      38.900313261653096
     ],
     [
      -77.26395428124674,
      38.90031440614066
     ],
     [
      -77.26395559896882,
      38.900315575190994
     ],
     [
      -77.26395682079567,
      38.90031667223588
     ],
     [
      -77.26395794672729,
      38.900317697275334
     ],
     [
      -77.26395897676366,
      38.90031865030932
     ],
     [
      -77.2639599109048,
      38.90031953133788
     ],
     [
      -77.26396103775832,
      38.90032058517439
     ],
     [
      -77.26396235732427,
      38.900321811818905
     ],
     [
      -77.26396386960263,
      38.900323211271335
     ],
     [
      -77.26396557459344,
      38.90032478353172
     ],
     [
      -77.26396707712131,
      38.90032608198485
     ],
     [
      -77.2639683771862,
      38.90032710663074
     ],
     [
      -77.2639694747881,
      38.90032785746937
     ],
     [
      -77.26397036992697,
      38.90032833450076
     ],
     [
      -77.26397147604153,
      38.9003288517907
     ],
     [
      -77.2639727931318,
      38.90032940933916
     ],
     [
      -77.26397432119778,
      38.90033000714612
     ],
     [
      -77.26397606023947,
      38.90033064521159
     ],
     [
      -77.26397802253713,
      38.90033125963207
     ],
     [
      -77.26398020809071,
      38.90033185040758
     ],
     [
      -77.26398261690026,
      38.900332417538095
     ],
     [
      -77.26398524896578,
      38.900332961023565
     ],
     [
      -77.26398776357074,
      38.90033358335083
     ],
     [
      -77.26399016071515,
      38.9003342845199
     ],
     [
      -77.26399244039901,
      38.900335064530765
     ],
     [
      -77.26399460262235,
      38.90033592338341
     ],
     [
      -77.26399634229101,
      38.90033663474038
     ],
     [
      -77.26399765940498,
      38.90033719860167
     ],
     [
      -77.26399855396424,
      38.90033761496728
     ],
     [
      -77.26399902596879,
      38.90033788383728
     ],
     [
      -77.2640000390085,
      38.900338496924356
     ],
     [
      -77.26400159308338,
      38.900339454228536
     ],
     [
      -77.2640036881935,
      38.900340755749795
     ],
     [
      -77.2640063243389,
      38.900342401488096
     ],
     [
      -77.26400836028557,
      38.900343669042485
     ],
     [
      -77.26400979603346,
      38.90034455841296
     ],
     [
      -77.26401063158254,
      38.900345069599574
     ],
     [
      -77.26401086693275,
      38.900345202602345
     ],
     [
      -77.26401164325857,
      38.900345576319474
     ],
     [
      -77.26401296055998,
      38.90034619075097
     ],
     [
      -77.26401481883704,
      38.90034704589682
     ],
     [
      -77.26401721808979,
      38.90034814175701
     ],
     [
      -77.26401954312799,
      38.9003492009354
     ],
     [
      -77.26402179395161,
      38.900350223431985
     ],
     [
      -77.26402397056069,
      38.900351209246786
     ],
     [
      -77.26402607295519,
      38.9003521583798
     ],
     [
      -77.26402778272116,
      38.900352917968775
     ],
     [
      -77.26402909985858,
      38.90035348801373
     ],
     [
      -77.2640300243674,
      38.90035386851466
     ],
     [
      -77.26403055624763,
      38.9003540594716
     ],
     [
      -77.26403161338652,
      38.90035439584621
     ],
     [
      -77.26403319578405,
      38.90035487763853
     ],
     [
      -77.26403530344028,
      38.90035550484846
     ],
     [
      -77.2640379363552,
      38.900356277476014
     ],
     [
      -77.26404056936276,
      38.90035707511607
     ],
     [
      -77.26404320246296,
      38.90035789776863
     ],
     [
      -77.2640458356558,
      38.90035874543368
     ],
     [
      -77.26404846894131,
      38.90035961811123
     ],
     [
      -77.26405059804135,
      38.90036032372101
     ],
     [
      -77.26405222295591,
      38.90036086226308
     ],
     [
      -77.26405334368495,
      38.90036123373742
     ],
     [
      -77.26405396022847,
      38.900361438144095
     ],
     [
      -77.26405492685467,
      38.900361767440764
     ],
     [
      -77.26405624356359,
      38.90036222162746
     ],
     [
      -77.26405791035523,
      38.90036280070411
     ],
     [
      -77.26405992722962,
      38.900363504670736
     ],
     [
      -77.26406209837693,
      38.90036429674565
     ],
     [
      -77.26406442379717,
      38.90036517692877
     ],
     [
      -77.26406690349035,
      38.90036614522016
     ],
     [
      -77.26406953745649,
      38.90036720161977
     ],
     [
      -77.26407170310866,
      38.900368064561555
     ],
     [
      -77.2640734004468,
      38.90036873404556
     ],
     [
      -77.26407462947088,
      38.9003692100718
     ],
     [
      -77.2640753901809,
      38.90036949264028
     ],
     [
      -77.26407642891682,
      38.90036986812003
     ],
     [
      -77.2640777456786,
      38.90037033651102
     ],
     [
      -77.2640793404663,
      38.90037089781325
     ],
     [
      -77.2640812132799,
      38.9003715520267
     ],
     [
      -77.26408327608473,
      38.900372226551625
     ],
     [
      -77.2640855288808,
      38.900372921388026
     ],
     [
      -77.26408797166812,
      38.90037363653591
     ],
     [
      -77.26409060444668,
      38.90037437199525
     ],
     [
      -77.26409299305497,
      38.900375086480985
     ],
     [
      -77.264095137493,
      38.90037577999319
     ],
     [
      -77.26409703776072,
      38.90037645253185
     ],
     [
      -77.26409869385817,
      38.90037710409699
     ],
     [
      -77.26410018032033,
      38.9003776728214
     ],
     [
      -77.26410149714718,
      38.90037815870505
     ],
     [
      -77.26410264433873,
      38.90037856174799
     ],
     [
      -77.26410362189498,
      38.90037888195021
     ],
     [
      -77.2641050136274,
      38.9003794060411
     ],
     [
      -77.26410681953604,
      38.90038013402067
     ],
     [
      -77.2641090396209,
      38.9003810658889
     ],
     [
      -77.26411167388204,
      38.90038220164577
     ],
     [
      -77.26411407011126,
      38.90038320027324
     ],
     [
      -77.26411622830851,
      38.900384061771334
     ],
     [
      -77.26411814847378,
      38.900384786140066
     ],
     [
      -77.26411983060706,
      38.900385373379464
     ],
     [
      -77.26412133001932,
      38.90038589158377
     ],
     [
      -77.26412264671053,
      38.90038634075301
     ],
     [
      -77.2641237806807,
      38.900386720887184
     ],
     [
      -77.26412473192983,
      38.9003870319863
     ],
     [
      -77.26412594356758,
      38.90038769966351
     ],
     [
      -77.26412741559399,
      38.900388723918844
     ],
     [
      -77.26412914800912,
      38.90039010475225
     ],
     [
      -77.26413114081296,
      38.900391842163735
     ],
     [
      -77.2641326355036,
      38.90039365901383
     ],
     [
      -77.264133632081,
      38.90039555530256
     ],
     [
      -77.26413413054509,
      38.90039753102994
     ],
     [
      -77.26413413089588,
      38.900399586195974
     ],
     [
      -77.26413385267027,
      38.90040164199185
     ],
     [
      -77.26413329586825,
      38.90040369841755
     ],
     [
      -77.26413246048979,
      38.90040575547313
     ],
     [
      -77.26413134653485,
      38.900407813158516
     ],
     [
      -77.26413029773994,
      38.90040964157774
     ],
     [
      -77.26412931410506,
      38.9004112407308
     ],
     [
      -77.26412839563022,
      38.90041261061768
     ],
     [
      -77.26412754231542,
      38.9004137512384
     ],
     [
      -77.26412672727933,
      38.90041483621855
     ],
     [
      -77.26412595052194,
      38.900415865558124
     ],
     [
      -77.26412521204325,
      38.90041683925709
     ],
     [
      -77.26412451184328,
      38.90041775731552
     ],
     [
      -77.2641236889117,
      38.90041896032428
     ],
     [
      -77.26412274324849,
      38.90042044828337
     ],
     [
      -77.26412167485364,
      38.90042222119279
     ],
     [
      -77.26412048372713,
      38.90042427905256
     ],
     [
      -77.26411941897878,
      38.900426336626566
     ],
     [
      -77.26411848060859,
      38.90042839391487
     ],
     [
      -77.26411766861658,
      38.90043045091743
     ],
     [
      -77.26411698300275,
      38.900432507634285
     ],
     [
      -77.26411652269938,
      38.90043456384175
     ],
     [
      -77.26411628770647,
      38.90043661953982
     ],
     [
      -77.26411627802403,
      38.90043867472851
     ],
     [
      -77.2641164936521,
      38.90044072940784
     ],
     [
      -77.26411674970653,
      38.900442783995736
     ],
     [
      -77.26411704618735,
      38.900444838492255
     ],
     [
      -77.26411738309457,
      38.90044689289738
     ],
     [
      -77.26411776042815,
      38.900448947211096
     ],
     [
      -77.26411804164042,
      38.90045100174212
     ],
     [
      -77.26411822673137,
      38.90045305649048
     ],
     [
      -77.26411831570094,
      38.900455111456125
     ],
     [
      -77.26411830854917,
      38.90045716663909
     ],
     [
      -77.26411822089518,
      38.90045922200405
     ],
     [
      -77.264118052739,
      38.900461277551024
     ],
     [
      -77.26411780408057,
      38.900463333279994
     ],
     [
      -77.26411747491991,
      38.90046538919095
     ],
     [
      -77.26411716373963,
      38.9004671646525
     ],
     [
      -77.26411687053972,
      38.900468659664604
     ],
     [
      -77.26411659532019,
      38.900469874227305
     ],
     [
      -77.26411633808105,
      38.90047080834059
     ],
     [
      -77.26411607458161,
      38.90047178949386
     ],
     [
      -77.26411580482188,
      38.90047281768713
     ],
     [
      -77.26411552880187,
      38.90047389292038
     ],
     [
      -77.26411524652154,
      38.90047501519364
     ],
     [
      -77.26411508809677,
      38.90047637056981
     ],
     [
      -77.26411505352758,
      38.9004779590489
     ],
     [
      -77.26411514281396,
      38.900479780630896
     ],
     [
      -77.26411535595594,
      38.90048183531582
     ],
     [
      -77.26411553619265,
      38.90048341817588
     ],
     [
      -77.26411568352408,
      38.900484529211056
     ],
     [
      -77.26411579795023,
      38.900485168421355
     ],
     [
      -77.2641158794711,
      38.90048533580679
     ],
     [
      -77.2641162758263,
      38.90048593248729
     ],
     [
      -77.26411698701583,
      38.90048695846283
     ],
     [
      -77.26411801303972,
      38.9004884137334
     ],
     [
      -77.264119353898,
      38.90049029829901
     ],
     [
      -77.2641206849093,
      38.90049206895235
     ],
     [
      -77.26412200607365,
      38.900493725693444
     ],
     [
      -77.26412331739101,
      38.900495268522285
     ],
     [
      -77.26412461886139,
      38.90049669743887
     ],
     [
      -77.26412625303577,
      38.90049791941688
     ],
     [
      -77.26412821991416,
      38.900498934456294
     ],
     [
      -77.26413051949653,
      38.900499742557116
     ],
     [
      -77.26413315178293,
      38.90050034371931
     ],
     [
      -77.26413516894222,
      38.90050079854235
     ],
     [
      -77.26413657097437,
      38.900501107026294
     ],
     [
      -77.26413735787938,
      38.900501269171116
     ],
     [
      -77.26413752965723,
      38.900501284976876
     ],
     [
      -77.26413827328719,
      38.90050135388997
     ],
     [
      -77.26413958876927,
      38.90050147591037
     ],
     [
      -77.26414147610345,
      38.90050165103805
     ],
     [
      -77.26414393528974,
      38.90050187927302
     ],
     [
      -77.2641464377592,
      38.90050220292023
     ],
     [
      -77.26414898351182,
      38.900502621979705
     ],
     [
      -77.26415157254762,
      38.900503136451455
     ],
     [
      -77.2641542048666,
      38.90050374633543
     ],
     [
      -77.26415683738598,
      38.90050441031625
     ],
     [
      -77.26415947010571,
      38.90050512839387
     ],
     [
      -77.26416210302584,
      38.90050590056833
     ],
     [
      -77.26416473614634,
      38.900506726839595
     ],
     [
      -77.26416690893933,
      38.90050743942296
     ],
     [
      -77.26416862140474,
      38.90050803831846
     ],
     [
      -77.26416987354257,
      38.90050852352611
     ],
     [
      -77.26417066535282,
      38.90050889504594
     ],
     [
      -77.26417172060724,
      38.900509576064856
     ],
     [
      -77.26417303930585,
      38.90051056658286
     ],
     [
      -77.26417462144867,
      38.900511866599956
     ],
     [
      -77.26417646703577,
      38.90051347611612
     ],
     [
      -77.264177930608,
      38.900514793442994
     ],
     [
      -77.26417901216536,
      38.90051581858063
     ],
     [
      -77.2641797117078,
      38.900516551529016
     ],
     [
      -77.2641800292353,
      38.90051699228817
     ],
     [
      -77.26418042254281,
      38.90051783629835
     ],
     [
      -77.26418089163029,
      38.900519083559566
     ],
     [
      -77.2641814364978,
      38.9005207340718
     ],
     [
      -77.26418205714533,
      38.90052278783509
     ],
     [
      -77.26418260235155,
      38.90052484176895
     ],
     [
      -77.26418307211647,
      38.90052689587342
     ],
     [
      -77.26418346644006,
      38.90052895014848
     ],
     [
      -77.26418378532233,
      38.900531004594136
     ],
     [
      -77.26418410102609,
      38.90053305904699
     ],
     [
      -77.26418441355132,
      38.90053511350701
     ],
     [
      -77.26418472289805,
      38.90053716797424
     ],
     [
      -77.26418502906625,
      38.90053922244866
     ],
     [
      -77.26418541416794,
      38.90054127674456
     ],
     [
      -77.26418587820308,
      38.900543330861964
     ],
     [
      -77.2641864211717,
      38.900545384800864
     ],
     [
      -77.2641870430738,
      38.90054743856127
     ],
     [
      -77.26418762917976,
      38.900549095091094
     ],
     [
      -77.26418817948958,
      38.900550354390305
     ],
     [
      -77.26418869400324,
      38.900551216458965
     ],
     [
      -77.26418917272072,
      38.90055168129704
     ],
     [
      -77.26419019017678,
      38.90055227357045
     ],
     [
      -77.26419174637145,
      38.90055299327921
     ],
     [
      -77.26419384130473,
      38.90055384042327
     ],
     [
      -77.26419647497666,
      38.900554815002614
     ],
     [
      -77.26419879966124,
      38.90055569732455
     ],
     [
      -77.26420081535845,
      38.90055648738908
     ],
     [
      -77.26420252206826,
      38.90055718519624
     ],
     [
      -77.26420391979066,
      38.90055779074603
     ],
     [
      -77.26420514485157,
      38.90055875830028
     ],
     [
      -77.26420619725099,
      38.900560087859006
     ],
     [
      -77.26420707698894,
      38.90056177942218
     ],
     [
      -77.2642077840654,
      38.900563832989846
     ],
     [
      -77.26420807245208,
      38.90056588750439
     ],
     [
      -77.26420794214893,
      38.900567942965836
     ],
     [
      -77.26420739315591,
      38.9005699993742
     ],
     [
      -77.264206425473,
      38.90057205672945
     ],
     [
      -77.264205420914,
      38.90057390080708
     ],
     [
      -77.26420437947887,
      38.90057553160712
     ],
     [
      -77.26420330116765,
      38.90057694912954
     ],
     [
      -77.26420218598037,
      38.900578153374354
     ],
     [
      -77.26420114005653,
      38.90057927039281
     ],
     [
      -77.26420016339615,
      38.90058030018492
     ],
     [
      -77.26419925599924,
      38.90058124275068
     ],
     [
      -77.26419841786583,
      38.90058209809011
     ],
     [
      -77.26419734364977,
      38.90058316472992
     ],
     [
      -77.26419603335107,
      38.90058444267012
     ],
     [
      -77.2641944869697,
      38.9005859319107
     ],
     [
      -77.26419270450562,
      38.90058763245165
     ],
     [
      -77.26419128099761,
      38.900588997717506
     ],
     [
      -77.26419021644571,
      38.900590027708304
     ],
     [
      -77.26418951084995,
      38.90059072242402
     ],
     [
      -77.26418916421034,
      38.90059108186468
     ],
     [
      -77.2641885952837,
      38.90059186593554
     ],
     [
      -77.26418780406999,
      38.90059307463654
     ],
     [
      -77.26418679056921,
      38.90059470796774
     ],
     [
      -77.26418555478132,
      38.90059676592909
     ],
     [
      -77.26418461189472,
      38.90059882322807
     ],
     [
      -77.26418396190944,
      38.90060087986468
     ],
     [
      -77.26418360482553,
      38.900602935838926
     ],
     [
      -77.26418354064297,
      38.90060499115081
     ],
     [
      -77.26418367887582,
      38.90060704600497
     ],
     [
      -77.26418401952407,
      38.900609100401375
     ],
     [
      -77.26418456258774,
      38.90061115434005
     ],
     [
      -77.26418530806684,
      38.900613207820975
     ],
     [
      -77.2641860995452,
      38.90061502974745
     ],
     [
      -77.26418693702281,
      38.900616620119465
     ],
     [
      -77.26418782049966,
      38.900617978937014
     ],
     [
      -77.26418874997573,
      38.90061910620011
     ],
     [
      -77.26418964352007,
      38.90062018265361
     ],
     [
      -77.26419050113263,
      38.900621208297565
     ],
     [
      -77.26419132281343,
      38.90062218313193
     ],
     [
      -77.26419210856247,
      38.90062310715673
     ],
     [
      -77.26419316128829,
      38.90062419964396
     ],
     [
      -77.2641944809909,
      38.90062546059357
     ],
     [
      -77.26419606767033,
      38.90062689000557
     ],
     [
      -77.26419792132658,
      38.90062848787996
     ],
     [
      -77.26419949239441,
      38.90062979915188
     ],
     [
      -77.26420078087376,
      38.900630823821345
     ],
     [
      -77.26420178676459,
      38.90063156188834
     ],
     [
      -77.2642025100669,
      38.90063201335292
     ],
     [
      -77.26420353101905,
      38.900632720938034
     ],
     [
      -77.26420484962108,
      38.90063368464369
     ],
     [
      -77.26420646587299,
      38.90063490446987
     ],
     [
      -77.26420837977483,
      38.90063638041658
     ],
     [
      -77.26421024274956,
      38.90063763013255
     ],
     [
      -77.26421205479716,
      38.900638653617776
     ],
     [
      -77.26421381591761,
      38.900639450872276
     ],
     [
      -77.26421552611089,
      38.900640021896045
     ],
     [
      -77.26421703962075,
      38.90064054952996
     ],
     [
      -77.26421835644719,
      38.90064103377401
     ],
     [
      -77.26421947659018,
      38.900641474628195
     ],
     [
      -77.26422040004975,
      38.900641872092535
     ],
     [
      -77.26422161346187,
      38.90064206912464
     ],
     [
      -77.26422311682651,
      38.90064206572449
     ],
     [
      -77.26422491014367,
      38.90064186189205
     ],
     [
      -77.26422699341333,
      38.900641457627344
     ],
     [
      -77.26422869206863,
      38.90064112160896
     ],
     [
      -77.26423000610959,
      38.900640853837
     ],
     [
      -77.26423093553622,
      38.90064065431143
     ],
     [
      -77.2642314803485,
      38.90064052303229
     ],
     [
      -77.26423254575498,
      38.90064023042591
     ],
     [
      -77.26423413175561,
      38.90063977649232
     ],
     [
      -77.26423623835038,
      38.90063916123151
     ],
     [
      -77.26423886553927,
      38.90063838464339
     ],
     [
      -77.26424149352675,
      38.90063782365678
     ],
     [
      -77.26424412231285,
      38.90063747827163
     ],
     [
      -77.2642467518976,
      38.90063734848795
     ],
     [
      -77.26424938228102,
      38.900637434305736
     ],
     [
      -77.2642520131468,
      38.90063765034011
     ],
     [
      -77.26425464449501,
      38.900637996591094
     ],
     [
      -77.26425727632562,
      38.900638473058635
     ],
     [
      -77.26425990863866,
      38.90063907974277
     ],
     [
      -77.2642621661103,
      38.900639583186845
     ],
     [
      -77.26426404874054,
      38.90063998339087
     ],
     [
      -77.26426555652935,
      38.90064028035484
     ],
     [
      -77.2642666894767,
      38.900640474078806
     ],
     [
      -77.26426791389736,
      38.90064068716097
     ],
     [
      -77.26426922979128,
      38.900640919601294
     ],
     [
      -77.26427063715852,
      38.9006411713998
     ],
     [
      -77.26427213599904,
      38.900641442556456
     ],
     [
      -77.26427391816608,
      38.90064178635097
     ],
     [
      -77.26427598365969,
      38.900642202783274
     ],
     [
      -77.26427833247986,
      38.90064269185338
     ],
     [
      -77.26428096462662,
      38.90064325356128
     ],
     [
      -77.26428359703263,
      38.900643885237244
     ],
     [
      -77.26428622969792,
      38.90064458688127
     ],
     [
      -77.26428886262248,
      38.90064535849338
     ],
     [
      -77.26429149580633,
      38.90064620007355
     ],
     [
      -77.26429370286891,
      38.900646922088384
     ],
     [
      -77.26429548381017,
      38.90064752453794
     ],
     [
      -77.26429683863009,
      38.9006480074222
     ],
     [
      -77.26429776732866,
      38.90064837074117
     ],
     [
      -77.26429889017507,
      38.90064881707274
     ],
     [
      -77.26430020716931,
      38.900649346416834
     ],
     [
      -77.26430171831142,
      38.90064995877347
     ],
     [
      -77.26430342360138,
      38.90065065414263
     ],
     [
      -77.26430536113351,
      38.90065145855139
     ],
     [
      -77.26430753090783,
      38.900652371999755
     ],
     [
      -77.26430993292435,
      38.90065339448768
     ],
     [
      -77.2643125671831,
      38.90065452601518
     ],
     [
      -77.26431467198157,
      38.90065542898169
     ],
     [
      -77.2643162473197,
      38.90065610338728
     ],
     [
      -77.2643172931975,
      38.90065654923192
     ],
     [
      -77.26431780961491,
      38.90065676651566
     ],
     [
      -77.264318726274,
      38.90065712717762
     ],
     [
      -77.26432004317479,
      38.90065763121781
     ],
     [
      -77.2643217603173,
      38.900658278636215
     ],
     [
      -77.26432387770153,
      38.90065906943279
     ],
     [
      -77.26432612409566,
      38.90065988904501
     ],
     [
      -77.26432849949971,
      38.90066073747288
     ],
     [
      -77.26433100391367,
      38.90066161471638
     ],
     [
      -77.26433363733754,
      38.90066252077549
     ],
     [
      -77.26433594466941,
      38.90066328645845
     ],
     [
      -77.26433792590923,
      38.90066391176528
     ],
     [
      -77.26433958105696,
      38.90066439669593
     ],
     [
      -77.26434091011261,
      38.90066474125051
     ],
     [
      -77.26434223277478,
      38.900665080222694
     ],
     [
      -77.2643435490435,
      38.90066541361253
     ],
     [
      -77.26434485891878,
      38.90066574141999
     ],
     [
      -77.26434616240056,
      38.90066606364508
     ],
     [
      -77.26434779824763,
      38.90066649935327
     ],
     [
      -77.26434976645999,
      38.90066704854456
     ],
     [
      -77.26435206703765,
      38.90066771121892
     ],
     [
      -77.26435469998063,
      38.900668487376336
     ],
     [
      -77.26435705188777,
      38.900669305610045
     ],
     [
      -77.26435912275903,
      38.900670165920026
     ],
     [
      -77.26436091259444,
      38.900671068306345
     ],
     [
      -77.26436242139397,
      38.90067201276898
     ],
     [
      -77.26436383526978,
      38.9006730136901
     ],
     [
      -77.26436515422188,
      38.90067407106972
     ],
     [
      -77.26436637825026,
      38.90067518490785
     ],
     [
      -77.26436750735492,
      38.90067635520447
     ],
     [
      -77.26436856514991,
      38.900677453028266
     ],
     [
      -77.26436955163524,
      38.90067847837926
     ],
     [
      -77.26437046681089,
      38.90067943125745
     ],
     [
      -77.26437131067686,
      38.90068031166283
     ],
     [
      -77.26437239258263,
      38.90068141454926
     ],
     [
      -77.26437371252823,
      38.900682739916775
     ],
     [
      -77.26437527051364,
      38.90068428776532
     ],
     [
      -77.26437706653894,
      38.900686058094934
     ],
     [
      -77.26437850208006,
      38.90068745583496
     ],
     [
      -77.26437957713694,
      38.90068848098543
     ],
     [
      -77.26438029170956,
      38.90068913354636
     ],
     [
      -77.26438064579789,
      38.90068941351771
     ],
     [
      -77.26438148240476,
      38.90069010550139
     ],
     [
      -77.2643828015302,
      38.900691209497325
     ],
     [
      -77.26438460317426,
      38.900692725505536
     ],
     [
      -77.26438688733701,
      38.90069465352598
     ],
     [
      -77.26438864451792,
      38.90069612993584
     ],
     [
      -77.26438987471691,
      38.9006971547351
     ],
     [
      -77.26439057793395,
      38.9006977279238
     ],
     [
      -77.26439075416901,
      38.90069784950195
     ],
     [
      -77.26439150129545,
      38.90069831283084
     ],
     [
      -77.2643928193133,
      38.900699117910506
     ],
     [
      -77.2643947082226,
      38.90070026474089
     ],
     [
      -77.26439716802338,
      38.900701753321954
     ],
     [
      -77.2643992648983,
      38.90070300944202
     ],
     [
      -77.26440099884732,
      38.90070403310108
     ],
     [
      -77.26440236987038,
      38.90070482429913
     ],
     [
      -77.26440337796748,
      38.900705383036225
     ],
     [
      -77.26440454111906,
      38.90070609029638
     ],
     [
      -77.26440585932514,
      38.900706946079566
     ],
     [
      -77.26440733258572,
      38.90070795038581
     ],
     [
      -77.26440896090082,
      38.90070910321509
     ],
     [
      -77.26441041538557,
      38.90071019197214
     ],
     [
      -77.26441169603993,
      38.900711216656966
     ],
     [
      -77.26441280286389,
      38.90071217726961
     ],
     [
      -77.26441373585746,
      38.90071307381003
     ],
     [
      -77.26441471490656,
      38.90071425937486
     ],
     [
      -77.26441574001122,
      38.900715733964105
     ],
     [
      -77.26441681117143,
      38.90071749757775
     ],
     [
      -77.26441792838725,
      38.9007195502158
     ],
     [
      -77.26441890769159,
      38.900721603165984
     ],
     [
      -77.26441974908448,
      38.9007236564283
     ],
     [
      -77.26442045256591,
      38.90072571000277
     ],
     [
      -77.26442101813583,
      38.90072776388938
     ],
     [
      -77.26442145066335,
      38.90072934245827
     ],
     [
      -77.2644217501484,
      38.90073044570946
     ],
     [
      -77.26442191659103,
      38.900731073642945
     ],
     [
      -77.26442194999119,
      38.90073122625873
     ],
     [
      -77.26442208236192,
      38.90073181609647
     ],
     [
      -77.26442231370322,
      38.900732843156206
     ],
     [
      -77.26442264401508,
      38.90073430743793
     ],
     [
      -77.26442307329752,
      38.90073620894162
     ],
     [
      -77.26442353186965,
      38.900738148551866
     ],
     [
      -77.26442401973145,
      38.900740126268666
     ],
     [
      -77.26442453688296,
      38.900742142092
     ],
     [
      -77.26442508332413,
      38.90074419602188
     ],
     [
      -77.2644256486799,
      38.90074624990894
     ],
     [
      -77.26442623295029,
      38.90074830375318
     ],
     [
      -77.26442683613527,
      38.90075035755461
     ],
     [
      -77.26442745823485,
      38.90075241131324
     ],
     [
      -77.26442812950945,
      38.90075446496054
     ],
     [
      -77.26442884995907,
      38.90075651849654
     ],
     [
      -77.26442961958371,
      38.90075857192124
     ],
     [
      -77.26443043838339,
      38.9007606252346
     ],
     [
      -77.26443111364114,
      38.900762252771536
     ],
     [
      -77.26443164535694,
      38.90076345453206
     ],
     [
      -77.2644320335308,
      38.90076423051616
     ],
     [
      -77.26443227816266,
      38.90076458072383
     ],
     [
      -77.26443274727889,
      38.90076526883437
     ],
     [
      -77.26443344087949,
      38.900766294847756
     ],
     [
      -77.2644343589645,
      38.900767658763996
     ],
     [
      -77.2644355015339,
      38.90076936058307
     ],
     [
      -77.2644367325801,
      38.900771149892215
     ],
     [
      -77.26443805210305,
      38.90077302669143
     ],
     [
      -77.26443946010282,
      38.90077499098071
     ],
     [
      -77.26444095657938,
      38.90077704276003
     ],
     [
      -77.26444208018708,
      38.900778585750615
     ],
     [
      -77.26444283092592,
      38.90077961995248
     ],
     [
      -77.26444320879583,
      38.90078014536557
     ],
     [
      -77.26444321379678,
      38.90078016198996
     ],
     [
      -77.26444335305075,
      38.900780683784255
     ],
     [
      -77.26444362655775,
      38.90078171074852
     ],
     [
      -77.26444403431776,
      38.90078324288268
     ],
     [
      -77.26444457633083,
      38.90078528018677
     ],
     [
      -77.26444495081337,
      38.90078732202903
     ],
     [
      -77.26444515776535,
      38.900789368409406
     ],
     [
      -77.26444519718679,
      38.90079141932795
     ],
     [
      -77.26444506907767,
      38.90079347478463
     ],
     [
      -77.26444498267438,
      38.900795530146915
     ],
     [
      -77.26444493797696,
      38.90079758541477
     ],
     [
      -77.26444493498542,
      38.90079964058824
     ],
     [
      -77.26444497369975,
      38.90080169566729
     ],
     [
      -77.26444511992142,
      38.900803750502995
     ],
     [
      -77.26444537365049,
      38.90080580509533
     ],
     [
      -77.26444573488693,
      38.90080785944434
     ],
     [
      -77.2644462036308,
      38.900809913549985
     ],
     [
      -77.26444670794515,
      38.90081196757507
     ],
     [
      -77.26444724783005,
      38.900814021519686
     ],
     [
      -77.26444782328548,
      38.900816075383744
     ],
     [
      -77.26444843431145,
      38.900818129167305
     ],
     [
      -77.26444904447953,
      38.9008201829528
     ],
     [
      -77.26444965378978,
      38.900822236740225
     ],
     [
      -77.26445026224215,
      38.900824290529584
     ],
     [
      -77.26445086983668,
      38.90082634432089
     ],
     [
      -77.2644514612701,
      38.900828372020435
     ],
     [
      -77.26445203654244,
      38.90083037362823
     ],
     [
      -77.26445259565367,
      38.9008323491443
     ],
     [
      -77.26445313860381,
      38.900834298568604
     ],
     [
      -77.26445355535525,
      38.90083578674357
     ],
     [
      -77.26445384590797,
      38.90083681366919
     ],
     [
      -77.26445401026193,
      38.90083737934548
     ],
     [
      -77.26445404841716,
      38.90083748377242
     ],
     [
      -77.26445431439562,
      38.900838075346975
     ],
     [
      -77.26445480819733,
      38.90083915406917
     ],
     [
      -77.26445552982231,
      38.90084071993897
     ],
     [
      -77.26445647927059,
      38.90084277295638
     ],
     [
      -77.26445722935652,
      38.90084482642509
     ],
     [
      -77.2644577800801,
      38.9008468803451
     ],
     [
      -77.2644581314413,
      38.900848934716386
     ],
     [
      -77.26445828344012,
      38.90085098953898
     ],
     [
      -77.2644581174731,
      38.90085280859484
     ],
     [
      -77.2644576335402,
      38.900854391883996
     ],
     [
      -77.26445683164145,
      38.90085573940642
     ],
     [
      -77.2644557117768,
      38.90085685116209
     ],
     [
      -77.26445447723353,
      38.900857922358696
     ],
     [
      -77.26445312801161,
      38.90085895299623
     ],
     [
      -77.26445166411108,
      38.90085994307468
     ],
     [
      -77.26445008553189,
      38.900860892594075
     ],
     [
      -77.26444863992754,
      38.90086169204465
     ],
     [
      -77.26444732729802,
      38.90086234142644
     ],
     [
      -77.26444614764335,
      38.90086284073944
     ],
     [
      -77.26444510096356,
      38.90086318998369
     ],
     [
      -77.26444365854906,
      38.900863482617176
     ],
     [
      -77.26444182039984,
      38.90086371863993
     ],
     [
      -77.2644395865159,
      38.90086389805193
     ],
     [
      -77.26443695689726,
      38.90086402085313
     ],
     [
      -77.26443444669843,
      38.90086399824075
     ],
     [
      -77.26443205591941,
      38.90086383021479
     ],
     [
      -77.26442978456026,
      38.90086351677527
     ],
     [
      -77.26442763262095,
      38.900863057922194
     ],
     [
      -77.26442589860953,
      38.90086268732142
     ],
     [
      -77.26442458252599,
      38.90086240497297
     ],
     [
      -77.2644236843703,
      38.90086221087687
     ],
     [
      -77.26442320414249,
      38.90086210503313
     ],
     [
      -77.26442218538202,
      38.90086173668513
     ],
     [
      -77.26442062808893,
      38.90086110583289
     ],
     [
      -77.26441853226325,
      38.900860212476346
     ],
     [
      -77.26441589790502,
      38.9008590566155
     ],
     [
      -77.26441359333546,
      38.90085799386084
     ],
     [
      -77.26441161855456,
      38.900857024212435
     ],
     [
      -77.26440997356227,
      38.90085614767026
     ],
     [
      -77.26440865835858,
      38.90085536423434
     ],
     [
      -77.26440734173732,
      38.90085456756144
     ],
     [
      -77.26440602369856,
      38.90085375765157
     ],
     [
      -77.26440470424221,
      38.900852934504734
     ],
     [
      -77.26440338336833,
      38.90085209812091
     ],
     [
      -77.26440189339462,
      38.90085116801477
     ],
     [
      -77.26440023432109,
      38.90085014418629
     ],
     [
      -77.26439840614778,
      38.90084902663547
     ],
     [
      -77.26439640887467,
      38.900847815362276
     ],
     [
      -77.26439475120227,
      38.90084680028782
     ],
     [
      -77.26439343313054,
      38.90084598141209
     ],
     [
      -77.26439245465946,
      38.90084535873509
     ],
     [
      -77.26439181578901,
      38.900844932256824
     ],
     [
      -77.26439070494897,
      38.90084420701707
     ],
     [
      -77.26438912213935,
      38.90084318301583
     ],
     [
      -77.26438706736022,
      38.90084186025309
     ],
     [
      -77.2643845406116,
      38.90084023872882
     ],
     [
      -77.2643826181404,
      38.90083900201516
     ],
     [
      -77.26438129994655,
      38.900838150112186
     ],
     [
      -77.26438058602999,
      38.90083768301989
     ],
     [
      -77.26438047639071,
      38.90083760073829
     ],
     [
      -77.26437978711445,
      38.90083704724162
     ],
     [
      -77.26437851820121,
      38.90083602252989
     ],
     [
      -77.26437666965103,
      38.90083452660304
     ],
     [
      -77.26437424146403,
      38.90083255946109
     ],
     [
      -77.26437236786612,
      38.90083103994293
     ],
     [
      -77.26437104885721,
      38.90082996804859
     ],
     [
      -77.26437028443728,
      38.90082934377809
     ],
     [
      -77.26437007460629,
      38.900829167131434
     ],
     [
      -77.26436931161042,
      38.900828566505645
     ],
     [
      -77.26436799544969,
      38.90082754190072
     ],
     [
      -77.26436612612414,
      38.90082609331661
     ],
     [
      -77.26436370363388,
      38.900824220753314
     ],
     [
      -77.2643618329874,
      38.90082277630063
     ],
     [
      -77.2643605141847,
      38.900821759958596
     ],
     [
      -77.26435974722568,
      38.900821171727216
     ],
     [
      -77.26435953211035,
      38.90082101160651
     ],
     [
      -77.26435871186126,
      38.900820515225085
     ],
     [
      -77.26435728647844,
      38.900819682582906
     ],
     [
      -77.26435525596195,
      38.900818513679965
     ],
     [
      -77.26435262031183,
      38.900817008516235
     ],
     [
      -77.2643504816067,
      38.90081578415204
     ],
     [
      -77.26434883984653,
      38.900814840587394
     ],
     [
      -77.2643476950313,
      38.90081417782232
     ],
     [
      -77.26434704716095,
      38.900813795856834
     ],
     [
      -77.26434606412752,
      38.90081317844241
     ],
     [
      -77.26434474593103,
      38.900812325579075
     ],
     [
      -77.26434309257148,
      38.90081123726677
     ],
     [
      -77.26434110404892,
      38.90080991350551
     ],
     [
      -77.26433933988059,
      38.90080873957527
     ],
     [
      -77.26433780006647,
      38.90080771547604
     ],
     [
      -77.26433648460652,
      38.900806841207874
     ],
     [
      -77.26433539350073,
      38.90080611677074
     ],
     [
      -77.26433418868612,
      38.900805283971394
     ],
     [
      -77.2643328701627,
      38.90080434280983
     ],
     [
      -77.26433143793051,
      38.90080329328607
     ],
     [
      -77.26432989198953,
      38.90080213540007
     ],
     [
      -77.26432837305886,
      38.90080104435322
     ],
     [
      -77.2643268811385,
      38.900800020145496
     ],
     [
      -77.26432541622844,
      38.90079906277689
     ],
     [
      -77.26432397832868,
      38.90079817224742
     ],
     [
      -77.26432260030356,
      38.90079730667982
     ],
     [
      -77.26432128215305,
      38.90079646607408
     ],
     [
      -77.26432002387718,
      38.900795650430176
     ],
     [
      -77.2643188254759,
      38.900794859748146
     ],
     [
      -77.26431738675987,
      38.90079395251485
     ],
     [
      -77.26431570772911,
      38.90079292873033
     ],
     [
      -77.26431378838362,
      38.900791788394535
     ],
     [
      -77.26431162872342,
      38.90079053150747
     ],
     [
      -77.26430988994294,
      38.90078951641368
     ],
     [
      -77.2643085720421,
      38.90078874311323
     ],
     [
      -77.26430767502092,
      38.90078821160611
     ],
     [
      -77.26430719887935,
      38.900787921892345
     ],
     [
      -77.26430618269762,
      38.90078728417741
     ],
     [
      -77.26430462647579,
      38.90078629846133
     ],
     [
      -77.26430253021388,
      38.90078496474404
     ],
     [
      -77.26429989391194,
      38.90078328302556
     ],
     [
      -77.26429788543824,
      38.90078200263413
     ],
     [
      -77.26429650479268,
      38.90078112356976
     ],
     [
      -77.26429575197523,
      38.90078064583253
     ],
     [
      -77.26429562698584,
      38.900780569422395
     ],
     [
      -77.26429490600344,
      38.90077999974214
     ],
     [
      -77.26429358902804,
      38.90077893679177
     ],
     [
      -77.26429167605971,
      38.90077738057123
     ],
     [
      -77.26428916709853,
      38.90077533108051
     ],
     [
      -77.26428728437527,
      38.90077379306709
     ],
     [
      -77.2642860278899,
      38.900772766530956
     ],
     [
      -77.26428539764233,
      38.90077225147219
     ],
     [
      -77.26428539363255,
      38.90077224789077
     ],
     [
      -77.26428473163008,
      38.90077184641103
     ],
     [
      -77.26428341163499,
      38.90077104703296
     ],
     [
      -77.2642814336473,
      38.90076984975655
     ],
     [
      -77.26427879766705,
      38.90076825458176
     ],
     [
      -77.26427656147969,
      38.900766946177406
     ],
     [
      -77.26427472508519,
      38.9007659245435
     ],
     [
      -77.26427328848347,
      38.9007651896801
     ],
     [
      -77.26427225167451,
      38.90076474158719
     ],
     [
      -77.26427107490854,
      38.900764289735264
     ],
     [
      -77.26426975818553,
      38.900763834124305
     ],
     [
      -77.26426830150552,
      38.90076337475435
     ],
     [
      -77.2642667048685,
      38.90076291162536
     ],
     [
      -77.26426484889103,
      38.90076229915904
     ],
     [
      -77.26426273357316,
      38.90076153735539
     ],
     [
      -77.2642603589149,
      38.90076062621438
     ],
     [
      -77.26425772491628,
      38.90075956573598
     ],
     [
      -77.26425532605363,
      38.900758640837424
     ],
     [
      -77.26425316232694,
      38.90075785151872
     ],
     [
      -77.26425123373618,
      38.90075719777988
     ],
     [
      -77.26424954028133,
      38.90075667962091
     ],
     [
      -77.26424803530593,
      38.90075622333883
     ],
     [
      -77.26424671880994,
      38.90075582893364
     ],
     [
      -77.26424559079341,
      38.90075549640536
     ],
     [
      -77.26424465125629,
      38.900755225753976
     ],
     [
      -77.26424328877495,
      38.90075493879748
     ],
     [
      -77.26424150334938,
      38.90075463553586
     ],
     [
      -77.26423929497962,
      38.900754315969074
     ],
     [
      -77.26423666366566,
      38.90075398009711
     ],
     [
      -77.2642340325587,
      38.90075370010518
     ],
     [
      -77.26423140165876,
      38.90075347599331
     ],
     [
      -77.26422877096583,
      38.90075330776147
     ],
     [
      -77.26422614047988,
      38.90075319540966
     ],
     [
      -77.26422374415887,
      38.90075329532885
     ],
     [
      -77.26422158200275,
      38.900753607519036
     ],
     [
      -77.26421965401151,
      38.900754131980214
     ],
     [
      -77.26421796018515,
      38.90075486871241
     ],
     [
      -77.26421645715911,
      38.90075561629979
     ],
     [
      -77.2642151449334,
      38.900756374742365
     ],
     [
      -77.26421402350803,
      38.900757144040114
     ],
     [
      -77.26421309288298,
      38.90075792419308
     ],
     [
      -77.26421212396016,
      38.90075882920019
     ],
     [
      -77.26421111673957,
      38.90075985906149
     ],
     [
      -77.26421007122119,
      38.90076101377693
     ],
     [
      -77.26420898740503,
      38.90076229334653
     ],
     [
      -77.26420798479394,
      38.90076376724452
     ],
     [
      -77.26420706338794,
      38.90076543547091
     ],
     [
      -77.26420622318702,
      38.90076729802573
     ],
     [
      -77.26420546419119,
      38.90076935490891
     ],
     [
      -77.26420470276767,
      38.900771315669814
     ],
     [
      -77.2642039389165,
      38.900773180308406
     ],
     [
      -77.26420317263762,
      38.900774948824704
     ],
     [
      -77.2642024039311,
      38.900776621218704
     ],
     [
      -77.26420178741404,
      38.900777971732424
     ],
     [
      -77.2642013230865,
      38.90077900036585
     ],
     [
      -77.26420101094844,
      38.90077970711898
     ],
     [
      -77.2642008509999,
      38.900780091991855
     ],
     [
      -77.26420057547257,
      38.90078089478999
     ],
     [
      -77.26420018436644,
      38.90078211551339
     ],
     [
      -77.26419967768149,
      38.900783754162056
     ],
     [
      -77.26419905541769,
      38.90078581073599
     ],
     [
      -77.26419837649202,
      38.90078786743805
     ],
     [
      -77.26419764090444,
      38.90078992426825
     ],
     [
      -77.26419684865496,
      38.90079198122659
     ],
     [
      -77.26419599974359,
      38.90079403831306
     ],
     [
      -77.26419511868258,
      38.900795903543674
     ],
     [
      -77.26419420547192,
      38.90079757691845
     ],
     [
      -77.26419326011164,
      38.900799058437386
     ],
     [
      -77.26419228260174,
      38.900800348100454
     ],
     [
      -77.26419136175649,
      38.9008015077008
     ],
     [
      -77.26419049757591,
      38.9008025372384
     ],
     [
      -77.26418969006002,
      38.90080343671331
     ],
     [
      -77.26418893920881,
      38.90080420612547
     ],
     [
      -77.26418790849507,
      38.90080519290187
     ],
     [
      -77.2641865979188,
      38.90080639704246
     ],
     [
      -77.26418500747997,
      38.90080781854727
     ],
     [
      -77.26418313717853,
      38.90080945741629
     ],
     [
      -77.26418162849814,
      38.90081079193939
     ],
     [
      -77.2641804814388,
      38.90081182211664
     ],
     [
      -77.26417969600055,
      38.90081254794799
     ],
     [
      -77.26417927218341,
      38.900812969433474
     ],
     [
      -77.26417869056371,
      38.90081379993572
     ],
     [
      -77.26417795114142,
      38.90081503945467
     ],
     [
      -77.26417705391651,
      38.90081668799033
     ],
     [
      -77.26417599888899,
      38.90081874554276
     ],
     [
      -77.26417526420926,
      38.900820802370745
     ],
     [
      -77.26417484987738,
      38.900822858474335
     ],
     [
      -77.26417475589336,
      38.90082491385351
     ],
     [
      -77.26417498225723,
      38.90082696850832
     ],
     [
      -77.26417520775139,
      38.90082902316507
     ],
     [
      -77.2641754323758,
      38.90083107782378
     ],
     [
      -77.26417565613048,
      38.90083313248447
     ],
     [
      -77.26417587901543,
      38.900835187147116
     ],
     [
      -77.2641761364279,
      38.90083724173171
     ],
     [
      -77.26417642836792,
      38.900839296238196
     ],
     [
      -77.26417675483547,
      38.90084135066662
     ],
     [
      -77.26417711583056,
      38.90084340501695
     ],
     [
      -77.26417756279966,
      38.90084523487187
     ],
     [
      -77.26417809574276,
      38.90084684023136
     ],
     [
      -77.26417871465988,
      38.90084822109541
     ],
     [
      -77.26417941955101,
      38.900849377464034
     ],
     [
      -77.26418005325982,
      38.90085046880399
     ],
     [
      -77.26418061578629,
      38.900851495115255
     ],
     [
      -77.26418110713043,
      38.90085245639784
     ],
     [
      -77.26418152729224,
      38.900853352651744
     ],
     [
      -77.26418228416617,
      38.90085453763489
     ],
     [
      -77.26418337775223,
      38.90085601134725
     ],
     [
      -77.26418480805049,
      38.900857773788815
     ],
     [
      -77.26418657506096,
      38.900859824959596
     ],
     [
      -77.26418801420083,
      38.90086147881285
     ],
     [
      -77.26418912547008,
      38.900862735348575
     ],
     [
      -77.26418990886867,
      38.900863594566815
     ],
     [
      -77.26419036439655,
      38.900864056467576
     ],
     [
      -77.26419104036789,
      38.90086480019602
     ],
     [
      -77.2641919367827,
      38.90086582575216
     ],
     [
      -77.264193053641,
      38.90086713313601
     ],
     [
      -77.26419439094282,
      38.90086872234753
     ],
     [
      -77.26419571987742,
      38.90087026355233
     ],
     [
      -77.2641970404448,
      38.9008717567504
     ],
     [
      -77.26419835264495,
      38.90087320194175
     ],
     [
      -77.26419965647789,
      38.90087459912637
     ],
     [
      -77.26420077906765,
      38.90087581044592
     ],
     [
      -77.26420172041422,
      38.90087683590037
     ],
     [
      -77.2642024805176,
      38.90087767548976
     ],
     [
      -77.26420305937775,
      38.90087832921405
     ],
     [
      -77.26420396315122,
      38.90087933223687
     ],
     [
      -77.26420519183807,
      38.90088068455817
     ],
     [
      -77.26420674543832,
      38.90088238617796
     ],
     [
      -77.264208623952,
      38.900884437096224
     ],
     [
      -77.26421007869087,
      38.90088602225955
     ],
     [
      -77.26421110965487,
      38.90088714166796
     ],
     [
      -77.26421171684397,
      38.90088779532147
     ],
     [
      -77.26421190025815,
      38.90088798322008
     ],
     [
      -77.26421249312767,
      38.90088858982761
     ],
     [
      -77.26421349545257,
      38.90088961514407
     ],
     [
      -77.26421490723287,
      38.90089105916942
     ],
     [
      -77.26421672846864,
      38.900892921903676
     ],
     [
      -77.26421829914845,
      38.90089453987189
     ],
     [
      -77.2642196192723,
      38.9008959130741
     ],
     [
      -77.26422068884013,
      38.90089704151031
     ],
     [
      -77.26422150785191,
      38.900897925180516
     ],
     [
      -77.26422240550947,
      38.90089887970323
     ],
     [
      -77.26422338181277,
      38.90089990507844
     ],
     [
      -77.26422443676186,
      38.90090100130616
     ],
     [
      -77.2642255703567,
      38.900902168386374
     ],
     [
      -77.26422679712192,
      38.900903413073195
     ],
     [
      -77.26422811705751,
      38.900904735366616
     ],
     [
      -77.26422953016349,
      38.90090613526661
     ],
     [
      -77.26423103643987,
      38.90090761277321
     ],
     [
      -77.26423231308827,
      38.90090886413409
     ],
     [
      -77.26423336010868,
      38.900909889349286
     ],
     [
      -77.26423417750105,
      38.900910688418776
     ],
     [
      -77.26423476526539,
      38.900911261342586
     ],
     [
      -77.26423571890012,
      38.90091215080395
     ],
     [
      -77.26423703840527,
      38.90091335680288
     ],
     [
      -77.26423872378085,
      38.900914879339375
     ],
     [
      -77.26424077502692,
      38.90091671841336
     ],
     [
      -77.2642423722027,
      38.900918150449236
     ],
     [
      -77.26424351530814,
      38.900919175446994
     ],
     [
      -77.26424420434317,
      38.90091979340667
     ],
     [
      -77.2642444393078,
      38.90092000432825
     ],
     [
      -77.26424521566238,
      38.90092067495366
     ],
     [
      -77.26424653340696,
      38.900921805282906
     ],
     [
      -77.26424839254155,
      38.90092339531596
     ],
     [
      -77.26425079306625,
      38.90092544505278
     ],
     [
      -77.26425259420257,
      38.900926983006514
     ],
     [
      -77.26425379595044,
      38.9009280091772
     ],
     [
      -77.26425439830979,
      38.90092852356483
     ]
    ]
   },
   "properties": {
    "id": "ct-9",
    "kind": "Contour",
    "sourceId": "contours",
    "reliabilityLevel": 1,
    "revision": 1,
    "engineeringGeometry": {
     "crs": "EPSG:2248",
     "crsName": "NAD83 / Maryland State Plane (US survey feet)",
     "datum": "NAD83",
     "unit": "usSurveyFoot",
     "coordinates": [
      [
       1237218.7435660732,
       449382.68182091066,
       370
      ],
      [
       1237218.4046761964,
       449382.90475242736,
       370
      ],
      [
       1237218.0304330927,
       449383.17251254525,
       370
      ],
      [
       1237217.6208367618,
       449383.4851012643,
       370
      ],
      [
       1237217.175887204,
       449383.8425185845,
       370
      ],
      [
       1237216.7484982526,
       449384.2083487965,
       370
      ],
      [
       1237216.3386699078,
       449384.58259190037,
       370
      ],
      [
       1237215.9464021695,
       449384.965247896,
       370
      ],
      [
       1237215.5716950374,
       449385.3563167835,
       370
      ],
      [
       1237215.1972199196,
       449385.75633077224,
       370
      ],
      [
       1237214.822976816,
       449386.1652898622,
       370
      ],
      [
       1237214.448965726,
       449386.58319405344,
       370
      ],
      [
       1237214.0751866503,
       449387.0100433459,
       370
      ],
      [
       1237213.7286225539,
       449387.4105895441,
       370
      ],
      [
       1237213.4092734372,
       449387.7848326479,
       370
      ],
      [
       1237213.1171393003,
       449388.1327726574,
       370
      ],
      [
       1237212.8522201432,
       449388.45440957265,
       370
      ],
      [
       1237212.5326390127,
       449388.83914126706,
       370
      ],
      [
       1237212.1583959088,
       449389.28696774074,
       370
      ],
      [
       1237211.7294908317,
       449389.79788899375,
       370
      ],
      [
       1237211.2459237813,
       449390.371905026,
       370
      ],
      [
       1237210.8196872682,
       449390.8460345941,
       370
      ],
      [
       1237210.4507812918,
       449391.22027769795,
       370
      ],
      [
       1237210.1392058528,
       449391.49463433755,
       370
      ],
      [
       1237209.8849609508,
       449391.6691045129,
       370
      ],
      [
       1237209.5707169478,
       449391.8584103557,
       370
      ],
      [
       1237209.196473844,
       449392.0625518659,
       370
      ],
      [
       1237208.7622316391,
       449392.2815290435,
       370
      ],
      [
       1237208.2679903337,
       449392.5153418885,
       370
      ],
      [
       1237207.7101878026,
       449392.7407270336,
       370
      ],
      [
       1237207.088824046,
       449392.9576844788,
       370
      ],
      [
       1237206.4038990638,
       449393.166214224,
       370
      ],
      [
       1237205.655412856,
       449393.3663162694,
       370
      ],
      [
       1237204.9404377518,
       449393.5950356327,
       370
      ],
      [
       1237204.2589737512,
       449393.8523723141,
       370
      ],
      [
       1237203.611020854,
       449394.13832631346,
       370
      ],
      [
       1237202.9965790603,
       449394.45289763075,
       370
      ],
      [
       1237202.5022366114,
       449394.7134036648,
       370
      ],
      [
       1237202.1279935078,
       449394.9198444156,
       370
      ],
      [
       1237201.8738497489,
       449395.0722198831,
       370
      ],
      [
       1237201.739805335,
       449395.17053006735,
       370
      ],
      [
       1237201.4521504724,
       449395.39464847406,
       370
      ],
      [
       1237201.0108851618,
       449395.7445751034,
       370
      ],
      [
       1237200.4160094024,
       449396.22030995507,
       370
      ],
      [
       1237199.6675231946,
       449396.8218530293,
       370
      ],
      [
       1237199.0894490054,
       449397.2851685723,
       370
      ],
      [
       1237198.6817868347,
       449397.6102565839,
       370
      ],
      [
       1237198.4445366827,
       449397.79711706436,
       370
      ],
      [
       1237198.377698549,
       449397.8457500136,
       370
      ],
      [
       1237198.1571579305,
       449397.9824957403,
       370
      ],
      [
       1237197.7829148266,
       449398.2073542443,
       370
      ],
      [
       1237197.2549692376,
       449398.5203255258,
       370
      ],
      [
       1237196.5733211637,
       449398.92140958447,
       370
      ],
      [
       1237195.9127551604,
       449399.3090731658,
       370
      ],
      [
       1237195.2732712284,
       449399.68331626966,
       370
      ],
      [
       1237194.6548693671,
       449400.04413889605,
       370
      ],
      [
       1237194.0575495767,
       449400.39154104487,
       370
      ],
      [
       1237193.5717681297,
       449400.6695886055,
       370
      ],
      [
       1237193.1975250258,
       449400.8782815781,
       370
      ],
      [
       1237192.9348202653,
       449401.0176199624,
       370
      ],
      [
       1237192.7836538479,
       449401.0876037586,
       370
      ],
      [
       1237192.483157483,
       449401.2109806313,
       370
      ],
      [
       1237192.0333311704,
       449401.3877505803,
       370
      ],
      [
       1237191.4341749102,
       449401.6179136058,
       370
      ],
      [
       1237190.6856887029,
       449401.9014697078,
       370
      ],
      [
       1237189.937202495,
       449402.19413539063,
       370
      ],
      [
       1237189.1887162873,
       449402.4959106545,
       370
      ],
      [
       1237188.4402300795,
       449402.8067954993,
       370
      ],
      [
       1237187.6917438721,
       449403.12678992504,
       370
      ],
      [
       1237187.0865675923,
       449403.3855237153,
       370
      ],
      [
       1237186.62470124,
       449403.58299687004,
       370
      ],
      [
       1237186.3061448159,
       449403.7192093893,
       370
      ],
      [
       1237186.1308983197,
       449403.7941612731,
       370
      ],
      [
       1237185.8561535194,
       449403.9148859451,
       370
      ],
      [
       1237185.4819104157,
       449404.08138340525,
       370
      ],
      [
       1237185.0081690082,
       449404.2936536537,
       370
      ],
      [
       1237184.4349292966,
       449404.5516966903,
       370
      ],
      [
       1237183.8178779613,
       449404.84195552755,
       370
      ],
      [
       1237183.1570150019,
       449405.1644301652,
       370
      ],
      [
       1237182.4523404182,
       449405.51912060345,
       370
      ],
      [
       1237181.7038542107,
       449405.9060268423,
       370
      ],
      [
       1237181.0884414578,
       449406.22209075454,
       370
      ],
      [
       1237180.60610216,
       449406.46731234004,
       370
      ],
      [
       1237180.2568363168,
       449406.6416915989,
       370
      ],
      [
       1237180.0406439283,
       449406.7452285311,
       370
      ],
      [
       1237179.7454261822,
       449406.88283237925,
       370
      ],
      [
       1237179.3711830783,
       449407.0545031433,
       370
      ],
      [
       1237178.9179146166,
       449407.2602408233,
       370
      ],
      [
       1237178.3856207973,
       449407.50004541926,
       370
      ],
      [
       1237177.799278881,
       449407.74740382854,
       370
      ],
      [
       1237177.1588888674,
       449408.0023160511,
       370
      ],
      [
       1237176.4644507568,
       449408.264782087,
       370
      ],
      [
       1237175.7159645495,
       449408.53480193624,
       370
      ],
      [
       1237175.0369445474,
       449408.7969822638,
       370
      ],
      [
       1237174.4273907512,
       449409.05132306967,
       370
      ],
      [
       1237173.8873031607,
       449409.29782435385,
       370
      ],
      [
       1237173.416681776,
       449409.53648611635,
       370
      ],
      [
       1237172.994249532,
       449409.744837848,
       370
      ],
      [
       1237172.620006428,
       449409.92287954874,
       370
      ],
      [
       1237172.2939524646,
       449410.07061121863,
       370
      ],
      [
       1237172.0160876415,
       449410.18803285767,
       370
      ],
      [
       1237171.6205674722,
       449410.3800512179,
       370
      ],
      [
       1237171.1073919572,
       449410.64666629944,
       370
      ],
      [
       1237170.4765610956,
       449410.98787810217,
       370
      ],
      [
       1237169.728074888,
       449411.4036866261,
       370
      ],
      [
       1237169.0471855872,
       449411.7693570303,
       370
      ],
      [
       1237168.4338931937,
       449412.0848893146,
       370
      ],
      [
       1237167.888197707,
       449412.3502834791,
       370
      ],
      [
       1237167.4100991273,
       449412.5655395238,
       370
      ],
      [
       1237166.9839282855,
       449412.7555027369,
       370
      ],
      [
       1237166.6096851816,
       449412.92017311853,
       370
      ],
      [
       1237166.2873698156,
       449413.0595506686,
       370
      ],
      [
       1237166.0169821875,
       449413.1736353871,
       370
      ],
      [
       1237165.6728664495,
       449413.4177992983,
       370
      ],
      [
       1237165.2550226012,
       449413.7920424021,
       370
      ],
      [
       1237164.7634506426,
       449414.29636469856,
       370
      ],
      [
       1237164.1981505738,
       449414.9307661878,
       370
      ],
      [
       1237163.7746919836,
       449415.5936888566,
       370
      ],
      [
       1237163.493074872,
       449416.28513270494,
       370
      ],
      [
       1237163.3532992392,
       449417.005097733,
       370
      ],
      [
       1237163.3553650847,
       449417.7535839406,
       370
      ],
      [
       1237163.4367114736,
       449418.50207014824,
       370
      ],
      [
       1237163.5973384057,
       449419.25055635604,
       370
      ],
      [
       1237163.8372458809,
       449419.99904256366,
       370
      ],
      [
       1237164.1564338994,
       449420.7475287713,
       370
      ],
      [
       1237164.4568364643,
       449421.4125705165,
       370
      ],
      [
       1237164.7384535759,
       449421.99416779925,
       370
      ],
      [
       1237165.001285234,
       449422.4923206196,
       370
      ],
      [
       1237165.2453314387,
       449422.9070289774,
       370
      ],
      [
       1237165.4784252958,
       449423.30150470824,
       370
      ],
      [
       1237165.7005668052,
       449423.6757478121,
       370
      ],
      [
       1237165.911755967,
       449424.0297582889,
       370
      ],
      [
       1237166.111992781,
       449424.3635361387,
       370
      ],
      [
       1237166.3474579537,
       449424.800991078,
       370
      ],
      [
       1237166.618151485,
       449425.3421231068,
       370
      ],
      [
       1237166.9240733748,
       449425.986932225,
       370
      ],
      [
       1237167.2652236237,
       449426.7354184327,
       370
      ],
      [
       1237167.5704076833,
       449427.48390464036,
       370
      ],
      [
       1237167.839625554,
       449428.23239084805,
       370
      ],
      [
       1237168.0728772357,
       449428.9808770557,
       370
      ],
      [
       1237168.270162729,
       449429.7293632634,
       370
      ],
      [
       1237168.4033267477,
       449430.4778494711,
       370
      ],
      [
       1237168.472369292,
       449431.2263356787,
       370
      ],
      [
       1237168.4772903621,
       449431.9748218864,
       370
      ],
      [
       1237168.4180899574,
       449432.7233080941,
       370
      ],
      [
       1237168.3473845492,
       449433.47179430176,
       370
      ],
      [
       1237168.265174137,
       449434.2202805093,
       370
      ],
      [
       1237168.1714587212,
       449434.968766717,
       370
      ],
      [
       1237168.066238301,
       449435.7172529247,
       370
      ],
      [
       1237167.9883732062,
       449436.46573913237,
       370
      ],
      [
       1237167.937863436,
       449437.21422534,
       370
      ],
      [
       1237167.914708991,
       449437.9627115477,
       370
      ],
      [
       1237167.918909871,
       449438.71119775536,
       370
      ],
      [
       1237167.9460209974,
       449439.45968396304,
       370
      ],
      [
       1237167.9960423699,
       449440.2081701707,
       370
      ],
      [
       1237168.068973989,
       449440.9566563784,
       370
      ],
      [
       1237168.1648158545,
       449441.7051425861,
       370
      ],
      [
       1237168.2552451864,
       449442.3515046752,
       370
      ],
      [
       1237168.3402619844,
       449442.8957426458,
       370
      ],
      [
       1237168.419866249,
       449443.33785649785,
       370
      ],
      [
       1237168.49405798,
       449443.6778462314,
       370
      ],
      [
       1237168.5700808861,
       449444.03496265004,
       370
      ],
      [
       1237168.647934968,
       449444.4092057538,
       370
      ],
      [
       1237168.7276202247,
       449444.8005755428,
       370
      ],
      [
       1237168.8091366568,
       449445.20907201705,
       370
      ],
      [
       1237168.8556507663,
       449445.7025659246,
       370
      ],
      [
       1237168.867162553,
       449446.28105726547,
       370
      ],
      [
       1237168.8436720169,
       449446.9445460398,
       370
      ],
      [
       1237168.7851791584,
       449447.6930322474,
       370
      ],
      [
       1237168.7355536208,
       449448.26965401514,
       370
      ],
      [
       1237168.6947954048,
       449448.67441134294,
       370
      ],
      [
       1237168.66290451,
       449448.90730423084,
       370
      ],
      [
       1237168.6398809366,
       449448.9683326787,
       370
      ],
      [
       1237168.527711317,
       449449.1859684546,
       370
      ],
      [
       1237168.3263956509,
       449449.5602115585,
       370
      ],
      [
       1237168.0359339386,
       449450.09106199024,
       370
      ],
      [
       1237167.6563261796,
       449450.77851975,
       370
      ],
      [
       1237167.2794007484,
       449451.4244828703,
       370
      ],
      [
       1237166.9051576448,
       449452.0289513512,
       370
      ],
      [
       1237166.5335968682,
       449452.5919251927,
       370
      ],
      [
       1237166.1647184193,
       449453.1134043948,
       370
      ],
      [
       1237165.7009380306,
       449453.559791082,
       370
      ],
      [
       1237165.142255702,
       449453.93108525424,
       370
      ],
      [
       1237164.488671434,
       449454.22728691157,
       370
      ],
      [
       1237163.7401852268,
       449454.448396054,
       370
      ],
      [
       1237163.166603214,
       449454.6157023766,
       370
      ],
      [
       1237162.767925396,
       449454.7292058795,
       370
      ],
      [
       1237162.5441517737,
       449454.78890656243,
       370
      ],
      [
       1237162.495282346,
       449454.79480442556,
       370
      ],
      [
       1237162.2837260803,
       449454.8205147219,
       370
      ],
      [
       1237161.9094829764,
       449454.86603745125,
       370
      ],
      [
       1237161.3725530345,
       449454.9313726139,
       370
      ],
      [
       1237160.6729362544,
       449455.0165202096,
       370
      ],
      [
       1237159.9611021173,
       449455.1364523554,
       370
      ],
      [
       1237159.2370506236,
       449455.2911690513,
       370
      ],
      [
       1237158.5007817727,
       449455.4806702972,
       370
      ],
      [
       1237157.7522955653,
       449455.7049560932,
       370
      ],
      [
       1237157.0038093575,
       449455.9489439918,
       370
      ],
      [
       1237156.2553231497,
       449456.21263399295,
       370
      ],
      [
       1237155.5068369422,
       449456.49602609663,
       370
      ],
      [
       1237154.7583507346,
       449456.7991203027,
       370
      ],
      [
       1237154.1407488566,
       449457.0604306098,
       370
      ],
      [
       1237153.6540313084,
       449457.27995701774,
       370
      ],
      [
       1237153.2981980897,
       449457.4576995266,
       370
      ],
      [
       1237153.0732492006,
       449457.59365813644,
       370
      ],
      [
       1237152.773653204,
       449457.8425524448,
       370
      ],
      [
       1237152.3994101002,
       449458.2043824516,
       370
      ],
      [
       1237151.950519889,
       449458.679148157,
       370
      ],
      [
       1237151.4269825702,
       449459.26684956107,
       370
      ],
      [
       1237151.0118545145,
       449459.74782181496,
       370
      ],
      [
       1237150.7051357222,
       449460.12206491875,
       370
      ],
      [
       1237150.5068261926,
       449460.38957887253,
       370
      ],
      [
       1237150.4169259262,
       449460.5503636762,
       370
      ],
      [
       1237150.3058845252,
       449460.8580738309,
       370
      ],
      [
       1237150.17370199,
       449461.3127093365,
       370
      ],
      [
       1237150.02037832,
       449461.9142701932,
       370
      ],
      [
       1237149.8459135154,
       449462.6627564009,
       370
      ],
      [
       1237149.6929186576,
       449463.41124260856,
       370
      ],
      [
       1237149.5613937457,
       449464.1597288161,
       370
      ],
      [
       1237149.4513387806,
       449464.9082150238,
       370
      ],
      [
       1237149.3627537615,
       449465.6567012315,
       370
      ],
      [
       1237149.2750733248,
       449466.4051874392,
       370
      ],
      [
       1237149.188297471,
       449467.1536736468,
       370
      ],
      [
       1237149.1024261995,
       449467.9021598545,
       370
      ],
      [
       1237149.0174595106,
       449468.65064606216,
       370
      ],
      [
       1237148.9100290583,
       449469.39913226984,
       370
      ],
      [
       1237148.7801348432,
       449470.14761847747,
       370
      ],
      [
       1237148.6277768645,
       449470.89610468515,
       370
      ],
      [
       1237148.452955122,
       449471.6445908929,
       370
      ],
      [
       1237148.287901894,
       449472.2483773106,
       370
      ],
      [
       1237148.1326171795,
       449472.70746393816,
       370
      ],
      [
       1237147.9871009788,
       449473.0218507758,
       370
      ],
      [
       1237147.8513532921,
       449473.1915378234,
       370
      ],
      [
       1237147.562420975,
       449473.40808019036,
       370
      ],
      [
       1237147.1203040278,
       449473.6714778767,
       370
      ],
      [
       1237146.5250024502,
       449473.98173088237,
       370
      ],
      [
       1237145.7765162424,
       449474.3388392074,
       370
      ],
      [
       1237145.1158671393,
       449474.6620931599,
       370
      ],
      [
       1237144.5430551413,
       449474.95149273996,
       370
      ],
      [
       1237144.0580802476,
       449475.2070379475,
       370
      ],
      [
       1237143.660942459,
       449475.4287287825,
       370
      ],
      [
       1237143.3133237674,
       449475.78211846075,
       370
      ],
      [
       1237143.0152241732,
       449476.26720698207,
       370
      ],
      [
       1237142.7666436764,
       449476.8839943466,
       370
      ],
      [
       1237142.567582277,
       449477.6324805542,
       370
      ],
      [
       1237142.487676276,
       449478.38096676185,
       370
      ],
      [
       1237142.5269256732,
       449479.12945296965,
       370
      ],
      [
       1237142.6853304687,
       449479.87793917727,
       370
      ],
      [
       1237142.9628906623,
       449480.6264253849,
       370
      ],
      [
       1237143.2507205564,
       449481.2972060919,
       370
      ],
      [
       1237143.5488201506,
       449481.8902812984,
       370
      ],
      [
       1237143.8571894448,
       449482.40565100417,
       370
      ],
      [
       1237144.1758284392,
       449482.8433152094,
       370
      ],
      [
       1237144.4746638883,
       449483.24926886393,
       370
      ],
      [
       1237144.7536957925,
       449483.6235119677,
       370
      ],
      [
       1237145.0129241513,
       449483.9660445209,
       370
      ],
      [
       1237145.252348965,
       449484.2768665234,
       370
      ],
      [
       1237145.5591829238,
       449484.66444911924,
       370
      ],
      [
       1237145.9334260274,
       449485.1287923085,
       370
      ],
      [
       1237146.3750782763,
       449485.66989609116,
       370
      ],
      [
       1237146.8841396705,
       449486.2877604672,
       370
      ],
      [
       1237147.290692849,
       449486.7838142072,
       370
      ],
      [
       1237147.5947378124,
       449487.15805731097,
       370
      ],
      [
       1237147.7962745598,
       449487.41048977873,
       370
      ],
      [
       1237147.8953030917,
       449487.54111161036,
       370
      ],
      [
       1237148.0580395379,
       449487.826199536,
       370
      ],
      [
       1237148.2844838982,
       449488.2657535556,
       370
      ],
      [
       1237148.5746361725,
       449488.8597736693,
       370
      ],
      [
       1237148.9284963612,
       449489.60825987696,
       370
      ],
      [
       1237149.1989994657,
       449490.35674608464,
       370
      ],
      [
       1237149.3861454865,
       449491.1052322923,
       370
      ],
      [
       1237149.489934423,
       449491.8537185,
       370
      ],
      [
       1237149.5103662757,
       449492.6022047077,
       370
      ],
      [
       1237149.4731925433,
       449493.35069091537,
       370
      ],
      [
       1237149.3784132265,
       449494.09917712293,
       370
      ],
      [
       1237149.2260283246,
       449494.8476633306,
       370
      ],
      [
       1237149.016037838,
       449495.5961495383,
       370
      ],
      [
       1237148.7927124514,
       449496.26034212054,
       370
      ],
      [
       1237148.5560521646,
       449496.84024107736,
       370
      ],
      [
       1237148.3060569782,
       449497.3358464088,
       370
      ],
      [
       1237148.0427268916,
       449497.7471581148,
       370
      ],
      [
       1237147.789569025,
       449498.1399355198,
       370
      ],
      [
       1237147.5465833785,
       449498.5141786236,
       370
      ],
      [
       1237147.3137699517,
       449498.8698874264,
       370
      ],
      [
       1237147.0911287449,
       449499.207061928,
       370
      ],
      [
       1237146.7926865895,
       449499.6058098746,
       370
      ],
      [
       1237146.4184434859,
       449500.0661312663,
       370
      ],
      [
       1237145.9683994334,
       449500.588026103,
       370
      ],
      [
       1237145.4425544324,
       449501.1714943846,
       370
      ],
      [
       1237144.9968287768,
       449501.65035007737,
       370
      ],
      [
       1237144.6312224667,
       449502.0245931812,
       370
      ],
      [
       1237144.345735502,
       449502.2942236961,
       370
      ],
      [
       1237144.1403678828,
       449502.4592416221,
       370
      ],
      [
       1237143.850562521,
       449502.7177831242,
       370
      ],
      [
       1237143.4763194171,
       449503.06984820234,
       370
      ],
      [
       1237143.017638571,
       449503.51543685654,
       370
      ],
      [
       1237142.4745199827,
       449504.0545490868,
       370
      ],
      [
       1237141.9456562195,
       449504.5112267538,
       370
      ],
      [
       1237141.4310472815,
       449504.8854698577,
       370
      ],
      [
       1237140.9306931684,
       449505.1772783983,
       370
      ],
      [
       1237140.4445938806,
       449505.3866523757,
       370
      ],
      [
       1237140.014422685,
       449505.58006188413,
       370
      ],
      [
       1237139.640179581,
       449505.75750692375,
       370
      ],
      [
       1237139.321864569,
       449505.9189874943,
       370
      ],
      [
       1237139.0594776492,
       449506.06450359593,
       370
      ],
      [
       1237138.7143623217,
       449506.13726164674,
       370
      ],
      [
       1237138.286518586,
       449506.13726164674,
       370
      ],
      [
       1237137.7759464425,
       449506.06450359593,
       370
      ],
      [
       1237137.1826458913,
       449505.9189874943,
       370
      ],
      [
       1237136.6988740638,
       449505.7980097333,
       370
      ],
      [
       1237136.32463096,
       449505.70157031284,
       370
      ],
      [
       1237136.0599165799,
       449505.6296692331,
       370
      ],
      [
       1237135.9047309235,
       449505.582306494,
       370
      ],
      [
       1237135.6012201295,
       449505.4766176535,
       370
      ],
      [
       1237135.1493841973,
       449505.3126027115,
       370
      ],
      [
       1237134.5492231273,
       449505.0902616681,
       370
      ],
      [
       1237133.80073692,
       449504.80959452305,
       370
      ],
      [
       1237133.0522507122,
       449504.6074495349,
       370
      ],
      [
       1237132.3037645044,
       449504.4838267034,
       370
      ],
      [
       1237131.5552782966,
       449504.43872602866,
       370
      ],
      [
       1237130.8067920892,
       449504.47214751056,
       370
      ],
      [
       1237130.0583058815,
       449504.5529939423,
       370
      ],
      [
       1237129.3098196737,
       449504.6812653239,
       370
      ],
      [
       1237128.5613334659,
       449504.85696165526,
       370
      ],
      [
       1237127.8128472585,
       449505.08008293645,
       370
      ],
      [
       1237127.1709277397,
       449505.2652956776,
       370
      ],
      [
       1237126.63557491,
       449505.4125998787,
       370
      ],
      [
       1237126.2067887695,
       449505.52199553966,
       370
      ],
      [
       1237125.8845693176,
       449505.5934826605,
       370
      ],
      [
       1237125.5363380397,
       449505.6720953415,
       370
      ],
      [
       1237125.1620949358,
       449505.75783358264,
       370
      ],
      [
       1237124.761840006,
       449505.85069738387,
       370
      ],
      [
       1237124.3355732502,
       449505.9506867453,
       370
      ],
      [
       1237123.8287516313,
       449506.07736403926,
       370
      ],
      [
       1237123.2413751495,
       449506.2307292657,
       370
      ],
      [
       1237122.5734438046,
       449506.41078242485,
       370
      ],
      [
       1237121.8249575973,
       449506.61752351647,
       370
      ],
      [
       1237121.0764713897,
       449506.8497470255,
       370
      ],
      [
       1237120.327985182,
       449507.10745295195,
       370
      ],
      [
       1237119.5794989741,
       449507.3906412958,
       370
      ],
      [
       1237118.8310127663,
       449507.6993120571,
       370
      ],
      [
       1237118.2036696768,
       449507.9640863765,
       370
      ],
      [
       1237117.6974697057,
       449508.1849642538,
       370
      ],
      [
       1237117.3124128527,
       449508.36194568913,
       370
      ],
      [
       1237117.0484991178,
       449508.49503068253,
       370
      ],
      [
       1237116.7294206985,
       449508.658508594,
       370
      ],
      [
       1237116.3551775946,
       449508.85237942345,
       370
      ],
      [
       1237115.9257698061,
       449509.076643171,
       370
      ],
      [
       1237115.4411973336,
       449509.33129983675,
       370
      ],
      [
       1237114.890646427,
       449509.62585980084,
       370
      ],
      [
       1237114.2741170868,
       449509.9603230634,
       370
      ],
      [
       1237113.5916093127,
       449510.3346896245,
       370
      ],
      [
       1237112.843123105,
       449510.7489594839,
       370
      ],
      [
       1237112.2450741353,
       449511.0795517992,
       370
      ],
      [
       1237111.7974624038,
       449511.3264665702,
       370
      ],
      [
       1237111.5002879107,
       449511.4897037969,
       370
      ],
      [
       1237111.353550656,
       449511.56926347944,
       370
      ],
      [
       1237111.0930604767,
       449511.7013709302,
       370
      ],
      [
       1237110.7188173728,
       449511.88602614903,
       370
      ],
      [
       1237110.2308213445,
       449512.12322913617,
       370
      ],
      [
       1237109.629072392,
       449512.4129798915,
       370
      ],
      [
       1237108.9906391255,
       449512.71333154954,
       370
      ],
      [
       1237108.3155215452,
       449513.0242841103,
       370
      ],
      [
       1237107.6037196512,
       449513.34583757375,
       370
      ],
      [
       1237106.855233444,
       449513.67799194,
       370
      ],
      [
       1237106.1994012017,
       449513.95875298616,
       370
      ],
      [
       1237105.6362229246,
       449514.18812071235,
       370
      ],
      [
       1237105.1656986133,
       449514.3660951185,
       370
      ],
      [
       1237104.7878282676,
       449514.49267620465,
       370
      ],
      [
       1237104.4117715426,
       449514.6172189439,
       370
      ],
      [
       1237104.037528439,
       449514.73972333624,
       370
      ],
      [
       1237103.665098956,
       449514.86018938164,
       370
      ],
      [
       1237103.2944830942,
       449514.9786170799,
       370
      ],
      [
       1237102.8293996458,
       449515.13864892675,
       370
      ],
      [
       1237102.2698486112,
       449515.3402849219,
       370
      ],
      [
       1237101.6158299898,
       449515.58352506557,
       370
      ],
      [
       1237100.8673437824,
       449515.86836935754,
       370
      ],
      [
       1237100.1988814832,
       449516.1683061308,
       370
      ],
      [
       1237099.6104430922,
       449516.48333538545,
       370
      ],
      [
       1237099.1020286097,
       449516.8134571214,
       370
      ],
      [
       1237098.673638036,
       449517.15867133864,
       370
      ],
      [
       1237098.2723211972,
       449517.52436936286,
       370
      ],
      [
       1237097.8980780933,
       449517.9105511939,
       370
      ],
      [
       1237097.5509087245,
       449518.31721683184,
       370
      ],
      [
       1237097.2308130907,
       449518.74436627666,
       370
      ],
      [
       1237096.9309349235,
       449519.145062551,
       370
      ],
      [
       1237096.6512742222,
       449519.5193056548,
       370
      ],
      [
       1237096.3918309875,
       449519.8670955882,
       370
      ],
      [
       1237096.1526052193,
       449520.188432351,
       370
      ],
      [
       1237095.845870783,
       449520.59099230985,
       370
      ],
      [
       1237095.4716276794,
       449521.0747754648,
       370
      ],
      [
       1237095.0298759078,
       449521.6397818157,
       370
      ],
      [
       1237094.5206154685,
       449522.2860113626,
       370
      ],
      [
       1237094.1135516225,
       449522.796247688,
       370
      ],
      [
       1237093.8086843693,
       449523.1704907919,
       370
      ],
      [
       1237093.6060137097,
       449523.40874067415,
       370
      ],
      [
       1237093.505539643,
       449523.5109973349,
       370
      ],
      [
       1237093.2681810579,
       449523.76370545896,
       370
      ],
      [
       1237092.8939379542,
       449524.16686504614,
       370
      ],
      [
       1237092.3828103316,
       449524.7204760968,
       370
      ],
      [
       1237091.7347981904,
       449525.42453861074,
       370
      ],
      [
       1237091.236282541,
       449525.9636914196,
       370
      ],
      [
       1237090.8872633828,
       449526.3379345235,
       370
      ],
      [
       1237090.6877407166,
       449526.54726792226,
       370
      ],
      [
       1237090.637714542,
       449526.59169161593,
       370
      ],
      [
       1237090.4255799025,
       449526.7610505653,
       370
      ],
      [
       1237090.0513367986,
       449527.0553447702,
       370
      ],
      [
       1237089.5149852303,
       449527.47457423067,
       370
      ],
      [
       1237088.8165251974,
       449528.01873894676,
       370
      ],
      [
       1237088.2211043942,
       449528.4779428567,
       370
      ],
      [
       1237087.7287228208,
       449528.85218596057,
       370
      ],
      [
       1237087.3393804769,
       449529.1414682583,
       370
      ],
      [
       1237087.0530773625,
       449529.3457897499,
       370
      ],
      [
       1237086.7228042535,
       449529.6043307496,
       370
      ],
      [
       1237086.3485611498,
       449529.91709125746,
       370
      ],
      [
       1237085.9303480512,
       449530.2840712735,
       370
      ],
      [
       1237085.4681649576,
       449530.7052707978,
       370
      ],
      [
       1237085.0553843519,
       449531.10299211176,
       370
      ],
      [
       1237084.692006234,
       449531.4772352156,
       370
      ],
      [
       1237084.378030604,
       449531.82800010924,
       370
      ],
      [
       1237084.1134574618,
       449532.1552867927,
       370
      ],
      [
       1237083.8360823558,
       449532.5878733573,
       370
      ],
      [
       1237083.5459052864,
       449533.1257598028,
       370
      ],
      [
       1237083.2429262532,
       449533.7689461295,
       370
      ],
      [
       1237082.9271452564,
       449534.5174323371,
       370
      ],
      [
       1237082.6506125643,
       449535.2659185447,
       370
      ],
      [
       1237082.4133281768,
       449536.0144047525,
       370
      ],
      [
       1237082.215292094,
       449536.76289096015,
       370
      ],
      [
       1237082.056504316,
       449537.5113771678,
       370
      ],
      [
       1237081.9350774097,
       449538.08664427075,
       370
      ],
      [
       1237081.8510113754,
       449538.4886922689,
       370
      ],
      [
       1237081.804306213,
       449538.7175211624,
       370
      ],
      [
       1237081.7949619226,
       449538.77313095116,
       370
      ],
      [
       1237081.7579130277,
       449538.9880573974,
       370
      ],
      [
       1237081.693159528,
       449539.3623005013,
       370
      ],
      [
       1237081.6007014243,
       449539.8958602627,
       370
      ],
      [
       1237081.4805387158,
       449540.5887366816,
       370
      ],
      [
       1237081.3520807223,
       449541.29551554774,
       370
      ],
      [
       1237081.215327443,
       449542.016196861,
       370
      ],
      [
       1237081.0702788788,
       449542.7507806215,
       370
      ],
      [
       1237080.9169350294,
       449543.4992668292,
       370
      ],
      [
       1237080.7582082753,
       449544.2477530369,
       370
      ],
      [
       1237080.5940986173,
       449544.99623924453,
       370
      ],
      [
       1237080.4246060548,
       449545.7447254522,
       370
      ],
      [
       1237080.2497305882,
       449546.4932116599,
       370
      ],
      [
       1237080.0608603973,
       449547.2416978676,
       370
      ],
      [
       1237079.8579954824,
       449547.9901840752,
       370
      ],
      [
       1237079.641135843,
       449548.7386702829,
       370
      ],
      [
       1237079.4102814796,
       449549.48715649056,
       370
      ],
      [
       1237079.219828252,
       449550.08045773645,
       370
      ],
      [
       1237079.0697761604,
       449550.5185740206,
       370
      ],
      [
       1237078.9601252049,
       449550.80150534294,
       370
      ],
      [
       1237078.8908753854,
       449550.9292517035,
       370
      ],
      [
       1237078.7580965047,
       449551.1802464357,
       370
      ],
      [
       1237078.561788563,
       449551.55448953947,
       370
      ],
      [
       1237078.30195156,
       449552.05198101496,
       370
      ],
      [
       1237077.9785854958,
       449552.672720862,
       370
      ],
      [
       1237077.6301323303,
       449553.32539729925,
       370
      ],
      [
       1237077.2565920637,
       449554.0100103267,
       370
      ],
      [
       1237076.8579646954,
       449554.7265599442,
       370
      ],
      [
       1237076.4342502262,
       449555.4750461519,
       370
      ],
      [
       1237076.1161129558,
       449556.03792547726,
       370
      ],
      [
       1237075.9035528838,
       449556.4151979202,
       370
      ],
      [
       1237075.796570011,
       449556.6068634809,
       370
      ],
      [
       1237075.7951643367,
       449556.6129221592,
       370
      ],
      [
       1237075.7560848426,
       449556.8030730503,
       370
      ],
      [
       1237075.679331529,
       449557.1773161541,
       370
      ],
      [
       1237075.5649043955,
       449557.7356514707,
       370
      ],
      [
       1237075.4128034422,
       449558.478079,
       370
      ],
      [
       1237075.3083844346,
       449559.22202119895,
       370
      ],
      [
       1237075.2516473727,
       449559.96747806744,
       370
      ],
      [
       1237075.2425922565,
       449560.71444960556,
       370
      ],
      [
       1237075.281219086,
       449561.4629358133,
       370
      ],
      [
       1237075.3079768354,
       449562.211422021,
       370
      ],
      [
       1237075.3228655048,
       449562.9599082286,
       370
      ],
      [
       1237075.3258850942,
       449563.7083944363,
       370
      ],
      [
       1237075.3170356038,
       449564.4568806439,
       370
      ],
      [
       1237075.277590576,
       449565.20536685153,
       370
      ],
      [
       1237075.2075500113,
       449565.9538530593,
       370
      ],
      [
       1237075.1069139098,
       449566.70233926695,
       370
      ],
      [
       1237074.9756822714,
       449567.4508254746,
       370
      ],
      [
       1237074.8343276207,
       449568.19931168226,
       370
      ],
      [
       1237074.6828499576,
       449568.9477978899,
       370
      ],
      [
       1237074.5212492826,
       449569.69628409756,
       370
      ],
      [
       1237074.3495255953,
       449570.4447703053,
       370
      ],
      [
       1237074.178046057,
       449571.193256513,
       370
      ],
      [
       1237074.0068106672,
       449571.9417427206,
       370
      ],
      [
       1237073.8358194265,
       449572.6902289283,
       370
      ],
      [
       1237073.6650723345,
       449573.43871513597,
       370
      ],
      [
       1237073.4988969716,
       449574.1776854765,
       370
      ],
      [
       1237073.3372933378,
       449574.9071399498,
       370
      ],
      [
       1237073.1802614331,
       449575.6270785559,
       370
      ],
      [
       1237073.0278012576,
       449576.3375012947,
       370
      ],
      [
       1237072.9107690433,
       449576.87983421603,
       370
      ],
      [
       1237072.82916479,
       449577.25407731987,
       370
      ],
      [
       1237072.7829884975,
       449577.4602306062,
       370
      ],
      [
       1237072.7722401663,
       449577.49829407496,
       370
      ],
      [
       1237072.6971701258,
       449577.7139632285,
       370
      ],
      [
       1237072.5577783757,
       449578.10723806673,
       370
      ],
      [
       1237072.3540649165,
       449578.6781185897,
       370
      ],
      [
       1237072.0860297482,
       449579.42660479737,
       370
      ],
      [
       1237071.8747311211,
       449580.17509100505,
       370
      ],
      [
       1237071.7201690353,
       449580.9235772126,
       370
      ],
      [
       1237071.6223434906,
       449581.6720634203,
       370
      ],
      [
       1237071.5812544874,
       449582.420549628,
       370
      ],
      [
       1237071.6304058605,
       449583.0829080824,
       370
      ],
      [
       1237071.7697976106,
       449583.6591387835,
       370
      ],
      [
       1237071.9994297372,
       449584.1492417314,
       370
      ],
      [
       1237072.31930224,
       449584.553216926,
       370
      ],
      [
       1237072.6717680518,
       449584.9423260752,
       370
      ],
      [
       1237073.0568271722,
       449585.31656917906,
       370
      ],
      [
       1237073.4744796013,
       449585.6759462375,
       370
      ],
      [
       1237073.924725339,
       449586.02045725053,
       370
      ],
      [
       1237074.3369697598,
       449586.3104232439,
       370
      ],
      [
       1237074.7112128637,
       449586.5458442176,
       370
      ],
      [
       1237075.0474546505,
       449586.7267201715,
       370
      ],
      [
       1237075.3456951205,
       449586.85305110575,
       370
      ],
      [
       1237075.756497025,
       449586.9584383251,
       370
      ],
      [
       1237076.2798603638,
       449587.04288182955,
       370
      ],
      [
       1237076.915785137,
       449587.1063816191,
       370
      ],
      [
       1237077.6642713444,
       449587.1489376938,
       370
      ],
      [
       1237078.3786187544,
       449587.13863299764,
       370
      ],
      [
       1237079.0588273662,
       449587.0754675304,
       370
      ],
      [
       1237079.7048971802,
       449586.95944129245,
       370
      ],
      [
       1237080.3168281964,
       449586.79055428354,
       370
      ],
      [
       1237080.8099152562,
       449586.6541530578,
       370
      ],
      [
       1237081.1841583601,
       449586.55023761536,
       370
      ],
      [
       1237081.4395575079,
       449586.4788079561,
       370
      ],
      [
       1237081.5761126995,
       449586.43986408,
       370
      ],
      [
       1237081.865650645,
       449586.30487293296,
       370
      ],
      [
       1237082.3081713447,
       449586.07383451506,
       370
      ],
      [
       1237082.9036747983,
       449585.746748826,
       370
      ],
      [
       1237083.6521610057,
       449585.323615866,
       370
      ],
      [
       1237084.3068917063,
       449584.9346638031,
       370
      ],
      [
       1237084.8678668996,
       449584.57989263727,
       370
      ],
      [
       1237085.335086586,
       449584.25930236856,
       370
      ],
      [
       1237085.7085507652,
       449583.9728929969,
       370
      ],
      [
       1237086.0824044067,
       449583.68166159146,
       370
      ],
      [
       1237086.4566475106,
       449583.38560815214,
       370
      ],
      [
       1237086.8312800766,
       449583.084732679,
       370
      ],
      [
       1237087.2063021052,
       449582.7790351721,
       370
      ],
      [
       1237087.629348989,
       449582.43906486663,
       370
      ],
      [
       1237088.1004207286,
       449582.0648217628,
       370
      ],
      [
       1237088.619517323,
       449581.6563058605,
       370
      ],
      [
       1237089.1866387734,
       449581.2135171599,
       370
      ],
      [
       1237089.6573210503,
       449580.84246342885,
       370
      ],
      [
       1237090.0315641542,
       449580.5431446674,
       370
      ],
      [
       1237090.3093680849,
       449580.3155608757,
       370
      ],
      [
       1237090.4907328424,
       449580.1597120536,
       370
      ],
      [
       1237090.8060991638,
       449579.8946660906,
       370
      ],
      [
       1237091.2554670495,
       449579.5204229868,
       370
      ],
      [
       1237091.838836499,
       449579.03698274214,
       370
      ],
      [
       1237092.5562075127,
       449578.44434535655,
       370
      ],
      [
       1237093.1020145714,
       449577.99235304154,
       370
      ],
      [
       1237093.4762576753,
       449577.6810057971,
       370
      ],
      [
       1237093.6789368242,
       449577.51030362316,
       370
      ],
      [
       1237093.7100520183,
       449577.4802465198,
       370
      ],
      [
       1237093.9056277163,
       449577.2780964162,
       370
      ],
      [
       1237094.2656639176,
       449576.90385331237,
       370
      ],
      [
       1237094.790160623,
       449576.35751720826,
       370
      ],
      [
       1237095.4791178317,
       449575.639088104,
       370
      ],
      [
       1237096.010717988,
       449575.08413948247,
       370
      ],
      [
       1237096.384961092,
       449574.69267134357,
       370
      ],
      [
       1237096.6018471431,
       449574.46468368743,
       370
      ],
      [
       1237096.661376142,
       449574.40017651406,
       370
      ],
      [
       1237096.8778818669,
       449574.1808013755,
       370
      ],
      [
       1237097.2513643187,
       449573.80655827164,
       370
      ],
      [
       1237097.7818234968,
       449573.27744720253,
       370
      ],
      [
       1237098.4692594013,
       449572.5934681682,
       370
      ],
      [
       1237099.0000989055,
       449572.0658606885,
       370
      ],
      [
       1237099.3743420094,
       449571.69462476333,
       370
      ],
      [
       1237099.5919887128,
       449571.47976039274,
       370
      ],
      [
       1237099.6530390158,
       449571.42126757675,
       370
      ],
      [
       1237099.8859482952,
       449571.2398107947,
       370
      ],
      [
       1237100.2907165508,
       449570.9353900467,
       370
      ],
      [
       1237100.8673437824,
       449570.50800533267,
       370
      ],
      [
       1237101.6158299898,
       449569.9576566527,
       370
      ],
      [
       1237102.2231879248,
       449569.50998396485,
       370
      ],
      [
       1237102.6894175876,
       449569.164987269,
       370
      ],
      [
       1237103.0145189774,
       449568.9226665652,
       370
      ],
      [
       1237103.1984920946,
       449568.7830218536,
       370
      ],
      [
       1237103.4776002052,
       449568.55735106836,
       370
      ],
      [
       1237103.851843309,
       449568.2456542095,
       370
      ],
      [
       1237104.321221406,
       449567.8479312772,
       370
      ],
      [
       1237104.8857344964,
       449567.3641822713,
       370
      ],
      [
       1237105.386557157,
       449566.9351862164,
       370
      ],
      [
       1237105.8236893874,
       449566.56094311253,
       370
      ],
      [
       1237106.197131188,
       449566.2414529597,
       370
      ],
      [
       1237106.5068825583,
       449565.9767157581,
       370
      ],
      [
       1237106.8488797955,
       449565.67241963244,
       370
      ],
      [
       1237107.2231228994,
       449565.32856458274,
       370
      ],
      [
       1237107.6296118698,
       449564.9451506093,
       370
      ],
      [
       1237108.0683467072,
       449564.52217771194,
       370
      ],
      [
       1237108.4994652383,
       449564.1235697113,
       370
      ],
      [
       1237108.9229674642,
       449563.7493266075,
       370
      ],
      [
       1237109.338853384,
       449563.3994484004,
       370
      ],
      [
       1237109.747122998,
       449563.07393509016,
       370
      ],
      [
       1237110.1383793568,
       449562.7575621649,
       370
      ],
      [
       1237110.5126224607,
       449562.45032962476,
       370
      ],
      [
       1237110.8698523096,
       449562.1522374696,
       370
      ],
      [
       1237111.210068903,
       449561.8632856995,
       370
      ],
      [
       1237111.6185532496,
       449561.5316882625,
       370
      ],
      [
       1237112.0953053497,
       449561.15744515863,
       370
      ],
      [
       1237112.6403252026,
       449560.74055638793,
       370
      ],
      [
       1237113.2536128084,
       449560.2810219504,
       370
      ],
      [
       1237113.7473781635,
       449559.90989479516,
       370
      ],
      [
       1237114.1216212672,
       449559.6271749224,
       370
      ],
      [
       1237114.3763421199,
       449559.4328623319,
       370
      ],
      [
       1237114.5115407219,
       449559.3269570238,
       370
      ],
      [
       1237114.800061225,
       449559.09386565443,
       370
      ],
      [
       1237115.2419036296,
       449558.7335882238,
       370
      ],
      [
       1237115.8370679358,
       449558.24612473196,
       370
      ],
      [
       1237116.5855541432,
       449557.6314751788,
       370
      ],
      [
       1237117.155791272,
       449557.16350517736,
       370
      ],
      [
       1237117.547779322,
       449556.84221472766,
       370
      ],
      [
       1237117.7615182926,
       449556.6676038295,
       370
      ],
      [
       1237117.7970081845,
       449556.6396724831,
       370
      ],
      [
       1237118.0015903425,
       449556.43160242133,
       370
      ],
      [
       1237118.3752647664,
       449556.0433936443,
       370
      ],
      [
       1237118.9180314569,
       449555.4750461519,
       370
      ],
      [
       1237119.6298904133,
       449554.7265599442,
       370
      ],
      [
       1237120.1640689704,
       449554.1648683761,
       370
      ],
      [
       1237120.5205671284,
       449553.7899714474,
       370
      ],
      [
       1237120.699384887,
       449553.60186915833,
       370
      ],
      [
       1237120.7005222465,
       449553.6005615088,
       370
      ],
      [
       1237120.888496818,
       449553.45379823906,
       370
      ],
      [
       1237121.2633086017,
       449553.1615793492,
       370
      ],
      [
       1237121.8249575973,
       449552.7239048391,
       370
      ],
      [
       1237122.5734438046,
       449552.1407747089,
       370
      ],
      [
       1237123.2084561768,
       449551.6624150042,
       370
      ],
      [
       1237123.7299947138,
       449551.28882572515,
       370
      ],
      [
       1237124.1380594154,
       449551.0200068717,
       370
      ],
      [
       1237124.4326502816,
       449550.85595844383,
       370
      ],
      [
       1237124.7670672666,
       449550.6904256935,
       370
      ],
      [
       1237125.1413103705,
       449550.5234086208,
       370
      ],
      [
       1237125.555379593,
       449550.3549072256,
       370
      ],
      [
       1237126.0092749344,
       449550.1849215079,
       370
      ],
      [
       1237126.5368179926,
       449549.96033388795,
       370
      ],
      [
       1237127.1380087673,
       449549.6811443658,
       370
      ],
      [
       1237127.8128472585,
       449549.34735294135,
       370
      ],
      [
       1237128.5613334659,
       449548.9589596146,
       370
      ],
      [
       1237129.2430457673,
       449548.62013782875,
       370
      ],
      [
       1237129.8579841624,
       449548.3308875837,
       370
      ],
      [
       1237130.406148651,
       449548.0912088796,
       370
      ],
      [
       1237130.887539233,
       449547.9011017163,
       370
      ],
      [
       1237131.3153560762,
       449547.7336852256,
       370
      ],
      [
       1237131.68959918,
       449547.58895940764,
       370
      ],
      [
       1237132.0102685445,
       449547.4669242622,
       370
      ],
      [
       1237132.2773641702,
       449547.36757978925,
       370
      ],
      [
       1237132.6648074412,
       449547.261948629,
       370
      ],
      [
       1237133.1725983578,
       449547.1500307812,
       370
      ],
      [
       1237133.80073692,
       449547.03182624595,
       370
      ],
      [
       1237134.5492231273,
       449546.9073350233,
       370
      ],
      [
       1237135.297709335,
       449546.8031953544,
       370
      ],
      [
       1237136.046195543,
       449546.71940723946,
       370
      ],
      [
       1237136.7946817507,
       449546.6559706785,
       370
      ],
      [
       1237137.543167958,
       449546.61288567143,
       370
      ],
      [
       1237138.2252374105,
       449546.6473020918,
       370
      ],
      [
       1237138.8408901074,
       449546.7592199396,
       370
      ],
      [
       1237139.390126049,
       449546.9486392148,
       370
      ],
      [
       1237139.8729452353,
       449547.21555991744,
       370
      ],
      [
       1237140.3014763803,
       449547.4865912155,
       370
      ],
      [
       1237140.675719484,
       449547.76173310896,
       370
      ],
      [
       1237140.9956745466,
       449548.0409855978,
       370
      ],
      [
       1237141.2613415683,
       449548.32434868213,
       370
      ],
      [
       1237141.5380392747,
       449548.65315177623,
       370
      ],
      [
       1237141.8257676663,
       449549.02739488,
       370
      ],
      [
       1237142.124526743,
       449549.44707799365,
       370
      ],
      [
       1237142.434316505,
       449549.912201117,
       370
      ],
      [
       1237142.7212011034,
       449550.4481650115,
       370
      ],
      [
       1237142.9851805384,
       449551.0549696769,
       370
      ],
      [
       1237143.2262548099,
       449551.7326151135,
       370
      ],
      [
       1237143.444423918,
       449552.4811013212,
       370
      ],
      [
       1237143.6631825834,
       449553.1945780469,
       370
      ],
      [
       1237143.8825308064,
       449553.8730452906,
       370
      ],
      [
       1237144.1024685868,
       449554.5165030523,
       370
      ],
      [
       1237144.3229959242,
       449555.1249513321,
       370
      ],
      [
       1237144.4998726978,
       449555.61629702384,
       370
      ],
      [
       1237144.6330989075,
       449555.9905401276,
       370
      ],
      [
       1237144.7226745528,
       449556.2476806435,
       370
      ],
      [
       1237144.7685996343,
       449556.38771857147,
       370
      ],
      [
       1237144.8478575458,
       449556.6798685693,
       370
      ],
      [
       1237144.960448288,
       449557.12413063715,
       370
      ],
      [
       1237145.10637186,
       449557.7205047749,
       370
      ],
      [
       1237145.2856282627,
       449558.46899098257,
       370
      ],
      [
       1237145.4810100738,
       449559.21747719025,
       370
      ],
      [
       1237145.6925172932,
       449559.9659633979,
       370
      ],
      [
       1237145.9201499214,
       449560.71444960556,
       370
      ],
      [
       1237146.1639079582,
       449561.4629358133,
       370
      ],
      [
       1237146.4166131574,
       449562.1415221578,
       370
      ],
      [
       1237146.6782655194,
       449562.7502086393,
       370
      ],
      [
       1237146.948865044,
       449563.28899525764,
       370
      ],
      [
       1237147.2284117308,
       449563.75788201287,
       370
      ],
      [
       1237147.491695252,
       449564.1794469424,
       370
      ],
      [
       1237147.738715607,
       449564.55369004625,
       370
      ],
      [
       1237147.9694727957,
       449564.8806113244,
       370
      ],
      [
       1237148.1839668183,
       449565.1602107767,
       370
      ],
      [
       1237148.4783353815,
       449565.5187432063,
       370
      ],
      [
       1237148.8525784854,
       449565.9562086128,
       370
      ],
      [
       1237149.30669613,
       449566.4726069964,
       370
      ],
      [
       1237149.8406883148,
       449567.0679383571,
       370
      ],
      [
       1237150.271446799,
       449567.5527255894,
       370
      ],
      [
       1237150.598971582,
       449567.9269686932,
       370
      ],
      [
       1237150.823262664,
       449568.19066766865,
       370
      ],
      [
       1237150.9443200452,
       449568.3438225156,
       370
      ],
      [
       1237151.1107171827,
       449568.64581020275,
       370
      ],
      [
       1237151.3224540765,
       449569.0966307301,
       370
      ],
      [
       1237151.5795307271,
       449569.69628409756,
       370
      ],
      [
       1237151.881947134,
       449570.4447703053,
       370
      ],
      [
       1237152.093195714,
       449571.193256513,
       370
      ],
      [
       1237152.2132764678,
       449571.9417427206,
       370
      ],
      [
       1237152.2421893945,
       449572.6902289283,
       370
      ],
      [
       1237152.179934495,
       449573.43871513597,
       370
      ],
      [
       1237152.117927116,
       449574.18720134365,
       370
      ],
      [
       1237152.056167258,
       449574.9356875513,
       370
      ],
      [
       1237151.9946549207,
       449575.68417375896,
       370
      ],
      [
       1237151.9333901044,
       449576.43265996664,
       370
      ],
      [
       1237151.8622991014,
       449577.1811461743,
       370
      ],
      [
       1237151.7813819116,
       449577.929632382,
       370
      ],
      [
       1237151.6906385352,
       449578.6781185897,
       370
      ],
      [
       1237151.5900689722,
       449579.42660479737,
       370
      ],
      [
       1237151.4647956728,
       449580.0934011762,
       370
      ],
      [
       1237151.314818637,
       449580.6785077263,
       370
      ],
      [
       1237151.1401378645,
       449581.18192444753,
       370
      ],
      [
       1237150.9407533554,
       449581.60365134006,
       370
      ],
      [
       1237150.7615579213,
       449582.00163633825,
       370
      ],
      [
       1237150.602551562,
       449582.375879442,
       370
      ],
      [
       1237150.4637342773,
       449582.7263806515,
       370
      ],
      [
       1237150.3451060674,
       449583.05313996674,
       370
      ],
      [
       1237150.1309580887,
       449583.485331005,
       370
      ],
      [
       1237149.8212903407,
       449584.0229537664,
       370
      ],
      [
       1237149.4161028243,
       449584.66600825096,
       370
      ],
      [
       1237148.9153955388,
       449585.41449445864,
       370
      ],
      [
       1237148.5075773967,
       449586.0180086628,
       370
      ],
      [
       1237148.1926483978,
       449586.4765508634,
       370
      ],
      [
       1237147.9706085422,
       449586.7901210605,
       370
      ],
      [
       1237147.84145783,
       449586.95871925406,
       370
      ],
      [
       1237147.6498687088,
       449587.2301399028,
       370
      ],
      [
       1237147.3958411787,
       449587.6043830066,
       370
      ],
      [
       1237147.0793752396,
       449588.0814485656,
       370
      ],
      [
       1237146.7004708913,
       449588.6613365797,
       370
      ],
      [
       1237146.3238971652,
       449589.22373378696,
       370
      ],
      [
       1237145.9496540613,
       449589.76864018757,
       370
      ],
      [
       1237145.5777415796,
       449590.29605578125,
       370
      ],
      [
       1237145.20815972,
       449590.80598056817,
       370
      ],
      [
       1237144.889961503,
       449591.2480645136,
       370
      ],
      [
       1237144.6231469284,
       449591.6223076174,
       370
      ],
      [
       1237144.4077159958,
       449591.9287098797,
       370
      ],
      [
       1237144.243668706,
       449592.16727130045,
       370
      ],
      [
       1237143.9875233355,
       449592.5333139179,
       370
      ],
      [
       1237143.6392798852,
       449593.0268377321,
       370
      ],
      [
       1237143.1989383544,
       449593.6478427431,
       370
      ],
      [
       1237142.6664987437,
       449594.3963289507,
       370
      ],
      [
       1237142.254169209,
       449594.9748394177,
       370
      ],
      [
       1237141.9619497498,
       449595.383374144,
       370
      ],
      [
       1237141.7898403672,
       449595.6219331296,
       370
      ],
      [
       1237141.7378410604,
       449595.69051637454,
       370
      ],
      [
       1237141.5697572625,
       449595.91192954895,
       370
      ],
      [
       1237141.2855889734,
       449596.2861726528,
       370
      ],
      [
       1237140.8853361933,
       449596.81324568606,
       370
      ],
      [
       1237140.3689989217,
       449597.49314864876,
       370
      ],
      [
       1237139.923708734,
       449598.0837021085,
       370
      ],
      [
       1237139.5494656302,
       449598.5849060652,
       370
      ],
      [
       1237139.2462696102,
       449598.9967605189,
       370
      ],
      [
       1237139.014120674,
       449599.31926546956,
       370
      ],
      [
       1237138.7596648412,
       449599.66763949685,
       370
      ],
      [
       1237138.482902112,
       449600.04188260064,
       370
      ],
      [
       1237138.1838324864,
       449600.4419947811,
       370
      ],
      [
       1237137.8624559648,
       449600.8679760381,
       370
      ],
      [
       1237137.514646152,
       449601.32229816075,
       370
      ],
      [
       1237137.1404030481,
       449601.8049611492,
       370
      ],
      [
       1237136.7397266533,
       449602.3159650032,
       370
      ],
      [
       1237136.3126169676,
       449602.85530972306,
       370
      ],
      [
       1237135.950618121,
       449603.3121036348,
       370
      ],
      [
       1237135.653730114,
       449603.6863467386,
       370
      ],
      [
       1237135.4219529459,
       449603.9780390345,
       370
      ],
      [
       1237135.2552866172,
       449604.18718052236,
       370
      ],
      [
       1237134.9848319008,
       449604.51190553186,
       370
      ],
      [
       1237134.6105887971,
       449604.952214063,
       370
      ],
      [
       1237134.1325573057,
       449605.5081061157,
       370
      ],
      [
       1237133.5507374266,
       449606.17958169,
       370
      ],
      [
       1237133.0977111189,
       449606.7024410291,
       370
      ],
      [
       1237132.7734783823,
       449607.07668413286,
       370
      ],
      [
       1237132.5780392168,
       449607.30231100146,
       370
      ],
      [
       1237132.5113936227,
       449607.37932163494,
       370
      ],
      [
       1237132.2911599511,
       449607.6242011619,
       370
      ],
      [
       1237131.9173382025,
       449608.0369495824,
       370
      ],
      [
       1237131.3899283763,
       449608.6175668965,
       370
      ],
      [
       1237130.7089304733,
       449609.36605310417,
       370
      ],
      [
       1237130.1979713682,
       449609.9276555194,
       370
      ],
      [
       1237129.8570510615,
       449610.3023741421,
       370
      ],
      [
       1237129.686169553,
       449610.4902089725,
       370
      ]
     ]
    },
    "elevationFt": 370,
    "weight": "index",
    "hidden": false
   }
  },
  {
   "type": "Feature",
   "geometry": {
    "type": "LineString",
    "coordinates": [
     [
      -77.26443363212495,
      38.90081857501967
     ],
     [
      -77.2644341619507,
      38.900819641981776
     ],
     [
      -77.26443473561874,
      38.90082095559596
     ],
     [
      -77.26443535312903,
      38.900822515862224
     ],
     [
      -77.26443601448163,
      38.9008243227806
     ],
     [
      -77.26443671967654,
      38.900826376351056
     ],
     [
      -77.26443723690174,
      38.90082843034698
     ],
     [
      -77.2644375661572,
      38.90083048476836
     ],
     [
      -77.26443770744292,
      38.900832539615244
     ],
     [
      -77.26443766075886,
      38.9008345948876
     ],
     [
      -77.26443744290202,
      38.90083665054741
     ],
     [
      -77.26443705387238,
      38.90083870659466
     ],
     [
      -77.26443649366992,
      38.90084076302937
     ],
     [
      -77.26443576229462,
      38.90084281985153
     ],
     [
      -77.26443510653357,
      38.90084444553645
     ],
     [
      -77.26443452638672,
      38.90084564008416
     ],
     [
      -77.26443402185416,
      38.9008464034946
     ],
     [
      -77.26443359293584,
      38.90084673576783
     ],
     [
      -77.26443261374112,
      38.900846988296294
     ],
     [
      -77.26443108426997,
      38.900847161080016
     ],
     [
      -77.2644290045224,
      38.90084725411895
     ],
     [
      -77.26442637449843,
      38.90084726741308
     ],
     [
      -77.26442420625328,
      38.90084719316575
     ],
     [
      -77.26442249978699,
      38.90084703137702
     ],
     [
      -77.26442125509956,
      38.90084678204688
     ],
     [
      -77.26442047219098,
      38.90084644517535
     ],
     [
      -77.26441942189608,
      38.90084592001832
     ],
     [
      -77.2644181042149,
      38.900845206575795
     ],
     [
      -77.26441651914745,
      38.90084430484774
     ],
     [
      -77.26441466669374,
      38.900843214834154
     ],
     [
      -77.26441290553221,
      38.90084215792543
     ],
     [
      -77.26441123566282,
      38.900841134121535
     ],
     [
      -77.2644096570856,
      38.900840143422506
     ],
     [
      -77.2644081698005,
      38.90083918582831
     ],
     [
      -77.2644067670446,
      38.900838276685505
     ],
     [
      -77.26440544881791,
      38.90083741599409
     ],
     [
      -77.26440421512038,
      38.90083660375406
     ],
     [
      -77.26440306595202,
      38.90083583996544
     ],
     [
      -77.26440171570965,
      38.90083494603495
     ],
     [
      -77.26440016439327,
      38.90083392196259
     ],
     [
      -77.2643984120029,
      38.90083276774834
     ],
     [
      -77.26439645853856,
      38.90083148339221
     ],
     [
      -77.26439482266088,
      38.900830402153936
     ],
     [
      -77.26439350436986,
      38.900829524033526
     ],
     [
      -77.26439250366548,
      38.90082884903098
     ],
     [
      -77.2643918205477,
      38.90082837714632
     ],
     [
      -77.26439083417769,
      38.900827628871625
     ],
     [
      -77.26438954455544,
      38.90082660420686
     ],
     [
      -77.26438795168103,
      38.90082530315205
     ],
     [
      -77.26438605555447,
      38.900823725707156
     ],
     [
      -77.26438444789078,
      38.90082237514756
     ],
     [
      -77.26438312868993,
      38.900821251473275
     ],
     [
      -77.26438209795192,
      38.900820354684306
     ],
     [
      -77.26438135567672,
      38.90081968478065
     ],
     [
      -77.26438041414254,
      38.900818837328
     ],
     [
      -77.26437927334938,
      38.900817812326316
     ],
     [
      -77.26437793329727,
      38.9008166097756
     ],
     [
      -77.26437639398621,
      38.90081522967589
     ],
     [
      -77.26437496467913,
      38.900813963947726
     ],
     [
      -77.26437364537601,
      38.900812812591134
     ],
     [
      -77.26437243607683,
      38.900811775606115
     ],
     [
      -77.2643713367816,
      38.900810852992656
     ],
     [
      -77.26437011100612,
      38.90080987942431
     ],
     [
      -77.2643687587504,
      38.90080885490105
     ],
     [
      -77.26436728001447,
      38.900807779422905
     ],
     [
      -77.26436567479831,
      38.90080665298984
     ],
     [
      -77.26436421287946,
      38.90080560600426
     ],
     [
      -77.2643628942579,
      38.90080463846619
     ],
     [
      -77.2643617189336,
      38.900803750375616
     ],
     [
      -77.26436068690658,
      38.90080294173256
     ],
     [
      -77.26435950083847,
      38.900802025135604
     ],
     [
      -77.26435816072924,
      38.90080100058475
     ],
     [
      -77.26435666657893,
      38.90079986807997
     ],
     [
      -77.26435501838755,
      38.90079862762131
     ],
     [
      -77.26435353472115,
      38.900797453441434
     ],
     [
      -77.26435221557972,
      38.90079634554034
     ],
     [
      -77.26435106096325,
      38.90079530391809
     ],
     [
      -77.26435007087171,
      38.900794328574605
     ],
     [
      -77.26434906822004,
      38.9007933282598
     ],
     [
      -77.26434805300822,
      38.90079230297365
     ],
     [
      -77.26434702523626,
      38.90079125271617
     ],
     [
      -77.26434598490415,
      38.90079017748734
     ],
     [
      -77.26434480456628,
      38.90078892367375
     ],
     [
      -77.26434348422265,
      38.9007874912754
     ],
     [
      -77.26434202387327,
      38.90078588029229
     ],
     [
      -77.26434042351816,
      38.90078409072441
     ],
     [
      -77.26433915104418,
      38.90078268321746
     ],
     [
      -77.2643382064513,
      38.900781657771425
     ],
     [
      -77.26433758973945,
      38.900781014386354
     ],
     [
      -77.26433730090864,
      38.90078075306222
     ],
     [
      -77.26433653271849,
      38.90078004452547
     ],
     [
      -77.26433528516903,
      38.90077888877607
     ],
     [
      -77.26433355826028,
      38.900777285814044
     ],
     [
      -77.26433135199235,
      38.900775235639344
     ],
     [
      -77.26432966122421,
      38.9007736486418
     ],
     [
      -77.2643284859558,
      38.900772524821456
     ],
     [
      -77.26432782618708,
      38.900771864178346
     ],
     [
      -77.264327681918,
      38.90077166671243
     ],
     [
      -77.26432721207593,
      38.90077105508766
     ],
     [
      -77.26432641666086,
      38.90077002930402
     ],
     [
      -77.26432529567283,
      38.90076858936149
     ],
     [
      -77.26432384911186,
      38.90076673526007
     ],
     [
      -77.26432260240766,
      38.90076483125836
     ],
     [
      -77.2643215555602,
      38.900762877356364
     ],
     [
      -77.26432070856947,
      38.900760873554106
     ],
     [
      -77.26432006143546,
      38.90075881985158
     ],
     [
      -77.26431943779681,
      38.900757124578895
     ],
     [
      -77.26431883765356,
      38.90075578773609
     ],
     [
      -77.26431826100566,
      38.90075480932313
     ],
     [
      -77.2643177078531,
      38.900754189340034
     ],
     [
      -77.26431701592954,
      38.90075336649654
     ],
     [
      -77.264316185235,
      38.90075234079264
     ],
     [
      -77.26431521576949,
      38.900751112228335
     ],
     [
      -77.26431410753301,
      38.90074968080361
     ],
     [
      -77.26431289369243,
      38.900748370012664
     ],
     [
      -77.26431157424776,
      38.90074717985548
     ],
     [
      -77.26431014919899,
      38.900746110332065
     ],
     [
      -77.26430861854611,
      38.9007451614424
     ],
     [
      -77.26430681229783,
      38.90074424971194
     ],
     [
      -77.26430473045417,
      38.900743375140664
     ],
     [
      -77.26430237301513,
      38.90074253772854
     ],
     [
      -77.2642997399807,
      38.900741737475585
     ],
     [
      -77.26429710818941,
      38.900741272726236
     ],
     [
      -77.26429447764122,
      38.90074114348051
     ],
     [
      -77.26429184833606,
      38.90074134973841
     ],
     [
      -77.26428922027392,
      38.90074189149993
     ],
     [
      -77.2642865922179,
      38.9007424349226
     ],
     [
      -77.264283964168,
      38.9007429800064
     ],
     [
      -77.26428133612421,
      38.900743526751384
     ],
     [
      -77.26427870808654,
      38.90074407515749
     ],
     [
      -77.26427607922572,
      38.900744401393304
     ],
     [
      -77.2642734495418,
      38.9007445054588
     ],
     [
      -77.26427081903479,
      38.900744387353974
     ],
     [
      -77.26426818770473,
      38.900744047078845
     ],
     [
      -77.26426574855931,
      38.900743535762345
     ],
     [
      -77.26426350159858,
      38.900742853404445
     ],
     [
      -77.2642614468225,
      38.90074200000523
     ],
     [
      -77.26425958423113,
      38.90074097556468
     ],
     [
      -77.2642579939693,
      38.90074007224685
     ],
     [
      -77.264256676037,
      38.90073929005175
     ],
     [
      -77.26425563043422,
      38.90073862897942
     ],
     [
      -77.26425485716094,
      38.900738089029836
     ],
     [
      -77.26425388137343,
      38.90073730659602
     ],
     [
      -77.26425270307175,
      38.90073628167795
     ],
     [
      -77.26425132225587,
      38.900735014275604
     ],
     [
      -77.26424973892587,
      38.90073350438901
     ],
     [
      -77.26424828717836,
      38.90073205695265
     ],
     [
      -77.26424696701335,
      38.90073067196655
     ],
     [
      -77.26424577843083,
      38.90072934943073
     ],
     [
      -77.26424472143077,
      38.90072808934516
     ],
     [
      -77.26424371144186,
      38.900726946599775
     ],
     [
      -77.26424274846407,
      38.900725921194564
     ],
     [
      -77.2642418324974,
      38.900725013129524
     ],
     [
      -77.26424096354185,
      38.90072422240465
     ],
     [
      -77.26423986919396,
      38.90072319184317
     ],
     [
      -77.26423854945374,
      38.90072192144503
     ],
     [
      -77.26423700432122,
      38.900720411210266
     ],
     [
      -77.26423523379644,
      38.900718661138846
     ],
     [
      -77.26423375025063,
      38.90071727366464
     ],
     [
      -77.26423255368375,
      38.90071624878767
     ],
     [
      -77.26423164409579,
      38.90071558650795
     ],
     [
      -77.26423102148671,
      38.90071528682547
     ],
     [
      -77.26423005111315,
      38.90071471801108
     ],
     [
      -77.26422873297511,
      38.90071388006481
     ],
     [
      -77.26422706707262,
      38.9007127729866
     ],
     [
      -77.26422505340575,
      38.90071139677646
     ],
     [
      -77.26422334637329,
      38.90071019646335
     ],
     [
      -77.26422194597517,
      38.900709172047264
     ],
     [
      -77.26422085221141,
      38.90070832352826
     ],
     [
      -77.26422006508196,
      38.900707650906284
     ],
     [
      -77.26421908728409,
      38.9007066335244
     ],
     [
      -77.26421791881783,
      38.900705271382634
     ],
     [
      -77.2642165596832,
      38.90070356448095
     ],
     [
      -77.26421500988023,
      38.90070151281933
     ],
     [
      -77.26421377086025,
      38.900699741540976
     ],
     [
      -77.2642128426232,
      38.90069825064583
     ],
     [
      -77.26421222516906,
      38.90069704013398
     ],
     [
      -77.26421191849782,
      38.90069611000538
     ],
     [
      -77.26421157527368,
      38.90069513157886
     ],
     [
      -77.26421119549666,
      38.900694104854395
     ],
     [
      -77.26421077916676,
      38.90069302983201
     ],
     [
      -77.26421032628399,
      38.90069190651172
     ],
     [
      -77.26420989387843,
      38.90069055043956
     ],
     [
      -77.26420948195013,
      38.90068896161553
     ],
     [
      -77.26420909049907,
      38.900687140039665
     ],
     [
      -77.26420871952524,
      38.90068508571195
     ],
     [
      -77.26420816471753,
      38.90068303179996
     ],
     [
      -77.26420742607596,
      38.90068097830373
     ],
     [
      -77.26420650360053,
      38.90067892522324
     ],
     [
      -77.26420539729126,
      38.90067687255852
     ],
     [
      -77.26420438718995,
      38.900675184278995
     ],
     [
      -77.26420347329656,
      38.900673860384714
     ],
     [
      -77.26420265561109,
      38.90067290087567
     ],
     [
      -77.2642019341335,
      38.900672305751854
     ],
     [
      -77.26420073461838,
      38.90067161904706
     ],
     [
      -77.26419905706577,
      38.90067084076128
     ],
     [
      -77.26419690147566,
      38.90066997089447
     ],
     [
      -77.26419426784811,
      38.900669009446624
     ],
     [
      -77.26419163523816,
      38.9006683227445
     ],
     [
      -77.26418900364582,
      38.90066791078807
     ],
     [
      -77.26418637307103,
      38.90066777357736
     ],
     [
      -77.26418374351377,
      38.900667911112365
     ],
     [
      -77.2641811139732,
      38.90066805316125
     ],
     [
      -77.26417848444935,
      38.90066819972401
     ],
     [
      -77.26417585494221,
      38.90066835080065
     ],
     [
      -77.26417322545177,
      38.90066850639118
     ],
     [
      -77.26417059511905,
      38.9006684345454
     ],
     [
      -77.26416796394409,
      38.9006681352633
     ],
     [
      -77.26416533192689,
      38.90066760854488
     ],
     [
      -77.2641626990675,
      38.90066685439014
     ],
     [
      -77.26416071826215,
      38.90066628575487
     ],
     [
      -77.2641593895108,
      38.90066590263909
     ],
     [
      -77.26415871281345,
      38.90066570504284
     ],
     [
      -77.26415868817008,
      38.900665692966115
     ],
     [
      -77.26415801708148,
      38.900665349300134
     ],
     [
      -77.26415669954767,
      38.90066467404489
     ],
     [
      -77.2641547355687,
      38.900663667200334
     ],
     [
      -77.26415212514459,
      38.90066232876648
     ],
     [
      -77.26414990514398,
      38.90066114782624
     ],
     [
      -77.26414807556684,
      38.90066012437969
     ],
     [
      -77.26414663641313,
      38.90065925842682
     ],
     [
      -77.26414558768282,
      38.90065854996765
     ],
     [
      -77.26414440404199,
      38.90065772067426
     ],
     [
      -77.26414308549063,
      38.90065677054665
     ],
     [
      -77.26414163202874,
      38.900655699584824
     ],
     [
      -77.26414004365634,
      38.90065450778877
     ],
     [
      -77.2641384980726,
      38.90065339979796
     ],
     [
      -77.26413699527748,
      38.90065237561237
     ],
     [
      -77.26413553527101,
      38.900651435232035
     ],
     [
      -77.26413411805315,
      38.90065057865696
     ],
     [
      -77.2641327501852,
      38.90064967976682
     ],
     [
      -77.26413143166717,
      38.90064873856168
     ],
     [
      -77.26413016249907,
      38.9006477550415
     ],
     [
      -77.26412894268088,
      38.90064672920629
     ],
     [
      -77.26412736936217,
      38.90064570632948
     ],
     [
      -77.26412544254295,
      38.90064468641103
     ],
     [
      -77.26412316222326,
      38.90064366945096
     ],
     [
      -77.26412052840308,
      38.9006426554492
     ],
     [
      -77.26411854952873,
      38.90064189330147
     ],
     [
      -77.26411722560013,
      38.9006413830078
     ],
     [
      -77.26411655661728,
      38.9006411245682
     ],
     [
      -77.26411654258015,
      38.90064111798271
     ],
     [
      -77.2641159425982,
      38.900640600584545
     ],
     [
      -77.26411475667142,
      38.900639572373684
     ],
     [
      -77.26411298479988,
      38.90063803335014
     ],
     [
      -77.26411062698367,
      38.900635983513844
     ],
     [
      -77.26410911389338,
      38.900633931767814
     ],
     [
      -77.26410844552896,
      38.90063187811208
     ],
     [
      -77.2641086218903,
      38.90062982254664
     ],
     [
      -77.26410964297736,
      38.90062776507151
     ],
     [
      -77.26411074243342,
      38.90062615638448
     ],
     [
      -77.26411192025847,
      38.90062499648562
     ],
     [
      -77.26411317645257,
      38.90062428537486
     ],
     [
      -77.2641145110157,
      38.90062402305224
     ],
     [
      -77.26411616854004,
      38.90062357938435
     ],
     [
      -77.26411814902558,
      38.900622954371244
     ],
     [
      -77.26412045247227,
      38.900622148012836
     ],
     [
      -77.2641230788801,
      38.900621160309164
     ],
     [
      -77.26412552836116,
      38.90062021492301
     ],
     [
      -77.26412780091549,
      38.90061931185441
     ],
     [
      -77.26412989654304,
      38.900618451103355
     ],
     [
      -77.26413181524389,
      38.900617632669864
     ],
     [
      -77.26413343116654,
      38.90061696852454
     ],
     [
      -77.26413474431101,
      38.90061645866735
     ],
     [
      -77.26413575467733,
      38.90061610309836
     ],
     [
      -77.26413646226548,
      38.90061590181752
     ],
     [
      -77.2641376503643,
      38.90061572155638
     ],
     [
      -77.26413931897375,
      38.900615562314925
     ],
     [
      -77.26414146809381,
      38.900615424093125
     ],
     [
      -77.26414409772451,
      38.90061530689097
     ],
     [
      -77.26414672763872,
      38.90061526625581
     ],
     [
      -77.26414935783647,
      38.900615302187695
     ],
     [
      -77.26415198831774,
      38.9006154146866
     ],
     [
      -77.26415461908256,
      38.90061560375253
     ],
     [
      -77.26415668606319,
      38.90061577432037
     ],
     [
      -77.26415818925963,
      38.900615926390174
     ],
     [
      -77.26415912867189,
      38.90061605996197
     ],
     [
      -77.26415950429995,
      38.900616175035765
     ],
     [
      -77.26416035028157,
      38.90061640847624
     ],
     [
      -77.26416166661673,
      38.900616760283356
     ],
     [
      -77.26416345330549,
      38.90061723045713
     ],
     [
      -77.2641657103478,
      38.90061781899753
     ],
     [
      -77.26416779074705,
      38.900618624906976
     ],
     [
      -77.26416969450327,
      38.90061964818549
     ],
     [
      -77.26417142161642,
      38.90062088883308
     ],
     [
      -77.26417297208654,
      38.90062234684975
     ],
     [
      -77.26417440684618,
      38.9006236181539
     ],
     [
      -77.26417572589533,
      38.90062470274554
     ],
     [
      -77.26417692923395,
      38.90062560062469
     ],
     [
      -77.26417801686206,
      38.90062631179133
     ],
     [
      -77.2641791649283,
      38.90062717979991
     ],
     [
      -77.26418037343264,
      38.90062820465045
     ],
     [
      -77.26418164237512,
      38.90062938634292
     ],
     [
      -77.26418297175574,
      38.90063072487734
     ],
     [
      -77.26418429621178,
      38.900632001508946
     ],
     [
      -77.2641856157432,
      38.9006332162377
     ],
     [
      -77.26418693035,
      38.900634369063646
     ],
     [
      -77.26418824003217,
      38.90063545998676
     ],
     [
      -77.2641894689662,
      38.90063651794174
     ],
     [
      -77.26419061715207,
      38.90063754292858
     ],
     [
      -77.26419168458976,
      38.90063853494725
     ],
     [
      -77.26419267127929,
      38.90063949399781
     ],
     [
      -77.26419382450365,
      38.90064061159589
     ],
     [
      -77.26419514426284,
      38.900641887741486
     ],
     [
      -77.26419663055691,
      38.9006433224346
     ],
     [
      -77.26419828338587,
      38.9006449156752
     ],
     [
      -77.26419964814625,
      38.90064622486972
     ],
     [
      -77.26420072483802,
      38.900647250018125
     ],
     [
      -77.26420151346117,
      38.90064799112046
     ],
     [
      -77.26420201401568,
      38.90064844817671
     ],
     [
      -77.26420292367835,
      38.900649181312986
     ],
     [
      -77.26420424244922,
      38.90065019052927
     ],
     [
      -77.26420597032835,
      38.900651475825555
     ],
     [
      -77.26420810731574,
      38.900653037201806
     ],
     [
      -77.26421004498634,
      38.900654329715884
     ],
     [
      -77.26421178334013,
      38.90065535336778
     ],
     [
      -77.2642133223771,
      38.900656108157506
     ],
     [
      -77.2642146620972,
      38.9006565940851
     ],
     [
      -77.264215990465,
      38.90065710465466
     ],
     [
      -77.26421730748054,
      38.90065763986621
     ],
     [
      -77.26421861314375,
      38.90065819971977
     ],
     [
      -77.2642199074547,
      38.90065878421532
     ],
     [
      -77.26422153581383,
      38.900659252105925
     ],
     [
      -77.26422349822117,
      38.900659603391574
     ],
     [
      -77.26422579467668,
      38.90065983807226
     ],
     [
      -77.26422842518038,
      38.90065995614794
     ],
     [
      -77.26423105559309,
      38.90066004965654
     ],
     [
      -77.26423368591479,
      38.900660118598005
     ],
     [
      -77.26423631614551,
      38.900660162972386
     ],
     [
      -77.26423894628523,
      38.900660182779646
     ],
     [
      -77.26424157681889,
      38.900660308930185
     ],
     [
      -77.26424420774647,
      38.90066054142399
     ],
     [
      -77.26424683906802,
      38.90066088026107
     ],
     [
      -77.26424947078351,
      38.90066132544143
     ],
     [
      -77.26425210282798,
      38.90066185941319
     ],
     [
      -77.2642547352014,
      38.90066248217637
     ],
     [
      -77.26425736790381,
      38.900663193730935
     ],
     [
      -77.26426000093518,
      38.90066399407691
     ],
     [
      -77.26426202862642,
      38.90066460934852
     ],
     [
      -77.26426345097742,
      38.90066503954577
     ],
     [
      -77.26426426798822,
      38.900665284668726
     ],
     [
      -77.26426447965878,
      38.90066534471738
     ],
     [
      -77.26426524368748,
      38.90066555743123
     ],
     [
      -77.26426656007436,
      38.90066592281027
     ],
     [
      -77.26426842881942,
      38.90066644085446
     ],
     [
      -77.26427084992268,
      38.9006671115638
     ],
     [
      -77.26427332387007,
      38.900667777431174
     ],
     [
      -77.26427585066162,
      38.900668438456606
     ],
     [
      -77.26427843029728,
      38.90066909464007
     ],
     [
      -77.26428106277707,
      38.90066974598159
     ],
     [
      -77.26428359165264,
      38.900670413654225
     ],
     [
      -77.26428601692396,
      38.900671097658
     ],
     [
      -77.26428833859104,
      38.900671797992906
     ],
     [
      -77.26429055665388,
      38.900672514658964
     ],
     [
      -77.26429232398756,
      38.900673085011164
     ],
     [
      -77.26429364059206,
      38.90067350904956
     ],
     [
      -77.26429450646734,
      38.90067378677415
     ],
     [
      -77.26429492161341,
      38.90067391818496
     ],
     [
      -77.26429589127657,
      38.900674229127375
     ],
     [
      -77.26429741545687,
      38.90067471960144
     ],
     [
      -77.26429949415426,
      38.900675389607095
     ],
     [
      -77.26430212736884,
      38.900676239144325
     ],
     [
      -77.26430476037635,
      38.900677032778376
     ],
     [
      -77.26430739317678,
      38.90067777050922
     ],
     [
      -77.26431002577013,
      38.90067845233688
     ],
     [
      -77.2643126581564,
      38.900679078261355
     ],
     [
      -77.2643151921398,
      38.90067965529888
     ],
     [
      -77.26431762772036,
      38.900680183449445
     ],
     [
      -77.26431996489805,
      38.90068066271312
     ],
     [
      -77.26432220367286,
      38.90068109308984
     ],
     [
      -77.26432398104922,
      38.9006814356985
     ],
     [
      -77.26432529702709,
      38.900681690539116
     ],
     [
      -77.26432615160647,
      38.90068185761168
     ],
     [
      -77.26432654478737,
      38.90068193691623
     ],
     [
      -77.26432749805899,
      38.900682230954295
     ],
     [
      -77.26432901142135,
      38.90068273972592
     ],
     [
      -77.2643310848745,
      38.90068346323104
     ],
     [
      -77.26433371841844,
      38.900684401469654
     ],
     [
      -77.26433606086019,
      38.90068536201131
     ],
     [
      -77.26433811219977,
      38.900686344856084
     ],
     [
      -77.26433987243713,
      38.90068735000394
     ],
     [
      -77.26434134157229,
      38.900688377454934
     ],
     [
      -77.26434273579909,
      38.90068946930156
     ],
     [
      -77.26434405511755,
      38.90069062554386
     ],
     [
      -77.26434529952763,
      38.900691846181815
     ],
     [
      -77.26434646902938,
      38.90069313121545
     ],
     [
      -77.26434751517628,
      38.9006942864799
     ],
     [
      -77.2643484379684,
      38.90069531197519
     ],
     [
      -77.26434923740564,
      38.900696207701316
     ],
     [
      -77.26434991348806,
      38.9006969736583
     ],
     [
      -77.26435087612033,
      38.90069806088684
     ],
     [
      -77.2643521253025,
      38.90069946938696
     ],
     [
      -77.26435366103455,
      38.900701199158604
     ],
     [
      -77.26435548331658,
      38.90070325020181
     ],
     [
      -77.26435688571092,
      38.90070482816263
     ],
     [
      -77.26435786821753,
      38.90070593304108
     ],
     [
      -77.26435843083635,
      38.900706564837186
     ],
     [
      -77.26435857356739,
      38.900706723550925
     ],
     [
      -77.26435912432463,
      38.90070731561469
     ],
     [
      -77.2643600831081,
      38.90070834102844
     ],
     [
      -77.26436144991784,
      38.90070979979219
     ],
     [
      -77.2643632247539,
      38.90071169190592
     ],
     [
      -77.2643647724208,
      38.900713375082354
     ],
     [
      -77.26436609291856,
      38.90071484932154
     ],
     [
      -77.26436718624713,
      38.900716114623464
     ],
     [
      -77.2643680524065,
      38.90071717098814
     ],
     [
      -77.26436890921009,
      38.9007182120033
     ],
     [
      -77.26436975665789,
      38.90071923766892
     ],
     [
      -77.26437059474993,
      38.90072024798502
     ],
     [
      -77.26437142348618,
      38.90072124295157
     ],
     [
      -77.26437249812844,
      38.90072248432691
     ],
     [
      -77.26437381867673,
      38.90072397211101
     ],
     [
      -77.26437538513106,
      38.90072570630387
     ],
     [
      -77.26437719749151,
      38.90072768690547
     ],
     [
      -77.26437857558882,
      38.900729189929976
     ],
     [
      -77.26437951942295,
      38.9007302153774
     ],
     [
      -77.26438002899386,
      38.900730763247736
     ],
     [
      -77.26438010430151,
      38.90073083354103
     ],
     [
      -77.26438052864968,
      38.90073139922017
     ],
     [
      -77.26438130203836,
      38.900732460285155
     ],
     [
      -77.2643824244676,
      38.90073401673599
     ],
     [
      -77.26438389593743,
      38.90073606857266
     ],
     [
      -77.26438519319878,
      38.90073812080356
     ],
     [
      -77.26438631625166,
      38.90074017342869
     ],
     [
      -77.26438726509603,
      38.90074222644806
     ],
     [
      -77.2643880397319,
      38.900744279861684
     ],
     [
      -77.26438870259705,
      38.90074605068087
     ],
     [
      -77.26438925369148,
      38.900747538905634
     ],
     [
      -77.26438969301515,
      38.900748744535974
     ],
     [
      -77.26439002056809,
      38.90074966757189
     ],
     [
      -77.26439036596372,
      38.900750642470484
     ],
     [
      -77.26439072920208,
      38.90075166923178
     ],
     [
      -77.26439111028317,
      38.90075274785576
     ],
     [
      -77.26439150920699,
      38.90075387834244
     ],
     [
      -77.26439209900333,
      38.90075523934145
     ],
     [
      -77.26439287967223,
      38.90075683085278
     ],
     [
      -77.26439385121371,
      38.900758652876426
     ],
     [
      -77.2643950136278,
      38.900760705412395
     ],
     [
      -77.26439615668909,
      38.900762546512226
     ],
     [
      -77.26439728039757,
      38.900764176175905
     ],
     [
      -77.26439838475324,
      38.900765594403474
     ],
     [
      -77.26439946975607,
      38.9007668011949
     ],
     [
      -77.26440046465474,
      38.900767917358415
     ],
     [
      -77.26440136944922,
      38.900768942894004
     ],
     [
      -77.26440218413951,
      38.900769877801686
     ],
     [
      -77.26440290872561,
      38.90077072208147
     ],
     [
      -77.26440393110725,
      38.90077183784377
     ],
     [
      -77.26440525128444,
      38.900773225088564
     ],
     [
      -77.26440686925724,
      38.9007748838159
     ],
     [
      -77.26440878502567,
      38.9007768140257
     ],
     [
      -77.26441024996338,
      38.900778291774635
     ],
     [
      -77.26441126407032,
      38.90077931706275
     ],
     [
      -77.26441182734642,
      38.900779889890025
     ],
     [
      -77.26441193979171,
      38.90078001025649
     ],
     [
      -77.26441237285887,
      38.90078061353373
     ],
     [
      -77.26441312654794,
      38.900781699721705
     ],
     [
      -77.26441420085892,
      38.900783268820454
     ],
     [
      -77.26441559579187,
      38.900785320829925
     ],
     [
      -77.26441685831718,
      38.90078737313908
     ],
     [
      -77.2644179884348,
      38.9007894257479
     ],
     [
      -77.26441898614472,
      38.900791478656416
     ],
     [
      -77.26441985144695,
      38.90079353186459
     ],
     [
      -77.26442056915727,
      38.90079519860506
     ],
     [
      -77.26442113927565,
      38.90079647887777
     ],
     [
      -77.2644215618021,
      38.90079737268277
     ],
     [
      -77.26442183673655,
      38.90079788002004
     ],
     [
      -77.26442219634527,
      38.90079864697758
     ],
     [
      -77.26442264062825,
      38.90079967355532
     ],
     [
      -77.2644231695855,
      38.9008009597533
     ],
     [
      -77.26442378321701,
      38.90080250557152
     ],
     [
      -77.26442455764216,
      38.90080417801568
     ],
     [
      -77.26442549286091,
      38.900805977085795
     ],
     [
      -77.26442658887332,
      38.900807902781835
     ],
     [
      -77.2644278456794,
      38.9008099551038
     ],
     [
      -77.26442898244011,
      38.90081174065714
     ],
     [
      -77.2644299991554,
      38.90081325944184
     ],
     [
      -77.26443089582526,
      38.900814511457895
     ],
     [
      -77.26443167244967,
      38.90081549670536
     ],
     [
      -77.26443238737444,
      38.90081650238146
     ],
     [
      -77.26443304059953,
      38.900817528486236
     ],
     [
      -77.26443363212495,
      38.90081857501967
     ]
    ]
   },
   "properties": {
    "id": "ct-10",
    "kind": "Contour",
    "sourceId": "contours",
    "reliabilityLevel": 1,
    "revision": 1,
    "engineeringGeometry": {
     "crs": "EPSG:2248",
     "crsName": "NAD83 / Maryland State Plane (US survey feet)",
     "datum": "NAD83",
     "unit": "usSurveyFoot",
     "coordinates": [
      [
       1237078.562516234,
       449570.59494584124,
       372
      ],
      [
       1237078.4128599523,
       449570.98396735144,
       372
      ],
      [
       1237078.250986914,
       449571.462855036,
       372
      ],
      [
       1237078.0768971185,
       449572.031608895,
       372
      ],
      [
       1237077.890590566,
       449572.6902289283,
       372
      ],
      [
       1237077.6920672564,
       449573.43871513597,
       372
      ],
      [
       1237077.547038269,
       449574.18720134365,
       372
      ],
      [
       1237077.455503604,
       449574.9356875513,
       372
      ],
      [
       1237077.4174632607,
       449575.68417375896,
       372
      ],
      [
       1237077.4329172398,
       449576.43265996664,
       372
      ],
      [
       1237077.4970852856,
       449577.1811461743,
       372
      ],
      [
       1237077.609967398,
       449577.929632382,
       372
      ],
      [
       1237077.7715635775,
       449578.6781185897,
       372
      ],
      [
       1237077.9818738233,
       449579.42660479737,
       372
      ],
      [
       1237078.1702103494,
       449580.0181343116,
       372
      ],
      [
       1237078.3365731556,
       449580.45270713244,
       372
      ],
      [
       1237078.4809622415,
       449580.73032325995,
       372
      ],
      [
       1237078.6033776072,
       449580.850982694,
       372
      ],
      [
       1237078.8823106836,
       449580.9421456804,
       372
      ],
      [
       1237079.3177614703,
       449581.00381221913,
       372
      ],
      [
       1237079.9097299674,
       449581.03598231013,
       372
      ],
      [
       1237080.6582161752,
       449581.0386559535,
       372
      ],
      [
       1237081.2751935055,
       449581.0098279166,
       372
      ],
      [
       1237081.7606619583,
       449580.94949819957,
       372
      ],
      [
       1237082.1146215335,
       449580.85766680236,
       372
      ],
      [
       1237082.3370722313,
       449580.73433372495,
       372
      ],
      [
       1237082.6354191324,
       449580.54220716225,
       372
      ],
      [
       1237083.0096622363,
       449580.2812871142,
       372
      ],
      [
       1237083.459801543,
       449579.95157358085,
       372
      ],
      [
       1237083.9858370528,
       449579.5530665622,
       372
      ],
      [
       1237084.4859268814,
       449579.1666915009,
       372
      ],
      [
       1237084.9600710291,
       449578.7924483971,
       372
      ],
      [
       1237085.408269496,
       449578.4303372507,
       372
      ],
      [
       1237085.8305222818,
       449578.0803580617,
       372
      ],
      [
       1237086.2287702267,
       449577.74809442007,
       372
      ],
      [
       1237086.6030133306,
       449577.4335463258,
       372
      ],
      [
       1237086.9532515935,
       449577.1367137789,
       372
      ],
      [
       1237087.2794850154,
       449576.8575967794,
       372
      ],
      [
       1237087.6628043465,
       449576.53091672773,
       372
      ],
      [
       1237088.1032095873,
       449576.1566736239,
       372
      ],
      [
       1237088.6007007372,
       449575.7348674679,
       372
      ],
      [
       1237089.1552777966,
       449575.26549825975,
       372
      ],
      [
       1237089.6196878783,
       449574.87036580895,
       372
      ],
      [
       1237089.993930982,
       449574.54947011557,
       372
      ],
      [
       1237090.278007108,
       449574.3028111794,
       372
      ],
      [
       1237090.4719162562,
       449574.13038900075,
       372
      ],
      [
       1237090.7518357185,
       449573.85705635947,
       372
      ],
      [
       1237091.1177654949,
       449573.4828132556,
       372
      ],
      [
       1237091.5697055853,
       449573.0076596892,
       372
      ],
      [
       1237092.1076559895,
       449572.4315956602,
       372
      ],
      [
       1237092.5637527434,
       449571.9384004134,
       372
      ],
      [
       1237092.9379958473,
       449571.5280739488,
       372
      ],
      [
       1237093.230385301,
       449571.20061626623,
       372
      ],
      [
       1237093.4409211045,
       449570.9560273659,
       372
      ],
      [
       1237093.7079762984,
       449570.6466113638,
       372
      ],
      [
       1237094.0315508828,
       449570.27236825996,
       372
      ],
      [
       1237094.4116448578,
       449569.8332980544,
       372
      ],
      [
       1237094.8482582232,
       449569.329400747,
       372
      ],
      [
       1237095.2536864579,
       449568.8672479277,
       372
      ],
      [
       1237095.6279295618,
       449568.44683959626,
       372
      ],
      [
       1237095.9709875346,
       449568.0681757528,
       372
      ],
      [
       1237096.2828603769,
       449567.7312563973,
       372
      ],
      [
       1237096.6306742094,
       449567.3756751676,
       372
      ],
      [
       1237097.0144290323,
       449567.0014320638,
       372
      ],
      [
       1237097.434124846,
       449566.6085270858,
       372
      ],
      [
       1237097.88976165,
       449566.1969602336,
       372
      ],
      [
       1237098.304701604,
       449565.8144460517,
       372
      ],
      [
       1237098.6789447078,
       449565.46098454006,
       372
      ],
      [
       1237099.0124909617,
       449565.1365756986,
       372
      ],
      [
       1237099.3053403655,
       449564.84121952736,
       372
      ],
      [
       1237099.6419141358,
       449564.5064198898,
       372
      ],
      [
       1237100.0222122732,
       449564.132176786,
       372
      ],
      [
       1237100.4462347773,
       449563.7184902159,
       372
      ],
      [
       1237100.9139816486,
       449563.2653601794,
       372
      ],
      [
       1237101.3349766359,
       449562.8365042979,
       372
      ],
      [
       1237101.7092197398,
       449562.4319225712,
       372
      ],
      [
       1237102.03671096,
       449562.05161499936,
       372
      ],
      [
       1237102.3174502966,
       449561.6955815825,
       372
      ],
      [
       1237102.6017377703,
       449561.3304433221,
       372
      ],
      [
       1237102.8895733808,
       449560.95620021824,
       372
      ],
      [
       1237103.1809571285,
       449560.57285227097,
       372
      ],
      [
       1237103.4758890131,
       449560.1803994802,
       372
      ],
      [
       1237103.8104765075,
       449559.7227912261,
       372
      ],
      [
       1237104.1847196112,
       449559.20002750866,
       372
      ],
      [
       1237104.5986183246,
       449558.6121083279,
       372
      ],
      [
       1237105.0521726478,
       449557.9590336839,
       372
      ],
      [
       1237105.4128189282,
       449557.4453748099,
       372
      ],
      [
       1237105.6805571658,
       449557.07113170606,
       372
      ],
      [
       1237105.855387361,
       449556.83630437235,
       372
      ],
      [
       1237105.9373095138,
       449556.74089280877,
       372
      ],
      [
       1237106.1551798936,
       449556.4822125842,
       372
      ],
      [
       1237106.508998501,
       449556.0602636986,
       372
      ],
      [
       1237106.9987653357,
       449555.4750461519,
       372
      ],
      [
       1237107.6244803974,
       449554.7265599442,
       372
      ],
      [
       1237108.1039789421,
       449554.1471864293,
       372
      ],
      [
       1237108.43726097,
       449553.73692560714,
       372
      ],
      [
       1237108.62432648,
       449553.49577747774,
       372
      ],
      [
       1237108.6651754733,
       449553.42374204117,
       372
      ],
      [
       1237108.7982418553,
       449553.20060277096,
       372
      ],
      [
       1237109.0235256264,
       449552.8263596671,
       372
      ],
      [
       1237109.3410267867,
       449552.30101272964,
       372
      ],
      [
       1237109.7507453358,
       449551.6245619586,
       372
      ],
      [
       1237110.1035344666,
       449550.9301023284,
       372
      ],
      [
       1237110.3993941788,
       449550.21763383906,
       372
      ],
      [
       1237110.6383244726,
       449549.48715649056,
       372
      ],
      [
       1237110.820325348,
       449548.7386702829,
       372
      ],
      [
       1237110.9960177005,
       449548.12074263184,
       372
      ],
      [
       1237111.1654015295,
       449547.63337353745,
       372
      ],
      [
       1237111.3284768357,
       449547.27656299964,
       372
      ],
      [
       1237111.4852436187,
       449547.05031101854,
       372
      ],
      [
       1237111.6812890433,
       449546.75006347604,
       372
      ],
      [
       1237111.9166131094,
       449546.3758203722,
       372
      ],
      [
       1237112.191215817,
       449545.927581707,
       372
      ],
      [
       1237112.5050971662,
       449545.40534748056,
       372
      ],
      [
       1237112.8491593925,
       449544.9269607378,
       372
      ],
      [
       1237113.2234024964,
       449544.4924214786,
       372
      ],
      [
       1237113.6278264776,
       449544.10172970325,
       372
      ],
      [
       1237114.0624313361,
       449543.7548854117,
       372
      ],
      [
       1237114.575506532,
       449543.4213473244,
       372
      ],
      [
       1237115.1670520655,
       449543.10111544153,
       372
      ],
      [
       1237115.8370679358,
       449542.794189763,
       372
      ],
      [
       1237116.5855541432,
       449542.50057028886,
       372
      ],
      [
       1237117.3340403507,
       449542.3291413806,
       372
      ],
      [
       1237118.0825265585,
       449542.27990303806,
       372
      ],
      [
       1237118.8310127663,
       449542.3528552615,
       372
      ],
      [
       1237119.5794989741,
       449542.5479980507,
       372
      ],
      [
       1237120.327985182,
       449542.74374585296,
       372
      ],
      [
       1237121.0764713897,
       449542.9400986682,
       372
      ],
      [
       1237121.8249575973,
       449543.1370564965,
       372
      ],
      [
       1237122.5734438046,
       449543.3346193378,
       372
      ],
      [
       1237123.3219300122,
       449543.45126768976,
       372
      ],
      [
       1237124.07041622,
       449543.4870015523,
       372
      ],
      [
       1237124.8189024278,
       449543.44182092545,
       372
      ],
      [
       1237125.5673886356,
       449543.31572580925,
       372
      ],
      [
       1237126.2610010752,
       449543.12749623304,
       372
      ],
      [
       1237126.8997397472,
       449542.8771321968,
       372
      ],
      [
       1237127.4836046512,
       449542.5646337006,
       372
      ],
      [
       1237128.0125957876,
       449542.19000074436,
       372
      ],
      [
       1237128.4642129075,
       449541.85970472306,
       372
      ],
      [
       1237128.8384560114,
       449541.57374563674,
       372
      ],
      [
       1237129.135325099,
       449541.33212348534,
       372
      ],
      [
       1237129.3548201704,
       449541.13483826886,
       372
      ],
      [
       1237129.6316927269,
       449540.8490741087,
       372
      ],
      [
       1237129.965942768,
       449540.4748310049,
       372
      ],
      [
       1237130.357570294,
       449540.0121089574,
       372
      ],
      [
       1237130.806575305,
       449539.4609079661,
       372
      ],
      [
       1237131.2181993625,
       449538.9325595934,
       372
      ],
      [
       1237131.5924424664,
       449538.4270638394,
       372
      ],
      [
       1237131.9293046168,
       449537.94442070386,
       372
      ],
      [
       1237132.2287858133,
       449537.48463018687,
       372
      ],
      [
       1237132.5150119131,
       449537.0676133765,
       372
      ],
      [
       1237132.7879829165,
       449536.6933702727,
       372
      ],
      [
       1237133.0476988228,
       449536.3619008754,
       372
      ],
      [
       1237133.2941596324,
       449536.07320518466,
       372
      ],
      [
       1237133.6045115893,
       449535.6969759698,
       372
      ],
      [
       1237133.9787546932,
       449535.2332132309,
       372
      ],
      [
       1237134.416888944,
       449534.68191696785,
       372
      ],
      [
       1237134.918914342,
       449534.0430871807,
       372
      ],
      [
       1237135.3396511986,
       449533.53655073524,
       372
      ],
      [
       1237135.6790995137,
       449533.16230763134,
       372
      ],
      [
       1237135.9372592876,
       449532.9203578692,
       372
      ],
      [
       1237136.1141305198,
       449532.81070144876,
       372
      ],
      [
       1237136.389687688,
       449532.60274145,
       372
      ],
      [
       1237136.763930792,
       449532.29647787305,
       372
      ],
      [
       1237137.2368598315,
       449531.8919107179,
       372
      ],
      [
       1237137.8084748066,
       449531.3890399844,
       372
      ],
      [
       1237138.2930107098,
       449530.9504830658,
       372
      ],
      [
       1237138.6904675409,
       449530.57623996196,
       372
      ],
      [
       1237139.0008452996,
       449530.2663106729,
       372
      ],
      [
       1237139.2241439866,
       449530.0206951987,
       372
      ],
      [
       1237139.501341236,
       449529.64936204103,
       372
      ],
      [
       1237139.8324370482,
       449529.1523112001,
       372
      ],
      [
       1237140.2174314233,
       449528.52954267577,
       372
      ],
      [
       1237140.6563243612,
       449527.7810564681,
       372
      ],
      [
       1237141.0070677104,
       449527.13494107744,
       372
      ],
      [
       1237141.2696614708,
       449526.59119650384,
       372
      ],
      [
       1237141.4441056426,
       449526.1498227473,
       372
      ],
      [
       1237141.5304002257,
       449525.8108198077,
       372
      ],
      [
       1237141.6270464214,
       449525.454196786,
       372
      ],
      [
       1237141.7340442296,
       449525.0799536822,
       372
      ],
      [
       1237141.8513936505,
       449524.68809049623,
       372
      ],
      [
       1237141.979094684,
       449524.2786072281,
       372
      ],
      [
       1237142.1007228042,
       449523.78437322506,
       372
      ],
      [
       1237142.2162780112,
       449523.20538848726,
       372
      ],
      [
       1237142.3257603052,
       449522.5416530145,
       372
      ],
      [
       1237142.4291696858,
       449521.7931668067,
       372
      ],
      [
       1237142.5848964732,
       449521.044680599,
       372
      ],
      [
       1237142.7929406678,
       449520.29619439144,
       372
      ],
      [
       1237143.0533022694,
       449519.54770818376,
       372
      ],
      [
       1237143.365981278,
       449518.7992219761,
       372
      ],
      [
       1237143.6516647306,
       449518.1835231361,
       372
      ],
      [
       1237143.9103526273,
       449517.70061166375,
       372
      ],
      [
       1237144.1420449682,
       449517.35048755904,
       372
      ],
      [
       1237144.3467417534,
       449517.133150822,
       372
      ],
      [
       1237144.687385894,
       449516.88206680986,
       372
      ],
      [
       1237145.1639773904,
       449516.59723552264,
       372
      ],
      [
       1237145.7765162424,
       449516.2786569603,
       372
      ],
      [
       1237146.5250024502,
       449515.9263311229,
       372
      ],
      [
       1237147.273488658,
       449515.6740677956,
       372
      ],
      [
       1237148.0219748658,
       449515.52186697844,
       372
      ],
      [
       1237148.7704610734,
       449515.4697286715,
       372
      ],
      [
       1237149.5189472807,
       449515.5176528747,
       372
      ],
      [
       1237150.2674334883,
       449515.56722105725,
       372
      ],
      [
       1237151.015919696,
       449515.6184332194,
       372
      ],
      [
       1237151.7644059039,
       449515.6712893609,
       372
      ],
      [
       1237152.5128921117,
       449515.7257894819,
       372
      ],
      [
       1237153.2613783195,
       449515.6974572343,
       372
      ],
      [
       1237154.0098645268,
       449515.5862926182,
       372
      ],
      [
       1237154.7583507346,
       449515.39229563356,
       372
      ],
      [
       1237155.5068369422,
       449515.1154662804,
       372
      ],
      [
       1237156.0699517198,
       449514.90673961444,
       372
      ],
      [
       1237156.4476950679,
       449514.76611563563,
       372
      ],
      [
       1237156.6400669857,
       449514.69359434425,
       372
      ],
      [
       1237156.6470674737,
       449514.6891757401,
       372
      ],
      [
       1237156.8376892698,
       449514.5634608666,
       372
      ],
      [
       1237157.2119323735,
       449514.31644972356,
       372
      ],
      [
       1237157.7697967852,
       449513.94814231107,
       372
      ],
      [
       1237158.511282505,
       449513.4585386291,
       372
      ],
      [
       1237159.1418242524,
       449513.02661523625,
       372
      ],
      [
       1237159.6614220273,
       449512.6523721324,
       372
      ],
      [
       1237160.0700758304,
       449512.33580931765,
       372
      ],
      [
       1237160.367785661,
       449512.0769267919,
       372
      ],
      [
       1237160.7037621285,
       449511.773925679,
       372
      ],
      [
       1237161.0780052321,
       449511.4268059789,
       372
      ],
      [
       1237161.4905149725,
       449511.0355676916,
       372
      ],
      [
       1237161.9412913497,
       449510.6002108172,
       372
      ],
      [
       1237162.3799789052,
       449510.19541082805,
       372
      ],
      [
       1237162.8065776392,
       449509.82116772427,
       372
      ],
      [
       1237163.221087552,
       449509.4774815057,
       372
      ],
      [
       1237163.6235086431,
       449509.1643521724,
       372
      ],
      [
       1237164.0118407407,
       449508.83585246094,
       372
      ],
      [
       1237164.3860838444,
       449508.49198237126,
       372
      ],
      [
       1237164.7462379546,
       449508.1327419033,
       372
      ],
      [
       1237165.092303071,
       449507.7581310572,
       372
      ],
      [
       1237165.5389734604,
       449507.3843065769,
       372
      ],
      [
       1237166.0862491224,
       449507.01126846246,
       372
      ],
      [
       1237166.7341300575,
       449506.6390167139,
       372
      ],
      [
       1237167.4826162648,
       449506.26755133114,
       372
      ],
      [
       1237168.0449778868,
       449505.9883497994,
       372
      ],
      [
       1237168.421214923,
       449505.8014121186,
       372
      ],
      [
       1237168.6113273734,
       449505.7067382888,
       372
      ],
      [
       1237168.615315238,
       449505.7043283101,
       372
      ],
      [
       1237168.7855179713,
       449505.51539927407,
       372
      ],
      [
       1237169.1219355732,
       449505.1399511807,
       372
      ],
      [
       1237169.6245680437,
       449504.5779840303,
       372
      ],
      [
       1237170.293415383,
       449503.8294978227,
       372
      ],
      [
       1237170.7218615124,
       449503.081011615,
       372
      ],
      [
       1237170.909906432,
       449502.3325254074,
       372
      ],
      [
       1237170.857550142,
       449501.5840391997,
       372
      ],
      [
       1237170.5647926424,
       449500.83555299195,
       372
      ],
      [
       1237170.2502050917,
       449500.2505787458,
       372
      ],
      [
       1237169.9137874898,
       449499.8291164613,
       372
      ],
      [
       1237169.5555398369,
       449499.5711661382,
       372
      ],
      [
       1237169.1754621326,
       449499.4767277767,
       372
      ],
      [
       1237168.7032823027,
       449499.31650988874,
       372
      ],
      [
       1237168.1390003467,
       449499.0905124743,
       372
      ],
      [
       1237167.4826162648,
       449498.7987355334,
       372
      ],
      [
       1237166.734130057,
       449498.441179066,
       372
      ],
      [
       1237166.0360397426,
       449498.0988888708,
       372
      ],
      [
       1237165.388345321,
       449497.77186494775,
       372
      ],
      [
       1237164.7910467924,
       449497.4601072968,
       372
      ],
      [
       1237164.2441441568,
       449497.163615918,
       372
      ],
      [
       1237163.783571287,
       449496.92306656257,
       372
      ],
      [
       1237163.4093281832,
       449496.73845923034,
       372
      ],
      [
       1237163.1214148453,
       449496.6097939215,
       372
      ],
      [
       1237162.9198312731,
       449496.537070636,
       372
      ],
      [
       1237162.5815220424,
       449496.47239834117,
       372
      ],
      [
       1237162.1064871522,
       449496.41577703704,
       372
      ],
      [
       1237161.4947266034,
       449496.3672067236,
       372
      ],
      [
       1237160.746240396,
       449496.326687401,
       372
      ],
      [
       1237159.9977541883,
       449496.3140538362,
       372
      ],
      [
       1237159.2492679805,
       449496.3293060293,
       372
      ],
      [
       1237158.5007817727,
       449496.3724439804,
       372
      ],
      [
       1237157.7522955653,
       449496.44346768945,
       372
      ],
      [
       1237157.1642363698,
       449496.507290196,
       372
      ],
      [
       1237156.7366041865,
       449496.56391150004,
       372
      ],
      [
       1237156.4693990154,
       449496.6133316017,
       372
      ],
      [
       1237156.3626208561,
       449496.65555050096,
       372
      ],
      [
       1237156.1221102248,
       449496.74126556644,
       372
      ],
      [
       1237155.7478671211,
       449496.87047679804,
       372
      ],
      [
       1237155.239891545,
       449497.04318419594,
       372
      ],
      [
       1237154.598183496,
       449497.25938776013,
       372
      ],
      [
       1237154.0069751306,
       449497.55461109406,
       372
      ],
      [
       1237153.466266449,
       449497.9288541979,
       372
      ],
      [
       1237152.9760574512,
       449498.3821170716,
       372
      ],
      [
       1237152.5363481366,
       449498.91439971514,
       372
      ],
      [
       1237152.1293719276,
       449499.3785868763,
       372
      ],
      [
       1237151.7551288237,
       449499.7746785552,
       372
      ],
      [
       1237151.4136188251,
       449500.1026747518,
       372
      ],
      [
       1237151.104841932,
       449500.362575466,
       372
      ],
      [
       1237150.7790303577,
       449500.679647375,
       372
      ],
      [
       1237150.4361841027,
       449501.0538904788,
       372
      ],
      [
       1237150.0763031663,
       449501.4853047774,
       372
      ],
      [
       1237149.699387549,
       449501.9738902709,
       372
      ],
      [
       1237149.3238081883,
       449502.439926871,
       372
      ],
      [
       1237148.9495650844,
       449502.8834145777,
       372
      ],
      [
       1237148.5766582375,
       449503.3043533909,
       372
      ],
      [
       1237148.205087647,
       449503.7027433106,
       372
      ],
      [
       1237147.8564623115,
       449504.0890598224,
       372
      ],
      [
       1237147.5307822304,
       449504.4633029263,
       372
      ],
      [
       1237147.228047404,
       449504.8254726221,
       372
      ],
      [
       1237146.948257832,
       449505.17556890997,
       372
      ],
      [
       1237146.6212414943,
       449505.58354494296,
       372
      ],
      [
       1237146.2469983904,
       449506.04940072104,
       372
      ],
      [
       1237145.8255285206,
       449506.5731362442,
       372
      ],
      [
       1237145.3568318847,
       449507.1547515124,
       372
      ],
      [
       1237144.9698168477,
       449507.6326806984,
       372
      ],
      [
       1237144.6644834094,
       449508.0069238023,
       372
      ],
      [
       1237144.44083157,
       449508.2774808239,
       372
      ],
      [
       1237144.298861329,
       449508.44435176335,
       372
      ],
      [
       1237144.0407546568,
       449508.7121072648,
       372
      ],
      [
       1237143.6665115529,
       449509.0807473283,
       372
      ],
      [
       1237143.1761320175,
       449509.5502719538,
       372
      ],
      [
       1237142.5696160507,
       449510.12068114127,
       372
      ],
      [
       1237142.0195399444,
       449510.593007287,
       372
      ],
      [
       1237141.525903699,
       449510.9672503908,
       372
      ],
      [
       1237141.088707314,
       449511.2434104528,
       372
      ],
      [
       1237140.70795079,
       449511.42148747295,
       372
      ],
      [
       1237140.330450976,
       449511.60852969444,
       372
      ],
      [
       1237139.9562078721,
       449511.8045371172,
       372
      ],
      [
       1237139.5852214785,
       449512.0095097412,
       372
      ],
      [
       1237139.2174917948,
       449512.2234475666,
       372
      ],
      [
       1237138.7545729803,
       449512.395193348,
       372
      ],
      [
       1237138.1964650347,
       449512.5247470854,
       372
      ],
      [
       1237137.543167958,
       449512.6121087789,
       372
      ],
      [
       1237136.7946817505,
       449512.65727842844,
       372
      ],
      [
       1237136.046195543,
       449512.69350074977,
       372
      ],
      [
       1237135.297709335,
       449512.7207757429,
       372
      ],
      [
       1237134.5492231273,
       449512.73910340783,
       372
      ],
      [
       1237133.80073692,
       449512.74848374457,
       372
      ],
      [
       1237133.0522507122,
       449512.79659436265,
       372
      ],
      [
       1237132.3037645044,
       449512.883435262,
       372
      ],
      [
       1237131.5552782966,
       449513.00900644273,
       372
      ],
      [
       1237130.8067920892,
       449513.17330790486,
       372
      ],
      [
       1237130.0583058815,
       449513.3699472501,
       372
      ],
      [
       1237129.3098196737,
       449513.5989244785,
       372
      ],
      [
       1237128.5613334659,
       449513.8602395902,
       372
      ],
      [
       1237127.8128472585,
       449514.1538925852,
       372
      ],
      [
       1237127.2364386881,
       449514.37964331615,
       372
      ],
      [
       1237126.832107755,
       449514.5374917831,
       372
      ],
      [
       1237126.599854459,
       449514.62743798614,
       372
      ],
      [
       1237126.5396788009,
       449514.64948192524,
       372
      ],
      [
       1237126.3224694198,
       449514.72758117266,
       372
      ],
      [
       1237125.948226316,
       449514.86173572845,
       372
      ],
      [
       1237125.4169494894,
       449515.0519455925,
       372
      ],
      [
       1237124.72863894,
       449515.2982107649,
       372
      ],
      [
       1237124.0252844763,
       449515.5427560662,
       372
      ],
      [
       1237123.3068860976,
       449515.7855814963,
       372
      ],
      [
       1237122.5734438046,
       449516.0266870553,
       372
      ],
      [
       1237121.824957597,
       449516.2660727432,
       372
      ],
      [
       1237121.1059731762,
       449516.5113208459,
       372
      ],
      [
       1237120.4164905418,
       449516.76243136363,
       372
      ],
      [
       1237119.7565096943,
       449517.0194042961,
       372
      ],
      [
       1237119.1260306332,
       449517.2822396435,
       372
      ],
      [
       1237118.623669551,
       449517.4914165316,
       372
      ],
      [
       1237118.2494264473,
       449517.64693496044,
       372
      ],
      [
       1237118.003301322,
       449517.74879493,
       372
      ],
      [
       1237117.885294175,
       449517.79699644016,
       372
      ],
      [
       1237117.609667263,
       449517.91103977687,
       372
      ],
      [
       1237117.1764205857,
       449518.0909249399,
       372
      ],
      [
       1237116.5855541432,
       449518.3366519293,
       372
      ],
      [
       1237115.8370679358,
       449518.64822074515,
       372
      ],
      [
       1237115.0885817283,
       449518.93942962005,
       372
      ],
      [
       1237114.3400955205,
       449519.210278554,
       372
      ],
      [
       1237113.5916093127,
       449519.4607675471,
       372
      ],
      [
       1237112.843123105,
       449519.6908965992,
       372
      ],
      [
       1237112.1225896552,
       449519.9031400957,
       372
      ],
      [
       1237111.4300089641,
       449520.0974980365,
       372
      ],
      [
       1237110.765381031,
       449520.27397042164,
       372
      ],
      [
       1237110.1287058562,
       449520.4325572511,
       372
      ],
      [
       1237109.6232467168,
       449520.55879899685,
       372
      ],
      [
       1237109.2490036131,
       449520.65269565885,
       372
      ],
      [
       1237109.0059765447,
       449520.7142472372,
       372
      ],
      [
       1237108.894165512,
       449520.7434537319,
       372
      ],
      [
       1237108.6231856854,
       449520.85132713965,
       372
      ],
      [
       1237108.1930370652,
       449521.03786746075,
       372
      ],
      [
       1237107.6037196512,
       449521.30307469494,
       372
      ],
      [
       1237106.8552334434,
       449521.64694884233,
       372
      ],
      [
       1237106.1896150322,
       449521.99870584434,
       372
      ],
      [
       1237105.6068644174,
       449522.3583457008,
       372
      ],
      [
       1237105.1069815988,
       449522.7258684119,
       372
      ],
      [
       1237104.6899665762,
       449523.1012739775,
       372
      ],
      [
       1237104.294337513,
       449523.500070545,
       372
      ],
      [
       1237103.920094409,
       449523.9222581144,
       372
      ],
      [
       1237103.5672372645,
       449524.3678366857,
       372
      ],
      [
       1237103.2357660793,
       449524.8368062589,
       372
      ],
      [
       1237102.9392633731,
       449525.25841259747,
       372
      ],
      [
       1237102.677729146,
       449525.6326557013,
       372
      ],
      [
       1237102.451163398,
       449525.95953557047,
       372
      ],
      [
       1237102.2595661292,
       449526.2390522049,
       372
      ],
      [
       1237101.986758985,
       449526.63581123267,
       372
      ],
      [
       1237101.6327419663,
       449527.1498126537,
       372
      ],
      [
       1237101.197515072,
       449527.7810564681,
       372
      ],
      [
       1237100.681078303,
       449528.52954267577,
       372
      ],
      [
       1237100.2836376836,
       449529.10538751906,
       372
      ],
      [
       1237100.0051932142,
       449529.5085909979,
       372
      ],
      [
       1237099.8457448946,
       449529.7391531124,
       372
      ],
      [
       1237099.805292725,
       449529.79707386246,
       372
      ],
      [
       1237099.6491781725,
       449530.0131557894,
       372
      ],
      [
       1237099.377401237,
       449530.38739889325,
       372
      ],
      [
       1237098.9899619184,
       449530.9198031739,
       372
      ],
      [
       1237098.4868602166,
       449531.6103686316,
       372
      ],
      [
       1237098.0481878137,
       449532.2246524837,
       372
      ],
      [
       1237097.6739447098,
       449532.7626547304,
       372
      ],
      [
       1237097.364130905,
       449533.2243753716,
       372
      ],
      [
       1237097.118746399,
       449533.6098144073,
       372
      ],
      [
       1237096.876008254,
       449533.9896554771,
       372
      ],
      [
       1237096.6359164696,
       449534.3638985809,
       372
      ],
      [
       1237096.3984710462,
       449534.7325437188,
       372
      ],
      [
       1237096.1636719839,
       449535.09559089073,
       372
      ],
      [
       1237095.8591509005,
       449535.54858214816,
       372
      ],
      [
       1237095.4849077966,
       449536.09151749103,
       372
      ],
      [
       1237095.0409426722,
       449536.72439691937,
       372
      ],
      [
       1237094.5272555272,
       449537.44722043327,
       372
      ],
      [
       1237094.1366507884,
       449537.9957537421,
       372
      ],
      [
       1237093.8691284559,
       449538.3699968459,
       372
      ],
      [
       1237093.72468853,
       449538.56994974473,
       372
      ],
      [
       1237093.7033310102,
       449538.59561243857,
       372
      ],
      [
       1237093.5831632444,
       449538.8019810108,
       372
      ],
      [
       1237093.3641852327,
       449539.18905546155,
       372
      ],
      [
       1237093.0463969747,
       449539.75683579076,
       372
      ],
      [
       1237092.6297984708,
       449540.5053219985,
       372
      ],
      [
       1237092.2627780505,
       449541.2538082062,
       372
      ],
      [
       1237091.945335714,
       449542.0022944138,
       372
      ],
      [
       1237091.6774714608,
       449542.7507806215,
       372
      ],
      [
       1237091.4591852915,
       449543.49926682917,
       372
      ],
      [
       1237091.2724096607,
       449544.14474078035,
       372
      ],
      [
       1237091.1171445688,
       449544.68720247503,
       372
      ],
      [
       1237090.9933900156,
       449545.12665191316,
       372
      ],
      [
       1237090.9011460007,
       449545.46308909473,
       372
      ],
      [
       1237090.8038788699,
       449545.81842923746,
       372
      ],
      [
       1237090.7015886223,
       449546.1926723413,
       372
      ],
      [
       1237090.5942752582,
       449546.58581840625,
       372
      ],
      [
       1237090.481938778,
       449546.9978674323,
       372
      ],
      [
       1237090.3155254195,
       449547.49402575375,
       372
      ],
      [
       1237090.095035183,
       449548.0742933706,
       372
      ],
      [
       1237089.8204680686,
       449548.7386702829,
       372
      ],
      [
       1237089.491824076,
       449549.48715649056,
       372
      ],
      [
       1237089.1684646478,
       449550.15862227726,
       372
      ],
      [
       1237088.8503897842,
       449550.75306764303,
       372
      ],
      [
       1237088.537599485,
       449551.2704925878,
       372
      ],
      [
       1237088.2300937502,
       449551.71089711174,
       372
      ],
      [
       1237087.9481349862,
       449552.1182209256,
       372
      ],
      [
       1237087.6917231928,
       449552.4924640294,
       372
      ],
      [
       1237087.4608583702,
       449552.8336264232,
       372
      ],
      [
       1237087.255540518,
       449553.141708107,
       372
      ],
      [
       1237086.96576004,
       449553.5489084637,
       372
      ],
      [
       1237086.5915169362,
       449554.0552274933,
       372
      ],
      [
       1237086.1328112066,
       449554.6606651958,
       372
      ],
      [
       1237085.589642851,
       449555.3652215712,
       372
      ],
      [
       1237085.1742981868,
       449555.9046213108,
       372
      ],
      [
       1237084.886777214,
       449556.27886441466,
       372
      ],
      [
       1237084.727079933,
       449556.48795088276,
       372
      ],
      [
       1237084.6952063437,
       449556.531880715,
       372
      ],
      [
       1237084.5725970739,
       449556.7519496411,
       372
      ],
      [
       1237084.3592521236,
       449557.1481576611,
       372
      ],
      [
       1237084.055171493,
       449557.7205047749,
       372
      ],
      [
       1237083.6603551814,
       449558.46899098257,
       372
      ],
      [
       1237083.3032208192,
       449559.21747719025,
       372
      ],
      [
       1237082.983768406,
       449559.9659633979,
       372
      ],
      [
       1237082.7019979418,
       449560.71444960556,
       372
      ],
      [
       1237082.4579094264,
       449561.4629358133,
       372
      ],
      [
       1237082.255416092,
       449562.0705498476,
       372
      ],
      [
       1237082.0945179386,
       449562.53729170864,
       372
      ],
      [
       1237081.9752149659,
       449562.8631613963,
       372
      ],
      [
       1237081.8975071742,
       449563.04815891065,
       372
      ],
      [
       1237081.7959760048,
       449563.3277792198,
       372
      ],
      [
       1237081.6706214573,
       449563.70202232356,
       372
      ],
      [
       1237081.5214435323,
       449564.1708882222,
       372
      ],
      [
       1237081.3484422294,
       449564.73437691544,
       372
      ],
      [
       1237081.1298146206,
       449565.3441149873,
       372
      ],
      [
       1237080.8655607062,
       449566.0001024379,
       372
      ],
      [
       1237080.5556804857,
       449566.70233926695,
       372
      ],
      [
       1237080.2001739591,
       449567.4508254746,
       372
      ],
      [
       1237079.8785494699,
       449568.1020563047,
       372
      ],
      [
       1237079.5908070174,
       449568.65603175724,
       372
      ],
      [
       1237079.336946602,
       449569.1127518323,
       372
      ],
      [
       1237079.1169682238,
       449569.4722165297,
       372
      ],
      [
       1237078.9145703695,
       449569.8390704304,
       372
      ],
      [
       1237078.7297530395,
       449570.2133135342,
       372
      ],
      [
       1237078.562516234,
       449570.59494584124,
       372
      ]
     ]
    },
    "elevationFt": 372,
    "weight": "intermediate",
    "hidden": false
   }
  },
  {
   "type": "Feature",
   "geometry": {
    "type": "LineString",
    "coordinates": [
     [
      -77.26394062074871,
      38.90076942171013
     ],
     [
      -77.26394222249807,
      38.90076757566698
     ],
     [
      -77.2639436780581,
      38.90076588721451
     ],
     [
      -77.2639449874288,
      38.90076435635276
     ],
     [
      -77.2639461506102,
      38.90076298308169
     ],
     [
      -77.2639471676023,
      38.90076176740136
     ],
     [
      -77.26394810925345,
      38.90076064479086
     ],
     [
      -77.26394897556365,
      38.90075961525024
     ],
     [
      -77.2639497665329,
      38.90075867877944
     ],
     [
      -77.26395048216123,
      38.90075783537853
     ],
     [
      -77.26395142379192,
      38.90075668812132
     ],
     [
      -77.26395259142492,
      38.900755237007814
     ],
     [
      -77.26395398506021,
      38.90075348203804
     ],
     [
      -77.26395560469777,
      38.900751423211936
     ],
     [
      -77.26395689006124,
      38.90074977616594
     ],
     [
      -77.26395784115067,
      38.90074854090007
     ],
     [
      -77.26395845796607,
      38.90074771741432
     ],
     [
      -77.2639587405075,
      38.9007473057087
     ],
     [
      -77.26395925328154,
      38.90074658522485
     ],
     [
      -77.26395999628822,
      38.900745555962715
     ],
     [
      -77.26396096952746,
      38.90074421792232
     ],
     [
      -77.26396217299927,
      38.90074257110368
     ],
     [
      -77.26396334771857,
      38.90074082158316
     ],
     [
      -77.26396449368535,
      38.90073896936079
     ],
     [
      -77.26396561089959,
      38.90073701443659
     ],
     [
      -77.26396669936132,
      38.90073495681051
     ],
     [
      -77.26396759584236,
      38.90073315088376
     ],
     [
      -77.26396830034274,
      38.90073159665633
     ],
     [
      -77.2639688128625,
      38.90073029412822
     ],
     [
      -77.26396913340163,
      38.90072924329944
     ],
     [
      -77.26396949094874,
      38.9007282036476
     ],
     [
      -77.26396988550381,
      38.900727175172754
     ],
     [
      -77.26397031706685,
      38.90072615787487
     ],
     [
      -77.26397078563785,
      38.90072515175393
     ],
     [
      -77.2639712100852,
      38.900723883206574
     ],
     [
      -77.26397159040894,
      38.900722352232805
     ],
     [
      -77.26397192660902,
      38.90072055883257
     ],
     [
      -77.26397221868544,
      38.90071850300591
     ],
     [
      -77.2639723696809,
      38.900716447498034
     ],
     [
      -77.26397237959542,
      38.90071439230894
     ],
     [
      -77.26397224842898,
      38.900712337438634
     ],
     [
      -77.26397197618164,
      38.900710282887104
     ],
     [
      -77.26397172161207,
      38.90070822829562
     ],
     [
      -77.26397148472026,
      38.90070617366419
     ],
     [
      -77.26397126550623,
      38.90070411899282
     ],
     [
      -77.26397106396996,
      38.900702064281504
     ],
     [
      -77.26397114273135,
      38.900700008936845
     ],
     [
      -77.26397150179038,
      38.90069795295883
     ],
     [
      -77.26397214114701,
      38.900695896347464
     ],
     [
      -77.26397306080122,
      38.90069383910275
     ],
     [
      -77.26397409713913,
      38.90069209278706
     ],
     [
      -77.26397525016075,
      38.900690657400396
     ],
     [
      -77.2639765198661,
      38.900689532942735
     ],
     [
      -77.26397790625518,
      38.90068871941409
     ],
     [
      -77.26397925885048,
      38.900688311159776
     ],
     [
      -77.26398057765205,
      38.90068830817978
     ],
     [
      -77.2639818626599,
      38.9006887104741
     ],
     [
      -77.26398311387405,
      38.90068951804275
     ],
     [
      -77.26398439860888,
      38.90069035712172
     ],
     [
      -77.2639857168644,
      38.90069122771102
     ],
     [
      -77.26398706864062,
      38.9006921298106
     ],
     [
      -77.26398845393753,
      38.90069306342049
     ],
     [
      -77.26398973001764,
      38.90069404269873
     ],
     [
      -77.26399089688098,
      38.90069506764531
     ],
     [
      -77.26399195452753,
      38.900696138260216
     ],
     [
      -77.26399290295727,
      38.90069725454349
     ],
     [
      -77.26399403726377,
      38.900698508386114
     ],
     [
      -77.263995357447,
      38.90069989978811
     ],
     [
      -77.26399686350702,
      38.90070142874946
     ],
     [
      -77.2639985554438,
      38.90070309527014
     ],
     [
      -77.26399993207441,
      38.900704441122954
     ],
     [
      -77.2640009933988,
      38.90070546630793
     ],
     [
      -77.26400173941694,
      38.90070617082505
     ],
     [
      -77.2640021701288,
      38.90070655467433
     ],
     [
      -77.26400304515624,
      38.90070732874719
     ],
     [
      -77.26400436449931,
      38.90070849304358
     ],
     [
      -77.26400612815804,
      38.90071004756353
     ],
     [
      -77.26400833613248,
      38.90071199230698
     ],
     [
      -77.2640100144666,
      38.90071347717243
     ],
     [
      -77.26401116316038,
      38.900714502159865
     ],
     [
      -77.26401178221371,
      38.900715067269296
     ],
     [
      -77.26401187162662,
      38.90071517250076
     ],
     [
      -77.264012415514,
      38.90071576413846
     ],
     [
      -77.26401341387589,
      38.90071684218237
     ],
     [
      -77.26401486671229,
      38.90071840663248
     ],
     [
      -77.2640167740233,
      38.90072045748878
     ],
     [
      -77.26401836535881,
      38.900722136406564
     ],
     [
      -77.26401964071879,
      38.90072344338587
     ],
     [
      -77.26402060010317,
      38.90072437842669
     ],
     [
      -77.26402124351193,
      38.90072494152904
     ],
     [
      -77.26402204400961,
      38.900725735789806
     ],
     [
      -77.26402300159619,
      38.900726761209036
     ],
     [
      -77.26402411627171,
      38.90072801778667
     ],
     [
      -77.2640253880362,
      38.90072950552274
     ],
     [
      -77.26402668434608,
      38.90073103570893
     ],
     [
      -77.26402800520137,
      38.90073260834528
     ],
     [
      -77.26402935060206,
      38.90073422343177
     ],
     [
      -77.26403072054815,
      38.900735880968405
     ],
     [
      -77.26403182251397,
      38.900737222585946
     ],
     [
      -77.26403265649951,
      38.90073824828442
     ],
     [
      -77.26403322250471,
      38.90073895806385
     ],
     [
      -77.26403352052957,
      38.900739351924194
     ],
     [
      -77.26403410104155,
      38.900740160304295
     ],
     [
      -77.26403496404066,
      38.900741383204135
     ],
     [
      -77.26403610952694,
      38.90074302062371
     ],
     [
      -77.26403753750041,
      38.90074507256303
     ],
     [
      -77.26403883783884,
      38.900746902547276
     ],
     [
      -77.26404001054215,
      38.90074851057648
     ],
     [
      -77.26404105561035,
      38.90074989665061
     ],
     [
      -77.26404197304342,
      38.90075106076971
     ],
     [
      -77.26404282102625,
      38.90075215574112
     ],
     [
      -77.26404359955886,
      38.90075318156485
     ],
     [
      -77.26404430864126,
      38.90075413824089
     ],
     [
      -77.2640449482734,
      38.90075502576927
     ],
     [
      -77.26404590764484,
      38.90075620412312
     ],
     [
      -77.26404718675565,
      38.90075767330246
     ],
     [
      -77.26404878560582,
      38.90075943330726
     ],
     [
      -77.26405070419543,
      38.90076148413749
     ],
     [
      -77.2640521638873,
      38.90076304073776
     ],
     [
      -77.26405316468141,
      38.900764103108074
     ],
     [
      -77.26405370657768,
      38.90076467124843
     ],
     [
      -77.26405378957614,
      38.90076474515883
     ],
     [
      -77.26405434364779,
      38.900765294747174
     ],
     [
      -77.26405536879268,
      38.90076632001341
     ],
     [
      -77.26405686501087,
      38.90076782095755
     ],
     [
      -77.26405883230241,
      38.900769797579564
     ],
     [
      -77.26406047590378,
      38.9007714444834
     ],
     [
      -77.26406179581492,
      38.900772761669046
     ],
     [
      -77.26406279203583,
      38.900773749136526
     ],
     [
      -77.26406346456648,
      38.90077440688584
     ],
     [
      -77.26406430269276,
      38.90077524841778
     ],
     [
      -77.2640653064147,
      38.90077627373236
     ],
     [
      -77.26406647573232,
      38.90077748282957
     ],
     [
      -77.26406781064564,
      38.90077887570938
     ],
     [
      -77.26406913803157,
      38.90078022358948
     ],
     [
      -77.26407045789009,
      38.900781526469856
     ],
     [
      -77.2640717702212,
      38.9007827843505
     ],
     [
      -77.26407307502491,
      38.900783997231414
     ],
     [
      -77.26407425722103,
      38.90078511626599
     ],
     [
      -77.26407531680957,
      38.90078614145419
     ],
     [
      -77.2640762537905,
      38.900787072796035
     ],
     [
      -77.26407706816383,
      38.90078791029155
     ],
     [
      -77.26407813520167,
      38.90078895934619
     ],
     [
      -77.26407945490405,
      38.900790219959944
     ],
     [
      -77.26408102727098,
      38.90079169213281
     ],
     [
      -77.2640828523025,
      38.90079337586479
     ],
     [
      -77.26408431327013,
      38.900794730282655
     ],
     [
      -77.26408541017379,
      38.9007957553864
     ],
     [
      -77.2640861430135,
      38.90079645117609
     ],
     [
      -77.26408651178922,
      38.900796817651674
     ],
     [
      -77.26408735591616,
      38.90079760087681
     ],
     [
      -77.26408867539436,
      38.90079880085141
     ],
     [
      -77.26409047022388,
      38.90080041757551
     ],
     [
      -77.26409274040475,
      38.90080245104908
     ],
     [
      -77.26409444731146,
      38.90080398028488
     ],
     [
      -77.26409559094394,
      38.900805005282905
     ],
     [
      -77.26409617130213,
      38.9008055260432
     ],
     [
      -77.26409618838602,
      38.900805542565756
     ],
     [
      -77.26409677764013,
      38.90080606744623
     ],
     [
      -77.26409793906453,
      38.90080710068461
     ],
     [
      -77.26409967265924,
      38.90080864228087
     ],
     [
      -77.26410197842434,
      38.90081069223499
     ],
     [
      -77.26410378669608,
      38.90081229166598
     ],
     [
      -77.26410509747441,
      38.900813440573835
     ],
     [
      -77.26410591075927,
      38.900814138958594
     ],
     [
      -77.26410622655062,
      38.90081438682025
     ],
     [
      -77.2641069545049,
      38.900815023254026
     ],
     [
      -77.26410809462212,
      38.90081604825987
     ],
     [
      -77.26410964690231,
      38.90081746183781
     ],
     [
      -77.26411161134553,
      38.900819263987806
     ],
     [
      -77.26411325324666,
      38.90082074883659
     ],
     [
      -77.26411457260568,
      38.900821916384174
     ],
     [
      -77.2641155694225,
      38.90082276663057
     ],
     [
      -77.26411624369716,
      38.90082329957577
     ],
     [
      -77.26411719423952,
      38.90082407845326
     ],
     [
      -77.2641184210496,
      38.90082510326301
     ],
     [
      -77.26411992412744,
      38.900826374005035
     ],
     [
      -77.26412170347307,
      38.9008278906793
     ],
     [
      -77.26412325267627,
      38.900829192477424
     ],
     [
      -77.26412457173709,
      38.90083027939938
     ],
     [
      -77.26412566065542,
      38.90083115144521
     ],
     [
      -77.2641265194313,
      38.90083180861488
     ],
     [
      -77.26412755429754,
      38.90083264962249
     ],
     [
      -77.26412876525414,
      38.900833674467975
     ],
     [
      -77.26413015230114,
      38.900834883151354
     ],
     [
      -77.26413171543855,
      38.90083627567264
     ],
     [
      -77.26413315707353,
      38.9008376600761
     ],
     [
      -77.2641344772061,
      38.90083903636174
     ],
     [
      -77.26413567583622,
      38.90084040452958
     ],
     [
      -77.2641367529639,
      38.90084176457961
     ],
     [
      -77.26413767108554,
      38.900842957538124
     ],
     [
      -77.2641384302011,
      38.9008439834051
     ],
     [
      -77.26413903031059,
      38.90084484218057
     ],
     [
      -77.264139471414,
      38.90084553386454
     ],
     [
      -77.26413993113127,
      38.900846566127754
     ],
     [
      -77.26414040946241,
      38.90084793897021
     ],
     [
      -77.26414090640743,
      38.90084965239194
     ],
     [
      -77.26414142196634,
      38.900851706392906
     ],
     [
      -77.26414223118987,
      38.90085369513481
     ],
     [
      -77.26414333407801,
      38.90085561861761
     ],
     [
      -77.2641447306308,
      38.900857476841324
     ],
     [
      -77.26414642084826,
      38.90085926980591
     ],
     [
      -77.26414781590728,
      38.900860678836416
     ],
     [
      -77.26414891580781,
      38.90086170393279
     ],
     [
      -77.26414972054985,
      38.90086234509508
     ],
     [
      -77.26415023013337,
      38.900862602323286
     ],
     [
      -77.26415114344387,
      38.90086300106866
     ],
     [
      -77.26415246048141,
      38.9008635413312
     ],
     [
      -77.26415418124597,
      38.900864223110915
     ],
     [
      -77.2641563057376,
      38.90086504640774
     ],
     [
      -77.26415855765073,
      38.900865940914805
     ],
     [
      -77.26416093698538,
      38.900866906632025
     ],
     [
      -77.26416344374155,
      38.90086794355947
     ],
     [
      -77.26416607791927,
      38.90086905169709
     ],
     [
      -77.26416809575713,
      38.90086991094785
     ],
     [
      -77.26416949725512,
      38.900870521311774
     ],
     [
      -77.26417028241319,
      38.90087088278889
     ],
     [
      -77.26417045123132,
      38.9008709953792
     ],
     [
      -77.26417119499895,
      38.90087154853177
     ],
     [
      -77.26417251371609,
      38.900872542246596
     ],
     [
      -77.26417440738278,
      38.90087397652365
     ],
     [
      -77.2641768759991,
      38.900875851362905
     ],
     [
      -77.2641787783251,
      38.90087730106357
     ],
     [
      -77.26418011436074,
      38.900878325625676
     ],
     [
      -77.26418088410595,
      38.90087892504926
     ],
     [
      -77.2641810875607,
      38.90087909933429
     ],
     [
      -77.26418184880578,
      38.900879726267725
     ],
     [
      -77.26418316784124,
      38.90088080584951
     ],
     [
      -77.26418504466707,
      38.90088233807967
     ],
     [
      -77.26418747928341,
      38.900884322958156
     ],
     [
      -77.26418932313167,
      38.900885827772164
     ],
     [
      -77.26419057621182,
      38.90088685252175
     ],
     [
      -77.26419123852376,
      38.90088739720694
     ],
     [
      -77.2641913100675,
      38.90088746182771
     ],
     [
      -77.26419193128261,
      38.90088802280146
     ],
     [
      -77.26419310216914,
      38.900889080128174
     ],
     [
      -77.26419482272712,
      38.90089063380784
     ],
     [
      -77.2641970929566,
      38.90089268384044
     ],
     [
      -77.26419886992387,
      38.90089429201329
     ],
     [
      -77.26420015362888,
      38.900895458326424
     ],
     [
      -77.26420094407152,
      38.90089618277988
     ],
     [
      -77.26420124125181,
      38.90089646537363
     ],
     [
      -77.26420186077164,
      38.90089711939715
     ],
     [
      -77.26420280263103,
      38.90089814485044
     ],
     [
      -77.26420406683002,
      38.90089954173348
     ],
     [
      -77.26420565336862,
      38.90090131004627
     ],
     [
      -77.26420710699904,
      38.900902961589566
     ],
     [
      -77.26420842772124,
      38.900904496363424
     ],
     [
      -77.26420961553525,
      38.900905914367826
     ],
     [
      -77.26421067044102,
      38.900907215602764
     ],
     [
      -77.26421162978816,
      38.900908379035116
     ],
     [
      -77.26421249357668,
      38.90090940466488
     ],
     [
      -77.26421326180655,
      38.900910292492085
     ],
     [
      -77.26421393447778,
      38.90091104251669
     ],
     [
      -77.26421487570099,
      38.9009121178391
     ],
     [
      -77.26421608547618,
      38.90091351845933
     ],
     [
      -77.2642175638034,
      38.90091524437734
     ],
     [
      -77.26421931068268,
      38.900917295593125
     ],
     [
      -77.26422067628536,
      38.90091889284112
     ],
     [
      -77.26422166061141,
      38.900920036121356
     ],
     [
      -77.26422226366078,
      38.9009207254338
     ],
     [
      -77.26422248543345,
      38.900920960778514
     ],
     [
      -77.26422315508441,
      38.90092159097877
     ],
     [
      -77.2642242726137,
      38.90092261603457
     ],
     [
      -77.26422583802135,
      38.900924035945906
     ],
     [
      -77.26422785130741,
      38.90092585071273
     ],
     [
      -77.26422951789611,
      38.900927413202076
     ],
     [
      -77.26423083778745,
      38.90092872341396
     ]
    ]
   },
   "properties": {
    "id": "ct-11",
    "kind": "Contour",
    "sourceId": "contours",
    "reliabilityLevel": 1,
    "revision": 1,
    "engineeringGeometry": {
     "crs": "EPSG:2248",
     "crsName": "NAD83 / Maryland State Plane (US survey feet)",
     "datum": "NAD83",
     "unit": "usSurveyFoot",
     "coordinates": [
      [
       1237218.815734116,
       449552.2874008453,
       372
      ],
      [
       1237218.3579517282,
       449551.6163948281,
       372
      ],
      [
       1237217.9419389823,
       449551.0026626388,
       372
      ],
      [
       1237217.5676958784,
       449550.44620427745,
       372
      ],
      [
       1237217.2352224165,
       449549.94701974426,
       372
      ],
      [
       1237216.9445185969,
       449549.50510903914,
       372
      ],
      [
       1237216.6753538994,
       449549.0970321346,
       372
      ],
      [
       1237216.4277283247,
       449548.7227890308,
       372
      ],
      [
       1237216.201641872,
       449548.3823797276,
       372
      ],
      [
       1237215.997094542,
       449548.0758042251,
       372
      ],
      [
       1237215.727909688,
       449547.65875104634,
       372
      ],
      [
       1237215.3940873095,
       449547.13122019125,
       372
      ],
      [
       1237214.9956274072,
       449546.4932116599,
       372
      ],
      [
       1237214.5325299806,
       449545.7447254522,
       372
      ],
      [
       1237214.164996548,
       449545.1459334005,
       372
      ],
      [
       1237213.893027109,
       449544.6968355048,
       372
      ],
      [
       1237213.7166216644,
       449544.397431765,
       372
      ],
      [
       1237213.6357802134,
       449544.2477221811,
       372
      ],
      [
       1237213.4890921544,
       449543.9857458372,
       372
      ],
      [
       1237213.2765574874,
       449543.6115027334,
       372
      ],
      [
       1237212.998176213,
       449543.12499286956,
       372
      ],
      [
       1237212.6539483303,
       449542.5262162457,
       372
      ],
      [
       1237212.3177949004,
       449541.89001222595,
       372
      ],
      [
       1237211.9897159229,
       449541.21638081025,
       372
      ],
      [
       1237211.6697113977,
       449540.5053219985,
       372
      ],
      [
       1237211.357781325,
       449539.75683579076,
       372
      ],
      [
       1237211.1007517073,
       449539.09985982126,
       372
      ],
      [
       1237210.898622545,
       449538.53439408995,
       372
      ],
      [
       1237210.7513938374,
       449538.0604385968,
       372
      ],
      [
       1237210.6590655847,
       449537.67799334193,
       372
      ],
      [
       1237210.556217074,
       449537.29964916257,
       372
      ],
      [
       1237210.4428483043,
       449536.92540605867,
       372
      ],
      [
       1237210.3189592767,
       449536.5552640304,
       372
      ],
      [
       1237210.1845499906,
       449536.18922307773,
       372
      ],
      [
       1237210.0624213964,
       449535.7275708113,
       372
      ],
      [
       1237209.9525734936,
       449535.170307231,
       372
      ],
      [
       1237209.8550062831,
       449534.5174323371,
       372
      ],
      [
       1237209.7697197644,
       449533.7689461295,
       372
      ],
      [
       1237209.724583542,
       449533.0204599218,
       372
      ],
      [
       1237209.719597616,
       449532.2719737142,
       372
      ],
      [
       1237209.7547619864,
       449531.5234875065,
       372
      ],
      [
       1237209.830076653,
       449530.77500129875,
       372
      ],
      [
       1237209.900360397,
       449530.0265150911,
       372
      ],
      [
       1237209.965613218,
       449529.27802888345,
       372
      ],
      [
       1237210.025835116,
       449528.52954267577,
       372
      ],
      [
       1237210.0810260912,
       449527.7810564681,
       372
      ],
      [
       1237210.0564470035,
       449527.0325702604,
       372
      ],
      [
       1237209.9520978527,
       449526.2840840528,
       372
      ],
      [
       1237209.7679786393,
       449525.5355978451,
       372
      ],
      [
       1237209.504089363,
       449524.7871116374,
       372
      ],
      [
       1237209.2073207134,
       449524.1519609724,
       372
      ],
      [
       1237208.8776726914,
       449523.63014585007,
       372
      ],
      [
       1237208.515145296,
       449523.2216662704,
       372
      ],
      [
       1237208.1197385278,
       449522.9265222334,
       372
      ],
      [
       1237207.7343758745,
       449522.7789502149,
       372
      ],
      [
       1237207.359057336,
       449522.7789502149,
       372
      ],
      [
       1237206.9937829128,
       449522.9265222334,
       372
      ],
      [
       1237206.6385526045,
       449523.2216662704,
       372
      ],
      [
       1237206.2738158985,
       449523.5283138697,
       372
      ],
      [
       1237205.8995727946,
       449523.84646503127,
       372
      ],
      [
       1237205.515823293,
       449524.17611975514,
       372
      ],
      [
       1237205.1225673936,
       449524.51727804134,
       372
      ],
      [
       1237204.7604414106,
       449524.87497873633,
       372
      ],
      [
       1237204.4294453436,
       449525.2492218401,
       372
      ],
      [
       1237204.129579193,
       449525.6400073528,
       372
      ],
      [
       1237203.8608429586,
       449526.04733527434,
       372
      ],
      [
       1237203.5393532894,
       449526.50491492625,
       372
      ],
      [
       1237203.1651101855,
       449527.0127463087,
       372
      ],
      [
       1237202.738113647,
       449527.5708294215,
       372
      ],
      [
       1237202.2583636737,
       449528.1791642647,
       372
      ],
      [
       1237201.868008392,
       449528.6704532383,
       372
      ],
      [
       1237201.567047801,
       449529.0446963421,
       372
      ],
      [
       1237201.355481902,
       449529.3018935762,
       372
      ],
      [
       1237201.2333106939,
       449529.44204494066,
       372
      ],
      [
       1237200.985103538,
       449529.72468036396,
       372
      ],
      [
       1237200.6108604341,
       449530.1497998463,
       372
      ],
      [
       1237200.1105813824,
       449530.7174033875,
       372
      ],
      [
       1237199.4842663826,
       449531.4274909876,
       372
      ],
      [
       1237199.00819638,
       449531.96965633956,
       372
      ],
      [
       1237198.6823713742,
       449532.3438994434,
       372
      ],
      [
       1237198.5067913653,
       449532.5502202991,
       372
      ],
      [
       1237198.4814563536,
       449532.5886189066,
       372
      ],
      [
       1237198.3272956307,
       449532.80453941424,
       372
      ],
      [
       1237198.0443091965,
       449533.19798182184,
       372
      ],
      [
       1237197.6324970513,
       449533.7689461295,
       372
      ],
      [
       1237197.091859195,
       449534.5174323371,
       372
      ],
      [
       1237196.6407524678,
       449535.130199478,
       372
      ],
      [
       1237196.27917687,
       449535.60724755214,
       372
      ],
      [
       1237196.0071324012,
       449535.94857655955,
       372
      ],
      [
       1237195.8246190618,
       449536.15418650024,
       372
      ],
      [
       1237195.59764358,
       449536.4441130225,
       372
      ],
      [
       1237195.326205956,
       449536.81835612626,
       372
      ],
      [
       1237195.0103061898,
       449537.2769158117,
       372
      ],
      [
       1237194.6499442812,
       449537.81979207875,
       372
      ],
      [
       1237194.282641775,
       449538.37814878207,
       372
      ],
      [
       1237193.908398671,
       449538.9519859217,
       372
      ],
      [
       1237193.5272149697,
       449539.5413034977,
       372
      ],
      [
       1237193.1390906707,
       449540.1461015099,
       372
      ],
      [
       1237192.82689759,
       449540.63562206796,
       372
      ],
      [
       1237192.5906357274,
       449541.00986517186,
       372
      ],
      [
       1237192.4303050833,
       449541.2688308215,
       372
      ],
      [
       1237192.3459056576,
       449541.4125190169,
       372
      ],
      [
       1237192.1815504269,
       449541.7074067154,
       372
      ],
      [
       1237191.9372393908,
       449542.15349391685,
       372
      ],
      [
       1237191.61297255,
       449542.7507806215,
       372
      ],
      [
       1237191.2087499043,
       449543.4992668292,
       372
      ],
      [
       1237190.840616886,
       449544.16681254405,
       372
      ],
      [
       1237190.5085734949,
       449544.75341776595,
       372
      ],
      [
       1237190.2126197314,
       449545.25908249506,
       372
      ],
      [
       1237189.9527555953,
       449545.6838067313,
       372
      ],
      [
       1237189.712583325,
       449546.0832904013,
       372
      ],
      [
       1237189.4921029208,
       449546.45753350516,
       372
      ],
      [
       1237189.2913143826,
       449546.8065360428,
       372
      ],
      [
       1237189.11021771,
       449547.1302980142,
       372
      ],
      [
       1237188.8384334452,
       449547.56024104473,
       372
      ],
      [
       1237188.4759615876,
       449548.09636513423,
       372
      ],
      [
       1237188.0228021375,
       449548.7386702829,
       372
      ],
      [
       1237187.4789550952,
       449549.48715649056,
       372
      ],
      [
       1237187.06518419,
       449550.0552677205,
       372
      ],
      [
       1237186.7814894225,
       449550.4430039725,
       372
      ],
      [
       1237186.6278707923,
       449550.6503652469,
       372
      ],
      [
       1237186.6043282994,
       449550.67735154356,
       372
      ],
      [
       1237186.4472251628,
       449550.87796624383,
       372
      ],
      [
       1237186.1565613816,
       449551.2522093476,
       372
      ],
      [
       1237185.732336957,
       449551.8000808551,
       372
      ],
      [
       1237185.174551888,
       449552.52158076613,
       372
      ],
      [
       1237184.7085378016,
       449553.1227317429,
       372
      ],
      [
       1237184.3342946977,
       449553.60353378544,
       372
      ],
      [
       1237184.0518225764,
       449553.9639868937,
       372
      ],
      [
       1237183.8611214377,
       449554.2040910677,
       372
      ],
      [
       1237183.623487401,
       449554.5112647066,
       372
      ],
      [
       1237183.3389204666,
       449554.8855078105,
       372
      ],
      [
       1237183.007420634,
       449555.32682037924,
       372
      ],
      [
       1237182.6289879035,
       449555.8352024129,
       372
      ],
      [
       1237182.2526499862,
       449556.3271894759,
       372
      ],
      [
       1237181.8784068823,
       449556.8027815682,
       372
      ],
      [
       1237181.506258592,
       449557.2619786898,
       372
      ],
      [
       1237181.136205115,
       449557.7047808408,
       372
      ],
      [
       1237180.8009454068,
       449558.1133034682,
       372
      ],
      [
       1237180.5004794677,
       449558.487546572,
       372
      ],
      [
       1237180.2348072974,
       449558.8275101523,
       372
      ],
      [
       1237180.0039288963,
       449559.13319420896,
       372
      ],
      [
       1237179.7013681438,
       449559.516135544,
       372
      ],
      [
       1237179.3271250399,
       449559.9763341574,
       372
      ],
      [
       1237178.8811995848,
       449560.5137900491,
       372
      ],
      [
       1237178.363591778,
       449561.12850321917,
       372
      ],
      [
       1237177.9492451847,
       449561.6229813561,
       372
      ],
      [
       1237177.6381598043,
       449561.9972244599,
       372
      ],
      [
       1237177.4303356367,
       449562.2512325307,
       372
      ],
      [
       1237177.3257726824,
       449562.38500556827,
       372
      ],
      [
       1237177.0863696532,
       449562.6709490139,
       372
      ],
      [
       1237176.7121265493,
       449563.1090628677,
       372
      ],
      [
       1237176.2030433707,
       449563.6993471294,
       372
      ],
      [
       1237175.5591201177,
       449564.4418017991,
       372
      ],
      [
       1237175.0749665638,
       449565.00015068596,
       372
      ],
      [
       1237174.75058271,
       449565.37439378974,
       372
      ],
      [
       1237174.5859685554,
       449565.56453111063,
       372
      ],
      [
       1237174.5811241008,
       449565.5705626486,
       372
      ],
      [
       1237174.4139826167,
       449565.76220785396,
       372
      ],
      [
       1237174.0845441031,
       449566.13946672675,
       372
      ],
      [
       1237173.5928085605,
       449566.70233926695,
       372
      ],
      [
       1237172.9387759883,
       449567.4508254746,
       372
      ],
      [
       1237172.425849264,
       449568.0348227701,
       372
      ],
      [
       1237172.0540283876,
       449568.4543311535,
       372
      ],
      [
       1237171.8233133592,
       449568.7093506247,
       372
      ],
      [
       1237171.7337041781,
       449568.79988118383,
       372
      ],
      [
       1237171.5272079157,
       449569.0322680153,
       372
      ],
      [
       1237171.2038245713,
       449569.4065111191,
       372
      ],
      [
       1237170.763554145,
       449569.92261049536,
       372
      ],
      [
       1237170.2063966375,
       449570.5805661439,
       372
      ],
      [
       1237169.7406963315,
       449571.12269598036,
       372
      ],
      [
       1237169.3664532276,
       449571.5490000048,
       372
      ],
      [
       1237169.0836673258,
       449571.85947821697,
       372
      ],
      [
       1237168.892338626,
       449572.0541306171,
       372
      ],
      [
       1237168.6226466813,
       449572.3385783691,
       372
      ],
      [
       1237168.2745914913,
       449572.7128214729,
       372
      ],
      [
       1237167.8481730563,
       449573.17685992864,
       372
      ],
      [
       1237167.343391376,
       449573.7306937362,
       372
      ],
      [
       1237166.903878984,
       449574.2060807324,
       372
      ],
      [
       1237166.5296358801,
       449574.6030209174,
       372
      ],
      [
       1237166.2206620644,
       449574.92151429097,
       372
      ],
      [
       1237165.9769575368,
       449575.1615608532,
       372
      ],
      [
       1237165.683333591,
       449575.4687056863,
       372
      ],
      [
       1237165.339790227,
       449575.84294879006,
       372
      ],
      [
       1237164.9463274442,
       449576.2842901647,
       372
      ],
      [
       1237164.5029452431,
       449576.7927298101,
       372
      ],
      [
       1237164.0941325906,
       449577.2981129275,
       372
      ],
      [
       1237163.7198894867,
       449577.800439517,
       372
      ],
      [
       1237163.3802159315,
       449578.29970957857,
       372
      ],
      [
       1237163.075111925,
       449578.7959231122,
       372
      ],
      [
       1237162.8150830031,
       449579.2311514309,
       372
      ],
      [
       1237162.6001291657,
       449579.6053945347,
       372
      ],
      [
       1237162.4302504133,
       449579.91865242366,
       372
      ],
      [
       1237162.3054467458,
       449580.1709250978,
       372
      ],
      [
       1237162.1757047055,
       449580.54725115525,
       372
      ],
      [
       1237162.0410242933,
       449581.04763059603,
       372
      ],
      [
       1237161.9014055084,
       449581.6720634203,
       372
      ],
      [
       1237161.7568483516,
       449582.420549628,
       372
      ],
      [
       1237161.528649138,
       449583.1455104724,
       372
      ],
      [
       1237161.216807868,
       449583.8469459536,
       372
      ],
      [
       1237160.8213245417,
       449584.5248560716,
       372
      ],
      [
       1237160.3421991586,
       449585.17924082634,
       372
      ],
      [
       1237159.9466676125,
       449585.69355475565,
       372
      ],
      [
       1237159.6347299027,
       449586.0677978595,
       372
      ],
      [
       1237159.40638603,
       449586.30197013787,
       372
      ],
      [
       1237159.2616359936,
       449586.3960715908,
       372
      ],
      [
       1237159.0021394235,
       449586.54204568465,
       372
      ],
      [
       1237158.6278963196,
       449586.7398924194,
       372
      ],
      [
       1237158.138906682,
       449586.9896117953,
       372
      ],
      [
       1237157.5351705109,
       449587.291203812,
       372
      ],
      [
       1237156.8952468303,
       449587.6188353421,
       372
      ],
      [
       1237156.2191356407,
       449587.97250638553,
       372
      ],
      [
       1237155.5068369422,
       449588.35221694224,
       372
      ],
      [
       1237154.7583507346,
       449588.75796701235,
       372
      ],
      [
       1237154.1850048613,
       449589.0725655951,
       372
      ],
      [
       1237153.7867993223,
       449589.2960126906,
       372
      ],
      [
       1237153.5637341177,
       449589.42830829875,
       372
      ],
      [
       1237153.5158092475,
       449589.46945241955,
       372
      ],
      [
       1237153.3047252605,
       449589.6715216349,
       372
      ],
      [
       1237152.9304821566,
       449590.03451594483,
       372
      ],
      [
       1237152.393079936,
       449590.5584353492,
       372
      ],
      [
       1237151.6925185984,
       449591.2432798481,
       372
      ],
      [
       1237151.1526683497,
       449591.77282364946,
       372
      ],
      [
       1237150.7735291896,
       449592.14706675324,
       372
      ],
      [
       1237150.555101118,
       449592.3660091596,
       372
      ],
      [
       1237150.4973841351,
       449592.4296508684,
       372
      ],
      [
       1237150.2814040917,
       449592.65860529244,
       372
      ],
      [
       1237149.9071609878,
       449593.0528724317,
       372
      ],
      [
       1237149.3746548237,
       449593.6124522862,
       372
      ],
      [
       1237148.6838855988,
       449594.3373448559,
       372
      ],
      [
       1237148.1607355955,
       449594.88691269263,
       372
      ],
      [
       1237147.8052048138,
       449595.26115579647,
       372
      ],
      [
       1237147.6172932535,
       449595.4600741674,
       372
      ],
      [
       1237147.5970009146,
       449595.4836678053,
       372
      ],
      [
       1237147.420802168,
       449595.6884845857,
       372
      ],
      [
       1237147.088697014,
       449596.07452450856,
       372
      ],
      [
       1237146.6006854523,
       449596.64178757375,
       372
      ],
      [
       1237145.956767483,
       449597.3902737814,
       372
      ],
      [
       1237145.452760031,
       449597.9774296023,
       372
      ],
      [
       1237145.0886630965,
       449598.40325503633,
       372
      ],
      [
       1237144.8644766796,
       449598.66775008367,
       372
      ],
      [
       1237144.7802007801,
       449598.7709147443,
       372
      ],
      [
       1237144.6045826138,
       449599.00961862644,
       372
      ],
      [
       1237144.3376221808,
       449599.3838617302,
       372
      ],
      [
       1237143.9793194807,
       449599.8936440557,
       372
      ],
      [
       1237143.5296745142,
       449600.5389656029,
       372
      ],
      [
       1237143.1177304788,
       449601.14165055886,
       372
      ],
      [
       1237142.7434873749,
       449601.7016989236,
       372
      ],
      [
       1237142.4069452025,
       449602.21911069716,
       372
      ],
      [
       1237142.1081039617,
       449602.6938858796,
       372
      ],
      [
       1237141.83631225,
       449603.1183950227,
       372
      ],
      [
       1237141.5915700675,
       449603.4926381265,
       372
      ],
      [
       1237141.373877414,
       449603.81661519106,
       372
      ],
      [
       1237141.1832342902,
       449604.0903262164,
       372
      ],
      [
       1237140.9165075768,
       449604.4827310373,
       372
      ],
      [
       1237140.5736972743,
       449604.9938296537,
       372
      ],
      [
       1237140.1548033825,
       449605.6236220658,
       372
      ],
      [
       1237139.6598259013,
       449606.3721082735,
       372
      ],
      [
       1237139.2728763898,
       449606.9549465766,
       372
      ],
      [
       1237138.993954848,
       449607.3721369752,
       372
      ],
      [
       1237138.8230612758,
       449607.6236794692,
       372
      ],
      [
       1237138.7601956734,
       449607.7095740587,
       372
      ],
      [
       1237138.570285826,
       449607.9396429054,
       372
      ],
      [
       1237138.2533317339,
       449608.31388600916,
       372
      ],
      [
       1237137.8093333966,
       449608.83230337023,
       372
      ],
      [
       1237137.2382908142,
       449609.49489498837,
       372
      ],
      [
       1237136.7656479713,
       449610.0653222493,
       372
      ],
      [
       1237136.3914048676,
       449610.54358515295,
       372
      ]
     ]
    },
    "elevationFt": 372,
    "weight": "intermediate",
    "hidden": false
   }
  },
  {
   "type": "Feature",
   "geometry": {
    "type": "LineString",
    "coordinates": [
     [
      -77.2640849070151,
      38.9005917229318
     ],
     [
      -77.26408495591518,
      38.90059177587752
     ],
     [
      -77.26408531018552,
      38.90059232866058
     ],
     [
      -77.26408596982611,
      38.900593381280935
     ],
     [
      -77.26408693483701,
      38.900594933738596
     ],
     [
      -77.26408820521824,
      38.900596986033584
     ],
     [
      -77.26408933275779,
      38.90059903865147
     ],
     [
      -77.26409031745564,
      38.900601091592236
     ],
     [
      -77.26409115931179,
      38.9006031448559
     ],
     [
      -77.26409185832622,
      38.90060519844245
     ],
     [
      -77.26409232685933,
      38.90060725255004
     ],
     [
      -77.2640925649111,
      38.90060930717864
     ],
     [
      -77.2640925724815,
      38.90061136232826
     ],
     [
      -77.26409234957052,
      38.90061341799891
     ],
     [
      -77.26409173963238,
      38.900615051484436
     ],
     [
      -77.26409074266707,
      38.900616262784816
     ],
     [
      -77.26408935867457,
      38.90061705190009
     ],
     [
      -77.2640875876549,
      38.90061741883018
     ],
     [
      -77.26408597548554,
      38.900617603937874
     ],
     [
      -77.26408452216653,
      38.90061760722313
     ],
     [
      -77.26408322769785,
      38.900617428686
     ],
     [
      -77.2640820920795,
      38.90061706832646
     ],
     [
      -77.26408086599643,
      38.90061668347115
     ],
     [
      -77.26407954944864,
      38.90061627412006
     ],
     [
      -77.26407814243612,
      38.90061584027321
     ],
     [
      -77.26407664495889,
      38.90061538193056
     ],
     [
      -77.2640748631121,
      38.90061470788757
     ],
     [
      -77.26407279689579,
      38.90061381814418
     ],
     [
      -77.26407044630997,
      38.90061271270041
     ],
     [
      -77.2640678113547,
      38.90061139155623
     ],
     [
      -77.26406573382182,
      38.90061033434234
     ],
     [
      -77.26406421371126,
      38.900609541058756
     ],
     [
      -77.26406325102305,
      38.90060901170554
     ],
     [
      -77.26406284575708,
      38.900608746282686
     ],
     [
      -77.26406198368774,
      38.90060809483163
     ],
     [
      -77.26406066481503,
      38.90060705735236
     ],
     [
      -77.26405888913901,
      38.900605633844876
     ],
     [
      -77.26405665665972,
      38.90060382430913
     ],
     [
      -77.26405490828354,
      38.90060240717836
     ],
     [
      -77.26405364401043,
      38.90060138245258
     ],
     [
      -77.26405286384032,
      38.9006007501318
     ],
     [
      -77.26405256777319,
      38.900600510216044
     ],
     [
      -77.26405186243363,
      38.90059981757991
     ],
     [
      -77.26405074782163,
      38.90059867222334
     ],
     [
      -77.26404922393725,
      38.90059707414638
     ],
     [
      -77.26404729078055,
      38.900595023348984
     ],
     [
      -77.26404573792165,
      38.900593306513926
     ],
     [
      -77.26404456536046,
      38.90059192364119
     ],
     [
      -77.26404377309699,
      38.90059087473083
     ],
     [
      -77.26404336113117,
      38.90059015978286
     ],
     [
      -77.26404279985368,
      38.900589289320195
     ],
     [
      -77.26404208926452,
      38.90058826334287
     ],
     [
      -77.26404122936371,
      38.900587081850865
     ],
     [
      -77.26404022015123,
      38.90058574484421
     ],
     [
      -77.26403905551095,
      38.90058439602392
     ],
     [
      -77.26403773544288,
      38.90058303539
     ],
     [
      -77.26403625994703,
      38.90058166294242
     ],
     [
      -77.2640346290234,
      38.900580278681225
     ],
     [
      -77.2640332391926,
      38.90057907405707
     ],
     [
      -77.26403209045459,
      38.900578049069935
     ],
     [
      -77.26403118280936,
      38.90057720371984
     ],
     [
      -77.26403051625691,
      38.9005765380068
     ],
     [
      -77.26403018094263,
      38.90057565452183
     ],
     [
      -77.26403017686651,
      38.900574553264924
     ],
     [
      -77.26403050402855,
      38.90057323423611
     ],
     [
      -77.26403116242871,
      38.90057169743535
     ],
     [
      -77.26403231483275,
      38.9005708388273
     ],
     [
      -77.26403396124067,
      38.90057065841192
     ],
     [
      -77.26403610165251,
      38.90057115618921
     ],
     [
      -77.26403873606836,
      38.900572332159115
     ],
     [
      -77.26404136963814,
      38.900573279534754
     ],
     [
      -77.26404400236186,
      38.900573998316126
     ],
     [
      -77.26404663423946,
      38.900574488503224
     ],
     [
      -77.26404926527096,
      38.90057475009605
     ],
     [
      -77.26405134576409,
      38.90057496751058
     ],
     [
      -77.26405287571886,
      38.90057514074685
     ],
     [
      -77.26405385513526,
      38.9005752698049
     ],
     [
      -77.26405428401331,
      38.90057535468474
     ],
     [
      -77.26405515660568,
      38.90057556935486
     ],
     [
      -77.26405647291237,
      38.90057591381526
     ],
     [
      -77.26405823293341,
      38.9005763880659
     ],
     [
      -77.26406043666881,
      38.90057699210681
     ],
     [
      -77.26406274812598,
      38.90057775303628
     ],
     [
      -77.26406516730496,
      38.90057867085432
     ],
     [
      -77.26406769420574,
      38.90057974556095
     ],
     [
      -77.26407032882832,
      38.90058097715612
     ],
     [
      -77.26407237992754,
      38.9005819528312
     ],
     [
      -77.26407384750334,
      38.900582672586225
     ],
     [
      -77.26407473155567,
      38.90058313642121
     ],
     [
      -77.26407503208453,
      38.90058334433616
     ],
     [
      -77.2640758419053,
      38.90058399947894
     ],
     [
      -77.26407716101802,
      38.90058510184956
     ],
     [
      -77.26407898942274,
      38.900586651447924
     ],
     [
      -77.26408132711954,
      38.900588648274095
     ],
     [
      -77.26408309261724,
      38.9005901591301
     ],
     [
      -77.26408428591579,
      38.90059118401601
     ],
     [
      -77.2640849070151,
      38.9005917229318
     ]
    ]
   },
   "properties": {
    "id": "ct-12",
    "kind": "Contour",
    "sourceId": "contours",
    "reliabilityLevel": 1,
    "revision": 1,
    "engineeringGeometry": {
     "crs": "EPSG:2248",
     "crsName": "NAD83 / Maryland State Plane (US survey feet)",
     "datum": "NAD83",
     "unit": "usSurveyFoot",
     "coordinates": [
      [
       1237177.566389134,
       449487.6887369909,
       372
      ],
      [
       1237177.552528511,
       449487.7080599377,
       372
      ],
      [
       1237177.4522896088,
       449487.90967369964,
       372
      ],
      [
       1237177.2656724276,
       449488.2935782768,
       372
      ],
      [
       1237176.992676967,
       449488.8597736693,
       372
      ],
      [
       1237176.6333032274,
       449489.60825987696,
       372
      ],
      [
       1237176.3145809602,
       449490.35674608464,
       372
      ],
      [
       1237176.036510165,
       449491.1052322922,
       372
      ],
      [
       1237175.7990908423,
       449491.8537184999,
       372
      ],
      [
       1237175.602322992,
       449492.6022047077,
       372
      ],
      [
       1237175.4711480471,
       449493.35069091537,
       372
      ],
      [
       1237175.4055660088,
       449494.09917712293,
       372
      ],
      [
       1237175.405576876,
       449494.8476633306,
       372
      ],
      [
       1237175.4711806485,
       449495.5961495383,
       372
      ],
      [
       1237175.6464830884,
       449496.19055841846,
       372
      ],
      [
       1237175.931484195,
       449496.630889971,
       372
      ],
      [
       1237176.3261839682,
       449496.91714419605,
       372
      ],
      [
       1237176.8305824082,
       449497.04932109365,
       372
      ],
      [
       1237177.2895823051,
       449497.1154095424,
       372
      ],
      [
       1237177.7031836594,
       449497.1154095424,
       372
      ],
      [
       1237178.0713864702,
       449497.04932109365,
       372
      ],
      [
       1237178.394190738,
       449496.91714419605,
       372
      ],
      [
       1237178.7427144237,
       449496.77597153257,
       372
      ],
      [
       1237179.1169575276,
       449496.6258031031,
       372
      ],
      [
       1237179.5169200494,
       449496.46663890756,
       372
      ],
      [
       1237179.9426019895,
       449496.2984789461,
       372
      ],
      [
       1237180.4489849962,
       449496.051527391,
       372
      ],
      [
       1237181.03606907,
       449495.72578424244,
       372
      ],
      [
       1237181.7038542107,
       449495.3212495004,
       372
      ],
      [
       1237182.4523404182,
       449494.8379231647,
       372
      ],
      [
       1237183.042468681,
       449494.45117843535,
       372
      ],
      [
       1237183.4742389992,
       449494.1610153123,
       372
      ],
      [
       1237183.7476513723,
       449493.96743379545,
       372
      ],
      [
       1237183.8627058007,
       449493.8704338849,
       372
      ],
      [
       1237184.107354567,
       449493.63246749784,
       372
      ],
      [
       1237184.4815976706,
       449493.25353463413,
       372
      ],
      [
       1237184.9854351121,
       449492.7336352939,
       372
      ],
      [
       1237185.6188668916,
       449492.0727694771,
       372
      ],
      [
       1237186.1149418715,
       449491.5552150167,
       372
      ],
      [
       1237186.473660052,
       449491.18097191287,
       372
      ],
      [
       1237186.6950214333,
       449490.95004016557,
       372
      ],
      [
       1237186.7790260154,
       449490.86241977476,
       372
      ],
      [
       1237186.9790279467,
       449490.6095829297,
       372
      ],
      [
       1237187.295027227,
       449490.19152963045,
       372
      ],
      [
       1237187.7270238567,
       449489.60825987696,
       372
      ],
      [
       1237188.2750178354,
       449488.8597736693,
       372
      ],
      [
       1237188.7151352314,
       449488.2332287013,
       372
      ],
      [
       1237189.0473760443,
       449487.72862497304,
       372
      ],
      [
       1237189.271740274,
       449487.3459624844,
       372
      ],
      [
       1237189.388227921,
       449487.0852412355,
       372
      ],
      [
       1237189.5470441547,
       449486.7677590591,
       372
      ],
      [
       1237189.7481889762,
       449486.3935159553,
       372
      ],
      [
       1237189.9916623845,
       449485.96251192404,
       372
      ],
      [
       1237190.2774643805,
       449485.4747469652,
       372
      ],
      [
       1237190.6074869302,
       449484.98255158105,
       372
      ],
      [
       1237190.9817300339,
       449484.48592577147,
       372
      ],
      [
       1237191.4001936917,
       449483.98486953636,
       372
      ],
      [
       1237191.862877904,
       449483.4793828758,
       372
      ],
      [
       1237192.2571390737,
       449483.03951799363,
       372
      ],
      [
       1237192.5829772013,
       449482.6652748898,
       372
      ],
      [
       1237192.840392287,
       449482.3566535643,
       372
      ],
      [
       1237193.02938433,
       449482.11365401716,
       372
      ],
      [
       1237193.1238803517,
       449481.7916151645,
       372
      ],
      [
       1237193.1238803517,
       449481.3905370065,
       372
      ],
      [
       1237193.02938433,
       449480.9104195429,
       372
      ],
      [
       1237192.840392287,
       449480.35126277397,
       372
      ],
      [
       1237192.5115267024,
       449480.0395085845,
       372
      ],
      [
       1237192.0427875768,
       449479.9751569743,
       372
      ],
      [
       1237191.4341749102,
       449480.15820794366,
       372
      ],
      [
       1237190.6856887029,
       449480.5886614924,
       372
      ],
      [
       1237189.937202495,
       449480.93586094596,
       372
      ],
      [
       1237189.1887162873,
       449481.1998063043,
       372
      ],
      [
       1237188.4402300795,
       449481.3804975675,
       372
      ],
      [
       1237187.6917438721,
       449481.4779347355,
       372
      ],
      [
       1237187.0998881122,
       449481.5588291245,
       372
      ],
      [
       1237186.6646627998,
       449481.6231807347,
       372
      ],
      [
       1237186.3860679353,
       449481.67098956584,
       372
      ],
      [
       1237186.2641035186,
       449481.702255618,
       372
      ],
      [
       1237186.0159997582,
       449481.7811562021,
       372
      ],
      [
       1237185.6417566543,
       449481.90769131813,
       372
      ],
      [
       1237185.1413742069,
       449482.08186096593,
       372
      ],
      [
       1237184.514852416,
       449482.30366514565,
       372
      ],
      [
       1237183.857839521,
       449482.582696418,
       372
      ],
      [
       1237183.1703355215,
       449482.918954783,
       372
      ],
      [
       1237182.452340418,
       449483.31244024076,
       372
      ],
      [
       1237181.7038542107,
       449483.7631527912,
       372
      ],
      [
       1237181.1211625417,
       449484.1201795734,
       372
      ],
      [
       1237180.7042654112,
       449484.38352058735,
       372
      ],
      [
       1237180.4531628196,
       449484.55317583313,
       372
      ],
      [
       1237180.367854767,
       449484.6291453107,
       372
      ],
      [
       1237180.1380791888,
       449484.8684132342,
       372
      ],
      [
       1237179.7638360849,
       449485.27097960346,
       372
      ],
      [
       1237179.2451254555,
       449485.83684441855,
       372
      ],
      [
       1237178.5819473006,
       449486.56600767944,
       372
      ],
      [
       1237178.0810985288,
       449487.11771086184,
       372
      ],
      [
       1237177.7425791398,
       449487.4919539656,
       372
      ],
      [
       1237177.566389134,
       449487.6887369909,
       372
      ]
     ]
    },
    "elevationFt": 372,
    "weight": "intermediate",
    "hidden": false
   }
  },
  {
   "type": "Feature",
   "geometry": {
    "type": "LineString",
    "coordinates": [
     [
      -77.26404399801777,
      38.9004489936544
     ],
     [
      -77.26404518501171,
      38.900450272190184
     ],
     [
      -77.26404595183772,
      38.90045174516268
     ],
     [
      -77.26404629849571,
      38.90045341257185
     ],
     [
      -77.26404622498572,
      38.900455274417745
     ],
     [
      -77.26404573130768,
      38.90045733070035
     ],
     [
      -77.26404519161522,
      38.90045909149835
     ],
     [
      -77.26404460590832,
      38.90046055681179
     ],
     [
      -77.26404397418702,
      38.90046172664062
     ],
     [
      -77.26404329645129,
      38.90046260098487
     ],
     [
      -77.26404251598404,
      38.90046355294678
     ],
     [
      -77.26404163278526,
      38.900464582526354
     ],
     [
      -77.26404064685495,
      38.90046568972359
     ],
     [
      -77.26403955819309,
      38.90046687453845
     ],
     [
      -77.26403835893174,
      38.90046816516069
     ],
     [
      -77.26403704907088,
      38.90046956159024
     ],
     [
      -77.26403562861051,
      38.90047106382715
     ],
     [
      -77.26403409755062,
      38.90047267187137
     ],
     [
      -77.26403282643257,
      38.90047399082786
     ],
     [
      -77.2640318152564,
      38.9004750206966
     ],
     [
      -77.26403106402212,
      38.90047576147757
     ],
     [
      -77.26403057272975,
      38.90047621317083
     ],
     [
      -77.26402967136424,
      38.900476924131205
     ],
     [
      -77.26402835992555,
      38.90047789435867
     ],
     [
      -77.26402663841367,
      38.90047912385323
     ],
     [
      -77.26402450682853,
      38.90048061261488
     ],
     [
      -77.26402230670854,
      38.90048187335096
     ],
     [
      -77.26402003805367,
      38.90048290606146
     ],
     [
      -77.26401770086396,
      38.90048371074641
     ],
     [
      -77.26401529513942,
      38.90048428740578
     ],
     [
      -77.26401343532987,
      38.900484729119434
     ],
     [
      -77.26401212143531,
      38.900485035887385
     ],
     [
      -77.26401135345577,
      38.90048520770967
     ],
     [
      -77.26401113139123,
      38.90048524458629
     ],
     [
      -77.26401090024538,
      38.900485263296034
     ],
     [
      -77.26401066001823,
      38.90048526383892
     ],
     [
      -77.26401041070977,
      38.900485246214956
     ],
     [
      -77.26401015231998,
      38.900485210424115
     ],
     [
      -77.26400936514084,
      38.900485065727466
     ],
     [
      -77.2640080491723,
      38.90048481212502
     ],
     [
      -77.26400620441443,
      38.90048444961673
     ],
     [
      -77.26400383086721,
      38.90048397820256
     ],
     [
      -77.26400139273096,
      38.900483500103
     ],
     [
      -77.26399889000567,
      38.900483015318024
     ],
     [
      -77.26399632269133,
      38.90048252384765
     ],
     [
      -77.26399369078798,
      38.90048202569182
     ],
     [
      -77.26399105930733,
      38.90048164174571
     ],
     [
      -77.26398842824936,
      38.900481372009274
     ],
     [
      -77.26398579761405,
      38.90048121648253
     ],
     [
      -77.26398316740143,
      38.900481175165474
     ],
     [
      -77.26398053720244,
      38.900481137534676
     ],
     [
      -77.26397790701711,
      38.9004811035901
     ],
     [
      -77.26397527684541,
      38.90048107333179
     ],
     [
      -77.26397264668736,
      38.9004810467597
     ],
     [
      -77.26397001599747,
      38.90048087646443
     ],
     [
      -77.26396738477574,
      38.90048056244593
     ],
     [
      -77.26396475302221,
      38.900480104704215
     ],
     [
      -77.26396212073688,
      38.90047950323929
     ],
     [
      -77.26395996464844,
      38.90047895577715
     ],
     [
      -77.26395828475687,
      38.900478462317835
     ],
     [
      -77.26395708106216,
      38.90047802286137
     ],
     [
      -77.26395635356431,
      38.90047763740775
     ],
     [
      -77.26395570830599,
      38.90047683475094
     ],
     [
      -77.26395514528721,
      38.90047561489097
     ],
     [
      -77.26395466450799,
      38.900473977827836
     ],
     [
      -77.26395426596831,
      38.900471923561526
     ],
     [
      -77.26395414800824,
      38.900469868661254
     ],
     [
      -77.26395431062772,
      38.900467813127044
     ],
     [
      -77.2639547538268,
      38.900465756958894
     ],
     [
      -77.26395547760538,
      38.9004637001568
     ],
     [
      -77.26395570279297,
      38.900461644481226
     ],
     [
      -77.26395542938957,
      38.90045958993216
     ],
     [
      -77.26395465739527,
      38.90045753650964
     ],
     [
      -77.26395338681009,
      38.90045548421363
     ],
     [
      -77.26395218785828,
      38.90045376901236
     ],
     [
      -77.2639510605398,
      38.900452390905826
     ],
     [
      -77.26395000485466,
      38.900451349894034
     ],
     [
      -77.26394902080284,
      38.90045064597699
     ],
     [
      -77.26394805184457,
      38.90044978130434
     ],
     [
      -77.26394709797988,
      38.90044875587606
     ],
     [
      -77.26394615920876,
      38.900447569692176
     ],
     [
      -77.2639452355312,
      38.90044622275266
     ],
     [
      -77.2639442765899,
      38.90044469935771
     ],
     [
      -77.26394328238489,
      38.90044299950735
     ],
     [
      -77.26394225291614,
      38.900441123201546
     ],
     [
      -77.26394118818368,
      38.90043907044031
     ],
     [
      -77.26394022471933,
      38.900437163809194
     ],
     [
      -77.26393936252313,
      38.90043540330821
     ]
    ]
   },
   "properties": {
    "id": "ct-13",
    "kind": "Contour",
    "sourceId": "contours",
    "reliabilityLevel": 1,
    "revision": 1,
    "engineeringGeometry": {
     "crs": "EPSG:2248",
     "crsName": "NAD83 / Maryland State Plane (US survey feet)",
     "datum": "NAD83",
     "unit": "usSurveyFoot",
     "coordinates": [
      [
       1237189.0582711836,
       449435.67344132805,
       372
      ],
      [
       1237188.721812379,
       449436.1400576913,
       372
      ],
      [
       1237188.505133661,
       449436.67714151565,
       372
      ],
      [
       1237188.4082350298,
       449437.2846928011,
       372
      ],
      [
       1237188.4311164855,
       449437.9627115477,
       372
      ],
      [
       1237188.5737780281,
       449438.71119775536,
       372
      ],
      [
       1237188.7292235007,
       449439.3520313966,
       372
      ],
      [
       1237188.8974529032,
       449439.88521247124,
       372
      ],
      [
       1237189.0784662357,
       449440.3107409795,
       372
      ],
      [
       1237189.2722634976,
       449440.62861692137,
       372
      ],
      [
       1237189.4953787923,
       449440.97467644414,
       372
      ],
      [
       1237189.7478121193,
       449441.348919548,
       372
      ],
      [
       1237190.0295634787,
       449441.75134623284,
       372
      ],
      [
       1237190.3406328708,
       449442.1819564987,
       372
      ],
      [
       1237190.6832891186,
       449442.6510104805,
       372
      ],
      [
       1237191.0575322222,
       449443.1585081782,
       372
      ],
      [
       1237191.463362182,
       449443.70444959175,
       372
      ],
      [
       1237191.9007789982,
       449444.2888347211,
       372
      ],
      [
       1237192.2639146687,
       449444.7681488377,
       372
      ],
      [
       1237192.552769194,
       449445.1423919416,
       372
      ],
      [
       1237192.767342574,
       449445.41156403266,
       372
      ],
      [
       1237192.9076348084,
       449445.5756651109,
       372
      ],
      [
       1237193.1649024775,
       449445.8338530408,
       372
      ],
      [
       1237193.5391455814,
       449446.18612782244,
       372
      ],
      [
       1237194.03036412,
       449446.63248945575,
       372
      ],
      [
       1237194.638558093,
       449447.1729379407,
       372
      ],
      [
       1237195.2660161317,
       449447.6302837351,
       372
      ],
      [
       1237195.9127382366,
       449448.004526839,
       372
      ],
      [
       1237196.5787244067,
       449448.29566725227,
       372
      ],
      [
       1237197.2639746428,
       449448.5037049749,
       372
      ],
      [
       1237197.7937213127,
       449448.66304516507,
       372
      ],
      [
       1237198.1679644166,
       449448.7736878227,
       372
      ],
      [
       1237198.3867039543,
       449448.83563294774,
       372
      ],
      [
       1237198.4499399257,
       449448.8488805403,
       372
      ],
      [
       1237198.5157412048,
       449448.85550433653,
       372
      ],
      [
       1237198.5841077913,
       449448.85550433653,
       372
      ],
      [
       1237198.6550396855,
       449448.8488805403,
       372
      ],
      [
       1237198.728536887,
       449448.83563294774,
       372
      ],
      [
       1237198.9524070397,
       449448.78228693677,
       372
      ],
      [
       1237199.3266501436,
       449448.6888425074,
       372
      ],
      [
       1237199.8512661986,
       449448.5552996596,
       372
      ],
      [
       1237200.5262552048,
       449448.38165839354,
       372
      ],
      [
       1237201.2196185112,
       449448.2055291797,
       372
      ],
      [
       1237201.9313561183,
       449448.0269120183,
       372
      ],
      [
       1237202.6614680255,
       449447.8458069094,
       372
      ],
      [
       1237203.4099542329,
       449447.6622138528,
       372
      ],
      [
       1237204.1584404404,
       449447.5202160266,
       372
      ],
      [
       1237204.9069266482,
       449447.4198134306,
       372
      ],
      [
       1237205.655412856,
       449447.3610060649,
       372
      ],
      [
       1237206.4038990638,
       449447.34379392955,
       372
      ],
      [
       1237207.1523852716,
       449447.3279243478,
       372
      ],
      [
       1237207.9008714794,
       449447.31339731964,
       372
      ],
      [
       1237208.649357687,
       449447.30021284503,
       372
      ],
      [
       1237209.3978438943,
       449447.288370924,
       372
      ],
      [
       1237210.1463301019,
       449447.2241849798,
       372
      ],
      [
       1237210.8948163097,
       449447.1076550125,
       372
      ],
      [
       1237211.6433025175,
       449446.938781022,
       372
      ],
      [
       1237212.3917887253,
       449446.7175630082,
       372
      ],
      [
       1237213.0048113882,
       449446.51640454424,
       372
      ],
      [
       1237213.4823705067,
       449446.3353056299,
       372
      ],
      [
       1237213.8244660809,
       449446.17426626536,
       372
      ],
      [
       1237214.0310981101,
       449446.03328645055,
       372
      ],
      [
       1237214.213886329,
       449445.7404300375,
       372
      ],
      [
       1237214.3728307374,
       449445.2956970263,
       372
      ],
      [
       1237214.5079313354,
       449444.6990874168,
       372
      ],
      [
       1237214.619188123,
       449443.9506012091,
       372
      ],
      [
       1237214.6505943534,
       449443.2021150014,
       372
      ],
      [
       1237214.6021500267,
       449442.45362879377,
       372
      ],
      [
       1237214.4738551432,
       449441.7051425861,
       372
      ],
      [
       1237214.2657097024,
       449440.9566563784,
       372
      ],
      [
       1237214.199459018,
       449440.2081701707,
       372
      ],
      [
       1237214.2751030896,
       449439.45968396304,
       372
      ],
      [
       1237214.4926419177,
       449438.71119775536,
       372
      ],
      [
       1237214.852075502,
       449437.9627115477,
       372
      ],
      [
       1237215.1914780021,
       449437.33705328626,
       372
      ],
      [
       1237215.510849418,
       449436.83422297117,
       372
      ],
      [
       1237215.8101897493,
       449436.45422060235,
       372
      ],
      [
       1237216.0894989965,
       449436.19704617973,
       372
      ],
      [
       1237216.364343505,
       449435.88133741653,
       372
      ],
      [
       1237216.6347232745,
       449435.50709431275,
       372
      ],
      [
       1237216.9006383053,
       449435.07431686827,
       372
      ],
      [
       1237217.1620885974,
       449434.58300508314,
       372
      ],
      [
       1237217.4333887699,
       449434.02739969245,
       372
      ],
      [
       1237217.7145388224,
       449433.4075006961,
       372
      ],
      [
       1237218.0055387553,
       449432.7233080941,
       372
      ],
      [
       1237218.3063885684,
       449431.9748218864,
       372
      ],
      [
       1237218.5785724537,
       449431.279639206,
       372
      ],
      [
       1237218.8220904116,
       449430.63776005304,
       372
      ]
     ]
    },
    "elevationFt": 372,
    "weight": "intermediate",
    "hidden": false
   }
  },
  {
   "type": "Feature",
   "geometry": {
    "type": "LineString",
    "coordinates": [
     [
      -77.26393882408912,
      38.90041852490553
     ],
     [
      -77.26394085293842,
      38.90041806629636
     ],
     [
      -77.26394348093575,
      38.900417509540816
     ],
     [
      -77.26394610949453,
      38.900417104526284
     ],
     [
      -77.26394873861472,
      38.900416851252714
     ],
     [
      -77.26395136829639,
      38.90041674972015
     ],
     [
      -77.26395399853952,
      38.90041679992857
     ],
     [
      -77.26395662908403,
      38.900416931583095
     ],
     [
      -77.26395925992992,
      38.900417144683715
     ],
     [
      -77.26396189107722,
      38.90041743923041
     ],
     [
      -77.26396452252591,
      38.9004178152232
     ],
     [
      -77.26396668668028,
      38.90041816588113
     ],
     [
      -77.26396838354029,
      38.90041849120418
     ],
     [
      -77.26396961310593,
      38.900418791192386
     ],
     [
      -77.26397037537721,
      38.900419065845774
     ],
     [
      -77.2639714152467,
      38.90041953272181
     ],
     [
      -77.26397273271444,
      38.900420191820515
     ],
     [
      -77.26397432778043,
      38.900421043141826
     ],
     [
      -77.26397620044467,
      38.90042208668577
     ],
     [
      -77.2639778795481,
      38.90042312057106
     ],
     [
      -77.26397936509065,
      38.9004241447977
     ],
     [
      -77.26398065707237,
      38.90042515936569
     ],
     [
      -77.26398175549319,
      38.90042616427505
     ],
     [
      -77.26398296436042,
      38.90042724564884
     ],
     [
      -77.26398428367409,
      38.90042840348705
     ],
     [
      -77.26398571343418,
      38.90042963778972
     ],
     [
      -77.26398725364069,
      38.90043094855679
     ],
     [
      -77.26398878364529,
      38.90043211601486
     ],
     [
      -77.26399030344794,
      38.900433140163955
     ],
     [
      -77.26399181304865,
      38.90043402100403
     ],
     [
      -77.2639933124474,
      38.90043475853511
     ],
     [
      -77.26399472066907,
      38.90043539961146
     ],
     [
      -77.26399603771364,
      38.90043594423314
     ],
     [
      -77.26399726358113,
      38.900436392400096
     ],
     [
      -77.26399839827151,
      38.90043674411237
     ],
     [
      -77.26399990737977,
      38.90043716351995
     ],
     [
      -77.26400179090594,
      38.90043765062288
     ],
     [
      -77.26400404885,
      38.900438205421096
     ],
     [
      -77.26400668121198,
      38.9004388279146
     ],
     [
      -77.26400931348395,
      38.90043942607518
     ],
     [
      -77.26401194566593,
      38.90043999990282
     ],
     [
      -77.26401457775786,
      38.900440549397544
     ],
     [
      -77.2640172097598,
      38.90044107455932
     ],
     [
      -77.26401984173194,
      38.90044159166044
     ],
     [
      -77.26402247367427,
      38.90044210070091
     ],
     [
      -77.26402510558682,
      38.90044260168072
     ],
     [
      -77.26402773746956,
      38.90044309459989
     ],
     [
      -77.26402976442212,
      38.90044347478708
     ],
     [
      -77.26403118644444,
      38.90044374224232
     ],
     [
      -77.26403200353654,
      38.90044389696562
     ],
     [
      -77.2640322156984,
      38.90044393895699
     ],
     [
      -77.26403298004388,
      38.90044416256971
     ],
     [
      -77.264034296573,
      38.900444567803774
     ],
     [
      -77.26403616528575,
      38.900445154659145
     ],
     [
      -77.26403858618218,
      38.900445923135806
     ],
     [
      -77.264040698603,
      38.90044681912724
     ],
     [
      -77.2640425025482,
      38.90044784263344
     ],
     [
      -77.26404399801777,
      38.9004489936544
     ]
    ]
   },
   "properties": {
    "id": "ct-14",
    "kind": "Contour",
    "sourceId": "contours",
    "reliabilityLevel": 1,
    "revision": 1,
    "engineeringGeometry": {
     "crs": "EPSG:2248",
     "crsName": "NAD83 / Maryland State Plane (US survey feet)",
     "datum": "NAD83",
     "unit": "usSurveyFoot",
     "coordinates": [
      [
       1237218.957550107,
       449424.49024825403,
       372
      ],
      [
       1237218.3796783863,
       449424.324893422,
       372
      ],
      [
       1237217.631192179,
       449424.12428696285,
       372
      ],
      [
       1237216.8827059711,
       449423.9789446469,
       372
      ],
      [
       1237216.1342197633,
       449423.8888664742,
       372
      ],
      [
       1237215.3857335555,
       449423.8540524447,
       372
      ],
      [
       1237214.6372473482,
       449423.8745025584,
       372
      ],
      [
       1237213.8887611404,
       449423.92461538955,
       372
      ],
      [
       1237213.1402749326,
       449424.0043909382,
       372
      ],
      [
       1237212.3917887248,
       449424.11382920423,
       372
      ],
      [
       1237211.6433025175,
       449424.2529301877,
       372
      ],
      [
       1237211.0277766094,
       449424.38241975347,
       372
      ],
      [
       1237210.545211001,
       449424.50229790155,
       372
      ],
      [
       1237210.1956056925,
       449424.61256463185,
       372
      ],
      [
       1237209.978960684,
       449424.7132199445,
       372
      ],
      [
       1237209.6835166276,
       449424.88411067345,
       372
      ],
      [
       1237209.3092735237,
       449425.1252368187,
       372
      ],
      [
       1237208.8562313723,
       449425.4365983802,
       372
      ],
      [
       1237208.3243901737,
       449425.8181953579,
       372
      ],
      [
       1237207.8476241606,
       449426.1961153987,
       372
      ],
      [
       1237207.425933333,
       449426.57035850256,
       372
      ],
      [
       1237207.0593176915,
       449426.94092466944,
       372
      ],
      [
       1237206.7477772355,
       449427.3078138993,
       372
      ],
      [
       1237206.4048854555,
       449427.7026421676,
       372
      ],
      [
       1237206.0306423516,
       449428.1254094744,
       372
      ],
      [
       1237205.6250479238,
       449428.57611581957,
       372
      ],
      [
       1237205.188102172,
       449429.0547612032,
       372
      ],
      [
       1237204.7539088638,
       449429.48120544694,
       372
      ],
      [
       1237204.3224679986,
       449429.8554485507,
       372
      ],
      [
       1237203.893779577,
       449430.1774905147,
       372
      ],
      [
       1237203.4678435987,
       449430.4473313388,
       372
      ],
      [
       1237203.0677540575,
       449430.68196858565,
       372
      ],
      [
       1237202.6935109538,
       449430.8814022554,
       372
      ],
      [
       1237202.3451142872,
       449431.04563234793,
       372
      ],
      [
       1237202.022564058,
       449431.1746588632,
       372
      ],
      [
       1237201.593529834,
       449431.3286479934,
       372
      ],
      [
       1237201.0580116156,
       449431.5075997383,
       372
      ],
      [
       1237200.4160094024,
       449431.711514098,
       372
      ],
      [
       1237199.6675231946,
       449431.94039107254,
       372
      ],
      [
       1237198.9190369868,
       449432.1604060057,
       372
      ],
      [
       1237198.170550779,
       449432.37155889766,
       372
      ],
      [
       1237197.4220645714,
       449432.57384974824,
       372
      ],
      [
       1237196.673578364,
       449432.7672785575,
       372
      ],
      [
       1237195.9250921565,
       449432.95777169627,
       372
      ],
      [
       1237195.1766059487,
       449433.14532916446,
       372
      ],
      [
       1237194.428119741,
       449433.32995096204,
       372
      ],
      [
       1237193.6796335331,
       449433.511637089,
       372
      ],
      [
       1237193.1031851918,
       449433.6517686297,
       372
      ],
      [
       1237192.6987747166,
       449433.75034558395,
       372
      ],
      [
       1237192.4664021074,
       449433.8073679518,
       372
      ],
      [
       1237192.406067364,
       449433.8228357333,
       372
      ],
      [
       1237192.1887784405,
       449433.9049040305,
       372
      ],
      [
       1237191.8145353366,
       449434.05357284343,
       372
      ],
      [
       1237191.2833380525,
       449434.2688421721,
       372
      ],
      [
       1237190.5951865881,
       449434.5507120165,
       372
      ],
      [
       1237189.9949582885,
       449434.8787684907,
       372
      ],
      [
       1237189.4826531536,
       449435.25301159447,
       372
      ],
      [
       1237189.0582711836,
       449435.67344132805,
       372
      ]
     ]
    },
    "elevationFt": 372,
    "weight": "intermediate",
    "hidden": false
   }
  },
  {
   "type": "Feature",
   "geometry": {
    "type": "LineString",
    "coordinates": [
     [
      -77.26403267781012,
      38.90054114456866
     ],
     [
      -77.26403310159215,
      38.900541745633106
     ],
     [
      -77.26403343936703,
      38.90054271017806
     ],
     [
      -77.26403369113477,
      38.90054403820355
     ],
     [
      -77.26403385689538,
      38.90054572970954
     ],
     [
      -77.26403393664887,
      38.90054778469605
     ],
     [
      -77.26403387483207,
      38.90054981067862
     ],
     [
      -77.26403367144499,
      38.90055180765724
     ],
     [
      -77.2640333264876,
      38.900553775631955
     ],
     [
      -77.26403283995992,
      38.900555714602696
     ],
     [
      -77.26403244658218,
      38.90055719821903
     ],
     [
      -77.26403214635437,
      38.900558226480946
     ],
     [
      -77.26403193927649,
      38.90055879938845
     ],
     [
      -77.26403182534858,
      38.900558916941534
     ],
     [
      -77.26403111273373,
      38.900559479519146
     ],
     [
      -77.26402980143189,
      38.90056048712133
     ],
     [
      -77.264027891443,
      38.90056193974802
     ],
     [
      -77.26402538276702,
      38.9005638373992
     ],
     [
      -77.26402284289924,
      38.90056503233618
     ],
     [
      -77.26402027183973,
      38.90056552455895
     ],
     [
      -77.26401766958858,
      38.90056531406753
     ],
     [
      -77.26401503614588,
      38.90056440086189
     ],
     [
      -77.264012403122,
      38.90056360080585
     ],
     [
      -77.26400977051695,
      38.900562913899385
     ],
     [
      -77.26400713833074,
      38.90056234014252
     ],
     [
      -77.26400450656332,
      38.90056187953524
     ],
     [
      -77.26400237593064,
      38.90056140786665
     ],
     [
      -77.26400074643269,
      38.900560925136794
     ],
     [
      -77.26399961806948,
      38.90056043134567
     ],
     [
      -77.26399899084095,
      38.90055992649331
     ],
     [
      -77.26399845337852,
      38.90055903421386
     ],
     [
      -77.26399800568223,
      38.900557754507304
     ],
     [
      -77.26399764775203,
      38.90055608737364
     ],
     [
      -77.26399737958796,
      38.90055403281289
     ],
     [
      -77.2639973990896,
      38.90055226075139
     ],
     [
      -77.26399770625696,
      38.900550771189195
     ],
     [
      -77.26399830108998,
      38.90054956412628
     ],
     [
      -77.26399918358868,
      38.900548639562615
     ],
     [
      -77.26400045086652,
      38.90054766162243
     ],
     [
      -77.2640021029235,
      38.90054663030573
     ],
     [
      -77.26400413975959,
      38.900545545612445
     ],
     [
      -77.26400656137477,
      38.90054440754262
     ],
     [
      -77.26400842859006,
      38.90054353918891
     ],
     [
      -77.26400974140549,
      38.90054294055135
     ],
     [
      -77.2640104998211,
      38.90054261162997
     ],
     [
      -77.2640107038369,
      38.90054255242478
     ],
     [
      -77.26401151328733,
      38.90054221704672
     ],
     [
      -77.26401292817236,
      38.900541605495775
     ],
     [
      -77.264014948492,
      38.9005407177719
     ],
     [
      -77.26401757424617,
      38.900539553875085
     ],
     [
      -77.26402020164046,
      38.90053883313637
     ],
     [
      -77.26402283067493,
      38.90053855555575
     ],
     [
      -77.26402546134962,
      38.90053872113322
     ],
     [
      -77.26402809366459,
      38.900539329868764
     ],
     [
      -77.26403017384634,
      38.900539936686506
     ],
     [
      -77.26403170189485,
      38.900540541586466
     ],
     [
      -77.26403267781012,
      38.90054114456866
     ]
    ]
   },
   "properties": {
    "id": "ct-15",
    "kind": "Contour",
    "sourceId": "contours",
    "reliabilityLevel": 1,
    "revision": 1,
    "engineeringGeometry": {
     "crs": "EPSG:2248",
     "crsName": "NAD83 / Maryland State Plane (US survey feet)",
     "datum": "NAD83",
     "unit": "usSurveyFoot",
     "coordinates": [
      [
       1237192.3769485038,
       449469.22523817886,
       372
      ],
      [
       1237192.2569780247,
       449469.44449305674,
       372
      ],
      [
       1237192.1618670952,
       449469.7960557671,
       372
      ],
      [
       1237192.0916157148,
       449470.2799263099,
       372
      ],
      [
       1237192.0462238835,
       449470.89610468515,
       372
      ],
      [
       1237192.0256916014,
       449471.6445908929,
       372
      ],
      [
       1237192.0454180802,
       449472.38239741547,
       372
      ],
      [
       1237192.1054033195,
       449473.109524253,
       372
      ],
      [
       1237192.2056473196,
       449473.82597140543,
       372
      ],
      [
       1237192.3461500807,
       449474.5317388727,
       372
      ],
      [
       1237192.4596637576,
       449475.0717441583,
       372
      ],
      [
       1237192.5461883503,
       449475.4459872622,
       372
      ],
      [
       1237192.6057238593,
       449475.6544681842,
       372
      ],
      [
       1237192.6382702843,
       449475.6971869246,
       372
      ],
      [
       1237192.8416650486,
       449475.90148962435,
       372
      ],
      [
       1237193.2159081525,
       449476.26737628353,
       372
      ],
      [
       1237193.7609995957,
       449476.79484690214,
       372
      ],
      [
       1237194.4769393785,
       449477.4839014803,
       372
      ],
      [
       1237195.2010157674,
       449477.9170037817,
       372
      ],
      [
       1237195.9332287626,
       449478.0941538064,
       372
      ],
      [
       1237196.673578364,
       449478.0153515545,
       372
      ],
      [
       1237197.4220645716,
       449477.68059702584,
       372
      ],
      [
       1237198.1705507794,
       449477.38705163845,
       372
      ],
      [
       1237198.9190369868,
       449477.13471539225,
       372
      ],
      [
       1237199.6675231946,
       449476.9235882873,
       372
      ],
      [
       1237200.4160094024,
       449476.75367032364,
       372
      ],
      [
       1237201.0218666699,
       449476.5801363294,
       372
      ],
      [
       1237201.4850949966,
       449476.4029863046,
       372
      ],
      [
       1237201.8056943833,
       449476.22222024936,
       372
      ],
      [
       1237201.9836648295,
       449476.03783816367,
       372
      ],
      [
       1237202.135680805,
       449475.71243004745,
       372
      ],
      [
       1237202.2617423097,
       449475.2459959007,
       372
      ],
      [
       1237202.3618493434,
       449474.63853572356,
       372
      ],
      [
       1237202.4360019066,
       449473.8900495159,
       372
      ],
      [
       1237202.4285855764,
       449473.244685537,
       372
      ],
      [
       1237202.339600353,
       449472.702443787,
       372
      ],
      [
       1237202.169046237,
       449472.2633242658,
       372
      ],
      [
       1237201.916923228,
       449471.92732697335,
       372
      ],
      [
       1237201.5552401622,
       449471.5722067752,
       372
      ],
      [
       1237201.0839970396,
       449471.1979636714,
       372
      ],
      [
       1237200.5031938604,
       449470.80459766183,
       372
      ],
      [
       1237199.8128306246,
       449470.3921087466,
       372
      ],
      [
       1237199.280527455,
       449470.0773934463,
       372
      ],
      [
       1237198.9062843514,
       449469.86045176093,
       372
      ],
      [
       1237198.6901013134,
       449469.7412836905,
       372
      ],
      [
       1237198.6319783411,
       449469.71988923504,
       372
      ],
      [
       1237198.4012645602,
       449469.59841166245,
       372
      ],
      [
       1237197.9979599703,
       449469.37685097277,
       372
      ],
      [
       1237197.4220645714,
       449469.0552071659,
       372
      ],
      [
       1237196.673578364,
       449468.63348024193,
       372
      ],
      [
       1237195.9250921565,
       449468.3731516743,
       372
      ],
      [
       1237195.1766059487,
       449468.274221463,
       372
      ],
      [
       1237194.428119741,
       449468.3366896082,
       372
      ],
      [
       1237193.6796335331,
       449468.56055610965,
       372
      ],
      [
       1237193.0882762577,
       449468.7832697053,
       372
      ],
      [
       1237192.6540479148,
       449469.00483039505,
       372
      ],
      [
       1237192.3769485038,
       449469.22523817886,
       372
      ]
     ]
    },
    "elevationFt": 372,
    "weight": "intermediate",
    "hidden": false
   }
  },
  {
   "type": "Feature",
   "geometry": {
    "type": "LineString",
    "coordinates": [
     [
      -77.26400126974605,
      38.900632413497654
     ],
     [
      -77.26400156898838,
      38.900632706598905
     ],
     [
      -77.26400197328398,
      38.900633439810065
     ],
     [
      -77.26400248263286,
      38.90063461313114
     ],
     [
      -77.26400309703504,
      38.90063622656212
     ],
     [
      -77.26400381649054,
      38.900638280102996
     ],
     [
      -77.26400410471982,
      38.90064012852481
     ],
     [
      -77.2640039617228,
      38.90064177182759
     ],
     [
      -77.26400338749951,
      38.900643210011324
     ],
     [
      -77.26400238204991,
      38.900644443076004
     ],
     [
      -77.26400097069413,
      38.900645434855996
     ],
     [
      -77.26399915343217,
      38.9006461853513
     ],
     [
      -77.26399693026404,
      38.90064669456187
     ],
     [
      -77.26399430118975,
      38.90064696248771
     ],
     [
      -77.26399190408235,
      38.900646791198795
     ],
     [
      -77.26398973894183,
      38.90064618069515
     ],
     [
      -77.26398780576827,
      38.90064513097675
     ],
     [
      -77.26398610456168,
      38.90064364204363
     ],
     [
      -77.26398495882455,
      38.90064201125797
     ],
     [
      -77.26398436855686,
      38.90064023861977
     ],
     [
      -77.26398433375854,
      38.90063832412904
     ],
     [
      -77.26398485442958,
      38.900636267785785
     ],
     [
      -77.26398553624244,
      38.90063457846573
     ],
     [
      -77.2639863791971,
      38.90063325616887
     ],
     [
      -77.26398738329357,
      38.90063230089523
     ],
     [
      -77.26398854853188,
      38.900631712644795
     ],
     [
      -77.2639900802414,
      38.900631342930524
     ],
     [
      -77.26399197842218,
      38.90063119175243
     ],
     [
      -77.26399424307424,
      38.900631259110476
     ],
     [
      -77.26399687419755,
      38.900631545004636
     ],
     [
      -77.26399892235062,
      38.90063183270053
     ],
     [
      -77.26400038753346,
      38.90063212219821
     ],
     [
      -77.26400126974605,
      38.900632413497654
     ]
    ]
   },
   "properties": {
    "id": "ct-16",
    "kind": "Contour",
    "sourceId": "contours",
    "reliabilityLevel": 1,
    "revision": 1,
    "engineeringGeometry": {
     "crs": "EPSG:2248",
     "crsName": "NAD83 / Maryland State Plane (US survey feet)",
     "datum": "NAD83",
     "unit": "usSurveyFoot",
     "coordinates": [
      [
       1237201.4114604078,
       449502.4392860829,
       372
      ],
      [
       1237201.3266082036,
       449502.54627905425,
       372
      ],
      [
       1237201.212322596,
       449502.8136453346,
       372
      ],
      [
       1237201.0686035848,
       449503.2413849241,
       372
      ],
      [
       1237200.8954511702,
       449503.8294978227,
       372
      ],
      [
       1237200.692865352,
       449504.5779840303,
       372
      ],
      [
       1237200.6127854937,
       449505.25141152134,
       372
      ],
      [
       1237200.6552115958,
       449505.849780296,
       372
      ],
      [
       1237200.820143658,
       449506.3730903539,
       372
      ],
      [
       1237201.1075816804,
       449506.82134169515,
       372
      ],
      [
       1237201.510281749,
       449507.1813837385,
       372
      ],
      [
       1237202.0282438642,
       449507.45321648405,
       372
      ],
      [
       1237202.6614680255,
       449507.6368399315,
       372
      ],
      [
       1237203.4099542329,
       449507.7322540808,
       372
      ],
      [
       1237204.0919627747,
       449507.66789832024,
       372
      ],
      [
       1237204.7074936512,
       449507.4437726496,
       372
      ],
      [
       1237205.256546862,
       449507.05987706885,
       372
      ],
      [
       1237205.739122407,
       449506.51621157804,
       372
      ],
      [
       1237206.063468405,
       449505.92134090804,
       372
      ],
      [
       1237206.2295848555,
       449505.27526505874,
       372
      ],
      [
       1237206.2374717593,
       449504.5779840303,
       372
      ],
      [
       1237206.0871291156,
       449503.8294978227,
       372
      ],
      [
       1237205.8913139077,
       449503.2148130993,
       372
      ],
      [
       1237205.6500261351,
       449502.7339298603,
       372
      ],
      [
       1237205.3632657982,
       449502.3868481056,
       372
      ],
      [
       1237205.0310328968,
       449502.1735678352,
       372
      ],
      [
       1237204.5947366687,
       449502.04017945717,
       372
      ],
      [
       1237204.054377114,
       449501.9866829716,
       372
      ],
      [
       1237203.4099542329,
       449502.0130783783,
       372
      ],
      [
       1237202.6614680255,
       449502.11936567735,
       372
      ],
      [
       1237202.0788903187,
       449502.22582939453,
       372
      ],
      [
       1237201.6622211128,
       449502.3324695297,
       372
      ],
      [
       1237201.4114604078,
       449502.4392860829,
       372
      ]
     ]
    },
    "elevationFt": 372,
    "weight": "intermediate",
    "hidden": false
   }
  },
  {
   "type": "Feature",
   "geometry": {
    "type": "LineString",
    "coordinates": [
     [
      -77.26398137167763,
      38.90052322713109
     ],
     [
      -77.26398270541617,
      38.90052446295883
     ],
     [
      -77.2639833788706,
      38.90052590435988
     ],
     [
      -77.26398339204091,
      38.90052755133426
     ],
     [
      -77.26398274492705,
      38.900529403881954
     ],
     [
      -77.26398143752894,
      38.90053146200298
     ],
     [
      -77.26398045344646,
      38.90053300663452
     ],
     [
      -77.26397979267966,
      38.90053403777655
     ],
     [
      -77.26397945522857,
      38.900534555429125
     ],
     [
      -77.26397944109317,
      38.9005345595922
     ],
     [
      -77.26397942853701,
      38.900534561686136
     ],
     [
      -77.26397941756007,
      38.90053456171094
     ],
     [
      -77.26397940816236,
      38.90053455966661
     ],
     [
      -77.26397940034386,
      38.900534555553136
     ],
     [
      -77.26397873773226,
      38.900534232757906
     ],
     [
      -77.26397742032756,
      38.90053359128092
     ],
     [
      -77.26397544812983,
      38.900532631122125
     ],
     [
      -77.2639728211391,
      38.90053135228153
     ],
     [
      -77.26397061295548,
      38.9005302010911
     ],
     [
      -77.26396882357892,
      38.900529177550915
     ],
     [
      -77.26396745300941,
      38.90052828166092
     ],
     [
      -77.2639665012469,
      38.90052751342119
     ],
     [
      -77.26396563763487,
      38.900526423788136
     ],
     [
      -77.2639648621733,
      38.900525012761776
     ],
     [
      -77.2639641748622,
      38.90052328034211
     ],
     [
      -77.26396357570155,
      38.90052122652914
     ],
     [
      -77.26396351119341,
      38.900519616516064
     ],
     [
      -77.26396398133774,
      38.900518450302854
     ],
     [
      -77.26396498613451,
      38.90051772788949
     ],
     [
      -77.26396652558373,
      38.90051744927601
     ],
     [
      -77.26396793431326,
      38.900517308525416
     ],
     [
      -77.26396921232309,
      38.9005173056377
     ],
     [
      -77.26397035961327,
      38.900517440612894
     ],
     [
      -77.26397137618378,
      38.900517713450995
     ],
     [
      -77.26397254298854,
      38.90051812124716
     ],
     [
      -77.26397386002758,
      38.90051866400139
     ],
     [
      -77.26397532730087,
      38.90051934171366
     ],
     [
      -77.26397694480846,
      38.900520154384
     ],
     [
      -77.26397849137378,
      38.90052107284368
     ],
     [
      -77.26397996699684,
      38.900522097092704
     ],
     [
      -77.26398137167763,
      38.90052322713109
     ]
    ]
   },
   "properties": {
    "id": "ct-17",
    "kind": "Contour",
    "sourceId": "contours",
    "reliabilityLevel": 1,
    "revision": 1,
    "engineeringGeometry": {
     "crs": "EPSG:2248",
     "crsName": "NAD83 / Maryland State Plane (US survey feet)",
     "datum": "NAD83",
     "unit": "usSurveyFoot",
     "coordinates": [
      [
       1237206.9592299298,
       449462.657528838,
       372
      ],
      [
       1237206.5809642994,
       449463.10871158773,
       372
      ],
      [
       1237206.3908246947,
       449463.634220202,
       372
      ],
      [
       1237206.3888111152,
       449464.2340546807,
       372
      ],
      [
       1237206.5749235614,
       449464.9082150238,
       372
      ],
      [
       1237206.9491620334,
       449465.6567012315,
       372
      ],
      [
       1237207.2308476768,
       449466.21844202507,
       372
      ],
      [
       1237207.419980492,
       449466.59343740455,
       372
      ],
      [
       1237207.5165604788,
       449466.7816873699,
       372
      ],
      [
       1237207.5205876373,
       449466.7831919212,
       372
      ],
      [
       1237207.5241631875,
       449466.7839441968,
       372
      ],
      [
       1237207.5272871286,
       449466.7839441968,
       372
      ],
      [
       1237207.5299594612,
       449466.7831919212,
       372
      ],
      [
       1237207.532180185,
       449466.7816873699,
       372
      ],
      [
       1237207.7204120988,
       449466.66358092026,
       372
      ],
      [
       1237208.0946552027,
       449466.42887257214,
       372
      ],
      [
       1237208.6549094964,
       449466.0775623257,
       372
      ],
      [
       1237209.4011749802,
       449465.6096501808,
       372
      ],
      [
       1237210.0283870865,
       449465.1885725564,
       372
      ],
      [
       1237210.536545815,
       449464.81432945264,
       372
      ],
      [
       1237210.9256511657,
       449464.4869208693,
       372
      ],
      [
       1237211.195703139,
       449464.2063468065,
       372
      ],
      [
       1237211.4403300202,
       449463.8087947075,
       372
      ],
      [
       1237211.6595318099,
       449463.2942645723,
       372
      ],
      [
       1237211.8533085075,
       449462.6627564009,
       372
      ],
      [
       1237212.0216601132,
       449461.9142701932,
       372
      ],
      [
       1237212.0383229228,
       449461.3278546722,
       372
      ],
      [
       1237211.9032969363,
       449460.90350983804,
       372
      ],
      [
       1237211.6165821534,
       449460.6412356905,
       372
      ],
      [
       1237211.1781785744,
       449460.5410322296,
       372
      ],
      [
       1237210.77712155,
       449460.4909304992,
       372
      ],
      [
       1237210.4134110808,
       449460.4909304992,
       372
      ],
      [
       1237210.0870471662,
       449460.5410322296,
       372
      ],
      [
       1237209.7980298065,
       449460.6412356905,
       372
      ],
      [
       1237209.4663995747,
       449460.7907141506,
       372
      ],
      [
       1237209.0921564708,
       449460.9894676099,
       372
      ],
      [
       1237208.6753004948,
       449461.2374960686,
       372
      ],
      [
       1237208.2158316472,
       449461.5347995265,
       372
      ],
      [
       1237207.7766636037,
       449461.8705728074,
       372
      ],
      [
       1237207.3577963645,
       449462.24481591117,
       372
      ],
      [
       1237206.9592299298,
       449462.657528838,
       372
      ]
     ]
    },
    "elevationFt": 372,
    "weight": "intermediate",
    "hidden": false
   }
  },
  {
   "type": "Feature",
   "geometry": {
    "type": "LineString",
    "coordinates": [
     [
      -77.26403339604119,
      38.900862118173684
     ],
     [
      -77.26403350607156,
      38.90086257225803
     ],
     [
      -77.26403356161276,
      38.90086294141084
     ],
     [
      -77.26403356266479,
      38.900863225632094
     ],
     [
      -77.26403350922762,
      38.9008634249218
     ],
     [
      -77.26403340130125,
      38.90086353927995
     ],
     [
      -77.26403266342537,
      38.90086378373089
     ],
     [
      -77.26403129559995,
      38.90086415827462
     ],
     [
      -77.26402929782499,
      38.90086466291107
     ],
     [
      -77.26402667010042,
      38.90086529764028
     ],
     [
      -77.26402448241139,
      38.90086558845114
     ],
     [
      -77.26402273475792,
      38.900865535343705
     ],
     [
      -77.26402142714002,
      38.90086513831799
     ],
     [
      -77.26402055955772,
      38.90086439737402
     ],
     [
      -77.26401994382378,
      38.900863327795385
     ],
     [
      -77.2640195799382,
      38.90086192958209
     ],
     [
      -77.264019467901,
      38.90086020273414
     ],
     [
      -77.26401960771213,
      38.90085814725152
     ],
     [
      -77.26401989151235,
      38.90085649395819
     ],
     [
      -77.26402031930165,
      38.900855242854156
     ],
     [
      -77.26402089108005,
      38.90085439393937
     ],
     [
      -77.26402160684755,
      38.90085394721387
     ],
     [
      -77.26402259047775,
      38.90085372243695
     ],
     [
      -77.26402384197068,
      38.9008537196086
     ],
     [
      -77.26402536132632,
      38.900853938728794
     ],
     [
      -77.26402714854471,
      38.90085437979753
     ],
     [
      -77.26402870155995,
      38.90085511032697
     ],
     [
      -77.26403002037205,
      38.900856130317145
     ],
     [
      -77.264031104981,
      38.90085743976806
     ],
     [
      -77.26403195538681,
      38.90085903867969
     ],
     [
      -77.2640326206988,
      38.900860351384516
     ],
     [
      -77.26403310091692,
      38.90086137788251
     ],
     [
      -77.26403339604119,
      38.900862118173684
     ]
    ]
   },
   "properties": {
    "id": "ct-18",
    "kind": "Contour",
    "sourceId": "contours",
    "reliabilityLevel": 1,
    "revision": 1,
    "engineeringGeometry": {
     "crs": "EPSG:2248",
     "crsName": "NAD83 / Maryland State Plane (US survey feet)",
     "datum": "NAD83",
     "unit": "usSurveyFoot",
     "coordinates": [
      [
       1237192.5106517863,
       449586.1235565723,
       374
      ],
      [
       1237192.4798168296,
       449586.28902345145,
       374
      ],
      [
       1237192.464399351,
       449586.42351363535,
       374
      ],
      [
       1237192.464399351,
       449586.527027124,
       374
      ],
      [
       1237192.4798168296,
       449586.5995639175,
       374
      ],
      [
       1237192.5106517863,
       449586.6411240158,
       374
      ],
      [
       1237192.720899556,
       449586.72954504105,
       374
      ],
      [
       1237193.1105601385,
       449586.8648269932,
       374
      ],
      [
       1237193.6796335336,
       449587.0469698724,
       374
      ],
      [
       1237194.428119741,
       449587.27597367857,
       374
      ],
      [
       1237195.0510150585,
       449587.38008555706,
       374
      ],
      [
       1237195.5483194864,
       449587.3593055079,
       374
      ],
      [
       1237195.9200330242,
       449587.2136335311,
       374
      ],
      [
       1237196.1661556717,
       449586.94306962675,
       374
      ],
      [
       1237196.3402592642,
       449586.55302514654,
       374
      ],
      [
       1237196.4423438013,
       449586.0435000905,
       374
      ],
      [
       1237196.4724092833,
       449585.41449445864,
       374
      ],
      [
       1237196.43045571,
       449584.66600825096,
       374
      ],
      [
       1237196.3479482613,
       449584.06411681976,
       374
      ],
      [
       1237196.2248869375,
       449583.608820165,
       374
      ],
      [
       1237196.0612717385,
       449583.3001182866,
       374
      ],
      [
       1237195.857102664,
       449583.13801118464,
       374
      ],
      [
       1237195.5769369747,
       449583.0569576337,
       374
      ],
      [
       1237195.2207746706,
       449583.0569576337,
       374
      ],
      [
       1237194.7886157513,
       449583.13801118464,
       374
      ],
      [
       1237194.2804602168,
       449583.3001182866,
       374
      ],
      [
       1237193.8392608978,
       449583.5674534452,
       374
      ],
      [
       1237193.4650177942,
       449583.9400166604,
       374
      ],
      [
       1237193.1577309056,
       449584.4178079323,
       374
      ],
      [
       1237192.917400232,
       449585.00082726084,
       374
      ],
      [
       1237192.7294434877,
       449585.479458477,
       374
      ],
      [
       1237192.5938606726,
       449585.85370158084,
       374
      ],
      [
       1237192.5106517863,
       449586.1235565723,
       374
      ]
     ]
    },
    "elevationFt": 374,
    "weight": "intermediate",
    "hidden": false
   }
  },
  {
   "type": "Feature",
   "geometry": {
    "type": "Polygon",
    "coordinates": [
     [
      [
       -77.26468809104982,
       38.90066089375577
      ],
      [
       -77.26468809104982,
       38.90066089375577
      ],
      [
       -77.26468809104982,
       38.90066089375577
      ],
      [
       -77.26491368352082,
       38.90047748380289
      ],
      [
       -77.26453345884102,
       38.900186296376255
      ],
      [
       -77.26450223691387,
       38.90016239124213
      ],
      [
       -77.26450223691387,
       38.90016239124213
      ],
      [
       -77.26428391745152,
       38.900336659862674
      ],
      [
       -77.26468809104982,
       38.90066089375577
      ]
     ]
    ]
   },
   "properties": {
    "id": "buildable-envelope",
    "kind": "ProposedFeature",
    "sourceId": "gis1",
    "reliabilityLevel": 1,
    "revision": 1,
    "engineeringGeometry": {
     "crs": "EPSG:2248",
     "crsName": "NAD83 / Maryland State Plane (US survey feet)",
     "datum": "NAD83",
     "unit": "usSurveyFoot",
     "coordinates": [
      [
       1237005.9801270652,
       449513.37771987787
      ],
      [
       1237005.9801270652,
       449513.37771987787
      ],
      [
       1237005.9801270652,
       449513.37771987787
      ],
      [
       1236941.585300161,
       449446.7665383102
      ],
      [
       1237049.4857760211,
       449340.4030782521
      ],
      [
       1237058.3460056374,
       449331.6711467886
      ],
      [
       1237058.3460056374,
       449331.6711467886
      ],
      [
       1237120.6613549988,
       449394.95935764164
      ],
      [
       1237005.9801270652,
       449513.37771987787
      ]
     ]
    },
    "label": "Buildable envelope",
    "setbacks": {
     "frontFt": null,
     "sideFt": null,
     "rearFt": null,
     "maxFt": 0,
     "source": "Sec. 27-4202"
    }
   }
  },
  {
   "type": "Feature",
   "geometry": {
    "type": "Polygon",
    "coordinates": [
     [
      [
       -77.26448196950379,
       38.90049553849013
      ],
      [
       -77.26459792283501,
       38.9005842359198
      ],
      [
       -77.26466179767561,
       38.90053324827401
      ],
      [
       -77.26454584434785,
       38.90044455090692
      ],
      [
       -77.26448196950379,
       38.90049553849013
      ]
     ]
    ]
   },
   "properties": {
    "id": "proposed-building",
    "kind": "Building",
    "sourceId": "gis1",
    "reliabilityLevel": 1,
    "revision": 1,
    "engineeringGeometry": {
     "crs": "EPSG:2248",
     "crsName": "NAD83 / Maryland State Plane (US survey feet)",
     "datum": "NAD83",
     "unit": "usSurveyFoot",
     "coordinates": [
      [
       1237064.4654376947,
       449452.9857608044
      ],
      [
       1237031.5600270925,
       449485.3847519774
      ],
      [
       1237013.3281366539,
       449466.8678840378
      ],
      [
       1237046.233547256,
       449434.46889286477
      ],
      [
       1237064.4654376947,
       449452.9857608044
      ]
     ]
    },
    "areaSqFt": 1200.0000000074506,
    "estimated": true,
    "address": "127 CENTER ST S, VIENNA, VA, 22180",
    "lotLabel": "127 CENTER ST S, VIENNA, VA, 22180",
    "garageSlabElevFt": null,
    "basementElevFt": null,
    "finishedFloorElevFt": null,
    "subFloorElevFt": null,
    "heightFt": 20,
    "storeys": 2
   }
  },
  {
   "type": "Feature",
   "geometry": {
    "type": "Polygon",
    "coordinates": [
     [
      [
       -77.26425639513688,
       38.90074267775757
      ],
      [
       -77.26428652686324,
       38.90076572680879
      ],
      [
       -77.26455501199709,
       38.900551411709976
      ],
      [
       -77.2645248802745,
       38.900528362727115
      ],
      [
       -77.26425639513688,
       38.90074267775757
      ]
     ]
    ]
   },
   "properties": {
    "id": "driveway",
    "kind": "Pavement",
    "sourceId": "gis1",
    "reliabilityLevel": 1,
    "revision": 1,
    "engineeringGeometry": {
     "crs": "EPSG:2248",
     "crsName": "NAD83 / Maryland State Plane (US survey feet)",
     "datum": "NAD83",
     "unit": "usSurveyFoot",
     "coordinates": [
      [
       1237128.9219683378,
       449542.8073076105
      ],
      [
       1237120.3711428153,
       449551.2265345873
      ],
      [
       1237043.7373196322,
       449473.3948698794
      ],
      [
       1237052.2881451547,
       449464.9756429026
      ],
      [
       1237128.9219683378,
       449542.8073076105
      ]
     ]
    },
    "label": "PROPOSED DRIVEWAY  12' WIDE",
    "areaSqFt": 1310.722536539659,
    "note": "Longitudinal pitch 1% min to 12.5% max, lateral 1/8\" in 12\" to 1/2\" in 12\" away from the building. PGC Code Sec. 32-151, Table 4 — Site Slope Limitations.",
    "improvement": "Driveway",
    "impervious": true
   }
  },
  {
   "type": "Feature",
   "geometry": {
    "type": "Polygon",
    "coordinates": [
     [
      [
       -77.26454368613163,
       38.900540826911985
      ],
      [
       -77.26453139591685,
       38.90055063747214
      ],
      [
       -77.26455600349824,
       38.900569460807304
      ],
      [
       -77.26456829371288,
       38.9005596502446
      ],
      [
       -77.26454368613163,
       38.900540826911985
      ]
     ]
    ]
   },
   "properties": {
    "id": "walk",
    "kind": "Pavement",
    "sourceId": "gis1",
    "reliabilityLevel": 1,
    "revision": 1,
    "engineeringGeometry": {
     "crs": "EPSG:2248",
     "crsName": "NAD83 / Maryland State Plane (US survey feet)",
     "datum": "NAD83",
     "unit": "usSurveyFoot",
     "coordinates": [
      [
       1237046.9493624757,
       449469.5305742423
      ],
      [
       1237050.4573737162,
       449473.09341821
      ],
      [
       1237043.4741995395,
       449479.969120241
      ],
      [
       1237039.966188299,
       449476.4062762733
      ],
      [
       1237046.9493624757,
       449469.5305742423
      ]
     ]
    },
    "label": "CONCRETE WALK  5' WIDE",
    "areaSqFt": 49.00000000093132,
    "note": "Leadwalk from the edge of the driveway to the stoop, 10 ft. Lateral pitch 48:1 max, longitudinal 12:1 max. PGC Code Sec. 32-151, Table 4 — Site Slope Limitations.",
    "improvement": "Walk",
    "impervious": true
   }
  },
  {
   "type": "Feature",
   "geometry": {
    "type": "Polygon",
    "coordinates": [
     [
      [
       -77.26452007005503,
       38.900540052671886
      ],
      [
       -77.26454015787019,
       38.90055541866214
      ],
      [
       -77.26454999004197,
       38.900547570213384
      ],
      [
       -77.26452990222691,
       38.900532204224795
      ],
      [
       -77.26452007005503,
       38.900540052671886
      ]
     ]
    ]
   },
   "properties": {
    "id": "stoop",
    "kind": "Pavement",
    "sourceId": "gis1",
    "reliabilityLevel": 1,
    "revision": 1,
    "engineeringGeometry": {
     "crs": "EPSG:2248",
     "crsName": "NAD83 / Maryland State Plane (US survey feet)",
     "datum": "NAD83",
     "unit": "usSurveyFoot",
     "coordinates": [
      [
       1237053.6694165599,
       449469.22912257287
      ],
      [
       1237047.9688662118,
       449474.8419405574
      ],
      [
       1237045.1624572196,
       449471.9916653833
      ],
      [
       1237050.8630075676,
       449466.37884739874
      ],
      [
       1237053.6694165599,
       449469.22912257287
      ]
     ]
    },
    "label": "CONCRETE STOOP  8' x 4'",
    "areaSqFt": 32.00000000093132,
    "note": "Front concrete stoop at the entrance, met by the leadwalk. Riser count and handrail per the architectural plans and the building code.",
    "improvement": "Stoop",
    "impervious": true
   }
  },
  {
   "type": "Feature",
   "geometry": {
    "type": "Polygon",
    "coordinates": [
     [
      [
       -77.26401070872761,
       38.90055474082487
      ],
      [
       -77.2644269888447,
       38.900873171908934
      ],
      [
       -77.26443436301594,
       38.90086728557991
      ],
      [
       -77.26401808290028,
       38.9005488545218
      ],
      [
       -77.26401070872761,
       38.90055474082487
      ]
     ]
    ]
   },
   "properties": {
    "id": "sidewalk",
    "kind": "Pavement",
    "sourceId": "gis1",
    "reliabilityLevel": 1,
    "revision": 1,
    "engineeringGeometry": {
     "crs": "EPSG:2248",
     "crsName": "NAD83 / Maryland State Plane (US survey feet)",
     "datum": "NAD83",
     "unit": "usSurveyFoot",
     "coordinates": [
      [
       1237198.6434242832,
       449474.15887580527
      ],
      [
       1237080.5107085325,
       449590.47351053596
      ],
      [
       1237078.4059017883,
       449588.3358041554
      ],
      [
       1237196.538617539,
       449472.0211694247
      ],
      [
       1237198.6434242832,
       449474.15887580527
      ]
     ]
    },
    "label": "CONCRETE SIDEWALK  3' WIDE",
    "areaSqFt": 497.35288789868355,
    "note": "Public sidewalk across the frontage, inside the front property line. Whether it is to be built, reconstructed or waived is a DPW&T determination at street construction permit.",
    "improvement": "Sidewalk",
    "impervious": true
   }
  },
  {
   "type": "Feature",
   "geometry": {
    "type": "Polygon",
    "coordinates": [
     [
      [
       -77.2640008764955,
       38.900562589228215
      ],
      [
       -77.2644171566145,
       38.90088102034685
      ],
      [
       -77.2644269888447,
       38.900873171908934
      ],
      [
       -77.26401070872761,
       38.90055474082487
      ],
      [
       -77.2640008764955,
       38.900562589228215
      ]
     ]
    ]
   },
   "properties": {
    "id": "verge",
    "kind": "Surface",
    "sourceId": "gis1",
    "reliabilityLevel": 1,
    "revision": 1,
    "engineeringGeometry": {
     "crs": "EPSG:2248",
     "crsName": "NAD83 / Maryland State Plane (US survey feet)",
     "datum": "NAD83",
     "unit": "usSurveyFoot",
     "coordinates": [
      [
       1237201.4498332755,
       449477.0091509794
      ],
      [
       1237083.3171175248,
       449593.3237857101
      ],
      [
       1237080.5107085325,
       449590.47351053596
      ],
      [
       1237198.6434242832,
       449474.15887580527
      ],
      [
       1237201.4498332755,
       449477.0091509794
      ]
     ]
    },
    "label": "PLANTING STRIP  4' WIDE  (STREET TREES)",
    "areaSqFt": 663.1371837556362,
    "note": "Landscaped strip between the sidewalk and the curb, in the strip dedicated to public use. Street tree species, spacing and clear distances are set by the Landscape Manual and by DPW&T; this shows the STRIP, not a planting schedule.",
    "improvement": "Verge",
    "impervious": false
   }
  },
  {
   "type": "Feature",
   "geometry": {
    "type": "Polygon",
    "coordinates": [
     [
      [
       -77.2639971894079,
       38.900565532379275
      ],
      [
       -77.26441346952761,
       38.90088396351088
      ],
      [
       -77.2644171566145,
       38.90088102034685
      ],
      [
       -77.2640008764955,
       38.900562589228215
      ],
      [
       -77.2639971894079,
       38.900565532379275
      ]
     ]
    ]
   },
   "properties": {
    "id": "curb",
    "kind": "Pavement",
    "sourceId": "gis1",
    "reliabilityLevel": 1,
    "revision": 1,
    "engineeringGeometry": {
     "crs": "EPSG:2248",
     "crsName": "NAD83 / Maryland State Plane (US survey feet)",
     "datum": "NAD83",
     "unit": "usSurveyFoot",
     "coordinates": [
      [
       1237202.5022366475,
       449478.0780041697
      ],
      [
       1237084.3695208968,
       449594.3926389004
      ],
      [
       1237083.3171175248,
       449593.3237857101
      ],
      [
       1237201.4498332755,
       449477.0091509794
      ],
      [
       1237202.5022366475,
       449478.0780041697
      ]
     ]
    },
    "label": "CURB AND GUTTER",
    "areaSqFt": 248.67644396424294,
    "note": "Curb and gutter at the street face of the planting strip, 4 ft outside the front property line, where the frontage meets the travelled way. Depressed through every driveway apron per DPW&T STD. 300.01 note 6.",
    "improvement": "Sidewalk",
    "impervious": true
   }
  },
  {
   "type": "Feature",
   "geometry": {
    "type": "Polygon",
    "coordinates": [
     [
      [
       -77.26428054047996,
       38.90078228065714
      ],
      [
       -77.26423534289012,
       38.900747707075126
      ],
      [
       -77.2642637693087,
       38.900736791439186
      ],
      [
       -77.26429390103497,
       38.90075984048854
      ],
      [
       -77.26428054047996,
       38.90078228065714
      ]
     ]
    ]
   },
   "properties": {
    "id": "apron",
    "kind": "Pavement",
    "sourceId": "gis1",
    "reliabilityLevel": 1,
    "revision": 1,
    "engineeringGeometry": {
     "crs": "EPSG:2248",
     "crsName": "NAD83 / Maryland State Plane (US survey feet)",
     "datum": "NAD83",
     "unit": "usSurveyFoot",
     "coordinates": [
      [
       1237122.0922487993,
       449557.2504696959
      ],
      [
       1237134.9184870827,
       449544.6216292308
      ],
      [
       1237126.8171615936,
       449540.66960123
      ],
      [
       1237118.2663360713,
       449549.0888282067
      ],
      [
       1237122.0922487993,
       449557.2504696959
      ]
     ]
    },
    "label": "PROPOSED 18' DRIVEWAY APRON  PER TOWN OF VIENNA STANDARD",
    "areaSqFt": 127.49999999813735,
    "note": "Driveway apron at the front property line, at street level, between the curb and the driveway. The town of vienna standard govern the depression, jointing and curb cut.",
    "improvement": "Apron",
    "impervious": true
   }
  },
  {
   "type": "Feature",
   "geometry": {
    "type": "Polygon",
    "coordinates": [
     [
      [
       -77.26466179767561,
       38.90053324827401
      ],
      [
       -77.26454584434785,
       38.90044455090692
      ],
      [
       -77.26401808290028,
       38.9005488545218
      ],
      [
       -77.26401070872761,
       38.90055474082487
      ],
      [
       -77.2640008764955,
       38.900562589228215
      ],
      [
       -77.2639971894079,
       38.900565532379275
      ],
      [
       -77.26428054047996,
       38.90078228065714
      ],
      [
       -77.26441346952761,
       38.90088396351088
      ],
      [
       -77.26443436301594,
       38.90086728557991
      ],
      [
       -77.26466179767561,
       38.90053324827401
      ]
     ]
    ]
   },
   "properties": {
    "id": "lod",
    "kind": "LimitOfDisturbance",
    "sourceId": "gis1",
    "reliabilityLevel": 1,
    "revision": 1,
    "engineeringGeometry": {
     "crs": "EPSG:2248",
     "crsName": "NAD83 / Maryland State Plane (US survey feet)",
     "datum": "NAD83",
     "unit": "usSurveyFoot",
     "coordinates": [
      [
       1237013.3281366539,
       449466.8678840378
      ],
      [
       1237046.233547256,
       449434.46889286477
      ],
      [
       1237196.538617539,
       449472.0211694247
      ],
      [
       1237198.6434242832,
       449474.15887580527
      ],
      [
       1237201.4498332755,
       449477.0091509794
      ],
      [
       1237202.5022366475,
       449478.0780041697
      ],
      [
       1237122.0922487993,
       449557.2504696959
      ],
      [
       1237084.3695208968,
       449594.3926389004
      ],
      [
       1237078.4059017883,
       449588.3358041554
      ],
      [
       1237013.3281366539,
       449466.8678840378
      ]
     ]
    },
    "note": "Limits of disturbance — proposed work plus a 10 ft working margin, clipped to the property line."
   }
  },
  {
   "type": "Feature",
   "geometry": {
    "type": "Polygon",
    "coordinates": [
     [
      [
       -77.26402827778837,
       38.900554781441855
      ],
      [
       -77.26450627245327,
       38.90017575293345
      ],
      [
       -77.26454143177173,
       38.90020357940086
      ],
      [
       -77.26489816374448,
       38.90048274870378
      ],
      [
       -77.26502142889602,
       38.90057270807826
      ],
      [
       -77.26514066183749,
       38.90066090651199
      ],
      [
       -77.26491205085591,
       38.90083869338178
      ],
      [
       -77.26468024256354,
       38.90064861098606
      ],
      [
       -77.26443457368157,
       38.90086078840479
      ],
      [
       -77.26402827778837,
       38.900554781441855
      ]
     ]
    ]
   },
   "properties": {
    "id": "grade-49",
    "kind": "ProposedFeature",
    "sourceId": "design",
    "reliabilityLevel": 1,
    "revision": 1,
    "engineeringGeometry": {
     "crs": "EPSG:2248",
     "crsName": "NAD83 / Maryland State Plane (US survey feet)",
     "datum": "NAD83",
     "unit": "usSurveyFoot",
     "coordinates": [
      [
       1237193.6435098592,
       449474.1881290416
      ],
      [
       1237057.2116301896,
       449336.54076611076
      ],
      [
       1237047.2349983158,
       449346.7040840716
      ],
      [
       1236946.0076227689,
       449448.6711841604
      ],
      [
       1236911.0228269093,
       449481.53596311144
      ],
      [
       1236877.1837768515,
       449513.7561269034
      ],
      [
       1236942.4316920731,
       449578.31674638175
      ],
      [
       1237008.2007446766,
       449508.8978920437
      ],
      [
       1237078.339094656,
       449585.9697239989
      ],
      [
       1237193.6435098592,
       449474.1881290416
      ]
     ]
    },
    "type": "Graded area",
    "proposed": true,
    "contourIntervalFt": 2,
    "note": "Positive drainage away from structure at 2% minimum for the first 10 ft."
   }
  },
  {
   "type": "Feature",
   "geometry": {
    "type": "Point",
    "coordinates": [
     -77.26462116197584,
     38.90055615055077
    ]
   },
   "properties": {
    "id": "ffe-50",
    "kind": "SpotElevation",
    "sourceId": "design",
    "reliabilityLevel": 1,
    "revision": 1,
    "engineeringGeometry": {
     "crs": "EPSG:2248",
     "crsName": "NAD83 / Maryland State Plane (US survey feet)",
     "datum": "NAD83",
     "unit": "usSurveyFoot",
     "coordinates": [
      [
       1237024.9167815675,
       449475.175306508
      ]
     ]
    },
    "label": "FFE",
    "note": "Finished floor elevation to be set above the adjacent grade per code."
   }
  },
  {
   "type": "Feature",
   "geometry": {
    "type": "LineString",
    "coordinates": [
     [
      -77.26416191243719,
      38.900762795146676
     ],
     [
      -77.26448950242568,
      38.90050130073939
     ]
    ]
   },
   "properties": {
    "id": "util-51",
    "kind": "Utility",
    "sourceId": "design",
    "reliabilityLevel": 1,
    "revision": 1,
    "engineeringGeometry": {
     "crs": "EPSG:2248",
     "crsName": "NAD83 / Maryland State Plane (US survey feet)",
     "datum": "NAD83",
     "unit": "usSurveyFoot",
     "coordinates": [
      [
       1237155.83181299,
       449550.0561849681
      ],
      [
       1237062.327731314,
       449455.0905675486
      ]
     ]
    },
    "type": "Water service (WHC)",
    "size": "1\" COPPER FROM EX. 8\" MAIN",
    "sizeAtHouse": "1\" COPPER",
    "from": "frontage",
    "note": "Record information. Field verification required before excavation — call Miss Utility."
   }
  },
  {
   "type": "Feature",
   "geometry": {
    "type": "LineString",
    "coordinates": [
     [
      -77.26418702218945,
      38.90078200271016
     ],
     [
      -77.2645146121741,
      38.900520508233356
     ]
    ]
   },
   "properties": {
    "id": "util-52",
    "kind": "Utility",
    "sourceId": "design",
    "reliabilityLevel": 1,
    "revision": 1,
    "engineeringGeometry": {
     "crs": "EPSG:2248",
     "crsName": "NAD83 / Maryland State Plane (US survey feet)",
     "datum": "NAD83",
     "unit": "usSurveyFoot",
     "coordinates": [
      [
       1237148.7061250545,
       449557.0722074487
      ],
      [
       1237055.2020433787,
       449462.10659002914
      ]
     ]
    },
    "type": "Sanitary lateral (SHC)",
    "size": "4\" PVC TO EX. 8\" MAIN",
    "sizeAtHouse": "4\" PVC",
    "from": "frontage",
    "note": "Record information. Field verification required before excavation — call Miss Utility."
   }
  },
  {
   "type": "Feature",
   "geometry": {
    "type": "Polygon",
    "coordinates": [
     [
      [
       -77.26457004109064,
       38.900218726489726
      ],
      [
       -77.26448771021302,
       38.90021891291468
      ],
      [
       -77.26448794874892,
       38.90028324769475
      ],
      [
       -77.26457027970079,
       38.90028306126962
      ],
      [
       -77.26457004109064,
       38.900218726489726
      ]
     ]
    ]
   },
   "properties": {
    "id": "swm-53",
    "kind": "SWMPractice",
    "sourceId": "design",
    "reliabilityLevel": 1,
    "revision": 1,
    "engineeringGeometry": {
     "crs": "EPSG:2248",
     "crsName": "NAD83 / Maryland State Plane (US survey feet)",
     "datum": "NAD83",
     "unit": "usSurveyFoot",
     "coordinates": [
      [
       1237039.109055708,
       449352.24420821154
      ],
      [
       1237062.5398047355,
       449352.24420821154
      ],
      [
       1237062.5398047355,
       449375.6749572393
      ],
      [
       1237039.109055708,
       449375.6749572393
      ],
      [
       1237039.109055708,
       449352.24420821154
      ]
     ]
    },
    "practice": "Environmental Site Design — micro-bioretention",
    "requiredVolumeCf": 439,
    "footprintSqFt": 549,
    "pondingDepthFt": 2
   }
  },
  {
   "type": "Feature",
   "geometry": {
    "type": "Polygon",
    "coordinates": [
     [
      [
       -77.26401070872761,
       38.90055474082487
      ],
      [
       -77.26450223691387,
       38.90016239124213
      ],
      [
       -77.26453837453963,
       38.90019006008899
      ],
      [
       -77.26491480219619,
       38.900478339705856
      ],
      [
       -77.26503897347406,
       38.900573433799494
      ],
      [
       -77.26515767371198,
       38.90066433687334
      ],
      [
       -77.26492306374925,
       38.90084939023979
      ],
      [
       -77.26468809104982,
       38.90066089375577
      ],
      [
       -77.2644269888447,
       38.900873171908934
      ],
      [
       -77.26401070872761,
       38.90055474082487
      ]
     ]
    ]
   },
   "properties": {
    "id": "da-54",
    "kind": "DrainageArea",
    "sourceId": "design",
    "reliabilityLevel": 1,
    "revision": 1,
    "engineeringGeometry": {
     "crs": "EPSG:2248",
     "crsName": "NAD83 / Maryland State Plane (US survey feet)",
     "datum": "NAD83",
     "unit": "usSurveyFoot",
     "coordinates": [
      [
       1237198.6434242832,
       449474.15887580527
      ],
      [
       1237058.3460056374,
       449331.6711467886
      ],
      [
       1237048.0907884135,
       449341.7778661198
      ],
      [
       1236941.2678419813,
       449447.0791797365
      ],
      [
       1236906.0306059872,
       449481.8147645901
      ],
      [
       1236872.3460247929,
       449515.01951719087
      ],
      [
       1236939.308864697,
       449582.22160863027
      ],
      [
       1237005.9801270652,
       449513.37771987787
      ],
      [
       1237080.5107085325,
       449590.47351053596
      ],
      [
       1237198.6434242832,
       449474.15887580527
      ]
     ]
    },
    "areaAcres": 0.9644,
    "percentImpervious": 8.4,
    "compositeC": 0.309
   }
  },
  {
   "type": "Feature",
   "geometry": {
    "type": "Polygon",
    "coordinates": [
     [
      [
       -77.26466163468051,
       38.90048931641225
      ],
      [
       -77.26455622039394,
       38.90048955517716
      ],
      [
       -77.26455638332415,
       38.90053348703907
      ],
      [
       -77.26466179767561,
       38.90053324827401
      ],
      [
       -77.26466163468051,
       38.90048931641225
      ]
     ]
    ]
   },
   "properties": {
    "id": "sce-56",
    "kind": "ProposedFeature",
    "sourceId": "design",
    "reliabilityLevel": 1,
    "revision": 1,
    "engineeringGeometry": {
     "crs": "EPSG:2248",
     "crsName": "NAD83 / Maryland State Plane (US survey feet)",
     "datum": "NAD83",
     "unit": "usSurveyFoot",
     "coordinates": [
      [
       1237013.3281366539,
       449450.8678840378
      ],
      [
       1237043.3281366539,
       449450.8678840378
      ],
      [
       1237043.3281366539,
       449466.8678840378
      ],
      [
       1237013.3281366539,
       449466.8678840378
      ],
      [
       1237013.3281366539,
       449450.8678840378
      ]
     ]
    },
    "type": "Stabilized construction entrance",
    "note": "Mountable berm, washrack where required."
   }
  },
  {
   "type": "Feature",
   "geometry": {
    "type": "Polygon",
    "coordinates": [
     [
      [
       -77.26409919241814,
       38.90061446925154
      ],
      [
       -77.26406405426042,
       38.90061454868125
      ],
      [
       -77.26406415590252,
       38.900642006094785
      ],
      [
       -77.26409929407376,
       38.90064192666507
      ],
      [
       -77.26409919241814,
       38.90061446925154
      ]
     ]
    ]
   },
   "properties": {
    "id": "street-tree-58",
    "kind": "Tree",
    "sourceId": "design",
    "reliabilityLevel": 1,
    "revision": 1,
    "engineeringGeometry": {
     "crs": "EPSG:2248",
     "crsName": "NAD83 / Maryland State Plane (US survey feet)",
     "datum": "NAD83",
     "unit": "usSurveyFoot",
     "coordinates": [
      [
       1237173.5248923735,
       449495.98464671907
      ],
      [
       1237183.5248923735,
       449495.98464671907
      ],
      [
       1237183.5248923735,
       449505.98464671907
      ],
      [
       1237173.5248923735,
       449505.98464671907
      ],
      [
       1237173.5248923735,
       449495.98464671907
      ]
     ]
    }
   }
  },
  {
   "type": "Feature",
   "geometry": {
    "type": "Polygon",
    "coordinates": [
     [
      [
       -77.26418244829294,
       38.90067815552474
      ],
      [
       -77.26414731010394,
       38.90067823497948
      ],
      [
       -77.26414741177817,
       38.90070569239264
      ],
      [
       -77.26418254998069,
       38.90070561293787
      ],
      [
       -77.26418244829294,
       38.90067815552474
      ]
     ]
    ]
   },
   "properties": {
    "id": "street-tree-59",
    "kind": "Tree",
    "sourceId": "design",
    "reliabilityLevel": 1,
    "revision": 1,
    "engineeringGeometry": {
     "crs": "EPSG:2248",
     "crsName": "NAD83 / Maryland State Plane (US survey feet)",
     "datum": "NAD83",
     "unit": "usSurveyFoot",
     "coordinates": [
      [
       1237149.8983492234,
       449519.24757366517
      ],
      [
       1237159.8983492234,
       449519.24757366517
      ],
      [
       1237159.8983492234,
       449529.24757366517
      ],
      [
       1237149.8983492234,
       449529.24757366517
      ],
      [
       1237149.8983492234,
       449519.24757366517
      ]
     ]
    }
   }
  },
  {
   "type": "Feature",
   "geometry": {
    "type": "Polygon",
    "coordinates": [
     [
      [
       -77.26426570431641,
       38.900741841737876
      ],
      [
       -77.26423056609613,
       38.90074192121766
      ],
      [
       -77.26423066780251,
       38.900769378630436
      ],
      [
       -77.26426580603629,
       38.900769299150625
      ],
      [
       -77.26426570431641,
       38.900741841737876
      ]
     ]
    ]
   },
   "properties": {
    "id": "street-tree-60",
    "kind": "Tree",
    "sourceId": "design",
    "reliabilityLevel": 1,
    "revision": 1,
    "engineeringGeometry": {
     "crs": "EPSG:2248",
     "crsName": "NAD83 / Maryland State Plane (US survey feet)",
     "datum": "NAD83",
     "unit": "usSurveyFoot",
     "coordinates": [
      [
       1237126.2718060731,
       449542.51050061133
      ],
      [
       1237136.2718060731,
       449542.51050061133
      ],
      [
       1237136.2718060731,
       449552.51050061133
      ],
      [
       1237126.2718060731,
       449552.51050061133
      ],
      [
       1237126.2718060731,
       449542.51050061133
      ]
     ]
    }
   }
  },
  {
   "type": "Feature",
   "geometry": {
    "type": "Polygon",
    "coordinates": [
     [
      [
       -77.26434896048855,
       38.900805527890945
      ],
      [
       -77.26431382223699,
       38.900805607395775
      ],
      [
       -77.26431392397548,
       38.900833064808154
      ],
      [
       -77.26434906224056,
       38.900832985303296
      ],
      [
       -77.26434896048855,
       38.900805527890945
      ]
     ]
    ]
   },
   "properties": {
    "id": "street-tree-61",
    "kind": "Tree",
    "sourceId": "design",
    "reliabilityLevel": 1,
    "revision": 1,
    "engineeringGeometry": {
     "crs": "EPSG:2248",
     "crsName": "NAD83 / Maryland State Plane (US survey feet)",
     "datum": "NAD83",
     "unit": "usSurveyFoot",
     "coordinates": [
      [
       1237102.645262923,
       449565.77342755743
      ],
      [
       1237112.645262923,
       449565.77342755743
      ],
      [
       1237112.645262923,
       449575.77342755743
      ],
      [
       1237102.645262923,
       449575.77342755743
      ],
      [
       1237102.645262923,
       449565.77342755743
      ]
     ]
    }
   }
  },
  {
   "type": "Feature",
   "geometry": {
    "type": "Polygon",
    "coordinates": [
     [
      [
       -77.26440625963957,
       38.90049448209677
      ],
      [
       -77.26436409392164,
       38.900494577521975
      ],
      [
       -77.26436421603053,
       38.900527526418614
      ],
      [
       -77.26440638176794,
       38.900527430993364
      ],
      [
       -77.26440625963957,
       38.90049448209677
      ]
     ]
    ]
   },
   "properties": {
    "id": "tree-62",
    "kind": "Tree",
    "sourceId": "design",
    "reliabilityLevel": 1,
    "revision": 1,
    "engineeringGeometry": {
     "crs": "EPSG:2248",
     "crsName": "NAD83 / Maryland State Plane (US survey feet)",
     "datum": "NAD83",
     "unit": "usSurveyFoot",
     "coordinates": [
      [
       1237086.0105172782,
       449452.5386100978
      ],
      [
       1237098.0105172782,
       449452.5386100978
      ],
      [
       1237098.0105172782,
       449464.5386100978
      ],
      [
       1237086.0105172782,
       449464.5386100978
      ],
      [
       1237086.0105172782,
       449452.5386100978
      ]
     ]
    }
   }
  },
  {
   "type": "Feature",
   "geometry": {
    "type": "Polygon",
    "coordinates": [
     [
      [
       -77.26449101427562,
       38.90060842952546
      ],
      [
       -77.26444884849043,
       38.900608524981244
      ],
      [
       -77.26444897063867,
       38.90064147387714
      ],
      [
       -77.26449113644333,
       38.9006413784213
      ],
      [
       -77.26449101427562,
       38.90060842952546
      ]
     ]
    ]
   },
   "properties": {
    "id": "tree-63",
    "kind": "Tree",
    "sourceId": "design",
    "reliabilityLevel": 1,
    "revision": 1,
    "engineeringGeometry": {
     "crs": "EPSG:2248",
     "crsName": "NAD83 / Maryland State Plane (US survey feet)",
     "datum": "NAD83",
     "unit": "usSurveyFoot",
     "coordinates": [
      [
       1237062.0105172782,
       449494.10782947944
      ],
      [
       1237074.0105172782,
       449494.10782947944
      ],
      [
       1237074.0105172782,
       449506.10782947944
      ],
      [
       1237062.0105172782,
       449506.10782947944
      ],
      [
       1237062.0105172782,
       449494.10782947944
      ]
     ]
    }
   }
  },
  {
   "type": "Feature",
   "geometry": {
    "type": "Polygon",
    "coordinates": [
     [
      [
       -77.26457541133595,
       38.90062589582824
      ],
      [
       -77.26453324554058,
       38.900625991314506
      ],
      [
       -77.26453336772782,
       38.90065894021019
      ],
      [
       -77.2645755335427,
       38.90065884472389
      ],
      [
       -77.26457541133595,
       38.90062589582824
      ]
     ]
    ]
   },
   "properties": {
    "id": "tree-64",
    "kind": "Tree",
    "sourceId": "design",
    "reliabilityLevel": 1,
    "revision": 1,
    "engineeringGeometry": {
     "crs": "EPSG:2248",
     "crsName": "NAD83 / Maryland State Plane (US survey feet)",
     "datum": "NAD83",
     "unit": "usSurveyFoot",
     "coordinates": [
      [
       1237038.0105172782,
       449500.5386100978
      ],
      [
       1237050.0105172782,
       449500.5386100978
      ],
      [
       1237050.0105172782,
       449512.5386100978
      ],
      [
       1237038.0105172782,
       449512.5386100978
      ],
      [
       1237038.0105172782,
       449500.5386100978
      ]
     ]
    }
   }
  }
 ],
 "kealee": {
  "siteId": "127 CENTER ST S, VIENNA, VA, 22180",
  "modelRevision": 8,
  "geoJsonCrs": "EPSG:4326 (RFC 7946, longitude first)",
  "sourceCrs": "EPSG:2248",
  "sourceCrsName": "NAD83 / Maryland State Plane (US survey feet)",
  "horizontalDatum": "NAD83",
  "verticalDatum": "NAVD88 (feet)",
  "transformer": "registry (proj4 + arcgis-geometry-service (https://sampleserver6.arcgisonline.com/arcgis/rest/services/Utilities/Geometry/GeometryServer))",
  "note": "Geometry is WGS84 per RFC 7946. Original engineering coordinates are preserved per feature under properties.engineeringGeometry."
 }
}