0
SECTION
2
HEADER
9
$ACADVER
1
AC1021
9
$LASTSAVEDBY
1
@tarikjabiri/dxf
9
$HANDSEED
5
5D
9
$INSUNITS
70
0
9
$CLAYER
8
0
9
$VIEWCTR
10
1236995.65178745
20
449401.22320723266
0
ENDSEC
0
SECTION
2
CLASSES
0
ENDSEC
0
SECTION
2
TABLES
0
TABLE
2
VPORT
5
1
330
0
100
AcDbSymbolTable
70
1
0
VPORT
5
19
330
1
100
AcDbSymbolTableRecord
100
AcDbViewportTableRecord
2
*Active
70
0
10
0
20
0
11
1
21
1
12
1236995.65178745
22
449401.22320723266
13
0
23
0
14
10
24
10
15
10
25
10
16
0
26
0
36
1
17
0
27
0
37
0
40
419.1041208882234
41
2
42
50
43
0
44
0
50
0
51
0
71
0
72
100
73
1
74
3
75
0
76
1
77
0
78
0
281
0
65
1
110
0
120
0
130
0
111
1
121
0
131
0
112
0
122
1
132
0
79
0
146
0
348
10020
60
7
61
5
292
1
282
1
141
0
142
0
63
250
421
3358443
0
ENDTAB
0
TABLE
2
LTYPE
5
2
330
0
100
AcDbSymbolTable
70
7
0
LTYPE
5
12
330
2
100
AcDbSymbolTableRecord
100
AcDbLinetypeTableRecord
2
ByBlock
70
0
3

72
65
73
0
40
0
0
LTYPE
5
13
330
2
100
AcDbSymbolTableRecord
100
AcDbLinetypeTableRecord
2
ByLayer
70
0
3

72
65
73
0
40
0
0
LTYPE
5
14
330
2
100
AcDbSymbolTableRecord
100
AcDbLinetypeTableRecord
2
Continuous
70
0
3
Solid line
72
65
73
0
40
0
0
LTYPE
5
1A
330
2
100
AcDbSymbolTableRecord
100
AcDbLinetypeTableRecord
2
DASHED
70
0
3
Dashed __ __ __ __ __ __
72
65
73
2
40
6
49
4
74
0
49
-2
74
0
0
LTYPE
5
1B
330
2
100
AcDbSymbolTableRecord
100
AcDbLinetypeTableRecord
2
HIDDEN
70
0
3
Hidden __ __ __ __ __
72
65
73
2
40
3
49
2
74
0
49
-1
74
0
0
LTYPE
5
1C
330
2
100
AcDbSymbolTableRecord
100
AcDbLinetypeTableRecord
2
PHANTOM
70
0
3
Phantom ____ _ _ ____ _ _
72
65
73
6
40
13
49
8
74
0
49
-1
74
0
49
1
74
0
49
-1
74
0
49
1
74
0
49
-1
74
0
0
LTYPE
5
1D
330
2
100
AcDbSymbolTableRecord
100
AcDbLinetypeTableRecord
2
DASHDOT
70
0
3
Dash dot __ . __ . __ .
72
65
73
4
40
8
49
4
74
0
49
-2
74
0
49
0
74
0
49
-2
74
0
0
ENDTAB
0
TABLE
2
LAYER
5
3
330
0
100
AcDbSymbolTable
70
14
0
LAYER
5
15
330
3
100
AcDbSymbolTableRecord
100
AcDbLayerTableRecord
2
0
70
0
62
7
6
Continuous
370
0
390
0
0
LAYER
5
1E
330
3
100
AcDbSymbolTableRecord
100
AcDbLayerTableRecord
2
C-BLDG-FTPR-N
70
0
62
6
6
Continuous
370
0
390
0
0
LAYER
5
1F
330
3
100
AcDbSymbolTableRecord
100
AcDbLayerTableRecord
2
C-LODS
70
0
62
30
6
PHANTOM
370
0
390
0
0
LAYER
5
20
330
3
100
AcDbSymbolTableRecord
100
AcDbLayerTableRecord
2
C-PVMT
70
0
62
8
6
Continuous
370
0
390
0
0
LAYER
5
21
330
3
100
AcDbSymbolTableRecord
100
AcDbLayerTableRecord
2
C-SITE-N
70
0
62
6
6
Continuous
370
0
390
0
0
LAYER
5
22
330
3
100
AcDbSymbolTableRecord
100
AcDbLayerTableRecord
2
C-STRM-AREA
70
0
62
150
6
PHANTOM
370
0
390
0
0
LAYER
5
23
330
3
100
AcDbSymbolTableRecord
100
AcDbLayerTableRecord
2
C-SWMG
70
0
62
92
6
Continuous
370
0
390
0
0
LAYER
5
24
330
3
100
AcDbSymbolTableRecord
100
AcDbLayerTableRecord
2
C-TOPO-MAJR-E
70
0
62
32
6
DASHED
370
0
390
0
0
LAYER
5
25
330
3
100
AcDbSymbolTableRecord
100
AcDbLayerTableRecord
2
C-TOPO-SPOT
70
0
62
7
6
Continuous
370
0
390
0
0
LAYER
5
26
330
3
100
AcDbSymbolTableRecord
100
AcDbLayerTableRecord
2
C-TOPO-SURF
70
0
62
253
6
Continuous
370
0
390
0
0
LAYER
5
27
330
3
100
AcDbSymbolTableRecord
100
AcDbLayerTableRecord
2
C-UTIL
70
0
62
4
6
DASHED
370
0
390
0
0
LAYER
5
28
330
3
100
AcDbSymbolTableRecord
100
AcDbLayerTableRecord
2
L-PLNT-TREE
70
0
62
90
6
Continuous
370
0
390
0
0
LAYER
5
29
330
3
100
AcDbSymbolTableRecord
100
AcDbLayerTableRecord
2
V-PROP-BNDY
70
0
62
7
6
Continuous
370
0
390
0
0
LAYER
5
2A
330
3
100
AcDbSymbolTableRecord
100
AcDbLayerTableRecord
2
C-ANNO-NPLT
70
0
62
250
6
Continuous
370
0
390
0
0
ENDTAB
0
TABLE
2
STYLE
5
4
330
0
100
AcDbSymbolTable
70
1
0
STYLE
5
16
330
4
100
AcDbSymbolTableRecord
100
AcDbTextStyleTableRecord
2
Standard
70
0
40
0
41
1
50
0
71
0
42
1
3
txt
4

0
ENDTAB
0
TABLE
2
VIEW
5
5
330
0
100
AcDbSymbolTable
70
0
0
ENDTAB
0
TABLE
2
UCS
5
6
330
0
100
AcDbSymbolTable
70
0
0
ENDTAB
0
TABLE
2
APPID
5
7
330
0
100
AcDbSymbolTable
70
1
0
APPID
5
17
330
7
100
AcDbSymbolTableRecord
100
AcDbRegAppTableRecord
2
ACAD
70
0
0
ENDTAB
0
TABLE
2
DIMSTYLE
5
8
330
0
100
AcDbSymbolTable
70
1
100
AcDbDimStyleTable
0
DIMSTYLE
105
18
330
8
100
AcDbSymbolTableRecord
100
AcDbDimStyleTableRecord
2
Standard
70
0
340
16
0
ENDTAB
0
TABLE
2
BLOCK_RECORD
5
9
330
0
100
AcDbSymbolTable
70
2
0
BLOCK_RECORD
5
C
330
9
100
AcDbSymbolTableRecord
100
AcDbBlockTableRecord
2
*Model_Space
70
0
280
1
281
0
0
BLOCK_RECORD
5
F
330
9
100
AcDbSymbolTableRecord
100
AcDbBlockTableRecord
2
*Paper_Space
70
0
280
1
281
0
0
ENDTAB
0
ENDSEC
0
SECTION
2
BLOCKS
0
BLOCK
5
D
330
C
100
AcDbEntity
8
0
100
AcDbBlockBegin
2
*Model_Space
70
0
10
0
20
0
30
0
3
*Model_Space
1

0
ENDBLK
5
E
100
AcDbEntity
8
0
100
AcDbBlockEnd
0
BLOCK
5
10
330
F
100
AcDbEntity
8
0
100
AcDbBlockBegin
2
*Paper_Space
70
0
10
0
20
0
30
0
3
*Paper_Space
1

0
ENDBLK
5
11
100
AcDbEntity
8
0
100
AcDbBlockEnd
0
ENDSEC
0
SECTION
2
ENTITIES
0
TEXT
5
2B
330
C
100
AcDbEntity
8
C-ANNO-NPLT
100
AcDbText
10
1236872.3460247929
20
449311.6711467886
30
0
40
2.5
1
PRELIMINARY - NOT SEALED - NOT FOR CONSTRUCTION OR PERMIT SUBMISSION
7
STANDARD
100
AcDbText
0
TEXT
5
2C
330
C
100
AcDbEntity
8
C-ANNO-NPLT
100
AcDbText
10
1236872.3460247929
20
449307.6711467886
30
0
40
2.5
1
GENERATED 2026-09-26T00:46:55.983Z BY KEALEE SITE PLAN ENGINE
7
STANDARD
100
AcDbText
0
TEXT
5
2D
330
C
100
AcDbEntity
8
C-ANNO-NPLT
100
AcDbText
10
1236872.3460247929
20
449303.6711467886
30
0
40
2.5
1
HORIZONTAL: EPSG:2248
7
STANDARD
100
AcDbText
0
TEXT
5
2E
330
C
100
AcDbEntity
8
C-ANNO-NPLT
100
AcDbText
10
1236872.3460247929
20
449299.6711467886
30
0
40
2.5
1
VERTICAL: NAVD88 (feet)
7
STANDARD
100
AcDbText
0
TEXT
5
2F
330
C
100
AcDbEntity
8
C-ANNO-NPLT
100
AcDbText
10
1236872.3460247929
20
449295.6711467886
30
0
40
2.5
1
SOURCES: Parcel boundary — jurisdiction gis (Fairfax County — parcels, level 1); Existing contours (U.S. Geological Survey — 3D Elevation Program — 3DEP bare-earth DEM — VA_NorthernVA_B22, level 1)
7
STANDARD
100
AcDbText
0
TEXT
5
30
330
C
100
AcDbEntity
8
C-ANNO-NPLT
100
AcDbText
10
1236872.3460247929
20
449291.6711467886
30
0
40
2.5
1
THIS FILE IS DATA FOR A LICENSED PROFESSIONAL. IT IS NOT A SEALED DRAWING.
7
STANDARD
100
AcDbText
0
LWPOLYLINE
5
31
330
C
100
AcDbEntity
8
V-PROP-BNDY
100
AcDbPolyline
90
10
70
1
43
0
38
0
39
0
10
1237198.6434242832
20
449474.15887580527
10
1237058.3460056374
20
449331.6711467886
10
1237048.0907884135
20
449341.7778661198
10
1236941.2678419813
20
449447.0791797365
10
1236906.0306059872
20
449481.8147645901
10
1236872.3460247929
20
449515.01951719087
10
1236939.308864697
20
449582.22160863027
10
1237005.9801270652
20
449513.37771987787
10
1237080.5107085325
20
449590.47351053596
10
1237198.6434242832
20
449474.15887580527
0
LWPOLYLINE
5
32
330
C
100
AcDbEntity
8
C-TOPO-MAJR-E
100
AcDbPolyline
90
12
70
0
43
0
38
0
39
0
10
1236953.0413177675
20
449449.61389265175
10
1236953.0615630965
20
449449.56400945847
10
1236953.102053755
20
449449.46424307185
10
1236953.1627897422
20
449449.31459349196
10
1236953.2437710587
20
449449.1150607188
10
1236953.284261717
20
449448.9236549403
10
1236953.284261717
20
449448.74037615664
10
1236953.2437710587
20
449448.5652243678
10
1236953.1627897422
20
449448.3981995735
10
1236953.102053755
20
449448.2729309779
10
1236953.0615630965
20
449448.18941858085
10
1236953.0413177675
20
449448.14766238234
0
LWPOLYLINE
5
33
330
C
100
AcDbEntity
8
C-TOPO-MAJR-E
100
AcDbPolyline
90
436
70
0
43
0
38
0
39
0
10
1236953.0413177675
20
449558.1378166133
10
1236953.1320841617
20
449558.0415640414
10
1236953.3136169505
20
449557.84905889764
10
1236953.5859161336
20
449557.56030118203
10
1236953.948981711
20
449557.1752908946
10
1236954.3176360517
20
449556.77364394715
10
1236954.6918791556
20
449556.35536033986
10
1236955.0717110226
20
449555.92044007266
10
1236955.4571316529
20
449555.4688831456
10
1236955.8220168366
20
449555.0559831301
10
1236956.1663665744
20
449554.6817400263
10
1236956.4901808654
20
449554.3461538341
10
1236956.7934597102
20
449554.0492245535
10
1236957.1322206846
20
449553.7144396302
10
1236957.5064637884
20
449553.3417990641
10
1236957.916189022
20
449552.9313028552
10
1236958.3613963844
20
449552.4829510036
10
1236958.813124207
20
449552.0716535258
10
1236959.2713724894
20
449551.697410422
10
1236959.7361412314
20
449551.3602216921
10
1236960.2074304328
20
449551.060087336
10
1236960.6301965853
20
449550.7862988929
10
1236961.0044396892
20
449550.5388563628
10
1236961.3301597442
20
449550.31775974564
10
1236961.6073567504
20
449550.12300904136
10
1236962.002376057
20
449549.8912574231
10
1236962.5152176637
20
449549.62250489084
10
1236963.145881571
20
449549.3167514446
10
1236963.8943677784
20
449548.9739970843
10
1236964.642853986
20
449548.6674067101
10
1236965.3913401938
20
449548.39698032197
10
1236966.1398264016
20
449548.1627179198
10
1236966.8883126094
20
449547.9646195037
10
1236967.4558516946
20
449547.8128250098
10
1236967.842443657
20
449547.7073344382
10
1236968.0480884968
20
449547.64814778895
10
1236968.072786214
20
449547.63526506186
10
1236968.227549381
20
449547.4384814647
10
1236968.5123779974
20
449547.05779699737
10
1236968.9272720632
20
449546.4932116599
10
1236969.4722315785
20
449545.7447254522
10
1236969.9256584588
20
449545.13883891655
10
1236970.287552704
20
449544.675552053
10
1236970.557914314
20
449544.35486486147
10
1236970.736743289
20
449544.176777342
10
1236971.0579865724
20
449543.9141686731
10
1236971.5216441634
20
449543.5670388546
10
1236972.127716063
20
449543.1353878868
10
1236972.8762022709
20
449542.61921576946
10
1236973.443685298
20
449542.2185300387
10
1236973.830165145
20
449541.9333306947
10
1236974.0356418113
20
449541.76361773716
10
1236974.060115297
20
449541.7093911663
10
1236974.1272808865
20
449541.4815996862
10
1236974.2371385794
20
449541.080243297
10
1236974.3896883759
20
449540.5053219985
10
1236974.5849302756
20
449539.75683579076
10
1236974.7821856984
20
449539.0083495831
10
1236974.9814546441
20
449538.25986337545
10
1236975.1827371127
20
449537.5113771678
10
1236975.386033104
20
449536.76289096015
10
1236975.6198738054
20
449536.0197019365
10
1236975.8842592163
20
449535.2818100967
10
1236976.179189337
20
449534.54921544105
10
1236976.5046641673
20
449533.8219179694
10
1236976.7517837235
20
449533.2711476816
10
1236976.9205480055
20
449532.8969045778
10
1236977.0109570138
20
449532.69918865786
10
1236977.0230107477
20
449532.6779999219
10
1236977.1817759697
20
449532.47498681804
10
1236977.4872526794
20
449532.0901493462
10
1236977.9394408772
20
449531.5234875065
10
1236978.5383405625
20
449530.77500129875
10
1236979.021898524
20
449530.17768844706
10
1236979.3901147605
20
449529.7315489514
10
1236979.6429892732
20
449529.43658281176
10
1236979.7805220615
20
449529.29279002815
10
1236980.0262530758
20
449529.0337720844
10
1236980.3801823165
20
449528.6595289806
10
1236980.8423097837
20
449528.1700607167
10
1236981.4126354768
20
449527.5653672926
10
1236981.8849198753
20
449527.0670193072
10
1236982.2591629792
20
449526.67501676036
10
1236982.5353647883
20
449526.38935965206
10
1236982.7135253027
20
449526.2100479823
10
1236983.01790001
20
449525.9332705955
10
1236983.4484889111
20
449525.5590274917
10
1236984.0052920054
20
449525.0873186708
10
1236984.6883092928
20
449524.5181441328
10
1236985.2169394884
20
449524.06861396664
10
1236985.5911825923
20
449523.7387281722
10
1236985.8110386045
20
449523.52848674956
10
1236985.8765075244
20
449523.4378896987
10
1236986.0563192149
20
449523.20546962135
10
1236986.350473675
20
449522.83122651756
10
1236986.7589709053
20
449522.31516038725
10
1236987.2818109053
20
449521.6572712305
10
1236987.7303524574
20
449521.06812336005
10
1236988.104595561
20
449520.54771677597
10
1236988.4045402168
20
449520.0960514783
10
1236988.6301864244
20
449519.7131274671
10
1236988.8851291533
20
449519.3345439095
10
1236989.169368404
20
449518.96030080563
10
1236989.4829041758
20
449518.5903981555
10
1236989.8257364696
20
449518.2248359592
10
1236990.1732079652
20
449517.76354276
10
1236990.5253186626
20
449517.20651855797
10
1236990.8820685626
20
449516.5537633531
10
1236991.2434576643
20
449515.8052771454
10
1236991.338444142
20
449515.08293497475
10
1236991.167027995
20
449514.3867368411
10
1236990.729209224
20
449513.7166827445
10
1236990.0249878287
20
449513.0727726849
10
1236989.3097002301
20
449512.63180924323
10
1236988.5833464288
20
449512.39379241935
10
1236987.845926424
20
449512.3587222134
10
1236987.0974402167
20
449512.52659862535
10
1236986.348954009
20
449512.75718365156
10
1236985.600467801
20
449513.05047729216
10
1236984.8519815933
20
449513.406479547
10
1236984.103495386
20
449513.82519041613
10
1236983.3550091782
20
449514.142464855
10
1236982.6065229704
20
449514.3583028636
10
1236981.8580367626
20
449514.47270444187
10
1236981.1095505552
20
449514.4856695899
10
1236980.3610643474
20
449514.43797053036
10
1236979.6125781399
20
449514.3296072632
10
1236978.8640919323
20
449514.1605797886
10
1236978.1156057245
20
449513.9308881064
10
1236977.37444992
20
449513.64001012105
10
1236976.6406245185
20
449513.2879458325
10
1236975.9141295205
20
449512.87469524064
10
1236975.1949649258
20
449512.4002583457
10
1236974.6482610763
20
449512.0252677359
10
1236974.2740179724
20
449511.7497234113
10
1236974.072235614
20
449511.57362537185
10
1236974.0429140015
20
449511.4969736177
10
1236973.9162737587
20
449511.2715261887
10
1236973.6923148856
20
449510.8972830848
10
1236973.3710373824
20
449510.3742443061
10
1236972.9524412493
20
449509.7024098527
10
1236972.5560216308
20
449509.11461472604
10
1236972.1817785269
20
449508.6108589261
10
1236971.8297119378
20
449508.19114245306
10
1236971.4998218631
20
449507.8554653068
10
1236971.167572426
20
449507.50050518167
10
1236970.8329636254
20
449507.1262620779
10
1236970.4959954622
20
449506.73273599526
10
1236970.1566679364
20
449506.31992693385
10
1236969.8292022683
20
449505.8231985859
10
1236969.513598458
20
449505.24255095137
10
1236969.2098565055
20
449504.5779840303
10
1236968.917976411
20
449503.8294978227
10
1236968.6697466935
20
449503.19435997726
10
1236968.4651673527
20
449502.6725704941
10
1236968.3042383888
20
449502.26412937324
10
1236968.1869598017
20
449501.96903661464
10
1236968.0467553216
20
449501.63436868344
10
1236967.8836249486
20
449501.2601255796
10
1236967.6975686823
20
449500.8463073031
10
1236967.4885865233
20
449500.3929138541
10
1236967.2587122296
20
449499.86574721534
10
1236967.007945801
20
449499.26480738696
10
1236966.7362872378
20
449498.59009436896
10
1236966.4437365404
20
449497.8416081613
10
1236966.1625851793
20
449497.1081785229
10
1236965.8928331549
20
449496.38980545383
10
1236965.6344804673
20
449495.686488954
10
1236965.3875271163
20
449494.9982290235
10
1236965.1977770221
20
449494.4669775063
10
1236965.0652301842
20
449494.0927344025
10
1236964.9898866033
20
449493.87549971195
10
1236964.971746279
20
449493.81527343486
10
1236964.8915706547
20
449493.58298217505
10
1236964.7493597302
20
449493.17862593266
10
1236964.5451135063
20
449492.6022047077
10
1236964.278831982
20
449491.8537184999
10
1236964.0367319188
20
449491.1052322922
10
1236963.8188133156
20
449490.35674608464
10
1236963.6250761733
20
449489.60825987696
10
1236963.455520491
20
449488.8597736693
10
1236963.3393281535
20
449488.1112874616
10
1236963.2764991596
20
449487.36280125397
10
1236963.2670335104
20
449486.6143150463
10
1236963.3109312048
20
449485.8658288386
10
1236963.3047437016
20
449485.1173426309
10
1236963.2484710002
20
449484.3688564233
10
1236963.1421131007
20
449483.6203702156
10
1236962.985670003
20
449482.8718840079
10
1236962.8228468613
20
449482.193263651
10
1236962.6536436754
20
449481.584509145
10
1236962.4780604453
20
449481.04562048975
10
1236962.296097171
20
449480.57659768534
10
1236962.1350832176
20
449480.15496473125
10
1236961.9950185847
20
449479.7807216274
10
1236961.8759032728
20
449479.4538683738
10
1236961.7777372815
20
449479.1744049706
10
1236961.6832847674
20
449478.7776858662
10
1236961.59254573
20
449478.26371106075
10
1236961.50552017
20
449477.63248055417
10
1236961.4222080866
20
449476.8839943466
10
1236961.3843490824
20
449476.1355081389
10
1236961.391943157
20
449475.3870219311
10
1236961.4449903104
20
449474.6385357235
10
1236961.5434905423
20
449473.8900495159
10
1236961.592029209
20
449473.1415633082
10
1236961.5906063102
20
449472.39307710057
10
1236961.5392218458
20
449471.6445908929
10
1236961.4378758164
20
449470.89610468515
10
1236961.356933969
20
449470.14761847747
10
1236961.2963963046
20
449469.39913226984
10
1236961.2562628225
20
449468.65064606216
10
1236961.236533523
20
449467.9021598545
10
1236961.2376798445
20
449467.1536736468
10
1236961.2597017866
20
449466.4051874392
10
1236961.302599349
20
449465.6567012315
10
1236961.3663725327
20
449464.9082150238
10
1236961.4327986022
20
449464.1597288161
10
1236961.5018775575
20
449463.41124260856
10
1236961.5736093994
20
449462.6627564009
10
1236961.6479941274
20
449461.9142701932
10
1236961.7202564883
20
449461.2982653996
10
1236961.7903964825
20
449460.8147420201
10
1236961.8584141093
20
449460.4637000546
10
1236961.9243093694
20
449460.24513950327
10
1236962.0081304219
20
449459.9487376757
10
1236962.109877267
20
449459.5744945718
10
1236962.2295499041
20
449459.1224101917
10
1236962.367148334
20
449458.5924845354
10
1236962.559187346
20
449458.00791874126
10
1236962.80566694
20
449457.3687128093
10
1236963.1065871164
20
449456.6748667395
10
1236963.4619478749
20
449455.9263805318
10
1236963.7923501986
20
449455.2009544994
10
1236964.0977940876
20
449454.4985886424
10
1236964.3782795419
20
449453.8192829606
10
1236964.633806561
20
449453.1630374541
10
1236964.8349001836
20
449452.647793149
10
1236964.9815604098
20
449452.2735500452
10
1236965.073787239
20
449452.0403081427
10
1236965.1115806717
20
449451.9480674414
10
1236965.2637457964
20
449451.69176536356
10
1236965.5302826134
20
449451.2714019092
10
1236965.9111911224
20
449450.6869770781
10
1236966.4064713237
20
449449.93849087047
10
1236966.831784618
20
449449.29755339166
10
1236967.1871310056
20
449448.7641646416
10
1236967.4725104864
20
449448.3383246205
10
1236967.6879230603
20
449448.02003332815
10
1236967.9287310531
20
449447.67376613006
10
1236968.1949344645
20
449447.2995230263
10
1236968.4865332954
20
449446.8973040167
10
1236968.8035275447
20
449446.4671091013
10
1236969.1491462216
20
449445.9952791584
10
1236969.5233893255
20
449445.4818141879
10
1236969.9262568564
20
449444.9267141898
10
1236970.3577488144
20
449444.3299791642
10
1236970.7023691589
20
449443.8444900994
10
1236970.96011789
20
449443.4702469956
10
1236971.1309950075
20
449443.20724985265
10
1236971.2150005116
20
449443.0554986706
10
1236971.3994120625
20
449442.7545637322
10
1236971.68422966
20
449442.3044450373
10
1236972.0694533046
20
449441.7051425861
10
1236972.5550829961
20
449440.95665637834
10
1236972.9640180178
20
449440.3295125175
10
1236973.2962583695
20
449439.8237110036
10
1236973.5518040515
20
449439.43925183645
10
1236973.730655064
20
449439.17613501614
10
1236973.945379483
20
449438.85745505407
10
1236974.1959773088
20
449438.4832119502
10
1236974.4824485413
20
449438.0534057046
10
1236974.8047931802
20
449437.56803631724
10
1236975.1530870516
20
449437.0473963822
10
1236975.5273301555
20
449436.4914858995
10
1236975.9275224917
20
449435.9003048691
10
1236976.3536640601
20
449435.27385329106
10
1236976.6936279694
20
449434.7735059501
10
1236976.9474142194
20
449434.3992628463
10
1236977.1150228106
20
449434.15112397954
10
1236977.1964537425
20
449434.0290893499
10
1236977.3628920438
20
449433.75044182583
10
1236977.614337714
20
449433.3151814072
10
1236977.9507907536
20
449432.7233080941
10
1236978.3722511628
20
449431.9748218864
10
1236978.749745186
20
449431.2428367324
10
1236979.083272824
20
449430.52735263226
10
1236979.3728340764
20
449429.82836958574
10
1236979.6184289432
20
449429.1458875929
10
1236979.8106005457
20
449428.6175250446
10
1236979.9493488835
20
449428.24328194075
10
1236980.034673957
20
449428.0231582814
10
1236980.0665757658
20
449427.95715406653
10
1236980.12656803
20
449427.7205293534
10
1236980.2146507502
20
449427.3132841422
10
1236980.3308239253
20
449426.7354184327
10
1236980.475087556
20
449425.986932225
10
1236980.5392439193
20
449425.3538579978
10
1236980.5232930146
20
449424.83619575115
10
1236980.4272348427
20
449424.4339454849
10
1236980.251069403
20
449424.1471071992
10
1236979.9318237714
20
449423.9111488003
10
1236979.469497948
20
449423.7260702881
10
1236978.8640919323
20
449423.5918716626
10
1236978.1156057245
20
449423.5085529239
10
1236977.3671195167
20
449423.485873571
10
1236976.618633309
20
449423.52383360406
10
1236975.8701471013
20
449423.622433023
10
1236975.121660894
20
449423.7816718278
10
1236974.3846889273
20
449423.9538304863
10
1236973.6592312013
20
449424.1389089986
10
1236972.9452877163
20
449424.3369073645
10
1236972.2428584723
20
449424.5478255841
10
1236971.7045222984
20
449424.70881524315
10
1236971.3302791945
20
449424.8198763416
10
1236971.1201291608
20
449424.8810088795
10
1236971.074072197
20
449424.8922128568
10
1236970.8524079225
20
449424.9808240404
10
1236970.4551363366
20
449425.14684243046
10
1236969.88225744
20
449425.3902680268
10
1236969.1337712326
20
449425.7111008294
10
1236968.385285025
20
449426.0450272744
10
1236967.6367988172
20
449426.3920473618
10
1236966.8883126094
20
449426.75216109154
10
1236966.1398264016
20
449427.1253684636
10
1236965.5396962774
20
449427.4160845065
10
1236965.0879222366
20
449427.62430922035
10
1236964.7845042795
20
449427.7500426051
10
1236964.629442406
20
449427.7932846608
10
1236964.3647899171
20
449427.86049957754
10
1236963.9905468132
20
449427.95168735535
10
1236963.5067130942
20
449428.0668479943
10
1236962.9132887605
20
449428.20598149433
10
1236962.3764431863
20
449428.27554824436
10
1236961.8961763722
20
449428.2755482443
10
1236961.4724883179
20
449428.2059814943
10
1236961.1053790234
20
449428.0668479942
10
1236960.7991842406
20
449427.77537631727
10
1236960.5539039697
20
449427.33156646346
10
1236960.3695382106
20
449426.7354184327
10
1236960.2460869632
20
449425.986932225
10
1236960.1864768593
20
449425.2384460173
10
1236960.1907078992
20
449424.4899598097
10
1236960.2587800822
20
449423.741473602
10
1236960.3906934094
20
449422.9929873943
10
1236960.5199146466
20
449422.2445011866
10
1236960.6464437945
20
449421.49601497897
10
1236960.7702808527
20
449420.7475287713
10
1236960.8914258212
20
449419.99904256366
10
1236960.9572999636
20
449419.25055635604
10
1236960.9679032797
20
449418.50207014824
10
1236960.9232357696
20
449417.7535839406
10
1236960.8232974333
20
449417.005097733
10
1236960.7548817738
20
449416.2566115253
10
1236960.7179887914
20
449415.5081253177
10
1236960.7126184858
20
449414.75963911
10
1236960.7387708568
20
449414.01115290227
10
1236960.7354751402
20
449413.2626666946
10
1236960.7027313358
20
449412.51418048696
10
1236960.6405394431
20
449411.7656942793
10
1236960.548899463
20
449411.0172080716
10
1236960.4534984743
20
449410.2687218639
10
1236960.3543364778
20
449409.52023565624
10
1236960.2514134732
20
449408.77174944856
10
1236960.1447294606
20
449408.0232632409
10
1236960.0570135359
20
449407.2747770332
10
1236959.9882656992
20
449406.52629082557
10
1236959.9384859505
20
449405.7778046179
10
1236959.90767429
20
449405.0293184102
10
1236959.889071559
20
449404.2808322025
10
1236959.8826777583
20
449403.53234599496
10
1236959.8884928874
20
449402.7838597873
10
1236959.9065169464
20
449402.0353735796
10
1236959.9267384405
20
449401.2868873719
10
1236959.9491573703
20
449400.5384011643
10
1236959.9737737349
20
449399.7899149566
10
1236960.0005875349
20
449399.0414287489
10
1236960.0267894513
20
449398.29294254124
10
1236960.0523794843
20
449397.54445633356
10
1236960.0773576337
20
449396.7959701259
10
1236960.1017238996
20
449396.0474839182
10
1236960.1335042883
20
449395.2989977105
10
1236960.1726987995
20
449394.5505115029
10
1236960.2193074333
20
449393.8020252952
10
1236960.27333019
20
449393.0535390875
10
1236960.3498056838
20
449392.3050528798
10
1236960.4487339153
20
449391.55656667217
10
1236960.570114884
20
449390.8080804645
10
1236960.7139485897
20
449390.05959425686
10
1236960.8398424042
20
449389.31110804924
10
1236960.947796327
20
449388.56262184144
10
1236961.0378103582
20
449387.8141356338
10
1236961.109884498
20
449387.0656494262
10
1236961.2017213474
20
449386.3171632185
10
1236961.3133209068
20
449385.5686770109
10
1236961.4446831762
20
449384.8201908032
10
1236961.5958081554
20
449384.07170459547
10
1236961.7216929295
20
449383.4463844827
10
1236961.8223374987
20
449382.94423046504
10
1236961.8977418626
20
449382.56524254224
10
1236961.9479060213
20
449382.3094207144
10
1236962.01383417
20
449381.9943882486
10
1236962.0955263085
20
449381.62014514476
10
1236962.192982437
20
449381.1866914029
10
1236962.3062025555
20
449380.6940270231
10
1236962.3960523503
20
449380.13740718627
10
1236962.4625318218
20
449379.51683189254
10
1236962.5056409696
20
449378.8323011418
10
1236962.5253797937
20
449378.0838149341
10
1236962.5069441763
20
449377.4546020019
10
1236962.4503341168
20
449376.944662345
10
1236962.355549616
20
449376.55399596354
10
1236962.2225906735
20
449376.2826028575
10
1236962.0418520505
20
449375.9597847526
10
1236961.8133337465
20
449375.5855416488
10
1236961.5370357623
20
449375.15987354604
10
1236961.2129580975
20
449374.6827804444
10
1236960.863797713
20
449374.2558112376
10
1236960.4895546092
20
449373.87896592583
10
1236960.090228786
20
449373.5522445089
10
1236959.6658202433
20
449373.2756469868
10
1236959.1603922842
20
449372.99644456076
10
1236958.5739449088
20
449372.71463723085
10
1236957.9064781172
20
449372.43022499693
10
1236957.15799191
20
449372.1432078591
10
1236956.52382951
20
449371.88172711874
10
1236956.003990918
20
449371.64578277594
10
1236955.598476134
20
449371.4353748307
10
1236955.307285158
20
449371.25050328294
10
1236954.9745681179
20
449371.0269724735
10
1236954.6003250142
20
449370.7647824022
10
1236954.1845558465
20
449370.46393306926
10
1236953.7272606147
20
449370.12442447466
10
1236953.384289191
20
449369.8697930286
10
1236953.1556415753
20
449369.70003873133
10
1236953.0413177675
20
449369.61516158265
0
LWPOLYLINE
5
34
330
C
100
AcDbEntity
8
C-TOPO-MAJR-E
100
AcDbPolyline
90
860
70
0
43
0
38
0
39
0
10
1236991.0739211473
20
449367.9792511306
10
1236991.0130592433
20
449368.16637268255
10
1236990.8913354354
20
449368.54061578633
10
1236990.7087497236
20
449369.1019804421
10
1236990.4653021083
20
449369.8504666498
10
1236990.2119992122
20
449370.5682528786
10
1236989.9488410356
20
449371.2553391286
10
1236989.6758275786
20
449371.9117253998
10
1236989.3929588418
20
449372.5374116922
10
1236989.16771918
20
449373.0373763903
10
1236989.0001085936
20
449373.4116194941
10
1236988.8901270828
20
449373.66014100367
10
1236988.8377746476
20
449373.7829409189
10
1236988.7168587386
20
449374.0621624073
10
1236988.5273793559
20
449374.49780546885
10
1236988.2693364993
20
449375.0898701034
10
1236987.9427301688
20
449375.8383563112
10
1236987.6396655038
20
449376.5868425189
10
1236987.3601425043
20
449377.33532872645
10
1236987.10416117
20
449378.0838149341
10
1236986.8717215015
20
449378.8323011418
10
1236986.6631198064
20
449379.50551186857
10
1236986.4783560857
20
449380.1034471144
10
1236986.3174303384
20
449380.6261068793
10
1236986.1803425648
20
449381.0734911633
10
1236986.0558934677
20
449381.48430485727
10
1236985.9440830464
20
449381.8585479611
10
1236985.8449113013
20
449382.1962204749
10
1236985.7583782324
20
449382.4973223985
10
1236985.6165140914
20
449382.9102703932
10
1236985.419318879
20
449383.43506445875
10
1236985.1667925946
20
449384.07170459547
10
1236984.858935238
20
449384.8201908032
10
1236984.6221127142
20
449385.5686770109
10
1236984.4563250227
20
449386.3171632185
10
1236984.3615721634
20
449387.0656494262
10
1236984.3378541365
20
449387.8141356338
10
1236984.3435299913
20
449388.56262184144
10
1236984.3785997282
20
449389.31110804924
10
1236984.443063347
20
449390.05959425686
10
1236984.5369208474
20
449390.8080804645
10
1236984.6495384297
20
449391.55656667217
10
1236984.7809160938
20
449392.30505287985
10
1236984.9310538396
20
449393.05353908753
10
1236985.099951667
20
449393.8020252952
10
1236985.2339586955
20
449394.5505115029
10
1236985.3330749252
20
449395.2989977105
10
1236985.3973003558
20
449396.0474839182
10
1236985.4266349871
20
449396.79597012594
10
1236985.411443
20
449397.5444563336
10
1236985.351724394
20
449398.29294254124
10
1236985.247479169
20
449399.0414287489
10
1236985.0987073255
20
449399.7899149566
10
1236984.9114492633
20
449400.5384011643
10
1236984.685704983
20
449401.2868873719
10
1236984.4214744843
20
449402.0353735796
10
1236984.1187577671
20
449402.7838597873
10
1236983.9162325473
20
449403.53234599496
10
1236983.8138988246
20
449404.2808322025
10
1236983.8117565992
20
449405.0293184102
10
1236983.9098058706
20
449405.7778046179
10
1236984.1032072697
20
449406.37871601665
10
1236984.3919607964
20
449406.8320526065
10
1236984.7760664504
20
449407.1378143875
10
1236985.2555242325
20
449407.2960013596
10
1236985.8022391207
20
449407.4063352165
10
1236986.4162111154
20
449407.4688159582
10
1236987.0974402167
20
449407.4834435847
10
1236987.845926424
20
449407.450218096
10
1236988.5162355271
20
449407.3940586087
10
1236989.1083675255
20
449407.31496512267
10
1236989.6223224194
20
449407.21293763793
10
1236990.0581002086
20
449407.0879761545
10
1236990.463110655
20
449406.9721559632
10
1236990.837353759
20
449406.8654770638
10
1236991.18082952
20
449406.7679394565
10
1236991.4935379385
20
449406.6795431413
10
1236991.9151908043
20
449406.5079012811
10
1236992.4457881171
20
449406.2530138758
10
1236993.0853298777
20
449405.9148809257
10
1236993.8338160855
20
449405.49350243073
10
1236994.490302022
20
449405.11779071006
10
1236995.054787687
20
449404.7877457638
10
1236995.5272730812
20
449404.503367592
10
1236995.907758204
20
449404.2646561947
10
1236996.2851223173
20
449404.02206857793
10
1236996.6593654212
20
449403.77560474153
10
1236997.0304875155
20
449403.52526468574
10
1236997.3984886003
20
449403.27104841045
10
1236997.8278720274
20
449402.9568187208
10
1236998.318637797
20
449402.582575617
10
1236998.8707859088
20
449402.1483190989
10
1236999.484316363
20
449401.6540491666
10
1236999.978203142
20
449401.2535487301
10
1237000.352446246
20
449400.9468177895
10
1237000.6070456747
20
449400.7338563448
10
1237000.7420014283
20
449400.6146643959
10
1237001.0303397954
20
449400.37100344215
10
1237001.4720607758
20
449400.00287348346
10
1237002.06716437
20
449399.5102745199
10
1237002.8156505774
20
449398.89320655144
10
1237003.3805890323
20
449398.42734900245
10
1237003.7619797345
20
449398.112701873
10
1237003.9598226836
20
449397.94926516316
10
1237003.97411788
20
449397.93703887286
10
1237004.16838703
20
449397.7697398523
10
1237004.5426301337
20
449397.44736810145
10
1237005.0968471915
20
449396.9699236203
10
1237005.8310382026
20
449396.33740640886
10
1237006.414589551
20
449395.8340262512
10
1237006.8475012362
20
449395.4597831474
10
1237007.1297732585
20
449395.21467709733
10
1237007.261405618
20
449395.0987081011
10
1237007.5143433493
20
449394.90370710124
10
1237007.8885864532
20
449394.6296740978
10
1237008.3841349294
20
449394.27660909086
10
1237009.0009887777
20
449393.8445120803
10
1237009.584223668
20
449393.4413420231
10
1237010.1338396005
20
449393.0670989193
10
1237010.6498365747
20
449392.72178276884
10
1237011.132214591
20
449392.40539357165
10
1237011.560525151
20
449392.13399001164
10
1237011.9347682549
20
449391.9075720887
10
1237012.2549439024
20
449391.7261398029
10
1237012.5210520937
20
449391.5896931542
10
1237012.9077547893
20
449391.45001682296
10
1237013.415051989
20
449391.30711080926
10
1237014.0429436928
20
449391.16097511305
10
1237014.7914299
20
449391.01160973427
10
1237015.539916108
20
449390.92610878707
10
1237016.2884023157
20
449390.9044722713
10
1237017.0368885235
20
449390.94670018693
10
1237017.7853747308
20
449391.0527925341
10
1237018.5338609386
20
449391.1755598873
10
1237019.2823471462
20
449391.31500224676
10
1237020.0308333538
20
449391.4711196123
10
1237020.7793195616
20
449391.64391198393
10
1237021.3622975373
20
449391.7752380898
10
1237021.7797672804
20
449391.86509792996
10
1237022.0317287918
20
449391.9134915044
10
1237022.118182071
20
449391.920418813
10
1237022.3485302625
20
449391.97287120635
10
1237022.7227733664
20
449392.0708486844
10
1237023.2409113827
20
449392.21435124706
10
1237023.902944311
20
449392.40337889444
10
1237024.5865905592
20
449392.53083473176
10
1237025.2918501273
20
449392.59671875916
10
1237026.0187230152
20
449392.60103097634
10
1237026.767209223
20
449392.54377138347
10
1237027.3564233445
20
449392.65500622714
10
1237027.7863653796
20
449392.9347355073
10
1237028.0570353284
20
449393.38295922393
10
1237028.1684331908
20
449393.999677377
10
1237028.224132122
20
449394.52390814305
10
1237028.224132122
20
449394.9556515219
10
1237028.1684331908
20
449395.2949075137
10
1237028.0570353284
20
449395.5416761184
10
1237027.9314500499
20
449395.8521819727
10
1237027.7916773548
20
449396.22642507654
10
1237027.637717244
20
449396.66440542997
10
1237027.469569717
20
449397.1661230329
10
1237027.2436416754
20
449397.7295327871
10
1237026.959933119
20
449398.3546346924
10
1237026.6184440479
20
449399.0414287489
10
1237026.2191744624
20
449399.7899149566
10
1237025.8744549993
20
449400.4192064443
10
1237025.5842856588
20
449400.9293032119
10
1237025.3486664412
20
449401.32020525954
10
1237025.1675973462
20
449401.5919125872
10
1237024.9111656565
20
449401.9148878029
10
1237024.579371372
20
449402.28913090675
10
1237024.172214493
20
449402.7146418987
10
1237023.689695019
20
449403.19142077863
10
1237023.2613137302
20
449403.6323393774
10
1237022.8870706265
20
449404.0373976949
10
1237022.5669657076
20
449404.40659573104
10
1237022.300998974
20
449404.739933486
10
1237022.0228641524
20
449405.09372391534
10
1237021.732561243
20
449405.4679670191
10
1237021.430090246
20
449405.86266279744
10
1237021.1154511613
20
449406.27781125024
10
1237020.8145889312
20
449406.7762941417
10
1237020.527503556
20
449407.358111472
10
1237020.2541950357
20
449408.02326324093
10
1237019.9946633698
20
449408.7717494486
10
1237019.84663078
20
449409.5202356563
10
1237019.8100972655
20
449410.2687218639
10
1237019.885062827
20
449411.0172080716
10
1237020.071527464
20
449411.7656942793
10
1237020.2520883693
20
449412.51418048696
10
1237020.4267455423
20
449413.2626666946
10
1237020.5954989837
20
449414.01115290227
10
1237020.7583486927
20
449414.75963911
10
1237020.9367000759
20
449415.3890295218
10
1237021.1305531324
20
449415.8993241376
10
1237021.339907863
20
449416.29052295757
10
1237021.564764267
20
449416.56262598163
10
1237021.907237363
20
449416.88579904556
10
1237022.3673271511
20
449417.26004214946
10
1237022.945033631
20
449417.68535529316
10
1237023.640356803
20
449418.1617384767
10
1237024.175139941
20
449418.53553837776
10
1237024.549383045
20
449418.8067549963
10
1237024.7630861148
20
449418.97538833227
10
1237024.81624915
20
449419.0414383856
10
1237024.9833196085
20
449419.26158496423
10
1237025.2642974893
20
449419.63582806813
10
1237025.659182793
20
449420.1641676972
10
1237026.1679755193
20
449420.8466038514
10
1237026.6094934344
20
449421.42387867684
10
1237026.9837365383
20
449421.89599217346
10
1237027.290704831
20
449422.2629443413
10
1237027.5303983125
20
449422.5247351802
10
1237027.8972899755
20
449422.8056972177
10
1237028.3913798202
20
449423.1058304536
10
1237029.0126678462
20
449423.4251348881
10
1237029.7611540535
20
449423.76361052104
10
1237030.485473431
20
449424.05452217965
10
1237031.185625978
20
449424.29786986404
10
1237031.8616116948
20
449424.4936535741
10
1237032.5134305814
20
449424.64187330985
10
1237033.0264615766
20
449424.7581127048
10
1237033.4007046802
20
449424.84237175883
10
1237033.6361598927
20
449424.894650472
10
1237033.732827214
20
449424.91494884435
10
1237033.9924492568
20
449424.99912752444
10
1237034.4150260212
20
449425.14718651236
10
1237035.0005575074
20
449425.3591258081
10
1237035.7490437147
20
449425.6349454117
10
1237036.4975299225
20
449425.8222806976
10
1237037.2460161303
20
449425.9211316657
10
1237037.994502338
20
449425.9314983162
10
1237038.7429885454
20
449425.8533806489
10
1237039.3871786308
20
449425.7402923213
10
1237039.9270725937
20
449425.59223333333
10
1237040.3626704342
20
449425.40920368506
10
1237040.6939721527
20
449425.1912033764
10
1237041.0467445636
20
449424.9094739595
10
1237041.4209876675
20
449424.56401543407
10
1237041.8167014641
20
449424.15482780023
10
1237042.2338859534
20
449423.68191105814
10
1237042.6378849251
20
449423.2583311351
10
1237043.0286983787
20
449422.88408803125
10
1237043.4063263142
20
449422.5591817466
10
1237043.7707687318
20
449422.2836122811
10
1237044.1401114925
20
449422.03208108095
10
1237044.5143545964
20
449421.80458814616
10
1237044.8934980433
20
449421.6011334767
10
1237045.2775418335
20
449421.42171707266
10
1237045.752696228
20
449421.1899580164
10
1237046.3189612266
20
449420.9058563079
10
1237046.9763368298
20
449420.5694119472
10
1237047.7248230376
20
449420.1806249343
10
1237048.3954112486
20
449419.84396397695
10
1237048.9881014626
20
449419.55942907516
10
1237049.50289368
20
449419.3270202289
10
1237049.9397879005
20
449419.1467374383
10
1237050.3453565629
20
449418.98540206475
10
1237050.7195996665
20
449418.84301410854
10
1237051.062517212
20
449418.7195735696
10
1237051.374109199
20
449418.61508044775
10
1237051.7949247411
20
449418.49023785186
10
1237052.3249638388
20
449418.3450457819
10
1237052.9642264913
20
449418.17950423766
10
1237053.712712699
20
449417.99361321924
10
1237054.4611989069
20
449417.8116063029
10
1237055.2096851147
20
449417.6334834886
10
1237055.9581713222
20
449417.4592447763
10
1237056.7066575296
20
449417.28889016603
10
1237057.4551437371
20
449417.1504266631
10
1237058.203629945
20
449417.04385426745
10
1237058.9521161527
20
449416.969172979
10
1237059.7006023605
20
449416.926382798
10
1237060.4490885683
20
449416.8534509753
10
1237061.1975747757
20
449416.75037751114
10
1237061.9460609835
20
449416.6171624055
10
1237062.694547191
20
449416.45380565827
10
1237063.4430333986
20
449416.33653888886
10
1237064.1915196064
20
449416.2653620972
10
1237064.9400058142
20
449416.24027528317
10
1237065.6884920215
20
449416.2612784469
10
1237066.4369782293
20
449416.284765212
10
1237067.1854644371
20
449416.31073557824
10
1237067.933950645
20
449416.3391895459
10
1237068.6824368523
20
449416.3701271148
10
1237069.387797968
20
449416.3599449761
10
1237070.0500339917
20
449416.30864312977
10
1237070.6691449233
20
449416.21622157574
10
1237071.245130763
20
449416.082680314
10
1237071.7202452347
20
449415.97248316207
10
1237072.0944883386
20
449415.88563011977
10
1237072.3678600746
20
449415.8221211872
10
1237072.5403604428
20
449415.7819563643
10
1237072.8556504375
20
449415.57475240086
10
1237073.313730059
20
449415.200509297
10
1237073.9145993073
20
449414.6592270527
10
1237074.6582581822
20
449413.95090566797
10
1237075.2172091715
20
449413.4187174477
10
1237075.5914522754
20
449413.06266239204
10
1237075.7809874937
20
449412.88274050097
10
1237075.7858148264
20
449412.8789517745
10
1237075.9765568778
20
449412.70921660686
10
1237076.3532136478
20
449412.3735349981
10
1237076.9157851369
20
449411.8719069482
10
1237077.6642713444
20
449411.2043324573
10
1237078.4127575522
20
449410.72546845424
10
1237079.1612437596
20
449410.4353149391
10
1237079.9097299674
20
449410.333871912
10
1237080.6582161752
20
449410.42113937286
10
1237081.406702383
20
449410.5781905083
10
1237082.1551885908
20
449410.8050253184
10
1237082.9036747983
20
449411.10164380306
10
1237083.6521610057
20
449411.4680459624
10
1237084.2913097173
20
449411.79727098125
10
1237084.8211209332
20
449412.0893188596
10
1237085.2415946526
20
449412.3441895974
10
1237085.5527308763
20
449412.5618831948
10
1237085.89542054
20
449412.7848689848
10
1237086.2696636438
20
449413.01314696745
10
1237086.6754601877
20
449413.2467171428
10
1237087.112810172
20
449413.4855795108
10
1237087.6037786505
20
449413.7921322467
10
1237088.1483656242
20
449414.16637535056
10
1237088.7465710922
20
449414.6083088223
10
1237089.398395055
20
449415.11793266196
10
1237089.9114285882
20
449415.524408805
10
1237090.285671692
20
449415.82773725135
10
1237090.5211243667
20
449416.02791800105
10
1237090.6177866114
20
449416.1249510541
10
1237090.7819605207
20
449416.3605891325
10
1237091.0136460944
20
449416.7348322364
10
1237091.3128433325
20
449417.24768036563
10
1237091.6795522352
20
449417.8991335202
10
1237091.8792787362
20
449418.5748449381
10
1237091.9120228356
20
449419.2748146193
10
1237091.777784533
20
449419.99904256366
10
1237091.4765638288
20
449420.7475287713
10
1237091.2342762512
20
449421.32944745186
10
1237091.0509218
20
449421.74479860516
10
1237090.926500475
20
449421.9935822314
10
1237090.8610122767
20
449422.0757983305
10
1237090.678501145
20
449422.304027932
10
1237090.3789670798
20
449422.67827103584
10
1237089.9624100819
20
449423.19852764206
10
1237089.4288301507
20
449423.8647977506
10
1237088.9749186332
20
449424.5285461749
10
1237088.6006755293
20
449425.1897729147
10
1237088.3061008393
20
449425.84847797017
10
1237088.0911945626
20
449426.5046613413
10
1237087.9198535937
20
449427.0198745788
10
1237087.792077932
20
449427.3941176826
10
1237087.707867578
20
449427.6273906528
10
1237087.6672225313
20
449427.7196934894
10
1237087.6432708455
20
449427.97604216874
10
1237087.6360125206
20
449428.3964366908
10
1237087.645447557
20
449428.9808770557
10
1237087.6715759546
20
449429.7293632634
10
1237087.6948014149
20
449430.30424048164
10
1237087.7151239384
20
449430.7055087104
10
1237087.7325435246
20
449430.9331679497
10
1237087.7470601741
20
449430.9872181996
10
1237087.7905229325
20
449431.20136487647
10
1237087.8629317998
20
449431.5756079803
10
1237087.9642867765
20
449432.1099475111
10
1237088.094587862
20
449432.8043834688
10
1237088.2495880811
20
449433.5123319891
10
1237088.4292874332
20
449434.2337930718
10
1237088.6336859188
20
449434.968766717
10
1237088.862783538
20
449435.7172529247
10
1237089.131878628
20
449436.44872145995
10
1237089.4409711887
20
449437.1631723227
10
1237089.790061221
20
449437.86060551304
10
1237090.179148724
20
449438.541021031
10
1237090.4786200174
20
449439.06835034187
10
1237090.6884751013
20
449439.4425934457
10
1237090.8087139751
20
449439.6637503425
10
1237090.8393366395
20
449439.73182103224
10
1237090.906025201
20
449439.96999560145
10
1237091.00877966
20
449440.3782740502
10
1237091.147600016
20
449440.9566563784
10
1237091.3224862695
20
449441.7051425861
10
1237091.4022737301
20
449442.4333980841
10
1237091.386962398
20
449443.1414228724
10
1237091.2765522732
20
449443.829216951
10
1237091.0710433552
20
449444.4967803199
10
1237090.729790115
20
449445.01353299315
10
1237090.2527925523
20
449445.37947497086
10
1237089.640050667
20
449445.59460625285
10
1237088.8915644598
20
449445.65892683924
10
1237088.1430782522
20
449445.6885659244
10
1237087.3945920444
20
449445.68352350825
10
1237086.6461058366
20
449445.6437995909
10
1237085.8976196288
20
449445.5693941723
10
1237085.2392770895
20
449445.5363420261
10
1237084.671078219
20
449445.5446431523
10
1237084.193023017
20
449445.59429755085
10
1237083.8051114832
20
449445.6853052218
10
1237083.4240341645
20
449445.8046430956
10
1237083.0497910606
20
449445.9523111721
10
1237082.6823821715
20
449446.1283094514
10
1237082.3218074976
20
449446.33263793355
10
1237081.8724175682
20
449446.6219237265
10
1237081.3342123837
20
449446.9961668303
10
1237080.7071919437
20
449447.455367245
10
1237079.9913562483
20
449447.99952497054
10
1237079.458457922
20
449448.5947648167
10
1237079.1084969647
20
449449.24108678335
10
1237078.9414733765
20
449449.93849087047
10
1237078.9573871573
20
449450.6869770781
10
1237079.0287219093
20
449451.4354632858
10
1237079.1554776325
20
449452.1839494934
10
1237079.337654327
20
449452.9324357011
10
1237079.5752519933
20
449453.6809219088
10
1237079.7004442133
20
449454.4294081165
10
1237079.7132309878
20
449455.1778943241
10
1237079.6136123163
20
449455.9263805318
10
1237079.401588199
20
449456.6748667395
10
1237079.2240356505
20
449457.2650085625
10
1237079.0809546711
20
449457.69680600084
10
1237078.9723452604
20
449457.97025905445
10
1237078.8982074189
20
449458.0853677234
10
1237078.6554824854
20
449458.30218717596
10
1237078.2441704609
20
449458.6207174121
10
1237077.6642713444
20
449459.0409584318
10
1237076.915785137
20
449459.562910235
10
1237076.1672989293
20
449459.98078014783
10
1237075.4188127215
20
449460.2945681702
10
1237074.6703265137
20
449460.50427430216
10
1237073.9218403064
20
449460.6098985437
10
1237073.3382697105
20
449460.6905670983
10
1237072.9196147271
20
449460.74627996597
10
1237072.6658753552
20
449460.77703714685
10
1237072.5770515958
20
449460.78283864073
10
1237072.3455181639
20
449460.80367535294
10
1237071.9712750602
20
449460.8395472836
10
1237071.4543222843
20
449460.8904544324
10
1237070.794659836
20
449460.9563967994
10
1237070.112791448
20
449461.12689176766
10
1237069.40871712
20
449461.401939337
10
1237068.6824368523
20
449461.78153950744
10
1237067.933950645
20
449462.26569227903
10
1237067.34748335
20
449462.6784046249
10
1237066.9230349679
20
449463.0196765452
10
1237066.6606054986
20
449463.2895080399
10
1237066.5601949426
20
449463.4878991089
10
1237066.5092873853
20
449463.8238139625
10
1237066.5078828274
20
449464.29725260084
10
1237066.5559812684
20
449464.9082150238
10
1237066.6535827087
20
449465.6567012315
10
1237066.727486068
20
449466.219689206
10
1237066.7776913461
20
449466.5971789473
10
1237066.8041985433
20
449466.7891704555
10
1237066.8070076592
20
449466.7956637305
10
1237066.9087850791
20
449466.98603191995
10
1237067.1095308026
20
449467.3602750238
10
1237067.40924483
20
449467.91839304205
10
1237067.8079271612
20
449468.6603859747
10
1237068.1912338687
20
449469.4040022261
10
1237068.5591649525
20
449470.1492417962
10
1237068.9117204126
20
449470.89610468515
10
1237069.2489002487
20
449471.6445908929
10
1237069.504941136
20
449472.2137795549
10
1237069.6798430742
20
449472.6036706711
10
1237069.7736060633
20
449472.8142642417
10
1237069.7862301036
20
449472.84556026664
10
1237069.864235952
20
449473.048329831
10
1237070.0076236082
20
449473.4225729349
10
1237070.2163930729
20
449473.96828957816
10
1237070.4905443455
20
449474.6854797609
10
1237070.706728644
20
449475.41049394995
10
1237070.8649459686
20
449476.1433321451
10
1237070.9651963192
20
449476.8839943466
10
1237071.0074796956
20
449477.6324805542
10
1237070.9600835657
20
449478.2440062633
10
1237070.8230079296
20
449478.71857147384
10
1237070.5962527867
20
449479.05617618584
10
1237070.2798181376
20
449479.2568203993
10
1237069.8553705988
20
449479.46970025706
10
1237069.3229101703
20
449479.6948157592
10
1237068.6824368523
20
449479.9321669057
10
1237067.933950645
20
449480.1817536965
10
1237067.2486491492
20
449480.44350759056
10
1237066.626532366
20
449480.71742858767
10
1237066.0676002945
20
449481.0035166879
10
1237065.5718529355
20
449481.3017718913
10
1237065.1368577038
20
449481.5639564651
10
1237064.7626146001
20
449481.79007040925
10
1237064.449123624
20
449481.98011372384
10
1237064.1963847755
20
449482.1340864088
10
1237063.844133278
20
449482.39819430327
10
1237063.392369131
20
449482.77243740705
10
1237062.8410923353
20
449483.25681572035
10
1237062.1903028903
20
449483.85132924304
10
1237061.677786616
20
449484.3209814429
10
1237061.303543512
20
449484.66577232024
10
1237061.0675735786
20
449484.8857018746
10
1237060.969876816
20
449484.9807701062
10
1237060.72501933
20
449485.21542577393
10
1237060.3330011205
20
449485.5896688778
10
1237059.7938221875
20
449486.1034994177
10
1237059.107482531
20
449486.7569173937
10
1237058.577191151
20
449487.26206659264
10
1237058.2029480473
20
449487.6189470144
10
1237057.9847532196
20
449487.82755865896
10
1237057.9226066682
20
449487.88790152647
10
1237057.7205524258
20
449488.1051945121
10
1237057.378590493
20
449488.4794376159
10
1237056.896720869
20
449489.01063083793
10
1237056.2749435543
20
449489.6987741782
10
1237055.776933345
20
449490.28597457416
10
1237055.402690241
20
449490.77223202586
10
1237055.1522142428
20
449491.15754653333
10
1237055.02550535
20
449491.44191809645
10
1237054.8780166253
20
449491.77122542995
10
1237054.7097480693
20
449492.14546853385
10
1237054.5206996815
20
449492.56464740797
10
1237054.310871462
20
449493.0287620525
10
1237054.1227554234
20
449493.5639695878
10
1237053.9563515652
20
449494.17027001374
10
1237053.8116598877
20
449494.8476633306
10
1237053.6886803906
20
449495.5961495383
10
1237053.5868702913
20
449496.344635746
10
1237053.5062295902
20
449497.0931219536
10
1237053.4467582866
20
449497.8416081613
10
1237053.408456381
20
449498.59009436896
10
1237053.3627876784
20
449499.33858057664
10
1237053.3097521784
20
449500.08706678427
10
1237053.2493498817
20
449500.83555299195
10
1237053.1815807878
20
449501.5840391997
10
1237053.0533520945
20
449502.2716855065
10
1237052.8646638016
20
449502.8984919125
10
1237052.6155159094
20
449503.4644584177
10
1237052.3059084176
20
449503.969585022
10
1237051.8865812467
20
449504.2414639464
10
1237051.3575343972
20
449504.2800951908
10
1237050.7187678684
20
449504.08547875524
10
1237049.9702816608
20
449503.65761463967
10
1237049.3937065187
20
449503.3174009308
10
1237048.9890424425
20
449503.0648376286
10
1237048.7562894318
20
449502.89992473315
10
1237048.6954474864
20
449502.8226622444
10
1237048.477904962
20
449502.60278821917
10
1237048.1036618582
20
449502.2403026576
10
1237047.5727181751
20
449501.7352055596
10
1237046.8850739123
20
449501.0874969251
10
1237046.3539141368
20
449500.576521056
10
1237045.9792388482
20
449500.20227795216
10
1237045.7610480464
20
449499.9647676136
10
1237045.6993417318
20
449499.8639900404
10
1237045.4813670227
20
449499.623472028
10
1237045.1071239188
20
449499.2432135767
10
1237044.5766124204
20
449498.7232146862
10
1237043.8898325274
20
449498.06347535667
10
1237043.3516841833
20
449497.54648414004
10
1237042.9621673883
20
449497.1722410362
10
1237042.7212821424
20
449496.9407460452
10
1237042.6290284456
20
449496.85199916706
10
1237042.395780045
20
449496.70207787346
10
1237042.0215369414
20
449496.49098216445
10
1237041.506299134
20
449496.21871204005
10
1237040.8500666232
20
449495.88526750024
10
1237040.1707706882
20
449495.6308096527
10
1237039.468411329
20
449495.4553384974
10
1237038.7429885454
20
449495.3588540344
10
1237037.994502338
20
449495.34135626367
10
1237037.3084957192
20
449495.4159685133
10
1237036.6849686892
20
449495.5826907832
10
1237036.1239212481
20
449495.84152307344
10
1237035.625353396
20
449496.19246538397
10
1237035.188947918
20
449496.50608568743
10
1237034.814704814
20
449496.78238398384
10
1237034.5026240845
20
449497.0213602732
10
1237034.2527057293
20
449497.22301455546
10
1237033.8781454107
20
449497.4913942916
10
1237033.3789431292
20
449497.8264994815
10
1237032.7550988845
20
449498.2283301253
10
1237032.0066126767
20
449498.6968862228
10
1237031.4111437665
20
449499.06787225296
10
1237030.968692154
20
449499.3412882157
10
1237030.679257839
20
449499.51713411097
10
1237030.5428408217
20
449499.5954099388
10
1237030.2875107608
20
449499.7610103681
10
1237029.913267657
20
449500.013935399
10
1237029.42011151
20
449500.3541850315
10
1237028.8080423197
20
449500.7817592656
10
1237028.2360901246
20
449501.1826679345
10
1237027.7042549243
20
449501.55691103835
10
1237027.2125367192
20
449501.90448857704
10
1237026.7609355086
20
449502.22540055064
10
1237026.3480133517
20
449502.5332374475
10
1237025.9737702478
20
449502.8279992676
10
1237025.6382061972
20
449503.1096860108
10
1237025.3413212
20
449503.37829767715
10
1237024.9530415933
20
449503.69972506224
10
1237024.4733673776
20
449504.07396816614
10
1237023.9022985531
20
449504.50102698867
10
1237023.2398351196
20
449504.9809015299
10
1237022.7214818508
20
449505.35622916976
10
1237022.3472387472
20
449505.6270099083
10
1237022.1171058083
20
449505.79324374546
10
1237022.0310830341
20
449505.85493068106
10
1237021.7794444016
20
449506.0555588942
10
1237021.3621899108
20
449506.3951283846
10
1237020.7793195616
20
449506.8736391524
10
1237020.0308333542
20
449507.49109119753
10
1237019.4550818044
20
449507.97151703807
10
1237019.0520649129
20
449508.31491667405
10
1237018.8217826793
20
449508.5212901055
10
1237018.7642351037
20
449508.5906373323
10
1237018.646091279
20
449508.8297693044
10
1237018.467351205
20
449509.23868602165
10
1237018.2280148815
20
449509.8173874841
10
1237017.928082309
20
449510.5658736917
10
1237017.7145995558
20
449511.3143598994
10
1237017.587566622
20
449512.062846107
10
1237017.546983508
20
449512.8113323147
10
1237017.5928502134
20
449513.5598185224
10
1237017.6376627753
20
449514.3083047301
10
1237017.6814211942
20
449515.0567909377
10
1237017.72412547
20
449515.8052771454
10
1237017.7657756025
20
449516.5537633531
10
1237017.6773824776
20
449517.2730884255
10
1237017.4589460953
20
449517.9632523627
10
1237017.1104664553
20
449518.6242551646
10
1237016.6319435579
20
449519.25609683123
10
1237016.085929833
20
449519.7124544668
10
1237015.4724252804
20
449519.9933280712
10
1237014.7914299
20
449520.0987176445
10
1237014.0429436928
20
449520.02862318675
10
1237013.294457485
20
449519.8876001327
10
1237012.5459712772
20
449519.6756484823
10
1237011.7974850694
20
449519.39276823564
10
1237011.048998862
20
449519.0389593927
10
1237010.409112888
20
449518.721618169
10
1237009.8778271475
20
449518.4407445646
10
1237009.4551416407
20
449518.1963385794
10
1237009.1410563677
20
449517.9884002134
10
1237008.7968921792
20
449517.7738637611
10
1237008.4226490753
20
449517.55272922246
10
1237008.0183270562
20
449517.32499659737
10
1237007.583926122
20
449517.09066588583
10
1237007.0710038692
20
449516.89709549904
10
1237006.479560298
20
449516.74428543693
10
1237005.8095954084
20
449516.63223569945
10
1237005.0611092006
20
449516.5609462866
10
1237004.4128348273
20
449516.58388425806
10
1237003.8647722881
20
449516.70104961377
10
1237003.4169215835
20
449516.9124423538
10
1237003.0692827133
20
449517.2180624781
10
1237002.708341726
20
449517.55072765565
10
1237002.3340986222
20
449517.91043788637
10
1237001.9465534016
20
449518.2971931703
10
1237001.5457060644
20
449518.7109935074
10
1237001.171048954
20
449519.10501522786
10
1237000.8225820698
20
449519.4792583317
10
1237000.5003054126
20
449519.83372281893
10
1237000.2042189818
20
449520.16840868944
10
1236999.8690542146
20
449520.5396786112
10
1236999.494811111
20
449520.94753258425
10
1236999.0814896706
20
449521.3919706085
10
1236998.6290898933
20
449521.87299268396
10
1236998.2168347123
20
449522.3006252736
10
1236997.844724128
20
449522.6748683774
10
1236997.5127581395
20
449522.9957219955
10
1236997.2209367475
20
449523.26318612765
10
1236996.8879044997
20
449523.57642576285
10
1236996.5136613958
20
449523.9354409011
10
1236996.098207436
20
449524.34023154236
10
1236995.6415426205
20
449524.7907976866
10
1236995.2249775012
20
449525.2032023107
10
1236994.8485120782
20
449525.57744541456
10
1236994.5121463514
20
449525.91352699813
10
1236994.2158803209
20
449526.2114470615
10
1236993.8806257537
20
449526.56281919463
10
1236993.5063826498
20
449526.9676433974
10
1236993.0931510094
20
449527.42591966985
10
1236992.6409308324
20
449527.937648012
10
1236992.2434078164
20
449528.380633735
10
1236991.9005819617
20
449528.7548768388
10
1236991.6124532684
20
449529.0603773235
10
1236991.3790217359
20
449529.297135189
10
1236991.075184418
20
449529.62049597624
10
1236990.700941314
20
449530.03045968513
10
1236990.2562924244
20
449530.5270263158
10
1236989.741237749
20
449531.1101958681
10
1236989.3155224929
20
449531.5889021962
10
1236988.9791466559
20
449531.96314530005
10
1236988.7321102386
20
449532.23292517965
10
1236988.5744132404
20
449532.398241835
10
1236988.3084431896
20
449532.6821582875
10
1236987.9342000857
20
449533.084674537
10
1236987.451683929
20
449533.60579058377
10
1236986.8608947194
20
449534.2455064276
10
1236986.3874482482
20
449534.7524859014
10
1236986.0313445157
20
449535.12672900525
10
1236985.7925835215
20
449535.3682357391
10
1236985.671165266
20
449535.4770061029
10
1236985.4233345864
20
449535.7150684546
10
1236985.0490914825
20
449536.0824227943
10
1236984.5484359544
20
449536.57906912186
10
1236983.9213680024
20
449537.2050074375
10
1236983.4255430487
20
449537.70509814715
10
1236983.0609610938
20
449538.07934125094
10
1236982.8276221373
20
449538.32773674896
10
1236982.7255261792
20
449538.45028464106
10
1236982.550517132
20
449538.72931711207
10
1236982.302594996
20
449539.16483416205
10
1236981.9817597708
20
449539.7568357908
10
1236981.5880114567
20
449540.5053219985
10
1236981.229539737
20
449541.1491013379
10
1236980.9063446126
20
449541.68817380903
10
1236980.6184260822
20
449542.12253941194
10
1236980.3657841468
20
449542.4521981465
10
1236980.1081480894
20
449542.80414906575
10
1236979.8455179103
20
449543.1783921696
10
1236979.5778936096
20
449543.574927458
10
1236979.305275187
20
449543.9937549311
10
1236978.9818444238
20
449544.49493434024
10
1236978.60760132
20
449545.0784656855
10
1236978.1825458754
20
449545.74434896675
10
1236977.7066780904
20
449546.4925841841
10
1236977.3497295748
20
449547.0538233447
10
1236977.111700328
20
449547.42806644854
10
1236976.992590351
20
449547.61531349557
10
1236976.9923996432
20
449547.61556448595
10
1236976.805182737
20
449547.8021971713
10
1236976.4309396332
20
449548.17521155166
10
1236975.8696703315
20
449548.73460762715
10
1236975.1213748318
20
449549.4803853976
10
1236974.5595235731
20
449550.0403958348
10
1236974.1841165554
20
449550.4146389386
10
1236973.9951537785
20
449550.60311470914
10
1236973.9926352424
20
449550.6058231463
10
1236973.8158380103
20
449550.79497602605
10
1236973.464762082
20
449551.17057334847
10
1236972.9394074578
20
449551.7326151135
10
1236972.2397741375
20
449552.4811013212
10
1236971.7034655595
20
449553.0544595079
10
1236971.3304817234
20
449553.45268967375
10
1236971.12082263
20
449553.6757918187
10
1236971.0744882785
20
449553.7237659427
10
1236970.852615963
20
449553.8915432227
10
1236970.4552056836
20
449554.17912365886
10
1236969.88225744
20
449554.58650725096
10
1236969.1337712326
20
449555.113693999
10
1236968.385285025
20
449555.54334166105
10
1236967.6367988172
20
449555.87545023696
10
1236966.8883126094
20
449556.1100197267
10
1236966.1398264016
20
449556.2470501302
10
1236965.5466668415
20
449556.35889666586
10
1236965.108833929
20
449556.4455593337
10
1236964.8263276638
20
449556.50703813357
10
1236964.6991480466
20
449556.54333306546
10
1236964.4484366858
20
449556.62819676794
10
1236964.074193582
20
449556.76162924094
10
1236963.576418735
20
449556.9436304844
10
1236962.9551121448
20
449557.17420049844
10
1236962.3395421652
20
449557.4766070574
10
1236961.7297087954
20
449557.85085016116
10
1236961.125612036
20
449558.29692980996
10
1236960.5272518874
20
449558.81484600354
10
1236960.040950261
20
449559.2537009481
10
1236959.6667071572
20
449559.6134946436
10
1236959.404522576
20
449559.89422709006
10
1236959.2543965168
20
449560.09589828737
10
1236959.0345359752
20
449560.383855438
10
1236958.74494095
20
449560.75809854176
10
1236958.3856114424
20
449561.21862759884
10
1236957.9565474512
20
449561.7654426092
10
1236957.554893904
20
449562.3224184137
10
1236957.1806508
20
449562.8895550124
10
1236956.8338181397
20
449563.46685240517
10
1236956.5143959231
20
449564.05431059207
10
1236956.2499268528
20
449564.53516123747
10
1236956.0404109287
20
449564.9094043413
10
1236955.8858481508
20
449565.1770399036
10
1236955.7862385192
20
449565.3380679244
10
1236955.676592091
20
449565.64596049185
10
1236955.5569088664
20
449566.100717606
10
1236955.4271888451
20
449566.70233926695
10
1236955.2874320273
20
449567.4508254746
10
1236955.2210762184
20
449568.19931168226
10
1236955.2281214185
20
449568.9477978899
10
1236955.3085676276
20
449569.69628409756
10
1236955.4624148458
20
449570.4447703053
10
1236955.5991800674
20
449571.05412128544
10
1236955.7188632921
20
449571.5243370381
10
1236955.82146452
20
449571.85541756323
10
1236955.9069837513
20
449572.04736286076
10
1236956.0277302216
20
449572.33045706153
10
1236956.1837039313
20
449572.7047001653
10
1236956.37490488
20
449573.1700921723
10
1236956.601333068
20
449573.7266330824
10
1236956.8750106303
20
449574.3311603168
10
1236957.1959375674
20
449574.9836738757
10
1236957.5641138786
20
449575.68417375896
10
1236957.9795395646
20
449576.43265996664
10
1236958.3177669123
20
449577.0434569944
10
1236958.5787959225
20
449577.51656484226
10
1236958.7626265942
20
449577.8519835102
10
1236958.869258928
20
449578.04971299815
10
1236959.0379963408
20
449578.33569929405
10
1236959.268838832
20
449578.7099423979
10
1236959.561786402
20
449579.1724423097
10
1236959.916839051
20
449579.72319902934
10
1236960.2698319037
20
449580.323388121
10
1236960.62076496
20
449580.97300958465
10
1236960.9696382198
20
449581.6720634203
10
1236961.3164516832
20
449582.420549628
10
1236961.5402374319
20
449583.16903583566
10
1236961.6409954662
20
449583.9175220433
10
1236961.618725785
20
449584.66600825096
10
1236961.4734283895
20
449585.41449445864
10
1236961.2253131634
20
449586.1254713964
10
1236960.8743801075
20
449586.79893906415
10
1236960.420629221
20
449587.434897462
10
1236959.864060504
20
449588.0333465899
10
1236959.3878771488
20
449588.51969270577
10
1236958.9920791553
20
449588.8939358096
10
1236958.6766665233
20
449589.15607590147
10
1236958.4416392532
20
449589.3061129812
10
1236958.1370040663
20
449589.4936570969
10
1236957.7627609624
20
449589.71870824834
10
1236957.3189099417
20
449589.9812664358
10
1236956.8054510043
20
449590.28133165906
10
1236956.2980205475
20
449590.61848582263
10
1236955.7966185715
20
449590.9927289265
10
1236955.301245076
20
449591.40406097064
10
1236954.8119000613
20
449591.852481955
10
1236954.398772263
20
449592.37591924524
10
1236954.0618616813
20
449592.9743728412
10
1236953.8011683158
20
449593.6478427431
10
1236953.616692167
20
449594.3963289507
10
1236953.4978447189
20
449595.14481515833
10
1236953.4446259718
20
449595.89330136613
10
1236953.4570359252
20
449596.64178757375
10
1236953.5350745795
20
449597.3902737814
10
1236953.6364706503
20
449598.13875998906
10
1236953.7612241376
20
449598.8872461967
10
1236953.9093350412
20
449599.63573240436
10
1236954.0808033608
20
449600.3842186121
10
1236954.2723960925
20
449601.1327048198
10
1236954.4841132357
20
449601.8811910274
10
1236954.715954791
20
449602.6296772351
10
1236954.9679207583
20
449603.3781634428
10
1236955.1999822892
20
449604.053087502
10
1236955.4121393836
20
449604.6544494129
10
1236955.6043920424
20
449605.1822491754
10
1236955.7767402646
20
449605.63648678956
10
1236955.9336586385
20
449606.05072714854
10
1236956.075147164
20
449606.4249702523
10
1236956.2012058408
20
449606.759216101
10
1236956.3118346692
20
449607.05346469465
10
1236956.5006401532
20
449607.4612726917
10
1236956.767622293
20
449607.9826400923
10
1236957.112781088
20
449608.6175668965
10
1236957.5361165393
20
449609.36605310417
10
1236957.9072486095
20
449609.97516530345
10
1236958.2261772992
20
449610.4449034943
10
1236958.4929026081
20
449610.7752676768
0
LWPOLYLINE
5
35
330
C
100
AcDbEntity
8
C-TOPO-MAJR-E
100
AcDbPolyline
90
65
70
0
43
0
38
0
39
0
10
1237039.489537463
20
449529.02842872834
10
1237039.2387505337
20
449529.2779660319
10
1237038.9559052181
20
449529.6522405615
10
1237038.6410015167
20
449530.1512523171
10
1237038.2940394292
20
449530.77500129875
10
1237037.9150189552
20
449531.5234875065
10
1237037.7292035948
20
449532.2719737142
10
1237037.7365933475
20
449533.0204599218
10
1237037.9371882132
20
449533.7689461295
10
1237038.3309881922
20
449534.5174323371
10
1237038.6853400324
20
449535.1465921365
10
1237039.0002437339
20
449535.65642552776
10
1237039.2756992967
20
449536.0469325107
10
1237039.511706721
20
449536.31811308535
10
1237039.8566734237
20
449536.6408249246
10
1237040.310599405
20
449537.0150680285
10
1237040.873484665
20
449537.44084239687
10
1237041.5453292036
20
449537.9181480298
10
1237042.068373025
20
449538.28961235797
10
1237042.4426161288
20
449538.5552353813
10
1237042.6680585153
20
449538.7150170998
10
1237042.7447001843
20
449538.76895751344
10
1237042.8532288335
20
449538.7959277203
10
1237042.9936444634
20
449538.7959277203
10
1237043.1659470731
20
449538.76895751344
10
1237043.3701366633
20
449538.7150170998
10
1237043.6139723375
20
449538.4874402376
10
1237043.8974540955
20
449538.08622692694
10
1237044.2205819373
20
449537.5113771678
10
1237044.5833558629
20
449536.76289096015
10
1237044.9008169803
20
449536.0799904045
10
1237045.172965289
20
449535.46267550066
10
1237045.3998007893
20
449534.9109462489
10
1237045.5813234812
20
449534.42480264924
10
1237045.7355160355
20
449533.9946092974
10
1237045.8623784524
20
449533.6203661936
10
1237045.961910732
20
449533.3020733377
10
1237046.0341128744
20
449533.0397307298
10
1237046.1370771339
20
449532.655852222
10
1237046.2708035107
20
449532.1504378142
10
1237046.4352920046
20
449531.5234875065
10
1237046.6305426154
20
449530.77500129875
10
1237046.78290369
20
449530.0265150911
10
1237046.892375228
20
449529.27802888345
10
1237046.9589572293
20
449528.52954267577
10
1237046.982649694
20
449527.7810564681
10
1237046.9276327381
20
449527.08330422634
10
1237046.7939063613
20
449526.43628595053
10
1237046.581470564
20
449525.8400016406
10
1237046.2903253457
20
449525.2944512967
10
1237045.9252695504
20
449525.02167612466
10
1237045.486303178
20
449525.02167612466
10
1237044.9734262284
20
449525.2944512967
10
1237044.3866387014
20
449525.8400016406
10
1237043.9061233862
20
449526.27710583253
10
1237043.5318802823
20
449526.6057638723
10
1237043.26390939
20
449526.82597576006
10
1237043.1022107091
20
449526.9377414957
10
1237042.7938151467
20
449527.1183615896
10
1237042.338722702
20
449527.3678360416
10
1237041.7369333762
20
449527.6861648519
10
1237040.9884471688
20
449528.0733480203
10
1237040.3643857806
20
449528.42611972254
10
1237039.864749212
20
449528.74447995855
10
1237039.489537463
20
449529.02842872834
0
LWPOLYLINE
5
36
330
C
100
AcDbEntity
8
C-TOPO-MAJR-E
100
AcDbPolyline
90
49
70
0
43
0
38
0
39
0
10
1237051.5524667331
20
449475.23967465444
10
1237051.3597797686
20
449475.4483108067
10
1237051.0851617032
20
449475.7919094728
10
1237050.7286125363
20
449476.27047065273
10
1237050.2901322686
20
449476.8839943466
10
1237049.7697208999
20
449477.63248055417
10
1237049.5576869566
20
449478.36982374464
10
1237049.6540304387
20
449479.0960239179
10
1237050.0587513465
20
449479.81108107395
10
1237050.7718496798
20
449480.5149952127
10
1237051.4937949816
20
449480.93367140077
10
1237052.2245872521
20
449481.06710963795
10
1237052.9642264913
20
449480.91530992434
10
1237053.712712699
20
449480.47827225993
10
1237054.3448325663
20
449480.083774893
10
1237054.860586093
20
449479.7318178236
10
1237055.2599732792
20
449479.42240105174
10
1237055.5429941248
20
449479.15552457736
10
1237055.8716260998
20
449478.80622990837
10
1237056.2458692037
20
449478.37451704475
10
1237056.6657234365
20
449477.8603859866
10
1237057.1311887985
20
449477.26383673394
10
1237057.507264151
20
449476.7784405557
10
1237057.7939494944
20
449476.4041974518
10
1237057.9912448286
20
449476.1411074224
10
1237058.0991501536
20
449475.9891704675
10
1237058.153102816
20
449475.7411438517
10
1237058.153102816
20
449475.3970275751
10
1237058.0991501536
20
449474.9568216377
10
1237057.9912448286
20
449474.42052603944
10
1237057.8289423469
20
449473.96525668836
10
1237057.612242708
20
449473.5910135846
10
1237057.3411459127
20
449473.2977967279
10
1237057.01565196
20
449473.0856061185
10
1237056.6657834318
20
449472.91705716774
10
1237056.291540328
20
449472.79214987566
10
1237055.8929226485
20
449472.71088424226
10
1237055.4699303934
20
449472.67326026753
10
1237055.1371864877
20
449472.65444828017
10
1237054.8946909315
20
449472.65444828017
10
1237054.7424437248
20
449472.67326026753
10
1237054.6804448671
20
449472.71088424226
10
1237054.4623238866
20
449472.8740647372
10
1237054.088080783
20
449473.1628017523
10
1237053.5577155557
20
449473.57709528756
10
1237052.8712282055
20
449474.1169453429
10
1237052.3081909516
20
449474.57399192255
10
1237051.868603794
20
449474.94823502644
10
1237051.5524667331
20
449475.23967465444
0
LWPOLYLINE
5
37
330
C
100
AcDbEntity
8
C-TOPO-MAJR-E
100
AcDbPolyline
90
783
70
0
43
0
38
0
39
0
10
1237092.9010331011
20
449367.9792511306
10
1237092.954513833
20
449368.01501184254
10
1237093.0614752965
20
449368.08653326624
10
1237093.2219174919
20
449368.19381540193
10
1237093.4358404186
20
449368.3368582495
10
1237093.7834041659
20
449368.58022391977
10
1237094.2646087334
20
449368.9239124128
10
1237094.879454121
20
449369.36792372854
10
1237095.6279403283
20
449369.912257867
10
1237096.2047530652
20
449370.33578577626
10
1237096.6098923315
20
449370.63850745634
10
1237096.8433581267
20
449370.8204229072
10
1237096.9051504515
20
449370.88153212884
10
1237097.1231681656
20
449371.0683089857
10
1237097.4974112692
20
449371.3807534776
10
1237098.027879763
20
449371.8188656048
10
1237098.714573646
20
449372.3826453672
10
1237099.2757763173
20
449372.85165680025
10
1237099.7114877766
20
449373.22589990404
10
1237100.0217080237
20
449373.50537467864
10
1237100.206437059
20
449373.69008112396
10
1237100.4859231287
20
449373.9686872508
10
1237100.8601662326
20
449374.3411930592
10
1237101.3291663707
20
449374.8075985492
10
1237101.892923543
20
449375.3679037206
10
1237102.363735626
20
449375.83517785824
10
1237102.74160262
20
449376.20942096214
10
1237103.0265245247
20
449376.49063303217
10
1237103.2185013406
20
449376.6788140683
10
1237103.5016113003
20
449376.98732436687
10
1237103.875854404
20
449377.4161639278
10
1237104.3412306518
20
449377.96533275105
10
1237104.8977400442
20
449378.63483083656
10
1237105.3319561577
20
449379.15670143126
10
1237105.6438789929
20
449379.53094453516
10
1237105.8335085497
20
449379.75756014814
10
1237105.9008448278
20
449379.8365482702
10
1237106.082805116
20
449380.0829109137
10
1237106.3793894146
20
449380.49664807855
10
1237106.790597723
20
449381.0777597648
10
1237107.3164300418
20
449381.8262459725
10
1237107.7496336834
20
449382.4471855728
10
1237108.0902086482
20
449382.9405785658
10
1237108.338154936
20
449383.30642495153
10
1237108.4934725466
20
449383.54472472984
10
1237108.7053261981
20
449383.85099617095
10
1237108.97371589
20
449384.2252392748
10
1237109.2986416225
20
449384.6674540414
10
1237109.6801033956
20
449385.17764047073
10
1237110.057955834
20
449385.74664120027
10
1237110.432198938
20
449386.37445622985
10
1237110.802832707
20
449387.0610855598
10
1237111.1698571416
20
449387.8065291899
10
1237111.445480161
20
449388.36637255695
10
1237111.6297017653
20
449388.74061566073
10
1237111.7225219544
20
449388.92925850145
10
1237111.723940729
20
449388.93230107904
10
1237111.7472331307
20
449389.1217045641
10
1237111.7923991603
20
449389.49746895675
10
1237111.8594388177
20
449390.05959425686
10
1237111.9483521024
20
449390.8080804645
10
1237111.9924540515
20
449391.4538914409
10
1237111.9917446645
20
449391.9970271859
10
1237111.9462239414
20
449392.43748769973
10
1237111.8558918822
20
449392.7752729822
10
1237111.7354781465
20
449393.13128717535
10
1237111.5849827342
20
449393.50553027925
10
1237111.4044056453
20
449393.8980022938
10
1237111.1937468802
20
449394.30870321894
10
1237110.9557359451
20
449394.80385046476
10
1237110.6903728407
20
449395.3834440311
10
1237110.3976575667
20
449396.0474839182
10
1237110.077590123
20
449396.79597012594
10
1237109.7830995407
20
449397.462886685
10
1237109.5141858195
20
449398.0482335953
10
1237109.2708489597
20
449398.55201085703
10
1237109.053088961
20
449398.9742184701
10
1237108.8474776973
20
449399.37244382856
10
1237108.6540151683
20
449399.7466869324
10
1237108.4727013744
20
449400.09694778157
10
1237108.303536316
20
449400.42322637624
10
1237108.1164943897
20
449400.8550568741
10
1237107.9115755965
20
449401.39243927517
10
1237107.6887799362
20
449402.0353735796
10
1237107.4481074086
20
449402.7838597873
10
1237107.2468166514
20
449403.53234599496
10
1237107.0849076647
20
449404.2808322025
10
1237106.9623804481
20
449405.0293184102
10
1237106.8792350015
20
449405.7778046179
10
1237106.8341279645
20
449406.52629082557
10
1237106.827059337
20
449407.27477703325
10
1237106.8580291185
20
449408.02326324093
10
1237106.9270373092
20
449408.7717494486
10
1237107.0147567238
20
449409.5202356563
10
1237107.1211873621
20
449410.2687218639
10
1237107.2463292242
20
449411.0172080716
10
1237107.3901823098
20
449411.7656942793
10
1237107.5089352422
20
449412.51418048696
10
1237107.602588021
20
449413.2626666946
10
1237107.671140646
20
449414.01115290227
10
1237107.7145931176
20
449414.75963911
10
1237107.736384873
20
449415.5081253177
10
1237107.7365159125
20
449416.2566115253
10
1237107.7149862358
20
449417.005097733
10
1237107.6717958432
20
449417.7535839406
10
1237107.5856435983
20
449418.50207014824
10
1237107.456529501
20
449419.25055635604
10
1237107.2844535515
20
449419.99904256366
10
1237107.0694157497
20
449420.7475287713
10
1237106.8489976448
20
449421.49601497897
10
1237106.6231992366
20
449422.2445011866
10
1237106.3920205252
20
449422.9929873943
10
1237106.1554615106
20
449423.741473602
10
1237105.973784821
20
449424.3241336542
10
1237105.8469904566
20
449424.7409675508
10
1237105.7750784173
20
449424.9919752919
10
1237105.7580487034
20
449425.07715687755
10
1237105.7091740319
20
449425.3068692223
10
1237105.6284544026
20
449425.6811123261
10
1237105.515889816
20
449426.1998861891
10
1237105.3714802722
20
449426.8631908111
10
1237105.1121539483
20
449427.5186644064
10
1237104.7379108444
20
449428.16630697483
10
1237104.2487509607
20
449428.80611851637
10
1237103.644674297
20
449429.4380990312
10
1237103.0044952473
20
449429.9327503925
10
1237102.3282138116
20
449430.29007260036
10
1237101.6158299898
20
449430.51006565476
10
1237100.8673437824
20
449430.5927295557
10
1237100.283523264
20
449430.6631879294
10
1237099.8643684355
20
449430.7214407758
10
1237099.6098792963
20
449430.767488095
10
1237099.5200558465
20
449430.80132988695
10
1237099.2880225698
20
449430.9657319366
10
1237098.913779466
20
449431.26069424395
10
1237098.397326535
20
449431.68621680903
10
1237097.738663777
20
449432.24229963176
10
1237097.2342375987
20
449432.7074625951
10
1237096.884048
20
449433.0817056989
10
1237096.6880949808
20
449433.3650289433
10
1237096.6463785416
20
449433.55743232823
10
1237096.6255203218
20
449433.7595902292
10
1237096.6255203218
20
449433.97150264616
10
1237096.6463785416
20
449434.19316957926
10
1237096.6880949808
20
449434.4245910285
10
1237096.7441961432
20
449434.727423305
10
1237096.814682029
20
449435.10166640877
10
1237096.8995526375
20
449435.54732033995
10
1237096.998807969
20
449436.06438509846
10
1237097.1498564426
20
449436.6393052192
10
1237097.352698058
20
449437.2720807023
10
1237097.607332815
20
449437.9627115477
10
1237097.913760714
20
449438.71119775536
10
1237098.2292823824
20
449439.4194639476
10
1237098.5538978206
20
449440.0875101244
10
1237098.8876070282
20
449440.71533628576
10
1237099.230410005
20
449441.3029424317
10
1237099.5135752
20
449441.7838670566
10
1237099.7371026133
20
449442.1581101604
10
1237099.9009922442
20
449442.4256717432
10
1237100.0052440932
20
449442.5865518049
10
1237100.205631263
20
449442.89433340315
10
1237100.5021537538
20
449443.3490165379
10
1237100.894811565
20
449443.9506012091
10
1237101.383604697
20
449444.6990874168
10
1237101.7890598527
20
449445.3130631478
10
1237102.1111770319
20
449445.7925284023
10
1237102.349956235
20
449446.1374831801
10
1237102.5053974616
20
449446.34792748117
10
1237102.7234616284
20
449446.6402711837
10
1237103.0041487352
20
449447.0145142876
10
1237103.3474587821
20
449447.47065679275
10
1237103.7533917692
20
449448.0086986992
10
1237104.1434798148
20
449448.50831191486
10
1237104.5177229187
20
449448.96949643973
10
1237104.876121081
20
449449.39225227374
10
1237105.2186743016
20
449449.77657941694
10
1237105.5546934274
20
449450.1558645405
10
1237105.8841784587
20
449450.53010764427
10
1237106.2071293956
20
449450.8993087284
10
1237106.5235462375
20
449451.2634677929
10
1237106.8688762104
20
449451.67564255645
10
1237107.2431193143
20
449452.13583301904
10
1237107.646275549
20
449452.64403918077
10
1237108.0783449144
20
449453.2002610416
10
1237108.4390635737
20
449453.66549352393
10
1237108.7284315263
20
449454.0397366278
10
1237108.9464487727
20
449454.3229903531
10
1237109.093115313
20
449454.5152547
10
1237109.3535701348
20
449454.8232308633
10
1237109.7278132387
20
449455.246918843
10
1237110.2158446244
20
449455.7863186391
10
1237110.817664292
20
449456.4414302517
10
1237111.289572964
20
449456.9561076099
10
1237111.63157064
20
449457.3303507137
10
1237111.8436573208
20
449457.56415956316
10
1237111.925833006
20
449457.6575341583
10
1237112.1531379586
20
449457.9146866566
10
1237112.5255721794
20
449458.335617058
10
1237113.0431356675
20
449458.92032536253
10
1237113.7058284234
20
449459.6688115702
10
1237114.203752432
20
449460.2312981492
10
1237114.5369076931
20
449460.60778509954
10
1237114.7052942072
20
449460.79827242123
10
1237114.708911974
20
449460.80276011425
10
1237114.853276297
20
449460.9921255127
10
1237115.1383871767
20
449461.36636861647
10
1237115.5642446126
20
449461.9254894258
10
1237116.1308486047
20
449462.6694879404
10
1237116.601272153
20
449463.28380173293
10
1237116.9755152569
20
449463.7684308033
10
1237117.2535779164
20
449464.12337515154
10
1237117.4354601318
20
449464.3486347778
10
1237117.6834278833
20
449464.6483861428
10
1237117.997481171
20
449465.0226292466
10
1237118.377619995
20
449465.4713640893
10
1237118.8238443553
20
449465.99459067074
10
1237119.2340780874
20
449466.47257709806
10
1237119.608321191
20
449466.9053233713
10
1237119.9465736668
20
449467.2928294903
10
1237120.2488355143
20
449467.6350954552
10
1237120.563924686
20
449467.99334998964
10
1237120.8918411818
20
449468.3675930935
10
1237121.2325850017
20
449468.7578247668
10
1237121.5861561457
20
449469.1640450094
10
1237121.9500632696
20
449469.58164181246
10
1237122.3243063735
20
449470.0106151758
10
1237122.7088854571
20
449470.4509650994
10
1237123.1038005208
20
449470.90269158315
10
1237123.4634886654
20
449471.315676377
10
1237123.7879498918
20
449471.6899194808
10
1237124.0771841994
20
449472.0254208946
10
1237124.3311915877
20
449472.3221806186
10
1237124.645316834
20
449472.6861024542
10
1237125.019559938
20
449473.1171864016
10
1237125.4539208994
20
449473.61543246073
10
1237125.9483997184
20
449474.1808406316
10
1237126.3583970226
20
449474.650666269
10
1237126.683912812
20
449475.0249093728
10
1237126.9249470867
20
449475.3035699431
10
1237127.0814998467
20
449475.48664797994
10
1237127.3468977786
20
449475.79774861666
10
1237127.7211408825
20
449476.2368718533
10
1237128.2042291583
20
449476.8040176899
10
1237128.7961626058
20
449477.4991861264
10
1237129.2504414858
20
449478.0338918966
10
1237129.567065798
20
449478.4081350005
10
1237129.7460355423
20
449478.621915438
10
1237129.7873507193
20
449478.67523320904
10
1237129.9573538778
20
449478.90234308934
10
1237130.2560450188
20
449479.3032450788
10
1237130.6834241415
20
449479.87793917727
10
1237131.2394912462
20
449480.6264253849
10
1237131.6943175565
20
449481.2713285235
10
1237132.0479030719
20
449481.81264859304
10
1237132.3002477929
20
449482.25038559356
10
1237132.451351719
20
449482.584539525
10
1237132.6084718239
20
449482.9387380426
10
1237132.7716081075
20
449483.31298114645
10
1237132.9407605696
20
449483.70726883644
10
1237133.11592921
20
449484.12160111277
10
1237133.2035135305
20
449484.52788094897
10
1237133.2035135305
20
449484.92610834516
10
1237133.11592921
20
449485.31628330133
10
1237132.9407605696
20
449485.69840581727
10
1237132.622262537
20
449485.9678256074
10
1237132.1604351127
20
449486.1245426717
10
1237131.5552782966
20
449486.16855700995
10
1237130.8067920892
20
449486.09986862226
10
1237130.0583058815
20
449486.0124492134
10
1237129.3098196737
20
449485.9062987835
10
1237128.5613334659
20
449485.7814173324
10
1237127.8128472585
20
449485.6378048602
10
1237127.0643610507
20
449485.55133740214
10
1237126.3158748432
20
449485.52201495826
10
1237125.5673886356
20
449485.54983752855
10
1237124.8189024278
20
449485.634805113
10
1237124.07041622
20
449485.7787490588
10
1237123.3219300122
20
449485.9816693658
10
1237122.5734438046
20
449486.24356603407
10
1237121.8249575973
20
449486.56443906366
10
1237121.1853557823
20
449486.84829982015
10
1237120.6546383598
20
449487.09514830366
10
1237120.2328053303
20
449487.30498451414
10
1237119.9198566934
20
449487.4778084516
10
1237119.576260823
20
449487.6620822232
10
1237119.2020177192
20
449487.8578058291
10
1237118.797127382
20
449488.06497926917
10
1237118.361589811
20
449488.2836025435
10
1237117.847815081
20
449488.55033581035
10
1237117.2558031916
20
449488.8651790697
10
1237116.5855541432
20
449489.2281323216
10
1237115.8370679358
20
449489.639195566
10
1237115.2256360776
20
449489.97719292156
10
1237114.7512585686
20
449490.2421243882
10
1237114.4139354092
20
449490.43398996606
10
1237114.213666599
20
449490.55278965505
10
1237113.926410642
20
449490.7132038184
10
1237113.5521675383
20
449490.9152324562
10
1237113.0909372875
20
449491.1588755683
10
1237112.54271989
20
449491.44413315493
10
1237111.9444352898
20
449491.76666583866
10
1237111.296083487
20
449492.1264736195
10
1237110.597664482
20
449492.52355649753
10
1237109.8491782744
20
449492.9579144728
10
1237109.275484801
20
449493.2909006156
10
1237108.8765840617
20
449493.5225149262
10
1237108.6524760567
20
449493.65275740443
10
1237108.6031607862
20
449493.6816280503
10
1237108.391381599
20
449493.7935854172
10
1237108.017138495
20
449493.98862950515
10
1237107.4804314747
20
449494.2667603141
10
1237106.7812605374
20
449494.62797784404
10
1237106.079821227
20
449494.9957081609
10
1237105.3761135426
20
449495.3699512648
10
1237104.6701374846
20
449495.75070715556
10
1237103.9618930533
20
449496.13797583326
10
1237103.4206492854
20
449496.43388081994
10
1237103.0464061815
20
449496.6384221156
10
1237102.8391637416
20
449496.7515997203
10
1237102.7989219655
20
449496.7734136339
10
1237102.5816190816
20
449496.8913398598
10
1237102.1872550896
20
449497.1053783979
10
1237101.6158299898
20
449497.4155292482
10
1237100.8673437824
20
449497.82179241074
10
1237100.1494907937
20
449498.2065920655
10
1237099.4622710235
20
449498.56992821244
10
1237098.8056844727
20
449498.9118008517
10
1237098.1797311406
20
449499.2322099832
10
1237097.6796329226
20
449499.4875071979
10
1237097.3053898187
20
449499.67769249564
10
1237097.0570018291
20
449499.80276587664
10
1237096.9344689534
20
449499.8627273407
10
1237096.655447745
20
449500.00483027543
10
1237096.2199382032
20
449500.2290746807
10
1237095.6279403286
20
449500.53546055657
10
1237094.879454121
20
449500.92398790305
10
1237094.1704344577
20
449501.2903827622
10
1237093.5008813385
20
449501.634645134
10
1237092.8707947638
20
449501.9567750184
10
1237092.2801747331
20
449502.25677241554
10
1237091.7977431659
20
449502.50157370226
10
1237091.423500062
20
449502.6911788786
10
1237091.1574454217
20
449502.8255879446
10
1237090.9995792445
20
449502.9048009002
10
1237090.6940580597
20
449503.0672251085
10
1237090.2408818672
20
449503.31286056957
10
1237089.640050667
20
449503.64170728327
10
1237088.8915644598
20
449504.05376524973
10
1237088.1925831768
20
449504.427112546
10
1237087.543106818
20
449504.761749172
10
1237086.943135384
20
449505.0576751278
10
1237086.3926688745
20
449505.3148904134
10
1237085.9303140678
20
449505.531339596
10
1237085.5560709639
20
449505.70702267566
10
1237085.2699395628
20
449505.84193965234
10
1237085.0719198645
20
449505.936090526
10
1237084.7362835389
20
449506.0710311299
10
1237084.2630305858
20
449506.24676146405
10
1237083.6521610057
20
449506.4632815284
10
1237082.9036747983
20
449506.7205913229
10
1237082.1551885908
20
449506.9910503511
10
1237081.406702383
20
449507.274658613
10
1237080.6582161752
20
449507.5714161086
10
1237079.9097299674
20
449507.8813228377
10
1237079.3070926052
20
449508.1355325872
10
1237078.8503040883
20
449508.33404535695
10
1237078.5393644166
20
449508.4768611469
10
1237078.37427359
20
449508.56397995714
10
1237078.104606625
20
449508.71665065835
10
1237077.7303635213
20
449508.9348732505
10
1237077.2515442786
20
449509.21864773356
10
1237076.6681488974
20
449509.5679741075
10
1237076.0618445007
20
449509.9297588464
10
1237075.432631089
20
449510.3040019503
10
1237074.7805086619
20
449510.69070341904
10
1237074.1054772194
20
449511.0898632527
10
1237073.5808399464
20
449511.3998887586
10
1237073.2065968425
20
449511.6207799366
10
1237072.982747908
20
449511.7525367869
10
1237072.9092931426
20
449511.79515930946
10
1237072.6670805167
20
449511.9432018813
10
1237072.2561100302
20
449512.19666450244
10
1237071.676381683
20
449512.555547173
10
1237070.9278954756
20
449513.01984989294
10
1237070.2636797663
20
449513.4284671742
10
1237069.6837345553
20
449513.7813990168
10
1237069.1880598427
20
449514.0786454207
10
1237068.7766556286
20
449514.320206386
10
1237068.3838319695
20
449514.56622981647
10
1237068.0095888656
20
449514.81671571225
10
1237067.653926317
20
449515.07166407316
10
1237067.3168443234
20
449515.33107489935
10
1237066.9692939217
20
449515.6479018644
10
1237066.6112751113
20
449516.02214496816
10
1237066.242787893
20
449516.4538042109
10
1237065.8638322658
20
449516.9428795923
10
1237065.5111906005
20
449517.49680768035
10
1237065.184862897
20
449518.1155884749
10
1237064.8848491549
20
449518.7992219761
10
1237064.6111493746
20
449519.54770818376
10
1237064.3819168392
20
449520.21646498877
10
1237064.1971515487
20
449520.8054923911
10
1237064.0568535035
20
449521.3147903909
10
1237063.9610227032
20
449521.74435898813
10
1237063.8734788322
20
449522.14626483864
10
1237063.7942218909
20
449522.5205079424
10
1237063.723251879
20
449522.8670882996
10
1237063.6605687963
20
449523.18600591016
10
1237063.5786961198
20
449523.61231567
10
1237063.4776338493
20
449524.146017579
10
1237063.3573819844
20
449524.7871116374
10
1237063.2179405256
20
449525.5355978451
10
1237063.0771044893
20
449526.2840840528
10
1237062.9348738757
20
449527.0325702604
10
1237062.7912486847
20
449527.7810564681
10
1237062.646228916
20
449528.52954267577
10
1237062.5000541538
20
449529.27802888345
10
1237062.3527243985
20
449530.0265150911
10
1237062.2042396495
20
449530.77500129875
10
1237062.0545999075
20
449531.5234875065
10
1237061.9062214969
20
449532.2719737142
10
1237061.7591044183
20
449533.0204599218
10
1237061.6132486714
20
449533.7689461295
10
1237061.4686542563
20
449534.5174323371
10
1237061.3334315098
20
449535.2152594305
10
1237061.2075804323
20
449535.86242740974
10
1237061.0911010231
20
449536.45893627463
10
1237060.9839932828
20
449537.0047860253
10
1237060.894307261
20
449537.4648324526
10
1237060.822042958
20
449537.8390755564
10
1237060.767200374
20
449538.1275153368
10
1237060.7297795087
20
449538.3301517938
10
1237060.6659731893
20
449538.66925068846
10
1237060.5757814161
20
449539.1448120208
10
1237060.459204189
20
449539.7568357908
10
1237060.3162415074
20
449540.5053219985
10
1237060.1748743393
20
449541.2538082062
10
1237060.0351026845
20
449542.0022944138
10
1237059.8969265423
20
449542.7507806215
10
1237059.7603459135
20
449543.4992668292
10
1237059.6225937284
20
449544.2477530369
10
1237059.483669987
20
449544.99623924453
10
1237059.3435746897
20
449545.7447254522
10
1237059.2023078357
20
449546.4932116599
10
1237059.0565434578
20
449547.2416978676
10
1237058.9062815558
20
449547.9901840752
10
1237058.7515221294
20
449548.7386702829
10
1237058.5922651784
20
449549.48715649056
10
1237058.4400729085
20
449550.1985993775
10
1237058.2949453194
20
449550.87299894367
10
1237058.1568824109
20
449551.5103551891
10
1237058.025884183
20
449552.11066811386
10
1237057.9160525776
20
449552.59794612817
10
1237057.8273875944
20
449552.972189232
10
1237057.7598892339
20
449553.2333974254
10
1237057.7135574957
20
449553.3815707083
10
1237057.516731432
20
449553.6798222224
10
1237057.1694110427
20
449554.1281519678
10
1237056.6715963283
20
449554.7265599442
10
1237056.0232872886
20
449555.4750461519
10
1237055.5235941513
20
449556.0427772319
10
1237055.1725169166
20
449556.42975318414
10
1237054.9700555843
20
449556.63597400876
10
1237054.916210155
20
449556.6614397057
10
1237054.8556076495
20
449556.67417255417
10
1237054.7882480684
20
449556.67417255417
10
1237054.7141314116
20
449556.6614397057
10
1237054.633257679
20
449556.63597400876
10
1237054.4056992608
20
449556.58498215437
10
1237054.0314561569
20
449556.5084641425
10
1237053.5105283675
20
449556.40641997324
10
1237052.8429158924
20
449556.27884964645
10
1237052.1550849844
20
449556.108778968
10
1237051.4470356428
20
449555.89620793785
10
1237050.7187678684
20
449555.64113655593
10
1237049.9702816608
20
449555.3435648223
10
1237049.2832332808
20
449555.03954998526
10
1237048.657622728
20
449554.7290920448
10
1237048.093450003
20
449554.41219100094
10
1237047.5907151059
20
449554.08884685364
10
1237047.1522261053
20
449553.81381204363
10
1237046.7779830014
20
449553.58708657103
10
1237046.4679857944
20
449553.4086704357
10
1237046.2222344838
20
449553.2785636377
10
1237045.8507994493
20
449553.03196485265
10
1237045.3536806903
20
449552.66887408047
10
1237044.730878207
20
449552.18929132115
10
1237043.9823919996
20
449551.5932165748
10
1237043.4149532947
20
449551.14058434917
10
1237043.0285620927
20
449550.83139464434
10
1237042.8232183938
20
449550.66564746026
10
1237042.798922198
20
449550.64334279695
10
1237042.5996525479
20
449550.4675672911
10
1237042.2254094442
20
449550.13832094276
10
1237041.6761928864
20
449549.6556037518
10
1237040.9520028746
20
449549.01941571827
10
1237040.383032651
20
449548.51420014957
10
1237039.969282215
20
449548.1399570458
10
1237039.710751567
20
449547.8966864068
10
1237039.607440707
20
449547.7843882326
10
1237039.377091761
20
449547.5130430501
10
1237039.019704729
20
449547.0826508592
10
1237038.5352796114
20
449546.4932116599
10
1237037.9238164076
20
449545.7447254522
10
1237037.4567909688
20
449545.17432312865
10
1237037.134203295
20
449544.78200468933
10
1237036.956053386
20
449544.5677701341
10
1237036.9223412424
20
449544.531619463
10
1237036.7099355825
20
449544.3361223748
10
1237036.3188364068
20
449543.98127886944
10
1237035.749043715
20
449543.4670889469
10
1237035.0005575074
20
449542.79355260724
10
1237034.4253318578
20
449542.27870055323
10
1237034.0233667663
20
449541.922532785
10
1237033.7946622327
20
449541.72504930233
10
1237033.7392182574
20
449541.6862501054
10
1237033.5243747178
20
449541.5286058047
10
1237033.150131614
20
449541.2521164003
10
1237032.616488946
20
449540.856781892
10
1237031.9234467135
20
449540.34260227997
10
1237031.3413726464
20
449539.89839092206
10
1237030.870266744
20
449539.5241478182
10
1237030.5101290066
20
449539.2198729685
10
1237030.2609594339
20
449538.98556637287
10
1237029.9492530958
20
449538.6602431726
10
1237029.5750099919
20
449538.2439033678
10
1237029.1382301224
20
449537.73654695845
10
1237028.6389134873
20
449537.13817394455
10
1237028.223603604
20
449536.6518658857
10
1237027.892300472
20
449536.2776227818
10
1237027.6450040918
20
449536.015444633
10
1237027.4817144633
20
449535.8653314393
10
1237027.2129480971
20
449535.6105238848
10
1237026.8387049935
20
449535.2510219696
10
1237026.3589851519
20
449534.7868256937
10
1237025.7737885725
20
449534.2179350571
10
1237025.243024717
20
449533.7463681869
10
1237024.766693585
20
449533.372125083
10
1237024.3447951772
20
449533.09520574554
10
1237023.977329493
20
449532.91561017453
10
1237023.606475099
20
449532.7363826745
10
1237023.232231995
20
449532.55752324546
10
1237022.8546001813
20
449532.37903188745
10
1237022.4735796582
20
449532.2009086004
10
1237022.0006927135
20
449532.0159888872
10
1237021.4359393483
20
449531.82427274785
10
1237020.7793195616
20
449531.6257601823
10
1237020.0308333542
20
449531.42045119056
10
1237019.2823471464
20
449531.1754019779
10
1237018.5338609386
20
449530.89061254426
10
1237017.7853747308
20
449530.5660828897
10
1237017.0368885235
20
449530.20181301417
10
1237016.4753091359
20
449529.92841459415
10
1237016.1006365689
20
449529.7458876297
10
1237015.9128708218
20
449529.6542321208
10
1237015.912011895
20
449529.6534480674
10
1237015.7244608798
20
449529.46817161015
10
1237015.350217776
20
449529.0984027491
10
1237014.7892825834
20
449528.5441414843
10
1237014.0416553025
20
449527.80538781564
10
1237013.4789916393
20
449527.2488894294
10
1237013.1012915939
20
449526.8746463256
10
1237012.9085551663
20
449526.6826585042
10
1237012.9007823565
20
449526.67292596516
10
1237012.7097743996
20
449526.49776620965
10
1237012.3355312957
20
449526.1571792376
10
1237011.7780530448
20
449525.651165049
10
1237011.0373396473
20
449524.9797236439
10
1237010.4527080145
20
449524.45688138943
10
1237010.024158147
20
449524.08263828565
10
1237009.7516900445
20
449523.8569943324
10
1237009.6353037073
20
449523.7799495298
10
1237009.3899889868
20
449523.62848575745
10
1237009.0157458829
20
449523.40260301536
10
1237008.5125743959
20
449523.1023013036
10
1237007.8804745257
20
449522.727580622
10
1237007.219278071
20
449522.3872089
10
1237006.5289850319
20
449522.0811861375
10
1237005.8095954084
20
449521.8095123345
10
1237005.0611092006
20
449521.57218749105
10
1237004.3555877912
20
449521.5472052397
10
1237003.6930311802
20
449521.7345655805
10
1237003.0734393673
20
449522.13426851336
10
1237002.4968123527
20
449522.7463140384
10
1237002.0213772936
20
449523.2498587952
10
1237001.6471341897
20
449523.6449027838
10
1237001.3740830412
20
449523.9314460042
10
1237001.202223848
20
449524.1094884564
10
1237000.9371824313
20
449524.38563123444
10
1237000.578958791
20
449524.7598743382
10
1237000.1275529268
20
449525.2322177679
10
1236999.5829648392
20
449525.8026615234
10
1236999.1235492434
20
449526.2843758432
10
1236998.7493061395
20
449526.67736072734
10
1236998.4602355277
20
449526.98161617573
10
1236998.2563374075
20
449527.19714218855
10
1236997.985357573
20
449527.49202674686
10
1236997.6472960236
20
449527.86626985064
10
1236997.2421527596
20
449528.3198715
10
1236996.769927781
20
449528.85283169494
10
1236996.3466937398
20
449529.33033851674
10
1236995.9724506359
20
449529.7523919655
10
1236995.6471984694
20
449530.11899204116
10
1236995.3709372405
20
449530.4301387437
10
1236995.0724543426
20
449530.772833647
10
1236994.751749776
20
449531.1470767508
10
1236994.4088235404
20
449531.5528680553
10
1236994.0436756364
20
449531.99020756036
10
1236993.6739801322
20
449532.4222782951
10
1236993.2997370285
20
449532.84908025956
10
1236992.920946325
20
449533.27061345364
10
1236992.5376080214
20
449533.68687787745
10
1236992.1812970173
20
449534.0821316413
10
1236991.852013312
20
449534.45637474506
10
1236991.549756906
20
449534.8096071889
10
1236991.274527799
20
449535.14182897285
10
1236990.9497916936
20
449535.5236486975
10
1236990.5755485897
20
449535.9550663629
10
1236990.1517984874
20
449536.4360819692
10
1236989.6785413867
20
449536.96669551614
10
1236989.2729757682
20
449537.41912384157
10
1236988.9351016318
20
449537.79336694547
10
1236988.6649189775
20
449538.0894248277
10
1236988.4624278054
20
449538.3072974883
10
1236988.1740606674
20
449538.64397953585
10
1236987.7998175635
20
449539.0994709702
10
1236987.3396984937
20
449539.67377179157
10
1236986.7937034583
20
449540.3668819997
10
1236986.3748026588
20
449540.90055865573
10
1236986.0829960958
20
449541.27480175963
10
1236985.918283769
20
449541.4896113113
10
1236985.880665678
20
449541.5449873107
10
1236985.6823128543
20
449541.77364086226
10
1236985.3232252975
20
449542.17557196587
10
1236984.8034030076
20
449542.7507806215
10
1236984.1228459843
20
449543.4992668292
10
1236983.6048504435
20
449544.06818674016
10
1236983.2494163853
20
449544.45754035434
10
1236983.0565438091
20
449544.6673276718
10
1236983.026232715
20
449544.69754869246
10
1236982.8708543235
20
449544.89978075476
10
1236982.5904086346
20
449545.2740238586
10
1236982.184895648
20
449545.82027800404
10
1236981.6543153636
20
449546.538543191
10
1236981.2019036696
20
449547.13907036727
10
1236980.8276605657
20
449547.6218595329
10
1236980.5315860522
20
449547.98691068793
10
1236980.3136801287
20
449548.2342238323
10
1236980.0374651258
20
449548.54500195646
10
1236979.7029410438
20
449548.91924506024
10
1236979.3101078821
20
449549.35695314384
10
1236978.858965641
20
449549.8581262071
10
1236978.4462729683
20
449550.31343283167
10
1236978.0720298644
20
449550.72287301766
10
1236977.7362363294
20
449551.086446765
10
1236977.4388923629
20
449551.40415407356
10
1236977.112784097
20
449551.7501292798
10
1236976.7579115315
20
449552.1243723836
10
1236976.374274667
20
449552.526883385
10
1236975.9618735025
20
449552.95766228414
10
1236975.5685513685
20
449553.36553563597
10
1236975.1943082646
20
449553.7505034404
10
1236974.839144191
20
449554.11256569775
10
1236974.5030591476
20
449554.45172240783
10
1236974.1545881801
20
449554.80842231476
10
1236973.793731288
20
449555.1826654186
10
1236973.420488472
20
449555.57445171935
10
1236973.0348597323
20
449555.98378121696
10
1236972.6549238102
20
449556.3867740553
10
1236972.2806807065
20
449556.7834302344
10
1236971.9121304208
20
449557.1737497542
10
1236971.5492729528
20
449557.5577326148
10
1236971.1788353834
20
449557.936845597
10
1236970.800817712
20
449558.3110887008
10
1236970.4152199386
20
449558.68046192627
10
1236970.0220420635
20
449559.04496527335
10
1236969.638331574
20
449559.42622518074
10
1236969.26408847
20
449559.8242416483
10
1236968.8993127518
20
449560.2390146762
10
1236968.5440044196
20
449560.6705442644
10
1236968.16730106
20
449561.0734306103
10
1236967.7692026726
20
449561.44767371414
10
1236967.3497092584
20
449561.79327357584
10
1236966.9088208165
20
449562.1102301954
10
1236966.5012550438
20
449562.460432704
10
1236966.1270119399
20
449562.8438811016
10
1236965.786091505
20
449563.26057538815
10
1236965.4784937392
20
449563.7105155638
10
1236965.2079221923
20
449564.1226072035
10
1236964.9743768647
20
449564.4968503073
10
1236964.7778577565
20
449564.83324487525
10
1236964.6183648675
20
449565.13179090736
10
1236964.4428135445
20
449565.54282198334
10
1236964.2512037875
20
449566.0663381032
10
1236964.0435355962
20
449566.70233926695
10
1236963.8198089711
20
449567.4508254746
10
1236963.6475452539
20
449568.19931168226
10
1236963.5267444453
20
449568.9477978899
10
1236963.4574065446
20
449569.69628409756
10
1236963.4395315526
20
449570.4447703053
10
1236963.4883332497
20
449571.193256513
10
1236963.603811636
20
449571.9417427206
10
1236963.785966712
20
449572.6902289283
10
1236964.0347984775
20
449573.43871513597
10
1236964.2594879868
20
449574.054198995
10
1236964.4600352403
20
449574.53668050544
10
1236964.6364402373
20
449574.8861596673
10
1236964.7887029785
20
449575.1026364806
10
1236965.038647431
20
449575.39799643913
10
1236965.3862735953
20
449575.7722395429
10
1236965.831581471
20
449576.22536579205
10
1236966.3745710584
20
449576.75737518654
10
1236966.8331874039
20
449577.2067872635
10
1236967.2074305075
20
449577.57360202307
10
1236967.4973003697
20
449577.8578194652
10
1236967.7027969903
20
449578.05943958985
10
1236967.9998056726
20
449578.3473712041
10
1236968.388326417
20
449578.72161430796
10
1236968.868359223
20
449579.1821689014
10
1236969.439904091
20
449579.72903498437
10
1236969.9127980769
20
449580.195682628
10
1236970.2870411808
20
449580.58211183234
10
1236970.5626334024
20
449580.88832259737
10
1236970.739574742
20
449581.1143149232
10
1236970.9799745735
20
449581.414432638
10
1236971.283832897
20
449581.78867574176
10
1236971.651149712
20
449582.23704423464
10
1236972.0819250187
20
449582.75953811663
10
1236972.4844342242
20
449583.27612929133
10
1236972.8586773279
20
449583.7868177588
10
1236973.2046543302
20
449584.29160351906
10
1236973.5223652313
20
449584.79048657214
10
1236973.8096117703
20
449585.2270496506
10
1236974.0663939475
20
449585.6012927544
10
1236974.2927117632
20
449585.91321588366
10
1236974.4885652168
20
449586.16281903826
10
1236974.7262430624
20
449586.5371429561
10
1236975.0057453
20
449587.03618763725
10
1236975.3270719291
20
449587.65995308163
10
1236975.69022295
20
449588.4084392894
10
1236976.0098484387
20
449589.15692549705
10
1236976.2859483953
20
449589.9054117047
10
1236976.5185228197
20
449590.65389791236
10
1236976.7075717119
20
449591.40238412004
10
1236976.836699906
20
449592.1508703277
10
1236976.9059074023
20
449592.8993565354
10
1236976.9151942004
20
449593.6478427431
10
1236976.864560301
20
449594.3963289507
10
1236976.704618311
20
449595.14481515833
10
1236976.435368231
20
449595.89330136613
10
1236976.056810061
20
449596.64178757375
10
1236975.5689438009
20
449597.3902737814
10
1236975.150655804
20
449597.98646400403
10
1236974.8019460705
20
449598.4303582416
10
1236974.5228146
20
449598.7219564942
10
1236974.3132613932
20
449598.8612587617
10
1236973.9689749358
20
449599.069215409
10
1236973.4899552285
20
449599.345826436
10
1236972.8762022709
20
449599.6910918427
10
1236972.127716063
20
449600.1050116291
10
1236971.4882581024
20
449600.46426750737
10
1236970.9578283895
20
449600.7688594775
10
1236970.5364269232
20
449601.01878753933
10
1236970.2240537044
20
449601.2140516931
10
1236969.9175435787
20
449601.5476213603
10
1236969.616896546
20
449602.0194965409
10
1236969.3221126064
20
449602.6296772351
10
1236969.03319176
20
449603.3781634428
10
1236968.919069119
20
449604.12664965045
10
1236968.9797446837
20
449604.8751358581
10
1236969.2152184537
20
449605.62362206576
10
1236969.6254904293
20
449606.37210827344
10
1236969.9809499332
20
449606.99805943633
10
1236970.281596966
20
449607.50147555454
10
1236970.5274315272
20
449607.8823566279
10
1236970.7184536168
20
449608.14070265647
10
1236970.9426715076
20
449608.45699722273
10
1236971.200085199
20
449608.8312403265
10
1236971.4906946917
20
449609.26343196793
10
1236971.8144999852
20
449609.7535721471
10
1236972.163524184
20
449610.23797247326
10
1236972.5377672876
20
449610.7166329464
0
LWPOLYLINE
5
38
330
C
100
AcDbEntity
8
C-TOPO-MAJR-E
100
AcDbPolyline
90
66
70
0
43
0
38
0
39
0
10
1237052.4649928426
20
449610.4850449617
10
1237052.8392359465
20
449610.3478825354
10
1237053.3278715839
20
449610.17456077563
10
1237053.9308997546
20
449609.96507968236
10
1237054.5702924347
20
449609.80266695155
10
1237055.246049624
20
449609.68732258317
10
1237055.9581713222
20
449609.61904657725
10
1237056.7066575296
20
449609.5978389338
10
1237057.4551437371
20
449609.5471727996
10
1237058.203629945
20
449609.4670481747
10
1237058.9521161527
20
449609.3574650589
10
1237059.7006023605
20
449609.21842345234
10
1237060.4490885683
20
449609.0327200814
10
1237061.1975747761
20
449608.80035494606
10
1237061.9460609837
20
449608.52132804634
10
1237062.694547191
20
449608.1956393821
10
1237063.2915885283
20
449607.9381060839
10
1237063.737184995
20
449607.7487281518
10
1237064.0313365913
20
449607.62750558555
10
1237064.1740433176
20
449607.5744383853
10
1237064.4325182324
20
449607.48481125676
10
1237064.806761336
20
449607.3586242
10
1237065.2967726288
20
449607.1958772149
10
1237065.9025521106
20
449606.9965703015
10
1237066.5440082739
20
449606.7934011474
10
1237067.2211411186
20
449606.58636975277
10
1237067.933950645
20
449606.3754761174
10
1237068.6824368523
20
449606.1607202415
10
1237069.43092306
20
449605.93142632616
10
1237070.1794092678
20
449605.68759437156
10
1237070.9278954756
20
449605.4292243777
10
1237071.676381683
20
449605.1563163445
10
1237072.2934972811
20
449604.9362564733
10
1237072.7792422697
20
449604.76904476417
10
1237073.1336166486
20
449604.65468121704
10
1237073.356620418
20
449604.593165832
10
1237073.6552438545
20
449604.5047211909
10
1237074.0294869584
20
449604.3893472939
10
1237074.4793497296
20
449604.2470441408
10
1237075.0048321676
20
449604.0778117317
10
1237075.5860655485
20
449603.93198946153
10
1237076.2230498716
20
449603.80957733013
10
1237076.915785137
20
449603.7105753375
10
1237077.6642713444
20
449603.63498348364
10
1237078.4127575522
20
449603.61379476765
10
1237079.1612437598
20
449603.64700918953
10
1237079.9097299674
20
449603.73462674924
10
1237080.6582161752
20
449603.8766474468
10
1237081.262683274
20
449604.0088638613
10
1237081.7231312636
20
449604.1312759927
10
1237082.0395601445
20
449604.2438838411
10
1237082.211969916
20
449604.3466874063
10
1237082.4827990388
20
449604.6109116322
10
1237082.8520475125
20
449605.03655651864
10
1237083.3197153371
20
449605.62362206576
10
1237083.8858025125
20
449606.37210827344
10
1237084.3128652093
20
449606.9375446903
10
1237084.6009034272
20
449607.3199313166
10
1237084.7499171663
20
449607.519268152
10
1237084.7599064268
20
449607.5355551967
10
1237084.8852918025
20
449607.73082027095
10
1237085.1260732936
20
449608.1050633748
10
1237085.4822509002
20
449608.6582845082
10
1237085.9538246223
20
449609.3904836711
10
1237086.3767330353
20
449610.0331259448
10
1237086.750976139
20
449610.58621132903
0
LWPOLYLINE
5
39
330
C
100
AcDbEntity
8
C-TOPO-MAJR-E
100
AcDbPolyline
90
104
70
0
43
0
38
0
39
0
10
1237013.2800291623
20
449367.9792511306
10
1237013.2575407384
20
449368.02895853814
10
1237013.2125638907
20
449368.12837335304
10
1237013.1450986192
20
449368.2774955755
10
1237013.0551449242
20
449368.47632520547
10
1237012.9152212536
20
449368.7628615723
10
1237012.725327608
20
449369.1371046761
10
1237012.485463987
20
449369.59905451693
10
1237012.1956303907
20
449370.1487110947
10
1237011.8888086686
20
449370.74807507993
10
1237011.5649988204
20
449371.3971464726
10
1237011.2242008464
20
449372.0959252728
10
1237010.8664147463
20
449372.8444114805
10
1237010.5728585431
20
449373.47538741084
10
1237010.3435322377
20
449373.9888530639
10
1237010.178435829
20
449374.38480843964
10
1237010.0775693175
20
449374.66325353814
10
1237009.9529605783
20
449374.9895976393
10
1237009.8046096112
20
449375.36384074314
10
1237009.632516416
20
449375.78598284966
10
1237009.4366809928
20
449376.2560239588
10
1237009.2797438956
20
449376.7956763426
10
1237009.1617051242
20
449377.4049400011
10
1237009.0825646783
20
449378.0838149341
10
1237009.0423225581
20
449378.8323011418
10
1237009.0711603537
20
449379.47787144134
10
1237009.169078065
20
449380.02052583266
10
1237009.3360756924
20
449380.4602643159
10
1237009.5721532356
20
449380.79708689096
10
1237009.9363329448
20
449381.1295836635
10
1237010.4286148204
20
449381.4577546334
10
1237011.048998862
20
449381.7815998008
10
1237011.7974850694
20
449382.1011191657
10
1237012.50181373
20
449382.3637947563
10
1237013.1619848434
20
449382.5696265726
10
1237013.7779984097
20
449382.7186146146
10
1237014.3498544283
20
449382.8107588823
10
1237014.8229039898
20
449382.88284437964
10
1237015.1971470937
20
449382.9348711067
10
1237015.47258374
20
449382.9668390633
10
1237015.6492139287
20
449382.9787482495
10
1237015.9688081222
20
449383.00275032676
10
1237016.4313663205
20
449383.03884529526
10
1237017.0368885235
20
449383.0870331549
10
1237017.7853747308
20
449383.14731390565
10
1237018.5338609386
20
449383.18628558103
10
1237019.2823471464
20
449383.20394818124
10
1237020.0308333542
20
449383.20030170603
10
1237020.7793195616
20
449383.1753461555
10
1237021.375236254
20
449383.144820896
10
1237021.8185834307
20
449383.1087259276
10
1237022.1093610923
20
449383.0670612501
10
1237022.247569238
20
449383.01982686366
10
1237022.503794863
20
449382.9179990344
10
1237022.8780379668
20
449382.7615777623
10
1237023.3702985495
20
449382.5505630475
10
1237023.9805766111
20
449382.28495488997
10
1237024.6254067093
20
449381.97633398254
10
1237025.304788844
20
449381.6247003253
10
1237026.0187230152
20
449381.23005391826
10
1237026.767209223
20
449380.7923947614
10
1237027.3439874058
20
449380.45284567046
10
1237027.7490575635
20
449380.2114066455
10
1237027.9824196964
20
449380.06807768636
10
1237028.0440738043
20
449380.02285879315
10
1237028.2620224103
20
449379.86958542094
10
1237028.636265514
20
449379.60825756966
10
1237029.1668031157
20
449379.2388752394
10
1237029.8536352154
20
449378.76143843017
10
1237030.4531769748
20
449378.3355984736
10
1237030.965428394
20
449377.9613553698
10
1237031.3903894727
20
449377.63870911865
10
1237031.7280602113
20
449377.36765972024
10
1237032.0840171324
20
449377.08955161466
10
1237032.4582602363
20
449376.8043848018
10
1237032.8507895228
20
449376.51215928176
10
1237033.261604992
20
449376.2128750545
10
1237033.6984066472
20
449375.8761113889
10
1237034.1611944882
20
449375.50186828506
10
1237034.6499685152
20
449375.0901457429
10
1237035.164728728
20
449374.6409437626
10
1237035.609230386
20
449374.25549305056
10
1237035.98347349
20
449373.9337936068
10
1237036.2874580394
20
449373.6758454315
10
1237036.5211840342
20
449373.48164852464
10
1237036.8836000822
20
449373.2013492763
10
1237037.3747061836
20
449372.8349476866
10
1237037.994502338
20
449372.3824437555
10
1237038.7429885454
20
449371.843837483
10
1237039.3088023372
20
449371.4359620216
10
1237039.6919437128
20
449371.15881737124
10
1237039.8924126723
20
449371.01240353193
10
1237039.910209216
20
449370.99672050367
10
1237040.1062290396
20
449370.8280230002
10
1237040.4804721433
20
449370.5063110216
10
1237041.0329385274
20
449370.03158456786
10
1237041.7636281915
20
449369.40384363884
10
1237042.3432495322
20
449368.90285162244
10
1237042.7718025493
20
449368.52860851865
10
1237043.0492872426
20
449368.2811143274
10
1237043.1757036124
20
449368.16036904865
10
1237043.2705158899
20
449368.06981008966
10
1237043.3337240748
20
449368.0094374503
10
1237043.3653281673
20
449367.9792511306
0
LWPOLYLINE
5
3A
330
C
100
AcDbEntity
8
C-TOPO-MAJR-E
100
AcDbPolyline
90
775
70
0
43
0
38
0
39
0
10
1237188.597322761
20
449367.9792511306
10
1237188.4705534985
20
449368.0336609681
10
1237188.2170149735
20
449368.1424806431
10
1237187.836707186
20
449368.3057101556
10
1237187.3296301356
20
449368.52334950556
10
1237186.762200796
20
449368.74741300475
10
1237186.1344191672
20
449368.97790065303
10
1237185.4462852487
20
449369.2148124506
10
1237184.6977990414
20
449369.4581483974
10
1237183.9493128336
20
449369.6744230814
10
1237183.2008266258
20
449369.86363650265
10
1237182.4523404182
20
449370.0257886612
10
1237181.7038542107
20
449370.1608795571
10
1237180.9690262421
20
449370.30030273274
10
1237180.2478565131
20
449370.4440581881
10
1237179.5403450232
20
449370.5921459234
10
1237178.8464917724
20
449370.7445659386
10
1237178.3124435954
20
449370.8613377748
10
1237177.9382004915
20
449370.94246143196
10
1237177.723762461
20
449370.98793691024
10
1237177.669129504
20
449370.9977642095
10
1237177.4410332341
20
449371.0609065228
10
1237177.039473652
20
449371.17736385006
10
1237176.4644507568
20
449371.34713619127
10
1237175.7159645495
20
449371.57022354647
10
1237174.967478342
20
449371.79572797805
10
1237174.218992134
20
449372.02364948596
10
1237173.4705059263
20
449372.2539880702
10
1237172.7220197185
20
449372.48674373067
10
1237172.001892078
20
449372.7320144492
10
1237171.310123005
20
449372.9898002258
10
1237170.646712499
20
449373.2601010604
10
1237170.0116605603
20
449373.54291695304
10
1237169.507013039
20
449373.77103071276
10
1237169.1327699353
20
449373.9444423395
10
1237168.8889312488
20
449374.06315183337
10
1237168.77549698
20
449374.1271591942
10
1237168.5097041158
20
449374.3462844266
10
1237168.0915526561
20
449374.7205275304
10
1237167.5210426012
20
449375.2498885058
10
1237166.7981739515
20
449375.9343673526
10
1237166.2496180744
20
449376.45399775135
10
1237165.8753749705
20
449376.80877970194
10
1237165.6754446398
20
449376.99871320464
10
1237165.6498270822
20
449377.02379825944
10
1237165.4435952692
20
449377.2234623387
10
1237165.0567492011
20
449377.59770544246
10
1237164.4892888777
20
449378.1465275709
10
1237163.7412142986
20
449378.86992872384
10
1237163.1800554572
20
449379.41257632
10
1237162.8058123533
20
449379.7744703593
10
1237162.618484987
20
449379.9556108418
10
1237162.6180733582
20
449379.9559977675
10
1237162.4306430847
20
449380.11009885377
10
1237162.0561941664
20
449380.41791410063
10
1237161.4947266034
20
449380.8794435081
10
1237160.746240396
20
449381.49468707625
10
1237160.1617319968
20
449381.98933368083
10
1237159.7412014059
20
449382.3633833218
10
1237159.4846486235
20
449382.61683599924
10
1237159.3920736497
20
449382.74969171314
10
1237159.1586646107
20
449382.9659417829
10
1237158.7844215068
20
449383.26558620867
10
1237158.269344338
20
449383.64862499037
10
1237157.6134331042
20
449384.11505812797
10
1237157.0446444587
20
449384.5353962487
10
1237156.5629784008
20
449384.90963935247
10
1237156.1684349314
20
449385.2377874395
10
1237155.86101405
20
449385.5198405095
10
1237155.5201820573
20
449385.8292150907
10
1237155.1459389534
20
449386.1659111831
10
1237154.7382847385
20
449386.5299287866
10
1237154.2972194126
20
449386.92126790126
10
1237153.8591417992
20
449387.3040590105
10
1237153.4240518983
20
449387.6783021143
10
1237152.9919497103
20
449388.0439972128
10
1237152.562835235
20
449388.4011443058
10
1237152.1611564453
20
449388.74433837854
10
1237151.7869133414
20
449389.07357943105
10
1237151.4401059232
20
449389.3888674633
10
1237151.1207341908
20
449389.6902024752
10
1237150.6940838397
20
449389.9965806586
10
1237150.1601548695
20
449390.30800201354
10
1237149.5189472807
20
449390.62446653994
10
1237148.7704610734
20
449390.94597423775
10
1237148.0219748658
20
449391.036810661
10
1237147.273488658
20
449390.8969758096
10
1237146.5250024502
20
449390.5264696835
10
1237145.7765162424
20
449389.9252922828
10
1237145.2118464392
20
449389.46899290493
10
1237144.8309930405
20
449389.15757155
10
1237144.6339560463
20
449388.991028218
10
1237144.6207354562
20
449388.969362909
10
1237144.4270036095
20
449388.83342601976
10
1237144.0527605056
20
449388.5832175505
10
1237143.4980061448
20
449388.21873750107
10
1237142.762740527
20
449387.73998587154
10
1237142.0775941191
20
449387.31348850485
10
1237141.4425669212
20
449386.93924540107
10
1237140.8576589331
20
449386.6172565601
10
1237140.322870155
20
449386.3475219819
10
1237139.8683542144
20
449386.1220003031
10
1237139.4941111105
20
449385.94069152366
10
1237139.2001408436
20
449385.80359564355
10
1237138.986443414
20
449385.71071266284
10
1237138.6390487899
20
449385.57598750235
10
1237138.1579569713
20
449385.39942016214
10
1237137.543167958
20
449385.1810106422
10
1237136.7946817507
20
449384.9207589426
10
1237136.046195543
20
449384.6616588528
10
1237135.297709335
20
449384.403710373
10
1237134.5492231273
20
449384.14691350306
10
1237133.80073692
20
449383.89126824297
10
1237133.0522507122
20
449383.8158173788
10
1237132.3037645044
20
449383.9205609104
10
1237131.5552782966
20
449384.2054988379
10
1237130.8067920892
20
449384.67063116137
10
1237130.210759573
20
449385.05539230816
10
1237129.7671807483
20
449385.3597822783
10
1237129.4760556149
20
449385.583801072
10
1237129.3373841734
20
449385.72744868905
10
1237129.2680484524
20
449385.92939737
10
1237129.2680484524
20
449386.1896471149
10
1237129.3373841734
20
449386.50819792366
10
1237129.4760556149
20
449386.8850497963
10
1237129.6062112118
20
449387.26059728453
10
1237129.727850964
20
449387.6348403883
10
1237129.8409748713
20
449388.0077791078
10
1237129.9455829337
20
449388.3794134428
10
1237130.1360675185
20
449388.84526074596
10
1237130.4124286252
20
449389.4053210174
10
1237130.7746662542
20
449390.05959425686
10
1237131.2227804058
20
449390.8080804645
10
1237131.6078070176
20
449391.43633454887
10
1237131.9297460902
20
449391.9443565098
10
1237132.1885976235
20
449392.33214634744
10
1237132.3843616173
20
449392.59970406187
10
1237132.6142200192
20
449392.92060447094
10
1237132.8781728293
20
449393.2948475747
10
1237133.1762200473
20
449393.72243337333
10
1237133.5083616732
20
449394.2033618667
10
1237133.8615540382
20
449394.6927284541
10
1237134.2357971421
20
449395.19053313544
10
1237134.631090985
20
449395.69677591085
10
1237135.0474355666
20
449396.21145678026
10
1237135.4065201967
20
449396.65591876686
10
1237135.7083448758
20
449397.0301618707
10
1237135.9529096032
20
449397.3341860917
10
1237136.1402143794
20
449397.56799143006
10
1237136.3806715729
20
449397.9304669857
10
1237136.6742811832
20
449398.4216127586
10
1237137.021043211
20
449399.0414287489
10
1237137.4209576559
20
449399.7899149566
10
1237137.7612102362
20
449400.4790654015
10
1237138.0418009518
20
449401.1088800836
10
1237138.2627298029
20
449401.67935900297
10
1237138.4239967896
20
449402.19050215953
10
1237138.5637384625
20
449402.6331952897
10
1237138.6819548216
20
449403.00743839354
10
1237138.7786458672
20
449403.31323147105
10
1237138.853811599
20
449403.5505745221
10
1237138.9452913844
20
449403.9157033623
10
1237139.0530852235
20
449404.4086179917
10
1237139.177193116
20
449405.0293184102
10
1237139.3176150622
20
449405.7778046179
10
1237139.4768963528
20
449406.52629082557
10
1237139.655036988
20
449407.27477703325
10
1237139.8520369676
20
449408.02326324093
10
1237140.067896292
20
449408.7717494486
10
1237140.299763552
20
449409.5202356563
10
1237140.5476387474
20
449410.2687218639
10
1237140.8115218782
20
449411.0172080716
10
1237141.091412945
20
449411.7656942793
10
1237141.3106182795
20
449412.3496276435
10
1237141.469137882
20
449412.7690081643
10
1237141.566971753
20
449413.02383584157
10
1237141.604119892
20
449413.1141106754
10
1237141.6930195896
20
449413.3463696443
10
1237141.8336708457
20
449413.72061274806
10
1237142.0260736605
20
449414.2368399869
10
1237142.2702280341
20
449414.89505136077
10
1237142.536199871
20
449415.5758314431
10
1237142.8239891718
20
449416.2791802338
10
1237143.133595936
20
449417.005097733
10
1237143.465020164
20
449417.7535839406
10
1237143.7568152365
20
449418.43162400485
10
1237144.0089811534
20
449419.03921792575
10
1237144.2215179151
20
449419.57636570325
10
1237144.3944255214
20
449420.0430673373
10
1237144.5487650263
20
449420.4635397063
10
1237144.68453643
20
449420.83778281015
10
1237144.8017397325
20
449421.1657966488
10
1237144.9003749334
20
449421.4475812224
10
1237144.971377907
20
449421.8460412045
10
1237145.0147486534
20
449422.3611765951
10
1237145.0304871723
20
449422.9929873943
10
1237145.0185934638
20
449423.741473602
10
1237144.9879878093
20
449424.363993373
10
1237144.938670209
20
449424.8605467071
10
1237144.8706406623
20
449425.2311336046
10
1237144.7838991696
20
449425.4757540653
10
1237144.6419110002
20
449425.78518584766
10
1237144.4446761543
20
449426.1594289515
10
1237144.1921946313
20
449426.5984833769
10
1237143.8844664318
20
449427.1023491238
10
1237143.54348078
20
449427.6016149912
10
1237143.169237676
20
449428.0962809791
10
1237142.76173712
20
449428.5863470874
10
1237142.3209791123
20
449429.0718133162
10
1237141.8039460878
20
449429.50166798255
10
1237141.2106380472
20
449429.87591108633
10
1237140.54105499
20
449430.19454262767
10
1237139.7951969164
20
449430.45756260655
10
1237139.2351463279
20
449430.6550072429
10
1237138.860903224
20
449430.7868765368
10
1237138.672467605
20
449430.85317048815
10
1237138.6698394709
20
449430.853889097
10
1237138.4807468182
20
449430.88996689516
10
1237138.1051896475
20
449430.9614038828
10
1237137.543167958
20
449431.06820005964
10
1237136.7946817507
20
449431.2103554259
10
1237136.046195543
20
449431.3785706464
10
1237135.297709335
20
449431.57284572104
10
1237134.5492231273
20
449431.79318065
10
1237133.80073692
20
449432.0395754331
10
1237133.1220922237
20
449432.31417588284
10
1237132.5132890388
20
449432.61698199913
10
1237131.9743273654
20
449432.947993782
10
1237131.5052072038
20
449433.30721123144
10
1237131.083525571
20
449433.6590581985
10
1237130.7092824671
20
449434.00353468326
10
1237130.3824778923
20
449434.34064068564
10
1237130.1031118464
20
449434.67037620576
10
1237129.825900288
20
449435.02236551774
10
1237129.5508432172
20
449435.3966086215
10
1237129.277940634
20
449435.7931055172
10
1237129.0071925381
20
449436.21185620484
10
1237128.7277339525
20
449436.7130407724
10
1237128.4395648765
20
449437.29665922
10
1237128.1426853107
20
449437.9627115477
10
1237127.8370952548
20
449438.71119775536
10
1237127.5648656988
20
449439.3983555497
10
1237127.325996643
20
449440.0241849308
10
1237127.120488087
20
449440.5886858985
10
1237126.9483400309
20
449441.09185845294
10
1237126.8026674616
20
449441.5305662821
10
1237126.6834703789
20
449441.9048093859
10
1237126.5907487827
20
449442.21458776447
10
1237126.5245026737
20
449442.4599014177
10
1237126.43975673
20
449442.83100820956
10
1237126.3365109528
20
449443.32790814
10
1237126.2147653413
20
449443.9506012091
10
1237126.074519896
20
449444.6990874168
10
1237125.9337663949
20
449445.4475736245
10
1237125.792504838
20
449446.1960598321
10
1237125.6507352258
20
449446.9445460398
10
1237125.5084575578
20
449447.6930322474
10
1237125.3018200607
20
449448.4214900767
10
1237125.030822734
20
449449.12991952756
10
1237124.6954655785
20
449449.81832059997
10
1237124.2957485935
20
449450.486693294
10
1237123.8989021142
20
449451.008001193
10
1237123.5049261407
20
449451.3822442968
10
1237123.1138206725
20
449451.6094226055
10
1237122.7255857103
20
449451.6895361191
10
1237122.344346677
20
449451.7614974712
10
1237121.970103573
20
449451.8253066618
10
1237121.6028563986
20
449451.88096369087
10
1237121.2426051535
20
449451.92846855836
10
1237120.7852951677
20
449452.1124065016
10
1237120.2309264413
20
449452.4327775207
10
1237119.5794989741
20
449452.88958161545
10
1237118.8310127663
20
449453.482818786
10
1237118.2667823646
20
449453.95468270633
10
1237117.886807769
20
449454.3051733764
10
1237117.6910889794
20
449454.53429079626
10
1237117.6796259957
20
449454.64203496586
10
1237117.6738945039
20
449454.7274228305
10
1237117.6738945039
20
449454.7904543901
10
1237117.6796259957
20
449454.8311296447
10
1237117.6910889794
20
449454.8494485943
10
1237117.8035488562
20
449455.0457296211
10
1237118.0170056259
20
449455.4199727249
10
1237118.331459289
20
449455.97217790585
10
1237118.7469098452
20
449456.7023451639
10
1237119.1417566752
20
449457.3945789909
10
1237119.515999779
20
449458.0488793866
10
1237119.8696391566
20
449458.6652463512
10
1237120.2026748082
20
449459.2436798847
10
1237120.4771982338
20
449459.72001820337
10
1237120.693209433
20
449460.09426130715
10
1237120.850708406
20
449460.36640919617
10
1237120.9496951532
20
449460.5364618704
10
1237121.1689947138
20
449460.85112292797
10
1237121.5086070881
20
449461.3103923689
10
1237121.968532276
20
449461.9142701932
10
1237122.548770278
20
449462.6627564009
10
1237123.001264144
20
449463.24389382976
10
1237123.3260138743
20
449463.65768247994
10
1237123.5230194689
20
449463.9041223514
10
1237123.5922809278
20
449463.983213444
10
1237123.77743397
20
449464.2098805423
10
1237124.0784785952
20
449464.5841236461
10
1237124.4954148037
20
449465.10594275553
10
1237125.0282425955
20
449465.7753378705
10
1237125.4817780433
20
449466.34435806476
10
1237125.8560211472
20
449466.8130033383
10
1237126.150971907
20
449467.181273691
10
1237126.3666303228
20
449467.449169123
10
1237126.625847656
20
449467.77023839095
10
1237126.9286239068
20
449468.1444814948
10
1237127.2749590748
20
449468.57189843454
10
1237127.6648531598
20
449469.0524892102
10
1237128.0469217543
20
449469.5129901727
10
1237128.4211648582
20
449469.95340132195
10
1237128.7875824713
20
449470.37372265814
10
1237129.1461745938
20
449470.77395418123
10
1237129.482380029
20
449471.1611914946
10
1237129.7961987776
20
449471.53543459845
10
1237130.0876308386
20
449471.8966834927
10
1237130.3566762127
20
449472.24493817735
10
1237130.6783204516
20
449472.6641475575
10
1237131.0525635555
20
449473.1543116331
10
1237131.4794055242
20
449473.7154304042
10
1237131.9588463577
20
449474.3475038707
10
1237132.3411455324
20
449474.8506621559
10
1237132.626303048
20
449475.2249052598
10
1237132.8143189047
20
449475.47023318225
10
1237132.9051931023
20
449475.5866459234
10
1237133.1272947527
20
449475.8610770312
10
1237133.4806238567
20
449476.2935265055
10
1237133.965180413
20
449476.8839943466
10
1237134.5809644228
20
449477.6324805542
10
1237135.05325943
20
449478.2057009751
10
1237135.3820654352
20
449478.6036556092
10
1237135.5673824379
20
449478.8263444564
10
1237135.6092104383
20
449478.873767517
10
1237135.7834646122
20
449479.08460059913
10
1237136.0901449595
20
449479.4588437029
10
1237136.5292514802
20
449479.99649682845
10
1237137.1007841744
20
449480.6975599756
10
1237137.5736720734
20
449481.2837899341
10
1237137.947915177
20
449481.755186704
10
1237138.2235134859
20
449482.11175028514
10
1237138.4004669993
20
449482.35348067764
10
1237138.6248332663
20
449482.6614674258
10
1237138.896612286
20
449483.03571052966
10
1237139.2158040598
20
449483.47620998917
10
1237139.5824085865
20
449483.98296580435
10
1237139.9528324017
20
449484.49480796256
10
1237140.3270755056
20
449485.01173646376
10
1237140.705137898
20
449485.53375130804
10
1237141.087019579
20
449486.0608524954
10
1237141.4199784459
20
449486.5115246409
10
1237141.7040144985
20
449486.88576774474
10
1237141.9391277372
20
449487.18358180684
10
1237142.1253181621
20
449487.4049668272
10
1237142.4055349263
20
449487.7376375502
10
1237142.7797780302
20
449488.1815939758
10
1237143.2480474736
20
449488.7368361041
10
1237143.8103432565
20
449489.40336393495
10
1237144.2461834215
20
449489.9237494023
10
1237144.5555679686
20
449490.2979925062
10
1237144.7384968977
20
449490.5260932465
10
1237144.7949702092
20
449490.6080516233
10
1237144.901229383
20
449490.8566419578
10
1237145.0572744189
20
449491.27186425
10
1237145.2631053177
20
449491.8537185
10
1237145.518722079
20
449492.6022047077
10
1237145.6724924021
20
449493.35069091537
10
1237145.7244162872
20
449494.09917712293
10
1237145.674493734
20
449494.8476633306
10
1237145.5227247428
20
449495.5961495383
10
1237145.368817729
20
449496.21643660933
10
1237145.212772693
20
449496.7085245437
10
1237145.0545896343
20
449497.07241334143
10
1237144.8942685528
20
449497.3081030025
10
1237144.6155715892
20
449497.61306938494
10
1237144.2184987434
20
449497.9873124888
10
1237143.703050015
20
449498.43083231396
10
1237143.0692254044
20
449498.9436288606
10
1237142.5651915472
20
449499.35022754315
10
1237142.1909484433
20
449499.6506283616
10
1237141.946496093
20
449499.8448313161
10
1237141.8318344958
20
449499.9328364065
10
1237141.558716746
20
449499.98847615847
10
1237141.1271428438
20
449500.011750572
10
1237140.5371127888
20
449500.00265964714
10
1237139.788626581
20
449499.9612033839
10
1237139.2077466138
20
449499.9184739797
10
1237138.794472887
20
449499.8744714346
10
1237138.5488054003
20
449499.82919574843
10
1237138.470744154
20
449499.7826469211
10
1237138.2445919788
20
449499.62674034934
10
1237137.870348875
20
449499.361476033
10
1237137.3480148423
20
449498.98685397196
10
1237136.6775898812
20
449498.50287416624
10
1237136.061830638
20
449498.0737627115
10
1237135.5007371134
20
449497.6995196077
10
1237134.994309307
20
449497.3801448548
10
1237134.542547219
20
449497.11563845276
10
1237134.1295446232
20
449496.86944647424
10
1237133.7553015193
20
449496.6415689192
10
1237133.4198179075
20
449496.4320057875
10
1237133.1230937878
20
449496.24075707933
10
1237132.713429146
20
449496.0795532147
10
1237132.1908239825
20
449495.9483941938
10
1237131.5552782966
20
449495.8472800165
10
1237130.8067920892
20
449495.77621068276
10
1237130.0583058815
20
449495.7352921799
10
1237129.3098196737
20
449495.7245245079
10
1237128.5613334659
20
449495.7439076666
10
1237127.8128472585
20
449495.7934416562
10
1237127.0643610507
20
449495.8420386542
10
1237126.3158748432
20
449495.88969866064
10
1237125.5673886356
20
449495.93642167555
10
1237124.8189024278
20
449495.98220769886
10
1237124.1329334427
20
449496.05829672364
10
1237123.5094816803
20
449496.1646887498
10
1237122.9485471407
20
449496.3013837774
10
1237122.4501298233
20
449496.46838180633
10
1237122.0137996129
20
449496.6133055044
10
1237121.639556509
20
449496.7361548715
10
1237121.3274005118
20
449496.83692990773
10
1237121.0773316214
20
449496.915630613
10
1237120.7026584018
20
449497.0659333663
10
1237120.2033808525
20
449497.2878381676
10
1237119.5794989741
20
449497.58134501695
10
1237118.8310127663
20
449497.9464539143
10
1237118.1235137149
20
449498.29645473853
10
1237117.4570018193
20
449498.6313474898
10
1237116.8314770802
20
449498.9511321679
10
1237116.246939497
20
449499.2558087729
10
1237115.7675491537
20
449499.5070805913
10
1237115.3933060498
20
449499.7049476229
10
1237115.1242101854
20
449499.8494098679
10
1237114.960261561
20
449499.9404673261
10
1237114.6501785407
20
449500.1098487395
10
1237114.1939611246
20
449500.357554108
10
1237113.5916093127
20
449500.6835834315
10
1237112.843123105
20
449501.0879367103
10
1237112.161554214
20
449501.45447053696
10
1237111.5469026407
20
449501.7831849116
10
1237110.9991683841
20
449502.07407983433
10
1237110.5183514445
20
449502.32715530513
10
1237110.0908214229
20
449502.5511510238
10
1237109.7165783192
20
449502.74606699037
10
1237109.3956221333
20
449502.911903205
10
1237109.1279528649
20
449503.0486596675
10
1237108.740079362
20
449503.25412635424
10
1237108.232001624
20
449503.5283032651
10
1237107.6037196512
20
449503.8711904001
10
1237106.855233444
20
449504.2827877593
10
1237106.192469652
20
449504.64151887514
10
1237105.6154282764
20
449504.94738374767
10
1237105.1241093166
20
449505.2003823769
10
1237104.7185127728
20
449505.40051476297
10
1237104.328592949
20
449505.5929929496
10
1237103.9543498452
20
449505.77781693696
10
1237103.5957834614
20
449505.954986725
10
1237103.2528937974
20
449506.12450231385
10
1237102.8086049976
20
449506.35136173223
10
1237102.2629170616
20
449506.63556498004
10
1237101.6158299898
20
449506.97711205744
10
1237100.8673437824
20
449507.37600296445
10
1237100.2145722718
20
449507.7201910726
10
1237099.6575154585
20
449508.009676382
10
1237099.1961733424
20
449508.24445889273
10
1237098.8305459232
20
449508.4245386046
10
1237098.460610662
20
449508.60063246795
10
1237098.0863675582
20
449508.7727404827
10
1237097.707816612
20
449508.9408626489
10
1237097.324957823
20
449509.1049989665
10
1237096.8506921795
20
449509.3060681056
10
1237096.2850196813
20
449509.5440700661
10
1237095.6279403286
20
449509.81900484825
10
1237094.879454121
20
449510.13087245205
10
1237094.2183258568
20
449510.4328937264
10
1237093.6445555366
20
449510.7250686714
10
1237093.1581431597
20
449511.00739728706
10
1237092.7590887262
20
449511.2798795735
10
1237092.3724399577
20
449511.568273256
10
1237091.998196854
20
449511.87257833465
10
1237091.636359415
20
449512.1927948094
10
1237091.2869276404
20
449512.5289226802
10
1237090.9015544688
20
449512.8841081675
10
1237090.4802398998
20
449513.25835127133
10
1237090.0229839338
20
449513.65165199165
10
1237089.5297865705
20
449514.06401032856
10
1237089.0960663368
20
449514.42549213767
10
1237088.721823233
20
449514.73609741894
10
1237088.407057259
20
449514.99582617235
10
1237088.1517684145
20
449515.204678398
10
1237087.7731802296
20
449515.49591083307
10
1237087.2712927035
20
449515.8695234776
10
1237086.6461058366
20
449516.3255163316
10
1237085.8976196288
20
449516.863889395
10
1237085.3357570292
20
449517.2679844223
10
1237084.960518038
20
449517.5378014132
10
1237084.7719026543
20
449517.673340368
10
1237084.7699108792
20
449517.6746012867
10
1237084.5817934396
20
449517.79367306037
10
1237084.2075503357
20
449518.0305556891
10
1237083.6471815675
20
449518.385249173
10
1237082.9006871353
20
449518.8577535118
10
1237082.225458788
20
449519.2811272332
10
1237081.621496526
20
449519.6553703371
10
1237081.088800349
20
449519.98048282333
10
1237080.6273702574
20
449520.25646469207
10
1237080.2095336597
20
449520.50687828806
10
1237079.8352905558
20
449520.73172361124
10
1237079.504640946
20
449520.9310006617
10
1237079.21758483
20
449521.1047094393
10
1237078.815171191
20
449521.37745895097
10
1237078.2974000294
20
449521.74924919667
10
1237077.6642713444
20
449522.2200801764
10
1237076.915785137
20
449522.78995189024
10
1237076.353132586
20
449523.21858210466
10
1237075.9763136916
20
449523.5059708197
10
1237075.7853284539
20
449523.6521180353
10
1237075.7801768729
20
449523.6570237515
10
1237075.661336237
20
449523.84782459063
10
1237075.4288065466
20
449524.2245205526
10
1237075.0825878014
20
449524.7871116374
10
1237074.6226800014
20
449525.5355978451
10
1237074.2286365877
20
449526.2840840528
10
1237073.9004575603
20
449527.0325702604
10
1237073.638142919
20
449527.7810564681
10
1237073.4416926638
20
449528.52954267577
10
1237073.2726108294
20
449529.198008531
10
1237073.1308974163
20
449529.7864540338
10
1237073.0165524236
20
449530.2948791842
10
1237072.9295758521
20
449530.72328398225
10
1237072.847278939
20
449531.12460793316
10
1237072.7696616845
20
449531.498851037
10
1237072.6967240889
20
449531.8460132937
10
1237072.6284661514
20
449532.1660947034
10
1237072.5361830206
20
449532.59327731264
10
1237072.4198746963
20
449533.12756112125
10
1237072.2795411781
20
449533.7689461295
10
1237072.1151824668
20
449534.5174323371
10
1237071.9541018119
20
449535.2659185447
10
1237071.7962992138
20
449536.0144047525
10
1237071.6417746725
20
449536.76289096015
10
1237071.4905281882
20
449537.5113771678
10
1237071.340306044
20
449538.25986337545
10
1237071.1911082403
20
449539.00834958313
10
1237071.0429347767
20
449539.7568357908
10
1237070.895785654
20
449540.5053219985
10
1237070.7486214351
20
449541.2538082062
10
1237070.6014421207
20
449542.0022944138
10
1237070.4542477105
20
449542.7507806215
10
1237070.3070382045
20
449543.4992668292
10
1237070.1790649637
20
449544.18460656423
10
1237070.0703279881
20
449544.8067998266
10
1237069.9808272775
20
449545.36584661633
10
1237069.9105628321
20
449545.8617469334
10
1237069.848146317
20
449546.2968186439
10
1237069.7935777328
20
449546.6710617477
10
1237069.7468570787
20
449546.9844762449
10
1237069.7079843557
20
449547.2370621355
10
1237069.6327858027
20
449547.61362310534
10
1237069.5212614206
20
449548.1141591545
10
1237069.3734112086
20
449548.7386702829
10
1237069.1892351673
20
449549.48715649056
10
1237068.9861708055
20
449550.23564269824
10
1237068.7642181232
20
449550.9841289058
10
1237068.5233771203
20
449551.7326151135
10
1237068.263647797
20
449552.4811013212
10
1237068.0157822873
20
449553.22958752885
10
1237067.7797805916
20
449553.97807373654
10
1237067.5556427096
20
449554.7265599442
10
1237067.343368641
20
449555.4750461519
10
1237067.2000002172
20
449556.2235323596
10
1237067.1255374374
20
449556.9720185672
10
1237067.1199803022
20
449557.7205047749
10
1237067.183328811
20
449558.46899098257
10
1237067.3041521912
20
449559.21747719025
10
1237067.4824504429
20
449559.9659633979
10
1237067.7182235657
20
449560.71444960556
10
1237068.0114715598
20
449561.4629358133
10
1237068.3122678837
20
449562.211422021
10
1237068.6206125375
20
449562.9599082286
10
1237068.9365055207
20
449563.7083944363
10
1237069.2599468338
20
449564.4568806439
10
1237069.5062814038
20
449565.03022301605
10
1237069.6755092302
20
449565.42842155276
10
1237069.7676303135
20
449565.6514762539
10
1237069.7826446537
20
449565.69938711944
10
1237069.8288169426
20
449565.91046410415
10
1237069.9061471804
20
449566.28470720805
10
1237070.0146353669
20
449566.82211643097
10
1237070.1542815026
20
449567.52269177296
10
1237070.2573841726
20
449568.2352448314
10
1237070.3239433777
20
449568.9597756063
10
1237070.3539591176
20
449569.69628409756
10
1237070.3474313922
20
449570.4447703053
10
1237070.3092559958
20
449571.1662106351
10
1237070.2394329282
20
449571.86060508696
10
1237070.1379621893
20
449572.52795366093
10
1237070.0048437791
20
449573.1682563571
10
1237069.889195267
20
449573.67552925705
10
1237069.7910166532
20
449574.0497723608
10
1237069.7103079376
20
449574.29098566854
10
1237069.6470691198
20
449574.3991691802
10
1237069.4369977722
20
449574.6674283658
10
1237069.0800938942
20
449575.09576322534
10
1237068.576357486
20
449575.684173759
10
1237067.9257885474
20
449576.4326599667
10
1237067.4291922308
20
449577.00539342815
10
1237067.0865685355
20
449577.4023741433
10
1237066.8979174623
20
449577.62360211223
10
1237066.8632390108
20
449577.6690773349
10
1237066.6901932657
20
449577.8789364982
10
1237066.3787802272
20
449578.25317960203
10
1237065.9289998952
20
449578.79180664645
10
1237065.34085227
20
449579.4948176313
10
1237064.8951535958
20
449580.209197422
10
1237064.591903873
20
449580.93494601833
10
1237064.4311031015
20
449581.6720634203
10
1237064.4127512814
20
449582.420549628
10
1237064.4628043047
20
449583.16903583566
10
1237064.5812621713
20
449583.9175220433
10
1237064.7681248817
20
449584.66600825096
10
1237065.0233924354
20
449585.41449445864
10
1237065.3026510738
20
449586.08052881854
10
1237065.6059007964
20
449586.66411133064
10
1237065.9331416036
20
449587.165241995
10
1237066.2843734957
20
449587.58392081154
10
1237066.6415313785
20
449587.98038177175
10
1237067.0046152528
20
449588.3546248756
10
1237067.373625118
20
449588.7066501231
10
1237067.7485609744
20
449589.0364575142
10
1237068.1231504546
20
449589.34393654857
10
1237068.4973935583
20
449589.6290872261
10
1237068.8712902858
20
449589.891909547
10
1237069.244840637
20
449590.13240351103
10
1237069.7121249526
20
449590.3908079661
10
1237070.2731432319
20
449590.6671229122
10
1237070.9278954756
20
449590.9613483492
10
1237071.676381683
20
449591.2734842772
10
1237072.4248678908
20
449591.52939491684
10
1237073.1733540986
20
449591.72908026795
10
1237073.9218403064
20
449591.87254033075
10
1237074.6703265137
20
449591.9597751051
10
1237075.4188127215
20
449591.99626693653
10
1237076.1672989293
20
449591.9820158251
10
1237076.915785137
20
449591.9170217707
10
1237077.6642713444
20
449591.8012847734
10
1237078.4127575522
20
449591.6452682811
10
1237079.1612437598
20
449591.4489722939
10
1237079.9097299674
20
449591.21239681164
10
1237080.6582161752
20
449590.93554183433
10
1237081.3271164612
20
449590.6660824284
10
1237081.9164308256
20
449590.40401859384
10
1237082.4261592682
20
449590.1493503306
10
1237082.8563017892
20
449589.9020776387
10
1237083.2584946018
20
449589.6792141984
10
1237083.6327377057
20
449589.48076000955
10
1237083.9790311009
20
449589.3067150723
10
1237084.2973747875
20
449589.1570793866
10
1237084.7232541041
20
449588.9198320317
10
1237085.2566690515
20
449588.5949730077
10
1237085.8976196288
20
449588.18250231445
10
1237086.6461058366
20
449587.6824199521
10
1237087.241431045
20
449587.28266614047
10
1237087.6835952546
20
449586.9832408794
10
1237087.9725984647
20
449586.7841441691
10
1237088.1084406758
20
449586.68537600955
10
1237088.3634833333
20
449586.4981514218
10
1237088.7377264372
20
449586.22247040604
10
1237089.2311699872
20
449585.85833296203
10
1237089.843813984
20
449585.40573908994
10
1237090.4012285224
20
449584.992320602
10
1237090.9034136033
20
449584.61807749816
10
1237091.350369226
20
449584.2830097784
10
1237091.7420953908
20
449583.9871174428
10
1237092.125080025
20
449583.7065775048
10
1237092.499323129
20
449583.44138996437
10
1237092.8648247023
20
449583.1915548215
10
1237093.2215847452
20
449582.9570720762
10
1237093.6632311423
20
449582.6527091516
10
1237094.1897638934
20
449582.27846604784
10
1237094.8011829988
20
449581.83434276475
10
1237095.4974884586
20
449581.3203393023
10
1237096.0327627403
20
449580.92370820354
10
1237096.4070058442
20
449580.64444946835
10
1237096.62021777
20
449580.4825630967
10
1237096.672398518
20
449580.4380490886
10
1237096.898655631
20
449580.2652361968
10
1237097.2989891088
20
449579.9641244214
10
1237097.8733989517
20
449579.5347137624
10
1237098.621885159
20
449578.9770042198
10
1237099.2700912033
20
449578.5221563986
10
1237099.818017084
20
449578.17017029884
10
1237100.265662801
20
449577.92104592046
10
1237100.6130283545
20
449577.77478326357
10
1237100.9738326832
20
449577.6286771337
10
1237101.348075787
20
449577.48272753076
10
1237101.7357576662
20
449577.3369344549
10
1237102.13687832
20
449577.19129790604
10
1237102.6248403627
20
449577.0379274053
10
1237103.1996437937
20
449576.8768229528
10
1237103.8612886132
20
449576.7079845484
10
1237104.6097748205
20
449576.53141219215
10
1237105.3582610283
20
449576.4163018983
10
1237106.106747236
20
449576.3626536669
10
1237106.855233444
20
449576.37046749797
10
1237107.6037196512
20
449576.4397433915
10
1237108.2523412434
20
449576.55493356445
10
1237108.80109822
20
449576.71603801707
10
1237109.2499905813
20
449576.9230567491
10
1237109.599018327
20
449577.1759897607
10
1237109.9606537516
20
449577.5440387761
10
1237110.3348968555
20
449578.02720379515
10
1237110.7217476384
20
449578.62548481795
10
1237111.1212061003
20
449579.3388818444
10
1237111.4247626613
20
449579.88270190964
10
1237111.6324173212
20
449580.2569450134
10
1237111.7441700802
20
449580.4616111559
10
1237111.7600209382
20
449580.49670033716
10
1237111.9043084858
20
449580.71013877494
10
1237112.1770327233
20
449581.10192646924
10
1237112.5781936506
20
449581.6720634203
10
1237113.1077912673
20
449582.420549628
10
1237113.5557489134
20
449583.0718543971
10
1237113.9220665882
20
449583.6259777276
10
1237114.206744292
20
449584.0829196196
10
1237114.409782025
20
449584.4426800731
10
1237114.617103946
20
449584.8096818517
10
1237114.8287100552
20
449585.18392495555
10
1237115.0446003524
20
449585.5654093846
10
1237115.264774838
20
449585.95413513883
10
1237115.5137855455
20
449586.4328010064
10
1237115.791632475
20
449587.0014069873
10
1237116.0983156268
20
449587.65995308163
10
1237116.4338350005
20
449588.4084392894
10
1237116.733672618
20
449589.0478205949
10
1237116.9978284792
20
449589.57809699833
10
1237117.226302584
20
449589.9992684996
10
1237117.419094932
20
449590.3113350987
10
1237117.6313433712
20
449590.65448995016
10
1237117.863047901
20
449591.02873305406
10
1237118.1142085216
20
449591.4340644103
10
1237118.3848252327
20
449591.87048401876
10
1237118.70725514
20
449592.3668730583
10
1237119.0814982438
20
449592.92323152896
10
1237119.5075545441
20
449593.5395594305
10
1237119.9854240408
20
449594.2158567631
10
1237120.356473497
20
449594.7411269814
10
1237120.620702913
20
449595.1153700852
10
1237120.7781122888
20
449595.33858607465
10
1237120.8287016242
20
449595.41077494965
10
1237120.9758396163
20
449595.6520381578
10
1237121.2195262646
20
449596.0623756993
10
1237121.5597615696
20
449596.64178757375
10
1237121.996545531
20
449597.3902737814
10
1237122.368862124
20
449598.13875998906
10
1237122.6767113484
20
449598.8872461967
10
1237122.920093204
20
449599.63573240436
10
1237123.099007691
20
449600.3842186121
10
1237123.2232522396
20
449601.1327048198
10
1237123.2928268504
20
449601.8811910274
10
1237123.3077315225
20
449602.6296772351
10
1237123.2679662562
20
449603.3781634428
10
1237123.1933522776
20
449604.12664965045
10
1237123.0838895864
20
449604.8751358581
10
1237122.939578183
20
449605.62362206576
10
1237122.760418067
20
449606.37210827344
10
1237122.5561038065
20
449607.1205944811
10
1237122.3266354012
20
449607.8690806888
10
1237122.0720128515
20
449608.6175668965
10
1237121.7922361568
20
449609.36605310417
10
1237121.540507209
20
449610.0317188031
10
1237121.3168260083
20
449610.6145639933
0
LWPOLYLINE
5
3B
330
C
100
AcDbEntity
8
C-TOPO-MAJR-E
100
AcDbPolyline
90
792
70
0
43
0
38
0
39
0
10
1237218.7435660732
20
449382.68182091066
10
1237218.4046761964
20
449382.90475242736
10
1237218.0304330927
20
449383.17251254525
10
1237217.6208367618
20
449383.4851012643
10
1237217.175887204
20
449383.8425185845
10
1237216.7484982526
20
449384.2083487965
10
1237216.3386699078
20
449384.58259190037
10
1237215.9464021695
20
449384.965247896
10
1237215.5716950374
20
449385.3563167835
10
1237215.1972199196
20
449385.75633077224
10
1237214.822976816
20
449386.1652898622
10
1237214.448965726
20
449386.58319405344
10
1237214.0751866503
20
449387.0100433459
10
1237213.7286225539
20
449387.4105895441
10
1237213.4092734372
20
449387.7848326479
10
1237213.1171393003
20
449388.1327726574
10
1237212.8522201432
20
449388.45440957265
10
1237212.5326390127
20
449388.83914126706
10
1237212.1583959088
20
449389.28696774074
10
1237211.7294908317
20
449389.79788899375
10
1237211.2459237813
20
449390.371905026
10
1237210.8196872682
20
449390.8460345941
10
1237210.4507812918
20
449391.22027769795
10
1237210.1392058528
20
449391.49463433755
10
1237209.8849609508
20
449391.6691045129
10
1237209.5707169478
20
449391.8584103557
10
1237209.196473844
20
449392.0625518659
10
1237208.7622316391
20
449392.2815290435
10
1237208.2679903337
20
449392.5153418885
10
1237207.7101878026
20
449392.7407270336
10
1237207.088824046
20
449392.9576844788
10
1237206.4038990638
20
449393.166214224
10
1237205.655412856
20
449393.3663162694
10
1237204.9404377518
20
449393.5950356327
10
1237204.2589737512
20
449393.8523723141
10
1237203.611020854
20
449394.13832631346
10
1237202.9965790603
20
449394.45289763075
10
1237202.5022366114
20
449394.7134036648
10
1237202.1279935078
20
449394.9198444156
10
1237201.8738497489
20
449395.0722198831
10
1237201.739805335
20
449395.17053006735
10
1237201.4521504724
20
449395.39464847406
10
1237201.0108851618
20
449395.7445751034
10
1237200.4160094024
20
449396.22030995507
10
1237199.6675231946
20
449396.8218530293
10
1237199.0894490054
20
449397.2851685723
10
1237198.6817868347
20
449397.6102565839
10
1237198.4445366827
20
449397.79711706436
10
1237198.377698549
20
449397.8457500136
10
1237198.1571579305
20
449397.9824957403
10
1237197.7829148266
20
449398.2073542443
10
1237197.2549692376
20
449398.5203255258
10
1237196.5733211637
20
449398.92140958447
10
1237195.9127551604
20
449399.3090731658
10
1237195.2732712284
20
449399.68331626966
10
1237194.6548693671
20
449400.04413889605
10
1237194.0575495767
20
449400.39154104487
10
1237193.5717681297
20
449400.6695886055
10
1237193.1975250258
20
449400.8782815781
10
1237192.9348202653
20
449401.0176199624
10
1237192.7836538479
20
449401.0876037586
10
1237192.483157483
20
449401.2109806313
10
1237192.0333311704
20
449401.3877505803
10
1237191.4341749102
20
449401.6179136058
10
1237190.6856887029
20
449401.9014697078
10
1237189.937202495
20
449402.19413539063
10
1237189.1887162873
20
449402.4959106545
10
1237188.4402300795
20
449402.8067954993
10
1237187.6917438721
20
449403.12678992504
10
1237187.0865675923
20
449403.3855237153
10
1237186.62470124
20
449403.58299687004
10
1237186.3061448159
20
449403.7192093893
10
1237186.1308983197
20
449403.7941612731
10
1237185.8561535194
20
449403.9148859451
10
1237185.4819104157
20
449404.08138340525
10
1237185.0081690082
20
449404.2936536537
10
1237184.4349292966
20
449404.5516966903
10
1237183.8178779613
20
449404.84195552755
10
1237183.1570150019
20
449405.1644301652
10
1237182.4523404182
20
449405.51912060345
10
1237181.7038542107
20
449405.9060268423
10
1237181.0884414578
20
449406.22209075454
10
1237180.60610216
20
449406.46731234004
10
1237180.2568363168
20
449406.6416915989
10
1237180.0406439283
20
449406.7452285311
10
1237179.7454261822
20
449406.88283237925
10
1237179.3711830783
20
449407.0545031433
10
1237178.9179146166
20
449407.2602408233
10
1237178.3856207973
20
449407.50004541926
10
1237177.799278881
20
449407.74740382854
10
1237177.1588888674
20
449408.0023160511
10
1237176.4644507568
20
449408.264782087
10
1237175.7159645495
20
449408.53480193624
10
1237175.0369445474
20
449408.7969822638
10
1237174.4273907512
20
449409.05132306967
10
1237173.8873031607
20
449409.29782435385
10
1237173.416681776
20
449409.53648611635
10
1237172.994249532
20
449409.744837848
10
1237172.620006428
20
449409.92287954874
10
1237172.2939524646
20
449410.07061121863
10
1237172.0160876415
20
449410.18803285767
10
1237171.6205674722
20
449410.3800512179
10
1237171.1073919572
20
449410.64666629944
10
1237170.4765610956
20
449410.98787810217
10
1237169.728074888
20
449411.4036866261
10
1237169.0471855872
20
449411.7693570303
10
1237168.4338931937
20
449412.0848893146
10
1237167.888197707
20
449412.3502834791
10
1237167.4100991273
20
449412.5655395238
10
1237166.9839282855
20
449412.7555027369
10
1237166.6096851816
20
449412.92017311853
10
1237166.2873698156
20
449413.0595506686
10
1237166.0169821875
20
449413.1736353871
10
1237165.6728664495
20
449413.4177992983
10
1237165.2550226012
20
449413.7920424021
10
1237164.7634506426
20
449414.29636469856
10
1237164.1981505738
20
449414.9307661878
10
1237163.7746919836
20
449415.5936888566
10
1237163.493074872
20
449416.28513270494
10
1237163.3532992392
20
449417.005097733
10
1237163.3553650847
20
449417.7535839406
10
1237163.4367114736
20
449418.50207014824
10
1237163.5973384057
20
449419.25055635604
10
1237163.8372458809
20
449419.99904256366
10
1237164.1564338994
20
449420.7475287713
10
1237164.4568364643
20
449421.4125705165
10
1237164.7384535759
20
449421.99416779925
10
1237165.001285234
20
449422.4923206196
10
1237165.2453314387
20
449422.9070289774
10
1237165.4784252958
20
449423.30150470824
10
1237165.7005668052
20
449423.6757478121
10
1237165.911755967
20
449424.0297582889
10
1237166.111992781
20
449424.3635361387
10
1237166.3474579537
20
449424.800991078
10
1237166.618151485
20
449425.3421231068
10
1237166.9240733748
20
449425.986932225
10
1237167.2652236237
20
449426.7354184327
10
1237167.5704076833
20
449427.48390464036
10
1237167.839625554
20
449428.23239084805
10
1237168.0728772357
20
449428.9808770557
10
1237168.270162729
20
449429.7293632634
10
1237168.4033267477
20
449430.4778494711
10
1237168.472369292
20
449431.2263356787
10
1237168.4772903621
20
449431.9748218864
10
1237168.4180899574
20
449432.7233080941
10
1237168.3473845492
20
449433.47179430176
10
1237168.265174137
20
449434.2202805093
10
1237168.1714587212
20
449434.968766717
10
1237168.066238301
20
449435.7172529247
10
1237167.9883732062
20
449436.46573913237
10
1237167.937863436
20
449437.21422534
10
1237167.914708991
20
449437.9627115477
10
1237167.918909871
20
449438.71119775536
10
1237167.9460209974
20
449439.45968396304
10
1237167.9960423699
20
449440.2081701707
10
1237168.068973989
20
449440.9566563784
10
1237168.1648158545
20
449441.7051425861
10
1237168.2552451864
20
449442.3515046752
10
1237168.3402619844
20
449442.8957426458
10
1237168.419866249
20
449443.33785649785
10
1237168.49405798
20
449443.6778462314
10
1237168.5700808861
20
449444.03496265004
10
1237168.647934968
20
449444.4092057538
10
1237168.7276202247
20
449444.8005755428
10
1237168.8091366568
20
449445.20907201705
10
1237168.8556507663
20
449445.7025659246
10
1237168.867162553
20
449446.28105726547
10
1237168.8436720169
20
449446.9445460398
10
1237168.7851791584
20
449447.6930322474
10
1237168.7355536208
20
449448.26965401514
10
1237168.6947954048
20
449448.67441134294
10
1237168.66290451
20
449448.90730423084
10
1237168.6398809366
20
449448.9683326787
10
1237168.527711317
20
449449.1859684546
10
1237168.3263956509
20
449449.5602115585
10
1237168.0359339386
20
449450.09106199024
10
1237167.6563261796
20
449450.77851975
10
1237167.2794007484
20
449451.4244828703
10
1237166.9051576448
20
449452.0289513512
10
1237166.5335968682
20
449452.5919251927
10
1237166.1647184193
20
449453.1134043948
10
1237165.7009380306
20
449453.559791082
10
1237165.142255702
20
449453.93108525424
10
1237164.488671434
20
449454.22728691157
10
1237163.7401852268
20
449454.448396054
10
1237163.166603214
20
449454.6157023766
10
1237162.767925396
20
449454.7292058795
10
1237162.5441517737
20
449454.78890656243
10
1237162.495282346
20
449454.79480442556
10
1237162.2837260803
20
449454.8205147219
10
1237161.9094829764
20
449454.86603745125
10
1237161.3725530345
20
449454.9313726139
10
1237160.6729362544
20
449455.0165202096
10
1237159.9611021173
20
449455.1364523554
10
1237159.2370506236
20
449455.2911690513
10
1237158.5007817727
20
449455.4806702972
10
1237157.7522955653
20
449455.7049560932
10
1237157.0038093575
20
449455.9489439918
10
1237156.2553231497
20
449456.21263399295
10
1237155.5068369422
20
449456.49602609663
10
1237154.7583507346
20
449456.7991203027
10
1237154.1407488566
20
449457.0604306098
10
1237153.6540313084
20
449457.27995701774
10
1237153.2981980897
20
449457.4576995266
10
1237153.0732492006
20
449457.59365813644
10
1237152.773653204
20
449457.8425524448
10
1237152.3994101002
20
449458.2043824516
10
1237151.950519889
20
449458.679148157
10
1237151.4269825702
20
449459.26684956107
10
1237151.0118545145
20
449459.74782181496
10
1237150.7051357222
20
449460.12206491875
10
1237150.5068261926
20
449460.38957887253
10
1237150.4169259262
20
449460.5503636762
10
1237150.3058845252
20
449460.8580738309
10
1237150.17370199
20
449461.3127093365
10
1237150.02037832
20
449461.9142701932
10
1237149.8459135154
20
449462.6627564009
10
1237149.6929186576
20
449463.41124260856
10
1237149.5613937457
20
449464.1597288161
10
1237149.4513387806
20
449464.9082150238
10
1237149.3627537615
20
449465.6567012315
10
1237149.2750733248
20
449466.4051874392
10
1237149.188297471
20
449467.1536736468
10
1237149.1024261995
20
449467.9021598545
10
1237149.0174595106
20
449468.65064606216
10
1237148.9100290583
20
449469.39913226984
10
1237148.7801348432
20
449470.14761847747
10
1237148.6277768645
20
449470.89610468515
10
1237148.452955122
20
449471.6445908929
10
1237148.287901894
20
449472.2483773106
10
1237148.1326171795
20
449472.70746393816
10
1237147.9871009788
20
449473.0218507758
10
1237147.8513532921
20
449473.1915378234
10
1237147.562420975
20
449473.40808019036
10
1237147.1203040278
20
449473.6714778767
10
1237146.5250024502
20
449473.98173088237
10
1237145.7765162424
20
449474.3388392074
10
1237145.1158671393
20
449474.6620931599
10
1237144.5430551413
20
449474.95149273996
10
1237144.0580802476
20
449475.2070379475
10
1237143.660942459
20
449475.4287287825
10
1237143.3133237674
20
449475.78211846075
10
1237143.0152241732
20
449476.26720698207
10
1237142.7666436764
20
449476.8839943466
10
1237142.567582277
20
449477.6324805542
10
1237142.487676276
20
449478.38096676185
10
1237142.5269256732
20
449479.12945296965
10
1237142.6853304687
20
449479.87793917727
10
1237142.9628906623
20
449480.6264253849
10
1237143.2507205564
20
449481.2972060919
10
1237143.5488201506
20
449481.8902812984
10
1237143.8571894448
20
449482.40565100417
10
1237144.1758284392
20
449482.8433152094
10
1237144.4746638883
20
449483.24926886393
10
1237144.7536957925
20
449483.6235119677
10
1237145.0129241513
20
449483.9660445209
10
1237145.252348965
20
449484.2768665234
10
1237145.5591829238
20
449484.66444911924
10
1237145.9334260274
20
449485.1287923085
10
1237146.3750782763
20
449485.66989609116
10
1237146.8841396705
20
449486.2877604672
10
1237147.290692849
20
449486.7838142072
10
1237147.5947378124
20
449487.15805731097
10
1237147.7962745598
20
449487.41048977873
10
1237147.8953030917
20
449487.54111161036
10
1237148.0580395379
20
449487.826199536
10
1237148.2844838982
20
449488.2657535556
10
1237148.5746361725
20
449488.8597736693
10
1237148.9284963612
20
449489.60825987696
10
1237149.1989994657
20
449490.35674608464
10
1237149.3861454865
20
449491.1052322923
10
1237149.489934423
20
449491.8537185
10
1237149.5103662757
20
449492.6022047077
10
1237149.4731925433
20
449493.35069091537
10
1237149.3784132265
20
449494.09917712293
10
1237149.2260283246
20
449494.8476633306
10
1237149.016037838
20
449495.5961495383
10
1237148.7927124514
20
449496.26034212054
10
1237148.5560521646
20
449496.84024107736
10
1237148.3060569782
20
449497.3358464088
10
1237148.0427268916
20
449497.7471581148
10
1237147.789569025
20
449498.1399355198
10
1237147.5465833785
20
449498.5141786236
10
1237147.3137699517
20
449498.8698874264
10
1237147.0911287449
20
449499.207061928
10
1237146.7926865895
20
449499.6058098746
10
1237146.4184434859
20
449500.0661312663
10
1237145.9683994334
20
449500.588026103
10
1237145.4425544324
20
449501.1714943846
10
1237144.9968287768
20
449501.65035007737
10
1237144.6312224667
20
449502.0245931812
10
1237144.345735502
20
449502.2942236961
10
1237144.1403678828
20
449502.4592416221
10
1237143.850562521
20
449502.7177831242
10
1237143.4763194171
20
449503.06984820234
10
1237143.017638571
20
449503.51543685654
10
1237142.4745199827
20
449504.0545490868
10
1237141.9456562195
20
449504.5112267538
10
1237141.4310472815
20
449504.8854698577
10
1237140.9306931684
20
449505.1772783983
10
1237140.4445938806
20
449505.3866523757
10
1237140.014422685
20
449505.58006188413
10
1237139.640179581
20
449505.75750692375
10
1237139.321864569
20
449505.9189874943
10
1237139.0594776492
20
449506.06450359593
10
1237138.7143623217
20
449506.13726164674
10
1237138.286518586
20
449506.13726164674
10
1237137.7759464425
20
449506.06450359593
10
1237137.1826458913
20
449505.9189874943
10
1237136.6988740638
20
449505.7980097333
10
1237136.32463096
20
449505.70157031284
10
1237136.0599165799
20
449505.6296692331
10
1237135.9047309235
20
449505.582306494
10
1237135.6012201295
20
449505.4766176535
10
1237135.1493841973
20
449505.3126027115
10
1237134.5492231273
20
449505.0902616681
10
1237133.80073692
20
449504.80959452305
10
1237133.0522507122
20
449504.6074495349
10
1237132.3037645044
20
449504.4838267034
10
1237131.5552782966
20
449504.43872602866
10
1237130.8067920892
20
449504.47214751056
10
1237130.0583058815
20
449504.5529939423
10
1237129.3098196737
20
449504.6812653239
10
1237128.5613334659
20
449504.85696165526
10
1237127.8128472585
20
449505.08008293645
10
1237127.1709277397
20
449505.2652956776
10
1237126.63557491
20
449505.4125998787
10
1237126.2067887695
20
449505.52199553966
10
1237125.8845693176
20
449505.5934826605
10
1237125.5363380397
20
449505.6720953415
10
1237125.1620949358
20
449505.75783358264
10
1237124.761840006
20
449505.85069738387
10
1237124.3355732502
20
449505.9506867453
10
1237123.8287516313
20
449506.07736403926
10
1237123.2413751495
20
449506.2307292657
10
1237122.5734438046
20
449506.41078242485
10
1237121.8249575973
20
449506.61752351647
10
1237121.0764713897
20
449506.8497470255
10
1237120.327985182
20
449507.10745295195
10
1237119.5794989741
20
449507.3906412958
10
1237118.8310127663
20
449507.6993120571
10
1237118.2036696768
20
449507.9640863765
10
1237117.6974697057
20
449508.1849642538
10
1237117.3124128527
20
449508.36194568913
10
1237117.0484991178
20
449508.49503068253
10
1237116.7294206985
20
449508.658508594
10
1237116.3551775946
20
449508.85237942345
10
1237115.9257698061
20
449509.076643171
10
1237115.4411973336
20
449509.33129983675
10
1237114.890646427
20
449509.62585980084
10
1237114.2741170868
20
449509.9603230634
10
1237113.5916093127
20
449510.3346896245
10
1237112.843123105
20
449510.7489594839
10
1237112.2450741353
20
449511.0795517992
10
1237111.7974624038
20
449511.3264665702
10
1237111.5002879107
20
449511.4897037969
10
1237111.353550656
20
449511.56926347944
10
1237111.0930604767
20
449511.7013709302
10
1237110.7188173728
20
449511.88602614903
10
1237110.2308213445
20
449512.12322913617
10
1237109.629072392
20
449512.4129798915
10
1237108.9906391255
20
449512.71333154954
10
1237108.3155215452
20
449513.0242841103
10
1237107.6037196512
20
449513.34583757375
10
1237106.855233444
20
449513.67799194
10
1237106.1994012017
20
449513.95875298616
10
1237105.6362229246
20
449514.18812071235
10
1237105.1656986133
20
449514.3660951185
10
1237104.7878282676
20
449514.49267620465
10
1237104.4117715426
20
449514.6172189439
10
1237104.037528439
20
449514.73972333624
10
1237103.665098956
20
449514.86018938164
10
1237103.2944830942
20
449514.9786170799
10
1237102.8293996458
20
449515.13864892675
10
1237102.2698486112
20
449515.3402849219
10
1237101.6158299898
20
449515.58352506557
10
1237100.8673437824
20
449515.86836935754
10
1237100.1988814832
20
449516.1683061308
10
1237099.6104430922
20
449516.48333538545
10
1237099.1020286097
20
449516.8134571214
10
1237098.673638036
20
449517.15867133864
10
1237098.2723211972
20
449517.52436936286
10
1237097.8980780933
20
449517.9105511939
10
1237097.5509087245
20
449518.31721683184
10
1237097.2308130907
20
449518.74436627666
10
1237096.9309349235
20
449519.145062551
10
1237096.6512742222
20
449519.5193056548
10
1237096.3918309875
20
449519.8670955882
10
1237096.1526052193
20
449520.188432351
10
1237095.845870783
20
449520.59099230985
10
1237095.4716276794
20
449521.0747754648
10
1237095.0298759078
20
449521.6397818157
10
1237094.5206154685
20
449522.2860113626
10
1237094.1135516225
20
449522.796247688
10
1237093.8086843693
20
449523.1704907919
10
1237093.6060137097
20
449523.40874067415
10
1237093.505539643
20
449523.5109973349
10
1237093.2681810579
20
449523.76370545896
10
1237092.8939379542
20
449524.16686504614
10
1237092.3828103316
20
449524.7204760968
10
1237091.7347981904
20
449525.42453861074
10
1237091.236282541
20
449525.9636914196
10
1237090.8872633828
20
449526.3379345235
10
1237090.6877407166
20
449526.54726792226
10
1237090.637714542
20
449526.59169161593
10
1237090.4255799025
20
449526.7610505653
10
1237090.0513367986
20
449527.0553447702
10
1237089.5149852303
20
449527.47457423067
10
1237088.8165251974
20
449528.01873894676
10
1237088.2211043942
20
449528.4779428567
10
1237087.7287228208
20
449528.85218596057
10
1237087.3393804769
20
449529.1414682583
10
1237087.0530773625
20
449529.3457897499
10
1237086.7228042535
20
449529.6043307496
10
1237086.3485611498
20
449529.91709125746
10
1237085.9303480512
20
449530.2840712735
10
1237085.4681649576
20
449530.7052707978
10
1237085.0553843519
20
449531.10299211176
10
1237084.692006234
20
449531.4772352156
10
1237084.378030604
20
449531.82800010924
10
1237084.1134574618
20
449532.1552867927
10
1237083.8360823558
20
449532.5878733573
10
1237083.5459052864
20
449533.1257598028
10
1237083.2429262532
20
449533.7689461295
10
1237082.9271452564
20
449534.5174323371
10
1237082.6506125643
20
449535.2659185447
10
1237082.4133281768
20
449536.0144047525
10
1237082.215292094
20
449536.76289096015
10
1237082.056504316
20
449537.5113771678
10
1237081.9350774097
20
449538.08664427075
10
1237081.8510113754
20
449538.4886922689
10
1237081.804306213
20
449538.7175211624
10
1237081.7949619226
20
449538.77313095116
10
1237081.7579130277
20
449538.9880573974
10
1237081.693159528
20
449539.3623005013
10
1237081.6007014243
20
449539.8958602627
10
1237081.4805387158
20
449540.5887366816
10
1237081.3520807223
20
449541.29551554774
10
1237081.215327443
20
449542.016196861
10
1237081.0702788788
20
449542.7507806215
10
1237080.9169350294
20
449543.4992668292
10
1237080.7582082753
20
449544.2477530369
10
1237080.5940986173
20
449544.99623924453
10
1237080.4246060548
20
449545.7447254522
10
1237080.2497305882
20
449546.4932116599
10
1237080.0608603973
20
449547.2416978676
10
1237079.8579954824
20
449547.9901840752
10
1237079.641135843
20
449548.7386702829
10
1237079.4102814796
20
449549.48715649056
10
1237079.219828252
20
449550.08045773645
10
1237079.0697761604
20
449550.5185740206
10
1237078.9601252049
20
449550.80150534294
10
1237078.8908753854
20
449550.9292517035
10
1237078.7580965047
20
449551.1802464357
10
1237078.561788563
20
449551.55448953947
10
1237078.30195156
20
449552.05198101496
10
1237077.9785854958
20
449552.672720862
10
1237077.6301323303
20
449553.32539729925
10
1237077.2565920637
20
449554.0100103267
10
1237076.8579646954
20
449554.7265599442
10
1237076.4342502262
20
449555.4750461519
10
1237076.1161129558
20
449556.03792547726
10
1237075.9035528838
20
449556.4151979202
10
1237075.796570011
20
449556.6068634809
10
1237075.7951643367
20
449556.6129221592
10
1237075.7560848426
20
449556.8030730503
10
1237075.679331529
20
449557.1773161541
10
1237075.5649043955
20
449557.7356514707
10
1237075.4128034422
20
449558.478079
10
1237075.3083844346
20
449559.22202119895
10
1237075.2516473727
20
449559.96747806744
10
1237075.2425922565
20
449560.71444960556
10
1237075.281219086
20
449561.4629358133
10
1237075.3079768354
20
449562.211422021
10
1237075.3228655048
20
449562.9599082286
10
1237075.3258850942
20
449563.7083944363
10
1237075.3170356038
20
449564.4568806439
10
1237075.277590576
20
449565.20536685153
10
1237075.2075500113
20
449565.9538530593
10
1237075.1069139098
20
449566.70233926695
10
1237074.9756822714
20
449567.4508254746
10
1237074.8343276207
20
449568.19931168226
10
1237074.6828499576
20
449568.9477978899
10
1237074.5212492826
20
449569.69628409756
10
1237074.3495255953
20
449570.4447703053
10
1237074.178046057
20
449571.193256513
10
1237074.0068106672
20
449571.9417427206
10
1237073.8358194265
20
449572.6902289283
10
1237073.6650723345
20
449573.43871513597
10
1237073.4988969716
20
449574.1776854765
10
1237073.3372933378
20
449574.9071399498
10
1237073.1802614331
20
449575.6270785559
10
1237073.0278012576
20
449576.3375012947
10
1237072.9107690433
20
449576.87983421603
10
1237072.82916479
20
449577.25407731987
10
1237072.7829884975
20
449577.4602306062
10
1237072.7722401663
20
449577.49829407496
10
1237072.6971701258
20
449577.7139632285
10
1237072.5577783757
20
449578.10723806673
10
1237072.3540649165
20
449578.6781185897
10
1237072.0860297482
20
449579.42660479737
10
1237071.8747311211
20
449580.17509100505
10
1237071.7201690353
20
449580.9235772126
10
1237071.6223434906
20
449581.6720634203
10
1237071.5812544874
20
449582.420549628
10
1237071.6304058605
20
449583.0829080824
10
1237071.7697976106
20
449583.6591387835
10
1237071.9994297372
20
449584.1492417314
10
1237072.31930224
20
449584.553216926
10
1237072.6717680518
20
449584.9423260752
10
1237073.0568271722
20
449585.31656917906
10
1237073.4744796013
20
449585.6759462375
10
1237073.924725339
20
449586.02045725053
10
1237074.3369697598
20
449586.3104232439
10
1237074.7112128637
20
449586.5458442176
10
1237075.0474546505
20
449586.7267201715
10
1237075.3456951205
20
449586.85305110575
10
1237075.756497025
20
449586.9584383251
10
1237076.2798603638
20
449587.04288182955
10
1237076.915785137
20
449587.1063816191
10
1237077.6642713444
20
449587.1489376938
10
1237078.3786187544
20
449587.13863299764
10
1237079.0588273662
20
449587.0754675304
10
1237079.7048971802
20
449586.95944129245
10
1237080.3168281964
20
449586.79055428354
10
1237080.8099152562
20
449586.6541530578
10
1237081.1841583601
20
449586.55023761536
10
1237081.4395575079
20
449586.4788079561
10
1237081.5761126995
20
449586.43986408
10
1237081.865650645
20
449586.30487293296
10
1237082.3081713447
20
449586.07383451506
10
1237082.9036747983
20
449585.746748826
10
1237083.6521610057
20
449585.323615866
10
1237084.3068917063
20
449584.9346638031
10
1237084.8678668996
20
449584.57989263727
10
1237085.335086586
20
449584.25930236856
10
1237085.7085507652
20
449583.9728929969
10
1237086.0824044067
20
449583.68166159146
10
1237086.4566475106
20
449583.38560815214
10
1237086.8312800766
20
449583.084732679
10
1237087.2063021052
20
449582.7790351721
10
1237087.629348989
20
449582.43906486663
10
1237088.1004207286
20
449582.0648217628
10
1237088.619517323
20
449581.6563058605
10
1237089.1866387734
20
449581.2135171599
10
1237089.6573210503
20
449580.84246342885
10
1237090.0315641542
20
449580.5431446674
10
1237090.3093680849
20
449580.3155608757
10
1237090.4907328424
20
449580.1597120536
10
1237090.8060991638
20
449579.8946660906
10
1237091.2554670495
20
449579.5204229868
10
1237091.838836499
20
449579.03698274214
10
1237092.5562075127
20
449578.44434535655
10
1237093.1020145714
20
449577.99235304154
10
1237093.4762576753
20
449577.6810057971
10
1237093.6789368242
20
449577.51030362316
10
1237093.7100520183
20
449577.4802465198
10
1237093.9056277163
20
449577.2780964162
10
1237094.2656639176
20
449576.90385331237
10
1237094.790160623
20
449576.35751720826
10
1237095.4791178317
20
449575.639088104
10
1237096.010717988
20
449575.08413948247
10
1237096.384961092
20
449574.69267134357
10
1237096.6018471431
20
449574.46468368743
10
1237096.661376142
20
449574.40017651406
10
1237096.8778818669
20
449574.1808013755
10
1237097.2513643187
20
449573.80655827164
10
1237097.7818234968
20
449573.27744720253
10
1237098.4692594013
20
449572.5934681682
10
1237099.0000989055
20
449572.0658606885
10
1237099.3743420094
20
449571.69462476333
10
1237099.5919887128
20
449571.47976039274
10
1237099.6530390158
20
449571.42126757675
10
1237099.8859482952
20
449571.2398107947
10
1237100.2907165508
20
449570.9353900467
10
1237100.8673437824
20
449570.50800533267
10
1237101.6158299898
20
449569.9576566527
10
1237102.2231879248
20
449569.50998396485
10
1237102.6894175876
20
449569.164987269
10
1237103.0145189774
20
449568.9226665652
10
1237103.1984920946
20
449568.7830218536
10
1237103.4776002052
20
449568.55735106836
10
1237103.851843309
20
449568.2456542095
10
1237104.321221406
20
449567.8479312772
10
1237104.8857344964
20
449567.3641822713
10
1237105.386557157
20
449566.9351862164
10
1237105.8236893874
20
449566.56094311253
10
1237106.197131188
20
449566.2414529597
10
1237106.5068825583
20
449565.9767157581
10
1237106.8488797955
20
449565.67241963244
10
1237107.2231228994
20
449565.32856458274
10
1237107.6296118698
20
449564.9451506093
10
1237108.0683467072
20
449564.52217771194
10
1237108.4994652383
20
449564.1235697113
10
1237108.9229674642
20
449563.7493266075
10
1237109.338853384
20
449563.3994484004
10
1237109.747122998
20
449563.07393509016
10
1237110.1383793568
20
449562.7575621649
10
1237110.5126224607
20
449562.45032962476
10
1237110.8698523096
20
449562.1522374696
10
1237111.210068903
20
449561.8632856995
10
1237111.6185532496
20
449561.5316882625
10
1237112.0953053497
20
449561.15744515863
10
1237112.6403252026
20
449560.74055638793
10
1237113.2536128084
20
449560.2810219504
10
1237113.7473781635
20
449559.90989479516
10
1237114.1216212672
20
449559.6271749224
10
1237114.3763421199
20
449559.4328623319
10
1237114.5115407219
20
449559.3269570238
10
1237114.800061225
20
449559.09386565443
10
1237115.2419036296
20
449558.7335882238
10
1237115.8370679358
20
449558.24612473196
10
1237116.5855541432
20
449557.6314751788
10
1237117.155791272
20
449557.16350517736
10
1237117.547779322
20
449556.84221472766
10
1237117.7615182926
20
449556.6676038295
10
1237117.7970081845
20
449556.6396724831
10
1237118.0015903425
20
449556.43160242133
10
1237118.3752647664
20
449556.0433936443
10
1237118.9180314569
20
449555.4750461519
10
1237119.6298904133
20
449554.7265599442
10
1237120.1640689704
20
449554.1648683761
10
1237120.5205671284
20
449553.7899714474
10
1237120.699384887
20
449553.60186915833
10
1237120.7005222465
20
449553.6005615088
10
1237120.888496818
20
449553.45379823906
10
1237121.2633086017
20
449553.1615793492
10
1237121.8249575973
20
449552.7239048391
10
1237122.5734438046
20
449552.1407747089
10
1237123.2084561768
20
449551.6624150042
10
1237123.7299947138
20
449551.28882572515
10
1237124.1380594154
20
449551.0200068717
10
1237124.4326502816
20
449550.85595844383
10
1237124.7670672666
20
449550.6904256935
10
1237125.1413103705
20
449550.5234086208
10
1237125.555379593
20
449550.3549072256
10
1237126.0092749344
20
449550.1849215079
10
1237126.5368179926
20
449549.96033388795
10
1237127.1380087673
20
449549.6811443658
10
1237127.8128472585
20
449549.34735294135
10
1237128.5613334659
20
449548.9589596146
10
1237129.2430457673
20
449548.62013782875
10
1237129.8579841624
20
449548.3308875837
10
1237130.406148651
20
449548.0912088796
10
1237130.887539233
20
449547.9011017163
10
1237131.3153560762
20
449547.7336852256
10
1237131.68959918
20
449547.58895940764
10
1237132.0102685445
20
449547.4669242622
10
1237132.2773641702
20
449547.36757978925
10
1237132.6648074412
20
449547.261948629
10
1237133.1725983578
20
449547.1500307812
10
1237133.80073692
20
449547.03182624595
10
1237134.5492231273
20
449546.9073350233
10
1237135.297709335
20
449546.8031953544
10
1237136.046195543
20
449546.71940723946
10
1237136.7946817507
20
449546.6559706785
10
1237137.543167958
20
449546.61288567143
10
1237138.2252374105
20
449546.6473020918
10
1237138.8408901074
20
449546.7592199396
10
1237139.390126049
20
449546.9486392148
10
1237139.8729452353
20
449547.21555991744
10
1237140.3014763803
20
449547.4865912155
10
1237140.675719484
20
449547.76173310896
10
1237140.9956745466
20
449548.0409855978
10
1237141.2613415683
20
449548.32434868213
10
1237141.5380392747
20
449548.65315177623
10
1237141.8257676663
20
449549.02739488
10
1237142.124526743
20
449549.44707799365
10
1237142.434316505
20
449549.912201117
10
1237142.7212011034
20
449550.4481650115
10
1237142.9851805384
20
449551.0549696769
10
1237143.2262548099
20
449551.7326151135
10
1237143.444423918
20
449552.4811013212
10
1237143.6631825834
20
449553.1945780469
10
1237143.8825308064
20
449553.8730452906
10
1237144.1024685868
20
449554.5165030523
10
1237144.3229959242
20
449555.1249513321
10
1237144.4998726978
20
449555.61629702384
10
1237144.6330989075
20
449555.9905401276
10
1237144.7226745528
20
449556.2476806435
10
1237144.7685996343
20
449556.38771857147
10
1237144.8478575458
20
449556.6798685693
10
1237144.960448288
20
449557.12413063715
10
1237145.10637186
20
449557.7205047749
10
1237145.2856282627
20
449558.46899098257
10
1237145.4810100738
20
449559.21747719025
10
1237145.6925172932
20
449559.9659633979
10
1237145.9201499214
20
449560.71444960556
10
1237146.1639079582
20
449561.4629358133
10
1237146.4166131574
20
449562.1415221578
10
1237146.6782655194
20
449562.7502086393
10
1237146.948865044
20
449563.28899525764
10
1237147.2284117308
20
449563.75788201287
10
1237147.491695252
20
449564.1794469424
10
1237147.738715607
20
449564.55369004625
10
1237147.9694727957
20
449564.8806113244
10
1237148.1839668183
20
449565.1602107767
10
1237148.4783353815
20
449565.5187432063
10
1237148.8525784854
20
449565.9562086128
10
1237149.30669613
20
449566.4726069964
10
1237149.8406883148
20
449567.0679383571
10
1237150.271446799
20
449567.5527255894
10
1237150.598971582
20
449567.9269686932
10
1237150.823262664
20
449568.19066766865
10
1237150.9443200452
20
449568.3438225156
10
1237151.1107171827
20
449568.64581020275
10
1237151.3224540765
20
449569.0966307301
10
1237151.5795307271
20
449569.69628409756
10
1237151.881947134
20
449570.4447703053
10
1237152.093195714
20
449571.193256513
10
1237152.2132764678
20
449571.9417427206
10
1237152.2421893945
20
449572.6902289283
10
1237152.179934495
20
449573.43871513597
10
1237152.117927116
20
449574.18720134365
10
1237152.056167258
20
449574.9356875513
10
1237151.9946549207
20
449575.68417375896
10
1237151.9333901044
20
449576.43265996664
10
1237151.8622991014
20
449577.1811461743
10
1237151.7813819116
20
449577.929632382
10
1237151.6906385352
20
449578.6781185897
10
1237151.5900689722
20
449579.42660479737
10
1237151.4647956728
20
449580.0934011762
10
1237151.314818637
20
449580.6785077263
10
1237151.1401378645
20
449581.18192444753
10
1237150.9407533554
20
449581.60365134006
10
1237150.7615579213
20
449582.00163633825
10
1237150.602551562
20
449582.375879442
10
1237150.4637342773
20
449582.7263806515
10
1237150.3451060674
20
449583.05313996674
10
1237150.1309580887
20
449583.485331005
10
1237149.8212903407
20
449584.0229537664
10
1237149.4161028243
20
449584.66600825096
10
1237148.9153955388
20
449585.41449445864
10
1237148.5075773967
20
449586.0180086628
10
1237148.1926483978
20
449586.4765508634
10
1237147.9706085422
20
449586.7901210605
10
1237147.84145783
20
449586.95871925406
10
1237147.6498687088
20
449587.2301399028
10
1237147.3958411787
20
449587.6043830066
10
1237147.0793752396
20
449588.0814485656
10
1237146.7004708913
20
449588.6613365797
10
1237146.3238971652
20
449589.22373378696
10
1237145.9496540613
20
449589.76864018757
10
1237145.5777415796
20
449590.29605578125
10
1237145.20815972
20
449590.80598056817
10
1237144.889961503
20
449591.2480645136
10
1237144.6231469284
20
449591.6223076174
10
1237144.4077159958
20
449591.9287098797
10
1237144.243668706
20
449592.16727130045
10
1237143.9875233355
20
449592.5333139179
10
1237143.6392798852
20
449593.0268377321
10
1237143.1989383544
20
449593.6478427431
10
1237142.6664987437
20
449594.3963289507
10
1237142.254169209
20
449594.9748394177
10
1237141.9619497498
20
449595.383374144
10
1237141.7898403672
20
449595.6219331296
10
1237141.7378410604
20
449595.69051637454
10
1237141.5697572625
20
449595.91192954895
10
1237141.2855889734
20
449596.2861726528
10
1237140.8853361933
20
449596.81324568606
10
1237140.3689989217
20
449597.49314864876
10
1237139.923708734
20
449598.0837021085
10
1237139.5494656302
20
449598.5849060652
10
1237139.2462696102
20
449598.9967605189
10
1237139.014120674
20
449599.31926546956
10
1237138.7596648412
20
449599.66763949685
10
1237138.482902112
20
449600.04188260064
10
1237138.1838324864
20
449600.4419947811
10
1237137.8624559648
20
449600.8679760381
10
1237137.514646152
20
449601.32229816075
10
1237137.1404030481
20
449601.8049611492
10
1237136.7397266533
20
449602.3159650032
10
1237136.3126169676
20
449602.85530972306
10
1237135.950618121
20
449603.3121036348
10
1237135.653730114
20
449603.6863467386
10
1237135.4219529459
20
449603.9780390345
10
1237135.2552866172
20
449604.18718052236
10
1237134.9848319008
20
449604.51190553186
10
1237134.6105887971
20
449604.952214063
10
1237134.1325573057
20
449605.5081061157
10
1237133.5507374266
20
449606.17958169
10
1237133.0977111189
20
449606.7024410291
10
1237132.7734783823
20
449607.07668413286
10
1237132.5780392168
20
449607.30231100146
10
1237132.5113936227
20
449607.37932163494
10
1237132.2911599511
20
449607.6242011619
10
1237131.9173382025
20
449608.0369495824
10
1237131.3899283763
20
449608.6175668965
10
1237130.7089304733
20
449609.36605310417
10
1237130.1979713682
20
449609.9276555194
10
1237129.8570510615
20
449610.3023741421
10
1237129.686169553
20
449610.4902089725
0
LWPOLYLINE
5
3C
330
C
100
AcDbEntity
8
C-TOPO-MAJR-E
100
AcDbPolyline
90
481
70
0
43
0
38
0
39
0
10
1237078.562516234
20
449570.59494584124
10
1237078.4128599523
20
449570.98396735144
10
1237078.250986914
20
449571.462855036
10
1237078.0768971185
20
449572.031608895
10
1237077.890590566
20
449572.6902289283
10
1237077.6920672564
20
449573.43871513597
10
1237077.547038269
20
449574.18720134365
10
1237077.455503604
20
449574.9356875513
10
1237077.4174632607
20
449575.68417375896
10
1237077.4329172398
20
449576.43265996664
10
1237077.4970852856
20
449577.1811461743
10
1237077.609967398
20
449577.929632382
10
1237077.7715635775
20
449578.6781185897
10
1237077.9818738233
20
449579.42660479737
10
1237078.1702103494
20
449580.0181343116
10
1237078.3365731556
20
449580.45270713244
10
1237078.4809622415
20
449580.73032325995
10
1237078.6033776072
20
449580.850982694
10
1237078.8823106836
20
449580.9421456804
10
1237079.3177614703
20
449581.00381221913
10
1237079.9097299674
20
449581.03598231013
10
1237080.6582161752
20
449581.0386559535
10
1237081.2751935055
20
449581.0098279166
10
1237081.7606619583
20
449580.94949819957
10
1237082.1146215335
20
449580.85766680236
10
1237082.3370722313
20
449580.73433372495
10
1237082.6354191324
20
449580.54220716225
10
1237083.0096622363
20
449580.2812871142
10
1237083.459801543
20
449579.95157358085
10
1237083.9858370528
20
449579.5530665622
10
1237084.4859268814
20
449579.1666915009
10
1237084.9600710291
20
449578.7924483971
10
1237085.408269496
20
449578.4303372507
10
1237085.8305222818
20
449578.0803580617
10
1237086.2287702267
20
449577.74809442007
10
1237086.6030133306
20
449577.4335463258
10
1237086.9532515935
20
449577.1367137789
10
1237087.2794850154
20
449576.8575967794
10
1237087.6628043465
20
449576.53091672773
10
1237088.1032095873
20
449576.1566736239
10
1237088.6007007372
20
449575.7348674679
10
1237089.1552777966
20
449575.26549825975
10
1237089.6196878783
20
449574.87036580895
10
1237089.993930982
20
449574.54947011557
10
1237090.278007108
20
449574.3028111794
10
1237090.4719162562
20
449574.13038900075
10
1237090.7518357185
20
449573.85705635947
10
1237091.1177654949
20
449573.4828132556
10
1237091.5697055853
20
449573.0076596892
10
1237092.1076559895
20
449572.4315956602
10
1237092.5637527434
20
449571.9384004134
10
1237092.9379958473
20
449571.5280739488
10
1237093.230385301
20
449571.20061626623
10
1237093.4409211045
20
449570.9560273659
10
1237093.7079762984
20
449570.6466113638
10
1237094.0315508828
20
449570.27236825996
10
1237094.4116448578
20
449569.8332980544
10
1237094.8482582232
20
449569.329400747
10
1237095.2536864579
20
449568.8672479277
10
1237095.6279295618
20
449568.44683959626
10
1237095.9709875346
20
449568.0681757528
10
1237096.2828603769
20
449567.7312563973
10
1237096.6306742094
20
449567.3756751676
10
1237097.0144290323
20
449567.0014320638
10
1237097.434124846
20
449566.6085270858
10
1237097.88976165
20
449566.1969602336
10
1237098.304701604
20
449565.8144460517
10
1237098.6789447078
20
449565.46098454006
10
1237099.0124909617
20
449565.1365756986
10
1237099.3053403655
20
449564.84121952736
10
1237099.6419141358
20
449564.5064198898
10
1237100.0222122732
20
449564.132176786
10
1237100.4462347773
20
449563.7184902159
10
1237100.9139816486
20
449563.2653601794
10
1237101.3349766359
20
449562.8365042979
10
1237101.7092197398
20
449562.4319225712
10
1237102.03671096
20
449562.05161499936
10
1237102.3174502966
20
449561.6955815825
10
1237102.6017377703
20
449561.3304433221
10
1237102.8895733808
20
449560.95620021824
10
1237103.1809571285
20
449560.57285227097
10
1237103.4758890131
20
449560.1803994802
10
1237103.8104765075
20
449559.7227912261
10
1237104.1847196112
20
449559.20002750866
10
1237104.5986183246
20
449558.6121083279
10
1237105.0521726478
20
449557.9590336839
10
1237105.4128189282
20
449557.4453748099
10
1237105.6805571658
20
449557.07113170606
10
1237105.855387361
20
449556.83630437235
10
1237105.9373095138
20
449556.74089280877
10
1237106.1551798936
20
449556.4822125842
10
1237106.508998501
20
449556.0602636986
10
1237106.9987653357
20
449555.4750461519
10
1237107.6244803974
20
449554.7265599442
10
1237108.1039789421
20
449554.1471864293
10
1237108.43726097
20
449553.73692560714
10
1237108.62432648
20
449553.49577747774
10
1237108.6651754733
20
449553.42374204117
10
1237108.7982418553
20
449553.20060277096
10
1237109.0235256264
20
449552.8263596671
10
1237109.3410267867
20
449552.30101272964
10
1237109.7507453358
20
449551.6245619586
10
1237110.1035344666
20
449550.9301023284
10
1237110.3993941788
20
449550.21763383906
10
1237110.6383244726
20
449549.48715649056
10
1237110.820325348
20
449548.7386702829
10
1237110.9960177005
20
449548.12074263184
10
1237111.1654015295
20
449547.63337353745
10
1237111.3284768357
20
449547.27656299964
10
1237111.4852436187
20
449547.05031101854
10
1237111.6812890433
20
449546.75006347604
10
1237111.9166131094
20
449546.3758203722
10
1237112.191215817
20
449545.927581707
10
1237112.5050971662
20
449545.40534748056
10
1237112.8491593925
20
449544.9269607378
10
1237113.2234024964
20
449544.4924214786
10
1237113.6278264776
20
449544.10172970325
10
1237114.0624313361
20
449543.7548854117
10
1237114.575506532
20
449543.4213473244
10
1237115.1670520655
20
449543.10111544153
10
1237115.8370679358
20
449542.794189763
10
1237116.5855541432
20
449542.50057028886
10
1237117.3340403507
20
449542.3291413806
10
1237118.0825265585
20
449542.27990303806
10
1237118.8310127663
20
449542.3528552615
10
1237119.5794989741
20
449542.5479980507
10
1237120.327985182
20
449542.74374585296
10
1237121.0764713897
20
449542.9400986682
10
1237121.8249575973
20
449543.1370564965
10
1237122.5734438046
20
449543.3346193378
10
1237123.3219300122
20
449543.45126768976
10
1237124.07041622
20
449543.4870015523
10
1237124.8189024278
20
449543.44182092545
10
1237125.5673886356
20
449543.31572580925
10
1237126.2610010752
20
449543.12749623304
10
1237126.8997397472
20
449542.8771321968
10
1237127.4836046512
20
449542.5646337006
10
1237128.0125957876
20
449542.19000074436
10
1237128.4642129075
20
449541.85970472306
10
1237128.8384560114
20
449541.57374563674
10
1237129.135325099
20
449541.33212348534
10
1237129.3548201704
20
449541.13483826886
10
1237129.6316927269
20
449540.8490741087
10
1237129.965942768
20
449540.4748310049
10
1237130.357570294
20
449540.0121089574
10
1237130.806575305
20
449539.4609079661
10
1237131.2181993625
20
449538.9325595934
10
1237131.5924424664
20
449538.4270638394
10
1237131.9293046168
20
449537.94442070386
10
1237132.2287858133
20
449537.48463018687
10
1237132.5150119131
20
449537.0676133765
10
1237132.7879829165
20
449536.6933702727
10
1237133.0476988228
20
449536.3619008754
10
1237133.2941596324
20
449536.07320518466
10
1237133.6045115893
20
449535.6969759698
10
1237133.9787546932
20
449535.2332132309
10
1237134.416888944
20
449534.68191696785
10
1237134.918914342
20
449534.0430871807
10
1237135.3396511986
20
449533.53655073524
10
1237135.6790995137
20
449533.16230763134
10
1237135.9372592876
20
449532.9203578692
10
1237136.1141305198
20
449532.81070144876
10
1237136.389687688
20
449532.60274145
10
1237136.763930792
20
449532.29647787305
10
1237137.2368598315
20
449531.8919107179
10
1237137.8084748066
20
449531.3890399844
10
1237138.2930107098
20
449530.9504830658
10
1237138.6904675409
20
449530.57623996196
10
1237139.0008452996
20
449530.2663106729
10
1237139.2241439866
20
449530.0206951987
10
1237139.501341236
20
449529.64936204103
10
1237139.8324370482
20
449529.1523112001
10
1237140.2174314233
20
449528.52954267577
10
1237140.6563243612
20
449527.7810564681
10
1237141.0070677104
20
449527.13494107744
10
1237141.2696614708
20
449526.59119650384
10
1237141.4441056426
20
449526.1498227473
10
1237141.5304002257
20
449525.8108198077
10
1237141.6270464214
20
449525.454196786
10
1237141.7340442296
20
449525.0799536822
10
1237141.8513936505
20
449524.68809049623
10
1237141.979094684
20
449524.2786072281
10
1237142.1007228042
20
449523.78437322506
10
1237142.2162780112
20
449523.20538848726
10
1237142.3257603052
20
449522.5416530145
10
1237142.4291696858
20
449521.7931668067
10
1237142.5848964732
20
449521.044680599
10
1237142.7929406678
20
449520.29619439144
10
1237143.0533022694
20
449519.54770818376
10
1237143.365981278
20
449518.7992219761
10
1237143.6516647306
20
449518.1835231361
10
1237143.9103526273
20
449517.70061166375
10
1237144.1420449682
20
449517.35048755904
10
1237144.3467417534
20
449517.133150822
10
1237144.687385894
20
449516.88206680986
10
1237145.1639773904
20
449516.59723552264
10
1237145.7765162424
20
449516.2786569603
10
1237146.5250024502
20
449515.9263311229
10
1237147.273488658
20
449515.6740677956
10
1237148.0219748658
20
449515.52186697844
10
1237148.7704610734
20
449515.4697286715
10
1237149.5189472807
20
449515.5176528747
10
1237150.2674334883
20
449515.56722105725
10
1237151.015919696
20
449515.6184332194
10
1237151.7644059039
20
449515.6712893609
10
1237152.5128921117
20
449515.7257894819
10
1237153.2613783195
20
449515.6974572343
10
1237154.0098645268
20
449515.5862926182
10
1237154.7583507346
20
449515.39229563356
10
1237155.5068369422
20
449515.1154662804
10
1237156.0699517198
20
449514.90673961444
10
1237156.4476950679
20
449514.76611563563
10
1237156.6400669857
20
449514.69359434425
10
1237156.6470674737
20
449514.6891757401
10
1237156.8376892698
20
449514.5634608666
10
1237157.2119323735
20
449514.31644972356
10
1237157.7697967852
20
449513.94814231107
10
1237158.511282505
20
449513.4585386291
10
1237159.1418242524
20
449513.02661523625
10
1237159.6614220273
20
449512.6523721324
10
1237160.0700758304
20
449512.33580931765
10
1237160.367785661
20
449512.0769267919
10
1237160.7037621285
20
449511.773925679
10
1237161.0780052321
20
449511.4268059789
10
1237161.4905149725
20
449511.0355676916
10
1237161.9412913497
20
449510.6002108172
10
1237162.3799789052
20
449510.19541082805
10
1237162.8065776392
20
449509.82116772427
10
1237163.221087552
20
449509.4774815057
10
1237163.6235086431
20
449509.1643521724
10
1237164.0118407407
20
449508.83585246094
10
1237164.3860838444
20
449508.49198237126
10
1237164.7462379546
20
449508.1327419033
10
1237165.092303071
20
449507.7581310572
10
1237165.5389734604
20
449507.3843065769
10
1237166.0862491224
20
449507.01126846246
10
1237166.7341300575
20
449506.6390167139
10
1237167.4826162648
20
449506.26755133114
10
1237168.0449778868
20
449505.9883497994
10
1237168.421214923
20
449505.8014121186
10
1237168.6113273734
20
449505.7067382888
10
1237168.615315238
20
449505.7043283101
10
1237168.7855179713
20
449505.51539927407
10
1237169.1219355732
20
449505.1399511807
10
1237169.6245680437
20
449504.5779840303
10
1237170.293415383
20
449503.8294978227
10
1237170.7218615124
20
449503.081011615
10
1237170.909906432
20
449502.3325254074
10
1237170.857550142
20
449501.5840391997
10
1237170.5647926424
20
449500.83555299195
10
1237170.2502050917
20
449500.2505787458
10
1237169.9137874898
20
449499.8291164613
10
1237169.5555398369
20
449499.5711661382
10
1237169.1754621326
20
449499.4767277767
10
1237168.7032823027
20
449499.31650988874
10
1237168.1390003467
20
449499.0905124743
10
1237167.4826162648
20
449498.7987355334
10
1237166.734130057
20
449498.441179066
10
1237166.0360397426
20
449498.0988888708
10
1237165.388345321
20
449497.77186494775
10
1237164.7910467924
20
449497.4601072968
10
1237164.2441441568
20
449497.163615918
10
1237163.783571287
20
449496.92306656257
10
1237163.4093281832
20
449496.73845923034
10
1237163.1214148453
20
449496.6097939215
10
1237162.9198312731
20
449496.537070636
10
1237162.5815220424
20
449496.47239834117
10
1237162.1064871522
20
449496.41577703704
10
1237161.4947266034
20
449496.3672067236
10
1237160.746240396
20
449496.326687401
10
1237159.9977541883
20
449496.3140538362
10
1237159.2492679805
20
449496.3293060293
10
1237158.5007817727
20
449496.3724439804
10
1237157.7522955653
20
449496.44346768945
10
1237157.1642363698
20
449496.507290196
10
1237156.7366041865
20
449496.56391150004
10
1237156.4693990154
20
449496.6133316017
10
1237156.3626208561
20
449496.65555050096
10
1237156.1221102248
20
449496.74126556644
10
1237155.7478671211
20
449496.87047679804
10
1237155.239891545
20
449497.04318419594
10
1237154.598183496
20
449497.25938776013
10
1237154.0069751306
20
449497.55461109406
10
1237153.466266449
20
449497.9288541979
10
1237152.9760574512
20
449498.3821170716
10
1237152.5363481366
20
449498.91439971514
10
1237152.1293719276
20
449499.3785868763
10
1237151.7551288237
20
449499.7746785552
10
1237151.4136188251
20
449500.1026747518
10
1237151.104841932
20
449500.362575466
10
1237150.7790303577
20
449500.679647375
10
1237150.4361841027
20
449501.0538904788
10
1237150.0763031663
20
449501.4853047774
10
1237149.699387549
20
449501.9738902709
10
1237149.3238081883
20
449502.439926871
10
1237148.9495650844
20
449502.8834145777
10
1237148.5766582375
20
449503.3043533909
10
1237148.205087647
20
449503.7027433106
10
1237147.8564623115
20
449504.0890598224
10
1237147.5307822304
20
449504.4633029263
10
1237147.228047404
20
449504.8254726221
10
1237146.948257832
20
449505.17556890997
10
1237146.6212414943
20
449505.58354494296
10
1237146.2469983904
20
449506.04940072104
10
1237145.8255285206
20
449506.5731362442
10
1237145.3568318847
20
449507.1547515124
10
1237144.9698168477
20
449507.6326806984
10
1237144.6644834094
20
449508.0069238023
10
1237144.44083157
20
449508.2774808239
10
1237144.298861329
20
449508.44435176335
10
1237144.0407546568
20
449508.7121072648
10
1237143.6665115529
20
449509.0807473283
10
1237143.1761320175
20
449509.5502719538
10
1237142.5696160507
20
449510.12068114127
10
1237142.0195399444
20
449510.593007287
10
1237141.525903699
20
449510.9672503908
10
1237141.088707314
20
449511.2434104528
10
1237140.70795079
20
449511.42148747295
10
1237140.330450976
20
449511.60852969444
10
1237139.9562078721
20
449511.8045371172
10
1237139.5852214785
20
449512.0095097412
10
1237139.2174917948
20
449512.2234475666
10
1237138.7545729803
20
449512.395193348
10
1237138.1964650347
20
449512.5247470854
10
1237137.543167958
20
449512.6121087789
10
1237136.7946817505
20
449512.65727842844
10
1237136.046195543
20
449512.69350074977
10
1237135.297709335
20
449512.7207757429
10
1237134.5492231273
20
449512.73910340783
10
1237133.80073692
20
449512.74848374457
10
1237133.0522507122
20
449512.79659436265
10
1237132.3037645044
20
449512.883435262
10
1237131.5552782966
20
449513.00900644273
10
1237130.8067920892
20
449513.17330790486
10
1237130.0583058815
20
449513.3699472501
10
1237129.3098196737
20
449513.5989244785
10
1237128.5613334659
20
449513.8602395902
10
1237127.8128472585
20
449514.1538925852
10
1237127.2364386881
20
449514.37964331615
10
1237126.832107755
20
449514.5374917831
10
1237126.599854459
20
449514.62743798614
10
1237126.5396788009
20
449514.64948192524
10
1237126.3224694198
20
449514.72758117266
10
1237125.948226316
20
449514.86173572845
10
1237125.4169494894
20
449515.0519455925
10
1237124.72863894
20
449515.2982107649
10
1237124.0252844763
20
449515.5427560662
10
1237123.3068860976
20
449515.7855814963
10
1237122.5734438046
20
449516.0266870553
10
1237121.824957597
20
449516.2660727432
10
1237121.1059731762
20
449516.5113208459
10
1237120.4164905418
20
449516.76243136363
10
1237119.7565096943
20
449517.0194042961
10
1237119.1260306332
20
449517.2822396435
10
1237118.623669551
20
449517.4914165316
10
1237118.2494264473
20
449517.64693496044
10
1237118.003301322
20
449517.74879493
10
1237117.885294175
20
449517.79699644016
10
1237117.609667263
20
449517.91103977687
10
1237117.1764205857
20
449518.0909249399
10
1237116.5855541432
20
449518.3366519293
10
1237115.8370679358
20
449518.64822074515
10
1237115.0885817283
20
449518.93942962005
10
1237114.3400955205
20
449519.210278554
10
1237113.5916093127
20
449519.4607675471
10
1237112.843123105
20
449519.6908965992
10
1237112.1225896552
20
449519.9031400957
10
1237111.4300089641
20
449520.0974980365
10
1237110.765381031
20
449520.27397042164
10
1237110.1287058562
20
449520.4325572511
10
1237109.6232467168
20
449520.55879899685
10
1237109.2490036131
20
449520.65269565885
10
1237109.0059765447
20
449520.7142472372
10
1237108.894165512
20
449520.7434537319
10
1237108.6231856854
20
449520.85132713965
10
1237108.1930370652
20
449521.03786746075
10
1237107.6037196512
20
449521.30307469494
10
1237106.8552334434
20
449521.64694884233
10
1237106.1896150322
20
449521.99870584434
10
1237105.6068644174
20
449522.3583457008
10
1237105.1069815988
20
449522.7258684119
10
1237104.6899665762
20
449523.1012739775
10
1237104.294337513
20
449523.500070545
10
1237103.920094409
20
449523.9222581144
10
1237103.5672372645
20
449524.3678366857
10
1237103.2357660793
20
449524.8368062589
10
1237102.9392633731
20
449525.25841259747
10
1237102.677729146
20
449525.6326557013
10
1237102.451163398
20
449525.95953557047
10
1237102.2595661292
20
449526.2390522049
10
1237101.986758985
20
449526.63581123267
10
1237101.6327419663
20
449527.1498126537
10
1237101.197515072
20
449527.7810564681
10
1237100.681078303
20
449528.52954267577
10
1237100.2836376836
20
449529.10538751906
10
1237100.0051932142
20
449529.5085909979
10
1237099.8457448946
20
449529.7391531124
10
1237099.805292725
20
449529.79707386246
10
1237099.6491781725
20
449530.0131557894
10
1237099.377401237
20
449530.38739889325
10
1237098.9899619184
20
449530.9198031739
10
1237098.4868602166
20
449531.6103686316
10
1237098.0481878137
20
449532.2246524837
10
1237097.6739447098
20
449532.7626547304
10
1237097.364130905
20
449533.2243753716
10
1237097.118746399
20
449533.6098144073
10
1237096.876008254
20
449533.9896554771
10
1237096.6359164696
20
449534.3638985809
10
1237096.3984710462
20
449534.7325437188
10
1237096.1636719839
20
449535.09559089073
10
1237095.8591509005
20
449535.54858214816
10
1237095.4849077966
20
449536.09151749103
10
1237095.0409426722
20
449536.72439691937
10
1237094.5272555272
20
449537.44722043327
10
1237094.1366507884
20
449537.9957537421
10
1237093.8691284559
20
449538.3699968459
10
1237093.72468853
20
449538.56994974473
10
1237093.7033310102
20
449538.59561243857
10
1237093.5831632444
20
449538.8019810108
10
1237093.3641852327
20
449539.18905546155
10
1237093.0463969747
20
449539.75683579076
10
1237092.6297984708
20
449540.5053219985
10
1237092.2627780505
20
449541.2538082062
10
1237091.945335714
20
449542.0022944138
10
1237091.6774714608
20
449542.7507806215
10
1237091.4591852915
20
449543.49926682917
10
1237091.2724096607
20
449544.14474078035
10
1237091.1171445688
20
449544.68720247503
10
1237090.9933900156
20
449545.12665191316
10
1237090.9011460007
20
449545.46308909473
10
1237090.8038788699
20
449545.81842923746
10
1237090.7015886223
20
449546.1926723413
10
1237090.5942752582
20
449546.58581840625
10
1237090.481938778
20
449546.9978674323
10
1237090.3155254195
20
449547.49402575375
10
1237090.095035183
20
449548.0742933706
10
1237089.8204680686
20
449548.7386702829
10
1237089.491824076
20
449549.48715649056
10
1237089.1684646478
20
449550.15862227726
10
1237088.8503897842
20
449550.75306764303
10
1237088.537599485
20
449551.2704925878
10
1237088.2300937502
20
449551.71089711174
10
1237087.9481349862
20
449552.1182209256
10
1237087.6917231928
20
449552.4924640294
10
1237087.4608583702
20
449552.8336264232
10
1237087.255540518
20
449553.141708107
10
1237086.96576004
20
449553.5489084637
10
1237086.5915169362
20
449554.0552274933
10
1237086.1328112066
20
449554.6606651958
10
1237085.589642851
20
449555.3652215712
10
1237085.1742981868
20
449555.9046213108
10
1237084.886777214
20
449556.27886441466
10
1237084.727079933
20
449556.48795088276
10
1237084.6952063437
20
449556.531880715
10
1237084.5725970739
20
449556.7519496411
10
1237084.3592521236
20
449557.1481576611
10
1237084.055171493
20
449557.7205047749
10
1237083.6603551814
20
449558.46899098257
10
1237083.3032208192
20
449559.21747719025
10
1237082.983768406
20
449559.9659633979
10
1237082.7019979418
20
449560.71444960556
10
1237082.4579094264
20
449561.4629358133
10
1237082.255416092
20
449562.0705498476
10
1237082.0945179386
20
449562.53729170864
10
1237081.9752149659
20
449562.8631613963
10
1237081.8975071742
20
449563.04815891065
10
1237081.7959760048
20
449563.3277792198
10
1237081.6706214573
20
449563.70202232356
10
1237081.5214435323
20
449564.1708882222
10
1237081.3484422294
20
449564.73437691544
10
1237081.1298146206
20
449565.3441149873
10
1237080.8655607062
20
449566.0001024379
10
1237080.5556804857
20
449566.70233926695
10
1237080.2001739591
20
449567.4508254746
10
1237079.8785494699
20
449568.1020563047
10
1237079.5908070174
20
449568.65603175724
10
1237079.336946602
20
449569.1127518323
10
1237079.1169682238
20
449569.4722165297
10
1237078.9145703695
20
449569.8390704304
10
1237078.7297530395
20
449570.2133135342
10
1237078.562516234
20
449570.59494584124
0
LWPOLYLINE
5
3D
330
C
100
AcDbEntity
8
C-TOPO-MAJR-E
100
AcDbPolyline
90
268
70
0
43
0
38
0
39
0
10
1237218.815734116
20
449552.2874008453
10
1237218.3579517282
20
449551.6163948281
10
1237217.9419389823
20
449551.0026626388
10
1237217.5676958784
20
449550.44620427745
10
1237217.2352224165
20
449549.94701974426
10
1237216.9445185969
20
449549.50510903914
10
1237216.6753538994
20
449549.0970321346
10
1237216.4277283247
20
449548.7227890308
10
1237216.201641872
20
449548.3823797276
10
1237215.997094542
20
449548.0758042251
10
1237215.727909688
20
449547.65875104634
10
1237215.3940873095
20
449547.13122019125
10
1237214.9956274072
20
449546.4932116599
10
1237214.5325299806
20
449545.7447254522
10
1237214.164996548
20
449545.1459334005
10
1237213.893027109
20
449544.6968355048
10
1237213.7166216644
20
449544.397431765
10
1237213.6357802134
20
449544.2477221811
10
1237213.4890921544
20
449543.9857458372
10
1237213.2765574874
20
449543.6115027334
10
1237212.998176213
20
449543.12499286956
10
1237212.6539483303
20
449542.5262162457
10
1237212.3177949004
20
449541.89001222595
10
1237211.9897159229
20
449541.21638081025
10
1237211.6697113977
20
449540.5053219985
10
1237211.357781325
20
449539.75683579076
10
1237211.1007517073
20
449539.09985982126
10
1237210.898622545
20
449538.53439408995
10
1237210.7513938374
20
449538.0604385968
10
1237210.6590655847
20
449537.67799334193
10
1237210.556217074
20
449537.29964916257
10
1237210.4428483043
20
449536.92540605867
10
1237210.3189592767
20
449536.5552640304
10
1237210.1845499906
20
449536.18922307773
10
1237210.0624213964
20
449535.7275708113
10
1237209.9525734936
20
449535.170307231
10
1237209.8550062831
20
449534.5174323371
10
1237209.7697197644
20
449533.7689461295
10
1237209.724583542
20
449533.0204599218
10
1237209.719597616
20
449532.2719737142
10
1237209.7547619864
20
449531.5234875065
10
1237209.830076653
20
449530.77500129875
10
1237209.900360397
20
449530.0265150911
10
1237209.965613218
20
449529.27802888345
10
1237210.025835116
20
449528.52954267577
10
1237210.0810260912
20
449527.7810564681
10
1237210.0564470035
20
449527.0325702604
10
1237209.9520978527
20
449526.2840840528
10
1237209.7679786393
20
449525.5355978451
10
1237209.504089363
20
449524.7871116374
10
1237209.2073207134
20
449524.1519609724
10
1237208.8776726914
20
449523.63014585007
10
1237208.515145296
20
449523.2216662704
10
1237208.1197385278
20
449522.9265222334
10
1237207.7343758745
20
449522.7789502149
10
1237207.359057336
20
449522.7789502149
10
1237206.9937829128
20
449522.9265222334
10
1237206.6385526045
20
449523.2216662704
10
1237206.2738158985
20
449523.5283138697
10
1237205.8995727946
20
449523.84646503127
10
1237205.515823293
20
449524.17611975514
10
1237205.1225673936
20
449524.51727804134
10
1237204.7604414106
20
449524.87497873633
10
1237204.4294453436
20
449525.2492218401
10
1237204.129579193
20
449525.6400073528
10
1237203.8608429586
20
449526.04733527434
10
1237203.5393532894
20
449526.50491492625
10
1237203.1651101855
20
449527.0127463087
10
1237202.738113647
20
449527.5708294215
10
1237202.2583636737
20
449528.1791642647
10
1237201.868008392
20
449528.6704532383
10
1237201.567047801
20
449529.0446963421
10
1237201.355481902
20
449529.3018935762
10
1237201.2333106939
20
449529.44204494066
10
1237200.985103538
20
449529.72468036396
10
1237200.6108604341
20
449530.1497998463
10
1237200.1105813824
20
449530.7174033875
10
1237199.4842663826
20
449531.4274909876
10
1237199.00819638
20
449531.96965633956
10
1237198.6823713742
20
449532.3438994434
10
1237198.5067913653
20
449532.5502202991
10
1237198.4814563536
20
449532.5886189066
10
1237198.3272956307
20
449532.80453941424
10
1237198.0443091965
20
449533.19798182184
10
1237197.6324970513
20
449533.7689461295
10
1237197.091859195
20
449534.5174323371
10
1237196.6407524678
20
449535.130199478
10
1237196.27917687
20
449535.60724755214
10
1237196.0071324012
20
449535.94857655955
10
1237195.8246190618
20
449536.15418650024
10
1237195.59764358
20
449536.4441130225
10
1237195.326205956
20
449536.81835612626
10
1237195.0103061898
20
449537.2769158117
10
1237194.6499442812
20
449537.81979207875
10
1237194.282641775
20
449538.37814878207
10
1237193.908398671
20
449538.9519859217
10
1237193.5272149697
20
449539.5413034977
10
1237193.1390906707
20
449540.1461015099
10
1237192.82689759
20
449540.63562206796
10
1237192.5906357274
20
449541.00986517186
10
1237192.4303050833
20
449541.2688308215
10
1237192.3459056576
20
449541.4125190169
10
1237192.1815504269
20
449541.7074067154
10
1237191.9372393908
20
449542.15349391685
10
1237191.61297255
20
449542.7507806215
10
1237191.2087499043
20
449543.4992668292
10
1237190.840616886
20
449544.16681254405
10
1237190.5085734949
20
449544.75341776595
10
1237190.2126197314
20
449545.25908249506
10
1237189.9527555953
20
449545.6838067313
10
1237189.712583325
20
449546.0832904013
10
1237189.4921029208
20
449546.45753350516
10
1237189.2913143826
20
449546.8065360428
10
1237189.11021771
20
449547.1302980142
10
1237188.8384334452
20
449547.56024104473
10
1237188.4759615876
20
449548.09636513423
10
1237188.0228021375
20
449548.7386702829
10
1237187.4789550952
20
449549.48715649056
10
1237187.06518419
20
449550.0552677205
10
1237186.7814894225
20
449550.4430039725
10
1237186.6278707923
20
449550.6503652469
10
1237186.6043282994
20
449550.67735154356
10
1237186.4472251628
20
449550.87796624383
10
1237186.1565613816
20
449551.2522093476
10
1237185.732336957
20
449551.8000808551
10
1237185.174551888
20
449552.52158076613
10
1237184.7085378016
20
449553.1227317429
10
1237184.3342946977
20
449553.60353378544
10
1237184.0518225764
20
449553.9639868937
10
1237183.8611214377
20
449554.2040910677
10
1237183.623487401
20
449554.5112647066
10
1237183.3389204666
20
449554.8855078105
10
1237183.007420634
20
449555.32682037924
10
1237182.6289879035
20
449555.8352024129
10
1237182.2526499862
20
449556.3271894759
10
1237181.8784068823
20
449556.8027815682
10
1237181.506258592
20
449557.2619786898
10
1237181.136205115
20
449557.7047808408
10
1237180.8009454068
20
449558.1133034682
10
1237180.5004794677
20
449558.487546572
10
1237180.2348072974
20
449558.8275101523
10
1237180.0039288963
20
449559.13319420896
10
1237179.7013681438
20
449559.516135544
10
1237179.3271250399
20
449559.9763341574
10
1237178.8811995848
20
449560.5137900491
10
1237178.363591778
20
449561.12850321917
10
1237177.9492451847
20
449561.6229813561
10
1237177.6381598043
20
449561.9972244599
10
1237177.4303356367
20
449562.2512325307
10
1237177.3257726824
20
449562.38500556827
10
1237177.0863696532
20
449562.6709490139
10
1237176.7121265493
20
449563.1090628677
10
1237176.2030433707
20
449563.6993471294
10
1237175.5591201177
20
449564.4418017991
10
1237175.0749665638
20
449565.00015068596
10
1237174.75058271
20
449565.37439378974
10
1237174.5859685554
20
449565.56453111063
10
1237174.5811241008
20
449565.5705626486
10
1237174.4139826167
20
449565.76220785396
10
1237174.0845441031
20
449566.13946672675
10
1237173.5928085605
20
449566.70233926695
10
1237172.9387759883
20
449567.4508254746
10
1237172.425849264
20
449568.0348227701
10
1237172.0540283876
20
449568.4543311535
10
1237171.8233133592
20
449568.7093506247
10
1237171.7337041781
20
449568.79988118383
10
1237171.5272079157
20
449569.0322680153
10
1237171.2038245713
20
449569.4065111191
10
1237170.763554145
20
449569.92261049536
10
1237170.2063966375
20
449570.5805661439
10
1237169.7406963315
20
449571.12269598036
10
1237169.3664532276
20
449571.5490000048
10
1237169.0836673258
20
449571.85947821697
10
1237168.892338626
20
449572.0541306171
10
1237168.6226466813
20
449572.3385783691
10
1237168.2745914913
20
449572.7128214729
10
1237167.8481730563
20
449573.17685992864
10
1237167.343391376
20
449573.7306937362
10
1237166.903878984
20
449574.2060807324
10
1237166.5296358801
20
449574.6030209174
10
1237166.2206620644
20
449574.92151429097
10
1237165.9769575368
20
449575.1615608532
10
1237165.683333591
20
449575.4687056863
10
1237165.339790227
20
449575.84294879006
10
1237164.9463274442
20
449576.2842901647
10
1237164.5029452431
20
449576.7927298101
10
1237164.0941325906
20
449577.2981129275
10
1237163.7198894867
20
449577.800439517
10
1237163.3802159315
20
449578.29970957857
10
1237163.075111925
20
449578.7959231122
10
1237162.8150830031
20
449579.2311514309
10
1237162.6001291657
20
449579.6053945347
10
1237162.4302504133
20
449579.91865242366
10
1237162.3054467458
20
449580.1709250978
10
1237162.1757047055
20
449580.54725115525
10
1237162.0410242933
20
449581.04763059603
10
1237161.9014055084
20
449581.6720634203
10
1237161.7568483516
20
449582.420549628
10
1237161.528649138
20
449583.1455104724
10
1237161.216807868
20
449583.8469459536
10
1237160.8213245417
20
449584.5248560716
10
1237160.3421991586
20
449585.17924082634
10
1237159.9466676125
20
449585.69355475565
10
1237159.6347299027
20
449586.0677978595
10
1237159.40638603
20
449586.30197013787
10
1237159.2616359936
20
449586.3960715908
10
1237159.0021394235
20
449586.54204568465
10
1237158.6278963196
20
449586.7398924194
10
1237158.138906682
20
449586.9896117953
10
1237157.5351705109
20
449587.291203812
10
1237156.8952468303
20
449587.6188353421
10
1237156.2191356407
20
449587.97250638553
10
1237155.5068369422
20
449588.35221694224
10
1237154.7583507346
20
449588.75796701235
10
1237154.1850048613
20
449589.0725655951
10
1237153.7867993223
20
449589.2960126906
10
1237153.5637341177
20
449589.42830829875
10
1237153.5158092475
20
449589.46945241955
10
1237153.3047252605
20
449589.6715216349
10
1237152.9304821566
20
449590.03451594483
10
1237152.393079936
20
449590.5584353492
10
1237151.6925185984
20
449591.2432798481
10
1237151.1526683497
20
449591.77282364946
10
1237150.7735291896
20
449592.14706675324
10
1237150.555101118
20
449592.3660091596
10
1237150.4973841351
20
449592.4296508684
10
1237150.2814040917
20
449592.65860529244
10
1237149.9071609878
20
449593.0528724317
10
1237149.3746548237
20
449593.6124522862
10
1237148.6838855988
20
449594.3373448559
10
1237148.1607355955
20
449594.88691269263
10
1237147.8052048138
20
449595.26115579647
10
1237147.6172932535
20
449595.4600741674
10
1237147.5970009146
20
449595.4836678053
10
1237147.420802168
20
449595.6884845857
10
1237147.088697014
20
449596.07452450856
10
1237146.6006854523
20
449596.64178757375
10
1237145.956767483
20
449597.3902737814
10
1237145.452760031
20
449597.9774296023
10
1237145.0886630965
20
449598.40325503633
10
1237144.8644766796
20
449598.66775008367
10
1237144.7802007801
20
449598.7709147443
10
1237144.6045826138
20
449599.00961862644
10
1237144.3376221808
20
449599.3838617302
10
1237143.9793194807
20
449599.8936440557
10
1237143.5296745142
20
449600.5389656029
10
1237143.1177304788
20
449601.14165055886
10
1237142.7434873749
20
449601.7016989236
10
1237142.4069452025
20
449602.21911069716
10
1237142.1081039617
20
449602.6938858796
10
1237141.83631225
20
449603.1183950227
10
1237141.5915700675
20
449603.4926381265
10
1237141.373877414
20
449603.81661519106
10
1237141.1832342902
20
449604.0903262164
10
1237140.9165075768
20
449604.4827310373
10
1237140.5736972743
20
449604.9938296537
10
1237140.1548033825
20
449605.6236220658
10
1237139.6598259013
20
449606.3721082735
10
1237139.2728763898
20
449606.9549465766
10
1237138.993954848
20
449607.3721369752
10
1237138.8230612758
20
449607.6236794692
10
1237138.7601956734
20
449607.7095740587
10
1237138.570285826
20
449607.9396429054
10
1237138.2533317339
20
449608.31388600916
10
1237137.8093333966
20
449608.83230337023
10
1237137.2382908142
20
449609.49489498837
10
1237136.7656479713
20
449610.0653222493
10
1237136.3914048676
20
449610.54358515295
0
LWPOLYLINE
5
3E
330
C
100
AcDbEntity
8
C-TOPO-MAJR-E
100
AcDbPolyline
90
97
70
0
43
0
38
0
39
0
10
1237177.566389134
20
449487.6887369909
10
1237177.552528511
20
449487.7080599377
10
1237177.4522896088
20
449487.90967369964
10
1237177.2656724276
20
449488.2935782768
10
1237176.992676967
20
449488.8597736693
10
1237176.6333032274
20
449489.60825987696
10
1237176.3145809602
20
449490.35674608464
10
1237176.036510165
20
449491.1052322922
10
1237175.7990908423
20
449491.8537184999
10
1237175.602322992
20
449492.6022047077
10
1237175.4711480471
20
449493.35069091537
10
1237175.4055660088
20
449494.09917712293
10
1237175.405576876
20
449494.8476633306
10
1237175.4711806485
20
449495.5961495383
10
1237175.6464830884
20
449496.19055841846
10
1237175.931484195
20
449496.630889971
10
1237176.3261839682
20
449496.91714419605
10
1237176.8305824082
20
449497.04932109365
10
1237177.2895823051
20
449497.1154095424
10
1237177.7031836594
20
449497.1154095424
10
1237178.0713864702
20
449497.04932109365
10
1237178.394190738
20
449496.91714419605
10
1237178.7427144237
20
449496.77597153257
10
1237179.1169575276
20
449496.6258031031
10
1237179.5169200494
20
449496.46663890756
10
1237179.9426019895
20
449496.2984789461
10
1237180.4489849962
20
449496.051527391
10
1237181.03606907
20
449495.72578424244
10
1237181.7038542107
20
449495.3212495004
10
1237182.4523404182
20
449494.8379231647
10
1237183.042468681
20
449494.45117843535
10
1237183.4742389992
20
449494.1610153123
10
1237183.7476513723
20
449493.96743379545
10
1237183.8627058007
20
449493.8704338849
10
1237184.107354567
20
449493.63246749784
10
1237184.4815976706
20
449493.25353463413
10
1237184.9854351121
20
449492.7336352939
10
1237185.6188668916
20
449492.0727694771
10
1237186.1149418715
20
449491.5552150167
10
1237186.473660052
20
449491.18097191287
10
1237186.6950214333
20
449490.95004016557
10
1237186.7790260154
20
449490.86241977476
10
1237186.9790279467
20
449490.6095829297
10
1237187.295027227
20
449490.19152963045
10
1237187.7270238567
20
449489.60825987696
10
1237188.2750178354
20
449488.8597736693
10
1237188.7151352314
20
449488.2332287013
10
1237189.0473760443
20
449487.72862497304
10
1237189.271740274
20
449487.3459624844
10
1237189.388227921
20
449487.0852412355
10
1237189.5470441547
20
449486.7677590591
10
1237189.7481889762
20
449486.3935159553
10
1237189.9916623845
20
449485.96251192404
10
1237190.2774643805
20
449485.4747469652
10
1237190.6074869302
20
449484.98255158105
10
1237190.9817300339
20
449484.48592577147
10
1237191.4001936917
20
449483.98486953636
10
1237191.862877904
20
449483.4793828758
10
1237192.2571390737
20
449483.03951799363
10
1237192.5829772013
20
449482.6652748898
10
1237192.840392287
20
449482.3566535643
10
1237193.02938433
20
449482.11365401716
10
1237193.1238803517
20
449481.7916151645
10
1237193.1238803517
20
449481.3905370065
10
1237193.02938433
20
449480.9104195429
10
1237192.840392287
20
449480.35126277397
10
1237192.5115267024
20
449480.0395085845
10
1237192.0427875768
20
449479.9751569743
10
1237191.4341749102
20
449480.15820794366
10
1237190.6856887029
20
449480.5886614924
10
1237189.937202495
20
449480.93586094596
10
1237189.1887162873
20
449481.1998063043
10
1237188.4402300795
20
449481.3804975675
10
1237187.6917438721
20
449481.4779347355
10
1237187.0998881122
20
449481.5588291245
10
1237186.6646627998
20
449481.6231807347
10
1237186.3860679353
20
449481.67098956584
10
1237186.2641035186
20
449481.702255618
10
1237186.0159997582
20
449481.7811562021
10
1237185.6417566543
20
449481.90769131813
10
1237185.1413742069
20
449482.08186096593
10
1237184.514852416
20
449482.30366514565
10
1237183.857839521
20
449482.582696418
10
1237183.1703355215
20
449482.918954783
10
1237182.452340418
20
449483.31244024076
10
1237181.7038542107
20
449483.7631527912
10
1237181.1211625417
20
449484.1201795734
10
1237180.7042654112
20
449484.38352058735
10
1237180.4531628196
20
449484.55317583313
10
1237180.367854767
20
449484.6291453107
10
1237180.1380791888
20
449484.8684132342
10
1237179.7638360849
20
449485.27097960346
10
1237179.2451254555
20
449485.83684441855
10
1237178.5819473006
20
449486.56600767944
10
1237178.0810985288
20
449487.11771086184
10
1237177.7425791398
20
449487.4919539656
10
1237177.566389134
20
449487.6887369909
0
LWPOLYLINE
5
3F
330
C
100
AcDbEntity
8
C-TOPO-MAJR-E
100
AcDbPolyline
90
88
70
0
43
0
38
0
39
0
10
1237189.0582711836
20
449435.67344132805
10
1237188.721812379
20
449436.1400576913
10
1237188.505133661
20
449436.67714151565
10
1237188.4082350298
20
449437.2846928011
10
1237188.4311164855
20
449437.9627115477
10
1237188.5737780281
20
449438.71119775536
10
1237188.7292235007
20
449439.3520313966
10
1237188.8974529032
20
449439.88521247124
10
1237189.0784662357
20
449440.3107409795
10
1237189.2722634976
20
449440.62861692137
10
1237189.4953787923
20
449440.97467644414
10
1237189.7478121193
20
449441.348919548
10
1237190.0295634787
20
449441.75134623284
10
1237190.3406328708
20
449442.1819564987
10
1237190.6832891186
20
449442.6510104805
10
1237191.0575322222
20
449443.1585081782
10
1237191.463362182
20
449443.70444959175
10
1237191.9007789982
20
449444.2888347211
10
1237192.2639146687
20
449444.7681488377
10
1237192.552769194
20
449445.1423919416
10
1237192.767342574
20
449445.41156403266
10
1237192.9076348084
20
449445.5756651109
10
1237193.1649024775
20
449445.8338530408
10
1237193.5391455814
20
449446.18612782244
10
1237194.03036412
20
449446.63248945575
10
1237194.638558093
20
449447.1729379407
10
1237195.2660161317
20
449447.6302837351
10
1237195.9127382366
20
449448.004526839
10
1237196.5787244067
20
449448.29566725227
10
1237197.2639746428
20
449448.5037049749
10
1237197.7937213127
20
449448.66304516507
10
1237198.1679644166
20
449448.7736878227
10
1237198.3867039543
20
449448.83563294774
10
1237198.4499399257
20
449448.8488805403
10
1237198.5157412048
20
449448.85550433653
10
1237198.5841077913
20
449448.85550433653
10
1237198.6550396855
20
449448.8488805403
10
1237198.728536887
20
449448.83563294774
10
1237198.9524070397
20
449448.78228693677
10
1237199.3266501436
20
449448.6888425074
10
1237199.8512661986
20
449448.5552996596
10
1237200.5262552048
20
449448.38165839354
10
1237201.2196185112
20
449448.2055291797
10
1237201.9313561183
20
449448.0269120183
10
1237202.6614680255
20
449447.8458069094
10
1237203.4099542329
20
449447.6622138528
10
1237204.1584404404
20
449447.5202160266
10
1237204.9069266482
20
449447.4198134306
10
1237205.655412856
20
449447.3610060649
10
1237206.4038990638
20
449447.34379392955
10
1237207.1523852716
20
449447.3279243478
10
1237207.9008714794
20
449447.31339731964
10
1237208.649357687
20
449447.30021284503
10
1237209.3978438943
20
449447.288370924
10
1237210.1463301019
20
449447.2241849798
10
1237210.8948163097
20
449447.1076550125
10
1237211.6433025175
20
449446.938781022
10
1237212.3917887253
20
449446.7175630082
10
1237213.0048113882
20
449446.51640454424
10
1237213.4823705067
20
449446.3353056299
10
1237213.8244660809
20
449446.17426626536
10
1237214.0310981101
20
449446.03328645055
10
1237214.213886329
20
449445.7404300375
10
1237214.3728307374
20
449445.2956970263
10
1237214.5079313354
20
449444.6990874168
10
1237214.619188123
20
449443.9506012091
10
1237214.6505943534
20
449443.2021150014
10
1237214.6021500267
20
449442.45362879377
10
1237214.4738551432
20
449441.7051425861
10
1237214.2657097024
20
449440.9566563784
10
1237214.199459018
20
449440.2081701707
10
1237214.2751030896
20
449439.45968396304
10
1237214.4926419177
20
449438.71119775536
10
1237214.852075502
20
449437.9627115477
10
1237215.1914780021
20
449437.33705328626
10
1237215.510849418
20
449436.83422297117
10
1237215.8101897493
20
449436.45422060235
10
1237216.0894989965
20
449436.19704617973
10
1237216.364343505
20
449435.88133741653
10
1237216.6347232745
20
449435.50709431275
10
1237216.9006383053
20
449435.07431686827
10
1237217.1620885974
20
449434.58300508314
10
1237217.4333887699
20
449434.02739969245
10
1237217.7145388224
20
449433.4075006961
10
1237218.0055387553
20
449432.7233080941
10
1237218.3063885684
20
449431.9748218864
10
1237218.5785724537
20
449431.279639206
10
1237218.8220904116
20
449430.63776005304
0
LWPOLYLINE
5
40
330
C
100
AcDbEntity
8
C-TOPO-MAJR-E
100
AcDbPolyline
90
58
70
0
43
0
38
0
39
0
10
1237218.957550107
20
449424.49024825403
10
1237218.3796783863
20
449424.324893422
10
1237217.631192179
20
449424.12428696285
10
1237216.8827059711
20
449423.9789446469
10
1237216.1342197633
20
449423.8888664742
10
1237215.3857335555
20
449423.8540524447
10
1237214.6372473482
20
449423.8745025584
10
1237213.8887611404
20
449423.92461538955
10
1237213.1402749326
20
449424.0043909382
10
1237212.3917887248
20
449424.11382920423
10
1237211.6433025175
20
449424.2529301877
10
1237211.0277766094
20
449424.38241975347
10
1237210.545211001
20
449424.50229790155
10
1237210.1956056925
20
449424.61256463185
10
1237209.978960684
20
449424.7132199445
10
1237209.6835166276
20
449424.88411067345
10
1237209.3092735237
20
449425.1252368187
10
1237208.8562313723
20
449425.4365983802
10
1237208.3243901737
20
449425.8181953579
10
1237207.8476241606
20
449426.1961153987
10
1237207.425933333
20
449426.57035850256
10
1237207.0593176915
20
449426.94092466944
10
1237206.7477772355
20
449427.3078138993
10
1237206.4048854555
20
449427.7026421676
10
1237206.0306423516
20
449428.1254094744
10
1237205.6250479238
20
449428.57611581957
10
1237205.188102172
20
449429.0547612032
10
1237204.7539088638
20
449429.48120544694
10
1237204.3224679986
20
449429.8554485507
10
1237203.893779577
20
449430.1774905147
10
1237203.4678435987
20
449430.4473313388
10
1237203.0677540575
20
449430.68196858565
10
1237202.6935109538
20
449430.8814022554
10
1237202.3451142872
20
449431.04563234793
10
1237202.022564058
20
449431.1746588632
10
1237201.593529834
20
449431.3286479934
10
1237201.0580116156
20
449431.5075997383
10
1237200.4160094024
20
449431.711514098
10
1237199.6675231946
20
449431.94039107254
10
1237198.9190369868
20
449432.1604060057
10
1237198.170550779
20
449432.37155889766
10
1237197.4220645714
20
449432.57384974824
10
1237196.673578364
20
449432.7672785575
10
1237195.9250921565
20
449432.95777169627
10
1237195.1766059487
20
449433.14532916446
10
1237194.428119741
20
449433.32995096204
10
1237193.6796335331
20
449433.511637089
10
1237193.1031851918
20
449433.6517686297
10
1237192.6987747166
20
449433.75034558395
10
1237192.4664021074
20
449433.8073679518
10
1237192.406067364
20
449433.8228357333
10
1237192.1887784405
20
449433.9049040305
10
1237191.8145353366
20
449434.05357284343
10
1237191.2833380525
20
449434.2688421721
10
1237190.5951865881
20
449434.5507120165
10
1237189.9949582885
20
449434.8787684907
10
1237189.4826531536
20
449435.25301159447
10
1237189.0582711836
20
449435.67344132805
0
LWPOLYLINE
5
41
330
C
100
AcDbEntity
8
C-TOPO-MAJR-E
100
AcDbPolyline
90
57
70
0
43
0
38
0
39
0
10
1237192.3769485038
20
449469.22523817886
10
1237192.2569780247
20
449469.44449305674
10
1237192.1618670952
20
449469.7960557671
10
1237192.0916157148
20
449470.2799263099
10
1237192.0462238835
20
449470.89610468515
10
1237192.0256916014
20
449471.6445908929
10
1237192.0454180802
20
449472.38239741547
10
1237192.1054033195
20
449473.109524253
10
1237192.2056473196
20
449473.82597140543
10
1237192.3461500807
20
449474.5317388727
10
1237192.4596637576
20
449475.0717441583
10
1237192.5461883503
20
449475.4459872622
10
1237192.6057238593
20
449475.6544681842
10
1237192.6382702843
20
449475.6971869246
10
1237192.8416650486
20
449475.90148962435
10
1237193.2159081525
20
449476.26737628353
10
1237193.7609995957
20
449476.79484690214
10
1237194.4769393785
20
449477.4839014803
10
1237195.2010157674
20
449477.9170037817
10
1237195.9332287626
20
449478.0941538064
10
1237196.673578364
20
449478.0153515545
10
1237197.4220645716
20
449477.68059702584
10
1237198.1705507794
20
449477.38705163845
10
1237198.9190369868
20
449477.13471539225
10
1237199.6675231946
20
449476.9235882873
10
1237200.4160094024
20
449476.75367032364
10
1237201.0218666699
20
449476.5801363294
10
1237201.4850949966
20
449476.4029863046
10
1237201.8056943833
20
449476.22222024936
10
1237201.9836648295
20
449476.03783816367
10
1237202.135680805
20
449475.71243004745
10
1237202.2617423097
20
449475.2459959007
10
1237202.3618493434
20
449474.63853572356
10
1237202.4360019066
20
449473.8900495159
10
1237202.4285855764
20
449473.244685537
10
1237202.339600353
20
449472.702443787
10
1237202.169046237
20
449472.2633242658
10
1237201.916923228
20
449471.92732697335
10
1237201.5552401622
20
449471.5722067752
10
1237201.0839970396
20
449471.1979636714
10
1237200.5031938604
20
449470.80459766183
10
1237199.8128306246
20
449470.3921087466
10
1237199.280527455
20
449470.0773934463
10
1237198.9062843514
20
449469.86045176093
10
1237198.6901013134
20
449469.7412836905
10
1237198.6319783411
20
449469.71988923504
10
1237198.4012645602
20
449469.59841166245
10
1237197.9979599703
20
449469.37685097277
10
1237197.4220645714
20
449469.0552071659
10
1237196.673578364
20
449468.63348024193
10
1237195.9250921565
20
449468.3731516743
10
1237195.1766059487
20
449468.274221463
10
1237194.428119741
20
449468.3366896082
10
1237193.6796335331
20
449468.56055610965
10
1237193.0882762577
20
449468.7832697053
10
1237192.6540479148
20
449469.00483039505
10
1237192.3769485038
20
449469.22523817886
0
LWPOLYLINE
5
42
330
C
100
AcDbEntity
8
C-TOPO-MAJR-E
100
AcDbPolyline
90
33
70
0
43
0
38
0
39
0
10
1237201.4114604078
20
449502.4392860829
10
1237201.3266082036
20
449502.54627905425
10
1237201.212322596
20
449502.8136453346
10
1237201.0686035848
20
449503.2413849241
10
1237200.8954511702
20
449503.8294978227
10
1237200.692865352
20
449504.5779840303
10
1237200.6127854937
20
449505.25141152134
10
1237200.6552115958
20
449505.849780296
10
1237200.820143658
20
449506.3730903539
10
1237201.1075816804
20
449506.82134169515
10
1237201.510281749
20
449507.1813837385
10
1237202.0282438642
20
449507.45321648405
10
1237202.6614680255
20
449507.6368399315
10
1237203.4099542329
20
449507.7322540808
10
1237204.0919627747
20
449507.66789832024
10
1237204.7074936512
20
449507.4437726496
10
1237205.256546862
20
449507.05987706885
10
1237205.739122407
20
449506.51621157804
10
1237206.063468405
20
449505.92134090804
10
1237206.2295848555
20
449505.27526505874
10
1237206.2374717593
20
449504.5779840303
10
1237206.0871291156
20
449503.8294978227
10
1237205.8913139077
20
449503.2148130993
10
1237205.6500261351
20
449502.7339298603
10
1237205.3632657982
20
449502.3868481056
10
1237205.0310328968
20
449502.1735678352
10
1237204.5947366687
20
449502.04017945717
10
1237204.054377114
20
449501.9866829716
10
1237203.4099542329
20
449502.0130783783
10
1237202.6614680255
20
449502.11936567735
10
1237202.0788903187
20
449502.22582939453
10
1237201.6622211128
20
449502.3324695297
10
1237201.4114604078
20
449502.4392860829
0
LWPOLYLINE
5
43
330
C
100
AcDbEntity
8
C-TOPO-MAJR-E
100
AcDbPolyline
90
41
70
0
43
0
38
0
39
0
10
1237206.9592299298
20
449462.657528838
10
1237206.5809642994
20
449463.10871158773
10
1237206.3908246947
20
449463.634220202
10
1237206.3888111152
20
449464.2340546807
10
1237206.5749235614
20
449464.9082150238
10
1237206.9491620334
20
449465.6567012315
10
1237207.2308476768
20
449466.21844202507
10
1237207.419980492
20
449466.59343740455
10
1237207.5165604788
20
449466.7816873699
10
1237207.5205876373
20
449466.7831919212
10
1237207.5241631875
20
449466.7839441968
10
1237207.5272871286
20
449466.7839441968
10
1237207.5299594612
20
449466.7831919212
10
1237207.532180185
20
449466.7816873699
10
1237207.7204120988
20
449466.66358092026
10
1237208.0946552027
20
449466.42887257214
10
1237208.6549094964
20
449466.0775623257
10
1237209.4011749802
20
449465.6096501808
10
1237210.0283870865
20
449465.1885725564
10
1237210.536545815
20
449464.81432945264
10
1237210.9256511657
20
449464.4869208693
10
1237211.195703139
20
449464.2063468065
10
1237211.4403300202
20
449463.8087947075
10
1237211.6595318099
20
449463.2942645723
10
1237211.8533085075
20
449462.6627564009
10
1237212.0216601132
20
449461.9142701932
10
1237212.0383229228
20
449461.3278546722
10
1237211.9032969363
20
449460.90350983804
10
1237211.6165821534
20
449460.6412356905
10
1237211.1781785744
20
449460.5410322296
10
1237210.77712155
20
449460.4909304992
10
1237210.4134110808
20
449460.4909304992
10
1237210.0870471662
20
449460.5410322296
10
1237209.7980298065
20
449460.6412356905
10
1237209.4663995747
20
449460.7907141506
10
1237209.0921564708
20
449460.9894676099
10
1237208.6753004948
20
449461.2374960686
10
1237208.2158316472
20
449461.5347995265
10
1237207.7766636037
20
449461.8705728074
10
1237207.3577963645
20
449462.24481591117
10
1237206.9592299298
20
449462.657528838
0
LWPOLYLINE
5
44
330
C
100
AcDbEntity
8
C-TOPO-MAJR-E
100
AcDbPolyline
90
33
70
0
43
0
38
0
39
0
10
1237192.5106517863
20
449586.1235565723
10
1237192.4798168296
20
449586.28902345145
10
1237192.464399351
20
449586.42351363535
10
1237192.464399351
20
449586.527027124
10
1237192.4798168296
20
449586.5995639175
10
1237192.5106517863
20
449586.6411240158
10
1237192.720899556
20
449586.72954504105
10
1237193.1105601385
20
449586.8648269932
10
1237193.6796335336
20
449587.0469698724
10
1237194.428119741
20
449587.27597367857
10
1237195.0510150585
20
449587.38008555706
10
1237195.5483194864
20
449587.3593055079
10
1237195.9200330242
20
449587.2136335311
10
1237196.1661556717
20
449586.94306962675
10
1237196.3402592642
20
449586.55302514654
10
1237196.4423438013
20
449586.0435000905
10
1237196.4724092833
20
449585.41449445864
10
1237196.43045571
20
449584.66600825096
10
1237196.3479482613
20
449584.06411681976
10
1237196.2248869375
20
449583.608820165
10
1237196.0612717385
20
449583.3001182866
10
1237195.857102664
20
449583.13801118464
10
1237195.5769369747
20
449583.0569576337
10
1237195.2207746706
20
449583.0569576337
10
1237194.7886157513
20
449583.13801118464
10
1237194.2804602168
20
449583.3001182866
10
1237193.8392608978
20
449583.5674534452
10
1237193.4650177942
20
449583.9400166604
10
1237193.1577309056
20
449584.4178079323
10
1237192.917400232
20
449585.00082726084
10
1237192.7294434877
20
449585.479458477
10
1237192.5938606726
20
449585.85370158084
10
1237192.5106517863
20
449586.1235565723
0
LWPOLYLINE
5
45
330
C
100
AcDbEntity
8
C-SITE-N
100
AcDbPolyline
90
9
70
1
43
0
38
0
39
0
10
1237005.9801270652
20
449513.37771987787
10
1237005.9801270652
20
449513.37771987787
10
1237005.9801270652
20
449513.37771987787
10
1236941.585300161
20
449446.7665383102
10
1237049.4857760211
20
449340.4030782521
10
1237058.3460056374
20
449331.6711467886
10
1237058.3460056374
20
449331.6711467886
10
1237120.6613549988
20
449394.95935764164
10
1237005.9801270652
20
449513.37771987787
0
LWPOLYLINE
5
46
330
C
100
AcDbEntity
8
C-BLDG-FTPR-N
100
AcDbPolyline
90
5
70
1
43
0
38
0
39
0
10
1237064.4654376947
20
449452.9857608044
10
1237031.5600270925
20
449485.3847519774
10
1237013.3281366539
20
449466.8678840378
10
1237046.233547256
20
449434.46889286477
10
1237064.4654376947
20
449452.9857608044
0
LWPOLYLINE
5
47
330
C
100
AcDbEntity
8
C-PVMT
100
AcDbPolyline
90
5
70
1
43
0
38
0
39
0
10
1237128.9219683378
20
449542.8073076105
10
1237120.3711428153
20
449551.2265345873
10
1237043.7373196322
20
449473.3948698794
10
1237052.2881451547
20
449464.9756429026
10
1237128.9219683378
20
449542.8073076105
0
LWPOLYLINE
5
48
330
C
100
AcDbEntity
8
C-PVMT
100
AcDbPolyline
90
5
70
1
43
0
38
0
39
0
10
1237046.9493624757
20
449469.5305742423
10
1237050.4573737162
20
449473.09341821
10
1237043.4741995395
20
449479.969120241
10
1237039.966188299
20
449476.4062762733
10
1237046.9493624757
20
449469.5305742423
0
LWPOLYLINE
5
49
330
C
100
AcDbEntity
8
C-PVMT
100
AcDbPolyline
90
5
70
1
43
0
38
0
39
0
10
1237053.6694165599
20
449469.22912257287
10
1237047.9688662118
20
449474.8419405574
10
1237045.1624572196
20
449471.9916653833
10
1237050.8630075676
20
449466.37884739874
10
1237053.6694165599
20
449469.22912257287
0
LWPOLYLINE
5
4A
330
C
100
AcDbEntity
8
C-PVMT
100
AcDbPolyline
90
5
70
1
43
0
38
0
39
0
10
1237198.6434242832
20
449474.15887580527
10
1237080.5107085325
20
449590.47351053596
10
1237078.4059017883
20
449588.3358041554
10
1237196.538617539
20
449472.0211694247
10
1237198.6434242832
20
449474.15887580527
0
LWPOLYLINE
5
4B
330
C
100
AcDbEntity
8
C-TOPO-SURF
100
AcDbPolyline
90
5
70
1
43
0
38
0
39
0
10
1237201.4498332755
20
449477.0091509794
10
1237083.3171175248
20
449593.3237857101
10
1237080.5107085325
20
449590.47351053596
10
1237198.6434242832
20
449474.15887580527
10
1237201.4498332755
20
449477.0091509794
0
LWPOLYLINE
5
4C
330
C
100
AcDbEntity
8
C-PVMT
100
AcDbPolyline
90
5
70
1
43
0
38
0
39
0
10
1237202.5022366475
20
449478.0780041697
10
1237084.3695208968
20
449594.3926389004
10
1237083.3171175248
20
449593.3237857101
10
1237201.4498332755
20
449477.0091509794
10
1237202.5022366475
20
449478.0780041697
0
LWPOLYLINE
5
4D
330
C
100
AcDbEntity
8
C-PVMT
100
AcDbPolyline
90
5
70
1
43
0
38
0
39
0
10
1237122.0922487993
20
449557.2504696959
10
1237134.9184870827
20
449544.6216292308
10
1237126.8171615936
20
449540.66960123
10
1237118.2663360713
20
449549.0888282067
10
1237122.0922487993
20
449557.2504696959
0
LWPOLYLINE
5
4E
330
C
100
AcDbEntity
8
C-LODS
100
AcDbPolyline
90
10
70
1
43
0
38
0
39
0
10
1237013.3281366539
20
449466.8678840378
10
1237046.233547256
20
449434.46889286477
10
1237196.538617539
20
449472.0211694247
10
1237198.6434242832
20
449474.15887580527
10
1237201.4498332755
20
449477.0091509794
10
1237202.5022366475
20
449478.0780041697
10
1237122.0922487993
20
449557.2504696959
10
1237084.3695208968
20
449594.3926389004
10
1237078.4059017883
20
449588.3358041554
10
1237013.3281366539
20
449466.8678840378
0
LWPOLYLINE
5
4F
330
C
100
AcDbEntity
8
C-SITE-N
100
AcDbPolyline
90
10
70
1
43
0
38
0
39
0
10
1237193.6435098592
20
449474.1881290416
10
1237057.2116301896
20
449336.54076611076
10
1237047.2349983158
20
449346.7040840716
10
1236946.0076227689
20
449448.6711841604
10
1236911.0228269093
20
449481.53596311144
10
1236877.1837768515
20
449513.7561269034
10
1236942.4316920731
20
449578.31674638175
10
1237008.2007446766
20
449508.8978920437
10
1237078.339094656
20
449585.9697239989
10
1237193.6435098592
20
449474.1881290416
0
POINT
5
50
330
C
100
AcDbEntity
8
C-TOPO-SPOT
100
AcDbPoint
10
1237024.9167815675
20
449475.175306508
30
0
0
LWPOLYLINE
5
51
330
C
100
AcDbEntity
8
C-UTIL
100
AcDbPolyline
90
2
70
0
43
0
38
0
39
0
10
1237155.83181299
20
449550.0561849681
10
1237062.327731314
20
449455.0905675486
0
LWPOLYLINE
5
52
330
C
100
AcDbEntity
8
C-UTIL
100
AcDbPolyline
90
2
70
0
43
0
38
0
39
0
10
1237148.7061250545
20
449557.0722074487
10
1237055.2020433787
20
449462.10659002914
0
LWPOLYLINE
5
53
330
C
100
AcDbEntity
8
C-SWMG
100
AcDbPolyline
90
5
70
1
43
0
38
0
39
0
10
1237039.109055708
20
449352.24420821154
10
1237062.5398047355
20
449352.24420821154
10
1237062.5398047355
20
449375.6749572393
10
1237039.109055708
20
449375.6749572393
10
1237039.109055708
20
449352.24420821154
0
LWPOLYLINE
5
54
330
C
100
AcDbEntity
8
C-STRM-AREA
100
AcDbPolyline
90
10
70
1
43
0
38
0
39
0
10
1237198.6434242832
20
449474.15887580527
10
1237058.3460056374
20
449331.6711467886
10
1237048.0907884135
20
449341.7778661198
10
1236941.2678419813
20
449447.0791797365
10
1236906.0306059872
20
449481.8147645901
10
1236872.3460247929
20
449515.01951719087
10
1236939.308864697
20
449582.22160863027
10
1237005.9801270652
20
449513.37771987787
10
1237080.5107085325
20
449590.47351053596
10
1237198.6434242832
20
449474.15887580527
0
LWPOLYLINE
5
55
330
C
100
AcDbEntity
8
C-SITE-N
100
AcDbPolyline
90
5
70
1
43
0
38
0
39
0
10
1237013.3281366539
20
449450.8678840378
10
1237043.3281366539
20
449450.8678840378
10
1237043.3281366539
20
449466.8678840378
10
1237013.3281366539
20
449466.8678840378
10
1237013.3281366539
20
449450.8678840378
0
LWPOLYLINE
5
56
330
C
100
AcDbEntity
8
L-PLNT-TREE
100
AcDbPolyline
90
5
70
1
43
0
38
0
39
0
10
1237173.5248923735
20
449495.98464671907
10
1237183.5248923735
20
449495.98464671907
10
1237183.5248923735
20
449505.98464671907
10
1237173.5248923735
20
449505.98464671907
10
1237173.5248923735
20
449495.98464671907
0
LWPOLYLINE
5
57
330
C
100
AcDbEntity
8
L-PLNT-TREE
100
AcDbPolyline
90
5
70
1
43
0
38
0
39
0
10
1237149.8983492234
20
449519.24757366517
10
1237159.8983492234
20
449519.24757366517
10
1237159.8983492234
20
449529.24757366517
10
1237149.8983492234
20
449529.24757366517
10
1237149.8983492234
20
449519.24757366517
0
LWPOLYLINE
5
58
330
C
100
AcDbEntity
8
L-PLNT-TREE
100
AcDbPolyline
90
5
70
1
43
0
38
0
39
0
10
1237126.2718060731
20
449542.51050061133
10
1237136.2718060731
20
449542.51050061133
10
1237136.2718060731
20
449552.51050061133
10
1237126.2718060731
20
449552.51050061133
10
1237126.2718060731
20
449542.51050061133
0
LWPOLYLINE
5
59
330
C
100
AcDbEntity
8
L-PLNT-TREE
100
AcDbPolyline
90
5
70
1
43
0
38
0
39
0
10
1237102.645262923
20
449565.77342755743
10
1237112.645262923
20
449565.77342755743
10
1237112.645262923
20
449575.77342755743
10
1237102.645262923
20
449575.77342755743
10
1237102.645262923
20
449565.77342755743
0
LWPOLYLINE
5
5A
330
C
100
AcDbEntity
8
L-PLNT-TREE
100
AcDbPolyline
90
5
70
1
43
0
38
0
39
0
10
1237086.0105172782
20
449452.5386100978
10
1237098.0105172782
20
449452.5386100978
10
1237098.0105172782
20
449464.5386100978
10
1237086.0105172782
20
449464.5386100978
10
1237086.0105172782
20
449452.5386100978
0
LWPOLYLINE
5
5B
330
C
100
AcDbEntity
8
L-PLNT-TREE
100
AcDbPolyline
90
5
70
1
43
0
38
0
39
0
10
1237062.0105172782
20
449494.10782947944
10
1237074.0105172782
20
449494.10782947944
10
1237074.0105172782
20
449506.10782947944
10
1237062.0105172782
20
449506.10782947944
10
1237062.0105172782
20
449494.10782947944
0
LWPOLYLINE
5
5C
330
C
100
AcDbEntity
8
L-PLNT-TREE
100
AcDbPolyline
90
5
70
1
43
0
38
0
39
0
10
1237038.0105172782
20
449500.5386100978
10
1237050.0105172782
20
449500.5386100978
10
1237050.0105172782
20
449512.5386100978
10
1237038.0105172782
20
449512.5386100978
10
1237038.0105172782
20
449500.5386100978
0
ENDSEC
0
SECTION
2
OBJECTS
0
DICTIONARY
5
A
330
0
100
AcDbDictionary
281
1
3
ACAD_GROUP
350
B
0
DICTIONARY
5
B
330
A
100
AcDbDictionary
281
0
0
ENDSEC
0
EOF