{
 "type": "FeatureCollection",
 "features": [
  {
   "type": "Feature",
   "geometry": {
    "type": "Polygon",
    "coordinates": [
     [
      [
       -76.8002842048241,
       39.18436032632634
      ],
      [
       -76.80027513723695,
       39.184287996119096
      ],
      [
       -76.80012078164587,
       39.18300043592772
      ],
      [
       -76.8003526852485,
       39.18314310956433
      ],
      [
       -76.80058773565034,
       39.18325758444549
      ],
      [
       -76.80083632725378,
       39.18335202145368
      ],
      [
       -76.8010962978146,
       39.18342557883267
      ],
      [
       -76.80129130493141,
       39.18346524612987
      ],
      [
       -76.80129648551396,
       39.183466930499264
      ],
      [
       -76.8013026641245,
       39.18346774239468
      ],
      [
       -76.80147494477067,
       39.183497382139876
      ],
      [
       -76.80163852613447,
       39.18352524976969
      ],
      [
       -76.80166053036025,
       39.18352889006595
      ],
      [
       -76.80167146285373,
       39.18353057513035
      ],
      [
       -76.80169741068232,
       39.18353548270596
      ],
      [
       -76.80172593667491,
       39.18354098980189
      ],
      [
       -76.801753015482,
       39.183546998934915
      ],
      [
       -76.80178639776538,
       39.18355463046342
      ],
      [
       -76.80183984301566,
       39.1835686380759
      ],
      [
       -76.80188757049093,
       39.183582725760594
      ],
      [
       -76.80190822365076,
       39.1835894353745
      ],
      [
       -76.80192550004456,
       39.18359503159308
      ],
      [
       -76.80196986602498,
       39.183610789015724
      ],
      [
       -76.80202004410326,
       39.18363006069381
      ],
      [
       -76.8020724931219,
       39.18364890344203
      ],
      [
       -76.80211059605035,
       39.18366107417947
      ],
      [
       -76.8021322328651,
       39.18366783949046
      ],
      [
       -76.80213505447247,
       39.18366870012484
      ],
      [
       -76.80218732831993,
       39.18368352448135
      ],
      [
       -76.80221324830063,
       39.183690215981876
      ],
      [
       -76.80225886832913,
       39.18370050807959
      ],
      [
       -76.80230934914013,
       39.18371086214723
      ],
      [
       -76.80233544698727,
       39.18371584212603
      ],
      [
       -76.802602302236,
       39.18376206010112
      ],
      [
       -76.80290424656677,
       39.183813804617216
      ],
      [
       -76.8029039662924,
       39.18381482191834
      ],
      [
       -76.80270161001434,
       39.18452456719435
      ],
      [
       -76.80263988229909,
       39.1845209777779
      ],
      [
       -76.80127308794128,
       39.18444154474553
      ],
      [
       -76.80118465959366,
       39.18468968625713
      ],
      [
       -76.8002842048241,
       39.18436032632634
      ]
     ]
    ]
   },
   "properties": {
    "id": "parcel",
    "kind": "Parcel",
    "sourceId": "gis1",
    "reliabilityLevel": 1,
    "revision": 1,
    "engineeringGeometry": {
     "crs": "EPSG:2248",
     "crsName": "NAD83 / Maryland State Plane (US survey feet)",
     "datum": "NAD83",
     "unit": "usSurveyFoot",
     "coordinates": [
      [
       1368944.2604898592,
       552792.1538174562
      ],
      [
       1368946.8883977789,
       552765.8152626792
      ],
      [
       1368991.6684098712,
       552296.9546938471
      ],
      [
       1368925.818809046,
       552348.7755586974
      ],
      [
       1368859.099911415,
       552390.3240694115
      ],
      [
       1368788.5587489924,
       552424.5661671921
      ],
      [
       1368714.808856692,
       552451.1966329971
      ],
      [
       1368659.500550391,
       552465.523910327
      ],
      [
       1368658.0307242095,
       552466.1341964053
      ],
      [
       1368656.278688188,
       552466.4260935613
      ],
      [
       1368607.4204439977,
       552477.1152609116
      ],
      [
       1368561.0295442024,
       552487.1644372055
      ],
      [
       1368554.789338504,
       552488.4767567902
      ],
      [
       1368551.6890771224,
       552489.0837597032
      ],
      [
       1368544.330014913,
       552490.855222871
      ],
      [
       1368536.2396724026,
       552492.84345868
      ],
      [
       1368528.5591535983,
       552495.0154402707
      ],
      [
       1368519.0905682978,
       552497.7744548076
      ],
      [
       1368503.9298917828,
       552502.8434303581
      ],
      [
       1368490.389919002,
       552507.9450960907
      ],
      [
       1368484.5302693828,
       552510.3761734255
      ],
      [
       1368479.6286790045,
       552512.4038070737
      ],
      [
       1368467.0402460922,
       552518.1157060087
      ],
      [
       1368452.8015460183,
       552525.1040033909
      ],
      [
       1368437.9194719892,
       552531.9346877254
      ],
      [
       1368427.1092129103,
       552536.3441096415
      ],
      [
       1368420.970705129,
       552538.7948830406
      ],
      [
       1368420.170213562,
       552539.1066105079
      ],
      [
       1368405.3409816246,
       552544.4738389406
      ],
      [
       1368397.9884312758,
       552546.8951036782
      ],
      [
       1368385.048873072,
       552550.6156867879
      ],
      [
       1368370.7314343078,
       552554.3558632934
      ],
      [
       1368363.3298218485,
       552556.1536566911
      ],
      [
       1368287.6507473818,
       552572.8235338166
      ],
      [
       1368202.0211016452,
       552591.4850379593
      ],
      [
       1368202.09974801,
       552591.855731854
      ],
      [
       1368258.9007963126,
       552850.483752801
      ],
      [
       1368276.4007353093,
       552849.2142337493
      ],
      [
       1368663.8902632727,
       552821.1235499891
      ],
      [
       1368688.7590345475,
       552911.5564768027
      ],
      [
       1368944.2604898592,
       552792.1538174562
      ]
     ]
    }
   }
  },
  {
   "type": "Feature",
   "geometry": {
    "type": "LineString",
    "coordinates": [
     [
      -76.80165461900124,
      39.184640624842906
     ],
     [
      -76.80165460373071,
      39.18464011105883
     ],
     [
      -76.80165457318965,
      39.184639083490666
     ],
     [
      -76.80165452737806,
      39.18463754213842
     ],
     [
      -76.80165446629596,
      39.18463548700209
     ],
     [
      -76.80165430170175,
      39.184633431690735
     ],
     [
      -76.80165403359547,
      39.18463137620433
     ],
     [
      -76.8016536619771,
      39.18462932054291
     ],
     [
      -76.80165318684668,
      39.184627264706435
     ],
     [
      -76.80165261627641,
      39.18462520870858
     ],
     [
      -76.80165195026632,
      39.18462315254936
     ],
     [
      -76.80165118881641,
      39.18462109622872
     ],
     [
      -76.8016503319267,
      39.184619039746686
     ],
     [
      -76.80164954874573,
      39.18461698338929
     ],
     [
      -76.8016488392735,
      39.184614927156545
     ],
     [
      -76.80164820350998,
      39.184612871048415
     ],
     [
      -76.8016476414552,
      39.18461081506493
     ],
     [
      -76.80164717720814,
      39.18460919073998
     ],
     [
      -76.80164681076879,
      39.18460799807352
     ],
     [
      -76.8016465421371,
      39.184607237065606
     ],
     [
      -76.80164637131313,
      39.184606907716194
     ],
     [
      -76.80164612098899,
      39.184606229004366
     ],
     [
      -76.8016457911647,
      39.18460520093011
     ],
     [
      -76.80164538184029,
      39.18460382349341
     ],
     [
      -76.80164489301576,
      39.18460209669426
     ],
     [
      -76.8016442085655,
      39.1846002872992
     ],
     [
      -76.80164332848953,
      39.18459839530815
     ],
     [
      -76.80164225278786,
      39.18459642072118
     ],
     [
      -76.80164098146051,
      39.184594363538224
     ],
     [
      -76.80163981112075,
      39.184592598729616
     ],
     [
      -76.80163874176854,
      39.184591126295295
     ],
     [
      -76.80163777340385,
      39.1845899462353
     ],
     [
      -76.8016369060267,
      39.18458905854965
     ],
     [
      -76.80163585875064,
      39.18458809991091
     ],
     [
      -76.8016346315757,
      39.184587070319104
     ],
     [
      -76.80163322450188,
      39.1845859697742
     ],
     [
      -76.8016316375292,
      39.184584798276234
     ],
     [
      -76.80163018511274,
      39.184583778152465
     ],
     [
      -76.80162886725253,
      39.18458290940291
     ],
     [
      -76.8016276839485,
      39.1845821920276
     ],
     [
      -76.80162663520066,
      39.184581626026535
     ],
     [
      -76.80162518914759,
      39.18458096847999
     ],
     [
      -76.80162334578924,
      39.184580219387996
     ],
     [
      -76.80162110512569,
      39.184579378750506
     ],
     [
      -76.80161846715696,
      39.184578446567535
     ],
     [
      -76.80161582876283,
      39.184577666744204
     ],
     [
      -76.80161318994334,
      39.184577039280505
     ],
     [
      -76.80161055069843,
      39.18457656417648
     ],
     [
      -76.80160791102809,
      39.1845762414321
     ],
     [
      -76.80160527102856,
      39.18457603657634
     ],
     [
      -76.80160263069985,
      39.184575949609204
     ],
     [
      -76.80159999004194,
      39.1845759805307
     ],
     [
      -76.80159734905479,
      39.1845761293408
     ],
     [
      -76.8015947077241,
      39.18457640116104
     ],
     [
      -76.80159206604989,
      39.18457679599134
     ],
     [
      -76.8015894240321,
      39.184577313831774
     ],
     [
      -76.80158678167075,
      39.18457795468231
     ],
     [
      -76.80158416267435,
      39.1845786871502
     ],
     [
      -76.80158156704289,
      39.18457951123544
     ],
     [
      -76.80157899477639,
      39.18458042693803
     ],
     [
      -76.80157644587483,
      39.184581434257986
     ],
     [
      -76.8015745105487,
      39.184582200138294
     ],
     [
      -76.80157318879806,
      39.184582724578995
     ],
     [
      -76.80157248062294,
      39.18458300758011
     ],
     [
      -76.80157238602332,
      39.18458304914165
     ],
     [
      -76.80157165490463,
      39.18458308962477
     ],
     [
      -76.8015702872669,
      39.18458312902947
     ],
     [
      -76.8015682831101,
      39.18458316735572
     ],
     [
      -76.80156564243423,
      39.1845832046035
     ],
     [
      -76.80156363648057,
      39.184583211637104
     ],
     [
      -76.80156226524913,
      39.18458318845659
     ],
     [
      -76.80156152873992,
      39.18458313506196
     ],
     [
      -76.80156142695294,
      39.18458305145323
     ],
     [
      -76.80156071708936,
      39.18458258973543
     ],
     [
      -76.80155939914921,
      39.18458174990852
     ],
     [
      -76.80155747313255,
      39.18458053197251
     ],
     [
      -76.8015549390394,
      39.184578935927334
     ],
     [
      -76.80155274247866,
      39.184577622573904
     ],
     [
      -76.80155088345026,
      39.18457659191224
     ],
     [
      -76.80154936195417,
      39.18457584394234
     ],
     [
      -76.80154817799036,
      39.18457537866423
     ],
     [
      -76.80154692653716,
      39.18457490560028
     ],
     [
      -76.80154560759456,
      39.18457442475042
     ],
     [
      -76.8015442211626,
      39.18457393611471
     ],
     [
      -76.80154276724124,
      39.18457343969313
     ],
     [
      -76.8015410166747,
      39.18457306117485
     ],
     [
      -76.80153896946295,
      39.18457280055988
     ],
     [
      -76.80153662560602,
      39.18457265784817
     ],
     [
      -76.80153398510387,
      39.184572633039714
     ],
     [
      -76.80153169723648,
      39.18457274248871
     ],
     [
      -76.80152976200382,
      39.184572986195164
     ],
     [
      -76.80152817940592,
      39.18457336415911
     ],
     [
      -76.80152694944275,
      39.184573876380526
     ],
     [
      -76.80152567359993,
      39.18457438962763
     ],
     [
      -76.80152435187748,
      39.18457490390039
     ],
     [
      -76.80152298427538,
      39.18457541919881
     ],
     [
      -76.80152157079365,
      39.184575935522886
     ],
     [
      -76.80151993579666,
      39.18457670587251
     ],
     [
      -76.80151807928438,
      39.18457773024766
     ],
     [
      -76.80151600125677,
      39.18457900864832
     ],
     [
      -76.80151370171383,
      39.18458054107448
     ],
     [
      -76.80151189061559,
      39.184581730999575
     ],
     [
      -76.80151056796213,
      39.18458257842363
     ],
     [
      -76.80150973375348,
      39.18458308334662
     ],
     [
      -76.80150938798967,
      39.18458324576858
     ],
     [
      -76.8015084682412,
      39.18458346874589
     ],
     [
      -76.8015069745081,
      39.18458375227847
     ],
     [
      -76.80150490679033,
      39.18458409636635
     ],
     [
      -76.8015022650879,
      39.18458450100949
     ],
     [
      -76.80149962378731,
      39.18458476181823
     ],
     [
      -76.80149698288858,
      39.18458487879262
     ],
     [
      -76.80149434239172,
      39.1845848519326
     ],
     [
      -76.80149170229676,
      39.184584681238206
     ],
     [
      -76.801489224942,
      39.184584450902285
     ],
     [
      -76.80148691032747,
      39.184584160924864
     ],
     [
      -76.80148475845314,
      39.18458381130592
     ],
     [
      -76.80148276931907,
      39.18458340204549
     ],
     [
      -76.80148111517994,
      39.18458299311262
     ],
     [
      -76.80147979603578,
      39.184582584507304
     ],
     [
      -76.80147881188657,
      39.18458217622957
     ],
     [
      -76.8014781627323,
      39.1845817682794
     ],
     [
      -76.8014773979343,
      39.18458104980101
     ],
     [
      -76.80147651749259,
      39.18458002079438
     ],
     [
      -76.80147552140718,
      39.18457868125947
     ],
     [
      -76.8014744096781,
      39.18457703119632
     ],
     [
      -76.80147348995357,
      39.18457527974526
     ],
     [
      -76.80147276223356,
      39.184573426906255
     ],
     [
      -76.80147222651809,
      39.18457147267935
     ],
     [
      -76.80147188280712,
      39.184569417064544
     ],
     [
      -76.80147143114742,
      39.18456736126702
     ],
     [
      -76.80147087153897,
      39.1845653052868
     ],
     [
      -76.80147020398181,
      39.18456324912387
     ],
     [
      -76.80146942847593,
      39.184561192778204
     ],
     [
      -76.80146879551265,
      39.18455913667382
     ],
     [
      -76.80146830509193,
      39.184557080810684
     ],
     [
      -76.80146795721377,
      39.184555025188786
     ],
     [
      -76.80146775187816,
      39.18455296980815
     ],
     [
      -76.80146821381308,
      39.18455092543448
     ],
     [
      -76.80146934301844,
      39.18454889206777
     ],
     [
      -76.80147113949417,
      39.18454686970798
     ],
     [
      -76.80147360324027,
      39.18454485835508
     ],
     [
      -76.80147546950083,
      39.184543339994036
     ],
     [
      -76.80147673827597,
      39.184542314624835
     ],
     [
      -76.80147740956573,
      39.18454178224751
     ],
     [
      -76.80147748337014,
      39.18454174286207
     ],
     [
      -76.80147818077293,
      39.18454159504545
     ],
     [
      -76.80147950177411,
      39.184541338797594
     ],
     [
      -76.80148144637366,
      39.1845409741185
     ],
     [
      -76.80148401457154,
      39.18454050100815
     ],
     [
      -76.80148660115115,
      39.18454004287404
     ],
     [
      -76.80148920611245,
      39.18453959971615
     ],
     [
      -76.80149182945549,
      39.18453917153452
     ],
     [
      -76.8014944711802,
      39.1845387583291
     ],
     [
      -76.80149711255548,
      39.1845384701864
     ],
     [
      -76.80149975358131,
      39.18453830710643
     ],
     [
      -76.8015023942577,
      39.18453826908916
     ],
     [
      -76.80150503458468,
      39.184538356134624
     ],
     [
      -76.80150767479633,
      39.18453848446207
     ],
     [
      -76.80151031489265,
      39.18453865407151
     ],
     [
      -76.80151295487364,
      39.184538864962924
     ],
     [
      -76.80151559473933,
      39.184539117136325
     ],
     [
      -76.801518234619,
      39.18453936430869
     ],
     [
      -76.80152087451266,
      39.18453960648001
     ],
     [
      -76.80152351442031,
      39.18453984365028
     ],
     [
      -76.80152615434194,
      39.18454007581949
     ],
     [
      -76.8015287942072,
      39.1845403281807
     ],
     [
      -76.80153143401606,
      39.184540600733904
     ],
     [
      -76.80153407376852,
      39.18454089347909
     ],
     [
      -76.80153671346461,
      39.184541206416256
     ],
     [
      -76.80153878779565,
      39.18454144844803
     ],
     [
      -76.8015402967616,
      39.1845416195744
     ],
     [
      -76.80154124036247,
      39.18454171979539
     ],
     [
      -76.80154161859825,
      39.18454174911105
     ],
     [
      -76.801542467555,
      39.18454187249533
     ],
     [
      -76.80154378723272,
      39.1845420899482
     ],
     [
      -76.80154557763143,
      39.18454240146969
     ],
     [
      -76.80154783875115,
      39.18454280705974
     ],
     [
      -76.80155019463845,
      39.18454314529459
     ],
     [
      -76.80155264529334,
      39.18454341617423
     ],
     [
      -76.80155519071579,
      39.18454361969863
     ],
     [
      -76.80155783090582,
      39.18454375586781
     ],
     [
      -76.80156047107305,
      39.18454390020538
     ],
     [
      -76.80156311121746,
      39.18454405271134
     ],
     [
      -76.80156575133907,
      39.18454421338566
     ],
     [
      -76.80156839143787,
      39.18454438222838
     ],
     [
      -76.80157103149755,
      39.18454456509008
     ],
     [
      -76.80157367151807,
      39.18454476197071
     ],
     [
      -76.80157631149946,
      39.18454497287033
     ],
     [
      -76.80157895144171,
      39.18454519778887
     ],
     [
      -76.80158159151374,
      39.18454537624991
     ],
     [
      -76.80158423171551,
      39.1845455082534
     ],
     [
      -76.80158687204704,
      39.18454559379936
     ],
     [
      -76.8015895125083,
      39.1845456328878
     ],
     [
      -76.80159215311808,
      39.18454561880393
     ],
     [
      -76.80159479387635,
      39.18454555154776
     ],
     [
      -76.80159743478309,
      39.1845454311193
     ],
     [
      -76.80160007583832,
      39.18454525751853
     ],
     [
      -76.80160271683464,
      39.18454510500726
     ],
     [
      -76.80160535777206,
      39.18454497358547
     ],
     [
      -76.80160799865058,
      39.18454486325317
     ],
     [
      -76.8016106394702,
      39.18454477401037
     ],
     [
      -76.8016132803288,
      39.184544670806154
     ],
     [
      -76.80161592122637,
      39.18454455364055
     ],
     [
      -76.80161856216291,
      39.18454442251355
     ],
     [
      -76.80162120313844,
      39.184544277425154
     ],
     [
      -76.80162384436494,
      39.184544042448046
     ],
     [
      -76.8016264858424,
      39.18454371758223
     ],
     [
      -76.80162912757085,
      39.1845433028277
     ],
     [
      -76.80163176955024,
      39.18454279818446
     ],
     [
      -76.80163377913458,
      39.184542414130675
     ],
     [
      -76.80163515632388,
      39.1845421506664
     ],
     [
      -76.80163590111819,
      39.18454200779168
     ],
     [
      -76.80163601351751,
      39.18454198550647
     ],
     [
      -76.8016367300396,
      39.18454190994097
     ],
     [
      -76.8016380506845,
      39.184541781095135
     ],
     [
      -76.80163997545219,
      39.18454159896896
     ],
     [
      -76.80164250434264,
      39.18454136356243
     ],
     [
      -76.8016450611194,
      39.18454119905357
     ],
     [
      -76.80164764578248,
      39.18454110544238
     ],
     [
      -76.80165025833189,
      39.18454108272884
     ],
     [
      -76.80165289876764,
      39.184541130913
     ],
     [
      -76.80165553911584,
      39.18454121046215
     ],
     [
      -76.80165817937646,
      39.184541321376365
     ],
     [
      -76.80166081954954,
      39.184541463655584
     ],
     [
      -76.80166345963505,
      39.184541637299844
     ],
     [
      -76.80166555120714,
      39.184541774417426
     ],
     [
      -76.80166709426575,
      39.184541875008364
     ],
     [
      -76.80166808881091,
      39.184541939072695
     ],
     [
      -76.80166853484262,
      39.18454196661042
     ],
     [
      -76.80166941774256,
      39.184542072969265
     ],
     [
      -76.80167073751078,
      39.18454225814923
     ],
     [
      -76.80167249414725,
      39.18454252215031
     ],
     [
      -76.801674687652,
      39.18454286497246
     ],
     [
      -76.80167699263876,
      39.18454322396424
     ],
     [
      -76.80167940910758,
      39.18454359912565
     ],
     [
      -76.80168193705843,
      39.184543990456675
     ],
     [
      -76.80168457649131,
      39.1845443979573
     ],
     [
      -76.80168721591102,
      39.184544810189244
     ],
     [
      -76.80168985531755,
      39.184545227152455
     ],
     [
      -76.8016924947109,
      39.18454564884696
     ],
     [
      -76.80169513409108,
      39.18454607527276
     ],
     [
      -76.80169777357372,
      39.18454646500377
     ],
     [
      -76.80170041315881,
      39.18454681804002
     ],
     [
      -76.80170305284634,
      39.18454713438149
     ],
     [
      -76.8017056926363,
      39.1845474140282
     ],
     [
      -76.8017083325533,
      39.18454764817087
     ],
     [
      -76.80171097259732,
      39.1845478368095
     ],
     [
      -76.80171361276835,
      39.18454797994409
     ],
     [
      -76.80171625306639,
      39.18454807757465
     ],
     [
      -76.80171889347034,
      39.18454813726326
     ],
     [
      -76.80172153398017,
      39.18454815900991
     ],
     [
      -76.80172417459589,
      39.184548142814606
     ],
     [
      -76.80172681531751,
      39.18454808867736
     ],
     [
      -76.80172945581272,
      39.184548115666026
     ],
     [
      -76.80173209608152,
      39.1845482237806
     ],
     [
      -76.80173473612395,
      39.18454841302109
     ],
     [
      -76.80173737594,
      39.18454868338748
     ],
     [
      -76.80174001578405,
      39.18454894371906
     ],
     [
      -76.80174265565613,
      39.18454919401578
     ],
     [
      -76.80174529555623,
      39.184549434277656
     ],
     [
      -76.80174793548437,
      39.184549664504715
     ],
     [
      -76.80175057556691,
      39.184549839400745
     ],
     [
      -76.80175321580386,
      39.18454995896578
     ],
     [
      -76.80175585619521,
      39.18455002319981
     ],
     [
      -76.80175849674097,
      39.184550032102834
     ],
     [
      -76.80176113728668,
      39.18455004102252
     ],
     [
      -76.80176377783233,
      39.184550049958865
     ],
     [
      -76.80176641837795,
      39.18455005891189
     ],
     [
      -76.80176905892353,
      39.18455006788158
     ],
     [
      -76.8017713508728,
      39.18455009527283
     ],
     [
      -76.8017732942258,
      39.18455014108567
     ],
     [
      -76.8017748889825,
      39.18455020532012
     ],
     [
      -76.80177613514289,
      39.1845502879762
     ],
     [
      -76.80177741816298,
      39.184550401983984
     ],
     [
      -76.80177873804271,
      39.18455054734349
     ],
     [
      -76.80178009478213,
      39.1845507240547
     ],
     [
      -76.80178148838121,
      39.18455093211765
     ],
     [
      -76.80178319337949,
      39.184551211353664
     ],
     [
      -76.80178520977698,
      39.18455156176277
     ],
     [
      -76.80178753757367,
      39.184551983344925
     ],
     [
      -76.8017901767696,
      39.18455247610011
     ],
     [
      -76.80179281606766,
      39.184552932258256
     ],
     [
      -76.80179545546787,
      39.18455335181942
     ],
     [
      -76.8017980949702,
      39.18455373478353
     ],
     [
      -76.80180073457464,
      39.18455408115063
     ],
     [
      -76.80180337423502,
      39.184554407479666
     ],
     [
      -76.80180601395132,
      39.184554713770616
     ],
     [
      -76.80180865372354,
      39.18455500002348
     ],
     [
      -76.8018112935517,
      39.18455526623826
     ],
     [
      -76.80181393343375,
      39.184555513132
     ],
     [
      -76.80181657336972,
      39.184555740704695
     ],
     [
      -76.80181921335961,
      39.18455594895633
     ],
     [
      -76.80182185340341,
      39.184556137886915
     ],
     [
      -76.80182449358593,
      39.18455627709281
     ],
     [
      -76.80182713390715,
      39.18455636657405
     ],
     [
      -76.80182977436709,
      39.184556406330614
     ],
     [
      -76.80183241496572,
      39.1845563963625
     ],
     [
      -76.80183505564862,
      39.184556356180664
     ],
     [
      -76.8018376964158,
      39.18455628578507
     ],
     [
      -76.80184033726725,
      39.184556185175715
     ],
     [
      -76.80184297820296,
      39.18455605435263
     ],
     [
      -76.80184561881869,
      39.18455603824273
     ],
     [
      -76.8018482591145,
      39.18455613684607
     ],
     [
      -76.80185089909035,
      39.1845563501626
     ],
     [
      -76.8018535387463,
      39.184556678192344
     ],
     [
      -76.8018561784497,
      39.184556989221704
     ],
     [
      -76.80185881820051,
      39.18455728325069
     ],
     [
      -76.80186145799877,
      39.184557560279316
     ],
     [
      -76.80186409784446,
      39.18455782030755
     ],
     [
      -76.80186673780743,
      39.184558038281445
     ],
     [
      -76.80186937788773,
      39.184558214201
     ],
     [
      -76.8018720180853,
      39.18455834806618
     ],
     [
      -76.80187465840017,
      39.18455843987704
     ],
     [
      -76.80187679247788,
      39.18455852302521
     ],
     [
      -76.80187842031846,
      39.184558597510666
     ],
     [
      -76.80187954192189,
      39.18455866333349
     ],
     [
      -76.80188015728817,
      39.184558720493676
     ],
     [
      -76.80188112476097,
      39.18455887568779
     ],
     [
      -76.80188244434028,
      39.18455912891586
     ],
     [
      -76.8018841160261,
      39.18455948017788
     ],
     [
      -76.80188613981846,
      39.184559929473814
     ],
     [
      -76.80188831727291,
      39.184560457439666
     ],
     [
      -76.80189064838945,
      39.18456106407548
     ],
     [
      -76.80189313316808,
      39.1845617493812
     ],
     [
      -76.80189577160881,
      39.18456251335686
     ],
     [
      -76.80189841026247,
      39.18456320099854
     ],
     [
      -76.801901049129,
      39.18456381230625
     ],
     [
      -76.80190368820844,
      39.18456434728
     ],
     [
      -76.80190632750073,
      39.18456480591976
     ],
     [
      -76.80190896699837,
      39.184565190934826
     ],
     [
      -76.8019116067013,
      39.184565502325164
     ],
     [
      -76.80191424660953,
      39.18456574009078
     ],
     [
      -76.80191688672306,
      39.1845659042317
     ],
     [
      -76.80191952694537,
      39.184566029358635
     ],
     [
      -76.80192216727646,
      39.184566115471625
     ],
     [
      -76.80192480771633,
      39.18456616257066
     ],
     [
      -76.80192744826498,
      39.18456617065574
     ],
     [
      -76.80192995609957,
      39.184566235646216
     ],
     [
      -76.80193233122013,
      39.1845663575421
     ],
     [
      -76.80193457362665,
      39.184566536343446
     ],
     [
      -76.80193668331914,
      39.184566772050175
     ],
     [
      -76.80193839797568,
      39.18456700917798
     ],
     [
      -76.80193971759627,
      39.184567247726854
     ],
     [
      -76.80194064218088,
      39.184567487696796
     ],
     [
      -76.80194117172954,
      39.184567729087824
     ],
     [
      -76.8019418665192,
      39.18456836426769
     ],
     [
      -76.80194272654984,
      39.18456939323637
     ],
     [
      -76.80194375182151,
      39.18457081599386
     ],
     [
      -76.80194494233425,
      39.18457263254018
     ],
     [
      -76.80194587084642,
      39.184574508768335
     ],
     [
      -76.80194653735803,
      39.18457644467831
     ],
     [
      -76.80194694186906,
      39.18457844027015
     ],
     [
      -76.80194708437949,
      39.184580495543834
     ],
     [
      -76.80194705995093,
      39.18458255053566
     ],
     [
      -76.8019468685834,
      39.18458460524558
     ],
     [
      -76.80194651027685,
      39.184586659673656
     ],
     [
      -76.8019459850313,
      39.18458871381984
     ],
     [
      -76.80194538445342,
      39.18459045862578
     ],
     [
      -76.80194470854322,
      39.1845918940914
     ],
     [
      -76.80194395730074,
      39.18459302021673
     ],
     [
      -76.80194313072593,
      39.18459383700178
     ],
     [
      -76.80194185020227,
      39.184594610828846
     ],
     [
      -76.80194011572972,
      39.18459534169792
     ],
     [
      -76.80193792730829,
      39.18459602960899
     ],
     [
      -76.80193528493794,
      39.18459667456199
     ],
     [
      -76.8019326430505,
      39.18459714628957
     ],
     [
      -76.80193000164596,
      39.18459744479174
     ],
     [
      -76.80192736072435,
      39.1845975700685
     ],
     [
      -76.80192472028567,
      39.18459752211982
     ],
     [
      -76.80192207961115,
      39.184597558772985
     ],
     [
      -76.80191943870071,
      39.18459768002798
     ],
     [
      -76.8019167975544,
      39.1845978858848
     ],
     [
      -76.8019141561722,
      39.18459817634347
     ],
     [
      -76.80191194011003,
      39.184598477792626
     ],
     [
      -76.80191014936794,
      39.18459879023229
     ],
     [
      -76.80190878394592,
      39.1845991136625
     ],
     [
      -76.80190784384396,
      39.18459944808327
     ],
     [
      -76.8019067126162,
      39.18459998601682
     ],
     [
      -76.80190539026262,
      39.18460072746318
     ],
     [
      -76.80190387678319,
      39.18460167242232
     ],
     [
      -76.80190217217792,
      39.18460282089424
     ],
     [
      -76.8019006273974,
      39.18460390771899
     ],
     [
      -76.80189924244164,
      39.18460493289652
     ],
     [
      -76.80189801731063,
      39.18460589642689
     ],
     [
      -76.80189695200441,
      39.184606798310085
     ],
     [
      -76.8018958799405,
      39.18460798801953
     ],
     [
      -76.80189480111888,
      39.184609465555226
     ],
     [
      -76.80189371553952,
      39.184611230917156
     ],
     [
      -76.80189262320242,
      39.18461328410535
     ],
     [
      -76.80189168065266,
      39.18461500492409
     ],
     [
      -76.80189088789025,
      39.18461639337338
     ],
     [
      -76.80189024491524,
      39.18461744945324
     ],
     [
      -76.8018897517276,
      39.184618173163656
     ],
     [
      -76.80188913402839,
      39.18461904815034
     ],
     [
      -76.80188839181758,
      39.184620074413324
     ],
     [
      -76.80188752509518,
      39.184621251952564
     ],
     [
      -76.80188653386116,
      39.18462258076808
     ],
     [
      -76.80188540737305,
      39.18462409049098
     ],
     [
      -76.80188414563086,
      39.18462578112127
     ],
     [
      -76.80188274863457,
      39.18462765265896
     ],
     [
      -76.80188121638412,
      39.184629705104044
     ],
     [
      -76.80188003545672,
      39.18463128389627
     ],
     [
      -76.80187920585243,
      39.18463238903565
     ],
     [
      -76.80187872757124,
      39.18463302052223
     ],
     [
      -76.80187860061321,
      39.18463317835598
     ],
     [
      -76.80187802970265,
      39.18463377017405
     ],
     [
      -76.80187701483953,
      39.18463479597644
     ],
     [
      -76.80187555602384,
      39.18463625576311
     ],
     [
      -76.80187365325553,
      39.184638149534045
     ],
     [
      -76.80187222617921,
      39.18463956986224
     ],
     [
      -76.80187127479496,
      39.1846405167477
     ],
     [
      -76.80187079910283,
      39.18464099019041
     ]
    ]
   },
   "properties": {
    "id": "ct-0",
    "kind": "Contour",
    "sourceId": "contours",
    "reliabilityLevel": 1,
    "revision": 1,
    "engineeringGeometry": {
     "crs": "EPSG:2248",
     "crsName": "NAD83 / Maryland State Plane (US survey feet)",
     "datum": "NAD83",
     "unit": "usSurveyFoot",
     "coordinates": [
      [
       1368555.5851967423,
       552893.3975002109,
       296
      ],
      [
       1368555.5899318494,
       552893.210378659,
       296
      ],
      [
       1368555.599402064,
       552892.8361355552,
       296
      ],
      [
       1368555.6136073854,
       552892.2747708994,
       296
      ],
      [
       1368555.6325478142,
       552891.5262846916,
       296
      ],
      [
       1368555.6808294966,
       552890.777798484,
       296
      ],
      [
       1368555.7584524322,
       552890.0293122764,
       296
      ],
      [
       1368555.8654166218,
       552889.2808260687,
       296
      ],
      [
       1368556.0017220648,
       552888.532339861,
       296
      ],
      [
       1368556.1650806307,
       552887.7838536534,
       296
      ],
      [
       1368556.3554923194,
       552887.0353674458,
       296
      ],
      [
       1368556.572957131,
       552886.286881238,
       296
      ],
      [
       1368556.817475066,
       552885.5383950304,
       296
      ],
      [
       1368557.041099733,
       552884.7899088226,
       296
      ],
      [
       1368557.2438311325,
       552884.0414226151,
       296
      ],
      [
       1368557.4256692645,
       552883.2929364073,
       296
      ],
      [
       1368557.586614129,
       552882.5444501997,
       296
      ],
      [
       1368557.7194932096,
       552881.9531228543,
       296
      ],
      [
       1368557.8243065064,
       552881.5189543716,
       296
      ],
      [
       1368557.9010540196,
       552881.2419447511,
       296
      ],
      [
       1368557.9497357486,
       552881.122093993,
       296
      ],
      [
       1368558.021228755,
       552880.875047062,
       296
      ],
      [
       1368558.115533038,
       552880.5008039584,
       296
      ],
      [
       1368558.232648598,
       552879.9993646815,
       296
      ],
      [
       1368558.3725754349,
       552879.370729232,
       296
      ],
      [
       1368558.5680189386,
       552878.7121310928,
       296
      ],
      [
       1368558.8189791096,
       552878.0235702641,
       296
      ],
      [
       1368559.1254559474,
       552877.3050467459,
       296
      ],
      [
       1368559.4874494523,
       552876.5565605384,
       296
      ],
      [
       1368559.8205860474,
       552875.9145010021,
       296
      ],
      [
       1368560.1248657329,
       552875.3788681373,
       296
      ],
      [
       1368560.4002885085,
       552874.9496619438,
       296
      ],
      [
       1368560.6468543743,
       552874.6268824219,
       296
      ],
      [
       1368560.944469838,
       552874.2783711089,
       296
      ],
      [
       1368561.2931348989,
       552873.9041280053,
       296
      ],
      [
       1368561.6928495578,
       552873.5041531104,
       296
      ],
      [
       1368562.143613814,
       552873.0784464247,
       296
      ],
      [
       1368562.5561174941,
       552872.707790537,
       296
      ],
      [
       1368562.930360598,
       552872.3921854477,
       296
      ],
      [
       1368563.2663431256,
       552872.1316311563,
       296
      ],
      [
       1368563.5640650769,
       552871.9261276631,
       296
      ],
      [
       1368563.9744780923,
       552871.6875261234,
       296
      ],
      [
       1368564.4975821718,
       552871.4158265372,
       296
      ],
      [
       1368565.1333773155,
       552871.1110289044,
       296
      ],
      [
       1368565.8818635228,
       552870.7731332253,
       296
      ],
      [
       1368566.6303497306,
       552870.4907304151,
       296
      ],
      [
       1368567.3788359384,
       552870.2638204738,
       296
      ],
      [
       1368568.1273221462,
       552870.0924034016,
       296
      ],
      [
       1368568.8758083535,
       552869.9764791986,
       296
      ],
      [
       1368569.6242945613,
       552869.9034927324,
       296
      ],
      [
       1368570.3727807691,
       552869.8734440035,
       296
      ],
      [
       1368571.121266977,
       552869.8863330118,
       296
      ],
      [
       1368571.8697531843,
       552869.942159757,
       296
      ],
      [
       1368572.618239392,
       552870.0427895993,
       296
      ],
      [
       1368573.3667255999,
       552870.1882225383,
       296
      ],
      [
       1368574.1152118074,
       552870.3784585742,
       296
      ],
      [
       1368574.863698015,
       552870.6134977068,
       296
      ],
      [
       1368575.6054887394,
       552870.8818914308,
       296
      ],
      [
       1368576.34058398,
       552871.183639746,
       296
      ],
      [
       1368577.0689837378,
       552871.5187426524,
       296
      ],
      [
       1368577.7906880118,
       552871.8872001497,
       296
      ],
      [
       1368578.338661701,
       552872.1673422402,
       296
      ],
      [
       1368578.7129048046,
       552872.3591689237,
       296
      ],
      [
       1368578.9134173233,
       552872.4626802002,
       296
      ],
      [
       1368578.940199257,
       552872.4778760697,
       296
      ],
      [
       1368579.147407259,
       552872.4930713384,
       296
      ],
      [
       1368579.5350413297,
       552872.5082660065,
       296
      ],
      [
       1368580.1031014689,
       552872.5234600737,
       296
      ],
      [
       1368580.8515876762,
       552872.5386535403,
       296
      ],
      [
       1368581.4201819163,
       552872.5424513062,
       296
      ],
      [
       1368581.8088841892,
       552872.5348533716,
       296
      ],
      [
       1368582.0176944945,
       552872.5158597362,
       296
      ],
      [
       1368582.046612832,
       552872.4854704001,
       296
      ],
      [
       1368582.2481935527,
       552872.3177404699,
       296
      ],
      [
       1368582.6224366566,
       552872.0126699458,
       296
      ],
      [
       1368583.1693421435,
       552871.5702588275,
       296
      ],
      [
       1368583.8889100137,
       552870.9905071151,
       296
      ],
      [
       1368584.512578467,
       552870.513509707,
       296
      ],
      [
       1368585.0403475033,
       552870.1392666032,
       296
      ],
      [
       1368585.472217123,
       552869.8677778036,
       296
      ],
      [
       1368585.8081873257,
       552869.6990433083,
       296
      ],
      [
       1368586.1632939791,
       552869.5275146293,
       296
      ],
      [
       1368586.537537083,
       552869.3531917667,
       296
      ],
      [
       1368586.9309166374,
       552869.1760747203,
       296
      ],
      [
       1368587.343432642,
       552868.9961634902,
       296
      ],
      [
       1368587.8399411975,
       552868.8593779274,
       296
      ],
      [
       1368588.4204423039,
       552868.7657180319,
       296
      ],
      [
       1368589.0849359608,
       552868.7151838038,
       296
      ],
      [
       1368589.8334221686,
       552868.7077752429,
       296
      ],
      [
       1368590.4818455763,
       552868.7490487699,
       296
      ],
      [
       1368591.0302061846,
       552868.839004385,
       296
      ],
      [
       1368591.4785039928,
       552868.977642088,
       296
      ],
      [
       1368591.8267390016,
       552869.1649618789,
       296
      ],
      [
       1368592.1879780577,
       552869.352683518,
       296
      ],
      [
       1368592.5622211616,
       552869.5408070051,
       296
      ],
      [
       1368592.949468313,
       552869.7293323403,
       296
      ],
      [
       1368593.349719512,
       552869.9182595236,
       296
      ],
      [
       1368593.8125594035,
       552870.199844667,
       296
      ],
      [
       1368594.3379879878,
       552870.5740877709,
       296
      ],
      [
       1368594.9260052643,
       552871.040988835,
       296
      ],
      [
       1368595.5766112334,
       552871.6005478594,
       296
      ],
      [
       1368596.08903577,
       552872.035059777,
       296
      ],
      [
       1368596.4632788738,
       552872.3445245876,
       296
      ],
      [
       1368596.699340545,
       552872.5289422914,
       296
      ],
      [
       1368596.7972207838,
       552872.5883128885,
       296
      ],
      [
       1368597.0577525145,
       552872.6700927671,
       296
      ],
      [
       1368597.4809357375,
       552872.7742819274,
       296
      ],
      [
       1368598.066770453,
       552872.9008803694,
       296
      ],
      [
       1368598.8152566603,
       552873.0498880931,
       296
      ],
      [
       1368599.5637428681,
       552873.1465080886,
       296
      ],
      [
       1368600.312229076,
       552873.1907403556,
       296
      ],
      [
       1368601.0607152837,
       552873.1825848945,
       296
      ],
      [
       1368601.809201491,
       552873.1220417051,
       296
      ],
      [
       1368602.511605233,
       552873.0396755302,
       296
      ],
      [
       1368603.1679265087,
       552872.9354863699,
       296
      ],
      [
       1368603.7781653185,
       552872.8094742242,
       296
      ],
      [
       1368604.3423216627,
       552872.661639093,
       296
      ],
      [
       1368604.8115213867,
       552872.5137167794,
       296
      ],
      [
       1368605.1857644906,
       552872.3657072836,
       296
      ],
      [
       1368605.4650509742,
       552872.2176106053,
       296
      ],
      [
       1368605.6493808378,
       552872.0694267448,
       296
      ],
      [
       1368605.8667365825,
       552871.8082132626,
       296
      ],
      [
       1368606.1171182084,
       552871.4339701587,
       296
      ],
      [
       1368606.4005257154,
       552870.9466974332,
       296
      ],
      [
       1368606.7169591035,
       552870.3463950861,
       296
      ],
      [
       1368606.9790479466,
       552869.7090467738,
       296
      ],
      [
       1368607.1867922442,
       552869.0346524965,
       296
      ],
      [
       1368607.340191997,
       552868.3232122539,
       296
      ],
      [
       1368607.4392472047,
       552867.5747260463,
       296
      ],
      [
       1368607.5689012995,
       552866.8262398385,
       296
      ],
      [
       1368607.7291542813,
       552866.0777536309,
       296
      ],
      [
       1368607.9200061504,
       552865.3292674233,
       296
      ],
      [
       1368608.1414569062,
       552864.5807812156,
       296
      ],
      [
       1368608.322502904,
       552863.8322950079,
       296
      ],
      [
       1368608.4631441433,
       552863.0838088003,
       296
      ],
      [
       1368608.5633806242,
       552862.3353225926,
       296
      ],
      [
       1368608.6232123466,
       552861.5868363848,
       296
      ],
      [
       1368608.4938933696,
       552860.8419478012,
       296
      ],
      [
       1368608.1754236938,
       552860.1006568414,
       296
      ],
      [
       1368607.6678033187,
       552859.3629635056,
       296
      ],
      [
       1368606.9710322446,
       552858.6288677938,
       296
      ],
      [
       1368606.4432316574,
       552858.074698386,
       296
      ],
      [
       1368606.0844015572,
       552857.7004552821,
       296
      ],
      [
       1368605.894541944,
       552857.5061384824,
       296
      ],
      [
       1368605.8736528174,
       552857.4917479865,
       296
      ],
      [
       1368605.6760867024,
       552857.4374801681,
       296
      ],
      [
       1368605.3018435985,
       552857.3433350271,
       296
      ],
      [
       1368604.750923506,
       552857.2093125635,
       296
      ],
      [
       1368604.0233264249,
       552857.0354127773,
       296
      ],
      [
       1368603.2905070619,
       552856.8669563417,
       296
      ],
      [
       1368602.5524654172,
       552856.7039432565,
       296
      ],
      [
       1368601.809201491,
       552856.5463735218,
       296
      ],
      [
       1368601.0607152837,
       552856.3942471376,
       296
      ],
      [
       1368600.312229076,
       552856.287671458,
       296
      ],
      [
       1368599.5637428681,
       552856.2266464828,
       296
      ],
      [
       1368598.8152566603,
       552856.2111722124,
       296
      ],
      [
       1368598.066770453,
       552856.2412486464,
       296
      ],
      [
       1368597.3182842452,
       552856.2863609398,
       296
      ],
      [
       1368596.5697980374,
       552856.3465090927,
       296
      ],
      [
       1368595.8213118296,
       552856.4216931049,
       296
      ],
      [
       1368595.0728256223,
       552856.5119129767,
       296
      ],
      [
       1368594.3243394145,
       552856.6003113751,
       296
      ],
      [
       1368593.5758532067,
       552856.6868883,
       296
      ],
      [
       1368592.8273669991,
       552856.7716437518,
       296
      ],
      [
       1368592.0788807916,
       552856.8545777302,
       296
      ],
      [
       1368591.3303945838,
       552856.9448661119,
       296
      ],
      [
       1368590.5819083764,
       552857.0425088968,
       296
      ],
      [
       1368589.8334221686,
       552857.147506085,
       296
      ],
      [
       1368589.0849359608,
       552857.2598576765,
       296
      ],
      [
       1368588.4967621765,
       552857.3467324437,
       296
      ],
      [
       1368588.0689008152,
       552857.4081303868,
       296
      ],
      [
       1368587.8013518774,
       552857.4440515058,
       296
      ],
      [
       1368587.6941153628,
       552857.4544958004,
       296
      ],
      [
       1368587.4533755537,
       552857.4989117944,
       296
      ],
      [
       1368587.0791324498,
       552857.5772994875,
       296
      ],
      [
       1368586.5713860514,
       552857.6896588798,
       296
      ],
      [
       1368585.9301363584,
       552857.8359899711,
       296
      ],
      [
       1368585.2620775367,
       552857.9577305003,
       296
      ],
      [
       1368584.5672095863,
       552858.0548804671,
       296
      ],
      [
       1368583.8455325072,
       552858.1274398719,
       296
      ],
      [
       1368583.0970462994,
       552858.1754087145,
       296
      ],
      [
       1368582.3485600916,
       552858.2263526905,
       296
      ],
      [
       1368581.6000738838,
       552858.2802718004,
       296
      ],
      [
       1368580.8515876762,
       552858.3371660438,
       296
      ],
      [
       1368580.1031014689,
       552858.3970354209,
       296
      ],
      [
       1368579.3546152613,
       552858.462010843,
       296
      ],
      [
       1368578.6061290535,
       552858.5320923098,
       296
      ],
      [
       1368577.8576428457,
       552858.6072798215,
       296
      ],
      [
       1368577.109156638,
       552858.6875733782,
       296
      ],
      [
       1368576.3606704304,
       552858.7509460677,
       296
      ],
      [
       1368575.6121842228,
       552858.7973978899,
       296
      ],
      [
       1368574.863698015,
       552858.826928845,
       296
      ],
      [
       1368574.1152118077,
       552858.8395389329,
       296
      ],
      [
       1368573.3667255999,
       552858.8327824832,
       296
      ],
      [
       1368572.618239392,
       552858.8066594962,
       296
      ],
      [
       1368571.8697531843,
       552858.7611699714,
       296
      ],
      [
       1368571.121266977,
       552858.6963139093,
       296
      ],
      [
       1368570.3727807691,
       552858.6391391394,
       296
      ],
      [
       1368569.6242945613,
       552858.5896456619,
       296
      ],
      [
       1368568.8758083535,
       552858.5478334768,
       296
      ],
      [
       1368568.1273221462,
       552858.513702584,
       296
      ],
      [
       1368567.3788359384,
       552858.4744866552,
       296
      ],
      [
       1368566.6303497306,
       552858.4301856904,
       296
      ],
      [
       1368565.8818635228,
       552858.3807996896,
       296
      ],
      [
       1368565.1333773155,
       552858.3263286527,
       296
      ],
      [
       1368564.3848911077,
       552858.2391181265,
       296
      ],
      [
       1368563.6364049,
       552858.1191681108,
       296
      ],
      [
       1368562.8879186925,
       552857.9664786058,
       296
      ],
      [
       1368562.1394324847,
       552857.7810496114,
       296
      ],
      [
       1368561.570107166,
       552857.6399313733,
       296
      ],
      [
       1368561.1799427364,
       552857.5431238913,
       296
      ],
      [
       1368560.9689391956,
       552857.4906271659,
       296
      ],
      [
       1368560.937096544,
       552857.4824411967,
       296
      ],
      [
       1368560.7340536662,
       552857.4544773222,
       296
      ],
      [
       1368560.3598105623,
       552857.4067355422,
       296
      ],
      [
       1368559.8143672324,
       552857.3392158571,
       296
      ],
      [
       1368559.0977236766,
       552857.2519182665,
       296
      ],
      [
       1368558.3731194576,
       552857.190425942,
       296
      ],
      [
       1368557.640554576,
       552857.1547388835,
       296
      ],
      [
       1368556.900029031,
       552857.1448570908,
       296
      ],
      [
       1368556.1515428233,
       552857.160780564,
       296
      ],
      [
       1368555.4030566155,
       552857.1881279143,
       296
      ],
      [
       1368554.6545704077,
       552857.2268991417,
       296
      ],
      [
       1368553.9060842001,
       552857.2770942462,
       296
      ],
      [
       1368553.1575979928,
       552857.3387132279,
       296
      ],
      [
       1368552.564620269,
       552857.3873662481,
       296
      ],
      [
       1368552.1271510287,
       552857.4230533065,
       296
      ],
      [
       1368551.8451902722,
       552857.4457744036,
       296
      ],
      [
       1368551.7187379994,
       552857.4555295391,
       296
      ],
      [
       1368551.468390311,
       552857.493723949,
       296
      ],
      [
       1368551.0941472072,
       552857.5603576327,
       296
      ],
      [
       1368550.5960086877,
       552857.6554305906,
       296
      ],
      [
       1368549.9739747527,
       552857.7789428226,
       296
      ],
      [
       1368549.3203277495,
       552857.9082757372,
       296
      ],
      [
       1368548.6350676785,
       552858.0434293342,
       296
      ],
      [
       1368547.918194539,
       552858.1844036139,
       296
      ],
      [
       1368547.1697083313,
       552858.3311985763,
       296
      ],
      [
       1368546.4212221238,
       552858.4797168033,
       296
      ],
      [
       1368545.672735916,
       552858.629958295,
       296
      ],
      [
       1368544.9242497082,
       552858.7819230516,
       296
      ],
      [
       1368544.1757635009,
       552858.9356110729,
       296
      ],
      [
       1368543.427277293,
       552859.0759340464,
       296
      ],
      [
       1368542.6787910853,
       552859.2028919719,
       296
      ],
      [
       1368541.9303048775,
       552859.3164848494,
       296
      ],
      [
       1368541.1818186701,
       552859.4167126792,
       296
      ],
      [
       1368540.4333324623,
       552859.5003669261,
       296
      ],
      [
       1368539.6848462545,
       552859.5674475902,
       296
      ],
      [
       1368538.9363600467,
       552859.6179546715,
       296
      ],
      [
       1368538.1878738394,
       552859.65188817,
       296
      ],
      [
       1368537.4393876316,
       552859.6720023698,
       296
      ],
      [
       1368536.6909014238,
       552859.6782972708,
       296
      ],
      [
       1368535.942415216,
       552859.6707728731,
       296
      ],
      [
       1368535.1939290087,
       552859.6494291765,
       296
      ],
      [
       1368534.4454428009,
       552859.657633402,
       296
      ],
      [
       1368533.696956593,
       552859.6953855497,
       296
      ],
      [
       1368532.9484703855,
       552859.7626856193,
       296
      ],
      [
       1368532.199984178,
       552859.8595336109,
       296
      ],
      [
       1368531.4514979701,
       552859.9527267081,
       296
      ],
      [
       1368530.7030117628,
       552860.0422649111,
       296
      ],
      [
       1368529.954525555,
       552860.1281482195,
       296
      ],
      [
       1368529.2060393472,
       552860.2103766337,
       296
      ],
      [
       1368528.4575531394,
       552860.2724522594,
       296
      ],
      [
       1368527.7090669316,
       552860.3143750968,
       296
      ],
      [
       1368526.960580724,
       552860.3361451459,
       296
      ],
      [
       1368526.2120945167,
       552860.3377624067,
       296
      ],
      [
       1368525.4636083092,
       552860.3393857596,
       296
      ],
      [
       1368524.7151221014,
       552860.3410152046,
       296
      ],
      [
       1368523.9666358936,
       552860.3426507417,
       296
      ],
      [
       1368523.2181496858,
       552860.3442923712,
       296
      ],
      [
       1368522.568460702,
       552860.3528581093,
       296
      ],
      [
       1368522.0175689426,
       552860.3683479562,
       296
      ],
      [
       1368521.5654744068,
       552860.390761912,
       296
      ],
      [
       1368521.2121770955,
       552860.4200999765,
       296
      ],
      [
       1368520.8484068876,
       552860.4608343136,
       296
      ],
      [
       1368520.4741637837,
       552860.5129649232,
       296
      ],
      [
       1368520.0894477838,
       552860.5764918054,
       296
      ],
      [
       1368519.6942588878,
       552860.6514149602,
       296
      ],
      [
       1368519.2107456638,
       552860.752069194,
       296
      ],
      [
       1368518.638908112,
       552860.8784545072,
       296
      ],
      [
       1368517.978746232,
       552861.0305708995,
       296
      ],
      [
       1368517.2302600243,
       552861.2084183708,
       296
      ],
      [
       1368516.4817738167,
       552861.3729363979,
       296
      ],
      [
       1368515.7332876092,
       552861.5241249807,
       296
      ],
      [
       1368514.9848014014,
       552861.661984119,
       296
      ],
      [
       1368514.236315194,
       552861.7865138128,
       296
      ],
      [
       1368513.4878289863,
       552861.903745205,
       296
      ],
      [
       1368512.7393427785,
       552862.0136782955,
       296
      ],
      [
       1368511.9908565707,
       552862.1163130843,
       296
      ],
      [
       1368511.2423703633,
       552862.2116495711,
       296
      ],
      [
       1368510.4938841555,
       552862.2999489132,
       296
      ],
      [
       1368509.7453979477,
       552862.3812111104,
       296
      ],
      [
       1368508.99691174,
       552862.4554361627,
       296
      ],
      [
       1368508.2484255326,
       552862.5226240699,
       296
      ],
      [
       1368507.4999393248,
       552862.5717011443,
       296
      ],
      [
       1368506.751453117,
       552862.6026673855,
       296
      ],
      [
       1368506.0029669092,
       552862.6155227937,
       296
      ],
      [
       1368505.2544807019,
       552862.6102673691,
       296
      ],
      [
       1368504.505994494,
       552862.5940074327,
       296
      ],
      [
       1368503.7575082865,
       552862.566742985,
       296
      ],
      [
       1368503.009022079,
       552862.5284740258,
       296
      ],
      [
       1368502.2605358711,
       552862.4792005551,
       296
      ],
      [
       1368501.5120496633,
       552862.4717082628,
       296
      ],
      [
       1368500.7635634555,
       552862.5059971488,
       296
      ],
      [
       1368500.015077248,
       552862.5820672133,
       296
      ],
      [
       1368499.2665910407,
       552862.6999184559,
       296
      ],
      [
       1368498.518104833,
       552862.8115777972,
       296
      ],
      [
       1368497.7696186253,
       552862.9170452368,
       296
      ],
      [
       1368497.0211324175,
       552863.0163207748,
       296
      ],
      [
       1368496.2726462097,
       552863.1094044112,
       296
      ],
      [
       1368495.524160002,
       552863.1871709214,
       296
      ],
      [
       1368494.775673794,
       552863.2496203051,
       296
      ],
      [
       1368494.0271875865,
       552863.2967525629,
       296
      ],
      [
       1368493.2787013792,
       552863.3285676943,
       296
      ],
      [
       1368492.67371808,
       552863.3575391374,
       296
      ],
      [
       1368492.2122376894,
       552863.3836668923,
       296
      ],
      [
       1368491.8942602072,
       552863.4069509588,
       296
      ],
      [
       1368491.719785634,
       552863.4273913368,
       296
      ],
      [
       1368491.4454267952,
       552863.4833211347,
       296
      ],
      [
       1368491.0711836915,
       552863.5747403526,
       296
      ],
      [
       1368490.5970563225,
       552863.7016489902,
       296
      ],
      [
       1368490.0230446882,
       552863.8640470477,
       296
      ],
      [
       1368489.4054144106,
       552864.0550038391,
       296
      ],
      [
       1368488.7441654897,
       552864.2745193646,
       296
      ],
      [
       1368488.0392979253,
       552864.5225936238,
       296
      ],
      [
       1368487.290811718,
       552864.7992266172,
       296
      ],
      [
       1368486.5423255102,
       552865.0480570662,
       296
      ],
      [
       1368485.7938393024,
       552865.2690849708,
       296
      ],
      [
       1368485.0453530946,
       552865.4623103312,
       296
      ],
      [
       1368484.2968668872,
       552865.6277331471,
       296
      ],
      [
       1368483.5483806795,
       552865.7663401904,
       296
      ],
      [
       1368482.7998944717,
       552865.8781314611,
       296
      ],
      [
       1368482.0514082639,
       552865.963106959,
       296
      ],
      [
       1368481.3029220565,
       552866.0212666842,
       296
      ],
      [
       1368480.5544358487,
       552866.0652166608,
       296
      ],
      [
       1368479.805949641,
       552866.0949568889,
       296
      ],
      [
       1368479.0574634331,
       552866.1104873684,
       296
      ],
      [
       1368478.3089772258,
       552866.1118080994,
       296
      ],
      [
       1368477.5980646643,
       552866.1339366188,
       296
      ],
      [
       1368476.924725749,
       552866.1768729266,
       296
      ],
      [
       1368476.2889604801,
       552866.240617023,
       296
      ],
      [
       1368475.6907688573,
       552866.3251689075,
       296
      ],
      [
       1368475.204551494,
       552866.4104813259,
       296
      ],
      [
       1368474.8303083903,
       552866.4965542781,
       296
      ],
      [
       1368474.5680395458,
       552866.5833877637,
       296
      ],
      [
       1368474.417744961,
       552866.6709817831,
       296
      ],
      [
       1368474.2203006244,
       552866.9019003446,
       296
      ],
      [
       1368473.975706536,
       552867.2761434484,
       296
      ],
      [
       1368473.6839626962,
       552867.7937110945,
       296
      ],
      [
       1368473.3450691048,
       552868.4546032829,
       296
      ],
      [
       1368473.0803940345,
       552869.1373939761,
       296
      ],
      [
       1368472.8899374853,
       552869.842083174,
       296
      ],
      [
       1368472.7736994573,
       552870.568670877,
       296
      ],
      [
       1368472.7316799504,
       552871.3171570846,
       296
      ],
      [
       1368472.736980541,
       552872.0656432924,
       296
      ],
      [
       1368472.789601229,
       552872.8141295,
       296
      ],
      [
       1368472.8895420143,
       552873.5626157076,
       296
      ],
      [
       1368473.0368028972,
       552874.3111019153,
       296
      ],
      [
       1368473.2056616133,
       552874.9469662206,
       296
      ],
      [
       1368473.3961181624,
       552875.4702086239,
       296
      ],
      [
       1368473.6081725447,
       552875.8808291248,
       296
      ],
      [
       1368473.8418247602,
       552876.1788277234,
       296
      ],
      [
       1368474.2041854737,
       552876.4614592951,
       296
      ],
      [
       1368474.6952546854,
       552876.7287238399,
       296
      ],
      [
       1368475.315032395,
       552876.9806213577,
       296
      ],
      [
       1368476.0635186029,
       552877.2171518485,
       296
      ],
      [
       1368476.8120048104,
       552877.3905897266,
       296
      ],
      [
       1368477.560491018,
       552877.500934992,
       296
      ],
      [
       1368478.3089772258,
       552877.5481876448,
       296
      ],
      [
       1368479.0574634331,
       552877.532347685,
       296
      ],
      [
       1368479.805949641,
       552877.5473216571,
       296
      ],
      [
       1368480.5544358487,
       552877.5931095612,
       296
      ],
      [
       1368481.3029220565,
       552877.6697113975,
       296
      ],
      [
       1368482.0514082639,
       552877.7771271657,
       296
      ],
      [
       1368482.679326238,
       552877.8882843193,
       296
      ],
      [
       1368483.1866759788,
       552878.0031828585,
       296
      ],
      [
       1368483.573457486,
       552878.1218227829,
       296
      ],
      [
       1368483.83967076,
       552878.2442040928,
       296
      ],
      [
       1368484.1598989489,
       552878.4408266027,
       296
      ],
      [
       1368484.5341420528,
       552878.7116903131,
       296
      ],
      [
       1368484.9624000716,
       552879.0567952234,
       296
      ],
      [
       1368485.4446730053,
       552879.476141334,
       296
      ],
      [
       1368485.88169136,
       552879.8729359412,
       296
      ],
      [
       1368486.2734551355,
       552880.2471790451,
       296
      ],
      [
       1368486.6199643319,
       552880.5988706455,
       296
      ],
      [
       1368486.921218949,
       552880.9280107425,
       296
      ],
      [
       1368487.2241615732,
       552881.3619873673,
       296
      ],
      [
       1368487.5287922053,
       552881.9008005196,
       296
      ],
      [
       1368487.835110844,
       552882.5444501997,
       296
      ],
      [
       1368488.1431174907,
       552883.2929364073,
       296
      ],
      [
       1368488.4089287114,
       552883.9202745428,
       296
      ],
      [
       1368488.6325445068,
       552884.426464606,
       296
      ],
      [
       1368488.8139648763,
       552884.811506597,
       296
      ],
      [
       1368488.9531898207,
       552885.0754005157,
       296
      ],
      [
       1368489.1275887415,
       552885.3944690271,
       296
      ],
      [
       1368489.3371616388,
       552885.7687121308,
       296
      ],
      [
       1368489.5819085124,
       552886.1981298273,
       296
      ],
      [
       1368489.8618293626,
       552886.6827221162,
       296
      ],
      [
       1368490.179945779,
       552887.2332878849,
       296
      ],
      [
       1368490.536257761,
       552887.8498271331,
       296
      ],
      [
       1368490.9307653096,
       552888.532339861,
       296
      ],
      [
       1368491.363468424,
       552889.2808260687,
       296
      ],
      [
       1368491.6969613207,
       552889.8565818425,
       296
      ],
      [
       1368491.9312439992,
       552890.2596071827,
       296
      ],
      [
       1368492.06631646,
       552890.489902089,
       296
      ],
      [
       1368492.102178703,
       552890.5474665614,
       296
      ],
      [
       1368492.2635388623,
       552890.7633703497,
       296
      ],
      [
       1368492.5503969383,
       552891.1376134534,
       296
      ],
      [
       1368492.9627529306,
       552891.670195873,
       296
      ],
      [
       1368493.5006068388,
       552892.3611176081,
       296
      ],
      [
       1368493.9039972704,
       552892.8793089095,
       296
      ],
      [
       1368494.1729242248,
       552893.2247697772,
       296
      ],
      [
       1368494.307387702,
       552893.3975002109,
       296
      ]
     ]
    },
    "elevationFt": 296,
    "weight": "intermediate",
    "hidden": false
   }
  },
  {
   "type": "Feature",
   "geometry": {
    "type": "LineString",
    "coordinates": [
     [
      -76.8015541863798,
      39.184640454974776
     ],
     [
      -76.80155398499156,
      39.18464034769471
     ],
     [
      -76.80155358221508,
      39.18464013313459
     ],
     [
      -76.80155297805035,
      39.184639811294396
     ],
     [
      -76.80155217249741,
      39.18463938217412
     ],
     [
      -76.80155090893385,
      39.18463879375762
     ],
     [
      -76.80154918735968,
      39.18463804604486
     ],
     [
      -76.80154700777494,
      39.184637139035836
     ],
     [
      -76.80154437017967,
      39.18463607273053
     ],
     [
      -76.80154195459076,
      39.184635130903295
     ],
     [
      -76.80153976100816,
      39.18463431355416
     ],
     [
      -76.80153778943186,
      39.184633620683115
     ],
     [
      -76.80153603986186,
      39.18463305229018
     ],
     [
      -76.80153450560033,
      39.18463252936884
     ],
     [
      -76.80153318664725,
      39.18463205191907
     ],
     [
      -76.80153208300264,
      39.1846316199409
     ],
     [
      -76.80153119466648,
      39.184631233434324
     ],
     [
      -76.80152986902029,
      39.18463067531957
     ],
     [
      -76.80152810606408,
      39.18462994559662
     ],
     [
      -76.8015259057979,
      39.18462904426544
     ],
     [
      -76.8015232682218,
      39.18462797132601
     ],
     [
      -76.80152088029202,
      39.184627015539846
     ],
     [
      -76.80151874200853,
      39.18462617690692
     ],
     [
      -76.80151685337134,
      39.184625455427266
     ],
     [
      -76.80151521438042,
      39.184624851100885
     ],
     [
      -76.80151373548198,
      39.184624283942725
     ],
     [
      -76.80151241667598,
      39.184623753952756
     ],
     [
      -76.80151125796243,
      39.18462326113101
     ],
     [
      -76.80151025934134,
      39.184622805477474
     ],
     [
      -76.80150885094231,
      39.18462220957022
     ],
     [
      -76.80150703276537,
      39.18462147340925
     ],
     [
      -76.80150480481053,
      39.1846205969945
     ],
     [
      -76.80150216707784,
      39.184619580325965
     ],
     [
      -76.8014996246135,
      39.184618669653695
     ],
     [
      -76.80149717741752,
      39.184617864977696
     ],
     [
      -76.8014948254899,
      39.18461716629799
     ],
     [
      -76.8014925688306,
      39.184616573614555
     ],
     [
      -76.80149078084472,
      39.18461610296742
     ],
     [
      -76.80148946153226,
      39.18461575435661
     ],
     [
      -76.80148861089319,
      39.18461552778211
     ],
     [
      -76.80148822892748,
      39.18461542324396
     ],
     [
      -76.8014872827495,
      39.184615187534206
     ],
     [
      -76.80148577235921,
      39.18461482065287
     ],
     [
      -76.80148369775668,
      39.1846143225999
     ],
     [
      -76.8014810589419,
      39.18461369337528
     ],
     [
      -76.80147842022294,
      39.18461302987337
     ],
     [
      -76.8014757815998,
      39.184612332094204
     ],
     [
      -76.8014731430725,
      39.18461160003775
     ],
     [
      -76.80147050464105,
      39.184610833704006
     ],
     [
      -76.80146809840814,
      39.184610117101656
     ],
     [
      -76.80146592437376,
      39.184609450230695
     ],
     [
      -76.8014639825379,
      39.18460883309115
     ],
     [
      -76.80146227290055,
      39.18460826568302
     ],
     [
      -76.80146075857631,
      39.18460775381161
     ],
     [
      -76.80145943956519,
      39.18460729747695
     ],
     [
      -76.80145831586717,
      39.18460689667906
     ],
     [
      -76.80145738748223,
      39.18460655141789
     ],
     [
      -76.80145603169554,
      39.184606061607234
     ],
     [
      -76.8014542485071,
      39.1846054272471
     ],
     [
      -76.80145203791695,
      39.18460464833742
     ],
     [
      -76.80144939992508,
      39.1846037248782
     ],
     [
      -76.80144676177504,
      39.18460285804619
     ],
     [
      -76.80144412346681,
      39.184602047841366
     ],
     [
      -76.80144148500035,
      39.18460129426376
     ],
     [
      -76.8014388463757,
      39.18460059731335
     ],
     [
      -76.80143676076288,
      39.18460004945361
     ],
     [
      -76.80143522816186,
      39.18459965068453
     ],
     [
      -76.80143424857263,
      39.18459940100618
     ],
     [
      -76.80143382199518,
      39.18459930041855
     ],
     [
      -76.80143294913017,
      39.184599047313895
     ],
     [
      -76.80143162997763,
      39.18459864169223
     ],
     [
      -76.80142986453761,
      39.184598083553524
     ],
     [
      -76.80142765281008,
      39.18459737289774
     ],
     [
      -76.80142533452354,
      39.184596606572605
     ],
     [
      -76.80142290967804,
      39.18459578457809
     ],
     [
      -76.80142037827352,
      39.18459490691418
     ],
     [
      -76.80141774031004,
      39.18459397358088
     ],
     [
      -76.80141554710303,
      39.18459316840382
     ],
     [
      -76.80141379865248,
      39.18459249138298
     ],
     [
      -76.80141249495836,
      39.18459194251844
     ],
     [
      -76.80141163602065,
      39.184591521810155
     ],
     [
      -76.80141054768819,
      39.18459085374124
     ],
     [
      -76.801409229961,
      39.18458993831167
     ],
     [
      -76.80140768283907,
      39.18458877552142
     ],
     [
      -76.80140590632249,
      39.184587365370525
     ],
     [
      -76.80140442800041,
      39.18458614553778
     ],
     [
      -76.80140324787284,
      39.184585116023186
     ],
     [
      -76.80140236593978,
      39.184584276826776
     ],
     [
      -76.80140178220117,
      39.18458362794856
     ],
     [
      -76.80140123965171,
      39.18458262735426
     ],
     [
      -76.80140073829143,
      39.18458127504391
     ],
     [
      -76.8014002781203,
      39.1845795710175
     ],
     [
      -76.80139985913836,
      39.184577515275045
     ],
     [
      -76.80139968493579,
      39.184575459947006
     ],
     [
      -76.80139975551256,
      39.184573405033426
     ],
     [
      -76.8014000708687,
      39.18457135053425
     ],
     [
      -76.80140063100413,
      39.18456929644954
     ],
     [
      -76.80140113374284,
      39.18456724226764
     ],
     [
      -76.80140157908484,
      39.184565187988554
     ],
     [
      -76.80140196703012,
      39.1845631336123
     ],
     [
      -76.80140229757869,
      39.18456107913884
     ],
     [
      -76.80140252867598,
      39.18455902449702
     ],
     [
      -76.80140266032198,
      39.18455696968679
     ],
     [
      -76.80140269251673,
      39.184554914708215
     ],
     [
      -76.80140262526021,
      39.18455285956124
     ],
     [
      -76.80140262660991,
      39.18455104227425
     ],
     [
      -76.80140269656584,
      39.184549462847194
     ],
     [
      -76.80140283512799,
      39.184548121280116
     ],
     [
      -76.80140304229634,
      39.184547017573
     ],
     [
      -76.80140325402398,
      39.18454595214426
     ],
     [
      -76.80140347031089,
      39.1845449249939
     ],
     [
      -76.80140369115709,
      39.184543936121926
     ],
     [
      -76.80140391656258,
      39.18454298552832
     ],
     [
      -76.80140436469817,
      39.18454175929733
     ],
     [
      -76.80140503556389,
      39.18454025742898
     ],
     [
      -76.80140592915969,
      39.18453847992325
     ],
     [
      -76.80140704548556,
      39.18453642678016
     ],
     [
      -76.80140821067138,
      39.18453448171208
     ],
     [
      -76.80140942471715,
      39.18453264471903
     ],
     [
      -76.8014106876229,
      39.18453091580102
     ],
     [
      -76.80141199938862,
      39.18452929495803
     ],
     [
      -76.80141309558508,
      39.184527971523686
     ],
     [
      -76.80141397621233,
      39.18452694549804
     ],
     [
      -76.80141464127037,
      39.18452621688105
     ],
     [
      -76.80141509075924,
      39.18452578567275
     ],
     [
      -76.8014159768704,
      39.1845251320573
     ],
     [
      -76.80141729960386,
      39.18452425603471
     ],
     [
      -76.80141905895958,
      39.184523157604964
     ],
     [
      -76.80142125493751,
      39.18452183676803
     ],
     [
      -76.80142344665123,
      39.18452066444285
     ],
     [
      -76.80142563410071,
      39.184519640629425
     ],
     [
      -76.801427817286,
      39.184518765327745
     ],
     [
      -76.80142999620708,
      39.18451803853784
     ],
     [
      -76.8014317463653,
      39.18451747644592
     ],
     [
      -76.8014330677607,
      39.184517079052064
     ],
     [
      -76.80143396039327,
      39.18451684635622
     ],
     [
      -76.80143442426302,
      39.184516778358415
     ],
     [
      -76.80143543246251,
      39.18451667196739
     ],
     [
      -76.8014369849917,
      39.184516527183064
     ],
     [
      -76.8014390818506,
      39.18451634400547
     ],
     [
      -76.80144172303922,
      39.18451612243456
     ],
     [
      -76.8014443641319,
      39.18451593518121
     ],
     [
      -76.80144700512867,
      39.18451578224542
     ],
     [
      -76.80144964602951,
      39.184515663627174
     ],
     [
      -76.80145228683445,
      39.184515579326494
     ],
     [
      -76.80145492758506,
      39.18451551446051
     ],
     [
      -76.80145756828134,
      39.184515469029165
     ],
     [
      -76.80146020892333,
      39.18451544303251
     ],
     [
      -76.80146284951098,
      39.18451543647055
     ],
     [
      -76.80146549002937,
      39.18451545470072
     ],
     [
      -76.80146813047847,
      39.18451549772308
     ],
     [
      -76.8014707708583,
      39.184515565537595
     ],
     [
      -76.80147341116886,
      39.184515658144264
     ],
     [
      -76.801476051385,
      39.184515784544644
     ],
     [
      -76.8014786915067,
      39.184515944738706
     ],
     [
      -76.801481331534,
      39.18451613872647
     ],
     [
      -76.80148397146688,
      39.184516366507914
     ],
     [
      -76.8014861631354,
      39.184516558496135
     ],
     [
      -76.80148790653948,
      39.184516714691114
     ],
     [
      -76.80148920167917,
      39.184516835092886
     ],
     [
      -76.80149004855447,
      39.184516919701466
     ],
     [
      -76.8014911319271,
      39.18451703622125
     ],
     [
      -76.80149245179706,
      39.18451718465224
     ],
     [
      -76.80149400816435,
      39.18451736499441
     ],
     [
      -76.801495801029,
      39.18451757724777
     ],
     [
      -76.80149780557127,
      39.18451782541078
     ],
     [
      -76.80150002179113,
      39.184518109483456
     ],
     [
      -76.80150244968861,
      39.18451842946575
     ],
     [
      -76.80150508926373,
      39.18451878535765
     ],
     [
      -76.80150772894292,
      39.18451910400531
     ],
     [
      -76.80151036872618,
      39.18451938540874
     ],
     [
      -76.80151300861353,
      39.1845196295679
     ],
     [
      -76.80151564860492,
      39.18451983648282
     ],
     [
      -76.80151828875717,
      39.18451998583393
     ],
     [
      -76.80152092907024,
      39.18452007762122
     ],
     [
      -76.80152356954413,
      39.18452011184469
     ],
     [
      -76.80152621017882,
      39.18452008850435
     ],
     [
      -76.80152885091519,
      39.184520028776504
     ],
     [
      -76.80153149175317,
      39.18451993266115
     ],
     [
      -76.80153413269282,
      39.184519800158284
     ],
     [
      -76.8015367737341,
      39.18451963126794
     ],
     [
      -76.8015394147022,
      39.18451948856265
     ],
     [
      -76.80154205559717,
      39.18451937204244
     ],
     [
      -76.80154469641897,
      39.18451928170728
     ],
     [
      -76.80154733716763,
      39.18451921755718
     ],
     [
      -76.80154997773766,
      39.18451921735811
     ],
     [
      -76.80155261812905,
      39.184519281110006
     ],
     [
      -76.8015552583418,
      39.18451940881292
     ],
     [
      -76.80155789837596,
      39.18451960046684
     ],
     [
      -76.80156053837293,
      39.184519805434775
     ],
     [
      -76.80156317833274,
      39.18452002371675
     ],
     [
      -76.80156581825537,
      39.18452025531275
     ],
     [
      -76.80156845814082,
      39.184520500222774
     ],
     [
      -76.80157109815242,
      39.18452069997735
     ],
     [
      -76.80157373829016,
      39.1845208545765
     ],
     [
      -76.80157637855402,
      39.1845209640202
     ],
     [
      -76.801579018944,
      39.18452102830846
     ],
     [
      -76.80158165940091,
      39.1845210686285
     ],
     [
      -76.80158429992478,
      39.18452108498032
     ],
     [
      -76.80158694051558,
      39.18452107736395
     ],
     [
      -76.8015895811733,
      39.18452104577934
     ],
     [
      -76.80159222176907,
      39.184521036392454
     ],
     [
      -76.8015948623028,
      39.18452104920326
     ],
     [
      -76.80159750277457,
      39.184521084211795
     ],
     [
      -76.80160014318434,
      39.184521141418024
     ],
     [
      -76.80160278361444,
      39.184521191349134
     ],
     [
      -76.80160542406486,
      39.18452123400512
     ],
     [
      -76.8016080645356,
      39.184521269385975
     ],
     [
      -76.80161070502665,
      39.18452129749171
     ],
     [
      -76.80161334563948,
      39.18452128199052
     ],
     [
      -76.80161598637407,
      39.184521222882395
     ],
     [
      -76.80161862723041,
      39.18452112016738
     ],
     [
      -76.8016212682085,
      39.18452097384542
     ],
     [
      -76.80162390923518,
      39.18452081012448
     ],
     [
      -76.80162655031042,
      39.184520629004545
     ],
     [
      -76.80162919143423,
      39.18452043048563
     ],
     [
      -76.8016318326066,
      39.18452021456771
     ],
     [
      -76.80163447369159,
      39.184520029945226
     ],
     [
      -76.80163711468916,
      39.18451987661817
     ],
     [
      -76.80163975559937,
      39.18451975458654
     ],
     [
      -76.80164239642218,
      39.18451966385033
     ],
     [
      -76.801645037062,
      39.18451963865473
     ],
     [
      -76.80164767751883,
      39.18451967899971
     ],
     [
      -76.80165031779268,
      39.1845197848853
     ],
     [
      -76.80165295788358,
      39.184519956311476
     ],
     [
      -76.8016555978535,
      39.18452017107279
     ],
     [
      -76.80165823770244,
      39.184520429169226
     ],
     [
      -76.80166087743042,
      39.184520730600816
     ],
     [
      -76.80166351703747,
      39.184521075367506
     ],
     [
      -76.80166615666656,
      39.18452141223734
     ],
     [
      -76.80166879631774,
      39.18452174121032
     ],
     [
      -76.80167143599098,
      39.18452206228643
     ],
     [
      -76.8016740756863,
      39.18452237546569
     ],
     [
      -76.80167671545253,
      39.18452266324824
     ],
     [
      -76.80167935528966,
      39.18452292563409
     ],
     [
      -76.80168199519773,
      39.18452316262325
     ],
     [
      -76.80168463517668,
      39.1845233742157
     ],
     [
      -76.8016872751175,
      39.18452359947867
     ],
     [
      -76.80168991502019,
      39.18452383841219
     ],
     [
      -76.80169255488472,
      39.184524091016236
     ],
     [
      -76.80169519471113,
      39.18452435729081
     ],
     [
      -76.80169753502341,
      39.18452461145523
     ],
     [
      -76.80169957582157,
      39.184524853509515
     ],
     [
      -76.8017013171056,
      39.18452508345365
     ],
     [
      -76.80170275887549,
      39.18452530128768
     ],
     [
      -76.80170413960253,
      39.18452551780805
     ],
     [
      -76.80170545928671,
      39.184525733014794
     ],
     [
      -76.80170671792804,
      39.18452594690789
     ],
     [
      -76.8017079155265,
      39.18452615948734
     ],
     [
      -76.80170947365612,
      39.18452639476081
     ],
     [
      -76.80171139231688,
      39.18452665272826
     ],
     [
      -76.80171367150882,
      39.18452693338972
     ],
     [
      -76.8017163112319,
      39.184527236745126
     ],
     [
      -76.8017189510693,
      39.18452749915261
     ],
     [
      -76.80172159102099,
      39.18452772061215
     ],
     [
      -76.801724231087,
      39.18452790112374
     ],
     [
      -76.80172687126726,
      39.18452804068741
     ],
     [
      -76.80172951142369,
      39.18452818880536
     ],
     [
      -76.80173215155625,
      39.184528345477595
     ],
     [
      -76.80173479166496,
      39.184528510704084
     ],
     [
      -76.80173743174979,
      39.18452868448485
     ],
     [
      -76.8017400718688,
      39.18452884601863
     ],
     [
      -76.80174271202202,
      39.18452899530542
     ],
     [
      -76.80174535220942,
      39.18452913234522
     ],
     [
      -76.80174799243102,
      39.18452925713802
     ],
     [
      -76.8017506326468,
      39.18452938401374
     ],
     [
      -76.80175327285677,
      39.184529512972375
     ],
     [
      -76.80175591306096,
      39.1845296440139
     ],
     [
      -76.80175855325933,
      39.184529777138316
     ],
     [
      -76.80176119347226,
      39.18452990505013
     ],
     [
      -76.80176383369974,
      39.184530027749325
     ],
     [
      -76.80176647394177,
      39.184530145235904
     ],
     [
      -76.80176911419836,
      39.18453025750987
     ],
     [
      -76.8017717544325,
      39.18453037783977
     ],
     [
      -76.80177439464414,
      39.18453050622565
     ],
     [
      -76.80177703483332,
      39.184530642667454
     ],
     [
      -76.80177967500005,
      39.18453078716523
     ],
     [
      -76.80178231507259,
      39.184530965422454
     ],
     [
      -76.80178495505095,
      39.18453117743919
     ],
     [
      -76.80178759493515,
      39.184531423215425
     ],
     [
      -76.80179023472516,
      39.18453170275109
     ],
     [
      -76.80179287442044,
      39.18453201625502
     ],
     [
      -76.80179551402098,
      39.18453236372715
     ],
     [
      -76.80179815352678,
      39.18453274516751
     ],
     [
      -76.80180079293784,
      39.1845331605761
     ],
     [
      -76.80180288170432,
      39.18453348689229
     ],
     [
      -76.8018044198262,
      39.184533724116115
     ],
     [
      -76.80180540730346,
      39.184533872247584
     ],
     [
      -76.80180584413611,
      39.18453393128673
     ],
     [
      -76.80180672242172,
      39.184534058740695
     ],
     [
      -76.80180804216032,
      39.18453425460948
     ],
     [
      -76.8018098033519,
      39.18453451889306
     ],
     [
      -76.80181200599647,
      39.18453485159141
     ],
     [
      -76.80181431805481,
      39.18453512535492
     ],
     [
      -76.8018167395269,
      39.18453534018359
     ],
     [
      -76.80181927041274,
      39.18453549607739
     ],
     [
      -76.80182191071233,
      39.184535593036316
     ],
     [
      -76.80182455112602,
      39.18453564909294
     ],
     [
      -76.8018271916538,
      39.184535664247264
     ],
     [
      -76.8018298322957,
      39.18453563849925
     ],
     [
      -76.80183247305165,
      39.18453557184894
     ],
     [
      -76.80183511380747,
      39.18453550524765
     ],
     [
      -76.80183775456315,
      39.18453543869538
     ],
     [
      -76.80184039531869,
      39.18453537219213
     ],
     [
      -76.80184303607409,
      39.18453530573792
     ],
     [
      -76.80184567665013,
      39.18453530358525
     ],
     [
      -76.80184831704683,
      39.1845353657341
     ],
     [
      -76.80185095726421,
      39.184535492184494
     ],
     [
      -76.80185359730224,
      39.18453568293642
     ],
     [
      -76.8018562373147,
      39.18453588286738
     ],
     [
      -76.80185887730157,
      39.18453609197735
     ],
     [
      -76.80186151726285,
      39.18453631026635
     ],
     [
      -76.80186415719855,
      39.18453653773437
     ],
     [
      -76.8018667971645,
      39.18453675436581
     ],
     [
      -76.80186943716068,
      39.18453696016069
     ],
     [
      -76.8018720771871,
      39.18453715511898
     ],
     [
      -76.80187471724375,
      39.18453733924067
     ],
     [
      -76.80187735729933,
      39.1845375237437
     ],
     [
      -76.8018799973539,
      39.184537708628056
     ],
     [
      -76.80188263740739,
      39.184537893893705
     ],
     [
      -76.80188527745985,
      39.18453807954068
     ],
     [
      -76.80188791752688,
      39.18453825995457
     ],
     [
      -76.80189055760854,
      39.184538435135394
     ],
     [
      -76.80189319770481,
      39.18453860508314
     ],
     [
      -76.80189583781569,
      39.184538769797804
     ],
     [
      -76.80189847787409,
      39.18453895333339
     ],
     [
      -76.80190111788002,
      39.18453915568989
     ],
     [
      -76.8019037578335,
      39.184539376867335
     ],
     [
      -76.80190639773451,
      39.184539616865685
     ],
     [
      -76.80190903754965,
      39.18453988766693
     ],
     [
      -76.80191167727894,
      39.18454018927102
     ],
     [
      -76.80191431692235,
      39.184540521677995
     ],
     [
      -76.80191695647991,
      39.18454088488783
     ],
     [
      -76.80191950642893,
      39.18454122097959
     ],
     [
      -76.8019219667694,
      39.1845415299533
     ],
     [
      -76.8019243375013,
      39.184541811808955
     ],
     [
      -76.80192661862466,
      39.18454206654654
     ],
     [
      -76.8019284191191,
      39.18454226917858
     ],
     [
      -76.80192973898458,
      39.1845424197051
     ],
     [
      -76.80193057822113,
      39.18454251812611
     ],
     [
      -76.80193093682874,
      39.1845425644416
     ],
     [
      -76.80193186580766,
      39.184542641985104
     ],
     [
      -76.80193336515794,
      39.18454275075657
     ],
     [
      -76.80193543487955,
      39.18454289075603
     ],
     [
      -76.80193807497253,
      39.18454306198341
     ],
     [
      -76.80194071511809,
      39.18454321434713
     ],
     [
      -76.80194335531625,
      39.18454334784714
     ],
     [
      -76.80194599556702,
      39.18454346248348
     ],
     [
      -76.80194863587039,
      39.184543558256124
     ],
     [
      -76.80195127608506,
      39.18454368584368
     ],
     [
      -76.80195391621106,
      39.184543845246104
     ],
     [
      -76.80195655624838,
      39.18454403646345
     ],
     [
      -76.80195919619703,
      39.184544259495674
     ],
     [
      -76.80196183603005,
      39.18454452402172
     ],
     [
      -76.80196447574741,
      39.18454483004158
     ],
     [
      -76.80196711534913,
      39.18454517755527
     ],
     [
      -76.80196975483523,
      39.18454556656277
     ],
     [
      -76.80197239437993,
      39.184545934548744
     ],
     [
      -76.80197503398328,
      39.18454628151321
     ],
     [
      -76.80197767364524,
      39.18454660745611
     ],
     [
      -76.8019803133658,
      39.18454691237754
     ],
     [
      -76.80198295318789,
      39.184547180881765
     ],
     [
      -76.80198559311151,
      39.18454741296879
     ],
     [
      -76.80198823313664,
      39.18454760863864
     ],
     [
      -76.80199087326328,
      39.18454776789129
     ],
     [
      -76.80199351344997,
      39.18454790560046
     ],
     [
      -76.80199615369673,
      39.1845480217662
     ],
     [
      -76.80199879400352,
      39.18454811638845
     ],
     [
      -76.80200143437037,
      39.18454818946723
     ],
     [
      -76.80200407475188,
      39.18454825728066
     ],
     [
      -76.80200671514808,
      39.18454831982871
     ],
     [
      -76.80200935555897,
      39.18454837711138
     ],
     [
      -76.80201199598453,
      39.18454842912871
     ],
     [
      -76.80201463635635,
      39.18454850043421
     ],
     [
      -76.8020172766744,
      39.18454859102792
     ],
     [
      -76.80201991693872,
      39.1845487009098
     ],
     [
      -76.8020225571493,
      39.18454883007989
     ],
     [
      -76.8020251973049,
      39.1845489789854
     ],
     [
      -76.80202783740552,
      39.18454914762634
     ],
     [
      -76.80203047745114,
      39.1845493360027
     ],
     [
      -76.8020331174418,
      39.18454954411449
     ],
     [
      -76.80203575752792,
      39.18454971797137
     ],
     [
      -76.8020383977095,
      39.184549857573344
     ],
     [
      -76.80204103798653,
      39.18454996292042
     ],
     [
      -76.80204367835901,
      39.18455003401257
     ],
     [
      -76.80204631894505,
      39.18455002846681
     ],
     [
      -76.80204895974461,
      39.18454994628315
     ],
     [
      -76.8020516007577,
      39.18454978746156
     ],
     [
      -76.8020542419843,
      39.18454955200209
     ],
     [
      -76.80205688314611,
      39.18454933978814
     ],
     [
      -76.80205952424315,
      39.18454915081975
     ],
     [
      -76.80206216527542,
      39.18454898509691
     ],
     [
      -76.8020648062429,
      39.18454884261963
     ],
     [
      -76.8020674469461,
      39.1845487949985
     ],
     [
      -76.80207008738503,
      39.18454884223356
     ],
     [
      -76.80207272755972,
      39.184548984324785
     ],
     [
      -76.80207536747015,
      39.18454922127221
     ],
     [
      -76.80207798909436,
      39.18454948407056
     ],
     [
      -76.80208059243235,
      39.1845497727199
     ],
     [
      -76.80208317748415,
      39.18455008722015
     ],
     [
      -76.80208574424972,
      39.184550427571374
     ],
     [
      -76.80208768752811,
      39.184550686435564
     ],
     [
      -76.8020890073193,
      39.18455086381273
     ],
     [
      -76.80208970362325,
      39.18455095970292
     ],
     [
      -76.80208977644001,
      39.18455097410611
     ],
     [
      -76.80209049088876,
      39.184551094919144
     ],
     [
      -76.80209184696953,
      39.18455132214197
     ],
     [
      -76.80209384468235,
      39.184551655774584
     ],
     [
      -76.8020964840272,
      39.18455209581695
     ],
     [
      -76.80209912353808,
      39.18455247626657
     ],
     [
      -76.802101763215,
      39.18455279712346
     ],
     [
      -76.80210440305794,
      39.18455305838762
     ],
     [
      -76.80210704306688,
      39.18455326005907
     ],
     [
      -76.80210968318536,
      39.18455342241069
     ],
     [
      -76.80211232341337,
      39.18455354544246
     ],
     [
      -76.80211496375091,
      39.184553629154436
     ],
     [
      -76.80211760419797,
      39.184553673546596
     ],
     [
      -76.80212024469269,
      39.18455370083046
     ],
     [
      -76.80212288523505,
      39.184553711006025
     ],
     [
      -76.80212552582508,
      39.18455370407329
     ],
     [
      -76.80212816646274,
      39.18455368003227
     ],
     [
      -76.80213014694098,
      39.18455366200148
     ],
     [
      -76.80213146725981,
      39.18455364998092
     ],
     [
      -76.80213212741923,
      39.184553643970645
     ]
    ]
   },
   "properties": {
    "id": "ct-1",
    "kind": "Contour",
    "sourceId": "contours",
    "reliabilityLevel": 1,
    "revision": 1,
    "engineeringGeometry": {
     "crs": "EPSG:2248",
     "crsName": "NAD83 / Maryland State Plane (US survey feet)",
     "datum": "NAD83",
     "unit": "usSurveyFoot",
     "coordinates": [
      [
       1368584.053547893,
       552893.3975002109,
       298
      ],
      [
       1368584.1107175134,
       552893.3585506503,
       298
      ],
      [
       1368584.225056754,
       552893.280651529,
       298
      ],
      [
       1368584.3965656152,
       552893.163802847,
       298
      ],
      [
       1368584.6252440964,
       552893.0080046046,
       298
      ],
      [
       1368584.9838745096,
       552892.7944695537,
       298
      ],
      [
       1368585.4724568543,
       552892.5231976944,
       298
      ],
      [
       1368586.0909911303,
       552892.194189027,
       298
      ],
      [
       1368586.8394773377,
       552891.8074435513,
       298
      ],
      [
       1368587.5249359976,
       552891.4658988221,
       298
      ],
      [
       1368588.1473671093,
       552891.1695548396,
       298
      ],
      [
       1368588.7067706734,
       552890.9184116035,
       298
      ],
      [
       1368589.2031466896,
       552890.7124691142,
       298
      ],
      [
       1368589.6384562494,
       552890.5229556544,
       298
      ],
      [
       1368590.012699353,
       552890.3498712241,
       298
      ],
      [
       1368590.3258760008,
       552890.1932158235,
       298
      ],
      [
       1368590.5779861924,
       552890.0529894526,
       298
      ],
      [
       1368590.954190388,
       552889.8505292758,
       298
      ],
      [
       1368591.4544885878,
       552889.5858352934,
       298
      ],
      [
       1368592.0788807916,
       552889.2589075055,
       298
      ],
      [
       1368592.827366999,
       552888.8697459119,
       298
      ],
      [
       1368593.504996724,
       552888.523100156,
       298
      ],
      [
       1368594.1117699663,
       552888.2189702376,
       298
      ],
      [
       1368594.647686726,
       552887.957356157,
       298
      ],
      [
       1368595.1127470029,
       552887.7382579141,
       298
      ],
      [
       1368595.5323986933,
       552887.5325984531,
       298
      ],
      [
       1368595.9066417972,
       552887.3403777743,
       298
      ],
      [
       1368596.2354763146,
       552887.1615958774,
       298
      ],
      [
       1368596.5189022454,
       552886.9962527625,
       298
      ],
      [
       1368596.9185932453,
       552886.780078855,
       298
      ],
      [
       1368597.4345493144,
       552886.513074155,
       298
      ],
      [
       1368598.066770453,
       552886.1952386623,
       298
      ],
      [
       1368598.8152566603,
       552885.8265723769,
       298
      ],
      [
       1368599.5366545548,
       552885.496453461,
       298
      ],
      [
       1368600.2309641358,
       552885.2048819147,
       298
      ],
      [
       1368600.8981854033,
       552884.9518577377,
       298
      ],
      [
       1368601.5383183572,
       552884.7373809302,
       298
      ],
      [
       1368602.045506386,
       552884.5670634368,
       298
      ],
      [
       1368602.41974949,
       552884.4409052578,
       298
      ],
      [
       1368602.6610476687,
       552884.3589063928,
       298
      ],
      [
       1368602.7694009226,
       552884.3210668421,
       298
      ],
      [
       1368603.0377874146,
       552884.2357996204,
       298
      ],
      [
       1368603.466207145,
       552884.103104728,
       298
      ],
      [
       1368604.054660114,
       552883.9229821647,
       298
      ],
      [
       1368604.8031463218,
       552883.6954319305,
       298
      ],
      [
       1368605.5516325296,
       552883.4553971542,
       298
      ],
      [
       1368606.3001187374,
       552883.2028778361,
       298
      ],
      [
       1368607.048604945,
       552882.9378739757,
       298
      ],
      [
       1368607.7970911523,
       552882.6603855734,
       298
      ],
      [
       1368608.479719914,
       552882.4008672666,
       298
      ],
      [
       1368609.0964912295,
       552882.159319055,
       298
      ],
      [
       1368609.6474050991,
       552881.9357409391,
       298
      ],
      [
       1368610.1324615227,
       552881.7301329188,
       298
      ],
      [
       1368610.5621112864,
       552881.5446321459,
       298
      ],
      [
       1368610.9363543903,
       552881.3792386206,
       298
      ],
      [
       1368611.2551908344,
       552881.233952343,
       298
      ],
      [
       1368611.5186206186,
       552881.1087733129,
       298
      ],
      [
       1368611.9033145087,
       552880.9312098149,
       298
      ],
      [
       1368612.4092725045,
       552880.7012618488,
       298
      ],
      [
       1368613.0364946064,
       552880.4189294147,
       298
      ],
      [
       1368613.7849808137,
       552880.0842125128,
       298
      ],
      [
       1368614.5334670213,
       552879.770120547,
       298
      ],
      [
       1368615.281953229,
       552879.4766535175,
       298
      ],
      [
       1368616.030439437,
       552879.2038114242,
       298
      ],
      [
       1368616.7789256447,
       552878.9515942672,
       298
      ],
      [
       1368617.3705392126,
       552878.7533381197,
       298
      ],
      [
       1368617.8052801401,
       552878.609042982,
       298
      ],
      [
       1368618.083148428,
       552878.5187088539,
       298
      ],
      [
       1368618.2041440757,
       552878.4823357352,
       298
      ],
      [
       1368618.4517634516,
       552878.3906878815,
       298
      ],
      [
       1368618.8260065552,
       552878.2437652927,
       298
      ],
      [
       1368619.326873387,
       552878.0415679687,
       298
      ],
      [
       1368619.954363947,
       552877.7840959094,
       298
      ],
      [
       1368620.612103419,
       552877.5064136139,
       298
      ],
      [
       1368621.3000918026,
       552877.2085210821,
       298
      ],
      [
       1368622.0183290984,
       552876.8904183139,
       298
      ],
      [
       1368622.7668153057,
       552876.5521053094,
       298
      ],
      [
       1368623.3891310724,
       552876.2601952701,
       298
      ],
      [
       1368623.8852763982,
       552876.0146881959,
       298
      ],
      [
       1368624.2552512828,
       552875.8155840867,
       298
      ],
      [
       1368624.499055727,
       552875.6628829428,
       298
      ],
      [
       1368624.8080795007,
       552875.4202293106,
       298
      ],
      [
       1368625.1823226046,
       552875.0876231901,
       298
      ],
      [
       1368625.6217850384,
       552874.6650645816,
       298
      ],
      [
       1368626.126466802,
       552874.1525534848,
       298
      ],
      [
       1368626.5464727292,
       552873.7091763844,
       298
      ],
      [
       1368626.8818028194,
       552873.3349332807,
       298
      ],
      [
       1368627.1324570724,
       552873.0298241733,
       298
      ],
      [
       1368627.2984354887,
       552872.7938490624,
       298
      ],
      [
       1368627.4530172783,
       552872.4297461773,
       298
      ],
      [
       1368627.5962024417,
       552871.9375155182,
       298
      ],
      [
       1368627.7279909784,
       552871.3171570846,
       298
      ],
      [
       1368627.8483828888,
       552870.568670877,
       298
      ],
      [
       1368627.899390261,
       552869.8201846692,
       298
      ],
      [
       1368627.8810130951,
       552869.0716984617,
       298
      ],
      [
       1368627.7932513913,
       552868.3232122539,
       298
      ],
      [
       1368627.6361051493,
       552867.5747260463,
       298
      ],
      [
       1368627.4952284305,
       552866.8262398385,
       298
      ],
      [
       1368627.3706212349,
       552866.0777536309,
       298
      ],
      [
       1368627.2622835624,
       552865.3292674233,
       298
      ],
      [
       1368627.170215413,
       552864.5807812156,
       298
      ],
      [
       1368627.1063374751,
       552863.8322950079,
       298
      ],
      [
       1368627.070649749,
       552863.0838088003,
       298
      ],
      [
       1368627.063152234,
       552862.3353225926,
       298
      ],
      [
       1368627.0838449304,
       552861.5868363848,
       298
      ],
      [
       1368627.084902295,
       552860.9249414643,
       298
      ],
      [
       1368627.0663243276,
       552860.3496378311,
       298
      ],
      [
       1368627.0281110278,
       552859.860925485,
       298
      ],
      [
       1368626.970262396,
       552859.4588044262,
       298
      ],
      [
       1368626.9110910757,
       552859.0706223449,
       298
      ],
      [
       1368626.8505970675,
       552858.6963792411,
       298
      ],
      [
       1368626.7887803707,
       552858.3360751148,
       298
      ],
      [
       1368626.7256409859,
       552857.9897099659,
       298
      ],
      [
       1368626.599585751,
       552857.5428145524,
       298
      ],
      [
       1368626.4106146665,
       552856.9953888742,
       298
      ],
      [
       1368626.158727732,
       552856.3474329312,
       298
      ],
      [
       1368625.843924948,
       552855.5989467236,
       298
      ],
      [
       1368625.51518685,
       552854.8897935865,
       298
      ],
      [
       1368625.1725134389,
       552854.2199735198,
       298
      ],
      [
       1368624.8159047137,
       552853.5894865238,
       298
      ],
      [
       1368624.445360675,
       552852.9983325981,
       298
      ],
      [
       1368624.1356854432,
       552852.5156340834,
       298
      ],
      [
       1368623.886879018,
       552852.1413909798,
       298
      ],
      [
       1368623.6989413993,
       552851.8756032868,
       298
      ],
      [
       1368623.571872587,
       552851.7182710045,
       298
      ],
      [
       1368623.3212166291,
       552851.4796641452,
       298
      ],
      [
       1368622.9469735255,
       552851.1597827084,
       298
      ],
      [
       1368622.4491432756,
       552850.7586266944,
       298
      ],
      [
       1368621.8277258803,
       552850.2761961031,
       298
      ],
      [
       1368621.2073995234,
       552849.8478592555,
       298
      ],
      [
       1368620.5881642052,
       552849.4736161516,
       298
      ],
      [
       1368619.9700199259,
       552849.1534667915,
       298
      ],
      [
       1368619.3529666853,
       552848.8874111752,
       298
      ],
      [
       1368618.8573185129,
       552848.6816064062,
       298
      ],
      [
       1368618.483075409,
       552848.5360524846,
       298
      ],
      [
       1368618.2302373736,
       552848.4507494104,
       298
      ],
      [
       1368618.0988044066,
       552848.4256971836,
       298
      ],
      [
       1368617.8131081294,
       552848.3863257191,
       298
      ],
      [
       1368617.3731485424,
       552848.3326350169,
       298
      ],
      [
       1368616.7789256447,
       552848.264625077,
       298
      ],
      [
       1368616.030439437,
       552848.1822958995,
       298
      ],
      [
       1368615.281953229,
       552848.1124659777,
       298
      ],
      [
       1368614.5334670213,
       552848.0551353113,
       298
      ],
      [
       1368613.7849808137,
       552848.0103039008,
       298
      ],
      [
       1368613.0364946064,
       552847.9779717459,
       298
      ],
      [
       1368612.2880083988,
       552847.9527181635,
       298
      ],
      [
       1368611.539522191,
       552847.9345431536,
       298
      ],
      [
       1368610.7910359832,
       552847.9234467163,
       298
      ],
      [
       1368610.0425497754,
       552847.9194288515,
       298
      ],
      [
       1368609.2940635676,
       552847.9244408769,
       298
      ],
      [
       1368608.5455773603,
       552847.9384827928,
       298
      ],
      [
       1368607.7970911525,
       552847.9615545992,
       298
      ],
      [
       1368607.048604945,
       552847.993656296,
       298
      ],
      [
       1368606.3001187374,
       552848.0380664458,
       298
      ],
      [
       1368605.5516325296,
       552848.0947850489,
       298
      ],
      [
       1368604.8031463218,
       552848.1638121048,
       298
      ],
      [
       1368604.0546601145,
       552848.2451476138,
       298
      ],
      [
       1368603.4332656572,
       552848.3137228002,
       298
      ],
      [
       1368602.9389629506,
       552848.3695376639,
       298
      ],
      [
       1368602.5717519945,
       552848.4125922049,
       298
      ],
      [
       1368602.3316327888,
       552848.4428864232,
       298
      ],
      [
       1368602.0244516341,
       552848.4846576017,
       298
      ],
      [
       1368601.6502085305,
       552848.5379057402,
       298
      ],
      [
       1368601.2089034775,
       552848.6026308389,
       298
      ],
      [
       1368600.700536475,
       552848.6788328978,
       298
      ],
      [
       1368600.1321396716,
       552848.7679835473,
       298
      ],
      [
       1368599.5037130667,
       552848.8700827876,
       298
      ],
      [
       1368598.8152566603,
       552848.9851306187,
       298
      ],
      [
       1368598.066770453,
       552849.1131270404,
       298
      ],
      [
       1368597.3182842452,
       552849.2275582824,
       298
      ],
      [
       1368596.5697980374,
       552849.3284243444,
       298
      ],
      [
       1368595.8213118296,
       552849.4157252266,
       298
      ],
      [
       1368595.0728256223,
       552849.489460929,
       298
      ],
      [
       1368594.3243394145,
       552849.5422306033,
       298
      ],
      [
       1368593.5758532067,
       552849.5740342499,
       298
      ],
      [
       1368592.8273669991,
       552849.5848718685,
       298
      ],
      [
       1368592.0788807916,
       552849.5747434591,
       298
      ],
      [
       1368591.3303945838,
       552849.5513619164,
       298
      ],
      [
       1368590.5819083764,
       552849.5147272402,
       298
      ],
      [
       1368589.8334221686,
       552849.4648394304,
       298
      ],
      [
       1368589.0849359608,
       552849.401698487,
       298
      ],
      [
       1368588.336449753,
       552849.3480947616,
       298
      ],
      [
       1368587.5879635452,
       552849.3040282539,
       298
      ],
      [
       1368586.8394773377,
       552849.2694989641,
       298
      ],
      [
       1368586.0909911303,
       552849.244506892,
       298
      ],
      [
       1368585.3425049228,
       552849.2428072488,
       298
      ],
      [
       1368584.594018715,
       552849.2644000344,
       298
      ],
      [
       1368583.8455325072,
       552849.309285249,
       298
      ],
      [
       1368583.0970462994,
       552849.3774628923,
       298
      ],
      [
       1368582.3485600916,
       552849.4504898291,
       298
      ],
      [
       1368581.6000738838,
       552849.5283660588,
       298
      ],
      [
       1368580.8515876762,
       552849.6110915819,
       298
      ],
      [
       1368580.1031014689,
       552849.6986663984,
       298
      ],
      [
       1368579.3546152613,
       552849.7697945985,
       298
      ],
      [
       1368578.6061290535,
       552849.824476182,
       298
      ],
      [
       1368577.8576428457,
       552849.8627111494,
       298
      ],
      [
       1368577.109156638,
       552849.8844995004,
       298
      ],
      [
       1368576.3606704304,
       552849.8975581051,
       298
      ],
      [
       1368575.6121842228,
       552849.9018869633,
       298
      ],
      [
       1368574.863698015,
       552849.8974860753,
       298
      ],
      [
       1368574.1152118077,
       552849.8843554409,
       298
      ],
      [
       1368573.3667255999,
       552849.8793097378,
       298
      ],
      [
       1368572.618239392,
       552849.8823489661,
       298
      ],
      [
       1368571.8697531843,
       552849.8934731256,
       298
      ],
      [
       1368571.121266977,
       552849.9126822165,
       298
      ],
      [
       1368570.3727807691,
       552849.9292415628,
       298
      ],
      [
       1368569.6242945613,
       552849.9431511647,
       298
      ],
      [
       1368568.8758083535,
       552849.954411022,
       298
      ],
      [
       1368568.1273221462,
       552849.9630211348,
       298
      ],
      [
       1368567.3788359384,
       552849.9557486377,
       298
      ],
      [
       1368566.6303497306,
       552849.9325935307,
       298
      ],
      [
       1368565.8818635228,
       552849.8935558137,
       298
      ],
      [
       1368565.1333773155,
       552849.838635487,
       298
      ],
      [
       1368564.3848911077,
       552849.777378075,
       298
      ],
      [
       1368563.6364049,
       552849.7097835782,
       298
      ],
      [
       1368562.8879186925,
       552849.6358519963,
       298
      ],
      [
       1368562.1394324847,
       552849.5555833293,
       298
      ],
      [
       1368561.390946277,
       552849.4867131892,
       298
      ],
      [
       1368560.6424600692,
       552849.4292415756,
       298
      ],
      [
       1368559.8939738616,
       552849.383168489,
       298
      ],
      [
       1368559.1454876543,
       552849.348493929,
       298
      ],
      [
       1368558.3970014467,
       552849.3376907649,
       298
      ],
      [
       1368557.648515239,
       552849.3507589967,
       298
      ],
      [
       1368556.900029031,
       552849.3876986243,
       298
      ],
      [
       1368556.1515428233,
       552849.4485096476,
       298
      ],
      [
       1368555.4030566155,
       552849.5251043312,
       298
      ],
      [
       1368554.6545704077,
       552849.617482675,
       298
      ],
      [
       1368553.9060842001,
       552849.7256446788,
       298
      ],
      [
       1368553.1575979928,
       552849.8495903428,
       298
      ],
      [
       1368552.4091117852,
       552849.9706598121,
       298
      ],
      [
       1368551.6606255774,
       552850.0888530868,
       298
      ],
      [
       1368550.9121393696,
       552850.2041701667,
       298
      ],
      [
       1368550.1636531618,
       552850.3166110521,
       298
      ],
      [
       1368549.415166954,
       552850.4198019039,
       298
      ],
      [
       1368548.6666807467,
       552850.5137427219,
       298
      ],
      [
       1368547.918194539,
       552850.5984335064,
       298
      ],
      [
       1368547.1697083313,
       552850.6738742575,
       298
      ],
      [
       1368546.4212221238,
       552850.7542941483,
       298
      ],
      [
       1368545.672735916,
       552850.839693179,
       298
      ],
      [
       1368544.9242497082,
       552850.9300713496,
       298
      ],
      [
       1368544.1757635009,
       552851.0254286601,
       298
      ],
      [
       1368543.512186056,
       552851.1165596403,
       298
      ],
      [
       1368542.9335173736,
       552851.2034642899,
       298
      ],
      [
       1368542.4397574544,
       552851.2861426091,
       298
      ],
      [
       1368542.0309062977,
       552851.3645945981,
       298
      ],
      [
       1368541.6393591678,
       552851.4426057208,
       298
      ],
      [
       1368541.2651160639,
       552851.5201759774,
       298
      ],
      [
       1368540.9081769863,
       552851.5973053679,
       298
      ],
      [
       1368540.5685419352,
       552851.6739938925,
       298
      ],
      [
       1368540.1266940949,
       552851.7587260772,
       298
      ],
      [
       1368539.5826334653,
       552851.8515019221,
       298
      ],
      [
       1368538.9363600467,
       552851.9523214274,
       298
      ],
      [
       1368538.1878738394,
       552852.0611845928,
       298
      ],
      [
       1368537.4393876316,
       552852.1551336116,
       298
      ],
      [
       1368536.6909014238,
       552852.2341684836,
       298
      ],
      [
       1368535.942415216,
       552852.298289209,
       298
      ],
      [
       1368535.1939290087,
       552852.3474957877,
       298
      ],
      [
       1368534.4454428009,
       552852.3998180493,
       298
      ],
      [
       1368533.696956593,
       552852.4552559936,
       298
      ],
      [
       1368532.9484703855,
       552852.5138096211,
       298
      ],
      [
       1368532.199984178,
       552852.5754789313,
       298
      ],
      [
       1368531.4514979701,
       552852.6326876313,
       298
      ],
      [
       1368530.7030117628,
       552852.6854357212,
       298
      ],
      [
       1368529.954525555,
       552852.7337232006,
       298
      ],
      [
       1368529.2060393472,
       552852.7775500698,
       298
      ],
      [
       1368528.4575531394,
       552852.8221356021,
       298
      ],
      [
       1368527.7090669316,
       552852.8674797973,
       298
      ],
      [
       1368526.960580724,
       552852.9135826556,
       298
      ],
      [
       1368526.2120945167,
       552852.960444177,
       298
      ],
      [
       1368525.4636083092,
       552853.005407166,
       298
      ],
      [
       1368524.7151221014,
       552853.0484716224,
       298
      ],
      [
       1368523.9666358936,
       552853.0896375463,
       298
      ],
      [
       1368523.2181496858,
       552853.1289049378,
       298
      ],
      [
       1368522.469663478,
       552853.1711065122,
       298
      ],
      [
       1368521.7211772702,
       552853.2162422693,
       298
      ],
      [
       1368520.9726910626,
       552853.2643122092,
       298
      ],
      [
       1368520.2242048553,
       552853.3153163318,
       298
      ],
      [
       1368519.4757186477,
       552853.3786164457,
       298
      ],
      [
       1368518.72723244,
       552853.4542125509,
       298
      ],
      [
       1368517.978746232,
       552853.5421046473,
       298
      ],
      [
       1368517.2302600243,
       552853.6422927347,
       298
      ],
      [
       1368516.4817738167,
       552853.7548528432,
       298
      ],
      [
       1368515.7332876092,
       552853.8797849724,
       298
      ],
      [
       1368514.9848014014,
       552854.0170891226,
       298
      ],
      [
       1368514.236315194,
       552854.1667652936,
       298
      ],
      [
       1368513.6439831252,
       552854.2843310381,
       298
      ],
      [
       1368513.2078051954,
       552854.3697863565,
       298
      ],
      [
       1368512.9277814047,
       552854.4231312483,
       298
      ],
      [
       1368512.8039117532,
       552854.4443657139,
       298
      ],
      [
       1368512.5548553756,
       552854.4902466239,
       298
      ],
      [
       1368512.1806122717,
       552854.5607739782,
       298
      ],
      [
       1368511.6811824418,
       552854.6559477772,
       298
      ],
      [
       1368511.0565658854,
       552854.7757680205,
       298
      ],
      [
       1368510.4009819166,
       552854.8740556393,
       298
      ],
      [
       1368509.7144305347,
       552854.9508106333,
       298
      ],
      [
       1368508.99691174,
       552855.0060330026,
       298
      ],
      [
       1368508.2484255326,
       552855.0397227472,
       298
      ],
      [
       1368507.4999393248,
       552855.0585149627,
       298
      ],
      [
       1368506.751453117,
       552855.0624096489,
       298
      ],
      [
       1368506.0029669092,
       552855.051406806,
       298
      ],
      [
       1368505.2544807019,
       552855.0255064339,
       298
      ],
      [
       1368504.505994494,
       552854.9996239387,
       298
      ],
      [
       1368503.7575082865,
       552854.9737593202,
       298
      ],
      [
       1368503.009022079,
       552854.9479125787,
       298
      ],
      [
       1368502.2605358711,
       552854.922083714,
       298
      ],
      [
       1368501.5120496633,
       552854.919674952,
       298
      ],
      [
       1368500.7635634555,
       552854.9406862928,
       298
      ],
      [
       1368500.015077248,
       552854.9851177362,
       298
      ],
      [
       1368499.2665910407,
       552855.0529692821,
       298
      ],
      [
       1368498.518104833,
       552855.1241640579,
       298
      ],
      [
       1368497.7696186253,
       552855.1987020636,
       298
      ],
      [
       1368497.0211324175,
       552855.276583299,
       298
      ],
      [
       1368496.2726462097,
       552855.3578077643,
       298
      ],
      [
       1368495.524160002,
       552855.4350853236,
       298
      ],
      [
       1368494.775673794,
       552855.5084159772,
       298
      ],
      [
       1368494.0271875865,
       552855.5777997248,
       298
      ],
      [
       1368493.2787013792,
       552855.6432365666,
       298
      ],
      [
       1368492.5302151716,
       552855.708812314,
       298
      ],
      [
       1368491.7817289638,
       552855.7745269671,
       298
      ],
      [
       1368491.033242756,
       552855.8403805259,
       298
      ],
      [
       1368490.2847565482,
       552855.9063729902,
       298
      ],
      [
       1368489.5362703407,
       552855.9704594703,
       298
      ],
      [
       1368488.787784133,
       552856.0326399659,
       298
      ],
      [
       1368488.0392979253,
       552856.0929144773,
       298
      ],
      [
       1368487.290811718,
       552856.1512830043,
       298
      ],
      [
       1368486.5423255102,
       552856.2165065613,
       298
      ],
      [
       1368485.7938393024,
       552856.288585148,
       298
      ],
      [
       1368485.0453530946,
       552856.3675187647,
       298
      ],
      [
       1368484.2968668872,
       552856.4533074114,
       298
      ],
      [
       1368483.5483806795,
       552856.550315184,
       298
      ],
      [
       1368482.7998944717,
       552856.6585420826,
       298
      ],
      [
       1368482.0514082639,
       552856.7779881074,
       298
      ],
      [
       1368481.3029220565,
       552856.9086532583,
       298
      ],
      [
       1368480.5798573922,
       552857.029496575,
       298
      ],
      [
       1368479.882214271,
       552857.1405180577,
       298
      ],
      [
       1368479.2099926933,
       552857.2417177063,
       298
      ],
      [
       1368478.563192659,
       552857.3330955209,
       298
      ],
      [
       1368478.0526710898,
       552857.405791013,
       298
      ],
      [
       1368477.6784279859,
       552857.4598041826,
       298
      ],
      [
       1368477.4404633474,
       552857.49513503,
       298
      ],
      [
       1368477.3387771742,
       552857.5117835552,
       298
      ],
      [
       1368477.0753909922,
       552857.5394551882,
       298
      ],
      [
       1368476.6503048018,
       552857.5781499294,
       298
      ],
      [
       1368476.0635186029,
       552857.6278677786,
       298
      ],
      [
       1368475.315032395,
       552857.688608736,
       298
      ],
      [
       1368474.5665461873,
       552857.742479132,
       298
      ],
      [
       1368473.8180599795,
       552857.7894789664,
       298
      ],
      [
       1368473.069573772,
       552857.8296082393,
       298
      ],
      [
       1368472.3210875646,
       552857.8628669508,
       298
      ],
      [
       1368471.572601357,
       552857.9077133916,
       298
      ],
      [
       1368470.8241151492,
       552857.9641475619,
       298
      ],
      [
       1368470.0756289414,
       552858.0321694617,
       298
      ],
      [
       1368469.3271427336,
       552858.1117790907,
       298
      ],
      [
       1368468.5786565258,
       552858.2065017326,
       298
      ],
      [
       1368467.830170318,
       552858.3163373872,
       298
      ],
      [
       1368467.0816841105,
       552858.4412860546,
       298
      ],
      [
       1368466.3331979031,
       552858.5813477346,
       298
      ],
      [
       1368465.5847116956,
       552858.7137529199,
       298
      ],
      [
       1368464.8362254878,
       552858.8385016106,
       298
      ],
      [
       1368464.08773928,
       552858.9555938063,
       298
      ],
      [
       1368463.3392530722,
       552859.0650295074,
       298
      ],
      [
       1368462.5907668644,
       552859.1612012626,
       298
      ],
      [
       1368461.842280657,
       552859.2441090723,
       298
      ],
      [
       1368461.0937944492,
       552859.313752936,
       298
      ],
      [
       1368460.3453082417,
       552859.3701328537,
       298
      ],
      [
       1368459.596822034,
       552859.4186661738,
       298
      ],
      [
       1368458.8483358263,
       552859.4593528959,
       298
      ],
      [
       1368458.0998496185,
       552859.4921930201,
       298
      ],
      [
       1368457.3513634112,
       552859.5171865466,
       298
      ],
      [
       1368456.6028772034,
       552859.5402623275,
       298
      ],
      [
       1368455.8543909956,
       552859.5614203631,
       298
      ],
      [
       1368455.1059047878,
       552859.5806606534,
       298
      ],
      [
       1368454.3574185804,
       552859.5979831981,
       298
      ],
      [
       1368453.6089323726,
       552859.6223309628,
       298
      ],
      [
       1368452.8604461649,
       552859.6537039473,
       298
      ],
      [
       1368452.111959957,
       552859.6921021515,
       298
      ],
      [
       1368451.3634737497,
       552859.7375255756,
       298
      ],
      [
       1368450.614987542,
       552859.7901371114,
       298
      ],
      [
       1368449.8665013341,
       552859.8499367591,
       298
      ],
      [
       1368449.1180151263,
       552859.9169245188,
       298
      ],
      [
       1368448.369528919,
       552859.9911003904,
       298
      ],
      [
       1368447.6210427112,
       552860.0527998679,
       298
      ],
      [
       1368446.8725565034,
       552860.1020229515,
       298
      ],
      [
       1368446.1240702958,
       552860.1387696412,
       298
      ],
      [
       1368445.3755840883,
       552860.1630399369,
       298
      ],
      [
       1368444.6270978805,
       552860.1593969858,
       298
      ],
      [
       1368443.8786116731,
       552860.1278407881,
       298
      ],
      [
       1368443.1301254653,
       552860.0683713435,
       298
      ],
      [
       1368442.3816392575,
       552859.9809886522,
       298
      ],
      [
       1368441.6331530497,
       552859.9020725397,
       298
      ],
      [
       1368440.884666842,
       552859.8316230058,
       298
      ],
      [
       1368440.1361806344,
       552859.7696400507,
       298
      ],
      [
       1368439.387694427,
       552859.7161236742,
       298
      ],
      [
       1368438.6392082195,
       552859.6971560938,
       298
      ],
      [
       1368437.8907220117,
       552859.7127373095,
       298
      ],
      [
       1368437.1422358039,
       552859.7628673213,
       298
      ],
      [
       1368436.393749596,
       552859.8475461293,
       298
      ],
      [
       1368435.6504263217,
       552859.9416516558,
       298
      ],
      [
       1368434.9122659806,
       552860.0451839014,
       298
      ],
      [
       1368434.179268573,
       552860.1581428656,
       298
      ],
      [
       1368433.4514340986,
       552860.2805285486,
       298
      ],
      [
       1368432.9003953096,
       552860.3736181115,
       298
      ],
      [
       1368432.5261522057,
       552860.4374115539,
       298
      ],
      [
       1368432.328704787,
       552860.471908876,
       298
      ],
      [
       1368432.308053054,
       552860.4771100779,
       298
      ],
      [
       1368432.1054427018,
       552860.5206736728,
       298
      ],
      [
       1368431.7208737317,
       552860.6025996606,
       298
      ],
      [
       1368431.1543461424,
       552860.7228880416,
       298
      ],
      [
       1368430.4058599346,
       552860.8815388154,
       298
      ],
      [
       1368429.657373727,
       552861.0184845845,
       298
      ],
      [
       1368428.9088875195,
       552861.1337253489,
       298
      ],
      [
       1368428.1604013117,
       552861.2272611081,
       298
      ],
      [
       1368427.4119151044,
       552861.2990918626,
       298
      ],
      [
       1368426.6634288966,
       552861.3566014667,
       298
      ],
      [
       1368425.9149426888,
       552861.3997899205,
       298
      ],
      [
       1368425.166456481,
       552861.4286572239,
       298
      ],
      [
       1368424.4179702736,
       552861.4432033772,
       298
      ],
      [
       1368423.6694840658,
       552861.4515183235,
       298
      ],
      [
       1368422.920997858,
       552861.4536020629,
       298
      ],
      [
       1368422.1725116502,
       552861.4494545955,
       298
      ],
      [
       1368421.424025443,
       552861.4390759211,
       298
      ],
      [
       1368420.862660787,
       552861.4312919152,
       298
      ],
      [
       1368420.4884176832,
       552861.4261025782,
       298
      ],
      [
       1368420.3012961312,
       552861.4235079095,
       298
      ]
     ]
    },
    "elevationFt": 298,
    "weight": "intermediate",
    "hidden": false
   }
  },
  {
   "type": "Feature",
   "geometry": {
    "type": "LineString",
    "coordinates": [
     [
      -76.80110737716002,
      39.18462823291554
     ],
     [
      -76.80110778479602,
      39.184628436429705
     ],
     [
      -76.80110860006803,
      39.18462884345802
     ],
     [
      -76.80110982297607,
      39.18462945400051
     ],
     [
      -76.80111145352014,
      39.18463026805711
     ],
     [
      -76.80111292800724,
      39.18463100671021
     ],
     [
      -76.80111424643735,
      39.18463166995979
     ],
     [
      -76.80111540881046,
      39.184632257805866
     ],
     [
      -76.80111641512657,
      39.184632770248434
     ],
     [
      -76.80111782907865,
      39.18463348624266
     ],
     [
      -76.80111965066672,
      39.184634405788536
     ],
     [
      -76.80112187989081,
      39.18463552888606
     ],
     [
      -76.80112451675097,
      39.18463685553518
     ],
     [
      -76.80112661716738,
      39.18463790625972
     ],
     [
      -76.80112818113997,
      39.184638681059674
     ],
     [
      -76.80112920866873,
      39.18463917993513
     ],
     [
      -76.80112969975362,
      39.18463940288604
     ],
     [
      -76.8011300680673,
      39.18463957009923
     ],
     [
      -76.80113031360973,
      39.184639681574694
     ],
     [
      -76.80113043638096,
      39.184639737312416
     ]
    ]
   },
   "properties": {
    "id": "ct-2",
    "kind": "Contour",
    "sourceId": "contours",
    "reliabilityLevel": 1,
    "revision": 1,
    "engineeringGeometry": {
     "crs": "EPSG:2248",
     "crsName": "NAD83 / Maryland State Plane (US survey feet)",
     "datum": "NAD83",
     "unit": "usSurveyFoot",
     "coordinates": [
      [
       1368710.713944707,
       552889.2215971716,
       298
      ],
      [
       1368710.5982363722,
       552889.2954695597,
       298
      ],
      [
       1368710.366819703,
       552889.4432143357,
       298
      ],
      [
       1368710.0196946987,
       552889.6648314998,
       298
      ],
      [
       1368709.5568613599,
       552889.960321052,
       298
      ],
      [
       1368709.1383231385,
       552890.2284434406,
       298
      ],
      [
       1368708.7640800346,
       552890.469198666,
       298
      ],
      [
       1368708.4341320484,
       552890.6825867279,
       298
      ],
      [
       1368708.1484791797,
       552890.8686076265,
       298
      ],
      [
       1368707.7471179762,
       552891.1285145876,
       298
      ],
      [
       1368707.2300484378,
       552891.4623076112,
       298
      ],
      [
       1368706.5972705649,
       552891.8699866976,
       298
      ],
      [
       1368705.8487843575,
       552892.3515518464,
       298
      ],
      [
       1368705.2525752522,
       552892.7329507482,
       298
      ],
      [
       1368704.8086432489,
       552893.0141834028,
       298
      ],
      [
       1368704.5169883478,
       552893.1952498101,
       298
      ],
      [
       1368704.3776105489,
       552893.2761499705,
       298
      ],
      [
       1368704.2730771997,
       552893.3368250907,
       298
      ],
      [
       1368704.2033883003,
       552893.3772751708,
       298
      ],
      [
       1368704.1685438505,
       552893.3975002109,
       298
      ]
     ]
    },
    "elevationFt": 298,
    "weight": "intermediate",
    "hidden": false
   }
  },
  {
   "type": "Feature",
   "geometry": {
    "type": "LineString",
    "coordinates": [
     [
      -76.8015129598442,
      39.184640385220796
     ],
     [
      -76.80151269456158,
      39.18464027476266
     ],
     [
      -76.80151216399635,
      39.18464005384632
     ],
     [
      -76.80151136814851,
      39.18463972247183
     ],
     [
      -76.80151030701808,
      39.184639280639175
     ],
     [
      -76.80150885165793,
      39.184638723354546
     ],
     [
      -76.8015070020681,
      39.18463805061795
     ],
     [
      -76.80150475824863,
      39.18463726242937
     ],
     [
      -76.80150212019952,
      39.18463635878874
     ],
     [
      -76.80149954589596,
      39.18463550109517
     ],
     [
      -76.801497035338,
      39.18463468934863
     ],
     [
      -76.8014945885256,
      39.18463392354913
     ],
     [
      -76.80149220545876,
      39.1846332036967
     ],
     [
      -76.80149035434513,
      39.184632642206
     ],
     [
      -76.80148903518469,
      39.18463223907706
     ],
     [
      -76.80148824797742,
      39.184631994309896
     ],
     [
      -76.80148799272331,
      39.184631907904524
     ],
     [
      -76.80148714177008,
      39.1846316173555
     ],
     [
      -76.80148569511776,
      39.18463112266278
     ],
     [
      -76.80148365276635,
      39.184630423826356
     ],
     [
      -76.8014810147159,
      39.18462952084621
     ],
     [
      -76.80147837669556,
      39.184628607121056
     ],
     [
      -76.80147573870529,
      39.18462768265093
     ],
     [
      -76.80147310074513,
      39.18462674743581
     ],
     [
      -76.80147046281506,
      39.184625801475704
     ],
     [
      -76.80146840289906,
      39.18462505960553
     ],
     [
      -76.8014669209971,
      39.184624521825285
     ],
     [
      -76.80146601710916,
      39.184624188135004
     ],
     [
      -76.80146569123521,
      39.18462405853471
     ],
     [
      -76.80146486890561,
      39.18462372509401
     ],
     [
      -76.80146355012037,
      39.18462318781296
     ],
     [
      -76.80146173487951,
      39.184622446691485
     ],
     [
      -76.80145942318305,
      39.184621501729595
     ],
     [
      -76.80145702998092,
      39.18462053770419
     ],
     [
      -76.8014545552731,
      39.184619554615246
     ],
     [
      -76.8014519990596,
      39.18461855246277
     ],
     [
      -76.80144936134042,
      39.184617531246765
     ],
     [
      -76.80144731228786,
      39.18461674090675
     ],
     [
      -76.80144585190186,
      39.18461618144279
     ],
     [
      -76.80144498018238,
      39.18461585285487
     ],
     [
      -76.80144469712943,
      39.184615755143014
     ],
     [
      -76.80144389606528,
      39.18461548959811
     ],
     [
      -76.80144257698997,
      39.184615056220146
     ],
     [
      -76.80144073990348,
      39.18461445500907
     ],
     [
      -76.80143838480588,
      39.184613685964905
     ],
     [
      -76.80143595884134,
      39.184612929607646
     ],
     [
      -76.8014334620099,
      39.184612185937326
     ],
     [
      -76.80143089431155,
      39.18461145495393
     ],
     [
      -76.80142825574629,
      39.184610736657454
     ],
     [
      -76.80142572336943,
      39.18461005296167
     ],
     [
      -76.80142329718097,
      39.18460940386661
     ],
     [
      -76.80142097718092,
      39.18460878937229
     ],
     [
      -76.80141876336924,
      39.18460820947869
     ],
     [
      -76.80141699681063,
      39.184607744086854
     ],
     [
      -76.80141567750505,
      39.18460739319683
     ],
     [
      -76.80141480545248,
      39.184607156808575
     ],
     [
      -76.80141438065294,
      39.18460703492215
     ],
     [
      -76.80141340253962,
      39.18460671829489
     ],
     [
      -76.80141187111253,
      39.184606206926766
     ],
     [
      -76.80140978637169,
      39.18460550081776
     ],
     [
      -76.80140714831717,
      39.18460459996785
     ],
     [
      -76.80140457130273,
      39.18460366394657
     ],
     [
      -76.80140205532842,
      39.1846026927539
     ],
     [
      -76.80139960039423,
      39.184601686389875
     ],
     [
      -76.80139720650016,
      39.1846006448545
     ],
     [
      -76.80139535024712,
      39.18459982463751
     ],
     [
      -76.8013940316351,
      39.18459922573893
     ],
     [
      -76.80139325066405,
      39.18459884815879
     ],
     [
      -76.80139300733397,
      39.184598691897115
     ],
     [
      -76.80139216599721,
      39.18459810827152
     ],
     [
      -76.8013907266538,
      39.18459709728202
     ],
     [
      -76.80138868930379,
      39.18459565892858
     ],
     [
      -76.80138605394725,
      39.18459379321118
     ],
     [
      -76.80138406359734,
      39.18459238441761
     ],
     [
      -76.80138271825395,
      39.184591432547904
     ],
     [
      -76.80138201791706,
      39.1845909376021
     ],
     [
      -76.80138196258662,
      39.184590899580215
     ],
     [
      -76.8013813940069,
      39.18459035641302
     ],
     [
      -76.80138031217795,
      39.18458930810055
     ],
     [
      -76.8013787170998,
      39.18458775464278
     ],
     [
      -76.8013766087725,
      39.18458569603967
     ],
     [
      -76.80137491041319,
      39.18458391986639
     ],
     [
      -76.80137362202177,
      39.18458242612297
     ],
     [
      -76.80137274359821,
      39.18458121480944
     ],
     [
      -76.80137227514251,
      39.18458028592579
     ],
     [
      -76.80137176065057,
      39.18457930725111
     ],
     [
      -76.80137120012239,
      39.184578278785395
     ],
     [
      -76.801370593558,
      39.18457720052865
     ],
     [
      -76.8013699409574,
      39.18457607248088
     ],
     [
      -76.80136942106024,
      39.18457471263521
     ],
     [
      -76.80136903386656,
      39.18457312099165
     ],
     [
      -76.80136877937633,
      39.18457129755021
     ],
     [
      -76.80136865758955,
      39.1845692423109
     ],
     [
      -76.80136868716681,
      39.184567187327886
     ],
     [
      -76.8013688681081,
      39.1845651326012
     ],
     [
      -76.80136920041339,
      39.18456307813083
     ],
     [
      -76.8013696840827,
      39.18456102391675
     ],
     [
      -76.80137012392372,
      39.18455921542795
     ],
     [
      -76.80137051993646,
      39.184557652664374
     ],
     [
      -76.80137087212094,
      39.18455633562606
     ],
     [
      -76.80137118047718,
      39.184555264313
     ],
     [
      -76.80137147229972,
      39.18455421513127
     ],
     [
      -76.80137174758858,
      39.18455318808088
     ],
     [
      -76.80137200634374,
      39.184552183161834
     ],
     [
      -76.80137224856523,
      39.184551200374116
     ],
     [
      -76.80137258701092,
      39.18454994979053
     ],
     [
      -76.80137302168079,
      39.18454843141108
     ],
     [
      -76.80137355257483,
      39.18454664523577
     ],
     [
      -76.80137417969304,
      39.18454459126459
     ],
     [
      -76.80137483892678,
      39.18454253734777
     ],
     [
      -76.80137553027603,
      39.184540483485335
     ],
     [
      -76.80137625374081,
      39.184538429677296
     ],
     [
      -76.80137700932113,
      39.184536375923614
     ],
     [
      -76.80137779647923,
      39.18453432222339
     ],
     [
      -76.80137861521514,
      39.18453226857664
     ],
     [
      -76.80137946552884,
      39.184530214983354
     ],
     [
      -76.80138034742033,
      39.18452816144354
     ],
     [
      -76.80138104741799,
      39.18452656899481
     ],
     [
      -76.80138156552182,
      39.18452543763717
     ],
     [
      -76.80138190173187,
      39.184524767370625
     ],
     [
      -76.80138205604813,
      39.184524558195186
     ],
     [
      -76.80138248473277,
      39.18452394044442
     ],
     [
      -76.8013831877858,
      39.18452291411831
     ],
     [
      -76.8013841652072,
      39.184521479216855
     ],
     [
      -76.8013854169969,
      39.18451963574006
     ],
     [
      -76.80138670520871,
      39.18451793612116
     ],
     [
      -76.80138802984266,
      39.18451638036018
     ],
     [
      -76.80138939089872,
      39.18451496845711
     ],
     [
      -76.80139078837689,
      39.18451370041195
     ],
     [
      -76.8013920900168,
      39.1845125536519
     ],
     [
      -76.80139329581847,
      39.18451152817697
     ],
     [
      -76.80139440578189,
      39.184510623987144
     ],
     [
      -76.80139541990708,
      39.18450984108246
     ],
     [
      -76.80139658824979,
      39.184509042597604
     ],
     [
      -76.80139791080998,
      39.18450822853256
     ],
     [
      -76.8013993875877,
      39.184507398887305
     ],
     [
      -76.80140101858288,
      39.18450655366188
     ],
     [
      -76.80140290233719,
      39.18450578892241
     ],
     [
      -76.80140503885058,
      39.184505104668865
     ],
     [
      -76.8014074281231,
      39.18450450090126
     ],
     [
      -76.80141007015473,
      39.184503977619556
     ],
     [
      -76.80141271185197,
      39.18450357395092
     ],
     [
      -76.80141535321485,
      39.18450328989532
     ],
     [
      -76.80141799424337,
      39.18450312545276
     ],
     [
      -76.80142063493756,
      39.18450308062326
     ],
     [
      -76.80142327553965,
      39.18450306873861
     ],
     [
      -76.80142591604965,
      39.184503089798845
     ],
     [
      -76.80142855646757,
      39.18450314380394
     ],
     [
      -76.80143119679343,
      39.18450323075392
     ],
     [
      -76.80143383711857,
      39.18450331795948
     ],
     [
      -76.801436477443,
      39.18450340542067
     ],
     [
      -76.80143911776673,
      39.184503493137456
     ],
     [
      -76.80144175808975,
      39.184503581109844
     ],
     [
      -76.80144439842695,
      39.18450366400911
     ],
     [
      -76.80144703877835,
      39.18450374183524
     ],
     [
      -76.80144967914393,
      39.18450381458825
     ],
     [
      -76.80145231952368,
      39.18450388226813
     ],
     [
      -76.80145495992215,
      39.18450394324757
     ],
     [
      -76.80145760033938,
      39.18450399752656
     ],
     [
      -76.80146024077533,
      39.18450404510509
     ],
     [
      -76.80146288122998,
      39.184504085983185
     ],
     [
      -76.8014655216809,
      39.184504128207415
     ],
     [
      -76.80146816212806,
      39.18450417177778
     ],
     [
      -76.80147080257146,
      39.18450421669429
     ],
     [
      -76.80147344301109,
      39.18450426295693
     ],
     [
      -76.8014760833739,
      39.184504336716124
     ],
     [
      -76.80147872365987,
      39.18450443797184
     ],
     [
      -76.80148136386903,
      39.1845045667241
     ],
     [
      -76.80148400400135,
      39.1845047229729
     ],
     [
      -76.80148664404561,
      39.1845049107462
     ],
     [
      -76.8014892840018,
      39.184505130043966
     ],
     [
      -76.80149192386993,
      39.18450538086623
     ],
     [
      -76.80149456364998,
      39.184505663212974
     ],
     [
      -76.80149720338466,
      39.184505961812896
     ],
     [
      -76.80149984307394,
      39.18450627666603
     ],
     [
      -76.80150248271782,
      39.18450660777235
     ],
     [
      -76.80150512231633,
      39.18450695513188
     ],
     [
      -76.80150776204177,
      39.1845072570688
     ],
     [
      -76.80151040189412,
      39.1845075135831
     ],
     [
      -76.8015130418734,
      39.1845077246748
     ],
     [
      -76.80151568197961,
      39.18450789034389
     ],
     [
      -76.801518322275,
      39.184507988296254
     ],
     [
      -76.80152096275958,
      39.184508018531865
     ],
     [
      -76.80152360343334,
      39.18450798105077
     ],
     [
      -76.80152624429627,
      39.18450787585293
     ],
     [
      -76.80152888521846,
      39.18450774943996
     ],
     [
      -76.8015315261999,
      39.18450760181186
     ],
     [
      -76.80153416724059,
      39.18450743296863
     ],
     [
      -76.80153680834054,
      39.18450724291029
     ],
     [
      -76.80153944936629,
      39.18450707940743
     ],
     [
      -76.80154209031787,
      39.18450694246007
     ],
     [
      -76.80154473119522,
      39.184506832068195
     ],
     [
      -76.80154737199842,
      39.184506748231804
     ],
     [
      -76.80155001264373,
      39.184506720911415
     ],
     [
      -76.80155265313118,
      39.184506750107005
     ],
     [
      -76.80155529346077,
      39.184506835818574
     ],
     [
      -76.80155793363251,
      39.18450697804613
     ],
     [
      -76.80156057372511,
      39.18450714860648
     ],
     [
      -76.8015632137386,
      39.18450734749957
     ],
     [
      -76.80156585367297,
      39.18450757472548
     ],
     [
      -76.80156849352822,
      39.18450783028415
     ],
     [
      -76.80157113345301,
      39.18450806095047
     ],
     [
      -76.80157377344734,
      39.18450826672444
     ],
     [
      -76.80157641351121,
      39.184508447606085
     ],
     [
      -76.80157905364462,
      39.18450860359539
     ],
     [
      -76.80158130186761,
      39.18450873004369
     ],
     [
      -76.80158315818022,
      39.18450882695102
     ],
     [
      -76.80158462258242,
      39.18450889431738
     ],
     [
      -76.8015856950742,
      39.1845089321428
     ],
     [
      -76.80158689139665,
      39.184508974588105
     ],
     [
      -76.80158821154974,
      39.18450902165326
     ],
     [
      -76.8015896555335,
      39.18450907333832
     ],
     [
      -76.80159122334791,
      39.184509129643224
     ],
     [
      -76.80159305926044,
      39.18450920429745
     ],
     [
      -76.80159516327109,
      39.18450929730102
     ],
     [
      -76.80159753537987,
      39.184509408653874
     ],
     [
      -76.80160017558676,
      39.18450953835603
     ],
     [
      -76.80160281582174,
      39.184509658005496
     ],
     [
      -76.80160545608479,
      39.184509767602286
     ],
     [
      -76.80160809637593,
      39.18450986714639
     ],
     [
      -76.80161073669514,
      39.18450995663781
     ],
     [
      -76.80161337709691,
      39.18451001656247
     ],
     [
      -76.80161601758128,
      39.184510046920366
     ],
     [
      -76.80161865814817,
      39.18451004771149
     ],
     [
      -76.80162129879764,
      39.18451001893585
     ],
     [
      -76.80162393950867,
      39.18450996811262
     ],
     [
      -76.80162658028127,
      39.18450989524178
     ],
     [
      -76.8016292211154,
      39.18450980032334
     ],
     [
      -76.80163186201109,
      39.184509683357305
     ],
     [
      -76.80163450288124,
      39.18450957553492
     ],
     [
      -76.80163714372586,
      39.184509476856185
     ],
     [
      -76.80163978454495,
      39.184509387321135
     ],
     [
      -76.80164242533849,
      39.18450930692972
     ],
     [
      -76.80164506600401,
      39.18450927238709
     ],
     [
      -76.80164770654154,
      39.184509283693224
     ],
     [
      -76.80165034695105,
      39.18450934084812
     ],
     [
      -76.80165298723259,
      39.1845094438518
     ],
     [
      -76.80165562743088,
      39.184509576671275
     ],
     [
      -76.80165826754593,
      39.18450973930649
     ],
     [
      -76.80166090757776,
      39.184509931757496
     ],
     [
      -76.80166354752637,
      39.184510154024274
     ],
     [
      -76.80166618746607,
      39.18451037949266
     ],
     [
      -76.80166882739684,
      39.18451060816269
     ],
     [
      -76.8016714673187,
      39.18451084003433
     ],
     [
      -76.80167410723162,
      39.184511075107565
     ],
     [
      -76.80167674715169,
      39.184511307627375
     ],
     [
      -76.80167938707892,
      39.18451153759377
     ],
     [
      -76.80168202701329,
      39.18451176500672
     ],
     [
      -76.80168466695478,
      39.18451198986624
     ],
     [
      -76.80168730683124,
      39.184512238038074
     ],
     [
      -76.80168994664264,
      39.184512509522264
     ],
     [
      -76.80169258638898,
      39.18451280431875
     ],
     [
      -76.80169522607028,
      39.1845131224276
     ],
     [
      -76.80169786565263,
      39.18451347599913
     ],
     [
      -76.80170050513601,
      39.184513865033324
     ],
     [
      -76.80170314452043,
      39.18451428953023
     ],
     [
      -76.80170578380593,
      39.184514749489814
     ],
     [
      -76.80170842319077,
      39.18451517385486
     ],
     [
      -76.80171106267503,
      39.18451556262538
     ],
     [
      -76.80171370225864,
      39.184515915801356
     ],
     [
      -76.80171634194163,
      39.1845162333828
     ],
     [
      -76.80171898172306,
      39.18451651569302
     ],
     [
      -76.80172162160295,
      39.184516762731974
     ],
     [
      -76.80172426158131,
      39.18451697449967
     ],
     [
      -76.80172690165811,
      39.184517150996136
     ],
     [
      -76.80172890475579,
      39.18451728565832
     ],
     [
      -76.80173027087433,
      39.18451737848626
     ],
     [
      -76.80173100001372,
      39.184517429479975
     ],
     [
      -76.80173109217397,
      39.1845174386395
     ],
     [
      -76.80173179821433,
      39.18451750847414
     ],
     [
      -76.80173311813482,
      39.18451763898389
     ],
     [
      -76.80173505193541,
      39.184517830168744
     ],
     [
      -76.80173759961616,
      39.18451808202866
     ],
     [
      -76.8017401704065,
      39.1845183112659
     ],
     [
      -76.80174276430644,
      39.184518517880456
     ],
     [
      -76.80174538131597,
      39.18451870187235
     ],
     [
      -76.8017480214351,
      39.18451886324155
     ],
     [
      -76.80175066159111,
      39.18451901140296
     ],
     [
      -76.80175330178398,
      39.18451914635656
     ],
     [
      -76.80175594201371,
      39.18451926810235
     ],
     [
      -76.8017585822803,
      39.18451937664034
     ],
     [
      -76.8017612225764,
      39.184519474607875
     ],
     [
      -76.80176386290199,
      39.18451956200494
     ],
     [
      -76.8017665032571,
      39.18451963883152
     ],
     [
      -76.80176914364169,
      39.18451970508764
     ],
     [
      -76.80177178401476,
      39.184519775478726
     ],
     [
      -76.80177442437629,
      39.18451985000479
     ],
     [
      -76.8017770647263,
      39.18451992866582
     ],
     [
      -76.80177970506477,
      39.18452001146183
     ],
     [
      -76.80178234531142,
      39.18452012716428
     ],
     [
      -76.8017849854663,
      39.184520275773224
     ],
     [
      -76.80178762552937,
      39.18452045728862
     ],
     [
      -76.80179026550066,
      39.184520671710466
     ],
     [
      -76.80179290538942,
      39.18452091571019
     ],
     [
      -76.8017955451957,
      39.184521189287764
     ],
     [
      -76.80179818491949,
      39.18452149244322
     ],
     [
      -76.80180082456077,
      39.184521825176525
     ],
     [
      -76.80180346422594,
      39.18452214936038
     ],
     [
      -76.80180610391498,
      39.18452246499481
     ],
     [
      -76.80180874362789,
      39.1845227720798
     ],
     [
      -76.80181138336468,
      39.18452307061535
     ],
     [
      -76.80181402322033,
      39.184523326544706
     ],
     [
      -76.80181666319486,
      39.184523539867854
     ],
     [
      -76.80181930328827,
      39.18452371058483
     ],
     [
      -76.80182194350051,
      39.18452383869559
     ],
     [
      -76.8018245837719,
      39.18452394560931
     ],
     [
      -76.80182722410244,
      39.18452403132601
     ],
     [
      -76.80182986449209,
      39.18452409584566
     ],
     [
      -76.80183250494088,
      39.18452413916825
     ],
     [
      -76.80183514542321,
      39.1845241704648
     ],
     [
      -76.80183778593909,
      39.18452418973525
     ],
     [
      -76.80184042648851,
      39.18452419697963
     ],
     [
      -76.80184306707147,
      39.18452419219796
     ],
     [
      -76.80184570754966,
      39.18452422498901
     ],
     [
      -76.80184834792304,
      39.18452429535281
     ],
     [
      -76.80185098819163,
      39.18452440328934
     ],
     [
      -76.80185362835545,
      39.184524548798606
     ],
     [
      -76.80185626848223,
      39.184524707583655
     ],
     [
      -76.80185890857202,
      39.184524879644485
     ],
     [
      -76.80186154862479,
      39.18452506498108
     ],
     [
      -76.80186418864054,
      39.18452526359348
     ],
     [
      -76.80186646639795,
      39.18452543445254
     ],
     [
      -76.801868381897,
      39.18452557755832
     ],
     [
      -76.80186993513769,
      39.18452569291083
     ],
     [
      -76.80187112611999,
      39.184525780510086
     ],
     [
      -76.80187238161294,
      39.18452587473996
     ],
     [
      -76.80187370161651,
      39.18452597560044
     ],
     [
      -76.80187508613072,
      39.18452608309152
     ],
     [
      -76.80187653515556,
      39.18452619721321
     ],
     [
      -76.80187828195852,
      39.1845263215628
     ],
     [
      -76.80188032653963,
      39.18452645614028
     ],
     [
      -76.80188266889888,
      39.18452660094563
     ],
     [
      -76.80188530903628,
      39.18452675597884
     ],
     [
      -76.80188794922162,
      39.18452689382325
     ],
     [
      -76.8018905894549,
      39.18452701447883
     ],
     [
      -76.80189322973612,
      39.18452711794561
     ],
     [
      -76.80189587006528,
      39.184527204223606
     ],
     [
      -76.80189851037535,
      39.18452729734421
     ],
     [
      -76.80190115066638,
      39.18452739730747
     ],
     [
      -76.80190379093831,
      39.18452750411334
     ],
     [
      -76.80190643119118,
      39.18452761776184
     ],
     [
      -76.80190907135697,
      39.18452776264264
     ],
     [
      -76.8019117114357,
      39.18452793875569
     ],
     [
      -76.80191435142734,
      39.18452814610105
     ],
     [
      -76.80191699133194,
      39.18452838467867
     ],
     [
      -76.80191963118382,
      39.18452864216789
     ],
     [
      -76.80192227098298,
      39.1845289185687
     ],
     [
      -76.80192491072945,
      39.1845292138811
     ],
     [
      -76.80192755042323,
      39.184529528105074
     ],
     [
      -76.80193019015734,
      39.184529827866264
     ],
     [
      -76.80193282993179,
      39.18453011316463
     ],
     [
      -76.80193546974658,
      39.18453038400018
     ],
     [
      -76.80193810960172,
      39.18453064037293
     ],
     [
      -76.8019407495663,
      39.184530857491325
     ],
     [
      -76.80194338964033,
      39.184531035355334
     ],
     [
      -76.80194602982381,
      39.18453117396499
     ],
     [
      -76.80194867011673,
      39.18453127332025
     ],
     [
      -76.80195131033003,
      39.18453140123698
     ],
     [
      -76.80195395046371,
      39.18453155771514
     ],
     [
      -76.8019565905178,
      39.18453174275473
     ],
     [
      -76.8019592304923,
      39.18453195635577
     ],
     [
      -76.8019618703282,
      39.184532219673564
     ],
     [
      -76.80196451002557,
      39.184532532708126
     ],
     [
      -76.80196714958436,
      39.184532895459455
     ],
     [
      -76.8019697890046,
      39.18453330792752
     ],
     [
      -76.80197196908992,
      39.18453364109755
     ],
     [
      -76.80197368984032,
      39.18453389496952
     ],
     [
      -76.80197495125577,
      39.18453406954348
     ],
     [
      -76.80197575333628,
      39.184534164819425
     ],
     [
      -76.8019768142994,
      39.18453429125288
     ],
     [
      -76.80197813414514,
      39.184534448843884
     ],
     [
      -76.80197971287353,
      39.18453463759241
     ],
     [
      -76.80198155048456,
      39.18453485749843
     ],
     [
      -76.80198358871253,
      39.184535066486845
     ],
     [
      -76.80198582755746,
      39.184535264557645
     ],
     [
      -76.80198826701937,
      39.184535451710815
     ],
     [
      -76.80199090709822,
      39.18453562794637
     ],
     [
      -76.80199354720347,
      39.18453579471561
     ],
     [
      -76.80199618733512,
      39.18453595201855
     ],
     [
      -76.80199882749316,
      39.1845360998552
     ],
     [
      -76.8020014676776,
      39.18453623822554
     ],
     [
      -76.80200410789507,
      39.18453636474636
     ],
     [
      -76.80200674814557,
      39.18453647941764
     ],
     [
      -76.8020093884291,
      39.18453658223937
     ],
     [
      -76.80201202874566,
      39.18453667321156
     ],
     [
      -76.80201466905481,
      39.184536766842555
     ],
     [
      -76.80201730935657,
      39.18453686313235
     ],
     [
      -76.80201994965093,
      39.18453696208094
     ],
     [
      -76.80202258993786,
      39.18453706368833
     ],
     [
      -76.80202523016109,
      39.18453718816822
     ],
     [
      -76.80202787032059,
      39.184537335520616
     ],
     [
      -76.80203051041636,
      39.1845375057455
     ],
     [
      -76.80203315044842,
      39.18453769884289
     ],
     [
      -76.8020357904944,
      39.184537886945655
     ],
     [
      -76.8020384305543,
      39.18453807005375
     ],
     [
      -76.80204107062816,
      39.18453824816718
     ],
     [
      -76.80204371071594,
      39.184538421285986
     ],
     [
      -76.80204635096801,
      39.18453853543451
     ],
     [
      -76.80204899138442,
      39.18453859061277
     ],
     [
      -76.80205163196514,
      39.18453858682074
     ],
     [
      -76.80205427271017,
      39.184538524058446
     ],
     [
      -76.80205691348593,
      39.18453845026403
     ],
     [
      -76.80205955429241,
      39.1845383654375
     ],
     [
      -76.80206219512962,
      39.18453826957884
     ],
     [
      -76.80206483599756,
      39.18453816268808
     ],
     [
      -76.80206747679874,
      39.18453807975398
     ],
     [
      -76.80207011753319,
      39.1845380207766
     ],
     [
      -76.80207275820088,
      39.18453798575593
     ],
     [
      -76.80207539880183,
      39.18453797469194
     ],
     [
      -76.80207803925622,
      39.18453801623993
     ],
     [
      -76.80208067956403,
      39.18453811039988
     ],
     [
      -76.8020833197253,
      39.18453825717179
     ],
     [
      -76.80208595973998,
      39.1845384565557
     ],
     [
      -76.80208859964068,
      39.184538696874476
     ],
     [
      -76.80209123942737,
      39.1845389781282
     ],
     [
      -76.80209387910003,
      39.18453930031683
     ],
     [
      -76.80209651865869,
      39.18453966344035
     ],
     [
      -76.802099158332,
      39.18453998541848
     ],
     [
      -76.80210179811992,
      39.18454026625122
     ],
     [
      -76.8021044380225,
      39.18454050593854
     ],
     [
      -76.80210707803968,
      39.18454070448047
     ],
     [
      -76.80210971814334,
      39.18454087198565
     ],
     [
      -76.80211235833346,
      39.184541008454055
     ],
     [
      -76.80211499861005,
      39.184541113885714
     ],
     [
      -76.80211763897307,
      39.1845411882806
     ],
     [
      -76.80212027935556,
      39.18454125569171
     ],
     [
      -76.80212291975751,
      39.18454131611905
     ],
     [
      -76.80212556017891,
      39.18454136956263
     ],
     [
      -76.80212820061976,
      39.18454141602244
     ],
     [
      -76.8021301809504,
      39.184541450867265
     ],
     [
      -76.80213150117082,
      39.18454147409713
     ],
     [
      -76.80213216128105,
      39.18454148571205
     ]
    ]
   },
   "properties": {
    "id": "ct-3",
    "kind": "Contour",
    "sourceId": "contours",
    "reliabilityLevel": 1,
    "revision": 1,
    "engineeringGeometry": {
     "crs": "EPSG:2248",
     "crsName": "NAD83 / Maryland State Plane (US survey feet)",
     "datum": "NAD83",
     "unit": "usSurveyFoot",
     "coordinates": [
      [
       1368595.739506892,
       552893.3975002109,
       300
      ],
      [
       1368595.8147902824,
       552893.357432526,
       300
      ],
      [
       1368595.9653570638,
       552893.277297156,
       300
      ],
      [
       1368596.1912072354,
       552893.1570941012,
       300
      ],
      [
       1368596.4923407978,
       552892.9968233616,
       300
      ],
      [
       1368596.9053125214,
       552892.7947455695,
       300
      ],
      [
       1368597.4301224067,
       552892.5508607251,
       300
      ],
      [
       1368598.066770453,
       552892.2651688283,
       300
      ],
      [
       1368598.8152566603,
       552891.9376698794,
       300
      ],
      [
       1368599.5456374378,
       552891.6268665378,
       300
      ],
      [
       1368600.257912785,
       552891.332758804,
       300
      ],
      [
       1368600.952082702,
       552891.0553466775,
       300
      ],
      [
       1368601.6281471886,
       552890.7946301585,
       300
      ],
      [
       1368602.1533009838,
       552890.5912644414,
       300
      ],
      [
       1368602.5275440877,
       552890.4452495258,
       300
      ],
      [
       1368602.7508765003,
       552890.356585412,
       300
      ],
      [
       1368602.823298221,
       552890.3252721,
       300
      ],
      [
       1368603.0647360638,
       552890.2199725597,
       300
      ],
      [
       1368603.475190028,
       552890.0406867915,
       300
      ],
      [
       1368604.054660114,
       552889.787414795,
       300
      ],
      [
       1368604.8031463218,
       552889.4601565707,
       300
      ],
      [
       1368605.5516325296,
       552889.1289848005,
       300
      ],
      [
       1368606.3001187374,
       552888.793899485,
       300
      ],
      [
       1368607.048604945,
       552888.454900624,
       300
      ],
      [
       1368607.7970911523,
       552888.1119882175,
       300
      ],
      [
       1368608.381574199,
       552887.8430533465,
       300
      ],
      [
       1368608.8020540848,
       552887.6480960109,
       300
      ],
      [
       1368609.0585308096,
       552887.5271162109,
       300
      ],
      [
       1368609.1510043736,
       552887.4801139464,
       300
      ],
      [
       1368609.3843627074,
       552887.3591747824,
       300
      ],
      [
       1368609.758605811,
       552887.164298719,
       300
      ],
      [
       1368610.2737336848,
       552886.8954857562,
       300
      ],
      [
       1368610.9297463289,
       552886.552735894,
       300
      ],
      [
       1368611.6088773638,
       552886.2030929602,
       300
      ],
      [
       1368612.3111267895,
       552885.8465569549,
       300
      ],
      [
       1368613.0364946064,
       552885.4831278779,
       300
      ],
      [
       1368613.7849808137,
       552885.1128057294,
       300
      ],
      [
       1368614.366423084,
       552884.8262105688,
       300
      ],
      [
       1368614.7808214168,
       552884.623342396,
       300
      ],
      [
       1368615.0281758117,
       552884.5042012112,
       300
      ],
      [
       1368615.1084862696,
       552884.4687870144,
       300
      ],
      [
       1368615.3357630502,
       552884.3725638604,
       300
      ],
      [
       1368615.7100061541,
       552884.2155317492,
       300
      ],
      [
       1368616.231215581,
       552883.9976906809,
       300
      ],
      [
       1368616.899391331,
       552883.7190406555,
       300
      ],
      [
       1368617.5876446955,
       552883.4450551872,
       300
      ],
      [
       1368618.2959756744,
       552883.175734276,
       300
      ],
      [
       1368619.0243842676,
       552882.9110779219,
       300
      ],
      [
       1368619.7728704752,
       552882.6510861248,
       300
      ],
      [
       1368620.4912295442,
       552882.4036311806,
       300
      ],
      [
       1368621.1794614745,
       552882.1687130894,
       300
      ],
      [
       1368621.837566266,
       552881.9463318512,
       300
      ],
      [
       1368622.465543919,
       552881.736487466,
       300
      ],
      [
       1368622.9666542974,
       552881.5680712631,
       300
      ],
      [
       1368623.3408974013,
       552881.4410832428,
       300
      ],
      [
       1368623.5882732305,
       552881.3555234047,
       300
      ],
      [
       1368623.7087817853,
       552881.311391749,
       300
      ],
      [
       1368623.9862847533,
       552881.1966725743,
       300
      ],
      [
       1368624.4207821344,
       552881.0113658805,
       300
      ],
      [
       1368625.012273929,
       552880.7554716677,
       300
      ],
      [
       1368625.7607601364,
       552880.428989936,
       300
      ],
      [
       1368626.4919720434,
       552880.0896604321,
       300
      ],
      [
       1368627.2059096496,
       552879.737483156,
       300
      ],
      [
       1368627.902572955,
       552879.372458108,
       300
      ],
      [
       1368628.5819619591,
       552878.9945852878,
       300
      ],
      [
       1368629.1087780134,
       552878.6969897405,
       300
      ],
      [
       1368629.4830211173,
       552878.4796714662,
       300
      ],
      [
       1368629.7046912708,
       552878.3426304646,
       300
      ],
      [
       1368629.773788474,
       552878.285866736,
       300
      ],
      [
       1368630.0127329284,
       552878.0738168823,
       300
      ],
      [
       1368630.421524634,
       552877.7064809036,
       300
      ],
      [
       1368631.0001635905,
       552877.1838587999,
       300
      ],
      [
       1368631.7486497979,
       552876.5059505712,
       300
      ],
      [
       1368632.313942924,
       552875.994065837,
       300
      ],
      [
       1368632.696042968,
       552875.6482045975,
       300
      ],
      [
       1368632.8949499305,
       552875.4683668526,
       300
      ],
      [
       1368632.9106638108,
       552875.4545526023,
       300
      ],
      [
       1368633.0722616133,
       552875.2570703627,
       300
      ],
      [
       1368633.379743338,
       552874.8759201335,
       300
      ],
      [
       1368633.8331089849,
       552874.3111019153,
       300
      ],
      [
       1368634.4323585532,
       552873.5626157076,
       300
      ],
      [
       1368634.9151764193,
       552872.9167435485,
       300
      ],
      [
       1368635.281562583,
       552872.3734854377,
       300
      ],
      [
       1368635.5315170442,
       552871.9328413755,
       300
      ],
      [
       1368635.6650398024,
       552871.5948113617,
       300
      ],
      [
       1368635.8116512736,
       552871.2386748029,
       300
      ],
      [
       1368635.9713514578,
       552870.864431699,
       300
      ],
      [
       1368636.1441403544,
       552870.4720820502,
       300
      ],
      [
       1368636.3300179641,
       552870.0616258562,
       300
      ],
      [
       1368636.478463667,
       552869.5666621589,
       300
      ],
      [
       1368636.5894774627,
       552868.9871909581,
       300
      ],
      [
       1368636.663059352,
       552868.3232122539,
       300
      ],
      [
       1368636.6992093339,
       552867.5747260463,
       300
      ],
      [
       1368636.6924540445,
       552866.8262398385,
       300
      ],
      [
       1368636.642793483,
       552866.0777536309,
       300
      ],
      [
       1368636.5502276502,
       552865.3292674233,
       300
      ],
      [
       1368636.4147565453,
       552864.5807812156,
       300
      ],
      [
       1368636.291514095,
       552863.9218203365,
       300
      ],
      [
       1368636.1805002992,
       552863.3523847858,
       300
      ],
      [
       1368636.0817151577,
       552862.8724745637,
       300
      ],
      [
       1368635.995158671,
       552862.4820896701,
       300
      ],
      [
       1368635.913271219,
       552862.0997756714,
       300
      ],
      [
       1368635.836052802,
       552861.7255325676,
       300
      ],
      [
       1368635.7635034202,
       552861.3593603586,
       300
      ],
      [
       1368635.6956230737,
       552861.0012590445,
       300
      ],
      [
       1368635.6006796,
       552860.545561507,
       300
      ],
      [
       1368635.478672999,
       552859.9922677461,
       300
      ],
      [
       1368635.329603271,
       552859.3413777619,
       300
      ],
      [
       1368635.1534704163,
       552858.5928915542,
       300
      ],
      [
       1368634.96823416,
       552857.8444053466,
       300
      ],
      [
       1368634.7738945025,
       552857.095919139,
       300
      ],
      [
       1368634.5704514435,
       552856.3474329312,
       300
      ],
      [
       1368634.3579049832,
       552855.5989467236,
       300
      ],
      [
       1368634.1364075413,
       552854.8504605158,
       300
      ],
      [
       1368633.905959118,
       552854.1019743083,
       300
      ],
      [
       1368633.666559713,
       552853.3534881006,
       300
      ],
      [
       1368633.4182093265,
       552852.6050018929,
       300
      ],
      [
       1368633.2210524967,
       552852.0245669227,
       300
      ],
      [
       1368633.0750892237,
       552851.6121831897,
       300
      ],
      [
       1368632.9803195077,
       552851.3678506942,
       300
      ],
      [
       1368632.9367433484,
       552851.2915694361,
       300
      ],
      [
       1368632.8157194997,
       552851.0663072551,
       300
      ],
      [
       1368632.6172479617,
       552850.6920641512,
       300
      ],
      [
       1368632.341328734,
       552850.1688401245,
       300
      ],
      [
       1368631.987961817,
       552849.496635175,
       300
      ],
      [
       1368631.6241568066,
       552848.8768038397,
       300
      ],
      [
       1368631.2499137027,
       552848.3093461186,
       300
      ],
      [
       1368630.8652325054,
       552847.7942620117,
       300
      ],
      [
       1368630.4701132146,
       552847.331551519,
       300
      ],
      [
       1368630.102063771,
       552846.9130747207,
       300
      ],
      [
       1368629.7610841747,
       552846.538831617,
       300
      ],
      [
       1368629.4471744252,
       552846.2088222075,
       300
      ],
      [
       1368629.1603345228,
       552845.9230464925,
       300
      ],
      [
       1368628.8297930197,
       552845.6315010496,
       300
      ],
      [
       1368628.4555499158,
       552845.3341858789,
       300
      ],
      [
       1368628.0376052111,
       552845.0311009802,
       300
      ],
      [
       1368627.5759589062,
       552844.7222463537,
       300
      ],
      [
       1368627.0426026252,
       552844.442550544,
       300
      ],
      [
       1368626.4375363686,
       552844.1920135511,
       300
      ],
      [
       1368625.7607601364,
       552843.970635375,
       300
      ],
      [
       1368625.012273929,
       552843.7784160157,
       300
      ],
      [
       1368624.2637877213,
       552843.6297624669,
       300
      ],
      [
       1368623.5153015137,
       552843.5246747287,
       300
      ],
      [
       1368622.7668153062,
       552843.463152801,
       300
      ],
      [
       1368622.0183290984,
       552843.4451966841,
       300
      ],
      [
       1368621.2698428906,
       552843.439239859,
       300
      ],
      [
       1368620.5213566828,
       552843.4452823258,
       300
      ],
      [
       1368619.7728704752,
       552843.4633240848,
       300
      ],
      [
       1368619.0243842679,
       552843.4933651355,
       300
      ],
      [
       1368618.2758980603,
       552843.5234993047,
       300
      ],
      [
       1368617.5274118525,
       552843.5537265922,
       300
      ],
      [
       1368616.7789256447,
       552843.5840469981,
       300
      ],
      [
       1368616.030439437,
       552843.6144605221,
       300
      ],
      [
       1368615.281953229,
       552843.6430263203,
       300
      ],
      [
       1368614.5334670213,
       552843.6697443924,
       300
      ],
      [
       1368613.7849808137,
       552843.6946147386,
       300
      ],
      [
       1368613.0364946064,
       552843.7176373588,
       300
      ],
      [
       1368612.2880083988,
       552843.7382195449,
       300
      ],
      [
       1368611.539522191,
       552843.7563612969,
       300
      ],
      [
       1368610.7910359832,
       552843.7720626149,
       300
      ],
      [
       1368610.0425497754,
       552843.7853234989,
       300
      ],
      [
       1368609.2940635676,
       552843.7990746987,
       300
      ],
      [
       1368608.5455773603,
       552843.8133162142,
       300
      ],
      [
       1368607.7970911525,
       552843.8280480457,
       300
      ],
      [
       1368607.048604945,
       552843.843270193,
       300
      ],
      [
       1368606.3001187374,
       552843.8685072269,
       300
      ],
      [
       1368605.5516325296,
       552843.9037591473,
       300
      ],
      [
       1368604.8031463218,
       552843.9490259544,
       300
      ],
      [
       1368604.0546601145,
       552844.004307648,
       300
      ],
      [
       1368603.3061739067,
       552844.0710712959,
       300
      ],
      [
       1368602.5576876989,
       552844.1493168978,
       300
      ],
      [
       1368601.809201491,
       552844.2390444542,
       300
      ],
      [
       1368601.0607152837,
       552844.3402539646,
       300
      ],
      [
       1368600.312229076,
       552844.4473832801,
       300
      ],
      [
       1368599.5637428681,
       552844.5604324008,
       300
      ],
      [
       1368598.8152566603,
       552844.6794013265,
       300
      ],
      [
       1368598.066770453,
       552844.8042900569,
       300
      ],
      [
       1368597.3182842452,
       552844.9126348638,
       300
      ],
      [
       1368596.5697980374,
       552845.0044357466,
       300
      ],
      [
       1368595.8213118296,
       552845.0796927055,
       300
      ],
      [
       1368595.0728256223,
       552845.1384057406,
       300
      ],
      [
       1368594.3243394145,
       552845.1724548244,
       300
      ],
      [
       1368593.5758532067,
       552845.181839957,
       300
      ],
      [
       1368592.8273669991,
       552845.1665611385,
       300
      ],
      [
       1368592.0788807916,
       552845.1266183688,
       300
      ],
      [
       1368591.3303945838,
       552845.07894859,
       300
      ],
      [
       1368590.5819083764,
       552845.023551802,
       300
      ],
      [
       1368589.8334221686,
       552844.9604280051,
       300
      ],
      [
       1368589.0849359608,
       552844.8895771992,
       300
      ],
      [
       1368588.336449753,
       552844.8283985278,
       300
      ],
      [
       1368587.5879635452,
       552844.776891991,
       300
      ],
      [
       1368586.8394773377,
       552844.7350575889,
       300
      ],
      [
       1368586.0909911303,
       552844.7028953213,
       300
      ],
      [
       1368585.3425049228,
       552844.6913174813,
       300
      ],
      [
       1368584.594018715,
       552844.7003240689,
       300
      ],
      [
       1368583.8455325072,
       552844.7299150841,
       300
      ],
      [
       1368583.0970462994,
       552844.7800905268,
       300
      ],
      [
       1368582.3485600916,
       552844.8405854319,
       300
      ],
      [
       1368581.6000738838,
       552844.9113997995,
       300
      ],
      [
       1368580.8515876762,
       552844.9925336294,
       300
      ],
      [
       1368580.1031014689,
       552845.0839869217,
       300
      ],
      [
       1368579.3546152613,
       552845.1663738795,
       300
      ],
      [
       1368578.6061290535,
       552845.2396945028,
       300
      ],
      [
       1368577.8576428457,
       552845.3039487915,
       300
      ],
      [
       1368577.109156638,
       552845.3591367458,
       300
      ],
      [
       1368576.471783331,
       552845.4038067266,
       300
      ],
      [
       1368575.9455229244,
       552845.437958734,
       300
      ],
      [
       1368575.5303754183,
       552845.4615927681,
       300
      ],
      [
       1368575.2263408129,
       552845.4747088288,
       300
      ],
      [
       1368574.8872019583,
       552845.4894312588,
       300
      ],
      [
       1368574.5129588544,
       552845.5057600576,
       300
      ],
      [
       1368574.1036115014,
       552845.5236952257,
       300
      ],
      [
       1368573.6591598992,
       552845.5432367629,
       300
      ],
      [
       1368573.1386996456,
       552845.5692963537,
       300
      ],
      [
       1368572.5422307407,
       552845.6018739981,
       300
      ],
      [
       1368571.8697531843,
       552845.6409696962,
       300
      ],
      [
       1368571.121266977,
       552845.6865834477,
       300
      ],
      [
       1368570.3727807691,
       552845.7285358052,
       300
      ],
      [
       1368569.6242945613,
       552845.7668267684,
       300
      ],
      [
       1368568.8758083535,
       552845.8014563374,
       300
      ],
      [
       1368568.1273221462,
       552845.8324245122,
       300
      ],
      [
       1368567.3788359384,
       552845.8526238222,
       300
      ],
      [
       1368566.6303497306,
       552845.8620542671,
       300
      ],
      [
       1368565.8818635228,
       552845.8607158472,
       300
      ],
      [
       1368565.1333773155,
       552845.8486085625,
       300
      ],
      [
       1368564.3848911077,
       552845.8284710615,
       300
      ],
      [
       1368563.6364049,
       552845.8003033444,
       300
      ],
      [
       1368562.8879186925,
       552845.7641054112,
       300
      ],
      [
       1368562.1394324847,
       552845.719877262,
       300
      ],
      [
       1368561.390946277,
       552845.6789794628,
       300
      ],
      [
       1368560.6424600692,
       552845.6414120139,
       300
      ],
      [
       1368559.8939738616,
       552845.607174915,
       300
      ],
      [
       1368559.1454876543,
       552845.5762681663,
       300
      ],
      [
       1368558.3970014467,
       552845.5620606032,
       300
      ],
      [
       1368557.648515239,
       552845.5645522254,
       300
      ],
      [
       1368556.900029031,
       552845.5837430333,
       300
      ],
      [
       1368556.1515428233,
       552845.6196330269,
       300
      ],
      [
       1368555.4030566155,
       552845.6663826245,
       300
      ],
      [
       1368554.6545704077,
       552845.7239918262,
       300
      ],
      [
       1368553.9060842001,
       552845.7924606322,
       300
      ],
      [
       1368553.1575979928,
       552845.8717890424,
       300
      ],
      [
       1368552.4091117852,
       552845.9522835762,
       300
      ],
      [
       1368551.6606255774,
       552846.0339442341,
       300
      ],
      [
       1368550.9121393696,
       552846.1167710157,
       300
      ],
      [
       1368550.1636531618,
       552846.200763921,
       300
      ],
      [
       1368549.415166954,
       552846.2838268292,
       300
      ],
      [
       1368548.6666807467,
       552846.3659597402,
       300
      ],
      [
       1368547.918194539,
       552846.4471626538,
       300
      ],
      [
       1368547.1697083313,
       552846.5274355703,
       300
      ],
      [
       1368546.4212221238,
       552846.616199389,
       300
      ],
      [
       1368545.672735916,
       552846.7134541103,
       300
      ],
      [
       1368544.9242497082,
       552846.819199734,
       300
      ],
      [
       1368544.1757635009,
       552846.93343626,
       300
      ],
      [
       1368543.427277293,
       552847.0605891229,
       300
      ],
      [
       1368542.6787910853,
       552847.2006583229,
       300
      ],
      [
       1368541.9303048775,
       552847.3536438596,
       300
      ],
      [
       1368541.1818186701,
       552847.5195457331,
       300
      ],
      [
       1368540.4333324623,
       552847.6724832915,
       300
      ],
      [
       1368539.6848462545,
       552847.8124565345,
       300
      ],
      [
       1368538.9363600467,
       552847.9394654621,
       300
      ],
      [
       1368538.1878738394,
       552848.0535100745,
       300
      ],
      [
       1368537.4393876316,
       552848.1547081186,
       300
      ],
      [
       1368536.6909014238,
       552848.2430595948,
       300
      ],
      [
       1368535.942415216,
       552848.3185645026,
       300
      ],
      [
       1368535.1939290087,
       552848.3812228421,
       300
      ],
      [
       1368534.626031689,
       552848.4290364343,
       300
      ],
      [
       1368534.2387232576,
       552848.462005279,
       300
      ],
      [
       1368534.0320037142,
       552848.4801293763,
       300
      ],
      [
       1368534.0058730592,
       552848.483408726,
       300
      ],
      [
       1368533.8056861795,
       552848.5084093038,
       300
      ],
      [
       1368533.4314430756,
       552848.5551311097,
       300
      ],
      [
       1368532.8831437477,
       552848.6235741435,
       300
      ],
      [
       1368532.1607881952,
       552848.7137384051,
       300
      ],
      [
       1368531.4318999788,
       552848.7956488075,
       300
      ],
      [
       1368530.6964790989,
       552848.8693053505,
       300
      ],
      [
       1368529.954525555,
       552848.9347080339,
       300
      ],
      [
       1368529.2060393472,
       552848.9918568577,
       300
      ],
      [
       1368528.4575531394,
       552849.0441951212,
       300
      ],
      [
       1368527.7090669316,
       552849.0917228241,
       300
      ],
      [
       1368526.960580724,
       552849.1344399666,
       300
      ],
      [
       1368526.2120945167,
       552849.1723465489,
       300
      ],
      [
       1368525.4636083092,
       552849.2064031481,
       300
      ],
      [
       1368524.7151221014,
       552849.2366097646,
       300
      ],
      [
       1368523.9666358936,
       552849.2629663984,
       300
      ],
      [
       1368523.2181496858,
       552849.2854730495,
       300
      ],
      [
       1368522.469663478,
       552849.3094857719,
       300
      ],
      [
       1368521.7211772702,
       552849.3350045655,
       300
      ],
      [
       1368520.9726910626,
       552849.3620294305,
       300
      ],
      [
       1368520.2242048553,
       552849.3905603667,
       300
      ],
      [
       1368519.4757186477,
       552849.4310766071,
       300
      ],
      [
       1368518.72723244,
       552849.4835781516,
       300
      ],
      [
       1368517.978746232,
       552849.5480650003,
       300
      ],
      [
       1368517.2302600243,
       552849.6245371532,
       300
      ],
      [
       1368516.4817738167,
       552849.7117822558,
       300
      ],
      [
       1368515.7332876092,
       552849.8098003081,
       300
      ],
      [
       1368514.9848014014,
       552849.9185913102,
       300
      ],
      [
       1368514.236315194,
       552850.0381552619,
       300
      ],
      [
       1368513.4878289863,
       552850.1546053364,
       300
      ],
      [
       1368512.7393427785,
       552850.2679415336,
       300
      ],
      [
       1368511.9908565707,
       552850.3781638534,
       300
      ],
      [
       1368511.2423703633,
       552850.4852722959,
       300
      ],
      [
       1368510.4938841555,
       552850.5768626153,
       300
      ],
      [
       1368509.7453979477,
       552850.6529348117,
       300
      ],
      [
       1368508.99691174,
       552850.7134888849,
       300
      ],
      [
       1368508.2484255326,
       552850.758524835,
       300
      ],
      [
       1368507.4999393248,
       552850.7958403637,
       300
      ],
      [
       1368506.751453117,
       552850.8254354711,
       300
      ],
      [
       1368506.0029669092,
       552850.8473101571,
       300
      ],
      [
       1368505.2544807019,
       552850.8614644218,
       300
      ],
      [
       1368504.505994494,
       552850.8712385385,
       300
      ],
      [
       1368503.7575082865,
       552850.8766325073,
       300
      ],
      [
       1368503.009022079,
       552850.877646328,
       300
      ],
      [
       1368502.2605358711,
       552850.8742800006,
       300
      ],
      [
       1368501.5120496633,
       552850.8845985406,
       300
      ],
      [
       1368500.7635634555,
       552850.9086019481,
       300
      ],
      [
       1368500.015077248,
       552850.9462902228,
       300
      ],
      [
       1368499.2665910407,
       552850.9976633647,
       300
      ],
      [
       1368498.518104833,
       552851.0538718675,
       300
      ],
      [
       1368497.7696186253,
       552851.1149157308,
       300
      ],
      [
       1368497.0211324175,
       552851.1807949548,
       300
      ],
      [
       1368496.2726462097,
       552851.2515095394,
       300
      ],
      [
       1368495.6268663711,
       552851.3123386757,
       300
      ],
      [
       1368495.083792902,
       552851.3632823636,
       300
      ],
      [
       1368494.643425802,
       552851.4043406033,
       300
      ],
      [
       1368494.3057650714,
       552851.4355133945,
       300
      ],
      [
       1368493.949813154,
       552851.4690615111,
       300
      ],
      [
       1368493.5755700502,
       552851.5049849532,
       300
      ],
      [
       1368493.1830357597,
       552851.5432837206,
       300
      ],
      [
       1368492.772210283,
       552851.5839578134,
       300
      ],
      [
       1368492.2769696233,
       552851.6281739416,
       300
      ],
      [
       1368491.6973137811,
       552851.675932105,
       300
      ],
      [
       1368491.033242756,
       552851.7272323038,
       300
      ],
      [
       1368490.2847565482,
       552851.7820745377,
       300
      ],
      [
       1368489.5362703407,
       552851.83065624,
       300
      ],
      [
       1368488.787784133,
       552851.8729774103,
       300
      ],
      [
       1368488.0392979253,
       552851.9090380489,
       300
      ],
      [
       1368487.290811718,
       552851.9388381559,
       300
      ],
      [
       1368486.5423255102,
       552851.9711305258,
       300
      ],
      [
       1368485.7938393024,
       552852.0059151587,
       300
      ],
      [
       1368485.0453530946,
       552852.0431920546,
       300
      ],
      [
       1368484.2968668872,
       552852.0829612137,
       300
      ],
      [
       1368483.5483806795,
       552852.1341059004,
       300
      ],
      [
       1368482.7998944717,
       552852.196626115,
       300
      ],
      [
       1368482.0514082639,
       552852.2705218573,
       300
      ],
      [
       1368481.3029220565,
       552852.3557931276,
       300
      ],
      [
       1368480.5544358487,
       552852.4479524498,
       300
      ],
      [
       1368479.805949641,
       552852.5469998245,
       300
      ],
      [
       1368479.0574634331,
       552852.6529352512,
       300
      ],
      [
       1368478.3089772258,
       552852.7657587304,
       300
      ],
      [
       1368477.560491018,
       552852.8733145472,
       300
      ],
      [
       1368476.8120048104,
       552852.9756027019,
       300
      ],
      [
       1368476.0635186029,
       552853.0726231943,
       300
      ],
      [
       1368475.315032395,
       552853.1643760245,
       300
      ],
      [
       1368474.5665461873,
       552853.2418315442,
       300
      ],
      [
       1368473.8180599795,
       552853.3049897533,
       300
      ],
      [
       1368473.069573772,
       552853.353850652,
       300
      ],
      [
       1368472.3210875646,
       552853.3884142401,
       300
      ],
      [
       1368471.572601357,
       552853.4333805749,
       300
      ],
      [
       1368470.8241151492,
       552853.4887496564,
       300
      ],
      [
       1368470.0756289414,
       552853.5545214844,
       300
      ],
      [
       1368469.3271427336,
       552853.6306960592,
       300
      ],
      [
       1368468.5786565258,
       552853.7249786293,
       300
      ],
      [
       1368467.830170318,
       552853.837369195,
       300
      ],
      [
       1368467.0816841105,
       552853.967867756,
       300
      ],
      [
       1368466.3331979031,
       552854.1164743123,
       300
      ],
      [
       1368465.7149757352,
       552854.2364813087,
       300
      ],
      [
       1368465.2270176068,
       552854.327888745,
       300
      ],
      [
       1368464.8693235184,
       552854.3906966213,
       300
      ],
      [
       1368464.6418934695,
       552854.4249049376,
       300
      ],
      [
       1368464.341056893,
       552854.4703023029,
       300
      ],
      [
       1368463.9668137892,
       552854.526888717,
       300
      ],
      [
       1368463.5191641578,
       552854.5946641802,
       300
      ],
      [
       1368462.9981079989,
       552854.6736286922,
       300
      ],
      [
       1368462.4201943278,
       552854.7484934442,
       300
      ],
      [
       1368461.7854231447,
       552854.8192584361,
       300
      ],
      [
       1368461.0937944492,
       552854.8859236678,
       300
      ],
      [
       1368460.3453082417,
       552854.9484891394,
       300
      ],
      [
       1368459.596822034,
       552855.007606792,
       300
      ],
      [
       1368458.8483358263,
       552855.0632766257,
       300
      ],
      [
       1368458.0998496185,
       552855.1154986401,
       300
      ],
      [
       1368457.3513634112,
       552855.1642728355,
       300
      ],
      [
       1368456.6028772034,
       552855.2087311816,
       300
      ],
      [
       1368455.8543909956,
       552855.2488736784,
       300
      ],
      [
       1368455.1059047878,
       552855.2847003257,
       300
      ],
      [
       1368454.3574185804,
       552855.3162111235,
       300
      ],
      [
       1368453.6089323726,
       552855.3486903381,
       300
      ],
      [
       1368452.8604461649,
       552855.3821379694,
       300
      ],
      [
       1368452.111959957,
       552855.4165540175,
       300
      ],
      [
       1368451.3634737497,
       552855.4519384824,
       300
      ],
      [
       1368450.614987542,
       552855.4956536527,
       300
      ],
      [
       1368449.8665013341,
       552855.5476995287,
       300
      ],
      [
       1368449.1180151263,
       552855.6080761102,
       300
      ],
      [
       1368448.369528919,
       552855.6767833976,
       300
      ],
      [
       1368447.6210427112,
       552855.743671542,
       300
      ],
      [
       1368446.8725565034,
       552855.8087405439,
       300
      ],
      [
       1368446.1240702958,
       552855.8719904032,
       300
      ],
      [
       1368445.3755840883,
       552855.9334211196,
       300
      ],
      [
       1368444.6270978805,
       552855.9733735446,
       300
      ],
      [
       1368443.8786116731,
       552855.9918476783,
       300
      ],
      [
       1368443.1301254653,
       552855.9888435208,
       300
      ],
      [
       1368442.3816392575,
       552855.9643610717,
       300
      ],
      [
       1368441.6331530497,
       552855.9358604953,
       300
      ],
      [
       1368440.884666842,
       552855.9033417917,
       300
      ],
      [
       1368440.1361806344,
       552855.8668049606,
       300
      ],
      [
       1368439.387694427,
       552855.8262500025,
       300
      ],
      [
       1368438.6392082195,
       552855.7944206392,
       300
      ],
      [
       1368437.8907220117,
       552855.7713168709,
       300
      ],
      [
       1368437.1422358039,
       552855.7569386977,
       300
      ],
      [
       1368436.393749596,
       552855.7512861195,
       300
      ],
      [
       1368435.6452633883,
       552855.7647960376,
       300
      ],
      [
       1368434.8967771805,
       552855.7974684521,
       300
      ],
      [
       1368434.148290973,
       552855.849303363,
       300
      ],
      [
       1368433.3998047656,
       552855.9203007703,
       300
      ],
      [
       1368432.651318558,
       552856.0062076227,
       300
      ],
      [
       1368431.9028323502,
       552856.1070239203,
       300
      ],
      [
       1368431.1543461424,
       552856.2227496629,
       300
      ],
      [
       1368430.4058599346,
       552856.3533848508,
       300
      ],
      [
       1368429.657373727,
       552856.4690339714,
       300
      ],
      [
       1368428.9088875195,
       552856.569697025,
       300
      ],
      [
       1368428.1604013117,
       552856.6553740115,
       300
      ],
      [
       1368427.4119151044,
       552856.7260649307,
       300
      ],
      [
       1368426.6634288966,
       552856.785451578,
       300
      ],
      [
       1368425.9149426888,
       552856.8335339534,
       300
      ],
      [
       1368425.166456481,
       552856.8703120567,
       300
      ],
      [
       1368424.4179702736,
       552856.895785888,
       300
      ],
      [
       1368423.6694840658,
       552856.9187160935,
       300
      ],
      [
       1368422.920997858,
       552856.9391026731,
       300
      ],
      [
       1368422.1725116502,
       552856.9569456269,
       300
      ],
      [
       1368421.424025443,
       552856.9722449549,
       300
      ],
      [
       1368420.862660787,
       552856.9837194508,
       300
      ],
      [
       1368420.4884176832,
       552856.9913691148,
       300
      ],
      [
       1368420.3012961312,
       552856.9951939468,
       300
      ]
     ]
    },
    "elevationFt": 300,
    "weight": "index",
    "hidden": false
   }
  },
  {
   "type": "Feature",
   "geometry": {
    "type": "LineString",
    "coordinates": [
     [
      -76.80110742025559,
      39.18461283896744
     ],
     [
      -76.80110772342985,
      39.18461297691426
     ],
     [
      -76.80110832977836,
      39.18461325280791
     ],
     [
      -76.80110923930113,
      39.18461366664837
     ],
     [
      -76.80111045199818,
      39.18461421843565
     ],
     [
      -76.8011117176322,
      39.18461480073773
     ],
     [
      -76.80111303620319,
      39.1846154135546
     ],
     [
      -76.80111440771114,
      39.18461605688626
     ],
     [
      -76.80111583215607,
      39.184616730732735
     ],
     [
      -76.8011175597598,
      39.184617548063564
     ],
     [
      -76.80111959052239,
      39.184618508878756
     ],
     [
      -76.80112192444382,
      39.18461961317831
     ],
     [
      -76.80112456152415,
      39.184620860962184
     ],
     [
      -76.80112662093204,
      39.18462183201065
     ],
     [
      -76.80112810266743,
      39.18462252632373
     ],
     [
      -76.80112900673028,
      39.184622943901466
     ],
     [
      -76.80112933312057,
      39.18462308474384
     ],
     [
      -76.80113015565398,
      39.18462344278027
     ],
     [
      -76.80113147433049,
      39.18462401801071
     ],
     [
      -76.80113328915014,
      39.184624810435174
     ],
     [
      -76.80113560011296,
      39.18462582005359
     ],
     [
      -76.8011379872106,
      39.18462684070907
     ],
     [
      -76.80114045044307,
      39.18462787240159
     ],
     [
      -76.80114298981036,
      39.184628915131164
     ],
     [
      -76.80114560531248,
      39.184629968897774
     ],
     [
      -76.80114757246345,
      39.18463076142994
     ],
     [
      -76.80114889126321,
      39.18463129272769
     ],
     [
      -76.80114956171171,
      39.18463156279103
     ],
     [
      -76.80114958380896,
      39.18463157161999
     ],
     [
      -76.80115025966121,
      39.18463188697733
     ],
     [
      -76.80115158926843,
      39.18463250886305
     ],
     [
      -76.8011535726307,
      39.18463343727709
     ],
     [
      -76.80115620974804,
      39.18463467221946
     ],
     [
      -76.8011585607837,
      39.18463580300124
     ],
     [
      -76.80116062573767,
      39.18463682962245
     ],
     [
      -76.8011624046099,
      39.184637752083084
     ],
     [
      -76.80116389740037,
      39.18463857038318
     ],
     [
      -76.80116501699327,
      39.18463918410824
     ],
     [
      -76.80116576338852,
      39.18463959325826
     ],
     [
      -76.80116613658618,
      39.184639797833285
     ]
    ]
   },
   "properties": {
    "id": "ct-4",
    "kind": "Contour",
    "sourceId": "contours",
    "reliabilityLevel": 1,
    "revision": 1,
    "engineeringGeometry": {
     "crs": "EPSG:2248",
     "crsName": "NAD83 / Maryland State Plane (US survey feet)",
     "datum": "NAD83",
     "unit": "usSurveyFoot",
     "coordinates": [
      [
       1368710.713944707,
       552883.6147713391,
       300
      ],
      [
       1368710.6278986847,
       552883.6648272378,
       300
      ],
      [
       1368710.4558066397,
       552883.7649390353,
       300
      ],
      [
       1368710.1976685724,
       552883.9151067315,
       300
      ],
      [
       1368709.853484483,
       552884.1153303265,
       300
      ],
      [
       1368709.4942708863,
       552884.3266353648,
       300
      ],
      [
       1368709.1200277824,
       552884.5490218464,
       300
      ],
      [
       1368708.7307551715,
       552884.7824897714,
       300
      ],
      [
       1368708.3264530534,
       552885.0270391396,
       300
      ],
      [
       1368707.8361049131,
       552885.3236613236,
       300
      ],
      [
       1368707.25971075,
       552885.6723563233,
       300
      ],
      [
       1368706.5972705649,
       552886.0731241388,
       300
      ],
      [
       1368705.8487843575,
       552886.5259647699,
       300
      ],
      [
       1368705.2642624462,
       552886.8783692953,
       300
      ],
      [
       1368704.843704831,
       552887.1303377149,
       300
      ],
      [
       1368704.5871115127,
       552887.2818700289,
       300
      ],
      [
       1368704.4944824902,
       552887.3329662371,
       300
      ],
      [
       1368704.2610464273,
       552887.4628627036,
       300
      ],
      [
       1368703.8868033234,
       552887.6715594282,
       300
      ],
      [
       1368703.3717531788,
       552887.959056411,
       300
      ],
      [
       1368702.7158959934,
       552888.3253536521,
       300
      ],
      [
       1368702.0384492031,
       552888.6956238246,
       300
      ],
      [
       1368701.339412808,
       552889.0698669285,
       300
      ],
      [
       1368700.618786808,
       552889.4480829637,
       300
      ],
      [
       1368699.876571203,
       552889.8302719302,
       300
      ],
      [
       1368699.318341849,
       552890.1177141677,
       300
      ],
      [
       1368698.944098745,
       552890.3104096759,
       300
      ],
      [
       1368698.7538418917,
       552890.4083584549,
       300
      ],
      [
       1368698.7475712888,
       552890.4115605049,
       300
      ],
      [
       1368698.555746785,
       552890.5260029734,
       300
      ],
      [
       1368698.1783683794,
       552890.7516858605,
       300
      ],
      [
       1368697.615436073,
       552891.0886091662,
       300
      ],
      [
       1368696.8669498651,
       552891.5367728907,
       300
      ],
      [
       1368696.1996378554,
       552891.9471757923,
       300
      ],
      [
       1368695.6135000442,
       552892.3198178712,
       300
      ],
      [
       1368695.1085364306,
       552892.6546991274,
       300
      ],
      [
       1368694.6847470154,
       552892.9518195607,
       300
      ],
      [
       1368694.366904954,
       552893.1746598858,
       300
      ],
      [
       1368694.1550102462,
       552893.3232201026,
       300
      ],
      [
       1368694.0490628923,
       552893.3975002109,
       300
      ]
     ]
    },
    "elevationFt": 300,
    "weight": "index",
    "hidden": false
   }
  },
  {
   "type": "Feature",
   "geometry": {
    "type": "LineString",
    "coordinates": [
     [
      -76.80147570060414,
      39.18464032216689
     ],
     [
      -76.80147512376153,
      39.18464010420328
     ],
     [
      -76.80147397007633,
      39.18463966827604
     ],
     [
      -76.80147223954856,
      39.184639014385155
     ],
     [
      -76.80146993217824,
      39.18463814253061
     ],
     [
      -76.80146754225784,
      39.184637219976636
     ],
     [
      -76.80146506978735,
      39.18463624672328
     ],
     [
      -76.80146251476681,
      39.184635222770474
     ],
     [
      -76.80145987719621,
      39.18463414811828
     ],
     [
      -76.80145782466404,
      39.18463331277925
     ],
     [
      -76.80145635717028,
      39.1846327167535
     ],
     [
      -76.80145547471491,
      39.184632360040986
     ],
     [
      -76.80145517729791,
      39.18463224264173
     ],
     [
      -76.80145436917306,
      39.18463192377089
     ],
     [
      -76.80145305034041,
      39.18463140342843
     ],
     [
      -76.80145122079996,
      39.18463068161433
     ],
     [
      -76.80144888055175,
      39.18462975832861
     ],
     [
      -76.80144646589682,
      39.18462882449164
     ],
     [
      -76.80144397683519,
      39.18462788010344
     ],
     [
      -76.80144141336683,
      39.18462692516401
     ],
     [
      -76.80143877549175,
      39.18462595967335
     ],
     [
      -76.8014366714369,
      39.1846251916718
     ],
     [
      -76.80143510120227,
      39.184624621159415
     ],
     [
      -76.8014340647878,
      39.18462424813617
     ],
     [
      -76.80143356219348,
      39.18462407260213
     ],
     [
      -76.80143265137315,
      39.18462376294899
     ],
     [
      -76.80143133232679,
      39.184623319176694
     ],
     [
      -76.80142960505444,
      39.18462274128529
     ],
     [
      -76.8014274695561,
      39.184622029274735
     ],
     [
      -76.80142520836762,
      39.18462128826809
     ],
     [
      -76.80142282148903,
      39.184620518265426
     ],
     [
      -76.8014203089203,
      39.184619719266685
     ],
     [
      -76.80141767066146,
      39.18461889127184
     ],
     [
      -76.80141529680476,
      39.18461813882938
     ],
     [
      -76.80141318735018,
      39.18461746193931
     ],
     [
      -76.8014113422977,
      39.18461686060161
     ],
     [
      -76.8014097616473,
      39.18461633481635
     ],
     [
      -76.80140831177643,
      39.184615858142095
     ],
     [
      -76.80140699268506,
      39.18461543057892
     ],
     [
      -76.8014058043732,
      39.18461505212677
     ],
     [
      -76.80140474684084,
      39.18461472278568
     ],
     [
      -76.80140329424107,
      39.18461422795602
     ],
     [
      -76.80140144657392,
      39.184613567637804
     ],
     [
      -76.80139920383941,
      39.18461274183099
     ],
     [
      -76.80139656603757,
      39.18461175053556
     ],
     [
      -76.80139417745211,
      39.18461082120609
     ],
     [
      -76.80139203808302,
      39.18460995384256
     ],
     [
      -76.80139014793029,
      39.18460914844499
     ],
     [
      -76.80138850699389,
      39.18460840501343
     ],
     [
      -76.80138702725586,
      39.18460772089184
     ],
     [
      -76.8013857087162,
      39.184607096080285
     ],
     [
      -76.80138455137488,
      39.18460653057873
     ],
     [
      -76.80138355523194,
      39.18460602438719
     ],
     [
      -76.8013821489575,
      39.184605295651465
     ],
     [
      -76.8013803325516,
      39.184604344371536
     ],
     [
      -76.80137810601428,
      39.18460317054736
     ],
     [
      -76.80137546934557,
      39.18460177417895
     ],
     [
      -76.8013734224117,
      39.18460068712889
     ],
     [
      -76.80137196521262,
      39.184599909397235
     ],
     [
      -76.80137109774829,
      39.18459944098399
     ],
     [
      -76.80137082001868,
      39.18459928188918
     ],
     [
      -76.8013700222586,
      39.184598756020314
     ],
     [
      -76.80136870446806,
      39.184597863377405
     ],
     [
      -76.80136686664711,
      39.184596603960415
     ],
     [
      -76.80136450879581,
      39.184594977769315
     ],
     [
      -76.80136258440133,
      39.18459364965311
     ],
     [
      -76.80136109346363,
      39.184592619611756
     ],
     [
      -76.80136003598264,
      39.184591887645304
     ],
     [
      -76.80135941195836,
      39.184591453753775
     ],
     [
      -76.80135844116027,
      39.1845907514383
     ],
     [
      -76.80135712358837,
      39.184589780698886
     ],
     [
      -76.80135545924274,
      39.18458854153546
     ],
     [
      -76.80135344812338,
      39.1845870339481
     ],
     [
      -76.80135173151467,
      39.18458576519195
     ],
     [
      -76.80135030941658,
      39.18458473526704
     ],
     [
      -76.8013491818291,
      39.184583944173404
     ],
     [
      -76.80134834875217,
      39.18458339191102
     ],
     [
      -76.80134727359562,
      39.184582570433484
     ],
     [
      -76.80134595635947,
      39.184581479740785
     ],
     [
      -76.80134439704369,
      39.1845801198329
     ],
     [
      -76.80134259564838,
      39.18457849070985
     ],
     [
      -76.80134110199472,
      39.18457716138581
     ],
     [
      -76.8013399160827,
      39.18457613186078
     ],
     [
      -76.80133903791229,
      39.1845754021348
     ],
     [
      -76.80133846748345,
      39.18457497220785
     ],
     [
      -76.80133771346081,
      39.18457413545189
     ],
     [
      -76.80133677584435,
      39.18457289186692
     ],
     [
      -76.80133565463413,
      39.184571241452936
     ],
     [
      -76.80133434983016,
      39.184569184209955
     ],
     [
      -76.8013333962968,
      39.18456712756189
     ],
     [
      -76.801332794034,
      39.18456507150876
     ],
     [
      -76.80133254304175,
      39.184563016050554
     ],
     [
      -76.80133264332002,
      39.184560961187294
     ],
     [
      -76.80133297843135,
      39.18455890672177
     ],
     [
      -76.80133354837571,
      39.18455685265398
     ],
     [
      -76.80133435315311,
      39.1845547989839
     ],
     [
      -76.80133539276349,
      39.18455274571155
     ],
     [
      -76.8013363617809,
      39.18455089709674
     ],
     [
      -76.80133726020534,
      39.184549253139444
     ],
     [
      -76.80133808803683,
      39.18454781383971
     ],
     [
      -76.80133884527537,
      39.18454657919753
     ],
     [
      -76.80133952859966,
      39.18454544863421
     ],
     [
      -76.80134013800969,
      39.184544422149756
     ],
     [
      -76.80134067350548,
      39.184543499744194
     ],
     [
      -76.80134113508703,
      39.18454268141751
     ],
     [
      -76.8013417041842,
      39.184541554291734
     ],
     [
      -76.801342380797,
      39.184540118366876
     ],
     [
      -76.8013431649254,
      39.18453837364295
     ],
     [
      -76.80134405656939,
      39.18453632011992
     ],
     [
      -76.80134494199122,
      39.18453426658633
     ],
     [
      -76.80134582119089,
      39.18453221304222
     ],
     [
      -76.8013466941684,
      39.18453015948756
     ],
     [
      -76.80134756092376,
      39.18452810592233
     ],
     [
      -76.80134832014384,
      39.18452636431678
     ],
     [
      -76.80134897182865,
      39.18452493467087
     ],
     [
      -76.80134951597819,
      39.18452381698461
     ],
     [
      -76.8013499525925,
      39.18452301125802
     ],
     [
      -76.8013504435069,
      39.18452209509811
     ],
     [
      -76.8013509887214,
      39.18452106850489
     ],
     [
      -76.80135158823599,
      39.18451993147835
     ],
     [
      -76.80135224205065,
      39.18451868401849
     ],
     [
      -76.80135316491506,
      39.18451723539777
     ],
     [
      -76.80135435682918,
      39.184515585616175
     ],
     [
      -76.801355817793,
      39.18451373467368
     ],
     [
      -76.80135754780645,
      39.1845116825703
     ],
     [
      -76.80135891201276,
      39.18451007032665
     ],
     [
      -76.80135991041197,
      39.18450889794272
     ],
     [
      -76.8013605430041,
      39.18450816541854
     ],
     [
      -76.80136080978919,
      39.184507872754125
     ],
     [
      -76.80136142813399,
      39.18450721348486
     ],
     [
      -76.8013623980385,
      39.18450618761077
     ],
     [
      -76.8013637195027,
      39.18450479513183
     ],
     [
      -76.80136539252652,
      39.184503036048035
     ],
     [
      -76.80136689089952,
      39.18450154170875
     ],
     [
      -76.80136821462166,
      39.18450031211398
     ],
     [
      -76.80136936369303,
      39.18449934726373
     ],
     [
      -76.8013703381136,
      39.184498647158016
     ],
     [
      -76.80137172993655,
      39.18449781256169
     ],
     [
      -76.80137353916182,
      39.1844968434747
     ],
     [
      -76.8013757657894,
      39.18449573989707
     ],
     [
      -76.80137840981926,
      39.184494501828766
     ],
     [
      -76.80138054601946,
      39.184493545853876
     ],
     [
      -76.80138217439001,
      39.18449287197247
     ],
     [
      -76.80138329493099,
      39.18449248018455
     ],
     [
      -76.80138390764239,
      39.18449237049011
     ],
     [
      -76.80138487436359,
      39.184492235737736
     ],
     [
      -76.8013861950946,
      39.18449207592737
     ],
     [
      -76.80138786983538,
      39.18449189105901
     ],
     [
      -76.80138989858595,
      39.18449168113266
     ],
     [
      -76.80139208034234,
      39.184491505322754
     ],
     [
      -76.80139441510453,
      39.184491363629284
     ],
     [
      -76.80139690287251,
      39.18449125605223
     ],
     [
      -76.80139954364628,
      39.18449118259159
     ],
     [
      -76.80140218442419,
      39.18449110765747
     ],
     [
      -76.8014048252062,
      39.18449103124984
     ],
     [
      -76.80140746599233,
      39.18449095336873
     ],
     [
      -76.80141010678257,
      39.18449087401413
     ],
     [
      -76.8014127475254,
      39.18449081161309
     ],
     [
      -76.80141538822086,
      39.18449076616558
     ],
     [
      -76.80141802886892,
      39.18449073767162
     ],
     [
      -76.80142066946958,
      39.1844907261312
     ],
     [
      -76.80142330998241,
      39.18449074601893
     ],
     [
      -76.8014259504074,
      39.184490797334824
     ],
     [
      -76.80142859074454,
      39.18449088007883
     ],
     [
      -76.80143123099386,
      39.184490994251
     ],
     [
      -76.80143387116297,
      39.18449113711783
     ],
     [
      -76.80143651125191,
      39.18449130867932
     ],
     [
      -76.80143915126067,
      39.184491508935494
     ],
     [
      -76.80144179118923,
      39.184491737886326
     ],
     [
      -76.80144395906396,
      39.18449192415376
     ],
     [
      -76.80144565488487,
      39.184492067737835
     ],
     [
      -76.80144687865193,
      39.184492168638535
     ],
     [
      -76.80144763036515,
      39.18449222685589
     ],
     [
      -76.80144866622763,
      39.1844923047124
     ],
     [
      -76.80144998623939,
      39.184492402208015
     ],
     [
      -76.80145159040045,
      39.18449251934277
     ],
     [
      -76.80145347871077,
      39.18449265611662
     ],
     [
      -76.80145555503088,
      39.184492778287215
     ],
     [
      -76.8014578193608,
      39.18449288585458
     ],
     [
      -76.80146027170053,
      39.18449297881867
     ],
     [
      -76.80146291205004,
      39.1844930571795
     ],
     [
      -76.80146555242895,
      39.1844931250253
     ],
     [
      -76.80146819283725,
      39.18449318235605
     ],
     [
      -76.80147083327492,
      39.184493229171764
     ],
     [
      -76.80147347374198,
      39.18449326547244
     ],
     [
      -76.80147611415343,
      39.18449332167893
     ],
     [
      -76.80147875450926,
      39.184493397791286
     ],
     [
      -76.80148139480946,
      39.18449349380948
     ],
     [
      -76.80148403505406,
      39.18449360973349
     ],
     [
      -76.80148667518827,
      39.18449376516407
     ],
     [
      -76.80148931521212,
      39.18449396010121
     ],
     [
      -76.80149195512558,
      39.184494194544904
     ],
     [
      -76.8014945949287,
      39.18449446849513
     ],
     [
      -76.80149723470018,
      39.184494753768526
     ],
     [
      -76.80149987444004,
      39.184495050365065
     ],
     [
      -76.80150251414831,
      39.18449535828476
     ],
     [
      -76.80150515382495,
      39.184495677527615
     ],
     [
      -76.80150779364462,
      39.18449594558735
     ],
     [
      -76.80151043360729,
      39.18449616246398
     ],
     [
      -76.801513073713,
      39.184496328157465
     ],
     [
      -76.80151571396169,
      39.184496442667864
     ],
     [
      -76.8015183543348,
      39.18449651265033
     ],
     [
      -76.80152099483232,
      39.184496538104895
     ],
     [
      -76.80152363545422,
      39.184496519031576
     ],
     [
      -76.8015262762005,
      39.18449645543032
     ],
     [
      -76.80152891698368,
      39.18449637862574
     ],
     [
      -76.80153155780376,
      39.18449628861782
     ],
     [
      -76.80153419866068,
      39.18449618540659
     ],
     [
      -76.80153683955449,
      39.184496068991976
     ],
     [
      -76.80153948041288,
      39.184495965254825
     ],
     [
      -76.80154212123584,
      39.184495874195086
     ],
     [
      -76.80154476202338,
      39.18449579581277
     ],
     [
      -76.80154740277551,
      39.1844957301079
     ],
     [
      -76.80155004340482,
      39.18449570837302
     ],
     [
      -76.8015526839113,
      39.184495730608134
     ],
     [
      -76.80155532429497,
      39.184495796813245
     ],
     [
      -76.80155796455581,
      39.184495906988346
     ],
     [
      -76.80156060471244,
      39.18449605448402
     ],
     [
      -76.80156324476485,
      39.184496239300266
     ],
     [
      -76.80156588471301,
      39.18449646143711
     ],
     [
      -76.80156852455694,
      39.18449672089451
     ],
     [
      -76.80157116441183,
      39.18449697644573
     ],
     [
      -76.80157380427762,
      39.18449722809076
     ],
     [
      -76.80157644415436,
      39.18449747582961
     ],
     [
      -76.80157908404203,
      39.184497719662275
     ],
     [
      -76.80158172397897,
      39.18449794585279
     ],
     [
      -76.80158436396522,
      39.184498154401126
     ],
     [
      -76.80158700400074,
      39.18449834530728
     ],
     [
      -76.80158964408554,
      39.184498518571296
     ],
     [
      -76.80159228418565,
      39.18449868636367
     ],
     [
      -76.80159492430104,
      39.184498848684434
     ],
     [
      -76.80159756443173,
      39.184499005533524
     ],
     [
      -76.8016002045777,
      39.184499156910995
     ],
     [
      -76.80160284472622,
      39.18449930738244
     ],
     [
      -76.80160548487729,
      39.18449945694783
     ],
     [
      -76.80160812503088,
      39.1844996056072
     ],
     [
      -76.80161076518702,
      39.18449975336053
     ],
     [
      -76.80161340537305,
      39.18449989041888
     ],
     [
      -76.80161604558893,
      39.1845000167822
     ],
     [
      -76.80161868583468,
      39.18450013245056
     ],
     [
      -76.80162132611032,
      39.18450023742392
     ],
     [
      -76.8016239664933,
      39.18450030395863
     ],
     [
      -76.8016266069836,
      39.18450033205475
     ],
     [
      -76.80162924758123,
      39.18450032171225
     ],
     [
      -76.8016318882862,
      39.184500272931125
     ],
     [
      -76.80163452898596,
      39.18450022601102
     ],
     [
      -76.80163716968052,
      39.18450018095194
     ],
     [
      -76.80163981036988,
      39.18450013775387
     ],
     [
      -76.80164245105404,
      39.184500096416826
     ],
     [
      -76.80164509164386,
      39.184500088866784
     ],
     [
      -76.80164773213936,
      39.18450011510372
     ],
     [
      -76.80165037254052,
      39.184500175127646
     ],
     [
      -76.80165301284737,
      39.18450026893854
     ],
     [
      -76.80165544654763,
      39.184500369870975
     ],
     [
      -76.80165767364127,
      39.184500477924914
     ],
     [
      -76.80165969412832,
      39.1845005931004
     ],
     [
      -76.80166150800876,
      39.18450071539742
     ],
     [
      -76.80166307496633,
      39.18450082127342
     ],
     [
      -76.80166439500098,
      39.18450091072842
     ],
     [
      -76.80166546811274,
      39.184500983762405
     ],
     [
      -76.8016662943016,
      39.18450104037539
     ],
     [
      -76.80166757394426,
      39.18450113341005
     ],
     [
      -76.8016693070407,
      39.184501262866355
     ],
     [
      -76.80167149359096,
      39.184501428744305
     ],
     [
      -76.80167413359503,
      39.184501631043844
     ],
     [
      -76.80167677360542,
      39.18450183108375
     ],
     [
      -76.80167941362214,
      39.184502028863996
     ],
     [
      -76.80168205364517,
      39.184502224384595
     ],
     [
      -76.80168469367453,
      39.18450241764553
     ],
     [
      -76.80168733366762,
      39.18450262390547
     ],
     [
      -76.80168997362443,
      39.1845028431644
     ],
     [
      -76.80169261354499,
      39.184503075422306
     ],
     [
      -76.80169525342927,
      39.18450332067921
     ],
     [
      -76.80169789320664,
      39.184503604248874
     ],
     [
      -76.80170053287709,
      39.18450392613129
     ],
     [
      -76.80170317244061,
      39.18450428632648
     ],
     [
      -76.80170581189725,
      39.18450468483443
     ],
     [
      -76.80170845139175,
      39.18450506978642
     ],
     [
      -76.8017110909241,
      39.184505441182495
     ],
     [
      -76.80171373049431,
      39.1845057990226
     ],
     [
      -76.8017163701024,
      39.18450614330676
     ],
     [
      -76.80171900980476,
      39.184506453816155
     ],
     [
      -76.80172164960142,
      39.18450673055073
     ],
     [
      -76.80172428949234,
      39.1845069735105
     ],
     [
      -76.80172692947755,
      39.18450718269549
     ],
     [
      -76.80172956938745,
      39.18450741887019
     ],
     [
      -76.80173220922205,
      39.18450768203461
     ],
     [
      -76.80173484898134,
      39.18450797218874
     ],
     [
      -76.80173748866534,
      39.184508289332584
     ],
     [
      -76.80173981907951,
      39.18450855806239
     ],
     [
      -76.80174184022388,
      39.18450877837818
     ],
     [
      -76.8017435520984,
      39.184508950279984
     ],
     [
      -76.80174495470308,
      39.18450907376777
     ],
     [
      -76.8017463159885,
      39.18450919256515
     ],
     [
      -76.80174763595461,
      39.18450930667208
     ],
     [
      -76.80174891460146,
      39.184509416088574
     ],
     [
      -76.80175015192903,
      39.18450952081462
     ],
     [
      -76.80175173999939,
      39.184509623576254
     ],
     [
      -76.80175367881257,
      39.18450972437345
     ],
     [
      -76.80175596836855,
      39.18450982320616
     ],
     [
      -76.80175860866737,
      39.1845099200744
     ],
     [
      -76.80176124902167,
      39.18450999705613
     ],
     [
      -76.80176388943147,
      39.1845100541513
     ],
     [
      -76.80176652989677,
      39.18451009135997
     ],
     [
      -76.80176917041753,
      39.184510108682105
     ],
     [
      -76.80177181092412,
      39.18451013109381
     ],
     [
      -76.80177445141649,
      39.18451015859509
     ],
     [
      -76.80177709189468,
      39.184510191185915
     ],
     [
      -76.80177973235867,
      39.18451022886633
     ],
     [
      -76.80178237272908,
      39.184510300082444
     ],
     [
      -76.80178501300594,
      39.184510404834306
     ],
     [
      -76.80178765318925,
      39.18451054312187
     ],
     [
      -76.80179029327901,
      39.18451071494517
     ],
     [
      -76.80179293327852,
      39.18451091912116
     ],
     [
      -76.80179557318779,
      39.184511155649844
     ],
     [
      -76.80179821300682,
      39.18451142453128
     ],
     [
      -76.8018008527356,
      39.18451172576537
     ],
     [
      -76.8018034924924,
      39.18451201696768
     ],
     [
      -76.8018061322772,
      39.18451229813816
     ],
     [
      -76.80180877209003,
      39.18451256927683
     ],
     [
      -76.80181141193083,
      39.18451283038369
     ],
     [
      -76.80181405188016,
      39.18451305260208
     ],
     [
      -76.80181669193796,
      39.18451323593195
     ],
     [
      -76.80181933210427,
      39.18451338037339
     ],
     [
      -76.80182197237907,
      39.18451348592632
     ],
     [
      -76.80182461270324,
      39.1845135737807
     ],
     [
      -76.80182725307678,
      39.184513643936505
     ],
     [
      -76.8018298934997,
      39.184513696393736
     ],
     [
      -76.80183253397199,
      39.18451373115243
     ],
     [
      -76.80183517448788,
      39.18451375028052
     ],
     [
      -76.80183781504736,
      39.18451375377802
     ],
     [
      -76.80184045565045,
      39.184513741644906
     ],
     [
      -76.80184309629712,
      39.184513713881195
     ],
     [
      -76.80184573680732,
      39.18451373504903
     ],
     [
      -76.80184837718106,
      39.1845138051484
     ],
     [
      -76.80185101741831,
      39.1845139241793
     ],
     [
      -76.80185365751912,
      39.18451409214172
     ],
     [
      -76.80185629756794,
      39.18451427874365
     ],
     [
      -76.8018589375648,
      39.184514483985055
     ],
     [
      -76.80186157750968,
      39.18451470786595
     ],
     [
      -76.80186421740261,
      39.18451495038634
     ],
     [
      -76.80186685730963,
      39.18451518785575
     ],
     [
      -76.80186949723077,
      39.18451542027418
     ],
     [
      -76.80187213716599,
      39.18451564764162
     ],
     [
      -76.80187477711533,
      39.18451586995807
     ],
     [
      -76.80187741713766,
      39.18451606610618
     ],
     [
      -76.80188005723298,
      39.1845162360859
     ],
     [
      -76.80188269740127,
      39.18451637989727
     ],
     [
      -76.80188533764255,
      39.18451649754029
     ],
     [
      -76.80188797795877,
      39.18451658831399
     ],
     [
      -76.80189061834992,
      39.18451665221843
     ],
     [
      -76.801893258816,
      39.18451668925353
     ],
     [
      -76.80189589935699,
      39.18451669941933
     ],
     [
      -76.8018985398433,
      39.18451672920042
     ],
     [
      -76.80190118027492,
      39.18451677859681
     ],
     [
      -76.80190382065184,
      39.184516847608485
     ],
     [
      -76.80190646097408,
      39.184516936235454
     ],
     [
      -76.80190888234407,
      39.18451704632248
     ],
     [
      -76.8019110847618,
      39.1845171778696
     ],
     [
      -76.80191306822728,
      39.18451733087684
     ],
     [
      -76.8019148327405,
      39.18451750534417
     ],
     [
      -76.80191637495727,
      39.18451765792329
     ],
     [
      -76.80191769487757,
      39.18451778861421
     ],
     [
      -76.80191879250143,
      39.18451789741694
     ],
     [
      -76.80191966782881,
      39.18451798433148
     ],
     [
      -76.80192098427607,
      39.18451811789368
     ],
     [
      -76.8019227418432,
      39.18451829810352
     ],
     [
      -76.8019249405302,
      39.184518524960964
     ],
     [
      -76.8019275803371,
      39.18451879846604
     ],
     [
      -76.80193022018828,
      39.18451905609046
     ],
     [
      -76.80193286008375,
      39.18451929783421
     ],
     [
      -76.80193550002352,
      39.18451952369734
     ],
     [
      -76.80193814000758,
      39.18451973367981
     ],
     [
      -76.80194078008357,
      39.18451991069072
     ],
     [
      -76.80194342025149,
      39.18452005473003
     ],
     [
      -76.80194606051134,
      39.18452016579777
     ],
     [
      -76.80194870086311,
      39.18452024389393
     ],
     [
      -76.8019513411707,
      39.18452033783393
     ],
     [
      -76.80195398143415,
      39.184520447617786
     ],
     [
      -76.80195662165345,
      39.18452057324548
     ],
     [
      -76.80195926182859,
      39.184520714717
     ],
     [
      -76.80196190184049,
      39.18452091475481
     ],
     [
      -76.80196454168913,
      39.18452117335891
     ],
     [
      -76.80196718137456,
      39.184521490529285
     ],
     [
      -76.80196982089677,
      39.18452186626591
     ],
     [
      -76.80197246042619,
      39.184522239420986
     ],
     [
      -76.80197509996285,
      39.18452260999452
     ],
     [
      -76.80197773950671,
      39.184522977986454
     ],
     [
      -76.80198037905782,
      39.184523343396855
     ],
     [
      -76.80198301865948,
      39.18452369067176
     ],
     [
      -76.80198565831172,
      39.184524019811185
     ],
     [
      -76.80198829801454,
      39.18452433081514
     ],
     [
      -76.80199093776791,
      39.184524623683586
     ],
     [
      -76.80199357758622,
      39.184524893269355
     ],
     [
      -76.80199621746941,
      39.18452513957247
     ],
     [
      -76.80199885741752,
      39.18452536259288
     ],
     [
      -76.80200149743052,
      39.184525562330634
     ],
     [
      -76.80200392692895,
      39.18452573000359
     ],
     [
      -76.80200614591277,
      39.18452586561178
     ],
     [
      -76.80200815438201,
      39.1845259691552
     ],
     [
      -76.80200995233665,
      39.18452604063387
     ],
     [
      -76.80201151138404,
      39.1845261023283
     ],
     [
      -76.80201283152422,
      39.18452615423848
     ],
     [
      -76.80201391275719,
      39.184526196364445
     ],
     [
      -76.80201475508292,
      39.184526228706204
     ],
     [
      -76.80201604691476,
      39.18452627265448
     ],
     [
      -76.80201778825273,
      39.18452632820928
     ],
     [
      -76.80201997909681,
      39.1845263953706
     ],
     [
      -76.80202261944702,
      39.184526474138366
     ],
     [
      -76.80202525975305,
      39.18452656875826
     ],
     [
      -76.80202790001492,
      39.184526679230245
     ],
     [
      -76.80203054023262,
      39.18452680555434
     ],
     [
      -76.80203318040617,
      39.18452694773052
     ],
     [
      -76.80203582056767,
      39.184527094236536
     ],
     [
      -76.8020384607171,
      39.18452724507233
     ],
     [
      -76.80204110085448,
      39.18452740023796
     ],
     [
      -76.80204374097981,
      39.184527559733375
     ],
     [
      -76.80204638121509,
      39.184527679771534
     ],
     [
      -76.80204902156032,
      39.18452776035242
     ],
     [
      -76.80205166201549,
      39.184527801476044
     ],
     [
      -76.80205430258059,
      39.184527803142394
     ],
     [
      -76.80205694319228,
      39.1845277880877
     ],
     [
      -76.80205958385058,
      39.18452775631194
     ],
     [
      -76.80206222455543,
      39.18452770781516
     ],
     [
      -76.80206486530689,
      39.18452764259732
     ],
     [
      -76.80206750605944,
      39.18452757697702
     ],
     [
      -76.80207014681314,
      39.18452751095427
     ],
     [
      -76.80207278756792,
      39.18452744452907
     ],
     [
      -76.80207542832383,
      39.18452737770142
     ],
     [
      -76.80207806895349,
      39.18452735619245
     ],
     [
      -76.80208070945689,
      39.184527380002194
     ],
     [
      -76.80208334983405,
      39.18452744913063
     ],
     [
      -76.80208599008496,
      39.18452756357778
     ],
     [
      -76.80208863019256,
      39.18452772948004
     ],
     [
      -76.80209127015682,
      39.184527946837385
     ],
     [
      -76.80209390997776,
      39.184528215649834
     ],
     [
      -76.80209654965537,
      39.1845285359174
     ],
     [
      -76.80209918934732,
      39.18452885106293
     ],
     [
      -76.80210182905351,
      39.18452916108644
     ],
     [
      -76.80210446877402,
      39.18452946598792
     ],
     [
      -76.8021071085088,
      39.184529765767394
     ],
     [
      -76.80210974832374,
      39.18453003678345
     ],
     [
      -76.8021123882188,
      39.184530279036096
     ],
     [
      -76.80211502819401,
      39.18453049252537
     ],
     [
      -76.80211766824934,
      39.18453067725124
     ],
     [
      -76.80212030833876,
      39.18453084974998
     ],
     [
      -76.80212294846223,
      39.184531010021615
     ],
     [
      -76.80212558861975,
      39.18453115806615
     ],
     [
      -76.80212822881136,
      39.18453129388356
     ],
     [
      -76.80213020895506,
      39.18453139574659
     ],
     [
      -76.80213152905087,
      39.184531463655254
     ],
     [
      -76.80213218909877,
      39.18453149760958
     ]
    ]
   },
   "properties": {
    "id": "ct-5",
    "kind": "Contour",
    "sourceId": "contours",
    "reliabilityLevel": 1,
    "revision": 1,
    "engineeringGeometry": {
     "crs": "EPSG:2248",
     "crsName": "NAD83 / Maryland State Plane (US survey feet)",
     "datum": "NAD83",
     "unit": "usSurveyFoot",
     "coordinates": [
      [
       1368606.30090736,
       552893.3975002109,
       302
      ],
      [
       1368606.4645894289,
       552893.3184688664,
       302
      ],
      [
       1368606.791953567,
       552893.1604061774,
       302
      ],
      [
       1368607.282999774,
       552892.9233121439,
       302
      ],
      [
       1368607.93772805,
       552892.6071867658,
       302
      ],
      [
       1368608.615895809,
       552892.2726465036,
       302
      ],
      [
       1368609.3175030507,
       552891.9196913574,
       302
      ],
      [
       1368610.0425497754,
       552891.5483213271,
       302
      ],
      [
       1368610.7910359832,
       552891.1585364128,
       302
      ],
      [
       1368611.3735000412,
       552890.8555537481,
       302
      ],
      [
       1368611.7899419488,
       552890.6393733333,
       302
      ],
      [
       1368612.0403617069,
       552890.5099951683,
       302
      ],
      [
       1368612.1247593148,
       552890.467419253,
       302
      ],
      [
       1368612.3540796707,
       552890.3517779974,
       302
      ],
      [
       1368612.7283227746,
       552890.1630714017,
       302
      ],
      [
       1368613.2474886263,
       552889.9012994654,
       302
      ],
      [
       1368613.9115772261,
       552889.5664621888,
       302
      ],
      [
       1368614.5967652276,
       552889.2278278255,
       302
      ],
      [
       1368615.3030526312,
       552888.8853963753,
       302
      ],
      [
       1368616.030439437,
       552888.5391678382,
       302
      ],
      [
       1368616.7789256447,
       552888.1891422144,
       302
      ],
      [
       1368617.3759409026,
       552887.9107171695,
       302
      ],
      [
       1368617.8214852107,
       552887.7038927039,
       302
      ],
      [
       1368618.115558569,
       552887.5686688175,
       302
      ],
      [
       1368618.2581609779,
       552887.5050455105,
       302
      ],
      [
       1368618.516583734,
       552887.3928249038,
       302
      ],
      [
       1368618.8908268376,
       552887.2320069976,
       302
      ],
      [
       1368619.380890289,
       552887.0225917918,
       302
      ],
      [
       1368619.986774088,
       552886.7645792866,
       302
      ],
      [
       1368620.6283084895,
       552886.4960833222,
       302
      ],
      [
       1368621.3054934926,
       552886.2171038986,
       302
      ],
      [
       1368622.0183290984,
       552885.9276410157,
       302
      ],
      [
       1368622.7668153057,
       552885.6276946736,
       302
      ],
      [
       1368623.4402953074,
       552885.3551030769,
       302
      ],
      [
       1368624.0387691034,
       552885.1098662256,
       302
      ],
      [
       1368624.5622366932,
       552884.8919841198,
       302
      ],
      [
       1368625.010698077,
       552884.7014567595,
       302
      ],
      [
       1368625.422050321,
       552884.5287360345,
       302
      ],
      [
       1368625.796293425,
       552884.373821945,
       302
      ],
      [
       1368626.1334273887,
       552884.236714491,
       302
      ],
      [
       1368626.4334522125,
       552884.1174136725,
       302
      ],
      [
       1368626.8455923824,
       552883.9380820695,
       302
      ],
      [
       1368627.369847898,
       552883.6987196819,
       302
      ],
      [
       1368628.0062187598,
       552883.3993265099,
       302
      ],
      [
       1368628.7547049671,
       552883.0399025534,
       302
      ],
      [
       1368629.432500217,
       552882.7028942278,
       302
      ],
      [
       1368630.039604509,
       552882.3883015333,
       302
      ],
      [
       1368630.576017843,
       552882.0961244697,
       302
      ],
      [
       1368631.0417402196,
       552881.8263630371,
       302
      ],
      [
       1368631.4617229598,
       552881.5781041496,
       302
      ],
      [
       1368631.8359660637,
       552881.3513478071,
       302
      ],
      [
       1368632.1644695313,
       552881.1460940097,
       302
      ],
      [
       1368632.4472333626,
       552880.9623427575,
       302
      ],
      [
       1368632.846427788,
       552880.697789175,
       302
      ],
      [
       1368633.3620528076,
       552880.3524332624,
       302
      ],
      [
       1368633.994108421,
       552879.9262750194,
       302
      ],
      [
       1368634.7425946286,
       552879.4193144462,
       302
      ],
      [
       1368635.3236718383,
       552879.0246504208,
       302
      ],
      [
       1368635.7373400494,
       552878.7422829431,
       302
      ],
      [
       1368635.9835992628,
       552878.5722120132,
       302
      ],
      [
       1368636.0624494776,
       552878.5144376308,
       302
      ],
      [
       1368636.2889961372,
       552878.3233971713,
       302
      ],
      [
       1368636.6632392409,
       552877.9990906345,
       302
      ],
      [
       1368637.185178789,
       552877.5415180204,
       302
      ],
      [
       1368637.854814782,
       552876.9506793291,
       302
      ],
      [
       1368638.4013486123,
       552876.4681384314,
       302
      ],
      [
       1368638.8247802798,
       552876.0938953278,
       302
      ],
      [
       1368639.1251097848,
       552875.8279500176,
       302
      ],
      [
       1368639.3023371277,
       552875.6703025013,
       302
      ],
      [
       1368639.578072351,
       552875.415103236,
       302
      ],
      [
       1368639.9523154548,
       552875.0623522217,
       302
      ],
      [
       1368640.4250664392,
       552874.6120494584,
       302
      ],
      [
       1368640.996325304,
       552874.0641949462,
       302
      ],
      [
       1368641.4839140633,
       552873.6031461381,
       302
      ],
      [
       1368641.8878327173,
       552873.2289030344,
       302
      ],
      [
       1368642.2080812657,
       552872.9414656347,
       302
      ],
      [
       1368642.4446597083,
       552872.7408339393,
       302
      ],
      [
       1368642.7500704816,
       552872.4422977542,
       302
      ],
      [
       1368643.1243135855,
       552872.0458570794,
       302
      ],
      [
       1368643.5673890198,
       552871.551511915,
       302
      ],
      [
       1368644.079296785,
       552870.959262261,
       302
      ],
      [
       1368644.503735688,
       552870.4760158821,
       302
      ],
      [
       1368644.84070573,
       552870.1017727783,
       302
      ],
      [
       1368645.09020691,
       552869.8365329496,
       302
      ],
      [
       1368645.2522392282,
       552869.6802963958,
       302
      ],
      [
       1368645.4666348048,
       552869.3759974287,
       302
      ],
      [
       1368645.733393639,
       552868.9236360481,
       302
      ],
      [
       1368646.0525157314,
       552868.3232122539,
       302
      ],
      [
       1368646.4240010818,
       552867.5747260463,
       302
      ],
      [
       1368646.6959161623,
       552866.8262398385,
       302
      ],
      [
       1368646.8682609736,
       552866.0777536309,
       302
      ],
      [
       1368646.9410355152,
       552865.3292674233,
       302
      ],
      [
       1368646.914239787,
       552864.5807812156,
       302
      ],
      [
       1368646.8208788554,
       552863.8322950079,
       302
      ],
      [
       1368646.6609527203,
       552863.0838088003,
       302
      ],
      [
       1368646.4344613813,
       552862.3353225926,
       302
      ],
      [
       1368646.1414048388,
       552861.5868363848,
       302
      ],
      [
       1368645.868196082,
       552860.9129342991,
       302
      ],
      [
       1368645.614835112,
       552860.313616335,
       302
      ],
      [
       1368645.3813219275,
       552859.788882493,
       302
      ],
      [
       1368645.1676565295,
       552859.3387327727,
       302
      ],
      [
       1368644.974860089,
       552858.9265363608,
       302
      ],
      [
       1368644.802932606,
       552858.552293257,
       302
      ],
      [
       1368644.6518740808,
       552858.2160034613,
       302
      ],
      [
       1368644.521684513,
       552857.9176669739,
       302
      ],
      [
       1368644.3612637178,
       552857.5067930564,
       302
      ],
      [
       1368644.170611695,
       552856.9833817089,
       302
      ],
      [
       1368643.9497284442,
       552856.3474329312,
       302
      ],
      [
       1368643.6986139657,
       552855.5989467236,
       302
      ],
      [
       1368643.4492631909,
       552854.8504605158,
       302
      ],
      [
       1368643.20167612,
       552854.1019743083,
       302
      ],
      [
       1368642.9558527526,
       552853.3534881006,
       302
      ],
      [
       1368642.711793089,
       552852.6050018929,
       302
      ],
      [
       1368642.4979677168,
       552851.9702042732,
       302
      ],
      [
       1368642.314376636,
       552851.4490952414,
       302
      ],
      [
       1368642.1610198466,
       552851.0416747975,
       302
      ],
      [
       1368642.0378973484,
       552850.7479429416,
       302
      ],
      [
       1368641.8994706667,
       552850.4139554617,
       302
      ],
      [
       1368641.745739801,
       552850.0397123578,
       302
      ],
      [
       1368641.5767047517,
       552849.62521363,
       302
      ],
      [
       1368641.3923655185,
       552849.1704592783,
       302
      ],
      [
       1368641.1319218487,
       552848.6422719626,
       302
      ],
      [
       1368640.7953737425,
       552848.0406516829,
       302
      ],
      [
       1368640.3827212,
       552847.3655984391,
       302
      ],
      [
       1368639.8939642205,
       552846.6171122316,
       302
      ],
      [
       1368639.5085489873,
       552846.0290578062,
       302
      ],
      [
       1368639.2264755003,
       552845.6014351633,
       302
      ],
      [
       1368639.047743759,
       552845.3342443028,
       302
      ],
      [
       1368638.9723537636,
       552845.2274852247,
       302
      ],
      [
       1368638.7976024554,
       552844.9869841337,
       302
      ],
      [
       1368638.5234898336,
       552844.61274103,
       302
      ],
      [
       1368638.150015899,
       552844.1047559134,
       302
      ],
      [
       1368637.6771806509,
       552843.4630287837,
       302
      ],
      [
       1368637.253641475,
       552842.9178348907,
       302
      ],
      [
       1368636.879398371,
       552842.469174234,
       302
      ],
      [
       1368636.5544513394,
       552842.1170468138,
       302
      ],
      [
       1368636.27880038,
       552841.8614526301,
       302
      ],
      [
       1368635.8849406082,
       552841.5566167072,
       302
      ],
      [
       1368635.3728720243,
       552841.2025390451,
       302
      ],
      [
       1368634.7425946286,
       552840.7992196438,
       302
      ],
      [
       1368633.9941084213,
       552840.3466585035,
       302
      ],
      [
       1368633.389346245,
       552839.9971549273,
       302
      ],
      [
       1368632.9283081004,
       552839.7507089153,
       302
      ],
      [
       1368632.6109939872,
       552839.6073204675,
       302
      ],
      [
       1368632.437403906,
       552839.5669895839,
       302
      ],
      [
       1368632.1634873133,
       552839.5173137423,
       302
      ],
      [
       1368631.7892442094,
       552839.458292943,
       302
      ],
      [
       1368631.3146745944,
       552839.3899271855,
       302
      ],
      [
       1368630.739778468,
       552839.3122164701,
       302
      ],
      [
       1368630.1214848214,
       552839.2468373344,
       302
      ],
      [
       1368629.4597936545,
       552839.1937897782,
       302
      ],
      [
       1368628.7547049671,
       552839.1530738015,
       302
      ],
      [
       1368628.0062187598,
       552839.1246894046,
       302
      ],
      [
       1368627.257732552,
       552839.0957683504,
       302
      ],
      [
       1368626.5092463442,
       552839.0663106388,
       302
      ],
      [
       1368625.7607601364,
       552839.03631627,
       302
      ],
      [
       1368625.012273929,
       552839.0057852438,
       302
      ],
      [
       1368624.2637877213,
       552838.9814291067,
       302
      ],
      [
       1368623.5153015137,
       552838.9632478583,
       302
      ],
      [
       1368622.7668153062,
       552838.9512414989,
       302
      ],
      [
       1368622.0183290984,
       552838.9454100284,
       302
      ],
      [
       1368621.2698428906,
       552838.9510254231,
       302
      ],
      [
       1368620.5213566828,
       552838.9680876827,
       302
      ],
      [
       1368619.7728704752,
       552838.9965968077,
       302
      ],
      [
       1368619.0243842679,
       552839.0365527978,
       302
      ],
      [
       1368618.2758980603,
       552839.08696006,
       302
      ],
      [
       1368617.5274118525,
       552839.1478185945,
       302
      ],
      [
       1368616.7789256447,
       552839.219128401,
       302
      ],
      [
       1368616.030439437,
       552839.3008894798,
       302
      ],
      [
       1368615.4157937586,
       552839.3673954239,
       302
      ],
      [
       1368614.9349886095,
       552839.4186462334,
       302
      ],
      [
       1368614.58802399,
       552839.4546419083,
       302
      ],
      [
       1368614.3748998998,
       552839.4753824483,
       302
      ],
      [
       1368614.0812163027,
       552839.5031007929,
       302
      ],
      [
       1368613.7069731988,
       552839.5377969418,
       302
      ],
      [
       1368613.2521705881,
       552839.5794708951,
       302
      ],
      [
       1368612.716808471,
       552839.628122653,
       302
      ],
      [
       1368612.1281653307,
       552839.6713397083,
       302
      ],
      [
       1368611.4862411683,
       552839.7091220609,
       302
      ],
      [
       1368610.7910359832,
       552839.7414697112,
       302
      ],
      [
       1368610.0425497754,
       552839.7683826591,
       302
      ],
      [
       1368609.2940635676,
       552839.7914658131,
       302
      ],
      [
       1368608.5455773603,
       552839.8107191732,
       302
      ],
      [
       1368607.7970911525,
       552839.8261427395,
       302
      ],
      [
       1368607.048604945,
       552839.8377365121,
       302
      ],
      [
       1368606.3001187374,
       552839.8565804643,
       302
      ],
      [
       1368605.5516325296,
       552839.8826745963,
       302
      ],
      [
       1368604.8031463218,
       552839.9160189081,
       302
      ],
      [
       1368604.0546601145,
       552839.9566133997,
       302
      ],
      [
       1368603.3061739067,
       552840.0115970969,
       302
      ],
      [
       1368602.5576876989,
       552840.0809699999,
       302
      ],
      [
       1368601.809201491,
       552840.1647321084,
       302
      ],
      [
       1368601.0607152837,
       552840.2628834227,
       302
      ],
      [
       1368600.312229076,
       552840.3651589085,
       302
      ],
      [
       1368599.5637428681,
       552840.471558566,
       302
      ],
      [
       1368598.8152566603,
       552840.5820823953,
       302
      ],
      [
       1368598.066770453,
       552840.6967303962,
       302
      ],
      [
       1368597.3182842452,
       552840.7927363646,
       302
      ],
      [
       1368596.5697980374,
       552840.8701003006,
       302
      ],
      [
       1368595.8213118296,
       552840.928822204,
       302
      ],
      [
       1368595.0728256223,
       552840.9689020748,
       302
      ],
      [
       1368594.3243394145,
       552840.9927638925,
       302
      ],
      [
       1368593.5758532067,
       552841.0004076569,
       302
      ],
      [
       1368592.8273669991,
       552840.9918333681,
       302
      ],
      [
       1368592.0788807916,
       552840.9670410259,
       302
      ],
      [
       1368591.3303945838,
       552840.9374397502,
       302
      ],
      [
       1368590.5819083764,
       552840.9030295408,
       302
      ],
      [
       1368589.8334221686,
       552840.8638103977,
       302
      ],
      [
       1368589.0849359608,
       552840.8197823211,
       302
      ],
      [
       1368588.336449753,
       552840.7803716734,
       302
      ],
      [
       1368587.5879635452,
       552840.7455784547,
       302
      ],
      [
       1368586.8394773377,
       552840.7154026651,
       302
      ],
      [
       1368586.0909911303,
       552840.6898443045,
       302
      ],
      [
       1368585.3425049228,
       552840.6803008363,
       302
      ],
      [
       1368584.594018715,
       552840.6867722607,
       302
      ],
      [
       1368583.8455325072,
       552840.7092585776,
       302
      ],
      [
       1368583.0970462994,
       552840.7477597868,
       302
      ],
      [
       1368582.3485600916,
       552840.7998540193,
       302
      ],
      [
       1368581.6000738838,
       552840.865541275,
       302
      ],
      [
       1368580.8515876762,
       552840.9448215538,
       302
      ],
      [
       1368580.1031014689,
       552841.0376948558,
       302
      ],
      [
       1368579.3546152613,
       552841.1291454581,
       302
      ],
      [
       1368578.6061290535,
       552841.2191733608,
       302
      ],
      [
       1368577.8576428457,
       552841.307778564,
       302
      ],
      [
       1368577.109156638,
       552841.3949610675,
       302
      ],
      [
       1368576.3606704304,
       552841.4757179157,
       302
      ],
      [
       1368575.6121842228,
       552841.5500491085,
       302
      ],
      [
       1368574.863698015,
       552841.6179546459,
       302
      ],
      [
       1368574.1152118077,
       552841.6794345279,
       302
      ],
      [
       1368573.3667255999,
       552841.7389215386,
       302
      ],
      [
       1368572.618239392,
       552841.7964156778,
       302
      ],
      [
       1368571.8697531843,
       552841.8519169457,
       302
      ],
      [
       1368571.121266977,
       552841.9054253421,
       302
      ],
      [
       1368570.3727807691,
       552841.9586037609,
       302
      ],
      [
       1368569.6242945613,
       552842.011452202,
       302
      ],
      [
       1368568.8758083535,
       552842.0639706654,
       302
      ],
      [
       1368568.1273221462,
       552842.1161591511,
       302
      ],
      [
       1368567.3788359384,
       552842.164452299,
       302
      ],
      [
       1368566.6303497306,
       552842.208850109,
       302
      ],
      [
       1368565.8818635228,
       552842.2493525812,
       302
      ],
      [
       1368565.1333773155,
       552842.2859597156,
       302
      ],
      [
       1368564.3848911077,
       552842.3085666529,
       302
      ],
      [
       1368563.6364049,
       552842.3171733934,
       302
      ],
      [
       1368562.8879186925,
       552842.311779937,
       302
      ],
      [
       1368562.1394324847,
       552842.2923862836,
       302
      ],
      [
       1368561.390946277,
       552842.2736704783,
       302
      ],
      [
       1368560.6424600692,
       552842.2556325209,
       302
      ],
      [
       1368559.8939738616,
       552842.2382724115,
       302
      ],
      [
       1368559.1454876543,
       552842.2215901503,
       302
      ],
      [
       1368558.3970014467,
       552842.2172138988,
       302
      ],
      [
       1368557.648515239,
       552842.2251436572,
       302
      ],
      [
       1368556.900029031,
       552842.2453794255,
       302
      ],
      [
       1368556.1515428233,
       552842.2779212035,
       302
      ],
      [
       1368555.461614952,
       552842.3131840508,
       302
      ],
      [
       1368554.8302454166,
       552842.3511679672,
       302
      ],
      [
       1368554.2574342177,
       552842.3918729527,
       302
      ],
      [
       1368553.7431813553,
       552842.4352990073,
       302
      ],
      [
       1368553.298933372,
       552842.4728962576,
       302
      ],
      [
       1368552.924690268,
       552842.5046647036,
       302
      ],
      [
       1368552.6204520436,
       552842.5306043454,
       302
      ],
      [
       1368552.3862186987,
       552842.5507151828,
       302
      ],
      [
       1368552.023422138,
       552842.5838123055,
       302
      ],
      [
       1368551.5320623617,
       552842.6298957136,
       302
      ],
      [
       1368550.9121393696,
       552842.6889654069,
       302
      ],
      [
       1368550.1636531618,
       552842.7610213854,
       302
      ],
      [
       1368549.415166954,
       552842.8322543694,
       302
      ],
      [
       1368548.6666807467,
       552842.902664359,
       302
      ],
      [
       1368547.918194539,
       552842.9722513539,
       302
      ],
      [
       1368547.1697083313,
       552843.0410153543,
       302
      ],
      [
       1368546.4212221238,
       552843.1145139035,
       302
      ],
      [
       1368545.672735916,
       552843.1927470014,
       302
      ],
      [
       1368544.9242497082,
       552843.2757146481,
       302
      ],
      [
       1368544.1757635009,
       552843.3634168435,
       302
      ],
      [
       1368543.427277293,
       552843.4650734379,
       302
      ],
      [
       1368542.6787910853,
       552843.5806844314,
       302
      ],
      [
       1368541.9303048775,
       552843.7102498239,
       302
      ],
      [
       1368541.1818186701,
       552843.8537696154,
       302
      ],
      [
       1368540.4333324623,
       552843.9923520467,
       302
      ],
      [
       1368539.6848462545,
       552844.1259971176,
       302
      ],
      [
       1368538.9363600467,
       552844.2547048283,
       302
      ],
      [
       1368538.1878738394,
       552844.3784751786,
       302
      ],
      [
       1368537.4393876316,
       552844.489944002,
       302
      ],
      [
       1368536.6909014238,
       552844.5891112983,
       302
      ],
      [
       1368535.942415216,
       552844.6759770678,
       302
      ],
      [
       1368535.1939290087,
       552844.7505413102,
       302
      ],
      [
       1368534.4454428009,
       552844.8349358421,
       302
      ],
      [
       1368533.696956593,
       552844.9291606632,
       302
      ],
      [
       1368532.9484703855,
       552845.0332157738,
       302
      ],
      [
       1368532.199984178,
       552845.1471011738,
       302
      ],
      [
       1368531.5392007832,
       552845.2435435767,
       302
      ],
      [
       1368530.966120202,
       552845.3225429824,
       302
      ],
      [
       1368530.4807424336,
       552845.384099391,
       302
      ],
      [
       1368530.0830674786,
       552845.4282128026,
       302
      ],
      [
       1368529.697108449,
       552845.4706433,
       302
      ],
      [
       1368529.3228653453,
       552845.5113908832,
       302
      ],
      [
       1368528.9603381671,
       552845.5504555522,
       302
      ],
      [
       1368528.6095269143,
       552845.587837307,
       302
      ],
      [
       1368528.159296923,
       552845.6242876713,
       302
      ],
      [
       1368527.609648193,
       552845.6598066452,
       302
      ],
      [
       1368526.960580724,
       552845.6943942286,
       302
      ],
      [
       1368526.2120945167,
       552845.7280504215,
       302
      ],
      [
       1368525.4636083092,
       552845.7544635118,
       302
      ],
      [
       1368524.7151221014,
       552845.7736334996,
       302
      ],
      [
       1368523.9666358936,
       552845.7855603849,
       302
      ],
      [
       1368523.2181496858,
       552845.7902441674,
       302
      ],
      [
       1368522.469663478,
       552845.7967817076,
       302
      ],
      [
       1368521.7211772702,
       552845.8051730047,
       302
      ],
      [
       1368520.9726910626,
       552845.8154180595,
       302
      ],
      [
       1368520.2242048553,
       552845.8275168713,
       302
      ],
      [
       1368519.4757186477,
       552845.8518301767,
       302
      ],
      [
       1368518.72723244,
       552845.8883579754,
       302
      ],
      [
       1368517.978746232,
       552845.9371002675,
       302
      ],
      [
       1368517.2302600243,
       552845.9980570532,
       302
      ],
      [
       1368516.4817738167,
       552846.0707974505,
       302
      ],
      [
       1368515.7332876092,
       552846.1553214595,
       302
      ],
      [
       1368514.9848014014,
       552846.2516290804,
       302
      ],
      [
       1368514.236315194,
       552846.3597203131,
       302
      ],
      [
       1368513.4878289863,
       552846.464157753,
       302
      ],
      [
       1368512.7393427785,
       552846.5649414002,
       302
      ],
      [
       1368511.9908565707,
       552846.6620712547,
       302
      ],
      [
       1368511.2423703633,
       552846.7555473164,
       302
      ],
      [
       1368510.4938841555,
       552846.8348593316,
       302
      ],
      [
       1368509.7453979477,
       552846.9000073002,
       302
      ],
      [
       1368508.99691174,
       552846.9509912224,
       302
      ],
      [
       1368508.2484255326,
       552846.987811098,
       302
      ],
      [
       1368507.4999393248,
       552847.0181847769,
       302
      ],
      [
       1368506.751453117,
       552847.042112259,
       302
      ],
      [
       1368506.0029669092,
       552847.0595935442,
       302
      ],
      [
       1368505.2544807019,
       552847.0706286329,
       302
      ],
      [
       1368504.505994494,
       552847.0759707246,
       302
      ],
      [
       1368503.7575082865,
       552847.0756198193,
       302
      ],
      [
       1368503.009022079,
       552847.0695759172,
       302
      ],
      [
       1368502.2605358711,
       552847.0578390183,
       302
      ],
      [
       1368501.5120496633,
       552847.0639241169,
       302
      ],
      [
       1368500.7635634555,
       552847.0878312133,
       302
      ],
      [
       1368500.015077248,
       552847.1295603071,
       302
      ],
      [
       1368499.2665910407,
       552847.1891113988,
       302
      ],
      [
       1368498.518104833,
       552847.2554514378,
       302
      ],
      [
       1368497.7696186253,
       552847.3285804243,
       302
      ],
      [
       1368497.0211324175,
       552847.4084983583,
       302
      ],
      [
       1368496.2726462097,
       552847.49520524,
       302
      ],
      [
       1368495.524160002,
       552847.5800724596,
       302
      ],
      [
       1368494.775673794,
       552847.6631000176,
       302
      ],
      [
       1368494.0271875865,
       552847.7442879138,
       302
      ],
      [
       1368493.2787013792,
       552847.8236361481,
       302
      ],
      [
       1368492.5302151716,
       552847.8934532935,
       302
      ],
      [
       1368491.7817289638,
       552847.9537393495,
       302
      ],
      [
       1368491.033242756,
       552848.0044943166,
       302
      ],
      [
       1368490.2847565482,
       552848.0457181947,
       302
      ],
      [
       1368489.5362703407,
       552848.0771556839,
       302
      ],
      [
       1368488.787784133,
       552848.0988067844,
       302
      ],
      [
       1368488.0392979253,
       552848.1106714963,
       302
      ],
      [
       1368487.290811718,
       552848.1127498196,
       302
      ],
      [
       1368486.5423255102,
       552848.1219724983,
       302
      ],
      [
       1368485.7938393024,
       552848.1383395323,
       302
      ],
      [
       1368485.0453530946,
       552848.1618509218,
       302
      ],
      [
       1368484.2968668872,
       552848.1925066668,
       302
      ],
      [
       1368483.610427132,
       552848.2311133172,
       302
      ],
      [
       1368482.9860338294,
       552848.2776708729,
       302
      ],
      [
       1368482.4236869793,
       552848.3321793341,
       302
      ],
      [
       1368481.923386582,
       552848.3946387008,
       302
      ],
      [
       1368481.4861148312,
       552848.4492626578,
       302
      ],
      [
       1368481.1118717273,
       552848.4960512052,
       302
      ],
      [
       1368480.8006572702,
       552848.535004343,
       302
      ],
      [
       1368480.55247146,
       552848.5661220712,
       302
      ],
      [
       1368480.1792105506,
       552848.6139585472,
       302
      ],
      [
       1368479.6808745414,
       552848.6785137712,
       302
      ],
      [
       1368479.0574634331,
       552848.7597877429,
       302
      ],
      [
       1368478.3089772258,
       552848.8577804622,
       302
      ],
      [
       1368477.560491018,
       552848.9499891121,
       302
      ],
      [
       1368476.8120048104,
       552849.0364136923,
       302
      ],
      [
       1368476.0635186029,
       552849.1170542027,
       302
      ],
      [
       1368475.315032395,
       552849.1919106435,
       302
      ],
      [
       1368474.5665461873,
       552849.2547581072,
       302
      ],
      [
       1368473.8180599795,
       552849.3055965942,
       302
      ],
      [
       1368473.069573772,
       552849.3444261041,
       302
      ],
      [
       1368472.3210875646,
       552849.3712466371,
       302
      ],
      [
       1368471.572601357,
       552849.4038378795,
       302
      ],
      [
       1368470.8241151492,
       552849.4421998315,
       302
      ],
      [
       1368470.0756289414,
       552849.486332493,
       302
      ],
      [
       1368469.3271427336,
       552849.536235864,
       302
      ],
      [
       1368468.5786565258,
       552849.6074704252,
       302
      ],
      [
       1368467.830170318,
       552849.7000361762,
       302
      ],
      [
       1368467.0816841105,
       552849.8139331174,
       302
      ],
      [
       1368466.3331979031,
       552849.9491612486,
       302
      ],
      [
       1368465.5847116956,
       552850.0834491381,
       302
      ],
      [
       1368464.8362254878,
       552850.2167967856,
       302
      ],
      [
       1368464.08773928,
       552850.3492041915,
       302
      ],
      [
       1368463.3392530722,
       552850.4806713555,
       302
      ],
      [
       1368462.5907668644,
       552850.6055331855,
       302
      ],
      [
       1368461.842280657,
       552850.7237896816,
       302
      ],
      [
       1368461.0937944492,
       552850.8354408436,
       302
      ],
      [
       1368460.3453082417,
       552850.9404866719,
       302
      ],
      [
       1368459.596822034,
       552851.0370524421,
       302
      ],
      [
       1368458.8483358263,
       552851.1251381545,
       302
      ],
      [
       1368458.0998496185,
       552851.204743809,
       302
      ],
      [
       1368457.3513634112,
       552851.2758694056,
       302
      ],
      [
       1368456.6625742314,
       552851.3354457768,
       302
      ],
      [
       1368456.0334820796,
       552851.3834729227,
       302
      ],
      [
       1368455.4640869559,
       552851.4199508433,
       302
      ],
      [
       1368454.95438886,
       552851.4448795385,
       302
      ],
      [
       1368454.51241826,
       552851.4663914887,
       302
      ],
      [
       1368454.1381751564,
       552851.4844866936,
       302
      ],
      [
       1368453.8316595485,
       552851.4991651536,
       302
      ],
      [
       1368453.5928714366,
       552851.5104268685,
       302
      ],
      [
       1368453.2266588006,
       552851.525639595,
       302
      ],
      [
       1368452.733021641,
       552851.5448033335,
       302
      ],
      [
       1368452.111959957,
       552851.5679180836,
       302
      ],
      [
       1368451.3634737497,
       552851.5949838455,
       302
      ],
      [
       1368450.614987542,
       552851.627823324,
       302
      ],
      [
       1368449.8665013341,
       552851.6664365192,
       302
      ],
      [
       1368449.1180151263,
       552851.710823431,
       302
      ],
      [
       1368448.369528919,
       552851.7609840595,
       302
      ],
      [
       1368447.6210427112,
       552851.8127217245,
       302
      ],
      [
       1368446.8725565034,
       552851.8660364258,
       302
      ],
      [
       1368446.1240702958,
       552851.9209281636,
       302
      ],
      [
       1368445.3755840883,
       552851.9773969379,
       302
      ],
      [
       1368444.6270978805,
       552852.0194945004,
       302
      ],
      [
       1368443.8786116731,
       552852.047220851,
       302
      ],
      [
       1368443.1301254653,
       552852.0605759899,
       302
      ],
      [
       1368442.3816392575,
       552852.0595599171,
       302
      ],
      [
       1368441.6331530497,
       552852.0524536807,
       302
      ],
      [
       1368440.884666842,
       552852.0392572805,
       302
      ],
      [
       1368440.1361806344,
       552852.0199707169,
       302
      ],
      [
       1368439.387694427,
       552851.9945939896,
       302
      ],
      [
       1368438.6392082195,
       552851.9690707007,
       302
      ],
      [
       1368437.8907220117,
       552851.9434008502,
       302
      ],
      [
       1368437.1422358039,
       552851.9175844379,
       302
      ],
      [
       1368436.393749596,
       552851.891621464,
       302
      ],
      [
       1368435.6452633883,
       552851.882164612,
       302
      ],
      [
       1368434.8967771805,
       552851.8892138815,
       302
      ],
      [
       1368434.148290973,
       552851.9127692728,
       302
      ],
      [
       1368433.3998047656,
       552851.9528307859,
       302
      ],
      [
       1368432.651318558,
       552852.0116334385,
       302
      ],
      [
       1368431.9028323502,
       552852.0891772307,
       302
      ],
      [
       1368431.1543461424,
       552852.1854621624,
       302
      ],
      [
       1368430.4058599346,
       552852.3004882336,
       302
      ],
      [
       1368429.657373727,
       552852.4136487682,
       302
      ],
      [
       1368428.9088875195,
       552852.5249437664,
       302
      ],
      [
       1368428.1604013117,
       552852.634373228,
       302
      ],
      [
       1368427.4119151044,
       552852.7419371532,
       302
      ],
      [
       1368426.6634288966,
       552852.8390248166,
       302
      ],
      [
       1368425.9149426888,
       552852.9256362185,
       302
      ],
      [
       1368425.166456481,
       552853.0017713589,
       302
      ],
      [
       1368424.4179702736,
       552853.0674302377,
       302
      ],
      [
       1368423.6694840658,
       552853.1286357463,
       302
      ],
      [
       1368422.920997858,
       552853.185387885,
       302
      ],
      [
       1368422.1725116502,
       552853.2376866535,
       302
      ],
      [
       1368421.424025443,
       552853.285532052,
       302
      ],
      [
       1368420.862660787,
       552853.321416101,
       302
      ],
      [
       1368420.4884176832,
       552853.3453388002,
       302
      ],
      [
       1368420.3012961312,
       552853.3573001499,
       302
      ]
     ]
    },
    "elevationFt": 302,
    "weight": "intermediate",
    "hidden": false
   }
  },
  {
   "type": "Feature",
   "geometry": {
    "type": "LineString",
    "coordinates": [
     [
      -76.80110746491289,
      39.18459688715763
     ],
     [
      -76.80110771638674,
      39.184596994493106
     ],
     [
      -76.80110821933442,
      39.184597209164025
     ],
     [
      -76.80110897375597,
      39.18459753117042
     ],
     [
      -76.80110997965137,
      39.18459796051227
     ],
     [
      -76.80111114197737,
      39.184598448383944
     ],
     [
      -76.80111246073398,
      39.184598994785496
     ],
     [
      -76.80111393592118,
      39.18459959971687
     ],
     [
      -76.801115567539,
      39.18460026317811
     ],
     [
      -76.8011174506272,
      39.18460103523198
     ],
     [
      -76.8011195851858,
      39.184601915878496
     ],
     [
      -76.80112197121484,
      39.18460290511764
     ],
     [
      -76.8011246087143,
      39.18460400294938
     ],
     [
      -76.80112676962922,
      39.18460490187767
     ],
     [
      -76.8011284539595,
      39.184605601902504
     ],
     [
      -76.80112966170516,
      39.1846061030239
     ],
     [
      -76.80113039286616,
      39.1846064052419
     ],
     [
      -76.80113141785692,
      39.18460681818283
     ],
     [
      -76.80113273667749,
      39.18460734184668
     ],
     [
      -76.80113434932784,
      39.18460797623344
     ],
     [
      -76.801136255808,
      39.1846087213431
     ],
     [
      -76.80113834514296,
      39.184609518967854
     ],
     [
      -76.80114061733272,
      39.18461036910772
     ],
     [
      -76.80114307237731,
      39.184611271762655
     ],
     [
      -76.80114571027671,
      39.18461222693263
     ],
     [
      -76.80114792725895,
      39.18461303432889
     ],
     [
      -76.80114972332396,
      39.18461369395147
     ],
     [
      -76.80115109847172,
      39.18461420580036
     ],
     [
      -76.80115205270222,
      39.18461456987559
     ],
     [
      -76.80115318923619,
      39.184615010778536
     ],
     [
      -76.80115450807368,
      39.184615528509156
     ],
     [
      -76.80115600921465,
      39.18461612306747
     ],
     [
      -76.80115769265913,
      39.18461679445347
     ],
     [
      -76.80115961450146,
      39.18461761396261
     ],
     [
      -76.80116177474166,
      39.18461858159488
     ],
     [
      -76.80116417337977,
      39.184619697350264
     ],
     [
      -76.80116681041581,
      39.18462096122875
     ],
     [
      -76.80116885213882,
      39.184621941019074
     ],
     [
      -76.80117029854873,
      39.184622636721244
     ],
     [
      -76.80117114964551,
      39.184623048335304
     ],
     [
      -76.80117140542916,
      39.18462317586126
     ],
     [
      -76.80117219254244,
      39.18462356904235
     ],
     [
      -76.80117351098531,
      39.18462422787855
     ],
     [
      -76.80117536075782,
      39.18462515236986
     ],
     [
      -76.80117774186003,
      39.18462634251624
     ],
     [
      -76.80117997624194,
      39.18462745311695
     ],
     [
      -76.80118206390351,
      39.18462848417204
     ],
     [
      -76.80118400484474,
      39.18462943568146
     ],
     [
      -76.80118579906562,
      39.18463030764523
     ],
     [
      -76.80118735544801,
      39.184631055049415
     ],
     [
      -76.80118867399189,
      39.18463167789405
     ],
     [
      -76.80118975469723,
      39.18463217617911
     ],
     [
      -76.80119059756404,
      39.1846325499046
     ],
     [
      -76.801191888953,
      39.1846331534595
     ],
     [
      -76.80119362886411,
      39.18463398684383
     ],
     [
      -76.80119581729741,
      39.18463505005755
     ],
     [
      -76.80119845425297,
      39.184636343100614
     ],
     [
      -76.80120061901953,
      39.18463741174046
     ],
     [
      -76.80120231159707,
      39.184638255977106
     ],
     [
      -76.80120353198554,
      39.18463887581059
     ],
     [
      -76.8012042801849,
      39.1846392712409
     ],
     [
      -76.80120484133444,
      39.184639567813626
     ],
     [
      -76.80120521543415,
      39.18463976552878
     ],
     [
      -76.80120540248399,
      39.18463986438636
     ]
    ]
   },
   "properties": {
    "id": "ct-6",
    "kind": "Contour",
    "sourceId": "contours",
    "reliabilityLevel": 1,
    "revision": 1,
    "engineeringGeometry": {
     "crs": "EPSG:2248",
     "crsName": "NAD83 / Maryland State Plane (US survey feet)",
     "datum": "NAD83",
     "unit": "usSurveyFoot",
     "coordinates": [
      [
       1368710.713944707,
       552877.8047596277,
       302
      ],
      [
       1368710.6425777501,
       552877.8436981546,
       302
      ],
      [
       1368710.4998438365,
       552877.9215752082,
       302
      ],
      [
       1368710.285742966,
       552878.0383907887,
       302
      ],
      [
       1368710.0002751383,
       552878.1941448962,
       302
      ],
      [
       1368709.6704196725,
       552878.3711202025,
       302
      ],
      [
       1368709.2961765686,
       552878.5693167076,
       302
      ],
      [
       1368708.8775458268,
       552878.7887344114,
       302
      ],
      [
       1368708.4145274467,
       552879.029373314,
       302
      ],
      [
       1368707.8801421097,
       552879.309408656,
       302
      ],
      [
       1368707.2743898157,
       552879.6288404374,
       302
      ],
      [
       1368706.5972705649,
       552879.987668658,
       302
      ],
      [
       1368705.8487843575,
       552880.385893318,
       302
      ],
      [
       1368705.2355467584,
       552880.7119674742,
       302
      ],
      [
       1368704.7575577677,
       552880.9658911268,
       302
      ],
      [
       1368704.4148173858,
       552881.1476642756,
       302
      ],
      [
       1368704.2073256124,
       552881.2572869206,
       302
      ],
      [
       1368703.916458174,
       552881.4070557451,
       302
      ],
      [
       1368703.54221507,
       552881.5969707492,
       302
      ],
      [
       1368703.084596301,
       552881.8270319327,
       302
      ],
      [
       1368702.5436018666,
       552882.0972392957,
       302
      ],
      [
       1368701.950734489,
       552882.3864608618,
       302
      ],
      [
       1368701.305994168,
       552882.6946966307,
       302
      ],
      [
       1368700.6093809034,
       552883.0219466027,
       302
      ],
      [
       1368699.860894696,
       552883.3682107778,
       302
      ],
      [
       1368699.2318372445,
       552883.6609125764,
       302
      ],
      [
       1368698.722208549,
       552883.9000519987,
       302
      ],
      [
       1368698.3320086098,
       552884.0856290447,
       302
      ],
      [
       1368698.0612374265,
       552884.2176437144,
       302
      ],
      [
       1368697.738730283,
       552884.3775280889,
       302
      ],
      [
       1368697.3644871793,
       552884.5652821682,
       302
      ],
      [
       1368696.9385081152,
       552884.7809059523,
       302
      ],
      [
       1368696.4607930905,
       552885.0243994411,
       302
      ],
      [
       1368695.91538527,
       552885.3216953083,
       302
      ],
      [
       1368695.3022846542,
       552885.6727935539,
       302
      ],
      [
       1368694.6214912422,
       552886.0776941777,
       302
      ],
      [
       1368693.8730050346,
       552886.5363971799,
       302
      ],
      [
       1368693.2934892385,
       552886.8919968607,
       302
      ],
      [
       1368692.882943854,
       552887.14449322,
       302
      ],
      [
       1368692.6413688809,
       552887.293886258,
       302
      ],
      [
       1368692.5687643194,
       552887.3401759745,
       302
      ],
      [
       1368692.3453404866,
       552887.4828948409,
       302
      ],
      [
       1368691.9710973827,
       552887.7220428567,
       302
      ],
      [
       1368691.446035008,
       552888.0576200224,
       302
      ],
      [
       1368690.7701533616,
       552888.4896263377,
       302
      ],
      [
       1368690.1359235793,
       552888.8927510472,
       302
      ],
      [
       1368689.543345661,
       552889.266994151,
       302
      ],
      [
       1368688.9924196065,
       552889.6123556492,
       302
      ],
      [
       1368688.4831454158,
       552889.9288355417,
       302
      ],
      [
       1368688.0413867687,
       552890.2000950506,
       302
      ],
      [
       1368687.6671436648,
       552890.4261341761,
       302
      ],
      [
       1368687.3604161043,
       552890.6069529182,
       302
      ],
      [
       1368687.1212040873,
       552890.7425512769,
       302
      ],
      [
       1368686.7546735224,
       552890.9615814631,
       302
      ],
      [
       1368686.2608244102,
       552891.2640434767,
       302
      ],
      [
       1368685.63965675,
       552891.6499373177,
       302
      ],
      [
       1368684.8911705427,
       552892.1192629864,
       302
      ],
      [
       1368684.2767070998,
       552892.5071477828,
       302
      ],
      [
       1368683.7962664212,
       552892.8135917073,
       302
      ],
      [
       1368683.4498485078,
       552893.0385947598,
       302
      ],
      [
       1368683.2374533587,
       552893.1821569402,
       302
      ],
      [
       1368683.0781569972,
       552893.2898285756,
       302
      ],
      [
       1368682.9719594226,
       552893.3616096658,
       302
      ],
      [
       1368682.9188606355,
       552893.3975002109,
       302
      ]
     ]
    },
    "elevationFt": 302,
    "weight": "intermediate",
    "hidden": false
   }
  },
  {
   "type": "Feature",
   "geometry": {
    "type": "LineString",
    "coordinates": [
     [
      -76.80144398202431,
      39.18464026848014
     ],
     [
      -76.80144340713369,
      39.18464006420801
     ],
     [
      -76.80144225735242,
      39.18463965566375
     ],
     [
      -76.80144053268056,
      39.184639042847316
     ],
     [
      -76.80143823311812,
      39.18463822575873
     ],
     [
      -76.8014358489963,
      39.1846373648309
     ],
     [
      -76.80143338031512,
      39.184636460063864
     ],
     [
      -76.80143082707455,
      39.18463551145762
     ],
     [
      -76.80142818927465,
      39.18463451901212
     ],
     [
      -76.80142604820355,
      39.184633710938236
     ],
     [
      -76.80142440386122,
      39.18463308723601
     ],
     [
      -76.80142325624765,
      39.18463264790544
     ],
     [
      -76.80142260536279,
      39.18463239294654
     ],
     [
      -76.8014216204152,
      39.184632037123166
     ],
     [
      -76.80142030140486,
      39.18463158043527
     ],
     [
      -76.80141864833179,
      39.18463102288291
     ],
     [
      -76.801416661196,
      39.18463036446601
     ],
     [
      -76.80141451138407,
      39.18462962620578
     ],
     [
      -76.801412198896,
      39.18462880810221
     ],
     [
      -76.80140972373181,
      39.184627910155285
     ],
     [
      -76.80140708589153,
      39.184626932364985
     ],
     [
      -76.80140486712168,
      39.18462609195123
     ],
     [
      -76.80140306742226,
      39.18462538891407
     ],
     [
      -76.80140168679324,
      39.184624823253486
     ],
     [
      -76.80140072523461,
      39.1846243949695
     ],
     [
      -76.80139958505147,
      39.184623916280515
     ],
     [
      -76.80139826624382,
      39.18462338718649
     ],
     [
      -76.8013967688117,
      39.18462280768741
     ],
     [
      -76.80139509275506,
      39.18462217778328
     ],
     [
      -76.80139317641014,
      39.18462140456806
     ],
     [
      -76.80139101977694,
      39.184620488041716
     ],
     [
      -76.80138862285548,
      39.18461942820422
     ],
     [
      -76.80138598564581,
      39.1846182250556
     ],
     [
      -76.80138388450402,
      39.18461726516456
     ],
     [
      -76.8013823194301,
      39.18461654853111
     ],
     [
      -76.80138129042402,
      39.184616075155304
     ],
     [
      -76.80138079748575,
      39.18461584503716
     ],
     [
      -76.80137989166812,
      39.184615445690156
     ],
     [
      -76.80137857297116,
      39.1846148771143
     ],
     [
      -76.8013768413949,
      39.184614139309566
     ],
     [
      -76.80137469693932,
      39.184613232275964
     ],
     [
      -76.80137252837201,
      39.184612263144395
     ],
     [
      -76.80137033569295,
      39.1846112319149
     ],
     [
      -76.80136811890218,
      39.18461013858744
     ],
     [
      -76.80136587799966,
      39.184608983162015
     ],
     [
      -76.8013640983635,
      39.184608062707184
     ],
     [
      -76.80136277999368,
      39.18460737722294
     ],
     [
      -76.80136192289015,
      39.18460692670932
     ],
     [
      -76.80136152705289,
      39.18460671116632
     ],
     [
      -76.80136057118244,
      39.184606137958525
     ],
     [
      -76.80135905527882,
      39.18460520708593
     ],
     [
      -76.8013569793421,
      39.18460391854852
     ],
     [
      -76.80135434337232,
      39.18460227234628
     ],
     [
      -76.80135229757663,
      39.18460098797247
     ],
     [
      -76.80135084195494,
      39.184600065427134
     ],
     [
      -76.80134997650724,
      39.18459950471033
     ],
     [
      -76.80134970123349,
      39.18459930582202
     ],
     [
      -76.8013489046984,
      39.184598761150816
     ],
     [
      -76.80134758690203,
      39.184597870696685
     ],
     [
      -76.80134574784437,
      39.18459663445962
     ],
     [
      -76.80134338752549,
      39.18459505243959
     ],
     [
      -76.80134141650021,
      39.18459374633188
     ],
     [
      -76.80133983476843,
      39.1845927161365
     ],
     [
      -76.80133864233014,
      39.184591961853464
     ],
     [
      -76.80133783918531,
      39.18459148348279
     ],
     [
      -76.8013367785503,
      39.184590857917215
     ],
     [
      -76.8013354604251,
      39.184590085156735
     ],
     [
      -76.80133388480974,
      39.184589165201345
     ],
     [
      -76.80133205170424,
      39.18458809805101
     ],
     [
      -76.80133022655126,
      39.18458704917869
     ],
     [
      -76.80132840935083,
      39.18458601858432
     ],
     [
      -76.80132660010291,
      39.18458500626796
     ],
     [
      -76.80132479880754,
      39.18458401222958
     ],
     [
      -76.80132323909861,
      39.18458312840126
     ],
     [
      -76.8013219209761,
      39.18458235478299
     ],
     [
      -76.80132084444,
      39.18458169137481
     ],
     [
      -76.8013200094903,
      39.18458113817673
     ],
     [
      -76.80131878318274,
      39.18458034644941
     ],
     [
      -76.80131716551732,
      39.18457931619284
     ],
     [
      -76.8013151564941,
      39.184578047407044
     ],
     [
      -76.8013127561131,
      39.184576540091946
     ],
     [
      -76.8013108969919,
      39.18457535300331
     ],
     [
      -76.80130957913043,
      39.184574486141116
     ],
     [
      -76.8013088025287,
      39.184573939505434
     ],
     [
      -76.80130856718662,
      39.184573713096256
     ],
     [
      -76.80130786763706,
      39.184573085147726
     ],
     [
      -76.80130670388002,
      39.184572055659906
     ],
     [
      -76.80130507591552,
      39.18457062463271
     ],
     [
      -76.80130298374368,
      39.1845687920662
     ],
     [
      -76.8013012794519,
      39.18456718322594
     ],
     [
      -76.80129996304015,
      39.18456579811193
     ],
     [
      -76.80129903450842,
      39.18456463672424
     ],
     [
      -76.80129849385665,
      39.184563699062835
     ],
     [
      -76.80129789605107,
      39.184562715919114
     ],
     [
      -76.80129724109167,
      39.18456168729307
     ],
     [
      -76.80129652897848,
      39.18456061318472
     ],
     [
      -76.8012957597115,
      39.18455949359402
     ],
     [
      -76.80129518006451,
      39.184558140138165
     ],
     [
      -76.80129479003753,
      39.18455655281715
     ],
     [
      -76.80129458963053,
      39.18455473163094
     ],
     [
      -76.80129457884352,
      39.18455267657956
     ],
     [
      -76.80129476897572,
      39.184550781603285
     ],
     [
      -76.80129516002712,
      39.18454904670212
     ],
     [
      -76.80129575199771,
      39.18454747187605
     ],
     [
      -76.80129654488748,
      39.1845460571251
     ],
     [
      -76.80129722747037,
      39.18454483647604
     ],
     [
      -76.80129779974638,
      39.184543809928925
     ],
     [
      -76.80129826171556,
      39.18454297748372
     ],
     [
      -76.80129861337785,
      39.184542339140414
     ],
     [
      -76.80129920016739,
      39.1845413471719
     ],
     [
      -76.80130002208415,
      39.184540001578156
     ],
     [
      -76.80130107912811,
      39.18453830235915
     ],
     [
      -76.80130237129919,
      39.18453624951491
     ],
     [
      -76.80130359281729,
      39.18453423648253
     ],
     [
      -76.80130474368242,
      39.18453226326201
     ],
     [
      -76.80130582389457,
      39.18453032985335
     ],
     [
      -76.80130683345375,
      39.18452843625656
     ],
     [
      -76.80130761181982,
      39.18452697616331
     ],
     [
      -76.80130815899284,
      39.184525949573604
     ],
     [
      -76.8013084749728,
      39.18452535648745
     ],
     [
      -76.80130855975972,
      39.18452519690484
     ],
     [
      -76.801309027371,
      39.18452456414398
     ],
     [
      -76.80130987780662,
      39.184523458204836
     ],
     [
      -76.80131111106655,
      39.18452187908743
     ],
     [
      -76.80131272715072,
      39.18451982679173
     ],
     [
      -76.80131417625903,
      39.184518082259274
     ],
     [
      -76.80131545839147,
      39.18451664549007
     ],
     [
      -76.8013165735481,
      39.18451551648413
     ],
     [
      -76.80131752172893,
      39.18451469524146
     ],
     [
      -76.80131854156764,
      39.18451377178622
     ],
     [
      -76.80131963306418,
      39.18451274611843
     ],
     [
      -76.80132079621856,
      39.18451161823809
     ],
     [
      -76.8013220310308,
      39.184510388145185
     ],
     [
      -76.80132331038561,
      39.18450912712977
     ],
     [
      -76.80132463428299,
      39.18450783519183
     ],
     [
      -76.80132600272297,
      39.184506512331396
     ],
     [
      -76.80132741570552,
      39.18450515854842
     ],
     [
      -76.80132865409932,
      39.18450396879953
     ],
     [
      -76.80132971790441,
      39.18450294308476
     ],
     [
      -76.80133060712076,
      39.18450208140408
     ],
     [
      -76.80133132174842,
      39.18450138375751
     ],
     [
      -76.80133234100119,
      39.18450039240361
     ],
     [
      -76.80133366487902,
      39.18449910734245
     ],
     [
      -76.8013352933819,
      39.18449752857394
     ],
     [
      -76.80133722650977,
      39.18449565609809
     ],
     [
      -76.80133872155321,
      39.18449420699692
     ],
     [
      -76.80133977851224,
      39.18449318127046
     ],
     [
      -76.80134039738691,
      39.18449257891869
     ],
     [
      -76.80134057817723,
      39.184492399941625
     ],
     [
      -76.80134133001395,
      39.18449184574284
     ],
     [
      -76.80134265289702,
      39.18449091632228
     ],
     [
      -76.80134454682641,
      39.18448961167996
     ],
     [
      -76.80134701180205,
      39.18448793181582
     ],
     [
      -76.80134902652256,
      39.18448657945022
     ],
     [
      -76.80135059098797,
      39.18448555458315
     ],
     [
      -76.80135170519833,
      39.18448485721459
     ],
     [
      -76.80135236915369,
      39.184484487344626
     ],
     [
      -76.80135336210566,
      39.18448400475191
     ],
     [
      -76.80135468405426,
      39.184483409436474
     ],
     [
      -76.80135633499948,
      39.184482701398274
     ],
     [
      -76.80135831494127,
      39.184481880637335
     ],
     [
      -76.80136046046239,
      39.18448111385062
     ],
     [
      -76.80136277156285,
      39.184480401038115
     ],
     [
      -76.80136524824263,
      39.18447974219983
     ],
     [
      -76.80136789050174,
      39.18447913733573
     ],
     [
      -76.80137053244832,
      39.1844786442429
     ],
     [
      -76.80137317408237,
      39.184478262921324
     ],
     [
      -76.80137581540392,
      39.184477993371026
     ],
     [
      -76.80137845641295,
      39.18447783559198
     ],
     [
      -76.80138109718835,
      39.18447776138101
     ],
     [
      -76.80138373773013,
      39.184477770738106
     ],
     [
      -76.80138637803829,
      39.18447786366327
     ],
     [
      -76.80138901811283,
      39.18447804015648
     ],
     [
      -76.80139165816276,
      39.18447822545751
     ],
     [
      -76.80139429818809,
      39.18447841956636
     ],
     [
      -76.8013969381888,
      39.18447862248296
     ],
     [
      -76.8013995781649,
      39.18447883420739
     ],
     [
      -76.80140221825276,
      39.18447900596717
     ],
     [
      -76.80140485845233,
      39.18447913776231
     ],
     [
      -76.80140749876361,
      39.18447922959279
     ],
     [
      -76.80141013918663,
      39.184479281458636
     ],
     [
      -76.80141277967341,
      39.18447931050909
     ],
     [
      -76.80141542022398,
      39.18447931674421
     ],
     [
      -76.8014180608383,
      39.18447930016394
     ],
     [
      -76.8014207015164,
      39.18447926076831
     ],
     [
      -76.80142334215195,
      39.184479236600616
     ],
     [
      -76.80142598274492,
      39.184479227660866
     ],
     [
      -76.80142862329532,
      39.184479233949034
     ],
     [
      -76.80143126380317,
      39.18447925546516
     ],
     [
      -76.8014339041908,
      39.18447931999696
     ],
     [
      -76.8014365444582,
      39.18447942754445
     ],
     [
      -76.8014391846054,
      39.18447957810764
     ],
     [
      -76.80144182463238,
      39.18447977168652
     ],
     [
      -76.80144446461,
      39.18447998293172
     ],
     [
      -76.80144710453827,
      39.18448021184324
     ],
     [
      -76.80144974441718,
      39.18448045842107
     ],
     [
      -76.80145238424674,
      39.184480722665214
     ],
     [
      -76.80145502415188,
      39.18448095986993
     ],
     [
      -76.80145766413261,
      39.184481170035255
     ],
     [
      -76.80146030418892,
      39.18448135316116
     ],
     [
      -76.80146294432079,
      39.18448150924763
     ],
     [
      -76.80146558449948,
      39.18448164858217
     ],
     [
      -76.80146822472501,
      39.18448177116475
     ],
     [
      -76.80147086499736,
      39.18448187699539
     ],
     [
      -76.80147350531652,
      39.18448196607408
     ],
     [
      -76.80147614559412,
      39.18448207003235
     ],
     [
      -76.80147878583014,
      39.184482188870184
     ],
     [
      -76.80148142602458,
      39.1844823225876
     ],
     [
      -76.80148406617747,
      39.18448247118458
     ],
     [
      -76.80148670627115,
      39.184482640973684
     ],
     [
      -76.80148934630563,
      39.18448283195489
     ],
     [
      -76.80149198628092,
      39.18448304412819
     ],
     [
      -76.80149462619701,
      39.1844832774936
     ],
     [
      -76.80149689341553,
      39.18448348743136
     ],
     [
      -76.80149878793654,
      39.184483673941465
     ],
     [
      -76.80150030975996,
      39.18448383702393
     ],
     [
      -76.80150145888582,
      39.184483976678806
     ],
     [
      -76.80150269336818,
      39.18448412618893
     ],
     [
      -76.801504013207,
      39.18448428555435
     ],
     [
      -76.8015054184023,
      39.18448445477499
     ],
     [
      -76.8015069089541,
      39.184484633850914
     ],
     [
      -76.80150868689057,
      39.18448481090257
     ],
     [
      -76.80151075221171,
      39.18448498592993
     ],
     [
      -76.80151310491755,
      39.18448515893299
     ],
     [
      -76.80151574500809,
      39.18448532991174
     ],
     [
      -76.80151838522252,
      39.18448545653733
     ],
     [
      -76.8015210255609,
      39.184485538809724
     ],
     [
      -76.80152366602317,
      39.18448557672896
     ],
     [
      -76.80152630660936,
      39.184485570295
     ],
     [
      -76.80152894724704,
      39.18448554543379
     ],
     [
      -76.80153158793617,
      39.18448550214528
     ],
     [
      -76.80153422867679,
      39.18448544042951
     ],
     [
      -76.80153686946888,
      39.184485360286466
     ],
     [
      -76.80153951023297,
      39.184485290158904
     ],
     [
      -76.8015421509691,
      39.184485230046846
     ],
     [
      -76.80154479167724,
      39.1844851799503
     ],
     [
      -76.8015474323574,
      39.18448513986923
     ],
     [
      -76.80155007292504,
      39.18448514006563
     ],
     [
      -76.80155271338018,
      39.18448518053947
     ],
     [
      -76.80155535372283,
      39.18448526129078
     ],
     [
      -76.80155799395297,
      39.184485382319515
     ],
     [
      -76.80156063408836,
      39.184485537280324
     ],
     [
      -76.80156327412897,
      39.18448572617319
     ],
     [
      -76.80156591407483,
      39.18448594899813
     ],
     [
      -76.80156855392592,
      39.184486205755114
     ],
     [
      -76.80157119377718,
      39.184486462464584
     ],
     [
      -76.80157383362858,
      39.18448671912651
     ],
     [
      -76.80157647348014,
      39.18448697574091
     ],
     [
      -76.80157911333184,
      39.18448723230776
     ],
     [
      -76.80158175322333,
      39.184487474633016
     ],
     [
      -76.80158439315463,
      39.184487702716666
     ],
     [
      -76.80158703312571,
      39.184487916558716
     ],
     [
      -76.80158967313658,
      39.184488116159145
     ],
     [
      -76.80159231316746,
      39.18448830860317
     ],
     [
      -76.80159495321831,
      39.184488493890775
     ],
     [
      -76.80159759328919,
      39.18448867202194
     ],
     [
      -76.80160023338006,
      39.18448884299668
     ],
     [
      -76.80160287346644,
      39.18448901558034
     ],
     [
      -76.80160551354834,
      39.184489189772904
     ],
     [
      -76.80160815362576,
      39.18448936557439
     ],
     [
      -76.80161079369871,
      39.1844895429848
     ],
     [
      -76.80161343375022,
      39.18448972807796
     ],
     [
      -76.8016160737803,
      39.1844899208539
     ],
     [
      -76.80161871378891,
      39.184490121312585
     ],
     [
      -76.8016213537761,
      39.184490329454036
     ],
     [
      -76.80162399387251,
      39.184490498483015
     ],
     [
      -76.80162663407815,
      39.18449062839947
     ],
     [
      -76.80162927439301,
      39.184490719203446
     ],
     [
      -76.80163191481708,
      39.18449077089494
     ],
     [
      -76.801634555266,
      39.18449081368799
     ],
     [
      -76.80163719573977,
      39.18449084758258
     ],
     [
      -76.80163983623838,
      39.184490872578735
     ],
     [
      -76.80164247676184,
      39.18449088867645
     ],
     [
      -76.80164511722496,
      39.184490926386125
     ],
     [
      -76.80164775762775,
      39.18449098570779
     ],
     [
      -76.8016503979702,
      39.184491066641435
     ],
     [
      -76.80165303825231,
      39.18449116918704
     ],
     [
      -76.80165567847803,
      39.18449129194593
     ],
     [
      -76.80165831864728,
      39.18449143491813
     ],
     [
      -76.80166095876015,
      39.18449159810362
     ],
     [
      -76.8016635988166,
      39.184491781502395
     ],
     [
      -76.80166600403193,
      39.18449195900415
     ],
     [
      -76.80166817440616,
      39.18449213060884
     ],
     [
      -76.8016701099393,
      39.18449229631654
     ],
     [
      -76.8016718106313,
      39.18449245612723
     ],
     [
      -76.80167332094827,
      39.18449259734779
     ],
     [
      -76.80167464089017,
      39.18449271997823
     ],
     [
      -76.80167577045702,
      39.18449282401856
     ],
     [
      -76.80167670964882,
      39.18449290946879
     ],
     [
      -76.80167807402317,
      39.18449303144718
     ],
     [
      -76.80167986358012,
      39.18449318995372
     ],
     [
      -76.80168207831963,
      39.1844933849884
     ],
     [
      -76.80168471824175,
      39.18449361655117
     ],
     [
      -76.8016873581905,
      39.1844938385788
     ],
     [
      -76.80168999816588,
      39.18449405107132
     ],
     [
      -76.80169263816789,
      39.184494254028685
     ],
     [
      -76.80169527819653,
      39.184494447450916
     ],
     [
      -76.80169791818416,
      39.18449465556838
     ],
     [
      -76.8017005581308,
      39.18449487838104
     ],
     [
      -76.80170319803645,
      39.184495115888915
     ],
     [
      -76.80170583790108,
      39.18449536809202
     ],
     [
      -76.80170847775793,
      39.184495623090505
     ],
     [
      -76.801711117607,
      39.184495880884384
     ],
     [
      -76.8017137574483,
      39.18449614147365
     ],
     [
      -76.8017163972818,
      39.184496404858315
     ],
     [
      -76.80171903713743,
      39.184496660321955
     ],
     [
      -76.8017216770152,
      39.184496907864606
     ],
     [
      -76.80172431691507,
      39.18449714748625
     ],
     [
      -76.80172695683706,
      39.18449737918688
     ],
     [
      -76.80172959671775,
      39.18449762570344
     ],
     [
      -76.80173223655709,
      39.18449788703597
     ],
     [
      -76.80173487635511,
      39.184498163184394
     ],
     [
      -76.8017375161118,
      39.18449845414876
     ],
     [
      -76.80174015591423,
      39.18449872873278
     ],
     [
      -76.80174279576238,
      39.18449898693642
     ],
     [
      -76.80174543565626,
      39.18449922875967
     ],
     [
      -76.80174807559588,
      39.18449945420256
     ],
     [
      -76.8017507156141,
      39.18449965147727
     ],
     [
      -76.80175335571094,
      39.184499820583795
     ],
     [
      -76.80175599588641,
      39.18449996152216
     ],
     [
      -76.80175863614048,
      39.18450007429231
     ],
     [
      -76.80176127644081,
      39.18450017048471
     ],
     [
      -76.80176391678741,
      39.184500250099326
     ],
     [
      -76.80176655718026,
      39.18450031313616
     ],
     [
      -76.80176919761938,
      39.18450035959523
     ],
     [
      -76.8017718380718,
      39.184500401292205
     ],
     [
      -76.8017744785375,
      39.18450043822711
     ],
     [
      -76.80177711901648,
      39.184500470399925
     ],
     [
      -76.80177975950875,
      39.184500497810674
     ],
     [
      -76.8017823999348,
      39.1845005489616
     ],
     [
      -76.8017850402946,
      39.18450062385276
     ],
     [
      -76.80178768058818,
      39.18450072248411
     ],
     [
      -76.80179032081554,
      39.18450084485565
     ],
     [
      -76.80179235897265,
      39.18450094237339
     ],
     [
      -76.80179379505951,
      39.184501015037306
     ],
     [
      -76.80179462907613,
      39.18450106284748
     ],
     [
      -76.80179486102247,
      39.18450108580387
     ],
     [
      -76.8017956369549,
      39.18450116285612
     ],
     [
      -76.80179695687342,
      39.18450129400421
     ],
     [
      -76.80179882077802,
      39.184501479248105
     ],
     [
      -76.80180122866871,
      39.18450171858778
     ],
     [
      -76.8018036945271,
      39.18450197044232
     ],
     [
      -76.8018062183532,
      39.18450223481168
     ],
     [
      -76.80180880014701,
      39.1845025116959
     ],
     [
      -76.80181143990853,
      39.18450280109495
     ],
     [
      -76.80181407975351,
      39.184503060585094
     ],
     [
      -76.80181671968192,
      39.184503290166326
     ],
     [
      -76.8018193596938,
      39.184503489838654
     ],
     [
      -76.80182199978911,
      39.18450365960206
     ],
     [
      -76.80182463997086,
      39.184503798383936
     ],
     [
      -76.80182728023905,
      39.18450390618425
     ],
     [
      -76.80182992059365,
      39.18450398300302
     ],
     [
      -76.80183256103469,
      39.18450402884024
     ],
     [
      -76.8018352015627,
      39.18450404349064
     ],
     [
      -76.80183784217769,
      39.18450402695422
     ],
     [
      -76.8018404828797,
      39.184503979230975
     ],
     [
      -76.80184312366866,
      39.18450390032091
     ],
     [
      -76.80184576430263,
      39.18450387697909
     ],
     [
      -76.80184840478164,
      39.18450390920552
     ],
     [
      -76.80185104510565,
      39.18450399700018
     ],
     [
      -76.80185368527468,
      39.1845041403631
     ],
     [
      -76.80185632539768,
      39.184504300236384
     ],
     [
      -76.80185896547465,
      39.18450447662003
     ],
     [
      -76.8018616055056,
      39.184504669514034
     ],
     [
      -76.80186424549049,
      39.18450487891841
     ],
     [
      -76.8018668854361,
      39.184505102420005
     ],
     [
      -76.8018695253424,
      39.1845053400188
     ],
     [
      -76.80187216520942,
      39.18450559171483
     ],
     [
      -76.80187480503713,
      39.18450585750805
     ],
     [
      -76.80187744491244,
      39.18450610624159
     ],
     [
      -76.80188008483535,
      39.184506337915444
     ],
     [
      -76.80188272480584,
      39.184506552529584
     ],
     [
      -76.80188536482392,
      39.18450675008406
     ],
     [
      -76.80188800497703,
      39.18450689921956
     ],
     [
      -76.80189064526517,
      39.18450699993612
     ],
     [
      -76.80189328568832,
      39.184507052233734
     ],
     [
      -76.8018959262465,
      39.184507056112395
     ],
     [
      -76.8018985668247,
      39.18450705280432
     ],
     [
      -76.80190120742297,
      39.1845070423095
     ],
     [
      -76.80190384804125,
      39.18450702462794
     ],
     [
      -76.80190648867958,
      39.18450699975961
     ],
     [
      -76.8019091291854,
      39.184507022416376
     ],
     [
      -76.80191176955871,
      39.184507092598196
     ],
     [
      -76.80191440979951,
      39.18450721030509
     ],
     [
      -76.80191704990781,
      39.18450737553704
     ],
     [
      -76.8019196899016,
      39.18450758185146
     ],
     [
      -76.80192232978087,
      39.18450782924838
     ],
     [
      -76.80192496954558,
      39.18450811772779
     ],
     [
      -76.80192760919581,
      39.18450844728966
     ],
     [
      -76.8019300313853,
      39.184508734525146
     ],
     [
      -76.80193223611406,
      39.184508979434256
     ],
     [
      -76.80193422338205,
      39.18450918201698
     ],
     [
      -76.80193599318932,
      39.18450934227335
     ],
     [
      -76.80193753807166,
      39.18450948107148
     ],
     [
      -76.80193885802908,
      39.18450959841139
     ],
     [
      -76.80193995306156,
      39.18450969429309
     ],
     [
      -76.80194082316913,
      39.18450976871658
     ],
     [
      -76.80194213587761,
      39.18450982972554
     ],
     [
      -76.801943891187,
      39.1845098773199
     ],
     [
      -76.8019460890973,
      39.18450991149971
     ],
     [
      -76.80194872960851,
      39.184509932264874
     ],
     [
      -76.8019513700685,
      39.184509971404815
     ],
     [
      -76.80195401047726,
      39.18451002891954
     ],
     [
      -76.80195665083481,
      39.18451010480902
     ],
     [
      -76.80195929114115,
      39.18451019907327
     ],
     [
      -76.80196193128447,
      39.18451035182339
     ],
     [
      -76.80196457126476,
      39.184510563059376
     ],
     [
      -76.80196721108206,
      39.184510832781235
     ],
     [
      -76.80196985073634,
      39.184511160988954
     ],
     [
      -76.80197249040863,
      39.18451148274804
     ],
     [
      -76.80197513009891,
      39.184511798058544
     ],
     [
      -76.8019777698072,
      39.18451210692042
     ],
     [
      -76.80198040953347,
      39.18451240933367
     ],
     [
      -76.8019830493039,
      39.18451269591761
     ],
     [
      -76.80198568911847,
      39.184512966672216
     ],
     [
      -76.80198832897716,
      39.18451322159751
     ],
     [
      -76.80199096887999,
      39.184513460693466
     ],
     [
      -76.80199360883971,
      39.184513679385724
     ],
     [
      -76.8019962488563,
      39.184513877674284
     ],
     [
      -76.80199888892979,
      39.18451405555915
     ],
     [
      -76.80200152906013,
      39.1845142130403
     ],
     [
      -76.80200416923748,
      39.18451435366742
     ],
     [
      -76.8020068094618,
      39.184514477440445
     ],
     [
      -76.80200944973309,
      39.18451458435944
     ],
     [
      -76.80201209005136,
      39.18451467442436
     ],
     [
      -76.8020147303707,
      39.184514764108876
     ],
     [
      -76.8020173706911,
      39.18451485341299
     ],
     [
      -76.80202001101257,
      39.1845149423367
     ],
     [
      -76.80202265133512,
      39.184515030880014
     ],
     [
      -76.80202529162148,
      39.18451513240469
     ],
     [
      -76.80202793187169,
      39.184515246910735
     ],
     [
      -76.80203057208573,
      39.1845153743982
     ],
     [
      -76.80203321226361,
      39.184515514867
     ],
     [
      -76.80203585246372,
      39.18451564736102
     ],
     [
      -76.80203849268607,
      39.184515771880235
     ],
     [
      -76.80204113293063,
      39.18451588842465
     ],
     [
      -76.80204377319741,
      39.184515996994264
     ],
     [
      -76.80204641359448,
      39.184516058818765
     ],
     [
      -76.80204905412177,
      39.184516073898216
     ],
     [
      -76.80205169477932,
      39.18451604223257
     ],
     [
      -76.80205433556709,
      39.18451596382185
     ],
     [
      -76.80205697632688,
      39.18451589545679
     ],
     [
      -76.80205961705867,
      39.18451583713739
     ],
     [
      -76.80206225776247,
      39.18451578886364
     ],
     [
      -76.80206489843827,
      39.18451575063555
     ],
     [
      -76.80206753912914,
      39.1845157070039
     ],
     [
      -76.80207017983504,
      39.184515657968674
     ],
     [
      -76.80207282055602,
      39.18451560352991
     ],
     [
      -76.80207546129202,
      39.184515543687574
     ],
     [
      -76.80207810195202,
      39.184515511130265
     ],
     [
      -76.80208074253599,
      39.18451550585802
     ],
     [
      -76.80208338304396,
      39.18451552787079
     ],
     [
      -76.80208602347592,
      39.18451557716861
     ],
     [
      -76.80208866377147,
      39.184515675438035
     ],
     [
      -76.80209130393061,
      39.18451582267904
     ],
     [
      -76.80209394395334,
      39.184516018891664
     ],
     [
      -76.80209658383967,
      39.184516264075896
     ],
     [
      -76.80209909156714,
      39.184516539116395
     ],
     [
      -76.80210146713576,
      39.18451684401323
     ],
     [
      -76.80210371054551,
      39.184517178766356
     ],
     [
      -76.80210582179642,
      39.18451754337582
     ],
     [
      -76.80210753725902,
      39.18451783525218
     ],
     [
      -76.8021088569333,
      39.184518054395475
     ],
     [
      -76.80210978081926,
      39.18451820080572
     ],
     [
      -76.80211030891688,
      39.184518274482905
     ],
     [
      -76.8021113649085,
      39.18451841014994
     ],
     [
      -76.80211294879408,
      39.18451860780676
     ],
     [
      -76.80211506057364,
      39.18451886745339
     ],
     [
      -76.80211770024721,
      39.18451918908978
     ],
     [
      -76.80212033996521,
      39.18451949478153
     ],
     [
      -76.80212297972763,
      39.18451978452862
     ],
     [
      -76.8021256195345,
      39.184520058331074
     ],
     [
      -76.80212825938578,
      39.18452031618889
     ],
     [
      -76.80213023927425,
      39.18452050958219
     ],
     [
      -76.80213155919992,
      39.18452063851106
     ],
     [
      -76.80213221916274,
      39.18452070297547
     ]
    ]
   },
   "properties": {
    "id": "ct-7",
    "kind": "Contour",
    "sourceId": "contours",
    "reliabilityLevel": 1,
    "revision": 1,
    "engineeringGeometry": {
     "crs": "EPSG:2248",
     "crsName": "NAD83 / Maryland State Plane (US survey feet)",
     "datum": "NAD83",
     "unit": "usSurveyFoot",
     "coordinates": [
      [
       1368615.2917677183,
       552893.3975002109,
       304
      ],
      [
       1368615.4548856707,
       552893.3234544473,
       304
      ],
      [
       1368615.7811215753,
       552893.1753629199,
       304
      ],
      [
       1368616.2704754323,
       552892.9532256292,
       304
      ],
      [
       1368616.922947242,
       552892.6570425746,
       304
      ],
      [
       1368617.5994226509,
       552892.3449445091,
       304
      ],
      [
       1368618.2999016596,
       552892.0169314323,
       304
      ],
      [
       1368619.0243842676,
       552891.6730033446,
       304
      ],
      [
       1368619.7728704752,
       552891.3131602457,
       304
      ],
      [
       1368620.3804099194,
       552891.0201629079,
       304
      ],
      [
       1368620.8470026006,
       552890.7940113314,
       304
      ],
      [
       1368621.172648518,
       552890.6347055159,
       304
      ],
      [
       1368621.357347672,
       552890.5422454616,
       304
      ],
      [
       1368621.636818801,
       552890.4132544273,
       304
      ],
      [
       1368622.011061905,
       552890.2477324129,
       304
      ],
      [
       1368622.4800769836,
       552890.0456794184,
       304
      ],
      [
       1368623.0438640374,
       552889.8070954437,
       304
      ],
      [
       1368623.6538258793,
       552889.53953117,
       304
      ],
      [
       1368624.30996251,
       552889.2429865974,
       304
      ],
      [
       1368625.012273929,
       552888.9174617254,
       304
      ],
      [
       1368625.7607601364,
       552888.5629565545,
       304
      ],
      [
       1368626.3903495076,
       552888.2582284107,
       304
      ],
      [
       1368626.9010420423,
       552888.0032772941,
       304
      ],
      [
       1368627.2928377404,
       552887.7981032048,
       304
      ],
      [
       1368627.5657366018,
       552887.6427061427,
       304
      ],
      [
       1368627.8893075846,
       552887.469060665,
       304
      ],
      [
       1368628.2635506885,
       552887.2771667715,
       304
      ],
      [
       1368628.6884659133,
       552887.0670244624,
       304
      ],
      [
       1368629.1640532597,
       552886.8386337375,
       304
      ],
      [
       1368629.707865321,
       552886.558194288,
       304
      ],
      [
       1368630.3199020983,
       552886.2257061137,
       304
      ],
      [
       1368631.0001635905,
       552885.8411692146,
       304
      ],
      [
       1368631.7486497979,
       552885.4045835907,
       304
      ],
      [
       1368632.3449916174,
       552885.056266908,
       304
      ],
      [
       1368632.7891890486,
       552884.7962191665,
       304
      ],
      [
       1368633.081242092,
       552884.6244403663,
       304
      ],
      [
       1368633.2211507468,
       552884.5409305074,
       304
      ],
      [
       1368633.4782266263,
       552884.3960385829,
       304
      ],
      [
       1368633.8524697302,
       552884.189764593,
       304
      ],
      [
       1368634.3438800583,
       552883.9221085376,
       304
      ],
      [
       1368634.952457611,
       552883.5930704168,
       304
      ],
      [
       1368635.5679190094,
       552883.2414298046,
       304
      ],
      [
       1368636.1902642536,
       552882.8671867007,
       304
      ],
      [
       1368636.8194933436,
       552882.4703411052,
       304
      ],
      [
       1368637.4556062794,
       552882.0508930185,
       304
      ],
      [
       1368637.9607842993,
       552881.7167416674,
       304
      ],
      [
       1368638.3350274032,
       552881.4678870519,
       304
      ],
      [
       1368638.578335591,
       552881.3043291722,
       304
      ],
      [
       1368638.6907088629,
       552881.2260680282,
       304
      ],
      [
       1368638.9621103688,
       552881.0178832796,
       304
      ],
      [
       1368639.3925401086,
       552880.6797749263,
       304
      ],
      [
       1368639.9819980825,
       552880.2117429683,
       304
      ],
      [
       1368640.7304842898,
       552879.6137874057,
       304
      ],
      [
       1368641.311395356,
       552879.1472533584,
       304
      ],
      [
       1368641.724731281,
       552878.8121408266,
       304
      ],
      [
       1368641.970492064,
       552878.6084498101,
       304
      ],
      [
       1368642.0486777057,
       552878.5361803091,
       304
      ],
      [
       1368642.2748920785,
       552878.3382909363,
       304
      ],
      [
       1368642.6491351821,
       552878.0147816917,
       304
      ],
      [
       1368643.1714070172,
       552877.5656525756,
       304
      ],
      [
       1368643.8417075833,
       552876.9909035875,
       304
      ],
      [
       1368644.401441868,
       552876.5164075417,
       304
      ],
      [
       1368644.8506098709,
       552876.1421644378,
       304
      ],
      [
       1368645.1892115925,
       552875.8681742761,
       304
      ],
      [
       1368645.4172470327,
       552875.6944370563,
       304
      ],
      [
       1368645.7183863046,
       552875.4672472004,
       304
      ],
      [
       1368646.0926294085,
       552875.186604708,
       304
      ],
      [
       1368646.5399763442,
       552874.8525095794,
       304
      ],
      [
       1368647.0604271116,
       552874.4649618142,
       304
      ],
      [
       1368647.5786092125,
       552874.0840663798,
       304
      ],
      [
       1368648.0945226466,
       552873.7098232761,
       304
      ],
      [
       1368648.608167414,
       552873.3422325029,
       304
      ],
      [
       1368649.1195435151,
       552872.9812940601,
       304
      ],
      [
       1368649.5623531174,
       552872.6603474102,
       304
      ],
      [
       1368649.9365962213,
       552872.3793925531,
       304
      ],
      [
       1368650.2422728266,
       552872.1384294888,
       304
      ],
      [
       1368650.4793829334,
       552871.9374582171,
       304
      ],
      [
       1368650.827614906,
       552871.6498510295,
       304
      ],
      [
       1368651.2869687446,
       552871.2756079256,
       304
      ],
      [
       1368651.857444449,
       552870.8147289057,
       304
      ],
      [
       1368652.5390420193,
       552870.2672139695,
       304
      ],
      [
       1368653.0669623564,
       552869.8359983205,
       304
      ],
      [
       1368653.44120546,
       552869.5210819584,
       304
      ],
      [
       1368653.6617713307,
       552869.3224648834,
       304
      ],
      [
       1368653.7286599681,
       552869.2401470955,
       304
      ],
      [
       1368653.9274493882,
       552869.0118666496,
       304
      ],
      [
       1368654.2581395912,
       552868.6376235458,
       304
      ],
      [
       1368654.720730577,
       552868.1174177841,
       304
      ],
      [
       1368655.315222345,
       552867.4512493643,
       304
      ],
      [
       1368655.799589781,
       552866.8663274494,
       304
      ],
      [
       1368656.173832885,
       552866.3626520392,
       304
      ],
      [
       1368656.4379516565,
       552865.9402231338,
       304
      ],
      [
       1368656.5919460962,
       552865.5990407332,
       304
      ],
      [
       1368656.7621771982,
       552865.2413279809,
       304
      ],
      [
       1368656.9486449626,
       552864.8670848771,
       304
      ],
      [
       1368657.1513493902,
       552864.4763114217,
       304
      ],
      [
       1368657.37029048,
       552864.0690076146,
       304
      ],
      [
       1368657.5356680162,
       552863.5764082075,
       304
      ],
      [
       1368657.647481998,
       552862.9985132001,
       304
      ],
      [
       1368657.705732426,
       552862.3353225926,
       304
      ],
      [
       1368657.7104192998,
       552861.5868363848,
       304
      ],
      [
       1368657.658027464,
       552860.8965289267,
       304
      ],
      [
       1368657.5485569192,
       552860.2644002178,
       304
      ],
      [
       1368657.3820076645,
       552859.6904502584,
       304
      ],
      [
       1368657.1583797005,
       552859.1746790486,
       304
      ],
      [
       1368656.9658650225,
       552858.7296718917,
       304
      ],
      [
       1368656.8044636305,
       552858.3554287879,
       304
      ],
      [
       1368656.6741755242,
       552858.0519497371,
       304
      ],
      [
       1368656.5750007038,
       552857.8192347393,
       304
      ],
      [
       1368656.4094579383,
       552857.4575769391,
       304
      ],
      [
       1368656.1775472276,
       552856.9669763364,
       304
      ],
      [
       1368655.8792685722,
       552856.3474329312,
       304
      ],
      [
       1368655.5146219716,
       552855.5989467236,
       304
      ],
      [
       1368655.1699708246,
       552854.8650044271,
       304
      ],
      [
       1368654.845315131,
       552854.145606042,
       304
      ],
      [
       1368654.540654891,
       552853.4407515682,
       304
      ],
      [
       1368654.255990104,
       552852.7504410056,
       304
      ],
      [
       1368654.036514793,
       552852.2181641724,
       304
      ],
      [
       1368653.882228958,
       552851.8439210686,
       304
      ],
      [
       1368653.7931325983,
       552851.6277116941,
       304
      ],
      [
       1368653.769225714,
       552851.569536049,
       304
      ],
      [
       1368653.6371799456,
       552851.3387827633,
       304
      ],
      [
       1368653.3969952927,
       552850.9354518369,
       304
      ],
      [
       1368653.048671755,
       552850.3595432698,
       304
      ],
      [
       1368652.592209333,
       552849.6110570623,
       304
      ],
      [
       1368652.1828332911,
       552848.9747677115,
       304
      ],
      [
       1368651.8205436291,
       552848.4506752178,
       304
      ],
      [
       1368651.5053403475,
       552848.038779581,
       304
      ],
      [
       1368651.237223446,
       552847.7390808011,
       304
      ],
      [
       1368650.9488756848,
       552847.4021098593,
       304
      ],
      [
       1368650.6402970636,
       552847.0278667554,
       304
      ],
      [
       1368650.3114875832,
       552846.6163514896,
       304
      ],
      [
       1368649.9624472433,
       552846.1675640618,
       304
      ],
      [
       1368649.6008055212,
       552845.7074865312,
       304
      ],
      [
       1368649.2265624176,
       552845.2361188981,
       304
      ],
      [
       1368648.8397179318,
       552844.7534611623,
       304
      ],
      [
       1368648.4402720642,
       552844.2595133241,
       304
      ],
      [
       1368648.090184459,
       552843.825417853,
       304
      ],
      [
       1368647.7894551165,
       552843.4511747492,
       304
      ],
      [
       1368647.5380840364,
       552843.1367840127,
       304
      ],
      [
       1368647.3360712186,
       552842.8822456433,
       304
      ],
      [
       1368647.047943258,
       552842.5205449953,
       304
      ],
      [
       1368646.673700154,
       552842.0516820685,
       304
      ],
      [
       1368646.2133419071,
       552841.4756568632,
       304
      ],
      [
       1368645.6668685172,
       552840.7924693791,
       304
      ],
      [
       1368645.2442373922,
       552840.2637540852,
       304
      ],
      [
       1368644.9454485325,
       552839.8895109814,
       304
      ],
      [
       1368644.7705019375,
       552839.6697400677,
       304
      ],
      [
       1368644.7193976077,
       552839.6044413439,
       304
      ],
      [
       1368644.506723891,
       552839.4021267365,
       304
      ],
      [
       1368644.132480787,
       552839.062796245,
       304
      ],
      [
       1368643.5966682963,
       552838.5864498697,
       304
      ],
      [
       1368642.8992864182,
       552837.9730876104,
       304
      ],
      [
       1368642.329272682,
       552837.4792849289,
       304
      ],
      [
       1368641.8866270871,
       552837.105041825,
       304
      ],
      [
       1368641.571349634,
       552836.850358299,
       304
      ],
      [
       1368641.3834403225,
       552836.7152343505,
       304
      ],
      [
       1368641.1023641147,
       552836.5388514914,
       304
      ],
      [
       1368640.7281210108,
       552836.3212097215,
       304
      ],
      [
       1368640.2607110108,
       552836.0623090407,
       304
      ],
      [
       1368639.700134115,
       552835.7621494492,
       304
      ],
      [
       1368639.092579891,
       552835.4815462888,
       304
      ],
      [
       1368638.4380483392,
       552835.2204995597,
       304
      ],
      [
       1368637.7365394593,
       552834.9790092617,
       304
      ],
      [
       1368636.9880532515,
       552834.7570753951,
       304
      ],
      [
       1368636.239567044,
       552834.575851183,
       304
      ],
      [
       1368635.4910808364,
       552834.4353366256,
       304
      ],
      [
       1368634.7425946286,
       552834.335531723,
       304
      ],
      [
       1368633.9941084213,
       552834.276436475,
       304
      ],
      [
       1368633.2456222135,
       552834.247778637,
       304
      ],
      [
       1368632.4971360057,
       552834.2495582089,
       304
      ],
      [
       1368631.7486497979,
       552834.2817751907,
       304
      ],
      [
       1368631.0001635905,
       552834.3444295824,
       304
      ],
      [
       1368630.2516773827,
       552834.4102919964,
       304
      ],
      [
       1368629.503191175,
       552834.4793624326,
       304
      ],
      [
       1368628.7547049671,
       552834.5516408911,
       304
      ],
      [
       1368628.0062187598,
       552834.627127372,
       304
      ],
      [
       1368627.257732552,
       552834.6880578423,
       304
      ],
      [
       1368626.5092463442,
       552834.7344323024,
       304
      ],
      [
       1368625.7607601364,
       552834.7662507521,
       304
      ],
      [
       1368625.012273929,
       552834.7835131915,
       304
      ],
      [
       1368624.2637877213,
       552834.7924657778,
       304
      ],
      [
       1368623.5153015137,
       552834.7931085113,
       304
      ],
      [
       1368622.7668153062,
       552834.7854413914,
       304
      ],
      [
       1368622.0183290984,
       552834.7694644185,
       304
      ],
      [
       1368621.2698428906,
       552834.7590338271,
       304
      ],
      [
       1368620.5213566828,
       552834.7541496172,
       304
      ],
      [
       1368619.7728704752,
       552834.7548117886,
       304
      ],
      [
       1368619.0243842679,
       552834.7610203414,
       304
      ],
      [
       1368618.2758980603,
       552834.7828962081,
       304
      ],
      [
       1368617.5274118525,
       552834.8204393886,
       304
      ],
      [
       1368616.7789256447,
       552834.8736498829,
       304
      ],
      [
       1368616.030439437,
       552834.942527691,
       304
      ],
      [
       1368615.281953229,
       552835.0178399943,
       304
      ],
      [
       1368614.5334670213,
       552835.0995867928,
       304
      ],
      [
       1368613.7849808137,
       552835.1877680864,
       304
      ],
      [
       1368613.0364946064,
       552835.2823838752,
       304
      ],
      [
       1368612.2880083988,
       552835.3671513164,
       304
      ],
      [
       1368611.539522191,
       552835.4420704097,
       304
      ],
      [
       1368610.7910359832,
       552835.5071411553,
       304
      ],
      [
       1368610.0425497754,
       552835.5623635532,
       304
      ],
      [
       1368609.2940635676,
       552835.611484533,
       304
      ],
      [
       1368608.5455773603,
       552835.6545040945,
       304
      ],
      [
       1368607.7970911525,
       552835.6914222379,
       304
      ],
      [
       1368607.048604945,
       552835.7222389631,
       304
      ],
      [
       1368606.3001187374,
       552835.7584751885,
       304
      ],
      [
       1368605.5516325296,
       552835.8001309142,
       304
      ],
      [
       1368604.8031463218,
       552835.84720614,
       304
      ],
      [
       1368604.0546601145,
       552835.899700866,
       304
      ],
      [
       1368603.3061739067,
       552835.9599142607,
       304
      ],
      [
       1368602.5576876989,
       552836.0278463241,
       304
      ],
      [
       1368601.809201491,
       552836.1034970562,
       304
      ],
      [
       1368601.0607152837,
       552836.1868664568,
       304
      ],
      [
       1368600.417891178,
       552836.2619327492,
       304
      ],
      [
       1368599.8807291747,
       552836.3286959333,
       304
      ],
      [
       1368599.4492292732,
       552836.3871560091,
       304
      ],
      [
       1368599.1233914741,
       552836.4373129766,
       304
      ],
      [
       1368598.7733510225,
       552836.4910068339,
       304
      ],
      [
       1368598.3991079188,
       552836.5482375809,
       304
      ],
      [
       1368598.0006621627,
       552836.6090052178,
       304
      ],
      [
       1368597.578013754,
       552836.6733097445,
       304
      ],
      [
       1368597.0739058957,
       552836.736699873,
       304
      ],
      [
       1368596.4883385876,
       552836.7991756034,
       304
      ],
      [
       1368595.8213118296,
       552836.8607369359,
       304
      ],
      [
       1368595.0728256223,
       552836.9213838701,
       304
      ],
      [
       1368594.3243394145,
       552836.9658763921,
       304
      ],
      [
       1368593.5758532067,
       552836.9942145017,
       304
      ],
      [
       1368592.8273669991,
       552837.0063981991,
       304
      ],
      [
       1368592.0788807916,
       552837.002427484,
       304
      ],
      [
       1368591.3303945838,
       552836.9917451582,
       304
      ],
      [
       1368590.5819083764,
       552836.9743512216,
       304
      ],
      [
       1368589.8334221686,
       552836.9502456742,
       304
      ],
      [
       1368589.0849359608,
       552836.919428516,
       304
      ],
      [
       1368588.336449753,
       552836.8922592518,
       304
      ],
      [
       1368587.5879635452,
       552836.8687378815,
       304
      ],
      [
       1368586.8394773377,
       552836.8488644053,
       304
      ],
      [
       1368586.0909911303,
       552836.8326388231,
       304
      ],
      [
       1368585.3425049228,
       552836.8310832246,
       304
      ],
      [
       1368584.594018715,
       552836.84419761,
       304
      ],
      [
       1368583.8455325072,
       552836.8719819791,
       304
      ],
      [
       1368583.0970462994,
       552836.9144363321,
       304
      ],
      [
       1368582.3485600916,
       552836.9692495345,
       304
      ],
      [
       1368581.6000738838,
       552837.0364215868,
       304
      ],
      [
       1368580.8515876762,
       552837.1159524885,
       304
      ],
      [
       1368580.1031014689,
       552837.2078422398,
       304
      ],
      [
       1368579.3546152613,
       552837.2997146995,
       304
      ],
      [
       1368578.6061290535,
       552837.3915698676,
       304
      ],
      [
       1368577.8576428457,
       552837.4834077441,
       304
      ],
      [
       1368577.109156638,
       552837.5752283288,
       304
      ],
      [
       1368576.3606704304,
       552837.6618618203,
       304
      ],
      [
       1368575.6121842228,
       552837.7433082183,
       304
      ],
      [
       1368574.863698015,
       552837.8195675231,
       304
      ],
      [
       1368574.1152118077,
       552837.8906397343,
       304
      ],
      [
       1368573.3667255999,
       552837.9591054344,
       304
      ],
      [
       1368572.618239392,
       552838.0249646228,
       304
      ],
      [
       1368571.8697531843,
       552838.0882172999,
       304
      ],
      [
       1368571.121266977,
       552838.1488634655,
       304
      ],
      [
       1368570.3727807691,
       552838.2100956562,
       304
      ],
      [
       1368569.6242945613,
       552838.2719138721,
       304
      ],
      [
       1368568.8758083535,
       552838.3343181129,
       304
      ],
      [
       1368568.1273221462,
       552838.397308379,
       304
      ],
      [
       1368567.3788359384,
       552838.4630969036,
       304
      ],
      [
       1368566.6303497306,
       552838.5316836872,
       304
      ],
      [
       1368565.8818635228,
       552838.6030687296,
       304
      ],
      [
       1368565.1333773155,
       552838.6772520308,
       304
      ],
      [
       1368564.3848911077,
       552838.7371896955,
       304
      ],
      [
       1368563.6364049,
       552838.7828817233,
       304
      ],
      [
       1368562.8879186925,
       552838.8143281145,
       304
      ],
      [
       1368562.1394324847,
       552838.831528869,
       304
      ],
      [
       1368561.390946277,
       552838.8454886295,
       304
      ],
      [
       1368560.6424600692,
       552838.8562073961,
       304
      ],
      [
       1368559.8939738616,
       552838.8636851689,
       304
      ],
      [
       1368559.1454876543,
       552838.8679219477,
       304
      ],
      [
       1368558.3970014467,
       552838.8800303204,
       304
      ],
      [
       1368557.648515239,
       552838.9000102871,
       304
      ],
      [
       1368556.900029031,
       552838.9278618477,
       304
      ],
      [
       1368556.1515428233,
       552838.9635850021,
       304
      ],
      [
       1368555.4030566155,
       552839.0066703188,
       304
      ],
      [
       1368554.6545704077,
       552839.0571177977,
       304
      ],
      [
       1368553.9060842001,
       552839.1149274388,
       304
      ],
      [
       1368553.1575979928,
       552839.1800992421,
       304
      ],
      [
       1368552.475683685,
       552839.243267864,
       304
      ],
      [
       1368551.860341277,
       552839.3044333046,
       304
      ],
      [
       1368551.311570769,
       552839.3635955639,
       304
      ],
      [
       1368550.8293721604,
       552839.4207546418,
       304
      ],
      [
       1368550.4011513044,
       552839.4712600516,
       304
      ],
      [
       1368550.0269082007,
       552839.5151117935,
       304
      ],
      [
       1368549.706642849,
       552839.5523098673,
       304
      ],
      [
       1368549.4403552497,
       552839.5828542731,
       304
      ],
      [
       1368549.0535179982,
       552839.6264411765,
       304
      ],
      [
       1368548.5461310945,
       552839.6830705777,
       304
      ],
      [
       1368547.918194539,
       552839.7527424765,
       304
      ],
      [
       1368547.1697083313,
       552839.835456873,
       304
      ],
      [
       1368546.4212221238,
       552839.9146983783,
       304
      ],
      [
       1368545.672735916,
       552839.9904669923,
       304
      ],
      [
       1368544.9242497082,
       552840.0627627149,
       304
      ],
      [
       1368544.1757635009,
       552840.1315855463,
       304
      ],
      [
       1368543.427277293,
       552840.2057607309,
       304
      ],
      [
       1368542.6787910853,
       552840.2852882689,
       304
      ],
      [
       1368541.9303048775,
       552840.3701681601,
       304
      ],
      [
       1368541.1818186701,
       552840.4604004044,
       304
      ],
      [
       1368540.4333324623,
       552840.551650815,
       304
      ],
      [
       1368539.6848462545,
       552840.6439193917,
       304
      ],
      [
       1368538.9363600467,
       552840.7372061345,
       304
      ],
      [
       1368538.1878738394,
       552840.8315110432,
       304
      ],
      [
       1368537.4393876316,
       552840.9229309635,
       304
      ],
      [
       1368536.6909014238,
       552841.0114658948,
       304
      ],
      [
       1368535.942415216,
       552841.0971158373,
       304
      ],
      [
       1368535.1939290087,
       552841.179880791,
       304
      ],
      [
       1368534.4454428009,
       552841.2680420668,
       304
      ],
      [
       1368533.696956593,
       552841.3615996649,
       304
      ],
      [
       1368532.9484703855,
       552841.4605535851,
       304
      ],
      [
       1368532.199984178,
       552841.5649038274,
       304
      ],
      [
       1368531.4514979701,
       552841.6632879877,
       304
      ],
      [
       1368530.7030117628,
       552841.755706066,
       304
      ],
      [
       1368529.954525555,
       552841.8421580622,
       304
      ],
      [
       1368529.2060393472,
       552841.9226439763,
       304
      ],
      [
       1368528.4575531394,
       552841.9928704211,
       304
      ],
      [
       1368527.7090669316,
       552842.0528373966,
       304
      ],
      [
       1368526.960580724,
       552842.1025449028,
       304
      ],
      [
       1368526.2120945167,
       552842.1419929398,
       304
      ],
      [
       1368525.4636083092,
       552842.1754029958,
       304
      ],
      [
       1368524.7151221014,
       552842.2027750708,
       304
      ],
      [
       1368523.9666358936,
       552842.224109165,
       304
      ],
      [
       1368523.2181496858,
       552842.2394052785,
       304
      ],
      [
       1368522.469663478,
       552842.252966955,
       304
      ],
      [
       1368521.7211772702,
       552842.2647941946,
       304
      ],
      [
       1368520.9726910626,
       552842.2748869975,
       304
      ],
      [
       1368520.2242048553,
       552842.2832453636,
       304
      ],
      [
       1368519.4757186477,
       552842.300250473,
       304
      ],
      [
       1368518.72723244,
       552842.3259023257,
       304
      ],
      [
       1368517.978746232,
       552842.3602009215,
       304
      ],
      [
       1368517.2302600243,
       552842.4031462607,
       304
      ],
      [
       1368516.6524541588,
       552842.4374098787,
       304
      ],
      [
       1368516.2453286352,
       552842.4629917758,
       304
      ],
      [
       1368516.0088834534,
       552842.4798919518,
       304
      ],
      [
       1368515.9431186132,
       552842.4881104068,
       304
      ],
      [
       1368515.7231146414,
       552842.5156969137,
       304
      ],
      [
       1368515.3488715375,
       552842.5626514727,
       304
      ],
      [
       1368514.8203893017,
       552842.6289740836,
       304
      ],
      [
       1368514.1376679342,
       552842.7146647465,
       304
      ],
      [
       1368513.4385053562,
       552842.804877924,
       304
      ],
      [
       1368512.7229015685,
       552842.8996136163,
       304
      ],
      [
       1368511.9908565707,
       552842.9988718231,
       304
      ],
      [
       1368511.2423703633,
       552843.1026525446,
       304
      ],
      [
       1368510.4938841555,
       552843.1955397835,
       304
      ],
      [
       1368509.7453979477,
       552843.27753354,
       304
      ],
      [
       1368508.99691174,
       552843.3486338139,
       304
      ],
      [
       1368508.2484255326,
       552843.4088406053,
       304
      ],
      [
       1368507.4999393248,
       552843.4577632349,
       304
      ],
      [
       1368506.751453117,
       552843.4954017024,
       304
      ],
      [
       1368506.0029669092,
       552843.5217560082,
       304
      ],
      [
       1368505.2544807019,
       552843.536826152,
       304
      ],
      [
       1368504.505994494,
       552843.5405373683,
       304
      ],
      [
       1368503.7575082865,
       552843.5328896572,
       304
      ],
      [
       1368503.009022079,
       552843.5138830184,
       304
      ],
      [
       1368502.2605358711,
       552843.4835174521,
       304
      ],
      [
       1368501.5120496633,
       552843.473391125,
       304
      ],
      [
       1368500.7635634555,
       552843.4835040369,
       304
      ],
      [
       1368500.015077248,
       552843.5138561877,
       304
      ],
      [
       1368499.2665910407,
       552843.5644475777,
       304
      ],
      [
       1368498.518104833,
       552843.6210524392,
       304
      ],
      [
       1368497.7696186253,
       552843.6836707724,
       304
      ],
      [
       1368497.0211324175,
       552843.752302577,
       304
      ],
      [
       1368496.2726462097,
       552843.8269478534,
       304
      ],
      [
       1368495.524160002,
       552843.9067276765,
       304
      ],
      [
       1368494.775673794,
       552843.9916420465,
       304
      ],
      [
       1368494.0271875865,
       552844.0816909634,
       304
      ],
      [
       1368493.2787013792,
       552844.1768744269,
       304
      ],
      [
       1368492.5302151716,
       552844.2658443851,
       304
      ],
      [
       1368491.7817289638,
       552844.3486008376,
       304
      ],
      [
       1368491.033242756,
       552844.4251437848,
       304
      ],
      [
       1368490.2847565482,
       552844.4954732268,
       304
      ],
      [
       1368489.5362703407,
       552844.5481674086,
       304
      ],
      [
       1368488.787784133,
       552844.5832263306,
       304
      ],
      [
       1368488.0392979253,
       552844.6006499926,
       304
      ],
      [
       1368487.290811718,
       552844.6004383948,
       304
      ],
      [
       1368486.5423255102,
       552844.5976092439,
       304
      ],
      [
       1368485.7938393024,
       552844.5921625401,
       304
      ],
      [
       1368485.0453530946,
       552844.5840982832,
       304
      ],
      [
       1368484.2968668872,
       552844.5734164731,
       304
      ],
      [
       1368483.5483806795,
       552844.5800443925,
       304
      ],
      [
       1368482.7998944717,
       552844.6039820411,
       304
      ],
      [
       1368482.0514082639,
       552844.6452294189,
       304
      ],
      [
       1368481.3029220565,
       552844.7037865259,
       304
      ],
      [
       1368480.5544358487,
       552844.7773068288,
       304
      ],
      [
       1368479.805949641,
       552844.8657903275,
       304
      ],
      [
       1368479.0574634331,
       552844.9692370221,
       304
      ],
      [
       1368478.3089772258,
       552845.0876469123,
       304
      ],
      [
       1368477.6221651104,
       552845.1907744033,
       304
      ],
      [
       1368476.997027088,
       552845.278619495,
       304
      ],
      [
       1368476.4335631577,
       552845.3511821873,
       304
      ],
      [
       1368475.9317733198,
       552845.4084624804,
       304
      ],
      [
       1368475.4937568493,
       552845.4580655736,
       304
      ],
      [
       1368475.1195137454,
       552845.4999914669,
       304
      ],
      [
       1368474.8090440086,
       552845.5342401604,
       304
      ],
      [
       1368474.5623476384,
       552845.560811654,
       304
      ],
      [
       1368474.1902038092,
       552845.5822250961,
       304
      ],
      [
       1368473.6926125202,
       552845.5984804867,
       304
      ],
      [
       1368473.069573772,
       552845.6095778258,
       304
      ],
      [
       1368472.3210875646,
       552845.6155171134,
       304
      ],
      [
       1368471.572601357,
       552845.628148931,
       304
      ],
      [
       1368470.8241151492,
       552845.6474732788,
       304
      ],
      [
       1368470.0756289414,
       552845.6734901569,
       304
      ],
      [
       1368469.3271427336,
       552845.706199565,
       304
      ],
      [
       1368468.5786565258,
       552845.7602108754,
       304
      ],
      [
       1368467.830170318,
       552845.8355240882,
       304
      ],
      [
       1368467.0816841105,
       552845.9321392033,
       304
      ],
      [
       1368466.3331979031,
       552846.0500562205,
       304
      ],
      [
       1368465.5847116956,
       552846.1656245275,
       304
      ],
      [
       1368464.8362254878,
       552846.278844124,
       304
      ],
      [
       1368464.08773928,
       552846.3897150104,
       304
      ],
      [
       1368463.3392530722,
       552846.4982371863,
       304
      ],
      [
       1368462.5907668644,
       552846.6009939845,
       304
      ],
      [
       1368461.842280657,
       552846.6979854048,
       304
      ],
      [
       1368461.0937944492,
       552846.7892114471,
       304
      ],
      [
       1368460.3453082417,
       552846.8746721118,
       304
      ],
      [
       1368459.596822034,
       552846.9527013074,
       304
      ],
      [
       1368458.8483358263,
       552847.023299034,
       304
      ],
      [
       1368458.0998496185,
       552847.0864652914,
       304
      ],
      [
       1368457.3513634112,
       552847.1422000797,
       304
      ],
      [
       1368456.6028772034,
       552847.1917962581,
       304
      ],
      [
       1368455.8543909956,
       552847.2352538265,
       304
      ],
      [
       1368455.1059047878,
       552847.2725727847,
       304
      ],
      [
       1368454.3574185804,
       552847.3037531328,
       304
      ],
      [
       1368453.6089323726,
       552847.334794951,
       304
      ],
      [
       1368452.8604461649,
       552847.3656982392,
       304
      ],
      [
       1368452.111959957,
       552847.3964629973,
       304
      ],
      [
       1368451.3634737497,
       552847.4270892255,
       304
      ],
      [
       1368450.614987542,
       552847.462443588,
       304
      ],
      [
       1368449.8665013341,
       552847.5025260848,
       304
      ],
      [
       1368449.1180151263,
       552847.547336716,
       304
      ],
      [
       1368448.369528919,
       552847.5968754814,
       304
      ],
      [
       1368447.6210427112,
       552847.6435096639,
       304
      ],
      [
       1368446.8725565034,
       552847.6872392633,
       304
      ],
      [
       1368446.1240702958,
       552847.7280642797,
       304
      ],
      [
       1368445.3755840883,
       552847.765984713,
       304
      ],
      [
       1368444.6270978805,
       552847.7868795479,
       304
      ],
      [
       1368443.8786116731,
       552847.7907487843,
       304
      ],
      [
       1368443.1301254653,
       552847.7775924223,
       304
      ],
      [
       1368442.3816392575,
       552847.7474104619,
       304
      ],
      [
       1368441.6331530497,
       552847.7208873797,
       304
      ],
      [
       1368440.884666842,
       552847.6980231756,
       304
      ],
      [
       1368440.1361806344,
       552847.6788178498,
       304
      ],
      [
       1368439.387694427,
       552847.6632714022,
       304
      ],
      [
       1368438.6392082195,
       552847.6457568766,
       304
      ],
      [
       1368437.8907220117,
       552847.6262742728,
       304
      ],
      [
       1368437.1422358039,
       552847.604823591,
       304
      ],
      [
       1368436.393749596,
       552847.581404831,
       304
      ],
      [
       1368435.6452633883,
       552847.5679239231,
       304
      ],
      [
       1368434.8967771805,
       552847.5643808673,
       304
      ],
      [
       1368434.148290973,
       552847.5707756635,
       304
      ],
      [
       1368433.3998047656,
       552847.5871083117,
       304
      ],
      [
       1368432.651318558,
       552847.6212775514,
       304
      ],
      [
       1368431.9028323502,
       552847.6732833826,
       304
      ],
      [
       1368431.1543461424,
       552847.7431258053,
       304
      ],
      [
       1368430.4058599346,
       552847.8308048196,
       304
      ],
      [
       1368429.694811429,
       552847.9294393559,
       304
      ],
      [
       1368429.0212006245,
       552848.0390294143,
       304
      ],
      [
       1368428.3850275222,
       552848.1595749946,
       304
      ],
      [
       1368427.7862921213,
       552848.2910760972,
       304
      ],
      [
       1368427.299802869,
       552848.3963294956,
       304
      ],
      [
       1368426.9255597652,
       552848.4753351903,
       304
      ],
      [
       1368426.6635628098,
       552848.5280931811,
       304
      ],
      [
       1368426.513812003,
       552848.5546034679,
       304
      ],
      [
       1368426.214377346,
       552848.6033673835,
       304
      ],
      [
       1368425.7652588384,
       552848.6743849275,
       304
      ],
      [
       1368425.166456481,
       552848.7676561001,
       304
      ],
      [
       1368424.4179702736,
       552848.8831809013,
       304
      ],
      [
       1368423.6694840658,
       552848.9928983225,
       304
      ],
      [
       1368422.920997858,
       552849.0968083638,
       304
      ],
      [
       1368422.1725116502,
       552849.1949110252,
       304
      ],
      [
       1368421.424025443,
       552849.2872063066,
       304
      ],
      [
       1368420.862660787,
       552849.3564277678,
       304
      ],
      [
       1368420.4884176832,
       552849.4025754083,
       304
      ],
      [
       1368420.3012961312,
       552849.4256492287,
       304
      ]
     ]
    },
    "elevationFt": 304,
    "weight": "intermediate",
    "hidden": false
   }
  },
  {
   "type": "Feature",
   "geometry": {
    "type": "LineString",
    "coordinates": [
     [
      -76.80110751974118,
      39.18457730220815
     ],
     [
      -76.80110817916098,
      39.18457756051076
     ],
     [
      -76.80110949800057,
      39.184578077115994
     ],
     [
      -76.80111147626,
      39.1845788520238
     ],
     [
      -76.80111411393933,
      39.184579885234164
     ],
     [
      -76.80111621957683,
      39.184580706631046
     ],
     [
      -76.80111779317247,
      39.18458131621445
     ],
     [
      -76.80111883472621,
      39.18458171398442
     ],
     [
      -76.80111934423805,
      39.18458189994096
     ],
     [
      -76.80112025844728,
      39.18458223927619
     ],
     [
      -76.80112157735394,
      39.18458273199013
     ],
     [
      -76.80112330095804,
      39.18458337808274
     ],
     [
      -76.80112542925957,
      39.184584177554
     ],
     [
      -76.80112768502232,
      39.18458499379786
     ],
     [
      -76.80113006824627,
      39.18458582681435
     ],
     [
      -76.80113257893144,
      39.18458667660338
     ],
     [
      -76.80113521707783,
      39.18458754316503
     ],
     [
      -76.80113748686631,
      39.184588292850165
     ],
     [
      -76.80113938829687,
      39.18458892565887
     ],
     [
      -76.80114092136951,
      39.18458944159116
     ],
     [
      -76.80114208608417,
      39.184589840647
     ],
     [
      -76.80114332793859,
      39.18459027095158
     ],
     [
      -76.80114464693278,
      39.18459073250488
     ],
     [
      -76.80114604306672,
      39.18459122530691
     ],
     [
      -76.80114751634044,
      39.184591749357665
     ],
     [
      -76.80114928072132,
      39.18459239872689
     ],
     [
      -76.80115133620941,
      39.184593173414584
     ],
     [
      -76.80115368280474,
      39.18459407342072
     ],
     [
      -76.8011563205073,
      39.184595098745284
     ],
     [
      -76.80115861527516,
      39.18459599643187
     ],
     [
      -76.80116056710825,
      39.184596766480496
     ],
     [
      -76.8011621760066,
      39.18459740889117
     ],
     [
      -76.80116344197015,
      39.18459792366393
     ],
     [
      -76.80116473435751,
      39.184598444572025
     ],
     [
      -76.8011660531687,
      39.18459897161542
     ],
     [
      -76.8011673984037,
      39.18459950479417
     ],
     [
      -76.80116877006253,
      39.184600044108215
     ],
     [
      -76.80117045825916,
      39.18460069536717
     ],
     [
      -76.80117246299362,
      39.184601458571
     ],
     [
      -76.80117478426592,
      39.184602333719695
     ],
     [
      -76.80117742207608,
      39.18460332081325
     ],
     [
      -76.80117975994537,
      39.18460419559817
     ],
     [
      -76.80118179787375,
      39.184604958074466
     ],
     [
      -76.80118353586121,
      39.18460560824215
     ],
     [
      -76.80118497390774,
      39.18460614610125
     ],
     [
      -76.80118635237886,
      39.18460666350406
     ],
     [
      -76.80118767127458,
      39.1846071604506
     ],
     [
      -76.8011889305949,
      39.18460763694086
     ],
     [
      -76.8011901303398,
      39.184608092974855
     ],
     [
      -76.80119168956044,
      39.18460869631993
     ],
     [
      -76.80119360825682,
      39.18460944697608
     ],
     [
      -76.80119588642897,
      39.18461034494332
     ],
     [
      -76.80119852407691,
      39.18461139022162
     ],
     [
      -76.80120082870285,
      39.18461231478961
     ],
     [
      -76.80120280030677,
      39.18461311864735
     ],
     [
      -76.80120443888865,
      39.18461380179485
     ],
     [
      -76.80120574444844,
      39.18461436423212
     ],
     [
      -76.80120705653002,
      39.18461494621842
     ],
     [
      -76.8012083751334,
      39.18461554775372
     ],
     [
      -76.80120970025854,
      39.18461616883805
     ],
     [
      -76.8012110319055,
      39.18461680947139
     ],
     [
      -76.80121268987938,
      39.18461761325459
     ],
     [
      -76.80121467418022,
      39.184618580187625
     ],
     [
      -76.80121698480804,
      39.18461971027047
     ],
     [
      -76.80121962176287,
      39.18462100350311
     ],
     [
      -76.80122166676463,
      39.184622005514704
     ],
     [
      -76.80122311981322,
      39.18462271630533
     ],
     [
      -76.80122398090866,
      39.18462313587497
     ],
     [
      -76.80122425005086,
      39.184623264223646
     ],
     [
      -76.80122504382085,
      39.18462366597126
     ],
     [
      -76.80122636221857,
      39.18462434111779
     ],
     [
      -76.8012282052441,
      39.184625289663245
     ],
     [
      -76.80123057289747,
      39.18462651160756
     ],
     [
      -76.80123279517963,
      39.184627638097666
     ],
     [
      -76.80123487209057,
      39.18462866913358
     ],
     [
      -76.8012368036303,
      39.1846296047153
     ],
     [
      -76.8012385897988,
      39.184630444842824
     ],
     [
      -76.80124014217712,
      39.184631168498484
     ],
     [
      -76.80124146076528,
      39.18463177568231
     ],
     [
      -76.80124254556324,
      39.18463226639429
     ],
     [
      -76.80124339657098,
      39.18463264063443
     ],
     [
      -76.80124469414024,
      39.18463321800084
     ],
     [
      -76.80124643827098,
      39.184633998493496
     ],
     [
      -76.80124862896328,
      39.18463498211238
     ],
     [
      -76.80125126621716,
      39.184636168857445
     ],
     [
      -76.80125351943936,
      39.18463718437222
     ],
     [
      -76.80125538862984,
      39.18463802865674
     ],
     [
      -76.80125687378859,
      39.184638701710995
     ],
     [
      -76.80125797491556,
      39.18463920353499
     ],
     [
      -76.8012588007608,
      39.184639579903006
     ],
     [
      -76.80125935132429,
      39.184639830814994
     ],
     [
      -76.80125962660605,
      39.184639956271
     ]
    ]
   },
   "properties": {
    "id": "ct-8",
    "kind": "Contour",
    "sourceId": "contours",
    "reliabilityLevel": 1,
    "revision": 1,
    "engineeringGeometry": {
     "crs": "EPSG:2248",
     "crsName": "NAD83 / Maryland State Plane (US survey feet)",
     "datum": "NAD83",
     "unit": "usSurveyFoot",
     "coordinates": [
      [
       1368710.713944707,
       552870.6714758883,
       304
      ],
      [
       1368710.526823155,
       552870.7651478868,
       304
      ],
      [
       1368710.1525800515,
       552870.9524918838,
       304
      ],
      [
       1368709.5912153958,
       552871.2335078792,
       304
      ],
      [
       1368708.842729188,
       552871.608195873,
       304
      ],
      [
       1368708.245221583,
       552871.9060655267,
       304
      ],
      [
       1368707.7986925805,
       552872.1271168401,
       304
      ],
      [
       1368707.5031421809,
       552872.2713498133,
       304
      ],
      [
       1368707.3585703834,
       552872.3387644466,
       304
      ],
      [
       1368707.099162933,
       552872.4617929093,
       304
      ],
      [
       1368706.724919829,
       552872.6404352018,
       304
      ],
      [
       1368706.235841072,
       552872.8746913241,
       304
      ],
      [
       1368705.6319266616,
       552873.1645612759,
       304
      ],
      [
       1368704.991869302,
       552873.4604614675,
       304
      ],
      [
       1368704.3156689927,
       552873.7623918987,
       304
      ],
      [
       1368703.6033257344,
       552874.0703525695,
       304
      ],
      [
       1368702.8548395266,
       552874.3843434799,
       304
      ],
      [
       1368702.210859355,
       552874.655992999,
       304
      ],
      [
       1368701.6713852203,
       552874.8853011269,
       304
      ],
      [
       1368701.2364171213,
       552875.0722678634,
       304
      ],
      [
       1368700.9059550588,
       552875.2168932088,
       304
      ],
      [
       1368700.5536024757,
       552875.3728523715,
       304
      ],
      [
       1368700.1793593718,
       552875.5401453516,
       304
      ],
      [
       1368699.7832257473,
       552875.718772149,
       304
      ],
      [
       1368699.3652016022,
       552875.9087327637,
       304
      ],
      [
       1368698.8645619415,
       552876.1441572626,
       304
      ],
      [
       1368698.281306765,
       552876.4250456457,
       304
      ],
      [
       1368697.615436073,
       552876.7513979129,
       304
      ],
      [
       1368696.8669498651,
       552877.1232140642,
       304
      ],
      [
       1368696.2157718595,
       552877.4487535381,
       304
      ],
      [
       1368695.6619020565,
       552877.7280163346,
       304
      ],
      [
       1368695.2053404555,
       552877.9610024535,
       304
      ],
      [
       1368694.8460870567,
       552878.147711895,
       304
      ],
      [
       1368694.4793388054,
       552878.3366396418,
       304
      ],
      [
       1368694.1050957018,
       552878.5277856938,
       304
      ],
      [
       1368693.7233577454,
       552878.7211500509,
       304
      ],
      [
       1368693.3341249363,
       552878.9167327131,
       304
      ],
      [
       1368692.8550787778,
       552879.1528926402,
       304
      ],
      [
       1368692.2862192695,
       552879.4296298322,
       304
      ],
      [
       1368691.6275464115,
       552879.746944289,
       304
      ],
      [
       1368690.8790602041,
       552880.1048360106,
       304
      ],
      [
       1368690.2156831536,
       552880.4220077577,
       304
      ],
      [
       1368689.6374152603,
       552880.6984595302,
       304
      ],
      [
       1368689.1442565243,
       552880.9341913285,
       304
      ],
      [
       1368688.7362069455,
       552881.1292031524,
       304
      ],
      [
       1368688.3450606042,
       552881.3168011523,
       304
      ],
      [
       1368687.9708175003,
       552881.4969853283,
       304
      ],
      [
       1368687.6134776338,
       552881.6697556803,
       304
      ],
      [
       1368687.2730410052,
       552881.8351122083,
       304
      ],
      [
       1368686.8305919815,
       552882.0539006286,
       304
      ],
      [
       1368686.2861305631,
       552882.3261209412,
       304
      ],
      [
       1368685.63965675,
       552882.651773146,
       304
      ],
      [
       1368684.8911705427,
       552883.0308572429,
       304
      ],
      [
       1368684.2371771801,
       552883.3661817113,
       304
      ],
      [
       1368683.6776766623,
       552883.657746551,
       304
      ],
      [
       1368683.2126689898,
       552883.9055517622,
       304
      ],
      [
       1368682.8421541625,
       552884.109597345,
       304
      ],
      [
       1368682.4697751966,
       552884.3207590713,
       304
      ],
      [
       1368682.095532093,
       552884.5390369412,
       304
      ],
      [
       1368681.719424851,
       552884.7644309549,
       304
      ],
      [
       1368681.3414534705,
       552884.9969411121,
       304
      ],
      [
       1368680.8708533836,
       552885.2886724509,
       304
      ],
      [
       1368680.3076245897,
       552885.6396249711,
       304
      ],
      [
       1368679.6517670888,
       552886.0497986728,
       304
      ],
      [
       1368678.9032808812,
       552886.5191935559,
       304
      ],
      [
       1368678.3228182872,
       552886.88288501,
       304
      ],
      [
       1368677.9103793073,
       552887.1408730351,
       304
      ],
      [
       1368677.6659639408,
       552887.2931576313,
       304
      ],
      [
       1368677.589572188,
       552887.3397387986,
       304
      ],
      [
       1368677.3642547599,
       552887.4855737952,
       304
      ],
      [
       1368676.9900116562,
       552887.7306626212,
       304
      ],
      [
       1368676.4668428767,
       552888.0750052766,
       304
      ],
      [
       1368675.7947484215,
       552888.5186017613,
       304
      ],
      [
       1368675.1639360148,
       552888.9275215557,
       304
      ],
      [
       1368674.574405656,
       552889.3017646595,
       304
      ],
      [
       1368674.0261573456,
       552889.6413310729,
       304
      ],
      [
       1368673.5191910835,
       552889.9462207957,
       304
      ],
      [
       1368673.0785864005,
       552890.208833318,
       304
      ],
      [
       1368672.7043432966,
       552890.4291686397,
       304
      ],
      [
       1368672.396461772,
       552890.6072267606,
       304
      ],
      [
       1368672.1549418266,
       552890.743007681,
       304
      ],
      [
       1368671.7866803156,
       552890.9524958599,
       304
      ],
      [
       1368671.291677239,
       552891.2356912977,
       304
      ],
      [
       1368670.6699325969,
       552891.592593994,
       304
      ],
      [
       1368669.921446389,
       552892.0232039492,
       304
      ],
      [
       1368669.2819520251,
       552892.3916852486,
       304
      ],
      [
       1368668.7514495049,
       552892.6980378922,
       304
      ],
      [
       1368668.3299388285,
       552892.9422618803,
       304
      ],
      [
       1368668.017419996,
       552893.1243572125,
       304
      ],
      [
       1368667.7830308713,
       552893.2609287116,
       304
      ],
      [
       1368667.6267714552,
       552893.3519763779,
       304
      ],
      [
       1368667.5486417469,
       552893.3975002109,
       304
      ]
     ]
    },
    "elevationFt": 304,
    "weight": "intermediate",
    "hidden": false
   }
  },
  {
   "type": "Feature",
   "geometry": {
    "type": "LineString",
    "coordinates": [
     [
      -76.80110757855553,
      39.18455629339995
     ],
     [
      -76.80110776483957,
      39.1845563689554
     ],
     [
      -76.80110813740764,
      39.1845565200663
     ],
     [
      -76.80110869625973,
      39.18455674673265
     ],
     [
      -76.80110944139585,
      39.18455704895446
     ],
     [
      -76.80111047342895,
      39.184557442146485
     ],
     [
      -76.80111179235901,
      39.18455792630873
     ],
     [
      -76.80111339818606,
      39.18455850144117
     ],
     [
      -76.8011152909101,
      39.18455916754382
     ],
     [
      -76.80111736999474,
      39.18455988187705
     ],
     [
      -76.80111963543996,
      39.184560644440836
     ],
     [
      -76.80112208724577,
      39.184561455235226
     ],
     [
      -76.80112472541218,
      39.18456231426017
     ],
     [
      -76.80112723749116,
      39.18456309383018
     ],
     [
      -76.8011296234827,
      39.18456379394528
     ],
     [
      -76.80113188338673,
      39.184564414605475
     ],
     [
      -76.80113401720331,
      39.18456495581078
     ],
     [
      -76.80113574379295,
      39.18456539127333
     ],
     [
      -76.80113706315565,
      39.18456572099318
     ],
     [
      -76.80113797529137,
      39.1845659449703
     ],
     [
      -76.80113848020011,
      39.18456606320475
     ],
     [
      -76.8011395186023,
      39.18456630271121
     ],
     [
      -76.80114109049794,
      39.18456666348969
     ],
     [
      -76.80114319588704,
      39.18456714554014
     ],
     [
      -76.80114583476961,
      39.18456774886256
     ],
     [
      -76.80114847349083,
      39.18456840986388
     ],
     [
      -76.80115111205063,
      39.18456912854412
     ],
     [
      -76.80115375044905,
      39.18456990490325
     ],
     [
      -76.8011563886861,
      39.1845707389413
     ],
     [
      -76.80115878743699,
      39.18457149249192
     ],
     [
      -76.8011609467017,
      39.18457216555517
     ],
     [
      -76.80116286648024,
      39.184572758131026
     ],
     [
      -76.80116454677257,
      39.1845732702195
     ],
     [
      -76.8011660464897,
      39.184573730617984
     ],
     [
      -76.80116736563161,
      39.184574139326486
     ],
     [
      -76.80116850419832,
      39.18457449634501
     ],
     [
      -76.80116946218979,
      39.18457480167355
     ],
     [
      -76.80117084050431,
      39.184575145719705
     ],
     [
      -76.8011726391419,
      39.18457552848349
     ],
     [
      -76.80117485810254,
      39.18457594996484
     ],
     [
      -76.80117749738625,
      39.184576410163785
     ],
     [
      -76.80118013665461,
      39.18457687586584
     ],
     [
      -76.80118277590759,
      39.184577347071
     ],
     [
      -76.80118541514521,
      39.18457782377928
     ],
     [
      -76.80118805436747,
      39.18457830599067
     ],
     [
      -76.80119066741608,
      39.184578873189345
     ],
     [
      -76.80119325429106,
      39.18457952537535
     ],
     [
      -76.80119581499243,
      39.184580262548685
     ],
     [
      -76.80119834952019,
      39.184581084709315
     ],
     [
      -76.80120027632846,
      39.18458170970092
     ],
     [
      -76.80120159541724,
      39.18458213752354
     ],
     [
      -76.80120230678648,
      39.18458236817718
     ],
     [
      -76.8012024104362,
      39.18458240166184
     ],
     [
      -76.80120314754883,
      39.184582701104574
     ],
     [
      -76.8012045181244,
      39.18458326650536
     ],
     [
      -76.8012065221629,
      39.18458409786421
     ],
     [
      -76.80120915966442,
      39.18458519518105
     ],
     [
      -76.80121161531824,
      39.18458625119721
     ],
     [
      -76.80121388912436,
      39.18458726591268
     ],
     [
      -76.80121598108276,
      39.184588239327496
     ],
     [
      -76.80121789119346,
      39.18458917144163
     ],
     [
      -76.80121950553875,
      39.184589942396634
     ],
     [
      -76.80122082411866,
      39.18459055219252
     ],
     [
      -76.80122184693313,
      39.18459100082927
     ],
     [
      -76.80122257398219,
      39.18459128830691
     ],
     [
      -76.80122377860121,
      39.18459179370735
     ],
     [
      -76.80122546079023,
      39.18459251703059
     ],
     [
      -76.80122762054931,
      39.18459345827661
     ],
     [
      -76.80123025787846,
      39.184594617445356
     ],
     [
      -76.80123261091893,
      39.18459564097938
     ],
     [
      -76.80123467967071,
      39.1845965288787
     ],
     [
      -76.80123646413378,
      39.18459728114332
     ],
     [
      -76.80123796430814,
      39.18459789777325
     ],
     [
      -76.80123937376068,
      39.18459848408589
     ],
     [
      -76.80124069249142,
      39.184599040081245
     ],
     [
      -76.80124192050035,
      39.18459956575933
     ],
     [
      -76.80124305778749,
      39.18460006112011
     ],
     [
      -76.801244570368,
      39.18460062135971
     ],
     [
      -76.80124645824193,
      39.184601246478074
     ],
     [
      -76.8012487214093,
      39.18460193647522
     ],
     [
      -76.8012513598701,
      39.18460269135108
     ],
     [
      -76.80125391732724,
      39.18460346128685
     ],
     [
      -76.80125639378075,
      39.18460424628248
     ],
     [
      -76.8012587892306,
      39.18460504633801
     ],
     [
      -76.80126110367681,
      39.18460586145343
     ],
     [
      -76.80126292037762,
      39.18460650690832
     ],
     [
      -76.80126423933304,
      39.184606982702704
     ],
     [
      -76.80126506054303,
      39.184607288836595
     ],
     [
      -76.8012653840076,
      39.18460742531
     ],
     [
      -76.80126628569711,
      39.18460790378203
     ],
     [
      -76.8012677656116,
      39.18460872425264
     ],
     [
      -76.80126982375108,
      39.18460988672186
     ],
     [
      -76.80127246011567,
      39.18461139118963
     ],
     [
      -76.80127464564215,
      39.18461262466983
     ],
     [
      -76.80127638033049,
      39.184613587162524
     ],
     [
      -76.80127766418065,
      39.184614278667745
     ],
     [
      -76.8012784971926,
      39.18461469918548
     ],
     [
      -76.80127957300242,
      39.184615209549726
     ],
     [
      -76.80128089161012,
      39.18461580976048
     ],
     [
      -76.80128245301569,
      39.18461649981773
     ],
     [
      -76.80128425721917,
      39.184617279721486
     ],
     [
      -76.80128626987994,
      39.18461809172539
     ],
     [
      -76.80128849099805,
      39.18461893582943
     ],
     [
      -76.80129092057349,
      39.18461981203357
     ],
     [
      -76.80129355860628,
      39.18462072033784
     ],
     [
      -76.80129589622766,
      39.18462149576191
     ],
     [
      -76.8012979334376,
      39.18462213830584
     ],
     [
      -76.80129967023608,
      39.184622647969604
     ],
     [
      -76.80130110662309,
      39.18462302475324
     ],
     [
      -76.8013024845242,
      39.184623368938965
     ],
     [
      -76.80130380393945,
      39.18462368052679
     ],
     [
      -76.8013050648688,
      39.18462395951675
     ],
     [
      -76.80130626731227,
      39.1846242059088
     ],
     [
      -76.80130782884223,
      39.184624550175705
     ],
     [
      -76.80130974945868,
      39.18462499231745
     ],
     [
      -76.80131202916165,
      39.184625532334024
     ],
     [
      -76.80131466795116,
      39.18462617022539
     ],
     [
      -76.80131730683641,
      39.18462677389661
     ],
     [
      -76.8013199458174,
      39.18462734334766
     ],
     [
      -76.80132258489412,
      39.18462787857856
     ],
     [
      -76.8013252240666,
      39.18462837958929
     ],
     [
      -76.80132786369859,
      39.18462871628433
     ],
     [
      -76.8013305037901,
      39.18462888866367
     ],
     [
      -76.80133314434111,
      39.18462889672728
     ],
     [
      -76.80133578535158,
      39.1846287404752
     ],
     [
      -76.80133792751116,
      39.18462832016134
     ],
     [
      -76.8013395708198,
      39.18462763578575
     ],
     [
      -76.80134071527752,
      39.18462668734842
     ],
     [
      -76.8013413608843,
      39.18462547484938
     ],
     [
      -76.80134168481631,
      39.1846244649722
     ],
     [
      -76.80134168707357,
      39.18462365771687
     ],
     [
      -76.8013413676561,
      39.18462305308339
     ],
     [
      -76.80134072656388,
      39.18462265107176
     ],
     [
      -76.80133984247831,
      39.18462193535327
     ],
     [
      -76.80133871539942,
      39.18462090592789
     ],
     [
      -76.80133734532725,
      39.184619562795625
     ],
     [
      -76.8013357322618,
      39.18461790595646
     ],
     [
      -76.80133426745368,
      39.1846164095695
     ],
     [
      -76.80133295090288,
      39.18461507363476
     ],
     [
      -76.80133178260934,
      39.18461389815226
     ],
     [
      -76.80133076257307,
      39.184612883121986
     ],
     [
      -76.8013297760077,
      39.184611861041446
     ],
     [
      -76.80132882291323,
      39.184610831910646
     ],
     [
      -76.80132790328965,
      39.184609795729585
     ],
     [
      -76.80132701713698,
      39.18460875249826
     ],
     [
      -76.80132591556573,
      39.18460764146651
     ],
     [
      -76.80132459857589,
      39.18460646263438
     ],
     [
      -76.8013230661675,
      39.18460521600182
     ],
     [
      -76.80132131834058,
      39.18460390156883
     ],
     [
      -76.80131974868681,
      39.18460272941563
     ],
     [
      -76.80131835720617,
      39.184601699542206
     ],
     [
      -76.80131714389863,
      39.18460081194856
     ],
     [
      -76.80131610876417,
      39.18460006663474
     ],
     [
      -76.80131493196977,
      39.18459936646294
     ],
     [
      -76.8013136135154,
      39.184598711433196
     ],
     [
      -76.80131215340108,
      39.18459810154549
     ],
     [
      -76.8013105516268,
      39.18459753679978
     ],
     [
      -76.80130869106159,
      39.18459678836076
     ],
     [
      -76.8013065717055,
      39.18459585622841
     ],
     [
      -76.80130419355852,
      39.18459474040269
     ],
     [
      -76.8013015566207,
      39.18459344088361
     ],
     [
      -76.8012994903214,
      39.18459241660709
     ],
     [
      -76.80129799466056,
      39.184591667573194
     ],
     [
      -76.80129706963815,
      39.18459119378192
     ],
     [
      -76.80129671525415,
      39.18459099523332
     ],
     [
      -76.80129587885583,
      39.18459056105164
     ],
     [
      -76.80129456044314,
      39.184589891236875
     ],
     [
      -76.80129276001617,
      39.18458898578903
     ],
     [
      -76.80129047757491,
      39.18458784470805
     ],
     [
      -76.80128845581216,
      39.1845867589176
     ],
     [
      -76.80128669472789,
      39.184585728417645
     ],
     [
      -76.80128519432208,
      39.18458475320825
     ],
     [
      -76.80128395459472,
      39.18458383328939
     ],
     [
      -76.80128267585098,
      39.184582921821466
     ],
     [
      -76.80128135809085,
      39.18458201880444
     ],
     [
      -76.80128000131434,
      39.18458112423835
     ],
     [
      -76.80127860552145,
      39.184580238123175
     ],
     [
      -76.80127722232592,
      39.1845792801463
     ],
     [
      -76.80127585172775,
      39.184578250307744
     ],
     [
      -76.80127449372696,
      39.184577148607495
     ],
     [
      -76.80127314832353,
      39.184575975045554
     ],
     [
      -76.80127181707061,
      39.184574819243394
     ],
     [
      -76.80127049996818,
      39.18457368120102
     ],
     [
      -76.80126919701627,
      39.184572560918426
     ],
     [
      -76.80126790821484,
      39.18457145839561
     ],
     [
      -76.80126665657673,
      39.184570392347105
     ],
     [
      -76.80126544210194,
      39.18456936277293
     ],
     [
      -76.80126426479046,
      39.18456836967307
     ],
     [
      -76.80126312464229,
      39.18456741304756
     ],
     [
      -76.80126189611023,
      39.18456633243383
     ],
     [
      -76.80126057919432,
      39.18456512783189
     ],
     [
      -76.80125917389455,
      39.184563799241744
     ],
     [
      -76.80125768021094,
      39.18456234666337
     ],
     [
      -76.8012563382947,
      39.184561105607656
     ],
     [
      -76.80125514814587,
      39.1845600760746
     ],
     [
      -76.80125410976439,
      39.18455925806419
     ],
     [
      -76.80125322315027,
      39.18455865157644
     ],
     [
      -76.80125212138964,
      39.184557744514606
     ],
     [
      -76.80125080448254,
      39.18455653687865
     ],
     [
      -76.80124927242898,
      39.18455502866863
     ],
     [
      -76.80124752522902,
      39.18455321988444
     ],
     [
      -76.80124614650256,
      39.18455180087819
     ],
     [
      -76.8012451362496,
      39.18455077164983
     ],
     [
      -76.80124449447008,
      39.18455013219941
     ],
     [
      -76.801244221164,
      39.18454988252691
     ],
     [
      -76.8012438259358,
      39.184549181191876
     ],
     [
      -76.80124330878552,
      39.18454802819435
     ],
     [
      -76.80124266971316,
      39.184546423534286
     ],
     [
      -76.80124190871875,
      39.18454436721171
     ],
     [
      -76.80124141499016,
      39.18454231134199
     ],
     [
      -76.80124118852738,
      39.18454025592515
     ],
     [
      -76.80124122933039,
      39.184538200961185
     ],
     [
      -76.80124153739914,
      39.18453614645007
     ],
     [
      -76.80124195403941,
      39.184534254887964
     ],
     [
      -76.8012424792512,
      39.18453252627484
     ],
     [
      -76.80124311303449,
      39.184530960610736
     ],
     [
      -76.80124385538927,
      39.184529557895615
     ],
     [
      -76.80124451141702,
      39.184528343262436
     ],
     [
      -76.80124508111774,
      39.18452731671119
     ],
     [
      -76.80124556449144,
      39.184526478241885
     ],
     [
      -76.80124596153813,
      39.18452582785454
     ],
     [
      -76.80124664223608,
      39.18452482695455
     ],
     [
      -76.8012476065853,
      39.18452347554194
     ],
     [
      -76.80124885458572,
      39.18452177361669
     ],
     [
      -76.80125038623734,
      39.18451972117878
     ],
     [
      -76.8012517152257,
      39.1845180418704
     ],
     [
      -76.80125284155083,
      39.1845167356915
     ],
     [
      -76.80125376521278,
      39.184515802642146
     ],
     [
      -76.80125448621155,
      39.18451524272231
     ],
     [
      -76.80125560615751,
      39.184514450290884
     ],
     [
      -76.80125712505064,
      39.184513425347845
     ],
     [
      -76.80125904289089,
      39.18451216789316
     ],
     [
      -76.80126135967822,
      39.18451067792681
     ],
     [
      -76.80126317936318,
      39.184509522184314
     ],
     [
      -76.80126450194575,
      39.18450870066565
     ],
     [
      -76.80126532742604,
      39.18450821337088
     ],
     [
      -76.80126565580402,
      39.18450806029999
     ],
     [
      -76.80126656330275,
      39.18450756192071
     ],
     [
      -76.80126804992217,
      39.184506718233024
     ],
     [
      -76.80127011566228,
      39.1845055292369
     ],
     [
      -76.80127276052298,
      39.18450399493232
     ],
     [
      -76.80127489553946,
      39.18450275380521
     ],
     [
      -76.80127652071178,
      39.18450180585558
     ],
     [
      -76.80127763603997,
      39.18450115108347
     ],
     [
      -76.80127824152407,
      39.18450078948887
     ],
     [
      -76.8012792054041,
      39.18450025267904
     ],
     [
      -76.80128052768008,
      39.18449954065394
     ],
     [
      -76.80128220835196,
      39.18449865341357
     ],
     [
      -76.80128424741973,
      39.18449759095791
     ],
     [
      -76.80128624435007,
      39.18449654762759
     ],
     [
      -76.80128819914295,
      39.18449552342258
     ],
     [
      -76.80129011179841,
      39.184494518342895
     ],
     [
      -76.80129198231643,
      39.184493532388544
     ],
     [
      -76.80129357870172,
      39.184492687539105
     ],
     [
      -76.80129490095423,
      39.18449198379461
     ],
     [
      -76.80129594907405,
      39.18449142115506
     ],
     [
      -76.80129672306113,
      39.18449099962042
     ],
     [
      -76.80129782045783,
      39.18449027629824
     ],
     [
      -76.80129924126413,
      39.18448925118849
     ],
     [
      -76.80130098547998,
      39.184487924291126
     ],
     [
      -76.80130305310536,
      39.184486295606185
     ],
     [
      -76.80130474843402,
      39.18448498999772
     ],
     [
      -76.80130607146597,
      39.18448400746574
     ],
     [
      -76.80130702220129,
      39.18448334801028
     ],
     [
      -76.80130760063997,
      39.18448301163132
     ],
     [
      -76.80130869560682,
      39.18448240327733
     ],
     [
      -76.80131030710183,
      39.184481522948296
     ],
     [
      -76.80131243512493,
      39.18448037064418
     ],
     [
      -76.80131507967606,
      39.18447894636496
     ],
     [
      -76.80131722779352,
      39.18447780620557
     ],
     [
      -76.80131887947734,
      39.18447695016603
     ],
     [
      -76.80132003472755,
      39.18447637824634
     ],
     [
      -76.80132069354418,
      39.184476090446545
     ],
     [
      -76.801321683778,
      39.18447570211852
     ],
     [
      -76.801323005429,
      39.18447521326229
     ],
     [
      -76.80132465849718,
      39.1844746238778
     ],
     [
      -76.8013266429825,
      39.184473933965045
     ],
     [
      -76.80132879217635,
      39.18447317052392
     ],
     [
      -76.8013311060787,
      39.18447233355439
     ],
     [
      -76.80133358468954,
      39.18447142305643
     ],
     [
      -76.80133622800888,
      39.184470439030044
     ],
     [
      -76.80133843456343,
      39.18446960807572
     ],
     [
      -76.8013402043533,
      39.18446893019349
     ],
     [
      -76.80134153737846,
      39.184468405383356
     ],
     [
      -76.80134243363895,
      39.18446803364536
     ],
     [
      -76.80134354269299,
      39.184467568137585
     ],
     [
      -76.8013448645406,
      39.18446700886002
     ],
     [
      -76.80134639918177,
      39.184466355812674
     ],
     [
      -76.80134814661646,
      39.18446560899553
     ],
     [
      -76.80135011789518,
      39.184464848296955
     ],
     [
      -76.80135231301792,
      39.184464073716974
     ],
     [
      -76.80135473198465,
      39.18446328525552
     ],
     [
      -76.8013573747954,
      39.18446248291259
     ],
     [
      -76.80136001717248,
      39.184461835648634
     ],
     [
      -76.80136265911594,
      39.18446134346361
     ],
     [
      -76.80136530062576,
      39.184461006357544
     ],
     [
      -76.801367941702,
      39.18446082433042
     ],
     [
      -76.80137058236002,
      39.18446079188219
     ],
     [
      -76.80137322259985,
      39.18446090901284
     ],
     [
      -76.80137586242151,
      39.18446117572236
     ],
     [
      -76.80137850182501,
      39.184461592010784
     ],
     [
      -76.80138114113018,
      39.18446204348785
     ],
     [
      -76.80138378033698,
      39.184462530153574
     ],
     [
      -76.80138641944548,
      39.18446305200794
     ],
     [
      -76.80138905845563,
      39.184463609050965
     ],
     [
      -76.8013916975834,
      39.184464124031834
     ],
     [
      -76.80139433682879,
      39.18446459695052
     ],
     [
      -76.8013969761918,
      39.184465027807036
     ],
     [
      -76.80139961567242,
      39.1844654166014
     ],
     [
      -76.80140225525169,
      39.18446577011838
     ],
     [
      -76.8014048949296,
      39.184466088358036
     ],
     [
      -76.80140753470613,
      39.184466371320326
     ],
     [
      -76.8014101745813,
      39.18446661900528
     ],
     [
      -76.80141281455009,
      39.18446683320574
     ],
     [
      -76.80141545461248,
      39.184467013921676
     ],
     [
      -76.80141809476848,
      39.184467161153115
     ],
     [
      -76.80142073501808,
      39.18446727490006
     ],
     [
      -76.8014232405464,
      39.18446737157026
     ],
     [
      -76.80142561135345,
      39.18446745116375
     ],
     [
      -76.80142784743921,
      39.1844675136805
     ],
     [
      -76.80142994880369,
      39.18446755912057
     ],
     [
      -76.80143165958869,
      39.18446759584058
     ],
     [
      -76.8014329797942,
      39.18446762384059
     ],
     [
      -76.80143390942025,
      39.18446764312056
     ],
     [
      -76.8014344484668,
      39.18446765368055
     ],
     [
      -76.80143551279829,
      39.18446769570135
     ],
     [
      -76.80143710241474,
      39.1844677691829
     ],
     [
      -76.80143921731613,
      39.18446787412522
     ],
     [
      -76.80144185750247,
      39.18446801052826
     ],
     [
      -76.80144449762919,
      39.18446816827074
     ],
     [
      -76.80144713769627,
      39.184468347352656
     ],
     [
      -76.80144977770375,
      39.18446854777399
     ],
     [
      -76.80145241765159,
      39.18446876953475
     ],
     [
      -76.80145505761097,
      39.18446898717194
     ],
     [
      -76.8014576975819,
      39.184469200685555
     ],
     [
      -76.80146033756435,
      39.1844694100756
     ],
     [
      -76.80146297755836,
      39.18446961534202
     ],
     [
      -76.80146561757172,
      39.184469813683364
     ],
     [
      -76.80146825760444,
      39.18447000509962
     ],
     [
      -76.80147089765656,
      39.18447018959079
     ],
     [
      -76.80147353772801,
      39.18447036715687
     ],
     [
      -76.80147617780877,
      39.1844705413996
     ],
     [
      -76.80147881789883,
      39.18447071231898
     ],
     [
      -76.8014814579982,
      39.184470879915025
     ],
     [
      -76.80148409810685,
      39.18447104418772
     ],
     [
      -76.80148673818188,
      39.18447122050297
     ],
     [
      -76.80148937822327,
      39.18447140886087
     ],
     [
      -76.80149201823102,
      39.184471609261344
     ],
     [
      -76.80149465820514,
      39.18447182170442
     ],
     [
      -76.80149729810672,
      39.18447206011607
     ],
     [
      -76.80149993793576,
      39.18447232449628
     ],
     [
      -76.80150257769226,
      39.18447261484506
     ],
     [
      -76.80150521737623,
      39.18447293116243
     ],
     [
      -76.8015078571078,
      39.18447323045521
     ],
     [
      -76.80151049688693,
      39.1844735127234
     ],
     [
      -76.80151313671367,
      39.18447377796701
     ],
     [
      -76.80151577658799,
      39.184474026186045
     ],
     [
      -76.80151841658991,
      39.1844742287332
     ],
     [
      -76.80152105671945,
      39.184474385608475
     ],
     [
      -76.80152369697657,
      39.1844744968119
     ],
     [
      -76.80152633736131,
      39.18447456234344
     ],
     [
      -76.80152897781295,
      39.18447460393003
     ],
     [
      -76.80153161833147,
      39.18447462157165
     ],
     [
      -76.80153425891689,
      39.18447461526829
     ],
     [
      -76.80153689956919,
      39.184474585019984
     ],
     [
      -76.80153954020518,
      39.18447456060806
     ],
     [
      -76.80154218082487,
      39.18447454203254
     ],
     [
      -76.80154482142827,
      39.18447452929341
     ],
     [
      -76.80154746201535,
      39.18447452239065
     ],
     [
      -76.80155010249311,
      39.18447455462459
     ],
     [
      -76.80155274286156,
      39.18447462599518
     ],
     [
      -76.8015553831207,
      39.18447473650243
     ],
     [
      -76.80155802327053,
      39.18447488614634
     ],
     [
      -76.80156057356055,
      39.184475059025495
     ],
     [
      -76.80156303399076,
      39.18447525513987
     ],
     [
      -76.80156540456116,
      39.184475474489496
     ],
     [
      -76.80156768527175,
      39.184475717074356
     ],
     [
      -76.80156948557352,
      39.1844759083652
     ],
     [
      -76.80157080546644,
      39.184476048362036
     ],
     [
      -76.8015716449505,
      39.18447613706487
     ],
     [
      -76.80157200402572,
      39.18447617447376
     ],
     [
      -76.80157293328901,
      39.18447626879965
     ],
     [
      -76.80157443274038,
      39.1844764200426
     ],
     [
      -76.80157650237983,
      39.184476628202546
     ],
     [
      -76.80157914220739,
      39.18447689327949
     ],
     [
      -76.801581782069,
      39.18447714617003
     ],
     [
      -76.80158442196466,
      39.184477386874164
     ],
     [
      -76.80158706189437,
      39.18447761539189
     ],
     [
      -76.80158970185813,
      39.184477831723235
     ],
     [
      -76.80159234184123,
      39.18447804113546
     ],
     [
      -76.80159498184366,
      39.184478243628604
     ],
     [
      -76.80159762186544,
      39.18447843920265
     ],
     [
      -76.80160026190656,
      39.18447862785759
     ],
     [
      -76.80160290194945,
      39.18447881588152
     ],
     [
      -76.80160554199412,
      39.18447900327442
     ],
     [
      -76.80160818204055,
      39.18447919003631
     ],
     [
      -76.80161082208876,
      39.18447937616718
     ],
     [
      -76.80161346208102,
      39.18447958234527
     ],
     [
      -76.8016161020173,
      39.184479808570565
     ],
     [
      -76.80161874189763,
      39.184480054843085
     ],
     [
      -76.801621381722,
      39.184480321162795
     ],
     [
      -76.80162402163292,
      39.184480556492076
     ],
     [
      -76.80162666163038,
      39.18448076083089
     ],
     [
      -76.80162930171439,
      39.18448093417923
     ],
     [
      -76.80163194188495,
      39.18448107653711
     ],
     [
      -76.80163458211423,
      39.1844811978635
     ],
     [
      -76.80163722240225,
      39.184481298158374
     ],
     [
      -76.801639862749,
      39.18448137742177
     ],
     [
      -76.80164250315445,
      39.18448143565362
     ],
     [
      -76.8016451435081,
      39.184481512453814
     ],
     [
      -76.8016477838099,
      39.184481607822306
     ],
     [
      -76.80165042405984,
      39.184481721759106
     ],
     [
      -76.80165306425798,
      39.18448185426419
     ],
     [
      -76.80165570441129,
      39.184482002830364
     ],
     [
      -76.80165834451977,
      39.184482167457574
     ],
     [
      -76.80166098458342,
      39.18448234814583
     ],
     [
      -76.80166362460224,
      39.18448254489515
     ],
     [
      -76.80166626456383,
      39.184482762148086
     ],
     [
      -76.80166890446822,
      39.184482999904624
     ],
     [
      -76.80167154431538,
      39.18448325816477
     ],
     [
      -76.80167418410532,
      39.18448353692853
     ],
     [
      -76.80167648041717,
      39.18448377947585
     ],
     [
      -76.8016784332509,
      39.18448398580672
     ],
     [
      -76.80168004260653,
      39.18448415592119
     ],
     [
      -76.80168130848404,
      39.184484289819245
     ],
     [
      -76.80168260137577,
      39.18448442449871
     ],
     [
      -76.80168392128172,
      39.184484559959536
     ],
     [
      -76.80168526820191,
      39.18448469620173
     ],
     [
      -76.80168664213632,
      39.184484833225305
     ],
     [
      -76.80168833262785,
      39.1844849722905
     ],
     [
      -76.80169033967651,
      39.184485113397315
     ],
     [
      -76.80169266328231,
      39.18448525654571
     ],
     [
      -76.80169530344524,
      39.1844854017357
     ],
     [
      -76.80169794364886,
      39.18448553235305
     ],
     [
      -76.80170058389317,
      39.18448564839779
     ],
     [
      -76.80170322417815,
      39.18448574986989
     ],
     [
      -76.80170586450382,
      39.1844858367694
     ],
     [
      -76.80170850481201,
      39.18448592993109
     ],
     [
      -76.80171114510273,
      39.184486029355014
     ],
     [
      -76.80171378537598,
      39.18448613504114
     ],
     [
      -76.80171642563177,
      39.18448624698949
     ],
     [
      -76.801719065809,
      39.18448638708459
     ],
     [
      -76.8017217059077,
      39.18448655532644
     ],
     [
      -76.80172434592784,
      39.18448675171504
     ],
     [
      -76.80172698586946,
      39.18448697625039
     ],
     [
      -76.80172962577153,
      39.18448721496642
     ],
     [
      -76.80173226563402,
      39.18448746786313
     ],
     [
      -76.80173490545697,
      39.18448773494052
     ],
     [
      -76.80173754524036,
      39.18448801619857
     ],
     [
      -76.80174018506192,
      39.184488283786855
     ],
     [
      -76.80174282492163,
      39.18448853770533
     ],
     [
      -76.80174546481953,
      39.18448877795404
     ],
     [
      -76.80174810475559,
      39.18448900453295
     ],
     [
      -76.80175074471762,
      39.18448922180656
     ],
     [
      -76.80175338470563,
      39.184489429774885
     ],
     [
      -76.80175602471964,
      39.1844896284379
     ],
     [
      -76.80175866475962,
      39.18448981779563
     ],
     [
      -76.8017613048658,
      39.184489983428016
     ],
     [
      -76.80176394503822,
      39.184490125335074
     ],
     [
      -76.80176658527682,
      39.184490243516784
     ],
     [
      -76.80176922558165,
      39.18449033797319
     ],
     [
      -76.80177186594125,
      39.184490412798795
     ],
     [
      -76.80177450635563,
      39.184490467993605
     ],
     [
      -76.80177714682478,
      39.18449050355764
     ],
     [
      -76.8017797873487,
      39.1844905194909
     ],
     [
      -76.80178242781751,
      39.18449055518259
     ],
     [
      -76.8017850682312,
      39.184490610632736
     ],
     [
      -76.80178770858974,
      39.18449068584135
     ],
     [
      -76.80179034889319,
      39.1844907808084
     ],
     [
      -76.80179298910164,
      39.18449090982662
     ],
     [
      -76.8017956292151,
      39.184491072896
     ],
     [
      -76.80179826923357,
      39.18449127001653
     ],
     [
      -76.80180090915708,
      39.184491501188226
     ],
     [
      -76.80180354514087,
      39.184491742455656
     ],
     [
      -76.80180617718497,
      39.184491993818796
     ],
     [
      -76.80180880528938,
      39.18449225527766
     ],
     [
      -76.80181142945409,
      39.18449252683225
     ],
     [
      -76.80181340148806,
      39.18449273090488
     ],
     [
      -76.80181472139125,
      39.184492867495585
     ],
     [
      -76.80181538916369,
      39.1844929366044
     ],
     [
      -76.80181540480535,
      39.18449293823132
     ],
     [
      -76.80181607650866,
      39.18449300041801
     ],
     [
      -76.8018174042736,
      39.1844931231644
     ],
     [
      -76.80181938810018,
      39.184493306470536
     ],
     [
      -76.80182202798842,
      39.18449355033635
     ],
     [
      -76.80182466796818,
      39.18449376139402
     ],
     [
      -76.80182730803948,
      39.184493939643566
     ],
     [
      -76.80182994820231,
      39.184494085084985
     ],
     [
      -76.80183258845665,
      39.18449419771828
     ],
     [
      -76.80183522878578,
      39.18449428353673
     ],
     [
      -76.80183786918974,
      39.18449434254033
     ],
     [
      -76.80184050966847,
      39.184494374729084
     ],
     [
      -76.801843150222,
      39.18449438010299
     ],
     [
      -76.80184579070774,
      39.184494409783014
     ],
     [
      -76.8018484311257,
      39.18449446376914
     ],
     [
      -76.80185107147587,
      39.184494542061366
     ],
     [
      -76.80185371175823,
      39.18449464465971
     ],
     [
      -76.8018563520216,
      39.18449475407958
     ],
     [
      -76.80185899226595,
      39.184494870321025
     ],
     [
      -76.80186163249127,
      39.184494993384035
     ],
     [
      -76.80186427269759,
      39.18449512326858
     ],
     [
      -76.80186691282806,
      39.184495280356025
     ],
     [
      -76.80186955288266,
      39.184495464646346
     ],
     [
      -76.80187219286142,
      39.18449567613953
     ],
     [
      -76.80187483276434,
      39.184495914835594
     ],
     [
      -76.80187747262974,
      39.18449616699136
     ],
     [
      -76.80188011245762,
      39.18449643260677
     ],
     [
      -76.80188275224798,
      39.184496711681845
     ],
     [
      -76.80188539200084,
      39.18449700421658
     ],
     [
      -76.80188803189174,
      39.18449724725612
     ],
     [
      -76.80189067192066,
      39.18449744080042
     ],
     [
      -76.80189331208763,
      39.184497584849495
     ],
     [
      -76.8018959523926,
      39.18449767940335
     ],
     [
      -76.80189859279736,
      39.18449773818171
     ],
     [
      -76.80190123330186,
      39.1844977611846
     ],
     [
      -76.80190387390611,
      39.184497748411985
     ],
     [
      -76.80190651461012,
      39.18449769986388
     ],
     [
      -76.80190915527197,
      39.18449766643728
     ],
     [
      -76.80191179589164,
      39.184497648132165
     ],
     [
      -76.80191443646916,
      39.18449764494856
     ],
     [
      -76.80191707700452,
      39.18449765688643
     ],
     [
      -76.80191971744733,
      39.18449770201348
     ],
     [
      -76.80192235779764,
      39.18449778032971
     ],
     [
      -76.8019249980554,
      39.18449789183504
     ],
     [
      -76.80192763822065,
      39.1844980365296
     ],
     [
      -76.80193027838729,
      39.18449818072448
     ],
     [
      -76.80193291855534,
      39.18449832441972
     ],
     [
      -76.8019355587248,
      39.18449846761531
     ],
     [
      -76.80193819889566,
      39.18449861031125
     ],
     [
      -76.8019408391729,
      39.18449871484886
     ],
     [
      -76.80194347955653,
      39.18449878122812
     ],
     [
      -76.80194612004652,
      39.18449880944905
     ],
     [
      -76.8019487606429,
      39.184498799511644
     ],
     [
      -76.80195140120712,
      39.184498801114586
     ],
     [
      -76.80195404173917,
      39.184498814257864
     ],
     [
      -76.80195668223904,
      39.184498838941494
     ],
     [
      -76.80195932270674,
      39.184498875165474
     ],
     [
      -76.8019619630212,
      39.18449896637154
     ],
     [
      -76.80196460318238,
      39.184499112559735
     ],
     [
      -76.80196724319033,
      39.184499313730036
     ],
     [
      -76.80196988304503,
      39.18449956988246
     ],
     [
      -76.80197252296382,
      39.18449980305101
     ],
     [
      -76.80197516294669,
      39.18450001323569
     ],
     [
      -76.80197780299363,
      39.1845002004365
     ],
     [
      -76.80198044310465,
      39.18450036465344
     ],
     [
      -76.80198308334629,
      39.18450048201434
     ],
     [
      -76.80198572371852,
      39.184500552519204
     ],
     [
      -76.80198836422134,
      39.18450057616806
     ],
     [
      -76.80199100485477,
      39.18450055296086
     ],
     [
      -76.80199364555615,
      39.18450050537012
     ],
     [
      -76.80199628632549,
      39.18450043339581
     ],
     [
      -76.80199892716276,
      39.18450033703793
     ],
     [
      -76.802001568068,
      39.18450021629647
     ],
     [
      -76.80200420896408,
      39.184500098835315
     ],
     [
      -76.802006849851,
      39.18449998465442
     ],
     [
      -76.80200949072878,
      39.184499873753815
     ],
     [
      -76.80201213159742,
      39.184499766133484
     ],
     [
      -76.80201477257725,
      39.184499618604434
     ],
     [
      -76.8020174136683,
      39.184499431166635
     ],
     [
      -76.80202005487052,
      39.18449920382013
     ],
     [
      -76.80202269618395,
      39.184498936564886
     ],
     [
      -76.80202533765463,
      39.18449861287309
     ],
     [
      -76.80202797928256,
      39.1844982327447
     ],
     [
      -76.8020306210677,
      39.184497796179784
     ],
     [
      -76.80203326301007,
      39.184497303178276
     ],
     [
      -76.8020359048236,
      39.18449685640319
     ],
     [
      -76.8020385465083,
      39.184496455854514
     ],
     [
      -76.80204118806415,
      39.184496101532254
     ],
     [
      -76.80204382949118,
      39.18449579343641
     ],
     [
      -76.80204647086747,
      39.18449550354634
     ],
     [
      -76.80204911219299,
      39.18449523186206
     ],
     [
      -76.80205175346778,
      39.18449497838356
     ],
     [
      -76.80205439469182,
      39.18449474311086
     ],
     [
      -76.80205692849404,
      39.18449450223058
     ],
     [
      -76.80205935487443,
      39.1844942557427
     ],
     [
      -76.80206167383298,
      39.184494003647245
     ],
     [
      -76.80206388536972,
      39.184493745944245
     ],
     [
      -76.80206565154161,
      39.184493523261665
     ],
     [
      -76.80206697234868,
      39.18449333559953
     ],
     [
      -76.80206784779092,
      39.18449318295785
     ],
     [
      -76.80206827786833,
      39.18449306533666
     ],
     [
      -76.80206926116989,
      39.18449276126063
     ],
     [
      -76.80207079769558,
      39.18449227072979
     ],
     [
      -76.80207288744536,
      39.18449159374408
     ],
     [
      -76.8020755304192,
      39.18449073030347
     ],
     [
      -76.80207817295523,
      39.184490023996695
     ],
     [
      -76.80208081505347,
      39.184489474823735
     ],
     [
      -76.80208345671393,
      39.18448908278459
     ],
     [
      -76.80208609793662,
      39.18448884787923
     ],
     [
      -76.80208873900615,
      39.18448866794807
     ],
     [
      -76.80209137992254,
      39.18448854299108
     ],
     [
      -76.80209402068577,
      39.18448847300829
     ],
     [
      -76.80209666129586,
      39.18448845799968
     ],
     [
      -76.80209930135128,
      39.184488642120755
     ],
     [
      -76.80210194085201,
      39.184489025371555
     ],
     [
      -76.80210457979811,
      39.18448960775206
     ],
     [
      -76.8021072181896,
      39.18449038926228
     ],
     [
      -76.80210944300589,
      39.18449109281338
     ],
     [
      -76.80211125424695,
      39.18449171840544
     ],
     [
      -76.80211265191278,
      39.184492266038454
     ],
     [
      -76.80211363600337,
      39.18449273571242
     ],
     [
      -76.80211478750194,
      39.18449321786041
     ],
     [
      -76.80211610640849,
      39.18449371248239
     ],
     [
      -76.80211759272304,
      39.18449421957838
     ],
     [
      -76.80211924644557,
      39.18449473914837
     ],
     [
      -76.80212114639421,
      39.18449530311111
     ],
     [
      -76.80212329256894,
      39.184495911466584
     ],
     [
      -76.80212568496977,
      39.18449656421482
     ],
     [
      -76.80212832359672,
      39.18449726135577
     ],
     [
      -76.80213030256697,
      39.184497784211416
     ],
     [
      -76.80213162188048,
      39.18449813278185
     ],
     [
      -76.80213228153724,
      39.184498307067074
     ]
    ]
   },
   "properties": {
    "id": "ct-9",
    "kind": "Contour",
    "sourceId": "contours",
    "reliabilityLevel": 1,
    "revision": 1,
    "engineeringGeometry": {
     "crs": "EPSG:2248",
     "crsName": "NAD83 / Maryland State Plane (US survey feet)",
     "datum": "NAD83",
     "unit": "usSurveyFoot",
     "coordinates": [
      [
       1368710.713944707,
       552863.0195904906,
       306
      ],
      [
       1368710.6610813863,
       552863.046994329,
       306
      ],
      [
       1368710.5553547444,
       552863.1018020057,
       306
      ],
      [
       1368710.3967647818,
       552863.1840135207,
       306
      ],
      [
       1368710.1853114986,
       552863.2936288739,
       306
      ],
      [
       1368709.892463305,
       552863.4362003163,
       306
      ],
      [
       1368709.5182202011,
       552863.611727848,
       306
      ],
      [
       1368709.0625821871,
       552863.8202114687,
       306
      ],
      [
       1368708.525549263,
       552864.0616511786,
       306
      ],
      [
       1368707.9356530178,
       552864.3205424076,
       306
      ],
      [
       1368707.2928934516,
       552864.5968851558,
       306
      ],
      [
       1368706.5972705649,
       552864.8906794232,
       306
      ],
      [
       1368705.8487843575,
       552865.2019252098,
       306
      ],
      [
       1368705.136101477,
       552865.4843097277,
       306
      ],
      [
       1368704.4592219237,
       552865.7378329766,
       306
      ],
      [
       1368703.8181456977,
       552865.9624949567,
       306
      ],
      [
       1368703.212872799,
       552866.1582956678,
       306
      ],
      [
       1368702.7231147978,
       552866.3158341253,
       306
      ],
      [
       1368702.348871694,
       552866.4351103291,
       306
      ],
      [
       1368702.0901434876,
       552866.516124279,
       306
      ],
      [
       1368701.9469301784,
       552866.5588759753,
       306
      ],
      [
       1368701.652398645,
       552866.6454680703,
       306
      ],
      [
       1368701.2065488864,
       552866.7759005642,
       306
      ],
      [
       1368700.6093809034,
       552866.9501734567,
       306
      ],
      [
       1368699.860894696,
       552867.1682867481,
       306
      ],
      [
       1368699.1124084885,
       552867.4074080294,
       306
      ],
      [
       1368698.3639222807,
       552867.6675373007,
       306
      ],
      [
       1368697.615436073,
       552867.9486745619,
       306
      ],
      [
       1368696.8669498651,
       552868.2508198131,
       306
      ],
      [
       1368696.186411352,
       552868.5237977437,
       306
      ],
      [
       1368695.5738205337,
       552868.7676083536,
       306
      ],
      [
       1368695.0291774098,
       552868.9822516432,
       306
      ],
      [
       1368694.5524819808,
       552869.1677276121,
       306
      ],
      [
       1368694.1270127143,
       552869.3344884929,
       306
      ],
      [
       1368693.7527696104,
       552869.4825342856,
       306
      ],
      [
       1368693.4297526693,
       552869.6118649903,
       306
      ],
      [
       1368693.1579618908,
       552869.722480607,
       306
      ],
      [
       1368692.766997255,
       552869.8469385013,
       306
      ],
      [
       1368692.256858762,
       552869.9852386732,
       306
      ],
      [
       1368691.6275464115,
       552870.1373811227,
       306
      ],
      [
       1368690.8790602041,
       552870.3033658499,
       306
      ],
      [
       1368690.1305739963,
       552870.471354957,
       306
      ],
      [
       1368689.3820877885,
       552870.6413484439,
       306
      ],
      [
       1368688.6336015807,
       552870.813346311,
       306
      ],
      [
       1368687.8851153734,
       552870.9873485578,
       306
      ],
      [
       1368687.1439808416,
       552871.1923211472,
       306
      ],
      [
       1368686.4101979858,
       552871.4282640791,
       306
      ],
      [
       1368685.6837668056,
       552871.6951773536,
       306
      ],
      [
       1368684.9646873015,
       552871.9930609706,
       306
      ],
      [
       1368684.4180259975,
       552872.2195066427,
       306
      ],
      [
       1368684.0437828936,
       552872.3745143699,
       306
      ],
      [
       1368683.84195799,
       552872.4580841521,
       306
      ],
      [
       1368683.8125512863,
       552872.4702159895,
       306
      ],
      [
       1368683.6033747066,
       552872.5788243196,
       306
      ],
      [
       1368683.2144282511,
       552872.7839091427,
       306
      ],
      [
       1368682.6457119193,
       552873.0854704587,
       306
      ],
      [
       1368681.897225712,
       552873.4835082677,
       306
      ],
      [
       1368681.200318119,
       552873.8666157648,
       306
      ],
      [
       1368680.554989141,
       552874.2347929499,
       306
      ],
      [
       1368679.9612387777,
       552874.5880398232,
       306
      ],
      [
       1368679.419067029,
       552874.9263563846,
       306
      ],
      [
       1368678.9608596028,
       552875.2061579674,
       306
      ],
      [
       1368678.5866164991,
       552875.4274445716,
       306
      ],
      [
       1368678.2963377177,
       552875.5902161972,
       306
      ],
      [
       1368678.0900232585,
       552875.6944728441,
       306
      ],
      [
       1368677.7481658622,
       552875.877806793,
       306
      ],
      [
       1368677.270765529,
       552876.1402180439,
       306
      ],
      [
       1368676.6578222583,
       552876.4817065967,
       306
      ],
      [
       1368675.9093360505,
       552876.9022724514,
       306
      ],
      [
       1368675.241540773,
       552877.273612769,
       306
      ],
      [
       1368674.654436426,
       552877.5957275493,
       306
      ],
      [
       1368674.148023009,
       552877.8686167924,
       306
      ],
      [
       1368673.7223005225,
       552878.0922804985,
       306
      ],
      [
       1368673.3223177271,
       552878.3049580089,
       306
      ],
      [
       1368672.9480746235,
       552878.5066493241,
       306
      ],
      [
       1368672.599571211,
       552878.6973544437,
       306
      ],
      [
       1368672.27680749,
       552878.8770733678,
       306
      ],
      [
       1368671.8476131475,
       552879.0801909039,
       306
      ],
      [
       1368671.3119881828,
       552879.3067070516,
       306
      ],
      [
       1368670.6699325969,
       552879.5566218111,
       306
      ],
      [
       1368669.921446389,
       552879.8299351825,
       306
      ],
      [
       1368669.1959092275,
       552880.108783689,
       306
      ],
      [
       1368668.493321112,
       552880.3931673307,
       306
      ],
      [
       1368667.8136820425,
       552880.6830861076,
       306
      ],
      [
       1368667.1569920192,
       552880.97854002,
       306
      ],
      [
       1368666.6415254555,
       552881.2125071731,
       306
      ],
      [
       1368666.2672823516,
       552881.384987567,
       306
      ],
      [
       1368666.0342627077,
       552881.495981202,
       306
      ],
      [
       1368665.9424665233,
       552881.5454880778,
       306
      ],
      [
       1368665.686497833,
       552881.7192012212,
       306
      ],
      [
       1368665.2663566372,
       552882.0171206322,
       306
      ],
      [
       1368664.6820429354,
       552882.4392463107,
       306
      ],
      [
       1368663.9335567276,
       552882.9855782569,
       306
      ],
      [
       1368663.3130781646,
       552883.4334890628,
       306
      ],
      [
       1368662.8206072457,
       552883.7829787288,
       306
      ],
      [
       1368662.4561439715,
       552884.0340472546,
       306
      ],
      [
       1368662.2196883415,
       552884.1866946402,
       306
      ],
      [
       1368661.9143389747,
       552884.3719162005,
       306
      ],
      [
       1368661.5400958708,
       552884.589711935,
       306
      ],
      [
       1368661.09695903,
       552884.8400818441,
       306
      ],
      [
       1368660.5849284523,
       552885.1230259277,
       306
      ],
      [
       1368660.0137839671,
       552885.4175329468,
       306
      ],
      [
       1368659.383525574,
       552885.7236029016,
       306
      ],
      [
       1368658.694153274,
       552886.041235792,
       306
      ],
      [
       1368657.9456670666,
       552886.3704316178,
       306
      ],
      [
       1368657.2824396263,
       552886.6514150618,
       306
      ],
      [
       1368656.704470953,
       552886.8841861238,
       306
      ],
      [
       1368656.2117610474,
       552887.068744804,
       306
      ],
      [
       1368655.804309909,
       552887.2050911023,
       306
      ],
      [
       1368655.4134627879,
       552887.3296006517,
       306
      ],
      [
       1368655.039219684,
       552887.4422734525,
       306
      ],
      [
       1368654.6815805975,
       552887.5431095047,
       306
      ],
      [
       1368654.340545528,
       552887.6321088083,
       306
      ],
      [
       1368653.8976476742,
       552887.7565346551,
       306
      ],
      [
       1368653.3528870358,
       552887.9163870453,
       306
      ],
      [
       1368652.7062636125,
       552888.1116659788,
       306
      ],
      [
       1368651.9577774052,
       552888.3423714559,
       306
      ],
      [
       1368651.2092911974,
       552888.560613195,
       306
      ],
      [
       1368650.4608049898,
       552888.766391196,
       306
      ],
      [
       1368649.7123187822,
       552888.9597054597,
       306
      ],
      [
       1368648.9638325744,
       552889.1405559853,
       306
      ],
      [
       1368648.2153463666,
       552889.261559018,
       306
      ],
      [
       1368647.4668601588,
       552889.3227145576,
       306
      ],
      [
       1368646.7183739513,
       552889.3240226044,
       306
      ],
      [
       1368645.969887744,
       552889.2654831581,
       306
      ],
      [
       1368645.3630130785,
       552889.1110746084,
       306
      ],
      [
       1368644.897749955,
       552888.8607969554,
       306
      ],
      [
       1368644.574098374,
       552888.514650199,
       306
      ],
      [
       1368644.392058335,
       552888.0726343392,
       306
      ],
      [
       1368644.3010383155,
       552887.7046160393,
       306
      ],
      [
       1368644.3010383155,
       552887.410595299,
       306
      ],
      [
       1368644.392058335,
       552887.1905721184,
       306
      ],
      [
       1368644.574098374,
       552887.0445464975,
       306
      ],
      [
       1368644.8252649698,
       552886.7844121351,
       306
      ],
      [
       1368645.1455581228,
       552886.4101690312,
       306
      ],
      [
       1368645.5349778326,
       552885.9218171859,
       306
      ],
      [
       1368645.9935240995,
       552885.3193565992,
       306
      ],
      [
       1368646.4099187849,
       552884.7752446323,
       306
      ],
      [
       1368646.7841618885,
       552884.289481285,
       306
      ],
      [
       1368647.116253411,
       552883.8620665579,
       306
      ],
      [
       1368647.4061933516,
       552883.4930004504,
       306
      ],
      [
       1368647.6866513626,
       552883.1213458448,
       306
      ],
      [
       1368647.957627444,
       552882.7471027409,
       306
      ],
      [
       1368648.2191215958,
       552882.3702711388,
       306
      ],
      [
       1368648.471133818,
       552881.9908510386,
       306
      ],
      [
       1368648.784261481,
       552881.5868694994,
       306
      ],
      [
       1368649.1585045848,
       552881.1583265213,
       306
      ],
      [
       1368649.5938631296,
       552880.7052221042,
       306
      ],
      [
       1368650.0903371149,
       552880.2275562482,
       306
      ],
      [
       1368650.5361940835,
       552879.8016017684,
       306
      ],
      [
       1368650.9314340348,
       552879.4273586646,
       306
      ],
      [
       1368651.276056969,
       552879.1048269367,
       306
      ],
      [
       1368651.5700628862,
       552878.8340065852,
       306
      ],
      [
       1368651.9041873966,
       552878.5797153115,
       306
      ],
      [
       1368652.2784305005,
       552878.3419531158,
       306
      ],
      [
       1368652.6927921977,
       552878.1207199981,
       306
      ],
      [
       1368653.1472724883,
       552877.9160159586,
       306
      ],
      [
       1368653.6752542583,
       552877.6445666181,
       306
      ],
      [
       1368654.2767375074,
       552877.3063719769,
       306
      ],
      [
       1368654.951722236,
       552876.9014320347,
       306
      ],
      [
       1368655.7002084432,
       552876.4297467917,
       306
      ],
      [
       1368656.2867255243,
       552876.057958628,
       306
      ],
      [
       1368656.711273479,
       552875.786067544,
       306
      ],
      [
       1368656.973852307,
       552875.6140735395,
       306
      ],
      [
       1368657.0744620084,
       552875.5419766144,
       306
      ],
      [
       1368657.3118884112,
       552875.384354575,
       306
      ],
      [
       1368657.686131515,
       552875.141207421,
       306
      ],
      [
       1368658.1971913201,
       552874.8125351527,
       306
      ],
      [
       1368658.8450678263,
       552874.3983377699,
       306
      ],
      [
       1368659.4190096112,
       552874.0041175266,
       306
      ],
      [
       1368659.919016675,
       552873.6298744228,
       306
      ],
      [
       1368660.3450890174,
       552873.2756084584,
       306
      ],
      [
       1368660.6972266387,
       552872.9413196334,
       306
      ],
      [
       1368661.0604170011,
       552872.6101328908,
       306
      ],
      [
       1368661.434660105,
       552872.2820482303,
       306
      ],
      [
       1368661.8199559501,
       552871.957065652,
       306
      ],
      [
       1368662.2163045364,
       552871.6351851561,
       306
      ],
      [
       1368662.6091393097,
       552871.2871233562,
       306
      ],
      [
       1368662.9984602705,
       552870.9128802523,
       306
      ],
      [
       1368663.384267418,
       552870.5124558446,
       306
      ],
      [
       1368663.7665607526,
       552870.0858501329,
       306
      ],
      [
       1368664.144828972,
       552869.6657041799,
       306
      ],
      [
       1368664.5190720758,
       552869.2520179856,
       306
      ],
      [
       1368664.8892900643,
       552868.8447915501,
       306
      ],
      [
       1368665.2554829374,
       552868.4440248731,
       306
      ],
      [
       1368665.6111127296,
       552868.0565199828,
       306
      ],
      [
       1368665.9561794405,
       552867.682276879,
       306
      ],
      [
       1368666.2906830707,
       552867.3212955616,
       306
      ],
      [
       1368666.6146236197,
       552866.9735760308,
       306
      ],
      [
       1368666.9637154462,
       552866.5807519369,
       306
      ],
      [
       1368667.33795855,
       552866.1428232798,
       306
      ],
      [
       1368667.7373529314,
       552865.6597900597,
       306
      ],
      [
       1368668.1618985897,
       552865.1316522764,
       306
      ],
      [
       1368668.5432571308,
       552864.6804618328,
       306
      ],
      [
       1368668.8814285542,
       552864.306218729,
       306
      ],
      [
       1368669.17641286,
       552864.0089229649,
       306
      ],
      [
       1368669.4282100485,
       552863.7885745405,
       306
      ],
      [
       1368669.7412301945,
       552863.4588834946,
       306
      ],
      [
       1368670.1154732984,
       552863.0198498272,
       306
      ],
      [
       1368670.55093936,
       552862.4714735381,
       306
      ],
      [
       1368671.0476283792,
       552861.8137546272,
       306
      ],
      [
       1368671.4395622201,
       552861.29777362,
       306
      ],
      [
       1368671.726740882,
       552860.9235305162,
       306
      ],
      [
       1368671.9091643654,
       552860.6910253158,
       306
      ],
      [
       1368671.98683267,
       552860.6002580188,
       306
      ],
      [
       1368672.0994187207,
       552860.3450609942,
       306
      ],
      [
       1368672.2469225177,
       552859.9254342419,
       306
      ],
      [
       1368672.429344061,
       552859.3413777619,
       306
      ],
      [
       1368672.6466833504,
       552858.5928915542,
       306
      ],
      [
       1368672.78826412,
       552857.8444053466,
       306
      ],
      [
       1368672.8540863697,
       552857.095919139,
       306
      ],
      [
       1368672.8441500997,
       552856.3474329312,
       306
      ],
      [
       1368672.75845531,
       552855.5989467236,
       306
      ],
      [
       1368672.6418560166,
       552854.909742957,
       306
      ],
      [
       1368672.4943522194,
       552854.2798216315,
       306
      ],
      [
       1368672.3159439187,
       552853.709182747,
       306
      ],
      [
       1368672.1066311146,
       552853.1978263038,
       306
      ],
      [
       1368671.9216390995,
       552852.7550265302,
       306
      ],
      [
       1368671.7609678735,
       552852.3807834263,
       306
      ],
      [
       1368671.6246174364,
       552852.0750969923,
       306
      ],
      [
       1368671.5125877883,
       552851.8379672279,
       306
      ],
      [
       1368671.320433339,
       552851.4729983528,
       306
      ],
      [
       1368671.0481540887,
       552850.9801903667,
       306
      ],
      [
       1368670.695750037,
       552850.3595432698,
       306
      ],
      [
       1368670.2632211838,
       552849.6110570623,
       306
      ],
      [
       1368669.8878426175,
       552848.9985975319,
       306
      ],
      [
       1368669.5696143375,
       552848.522164679,
       306
      ],
      [
       1368669.3085363442,
       552848.1817585035,
       306
      ],
      [
       1368669.1046086377,
       552847.9773790053,
       306
      ],
      [
       1368668.7877811736,
       552847.6880677043,
       306
      ],
      [
       1368668.3580539525,
       552847.3138246005,
       306
      ],
      [
       1368667.8154269739,
       552846.8546496938,
       306
      ],
      [
       1368667.1599002385,
       552846.3105429843,
       306
      ],
      [
       1368666.6450153186,
       552845.8884743849,
       306
      ],
      [
       1368666.2707722147,
       552845.5884438956,
       306
      ],
      [
       1368666.0371709268,
       552845.4104515165,
       306
      ],
      [
       1368665.9442114548,
       552845.3544972475,
       306
      ],
      [
       1368665.687370299,
       552845.1724170487,
       306
      ],
      [
       1368665.2666474592,
       552844.8642109201,
       306
      ],
      [
       1368664.6820429354,
       552844.4298788616,
       306
      ],
      [
       1368663.9335567276,
       552843.8694208735,
       306
      ],
      [
       1368663.3293566552,
       552843.4160588947,
       306
      ],
      [
       1368662.8694427179,
       552843.0697929254,
       306
      ],
      [
       1368662.5538149155,
       552842.8306229655,
       306
      ],
      [
       1368662.3824732485,
       552842.698549015,
       306
      ],
      [
       1368662.109680863,
       552842.5024368477,
       306
      ],
      [
       1368661.7354377592,
       552842.2422864635,
       306
      ],
      [
       1368661.2597439368,
       552841.9180978626,
       306
      ],
      [
       1368660.6825993964,
       552841.529871045,
       306
      ],
      [
       1368660.1173838046,
       552841.1486360843,
       306
      ],
      [
       1368659.5640971616,
       552840.7743929804,
       306
      ],
      [
       1368659.0227394674,
       552840.4071417334,
       306
      ],
      [
       1368658.4933107223,
       552840.0468823435,
       306
      ],
      [
       1368658.0414747978,
       552839.7381854765,
       306
      ],
      [
       1368657.6672316939,
       552839.4810511325,
       306
      ],
      [
       1368657.3705814108,
       552839.2754793117,
       306
      ],
      [
       1368657.1515239482,
       552839.1214700139,
       306
      ],
      [
       1368656.8410331858,
       552838.8573438129,
       306
      ],
      [
       1368656.4391091235,
       552838.4831007092,
       306
      ],
      [
       1368655.945751761,
       552837.9987407024,
       306
      ],
      [
       1368655.3609610982,
       552837.4042637926,
       306
      ],
      [
       1368654.8814442148,
       552836.9276878238,
       306
      ],
      [
       1368654.507201111,
       552836.569012796,
       306
      ],
      [
       1368654.2382317865,
       552836.3282387091,
       306
      ],
      [
       1368654.0745362416,
       552836.205365563,
       306
      ],
      [
       1368653.764643031,
       552835.9831147285,
       306
      ],
      [
       1368653.3085521546,
       552835.6614862054,
       306
      ],
      [
       1368652.7062636125,
       552835.2404799938,
       306
      ],
      [
       1368651.9577774052,
       552834.7200960935,
       306
      ],
      [
       1368651.3497833146,
       552834.3035008779,
       306
      ],
      [
       1368650.8822813411,
       552833.9906943471,
       306
      ],
      [
       1368650.555271485,
       552833.7816765009,
       306
      ],
      [
       1368650.3687537462,
       552833.6764473395,
       306
      ],
      [
       1368650.0883733248,
       552833.5343992375,
       306
      ],
      [
       1368649.714130221,
       552833.3555321947,
       306
      ],
      [
       1368649.2460244347,
       552833.1398462115,
       306
      ],
      [
       1368648.684055966,
       552832.8873412875,
       306
      ],
      [
       1368648.0754580626,
       552832.6079541835,
       306
      ],
      [
       1368647.4202307242,
       552832.3016848994,
       306
      ],
      [
       1368646.7183739513,
       552831.9685334351,
       306
      ],
      [
       1368645.969887744,
       552831.608499791,
       306
      ],
      [
       1368645.3450840195,
       552831.3044876478,
       306
      ],
      [
       1368644.8439627779,
       552831.056497006,
       306
      ],
      [
       1368644.4665240196,
       552830.8645278653,
       306
      ],
      [
       1368644.2127677447,
       552830.7285802257,
       306
      ],
      [
       1368643.8987680553,
       552830.5583484089,
       306
      ],
      [
       1368643.5245249514,
       552830.3538324147,
       306
      ],
      [
       1368643.0900384332,
       552830.1150322431,
       306
      ],
      [
       1368642.5953085003,
       552829.8419478943,
       306
      ],
      [
       1368642.037139499,
       552829.5636695765,
       306
      ],
      [
       1368641.4155314288,
       552829.28019729,
       306
      ],
      [
       1368640.7304842898,
       552828.9915310346,
       306
      ],
      [
       1368639.9819980825,
       552828.6976708103,
       306
      ],
      [
       1368639.233511875,
       552828.4602938835,
       306
      ],
      [
       1368638.4850256671,
       552828.279400254,
       306
      ],
      [
       1368637.7365394593,
       552828.1549899218,
       306
      ],
      [
       1368636.9880532515,
       552828.087062887,
       306
      ],
      [
       1368636.239567044,
       552828.0736159008,
       306
      ],
      [
       1368635.4910808364,
       552828.1146489632,
       306
      ],
      [
       1368634.7425946286,
       552828.2101620741,
       306
      ],
      [
       1368633.9941084213,
       552828.3601552336,
       306
      ],
      [
       1368633.2456222135,
       552828.5229649215,
       306
      ],
      [
       1368632.4971360057,
       552828.6985911378,
       306
      ],
      [
       1368631.7486497979,
       552828.8870338827,
       306
      ],
      [
       1368631.0001635905,
       552829.088293156,
       306
      ],
      [
       1368630.2516773827,
       552829.2742324534,
       306
      ],
      [
       1368629.503191175,
       552829.4448517747,
       306
      ],
      [
       1368628.7547049671,
       552829.6001511202,
       306
      ],
      [
       1368628.0062187598,
       552829.7401304897,
       306
      ],
      [
       1368627.257732552,
       552829.8672610687,
       306
      ],
      [
       1368626.5092463442,
       552829.9815428569,
       306
      ],
      [
       1368625.7607601364,
       552830.0829758549,
       306
      ],
      [
       1368625.012273929,
       552830.1715600622,
       306
      ],
      [
       1368624.2637877213,
       552830.247948475,
       306
      ],
      [
       1368623.5153015137,
       552830.3121410928,
       306
      ],
      [
       1368622.7668153062,
       552830.3641379161,
       306
      ],
      [
       1368622.0183290984,
       552830.4039389447,
       306
      ],
      [
       1368621.3080440534,
       552830.4376033585,
       306
      ],
      [
       1368620.6359601712,
       552830.4651311578,
       306
      ],
      [
       1368620.002077452,
       552830.4865223422,
       306
      ],
      [
       1368619.4063958954,
       552830.501776912,
       306
      ],
      [
       1368618.9214335652,
       552830.5140962931,
       306
      ],
      [
       1368618.5471904613,
       552830.5234804858,
       306
      ],
      [
       1368618.283666584,
       552830.5299294898,
       306
      ],
      [
       1368618.1308619329,
       552830.5334433053,
       306
      ],
      [
       1368617.8291368927,
       552830.5480919344,
       306
      ],
      [
       1368617.3784914631,
       552830.5738753771,
       306
      ],
      [
       1368616.7789256447,
       552830.6107936333,
       306
      ],
      [
       1368616.030439437,
       552830.658846703,
       306
      ],
      [
       1368615.281953229,
       552830.7146721003,
       306
      ],
      [
       1368614.5334670213,
       552830.7782698248,
       306
      ],
      [
       1368613.7849808137,
       552830.849639877,
       306
      ],
      [
       1368613.0364946064,
       552830.9287822566,
       306
      ],
      [
       1368612.2880083988,
       552831.0064227553,
       306
      ],
      [
       1368611.539522191,
       552831.082561373,
       306
      ],
      [
       1368610.7910359832,
       552831.1571981101,
       306
      ],
      [
       1368610.0425497754,
       552831.2303329662,
       306
      ],
      [
       1368609.2940635676,
       552831.3009455687,
       306
      ],
      [
       1368608.5455773603,
       552831.3690359173,
       306
      ],
      [
       1368607.7970911525,
       552831.4346040124,
       306
      ],
      [
       1368607.048604945,
       552831.4976498536,
       306
      ],
      [
       1368606.3001187374,
       552831.5594852776,
       306
      ],
      [
       1368605.5516325296,
       552831.6201102842,
       306
      ],
      [
       1368604.8031463218,
       552831.6795248735,
       306
      ],
      [
       1368604.0546601145,
       552831.7377290454,
       306
      ],
      [
       1368603.3061739067,
       552831.8003194267,
       306
      ],
      [
       1368602.5576876989,
       552831.8672960172,
       306
      ],
      [
       1368601.809201491,
       552831.9386588172,
       306
      ],
      [
       1368601.0607152837,
       552832.0144078266,
       306
      ],
      [
       1368600.312229076,
       552832.0996152007,
       306
      ],
      [
       1368599.5637428681,
       552832.1942809395,
       306
      ],
      [
       1368598.8152566603,
       552832.2984050433,
       306
      ],
      [
       1368598.066770453,
       552832.4119875118,
       306
      ],
      [
       1368597.3182842452,
       552832.5193692629,
       306
      ],
      [
       1368596.5697980374,
       552832.6205502965,
       306
      ],
      [
       1368595.8213118296,
       552832.7155306125,
       306
      ],
      [
       1368595.0728256223,
       552832.8043102111,
       306
      ],
      [
       1368594.3243394145,
       552832.8764550978,
       306
      ],
      [
       1368593.5758532067,
       552832.9319652728,
       306
      ],
      [
       1368592.8273669991,
       552832.970840736,
       306
      ],
      [
       1368592.0788807916,
       552832.9930814872,
       306
      ],
      [
       1368591.3303945838,
       552833.0066009609,
       306
      ],
      [
       1368590.5819083764,
       552833.0113991564,
       306
      ],
      [
       1368589.8334221686,
       552833.0074760744,
       306
      ],
      [
       1368589.0849359608,
       552832.9948317145,
       306
      ],
      [
       1368588.336449753,
       552832.9843131232,
       306
      ],
      [
       1368587.5879635452,
       552832.9759203002,
       306
      ],
      [
       1368586.8394773377,
       552832.9696532459,
       306
      ],
      [
       1368586.0909911303,
       552832.9655119601,
       306
      ],
      [
       1368585.3425049228,
       552832.9756251576,
       306
      ],
      [
       1368584.594018715,
       552832.9999928385,
       306
      ],
      [
       1368583.8455325072,
       552833.0386150028,
       306
      ],
      [
       1368583.0970462994,
       552833.0914916504,
       306
      ],
      [
       1368582.3740130495,
       552833.1528864471,
       306
      ],
      [
       1368581.6764327576,
       552833.2227993929,
       306
      ],
      [
       1368581.0043054235,
       552833.3012304876,
       306
      ],
      [
       1368580.3576310473,
       552833.3881797316,
       306
      ],
      [
       1368579.847172307,
       552833.4567426284,
       306
      ],
      [
       1368579.4729292034,
       552833.5069191783,
       306
      ],
      [
       1368579.2349017358,
       552833.5387093812,
       306
      ],
      [
       1368579.1330899044,
       552833.5521132373,
       306
      ],
      [
       1368578.8696094789,
       552833.5858961665,
       306
      ],
      [
       1368578.4444604595,
       552833.6400581691,
       306
      ],
      [
       1368577.8576428457,
       552833.7145992449,
       306
      ],
      [
       1368577.109156638,
       552833.8095193937,
       306
      ],
      [
       1368576.3606704304,
       552833.9000010006,
       306
      ],
      [
       1368575.6121842228,
       552833.9860440656,
       306
      ],
      [
       1368574.863698015,
       552834.0676485884,
       306
      ],
      [
       1368574.1152118077,
       552834.144814569,
       306
      ],
      [
       1368573.3667255999,
       552834.219460479,
       306
      ],
      [
       1368572.618239392,
       552834.2915863178,
       306
      ],
      [
       1368571.8697531843,
       552834.361192086,
       306
      ],
      [
       1368571.121266977,
       552834.4282777833,
       306
      ],
      [
       1368570.3727807691,
       552834.495133671,
       306
      ],
      [
       1368569.6242945613,
       552834.5617597487,
       306
      ],
      [
       1368568.8758083535,
       552834.6281560169,
       306
      ],
      [
       1368568.1273221462,
       552834.6943224753,
       306
      ],
      [
       1368567.3788359384,
       552834.7677906064,
       306
      ],
      [
       1368566.6303497306,
       552834.8485604099,
       306
      ],
      [
       1368565.8818635228,
       552834.9366318859,
       306
      ],
      [
       1368565.1333773155,
       552835.0320050347,
       306
      ],
      [
       1368564.3848911077,
       552835.1160907755,
       306
      ],
      [
       1368563.6364049,
       552835.1888891085,
       306
      ],
      [
       1368562.8879186925,
       552835.2504000335,
       306
      ],
      [
       1368562.1394324847,
       552835.3006235508,
       306
      ],
      [
       1368561.390946277,
       552835.3431869384,
       306
      ],
      [
       1368560.6424600692,
       552835.3780901965,
       306
      ],
      [
       1368559.8939738616,
       552835.4053333252,
       306
      ],
      [
       1368559.1454876543,
       552835.4249163242,
       306
      ],
      [
       1368558.3970014467,
       552835.4512623441,
       306
      ],
      [
       1368557.648515239,
       552835.4843713848,
       306
      ],
      [
       1368556.900029031,
       552835.5242434465,
       306
      ],
      [
       1368556.1515428233,
       552835.570878529,
       306
      ],
      [
       1368555.4030566155,
       552835.6233634341,
       306
      ],
      [
       1368554.6545704077,
       552835.6816981618,
       306
      ],
      [
       1368553.9060842001,
       552835.7458827118,
       306
      ],
      [
       1368553.1575979928,
       552835.8159170842,
       306
      ],
      [
       1368552.4091117852,
       552835.8934193589,
       306
      ],
      [
       1368551.6606255774,
       552835.9783895356,
       306
      ],
      [
       1368550.9121393696,
       552836.0708276143,
       306
      ],
      [
       1368550.1636531618,
       552836.1707335948,
       306
      ],
      [
       1368549.5125567173,
       552836.2576603218,
       306
      ],
      [
       1368548.9588500354,
       552836.3316077949,
       306
      ],
      [
       1368548.502533117,
       552836.3925760142,
       306
      ],
      [
       1368548.1436059617,
       552836.4405649797,
       306
      ],
      [
       1368547.777020832,
       552836.48882191,
       306
      ],
      [
       1368547.4027777284,
       552836.5373468054,
       306
      ],
      [
       1368547.0208766505,
       552836.5861396657,
       306
      ],
      [
       1368546.631317598,
       552836.635200491,
       306
      ],
      [
       1368546.1520267571,
       552836.6848099967,
       306
      ],
      [
       1368545.583004127,
       552836.7349681833,
       306
      ],
      [
       1368544.9242497082,
       552836.7856750507,
       306
      ],
      [
       1368544.1757635009,
       552836.8369305986,
       306
      ],
      [
       1368543.427277293,
       552836.8828784886,
       306
      ],
      [
       1368542.6787910853,
       552836.9235187204,
       306
      ],
      [
       1368541.9303048775,
       552836.9588512942,
       306
      ],
      [
       1368541.1818186701,
       552836.9888762101,
       306
      ],
      [
       1368540.4333324623,
       552837.021181988,
       306
      ],
      [
       1368539.6848462545,
       552837.0557686281,
       306
      ],
      [
       1368538.9363600467,
       552837.0926361304,
       306
      ],
      [
       1368538.1878738394,
       552837.1317844948,
       306
      ],
      [
       1368537.4393876316,
       552837.1811845673,
       306
      ],
      [
       1368536.6909014238,
       552837.2408363475,
       306
      ],
      [
       1368535.942415216,
       552837.3107398357,
       306
      ],
      [
       1368535.1939290087,
       552837.3908950316,
       306
      ],
      [
       1368534.4454428009,
       552837.476215174,
       306
      ],
      [
       1368533.696956593,
       552837.5667002625,
       306
      ],
      [
       1368532.9484703855,
       552837.6623502972,
       306
      ],
      [
       1368532.199984178,
       552837.7631652781,
       306
      ],
      [
       1368531.4514979701,
       552837.8590014338,
       306
      ],
      [
       1368530.7030117628,
       552837.9498587642,
       306
      ],
      [
       1368529.954525555,
       552838.0357372693,
       306
      ],
      [
       1368529.2060393472,
       552838.1166369494,
       306
      ],
      [
       1368528.4575531394,
       552838.1941474504,
       306
      ],
      [
       1368527.7090669316,
       552838.2682687728,
       306
      ],
      [
       1368526.960580724,
       552838.3390009162,
       306
      ],
      [
       1368526.2120945167,
       552838.406343881,
       306
      ],
      [
       1368525.4636083092,
       552838.465045562,
       306
      ],
      [
       1368524.7151221014,
       552838.5151059591,
       306
      ],
      [
       1368523.9666358936,
       552838.5565250727,
       306
      ],
      [
       1368523.2181496858,
       552838.5893029023,
       306
      ],
      [
       1368522.469663478,
       552838.6149307758,
       306
      ],
      [
       1368521.7211772702,
       552838.6334086928,
       306
      ],
      [
       1368520.9726910626,
       552838.6447366535,
       306
      ],
      [
       1368520.2242048553,
       552838.648914658,
       306
      ],
      [
       1368519.4757186477,
       552838.6602891609,
       306
      ],
      [
       1368518.72723244,
       552838.6788601626,
       306
      ],
      [
       1368517.978746232,
       552838.7046276627,
       306
      ],
      [
       1368517.2302600243,
       552838.7375916613,
       306
      ],
      [
       1368516.4817738167,
       552838.7829578877,
       306
      ],
      [
       1368515.7332876092,
       552838.8407263423,
       306
      ],
      [
       1368514.9848014014,
       552838.9108970246,
       306
      ],
      [
       1368514.236315194,
       552838.9934699348,
       306
      ],
      [
       1368513.4889377411,
       552839.0797223649,
       306
      ],
      [
       1368512.7426690427,
       552839.1696543148,
       306
      ],
      [
       1368511.9975090993,
       552839.2632657846,
       306
      ],
      [
       1368511.2534579106,
       552839.3605567742,
       306
      ],
      [
       1368510.6943107643,
       552839.4336707501,
       306
      ],
      [
       1368510.3200676607,
       552839.4826077123,
       306
      ],
      [
       1368510.1307285991,
       552839.5073676609,
       306
      ],
      [
       1368510.1262935803,
       552839.5079505958,
       306
      ],
      [
       1368509.935845764,
       552839.5301869381,
       306
      ],
      [
       1368509.5593851507,
       552839.5740766881,
       306
      ],
      [
       1368508.99691174,
       552839.6396198455,
       306
      ],
      [
       1368508.2484255326,
       552839.7268164104,
       306
      ],
      [
       1368507.4999393248,
       552839.8020635317,
       306
      ],
      [
       1368506.751453117,
       552839.8653612091,
       306
      ],
      [
       1368506.0029669092,
       552839.916709443,
       306
      ],
      [
       1368505.2544807019,
       552839.9561082331,
       306
      ],
      [
       1368504.505994494,
       552839.9857404688,
       306
      ],
      [
       1368503.7575082865,
       552840.0056061505,
       306
      ],
      [
       1368503.009022079,
       552840.0157052777,
       306
      ],
      [
       1368502.2605358711,
       552840.0160378509,
       306
      ],
      [
       1368501.5120496633,
       552840.0252232815,
       306
      ],
      [
       1368500.7635634555,
       552840.0432615698,
       306
      ],
      [
       1368500.015077248,
       552840.0701527157,
       306
      ],
      [
       1368499.2665910407,
       552840.1058967191,
       306
      ],
      [
       1368498.518104833,
       552840.1441253095,
       306
      ],
      [
       1368497.7696186253,
       552840.184838487,
       306
      ],
      [
       1368497.0211324175,
       552840.2280362512,
       306
      ],
      [
       1368496.2726462097,
       552840.2737186025,
       306
      ],
      [
       1368495.524160002,
       552840.329308882,
       306
      ],
      [
       1368494.775673794,
       552840.3948070899,
       306
      ],
      [
       1368494.0271875865,
       552840.4702132263,
       306
      ],
      [
       1368493.2787013792,
       552840.5555272908,
       306
      ],
      [
       1368492.5302151716,
       552840.6457436942,
       306
      ],
      [
       1368491.7817289638,
       552840.7408624361,
       306
      ],
      [
       1368491.033242756,
       552840.8408835167,
       306
      ],
      [
       1368490.2847565482,
       552840.9458069361,
       306
      ],
      [
       1368489.5362703407,
       552841.0327030923,
       306
      ],
      [
       1368488.787784133,
       552841.1015719858,
       306
      ],
      [
       1368488.0392979253,
       552841.1524136161,
       306
      ],
      [
       1368487.290811718,
       552841.1852279834,
       306
      ],
      [
       1368486.5423255102,
       552841.2050121268,
       306
      ],
      [
       1368485.7938393024,
       552841.2117660464,
       306
      ],
      [
       1368485.0453530946,
       552841.2054897419,
       306
      ],
      [
       1368484.2968668872,
       552841.1861832135,
       306
      ],
      [
       1368483.5483806795,
       552841.1723842991,
       306
      ],
      [
       1368482.7998944717,
       552841.1640929985,
       306
      ],
      [
       1368482.0514082639,
       552841.161309312,
       306
      ],
      [
       1368481.3029220565,
       552841.1640332395,
       306
      ],
      [
       1368480.5544358487,
       552841.1788454354,
       306
      ],
      [
       1368479.805949641,
       552841.2057458997,
       306
      ],
      [
       1368479.0574634331,
       552841.2447346325,
       306
      ],
      [
       1368478.3089772258,
       552841.2958116336,
       306
      ],
      [
       1368477.560491018,
       552841.3467066733,
       306
      ],
      [
       1368476.8120048104,
       552841.3974197514,
       306
      ],
      [
       1368476.0635186029,
       552841.4479508679,
       306
      ],
      [
       1368475.315032395,
       552841.4983000227,
       306
      ],
      [
       1368474.5665461873,
       552841.5347510667,
       306
      ],
      [
       1368473.8180599795,
       552841.5573039997,
       306
      ],
      [
       1368473.069573772,
       552841.5659588217,
       306
      ],
      [
       1368472.3210875646,
       552841.5607155329,
       306
      ],
      [
       1368471.572601357,
       552841.5596755203,
       306
      ],
      [
       1368470.8241151492,
       552841.5628387842,
       306
      ],
      [
       1368470.0756289414,
       552841.5702053246,
       306
      ],
      [
       1368469.3271427336,
       552841.5817751412,
       306
      ],
      [
       1368468.5786565258,
       552841.6133707142,
       306
      ],
      [
       1368467.830170318,
       552841.6649920437,
       306
      ],
      [
       1368467.0816841105,
       552841.7366391295,
       306
      ],
      [
       1368466.3331979031,
       552841.8283119717,
       306
      ],
      [
       1368465.5847116956,
       552841.9116135873,
       306
      ],
      [
       1368464.8362254878,
       552841.986543976,
       306
      ],
      [
       1368464.08773928,
       552842.0531031382,
       306
      ],
      [
       1368463.3392530722,
       552842.1112910736,
       306
      ],
      [
       1368462.5907668644,
       552842.1524130004,
       306
      ],
      [
       1368461.842280657,
       552842.1764689186,
       306
      ],
      [
       1368461.0937944492,
       552842.1834588281,
       306
      ],
      [
       1368460.3453082417,
       552842.1733827291,
       306
      ],
      [
       1368459.596822034,
       552842.1544256038,
       306
      ],
      [
       1368458.8483358263,
       552842.1265874524,
       306
      ],
      [
       1368458.0998496185,
       552842.0898682748,
       306
      ],
      [
       1368457.3513634112,
       552842.044268071,
       306
      ],
      [
       1368456.6028772034,
       552841.9998626404,
       306
      ],
      [
       1368455.8543909956,
       552841.9566519833,
       306
      ],
      [
       1368455.1059047878,
       552841.9146360994,
       306
      ],
      [
       1368454.3574185804,
       552841.8738149888,
       306
      ],
      [
       1368453.6089323726,
       552841.8184582349,
       306
      ],
      [
       1368452.8604461649,
       552841.7485658377,
       306
      ],
      [
       1368452.111959957,
       552841.6641377973,
       306
      ],
      [
       1368451.3634737497,
       552841.5651741137,
       306
      ],
      [
       1368450.614987542,
       552841.4456549735,
       306
      ],
      [
       1368449.8665013341,
       552841.3055803766,
       306
      ],
      [
       1368449.1180151263,
       552841.1449503233,
       306
      ],
      [
       1368448.369528919,
       552840.9637648131,
       306
      ],
      [
       1368447.6210427112,
       552840.7994160336,
       306
      ],
      [
       1368446.8725565034,
       552840.6519039845,
       306
      ],
      [
       1368446.1240702958,
       552840.5212286658,
       306
      ],
      [
       1368445.3755840883,
       552840.4073900776,
       306
      ],
      [
       1368444.6270978805,
       552840.3001824719,
       306
      ],
      [
       1368443.8786116731,
       552840.1996058488,
       306
      ],
      [
       1368443.1301254653,
       552840.105660208,
       306
      ],
      [
       1368442.3816392575,
       552840.0183455497,
       306
      ],
      [
       1368441.663606885,
       552839.929054537,
       306
      ],
      [
       1368440.9760283474,
       552839.83778717,
       306
      ],
      [
       1368440.3189036446,
       552839.7445434484,
       306
      ],
      [
       1368439.692232777,
       552839.6493233725,
       306
      ],
      [
       1368439.191775791,
       552839.5671322073,
       306
      ],
      [
       1368438.8175326872,
       552839.497969953,
       306
      ],
      [
       1368438.5695034654,
       552839.4418366094,
       306
      ],
      [
       1368438.4476881253,
       552839.3987321765,
       306
      ],
      [
       1368438.1692050686,
       552839.2873769781,
       306
      ],
      [
       1368437.7340542946,
       552839.107771014,
       306
      ],
      [
       1368437.1422358039,
       552838.8599142842,
       306
      ],
      [
       1368436.393749596,
       552838.5438067889,
       306
      ],
      [
       1368435.6452633883,
       552838.2849310181,
       306
      ],
      [
       1368434.8967771805,
       552838.083286972,
       306
      ],
      [
       1368434.148290973,
       552837.9388746506,
       306
      ],
      [
       1368433.3998047656,
       552837.8516940541,
       306
      ],
      [
       1368432.651318558,
       552837.7845363247,
       306
      ],
      [
       1368431.9028323502,
       552837.7374014627,
       306
      ],
      [
       1368431.1543461424,
       552837.7102894682,
       306
      ],
      [
       1368430.4058599346,
       552837.703200341,
       306
      ],
      [
       1368429.657373727,
       552837.7686387969,
       306
      ],
      [
       1368428.9088875195,
       552837.9066048356,
       306
      ],
      [
       1368428.1604013117,
       552838.1170984576,
       306
      ],
      [
       1368427.4119151044,
       552838.4001196625,
       306
      ],
      [
       1368426.7807210328,
       552838.655000678,
       306
      ],
      [
       1368426.266819097,
       552838.8817415042,
       306
      ],
      [
       1368425.8702092979,
       552839.0803421407,
       306
      ],
      [
       1368425.5908916343,
       552839.2508025878,
       306
      ],
      [
       1368425.2641112509,
       552839.4257034714,
       306
      ],
      [
       1368424.8898681472,
       552839.6050447916,
       306
      ],
      [
       1368424.4681623229,
       552839.788826548,
       306
      ],
      [
       1368423.9989937786,
       552839.977048741,
       306
      ],
      [
       1368423.4599958183,
       552840.1812884291,
       306
      ],
      [
       1368422.851168442,
       552840.4015456125,
       306
      ],
      [
       1368422.1725116502,
       552840.6378202911,
       306
      ],
      [
       1368421.424025443,
       552840.890112465,
       306
      ],
      [
       1368420.862660787,
       552841.0793315955,
       306
      ],
      [
       1368420.4884176832,
       552841.2054776824,
       306
      ],
      [
       1368420.3012961312,
       552841.2685507259,
       306
      ]
     ]
    },
    "elevationFt": 306,
    "weight": "intermediate",
    "hidden": false
   }
  },
  {
   "type": "Feature",
   "geometry": {
    "type": "LineString",
    "coordinates": [
     [
      -76.80110768325667,
      39.18451889355455
     ],
     [
      -76.80110834292373,
      39.18451906334352
     ],
     [
      -76.80110966225783,
      39.18451940292145
     ],
     [
      -76.801111641259,
      39.18451991228835
     ],
     [
      -76.80111427992728,
      39.184520591444134
     ],
     [
      -76.80111691871411,
      39.184521228268565
     ],
     [
      -76.8011195576195,
      39.184521822761596
     ],
     [
      -76.80112219664342,
      39.18452237492328
     ],
     [
      -76.80112483578587,
      39.18452288475356
     ],
     [
      -76.80112719851468,
      39.184523330474775
     ],
     [
      -76.80112928482984,
      39.184523712086886
     ],
     [
      -76.8011310947313,
      39.184524029589916
     ],
     [
      -76.80113262821911,
      39.1845242829839
     ],
     [
      -76.80113405478356,
      39.18452452466861
     ],
     [
      -76.80113537442469,
      39.18452475464411
     ],
     [
      -76.80113658714245,
      39.18452497291033
     ],
     [
      -76.80113769293688,
      39.18452517946732
     ],
     [
      -76.80113918208077,
      39.18452545741263
     ],
     [
      -76.80114105457413,
      39.18452580674621
     ],
     [
      -76.80114331041698,
      39.18452622746808
     ],
     [
      -76.80114594960932,
      39.18452671957823
     ],
     [
      -76.80114858887276,
      39.18452718630012
     ],
     [
      -76.8011512282073,
      39.18452762763381
     ],
     [
      -76.80115386761294,
      39.18452804357929
     ],
     [
      -76.80115650708966,
      39.184528434136524
     ],
     [
      -76.80115914695307,
      39.184528686538656
     ],
     [
      -76.80116178720317,
      39.18452880078571
     ],
     [
      -76.80116442783992,
      39.18452877687768
     ],
     [
      -76.80116706886332,
      39.18452861481454
     ],
     [
      -76.80116971036404,
      39.18452828219686
     ],
     [
      -76.80117235234204,
      39.18452777902463
     ],
     [
      -76.80117499479731,
      39.18452710529784
     ],
     [
      -76.80117763772982,
      39.184526261016494
     ],
     [
      -76.80117964539582,
      39.184525612073635
     ],
     [
      -76.8011810177953,
      39.1845251584693
     ],
     [
      -76.80118175492831,
      39.18452490020348
     ],
     [
      -76.80118185679486,
      39.184524837276214
     ],
     [
      -76.80118256902975,
      39.18452439158457
     ],
     [
      -76.80118389163297,
      39.18452356312857
     ],
     [
      -76.80118582460447,
      39.18452235190819
     ],
     [
      -76.80118836794419,
      39.18452075792338
     ],
     [
      -76.8011903954598,
      39.18451944845374
     ],
     [
      -76.80119190715132,
      39.18451842349933
     ],
     [
      -76.80119290301883,
      39.18451768306015
     ],
     [
      -76.80119338306233,
      39.184517227136226
     ],
     [
      -76.80119426178672,
      39.18451637231411
     ],
     [
      -76.80119553919197,
      39.18451511859379
     ],
     [
      -76.80119721527804,
      39.18451346597525
     ],
     [
      -76.80119929004486,
      39.184511414458505
     ],
     [
      -76.80120086938837,
      39.184509849152555
     ],
     [
      -76.80120195330862,
      39.18450877005742
     ],
     [
      -76.80120254180565,
      39.18450817717311
     ],
     [
      -76.8012026348795,
      39.18450807049967
     ],
     [
      -76.80120304517027,
      39.18450750402113
     ],
     [
      -76.80120377267792,
      39.18450647773754
     ],
     [
      -76.80120481740242,
      39.184504991648865
     ],
     [
      -76.80120617934377,
      39.1845030457551
     ],
     [
      -76.80120752285904,
      39.184501214219
     ],
     [
      -76.80120884794825,
      39.184499497040555
     ],
     [
      -76.80121015461141,
      39.184497894219795
     ],
     [
      -76.80121144284853,
      39.184496405756676
     ],
     [
      -76.80121253945943,
      39.184495148533685
     ],
     [
      -76.80121344444412,
      39.1844941225508
     ],
     [
      -76.80121415780262,
      39.18449332780803
     ],
     [
      -76.80121467953495,
      39.184492764305375
     ],
     [
      -76.8012156023184,
      39.184491848114696
     ],
     [
      -76.80121692615292,
      39.184490579236005
     ],
     [
      -76.80121865103847,
      39.18448895766928
     ],
     [
      -76.80122077697499,
      39.18448698341449
     ],
     [
      -76.80122239627785,
      39.18448548347156
     ],
     [
      -76.80122350894713,
      39.184484457840526
     ],
     [
      -76.80122411498286,
      39.18448390652143
     ],
     [
      -76.80122421438504,
      39.18448382951424
     ],
     [
      -76.80122492557085,
      39.18448331111807
     ],
     [
      -76.80122624854025,
      39.18448235133291
     ],
     [
      -76.80122818329318,
      39.184480950158736
     ],
     [
      -76.80123072982958,
      39.18447910759553
     ],
     [
      -76.80123275160334,
      39.18447767382399
     ],
     [
      -76.8012342486145,
      39.18447664884415
     ],
     [
      -76.80123522086313,
      39.18447603265601
     ],
     [
      -76.80123566834928,
      39.18447582525961
     ],
     [
      -76.80123655313707,
      39.18447539887941
     ],
     [
      -76.8012378752265,
      39.184474753515396
     ],
     [
      -76.80123963461757,
      39.184473889167506
     ],
     [
      -76.80124183131024,
      39.184472805835796
     ],
     [
      -76.80124405073899,
      39.18447175231125
     ],
     [
      -76.80124629290383,
      39.18447072859386
     ],
     [
      -76.80124855780475,
      39.18446973468366
     ],
     [
      -76.80125084544179,
      39.18446877058061
     ],
     [
      -76.80125265019873,
      39.18446800378738
     ],
     [
      -76.80125397207561,
      39.18446743430402
     ],
     [
      -76.80125481107247,
      39.1844670621305
     ],
     [
      -76.80125516718931,
      39.18446688726688
     ],
     [
      -76.80125609515962,
      39.184466491307724
     ],
     [
      -76.80125759498335,
      39.184465874253036
     ],
     [
      -76.8012596666605,
      39.18446503610279
     ],
     [
      -76.80126231019102,
      39.184463976856975
     ],
     [
      -76.80126495327723,
      39.184463076424606
     ],
     [
      -76.80126759591913,
      39.184462334805715
     ],
     [
      -76.80127023811671,
      39.18446175200027
     ],
     [
      -76.80127287987004,
      39.1844613280083
     ],
     [
      -76.80127552154289,
      39.18446093277946
     ],
     [
      -76.80127816313524,
      39.18446056631375
     ],
     [
      -76.80128080464712,
      39.18446022861119
     ],
     [
      -76.80128344607853,
      39.18445991967176
     ],
     [
      -76.80128559850452,
      39.1844596697676
     ],
     [
      -76.80128726192515,
      39.184459478898674
     ],
     [
      -76.80128843634041,
      39.18445934706507
     ],
     [
      -76.8012891217503,
      39.18445927426679
     ],
     [
      -76.8012901247909,
      39.184459168560736
     ],
     [
      -76.80129144546223,
      39.184459029946964
     ],
     [
      -76.80129308376424,
      39.184458858425415
     ],
     [
      -76.80129503969697,
      39.18445865399609
     ],
     [
      -76.80129716714299,
      39.18445837386011
     ],
     [
      -76.80129946610231,
      39.18445801801746
     ],
     [
      -76.80130193657489,
      39.18445758646809
     ],
     [
      -76.80130457856073,
      39.18445707921206
     ],
     [
      -76.80130722066178,
      39.18445653074992
     ],
     [
      -76.80130986287803,
      39.18445594108172
     ],
     [
      -76.80131250520948,
      39.18445531020744
     ],
     [
      -76.8013151476561,
      39.18445463812711
     ],
     [
      -76.80131762093468,
      39.18445397014851
     ],
     [
      -76.80131992504522,
      39.1844533062717
     ],
     [
      -76.80132205998774,
      39.18445264649667
     ],
     [
      -76.8013240257622,
      39.18445199082342
     ],
     [
      -76.8013256694153,
      39.18445143979581
     ],
     [
      -76.80132699094705,
      39.18445099341386
     ],
     [
      -76.80132799035745,
      39.184450651677565
     ],
     [
      -76.80132866764653,
      39.18445041458696
     ],
     [
      -76.80132983647367,
      39.18444997978991
     ],
     [
      -76.80133149683887,
      39.18444934728635
     ],
     [
      -76.80133364874207,
      39.18444851707633
     ],
     [
      -76.80133629218327,
      39.18444748915976
     ],
     [
      -76.8013388132655,
      39.1844465230339
     ],
     [
      -76.8013412119888,
      39.184445618698724
     ],
     [
      -76.80134348835314,
      39.18444477615425
     ],
     [
      -76.80134564235854,
      39.1844439954005
     ],
     [
      -76.80134738017286,
      39.18444336542122
     ],
     [
      -76.8013487017961,
      39.18444288621645
     ],
     [
      -76.80134960722827,
      39.184442557786205
     ],
     [
      -76.8013500964694,
      39.18444238013046
     ],
     [
      -76.80135112383309,
      39.18444214275159
     ],
     [
      -76.8013526893193,
      39.184441845649594
     ],
     [
      -76.80135479292804,
      39.18444148882444
     ],
     [
      -76.8013574346593,
      39.18444107227607
     ],
     [
      -76.80136007581402,
      39.18444086191462
     ],
     [
      -76.80136271639226,
      39.18444085774003
     ],
     [
      -76.80136535639402,
      39.18444105975234
     ],
     [
      -76.80136799581932,
      39.18444146795155
     ],
     [
      -76.80137012161671,
      39.18444182329273
     ],
     [
      -76.80137173378617,
      39.1844421257759
     ],
     [
      -76.80137283232769,
      39.18444237540108
     ],
     [
      -76.80137341724127,
      39.184442572168294
     ],
     [
      -76.8013743692514,
      39.184442880978125
     ],
     [
      -76.80137568835812,
      39.184443301830576
     ],
     [
      -76.80137737456145,
      39.18444383472563
     ],
     [
      -76.80137942786139,
      39.18444447966327
     ],
     [
      -76.80138162727447,
      39.18444521504171
     ],
     [
      -76.80138397280065,
      39.18444604086093
     ],
     [
      -76.80138646444,
      39.18444695712095
     ],
     [
      -76.80138910219252,
      39.1844479638217
     ],
     [
      -76.8013914423782,
      39.184448822294414
     ],
     [
      -76.80139348499704,
      39.18444953253912
     ],
     [
      -76.801395230049,
      39.1844500945558
     ],
     [
      -76.80139667753407,
      39.184450508344476
     ],
     [
      -76.80139806093177,
      39.18445088929783
     ],
     [
      -76.8013993802421,
      39.184451237415836
     ],
     [
      -76.80140063546507,
      39.184451552698526
     ],
     [
      -76.80140182660068,
      39.18445183514589
     ],
     [
      -76.80140337987802,
      39.18445212428899
     ],
     [
      -76.80140529529714,
      39.18445242012776
     ],
     [
      -76.801407572858,
      39.18445272266225
     ],
     [
      -76.80141021256063,
      39.18445303189242
     ],
     [
      -76.80141285238228,
      39.1844532985452
     ],
     [
      -76.80141549232297,
      39.18445352262063
     ],
     [
      -76.8014181323827,
      39.184453704118674
     ],
     [
      -76.80142077256144,
      39.184453843039364
     ],
     [
      -76.8014234127628,
      39.18445397386972
     ],
     [
      -76.80142605298678,
      39.18445409660978
     ],
     [
      -76.80142869323339,
      39.18445421125952
     ],
     [
      -76.80143133350262,
      39.18445431781894
     ],
     [
      -76.80143397370558,
      39.18445444808883
     ],
     [
      -76.8014366138423,
      39.18445460206917
     ],
     [
      -76.80143925391275,
      39.18445477975999
     ],
     [
      -76.80144189391694,
      39.18445498116126
     ],
     [
      -76.80144453388043,
      39.18445519713439
     ],
     [
      -76.80144717380323,
      39.184455427679396
     ],
     [
      -76.80144981368528,
      39.18445567279626
     ],
     [
      -76.80145245352665,
      39.18445593248497
     ],
     [
      -76.80145509340007,
      39.18445618071533
     ],
     [
      -76.80145773330551,
      39.18445641748731
     ],
     [
      -76.801460373243,
      39.18445664280092
     ],
     [
      -76.80146301321253,
      39.18445685665616
     ],
     [
      -76.801465653204,
      39.18445706266084
     ],
     [
      -76.80146829321743,
      39.18445726081496
     ],
     [
      -76.80147093325283,
      39.18445745111851
     ],
     [
      -76.80147357331015,
      39.1844576335715
     ],
     [
      -76.80147621336289,
      39.184457817675195
     ],
     [
      -76.80147885341103,
      39.18445800342959
     ],
     [
      -76.80148149345456,
      39.18445819083469
     ],
     [
      -76.8014841334935,
      39.184458379890486
     ],
     [
      -76.80148659032446,
      39.184458574786376
     ],
     [
      -76.80148886394741,
      39.184458775522344
     ],
     [
      -76.80149095436238,
      39.18445898209842
     ],
     [
      -76.80149286156937,
      39.184459194514595
     ],
     [
      -76.80149447511789,
      39.18445937115221
     ],
     [
      -76.80149579500795,
      39.18445951201123
     ],
     [
      -76.80149682123954,
      39.184459617091704
     ],
     [
      -76.80149755381264,
      39.18445968639362
     ],
     [
      -76.80149876314445,
      39.18445982421083
     ],
     [
      -76.80150044923498,
      39.18446003054333
     ],
     [
      -76.8015026120842,
      39.18446030539105
     ],
     [
      -76.80150525169215,
      39.184460648754
     ],
     [
      -76.80150789133309,
      39.184460980323244
     ],
     [
      -76.80151053100698,
      39.18446130009878
     ],
     [
      -76.80151317071386,
      39.1844616080806
     ],
     [
      -76.80151581045371,
      39.18446190426871
     ],
     [
      -76.80151845027807,
      39.184462170215966
     ],
     [
      -76.80152109018691,
      39.18446240592237
     ],
     [
      -76.80152373018026,
      39.18446261138792
     ],
     [
      -76.80152637025813,
      39.184462786612585
     ],
     [
      -76.80152901041193,
      39.184462934653574
     ],
     [
      -76.80153165064168,
      39.184463055510854
     ],
     [
      -76.80153429094737,
      39.184463149184424
     ],
     [
      -76.80153693132903,
      39.184463215674306
     ],
     [
      -76.80153957171898,
      39.184463279193366
     ],
     [
      -76.80154221211721,
      39.18446333974157
     ],
     [
      -76.80154485252378,
      39.18446339731898
     ],
     [
      -76.80154749293862,
      39.18446345192553
     ],
     [
      -76.80155013326564,
      39.18446353798246
     ],
     [
      -76.80155277350481,
      39.18446365548975
     ],
     [
      -76.80155541365613,
      39.18446380444739
     ],
     [
      -76.80155805371963,
      39.18446398485541
     ],
     [
      -76.80156069370017,
      39.18446419497265
     ],
     [
      -76.80156333359773,
      39.184464434799175
     ],
     [
      -76.80156597341232,
      39.184464704334935
     ],
     [
      -76.80156861314396,
      39.18446500357997
     ],
     [
      -76.80157125287812,
      39.184465301929244
     ],
     [
      -76.80157389261481,
      39.18446559938278
     ],
     [
      -76.80157653235402,
      39.18446589594058
     ],
     [
      -76.80157917209576,
      39.18446619160263
     ],
     [
      -76.80158181186188,
      39.18446647853642
     ],
     [
      -76.80158445165242,
      39.18446675674194
     ],
     [
      -76.80158709146734,
      39.18446702621919
     ],
     [
      -76.80158973130668,
      39.184467286968136
     ],
     [
      -76.80159187379728,
      39.18446749661306
     ],
     [
      -76.80159351893916,
      39.18446765515397
     ],
     [
      -76.80159466673231,
      39.18446776259086
     ],
     [
      -76.80159531717673,
      39.184467818923785
     ],
     [
      -76.8015963023959,
      39.1844678989849
     ],
     [
      -76.80159762238985,
      39.184468002774224
     ],
     [
      -76.80159927715854,
      39.18446813029174
     ],
     [
      -76.801601266702,
      39.184468281537434
     ],
     [
      -76.80160341887486,
      39.18446844031529
     ],
     [
      -76.80160573367715,
      39.18446860662532
     ],
     [
      -76.80160821110886,
      39.184468780467505
     ],
     [
      -76.80161085116995,
      39.184468961841844
     ],
     [
      -76.80161349117023,
      39.184469165009425
     ],
     [
      -76.80161613110967,
      39.18446938997026
     ],
     [
      -76.80161877098826,
      39.18446963672436
     ],
     [
      -76.801621410806,
      39.184469905271726
     ],
     [
      -76.80162405069278,
      39.18447014911034
     ],
     [
      -76.80162669064856,
      39.18447036824024
     ],
     [
      -76.80162933067335,
      39.18447056266142
     ],
     [
      -76.80163197076713,
      39.18447073237384
     ],
     [
      -76.8016346109301,
      39.18447087731908
     ],
     [
      -76.8016372511622,
      39.18447099749711
     ],
     [
      -76.8016398914635,
      39.18447109290792
     ],
     [
      -76.80164253183393,
      39.184471163551535
     ],
     [
      -76.80164517213643,
      39.184471258523985
     ],
     [
      -76.80164781237103,
      39.18447137782528
     ],
     [
      -76.80165045253771,
      39.18447152145544
     ],
     [
      -76.8016530926365,
      39.18447168941446
     ],
     [
      -76.80165573268489,
      39.18447187542346
     ],
     [
      -76.80165837268291,
      39.18447207948245
     ],
     [
      -76.80166101263053,
      39.18447230159146
     ],
     [
      -76.80166365252781,
      39.18447254175048
     ],
     [
      -76.80166629237348,
      39.184472800396435
     ],
     [
      -76.80166893216756,
      39.18447307752937
     ],
     [
      -76.80167157191006,
      39.184473373149245
     ],
     [
      -76.80167421160098,
      39.18447368725607
     ],
     [
      -76.80167685131995,
      39.1844739913197
     ],
     [
      -76.80167949106699,
      39.184474285340066
     ],
     [
      -76.80168213084207,
      39.18447456931724
     ],
     [
      -76.80168477064521,
      39.184474843251195
     ],
     [
      -76.80168741060153,
      39.18447506231693
     ],
     [
      -76.80169005071102,
      39.18447522651448
     ],
     [
      -76.80169269097367,
      39.184475335843835
     ],
     [
      -76.80169533138948,
      39.184475390305
     ],
     [
      -76.80169797188816,
      39.184475415077515
     ],
     [
      -76.8017006124697,
      39.184475410161404
     ],
     [
      -76.80170325313411,
      39.18447537555665
     ],
     [
      -76.80170589388139,
      39.18447531126325
     ],
     [
      -76.80170853460564,
      39.18447525521458
     ],
     [
      -76.80171117530689,
      39.18447520741064
     ],
     [
      -76.80171381598511,
      39.18447516785145
     ],
     [
      -76.80171645664032,
      39.18447513653695
     ],
     [
      -76.80171909714187,
      39.184475160281124
     ],
     [
      -76.80172173748976,
      39.18447523908393
     ],
     [
      -76.801724377684,
      39.18447537294535
     ],
     [
      -76.80172701772457,
      39.18447556186545
     ],
     [
      -76.80172925761988,
      39.184475735622456
     ],
     [
      -76.8017310973699,
      39.18447589421645
     ],
     [
      -76.80173253697463,
      39.18447603764743
     ],
     [
      -76.80173357643403,
      39.1844761659154
     ],
     [
      -76.80173475609512,
      39.18447630551599
     ],
     [
      -76.80173607595785,
      39.1844764564492
     ],
     [
      -76.80173753602222,
      39.184476618714996
     ],
     [
      -76.80173913628825,
      39.184476792313404
     ],
     [
      -76.80174099646062,
      39.18447698311796
     ],
     [
      -76.80174311653934,
      39.18447719112863
     ],
     [
      -76.8017454965244,
      39.184477416345395
     ],
     [
      -76.80174813641584,
      39.184477658768266
     ],
     [
      -76.80175077626794,
      39.184477915287
     ],
     [
      -76.80175341608071,
      39.184478185901526
     ],
     [
      -76.8017560558542,
      39.18447847061191
     ],
     [
      -76.80175869558836,
      39.18447876941813
     ],
     [
      -76.80176133540634,
      39.18447903819029
     ],
     [
      -76.80176397530816,
      39.18447927692834
     ],
     [
      -76.8017666152938,
      39.184479485632345
     ],
     [
      -76.80176925536325,
      39.184479664302245
     ],
     [
      -76.80177189551014,
      39.18447981522202
     ],
     [
      -76.80177453573447,
      39.18447993839165
     ],
     [
      -76.80177717603623,
      39.18448003381111
     ],
     [
      -76.80177981641542,
      39.184480101480446
     ],
     [
      -76.80178245677023,
      39.18448017789388
     ],
     [
      -76.80178509710063,
      39.184480263051476
     ],
     [
      -76.80178773740666,
      39.18448035695318
     ],
     [
      -76.80179037768828,
      39.18448045959904
     ],
     [
      -76.80179301791726,
      39.184480581124404
     ],
     [
      -76.80179565809357,
      39.18448072152929
     ],
     [
      -76.80179829821721,
      39.18448088081373
     ],
     [
      -76.8018009382882,
      39.18448105897767
     ],
     [
      -76.80180357835587,
      39.18448123833204
     ],
     [
      -76.80180621842027,
      39.18448141887683
     ],
     [
      -76.80180885848134,
      39.18448160061203
     ],
     [
      -76.8018114985391,
      39.18448178353764
     ],
     [
      -76.80181413856855,
      39.184481976615444
     ],
     [
      -76.80181677856969,
      39.18448217984539
     ],
     [
      -76.80181941854254,
      39.18448239322751
     ],
     [
      -76.80182205848708,
      39.184482616761805
     ],
     [
      -76.80182469840277,
      39.18448285064116
     ],
     [
      -76.80182733828963,
      39.1844830948656
     ],
     [
      -76.80182997814767,
      39.18448334943512
     ],
     [
      -76.80183261797684,
      39.18448361434967
     ],
     [
      -76.80183525237213,
      39.184483860275535
     ],
     [
      -76.80183788133353,
      39.18448408721268
     ],
     [
      -76.80184050486102,
      39.18448429516111
     ],
     [
      -76.8018431229546,
      39.18448448412081
     ],
     [
      -76.80184509201082,
      39.18448462614483
     ],
     [
      -76.80184641202969,
      39.1844847212332
     ],
     [
      -76.8018470830112,
      39.184484769385904
     ],
     [
      -76.80184710495533,
      39.18448477060303
     ],
     [
      -76.80184778147645,
      39.18448479984673
     ],
     [
      -76.80184911257456,
      39.18448485711705
     ],
     [
      -76.80185109824967,
      39.184484942413945
     ],
     [
      -76.80185373850178,
      39.18448505573735
     ],
     [
      -76.80185637880238,
      39.18448515167526
     ],
     [
      -76.80185901915148,
      39.184485230227644
     ],
     [
      -76.80186165954908,
      39.184485291394495
     ],
     [
      -76.80186429999517,
      39.18448533517583
     ],
     [
      -76.80186694039867,
      39.18448539422846
     ],
     [
      -76.80186958075959,
      39.184485468552346
     ],
     [
      -76.8018722210779,
      39.184485558147564
     ],
     [
      -76.80187486135365,
      39.18448566301403
     ],
     [
      -76.80187750152857,
      39.18448580404645
     ],
     [
      -76.80188014160262,
      39.1844859812448
     ],
     [
      -76.80188278157584,
      39.18448619460909
     ],
     [
      -76.80188542144823,
      39.1844864441393
     ],
     [
      -76.80188806138631,
      39.18448667011472
     ],
     [
      -76.8018907013901,
      39.1844868725353
     ],
     [
      -76.80189334145958,
      39.184487051401085
     ],
     [
      -76.80189598159477,
      39.18448720671205
     ],
     [
      -76.80189862185226,
      39.1844873181548
     ],
     [
      -76.80190126223211,
      39.18448738572935
     ],
     [
      -76.80190390273427,
      39.18448740943568
     ],
     [
      -76.80190654335874,
      39.18448738927379
     ],
     [
      -76.80190918402356,
      39.18448735463848
     ],
     [
      -76.80191182472875,
      39.18448730552971
     ],
     [
      -76.80191446547428,
      39.184487241947494
     ],
     [
      -76.80191710626016,
      39.18448716389183
     ],
     [
      -76.80191974704886,
      39.184487084822216
     ],
     [
      -76.80192238784039,
      39.184487004738635
     ],
     [
      -76.80192502863473,
      39.184486923641096
     ],
     [
      -76.80192766943188,
      39.1844868415296
     ],
     [
      -76.8019303102142,
      39.18448676474074
     ],
     [
      -76.80193295098168,
      39.184486693274486
     ],
     [
      -76.8019355917343,
      39.184486627130866
     ],
     [
      -76.8019382324721,
      39.18448656630986
     ],
     [
      -76.80194087320024,
      39.18448650894475
     ],
     [
      -76.80194351391874,
      39.18448645503551
     ],
     [
      -76.80194615462761,
      39.18448640458214
     ],
     [
      -76.80194879532685,
      39.18448635758465
     ],
     [
      -76.8019514360803,
      39.18448629113406
     ],
     [
      -76.80195407688798,
      39.18448620523035
     ],
     [
      -76.80195671774987,
      39.18448609987355
     ],
     [
      -76.801959358666,
      39.18448597506362
     ],
     [
      -76.8019615436564,
      39.18448583030538
     ],
     [
      -76.80196327272105,
      39.18448566559882
     ],
     [
      -76.80196454586002,
      39.18448548094396
     ],
     [
      -76.80196536307325,
      39.18448527634086
     ],
     [
      -76.80196643255127,
      39.184484912375716
     ],
     [
      -76.80196775429407,
      39.184484389048535
     ],
     [
      -76.80196932830164,
      39.184483706359345
     ],
     [
      -76.80197115457395,
      39.18448286430808
     ],
     [
      -76.80197288719116,
      39.184481930907644
     ],
     [
      -76.80197452615323,
      39.18448090615801
     ],
     [
      -76.8019760714602,
      39.18447979005921
     ],
     [
      -76.80197752311203,
      39.18447858261122
     ],
     [
      -76.80197891129436,
      39.18447718440141
     ],
     [
      -76.80198023600711,
      39.18447559542976
     ],
     [
      -76.8019814972503,
      39.1844738156963
     ],
     [
      -76.80198269502394,
      39.18447184520102
     ],
     [
      -76.80198360726506,
      39.18447034672408
     ],
     [
      -76.8019842339737,
      39.18446932026548
     ],
     [
      -76.80198457514987,
      39.18446876582525
     ],
     [
      -76.8019846307936,
      39.18446868340338
     ],
     [
      -76.80198485666877,
      39.18446810813955
     ],
     [
      -76.8019852527754,
      39.18446704003374
     ],
     [
      -76.80198581911343,
      39.18446547908599
     ],
     [
      -76.80198655568287,
      39.1844634252963
     ],
     [
      -76.80198714672036,
      39.18446137126091
     ],
     [
      -76.8019875922259,
      39.18445931697984
     ],
     [
      -76.8019878921995,
      39.18445726245312
     ],
     [
      -76.80198804664118,
      39.184455207680706
     ],
     [
      -76.80198819715103,
      39.18445315290166
     ],
     [
      -76.80198834372906,
      39.18445109811596
     ],
     [
      -76.80198848637525,
      39.18444904332364
     ],
     [
      -76.8019886250896,
      39.184446988524684
     ],
     [
      -76.80198881227375,
      39.184444933807534
     ],
     [
      -76.80198904792765,
      39.18444287917221
     ],
     [
      -76.80198933205133,
      39.1844408246187
     ],
     [
      -76.80198966464475,
      39.18443877014702
     ],
     [
      -76.80199001477983,
      39.18443671570494
     ],
     [
      -76.80199038245654,
      39.18443466129248
     ],
     [
      -76.80199076767487,
      39.18443260690961
     ],
     [
      -76.80199117043482,
      39.184430552556364
     ],
     [
      -76.80199157920413,
      39.18442849821326
     ],
     [
      -76.8019919939828,
      39.18442644388029
     ],
     [
      -76.8019924147708,
      39.184424389557456
     ],
     [
      -76.80199284156816,
      39.1844223352448
     ],
     [
      -76.80199319859764,
      39.18442028081434
     ],
     [
      -76.80199348585923,
      39.184418226266104
     ],
     [
      -76.80199370335293,
      39.184416171600084
     ],
     [
      -76.80199385107879,
      39.18441411681632
     ],
     [
      -76.8019940345441,
      39.18441212260261
     ],
     [
      -76.80199425374889,
      39.18441018895899
     ],
     [
      -76.80199450869314,
      39.18440831588544
     ],
     [
      -76.80199479937687,
      39.18440650338195
     ],
     [
      -76.80199502959904,
      39.18440508351521
     ],
     [
      -76.80199519935965,
      39.18440405628519
     ],
     [
      -76.80199530865872,
      39.184403421691925
     ],
     [
      -76.80199535749625,
      39.18440317973538
     ],
     [
      -76.80199570198492,
      39.184402485029366
     ],
     [
      -76.80199634212475,
      39.18440133757387
     ],
     [
      -76.80199727791567,
      39.1843997373689
     ],
     [
      -76.80199850935766,
      39.184397684414435
     ],
     [
      -76.80199977542642,
      39.18439585154401
     ],
     [
      -76.80200107612198,
      39.18439423875759
     ],
     [
      -76.8020024114443,
      39.18439284605522
     ],
     [
      -76.80200378139345,
      39.18439167343687
     ],
     [
      -76.80200539671932,
      39.1843905749398
     ],
     [
      -76.8020072574219,
      39.18438955056399
     ],
     [
      -76.8020093635012,
      39.18438860030941
     ],
     [
      -76.80201171495722,
      39.18438772417608
     ],
     [
      -76.80201355154654,
      39.1843870276658
     ],
     [
      -76.80201487326921,
      39.184386510778616
     ],
     [
      -76.80201568012528,
      39.18438617351454
     ],
     [
      -76.80201597211473,
      39.18438601587359
     ],
     [
      -76.80201685216102,
      39.184385569988535
     ],
     [
      -76.80201832026411,
      39.18438483585937
     ],
     [
      -76.80202037642398,
      39.18438381348609
     ],
     [
      -76.80202302064058,
      39.184382502868644
     ],
     [
      -76.80202519797024,
      39.1843813747785
     ],
     [
      -76.80202690841304,
      39.184380429215665
     ],
     [
      -76.802028151969,
      39.18437966618016
     ],
     [
      -76.80202892863815,
      39.184379085672
     ],
     [
      -76.80202988399117,
      39.18437813716187
     ],
     [
      -76.80203101802805,
      39.18437682064975
     ],
     [
      -76.80203233074874,
      39.184375136135664
     ],
     [
      -76.80203382215323,
      39.184373083619555
     ],
     [
      -76.80203503619475,
      39.184371353533905
     ],
     [
      -76.80203597287333,
      39.1843699458787
     ],
     [
      -76.80203663218902,
      39.184368860653954
     ],
     [
      -76.8020370141418,
      39.18436809785968
     ],
     [
      -76.8020374661814,
      39.184367203144845
     ],
     [
      -76.80203798830779,
      39.18436617650944
     ],
     [
      -76.80203858052096,
      39.18436501795347
     ],
     [
      -76.80203924282092,
      39.18436372747694
     ],
     [
      -76.80204013422829,
      39.18436224652732
     ],
     [
      -76.80204125474306,
      39.18436057510464
     ],
     [
      -76.80204260436518,
      39.184358713208866
     ],
     [
      -76.80204418309465,
      39.184356660839995
     ],
     [
      -76.80204546966428,
      39.184355010129586
     ],
     [
      -76.80204646407411,
      39.184353761077645
     ],
     [
      -76.80204716632417,
      39.184352913684194
     ],
     [
      -76.8020475764145,
      39.184352467949225
     ],
     [
      -76.80204831994214,
      39.184351732232194
     ],
     [
      -76.80204939690712,
      39.18435070653307
     ],
     [
      -76.80205080730937,
      39.18434939085184
     ],
     [
      -76.80205255114888,
      39.18434778518853
     ],
     [
      -76.80205408484275,
      39.18434639611023
     ],
     [
      -76.802055408391,
      39.18434522361698
     ],
     [
      -76.80205652179366,
      39.18434426770874
     ],
     [
      -76.80205742505078,
      39.18434352838553
     ],
     [
      -76.80205863628687,
      39.18434264624748
     ],
     [
      -76.80206015550196,
      39.18434162129454
     ],
     [
      -76.80206198269602,
      39.18434045352673
     ],
     [
      -76.80206411786901,
      39.18433914294404
     ],
     [
      -76.8020658467437,
      39.184338075753445
     ],
     [
      -76.80206716932015,
      39.18433725195493
     ],
     [
      -76.80206808559838,
      39.18433667154855
     ],
     [
      -76.80206859557838,
      39.184336334534294
     ],
     [
      -76.80206963842049,
      39.184336004081764
     ],
     [
      -76.8020712141247,
      39.18433568019094
     ],
     [
      -76.80207332269099,
      39.18433536286182
     ],
     [
      -76.80207596411933,
      39.18433505209435
     ],
     [
      -76.80207860491528,
      39.18433496832699
     ],
     [
      -76.80208124507885,
      39.1843351115598
     ],
     [
      -76.80208388461006,
      39.18433548179268
     ],
     [
      -76.80208652350893,
      39.18433607902572
     ],
     [
      -76.80208915382428,
      39.18433654312881
     ],
     [
      -76.80209177555608,
      39.18433687410191
     ],
     [
      -76.80209438870432,
      39.18433707194507
     ],
     [
      -76.80209699326899,
      39.18433713665827
     ],
     [
      -76.8020989556463,
      39.18433718541594
     ],
     [
      -76.80210027583627,
      39.18433721821811
     ],
     [
      -76.80210095383887,
      39.184337235064795
     ],
     [
      -76.80210098965411,
      39.184337235956015
     ],
     [
      -76.8021016766186,
      39.18433725012773
     ],
     [
      -76.80210301473232,
      39.18433727757991
     ],
     [
      -76.80210500399531,
      39.18433731831257
     ],
     [
      -76.80210764440751,
      39.18433737232565
     ],
     [
      -76.80211028471751,
      39.18433746303807
     ],
     [
      -76.80211292492531,
      39.18433759044982
     ],
     [
      -76.80211556503087,
      39.18433775456095
     ],
     [
      -76.80211820503425,
      39.18433795537137
     ],
     [
      -76.8021208450589,
      39.18433814855026
     ],
     [
      -76.8021234851048,
      39.18433833409756
     ],
     [
      -76.802126125172,
      39.184338512013284
     ],
     [
      -76.80212876526043,
      39.18433868229744
     ],
     [
      -76.80213074532678,
      39.18433881001052
     ],
     [
      -76.80213206537101,
      39.18433889515255
     ],
     [
      -76.80213272539312,
      39.18433893772355
     ]
    ]
   },
   "properties": {
    "id": "ct-10",
    "kind": "Contour",
    "sourceId": "contours",
    "reliabilityLevel": 1,
    "revision": 1,
    "engineeringGeometry": {
     "crs": "EPSG:2248",
     "crsName": "NAD83 / Maryland State Plane (US survey feet)",
     "datum": "NAD83",
     "unit": "usSurveyFoot",
     "coordinates": [
      [
       1368710.713944707,
       552849.397716939,
       308
      ],
      [
       1368710.526823155,
       552849.4591502559,
       308
      ],
      [
       1368710.1525800515,
       552849.5820168895,
       308
      ],
      [
       1368709.5912153958,
       552849.7663168401,
       308
      ],
      [
       1368708.842729188,
       552850.0120501074,
       308
      ],
      [
       1368708.0942429802,
       552850.2423653489,
       308
      ],
      [
       1368707.3457567724,
       552850.4572625646,
       308
      ],
      [
       1368706.5972705649,
       552850.6567417544,
       308
      ],
      [
       1368705.8487843575,
       552850.8408029184,
       308
      ],
      [
       1368705.1787002296,
       552851.0016849111,
       308
      ],
      [
       1368704.5870181818,
       552851.1393877327,
       308
      ],
      [
       1368704.0737382136,
       552851.2539113831,
       308
      ],
      [
       1368703.6388603258,
       552851.3452558625,
       308
      ],
      [
       1368703.2342998297,
       552851.4324016179,
       308
      ],
      [
       1368702.860056726,
       552851.5153486496,
       308
      ],
      [
       1368702.5161310143,
       552851.5940969575,
       308
      ],
      [
       1368702.2025226944,
       552851.6686465414,
       308
      ],
      [
       1368701.7801949028,
       552851.7689605413,
       308
      ],
      [
       1368701.2491476391,
       552851.895038957,
       308
      ],
      [
       1368700.6093809034,
       552852.0468817885,
       308
      ],
      [
       1368699.860894696,
       552852.2244890358,
       308
      ],
      [
       1368699.1124084885,
       552852.3928493374,
       308
      ],
      [
       1368698.3639222807,
       552852.5519626933,
       308
      ],
      [
       1368697.615436073,
       552852.7018291036,
       308
      ],
      [
       1368696.8669498651,
       552852.8424485681,
       308
      ],
      [
       1368696.1184636573,
       552852.9327488302,
       308
      ],
      [
       1368695.36997745,
       552852.9727298898,
       308
      ],
      [
       1368694.6214912422,
       552852.9623917468,
       308
      ],
      [
       1368693.8730050346,
       552852.9017344014,
       308
      ],
      [
       1368693.124518827,
       552852.7789572343,
       308
      ],
      [
       1368692.3760326193,
       552852.5940602459,
       308
      ],
      [
       1368691.6275464115,
       552852.3470434359,
       308
      ],
      [
       1368690.8790602041,
       552852.0379068044,
       308
      ],
      [
       1368690.3104893477,
       552851.800308751,
       308
      ],
      [
       1368689.921833843,
       552851.6342492758,
       308
      ],
      [
       1368689.7130936892,
       552851.5397283786,
       308
      ],
      [
       1368689.6842688872,
       552851.5167460598,
       308
      ],
      [
       1368689.482734934,
       552851.3539761193,
       308
      ],
      [
       1368689.1084918303,
       552851.0514185575,
       308
      ],
      [
       1368688.5615395757,
       552850.609073374,
       308
      ],
      [
       1368687.84187817,
       552850.026940569,
       308
      ],
      [
       1368687.2682046783,
       552849.5487526145,
       308
      ],
      [
       1368686.840519101,
       552849.1745095109,
       308
      ],
      [
       1368686.5588214374,
       552848.9042112576,
       308
      ],
      [
       1368686.4231116879,
       552848.7378578547,
       308
      ],
      [
       1368686.1747097038,
       552848.4259712507,
       308
      ],
      [
       1368685.813615485,
       552847.9685514455,
       308
      ],
      [
       1368685.3398290318,
       552847.3655984391,
       308
      ],
      [
       1368684.753350344,
       552846.6171122316,
       308
      ],
      [
       1368684.3069168855,
       552846.0460200345,
       308
      ],
      [
       1368684.0005286564,
       552845.6523218482,
       308
      ],
      [
       1368683.8341856566,
       552845.4360176725,
       308
      ],
      [
       1368683.8078878867,
       552845.3971075076,
       308
      ],
      [
       1368683.6920376508,
       552845.1905308731,
       308
      ],
      [
       1368683.4866349495,
       552844.8162877695,
       308
      ],
      [
       1368683.1916797827,
       552844.2743781961,
       308
      ],
      [
       1368682.8071721508,
       552843.5648021535,
       308
      ],
      [
       1368682.427796783,
       552842.8968889521,
       308
      ],
      [
       1368682.053553679,
       552842.2706385922,
       308
      ],
      [
       1368681.6844428391,
       552841.6860510737,
       308
      ],
      [
       1368681.3204642637,
       552841.1431263967,
       308
      ],
      [
       1368681.0106199617,
       552840.6845425062,
       308
      ],
      [
       1368680.7549099333,
       552840.3102994023,
       308
      ],
      [
       1368680.5533341786,
       552840.0203970851,
       308
      ],
      [
       1368680.4058926979,
       552839.8148355546,
       308
      ],
      [
       1368680.1450504055,
       552839.4805701015,
       308
      ],
      [
       1368679.7708073016,
       552839.017600726,
       308
      ],
      [
       1368679.2831633864,
       552838.4259274282,
       308
      ],
      [
       1368678.6821186598,
       552837.7055502079,
       308
      ],
      [
       1368678.2243063338,
       552837.1582400458,
       308
      ],
      [
       1368677.9097264078,
       552836.783996942,
       308
      ],
      [
       1368677.7383788826,
       552836.5828208964,
       308
      ],
      [
       1368677.7102637577,
       552836.554711909,
       308
      ],
      [
       1368677.5090846433,
       552836.365462191,
       308
      ],
      [
       1368677.1348415397,
       552836.0150717426,
       308
      ],
      [
       1368676.5875344463,
       552835.5035405634,
       308
      ],
      [
       1368675.8671633634,
       552834.8308686535,
       308
      ],
      [
       1368675.2952154526,
       552834.3074111467,
       308
      ],
      [
       1368674.871690714,
       552833.9331680429,
       308
      ],
      [
       1368674.5965891476,
       552833.708139342,
       308
      ],
      [
       1368674.469910753,
       552833.6323250441,
       308
      ],
      [
       1368674.219450004,
       552833.4764823543,
       308
      ],
      [
       1368673.8452069,
       552833.2406112724,
       308
      ],
      [
       1368673.3471814415,
       552832.9247117988,
       308
      ],
      [
       1368672.7253736283,
       552832.528783933,
       308
      ],
      [
       1368672.0970974662,
       552832.1436984483,
       308
      ],
      [
       1368671.462352955,
       552831.7694553444,
       308
      ],
      [
       1368670.8211400951,
       552831.4060546216,
       308
      ],
      [
       1368670.173458886,
       552831.0534962795,
       308
      ],
      [
       1368669.6624967298,
       552830.7731003304,
       308
      ],
      [
       1368669.2882536259,
       552830.564866774,
       308
      ],
      [
       1368669.0507295746,
       552830.4287956103,
       308
      ],
      [
       1368668.9499245759,
       552830.3648868395,
       308
      ],
      [
       1368668.6871992748,
       552830.2200975416,
       308
      ],
      [
       1368668.2625536714,
       552829.9944277166,
       308
      ],
      [
       1368667.675987766,
       552829.6878773645,
       308
      ],
      [
       1368666.9275015586,
       552829.3004464853,
       308
      ],
      [
       1368666.179015351,
       552828.970859098,
       308
      ],
      [
       1368665.4305291432,
       552828.6991152026,
       308
      ],
      [
       1368664.6820429354,
       552828.4852147993,
       308
      ],
      [
       1368663.9335567276,
       552828.3291578878,
       308
      ],
      [
       1368663.18507052,
       552828.1835771858,
       308
      ],
      [
       1368662.4365843125,
       552828.0484726934,
       308
      ],
      [
       1368661.6880981047,
       552827.9238444103,
       308
      ],
      [
       1368660.9396118973,
       552827.8096923368,
       308
      ],
      [
       1368660.3296906818,
       552827.7173438885,
       308
      ],
      [
       1368659.8583344584,
       552827.6467990654,
       308
      ],
      [
       1368659.5255432269,
       552827.5980578675,
       308
      ],
      [
       1368659.3313169878,
       552827.5711202949,
       308
      ],
      [
       1368659.0470823161,
       552827.532001053,
       308
      ],
      [
       1368658.6728392122,
       552827.4807001415,
       308
      ],
      [
       1368658.2085876763,
       552827.4172175608,
       308
      ],
      [
       1368657.6543277076,
       552827.3415533109,
       308
      ],
      [
       1368657.0515111792,
       552827.2382092938,
       308
      ],
      [
       1368656.4001380913,
       552827.10718551,
       308
      ],
      [
       1368655.7002084432,
       552826.9484819592,
       308
      ],
      [
       1368654.951722236,
       552826.7620986415,
       308
      ],
      [
       1368654.203236028,
       552826.5607071572,
       308
      ],
      [
       1368653.4547498203,
       552826.3443075062,
       308
      ],
      [
       1368652.7062636125,
       552826.1128996885,
       308
      ],
      [
       1368651.9577774052,
       552825.8664837042,
       308
      ],
      [
       1368651.2572397348,
       552825.621666052,
       308
      ],
      [
       1368650.6046506013,
       552825.3784467321,
       308
      ],
      [
       1368650.0000100052,
       552825.1368257443,
       308
      ],
      [
       1368649.4433179465,
       552824.8968030887,
       308
      ],
      [
       1368648.977850365,
       552824.6950933,
       308
      ],
      [
       1368648.6036072613,
       552824.5316963783,
       308
      ],
      [
       1368648.320588635,
       552824.4066123232,
       308
      ],
      [
       1368648.1287944862,
       552824.3198411353,
       308
      ],
      [
       1368647.7978273227,
       552824.1607578844,
       308
      ],
      [
       1368647.3276871443,
       552823.9293625704,
       308
      ],
      [
       1368646.7183739513,
       552823.6256551936,
       308
      ],
      [
       1368645.969887744,
       552823.2496357539,
       308
      ],
      [
       1368645.2560359999,
       552822.8961972792,
       308
      ],
      [
       1368644.576818719,
       552822.5653397692,
       308
      ],
      [
       1368643.932235902,
       552822.2570632244,
       308
      ],
      [
       1368643.3222875483,
       552821.9713676445,
       308
      ],
      [
       1368642.8301918197,
       552821.7408440297,
       308
      ],
      [
       1368642.4559487158,
       552821.5654923802,
       308
      ],
      [
       1368642.1995582369,
       552821.4453126958,
       308
      ],
      [
       1368642.0610203827,
       552821.3803049766,
       308
      ],
      [
       1368641.7699954403,
       552821.2932129162,
       308
      ],
      [
       1368641.3264834092,
       552821.1840365147,
       308
      ],
      [
       1368640.7304842898,
       552821.0527757718,
       308
      ],
      [
       1368639.9819980825,
       552820.8994306879,
       308
      ],
      [
       1368639.233511875,
       552820.8211835751,
       308
      ],
      [
       1368638.4850256671,
       552820.8180344335,
       308
      ],
      [
       1368637.7365394593,
       552820.8899832631,
       308
      ],
      [
       1368636.9880532515,
       552821.0370300638,
       308
      ],
      [
       1368636.3852002004,
       552821.1651416649,
       308
      ],
      [
       1368635.9279803056,
       552821.2743180664,
       308
      ],
      [
       1368635.616393567,
       552821.3645592685,
       308
      ],
      [
       1368635.4504399844,
       552821.4358652709,
       308
      ],
      [
       1368635.1803416414,
       552821.5477531442,
       308
      ],
      [
       1368634.8060985375,
       552821.7002228883,
       308
      ],
      [
       1368634.327710673,
       552821.8932745033,
       308
      ],
      [
       1368633.7451780478,
       552822.126907989,
       308
      ],
      [
       1368633.1211570268,
       552822.3933918119,
       308
      ],
      [
       1368632.4556476101,
       552822.6927259717,
       308
      ],
      [
       1368631.7486497979,
       552823.0249104685,
       308
      ],
      [
       1368631.0001635905,
       552823.3899453023,
       308
      ],
      [
       1368630.3361421537,
       552823.7011758996,
       308
      ],
      [
       1368629.7565854876,
       552823.9586022606,
       308
      ],
      [
       1368629.2614935925,
       552824.162224385,
       308
      ],
      [
       1368628.8508664684,
       552824.3120422731,
       308
      ],
      [
       1368628.4584313543,
       552824.4499403716,
       308
      ],
      [
       1368628.0841882504,
       552824.5759186803,
       308
      ],
      [
       1368627.7281371567,
       552824.6899771992,
       308
      ],
      [
       1368627.3902780733,
       552824.7921159285,
       308
      ],
      [
       1368626.9497622089,
       552824.8964700679,
       308
      ],
      [
       1368626.406589563,
       552825.0030396172,
       308
      ],
      [
       1368625.7607601364,
       552825.1118245767,
       308
      ],
      [
       1368625.012273929,
       552825.2228249463,
       308
      ],
      [
       1368624.2637877213,
       552825.3183176927,
       308
      ],
      [
       1368623.5153015137,
       552825.3983028163,
       308
      ],
      [
       1368622.7668153062,
       552825.4627803167,
       308
      ],
      [
       1368622.0183290984,
       552825.5117501941,
       308
      ],
      [
       1368621.2698428906,
       552825.5577734171,
       308
      ],
      [
       1368620.5213566828,
       552825.6008499854,
       308
      ],
      [
       1368619.7728704752,
       552825.6409798991,
       308
      ],
      [
       1368619.0243842679,
       552825.6781631582,
       308
      ],
      [
       1368618.2758980603,
       552825.7239823279,
       308
      ],
      [
       1368617.5274118525,
       552825.7784374079,
       308
      ],
      [
       1368616.7789256447,
       552825.8415283986,
       308
      ],
      [
       1368616.030439437,
       552825.9132552998,
       308
      ],
      [
       1368615.281953229,
       552825.9902896257,
       308
      ],
      [
       1368614.5334670213,
       552826.0726313766,
       308
      ],
      [
       1368613.7849808137,
       552826.1602805523,
       308
      ],
      [
       1368613.0364946064,
       552826.2532371528,
       308
      ],
      [
       1368612.2880083988,
       552826.3420203766,
       308
      ],
      [
       1368611.539522191,
       552826.4266302236,
       308
      ],
      [
       1368610.7910359832,
       552826.5070666936,
       308
      ],
      [
       1368610.0425497754,
       552826.5833297868,
       308
      ],
      [
       1368609.2940635676,
       552826.6567335479,
       308
      ],
      [
       1368608.5455773603,
       552826.727277977,
       308
      ],
      [
       1368607.7970911525,
       552826.7949630741,
       308
      ],
      [
       1368607.048604945,
       552826.8597888394,
       308
      ],
      [
       1368606.3001187374,
       552826.9252158499,
       308
      ],
      [
       1368605.5516325296,
       552826.9912441059,
       308
      ],
      [
       1368604.8031463218,
       552827.0578736071,
       308
      ],
      [
       1368604.0546601145,
       552827.1251043538,
       308
      ],
      [
       1368603.3581007987,
       552827.1945751301,
       308
      ],
      [
       1368602.7134683747,
       552827.2662859362,
       308
      ],
      [
       1368602.1207628427,
       552827.3402367721,
       308
      ],
      [
       1368601.579984203,
       552827.4164276377,
       308
      ],
      [
       1368601.1224733312,
       552827.4797682075,
       308
      ],
      [
       1368600.7482302273,
       552827.5302584816,
       308
      ],
      [
       1368600.4572548913,
       552827.5678984602,
       308
      ],
      [
       1368600.2495473237,
       552827.5926881433,
       308
      ],
      [
       1368599.906645096,
       552827.6421386775,
       308
      ],
      [
       1368599.428548208,
       552827.7162500632,
       308
      ],
      [
       1368598.8152566603,
       552827.8150223,
       308
      ],
      [
       1368598.066770453,
       552827.9384553882,
       308
      ],
      [
       1368597.3182842452,
       552828.0575929615,
       308
      ],
      [
       1368596.5697980374,
       552828.1724350197,
       308
      ],
      [
       1368595.8213118296,
       552828.2829815631,
       308
      ],
      [
       1368595.0728256223,
       552828.3892325915,
       308
      ],
      [
       1368594.3243394145,
       552828.4844692341,
       308
      ],
      [
       1368593.5758532067,
       552828.568691491,
       308
      ],
      [
       1368592.8273669991,
       552828.6418993622,
       308
      ],
      [
       1368592.0788807916,
       552828.7040928476,
       308
      ],
      [
       1368591.3303945838,
       552828.7563854328,
       308
      ],
      [
       1368590.5819083764,
       552828.7987771179,
       308
      ],
      [
       1368589.8334221686,
       552828.8312679026,
       308
      ],
      [
       1368589.0849359608,
       552828.8538577872,
       308
      ],
      [
       1368588.336449753,
       552828.8753656506,
       308
      ],
      [
       1368587.5879635452,
       552828.8957914929,
       308
      ],
      [
       1368586.8394773377,
       552828.9151353139,
       308
      ],
      [
       1368586.0909911303,
       552828.9333971137,
       308
      ],
      [
       1368585.3425049228,
       552828.963113871,
       308
      ],
      [
       1368584.594018715,
       552829.0042855858,
       308
      ],
      [
       1368583.8455325072,
       552829.0569122582,
       308
      ],
      [
       1368583.0970462994,
       552829.1209938881,
       308
      ],
      [
       1368582.3485600916,
       552829.1958963242,
       308
      ],
      [
       1368581.6000738838,
       552829.2816195666,
       308
      ],
      [
       1368580.8515876762,
       552829.3781636155,
       308
      ],
      [
       1368580.1031014689,
       552829.4855284705,
       308
      ],
      [
       1368579.3546152613,
       552829.5925670982,
       308
      ],
      [
       1368578.6061290535,
       552829.6992794983,
       308
      ],
      [
       1368577.8576428457,
       552829.805665671,
       308
      ],
      [
       1368577.109156638,
       552829.9117256161,
       308
      ],
      [
       1368576.3606704304,
       552830.014606548,
       308
      ],
      [
       1368575.6121842228,
       552830.1143084668,
       308
      ],
      [
       1368574.863698015,
       552830.2108313723,
       308
      ],
      [
       1368574.1152118077,
       552830.3041752646,
       308
      ],
      [
       1368573.5077428184,
       552830.3792124128,
       308
      ],
      [
       1368573.0412910478,
       552830.4359428169,
       308
      ],
      [
       1368572.7158564962,
       552830.4743664769,
       308
      ],
      [
       1368572.531439163,
       552830.4944833927,
       308
      ],
      [
       1368572.2521089446,
       552830.5230363813,
       308
      ],
      [
       1368571.8778658407,
       552830.5600254427,
       308
      ],
      [
       1368571.4087098516,
       552830.6054505769,
       308
      ],
      [
       1368570.8446409772,
       552830.659311784,
       308
      ],
      [
       1368570.2344677693,
       552830.715816194,
       308
      ],
      [
       1368569.578190228,
       552830.7749638071,
       308
      ],
      [
       1368568.8758083535,
       552830.8367546233,
       308
      ],
      [
       1368568.1273221462,
       552830.9011886427,
       308
      ],
      [
       1368567.3788359384,
       552830.9735602826,
       308
      ],
      [
       1368566.6303497306,
       552831.053869543,
       308
      ],
      [
       1368565.8818635228,
       552831.1421164239,
       308
      ],
      [
       1368565.1333773155,
       552831.2383009254,
       308
      ],
      [
       1368564.3848911077,
       552831.3254859678,
       308
      ],
      [
       1368563.6364049,
       552831.4036715513,
       308
      ],
      [
       1368562.8879186925,
       552831.4728576757,
       308
      ],
      [
       1368562.1394324847,
       552831.5330443415,
       308
      ],
      [
       1368561.390946277,
       552831.5842102496,
       308
      ],
      [
       1368560.6424600692,
       552831.6263554003,
       308
      ],
      [
       1368559.8939738616,
       552831.6594797936,
       308
      ],
      [
       1368559.1454876543,
       552831.6835834297,
       308
      ],
      [
       1368558.3970014467,
       552831.716548206,
       308
      ],
      [
       1368557.648515239,
       552831.7583741228,
       308
      ],
      [
       1368556.900029031,
       552831.80906118,
       308
      ],
      [
       1368556.1515428233,
       552831.8686093776,
       308
      ],
      [
       1368555.4030566155,
       552831.9347318178,
       308
      ],
      [
       1368554.6545704077,
       552832.0074285003,
       308
      ],
      [
       1368553.9060842001,
       552832.0866994255,
       308
      ],
      [
       1368553.1575979928,
       552832.172544593,
       308
      ],
      [
       1368552.4091117852,
       552832.2651231512,
       308
      ],
      [
       1368551.6606255774,
       552832.3644350999,
       308
      ],
      [
       1368550.9121393696,
       552832.4704804393,
       308
      ],
      [
       1368550.1636531618,
       552832.5832591691,
       308
      ],
      [
       1368549.415166954,
       552832.6923799512,
       308
      ],
      [
       1368548.6666807467,
       552832.7978427855,
       308
      ],
      [
       1368547.918194539,
       552832.899647672,
       308
      ],
      [
       1368547.1697083313,
       552832.9977946107,
       308
      ],
      [
       1368546.4212221238,
       552833.0759573277,
       308
      ],
      [
       1368545.672735916,
       552833.1341358232,
       308
      ],
      [
       1368544.9242497082,
       552833.1723300971,
       308
      ],
      [
       1368544.1757635009,
       552833.1905401492,
       308
      ],
      [
       1368543.427277293,
       552833.1979369468,
       308
      ],
      [
       1368542.6787910853,
       552833.1945204895,
       308
      ],
      [
       1368541.9303048775,
       552833.1802907777,
       308
      ],
      [
       1368541.1818186701,
       552833.1552478112,
       308
      ],
      [
       1368540.4333324623,
       552833.1332077838,
       308
      ],
      [
       1368539.6848462545,
       552833.1141706954,
       308
      ],
      [
       1368538.9363600467,
       552833.0981365461,
       308
      ],
      [
       1368538.1878738394,
       552833.0851053358,
       308
      ],
      [
       1368537.4393876316,
       552833.0921277539,
       308
      ],
      [
       1368536.6909014238,
       552833.1192038001,
       308
      ],
      [
       1368535.942415216,
       552833.1663334748,
       308
      ],
      [
       1368535.1939290087,
       552833.2335167777,
       308
      ],
      [
       1368534.5588785955,
       552833.2954237466,
       308
      ],
      [
       1368534.0372639764,
       552833.352054381,
       308
      ],
      [
       1368533.6290851522,
       552833.4034086815,
       308
      ],
      [
       1368533.3343421223,
       552833.449486648,
       308
      ],
      [
       1368532.9998490554,
       552833.4996058813,
       308
      ],
      [
       1368532.6256059518,
       552833.5537663816,
       308
      ],
      [
       1368532.2116128108,
       552833.611968149,
       308
      ],
      [
       1368531.7578696331,
       552833.6742111836,
       308
      ],
      [
       1368531.2304406979,
       552833.7425610623,
       308
      ],
      [
       1368530.6293260052,
       552833.817017785,
       308
      ],
      [
       1368529.954525555,
       552833.8975813522,
       308
      ],
      [
       1368529.2060393472,
       552833.9842517632,
       308
      ],
      [
       1368528.4575531394,
       552834.0760562198,
       308
      ],
      [
       1368527.7090669316,
       552834.1729947216,
       308
      ],
      [
       1368526.960580724,
       552834.2750672688,
       308
      ],
      [
       1368526.2120945167,
       552834.3822738612,
       308
      ],
      [
       1368525.4636083092,
       552834.4785413825,
       308
      ],
      [
       1368524.7151221014,
       552834.5638698322,
       308
      ],
      [
       1368523.9666358936,
       552834.6382592109,
       308
      ],
      [
       1368523.2181496858,
       552834.7017095181,
       308
      ],
      [
       1368522.469663478,
       552834.7550526136,
       308
      ],
      [
       1368521.7211772702,
       552834.7982884971,
       308
      ],
      [
       1368520.9726910626,
       552834.8314171688,
       308
      ],
      [
       1368520.2242048553,
       552834.8544386288,
       308
      ],
      [
       1368519.4757186477,
       552834.8806449203,
       308
      ],
      [
       1368518.72723244,
       552834.9100360436,
       308
      ],
      [
       1368517.978746232,
       552834.9426119986,
       308
      ],
      [
       1368517.2302600243,
       552834.9783727853,
       308
      ],
      [
       1368516.4817738167,
       552835.0210099467,
       308
      ],
      [
       1368515.7332876092,
       552835.0705234827,
       308
      ],
      [
       1368514.9848014014,
       552835.1269133936,
       308
      ],
      [
       1368514.236315194,
       552835.1901796793,
       308
      ],
      [
       1368513.4878289863,
       552835.2538795633,
       308
      ],
      [
       1368512.7393427785,
       552835.3180130455,
       308
      ],
      [
       1368511.9908565707,
       552835.382580126,
       308
      ],
      [
       1368511.2423703633,
       552835.4475808047,
       308
      ],
      [
       1368510.4938841555,
       552835.516279155,
       308
      ],
      [
       1368509.7453979477,
       552835.588675177,
       308
      ],
      [
       1368508.99691174,
       552835.6647688703,
       308
      ],
      [
       1368508.2484255326,
       552835.7445602352,
       308
      ],
      [
       1368507.4999393248,
       552835.8281195321,
       308
      ],
      [
       1368506.751453117,
       552835.9154467612,
       308
      ],
      [
       1368506.0029669092,
       552836.0065419222,
       308
      ],
      [
       1368505.2544807019,
       552836.1014050152,
       308
      ],
      [
       1368504.507549786,
       552836.1893553834,
       308
      ],
      [
       1368503.7621741625,
       552836.2703930266,
       308
      ],
      [
       1368503.018353831,
       552836.3445179448,
       308
      ],
      [
       1368502.2760887914,
       552836.411730138,
       308
      ],
      [
       1368501.71783472,
       552836.4622467314,
       308
      ],
      [
       1368501.343591616,
       552836.496067725,
       308
      ],
      [
       1368501.15335948,
       552836.5131931187,
       308
      ],
      [
       1368501.1471383118,
       552836.5136229127,
       308
      ],
      [
       1368500.9553508838,
       552836.5238578394,
       308
      ],
      [
       1368500.5779971958,
       552836.5438978989,
       308
      ],
      [
       1368500.015077248,
       552836.5737430911,
       308
      ],
      [
       1368499.2665910407,
       552836.613393416,
       308
      ],
      [
       1368498.518104833,
       552836.6467115603,
       308
      ],
      [
       1368497.7696186253,
       552836.673697524,
       308
      ],
      [
       1368497.0211324175,
       552836.694351307,
       308
      ],
      [
       1368496.2726462097,
       552836.7086729094,
       308
      ],
      [
       1368495.524160002,
       552836.728556683,
       308
      ],
      [
       1368494.775673794,
       552836.754002628,
       308
      ],
      [
       1368494.0271875865,
       552836.7850107441,
       308
      ],
      [
       1368493.2787013792,
       552836.8215810314,
       308
      ],
      [
       1368492.5302151716,
       552836.8713237953,
       308
      ],
      [
       1368491.7817289638,
       552836.9342390357,
       308
      ],
      [
       1368491.033242756,
       552837.0103267527,
       308
      ],
      [
       1368490.2847565482,
       552837.0995869462,
       308
      ],
      [
       1368489.5362703407,
       552837.1802679631,
       308
      ],
      [
       1368488.787784133,
       552837.2523698034,
       308
      ],
      [
       1368488.0392979253,
       552837.315892467,
       308
      ],
      [
       1368487.290811718,
       552837.3708359541,
       308
      ],
      [
       1368486.5423255102,
       552837.4098016637,
       308
      ],
      [
       1368485.7938393024,
       552837.432789596,
       308
      ],
      [
       1368485.0453530946,
       552837.4397997509,
       308
      ],
      [
       1368484.2968668872,
       552837.4308321284,
       308
      ],
      [
       1368483.5483806795,
       552837.4165929708,
       308
      ],
      [
       1368482.7998944717,
       552837.3970822782,
       308
      ],
      [
       1368482.0514082639,
       552837.3723000505,
       308
      ],
      [
       1368481.3029220565,
       552837.3422462877,
       308
      ],
      [
       1368480.5544358487,
       552837.3118232389,
       308
      ],
      [
       1368479.805949641,
       552837.2810309038,
       308
      ],
      [
       1368479.0574634331,
       552837.2498692826,
       308
      ],
      [
       1368478.3089772258,
       552837.2183383754,
       308
      ],
      [
       1368477.560491018,
       552837.1887461109,
       308
      ],
      [
       1368476.8120048104,
       552837.1610924893,
       308
      ],
      [
       1368476.0635186029,
       552837.1353775103,
       308
      ],
      [
       1368475.315032395,
       552837.1116011742,
       308
      ],
      [
       1368474.5665461873,
       552837.0890835691,
       308
      ],
      [
       1368473.8180599795,
       552837.0678246948,
       308
      ],
      [
       1368473.069573772,
       552837.0478245514,
       308
      ],
      [
       1368472.3210875646,
       552837.0290831388,
       308
      ],
      [
       1368471.572601357,
       552837.0032564844,
       308
      ],
      [
       1368470.8241151492,
       552836.9703445879,
       308
      ],
      [
       1368470.0756289414,
       552836.9303474497,
       308
      ],
      [
       1368469.3271427336,
       552836.8832650696,
       308
      ],
      [
       1368468.7079073926,
       552836.8291974675,
       308
      ],
      [
       1368468.217922919,
       552836.7681446434,
       308
      ],
      [
       1368467.8571893119,
       552836.7001065975,
       308
      ],
      [
       1368467.6257065719,
       552836.6250833299,
       308
      ],
      [
       1368467.32284365,
       552836.491861951,
       308
      ],
      [
       1368466.948600546,
       552836.300442461,
       308
      ],
      [
       1368466.5029772604,
       552836.0508248601,
       308
      ],
      [
       1368465.9859737926,
       552835.743009148,
       308
      ],
      [
       1368465.4955896386,
       552835.4019797401,
       308
      ],
      [
       1368465.0318247979,
       552835.0277366363,
       308
      ],
      [
       1368464.5946792704,
       552834.6202798366,
       308
      ],
      [
       1368464.1841530567,
       552834.1796093408,
       308
      ],
      [
       1368463.7917683977,
       552833.6694984152,
       308
      ],
      [
       1368463.417525294,
       552833.0899470595,
       308
      ],
      [
       1368463.0614237452,
       552832.4409552738,
       308
      ],
      [
       1368462.7234637511,
       552831.7225230583,
       308
      ],
      [
       1368462.4660668902,
       552831.1761853986,
       308
      ],
      [
       1368462.289233162,
       552830.8019422947,
       308
      ],
      [
       1368462.1929625666,
       552830.5997937467,
       308
      ],
      [
       1368462.177255104,
       552830.5697397547,
       308
      ],
      [
       1368462.113683783,
       552830.3600777087,
       308
      ],
      [
       1368462.0022486039,
       552829.9708076089,
       308
      ],
      [
       1368461.842949566,
       552829.4019294551,
       308
      ],
      [
       1368461.6357866698,
       552828.6534432474,
       308
      ],
      [
       1368461.4698759497,
       552827.9049570397,
       308
      ],
      [
       1368461.3452174054,
       552827.1564708322,
       308
      ],
      [
       1368461.2618110366,
       552826.4079846244,
       308
      ],
      [
       1368461.2196568432,
       552825.6594984168,
       308
      ],
      [
       1368461.1786171563,
       552824.911012209,
       308
      ],
      [
       1368461.1386919753,
       552824.1625260015,
       308
      ],
      [
       1368461.0998813005,
       552823.4140397938,
       308
      ],
      [
       1368461.0621851315,
       552822.6655535861,
       308
      ],
      [
       1368461.0107498153,
       552821.9170673785,
       308
      ],
      [
       1368460.9455753518,
       552821.1685811707,
       308
      ],
      [
       1368460.866661741,
       552820.420094963,
       308
      ],
      [
       1368460.7740089828,
       552819.6716087555,
       308
      ],
      [
       1368460.6763839026,
       552818.9231225478,
       308
      ],
      [
       1368460.5737865001,
       552818.17463634,
       308
      ],
      [
       1368460.4662167756,
       552817.4261501323,
       308
      ],
      [
       1368460.3536747291,
       552816.6776639248,
       308
      ],
      [
       1368460.2394292767,
       552815.9291777171,
       308
      ],
      [
       1368460.1234804185,
       552815.1806915093,
       308
      ],
      [
       1368460.0058281543,
       552814.4322053017,
       308
      ],
      [
       1368459.8864724846,
       552813.683719094,
       308
      ],
      [
       1368459.7868930805,
       552812.9352328863,
       308
      ],
      [
       1368459.707089942,
       552812.1867466788,
       308
      ],
      [
       1368459.6470630695,
       552811.438260471,
       308
      ],
      [
       1368459.6068124622,
       552810.6897742634,
       308
      ],
      [
       1368459.5563834058,
       552809.9633269752,
       308
      ],
      [
       1368459.4957758994,
       552809.2589186067,
       308
      ],
      [
       1368459.4249899439,
       552808.5765491577,
       308
      ],
      [
       1368459.3440255383,
       552807.9162186282,
       308
      ],
      [
       1368459.2798891878,
       552807.3989318116,
       308
      ],
      [
       1368459.2325808923,
       552807.0246887078,
       308
      ],
      [
       1368459.2021006513,
       552806.7934893167,
       308
      ],
      [
       1368459.1884484654,
       552806.7053336386,
       308
      ],
      [
       1368459.091349612,
       552806.452095328,
       308
      ],
      [
       1368458.9108040915,
       552806.033774385,
       308
      ],
      [
       1368458.6468119032,
       552805.4503708098,
       308
      ],
      [
       1368458.2993730474,
       552804.701884602,
       308
      ],
      [
       1368457.9419451142,
       552804.0335363336,
       308
      ],
      [
       1368457.5745281032,
       552803.4453260043,
       308
      ],
      [
       1368457.1971220146,
       552802.9372536144,
       308
      ],
      [
       1368456.8097268487,
       552802.5093191636,
       308
      ],
      [
       1368456.352719397,
       552802.1082303864,
       308
      ],
      [
       1368455.8260996598,
       552801.7339872825,
       308
      ],
      [
       1368455.2298676372,
       552801.3865898522,
       308
      ],
      [
       1368454.5640233292,
       552801.0660380952,
       308
      ],
      [
       1368454.0439796234,
       552800.8112253653,
       308
      ],
      [
       1368453.6697365195,
       552800.6221516621,
       308
      ],
      [
       1368453.4412940177,
       552800.4988169861,
       308
      ],
      [
       1368453.3586521181,
       552800.4412213368,
       308
      ],
      [
       1368453.1095491415,
       552800.2782796314,
       308
      ],
      [
       1368452.6939850878,
       552800.0099918698,
       308
      ],
      [
       1368452.111959957,
       552799.6363580518,
       308
      ],
      [
       1368451.3634737497,
       552799.1573781774,
       308
      ],
      [
       1368450.7471856636,
       552798.7451656006,
       308
      ],
      [
       1368450.263095699,
       552798.3997203213,
       308
      ],
      [
       1368449.911203856,
       552798.1210423396,
       308
      ],
      [
       1368449.6915101344,
       552797.9091316555,
       308
      ],
      [
       1368449.421457897,
       552797.5630770904,
       308
      ],
      [
       1368449.1010471429,
       552797.0828786445,
       308
      ],
      [
       1368448.7302778729,
       552796.4685363176,
       308
      ],
      [
       1368448.3091500865,
       552795.72005011,
       308
      ],
      [
       1368447.966388072,
       552795.0891703378,
       308
      ],
      [
       1368447.7019918286,
       552794.5758970012,
       308
      ],
      [
       1368447.5159613572,
       552794.1802301,
       308
      ],
      [
       1368447.4082966573,
       552793.9021696342,
       308
      ],
      [
       1368447.280869557,
       552793.5760178495,
       308
      ],
      [
       1368447.133680057,
       552793.2017747457,
       308
      ],
      [
       1368446.9667281567,
       552792.7794403228,
       308
      ],
      [
       1368446.7800138562,
       552792.3090145808,
       308
      ],
      [
       1368446.5285078909,
       552791.7690737224,
       308
      ],
      [
       1368446.2122102606,
       552791.1596177475,
       308
      ],
      [
       1368445.8311209655,
       552790.4806466562,
       308
      ],
      [
       1368445.3852400056,
       552789.7321604487,
       308
      ],
      [
       1368445.0218565487,
       552789.1301462686,
       308
      ],
      [
       1368444.7409705953,
       552788.6746041164,
       308
      ],
      [
       1368444.542582145,
       552788.3655339917,
       308
      ],
      [
       1368444.4266911978,
       552788.2029358948,
       308
      ],
      [
       1368444.2165141166,
       552787.9345152944,
       308
      ],
      [
       1368443.912050901,
       552787.5602721907,
       308
      ],
      [
       1368443.5133015518,
       552787.0802065834,
       308
      ],
      [
       1368443.0202660684,
       552786.4943184726,
       308
      ],
      [
       1368442.5866267749,
       552785.9874443414,
       308
      ],
      [
       1368442.212383671,
       552785.55958419,
       308
      ],
      [
       1368441.897536757,
       552785.2107380182,
       308
      ],
      [
       1368441.6420860325,
       552784.940905826,
       308
      ],
      [
       1368441.2994492652,
       552784.618868178,
       308
      ],
      [
       1368440.8696264545,
       552784.2446250741,
       308
      ],
      [
       1368440.352617601,
       552783.8181765145,
       308
      ],
      [
       1368439.7484227044,
       552783.339522499,
       308
      ],
      [
       1368439.259203704,
       552782.9497667141,
       308
      ],
      [
       1368438.8849606002,
       552782.6489091598,
       308
      ],
      [
       1368438.6256933927,
       552782.4369498362,
       308
      ],
      [
       1368438.481402082,
       552782.3138887434,
       308
      ],
      [
       1368438.1860620468,
       552782.1928900782,
       308
      ],
      [
       1368437.7396732874,
       552782.0739538406,
       308
      ],
      [
       1368437.1422358039,
       552781.9570800309,
       308
      ],
      [
       1368436.393749596,
       552781.8422686489,
       308
      ],
      [
       1368435.6452633883,
       552781.8101358855,
       308
      ],
      [
       1368434.8967771805,
       552781.8606817406,
       308
      ],
      [
       1368434.148290973,
       552781.9939062143,
       308
      ],
      [
       1368433.3998047656,
       552782.2098093065,
       308
      ],
      [
       1368432.6538567552,
       552782.3772289713,
       308
      ],
      [
       1368431.9104469419,
       552782.4961652089,
       308
      ],
      [
       1368431.1695753261,
       552782.566618019,
       308
      ],
      [
       1368430.4312419076,
       552782.5885874017,
       308
      ],
      [
       1368429.8749536464,
       552782.6051400865,
       308
      ],
      [
       1368429.5007105428,
       552782.6162760735,
       308
      ],
      [
       1368429.3085125962,
       552782.6219953628,
       308
      ],
      [
       1368429.298359807,
       552782.6222979543,
       308
      ],
      [
       1368429.1036236633,
       552782.6270374556,
       308
      ],
      [
       1368428.7243041648,
       552782.6362138669,
       308
      ],
      [
       1368428.1604013117,
       552782.6498271881,
       308
      ],
      [
       1368427.4119151044,
       552782.6678774192,
       308
      ],
      [
       1368426.6634288966,
       552782.699294405,
       308
      ],
      [
       1368425.9149426888,
       552782.7440781457,
       308
      ],
      [
       1368425.166456481,
       552782.802228641,
       308
      ],
      [
       1368424.4179702736,
       552782.8737458911,
       308
      ],
      [
       1368423.6694840658,
       552782.942483571,
       308
      ],
      [
       1368422.920997858,
       552783.0084416806,
       308
      ],
      [
       1368422.1725116502,
       552783.07162022,
       308
      ],
      [
       1368421.424025443,
       552783.1320191891,
       308
      ],
      [
       1368420.862660787,
       552783.177318416,
       308
      ],
      [
       1368420.4884176832,
       552783.2075179005,
       308
      ],
      [
       1368420.3012961312,
       552783.2226176428,
       308
      ]
     ]
    },
    "elevationFt": 308,
    "weight": "intermediate",
    "hidden": false
   }
  },
  {
   "type": "Feature",
   "geometry": {
    "type": "LineString",
    "coordinates": [
     [
      -76.80110879612344,
      39.18412136874193
     ],
     [
      -76.80110888961977,
      39.18412139786991
     ],
     [
      -76.8011090766124,
      39.184121456125865
     ],
     [
      -76.80110935710135,
      39.18412154350982
     ],
     [
      -76.80110973108661,
      39.184121660021745
     ],
     [
      -76.80111057764617,
      39.18412192252006
     ],
     [
      -76.80111189678,
      39.184122331004744
     ],
     [
      -76.80111368848814,
      39.18412288547581
     ],
     [
      -76.80111595277063,
      39.184123585933186
     ],
     [
      -76.80111831028198,
      39.18412441107124
     ],
     [
      -76.80112076102223,
      39.18412536088995
     ],
     [
      -76.8011233049914,
      39.18412643538932
     ],
     [
      -76.80112594218951,
      39.18412763456932
     ],
     [
      -76.80112795699787,
      39.184128574943465
     ],
     [
      -76.80112934941641,
      39.1841292565118
     ],
     [
      -76.80113011944513,
      39.18412967927434
     ],
     [
      -76.80113026708399,
      39.184129843231084
     ],
     [
      -76.80113063736154,
      39.18413048039702
     ],
     [
      -76.8011312302778,
      39.18413159077216
     ],
     [
      -76.80113204583282,
      39.18413317435647
     ],
     [
      -76.80113308402657,
      39.18413523114996
     ],
     [
      -76.80113398361992,
      39.18413728770846
     ],
     [
      -76.80113474461287,
      39.184139344031976
     ],
     [
      -76.80113536700536,
      39.18414140012052
     ],
     [
      -76.80113585079741,
      39.18414345597405
     ],
     [
      -76.80113628934716,
      39.18414551175089
     ],
     [
      -76.8011366826546,
      39.18414756745102
     ],
     [
      -76.80113703071976,
      39.184149623074454
     ],
     [
      -76.8011373335426,
      39.184151678621184
     ],
     [
      -76.80113763216612,
      39.18415373416078
     ],
     [
      -76.80113792659034,
      39.18415578969325
     ],
     [
      -76.80113821681526,
      39.18415784521863
     ],
     [
      -76.80113850284086,
      39.18415990073687
     ],
     [
      -76.80113867319888,
      39.18416195605902
     ],
     [
      -76.80113872788932,
      39.18416401118506
     ],
     [
      -76.80113866691215,
      39.184166066115004
     ],
     [
      -76.80113849026739,
      39.18416812084886
     ],
     [
      -76.80113826917874,
      39.184170175507354
     ],
     [
      -76.80113800364616,
      39.184172230090496
     ],
     [
      -76.80113769366969,
      39.1841742845983
     ],
     [
      -76.80113733924931,
      39.18417633903075
     ],
     [
      -76.80113710344864,
      39.184178393664304
     ],
     [
      -76.8011369862677,
      39.18418044849896
     ],
     [
      -76.80113698770649,
      39.1841825035347
     ],
     [
      -76.80113710776502,
      39.184184558771555
     ],
     [
      -76.80113724287398,
      39.18418661403393
     ],
     [
      -76.80113739303336,
      39.18418866932183
     ],
     [
      -76.80113755824314,
      39.184190724635215
     ],
     [
      -76.80113773850337,
      39.18419277997414
     ],
     [
      -76.80113783873594,
      39.184194835177365
     ],
     [
      -76.80113785894086,
      39.18419689024494
     ],
     [
      -76.80113779911811,
      39.184198945176824
     ],
     [
      -76.8011376592677,
      39.18420099997303
     ],
     [
      -76.8011375054969,
      39.18420305474563
     ],
     [
      -76.80113733780571,
      39.18420510949464
     ],
     [
      -76.80113715619412,
      39.18420716422004
     ],
     [
      -76.80113696066213,
      39.18420921892186
     ],
     [
      -76.80113682830373,
      39.18421127373076
     ],
     [
      -76.80113675911889,
      39.18421332864676
     ],
     [
      -76.80113675310764,
      39.18421538366987
     ],
     [
      -76.80113681026997,
      39.184217438800076
     ],
     [
      -76.80113688781384,
      39.18421949396484
     ],
     [
      -76.80113698573928,
      39.184221549164135
     ],
     [
      -76.80113710404626,
      39.18422360439803
     ],
     [
      -76.80113724273481,
      39.184225659666424
     ],
     [
      -76.80113743863976,
      39.184227715031845
     ],
     [
      -76.80113769176114,
      39.18422977049427
     ],
     [
      -76.80113800209894,
      39.184231826053676
     ],
     [
      -76.80113836965317,
      39.18423388171012
     ],
     [
      -76.80113872227307,
      39.184235579081815
     ],
     [
      -76.8011390599586,
      39.18423691816878
     ],
     [
      -76.80113938270978,
      39.18423789897103
     ],
     [
      -76.8011396905266,
      39.184238521488545
     ],
     [
      -76.8011402701548,
      39.18423934722738
     ],
     [
      -76.80114112159441,
      39.18424037618749
     ],
     [
      -76.80114224484545,
      39.18424160836887
     ],
     [
      -76.80114363990795,
      39.184243043771545
     ],
     [
      -76.80114499551976,
      39.18424449719095
     ],
     [
      -76.80114631168092,
      39.184245968627096
     ],
     [
      -76.80114758839142,
      39.184247458079994
     ],
     [
      -76.80114882565125,
      39.184248965549635
     ],
     [
      -76.80114982110871,
      39.18425023368159
     ],
     [
      -76.8011505747638,
      39.18425126247585
     ],
     [
      -76.80115108661649,
      39.18425205193243
     ],
     [
      -76.80115135666675,
      39.18425260205135
     ],
     [
      -76.80115166042405,
      39.18425352857046
     ],
     [
      -76.80115199788843,
      39.184254831489746
     ],
     [
      -76.80115236905985,
      39.1842565108092
     ],
     [
      -76.80115277393834,
      39.18425856652882
     ],
     [
      -76.80115326757395,
      39.18426062239893
     ],
     [
      -76.80115384996668,
      39.18426267841947
     ],
     [
      -76.80115452111654,
      39.184264734590485
     ],
     [
      -76.80115528102354,
      39.18426679091194
     ],
     [
      -76.80115614798962,
      39.18426873799871
     ],
     [
      -76.80115712201479,
      39.18427057585073
     ],
     [
      -76.80115820309905,
      39.18427230446806
     ],
     [
      -76.8011593912424,
      39.184273923850654
     ],
     [
      -76.80116032559228,
      39.184275247877075
     ],
     [
      -76.80116100614865,
      39.18427627654738
     ],
     [
      -76.80116143291153,
      39.184277009861496
     ],
     [
      -76.80116160588085,
      39.18427744781949
     ],
     [
      -76.80116200541016,
      39.18427829050364
     ],
     [
      -76.80116263149945,
      39.18427953791396
     ],
     [
      -76.80116348414879,
      39.18428119005046
     ],
     [
      -76.80116456335816,
      39.18428324691312
     ],
     [
      -76.8011655320573,
      39.18428530358843
     ],
     [
      -76.80116639024621,
      39.18428736007642
     ],
     [
      -76.80116713792486,
      39.184289416377055
     ],
     [
      -76.80116777509329,
      39.18429147249038
     ],
     [
      -76.80116827515282,
      39.18429352837127
     ],
     [
      -76.80116863810346,
      39.184295584019765
     ],
     [
      -76.8011688639452,
      39.18429763943584
     ],
     [
      -76.80116895267801,
      39.18429969461948
     ],
     [
      -76.80116895308538,
      39.184301749653436
     ],
     [
      -76.80116886516728,
      39.18430380453765
     ],
     [
      -76.80116868892375,
      39.184305859272165
     ],
     [
      -76.80116842435473,
      39.184307913856934
     ],
     [
      -76.80116814876722,
      39.18430996842303
     ],
     [
      -76.80116786216124,
      39.184312022970445
     ],
     [
      -76.80116756453677,
      39.18431407749919
     ],
     [
      -76.80116725589382,
      39.18431613200926
     ],
     [
      -76.80116698685656,
      39.18431818658644
     ],
     [
      -76.80116675742497,
      39.184320241230765
     ],
     [
      -76.80116656759908,
      39.18432229594222
     ],
     [
      -76.80116641737888,
      39.184324350720836
     ],
     [
      -76.80116624306807,
      39.1843264054586
     ],
     [
      -76.80116604466662,
      39.18432846015551
     ],
     [
      -76.80116582217454,
      39.1843305148116
     ],
     [
      -76.80116557559184,
      39.18433256942684
     ],
     [
      -76.80116531633394,
      39.1843346240206
     ],
     [
      -76.80116504440086,
      39.18433667859287
     ],
     [
      -76.80116475979257,
      39.18433873314366
     ],
     [
      -76.80116446250909,
      39.18434078767296
     ],
     [
      -76.80116417722,
      39.18434284222259
     ],
     [
      -76.8011639039253,
      39.18434489679255
     ],
     [
      -76.801163642625,
      39.18434695138283
     ],
     [
      -76.8011633933191,
      39.18434900599344
     ],
     [
      -76.80116314892378,
      39.18435106061237
     ],
     [
      -76.80116290943904,
      39.184353115239645
     ],
     [
      -76.80116267486493,
      39.184355169875225
     ],
     [
      -76.80116244520138,
      39.184357224519125
     ],
     [
      -76.80116221765145,
      39.184359279166614
     ],
     [
      -76.80116199221513,
      39.1843613338177
     ],
     [
      -76.80116176889241,
      39.184363388472335
     ],
     [
      -76.80116154768331,
      39.18436544313058
     ],
     [
      -76.80116136266224,
      39.18436710580467
     ],
     [
      -76.80116121382923,
      39.18436837649464
     ],
     [
      -76.80116110118428,
      39.18436925520046
     ],
     [
      -76.80116102472738,
      39.184369741922154
     ],
     [
      -76.8011609039333,
      39.18437049890134
     ],
     [
      -76.80116073880203,
      39.18437152613804
     ],
     [
      -76.80116052933356,
      39.1843728236322
     ],
     [
      -76.8011602755279,
      39.18437439138388
     ],
     [
      -76.80115997839216,
      39.18437608077491
     ],
     [
      -76.80115963792636,
      39.18437789180532
     ],
     [
      -76.80115925413047,
      39.184379824475116
     ],
     [
      -76.80115882700449,
      39.184381878784265
     ],
     [
      -76.80115837609905,
      39.184383933053105
     ],
     [
      -76.80115790141417,
      39.18438598728162
     ],
     [
      -76.80115740294981,
      39.18438804146986
     ],
     [
      -76.801156880706,
      39.18439009561774
     ],
     [
      -76.80115626746517,
      39.184392149611384
     ],
     [
      -76.80115556322731,
      39.18439420345078
     ],
     [
      -76.80115476799241,
      39.18439625713589
     ],
     [
      -76.80115388176048,
      39.18439831066672
     ],
     [
      -76.80115307340695,
      39.1844000229299
     ],
     [
      -76.8011523429318,
      39.18440139392537
     ],
     [
      -76.80115169033509,
      39.18440242365317
     ],
     [
      -76.8011511156168,
      39.18440311211326
     ],
     [
      -76.8011503528533,
      39.184403969295694
     ],
     [
      -76.80114940204453,
      39.18440499520043
     ],
     [
      -76.80114826319048,
      39.18440618982747
     ],
     [
      -76.80114693629116,
      39.18440755317683
     ],
     [
      -76.80114561117273,
      39.18440878055341
     ],
     [
      -76.80114428783521,
      39.18440987195715
     ],
     [
      -76.8011429662786,
      39.18441082738812
     ],
     [
      -76.80114164650294,
      39.18441164684626
     ],
     [
      -76.80113999590122,
      39.18441248599866
     ],
     [
      -76.80113801447348,
      39.18441334484527
     ],
     [
      -76.80113570221967,
      39.1844142233861
     ],
     [
      -76.8011330591398,
      39.184415121621115
     ],
     [
      -76.80113056725723,
      39.1844158770888
     ],
     [
      -76.80112822657199,
      39.184416489789164
     ],
     [
      -76.80112603708412,
      39.184416959722206
     ],
     [
      -76.8011239987936,
      39.184417286887964
     ],
     [
      -76.80112231921336,
      39.18441755533355
     ],
     [
      -76.80112099834341,
      39.18441776505904
     ],
     [
      -76.80112003618376,
      39.18441791606438
     ],
     [
      -76.80111943273442,
      39.18441800834963
     ],
     [
      -76.8011183197874,
      39.184418155645645
     ],
     [
      -76.8011166973427,
      39.18441835795244
     ],
     [
      -76.80111456540031,
      39.18441861526996
     ],
     [
      -76.80111192396022,
      39.184418927598195
     ],
     [
      -76.80110994288012,
      39.18441916184435
     ],
     [
      -76.80110862216006,
      39.18441931800842
     ],
     [
      -76.80110796180003,
      39.18441939609046
     ]
    ]
   },
   "properties": {
    "id": "ct-11",
    "kind": "Contour",
    "sourceId": "contours",
    "reliabilityLevel": 1,
    "revision": 1,
    "engineeringGeometry": {
     "crs": "EPSG:2248",
     "crsName": "NAD83 / Maryland State Plane (US survey feet)",
     "datum": "NAD83",
     "unit": "usSurveyFoot",
     "coordinates": [
      [
       1368710.713944707,
       552704.6101553849,
       308
      ],
      [
       1368710.6874193195,
       552704.6207066657,
       308
      ],
      [
       1368710.634368544,
       552704.6418092273,
       308
      ],
      [
       1368710.5547923814,
       552704.6734630697,
       308
      ],
      [
       1368710.4486908307,
       552704.7156681932,
       308
      ],
      [
       1368710.2085185037,
       552704.8107527704,
       308
      ],
      [
       1368709.8342753998,
       552704.9587168014,
       308
      ],
      [
       1368709.3259615193,
       552705.1595602864,
       308
      ],
      [
       1368708.683576862,
       552705.4132832254,
       308
      ],
      [
       1368708.0146668174,
       552705.7123599179,
       308
      ],
      [
       1368707.319231385,
       552706.0567903643,
       308
      ],
      [
       1368706.5972705649,
       552706.4465745642,
       308
      ],
      [
       1368705.8487843575,
       552706.8817125176,
       308
      ],
      [
       1368705.2769248285,
       552707.2229723115,
       308
      ],
      [
       1368704.8816919778,
       552707.470353946,
       308
      ],
      [
       1368704.6630858057,
       552707.6238574208,
       308
      ],
      [
       1368704.6211063121,
       552707.683482736,
       308
      ],
      [
       1368704.515642653,
       552707.9153232743,
       308
      ],
      [
       1368704.3466948282,
       552708.3193790357,
       308
      ],
      [
       1368704.1142628377,
       552708.8956500202,
       308
      ],
      [
       1368703.8183466815,
       552709.6441362279,
       308
      ],
      [
       1368703.5617181077,
       552710.3926224356,
       308
      ],
      [
       1368703.3443771168,
       552711.1411086431,
       308
      ],
      [
       1368703.1663237084,
       552711.8895948508,
       308
      ],
      [
       1368703.0275578825,
       552712.6380810586,
       308
      ],
      [
       1368702.9016164087,
       552713.3865672663,
       308
      ],
      [
       1368702.7884992873,
       552714.1350534739,
       308
      ],
      [
       1368702.6882065178,
       552714.8835396816,
       308
      ],
      [
       1368702.600738101,
       552715.6320258892,
       308
      ],
      [
       1368702.5144600216,
       552716.3805120969,
       308
      ],
      [
       1368702.4293722806,
       552717.1289983045,
       308
      ],
      [
       1368702.3454748774,
       552717.8774845123,
       308
      ],
      [
       1368702.2627678122,
       552718.6259707198,
       308
      ],
      [
       1368702.2128477818,
       552719.3744569276,
       308
      ],
      [
       1368702.1957147866,
       552720.1229431352,
       308
      ],
      [
       1368702.211368826,
       552720.871429343,
       308
      ],
      [
       1368702.2598099003,
       552721.6199155506,
       308
      ],
      [
       1368702.320848999,
       552722.3684017584,
       308
      ],
      [
       1368702.3944861225,
       552723.1168879659,
       308
      ],
      [
       1368702.4807212704,
       552723.8653741736,
       308
      ],
      [
       1368702.5795544425,
       552724.6138603813,
       308
      ],
      [
       1368702.644763776,
       552725.3623465889,
       308
      ],
      [
       1368702.6763492709,
       552726.1108327967,
       308
      ],
      [
       1368702.6743109263,
       552726.8593190043,
       308
      ],
      [
       1368702.6386487433,
       552727.6078052119,
       308
      ],
      [
       1368702.5987203845,
       552728.3562914196,
       308
      ],
      [
       1368702.5545258508,
       552729.1047776274,
       308
      ],
      [
       1368702.5060651416,
       552729.853263835,
       308
      ],
      [
       1368702.4533382575,
       552730.6017500426,
       308
      ],
      [
       1368702.423295933,
       552731.3502362503,
       308
      ],
      [
       1368702.4159381683,
       552732.0987224579,
       308
      ],
      [
       1368702.4312649635,
       552732.8472086657,
       308
      ],
      [
       1368702.4692763188,
       552733.5956948732,
       308
      ],
      [
       1368702.511233531,
       552734.344181081,
       308
      ],
      [
       1368702.5571366,
       552735.0926672886,
       308
      ],
      [
       1368702.6069855257,
       552735.8411534964,
       308
      ],
      [
       1368702.6607803088,
       552736.589639704,
       308
      ],
      [
       1368702.6966679757,
       552737.3381259118,
       308
      ],
      [
       1368702.7146485273,
       552738.0866121193,
       308
      ],
      [
       1368702.714721963,
       552738.835098327,
       308
      ],
      [
       1368702.6968882827,
       552739.5835845347,
       308
      ],
      [
       1368702.6732772721,
       552740.3320707424,
       308
      ],
      [
       1368702.6438889313,
       552741.08055695,
       308
      ],
      [
       1368702.6087232598,
       552741.8290431576,
       308
      ],
      [
       1368702.567780258,
       552742.5775293654,
       308
      ],
      [
       1368702.5106187575,
       552743.3260155731,
       308
      ],
      [
       1368702.437238759,
       552744.0745017807,
       308
      ],
      [
       1368702.3476402615,
       552744.8229879884,
       308
      ],
      [
       1368702.2418232653,
       552745.571474196,
       308
      ],
      [
       1368702.1405237962,
       552746.1894748183,
       308
      ],
      [
       1368702.043741854,
       552746.6769898552,
       308
      ],
      [
       1368701.9514774382,
       552747.0340193069,
       308
      ],
      [
       1368701.8637305489,
       552747.2605631732,
       308
      ],
      [
       1368701.698775453,
       552747.5609566583,
       308
      ],
      [
       1368701.4566121502,
       552747.9351997621,
       308
      ],
      [
       1368701.137240641,
       552748.3832924848,
       308
      ],
      [
       1368700.740660925,
       552748.9052348261,
       308
      ],
      [
       1368700.355249515,
       552749.4337636078,
       308
      ],
      [
       1368699.9810064111,
       552749.9688788296,
       308
      ],
      [
       1368699.6179316132,
       552750.5105804916,
       308
      ],
      [
       1368699.2660251218,
       552751.058868594,
       308
      ],
      [
       1368698.982849204,
       552751.5201341971,
       308
      ],
      [
       1368698.7684038598,
       552751.8943773009,
       308
      ],
      [
       1368698.6226890895,
       552752.1815979055,
       308
      ],
      [
       1368698.5457048928,
       552752.3817960109,
       308
      ],
      [
       1368698.4588675632,
       552752.7190661419,
       308
      ],
      [
       1368698.3621770998,
       552753.1934082983,
       308
      ],
      [
       1368698.2556335034,
       552753.8048224804,
       308
      ],
      [
       1368698.1392367738,
       552754.5533086881,
       308
      ],
      [
       1368697.997681072,
       552755.3017948957,
       308
      ],
      [
       1368697.8309663986,
       552756.0502811035,
       308
      ],
      [
       1368697.6390927527,
       552756.7987673111,
       308
      ],
      [
       1368697.4220601353,
       552757.5472535187,
       308
      ],
      [
       1368697.174767506,
       552758.2558880541,
       308
      ],
      [
       1368696.8972148653,
       552758.9246709174,
       308
      ],
      [
       1368696.589402213,
       552759.5536021084,
       308
      ],
      [
       1368696.2513295494,
       552760.1426816271,
       308
      ],
      [
       1368695.985430835,
       552760.6243429384,
       308
      ],
      [
       1368695.7917060703,
       552760.9985860421,
       308
      ],
      [
       1368695.6701552554,
       552761.2654109385,
       308
      ],
      [
       1368695.62077839,
       552761.4248176275,
       308
      ],
      [
       1368695.5068603628,
       552761.7314941962,
       308
      ],
      [
       1368695.3284011735,
       552762.1854406446,
       308
      ],
      [
       1368695.0854008226,
       552762.7866569725,
       308
      ],
      [
       1368694.7778593102,
       552763.5351431802,
       308
      ],
      [
       1368694.5016428926,
       552764.2836293878,
       308
      ],
      [
       1368694.2567515709,
       552765.0321155954,
       308
      ],
      [
       1368694.043185344,
       552765.7806018032,
       308
      ],
      [
       1368693.8609442129,
       552766.5290880108,
       308
      ],
      [
       1368693.7175677833,
       552767.2775742186,
       308
      ],
      [
       1368693.6130560562,
       552768.0260604261,
       308
      ],
      [
       1368693.5474090306,
       552768.7745466339,
       308
      ],
      [
       1368693.5206267075,
       552769.5230328415,
       308
      ],
      [
       1368693.5188809906,
       552770.2715190493,
       308
      ],
      [
       1368693.5421718806,
       552771.0200052569,
       308
      ],
      [
       1368693.590499377,
       552771.7684914646,
       308
      ],
      [
       1368693.6638634803,
       552772.5169776722,
       308
      ],
      [
       1368693.740350862,
       552773.2654638799,
       308
      ],
      [
       1368693.8199615225,
       552774.0139500875,
       308
      ],
      [
       1368693.9026954612,
       552774.7624362952,
       308
      ],
      [
       1368693.9885526784,
       552775.510922503,
       308
      ],
      [
       1368694.0631833223,
       552776.2594087106,
       308
      ],
      [
       1368694.1265873932,
       552777.0078949182,
       308
      ],
      [
       1368694.1787648906,
       552777.7563811259,
       308
      ],
      [
       1368694.2197158153,
       552778.5048673336,
       308
      ],
      [
       1368694.2674954287,
       552779.2533535413,
       308
      ],
      [
       1368694.3221037309,
       552780.0018397488,
       308
      ],
      [
       1368694.3835407223,
       552780.7503259566,
       308
      ],
      [
       1368694.451806403,
       552781.4988121642,
       308
      ],
      [
       1368694.5236649695,
       552782.247298372,
       308
      ],
      [
       1368694.5991164222,
       552782.9957845795,
       308
      ],
      [
       1368694.678160761,
       552783.7442707873,
       308
      ],
      [
       1368694.760797986,
       552784.4927569949,
       308
      ],
      [
       1368694.8400352953,
       552785.2412432027,
       308
      ],
      [
       1368694.9158726889,
       552785.9897294103,
       308
      ],
      [
       1368694.9883101669,
       552786.738215618,
       308
      ],
      [
       1368695.0573477289,
       552787.4867018256,
       308
      ],
      [
       1368695.1249933382,
       552788.2351880332,
       308
      ],
      [
       1368695.1912469952,
       552788.983674241,
       308
      ],
      [
       1368695.2561086991,
       552789.7321604487,
       308
      ],
      [
       1368695.3195784506,
       552790.4806466562,
       308
      ],
      [
       1368695.3824490788,
       552791.2291328639,
       308
      ],
      [
       1368695.4447205837,
       552791.9776190717,
       308
      ],
      [
       1368695.5063929656,
       552792.7261052793,
       308
      ],
      [
       1368695.567466224,
       552793.474591487,
       308
      ],
      [
       1368695.6185926958,
       552794.080286507,
       308
      ],
      [
       1368695.6597723805,
       552794.5431903393,
       308
      ],
      [
       1368695.691005278,
       552794.8633029843,
       308
      ],
      [
       1368695.712291388,
       552795.0406244415,
       308
      ],
      [
       1368695.7459307797,
       552795.316406722,
       308
      ],
      [
       1368695.7919234524,
       552795.6906498258,
       308
      ],
      [
       1368695.8502694066,
       552796.163353753,
       308
      ],
      [
       1368695.920968642,
       552796.7345185035,
       308
      ],
      [
       1368696.0038535832,
       552797.3500136184,
       308
      ],
      [
       1368696.0989242299,
       552798.0098390973,
       308
      ],
      [
       1368696.2061805828,
       552798.7139949406,
       308
      ],
      [
       1368696.325622641,
       552799.4624811483,
       308
      ],
      [
       1368696.4518051753,
       552800.210967356,
       308
      ],
      [
       1368696.584728185,
       552800.9594535636,
       308
      ],
      [
       1368696.7243916704,
       552801.7079397712,
       308
      ],
      [
       1368696.8707956318,
       552802.456425979,
       308
      ],
      [
       1368697.0429934363,
       552803.2049121867,
       308
      ],
      [
       1368697.2409850846,
       552803.9533983943,
       308
      ],
      [
       1368697.4647705762,
       552804.701884602,
       308
      ],
      [
       1368697.7143499113,
       552805.4503708098,
       308
      ],
      [
       1368697.942124817,
       552806.0745120826,
       308
      ],
      [
       1368698.1480952934,
       552806.5743084205,
       308
      ],
      [
       1368698.3322613405,
       552806.9497598237,
       308
      ],
      [
       1368698.4946229581,
       552807.2008662922,
       308
      ],
      [
       1368698.710153419,
       552807.5135410784,
       308
      ],
      [
       1368698.9788527235,
       552807.8877841823,
       308
      ],
      [
       1368699.3007208712,
       552808.3235956038,
       308
      ],
      [
       1368699.675757862,
       552808.8209753429,
       308
      ],
      [
       1368700.0503979095,
       552809.2688298398,
       308
      ],
      [
       1368700.4246410134,
       552809.6671590945,
       308
      ],
      [
       1368700.7984871736,
       552810.0159631069,
       308
      ],
      [
       1368701.1719363902,
       552810.315241877,
       308
      ],
      [
       1368701.6391448546,
       552810.6218979848,
       308
      ],
      [
       1368702.2001125666,
       552810.9359314304,
       308
      ],
      [
       1368702.8548395266,
       552811.257342214,
       308
      ],
      [
       1368703.6033257344,
       552811.5861303353,
       308
      ],
      [
       1368704.3090673,
       552811.8628262555,
       308
      ],
      [
       1368704.9720642231,
       552812.0874299743,
       308
      ],
      [
       1368705.5923165043,
       552812.2599414919,
       308
      ],
      [
       1368706.1698241432,
       552812.3803608081,
       308
      ],
      [
       1368706.6456995145,
       552812.4791715138,
       308
      ],
      [
       1368707.0199426184,
       552812.556373609,
       308
      ],
      [
       1368707.2925534546,
       552812.6119670935,
       308
      ],
      [
       1368707.4635320236,
       552812.6459519676,
       308
      ],
      [
       1368707.778887502,
       552812.7002875583,
       308
      ],
      [
       1368708.23861989,
       552812.7749738656,
       308
      ],
      [
       1368708.842729188,
       552812.8700108898,
       308
      ],
      [
       1368709.5912153958,
       552812.9853986306,
       308
      ],
      [
       1368710.1525800515,
       552813.0719394363,
       308
      ],
      [
       1368710.526823155,
       552813.1296333068,
       308
      ],
      [
       1368710.713944707,
       552813.1584802419,
       308
      ]
     ]
    },
    "elevationFt": 308,
    "weight": "intermediate",
    "hidden": false
   }
  },
  {
   "type": "Feature",
   "geometry": {
    "type": "LineString",
    "coordinates": [
     [
      -76.80179627890507,
      39.18384351139434
     ],
     [
      -76.80179626863251,
      39.183843532974116
     ],
     [
      -76.8017962480874,
      39.183843576133654
     ],
     [
      -76.80179621726971,
      39.18384364087295
     ],
     [
      -76.80179617617947,
      39.18384372719201
     ],
     [
      -76.80179591988347,
      39.18384428371155
     ],
     [
      -76.8017954483817,
      39.18384531043156
     ],
     [
      -76.80179476167415,
      39.18384680735203
     ],
     [
      -76.80179385976076,
      39.18384877447299
     ],
     [
      -76.80179286760696,
      39.183850763038585
     ],
     [
      -76.80179178521273,
      39.18385277304877
     ],
     [
      -76.80179061257806,
      39.18385480450361
     ],
     [
      -76.80178934970293,
      39.183856857403065
     ],
     [
      -76.80178828024556,
      39.183858597131575
     ],
     [
      -76.80178740420594,
      39.1838600236892
     ],
     [
      -76.80178672158411,
      39.18386113707587
     ],
     [
      -76.80178623238011,
      39.18386193729167
     ],
     [
      -76.80178573067451,
      39.18386285072344
     ],
     [
      -76.8017852164673,
      39.18386387737125
     ],
     [
      -76.80178468975848,
      39.183865017235064
     ],
     [
      -76.80178415054806,
      39.183866270314894
     ],
     [
      -76.80178363356372,
      39.183867723692885
     ],
     [
      -76.80178313880546,
      39.18386937736904
     ],
     [
      -76.80178266627328,
      39.18387123134336
     ],
     [
      -76.8017822159672,
      39.18387328561586
     ],
     [
      -76.80178176553538,
      39.18387533988815
     ],
     [
      -76.80178131497784,
      39.18387739416021
     ],
     [
      -76.8017808642946,
      39.18387944843206
     ],
     [
      -76.80178041348564,
      39.18388150270369
     ],
     [
      -76.80177991200925,
      39.18388355688971
     ],
     [
      -76.80177935986545,
      39.18388561099009
     ],
     [
      -76.80177875705424,
      39.18388766500485
     ],
     [
      -76.8017781035756,
      39.183889718933976
     ],
     [
      -76.80177747089802,
      39.18389151415524
     ],
     [
      -76.80177685902149,
      39.18389305066865
     ],
     [
      -76.80177626794605,
      39.18389432847418
     ],
     [
      -76.80177569767169,
      39.18389534757185
     ],
     [
      -76.80177505372902,
      39.18389637027269
     ],
     [
      -76.80177433611804,
      39.183897396576704
     ],
     [
      -76.80177354483875,
      39.18389842648387
     ],
     [
      -76.80177267989114,
      39.1838994599942
     ],
     [
      -76.80177158523449,
      39.183900710133045
     ],
     [
      -76.80177026086875,
      39.183902176900396
     ],
     [
      -76.80176870679391,
      39.183903860296255
     ],
     [
      -76.80176692300992,
      39.18390576032057
     ],
     [
      -76.80176555885774,
      39.18390722329296
     ],
     [
      -76.80176461433736,
      39.183908249213424
     ],
     [
      -76.80176408944887,
      39.18390883808199
     ],
     [
      -76.80176398419225,
      39.18390898989863
     ],
     [
      -76.8017638538668,
      39.18390961743264
     ],
     [
      -76.80176369847254,
      39.183910720684004
     ],
     [
      -76.80176351800942,
      39.18391229965271
     ],
     [
      -76.80176331247748,
      39.183914354338796
     ],
     [
      -76.80176323379429,
      39.18391614343043
     ],
     [
      -76.80176328195985,
      39.1839176669276
     ],
     [
      -76.80176345697419,
      39.18391892483035
     ],
     [
      -76.8017637588373,
      39.18391991713864
     ],
     [
      -76.8017640655893,
      39.18392092731449
     ],
     [
      -76.80176437723019,
      39.18392195535788
     ],
     [
      -76.80176469375998,
      39.18392300126882
     ],
     [
      -76.80176501517865,
      39.18392406504731
     ],
     [
      -76.80176542120114,
      39.18392537691832
     ],
     [
      -76.80176591182742,
      39.183926936881825
     ],
     [
      -76.80176648705752,
      39.18392874493786
     ],
     [
      -76.80176714689145,
      39.183930801086404
     ],
     [
      -76.80176774915532,
      39.183932857137634
     ],
     [
      -76.80176829384911,
      39.183934913091576
     ],
     [
      -76.80176878097284,
      39.183936968948224
     ],
     [
      -76.80176921052647,
      39.1839390247076
     ],
     [
      -76.80176964290465,
      39.1839410804717
     ],
     [
      -76.80177007810734,
      39.1839431362406
     ],
     [
      -76.80177051613454,
      39.18394519201427
     ],
     [
      -76.80177095698626,
      39.1839472477927
     ],
     [
      -76.80177143523554,
      39.18394930363434
     ],
     [
      -76.80177195088237,
      39.183951359539165
     ],
     [
      -76.80177250392676,
      39.18395341550718
     ],
     [
      -76.8017730943687,
      39.18395547153842
     ],
     [
      -76.8017735798977,
      39.18395716985189
     ],
     [
      -76.80177396051371,
      39.18395851044761
     ],
     [
      -76.80177423621677,
      39.18395949332561
     ],
     [
      -76.80177440700683,
      39.18396011848586
     ],
     [
      -76.80177460949783,
      39.18396094502221
     ],
     [
      -76.80177484368976,
      39.18396197293467
     ],
     [
      -76.80177510958264,
      39.18396320222326
     ],
     [
      -76.80177540717645,
      39.18396463288796
     ],
     [
      -76.80177574189732,
      39.18396621983328
     ],
     [
      -76.80177611374526,
      39.18396796305928
     ],
     [
      -76.80177652272027,
      39.18396986256591
     ],
     [
      -76.80177696882237,
      39.18397191835317
     ],
     [
      -76.80177744997899,
      39.18397397419969
     ],
     [
      -76.8017779661901,
      39.18397603010542
     ],
     [
      -76.80177851745576,
      39.18397808607041
     ],
     [
      -76.80177910377593,
      39.18398014209461
     ],
     [
      -76.80177976968986,
      39.18398219825335
     ],
     [
      -76.80178051519755,
      39.18398425454655
     ],
     [
      -76.801781340299,
      39.183986310974255
     ],
     [
      -76.80178224499426,
      39.183988367536465
     ],
     [
      -76.80178301900787,
      39.18399014900901
     ],
     [
      -76.80178366233987,
      39.183991655391914
     ],
     [
      -76.80178417499023,
      39.18399288668518
     ],
     [
      -76.80178455695894,
      39.18399384288881
     ],
     [
      -76.80178495362475,
      39.18399483509655
     ],
     [
      -76.80178536498765,
      39.18399586330837
     ],
     [
      -76.80178579104765,
      39.183996927524305
     ],
     [
      -76.80178623180475,
      39.18399802774434
     ],
     [
      -76.80178711054387,
      39.18399921478208
     ],
     [
      -76.801788427265,
      39.18400048863754
     ],
     [
      -76.80179018196817,
      39.184001849310654
     ],
     [
      -76.80179237465343,
      39.18400329680145
     ],
     [
      -76.80179437550102,
      39.18400453583359
     ],
     [
      -76.80179618451092,
      39.18400556640706
     ],
     [
      -76.8017978016831,
      39.18400638852187
     ],
     [
      -76.80179922701753,
      39.18400700217804
     ],
     [
      -76.80180059920548,
      39.18400753012754
     ],
     [
      -76.80180191824698,
      39.184007972370345
     ],
     [
      -76.80180318414197,
      39.18400832890647
     ],
     [
      -76.80180439689047,
      39.18400859973594
     ],
     [
      -76.80180596669193,
      39.184008766135356
     ],
     [
      -76.80180789354633,
      39.18400882810476
     ],
     [
      -76.80181017745365,
      39.184008785644096
     ],
     [
      -76.80181281841388,
      39.18400863875336
     ],
     [
      -76.80181489984267,
      39.18400849939858
     ],
     [
      -76.80181642174,
      39.18400836757981
     ],
     [
      -76.80181738410587,
      39.184008243297036
     ],
     [
      -76.80181778694032,
      39.18400812655028
     ],
     [
      -76.80181864902329,
      39.18400787884638
     ],
     [
      -76.80181997035477,
      39.18400750018529
     ],
     [
      -76.80182175093474,
      39.18400699056701
     ],
     [
      -76.8018239907632,
      39.18400634999154
     ],
     [
      -76.80182633090016,
      39.18400582366012
     ],
     [
      -76.80182877134558,
      39.18400541157274
     ],
     [
      -76.80183131209952,
      39.18400511372942
     ],
     [
      -76.80183395316196,
      39.18400493013014
     ],
     [
      -76.80183659360776,
      39.184004967606725
     ],
     [
      -76.80183923343694,
      39.184005226159194
     ],
     [
      -76.80184187264953,
      39.18400570578755
     ],
     [
      -76.80184451124555,
      39.184006406491754
     ],
     [
      -76.80184654902924,
      39.184006966162805
     ],
     [
      -76.80184798600055,
      39.18400738480074
     ],
     [
      -76.80184882215951,
      39.18400766240559
     ],
     [
      -76.80184905750609,
      39.184007798977326
     ],
     [
      -76.80184975689731,
      39.18400841604778
     ],
     [
      -76.80185092033321,
      39.18400951361692
     ],
     [
      -76.80185254781382,
      39.18401109168475
     ],
     [
      -76.80185463933924,
      39.184013150251246
     ],
     [
      -76.8018562840622,
      39.18401498471137
     ],
     [
      -76.80185748198264,
      39.18401659506516
     ],
     [
      -76.80185823310052,
      39.18401798131263
     ],
     [
      -76.80185853741581,
      39.18401914345379
     ],
     [
      -76.80185881890077,
      39.184020238501155
     ],
     [
      -76.8018590775554,
      39.18402126645476
     ],
     [
      -76.80185931337971,
      39.18402222731459
     ],
     [
      -76.80185952637369,
      39.18402312108066
     ],
     [
      -76.80185963127126,
      39.18402414146117
     ],
     [
      -76.80185962807239,
      39.18402528845617
     ],
     [
      -76.80185951677711,
      39.1840265620656
     ],
     [
      -76.8018592973854,
      39.184027962289484
     ],
     [
      -76.80185909806683,
      39.18402917600839
     ],
     [
      -76.80185891882144,
      39.18403020322229
     ],
     [
      -76.80185875964918,
      39.18403104393119
     ],
     [
      -76.80185862055008,
      39.18403169813509
     ],
     [
      -76.8018583894101,
      39.184032702332125
     ],
     [
      -76.80185806622924,
      39.18403405652234
     ],
     [
      -76.80185765100752,
      39.184035760705676
     ],
     [
      -76.80185714374488,
      39.18403781488215
     ],
     [
      -76.80185657339575,
      39.18403986895206
     ],
     [
      -76.80185593996012,
      39.184041922915405
     ],
     [
      -76.80185524343797,
      39.18404397677217
     ],
     [
      -76.80185448382933,
      39.18404603052236
     ],
     [
      -76.8018538533844,
      39.184048084490726
     ],
     [
      -76.80185335210321,
      39.1840501386773
     ],
     [
      -76.80185297998577,
      39.18405219308204
     ],
     [
      -76.80185273703209,
      39.18405424770497
     ],
     [
      -76.8018526830145,
      39.18405630264707
     ],
     [
      -76.80185281793304,
      39.18405835790833
     ],
     [
      -76.80185314178772,
      39.184060413488766
     ],
     [
      -76.80185365457857,
      39.18406246938834
     ],
     [
      -76.80185411714474,
      39.18406452520308
     ],
     [
      -76.80185452948625,
      39.18406658093295
     ],
     [
      -76.8018548916031,
      39.18406863657802
     ],
     [
      -76.80185520349528,
      39.18407069213822
     ],
     [
      -76.80185563530277,
      39.184072431894776
     ],
     [
      -76.80185618702558,
      39.18407385584769
     ],
     [
      -76.8018568586637,
      39.18407496399696
     ],
     [
      -76.80185765021714,
      39.184075756342565
     ],
     [
      -76.8018585624668,
      39.184076667146144
     ],
     [
      -76.80185959541271,
      39.18407769640767
     ],
     [
      -76.80186074905487,
      39.184078844127164
     ],
     [
      -76.8018620233933,
      39.18408011030457
     ],
     [
      -76.80186331927757,
      39.18408125373019
     ],
     [
      -76.80186463670766,
      39.18408227440396
     ],
     [
      -76.80186597568357,
      39.18408317232595
     ],
     [
      -76.80186733620532,
      39.184083947496106
     ],
     [
      -76.80186901615,
      39.18408473862856
     ],
     [
      -76.80187101551765,
      39.1840855457233
     ],
     [
      -76.80187333430827,
      39.18408636878029
     ],
     [
      -76.80187597252186,
      39.18408720779953
     ],
     [
      -76.80187829504321,
      39.18408794954426
     ],
     [
      -76.80188030187232,
      39.18408859401452
     ],
     [
      -76.80188199300912,
      39.18408914121028
     ],
     [
      -76.80188336845364,
      39.1840895911316
     ],
     [
      -76.80188471578785,
      39.18409000487239
     ],
     [
      -76.80188603501176,
      39.18409038243264
     ],
     [
      -76.80188732612535,
      39.18409072381237
     ],
     [
      -76.80188858912864,
      39.18409102901159
     ],
     [
      -76.80189019582517,
      39.1840915069151
     ],
     [
      -76.80189214621491,
      39.184092157522926
     ],
     [
      -76.80189444029796,
      39.18409298083507
     ],
     [
      -76.80189707807428,
      39.18409397685143
     ],
     [
      -76.80189944799437,
      39.184094914626485
     ],
     [
      -76.80190155005825,
      39.18409579416021
     ],
     [
      -76.80190338426586,
      39.18409661545261
     ],
     [
      -76.80190495061719,
      39.184097378503715
     ],
     [
      -76.80190639298864,
      39.184098098116586
     ],
     [
      -76.80190771138021,
      39.18409877429126
     ],
     [
      -76.80190890579188,
      39.1840994070277
     ],
     [
      -76.80190997622366,
      39.18409999632594
     ],
     [
      -76.80191137028149,
      39.184100806183764
     ],
     [
      -76.80191308796542,
      39.18410183660118
     ],
     [
      -76.80191512927547,
      39.184103087578144
     ],
     [
      -76.80191749421168,
      39.18410455911465
     ],
     [
      -76.80191933566024,
      39.18410571025785
     ],
     [
      -76.80192065362111,
      39.184106541007786
     ],
     [
      -76.80192144809425,
      39.184107051364435
     ],
     [
      -76.80192171907962,
      39.18410724132784
     ],
     [
      -76.80192258144793,
      39.18410774580097
     ],
     [
      -76.80192403519918,
      39.18410856478381
     ],
     [
      -76.80192608033342,
      39.184109698276345
     ],
     [
      -76.8019287168507,
      39.18411114627855
     ],
     [
      -76.80193100643228,
      39.18411233830167
     ],
     [
      -76.80193294907812,
      39.184113274345755
     ],
     [
      -76.80193454478817,
      39.184113954410805
     ],
     [
      -76.80193579356242,
      39.18411437849685
     ],
     [
      -76.8019370775168,
      39.1841147954845
     ],
     [
      -76.80193839665132,
      39.184115205373814
     ],
     [
      -76.80193975096597,
      39.184115608164774
     ],
     [
      -76.80194114046076,
      39.184116003857355
     ],
     [
      -76.8019428422267,
      39.18411647775072
     ],
     [
      -76.80194485626382,
      39.184117029844884
     ],
     [
      -76.80194718257209,
      39.18411766013978
     ],
     [
      -76.80194982115158,
      39.18411836863545
     ],
     [
      -76.80195233490545,
      39.18411914032174
     ],
     [
      -76.80195472383372,
      39.18411997519865
     ],
     [
      -76.80195698793638,
      39.18412087326621
     ],
     [
      -76.80195912721345,
      39.184121834524426
     ],
     [
      -76.8019608561663,
      39.18412261089053
     ],
     [
      -76.80196217479494,
      39.184123202364525
     ],
     [
      -76.80196308309934,
      39.18412360894645
     ],
     [
      -76.80196358107948,
      39.184123830636295
     ],
     [
      -76.8019646141525,
      39.184124194489684
     ],
     [
      -76.80196618231845,
      39.184124700506615
     ],
     [
      -76.80196828557733,
      39.18412534868707
     ],
     [
      -76.80197092392916,
      39.184126139030994
     ],
     [
      -76.80197352211758,
      39.18412699490825
     ],
     [
      -76.80197608014258,
      39.18412791631885
     ],
     [
      -76.80197859800415,
      39.18412890326281
     ],
     [
      -76.80198107570233,
      39.18412995574011
     ],
     [
      -76.80198297390795,
      39.1841307626284
     ],
     [
      -76.80198429262103,
      39.18413132392771
     ],
     [
      -76.80198503184153,
      39.18413163963804
     ],
     [
      -76.80198519156939,
      39.18413170975944
     ],
     [
      -76.80198597047288,
      39.18413213232221
     ],
     [
      -76.80198736855205,
      39.18413290732641
     ],
     [
      -76.80198938580689,
      39.18413403477198
     ],
     [
      -76.8019920222375,
      39.184135514658884
     ],
     [
      -76.80199414053459,
      39.18413675224827
     ],
     [
      -76.8019957406981,
      39.184137747540206
     ],
     [
      -76.80199682272801,
      39.18413850053469
     ],
     [
      -76.80199738662428,
      39.184139011231714
     ],
     [
      -76.80199822643077,
      39.18413990871654
     ],
     [
      -76.80199934214755,
      39.18414119298912
     ],
     [
      -76.80200073377463,
      39.184142864049456
     ],
     [
      -76.80200240131205,
      39.18414492189752
     ],
     [
      -76.8020037521288,
      39.18414658270891
     ],
     [
      -76.80200478622481,
      39.184147846483626
     ],
     [
      -76.80200550360006,
      39.18414871322168
     ],
     [
      -76.80200590425453,
      39.184149182923065
     ],
     [
      -76.80200652402475,
      39.18414993224009
     ],
     [
      -76.80200736291074,
      39.184150961172726
     ],
     [
      -76.80200842091253,
      39.18415226972099
     ],
     [
      -76.80200969803013,
      39.18415385788484
     ],
     [
      -76.80201099441048,
      39.18415548355217
     ],
     [
      -76.80201231005358,
      39.18415714672295
     ],
     [
      -76.80201364495944,
      39.18415884739717
     ],
     [
      -76.80201499912806,
      39.18416058557486
     ],
     [
      -76.8020161178311,
      39.184161969167405
     ],
     [
      -76.80201700106855,
      39.18416299817482
     ],
     [
      -76.80201764884035,
      39.18416367259712
     ],
     [
      -76.80201806114651,
      39.184163992434314
     ],
     [
      -76.8020189261569,
      39.18416461231049
     ],
     [
      -76.80202024387157,
      39.1841655322256
     ],
     [
      -76.8020220142905,
      39.18416675217965
     ],
     [
      -76.80202423741378,
      39.184168272172656
     ],
     [
      -76.80202630896733,
      39.1841695475477
     ],
     [
      -76.80202822895113,
      39.18417057830482
     ],
     [
      -76.80202999736517,
      39.18417136444405
     ],
     [
      -76.80203161420943,
      39.18417190596535
     ],
     [
      -76.8020330821245,
      39.18417240863096
     ],
     [
      -76.80203440111038,
      39.18417287244086
     ],
     [
      -76.80203557116708,
      39.18417329739512
     ],
     [
      -76.8020365922946,
      39.184173683493654
     ],
     [
      -76.80203801759211,
      39.18417421972166
     ],
     [
      -76.80203984705965,
      39.18417490607911
     ],
     [
      -76.80204208069722,
      39.18417574256596
     ],
     [
      -76.80204471850489,
      39.18417672918223
     ],
     [
      -76.80204712147899,
      39.18417764198433
     ],
     [
      -76.80204928961952,
      39.184178480972314
     ],
     [
      -76.80205122292647,
      39.184179246146165
     ],
     [
      -76.8020529213998,
      39.184179937505895
     ],
     [
      -76.8020544300396,
      39.184180547386404
     ],
     [
      -76.80205574884583,
      39.18418107578769
     ],
     [
      -76.80205687781846,
      39.184181522709785
     ],
     [
      -76.80205781695751,
      39.184181888152665
     ],
     [
      -76.8020591804734,
      39.18418251312892
     ],
     [
      -76.80206096836618,
      39.18418339763858
     ],
     [
      -76.80206318063584,
      39.184184541681596
     ],
     [
      -76.80206581728245,
      39.184185945257965
     ],
     [
      -76.80206787614006,
      39.184187071089525
     ],
     [
      -76.80206935720858,
      39.18418791917631
     ],
     [
      -76.80207026048797,
      39.18418848951834
     ],
     [
      -76.80207058597821,
      39.18418878211564
     ],
     [
      -76.8020714072885,
      39.184189493451925
     ],
     [
      -76.80207272441879,
      39.18419062352721
     ],
     [
      -76.80207453736917,
      39.18419217234144
     ],
     [
      -76.8020768461397,
      39.184194139894636
     ],
     [
      -76.80207859651915,
      39.18419563843518
     ],
     [
      -76.80207978850744,
      39.18419666796308
     ],
     [
      -76.80208042210452,
      39.18419722847836
     ],
     [
      -76.80208049731038,
      39.18419731998105
     ],
     [
      -76.80208079571857,
      39.18419790277472
     ],
     [
      -76.80208131732905,
      39.18419897685937
     ],
     [
      -76.8020820621419,
      39.18420054223498
     ],
     [
      -76.80208303015712,
      39.18420259890158
     ],
     [
      -76.80208371063672,
      39.18420465508299
     ],
     [
      -76.80208410358067,
      39.18420671077926
     ],
     [
      -76.80208420898893,
      39.18420876599038
     ],
     [
      -76.8020840268615,
      39.184210820716324
     ],
     [
      -76.80208367096812,
      39.184212755642704
     ],
     [
      -76.80208314130883,
      39.184214570769534
     ],
     [
      -76.80208243788358,
      39.184216266096776
     ],
     [
      -76.80208156069239,
      39.18421784162444
     ],
     [
      -76.80208076182197,
      39.18421914253867
     ],
     [
      -76.80208004127229,
      39.18422016883952
     ],
     [
      -76.8020793990434,
      39.18422092052694
     ],
     [
      -76.80207883513529,
      39.18422139760092
     ],
     [
      -76.80207789164248,
      39.18422213837678
     ],
     [
      -76.80207656856496,
      39.18422314285453
     ],
     [
      -76.80207486590268,
      39.18422441103412
     ],
     [
      -76.80207278365562,
      39.184225942915546
     ],
     [
      -76.80207093474243,
      39.1842272212515
     ],
     [
      -76.8020693191632,
      39.184228246041975
     ],
     [
      -76.80206793691792,
      39.18422901728701
     ],
     [
      -76.80206678800661,
      39.184229534986606
     ],
     [
      -76.8020655526465,
      39.18423006834878
     ],
     [
      -76.80206423083756,
      39.18423061737354
     ],
     [
      -76.80206282257979,
      39.18423118206087
     ],
     [
      -76.80206132787319,
      39.184231762410796
     ],
     [
      -76.80205954597042,
      39.18423246080829
     ],
     [
      -76.80205747687147,
      39.18423327725333
     ],
     [
      -76.80205512057627,
      39.18423421174592
     ],
     [
      -76.80205247708484,
      39.18423526428603
     ],
     [
      -76.80205034260221,
      39.18423615722477
     ],
     [
      -76.80204871712837,
      39.18423689056218
     ],
     [
      -76.80204760066336,
      39.18423746429826
     ],
     [
      -76.80204699320721,
      39.18423787843306
     ],
     [
      -76.80204602811112,
      39.18423852632582
     ],
     [
      -76.80204470537508,
      39.18423940797658
     ],
     [
      -76.80204302499904,
      39.18424052338528
     ],
     [
      -76.80204098698299,
      39.18424187255192
     ],
     [
      -76.80203926528894,
      39.184243059707626
     ],
     [
      -76.8020378599169,
      39.184244084852445
     ],
     [
      -76.80203677086692,
      39.18424494798636
     ],
     [
      -76.802035998139,
      39.184245649109386
     ],
     [
      -76.80203495008185,
      39.184246557145265
     ],
     [
      -76.80203362669543,
      39.18424767209399
     ],
     [
      -76.80203202797973,
      39.184248993955535
     ],
     [
      -76.80203015393472,
      39.18425052272991
     ],
     [
      -76.80202862186646,
      39.184251799871106
     ],
     [
      -76.8020274317749,
      39.184252825379126
     ],
     [
      -76.80202658366015,
      39.18425359925399
     ],
     [
      -76.80202607752217,
      39.18425412149571
     ],
     [
      -76.80202518279197,
      39.184255026065884
     ],
     [
      -76.80202389946948,
      39.1842563129645
     ],
     [
      -76.80202222755467,
      39.18425798219155
     ],
     [
      -76.80202016704752,
      39.184260033747016
     ],
     [
      -76.80201860133482,
      39.18426159413963
     ],
     [
      -76.80201753041666,
      39.18426266336941
     ],
     [
      -76.8020169542931,
      39.18426324143638
     ],
     [
      -76.8020168729641,
      39.18426332834053
     ],
     [
      -76.8020164158526,
      39.184263884848015
     ],
     [
      -76.80201558295852,
      39.18426491095881
     ],
     [
      -76.80201437428187,
      39.184266406672926
     ],
     [
      -76.80201278982256,
      39.18426837199034
     ],
     [
      -76.80201133511291,
      39.18427019430957
     ],
     [
      -76.80201001015288,
      39.18427187363059
     ],
     [
      -76.80200881494254,
      39.18427340995344
     ],
     [
      -76.80200774948187,
      39.184274803278115
     ],
     [
      -76.80200683015269,
      39.184276013046194
     ],
     [
      -76.80200605695498,
      39.18427703925769
     ],
     [
      -76.80200542988877,
      39.1842778819126
     ],
     [
      -76.80200494895406,
      39.18427854101093
     ],
     [
      -76.8020042666994,
      39.184279548550215
     ],
     [
      -76.80200338312474,
      39.18428090453043
     ],
     [
      -76.8020022982301,
      39.18428260895163
     ],
     [
      -76.8020010120154,
      39.18428466181371
     ],
     [
      -76.80199982594124,
      39.18428662155616
     ],
     [
      -76.80199874000762,
      39.18428848817894
     ],
     [
      -76.80199775421455,
      39.18429026168209
     ],
     [
      -76.80199686856207,
      39.18429194206557
     ],
     [
      -76.80199611921074,
      39.18429329549818
     ],
     [
      -76.80199550616058,
      39.18429432197993
     ],
     [
      -76.80199502941159,
      39.184295021510835
     ],
     [
      -76.8019946889638,
      39.184295394090874
     ],
     [
      -76.80199407850424,
      39.184296186684726
     ],
     [
      -76.80199319803285,
      39.18429739929241
     ],
     [
      -76.8019920475496,
      39.18429903191392
     ],
     [
      -76.8019906270545,
      39.184301084549226
     ],
     [
      -76.80198936991502,
      39.18430313746028
     ],
     [
      -76.80198827613117,
      39.18430519064707
     ],
     [
      -76.801987345703,
      39.184307244109625
     ],
     [
      -76.80198657863049,
      39.18430929784791
     ],
     [
      -76.80198597163073,
      39.18431099532539
     ],
     [
      -76.80198552470371,
      39.18431233654203
     ],
     [
      -76.80198523784946,
      39.18431332149785
     ],
     [
      -76.801985111068,
      39.18431395019282
     ],
     [
      -76.80198490943313,
      39.18431477806526
     ],
     [
      -76.8019846329448,
      39.184315805115105
     ],
     [
      -76.80198428160304,
      39.184317031342374
     ],
     [
      -76.80198385540783,
      39.18431845674709
     ],
     [
      -76.80198323189623,
      39.184320039045964
     ],
     [
      -76.80198241106821,
      39.18432177823898
     ],
     [
      -76.80198139292376,
      39.18432367432613
     ],
     [
      -76.80198017746288,
      39.184325727307446
     ],
     [
      -76.80197903006948,
      39.184327780403635
     ],
     [
      -76.80197795074359,
      39.18432983361473
     ],
     [
      -76.80197693948521,
      39.184331886940726
     ],
     [
      -76.80197599629437,
      39.18433394038162
     ],
     [
      -76.80197527104758,
      39.18433550563797
     ],
     [
      -76.8019747637449,
      39.184336582709776
     ],
     [
      -76.80197447438633,
      39.18433717159701
     ],
     [
      -76.80197440297191,
      39.18433727229976
     ],
     [
      -76.80197383765847,
      39.184337835515315
     ],
     [
      -76.80197277844599,
      39.18433886124373
     ],
     [
      -76.80197122533446,
      39.18434034948494
     ],
     [
      -76.80196917832377,
      39.18434230023898
     ],
     [
      -76.80196749293546,
      39.18434390064766
     ],
     [
      -76.80196616916955,
      39.18434515071101
     ],
     [
      -76.80196520702609,
      39.18434605042903
     ],
     [
      -76.80196460650511,
      39.18434659980174
     ],
     [
      -76.80196377606077,
      39.18434738735127
     ],
     [
      -76.80196271569305,
      39.18434841307764
     ],
     [
      -76.80196142540193,
      39.184349676980816
     ],
     [
      -76.80195990518737,
      39.184351179060805
     ],
     [
      -76.80195848251994,
      39.18435279801809
     ],
     [
      -76.8019571573996,
      39.18435453385267
     ],
     [
      -76.80195592982636,
      39.18435638656459
     ],
     [
      -76.80195479980023,
      39.184358356153794
     ],
     [
      -76.80195393885225,
      39.184359854207045
     ],
     [
      -76.80195334698242,
      39.184360880724334
     ],
     [
      -76.8019530241908,
      39.18436143570563
     ],
     [
      -76.80195297047737,
      39.184361519151004
     ],
     [
      -76.80195279765913,
      39.18436209526955
     ],
     [
      -76.80195250573604,
      39.18436316406128
     ],
     [
      -76.80195209470808,
      39.184364725526194
     ],
     [
      -76.80195156457529,
      39.18436677966428
     ],
     [
      -76.8019511408397,
      39.18436883398203
     ],
     [
      -76.80195082350137,
      39.18437088847939
     ],
     [
      -76.80195061256029,
      39.18437294315641
     ],
     [
      -76.80195050801646,
      39.18437499801306
     ],
     [
      -76.80195049344432,
      39.18437705302163
     ],
     [
      -76.80195056884394,
      39.18437910818209
     ],
     [
      -76.80195073421524,
      39.18438116349449
     ],
     [
      -76.80195098955829,
      39.18438321895878
     ],
     [
      -76.80195128390531,
      39.18438514362489
     ],
     [
      -76.80195161725634,
      39.184386937492825
     ],
     [
      -76.80195198961133,
      39.184388600562585
     ],
     [
      -76.80195240097031,
      39.18439013283418
     ],
     [
      -76.80195274377853,
      39.184391412959776
     ],
     [
      -76.80195301803596,
      39.18439244093941
     ],
     [
      -76.80195322374263,
      39.18439321677307
     ],
     [
      -76.80195336089851,
      39.18439374046077
     ],
     [
      -76.80195355063087,
      39.1843946471315
     ],
     [
      -76.80195379293971,
      39.18439593678526
     ],
     [
      -76.80195408782507,
      39.18439760942202
     ],
     [
      -76.8019544352869,
      39.18439966504183
     ],
     [
      -76.80195462726894,
      39.18440172039912
     ],
     [
      -76.80195466377114,
      39.18440377549391
     ],
     [
      -76.80195454479349,
      39.18440583032618
     ],
     [
      -76.801954270336,
      39.18440788489595
     ],
     [
      -76.80195400832166,
      39.18440956996335
     ],
     [
      -76.80195375875046,
      39.184410885528365
     ],
     [
      -76.80195352162244,
      39.18441183159103
     ],
     [
      -76.80195329693758,
      39.18441240815134
     ],
     [
      -76.80195287722837,
      39.18441320967082
     ],
     [
      -76.80195226249482,
      39.184414236149465
     ],
     [
      -76.80195145273689,
      39.184415487587295
     ],
     [
      -76.80195044795455,
      39.18441696398431
     ],
     [
      -76.80194933380088,
      39.18441858443154
     ],
     [
      -76.8019481102758,
      39.184420348929024
     ],
     [
      -76.80194677737933,
      39.18442225747672
     ],
     [
      -76.80194533511144,
      39.18442431007466
     ],
     [
      -76.80194420148058,
      39.1844262410927
     ],
     [
      -76.80194337648675,
      39.18442805053088
     ],
     [
      -76.80194286012998,
      39.18442973838917
     ],
     [
      -76.80194265241033,
      39.18443130466758
     ],
     [
      -76.80194246115647,
      39.18443260141749
     ],
     [
      -76.80194228636843,
      39.184433628638935
     ],
     [
      -76.8019421280462,
      39.1844343863319
     ],
     [
      -76.8019419861898,
      39.184434874496375
     ],
     [
      -76.80194191349482,
      39.184435752338594
     ],
     [
      -76.80194190996129,
      39.184437019858585
     ],
     [
      -76.80194197558917,
      39.184438677056356
     ],
     [
      -76.80194211037852,
      39.184440723931885
     ],
     [
      -76.80194221154996,
      39.184442261184955
     ],
     [
      -76.80194227910347,
      39.18444328881558
     ],
     [
      -76.80194231303906,
      39.18444380682378
     ],
     [
      -76.80194231335675,
      39.184443815209505
     ],
     [
      -76.8019423135091,
      39.18444382173179
     ],
     [
      -76.8019423134961,
      39.18444382639061
     ],
     [
      -76.80194231331778,
      39.184443829185994
     ],
     [
      -76.80194231297412,
      39.18444383011791
     ],
     [
      -76.80194192775865,
      39.18444434369201
     ],
     [
      -76.80194115767134,
      39.18444536990829
     ],
     [
      -76.80194000271216,
      39.18444690876673
     ],
     [
      -76.80193846288105,
      39.18444896026734
     ],
     [
      -76.80193703023883,
      39.18445091323695
     ],
     [
      -76.80193570478548,
      39.18445276767556
     ],
     [
      -76.80193448652105,
      39.184454523583184
     ],
     [
      -76.80193337544551,
      39.18445618095984
     ],
     [
      -76.80193243806588,
      39.184457522761655
     ],
     [
      -76.80193167438215,
      39.18445854898869
     ],
     [
      -76.80193108439437,
      39.184459259640924
     ],
     [
      -76.80193066810256,
      39.18445965471834
     ],
     [
      -76.8019297991806,
      39.184460079745115
     ],
     [
      -76.80192847762852,
      39.18446053472121
     ],
     [
      -76.80192670344633,
      39.18446101964664
     ],
     [
      -76.80192447663396,
      39.18446153452135
     ],
     [
      -76.8019221460829,
      39.18446202826087
     ],
     [
      -76.80191971179313,
      39.18446250086519
     ],
     [
      -76.80191717376466,
      39.184462952334265
     ],
     [
      -76.80191453199748,
      39.18446338266813
     ],
     [
      -76.80191189024252,
      39.18446380860544
     ],
     [
      -76.80190924849978,
      39.18446423014624
     ],
     [
      -76.8019066067693,
      39.18446464729048
     ],
     [
      -76.80190396505101,
      39.1844650600382
     ],
     [
      -76.80190132334383,
      39.18446546879402
     ],
     [
      -76.80189868164776,
      39.18446587355795
     ],
     [
      -76.80189603996277,
      39.184466274329985
     ],
     [
      -76.80189339828891,
      39.18446667111011
     ],
     [
      -76.80189081199228,
      39.18446703846141
     ],
     [
      -76.80188828107288,
      39.184467376383864
     ],
     [
      -76.80188580553073,
      39.18446768487746
     ],
     [
      -76.80188338536584,
      39.184467963942254
     ],
     [
      -76.80188151494058,
      39.18446817552386
     ],
     [
      -76.80188019425496,
      39.18446831962233
     ],
     [
      -76.80187942330902,
      39.18446839623768
     ],
     [
      -76.80187920210271,
      39.18446840536991
     ],
     [
      -76.80187837598567,
      39.184468437479275
     ],
     [
      -76.80187694495785,
      39.18446849256578
     ],
     [
      -76.80187490901928,
      39.184468570629384
     ],
     [
      -76.80187226816994,
      39.18446867167008
     ],
     [
      -76.80186962734761,
      39.184468763028626
     ],
     [
      -76.80186698655226,
      39.18446884470505
     ],
     [
      -76.8018643457839,
      39.184468916699366
     ],
     [
      -76.80186170504255,
      39.184468979011534
     ],
     [
      -76.80185906440744,
      39.18446900322903
     ],
     [
      -76.80185642387856,
      39.184468989351885
     ],
     [
      -76.80185378345593,
      39.18446893738005
     ],
     [
      -76.80185114313954,
      39.18446884731355
     ],
     [
      -76.80184870414381,
      39.18446875494527
     ],
     [
      -76.80184646646872,
      39.1844686602752
     ],
     [
      -76.80184443011426,
      39.18446856330337
     ],
     [
      -76.80184259508042,
      39.18446846402979
     ],
     [
      -76.80184101755057,
      39.18446836816075
     ],
     [
      -76.8018396975247,
      39.184468275696275
     ],
     [
      -76.80183863500281,
      39.18446818663636
     ],
     [
      -76.80183782998488,
      39.18446810098104
     ],
     [
      -76.80183656625525,
      39.184467973741604
     ],
     [
      -76.80183484381395,
      39.18446780491807
     ],
     [
      -76.80183266266098,
      39.184467594510394
     ],
     [
      -76.80183002279635,
      39.18446734251855
     ],
     [
      -76.801827382698,
      39.184467174321135
     ],
     [
      -76.80182474236591,
      39.18446708991816
     ],
     [
      -76.8018221018001,
      39.18446708930961
     ],
     [
      -76.80181946100055,
      39.1844671724955
     ],
     [
      -76.80181682015028,
      39.184467273859156
     ],
     [
      -76.80181417924929,
      39.18446739340064
     ],
     [
      -76.80181153829759,
      39.18446753111991
     ],
     [
      -76.80180889729516,
      39.184467687016955
     ],
     [
      -76.80180625641087,
      39.18446780056843
     ],
     [
      -76.80180361564469,
      39.1844678717743
     ],
     [
      -76.80180097499664,
      39.18446790063459
     ],
     [
      -76.80179833446671,
      39.18446788714927
     ],
     [
      -76.80179569402928,
      39.184467840513335
     ],
     [
      -76.80179305368434,
      39.184467760726754
     ],
     [
      -76.80179041343187,
      39.184467647789575
     ],
     [
      -76.80178777327193,
      39.184467501701754
     ],
     [
      -76.8017851331985,
      39.18446732460305
     ],
     [
      -76.8017824932116,
      39.18446711649348
     ],
     [
      -76.80177985331125,
      39.18446687737304
     ],
     [
      -76.80177721349745,
      39.18446660724171
     ],
     [
      -76.80177457379565,
      39.184466296964466
     ],
     [
      -76.8017719342059,
      39.1844659465413
     ],
     [
      -76.80176929472819,
      39.18446555597221
     ],
     [
      -76.80176665536253,
      39.184465125257205
     ],
     [
      -76.80176401597828,
      39.18446470121639
     ],
     [
      -76.80176137657543,
      39.18446428384976
     ],
     [
      -76.801758737154,
      39.18446387315732
     ],
     [
      -76.80175609771398,
      39.18446346913908
     ],
     [
      -76.80175345818257,
      39.184463097873696
     ],
     [
      -76.80175081855981,
      39.184462759361196
     ],
     [
      -76.80174817884568,
      39.18446245360156
     ],
     [
      -76.80174553904017,
      39.18446218059482
     ],
     [
      -76.80174289922022,
      39.1844619127671
     ],
     [
      -76.80174025938585,
      39.18446165011843
     ],
     [
      -76.80173761953705,
      39.18446139264876
     ],
     [
      -76.8017349796738,
      39.184461140358124
     ],
     [
      -76.80173233961382,
      39.18446095857037
     ],
     [
      -76.80172969935711,
      39.18446084728545
     ],
     [
      -76.80172705890364,
      39.18446080650341
     ],
     [
      -76.80172441825341,
      39.18446083622422
     ],
     [
      -76.80172177753839,
      39.184460889163645
     ],
     [
      -76.80171913675855,
      39.1844609653217
     ],
     [
      -76.80171649591391,
      39.18446106469837
     ],
     [
      -76.80171385500445,
      39.18446118729367
     ],
     [
      -76.80171121408578,
      39.1844613131864
     ],
     [
      -76.80170857315791,
      39.18446144237654
     ],
     [
      -76.80170593222083,
      39.18446157486411
     ],
     [
      -76.80170329127452,
      39.18446171064908
     ],
     [
      -76.80170065037316,
      39.184461830325645
     ],
     [
      -76.80169800951677,
      39.184461933893786
     ],
     [
      -76.80169536870532,
      39.1844620213535
     ],
     [
      -76.80169272793883,
      39.184462092704784
     ],
     [
      -76.80169008737535,
      39.18446209132636
     ],
     [
      -76.80168744701487,
      39.18446201721824
     ],
     [
      -76.80168480685744,
      39.18446187038038
     ],
     [
      -76.801682166903,
      39.184461650812835
     ],
     [
      -76.8016795270413,
      39.184461398040746
     ],
     [
      -76.8016768872723,
      39.184461112064106
     ],
     [
      -76.801674247596,
      39.18446079288296
     ],
     [
      -76.80167160801243,
      39.18446044049725
     ],
     [
      -76.8016695669898,
      39.184460169357
     ],
     [
      -76.80166812452813,
      39.184459979462204
     ],
     [
      -76.80166728062738,
      39.18445987081291
     ],
     [
      -76.80166703528756,
      39.18445984340911
     ],
     [
      -76.80166625278102,
      39.18445972039403
     ],
     [
      -76.80166493310772,
      39.1844595017676
     ],
     [
      -76.8016630762677,
      39.184459187529846
     ],
     [
      -76.80166068226099,
      39.18445877768071
     ],
     [
      -76.80165822676643,
      39.18445841574786
     ],
     [
      -76.80165570978406,
      39.18445810173127
     ],
     [
      -76.80165313131386,
      39.18445783563095
     ],
     [
      -76.80165049135582,
      39.18445761744688
     ],
     [
      -76.80164785125083,
      39.18445745190268
     ],
     [
      -76.8016452109989,
      39.18445733899832
     ],
     [
      -76.8016425706,
      39.18445727873384
     ],
     [
      -76.80163993005412,
      39.184457271109224
     ],
     [
      -76.80163728955368,
      39.1844572472153
     ],
     [
      -76.80163464909867,
      39.18445720705206
     ],
     [
      -76.80163200868908,
      39.18445715061952
     ],
     [
      -76.80162936832492,
      39.18445707791769
     ],
     [
      -76.80162672809168,
      39.184456958333634
     ],
     [
      -76.80162408798935,
      39.184456791867355
     ],
     [
      -76.80162144801794,
      39.184456578518855
     ],
     [
      -76.80161880817745,
      39.184456318288134
     ],
     [
      -76.80161616828403,
      39.18445607702425
     ],
     [
      -76.80161352833765,
      39.18445585472719
     ],
     [
      -76.80161088833832,
      39.18445565139695
     ],
     [
      -76.80160824828604,
      39.184455467033544
     ],
     [
      -76.80160560827488,
      39.18445526795874
     ],
     [
      -76.8016029683048,
      39.18445505417248
     ],
     [
      -76.80160032837581,
      39.18445482567477
     ],
     [
      -76.80159768848794,
      39.18445458246566
     ],
     [
      -76.80159504857347,
      39.18445434878195
     ],
     [
      -76.80159240863243,
      39.18445412462359
     ],
     [
      -76.8015897686648,
      39.184453909990644
     ],
     [
      -76.80158712867058,
      39.18445370488309
     ],
     [
      -76.80158448871703,
      39.18445348521845
     ],
     [
      -76.80158184880416,
      39.184453250996704
     ],
     [
      -76.80157920893195,
      39.18445300221784
     ],
     [
      -76.80157656910042,
      39.18445273888192
     ],
     [
      -76.80157408279443,
      39.18445248297441
     ],
     [
      -76.80157175001396,
      39.18445223449529
     ],
     [
      -76.80156957075904,
      39.184451993444625
     ],
     [
      -76.80156754502964,
      39.184451759822394
     ],
     [
      -76.80156587225747,
      39.18445155913578
     ],
     [
      -76.80156455244253,
      39.18445139138479
     ],
     [
      -76.80156358558483,
      39.18445125656946
     ],
     [
      -76.80156297168435,
      39.184451154689775
     ],
     [
      -76.8015618513235,
      39.184451004443034
     ],
     [
      -76.80156022450227,
      39.18445080582922
     ],
     [
      -76.80155809122067,
      39.184450558848326
     ],
     [
      -76.80155545147873,
      39.18445026350029
     ],
     [
      -76.80155281159057,
      39.18445002050308
     ],
     [
      -76.80155017155622,
      39.184449829856646
     ],
     [
      -76.80154753137563,
      39.18444969156103
     ],
     [
      -76.80154489104882,
      39.1844496056162
     ],
     [
      -76.8015422506925,
      39.18444953023908
     ],
     [
      -76.80153961030668,
      39.18444946542965
     ],
     [
      -76.80153696989132,
      39.18444941118793
     ],
     [
      -76.80153432944645,
      39.1844493675139
     ],
     [
      -76.80153168913631,
      39.18444927561649
     ],
     [
      -76.80152904896089,
      39.18444913549572
     ],
     [
      -76.80152640892017,
      39.18444894715157
     ],
     [
      -76.8015237690142,
      39.18444871058404
     ],
     [
      -76.80152112935272,
      39.184448386512194
     ],
     [
      -76.80151848993572,
      39.18444797493603
     ],
     [
      -76.80151585076321,
      39.18444747585554
     ],
     [
      -76.8015132118352,
      39.18444688927072
     ],
     [
      -76.80151059196396,
      39.18444626614656
     ],
     [
      -76.80150799114946,
      39.18444560648307
     ],
     [
      -76.80150540939172,
      39.18444491028025
     ],
     [
      -76.80150284669075,
      39.18444417753809
     ],
     [
      -76.8015009057322,
      39.18444362019201
     ],
     [
      -76.80149958651604,
      39.18444323824208
     ],
     [
      -76.80149888904225,
      39.184443031688275
     ],
     [
      -76.80149881331081,
      39.18444300053066
     ],
     [
      -76.80149809672642,
      39.184442849799126
     ],
     [
      -76.8014967392891,
      39.184442579493705
     ],
     [
      -76.80149474099886,
      39.18444218961434
     ],
     [
      -76.80149210185571,
      39.18444168016102
     ],
     [
      -76.80148946248418,
      39.18444125245772
     ],
     [
      -76.80148682288427,
      39.18444090650442
     ],
     [
      -76.80148418305595,
      39.184440642301126
     ],
     [
      -76.80148154299921,
      39.18444045984785
     ],
     [
      -76.80147890288113,
      39.18444029935657
     ],
     [
      -76.8014762627017,
      39.18444016082726
     ],
     [
      -76.80147362246089,
      39.18444004425996
     ],
     [
      -76.80147098215873,
      39.18443994965466
     ],
     [
      -76.80146834188888,
      39.18443984349292
     ],
     [
      -76.80146570165131,
      39.18443972577476
     ],
     [
      -76.80146306144606,
      39.18443959650016
     ],
     [
      -76.80146042127309,
      39.18443945566915
     ],
     [
      -76.80145778121054,
      39.184439275338946
     ],
     [
      -76.80145514125837,
      39.184439055509536
     ],
     [
      -76.80145250141663,
      39.18443879618094
     ],
     [
      -76.80144986168527,
      39.18443849735315
     ],
     [
      -76.80144722184085,
      39.18443823899834
     ],
     [
      -76.80144458188332,
      39.18443802111655
     ],
     [
      -76.80144194181268,
      39.18443784370772
     ],
     [
      -76.80143930162895,
      39.184437706771895
     ],
     [
      -76.80143666130846,
      39.18443761876762
     ],
     [
      -76.80143402085122,
      39.18443757969487
     ],
     [
      -76.80143138025724,
      39.18443758955368
     ],
     [
      -76.80142873952649,
      39.18443764834404
     ],
     [
      -76.80142609893271,
      39.18443765811869
     ],
     [
      -76.80142345847597,
      39.1844376188776
     ],
     [
      -76.8014208181562,
      39.18443753062085
     ],
     [
      -76.80141817797346,
      39.184437393348375
     ],
     [
      -76.80141557880243,
      39.18443713480491
     ],
     [
      -76.80141302064311,
      39.18443675499045
     ],
     [
      -76.8014105034955,
      39.184436253905034
     ],
     [
      -76.80140802735966,
      39.18443563154864
     ],
     [
      -76.8014061296309,
      39.18443514838243
     ],
     [
      -76.80140481030925,
      39.18443480440642
     ],
     [
      -76.80140406939468,
      39.18443459962067
     ],
     [
      -76.80140390688717,
      39.18443453402515
     ],
     [
      -76.80140312564787,
      39.184434204752435
     ],
     [
      -76.8014017256768,
      39.18443361180248
     ],
     [
      -76.80139970697397,
      39.1844327551753
     ],
     [
      -76.80139706953943,
      39.18443163487081
     ],
     [
      -76.80139443193465,
      39.18443057550151
     ],
     [
      -76.80139179415958,
      39.184429577067405
     ],
     [
      -76.80138915621427,
      39.18442863956847
     ],
     [
      -76.80138651809865,
      39.18442776300473
     ],
     [
      -76.80138453819443,
      39.1844271051354
     ],
     [
      -76.8013832165015,
      39.184426665960544
     ],
     [
      -76.8013825530199,
      39.18442644548014
     ],
     [
      -76.8013825477496,
      39.18442644369426
     ],
     [
      -76.80138188588002,
      39.184426118335175
     ],
     [
      -76.8013805674112,
      39.184425469402925
     ],
     [
      -76.8013785923432,
      39.18442449689744
     ],
     [
      -76.80137596067601,
      39.184423200818735
     ],
     [
      -76.80137336943913,
      39.184422036861385
     ],
     [
      -76.80137081863253,
      39.18442100502539
     ],
     [
      -76.80136830825616,
      39.18442010531076
     ],
     [
      -76.80136583831003,
      39.184419337717486
     ],
     [
      -76.80136394378565,
      39.184418742865425
     ],
     [
      -76.80136262468297,
      39.18441832075461
     ],
     [
      -76.80136188100198,
      39.184418071385025
     ],
     [
      -76.80136171274265,
      39.184417994756714
     ],
     [
      -76.8013609268389,
      39.18441778271529
     ],
     [
      -76.80135952329071,
      39.184417435260734
     ],
     [
      -76.80135750209816,
      39.18441695239304
     ],
     [
      -76.80135486326121,
      39.18441633411218
     ],
     [
      -76.8013522239723,
      39.184415877486735
     ],
     [
      -76.80134958423143,
      39.18441558251669
     ],
     [
      -76.80134694403857,
      39.1844154492021
     ],
     [
      -76.8013443033937,
      39.184415477542935
     ],
     [
      -76.80134166266983,
      39.18441553413836
     ],
     [
      -76.80133902186695,
      39.18441561898836
     ],
     [
      -76.80133638098505,
      39.18441573209299
     ],
     [
      -76.80133374002413,
      39.1844158734522
     ],
     [
      -76.80133109931835,
      39.18441592357302
     ],
     [
      -76.80132845886769,
      39.18441588245546
     ],
     [
      -76.80132581867217,
      39.18441575009952
     ],
     [
      -76.80132317873182,
      39.18441552650517
     ],
     [
      -76.80132053905876,
      39.18441520732936
     ],
     [
      -76.80131789965304,
      39.18441479257206
     ],
     [
      -76.80131526051464,
      39.18441428223329
     ],
     [
      -76.8013126216436,
      39.184413676313056
     ],
     [
      -76.80130998278973,
      39.18441306426237
     ],
     [
      -76.80130734395307,
      39.18441244608125
     ],
     [
      -76.80130470513359,
      39.184411821769714
     ],
     [
      -76.8013020663313,
      39.1844111913277
     ],
     [
      -76.80129987614457,
      39.184410693894236
     ],
     [
      -76.80129813457336,
      39.18441032946931
     ],
     [
      -76.80129684161766,
      39.184410098052936
     ],
     [
      -76.80129599727748,
      39.18440999964515
     ],
     [
      -76.80129491519979,
      39.18440986685912
     ],
     [
      -76.80129359538462,
      39.18440969969485
     ],
     [
      -76.80129203783197,
      39.184409498152306
     ],
     [
      -76.80129024254184,
      39.184409262231505
     ],
     [
      -76.80128823606685,
      39.184409037398765
     ],
     [
      -76.80128601840701,
      39.18440882365401
     ],
     [
      -76.80128358956233,
      39.18440862099729
     ],
     [
      -76.80128094953278,
      39.184408429428565
     ],
     [
      -76.80127830939776,
      39.184408275576764
     ],
     [
      -76.80127566915725,
      39.18440815944187
     ],
     [
      -76.80127302881125,
      39.184408081023925
     ],
     [
      -76.80127038835974,
      39.184408040322865
     ],
     [
      -76.80126774781735,
      39.184408032113225
     ],
     [
      -76.80126510718408,
      39.184408056394986
     ],
     [
      -76.80126246645992,
      39.18440811316814
     ],
     [
      -76.80125982564486,
      39.1844082024327
     ],
     [
      -76.80125734342548,
      39.184408359147284
     ],
     [
      -76.80125501980176,
      39.184408583311935
     ],
     [
      -76.8012528547737,
      39.18440887492662
     ],
     [
      -76.8012508483413,
      39.184409233991374
     ],
     [
      -76.80124918465675,
      39.18440953041014
     ],
     [
      -76.80124786372005,
      39.18440976418294
     ],
     [
      -76.80124688553124,
      39.18440993530977
     ],
     [
      -76.80124625009029,
      39.18441004379065
     ],
     [
      -76.80124511328289,
      39.184410155652486
     ],
     [
      -76.80124347510905,
      39.18441027089525
     ],
     [
      -76.80124133556873,
      39.18441038951894
     ],
     [
      -76.80123869466198,
      39.18441051152351
     ],
     [
      -76.8012365076269,
      39.18441054366795
     ],
     [
      -76.80123477446351,
      39.184410485952284
     ],
     [
      -76.80123349517184,
      39.184410338376544
     ],
     [
      -76.80123266975187,
      39.184410100940724
     ],
     [
      -76.80123159777531,
      39.184409669551194
     ],
     [
      -76.80123027924218,
      39.184409044207904
     ],
     [
      -76.80122871415249,
      39.18440822491087
     ],
     [
      -76.80122690250626,
      39.18440721166009
     ],
     [
      -76.80122537237698,
      39.184406190218425
     ],
     [
      -76.80122412376465,
      39.184405160585925
     ],
     [
      -76.80122315666927,
      39.18440412276258
     ],
     [
      -76.80122247109082,
      39.184403076748396
     ],
     [
      -76.80122163798944,
      39.18440177793902
     ],
     [
      -76.80122065736516,
      39.184400226334446
     ],
     [
      -76.801219529218,
      39.18439842193465
     ],
     [
      -76.80121825354799,
      39.18439636473963
     ],
     [
      -76.80121712987399,
      39.18439455844326
     ],
     [
      -76.80121615819603,
      39.18439300304555
     ],
     [
      -76.80121533851406,
      39.18439169854647
     ],
     [
      -76.80121467082806,
      39.18439064494607
     ],
     [
      -76.8012140722191,
      39.18438960393887
     ],
     [
      -76.80121354268717,
      39.18438857552487
     ],
     [
      -76.80121308223225,
      39.18438755970408
     ],
     [
      -76.80121269085437,
      39.184386556476504
     ],
     [
      -76.80121219788874,
      39.18438528995952
     ],
     [
      -76.80121160333539,
      39.184383760153175
     ],
     [
      -76.80121090719432,
      39.18438196705743
     ],
     [
      -76.80121010946556,
      39.18437991067229
     ],
     [
      -76.80120932001532,
      39.18437785430118
     ],
     [
      -76.80120853884362,
      39.18437579794409
     ],
     [
      -76.80120776595047,
      39.18437374160103
     ],
     [
      -76.80120700133583,
      39.18437168527198
     ],
     [
      -76.80120627371747,
      39.184369629005616
     ],
     [
      -76.8012055830954,
      39.184367572801975
     ],
     [
      -76.80120492946956,
      39.18436551666102
     ],
     [
      -76.80120431284,
      39.18436346058276
     ],
     [
      -76.80120383807193,
      39.18436183260653
     ],
     [
      -76.8012035051653,
      39.184360632732336
     ],
     [
      -76.80120331412014,
      39.18435986096016
     ],
     [
      -76.80120326493642,
      39.18435951729001
     ],
     [
      -76.80120318403536,
      39.184358831601216
     ],
     [
      -76.80120307141696,
      39.18435780389374
     ],
     [
      -76.80120292708128,
      39.1843564341676
     ],
     [
      -76.80120275102823,
      39.18435472242278
     ],
     [
      -76.80120261116193,
      39.18435292484261
     ],
     [
      -76.80120250748233,
      39.18435104142708
     ],
     [
      -76.80120243998947,
      39.18434907217615
     ],
     [
      -76.8012024086833,
      39.184347017089884
     ],
     [
      -76.80120238849858,
      39.18434496202246
     ],
     [
      -76.80120237943534,
      39.184342906973875
     ],
     [
      -76.80120238149357,
      39.18434085194413
     ],
     [
      -76.80120239467325,
      39.18433879693324
     ],
     [
      -76.8012023866533,
      39.18433674188642
     ],
     [
      -76.80120235743372,
      39.18433468680368
     ],
     [
      -76.80120230701452,
      39.18433263168498
     ],
     [
      -76.80120223539568,
      39.18433057653038
     ],
     [
      -76.80120211282828,
      39.18432852128942
     ],
     [
      -76.80120193931232,
      39.184326465962116
     ],
     [
      -76.80120171484782,
      39.184324410548456
     ],
     [
      -76.80120143943476,
      39.18432235504845
     ],
     [
      -76.80120117295853,
      39.18432029956359
     ],
     [
      -76.80120091541912,
      39.18431824409388
     ],
     [
      -76.80120066681651,
      39.184316188639315
     ],
     [
      -76.80120042715073,
      39.184314133199884
     ],
     [
      -76.80120019740777,
      39.184312077777264
     ],
     [
      -76.80119997758757,
      39.18431002237147
     ],
     [
      -76.80119976769015,
      39.18430796698249
     ],
     [
      -76.80119956771553,
      39.18430591161032
     ],
     [
      -76.8011993719526,
      39.1843038562453
     ],
     [
      -76.80119918040138,
      39.184301800887404
     ],
     [
      -76.80119899306185,
      39.18429974553665
     ],
     [
      -76.80119880993402,
      39.18429769019303
     ],
     [
      -76.80119863397728,
      39.184295634861556
     ],
     [
      -76.80119846519165,
      39.18429357954224
     ],
     [
      -76.80119830357708,
      39.184291524235086
     ],
     [
      -76.80119814913364,
      39.18428946894008
     ],
     [
      -76.80119799420471,
      39.18428741364425
     ],
     [
      -76.80119783879033,
      39.184285358347594
     ],
     [
      -76.80119768289049,
      39.184283303050094
     ],
     [
      -76.80119752650518,
      39.184281247751805
     ],
     [
      -76.80119736361512,
      39.18427919244247
     ],
     [
      -76.80119719422031,
      39.18427713712211
     ],
     [
      -76.80119701832075,
      39.18427508179074
     ],
     [
      -76.80119683591646,
      39.184273026448324
     ],
     [
      -76.80119666370885,
      39.18427097112319
     ],
     [
      -76.80119650169794,
      39.184268915815345
     ],
     [
      -76.80119634988375,
      39.18426686052478
     ],
     [
      -76.80119620826625,
      39.184264805251495
     ],
     [
      -76.8011961297295,
      39.18426275008512
     ],
     [
      -76.80119611427352,
      39.184260695025664
     ],
     [
      -76.8011961618983,
      39.184258640073104
     ],
     [
      -76.80119627260383,
      39.18425658522746
     ],
     [
      -76.80119646879061,
      39.184254530526694
     ],
     [
      -76.80119675045864,
      39.18425247597081
     ],
     [
      -76.80119711760793,
      39.184250421559796
     ],
     [
      -76.80119757023844,
      39.184248367293655
     ],
     [
      -76.8011980266045,
      39.18424631303385
     ],
     [
      -76.8011984867061,
      39.18424425878038
     ],
     [
      -76.80119895054324,
      39.18424220453321
     ],
     [
      -76.80119941811593,
      39.1842401502924
     ],
     [
      -76.80119985426491,
      39.18423809599831
     ],
     [
      -76.80120025899019,
      39.18423604165096
     ],
     [
      -76.8012006322918,
      39.184233987250366
     ],
     [
      -76.8012009741697,
      39.18423193279649
     ],
     [
      -76.80120127112524,
      39.1842298782665
     ],
     [
      -76.80120152315837,
      39.18422782366036
     ],
     [
      -76.80120173026913,
      39.18422576897808
     ],
     [
      -76.80120189245751,
      39.18422371421967
     ],
     [
      -76.80120202726005,
      39.18422165941485
     ],
     [
      -76.80120213467679,
      39.18421960456361
     ],
     [
      -76.80120221470771,
      39.184217549665945
     ],
     [
      -76.8012022673528,
      39.184215494721876
     ],
     [
      -76.80120234577211,
      39.184213439821484
     ],
     [
      -76.8012024499656,
      39.18421138496478
     ],
     [
      -76.8012025799333,
      39.18420933015176
     ],
     [
      -76.8012027356752,
      39.184207275382406
     ],
     [
      -76.8012028941367,
      39.18420547898063
     ],
     [
      -76.80120305531779,
      39.1842039409464
     ],
     [
      -76.80120321921848,
      39.1842026612797
     ],
     [
      -76.80120338583876,
      39.18420163998058
     ],
     [
      -76.80120355523971,
      39.18420061571859
     ],
     [
      -76.80120372742132,
      39.184199588493755
     ],
     [
      -76.80120390238358,
      39.184198558306065
     ],
     [
      -76.8012040801265,
      39.18419752515552
     ],
     [
      -76.801204335497,
      39.18419623674114
     ],
     [
      -76.80120466849507,
      39.184194693062956
     ],
     [
      -76.8012050791207,
      39.18419289412095
     ],
     [
      -76.80120556737388,
      39.184190839915125
     ],
     [
      -76.8012060963793,
      39.18418878577837
     ],
     [
      -76.80120666613699,
      39.18418673171067
     ],
     [
      -76.80120727664692,
      39.18418467771202
     ],
     [
      -76.80120792790909,
      39.18418262378243
     ],
     [
      -76.8012086378625,
      39.18418056995233
     ],
     [
      -76.80120940650718,
      39.18417851622168
     ],
     [
      -76.80121023384312,
      39.18417646259047
     ],
     [
      -76.80121111987027,
      39.18417440905874
     ],
     [
      -76.80121189952457,
      39.184172589016086
     ],
     [
      -76.80121257280604,
      39.184171002462534
     ],
     [
      -76.80121313971466,
      39.184169649398065
     ],
     [
      -76.80121360025045,
      39.18416852982271
     ],
     [
      -76.80121405526836,
      39.18416745665758
     ],
     [
      -76.80121450476835,
      39.18416642990269
     ],
     [
      -76.80121494875044,
      39.18416544955803
     ],
     [
      -76.80121538721463,
      39.184164515623614
     ],
     [
      -76.80121587467858,
      39.18416330168328
     ],
     [
      -76.80121641114232,
      39.18416180773702
     ],
     [
      -76.8012169966058,
      39.184160033784835
     ],
     [
      -76.80121763106902,
      39.184157979826715
     ],
     [
      -76.80121825187368,
      39.18415592584545
     ],
     [
      -76.80121885901971,
      39.184153871841026
     ],
     [
      -76.80121945250717,
      39.18415181781347
     ],
     [
      -76.80122003233605,
      39.184149763762754
     ],
     [
      -76.80122064725977,
      39.1841477097715
     ],
     [
      -76.80122129727835,
      39.18414565583972
     ],
     [
      -76.80122198239177,
      39.18414360196741
     ],
     [
      -76.80122270260003,
      39.18414154815458
     ],
     [
      -76.8012233152033,
      39.18413979836649
     ],
     [
      -76.80122382020163,
      39.18413835260315
     ],
     [
      -76.80122421759499,
      39.1841372108646
     ],
     [
      -76.80122450738342,
      39.18413637315081
     ],
     [
      -76.8012248659176,
      39.1841354408976
     ],
     [
      -76.80122529319755,
      39.18413441410502
     ],
     [
      -76.80122578922327,
      39.18413329277301
     ],
     [
      -76.8012263539947,
      39.18413207690162
     ],
     [
      -76.80122698644949,
      39.1841306515937
     ],
     [
      -76.80122768658758,
      39.18412901684924
     ],
     [
      -76.80122845440899,
      39.18412717266826
     ],
     [
      -76.80122928991366,
      39.18412511905074
     ],
     [
      -76.80123013405901,
      39.18412306544788
     ],
     [
      -76.80123098684506,
      39.18412101185963
     ],
     [
      -76.80123184827174,
      39.18411895828603
     ],
     [
      -76.80123271833911,
      39.18411690472704
     ],
     [
      -76.80123346773036,
      39.18411516268888
     ],
     [
      -76.80123409644551,
      39.18411373217155
     ],
     [
      -76.80123460448459,
      39.184112613175
     ],
     [
      -76.80123499184761,
      39.184111805699295
     ],
     [
      -76.80123543064487,
      39.184110888618456
     ],
     [
      -76.80123592087641,
      39.184109861932484
     ],
     [
      -76.80123646254218,
      39.18410872564139
     ],
     [
      -76.80123705564223,
      39.18410747974517
     ],
     [
      -76.801237852302,
      39.18410603216084
     ],
     [
      -76.80123885252146,
      39.18410438288842
     ],
     [
      -76.80124005630061,
      39.18410253192788
     ],
     [
      -76.80124146363943,
      39.18410047927922
     ],
     [
      -76.80124268188669,
      39.18409879416996
     ],
     [
      -76.80124371104245,
      39.1840974766001
     ],
     [
      -76.80124455110672,
      39.18409652656962
     ],
     [
      -76.80124520207951,
      39.18409594407854
     ],
     [
      -76.80124596977689,
      39.18409513982397
     ],
     [
      -76.80124685419885,
      39.18409411380588
     ],
     [
      -76.80124785534535,
      39.18409286602428
     ],
     [
      -76.80124897321639,
      39.18409139647916
     ],
     [
      -76.80125019442185,
      39.184089899748066
     ],
     [
      -76.80125151896172,
      39.184088375830946
     ],
     [
      -76.80125294683599,
      39.18408682472782
     ],
     [
      -76.80125447804464,
      39.18408524643869
     ],
     [
      -76.80125572786433,
      39.18408394435622
     ],
     [
      -76.80125669629508,
      39.18408291848039
     ],
     [
      -76.80125738333693,
      39.18408216881123
     ],
     [
      -76.80125778898987,
      39.184081695348745
     ],
     [
      -76.80125837938259,
      39.18408082697837
     ],
     [
      -76.80125915451507,
      39.1840795637001
     ],
     [
      -76.80126011438725,
      39.18407790551395
     ],
     [
      -76.80126125899913,
      39.18407585241992
     ],
     [
      -76.80126229807881,
      39.18407379914705
     ],
     [
      -76.80126323162628,
      39.18407174569539
     ],
     [
      -76.80126405964154,
      39.18406969206491
     ],
     [
      -76.8012647821246,
      39.18406763825564
     ],
     [
      -76.80126541971575,
      39.18406589254606
     ],
     [
      -76.80126597241497,
      39.184064454936205
     ],
     [
      -76.80126644022228,
      39.18406332542608
     ],
     [
      -76.80126682313771,
      39.18406250401565
     ],
     [
      -76.80126724020172,
      39.184061579934344
     ],
     [
      -76.80126769141437,
      39.18406055318212
     ],
     [
      -76.8012681767756,
      39.18405942375899
     ],
     [
      -76.80126869628542,
      39.18405819166495
     ],
     [
      -76.80126934783945,
      39.18405675427986
     ],
     [
      -76.80127013143766,
      39.18405511160366
     ],
     [
      -76.80127104708002,
      39.18405326363638
     ],
     [
      -76.80127209476655,
      39.18405121037801
     ],
     [
      -76.80127315252408,
      39.184049185553604
     ],
     [
      -76.80127422035261,
      39.18404718916316
     ],
     [
      -76.80127529825216,
      39.18404522120667
     ],
     [
      -76.80127638622272,
      39.184043281684154
     ],
     [
      -76.8012772258295,
      39.18404179866537
     ],
     [
      -76.80127781707253,
      39.18404077215035
     ],
     [
      -76.80127815995185,
      39.18404020213907
     ],
     [
      -76.80127825446745,
      39.184040088631555
     ],
     [
      -76.80127874224281,
      39.18403949044884
     ],
     [
      -76.8012796232779,
      39.18403840759094
     ],
     [
      -76.8012808975727,
      39.184036840057814
     ],
     [
      -76.80128256512714,
      39.184034787849484
     ],
     [
      -76.80128403498274,
      39.1840327353062
     ],
     [
      -76.8012853071395,
      39.18403068242798
     ],
     [
      -76.80128638159745,
      39.184028629214815
     ],
     [
      -76.8012872583566,
      39.184026575666735
     ],
     [
      -76.80128791951545,
      39.184024960907784
     ],
     [
      -76.80128836507404,
      39.18402378493795
     ],
     [
      -76.80128859503237,
      39.18402304775726
     ],
     [
      -76.80128860939047,
      39.1840227493657
     ],
     [
      -76.80128865228052,
      39.18402208647209
     ],
     [
      -76.80128872370251,
      39.18402105907637
     ],
     [
      -76.80128882365645,
      39.184019667178596
     ],
     [
      -76.80128895214233,
      39.18401791077874
     ],
     [
      -76.80128901800373,
      39.184016453922176
     ],
     [
      -76.80128902124068,
      39.184015296608905
     ],
     [
      -76.80128896185313,
      39.1840144388389
     ],
     [
      -76.8012888398411,
      39.1840138806122
     ],
     [
      -76.80128869387678,
      39.1840130875966
     ],
     [
      -76.80128852396017,
      39.184012059792025
     ],
     [
      -76.80128833009124,
      39.18401079719855
     ],
     [
      -76.80128811227002,
      39.184009299816154
     ],
     [
      -76.80128790949412,
      39.18400766295424
     ],
     [
      -76.80128772176356,
      39.1840058866128
     ],
     [
      -76.80128754907832,
      39.18400397079185
     ],
     [
      -76.8012873914384,
      39.1840019154914
     ],
     [
      -76.80128737031706,
      39.18400010259925
     ],
     [
      -76.80128748571427,
      39.18399853211541
     ],
     [
      -76.80128773763002,
      39.1839972040399
     ],
     [
      -76.80128812606434,
      39.18399611837268
     ],
     [
      -76.80128862658908,
      39.183995062299644
     ],
     [
      -76.80128923920427,
      39.18399403582074
     ],
     [
      -76.80128996390987,
      39.183993038936
     ],
     [
      -76.8012908007059,
      39.183992071645434
     ],
     [
      -76.80129188053029,
      39.18399112715985
     ],
     [
      -76.80129320338304,
      39.18399020547929
     ],
     [
      -76.80129476926415,
      39.18398930660374
     ],
     [
      -76.80129657817358,
      39.183988430533184
     ],
     [
      -76.80129859482038,
      39.1839878352261
     ],
     [
      -76.80130081920454,
      39.18398752068246
     ],
     [
      -76.80130325132609,
      39.18398748690229
     ],
     [
      -76.80130589118508,
      39.183987733885544
     ],
     [
      -76.80130853097126,
      39.18398800690511
     ],
     [
      -76.80131117068464,
      39.183988305961
     ],
     [
      -76.80131381032524,
      39.18398863105319
     ],
     [
      -76.80131644989305,
      39.183988982181724
     ],
     [
      -76.80131908993917,
      39.18398916228342
     ],
     [
      -76.80132173046357,
      39.18398917135829
     ],
     [
      -76.80132437146624,
      39.18398900940637
     ],
     [
      -76.80132701294714,
      39.18398867642761
     ],
     [
      -76.8013296551647,
      39.18398808001574
     ],
     [
      -76.80133229811882,
      39.18398722017075
     ],
     [
      -76.80133494180954,
      39.18398609689263
     ],
     [
      -76.80133758623678,
      39.183984710181406
     ],
     [
      -76.80133958759069,
      39.183983661072304
     ],
     [
      -76.80134094587129,
      39.183982949565355
     ],
     [
      -76.80134166107864,
      39.183982575660586
     ],
     [
      -76.80134173321275,
      39.183982539358
     ],
     [
      -76.8013424300394,
      39.18398229868656
     ],
     [
      -76.80134375155856,
      39.183981853646266
     ],
     [
      -76.80134569777022,
      39.1839812042371
     ],
     [
      -76.80134826867435,
      39.183980350459024
     ],
     [
      -76.80135085706883,
      39.18397968184669
     ],
     [
      -76.80135346295367,
      39.18397919840007
     ],
     [
      -76.80135608632892,
      39.183978900119214
     ],
     [
      -76.80135872719458,
      39.18397878700412
     ],
     [
      -76.80136136819222,
      39.18397862668048
     ],
     [
      -76.80136400932184,
      39.18397841914831
     ],
     [
      -76.80136665058343,
      39.183978164407634
     ],
     [
      -76.801369291977,
      39.18397786245841
     ],
     [
      -76.80137193322528,
      39.18397761245654
     ],
     [
      -76.80137457432834,
      39.18397741440202
     ],
     [
      -76.80137721528614,
      39.183977268294846
     ],
     [
      -76.80137985609872,
      39.183977174134995
     ],
     [
      -76.80138235160743,
      39.18397693582189
     ],
     [
      -76.80138470181228,
      39.183976553355485
     ],
     [
      -76.80138690671328,
      39.18397602673586
     ],
     [
      -76.80138896631036,
      39.183975355962964
     ],
     [
      -76.80139065681169,
      39.18397481828902
     ],
     [
      -76.8013919782173,
      39.183974413714026
     ],
     [
      -76.80139293052717,
      39.18397414223803
     ],
     [
      -76.80139351374135,
      39.18397400386098
     ],
     [
      -76.80139461191492,
      39.183973676272615
     ],
     [
      -76.80139622504785,
      39.18397315947291
     ],
     [
      -76.80139835314014,
      39.18397245346184
     ],
     [
      -76.80140099619176,
      39.18397155823937
     ],
     [
      -76.8014036386108,
      39.18397088929573
     ],
     [
      -76.80140628039726,
      39.183970446630894
     ],
     [
      -76.80140892155119,
      39.18397023024488
     ],
     [
      -76.8014115620726,
      39.183970240137675
     ],
     [
      -76.80141420221263,
      39.1839703864759
     ],
     [
      -76.80141684197129,
      39.18397066925952
     ],
     [
      -76.80141948134859,
      39.183971088488576
     ],
     [
      -76.80142212034454,
      39.18397164416307
     ],
     [
      -76.80142475991352,
      39.183971994835666
     ],
     [
      -76.80142740005552,
      39.18397214050645
     ],
     [
      -76.80143004077047,
      39.18397208117534
     ],
     [
      -76.80143268205839,
      39.18397181684239
     ],
     [
      -76.80143532379653,
      39.1839713914193
     ],
     [
      -76.80143796598483,
      39.183970804906075
     ],
     [
      -76.80144060862332,
      39.183970057302716
     ],
     [
      -76.80144325171197,
      39.183969148609215
     ],
     [
      -76.80144564146346,
      39.18396837012159
     ],
     [
      -76.80144777787783,
      39.183967721839835
     ],
     [
      -76.80144966095507,
      39.183967203763956
     ],
     [
      -76.80145129069524,
      39.18396681589399
     ],
     [
      -76.80145276639851,
      39.18396637291955
     ],
     [
      -76.80145408806492,
      39.183965874840645
     ],
     [
      -76.80145525569442,
      39.183965321657254
     ],
     [
      -76.80145626928706,
      39.1839647133694
     ],
     [
      -76.80145757642131,
      39.18396389682181
     ],
     [
      -76.80145917709717,
      39.18396287201444
     ],
     [
      -76.8014610713146,
      39.18396163894729
     ],
     [
      -76.80146325907359,
      39.183960197620365
     ],
     [
      -76.80146501434676,
      39.18395902729009
     ],
     [
      -76.80146633713423,
      39.18395812795649
     ],
     [
      -76.80146722743598,
      39.183957499619595
     ],
     [
      -76.80146768525202,
      39.18395714227939
     ],
     [
      -76.80146868972048,
      39.183956527414125
     ],
     [
      -76.8014702408413,
      39.183955655023766
     ],
     [
      -76.80147233861445,
      39.183954525108305
     ],
     [
      -76.80147498303987,
      39.18395313766772
     ],
     [
      -76.80147762640269,
      39.183952130471575
     ],
     [
      -76.80148026870292,
      39.18395150351986
     ],
     [
      -76.80148290994065,
      39.18395125681258
     ],
     [
      -76.80148555011587,
      39.183951390349726
     ],
     [
      -76.80148819048385,
      39.183951454908836
     ],
     [
      -76.80149083104456,
      39.18395145048992
     ],
     [
      -76.80149347179801,
      39.183951377092974
     ],
     [
      -76.80149611274416,
      39.18395123471799
     ],
     [
      -76.8014982361821,
      39.183951056371576
     ],
     [
      -76.80149984211182,
      39.18395084205376
     ],
     [
      -76.80150093053331,
      39.18395059176458
     ],
     [
      -76.80150150144661,
      39.183950305504034
     ],
     [
      -76.8015024478806,
      39.18394986162457
     ],
     [
      -76.80150376983528,
      39.18394926012616
     ],
     [
      -76.80150546731065,
      39.18394850100884
     ],
     [
      -76.80150754030664,
      39.18394758427256
     ],
     [
      -76.80150975524893,
      39.18394687586833
     ],
     [
      -76.80151211213749,
      39.18394637579614
     ],
     [
      -76.80151461097235,
      39.183946084056
     ],
     [
      -76.80151725175352,
      39.18394600064789
     ],
     [
      -76.8015198919089,
      39.18394614124782
     ],
     [
      -76.80152253143848,
      39.183946505855765
     ],
     [
      -76.8015251703423,
      39.18394709447174
     ],
     [
      -76.80152780862036,
      39.18394790709575
     ],
     [
      -76.80152997695015,
      39.18394856687481
     ],
     [
      -76.8015316753316,
      39.18394907380893
     ],
     [
      -76.80153290376471,
      39.18394942789816
     ],
     [
      -76.80153366224944,
      39.1839496291425
     ],
     [
      -76.8015347011528,
      39.18394990019531
     ],
     [
      -76.80153602047477,
      39.18395024105663
     ],
     [
      -76.80153762021537,
      39.183950651726384
     ],
     [
      -76.8015395003746,
      39.183951132204626
     ],
     [
      -76.80154141166352,
      39.183951374086945
     ],
     [
      -76.80154335408213,
      39.18395137737333
     ],
     [
      -76.80154532763036,
      39.18395114206383
     ],
     [
      -76.80154733230822,
      39.18395066815836
     ],
     [
      -76.801548995351,
      39.18395022829937
     ],
     [
      -76.80155031675869,
      39.18394982248685
     ],
     [
      -76.80155129653131,
      39.18394945072082
     ],
     [
      -76.80155193466888,
      39.18394911300126
     ],
     [
      -76.80155294195836,
      39.183948431547485
     ],
     [
      -76.80155431839977,
      39.183947406359465
     ],
     [
      -76.80155606399305,
      39.18394603743718
     ],
     [
      -76.80155817873815,
      39.1839443247806
     ],
     [
      -76.80155989778719,
      39.18394291727419
     ],
     [
      -76.80156122114019,
      39.18394181491793
     ],
     [
      -76.80156214879723,
      39.183941017711824
     ],
     [
      -76.80156268075828,
      39.18394052565593
     ],
     [
      -76.80156340902553,
      39.18393976665168
     ],
     [
      -76.80156433359898,
      39.18393874069909
     ],
     [
      -76.80156545447858,
      39.18393744779816
     ],
     [
      -76.80156677166433,
      39.18393588794887
     ],
     [
      -76.80156809256876,
      39.18393432941997
     ],
     [
      -76.80156941719189,
      39.183932772211456
     ],
     [
      -76.8015707455337,
      39.183931216323316
     ],
     [
      -76.80157207759417,
      39.18392966175559
     ],
     [
      -76.80157323535028,
      39.18392837154518
     ],
     [
      -76.80157421880202,
      39.18392734569212
     ],
     [
      -76.80157502794941,
      39.18392658419639
     ],
     [
      -76.80157566279246,
      39.18392608705801
     ],
     [
      -76.80157664145801,
      39.1839254420602
     ],
     [
      -76.80157796394604,
      39.18392464920293
     ],
     [
      -76.80157963025654,
      39.1839237084862
     ],
     [
      -76.8015816403895,
      39.18392261991001
     ],
     [
      -76.80158380854927,
      39.18392165191177
     ],
     [
      -76.80158613473587,
      39.18392080449146
     ],
     [
      -76.80158861894931,
      39.18392007764909
     ],
     [
      -76.8015912611896,
      39.183919471384634
     ],
     [
      -76.80159336686746,
      39.18391892881524
     ],
     [
      -76.8015949359829,
      39.18391844994089
     ],
     [
      -76.80159596853595,
      39.18391803476161
     ],
     [
      -76.8015964645266,
      39.183917683277436
     ],
     [
      -76.80159737414672,
      39.18391697468338
     ],
     [
      -76.80159869739632,
      39.183915908979415
     ],
     [
      -76.80160043427533,
      39.18391448616558
     ],
     [
      -76.80160258478371,
      39.18391270624178
     ],
     [
      -76.80160428093194,
      39.18391130357168
     ],
     [
      -76.8016055227201,
      39.1839102781553
     ],
     [
      -76.8016063101482,
      39.183909629992634
     ],
     [
      -76.80160664321626,
      39.18390935908371
     ],
     [
      -76.80160740694967,
      39.18390864301288
     ],
     [
      -76.80160860134838,
      39.18390748178018
     ],
     [
      -76.80161022641234,
      39.18390587538557
     ],
     [
      -76.80161228214149,
      39.18390382382901
     ],
     [
      -76.80161388944315,
      39.183901946307245
     ],
     [
      -76.80161504831734,
      39.183900242820286
     ],
     [
      -76.80161575876414,
      39.183898713368116
     ],
     [
      -76.80161602078356,
      39.1838973579508
     ],
     [
      -76.80161625948155,
      39.18389616666588
     ],
     [
      -76.80161647485806,
      39.183895139513425
     ],
     [
      -76.80161666691315,
      39.183894276493405
     ],
     [
      -76.80161683564681,
      39.18389357760582
     ],
     [
      -76.80161747602175,
      39.18389254055079
     ],
     [
      -76.80161858803794,
      39.183891165328305
     ],
     [
      -76.80162017169533,
      39.18388945193835
     ],
     [
      -76.8016222269939,
      39.18388740038089
     ],
     [
      -76.8016236403481,
      39.183885347737736
     ],
     [
      -76.80162441175801,
      39.18388329400891
     ],
     [
      -76.80162454122367,
      39.1838812391944
     ],
     [
      -76.80162402874515,
      39.183879183294245
     ],
     [
      -76.80162369231664,
      39.183877127691815
     ],
     [
      -76.80162353193812,
      39.18387507238711
     ],
     [
      -76.80162354760955,
      39.183873017380144
     ],
     [
      -76.80162373933095,
      39.18387096267094
     ],
     [
      -76.80162391991784,
      39.18386890794289
     ],
     [
      -76.80162408937025,
      39.18386685319601
     ],
     [
      -76.80162424768815,
      39.18386479843029
     ],
     [
      -76.80162439487157,
      39.183862743645754
     ],
     [
      -76.8016246603051,
      39.18386073682856
     ],
     [
      -76.80162504398876,
      39.183858777978735
     ],
     [
      -76.80162554592255,
      39.18385686709625
     ],
     [
      -76.80162616610644,
      39.18385500418113
     ],
     [
      -76.80162664275055,
      39.18385355924688
     ],
     [
      -76.8016269758549,
      39.18385253229349
     ],
     [
      -76.80162716541952,
      39.18385192332097
     ],
     [
      -76.80162721144438,
      39.18385173232931
     ],
     [
      -76.80162733976609,
      39.18385107548584
     ],
     [
      -76.80162755038462,
      39.18384995279054
     ],
     [
      -76.80162784329997,
      39.18384836424345
     ],
     [
      -76.80162821851212,
      39.18384630984452
     ],
     [
      -76.80162849992122,
      39.18384476904532
     ],
     [
      -76.80162868752728,
      39.18384374184588
     ],
     [
      -76.8016287813303,
      39.18384322824614
     ]
    ]
   },
   "properties": {
    "id": "ct-12",
    "kind": "Contour",
    "sourceId": "contours",
    "reliabilityLevel": 1,
    "revision": 1,
    "engineeringGeometry": {
     "crs": "EPSG:2248",
     "crsName": "NAD83 / Maryland State Plane (US survey feet)",
     "datum": "NAD83",
     "unit": "usSurveyFoot",
     "coordinates": [
      [
       1368516.06121415,
       552602.984851635,
       310
      ],
      [
       1368516.0641089352,
       552602.9927177595,
       310
      ],
      [
       1368516.0698985055,
       552603.0084500087,
       310
      ],
      [
       1368516.078582861,
       552603.0320483826,
       310
      ],
      [
       1368516.0901620018,
       552603.063512881,
       310
      ],
      [
       1368516.1623713332,
       552603.2663666822,
       310
      ],
      [
       1368516.2952108558,
       552603.6406097861,
       310
      ],
      [
       1368516.488680569,
       552604.1862421926,
       310
      ],
      [
       1368516.742780473,
       552604.9032639018,
       310
      ],
      [
       1368517.0224428677,
       552605.6281517358,
       310
      ],
      [
       1368517.3276677525,
       552606.3609056941,
       310
      ],
      [
       1368517.658455128,
       552607.1015257771,
       310
      ],
      [
       1368518.014804994,
       552607.8500119848,
       310
      ],
      [
       1368518.3165765028,
       552608.4843157479,
       310
      ],
      [
       1368518.5637696546,
       552609.0044370664,
       310
      ],
      [
       1368518.7563844493,
       552609.4103759403,
       310
      ],
      [
       1368518.894420887,
       552609.7021323697,
       310
      ],
      [
       1368519.0359114776,
       552610.0351321363,
       310
      ],
      [
       1368519.1808562204,
       552610.4093752401,
       310
      ],
      [
       1368519.3292551162,
       552610.8248616812,
       310
      ],
      [
       1368519.4811081649,
       552611.2815914595,
       310
      ],
      [
       1368519.6265026203,
       552611.8112603452,
       310
      ],
      [
       1368519.7654384829,
       552612.4138683382,
       310
      ],
      [
       1368519.8979157526,
       552613.0894154385,
       310
      ],
      [
       1368520.0239344293,
       552613.8379016462,
       310
      ],
      [
       1368520.1499887349,
       552614.5863878538,
       310
      ],
      [
       1368520.2760786696,
       552615.3348740614,
       310
      ],
      [
       1368520.402204233,
       552616.0833602692,
       310
      ],
      [
       1368520.5283654253,
       552616.8318464768,
       310
      ],
      [
       1368520.6688888068,
       552617.5803326846,
       310
      ],
      [
       1368520.8237743773,
       552618.3288188921,
       310
      ],
      [
       1368520.9930221369,
       552619.0773050999,
       310
      ],
      [
       1368521.1766320856,
       552619.8257913075,
       310
      ],
      [
       1368521.3545503824,
       552620.4800378924,
       310
      ],
      [
       1368521.5267770274,
       552621.0400448544,
       310
      ],
      [
       1368521.6933120207,
       552621.5058121935,
       310
      ],
      [
       1368521.8541553621,
       552621.8773399097,
       310
      ],
      [
       1368522.0358777822,
       552622.2502253198,
       310
      ],
      [
       1368522.2384792804,
       552622.6244684237,
       310
      ],
      [
       1368522.4619598573,
       552623.0000692212,
       310
      ],
      [
       1368522.7063195128,
       552623.3770277125,
       310
      ],
      [
       1368523.0156208924,
       552623.8330282354,
       310
      ],
      [
       1368523.389863996,
       552624.3680707895,
       310
      ],
      [
       1368523.829048824,
       552624.982155375,
       310
      ],
      [
       1368524.3331753765,
       552625.675281992,
       310
      ],
      [
       1368524.7186992504,
       552626.2089668523,
       310
      ],
      [
       1368524.985620446,
       552626.5832099561,
       310
      ],
      [
       1368525.1339389628,
       552626.7980113034,
       310
      ],
      [
       1368525.1636548012,
       552626.8533708942,
       310
      ],
      [
       1368525.2001003646,
       552627.0820121393,
       310
      ],
      [
       1368525.2432756533,
       552627.4839350384,
       310
      ],
      [
       1368525.293180667,
       552628.0591395919,
       310
      ],
      [
       1368525.3498154057,
       552628.8076257996,
       310
      ],
      [
       1368525.3707038155,
       552629.4592988678,
       310
      ],
      [
       1368525.3558458963,
       552630.0141587969,
       310
      ],
      [
       1368525.305241648,
       552630.4722055865,
       310
      ],
      [
       1368525.2188910707,
       552630.833439237,
       310
      ],
      [
       1368525.1311405648,
       552631.201177614,
       310
      ],
      [
       1368525.04199013,
       552631.5754207179,
       310
      ],
      [
       1368524.9514397662,
       552631.9561685484,
       310
      ],
      [
       1368524.8594894735,
       552632.3434211058,
       310
      ],
      [
       1368524.743361279,
       552632.8209820758,
       310
      ],
      [
       1368524.6030551824,
       552633.3888514582,
       310
      ],
      [
       1368524.438571184,
       552634.0470292533,
       310
      ],
      [
       1368524.2499092831,
       552634.7955154609,
       310
      ],
      [
       1368524.077566206,
       552635.5440016687,
       310
      ],
      [
       1368523.9215419516,
       552636.2924878763,
       310
      ],
      [
       1368523.7818365209,
       552637.0409740839,
       310
      ],
      [
       1368523.658449913,
       552637.7894602916,
       310
      ],
      [
       1368523.534262674,
       552638.5379464992,
       310
      ],
      [
       1368523.4092748035,
       552639.286432707,
       310
      ],
      [
       1368523.2834863018,
       552640.0349189147,
       310
      ],
      [
       1368523.1568971688,
       552640.7834051222,
       310
      ],
      [
       1368523.0197073347,
       552641.5318913299,
       310
      ],
      [
       1368522.8719167998,
       552642.2803775377,
       310
      ],
      [
       1368522.7135255635,
       552643.0288637453,
       310
      ],
      [
       1368522.5445336262,
       552643.777349953,
       310
      ],
      [
       1368522.405563089,
       552644.3956124415,
       310
      ],
      [
       1368522.2966139521,
       552644.8836512109,
       310
      ],
      [
       1368522.2176862156,
       552645.2414662611,
       310
      ],
      [
       1368522.168779879,
       552645.4690575922,
       310
      ],
      [
       1368522.110728378,
       552645.7699748097,
       310
      ],
      [
       1368522.0435317121,
       552646.1442179135,
       310
      ],
      [
       1368521.9671898817,
       552646.5917869038,
       310
      ],
      [
       1368521.881702887,
       552647.1126817802,
       310
      ],
      [
       1368521.7855683134,
       552647.6904744897,
       310
      ],
      [
       1368521.6787861616,
       552648.3251650317,
       310
      ],
      [
       1368521.5613564313,
       552649.0167534066,
       310
      ],
      [
       1368521.4332791225,
       552649.7652396143,
       310
      ],
      [
       1368521.2952652723,
       552650.513725822,
       310
      ],
      [
       1368521.1473148807,
       552651.2622120295,
       310
      ],
      [
       1368520.9894279477,
       552652.0106982372,
       310
      ],
      [
       1368520.8216044733,
       552652.759184445,
       310
      ],
      [
       1368520.6312193759,
       552653.5076706527,
       310
      ],
      [
       1368520.4182726552,
       552654.2561568603,
       310
      ],
      [
       1368520.1827643116,
       552655.004643068,
       310
      ],
      [
       1368519.9246943449,
       552655.7531292757,
       310
      ],
      [
       1368519.703884754,
       552656.4015025056,
       310
      ],
      [
       1368519.5203355392,
       552656.9497627576,
       310
      ],
      [
       1368519.3740467005,
       552657.397910032,
       310
      ],
      [
       1368519.2650182378,
       552657.7459443286,
       310
      ],
      [
       1368519.1517952876,
       552658.1070830288,
       310
      ],
      [
       1368519.03437785,
       552658.4813261325,
       310
      ],
      [
       1368518.9127659248,
       552658.8686736401,
       310
      ],
      [
       1368518.7869595122,
       552659.2691255511,
       310
      ],
      [
       1368518.536934754,
       552659.7009287272,
       310
      ],
      [
       1368518.1626916504,
       552660.1640831681,
       310
      ],
      [
       1368517.664230201,
       552660.658588874,
       310
      ],
      [
       1368517.0415504058,
       552661.184445845,
       310
      ],
      [
       1368516.4734134856,
       552661.6344958823,
       310
      ],
      [
       1368515.9598194407,
       552662.0087389861,
       310
      ],
      [
       1368515.5007682706,
       552662.3071751564,
       310
      ],
      [
       1368515.0962599753,
       552662.5298043933,
       310
      ],
      [
       1368514.7068842761,
       552662.7212501748,
       310
      ],
      [
       1368514.3326411722,
       552662.8815125008,
       310
      ],
      [
       1368513.9735306639,
       552663.0105913717,
       310
      ],
      [
       1368513.6295527513,
       552663.1084867872,
       310
      ],
      [
       1368513.184447765,
       552663.1681268709,
       310
      ],
      [
       1368512.6382157046,
       552663.1895116229,
       310
      ],
      [
       1368511.9908565707,
       552663.1726410433,
       310
      ],
      [
       1368511.2423703633,
       552663.1175151321,
       310
      ],
      [
       1368510.652482084,
       552663.0654783226,
       310
      ],
      [
       1368510.2211917331,
       552663.0165306149,
       310
      ],
      [
       1368509.9484993108,
       552662.970672009,
       310
      ],
      [
       1368509.8344048164,
       552662.9279025048,
       310
      ],
      [
       1368509.5902360175,
       552662.8371530501,
       310
      ],
      [
       1368509.2159929136,
       552662.6984236452,
       310
      ],
      [
       1368508.711675505,
       552662.5117142897,
       310
      ],
      [
       1368508.0772837915,
       552662.2770249838,
       310
      ],
      [
       1368507.4143684544,
       552662.0838840489,
       310
      ],
      [
       1368506.7229294935,
       552661.9322914848,
       310
      ],
      [
       1368506.0029669092,
       552661.8222472918,
       310
      ],
      [
       1368505.2544807019,
       552661.7537514698,
       310
      ],
      [
       1368504.505994494,
       552661.7657765134,
       310
      ],
      [
       1368503.7575082865,
       552661.858322423,
       310
      ],
      [
       1368503.009022079,
       552662.0313891981,
       310
      ],
      [
       1368502.2605358711,
       552662.2849768391,
       310
      ],
      [
       1368501.682466482,
       552662.4875669417,
       310
      ],
      [
       1368501.2748139114,
       552662.6391595055,
       310
      ],
      [
       1368501.0375781597,
       552662.7397545311,
       310
      ],
      [
       1368500.9707592262,
       552662.789352018,
       310
      ],
      [
       1368500.7720230664,
       552663.0136716852,
       310
      ],
      [
       1368500.44136968,
       552663.4127135326,
       310
      ],
      [
       1368499.9787990667,
       552663.98647756,
       310
      ],
      [
       1368499.384311227,
       552664.7349637677,
       310
      ],
      [
       1368498.9166504885,
       552665.4021006546,
       310
      ],
      [
       1368498.575816851,
       552665.9878882206,
       310
      ],
      [
       1368498.3618103154,
       552666.4923264659,
       310
      ],
      [
       1368498.274630881,
       552666.9154153904,
       310
      ],
      [
       1368498.193975936,
       552667.3140814046,
       310
      ],
      [
       1368498.1198454804,
       552667.6883245083,
       310
      ],
      [
       1368498.0522395147,
       552668.0381447019,
       310
      ],
      [
       1368497.9911580384,
       552668.363541985,
       310
      ],
      [
       1368497.9606173004,
       552668.7351214122,
       310
      ],
      [
       1368497.9606173004,
       552669.1528829832,
       310
      ],
      [
       1368497.9911580384,
       552669.6168266981,
       310
      ],
      [
       1368498.0522395147,
       552670.1269525569,
       310
      ],
      [
       1368498.1077785268,
       552670.5691370382,
       310
      ],
      [
       1368498.1577750752,
       552670.9433801421,
       310
      ],
      [
       1368498.2022291597,
       552671.2496818685,
       310
      ],
      [
       1368498.24114078,
       552671.4880422173,
       310
      ],
      [
       1368498.3058654643,
       552671.8539340309,
       310
      ],
      [
       1368498.3964032119,
       552672.3473573092,
       310
      ],
      [
       1368498.5127540235,
       552672.9683120521,
       310
      ],
      [
       1368498.6549178986,
       552673.7167982598,
       310
      ],
      [
       1368498.8149642395,
       552674.4652844674,
       310
      ],
      [
       1368498.9928930453,
       552675.213770675,
       310
      ],
      [
       1368499.188704317,
       552675.9622568828,
       310
      ],
      [
       1368499.4023980538,
       552676.7107430904,
       310
      ],
      [
       1368499.5794790832,
       552677.4592292982,
       310
      ],
      [
       1368499.7199474052,
       552678.2077155057,
       310
      ],
      [
       1368499.8238030195,
       552678.9562017134,
       310
      ],
      [
       1368499.8910459261,
       552679.7046879211,
       310
      ],
      [
       1368499.904733087,
       552680.4531741288,
       310
      ],
      [
       1368499.8648645014,
       552681.2016603363,
       310
      ],
      [
       1368499.7714401698,
       552681.950146544,
       310
      ],
      [
       1368499.6244600923,
       552682.6986327518,
       310
      ],
      [
       1368499.4917166797,
       552683.4471189595,
       310
      ],
      [
       1368499.3732099324,
       552684.1956051671,
       310
      ],
      [
       1368499.2689398502,
       552684.9440913748,
       310
      ],
      [
       1368499.178906433,
       552685.6925775826,
       310
      ],
      [
       1368499.0551317092,
       552686.3259677072,
       310
      ],
      [
       1368498.8976156781,
       552686.844261749,
       310
      ],
      [
       1368498.7063583406,
       552687.2474597078,
       310
      ],
      [
       1368498.481359696,
       552687.5355615835,
       310
      ],
      [
       1368498.222055082,
       552687.8667340733,
       310
      ],
      [
       1368497.9284444987,
       552688.2409771772,
       310
      ],
      [
       1368497.600527946,
       552688.658290895,
       310
      ],
      [
       1368497.2383054236,
       552689.1186752268,
       310
      ],
      [
       1368496.8700726107,
       552689.5343375249,
       310
      ],
      [
       1368496.4958295068,
       552689.905277789,
       310
      ],
      [
       1368496.1155761122,
       552690.2314960194,
       310
      ],
      [
       1368495.7293124266,
       552690.5129922159,
       310
      ],
      [
       1368495.2524931105,
       552690.8001057067,
       310
      ],
      [
       1368494.6851181637,
       552691.0928364919,
       310
      ],
      [
       1368494.0271875865,
       552691.3911845712,
       310
      ],
      [
       1368493.2787013792,
       552691.695149945,
       310
      ],
      [
       1368492.6197775996,
       552691.9638801346,
       310
      ],
      [
       1368492.0504162482,
       552692.1973751402,
       310
      ],
      [
       1368491.570617325,
       552692.3956349618,
       310
      ],
      [
       1368491.1803808296,
       552692.5586595992,
       310
      ],
      [
       1368490.7981410301,
       552692.7085238285,
       310
      ],
      [
       1368490.4238979265,
       552692.8452276497,
       310
      ],
      [
       1368490.0576515184,
       552692.9687710628,
       310
      ],
      [
       1368489.6994018056,
       552693.0791540679,
       310
      ],
      [
       1368489.2435929694,
       552693.2522281883,
       310
      ],
      [
       1368488.6902250093,
       552693.4879934243,
       310
      ],
      [
       1368488.0392979253,
       552693.7864497759,
       310
      ],
      [
       1368487.290811718,
       552694.1475972432,
       310
      ],
      [
       1368486.6182975683,
       552694.4876967773,
       310
      ],
      [
       1368486.0217554767,
       552694.8067483787,
       310
      ],
      [
       1368485.5011854433,
       552695.1047520471,
       310
      ],
      [
       1368485.056587468,
       552695.3817077826,
       310
      ],
      [
       1368484.6471669283,
       552695.6429186742,
       310
      ],
      [
       1368484.2729238244,
       552695.8883847215,
       310
      ],
      [
       1368483.9338581564,
       552696.1181059249,
       310
      ],
      [
       1368483.6299699242,
       552696.3320822841,
       310
      ],
      [
       1368483.2341729733,
       552696.6261920158,
       310
      ],
      [
       1368482.746467304,
       552697.0004351195,
       310
      ],
      [
       1368482.1668529161,
       552697.4548115956,
       310
      ],
      [
       1368481.4953298096,
       552697.9893214442,
       310
      ],
      [
       1368480.9724467045,
       552698.4074593261,
       310
      ],
      [
       1368480.5982036008,
       552698.7092252416,
       310
      ],
      [
       1368480.3726004981,
       552698.8946191905,
       310
      ],
      [
       1368480.2956373969,
       552698.963641173,
       310
      ],
      [
       1368480.0507935188,
       552699.1468504623,
       310
      ],
      [
       1368479.6380688644,
       552699.4442470582,
       310
      ],
      [
       1368479.0574634331,
       552699.855830961,
       310
      ],
      [
       1368478.3089772258,
       552700.3816021705,
       310
      ],
      [
       1368477.6590350321,
       552700.8143538316,
       310
      ],
      [
       1368477.1076368527,
       552701.154085944,
       310
      ],
      [
       1368476.6547826873,
       552701.4007985082,
       310
      ],
      [
       1368476.3004725357,
       552701.5544915239,
       310
      ],
      [
       1368475.936195908,
       552701.7055775368,
       310
      ],
      [
       1368475.5619528042,
       552701.8540565472,
       310
      ],
      [
       1368475.1777432244,
       552701.9999285546,
       310
      ],
      [
       1368474.783567168,
       552702.1431935595,
       310
      ],
      [
       1368474.3008135739,
       552702.3147488962,
       310
      ],
      [
       1368473.7294824417,
       552702.5145945649,
       310
      ],
      [
       1368473.069573772,
       552702.7427305655,
       310
      ],
      [
       1368472.3210875646,
       552702.9991568978,
       310
      ],
      [
       1368471.6079342533,
       552703.2786753647,
       310
      ],
      [
       1368470.930113838,
       552703.5812859662,
       310
      ],
      [
       1368470.287626319,
       552703.9069887021,
       310
      ],
      [
       1368469.6804716964,
       552704.2557835724,
       310
      ],
      [
       1368469.1897728331,
       552704.5374891931,
       310
      ],
      [
       1368468.8155297292,
       552704.7521055642,
       310
      ],
      [
       1368468.557742385,
       552704.8996326855,
       310
      ],
      [
       1368468.4164107998,
       552704.9800705569,
       310
      ],
      [
       1368468.123290559,
       552705.1119583355,
       310
      ],
      [
       1368467.6783816626,
       552705.2952960213,
       310
      ],
      [
       1368467.0816841105,
       552705.5300836139,
       310
      ],
      [
       1368466.3331979031,
       552705.8163211138,
       310
      ],
      [
       1368465.5960445767,
       552706.1264519477,
       310
      ],
      [
       1368464.870224132,
       552706.4604761158,
       310
      ],
      [
       1368464.1557365684,
       552706.818393618,
       310
      ],
      [
       1368463.4525818862,
       552707.2002044542,
       310
      ],
      [
       1368462.9138829934,
       552707.4929229489,
       310
      ],
      [
       1368462.5396398897,
       552707.6965491016,
       310
      ],
      [
       1368462.329852575,
       552707.8110829126,
       310
      ],
      [
       1368462.2845210491,
       552707.8365243818,
       310
      ],
      [
       1368462.063400853,
       552707.9899516993,
       310
      ],
      [
       1368461.6664919865,
       552708.2713648651,
       310
      ],
      [
       1368461.0937944492,
       552708.6807638793,
       310
      ],
      [
       1368460.3453082417,
       552709.2181487419,
       310
      ],
      [
       1368459.743882515,
       552709.6676023577,
       310
      ],
      [
       1368459.289517269,
       552710.029124727,
       310
      ],
      [
       1368458.982212504,
       552710.3027158495,
       310
      ],
      [
       1368458.8219682197,
       552710.4883757255,
       310
      ],
      [
       1368458.583209449,
       552710.8147421844,
       310
      ],
      [
       1368458.2659361912,
       552711.2818152261,
       310
      ],
      [
       1368457.870148447,
       552711.8895948508,
       310
      ],
      [
       1368457.3958462162,
       552712.6380810586,
       310
      ],
      [
       1368457.01163462,
       552713.2421529081,
       310
      ],
      [
       1368456.7175136583,
       552713.7018103997,
       310
      ],
      [
       1368456.513483331,
       552714.0170535329,
       310
      ],
      [
       1368456.3995436386,
       552714.1878823081,
       310
      ],
      [
       1368456.223272986,
       552714.4604182476,
       310
      ],
      [
       1368455.9846713736,
       552714.8346613514,
       310
      ],
      [
       1368455.6837388014,
       552715.3106116196,
       310
      ],
      [
       1368455.3204752696,
       552715.888269052,
       310
      ],
      [
       1368454.9517219516,
       552716.4795741923,
       310
      ],
      [
       1368454.577478848,
       552717.0845270404,
       310
      ],
      [
       1368454.197745958,
       552717.7031275964,
       310
      ],
      [
       1368453.8125232824,
       552718.3353758602,
       310
      ],
      [
       1368453.4943252676,
       552718.838621544,
       310
      ],
      [
       1368453.243151914,
       552719.2128646479,
       310
      ],
      [
       1368453.0590032216,
       552719.4581051718,
       310
      ],
      [
       1368452.9418791898,
       552719.5743431156,
       310
      ],
      [
       1368452.6961956222,
       552719.7995832448,
       310
      ],
      [
       1368452.3219525185,
       552720.1338255595,
       310
      ],
      [
       1368451.8191498783,
       552720.5770700596,
       310
      ],
      [
       1368451.1877877023,
       552721.129316745,
       310
      ],
      [
       1368450.5995823813,
       552721.5925616396,
       310
      ],
      [
       1368450.0545339156,
       552721.9668047435,
       310
      ],
      [
       1368449.5526423054,
       552722.2520460566,
       310
      ],
      [
       1368449.09390755,
       552722.4482855788,
       310
      ],
      [
       1368448.6774186206,
       552722.6304645971,
       310
      ],
      [
       1368448.303175517,
       552722.7985831117,
       310
      ],
      [
       1368447.9711782387,
       552722.9526411225,
       310
      ],
      [
       1368447.681426786,
       552723.0926386293,
       310
      ],
      [
       1368447.2769916446,
       552723.2870679952,
       310
      ],
      [
       1368446.7578728148,
       552723.5359292203,
       310
      ],
      [
       1368446.1240702958,
       552723.8392223043,
       310
      ],
      [
       1368445.3755840883,
       552724.1969472475,
       310
      ],
      [
       1368444.6937215838,
       552724.5279318943,
       310
      ],
      [
       1368444.0784827827,
       552724.8321762447,
       310
      ],
      [
       1368443.5298676847,
       552725.1096802987,
       310
      ],
      [
       1368443.0478762898,
       552725.3604440563,
       310
      ],
      [
       1368442.6197590404,
       552725.5816480583,
       310
      ],
      [
       1368442.2455159365,
       552725.7732923045,
       310
      ],
      [
       1368441.925146978,
       552725.9353767952,
       310
      ],
      [
       1368441.6586521652,
       552726.0679015302,
       310
      ],
      [
       1368441.2716595037,
       552726.2946929428,
       310
      ],
      [
       1368440.7641689933,
       552726.6157510328,
       310
      ],
      [
       1368440.1361806344,
       552727.0310758005,
       310
      ],
      [
       1368439.387694427,
       552727.5406672459,
       310
      ],
      [
       1368438.8032063271,
       552727.9494533367,
       310
      ],
      [
       1368438.382716335,
       552728.2574340731,
       310
      ],
      [
       1368438.1262244505,
       552728.464609455,
       310
      ],
      [
       1368438.0337306738,
       552728.5709794824,
       310
      ],
      [
       1368437.8003622335,
       552728.8295583099,
       310
      ],
      [
       1368437.4261191296,
       552729.2403459372,
       310
      ],
      [
       1368436.9110013621,
       552729.8033423647,
       310
      ],
      [
       1368436.255008931,
       552730.5185475925,
       310
      ],
      [
       1368435.7576671252,
       552731.0632717581,
       310
      ],
      [
       1368435.4189759442,
       552731.4375148618,
       310
      ],
      [
       1368435.2389353886,
       552731.6412769039,
       310
      ],
      [
       1368435.217545458,
       552731.674557884,
       310
      ],
      [
       1368435.1324991735,
       552731.886640171,
       310
      ],
      [
       1368434.9837965353,
       552732.277523765,
       310
      ],
      [
       1368434.7714375434,
       552732.8472086657,
       310
      ],
      [
       1368434.4954221975,
       552733.5956948734,
       310
      ],
      [
       1368434.3009114158,
       552734.344181081,
       310
      ],
      [
       1368434.1879051977,
       552735.0926672886,
       310
      ],
      [
       1368434.1564035437,
       552735.8411534964,
       310
      ],
      [
       1368434.2064064536,
       552736.589639704,
       310
      ],
      [
       1368434.3057592276,
       552737.2945991843,
       310
      ],
      [
       1368434.4544618658,
       552737.9560319372,
       310
      ],
      [
       1368434.652514368,
       552738.5739379625,
       310
      ],
      [
       1368434.8999167348,
       552739.1483172604,
       310
      ],
      [
       1368435.1253353306,
       552739.6226284613,
       310
      ],
      [
       1368435.3287701558,
       552739.9968715652,
       310
      ],
      [
       1368435.5102212105,
       552740.271046572,
       310
      ],
      [
       1368435.6696884946,
       552740.4451534818,
       310
      ],
      [
       1368435.9365436886,
       552740.7155394247,
       310
      ],
      [
       1368436.3107867925,
       552741.0822044008,
       310
      ],
      [
       1368436.7924178063,
       552741.5451484101,
       310
      ],
      [
       1368437.38143673,
       552742.1043714527,
       310
      ],
      [
       1368437.904515602,
       552742.5711045258,
       310
      ],
      [
       1368438.361654422,
       552742.9453476297,
       310
      ],
      [
       1368438.7528531903,
       552743.2271007642,
       310
      ],
      [
       1368439.0781119068,
       552743.4163639292,
       310
      ],
      [
       1368439.427862817,
       552743.6113848723,
       310
      ],
      [
       1368439.8021059209,
       552743.8121635936,
       310
      ],
      [
       1368440.2008412182,
       552744.0187000928,
       310
      ],
      [
       1368440.6240687096,
       552744.23099437,
       310
      ],
      [
       1368441.1286108796,
       552744.4864605719,
       310
      ],
      [
       1368441.714467729,
       552744.7850986983,
       310
      ],
      [
       1368442.3816392575,
       552745.1269087496,
       310
      ],
      [
       1368443.1301254653,
       552745.5118907255,
       310
      ],
      [
       1368443.7344553496,
       552745.8384296959,
       310
      ],
      [
       1368444.1946289104,
       552746.1065256611,
       310
      ],
      [
       1368444.5106461477,
       552746.316178621,
       310
      ],
      [
       1368444.6825070614,
       552746.4673885757,
       310
      ],
      [
       1368444.9555590702,
       552746.7039579182,
       310
      ],
      [
       1368445.3298021741,
       552747.0258866487,
       310
      ],
      [
       1368445.8052363729,
       552747.4331747671,
       310
      ],
      [
       1368446.3818616665,
       552747.9258222732,
       310
      ],
      [
       1368446.8689510669,
       552748.3592675782,
       310
      ],
      [
       1368447.266504574,
       552748.7335106821,
       310
      ],
      [
       1368447.5745221875,
       552749.0485515848,
       310
      ],
      [
       1368447.7930039077,
       552749.3043902861,
       310
      ],
      [
       1368448.0893663196,
       552749.6357602335,
       310
      ],
      [
       1368448.4636094235,
       552750.0426614266,
       310
      ],
      [
       1368448.9157332191,
       552750.5250938657,
       310
      ],
      [
       1368449.4457377065,
       552751.0830575507,
       310
      ],
      [
       1368449.879005087,
       552751.549160945,
       310
      ],
      [
       1368450.2155353606,
       552751.9234040489,
       310
      ],
      [
       1368450.455328527,
       552752.2057868622,
       310
      ],
      [
       1368450.5983845866,
       552752.3963093848,
       310
      ],
      [
       1368450.851288005,
       552752.7263228288,
       310
      ],
      [
       1368451.2140387823,
       552753.195827194,
       310
      ],
      [
       1368451.686636919,
       552753.8048224805,
       310
      ],
      [
       1368452.2690824145,
       552754.5533086881,
       310
      ],
      [
       1368452.7116626995,
       552755.1225989223,
       310
      ],
      [
       1368453.0143777733,
       552755.5126931829,
       310
      ],
      [
       1368453.1772276368,
       552755.72359147,
       310
      ],
      [
       1368453.2002122896,
       552755.7552937837,
       310
      ],
      [
       1368453.3293443322,
       552755.9582664925,
       310
      ],
      [
       1368453.5646237643,
       552756.3325095961,
       310
      ],
      [
       1368453.9060505864,
       552756.8780230952,
       310
      ],
      [
       1368454.3536247981,
       552757.5948069892,
       310
      ],
      [
       1368454.764533456,
       552758.259428184,
       310
      ],
      [
       1368455.1387765598,
       552758.8718866793,
       310
      ],
      [
       1368455.4763541096,
       552759.4321824755,
       310
      ],
      [
       1368455.7772661056,
       552759.9403155722,
       310
      ],
      [
       1368456.036901054,
       552760.3815036726,
       310
      ],
      [
       1368456.2552589546,
       552760.7557467762,
       310
      ],
      [
       1368456.432339808,
       552761.0630448837,
       310
      ],
      [
       1368456.5681436134,
       552761.3033979946,
       310
      ],
      [
       1368456.7607377793,
       552761.6707843797,
       310
      ],
      [
       1368457.010122306,
       552762.1652040391,
       310
      ],
      [
       1368457.3162971926,
       552762.7866569725,
       310
      ],
      [
       1368457.6792624397,
       552763.5351431802,
       310
      ],
      [
       1368458.0139156638,
       552764.2496516928,
       310
      ],
      [
       1368458.3202568647,
       552764.9301825105,
       310
      ],
      [
       1368458.5982860427,
       552765.5767356332,
       310
      ],
      [
       1368458.8480031977,
       552766.1893110608,
       310
      ],
      [
       1368459.0593430782,
       552766.6827203266,
       310
      ],
      [
       1368459.2323056846,
       552767.0569634305,
       310
      ],
      [
       1368459.3668910163,
       552767.3120403723,
       310
      ],
      [
       1368459.4630990736,
       552767.4479511523,
       310
      ],
      [
       1368459.63551212,
       552767.7370057893,
       310
      ],
      [
       1368459.8841301557,
       552768.179204283,
       310
      ],
      [
       1368460.20895318,
       552768.7745466339,
       310
      ],
      [
       1368460.6099811934,
       552769.5230328415,
       310
      ],
      [
       1368460.964704632,
       552770.2715190493,
       310
      ],
      [
       1368461.2731234957,
       552771.0200052569,
       310
      ],
      [
       1368461.5352377847,
       552771.7684914646,
       310
      ],
      [
       1368461.7510474983,
       552772.5169776722,
       310
      ],
      [
       1368461.9217648895,
       552773.1356077921,
       310
      ],
      [
       1368462.047389958,
       552773.6243818239,
       310
      ],
      [
       1368462.1279227035,
       552773.9832997681,
       310
      ],
      [
       1368462.1633631266,
       552774.2123616243,
       310
      ],
      [
       1368462.219863933,
       552774.5140141044,
       310
      ],
      [
       1368462.297425123,
       552774.8882572082,
       310
      ],
      [
       1368462.396046697,
       552775.3350909358,
       310
      ],
      [
       1368462.5157286546,
       552775.8545152873,
       310
      ],
      [
       1368462.6912173983,
       552776.4312051028,
       310
      ],
      [
       1368462.9225129276,
       552777.0651603823,
       310
      ],
      [
       1368463.2096152431,
       552777.7563811259,
       310
      ],
      [
       1368463.5525243445,
       552778.5048673336,
       310
      ],
      [
       1368463.876139117,
       552779.2533535413,
       310
      ],
      [
       1368464.1804595604,
       552780.0018397488,
       310
      ],
      [
       1368464.4654856743,
       552780.7503259566,
       310
      ],
      [
       1368464.7312174593,
       552781.4988121642,
       310
      ],
      [
       1368464.9355571386,
       552782.0693573086,
       310
      ],
      [
       1368465.0785047133,
       552782.4619613898,
       310
      ],
      [
       1368465.1600601822,
       552782.6766244075,
       310
      ],
      [
       1368465.180223546,
       552782.7133463621,
       310
      ],
      [
       1368465.3400206612,
       552782.9188288912,
       310
      ],
      [
       1368465.639451528,
       552783.293071995,
       310
      ],
      [
       1368466.078516146,
       552783.8360756736,
       310
      ],
      [
       1368466.6572145156,
       552784.5478399267,
       310
      ],
      [
       1368467.1336852524,
       552785.131778701,
       310
      ],
      [
       1368467.5079283563,
       552785.5878919964,
       310
      ],
      [
       1368467.7799438273,
       552785.9161798129,
       310
      ],
      [
       1368467.949731665,
       552786.1166421504,
       310
      ],
      [
       1368468.1845047094,
       552786.4039948711,
       310
      ],
      [
       1368468.4842629605,
       552786.778237975,
       310
      ],
      [
       1368468.849006418,
       552787.2393714619,
       310
      ],
      [
       1368469.278735082,
       552787.787395332,
       310
      ],
      [
       1368469.6807209658,
       552788.3779283904,
       310
      ],
      [
       1368470.0549640695,
       552789.0109706374,
       310
      ],
      [
       1368470.4014643934,
       552789.6865220729,
       310
      ],
      [
       1368470.7202219372,
       552790.4045826967,
       310
      ],
      [
       1368470.9630799722,
       552790.9507345606,
       310
      ],
      [
       1368471.1300384982,
       552791.3249776645,
       310
      ],
      [
       1368471.2210975154,
       552791.5273120083,
       310
      ],
      [
       1368471.2362570236,
       552791.557737592,
       310
      ],
      [
       1368471.284788336,
       552791.7676783318,
       310
      ],
      [
       1368471.366691452,
       552792.1571342277,
       310
      ],
      [
       1368471.481966372,
       552792.7261052793,
       310
      ],
      [
       1368471.6306130963,
       552793.474591487,
       310
      ],
      [
       1368471.749100634,
       552794.2230776947,
       310
      ],
      [
       1368471.8374289852,
       552794.9715639022,
       310
      ],
      [
       1368471.89559815,
       552795.72005011,
       310
      ],
      [
       1368471.9236081287,
       552796.4685363176,
       310
      ],
      [
       1368471.9261148814,
       552797.2170225254,
       310
      ],
      [
       1368471.9031184083,
       552797.965508733,
       310
      ],
      [
       1368471.854618709,
       552798.7139949406,
       310
      ],
      [
       1368471.7806157838,
       552799.4624811483,
       310
      ],
      [
       1368471.6956602684,
       552800.1633039298,
       310
      ],
      [
       1368471.599752163,
       552800.8164632851,
       310
      ],
      [
       1368471.4928914674,
       552801.4219592144,
       310
      ],
      [
       1368471.3750781817,
       552801.9797917174,
       310
      ],
      [
       1368471.2768953235,
       552802.4458295209,
       310
      ],
      [
       1368471.1983428935,
       552802.8200726246,
       310
      ],
      [
       1368471.139420891,
       552803.1025210288,
       310
      ],
      [
       1368471.1001293163,
       552803.2931747336,
       310
      ],
      [
       1368471.0456319586,
       552803.623286564,
       310
      ],
      [
       1368470.9759288179,
       552804.0928565201,
       310
      ],
      [
       1368470.891019894,
       552804.701884602,
       310
      ],
      [
       1368470.7909051871,
       552805.4503708098,
       310
      ],
      [
       1368470.7348625094,
       552806.1988570174,
       310
      ],
      [
       1368470.7228918609,
       552806.947343225,
       310
      ],
      [
       1368470.7549932415,
       552807.6958294327,
       310
      ],
      [
       1368470.831166651,
       552808.4443156404,
       310
      ],
      [
       1368470.9041049264,
       552809.0582136794,
       310
      ],
      [
       1368470.9738080672,
       552809.5375235495,
       310
      ],
      [
       1368471.0402760734,
       552809.8822452512,
       310
      ],
      [
       1368471.1035089453,
       552810.0923787842,
       310
      ],
      [
       1368471.2218450354,
       552810.3845671025,
       310
      ],
      [
       1368471.3952843437,
       552810.7588102063,
       310
      ],
      [
       1368471.6238268707,
       552811.2151080957,
       310
      ],
      [
       1368471.9074726158,
       552811.7534607704,
       310
      ],
      [
       1368472.2220065778,
       552812.3443468283,
       310
      ],
      [
       1368472.5674287565,
       552812.9877662696,
       310
      ],
      [
       1368472.9437391518,
       552813.683719094,
       310
      ],
      [
       1368473.350937764,
       552814.4322053017,
       310
      ],
      [
       1368473.6707471856,
       552815.1362197626,
       310
      ],
      [
       1368473.9031674168,
       552815.7957624771,
       310
      ],
      [
       1368474.0481984576,
       552816.4108334447,
       310
      ],
      [
       1368474.105840308,
       552816.9814326657,
       310
      ],
      [
       1368474.1590277953,
       552817.4538538281,
       310
      ],
      [
       1368474.2077609194,
       552817.828096932,
       310
      ],
      [
       1368474.2520396805,
       552818.1041619773,
       310
      ],
      [
       1368474.2918640785,
       552818.2820489639,
       310
      ],
      [
       1368474.3117762774,
       552818.6018222392,
       310
      ],
      [
       1368474.3117762774,
       552819.063481803,
       310
      ],
      [
       1368474.2918640783,
       552819.6670276556,
       310
      ],
      [
       1368474.2520396805,
       552820.4124597968,
       310
      ],
      [
       1368474.222147213,
       552820.9722974193,
       310
      ],
      [
       1368474.202186676,
       552821.346540523,
       310
      ],
      [
       1368474.1921580697,
       552821.5351891082,
       310
      ],
      [
       1368474.192061394,
       552821.5382431748,
       310
      ],
      [
       1368474.192013056,
       552821.5406186335,
       310
      ],
      [
       1368474.1920130563,
       552821.5423154843,
       310
      ],
      [
       1368474.1920613942,
       552821.5433337273,
       310
      ],
      [
       1368474.1921580697,
       552821.5436733624,
       310
      ],
      [
       1368474.3009441323,
       552821.7309647319,
       310
      ],
      [
       1368474.5184195817,
       552822.1052078356,
       310
      ],
      [
       1368474.8445844178,
       552822.6664026738,
       310
      ],
      [
       1368475.2794386405,
       552823.4145492464,
       310
      ],
      [
       1368475.6839873036,
       552824.126742848,
       310
      ],
      [
       1368476.0582304075,
       552824.8029834782,
       310
      ],
      [
       1368476.402167952,
       552825.4432711374,
       310
      ],
      [
       1368476.7157999368,
       552826.0476058256,
       310
      ],
      [
       1368476.9804460395,
       552826.5368947216,
       310
      ],
      [
       1368477.1961062597,
       552826.9111378253,
       310
      ],
      [
       1368477.362780598,
       552827.170335137,
       310
      ],
      [
       1368477.4804690536,
       552827.3144866567,
       310
      ],
      [
       1368477.7264348334,
       552827.4698247339,
       310
      ],
      [
       1368478.1006779373,
       552827.6363493686,
       310
      ],
      [
       1368478.603198365,
       552827.8140605609,
       310
      ],
      [
       1368479.233996117,
       552828.0029583108,
       310
      ],
      [
       1368479.8942159829,
       552828.1842219942,
       310
      ],
      [
       1368480.5838579626,
       552828.3578516115,
       310
      ],
      [
       1368481.3029220565,
       552828.5238471621,
       310
      ],
      [
       1368482.0514082639,
       552828.6822086466,
       310
      ],
      [
       1368482.7998944717,
       552828.8389688344,
       310
      ],
      [
       1368483.5483806795,
       552828.9941277257,
       310
      ],
      [
       1368484.2968668872,
       552829.1476853206,
       310
      ],
      [
       1368485.0453530946,
       552829.2996416189,
       310
      ],
      [
       1368485.7938393024,
       552829.450144,
       310
      ],
      [
       1368486.5423255102,
       552829.5991924639,
       310
      ],
      [
       1368487.290811718,
       552829.7467870106,
       310
      ],
      [
       1368488.0392979253,
       552829.8929276401,
       310
      ],
      [
       1368488.772110344,
       552830.0283156235,
       310
      ],
      [
       1368489.4892489729,
       552830.1529509611,
       310
      ],
      [
       1368490.1907138128,
       552830.2668336526,
       310
      ],
      [
       1368490.8765048634,
       552830.3699636982,
       310
      ],
      [
       1368491.4065219406,
       552830.44817679,
       310
      ],
      [
       1368491.7807650445,
       552830.5014729281,
       310
      ],
      [
       1368491.9992341748,
       552830.5298521123,
       310
      ],
      [
       1368492.0619293319,
       552830.5333143427,
       310
      ],
      [
       1368492.2960722516,
       552830.5455174603,
       310
      ],
      [
       1368492.7016629342,
       552830.566461465,
       310
      ],
      [
       1368493.2787013792,
       552830.5961463567,
       310
      ],
      [
       1368494.0271875865,
       552830.6345721355,
       310
      ],
      [
       1368494.775673794,
       552830.6694714851,
       310
      ],
      [
       1368495.524160002,
       552830.7008444053,
       310
      ],
      [
       1368496.2726462097,
       552830.7286908964,
       310
      ],
      [
       1368497.0211324175,
       552830.7530109584,
       310
      ],
      [
       1368497.7696186253,
       552830.763456099,
       310
      ],
      [
       1368498.518104833,
       552830.7600263185,
       310
      ],
      [
       1368499.2665910407,
       552830.7427216168,
       310
      ],
      [
       1368500.015077248,
       552830.7115419938,
       310
      ],
      [
       1368500.7064996208,
       552830.6794001646,
       310
      ],
      [
       1368501.3408581591,
       552830.6462961291,
       310
      ],
      [
       1368501.9181528625,
       552830.6122298872,
       310
      ],
      [
       1368502.4383837308,
       552830.5772014388,
       310
      ],
      [
       1368502.885620717,
       552830.5432545687,
       310
      ],
      [
       1368503.2598638209,
       552830.5103892764,
       310
      ],
      [
       1368503.5611130423,
       552830.4786055622,
       310
      ],
      [
       1368503.7893683813,
       552830.4479034261,
       310
      ],
      [
       1368504.1476814377,
       552830.4023377392,
       310
      ],
      [
       1368504.6360522113,
       552830.3419085016,
       310
      ],
      [
       1368505.2544807019,
       552830.2666157134,
       310
      ],
      [
       1368506.0029669092,
       552830.1764593744,
       310
      ],
      [
       1368506.751453117,
       552830.1168228921,
       310
      ],
      [
       1368507.4999393248,
       552830.0877062662,
       310
      ],
      [
       1368508.2484255326,
       552830.0891094971,
       310
      ],
      [
       1368508.99691174,
       552830.1210325846,
       310
      ],
      [
       1368509.7453979477,
       552830.1595764591,
       310
      ],
      [
       1368510.4938841555,
       552830.2047411206,
       310
      ],
      [
       1368511.2423703633,
       552830.2565265691,
       310
      ],
      [
       1368511.9908565707,
       552830.3149328048,
       310
      ],
      [
       1368512.7393427785,
       552830.3579158353,
       310
      ],
      [
       1368513.4878289863,
       552830.3854756609,
       310
      ],
      [
       1368514.236315194,
       552830.3976122816,
       310
      ],
      [
       1368514.9848014014,
       552830.3943256974,
       310
      ],
      [
       1368515.7332876092,
       552830.3789649234,
       310
      ],
      [
       1368516.4817738167,
       552830.3515299596,
       310
      ],
      [
       1368517.2302600243,
       552830.3120208061,
       310
      ],
      [
       1368517.978746232,
       552830.2604374627,
       310
      ],
      [
       1368518.72723244,
       552830.1975592761,
       310
      ],
      [
       1368519.4757186477,
       552830.1233862459,
       310
      ],
      [
       1368520.2242048553,
       552830.0379183725,
       310
      ],
      [
       1368520.9726910626,
       552829.9411556557,
       310
      ],
      [
       1368521.7211772702,
       552829.8297709043,
       310
      ],
      [
       1368522.469663478,
       552829.7037641185,
       310
      ],
      [
       1368523.2181496858,
       552829.5631352982,
       310
      ],
      [
       1368523.9666358936,
       552829.4078844434,
       310
      ],
      [
       1368524.7151221014,
       552829.2550645017,
       310
      ],
      [
       1368525.4636083092,
       552829.104675473,
       310
      ],
      [
       1368526.2120945167,
       552828.9567173574,
       310
      ],
      [
       1368526.960580724,
       552828.811190155,
       310
      ],
      [
       1368527.7090669316,
       552828.6775923147,
       310
      ],
      [
       1368528.4575531394,
       552828.5559238364,
       310
      ],
      [
       1368529.2060393472,
       552828.4461847205,
       310
      ],
      [
       1368529.954525555,
       552828.3483749669,
       310
      ],
      [
       1368530.7030117628,
       552828.2524515557,
       310
      ],
      [
       1368531.4514979701,
       552828.158414487,
       310
      ],
      [
       1368532.199984178,
       552828.066263761,
       310
      ],
      [
       1368532.9484703855,
       552827.9759993776,
       310
      ],
      [
       1368533.696956593,
       552827.911413758,
       310
      ],
      [
       1368534.4454428009,
       552827.8725069023,
       310
      ],
      [
       1368535.1939290087,
       552827.8592788106,
       310
      ],
      [
       1368535.942415216,
       552827.8717294825,
       310
      ],
      [
       1368536.6909014238,
       552827.8926369263,
       310
      ],
      [
       1368537.4393876316,
       552827.9220011415,
       310
      ],
      [
       1368538.1878738394,
       552827.9598221282,
       310
      ],
      [
       1368538.9363600467,
       552828.0060998865,
       310
      ],
      [
       1368539.6848462545,
       552828.0535786621,
       310
      ],
      [
       1368540.4333324623,
       552828.1022584552,
       310
      ],
      [
       1368541.1818186701,
       552828.1521392657,
       310
      ],
      [
       1368541.9303048775,
       552828.2032210933,
       310
      ],
      [
       1368542.6787910853,
       552828.2484358887,
       310
      ],
      [
       1368543.427277293,
       552828.2877836518,
       310
      ],
      [
       1368544.1757635009,
       552828.3212643827,
       310
      ],
      [
       1368544.9242497082,
       552828.348878081,
       310
      ],
      [
       1368545.672735916,
       552828.3500019885,
       310
      ],
      [
       1368546.4212221238,
       552828.3246361047,
       310
      ],
      [
       1368547.1697083313,
       552828.2727804302,
       310
      ],
      [
       1368547.918194539,
       552828.1944349646,
       310
      ],
      [
       1368548.6666807467,
       552828.1039956749,
       310
      ],
      [
       1368549.415166954,
       552828.0014625613,
       310
      ],
      [
       1368550.1636531618,
       552827.8868356235,
       310
      ],
      [
       1368550.9121393696,
       552827.7601148619,
       310
      ],
      [
       1368551.490895244,
       552827.662616804,
       310
      ],
      [
       1368551.899920785,
       552827.5943414504,
       310
      ],
      [
       1368552.1392159928,
       552827.5552888005,
       310
      ],
      [
       1368552.2087808675,
       552827.5454588546,
       310
      ],
      [
       1368552.4306848566,
       552827.5011360706,
       310
      ],
      [
       1368552.8049279605,
       552827.4223204486,
       310
      ],
      [
       1368553.331510179,
       552827.3090119882,
       310
      ],
      [
       1368554.010431512,
       552827.1612106897,
       310
      ],
      [
       1368554.7067440636,
       552827.0308993892,
       310
      ],
      [
       1368555.4204478343,
       552826.9180780865,
       310
      ],
      [
       1368556.1515428233,
       552826.8227467817,
       310
      ],
      [
       1368556.900029031,
       552826.744905475,
       310
      ],
      [
       1368557.648515239,
       552826.6862368222,
       310
      ],
      [
       1368558.3970014467,
       552826.6467408235,
       310
      ],
      [
       1368559.1454876543,
       552826.6264174789,
       310
      ],
      [
       1368559.8939738616,
       552826.6252667884,
       310
      ],
      [
       1368560.6424600692,
       552826.6181904702,
       310
      ],
      [
       1368561.390946277,
       552826.6051885241,
       310
      ],
      [
       1368562.1394324847,
       552826.5862609503,
       310
      ],
      [
       1368562.8879186925,
       552826.5614077485,
       310
      ],
      [
       1368563.6364049,
       552826.5194789988,
       310
      ],
      [
       1368564.3848911077,
       552826.4604747014,
       310
      ],
      [
       1368565.1333773155,
       552826.3843948557,
       310
      ],
      [
       1368565.8818635228,
       552826.2912394622,
       310
      ],
      [
       1368566.6303497306,
       552826.2049922403,
       310
      ],
      [
       1368567.3788359384,
       552826.1256531903,
       310
      ],
      [
       1368568.1273221462,
       552826.0532223119,
       310
      ],
      [
       1368568.8758083535,
       552825.9876996055,
       310
      ],
      [
       1368569.6242945613,
       552825.9168186842,
       310
      ],
      [
       1368570.3727807691,
       552825.8405795482,
       310
      ],
      [
       1368571.121266977,
       552825.7589821974,
       310
      ],
      [
       1368571.8697531843,
       552825.6720266321,
       310
      ],
      [
       1368572.618239392,
       552825.5885404514,
       310
      ],
      [
       1368573.3667255999,
       552825.5085236551,
       310
      ],
      [
       1368574.1152118077,
       552825.4319762436,
       310
      ],
      [
       1368574.863698015,
       552825.3588982169,
       310
      ],
      [
       1368575.6121842228,
       552825.2805181874,
       310
      ],
      [
       1368576.3606704304,
       552825.1968361558,
       310
      ],
      [
       1368577.109156638,
       552825.1078521216,
       310
      ],
      [
       1368577.8576428457,
       552825.0135660849,
       310
      ],
      [
       1368578.5626053477,
       552824.921891062,
       310
      ],
      [
       1368579.2240441442,
       552824.8328270533,
       310
      ],
      [
       1368579.8419592348,
       552824.7463740582,
       310
      ],
      [
       1368580.4163506199,
       552824.662532077,
       310
      ],
      [
       1368580.8906678644,
       552824.5904684765,
       310
      ],
      [
       1368581.2649109683,
       552824.5301832566,
       310
      ],
      [
       1368581.5390799313,
       552824.4816764173,
       310
      ],
      [
       1368581.713174754,
       552824.4449479586,
       310
      ],
      [
       1368582.030867423,
       552824.3909152661,
       310
      ],
      [
       1368582.492157938,
       552824.31957834,
       310
      ],
      [
       1368583.0970462994,
       552824.2309371801,
       310
      ],
      [
       1368583.8455325072,
       552824.1249917865,
       310
      ],
      [
       1368584.594018715,
       552824.0381137647,
       310
      ],
      [
       1368585.3425049228,
       552823.970303115,
       310
      ],
      [
       1368586.0909911303,
       552823.921559837,
       310
      ],
      [
       1368586.8394773377,
       552823.891883931,
       310
      ],
      [
       1368587.5879635452,
       552823.8660570427,
       310
      ],
      [
       1368588.336449753,
       552823.844079172,
       310
      ],
      [
       1368589.0849359608,
       552823.825950319,
       310
      ],
      [
       1368589.8334221686,
       552823.8116704836,
       310
      ],
      [
       1368590.5819083764,
       552823.7798266215,
       310
      ],
      [
       1368591.3303945838,
       552823.7304187329,
       310
      ],
      [
       1368592.0788807916,
       552823.6634468175,
       310
      ],
      [
       1368592.8273669991,
       552823.5789108756,
       310
      ],
      [
       1368593.5758532067,
       552823.462503894,
       310
      ],
      [
       1368594.3243394145,
       552823.3142258727,
       310
      ],
      [
       1368595.0728256223,
       552823.1340768121,
       310
      ],
      [
       1368595.8213118296,
       552822.9220567116,
       310
      ],
      [
       1368596.564425223,
       552822.6967164935,
       310
      ],
      [
       1368597.302165802,
       552822.4580561575,
       310
      ],
      [
       1368598.0345335668,
       552822.2060757036,
       310
      ],
      [
       1368598.761528517,
       552821.940775132,
       310
      ],
      [
       1368599.3121475438,
       552821.7389743068,
       310
      ],
      [
       1368599.6863906477,
       552821.6006732283,
       310
      ],
      [
       1368599.8842578284,
       552821.5258718961,
       310
      ],
      [
       1368599.9057490858,
       552821.5145703105,
       310
      ],
      [
       1368600.1089890809,
       552821.4601124004,
       310
      ],
      [
       1368600.4939778135,
       552821.3624981656,
       310
      ],
      [
       1368601.0607152837,
       552821.2217276064,
       310
      ],
      [
       1368601.809201491,
       552821.0378007225,
       310
      ],
      [
       1368602.5576876989,
       552820.8836490698,
       310
      ],
      [
       1368603.3061739067,
       552820.7592726483,
       310
      ],
      [
       1368604.0546601145,
       552820.6646714576,
       310
      ],
      [
       1368604.8031463218,
       552820.5998454979,
       310
      ],
      [
       1368605.5516325296,
       552820.5430186171,
       310
      ],
      [
       1368606.3001187374,
       552820.4941908149,
       310
      ],
      [
       1368607.048604945,
       552820.4533620914,
       310
      ],
      [
       1368607.7970911525,
       552820.4205324468,
       310
      ],
      [
       1368608.5455773603,
       552820.3834937107,
       310
      ],
      [
       1368609.2940635676,
       552820.342245883,
       310
      ],
      [
       1368610.0425497754,
       552820.296788964,
       310
      ],
      [
       1368610.7910359832,
       552820.2471229536,
       310
      ],
      [
       1368611.539522191,
       552820.1830704608,
       310
      ],
      [
       1368612.2880083988,
       552820.1046314857,
       310
      ],
      [
       1368613.0364946064,
       552820.011806028,
       310
      ],
      [
       1368613.7849808137,
       552819.9045940879,
       310
      ],
      [
       1368614.5334670213,
       552819.8121233528,
       310
      ],
      [
       1368615.281953229,
       552819.7343938226,
       310
      ],
      [
       1368616.030439437,
       552819.6714054974,
       310
      ],
      [
       1368616.7789256447,
       552819.6231583771,
       310
      ],
      [
       1368617.5274118525,
       552819.5927332579,
       310
      ],
      [
       1368618.2758980603,
       552819.58013014,
       310
      ],
      [
       1368619.0243842679,
       552819.585349023,
       310
      ],
      [
       1368619.7728704752,
       552819.6083899072,
       310
      ],
      [
       1368620.5213566828,
       552819.6135781794,
       310
      ],
      [
       1368621.2698428906,
       552819.6009138396,
       310
      ],
      [
       1368622.0183290984,
       552819.570396888,
       310
      ],
      [
       1368622.7668153062,
       552819.5220273243,
       310
      ],
      [
       1368623.5037725596,
       552819.4294630557,
       310
      ],
      [
       1368624.2292008586,
       552819.292704082,
       310
      ],
      [
       1368624.9431002038,
       552819.1117504033,
       310
      ],
      [
       1368625.645470595,
       552818.8866020195,
       310
      ],
      [
       1368626.1837773426,
       552818.7117929689,
       310
      ],
      [
       1368626.5580204464,
       552818.5873232512,
       310
      ],
      [
       1368626.7681999067,
       552818.5131928667,
       310
      ],
      [
       1368626.8143157233,
       552818.4894018155,
       310
      ],
      [
       1368627.0360241376,
       552818.3699555343,
       310
      ],
      [
       1368627.4333251498,
       552818.1548540237,
       310
      ],
      [
       1368628.0062187598,
       552817.8440972834,
       310
      ],
      [
       1368628.7547049671,
       552817.4376853135,
       310
      ],
      [
       1368629.503191175,
       552817.0534673423,
       310
      ],
      [
       1368630.2516773827,
       552816.6914433697,
       310
      ],
      [
       1368631.0001635905,
       552816.3516133957,
       310
      ],
      [
       1368631.7486497979,
       552816.0339774203,
       310
      ],
      [
       1368632.310388284,
       552815.7955886361,
       310
      ],
      [
       1368632.6853790488,
       552815.6364470429,
       310
      ],
      [
       1368632.8736220917,
       552815.5565526409,
       310
      ],
      [
       1368632.8751174132,
       552815.5559054296,
       310
      ],
      [
       1368633.0629866258,
       552815.4378110169,
       310
      ],
      [
       1368633.4372297297,
       552815.2022694026,
       310
      ],
      [
       1368633.9978467247,
       552814.8492805863,
       310
      ],
      [
       1368634.744837611,
       552814.3788445685,
       310
      ],
      [
       1368635.4802635843,
       552813.9565050076,
       310
      ],
      [
       1368636.2041246446,
       552813.5822619039,
       310
      ],
      [
       1368636.9164207922,
       552813.256115257,
       310
      ],
      [
       1368637.6171520266,
       552812.9780650672,
       310
      ],
      [
       1368638.1546391957,
       552812.76257596,
       310
      ],
      [
       1368638.5288822995,
       552812.6096479357,
       310
      ],
      [
       1368638.739881338,
       552812.519280994,
       310
      ],
      [
       1368638.7876363113,
       552812.491475135,
       310
      ],
      [
       1368639.010574093,
       552812.4147299343,
       310
      ],
      [
       1368639.4086946836,
       552812.289045392,
       310
      ],
      [
       1368639.9819980825,
       552812.114421508,
       310
      ],
      [
       1368640.7304842898,
       552811.8908582825,
       310
      ],
      [
       1368641.4789704974,
       552811.726173655,
       310
      ],
      [
       1368642.2274567052,
       552811.6203676257,
       310
      ],
      [
       1368642.975942913,
       552811.5734401945,
       310
      ],
      [
       1368643.7244291208,
       552811.5853913614,
       310
      ],
      [
       1368644.4729153286,
       552811.607633516,
       310
      ],
      [
       1368645.2214015364,
       552811.640166658,
       310
      ],
      [
       1368645.969887744,
       552811.6829907878,
       310
      ],
      [
       1368646.7183739513,
       552811.7361059051,
       310
      ],
      [
       1368647.4668601588,
       552811.7559899514,
       310
      ],
      [
       1368648.2153463666,
       552811.7426429266,
       310
      ],
      [
       1368648.9638325744,
       552811.6960648308,
       310
      ],
      [
       1368649.7123187822,
       552811.6162556638,
       310
      ],
      [
       1368650.4608049898,
       552811.5016335743,
       310
      ],
      [
       1368651.2092911974,
       552811.3521985621,
       310
      ],
      [
       1368651.9577774052,
       552811.1679506274,
       310
      ],
      [
       1368652.7062636125,
       552810.9488897701,
       310
      ],
      [
       1368653.4547498203,
       552810.7275960898,
       310
      ],
      [
       1368654.203236028,
       552810.5040695865,
       310
      ],
      [
       1368654.951722236,
       552810.2783102604,
       310
      ],
      [
       1368655.7002084432,
       552810.0503181111,
       310
      ],
      [
       1368656.3214260938,
       552809.8704936907,
       310
      ],
      [
       1368656.815375187,
       552809.7388369993,
       310
      ],
      [
       1368657.182055723,
       552809.6553480366,
       310
      ],
      [
       1368657.4214677017,
       552809.6200268025,
       310
      ],
      [
       1368657.7282952429,
       552809.5723309767,
       310
      ],
      [
       1368658.1025383468,
       552809.5122605589,
       310
      ],
      [
       1368658.5441970131,
       552809.4398155491,
       310
      ],
      [
       1368659.0532712422,
       552809.3549959473,
       310
      ],
      [
       1368659.6221984657,
       552809.2743451549,
       310
      ],
      [
       1368660.2509786843,
       552809.1978631718,
       310
      ],
      [
       1368660.9396118973,
       552809.1255499981,
       310
      ],
      [
       1368661.6880981047,
       552809.0574056337,
       310
      ],
      [
       1368662.4365843125,
       552809.0029986498,
       310
      ],
      [
       1368663.18507052,
       552808.9623290463,
       310
      ],
      [
       1368663.9335567276,
       552808.9353968232,
       310
      ],
      [
       1368664.6820429354,
       552808.9222019805,
       310
      ],
      [
       1368665.4305291432,
       552808.920841265,
       310
      ],
      [
       1368666.179015351,
       552808.931314677,
       310
      ],
      [
       1368666.9275015586,
       552808.9536222164,
       310
      ],
      [
       1368667.675987766,
       552808.9877638831,
       310
      ],
      [
       1368668.3794654661,
       552809.0463744187,
       310
      ],
      [
       1368669.0379346588,
       552809.1294538231,
       310
      ],
      [
       1368669.651395344,
       552809.2370020964,
       310
      ],
      [
       1368670.2198475217,
       552809.3690192385,
       310
      ],
      [
       1368670.6911951625,
       552809.4780078878,
       310
      ],
      [
       1368671.0654382661,
       552809.5639680444,
       310
      ],
      [
       1368671.342576833,
       552809.6268997081,
       310
      ],
      [
       1368671.5226108632,
       552809.666802879,
       310
      ],
      [
       1368671.8447579378,
       552809.7082468814,
       310
      ],
      [
       1368672.3090180568,
       552809.7512317154,
       310
      ],
      [
       1368672.91539122,
       552809.7957573812,
       310
      ],
      [
       1368673.6638774273,
       552809.8418238789,
       310
      ],
      [
       1368674.283781881,
       552809.8548813349,
       310
      ],
      [
       1368674.775104581,
       552809.8349297495,
       310
      ],
      [
       1368675.137845527,
       552809.7819691226,
       310
      ],
      [
       1368675.372004719,
       552809.6959994542,
       310
      ],
      [
       1368675.6762058667,
       552809.5395399409,
       310
      ],
      [
       1368676.0504489704,
       552809.3125905828,
       310
      ],
      [
       1368676.4947340302,
       552809.0151513794,
       310
      ],
      [
       1368677.0090610462,
       552808.6472223313,
       310
      ],
      [
       1368677.4435966727,
       552808.2761362551,
       310
      ],
      [
       1368677.7983409099,
       552807.9018931512,
       310
      ],
      [
       1368678.073293758,
       552807.5244930197,
       310
      ],
      [
       1368678.2684552167,
       552807.1439358603,
       310
      ],
      [
       1368678.505633548,
       552806.6713964387,
       310
      ],
      [
       1368678.7848287509,
       552806.1068747552,
       310
      ],
      [
       1368679.1060408263,
       552805.4503708096,
       310
      ],
      [
       1368679.469269774,
       552804.701884602,
       310
      ],
      [
       1368679.7892154348,
       552804.0446871336,
       310
      ],
      [
       1368680.0658778094,
       552803.4787784046,
       310
      ],
      [
       1368680.299256897,
       552803.0041584149,
       310
      ],
      [
       1368680.4893526984,
       552802.6208271645,
       310
      ],
      [
       1368680.6598581579,
       552802.2420399874,
       310
      ],
      [
       1368680.810773276,
       552801.8677968836,
       310
      ],
      [
       1368680.9420980522,
       552801.498097853,
       310
      ],
      [
       1368681.053832487,
       552801.1329428956,
       310
      ],
      [
       1368681.1945714897,
       552800.6719551258,
       310
      ],
      [
       1368681.3643150604,
       552800.1151345434,
       310
      ],
      [
       1368681.5630631994,
       552799.4624811483,
       310
      ],
      [
       1368681.790815906,
       552798.7139949405,
       310
      ],
      [
       1368682.0162220062,
       552797.9655087328,
       310
      ],
      [
       1368682.2392815002,
       552797.2170225253,
       310
      ],
      [
       1368682.4599943873,
       552796.4685363176,
       310
      ],
      [
       1368682.6783606682,
       552795.7200501099,
       310
      ],
      [
       1368682.8862400611,
       552794.9715639022,
       310
      ],
      [
       1368683.0836325663,
       552794.2230776947,
       310
      ],
      [
       1368683.2705381839,
       552793.4745914869,
       310
      ],
      [
       1368683.4469569135,
       552792.7261052793,
       310
      ],
      [
       1368683.5828244747,
       552792.1334552453,
       310
      ],
      [
       1368683.6781408675,
       552791.6966413849,
       310
      ],
      [
       1368683.7329060915,
       552791.4156636982,
       310
      ],
      [
       1368683.7471201476,
       552791.2905221852,
       310
      ],
      [
       1368683.7705959766,
       552791.0408298767,
       310
      ],
      [
       1368683.8033335786,
       552790.666586773,
       310
      ],
      [
       1368683.8453329543,
       552790.1677928737,
       310
      ],
      [
       1368683.8965941032,
       552789.5444481791,
       310
      ],
      [
       1368683.9376659563,
       552788.8898181062,
       310
      ],
      [
       1368683.9685485135,
       552788.2039026549,
       310
      ],
      [
       1368683.9892417751,
       552787.4867018255,
       310
      ],
      [
       1368683.9997457408,
       552786.738215618,
       310
      ],
      [
       1368684.0070972345,
       552785.9897294103,
       310
      ],
      [
       1368684.011296256,
       552785.2412432025,
       310
      ],
      [
       1368684.0123428053,
       552784.4927569949,
       310
      ],
      [
       1368684.0102368824,
       552783.7442707872,
       310
      ],
      [
       1368684.014140174,
       552782.9957845795,
       310
      ],
      [
       1368684.0240526802,
       552782.247298372,
       310
      ],
      [
       1368684.039974401,
       552781.4988121642,
       310
      ],
      [
       1368684.0619053363,
       552780.7503259566,
       310
      ],
      [
       1368684.0982780738,
       552780.0018397488,
       310
      ],
      [
       1368684.1490926133,
       552779.2533535413,
       310
      ],
      [
       1368684.2143489548,
       552778.5048673335,
       310
      ],
      [
       1368684.2940470986,
       552777.7563811259,
       310
      ],
      [
       1368684.371212029,
       552777.0078949181,
       310
      ],
      [
       1368684.4458437455,
       552776.2594087105,
       310
      ],
      [
       1368684.5179422488,
       552775.5109225028,
       310
      ],
      [
       1368684.5875075385,
       552774.7624362952,
       310
      ],
      [
       1368684.6542601327,
       552774.0139500875,
       310
      ],
      [
       1368684.7182000317,
       552773.2654638799,
       310
      ],
      [
       1368684.779327235,
       552772.5169776722,
       310
      ],
      [
       1368684.837641743,
       552771.7684914644,
       310
      ],
      [
       1368684.8947624124,
       552771.0200052568,
       310
      ],
      [
       1368684.9506892436,
       552770.2715190492,
       310
      ],
      [
       1368685.0054222364,
       552769.5230328415,
       310
      ],
      [
       1368685.0589613908,
       552768.7745466338,
       310
      ],
      [
       1368685.1104678395,
       552768.0260604261,
       310
      ],
      [
       1368685.159941583,
       552767.2775742186,
       310
      ],
      [
       1368685.2073826203,
       552766.5290880108,
       310
      ],
      [
       1368685.252790952,
       552765.7806018032,
       310
      ],
      [
       1368685.2983368954,
       552765.0321155954,
       310
      ],
      [
       1368685.34402045,
       552764.2836293878,
       310
      ],
      [
       1368685.3898416157,
       552763.53514318,
       310
      ],
      [
       1368685.4358003929,
       552762.7866569725,
       310
      ],
      [
       1368685.4836030002,
       552762.0381707647,
       310
      ],
      [
       1368685.5332494373,
       552761.2896845571,
       310
      ],
      [
       1368685.5847397048,
       552760.5411983494,
       310
      ],
      [
       1368685.6380738025,
       552759.7927121418,
       310
      ],
      [
       1368685.6885175596,
       552759.0442259342,
       310
      ],
      [
       1368685.736070976,
       552758.2957397264,
       310
      ],
      [
       1368685.7807340515,
       552757.5472535187,
       310
      ],
      [
       1368685.8225067866,
       552756.7987673111,
       310
      ],
      [
       1368685.8463987305,
       552756.0502811035,
       310
      ],
      [
       1368685.8524098836,
       552755.3017948957,
       310
      ],
      [
       1368685.8405402456,
       552754.5533086881,
       310
      ],
      [
       1368685.810789817,
       552753.8048224804,
       310
      ],
      [
       1368685.756808975,
       552753.0563362727,
       310
      ],
      [
       1368685.67859772,
       552752.3078500652,
       310
      ],
      [
       1368685.576156052,
       552751.5593638574,
       310
      ],
      [
       1368685.4494839709,
       552750.8108776498,
       310
      ],
      [
       1368685.3217530097,
       552750.062391442,
       310
      ],
      [
       1368685.192963169,
       552749.3139052344,
       310
      ],
      [
       1368685.063114448,
       552748.5654190267,
       310
      ],
      [
       1368684.9322068472,
       552747.8169328191,
       310
      ],
      [
       1368684.810206563,
       552747.0684466113,
       310
      ],
      [
       1368684.6971135952,
       552746.3199604037,
       310
      ],
      [
       1368684.592927944,
       552745.571474196,
       310
      ],
      [
       1368684.497649609,
       552744.8229879884,
       310
      ],
      [
       1368684.4151049177,
       552744.0745017807,
       310
      ],
      [
       1368684.3452938702,
       552743.3260155731,
       310
      ],
      [
       1368684.288216466,
       552742.5775293654,
       310
      ],
      [
       1368684.2438727054,
       552741.8290431576,
       310
      ],
      [
       1368684.2072916972,
       552741.08055695,
       310
      ],
      [
       1368684.178473441,
       552740.3320707424,
       310
      ],
      [
       1368684.1574179372,
       552739.5835845347,
       310
      ],
      [
       1368684.144125186,
       552738.835098327,
       310
      ],
      [
       1368684.1235265061,
       552738.0866121193,
       310
      ],
      [
       1368684.0956218978,
       552737.3381259118,
       310
      ],
      [
       1368684.060411361,
       552736.589639704,
       310
      ],
      [
       1368684.0178948957,
       552735.8411534964,
       310
      ],
      [
       1368683.9744026114,
       552735.1867684899,
       310
      ],
      [
       1368683.929934508,
       552734.6264846848,
       310
      ],
      [
       1368683.8844905854,
       552734.1603020808,
       310
      ],
      [
       1368683.8380708438,
       552733.788220678,
       310
      ],
      [
       1368683.7908652518,
       552733.4150584247,
       310
      ],
      [
       1368683.74287381,
       552733.0408153209,
       310
      ],
      [
       1368683.694096518,
       552732.6654913665,
       310
      ],
      [
       1368683.6445333762,
       552732.2890865615,
       310
      ],
      [
       1368683.5731685658,
       552731.8196614059,
       310
      ],
      [
       1368683.4800020868,
       552731.2572158996,
       310
      ],
      [
       1368683.3650339392,
       552730.6017500426,
       310
      ],
      [
       1368683.2282641234,
       552729.853263835,
       310
      ],
      [
       1368683.079942706,
       552729.1047776274,
       310
      ],
      [
       1368682.920069687,
       552728.3562914196,
       310
      ],
      [
       1368682.7486450667,
       552727.6078052119,
       310
      ],
      [
       1368682.5656688446,
       552726.8593190043,
       310
      ],
      [
       1368682.3660560441,
       552726.1108327967,
       310
      ],
      [
       1368682.1498066643,
       552725.3623465889,
       310
      ],
      [
       1368681.9169207062,
       552724.6138603813,
       310
      ],
      [
       1368681.6673981687,
       552723.8653741736,
       310
      ],
      [
       1368681.4478426431,
       552723.2019952482,
       310
      ],
      [
       1368681.2582541294,
       552722.623723605,
       310
      ],
      [
       1368681.098632627,
       552722.1305592437,
       310
      ],
      [
       1368680.9689781363,
       552721.7225021648,
       310
      ],
      [
       1368680.8408509255,
       552721.3313520735,
       310
      ],
      [
       1368680.7142509953,
       552720.9571089696,
       310
      ],
      [
       1368680.5891783452,
       552720.5997728533,
       310
      ],
      [
       1368680.465632975,
       552720.2593437245,
       310
      ],
      [
       1368680.3284203093,
       552719.816900326,
       310
      ],
      [
       1368680.177540348,
       552719.2724426578,
       310
      ],
      [
       1368680.0129930906,
       552718.6259707198,
       310
      ],
      [
       1368679.8347785373,
       552717.8774845123,
       310
      ],
      [
       1368679.6604356265,
       552717.1289983045,
       310
      ],
      [
       1368679.489964358,
       552716.3805120969,
       310
      ],
      [
       1368679.3233647316,
       552715.6320258892,
       310
      ],
      [
       1368679.1606367473,
       552714.8835396816,
       310
      ],
      [
       1368678.9879607954,
       552714.1350534739,
       310
      ],
      [
       1368678.8053368763,
       552713.3865672663,
       310
      ],
      [
       1368678.6127649895,
       552712.6380810586,
       310
      ],
      [
       1368678.410245135,
       552711.8895948508,
       310
      ],
      [
       1368678.2379856326,
       552711.2519072494,
       310
      ],
      [
       1368678.0959864825,
       552710.7250182544,
       310
      ],
      [
       1368677.9842476845,
       552710.3089278655,
       310
      ],
      [
       1368677.9027692387,
       552710.0036360826,
       310
      ],
      [
       1368677.8018792379,
       552709.6638686394,
       310
      ],
      [
       1368677.681577682,
       552709.2896255357,
       310
      ],
      [
       1368677.5418645712,
       552708.8809067713,
       310
      ],
      [
       1368677.3827399057,
       552708.4377123463,
       310
      ],
      [
       1368677.2045959579,
       552707.9181949757,
       310
      ],
      [
       1368677.0074327278,
       552707.3223546592,
       310
      ],
      [
       1368676.7912502156,
       552706.6501913972,
       310
      ],
      [
       1368676.5560484212,
       552705.9017051896,
       310
      ],
      [
       1368676.3183973343,
       552705.1532189818,
       310
      ],
      [
       1368676.078296955,
       552704.4047327742,
       310
      ],
      [
       1368675.8357472834,
       552703.6562465666,
       310
      ],
      [
       1368675.5907483194,
       552702.9077603589,
       310
      ],
      [
       1368675.3797089006,
       552702.2728110412,
       310
      ],
      [
       1368675.2026290267,
       552701.7513986132,
       310
      ],
      [
       1368675.059508698,
       552701.3435230751,
       310
      ],
      [
       1368674.9503479144,
       552701.0491844267,
       310
      ],
      [
       1368674.8266945954,
       552700.7148935506,
       310
      ],
      [
       1368674.6885487412,
       552700.340650447,
       310
      ],
      [
       1368674.5359103517,
       552699.9264551152,
       310
      ],
      [
       1368674.3687794264,
       552699.4723075558,
       310
      ],
      [
       1368674.144107804,
       552698.9445753343,
       310
      ],
      [
       1368673.861895484,
       552698.3432584507,
       310
      ],
      [
       1368673.5221424664,
       552697.6683569051,
       310
      ],
      [
       1368673.1248487511,
       552696.9198706975,
       310
      ],
      [
       1368672.780863073,
       552696.3053667408,
       310
      ],
      [
       1368672.4901854317,
       552695.8248450352,
       310
      ],
      [
       1368672.2528158273,
       552695.4783055806,
       310
      ],
      [
       1368672.0687542595,
       552695.265748377,
       310
      ],
      [
       1368671.8517820227,
       552694.9723482232,
       310
      ],
      [
       1368671.6018991165,
       552694.5981051193,
       310
      ],
      [
       1368671.3191055409,
       552694.1430190655,
       310
      ],
      [
       1368671.0034012957,
       552693.6070900614,
       310
      ],
      [
       1368670.6584276212,
       552693.0611955798,
       310
      ],
      [
       1368670.2841845173,
       552692.5053356206,
       310
      ],
      [
       1368669.880671984,
       552691.9395101839,
       310
      ],
      [
       1368669.4478900214,
       552691.3637192696,
       310
      ],
      [
       1368669.0946510024,
       552690.8887022606,
       310
      ],
      [
       1368668.8209549272,
       552690.5144591567,
       310
      ],
      [
       1368668.6268017958,
       552690.240989958,
       310
      ],
      [
       1368668.512191608,
       552690.0682946647,
       310
      ],
      [
       1368668.3455285714,
       552689.7516516427,
       310
      ],
      [
       1368668.1268126862,
       552689.2910608922,
       310
      ],
      [
       1368667.8560439518,
       552688.6865224132,
       310
      ],
      [
       1368667.5332223687,
       552687.9380362055,
       310
      ],
      [
       1368667.2403148743,
       552687.1895499978,
       310
      ],
      [
       1368666.9773214685,
       552686.4410637902,
       310
      ],
      [
       1368666.7442421515,
       552685.6925775826,
       310
      ],
      [
       1368666.541076923,
       552684.9440913748,
       310
      ],
      [
       1368666.3617306994,
       552684.3078739259,
       310
      ],
      [
       1368666.2062034812,
       552683.7839252356,
       310
      ],
      [
       1368666.0744952678,
       552683.3722453042,
       310
      ],
      [
       1368665.9666060593,
       552683.0728341315,
       310
      ],
      [
       1368665.8491185543,
       552682.7360069932,
       310
      ],
      [
       1368665.7220327521,
       552682.3617638894,
       310
      ],
      [
       1368665.585348653,
       552681.95010482,
       310
      ],
      [
       1368665.439066257,
       552681.501029785,
       310
      ],
      [
       1368665.2555176197,
       552680.9771019568,
       310
      ],
      [
       1368665.0347027413,
       552680.3783213355,
       310
      ],
      [
       1368664.7766216216,
       552679.7046879211,
       310
      ],
      [
       1368664.4812742607,
       552678.9562017134,
       310
      ],
      [
       1368664.1830496273,
       552678.21806554,
       310
      ],
      [
       1368663.8819477214,
       552677.4902794006,
       310
      ],
      [
       1368663.5779685432,
       552676.7728432955,
       310
      ],
      [
       1368663.2711120923,
       552676.0657572245,
       310
      ],
      [
       1368663.0342944458,
       552675.525092637,
       310
      ],
      [
       1368662.867515603,
       552675.1508495333,
       310
      ],
      [
       1368662.7707755647,
       552674.943027913,
       310
      ],
      [
       1368662.7440743307,
       552674.9016277763,
       310
      ],
      [
       1368662.6062846435,
       552674.683456122,
       310
      ],
      [
       1368662.357406504,
       552674.2885129496,
       310
      ],
      [
       1368661.9974399114,
       552673.7167982598,
       310
      ],
      [
       1368661.5263848663,
       552672.9683120521,
       310
      ],
      [
       1368661.1113694385,
       552672.2198258445,
       310
      ],
      [
       1368660.7523936282,
       552671.4713396367,
       310
      ],
      [
       1368660.4494574352,
       552670.722853429,
       310
      ],
      [
       1368660.2025608595,
       552669.9743672215,
       310
      ],
      [
       1368660.0164300897,
       552669.3858302375,
       310
      ],
      [
       1368659.8910651254,
       552668.9572424772,
       310
      ],
      [
       1368659.826465967,
       552668.6886039407,
       310
      ],
      [
       1368659.8226326145,
       552668.5799146281,
       310
      ],
      [
       1368659.8110006256,
       552668.3384484197,
       310
      ],
      [
       1368659.7915700004,
       552667.9642053158,
       310
      ],
      [
       1368659.7643407388,
       552667.4571853164,
       310
      ],
      [
       1368659.7293128408,
       552666.8173884216,
       310
      ],
      [
       1368659.711798892,
       552666.2867301072,
       310
      ],
      [
       1368659.711798892,
       552665.8652103732,
       310
      ],
      [
       1368659.7293128408,
       552665.5528292197,
       310
      ],
      [
       1368659.7643407388,
       552665.3495866468,
       310
      ],
      [
       1368659.8063442628,
       552665.0608438083,
       310
      ],
      [
       1368659.8553234134,
       552664.6866007044,
       310
      ],
      [
       1368659.9112781899,
       552664.2268573352,
       310
      ],
      [
       1368659.9742085927,
       552663.6816137006,
       310
      ],
      [
       1368660.032984856,
       552663.0855594226,
       310
      ],
      [
       1368660.0876069805,
       552662.4386945014,
       310
      ],
      [
       1368660.1380749652,
       552661.741018937,
       310
      ],
      [
       1368660.1843888112,
       552660.9925327294,
       310
      ],
      [
       1368660.1918131332,
       552660.3322524719,
       310
      ],
      [
       1368660.160347932,
       552659.7601781646,
       310
      ],
      [
       1368660.0899932068,
       552659.2763098077,
       310
      ],
      [
       1368659.9807489584,
       552658.8806474009,
       310
      ],
      [
       1368659.839708263,
       552658.4956946456,
       310
      ],
      [
       1368659.6668711212,
       552658.1214515418,
       310
      ],
      [
       1368659.4622375323,
       552657.7579180894,
       310
      ],
      [
       1368659.2258074968,
       552657.4050942885,
       310
      ],
      [
       1368658.920470927,
       552657.0604266044,
       310
      ],
      [
       1368658.546227823,
       552656.723915037,
       310
      ],
      [
       1368658.103078185,
       552656.3955595864,
       310
      ],
      [
       1368657.5910220132,
       552656.0753602523,
       310
      ],
      [
       1368657.0198583321,
       552655.8572926942,
       310
      ],
      [
       1368656.389587142,
       552655.7413569118,
       310
      ],
      [
       1368655.7002084432,
       552655.7275529052,
       310
      ],
      [
       1368654.951722236,
       552655.8158806742,
       310
      ],
      [
       1368654.203236028,
       552655.9136914809,
       310
      ],
      [
       1368653.4547498203,
       552656.0209853251,
       310
      ],
      [
       1368652.7062636125,
       552656.1377622066,
       310
      ],
      [
       1368651.9577774052,
       552656.2640221257,
       310
      ],
      [
       1368651.2092911974,
       552656.327990223,
       310
      ],
      [
       1368650.4608049896,
       552656.3296664981,
       310
      ],
      [
       1368649.7123187818,
       552656.2690509516,
       310
      ],
      [
       1368648.9638325744,
       552656.1461435829,
       310
      ],
      [
       1368648.2153463666,
       552655.9272879227,
       310
      ],
      [
       1368647.4668601588,
       552655.6124839706,
       310
      ],
      [
       1368646.7183739513,
       552655.2017317269,
       310
      ],
      [
       1368645.9698877437,
       552654.6950311915,
       310
      ],
      [
       1368645.4034185247,
       552654.3116891254,
       310
      ],
      [
       1368645.0189662944,
       552654.0517055286,
       310
      ],
      [
       1368644.8165310526,
       552653.9150804013,
       310
      ],
      [
       1368644.7961127993,
       552653.9018137434,
       310
      ],
      [
       1368644.5987821207,
       552653.8137263294,
       310
      ],
      [
       1368644.2245390168,
       552653.6508181593,
       310
      ],
      [
       1368643.6733834876,
       552653.4130892332,
       310
      ],
      [
       1368642.945315533,
       552653.100539551,
       310
      ],
      [
       1368642.2121430153,
       552652.8554203424,
       310
      ],
      [
       1368641.4738659342,
       552652.6777316073,
       310
      ],
      [
       1368640.7304842898,
       552652.5674733459,
       310
      ],
      [
       1368639.9819980825,
       552652.5246455579,
       310
      ],
      [
       1368639.233511875,
       552652.4646233774,
       310
      ],
      [
       1368638.4850256671,
       552652.3874068044,
       310
      ],
      [
       1368637.7365394593,
       552652.2929958386,
       310
      ],
      [
       1368636.9880532515,
       552652.1813904803,
       310
      ],
      [
       1368636.2395670437,
       552652.088705543,
       310
      ],
      [
       1368635.4910808364,
       552652.0149410268,
       310
      ],
      [
       1368634.7425946286,
       552651.9600969316,
       310
      ],
      [
       1368633.994108421,
       552651.9241732575,
       310
      ],
      [
       1368633.2869240593,
       552651.8358355756,
       310
      ],
      [
       1368632.6210415433,
       552651.695083886,
       310
      ],
      [
       1368631.9964608734,
       552651.5019181886,
       310
      ],
      [
       1368631.4131820493,
       552651.2563384834,
       310
      ],
      [
       1368630.9344210853,
       552651.0594638352,
       310
      ],
      [
       1368630.5601779816,
       552650.911294244,
       310
      ],
      [
       1368630.2904527378,
       552650.8118297097,
       310
      ],
      [
       1368630.1252453544,
       552650.7610702321,
       310
      ],
      [
       1368629.8142182645,
       552650.6410784577,
       310
      ],
      [
       1368629.357371469,
       552650.4518543864,
       310
      ],
      [
       1368628.7547049671,
       552650.1933980183,
       310
      ],
      [
       1368628.0062187598,
       552649.8657093534,
       310
      ],
      [
       1368627.257732552,
       552649.6204365836,
       310
      ],
      [
       1368626.5092463442,
       552649.4575797091,
       310
      ],
      [
       1368625.7607601364,
       552649.37713873,
       310
      ],
      [
       1368625.012273929,
       552649.3791136462,
       310
      ],
      [
       1368624.2637877213,
       552649.4307850982,
       310
      ],
      [
       1368623.5153015135,
       552649.5321530859,
       310
      ],
      [
       1368622.7668153057,
       552649.6832176094,
       310
      ],
      [
       1368622.0183290984,
       552649.8839786685,
       310
      ],
      [
       1368621.2698428906,
       552650.0100734264,
       310
      ],
      [
       1368620.5213566828,
       552650.0615018831,
       310
      ],
      [
       1368619.7728704752,
       552650.0382640383,
       310
      ],
      [
       1368619.0243842676,
       552649.9403598923,
       310
      ],
      [
       1368618.2758980598,
       552649.7837830897,
       310
      ],
      [
       1368617.5274118525,
       552649.5685336307,
       310
      ],
      [
       1368616.7789256447,
       552649.2946115152,
       310
      ],
      [
       1368616.030439437,
       552648.9620167431,
       310
      ],
      [
       1368615.3536606454,
       552648.6770018835,
       310
      ],
      [
       1368614.7485892698,
       552648.4395669363,
       310
      ],
      [
       1368614.2152253105,
       552648.2497119014,
       310
      ],
      [
       1368613.7535687676,
       552648.107436779,
       310
      ],
      [
       1368613.335618944,
       552647.9451864245,
       310
      ],
      [
       1368612.96137584,
       552647.7629608382,
       310
      ],
      [
       1368612.6308394559,
       552647.5607600197,
       310
      ],
      [
       1368612.3440097915,
       552647.3385839692,
       310
      ],
      [
       1368611.9741382035,
       552647.0403743921,
       310
      ],
      [
       1368611.5212246925,
       552646.6661312883,
       310
      ],
      [
       1368610.9852692576,
       552646.2158546577,
       310
      ],
      [
       1368610.3662718995,
       552645.6895445004,
       310
      ],
      [
       1368609.8696516687,
       552645.2622036296,
       310
      ],
      [
       1368609.4954085648,
       552644.9338320454,
       310
      ],
      [
       1368609.243542588,
       552644.7044297477,
       310
      ],
      [
       1368609.1140537383,
       552644.5739967364,
       310
      ],
      [
       1368608.8298155493,
       552644.3494307153,
       310
      ],
      [
       1368608.3908280204,
       552644.0307316841,
       310
      ],
      [
       1368607.7970911523,
       552643.6178996428,
       310
      ],
      [
       1368607.048604945,
       552643.1109345916,
       310
      ],
      [
       1368606.3001187374,
       552642.7424632023,
       310
      ],
      [
       1368605.5516325296,
       552642.5124854752,
       310
      ],
      [
       1368604.8031463218,
       552642.4210014101,
       310
      ],
      [
       1368604.054660114,
       552642.468011007,
       310
      ],
      [
       1368603.3061739064,
       552642.4898972625,
       310
      ],
      [
       1368602.5576876989,
       552642.4866601769,
       310
      ],
      [
       1368601.809201491,
       552642.4582997498,
       310
      ],
      [
       1368601.0607152837,
       552642.4048159816,
       310
      ],
      [
       1368600.4589497307,
       552642.3385496619,
       310
      ],
      [
       1368600.0039048325,
       552642.2595007909,
       310
      ],
      [
       1368599.6955805891,
       552642.1676693684,
       310
      ],
      [
       1368599.533977001,
       552642.0630553945,
       310
      ],
      [
       1368599.2660536547,
       552641.9008018584,
       310
      ],
      [
       1368598.8918105508,
       552641.6809087603,
       310
      ],
      [
       1368598.4112476893,
       552641.4033760998,
       310
      ],
      [
       1368597.82436507,
       552641.0682038771,
       310
      ],
      [
       1368597.1970815537,
       552640.8088230792,
       310
      ],
      [
       1368596.5293971403,
       552640.6252337062,
       310
      ],
      [
       1368595.8213118296,
       552640.517435758,
       310
      ],
      [
       1368595.0728256223,
       552640.4854292348,
       310
      ],
      [
       1368594.3243394145,
       552640.5350115341,
       310
      ],
      [
       1368593.5758532067,
       552640.6661826562,
       310
      ],
      [
       1368592.827366999,
       552640.8789426008,
       310
      ],
      [
       1368592.0788807916,
       552641.1732913681,
       310
      ],
      [
       1368591.4637265357,
       552641.4122604382,
       310
      ],
      [
       1368590.981904232,
       552641.5958498112,
       310
      ],
      [
       1368590.6334138801,
       552641.724059487,
       310
      ],
      [
       1368590.4182554802,
       552641.7968894658,
       310
      ],
      [
       1368590.1235547285,
       552641.8949723509,
       310
      ],
      [
       1368589.7493116248,
       552642.0183081427,
       310
      ],
      [
       1368589.295526169,
       552642.1668968408,
       310
      ],
      [
       1368588.7621983609,
       552642.3407384455,
       310
      ],
      [
       1368588.2202355042,
       552642.4276592478,
       310
      ],
      [
       1368587.6696375986,
       552642.4276592478,
       310
      ],
      [
       1368587.110404644,
       552642.3407384455,
       310
      ],
      [
       1368586.5425366405,
       552642.1668968408,
       310
      ],
      [
       1368586.0714810868,
       552642.0056661996,
       310
      ],
      [
       1368585.6972379829,
       552641.8570465217,
       310
      ],
      [
       1368585.4198073288,
       552641.7210378073,
       310
      ],
      [
       1368585.239189125,
       552641.5976400563,
       310
      ],
      [
       1368584.95420377,
       552641.3488196288,
       310
      ],
      [
       1368584.5648512647,
       552640.9745765249,
       310
      ],
      [
       1368584.0711316084,
       552640.4749107447,
       310
      ],
      [
       1368583.4730448015,
       552639.849822288,
       310
      ],
      [
       1368582.9868798463,
       552639.3361197353,
       310
      ],
      [
       1368582.6126367426,
       552638.9338030864,
       310
      ],
      [
       1368582.3503154903,
       552638.6428723413,
       310
      ],
      [
       1368582.1999160892,
       552638.4633275002,
       310
      ],
      [
       1368581.9940833405,
       552638.1864335276,
       310
      ],
      [
       1368581.732817244,
       552637.812190424,
       310
      ],
      [
       1368581.4161177997,
       552637.3405981888,
       310
      ],
      [
       1368581.0439850076,
       552636.7716568222,
       310
      ],
      [
       1368580.6707970595,
       552636.203194083,
       310
      ],
      [
       1368580.2965539556,
       552635.6352099711,
       310
      ],
      [
       1368579.9212556959,
       552635.0677044864,
       310
      ],
      [
       1368579.5449022807,
       552634.5006776291,
       310
      ],
      [
       1368579.2177476608,
       552634.0300426485,
       310
      ],
      [
       1368578.939791837,
       552633.6557995446,
       310
      ],
      [
       1368578.7110348088,
       552633.3779483176,
       310
      ],
      [
       1368578.5314765768,
       552633.1964889672,
       310
      ],
      [
       1368578.2545759086,
       552632.9609642769,
       310
      ],
      [
       1368577.880332805,
       552632.6713742468,
       310
      ],
      [
       1368577.4087472653,
       552632.3277188768,
       310
      ],
      [
       1368576.8398192895,
       552631.9299981669,
       310
      ],
      [
       1368576.226001756,
       552631.5760971248,
       310
      ],
      [
       1368575.5672946647,
       552631.2660157506,
       310
      ],
      [
       1368574.863698015,
       552630.9997540443,
       310
      ],
      [
       1368574.1152118074,
       552630.777312006,
       310
      ],
      [
       1368573.518768486,
       552630.5783996125,
       310
      ],
      [
       1368573.0743680508,
       552630.4030168635,
       310
      ],
      [
       1368572.782010502,
       552630.2511637594,
       310
      ],
      [
       1368572.6416958396,
       552630.1228403001,
       310
      ],
      [
       1368572.3844169565,
       552629.8641951252,
       310
      ],
      [
       1368572.0101738526,
       552629.4752282348,
       310
      ],
      [
       1368571.5189665281,
       552628.955939629,
       310
      ],
      [
       1368570.9107949827,
       552628.3063293077,
       310
      ],
      [
       1368570.431117165,
       552627.7944025951,
       310
      ],
      [
       1368570.0799330738,
       552627.4201594915,
       310
      ],
      [
       1368569.8572427102,
       552627.1835999964,
       310
      ],
      [
       1368569.7630460733,
       552627.0847241099,
       310
      ],
      [
       1368569.5471259262,
       552626.8234456432,
       310
      ],
      [
       1368569.2094822691,
       552626.3997645963,
       310
      ],
      [
       1368568.7501151017,
       552625.813680969,
       310
      ],
      [
       1368568.1690244237,
       552625.0651947611,
       310
      ],
      [
       1368567.714906692,
       552624.3803719106,
       310
      ],
      [
       1368567.3877619067,
       552623.7592124173,
       310
      ],
      [
       1368567.1875900673,
       552623.201716281,
       310
      ],
      [
       1368567.1143911742,
       552622.707883502,
       310
      ],
      [
       1368567.0476730356,
       552622.2738455606,
       310
      ],
      [
       1368566.987435652,
       552621.8996024567,
       310
      ],
      [
       1368566.9336790226,
       552621.5851541904,
       310
      ],
      [
       1368566.886403148,
       552621.330500762,
       310
      ],
      [
       1368566.7057040334,
       552620.9523891385,
       310
      ],
      [
       1368566.3915816788,
       552620.4508193205,
       310
      ],
      [
       1368565.9440360842,
       552619.8257913075,
       310
      ],
      [
       1368565.3630672493,
       552619.0773050999,
       310
      ],
      [
       1368564.9640640728,
       552618.3288188921,
       310
      ],
      [
       1368564.7470265543,
       552617.5803326846,
       310
      ],
      [
       1368564.711954694,
       552616.8318464768,
       310
      ],
      [
       1368564.8588484917,
       552616.0833602692,
       310
      ],
      [
       1368564.955839119,
       552615.3348740614,
       310
      ],
      [
       1368565.002926575,
       552614.5863878538,
       310
      ],
      [
       1368565.0001108604,
       552613.8379016462,
       310
      ],
      [
       1368564.9473919757,
       552613.0894154385,
       310
      ],
      [
       1368564.8978292756,
       552612.3409292309,
       310
      ],
      [
       1368564.8514227606,
       552611.5924430231,
       310
      ],
      [
       1368564.8081724308,
       552610.8439568154,
       310
      ],
      [
       1368564.7680782867,
       552610.0954706079,
       310
      ],
      [
       1368564.6944271117,
       552609.3643822776,
       310
      ],
      [
       1368564.5872189058,
       552608.6506918247,
       310
      ],
      [
       1368564.44645367,
       552607.9543992494,
       310
      ],
      [
       1368564.2721314034,
       552607.2755045515,
       310
      ],
      [
       1368564.138165953,
       552606.7489356506,
       310
      ],
      [
       1368564.0445573186,
       552606.3746925468,
       310
      ],
      [
       1368563.9913055003,
       552606.15277524,
       310
      ],
      [
       1368563.978410498,
       552606.0831837301,
       310
      ],
      [
       1368563.9425564215,
       552605.843868546,
       310
      ],
      [
       1368563.8837432708,
       552605.4348296874,
       310
      ],
      [
       1368563.801971046,
       552604.8560671541,
       310
      ],
      [
       1368563.697239747,
       552604.1075809465,
       310
      ],
      [
       1368563.6186912728,
       552603.5462162907,
       310
      ],
      [
       1368563.5663256233,
       552603.1719731868,
       310
      ],
      [
       1368563.5401427986,
       552602.984851635,
       310
      ]
     ]
    },
    "elevationFt": 310,
    "weight": "index",
    "hidden": false
   }
  },
  {
   "type": "Feature",
   "geometry": {
    "type": "LineString",
    "coordinates": [
     [
      -76.8019276767799,
      39.18384373335002
     ],
     [
      -76.80192776933993,
      39.183844247264666
     ],
     [
      -76.80192795445998,
      39.183845275094
     ],
     [
      -76.80192823214011,
      39.18384681683799
     ],
     [
      -76.80192860238027,
      39.18384887249663
     ],
     [
      -76.80192879764881,
      39.18385092785984
     ],
     [
      -76.8019288179457,
      39.18385298292756
     ],
     [
      -76.80192866327089,
      39.18385503769982
     ],
     [
      -76.8019283336244,
      39.18385709217663
     ],
     [
      -76.80192792575313,
      39.18385914652136
     ],
     [
      -76.80192743965706,
      39.18386120073396
     ],
     [
      -76.80192687533619,
      39.18386325481449
     ],
     [
      -76.8019262327905,
      39.183865308762904
     ],
     [
      -76.80192562513211,
      39.18386736277024
     ],
     [
      -76.80192505236103,
      39.18386941683649
     ],
     [
      -76.80192451447722,
      39.183871470961634
     ],
     [
      -76.80192401148071,
      39.18387352514569
     ],
     [
      -76.80192360343125,
      39.18387518265497
     ],
     [
      -76.80192329032882,
      39.18387644348951
     ],
     [
      -76.80192307217344,
      39.18387730764928
     ],
     [
      -76.80192294896514,
      39.1838777751343
     ],
     [
      -76.80192276813834,
      39.18387852243384
     ],
     [
      -76.80192252969306,
      39.183879549547896
     ],
     [
      -76.8019222336293,
      39.183880856476485
     ],
     [
      -76.80192187994705,
      39.18388244321961
     ],
     [
      -76.80192143000437,
      39.18388414672344
     ],
     [
      -76.80192088380129,
      39.18388596698799
     ],
     [
      -76.80192024133778,
      39.18388790401324
     ],
     [
      -76.80191950261384,
      39.183889957799195
     ],
     [
      -76.80191872390249,
      39.18389201151761
     ],
     [
      -76.80191790520372,
      39.183894065168516
     ],
     [
      -76.80191704651756,
      39.183896118751875
     ],
     [
      -76.80191614784397,
      39.18389817226769
     ],
     [
      -76.8019153067711,
      39.18389997502958
     ],
     [
      -76.80191452329895,
      39.18390152703754
     ],
     [
      -76.80191379742752,
      39.183902828291544
     ],
     [
      -76.80191312915682,
      39.18390387879162
     ],
     [
      -76.80191249412111,
      39.18390491729186
     ],
     [
      -76.80191189232039,
      39.18390594379229
     ],
     [
      -76.80191132375465,
      39.18390695829287
     ],
     [
      -76.80191078842391,
      39.18390796079362
     ],
     [
      -76.8019100380985,
      39.18390922583847
     ],
     [
      -76.80190907277837,
      39.18391075342737
     ],
     [
      -76.80190789246355,
      39.18391254356033
     ],
     [
      -76.80190649715396,
      39.183914596237365
     ],
     [
      -76.80190527050412,
      39.183916337066535
     ],
     [
      -76.80190421251405,
      39.18391776604792
     ],
     [
      -76.80190332318377,
      39.183918883181455
     ],
     [
      -76.80190260251331,
      39.183919688467164
     ],
     [
      -76.80190167716519,
      39.18392060391416
     ],
     [
      -76.80190054713941,
      39.18392162952242
     ],
     [
      -76.80189921243594,
      39.18392276529195
     ],
     [
      -76.8018976730548,
      39.18392401122274
     ],
     [
      -76.80189624190726,
      39.18392510761638
     ],
     [
      -76.80189491899337,
      39.18392605447287
     ],
     [
      -76.80189370431312,
      39.183926851792236
     ],
     [
      -76.80189259786653,
      39.183927499574466
     ],
     [
      -76.80189110759508,
      39.18392809286321
     ],
     [
      -76.80188923349878,
      39.18392863165849
     ],
     [
      -76.8018869755776,
      39.18392911596023
     ],
     [
      -76.80188433383155,
      39.18392954576847
     ],
     [
      -76.80188169290454,
      39.18392968185408
     ],
     [
      -76.80187905279661,
      39.18392952421707
     ],
     [
      -76.80187641350777,
      39.18392907285745
     ],
     [
      -76.80187377503808,
      39.183928327775206
     ],
     [
      -76.80187169810627,
      39.18392768297398
     ],
     [
      -76.80187018271235,
      39.1839271384538
     ],
     [
      -76.8018692288563,
      39.18392669421469
     ],
     [
      -76.80186883653809,
      39.18392635025666
     ],
     [
      -76.80186813726694,
      39.18392557784564
     ],
     [
      -76.80186713104285,
      39.18392437698161
     ],
     [
      -76.80186581786587,
      39.18392274766457
     ],
     [
      -76.80186419773605,
      39.18392068989448
     ],
     [
      -76.80186282800389,
      39.18391889002402
     ],
     [
      -76.80186170866938,
      39.18391734805317
     ],
     [
      -76.80186083973246,
      39.18391606398195
     ],
     [
      -76.80186022119314,
      39.183915037810344
     ],
     [
      -76.80185961888532,
      39.183914010471184
     ],
     [
      -76.80185903280903,
      39.18391298196446
     ],
     [
      -76.80185846296428,
      39.183911952290195
     ],
     [
      -76.80185790935103,
      39.183910921448344
     ],
     [
      -76.80185732294646,
      39.183909634269426
     ],
     [
      -76.80185670375059,
      39.18390809075341
     ],
     [
      -76.80185605176342,
      39.18390629090032
     ],
     [
      -76.80185536698495,
      39.18390423471013
     ],
     [
      -76.80185481906011,
      39.183902178751104
     ],
     [
      -76.8018544079889,
      39.183900123023264
     ],
     [
      -76.80185413377127,
      39.18389806752662
     ],
     [
      -76.80185399640726,
      39.183896012261144
     ],
     [
      -76.80185397072206,
      39.183893957184324
     ],
     [
      -76.80185405671568,
      39.18389190229614
     ],
     [
      -76.80185425438813,
      39.18388984759662
     ],
     [
      -76.80185456373938,
      39.183887793085766
     ],
     [
      -76.80185494675531,
      39.18388573869933
     ],
     [
      -76.80185540343592,
      39.18388368443734
     ],
     [
      -76.8018559337812,
      39.18388163029976
     ],
     [
      -76.80185653779115,
      39.18387957628665
     ],
     [
      -76.80185711414505,
      39.183877570395936
     ],
     [
      -76.8018576628429,
      39.18387561262767
     ],
     [
      -76.8018581838847,
      39.18387370298185
     ],
     [
      -76.80185867727049,
      39.18387184145843
     ],
     [
      -76.80185905819542,
      39.183870397165094
     ],
     [
      -76.80185932665954,
      39.183869370101874
     ],
     [
      -76.80185948266283,
      39.18386876026874
     ],
     [
      -76.80185952620536,
      39.18386856766568
     ],
     [
      -76.80185963948207,
      39.18386790959121
     ],
     [
      -76.801859822493,
      39.18386678604532
     ],
     [
      -76.80186007523811,
      39.18386519702801
     ],
     [
      -76.80186039771742,
      39.183863142539295
     ],
     [
      -76.80186081117166,
      39.183861088204246
     ],
     [
      -76.80186131560086,
      39.18385903402287
     ],
     [
      -76.80186191100498,
      39.18385697999516
     ],
     [
      -76.80186259738402,
      39.18385492612112
     ],
     [
      -76.80186351353186,
      39.18385290921062
     ],
     [
      -76.80186465944848,
      39.18385092926362
     ],
     [
      -76.80186603513388,
      39.1838489862801
     ],
     [
      -76.80186764058803,
      39.183847080260094
     ],
     [
      -76.80186889089,
      39.18384561424772
     ],
     [
      -76.80186978603986,
      39.18384458824302
     ],
     [
      -76.80187032603762,
      39.18384400224596
     ],
     [
      -76.80187051088329,
      39.18384385625659
     ],
     [
      -76.80187064951754,
      39.18384374676455
     ],
     [
      -76.80187074194039,
      39.18384367376986
     ],
     [
      -76.8018707881518,
      39.18384363727252
     ]
    ]
   },
   "properties": {
    "id": "ct-13",
    "kind": "Contour",
    "sourceId": "contours",
    "reliabilityLevel": 1,
    "revision": 1,
    "engineeringGeometry": {
     "crs": "EPSG:2248",
     "crsName": "NAD83 / Maryland State Plane (US survey feet)",
     "datum": "NAD83",
     "unit": "usSurveyFoot",
     "coordinates": [
      [
       1368478.8151209652,
       552602.984851635,
       310
      ],
      [
       1368478.7884778564,
       552603.1719731868,
       310
      ],
      [
       1368478.7351916388,
       552603.5462162907,
       310
      ],
      [
       1368478.6552623124,
       552604.1075809465,
       310
      ],
      [
       1368478.548689877,
       552604.8560671541,
       310
      ],
      [
       1368478.4917149725,
       552605.6045533619,
       310
      ],
      [
       1368478.4843375992,
       552606.3530395695,
       310
      ],
      [
       1368478.5265577568,
       552607.1015257773,
       310
      ],
      [
       1368478.6183754455,
       552607.8500119848,
       310
      ],
      [
       1368478.7323667533,
       552608.5984981926,
       310
      ],
      [
       1368478.8685316807,
       552609.3469844002,
       310
      ],
      [
       1368479.026870227,
       552610.0954706079,
       310
      ],
      [
       1368479.207382393,
       552610.8439568155,
       310
      ],
      [
       1368479.3780053863,
       552611.5924430231,
       310
      ],
      [
       1368479.5387392074,
       552612.3409292309,
       310
      ],
      [
       1368479.6895838561,
       552613.0894154386,
       310
      ],
      [
       1368479.8305393325,
       552613.8379016462,
       310
      ],
      [
       1368479.9448947022,
       552614.4418522038,
       310
      ],
      [
       1368480.032649965,
       552614.9012671112,
       310
      ],
      [
       1368480.0938051213,
       552615.2161463685,
       310
      ],
      [
       1368480.1283601706,
       552615.386489976,
       310
      ],
      [
       1368480.179026558,
       552615.6587833315,
       310
      ],
      [
       1368480.2458042838,
       552616.0330264352,
       310
      ],
      [
       1368480.3286933473,
       552616.5092192873,
       310
      ],
      [
       1368480.4276937486,
       552617.0873618878,
       310
      ],
      [
       1368480.5538877395,
       552617.70809039,
       310
      ],
      [
       1368480.7072753198,
       552618.371404794,
       310
      ],
      [
       1368480.8878564893,
       552619.0773050999,
       310
      ],
      [
       1368481.095631248,
       552619.8257913075,
       310
      ],
      [
       1368481.3147408324,
       552620.5742775153,
       310
      ],
      [
       1368481.5451852423,
       552621.3227637229,
       310
      ],
      [
       1368481.7869644777,
       552622.0712499307,
       310
      ],
      [
       1368482.0400785387,
       552622.8197361382,
       310
      ],
      [
       1368482.277063331,
       552623.476857085,
       310
      ],
      [
       1368482.4979188545,
       552624.042612771,
       310
      ],
      [
       1368482.7026451095,
       552624.517003196,
       310
      ],
      [
       1368482.8912420962,
       552624.90002836,
       310
      ],
      [
       1368483.0704278117,
       552625.2786624939,
       310
      ],
      [
       1368483.240202257,
       552625.6529055977,
       310
      ],
      [
       1368483.4005654312,
       552626.0227576714,
       310
      ],
      [
       1368483.5515173348,
       552626.3882187151,
       310
      ],
      [
       1368483.763203868,
       552626.8494360497,
       310
      ],
      [
       1368484.0356250303,
       552627.4064096753,
       310
      ],
      [
       1368484.368780822,
       552628.0591395919,
       310
      ],
      [
       1368484.7626712432,
       552628.8076257997,
       310
      ],
      [
       1368485.1090000297,
       552629.4424267587,
       310
      ],
      [
       1368485.4077671815,
       552629.9635424692,
       310
      ],
      [
       1368485.658972699,
       552630.3709729312,
       310
      ],
      [
       1368485.862616582,
       552630.6647181445,
       310
      ],
      [
       1368486.1241910644,
       552630.9987123031,
       310
      ],
      [
       1368486.443696146,
       552631.3729554069,
       310
      ],
      [
       1368486.8211318268,
       552631.7874474559,
       310
      ],
      [
       1368487.2564981072,
       552632.2421884503,
       310
      ],
      [
       1368487.6613027994,
       552632.6423983139,
       310
      ],
      [
       1368488.0355459033,
       552632.9880770469,
       310
      ],
      [
       1368488.379227419,
       552633.2792246493,
       310
      ],
      [
       1368488.6923473463,
       552633.5158411211,
       310
      ],
      [
       1368489.1143088436,
       552633.7328460409,
       310
      ],
      [
       1368489.6451119108,
       552633.9302394089,
       310
      ],
      [
       1368490.2847565482,
       552634.1080212251,
       310
      ],
      [
       1368491.033242756,
       552634.2661914893,
       310
      ],
      [
       1368491.7817289638,
       552634.3173813422,
       310
      ],
      [
       1368492.5302151716,
       552634.2615907834,
       310
      ],
      [
       1368493.2787013792,
       552634.0988198131,
       310
      ],
      [
       1368494.0271875865,
       552633.8290684312,
       310
      ],
      [
       1368494.6164217219,
       552633.5954960563,
       310
      ],
      [
       1368495.0464037848,
       552633.3981026883,
       310
      ],
      [
       1368495.3171337752,
       552633.2368883272,
       310
      ],
      [
       1368495.4286116932,
       552633.111852973,
       310
      ],
      [
       1368495.6274367988,
       552632.8309549055,
       310
      ],
      [
       1368495.9136090924,
       552632.3941941245,
       310
      ],
      [
       1368496.2871285733,
       552631.8015706302,
       310
      ],
      [
       1368496.747995242,
       552631.0530844226,
       310
      ],
      [
       1368497.1376806488,
       552630.3983766087,
       310
      ],
      [
       1368497.4561847935,
       552629.8374471886,
       310
      ],
      [
       1368497.7035076765,
       552629.3702961624,
       310
      ],
      [
       1368497.8796492976,
       552628.99692353,
       310
      ],
      [
       1368498.0511908794,
       552628.6231156619,
       310
      ],
      [
       1368498.2181324223,
       552628.2488725581,
       310
      ],
      [
       1368498.380473926,
       552627.8741942185,
       310
      ],
      [
       1368498.5382153906,
       552627.4990806433,
       310
      ],
      [
       1368498.7054544934,
       552627.0306239099,
       310
      ],
      [
       1368498.8821912338,
       552626.4688240185,
       310
      ],
      [
       1368499.068425612,
       552625.813680969,
       310
      ],
      [
       1368499.2641576286,
       552625.0651947611,
       310
      ],
      [
       1368499.4210971054,
       552624.3167085535,
       310
      ],
      [
       1368499.5392440425,
       552623.5682223459,
       310
      ],
      [
       1368499.6185984402,
       552622.8197361382,
       310
      ],
      [
       1368499.659160298,
       552622.0712499305,
       310
      ],
      [
       1368499.668065655,
       552621.3227637229,
       310
      ],
      [
       1368499.6453145114,
       552620.5742775153,
       310
      ],
      [
       1368499.5909068664,
       552619.8257913075,
       310
      ],
      [
       1368499.504842721,
       552619.0773050999,
       310
      ],
      [
       1368499.3978975615,
       552618.3288188921,
       310
      ],
      [
       1368499.2700713887,
       552617.5803326846,
       310
      ],
      [
       1368499.1213642024,
       552616.8318464768,
       310
      ],
      [
       1368498.951776003,
       552616.0833602692,
       310
      ],
      [
       1368498.7899891047,
       552615.352418275,
       310
      ],
      [
       1368498.636003508,
       552614.6390204943,
       310
      ],
      [
       1368498.4898192128,
       552613.9431669271,
       310
      ],
      [
       1368498.3514362194,
       552613.2648575733,
       310
      ],
      [
       1368498.2446014103,
       552612.7385813445,
       310
      ],
      [
       1368498.169314786,
       552612.3643382408,
       310
      ],
      [
       1368498.1255763462,
       552612.1421282619,
       310
      ],
      [
       1368498.1133860908,
       552612.0719514079,
       310
      ],
      [
       1368498.0817970224,
       552611.8321972155,
       310
      ],
      [
       1368498.0308091412,
       552611.4228656847,
       310
      ],
      [
       1368497.9604224467,
       552610.8439568154,
       310
      ],
      [
       1368497.8706369393,
       552610.0954706079,
       310
      ],
      [
       1368497.755063639,
       552609.3469844002,
       310
      ],
      [
       1368497.6137025459,
       552608.5984981924,
       310
      ],
      [
       1368497.4465536599,
       552607.8500119848,
       310
      ],
      [
       1368497.253616981,
       552607.1015257771,
       310
      ],
      [
       1368496.9955210304,
       552606.3663610965,
       310
      ],
      [
       1368496.6722658076,
       552605.6445179428,
       310
      ],
      [
       1368496.2838513134,
       552604.9359963159,
       310
      ],
      [
       1368495.8302775472,
       552604.2407962161,
       310
      ],
      [
       1368495.4770270283,
       552603.7060746143,
       310
      ],
      [
       1368495.2240997567,
       552603.3318315104,
       310
      ],
      [
       1368495.0714957323,
       552603.1180669046,
       310
      ],
      [
       1368495.0192149552,
       552603.0647807966,
       310
      ],
      [
       1368494.9800043723,
       552603.0248162159,
       310
      ],
      [
       1368494.9538639837,
       552602.9981731619,
       310
      ],
      [
       1368494.9407937895,
       552602.984851635,
       310
      ]
     ]
    },
    "elevationFt": 310,
    "weight": "index",
    "hidden": false
   }
  },
  {
   "type": "Feature",
   "geometry": {
    "type": "LineString",
    "coordinates": [
     [
      -76.8015604294478,
      39.18384311263118
     ],
     [
      -76.8015600668046,
      39.18384362577605
     ],
     [
      -76.80155934151814,
      39.18384465206579
     ],
     [
      -76.80155825358844,
      39.18384619150035
     ],
     [
      -76.80155680301539,
      39.18384824407977
     ],
     [
      -76.80155562337616,
      39.183849868620705
     ],
     [
      -76.80155471467077,
      39.18385106512318
     ],
     [
      -76.80155407689922,
      39.18385183358717
     ],
     [
      -76.80155371006158,
      39.183852174012706
     ],
     [
      -76.801552934881,
      39.18385285698269
     ],
     [
      -76.80155175135751,
      39.183853882497104
     ],
     [
      -76.80155015949101,
      39.18385525055596
     ],
     [
      -76.8015481592815,
      39.183856961159215
     ],
     [
      -76.80154649753528,
      39.18385835531819
     ],
     [
      -76.80154517425244,
      39.18385943303292
     ],
     [
      -76.80154418943296,
      39.18386019430343
     ],
     [
      -76.8015435430769,
      39.18386063912966
     ],
     [
      -76.80154239730786,
      39.183861282678585
     ],
     [
      -76.8015407521258,
      39.18386212495012
     ],
     [
      -76.8015386075307,
      39.18386316594427
     ],
     [
      -76.80153596352255,
      39.18386440566099
     ],
     [
      -76.80153344605728,
      39.183865425775046
     ],
     [
      -76.80153105513493,
      39.18386622628644
     ],
     [
      -76.80152879075554,
      39.18386680719515
     ],
     [
      -76.80152665291914,
      39.18386716850122
     ],
     [
      -76.80152492355467,
      39.18386746010353
     ],
     [
      -76.80152360266214,
      39.18386768200208
     ],
     [
      -76.80152269024158,
      39.183867834196874
     ],
     [
      -76.80152218629297,
      39.18386791668793
     ],
     [
      -76.80152171676023,
      39.183867957565326
     ],
     [
      -76.80152128164339,
      39.18386795682908
     ],
     [
      -76.8015208809424,
      39.183867914479166
     ],
     [
      -76.8015205146573,
      39.18386783051558
     ],
     [
      -76.80151967191229,
      39.18386759744223
     ],
     [
      -76.80151835270736,
      39.18386721525905
     ],
     [
      -76.80151655704256,
      39.18386668396607
     ],
     [
      -76.8015142849179,
      39.18386600356325
     ],
     [
      -76.80151225042107,
      39.18386514808316
     ],
     [
      -76.80151045355211,
      39.18386411752579
     ],
     [
      -76.801508894311,
      39.1838629118912
     ],
     [
      -76.80150757269776,
      39.18386153117935
     ],
     [
      -76.80150641131314,
      39.18385998159911
     ],
     [
      -76.80150541015716,
      39.18385826315051
     ],
     [
      -76.80150456922979,
      39.18385637583351
     ],
     [
      -76.80150388853103,
      39.18385431964813
     ],
     [
      -76.80150339988053,
      39.18385226378773
     ],
     [
      -76.80150310327824,
      39.18385020825233
     ],
     [
      -76.80150299872413,
      39.183848153041914
     ],
     [
      -76.80150308621823,
      39.1838460981565
     ],
     [
      -76.80150315183879,
      39.18384455699244
     ],
     [
      -76.80150319558584,
      39.183843529549726
     ],
     [
      -76.80150321745936,
      39.18384301582837
     ]
    ]
   },
   "properties": {
    "id": "ct-14",
    "kind": "Contour",
    "sourceId": "contours",
    "reliabilityLevel": 1,
    "revision": 1,
    "engineeringGeometry": {
     "crs": "EPSG:2248",
     "crsName": "NAD83 / Maryland State Plane (US survey feet)",
     "datum": "NAD83",
     "unit": "usSurveyFoot",
     "coordinates": [
      [
       1368582.9151944935,
       552602.984851635,
       310
      ],
      [
       1368583.0175827246,
       552603.1719731868,
       310
      ],
      [
       1368583.2223591867,
       552603.5462162907,
       310
      ],
      [
       1368583.52952388,
       552604.1075809465,
       310
      ],
      [
       1368583.9390768046,
       552604.8560671541,
       310
      ],
      [
       1368584.2721699746,
       552605.4484858469,
       310
      ],
      [
       1368584.52880339,
       552605.8848370247,
       310
      ],
      [
       1368584.7089770513,
       552606.1651206876,
       310
      ],
      [
       1368584.8126909584,
       552606.2893368356,
       310
      ],
      [
       1368585.0318821345,
       552606.5385664615,
       310
      ],
      [
       1368585.3665505801,
       552606.9128095654,
       310
      ],
      [
       1368585.8166962948,
       552607.4120661472,
       310
      ],
      [
       1368586.382319279,
       552608.0363362068,
       310
      ],
      [
       1368586.852252323,
       552608.5451420853,
       310
      ],
      [
       1368587.2264954268,
       552608.9384837826,
       310
      ],
      [
       1368587.5050485907,
       552609.2163612987,
       310
      ],
      [
       1368587.687911814,
       552609.3787746336,
       310
      ],
      [
       1368588.0121807836,
       552609.6138746704,
       310
      ],
      [
       1368588.4778554991,
       552609.9216614092,
       310
      ],
      [
       1368589.0849359608,
       552610.3021348501,
       310
      ],
      [
       1368589.8334221686,
       552610.7552949928,
       310
      ],
      [
       1368590.5462125205,
       552611.1283932825,
       310
      ],
      [
       1368591.2233070163,
       552611.4214297188,
       310
      ],
      [
       1368591.8647056564,
       552611.634404302,
       310
      ],
      [
       1368592.4704084406,
       552611.7673170321,
       310
      ],
      [
       1368592.9603813847,
       552611.8745904674,
       310
      ],
      [
       1368593.3346244884,
       552611.9562246082,
       310
      ],
      [
       1368593.593137752,
       552612.0122194545,
       310
      ],
      [
       1368593.7359211755,
       552612.0425750061,
       310
      ],
      [
       1368593.868982064,
       552612.057752782,
       310
      ],
      [
       1368593.992320418,
       552612.057752782,
       310
      ],
      [
       1368594.105936237,
       552612.0425750061,
       310
      ],
      [
       1368594.2098295211,
       552612.0122194545,
       310
      ],
      [
       1368594.4488977152,
       552611.9278486383,
       310
      ],
      [
       1368594.8231408189,
       552611.7894625573,
       310
      ],
      [
       1368595.3325588326,
       552611.5970612117,
       310
      ],
      [
       1368595.977151756,
       552611.3506446015,
       310
      ],
      [
       1368596.5545255945,
       552611.0403147445,
       310
      ],
      [
       1368597.0646803482,
       552610.6660716406,
       310
      ],
      [
       1368597.5076160165,
       552610.2279152899,
       310
      ],
      [
       1368597.8833326004,
       552609.7258456926,
       310
      ],
      [
       1368598.213764688,
       552609.1621719425,
       310
      ],
      [
       1368598.4989122795,
       552608.5368940398,
       310
      ],
      [
       1368598.7387753753,
       552607.8500119848,
       310
      ],
      [
       1368598.933353975,
       552607.1015257771,
       310
      ],
      [
       1368599.0734945238,
       552606.3530395695,
       310
      ],
      [
       1368599.159197022,
       552605.6045533619,
       310
      ],
      [
       1368599.190461469,
       552604.8560671541,
       310
      ],
      [
       1368599.1672878657,
       552604.1075809465,
       310
      ],
      [
       1368599.149907663,
       552603.5462162907,
       310
      ],
      [
       1368599.1383208612,
       552603.1719731868,
       310
      ],
      [
       1368599.1325274603,
       552602.984851635,
       310
      ]
     ]
    },
    "elevationFt": 310,
    "weight": "index",
    "hidden": false
   }
  },
  {
   "type": "Feature",
   "geometry": {
    "type": "LineString",
    "coordinates": [
     [
      -76.80115401690558,
      39.18445458298361
     ],
     [
      -76.801156615047,
      39.18445632794438
     ],
     [
      -76.80115791211765,
      39.18445791506179
     ],
     [
      -76.80115790811739,
      39.18445934433592
     ],
     [
      -76.80115660304618,
      39.18446061576675
     ],
     [
      -76.80115399690396,
      39.184461729354226
     ],
     [
      -76.8011514600121,
      39.184462284056345
     ],
     [
      -76.80114899237063,
      39.18446227987311
     ],
     [
      -76.80114659397964,
      39.18446171680449
     ],
     [
      -76.80114426483918,
      39.18446059485055
     ],
     [
      -76.80114310226925,
      39.18445931923648
     ],
     [
      -76.80114310626979,
      39.184457889962346
     ],
     [
      -76.80114427684073,
      39.18445630702818
     ],
     [
      -76.80114661398201,
      39.184454570433886
     ],
     [
      -76.80114901637319,
      39.18445370422837
     ],
     [
      -76.80115148401434,
      39.18445370841161
     ],
     [
      -76.80115401690558,
      39.18445458298361
     ]
    ]
   },
   "properties": {
    "id": "ct-15",
    "kind": "Contour",
    "sourceId": "contours",
    "reliabilityLevel": 1,
    "revision": 1,
    "engineeringGeometry": {
     "crs": "EPSG:2248",
     "crsName": "NAD83 / Maryland State Plane (US survey feet)",
     "datum": "NAD83",
     "unit": "usSurveyFoot",
     "coordinates": [
      [
       1368697.6313983025,
       552825.9458460077,
       310
      ],
      [
       1368696.893553581,
       552826.5797931791,
       310
      ],
      [
       1368696.5246312206,
       552827.1570538159,
       310
      ],
      [
       1368696.5246312206,
       552827.6776279182,
       310
      ],
      [
       1368696.893553581,
       552828.1415154861,
       310
      ],
      [
       1368697.6313983025,
       552828.5487165194,
       310
      ],
      [
       1368698.3500569323,
       552828.752317036,
       310
      ],
      [
       1368699.0495294705,
       552828.752317036,
       310
      ],
      [
       1368699.729815917,
       552828.5487165193,
       310
      ],
      [
       1368700.390916272,
       552828.141515486,
       310
      ],
      [
       1368700.7214664498,
       552827.6776279181,
       310
      ],
      [
       1368700.7214664498,
       552827.1570538157,
       310
      ],
      [
       1368700.390916272,
       552826.579793179,
       310
      ],
      [
       1368699.729815917,
       552825.9458460077,
       310
      ],
      [
       1368699.0495294705,
       552825.628872422,
       310
      ],
      [
       1368698.3500569323,
       552825.628872422,
       310
      ],
      [
       1368697.6313983025,
       552825.9458460077,
       310
      ]
     ]
    },
    "elevationFt": 310,
    "weight": "index",
    "hidden": false
   }
  },
  {
   "type": "Feature",
   "geometry": {
    "type": "Polygon",
    "coordinates": [
     [
      [
       -76.80127310657231,
       39.18444149246423
      ],
      [
       -76.80148709205693,
       39.1838410136839
      ],
      [
       -76.80087857249889,
       39.183466646390286
      ],
      [
       -76.80016194704736,
       39.18334382255822
      ],
      [
       -76.80027513723695,
       39.184287996119096
      ],
      [
       -76.8002842048241,
       39.18436032632634
      ],
      [
       -76.8003610763767,
       39.18438844407469
      ],
      [
       -76.80127310657231,
       39.18444149246423
      ]
     ]
    ]
   },
   "properties": {
    "id": "buildable-envelope",
    "kind": "ProposedFeature",
    "sourceId": "gis1",
    "reliabilityLevel": 1,
    "revision": 1,
    "engineeringGeometry": {
     "crs": "EPSG:2248",
     "crsName": "NAD83 / Maryland State Plane (US survey feet)",
     "datum": "NAD83",
     "unit": "usSurveyFoot",
     "coordinates": [
      [
       1368663.885023636,
       552821.1044965475
      ],
      [
       1368603.7050045761,
       552602.2655680317
      ],
      [
       1368776.4928050966,
       552466.2888400585
      ],
      [
       1368979.72578012,
       552421.9977190023
      ],
      [
       1368946.8883977789,
       552765.8152626792
      ],
      [
       1368944.2604898592,
       552792.1538174562
      ],
      [
       1368922.4483150488,
       552802.3472297611
      ],
      [
       1368663.885023636,
       552821.1044965475
      ]
     ]
    },
    "label": "Buildable envelope",
    "setbacks": {
     "frontFt": null,
     "sideFt": null,
     "rearFt": null,
     "maxFt": 0,
     "source": "Sec. 27-4202"
    }
   }
  },
  {
   "type": "Feature",
   "geometry": {
    "type": "Polygon",
    "coordinates": [
     [
      [
       -76.8009962706117,
       39.18353944603638
      ],
      [
       -76.80088382353155,
       39.18347026694657
      ],
      [
       -76.80081920993445,
       39.183533880770064
      ],
      [
       -76.80093165705237,
       39.18360305992062
      ],
      [
       -76.8009962706117,
       39.18353944603638
      ]
     ]
    ]
   },
   "properties": {
    "id": "proposed-building",
    "kind": "Building",
    "sourceId": "gis1",
    "reliabilityLevel": 1,
    "revision": 1,
    "engineeringGeometry": {
     "crs": "EPSG:2248",
     "crsName": "NAD83 / Maryland State Plane (US survey feet)",
     "datum": "NAD83",
     "unit": "usSurveyFoot",
     "coordinates": [
      [
       1368743.072231094,
       552492.7312416387
      ],
      [
       1368775.0014681872,
       552467.6042756516
      ],
      [
       1368793.2663201448,
       552490.8137148229
      ],
      [
       1368761.3370830514,
       552515.9406808099
      ],
      [
       1368743.072231094,
       552492.7312416387
      ]
     ]
    },
    "areaSqFt": 1200,
    "estimated": true,
    "address": "6751 Columbia Gateway Dr, Columbia, Maryland, 21046",
    "lotLabel": "6751 Columbia Gateway Dr, Columbia, Maryland, 21046",
    "garageSlabElevFt": null,
    "basementElevFt": null,
    "finishedFloorElevFt": null,
    "subFloorElevFt": null,
    "heightFt": 20,
    "storeys": 2
   }
  },
  {
   "type": "Feature",
   "geometry": {
    "type": "Polygon",
    "coordinates": [
     [
      [
       -76.80100530084013,
       39.18339983177372
      ],
      [
       -76.80096546007465,
       39.18338855903522
      ],
      [
       -76.80091161454605,
       39.1834873644082
      ],
      [
       -76.8009460525559,
       39.18350855118343
      ],
      [
       -76.80100530084013,
       39.18339983177372
      ]
     ]
    ]
   },
   "properties": {
    "id": "driveway",
    "kind": "Pavement",
    "sourceId": "gis1",
    "reliabilityLevel": 1,
    "revision": 1,
    "engineeringGeometry": {
     "crs": "EPSG:2248",
     "crsName": "NAD83 / Maryland State Plane (US survey feet)",
     "datum": "NAD83",
     "unit": "usSurveyFoot",
     "coordinates": [
      [
       1368740.6233663387,
       552441.8752306876
      ],
      [
       1368751.9256142096,
       552437.7940840437
      ],
      [
       1368767.1102313497,
       552473.8143469737
      ],
      [
       1368757.3315906439,
       552481.509725717
      ],
      [
       1368740.6233663387,
       552441.8752306876
      ]
     ]
    },
    "label": "PROPOSED DRIVEWAY  12' WIDE",
    "areaSqFt": 492.6140949483961,
    "note": "Longitudinal pitch 1% min to 12.5% max, lateral 1/8\" in 12\" to 1/2\" in 12\" away from the building. PGC Code Sec. 32-151, Table 4 — Site Slope Limitations.",
    "improvement": "Driveway",
    "impervious": true
   }
  },
  {
   "type": "Feature",
   "geometry": {
    "type": "Polygon",
    "coordinates": [
     [
      [
       -76.80092578967243,
       39.183496511595145
      ],
      [
       -76.80093267704943,
       39.1834838734213
      ],
      [
       -76.80090084880645,
       39.18347336741382
      ],
      [
       -76.8008939614248,
       39.183486005585856
      ],
      [
       -76.80092578967243,
       39.183496511595145
      ]
     ]
    ]
   },
   "properties": {
    "id": "walk",
    "kind": "Pavement",
    "sourceId": "gis1",
    "reliabilityLevel": 1,
    "revision": 1,
    "engineeringGeometry": {
     "crs": "EPSG:2248",
     "crsName": "NAD83 / Maryland State Plane (US survey feet)",
     "datum": "NAD83",
     "unit": "usSurveyFoot",
     "coordinates": [
      [
       1368763.0848780556,
       552477.1371809334
      ],
      [
       1368761.1426168552,
       552472.5298366408
      ],
      [
       1368770.1730116685,
       552468.7230046882
      ],
      [
       1368772.115272869,
       552473.3303489807
      ],
      [
       1368763.0848780556,
       552477.1371809334
      ]
     ]
    },
    "label": "CONCRETE WALK  5' WIDE",
    "areaSqFt": 49.00000000093132,
    "note": "Leadwalk from the edge of the driveway to the stoop, 10 ft. Lateral pitch 48:1 max, longitudinal 12:1 max. PGC Code Sec. 32-151, Table 4 — Site Slope Limitations.",
    "improvement": "Walk",
    "impervious": true
   }
  },
  {
   "type": "Feature",
   "geometry": {
    "type": "Polygon",
    "coordinates": [
     [
      [
       -76.80094822721519,
       39.183490497443344
      ],
      [
       -76.80092224497102,
       39.18348192111483
      ],
      [
       -76.80091673506826,
       39.183492031653465
      ],
      [
       -76.80094271731548,
       39.18350060798319
      ],
      [
       -76.80094822721519,
       39.183490497443344
      ]
     ]
    ]
   },
   "properties": {
    "id": "stoop",
    "kind": "Pavement",
    "sourceId": "gis1",
    "reliabilityLevel": 1,
    "revision": 1,
    "engineeringGeometry": {
     "crs": "EPSG:2248",
     "crsName": "NAD83 / Maryland State Plane (US survey feet)",
     "datum": "NAD83",
     "unit": "usSurveyFoot",
     "coordinates": [
      [
       1368756.7294986828,
       552474.9328322705
      ],
      [
       1368764.1012495507,
       552471.82521435
      ],
      [
       1368765.655058511,
       552475.511089784
      ],
      [
       1368758.2833076431,
       552478.6187077045
      ],
      [
       1368756.7294986828,
       552474.9328322705
      ]
     ]
    },
    "label": "CONCRETE STOOP  8' x 4'",
    "areaSqFt": 31.999999999068677,
    "note": "Front concrete stoop at the entrance, met by the leadwalk. Riser count and handrail per the architectural plans and the building code.",
    "improvement": "Stoop",
    "impervious": true
   }
  },
  {
   "type": "Feature",
   "geometry": {
    "type": "Polygon",
    "coordinates": [
     [
      [
       -76.80196986602498,
       39.183610789015724
      ],
      [
       -76.80012078164587,
       39.18300043592772
      ],
      [
       -76.80011664916144,
       39.18300801880446
      ],
      [
       -76.80196573370237,
       39.18361837195637
      ],
      [
       -76.80196986602498,
       39.183610789015724
      ]
     ]
    ]
   },
   "properties": {
    "id": "sidewalk",
    "kind": "Pavement",
    "sourceId": "gis1",
    "reliabilityLevel": 1,
    "revision": 1,
    "engineeringGeometry": {
     "crs": "EPSG:2248",
     "crsName": "NAD83 / Maryland State Plane (US survey feet)",
     "datum": "NAD83",
     "unit": "usSurveyFoot",
     "coordinates": [
      [
       1368467.0402460922,
       552518.1157060087
      ],
      [
       1368991.6684098712,
       552296.9546938471
      ],
      [
       1368992.8337665913,
       552299.7191004226
      ],
      [
       1368468.2056028123,
       552520.8801125842
      ],
      [
       1368467.0402460922,
       552518.1157060087
      ]
     ]
    },
    "label": "CONCRETE SIDEWALK  3' WIDE",
    "areaSqFt": 1708.017017364502,
    "note": "Public sidewalk across the frontage, inside the front property line. Whether it is to be built, reconstructed or waived is a DPW&T determination at street construction permit.",
    "improvement": "Sidewalk",
    "impervious": true
   }
  },
  {
   "type": "Feature",
   "geometry": {
    "type": "Polygon",
    "coordinates": [
     [
      [
       -76.80197537578707,
       39.183600678427936
      ],
      [
       -76.80012629162377,
       39.182990325425166
      ],
      [
       -76.80012078164587,
       39.18300043592772
      ],
      [
       -76.80196986602498,
       39.183610789015724
      ],
      [
       -76.80197537578707,
       39.183600678427936
      ]
     ]
    ]
   },
   "properties": {
    "id": "verge",
    "kind": "Surface",
    "sourceId": "gis1",
    "reliabilityLevel": 1,
    "revision": 1,
    "engineeringGeometry": {
     "crs": "EPSG:2248",
     "crsName": "NAD83 / Maryland State Plane (US survey feet)",
     "datum": "NAD83",
     "unit": "usSurveyFoot",
     "coordinates": [
      [
       1368465.4864371319,
       552514.4298305748
      ],
      [
       1368990.1146009108,
       552293.2688184131
      ],
      [
       1368991.6684098712,
       552296.9546938471
      ],
      [
       1368467.0402460922,
       552518.1157060087
      ],
      [
       1368465.4864371319,
       552514.4298305748
      ]
     ]
    },
    "label": "PLANTING STRIP  4' WIDE  (STREET TREES)",
    "areaSqFt": 2277.3560232520103,
    "note": "Landscaped strip between the sidewalk and the curb, in the strip dedicated to public use. Street tree species, spacing and clear distances are set by the Landscape Manual and by DPW&T; this shows the STRIP, not a planting schedule.",
    "improvement": "Verge",
    "impervious": false
   }
  },
  {
   "type": "Feature",
   "geometry": {
    "type": "Polygon",
    "coordinates": [
     [
      [
       -76.80197744194743,
       39.183596886957446
      ],
      [
       -76.80012835786508,
       39.182986533986615
      ],
      [
       -76.80012629162377,
       39.182990325425166
      ],
      [
       -76.80197537578707,
       39.183600678427936
      ],
      [
       -76.80197744194743,
       39.183596886957446
      ]
     ]
    ]
   },
   "properties": {
    "id": "curb",
    "kind": "Pavement",
    "sourceId": "gis1",
    "reliabilityLevel": 1,
    "revision": 1,
    "engineeringGeometry": {
     "crs": "EPSG:2248",
     "crsName": "NAD83 / Maryland State Plane (US survey feet)",
     "datum": "NAD83",
     "unit": "usSurveyFoot",
     "coordinates": [
      [
       1368464.903758772,
       552513.047627287
      ],
      [
       1368989.5319225509,
       552291.8866151253
      ],
      [
       1368990.1146009108,
       552293.2688184131
      ],
      [
       1368465.4864371319,
       552514.4298305748
      ],
      [
       1368464.903758772,
       552513.047627287
      ]
     ]
    },
    "label": "CURB AND GUTTER",
    "areaSqFt": 854.008508682251,
    "note": "Curb and gutter at the street face of the planting strip, 4 ft outside the front property line, where the frontage meets the travelled way. Depressed through every driveway apron per DPW&T STD. 300.01 note 6.",
    "improvement": "Sidewalk",
    "impervious": true
   }
  },
  {
   "type": "Feature",
   "geometry": {
    "type": "Polygon",
    "coordinates": [
     [
      [
       -76.80096217052018,
       39.18337156057979
      ],
      [
       -76.80102184953886,
       39.18338844644906
      ],
      [
       -76.80100165733865,
       39.18340756505887
      ],
      [
       -76.80096187131554,
       39.183396307809296
      ],
      [
       -76.80096217052018,
       39.18337156057979
      ]
     ]
    ]
   },
   "properties": {
    "id": "apron",
    "kind": "Pavement",
    "sourceId": "gis1",
    "reliabilityLevel": 1,
    "revision": 1,
    "engineeringGeometry": {
     "crs": "EPSG:2248",
     "crsName": "NAD83 / Maryland State Plane (US survey feet)",
     "datum": "NAD83",
     "unit": "usSurveyFoot",
     "coordinates": [
      [
       1368752.87157295,
       552431.6049246745
      ],
      [
       1368735.9414971755,
       552437.718232639
      ],
      [
       1368741.6500163432,
       552444.6941059829
      ],
      [
       1368752.9367335262,
       552440.6185673397
      ],
      [
       1368752.87157295,
       552431.6049246745
      ]
     ]
    },
    "label": "PROPOSED 18' DRIVEWAY APRON  PER HOWARD COUNTY STANDARD",
    "areaSqFt": 127.49999999813735,
    "note": "Driveway apron at the front property line, at street level, between the curb and the driveway. The howard county standard govern the depression, jointing and curb cut.",
    "improvement": "Apron",
    "impervious": true
   }
  },
  {
   "type": "Feature",
   "geometry": {
    "type": "Polygon",
    "coordinates": [
     [
      [
       -76.80079603324492,
       39.18355458019112
      ],
      [
       -76.80092338063511,
       39.183629749458255
      ],
      [
       -76.80199919502917,
       39.18362706958904
      ],
      [
       -76.80079603324492,
       39.18355458019112
      ]
     ]
    ]
   },
   "properties": {
    "id": "lod",
    "kind": "LimitOfDisturbance",
    "sourceId": "gis1",
    "reliabilityLevel": 1,
    "revision": 1,
    "engineeringGeometry": {
     "crs": "EPSG:2248",
     "crsName": "NAD83 / Maryland State Plane (US survey feet)",
     "datum": "NAD83",
     "unit": "usSurveyFoot",
     "coordinates": [
      [
       1368799.8195396804,
       552498.3672116103
      ],
      [
       1368763.6619176024,
       552525.6666843216
      ],
      [
       1368458.713785605,
       552524.0273980978
      ],
      [
       1368799.8195396804,
       552498.3672116103
      ]
     ]
    },
    "note": "Limits of disturbance — proposed work plus a 10 ft working margin, clipped to the property line."
   }
  },
  {
   "type": "Feature",
   "geometry": {
    "type": "Point",
    "coordinates": [
     -76.8016744257222,
     39.18371071229749
    ]
   },
   "properties": {
    "id": "ffe-41",
    "kind": "SpotElevation",
    "sourceId": "design",
    "reliabilityLevel": 1,
    "revision": 1,
    "engineeringGeometry": {
     "crs": "EPSG:2248",
     "crsName": "NAD83 / Maryland State Plane (US survey feet)",
     "datum": "NAD83",
     "unit": "usSurveyFoot",
     "coordinates": [
      [
       1368550.7066832397,
       552554.6916581682
      ]
     ]
    },
    "label": "FFE",
    "note": "Finished floor elevation to be set above the adjacent grade per code."
   }
  },
  {
   "type": "Feature",
   "geometry": {
    "type": "LineString",
    "coordinates": [
     [
      -76.80116531048948,
      39.18324644604383
     ],
     [
      -76.80098970740782,
      39.18354590770387
     ]
    ]
   },
   "properties": {
    "id": "util-42",
    "kind": "Utility",
    "sourceId": "design",
    "reliabilityLevel": 1,
    "revision": 1,
    "engineeringGeometry": {
     "crs": "EPSG:2248",
     "crsName": "NAD83 / Maryland State Plane (US survey feet)",
     "datum": "NAD83",
     "unit": "usSurveyFoot",
     "coordinates": [
      [
       1368695.3885815588,
       552385.9101151075
      ],
      [
       1368744.9275079882,
       552495.0887716269
      ]
     ]
    },
    "type": "Water service (WHC)",
    "size": "1\" COPPER FROM EX. 8\" MAIN",
    "sizeAtHouse": "1\" COPPER",
    "from": "frontage",
    "note": "Record information. Field verification required before excavation — call Miss Utility."
   }
  },
  {
   "type": "Feature",
   "geometry": {
    "type": "LineString",
    "coordinates": [
     [
      -76.80115765748933,
      39.18324372785921
     ],
     [
      -76.80096783005294,
      39.18356744659279
     ]
    ]
   },
   "properties": {
    "id": "util-43",
    "kind": "Utility",
    "sourceId": "design",
    "reliabilityLevel": 1,
    "revision": 1,
    "engineeringGeometry": {
     "crs": "EPSG:2248",
     "crsName": "NAD83 / Maryland State Plane (US survey feet)",
     "datum": "NAD83",
     "unit": "usSurveyFoot",
     "coordinates": [
      [
       1368697.5600684055,
       552384.9248206317
      ],
      [
       1368751.1117643022,
       552502.9472049214
      ]
     ]
    },
    "type": "Sanitary lateral (SHC)",
    "size": "4\" PVC TO EX. 8\" MAIN",
    "sizeAtHouse": "4\" PVC",
    "from": "frontage",
    "note": "Record information. Field verification required before excavation — call Miss Utility."
   }
  },
  {
   "type": "Feature",
   "geometry": {
    "type": "Polygon",
    "coordinates": [
     [
      [
       -76.80135618927956,
       39.183478765676774
      ],
      [
       -76.80121613915956,
       39.18347852841711
      ],
      [
       -76.80121583419465,
       39.183587524574186
      ],
      [
       -76.8013558845295,
       39.18358776183421
      ],
      [
       -76.80135618927956,
       39.183478765676774
      ]
     ]
    ]
   },
   "properties": {
    "id": "swm-44",
    "kind": "SWMPractice",
    "sourceId": "design",
    "reliabilityLevel": 1,
    "revision": 1,
    "engineeringGeometry": {
     "crs": "EPSG:2248",
     "crsName": "NAD83 / Maryland State Plane (US survey feet)",
     "datum": "NAD83",
     "unit": "usSurveyFoot",
     "coordinates": [
      [
       1368641.0976816562,
       552470.4079838466
      ],
      [
       1368680.7965481386,
       552470.4079838466
      ],
      [
       1368680.7965481386,
       552510.1068503292
      ],
      [
       1368641.0976816562,
       552510.1068503292
      ],
      [
       1368641.0976816562,
       552470.4079838466
      ]
     ]
    },
    "practice": "Environmental Site Design — micro-bioretention",
    "requiredVolumeCf": 1261,
    "footprintSqFt": 1576,
    "pondingDepthFt": 2
   }
  },
  {
   "type": "Feature",
   "geometry": {
    "type": "Polygon",
    "coordinates": [
     [
      [
       -76.8002842048241,
       39.18436032632634
      ],
      [
       -76.80027513723695,
       39.184287996119096
      ],
      [
       -76.80012078164587,
       39.18300043592772
      ],
      [
       -76.8003526852485,
       39.18314310956433
      ],
      [
       -76.80058773565034,
       39.18325758444549
      ],
      [
       -76.80083632725378,
       39.18335202145368
      ],
      [
       -76.8010962978146,
       39.18342557883267
      ],
      [
       -76.80129130493141,
       39.18346524612987
      ],
      [
       -76.80129648551396,
       39.183466930499264
      ],
      [
       -76.8013026641245,
       39.18346774239468
      ],
      [
       -76.80147494477067,
       39.183497382139876
      ],
      [
       -76.80163852613447,
       39.18352524976969
      ],
      [
       -76.80166053036025,
       39.18352889006595
      ],
      [
       -76.80167146285373,
       39.18353057513035
      ],
      [
       -76.80169741068232,
       39.18353548270596
      ],
      [
       -76.80172593667491,
       39.18354098980189
      ],
      [
       -76.801753015482,
       39.183546998934915
      ],
      [
       -76.80178639776538,
       39.18355463046342
      ],
      [
       -76.80183984301566,
       39.1835686380759
      ],
      [
       -76.80188757049093,
       39.183582725760594
      ],
      [
       -76.80190822365076,
       39.1835894353745
      ],
      [
       -76.80192550004456,
       39.18359503159308
      ],
      [
       -76.80196986602498,
       39.183610789015724
      ],
      [
       -76.80202004410326,
       39.18363006069381
      ],
      [
       -76.8020724931219,
       39.18364890344203
      ],
      [
       -76.80211059605035,
       39.18366107417947
      ],
      [
       -76.8021322328651,
       39.18366783949046
      ],
      [
       -76.80213505447247,
       39.18366870012484
      ],
      [
       -76.80218732831993,
       39.18368352448135
      ],
      [
       -76.80221324830063,
       39.183690215981876
      ],
      [
       -76.80225886832913,
       39.18370050807959
      ],
      [
       -76.80230934914013,
       39.18371086214723
      ],
      [
       -76.80233544698727,
       39.18371584212603
      ],
      [
       -76.802602302236,
       39.18376206010112
      ],
      [
       -76.80290424656677,
       39.183813804617216
      ],
      [
       -76.8029039662924,
       39.18381482191834
      ],
      [
       -76.80270161001434,
       39.18452456719435
      ],
      [
       -76.80263988229909,
       39.1845209777779
      ],
      [
       -76.80127308794128,
       39.18444154474553
      ],
      [
       -76.80118465959366,
       39.18468968625713
      ],
      [
       -76.8002842048241,
       39.18436032632634
      ]
     ]
    ]
   },
   "properties": {
    "id": "da-45",
    "kind": "DrainageArea",
    "sourceId": "design",
    "reliabilityLevel": 1,
    "revision": 1,
    "engineeringGeometry": {
     "crs": "EPSG:2248",
     "crsName": "NAD83 / Maryland State Plane (US survey feet)",
     "datum": "NAD83",
     "unit": "usSurveyFoot",
     "coordinates": [
      [
       1368944.2604898592,
       552792.1538174562
      ],
      [
       1368946.8883977789,
       552765.8152626792
      ],
      [
       1368991.6684098712,
       552296.9546938471
      ],
      [
       1368925.818809046,
       552348.7755586974
      ],
      [
       1368859.099911415,
       552390.3240694115
      ],
      [
       1368788.5587489924,
       552424.5661671921
      ],
      [
       1368714.808856692,
       552451.1966329971
      ],
      [
       1368659.500550391,
       552465.523910327
      ],
      [
       1368658.0307242095,
       552466.1341964053
      ],
      [
       1368656.278688188,
       552466.4260935613
      ],
      [
       1368607.4204439977,
       552477.1152609116
      ],
      [
       1368561.0295442024,
       552487.1644372055
      ],
      [
       1368554.789338504,
       552488.4767567902
      ],
      [
       1368551.6890771224,
       552489.0837597032
      ],
      [
       1368544.330014913,
       552490.855222871
      ],
      [
       1368536.2396724026,
       552492.84345868
      ],
      [
       1368528.5591535983,
       552495.0154402707
      ],
      [
       1368519.0905682978,
       552497.7744548076
      ],
      [
       1368503.9298917828,
       552502.8434303581
      ],
      [
       1368490.389919002,
       552507.9450960907
      ],
      [
       1368484.5302693828,
       552510.3761734255
      ],
      [
       1368479.6286790045,
       552512.4038070737
      ],
      [
       1368467.0402460922,
       552518.1157060087
      ],
      [
       1368452.8015460183,
       552525.1040033909
      ],
      [
       1368437.9194719892,
       552531.9346877254
      ],
      [
       1368427.1092129103,
       552536.3441096415
      ],
      [
       1368420.970705129,
       552538.7948830406
      ],
      [
       1368420.170213562,
       552539.1066105079
      ],
      [
       1368405.3409816246,
       552544.4738389406
      ],
      [
       1368397.9884312758,
       552546.8951036782
      ],
      [
       1368385.048873072,
       552550.6156867879
      ],
      [
       1368370.7314343078,
       552554.3558632934
      ],
      [
       1368363.3298218485,
       552556.1536566911
      ],
      [
       1368287.6507473818,
       552572.8235338166
      ],
      [
       1368202.0211016452,
       552591.4850379593
      ],
      [
       1368202.09974801,
       552591.855731854
      ],
      [
       1368258.9007963126,
       552850.483752801
      ],
      [
       1368276.4007353093,
       552849.2142337493
      ],
      [
       1368663.8902632727,
       552821.1235499891
      ],
      [
       1368688.7590345475,
       552911.5564768027
      ],
      [
       1368944.2604898592,
       552792.1538174562
      ]
     ]
    },
    "areaAcres": 6.1924,
    "percentImpervious": 0.7,
    "compositeC": 0.255
   }
  },
  {
   "type": "Feature",
   "geometry": {
    "type": "Polygon",
    "coordinates": [
     [
      [
       -76.80079603324492,
       39.18355458019112
      ],
      [
       -76.80092338063511,
       39.183629749458255
      ],
      [
       -76.80199919502917,
       39.18362706958904
      ],
      [
       -76.80079603324492,
       39.18355458019112
      ]
     ]
    ]
   },
   "properties": {
    "id": "esc-46",
    "kind": "ProposedFeature",
    "sourceId": "design",
    "reliabilityLevel": 1,
    "revision": 1,
    "engineeringGeometry": {
     "crs": "EPSG:2248",
     "crsName": "NAD83 / Maryland State Plane (US survey feet)",
     "datum": "NAD83",
     "unit": "usSurveyFoot",
     "coordinates": [
      [
       1368799.8195396804,
       552498.3672116103
      ],
      [
       1368763.6619176024,
       552525.6666843216
      ],
      [
       1368458.713785605,
       552524.0273980978
      ],
      [
       1368799.8195396804,
       552498.3672116103
      ]
     ]
    },
    "type": "Silt fence / super silt fence",
    "note": "Perimeter control on the down-gradient limit of disturbance."
   }
  },
  {
   "type": "Feature",
   "geometry": {
    "type": "Polygon",
    "coordinates": [
     [
      [
       -76.80079615641583,
       39.18351065101505
      ],
      [
       -76.80069032202294,
       39.18351047123064
      ],
      [
       -76.80069019878658,
       39.183554400406614
      ],
      [
       -76.80079603324492,
       39.18355458019112
      ],
      [
       -76.80079615641583,
       39.18351065101505
      ]
     ]
    ]
   },
   "properties": {
    "id": "sce-47",
    "kind": "ProposedFeature",
    "sourceId": "design",
    "reliabilityLevel": 1,
    "revision": 1,
    "engineeringGeometry": {
     "crs": "EPSG:2248",
     "crsName": "NAD83 / Maryland State Plane (US survey feet)",
     "datum": "NAD83",
     "unit": "usSurveyFoot",
     "coordinates": [
      [
       1368799.8195396804,
       552482.3672116103
      ],
      [
       1368829.8195396804,
       552482.3672116103
      ],
      [
       1368829.8195396804,
       552498.3672116103
      ],
      [
       1368799.8195396804,
       552498.3672116103
      ],
      [
       1368799.8195396804,
       552482.3672116103
      ]
     ]
    },
    "type": "Stabilized construction entrance",
    "note": "Mountable berm, washrack where required."
   }
  },
  {
   "type": "Feature",
   "geometry": {
    "type": "Polygon",
    "coordinates": [
     [
      [
       -76.8019726836368,
       39.18357672335309
      ],
      [
       -76.80193740547197,
       39.183576663789424
      ],
      [
       -76.80193732893115,
       39.1836041195248
      ],
      [
       -76.80197260710959,
       39.18360417908848
      ],
      [
       -76.8019726836368,
       39.18357672335309
      ]
     ]
    ]
   },
   "properties": {
    "id": "street-tree-49",
    "kind": "Tree",
    "sourceId": "design",
    "reliabilityLevel": 1,
    "revision": 1,
    "engineeringGeometry": {
     "crs": "EPSG:2248",
     "crsName": "NAD83 / Maryland State Plane (US survey feet)",
     "datum": "NAD83",
     "unit": "usSurveyFoot",
     "coordinates": [
      [
       1368466.2684806993,
       552505.7065467943
      ],
      [
       1368476.2684806993,
       552505.7065467943
      ],
      [
       1368476.2684806993,
       552515.7065467943
      ],
      [
       1368466.2684806993,
       552515.7065467943
      ],
      [
       1368466.2684806993,
       552505.7065467943
      ]
     ]
    }
   }
  },
  {
   "type": "Feature",
   "geometry": {
    "type": "Polygon",
    "coordinates": [
     [
      [
       -76.80077732432517,
       39.18352049495929
      ],
      [
       -76.80073499056209,
       39.18352042305021
      ],
      [
       -76.80073489815555,
       39.18355336993219
      ],
      [
       -76.80077723193824,
       39.183553441841305
      ],
      [
       -76.80077732432517,
       39.18352049495929
      ]
     ]
    ]
   },
   "properties": {
    "id": "tree-50",
    "kind": "Tree",
    "sourceId": "design",
    "reliabilityLevel": 1,
    "revision": 1,
    "engineeringGeometry": {
     "crs": "EPSG:2248",
     "crsName": "NAD83 / Maryland State Plane (US survey feet)",
     "datum": "NAD83",
     "unit": "usSurveyFoot",
     "coordinates": [
      [
       1368805.1498667144,
       552485.9642309124
      ],
      [
       1368817.1498667144,
       552485.9642309124
      ],
      [
       1368817.1498667144,
       552497.9642309124
      ],
      [
       1368805.1498667144,
       552497.9642309124
      ],
      [
       1368805.1498667144,
       552485.9642309124
      ]
     ]
    }
   }
  },
  {
   "type": "Feature",
   "geometry": {
    "type": "Polygon",
    "coordinates": [
     [
      [
       -76.80079982616758,
       39.183586427252756
      ],
      [
       -76.80075749236521,
       39.18358635535177
      ],
      [
       -76.80075739996902,
       39.18361930223318
      ],
      [
       -76.80079973379101,
       39.1836193741342
      ],
      [
       -76.80079982616758,
       39.183586427252756
      ]
     ]
    ]
   },
   "properties": {
    "id": "tree-51",
    "kind": "Tree",
    "sourceId": "design",
    "reliabilityLevel": 1,
    "revision": 1,
    "engineeringGeometry": {
     "crs": "EPSG:2248",
     "crsName": "NAD83 / Maryland State Plane (US survey feet)",
     "datum": "NAD83",
     "unit": "usSurveyFoot",
     "coordinates": [
      [
       1368798.719086096,
       552509.9642309124
      ],
      [
       1368810.719086096,
       552509.9642309124
      ],
      [
       1368810.719086096,
       552521.9642309124
      ],
      [
       1368798.719086096,
       552521.9642309124
      ],
      [
       1368798.719086096,
       552509.9642309124
      ]
     ]
    }
   }
  },
  {
   "type": "Feature",
   "geometry": {
    "type": "Polygon",
    "coordinates": [
     [
      [
       -76.80086167194955,
       39.18363477007784
      ],
      [
       -76.80081933811829,
       39.18363469819917
      ],
      [
       -76.80081924575072,
       39.18366764508022
      ],
      [
       -76.80086157960159,
       39.18366771695891
      ],
      [
       -76.80086167194955,
       39.18363477007784
      ]
     ]
    ]
   },
   "properties": {
    "id": "tree-52",
    "kind": "Tree",
    "sourceId": "design",
    "reliabilityLevel": 1,
    "revision": 1,
    "engineeringGeometry": {
     "crs": "EPSG:2248",
     "crsName": "NAD83 / Maryland State Plane (US survey feet)",
     "datum": "NAD83",
     "unit": "usSurveyFoot",
     "coordinates": [
      [
       1368781.1498667144,
       552527.533450294
      ],
      [
       1368793.1498667144,
       552527.533450294
      ],
      [
       1368793.1498667144,
       552539.533450294
      ],
      [
       1368781.1498667144,
       552539.533450294
      ],
      [
       1368781.1498667144,
       552527.533450294
      ]
     ]
    }
   }
  }
 ],
 "kealee": {
  "siteId": "6751 Columbia Gateway Dr, Columbia, Maryland, 21046",
  "modelRevision": 8,
  "geoJsonCrs": "EPSG:4326 (RFC 7946, longitude first)",
  "sourceCrs": "EPSG:2248",
  "sourceCrsName": "NAD83 / Maryland State Plane (US survey feet)",
  "horizontalDatum": "NAD83",
  "verticalDatum": "NAVD88 (feet)",
  "transformer": "registry (proj4 + arcgis-geometry-service (https://sampleserver6.arcgisonline.com/arcgis/rest/services/Utilities/Geometry/GeometryServer))",
  "note": "Geometry is WGS84 per RFC 7946. Original engineering coordinates are preserved per feature under properties.engineeringGeometry."
 }
}