0
SECTION
2
HEADER
9
$ACADVER
1
AC1021
9
$LASTSAVEDBY
1
@tarikjabiri/dxf
9
$HANDSEED
5
57
9
$INSUNITS
70
0
9
$CLAYER
8
0
9
$VIEWCTR
10
1368547.4274341182
20
552531.721545964
0
ENDSEC
0
SECTION
2
CLASSES
0
ENDSEC
0
SECTION
2
TABLES
0
TABLE
2
VPORT
5
1
330
0
100
AcDbSymbolTable
70
1
0
VPORT
5
19
330
1
100
AcDbSymbolTableRecord
100
AcDbViewportTableRecord
2
*Active
70
0
10
0
20
0
11
1
21
1
12
1368547.4274341182
22
552531.721545964
13
0
23
0
14
10
24
10
15
10
25
10
16
0
26
0
36
1
17
0
27
0
37
0
40
759.6698616773356
41
2
42
50
43
0
44
0
50
0
51
0
71
0
72
100
73
1
74
3
75
0
76
1
77
0
78
0
281
0
65
1
110
0
120
0
130
0
111
1
121
0
131
0
112
0
122
1
132
0
79
0
146
0
348
10020
60
7
61
5
292
1
282
1
141
0
142
0
63
250
421
3358443
0
ENDTAB
0
TABLE
2
LTYPE
5
2
330
0
100
AcDbSymbolTable
70
7
0
LTYPE
5
12
330
2
100
AcDbSymbolTableRecord
100
AcDbLinetypeTableRecord
2
ByBlock
70
0
3

72
65
73
0
40
0
0
LTYPE
5
13
330
2
100
AcDbSymbolTableRecord
100
AcDbLinetypeTableRecord
2
ByLayer
70
0
3

72
65
73
0
40
0
0
LTYPE
5
14
330
2
100
AcDbSymbolTableRecord
100
AcDbLinetypeTableRecord
2
Continuous
70
0
3
Solid line
72
65
73
0
40
0
0
LTYPE
5
1A
330
2
100
AcDbSymbolTableRecord
100
AcDbLinetypeTableRecord
2
DASHED
70
0
3
Dashed __ __ __ __ __ __
72
65
73
2
40
6
49
4
74
0
49
-2
74
0
0
LTYPE
5
1B
330
2
100
AcDbSymbolTableRecord
100
AcDbLinetypeTableRecord
2
HIDDEN
70
0
3
Hidden __ __ __ __ __
72
65
73
2
40
3
49
2
74
0
49
-1
74
0
0
LTYPE
5
1C
330
2
100
AcDbSymbolTableRecord
100
AcDbLinetypeTableRecord
2
PHANTOM
70
0
3
Phantom ____ _ _ ____ _ _
72
65
73
6
40
13
49
8
74
0
49
-1
74
0
49
1
74
0
49
-1
74
0
49
1
74
0
49
-1
74
0
0
LTYPE
5
1D
330
2
100
AcDbSymbolTableRecord
100
AcDbLinetypeTableRecord
2
DASHDOT
70
0
3
Dash dot __ . __ . __ .
72
65
73
4
40
8
49
4
74
0
49
-2
74
0
49
0
74
0
49
-2
74
0
0
ENDTAB
0
TABLE
2
LAYER
5
3
330
0
100
AcDbSymbolTable
70
14
0
LAYER
5
15
330
3
100
AcDbSymbolTableRecord
100
AcDbLayerTableRecord
2
0
70
0
62
7
6
Continuous
370
0
390
0
0
LAYER
5
1E
330
3
100
AcDbSymbolTableRecord
100
AcDbLayerTableRecord
2
C-BLDG-FTPR-N
70
0
62
6
6
Continuous
370
0
390
0
0
LAYER
5
1F
330
3
100
AcDbSymbolTableRecord
100
AcDbLayerTableRecord
2
C-LODS
70
0
62
30
6
PHANTOM
370
0
390
0
0
LAYER
5
20
330
3
100
AcDbSymbolTableRecord
100
AcDbLayerTableRecord
2
C-PVMT
70
0
62
8
6
Continuous
370
0
390
0
0
LAYER
5
21
330
3
100
AcDbSymbolTableRecord
100
AcDbLayerTableRecord
2
C-SITE-N
70
0
62
6
6
Continuous
370
0
390
0
0
LAYER
5
22
330
3
100
AcDbSymbolTableRecord
100
AcDbLayerTableRecord
2
C-STRM-AREA
70
0
62
150
6
PHANTOM
370
0
390
0
0
LAYER
5
23
330
3
100
AcDbSymbolTableRecord
100
AcDbLayerTableRecord
2
C-SWMG
70
0
62
92
6
Continuous
370
0
390
0
0
LAYER
5
24
330
3
100
AcDbSymbolTableRecord
100
AcDbLayerTableRecord
2
C-TOPO-MAJR-E
70
0
62
32
6
DASHED
370
0
390
0
0
LAYER
5
25
330
3
100
AcDbSymbolTableRecord
100
AcDbLayerTableRecord
2
C-TOPO-SPOT
70
0
62
7
6
Continuous
370
0
390
0
0
LAYER
5
26
330
3
100
AcDbSymbolTableRecord
100
AcDbLayerTableRecord
2
C-TOPO-SURF
70
0
62
253
6
Continuous
370
0
390
0
0
LAYER
5
27
330
3
100
AcDbSymbolTableRecord
100
AcDbLayerTableRecord
2
C-UTIL
70
0
62
4
6
DASHED
370
0
390
0
0
LAYER
5
28
330
3
100
AcDbSymbolTableRecord
100
AcDbLayerTableRecord
2
L-PLNT-TREE
70
0
62
90
6
Continuous
370
0
390
0
0
LAYER
5
29
330
3
100
AcDbSymbolTableRecord
100
AcDbLayerTableRecord
2
V-PROP-BNDY
70
0
62
7
6
Continuous
370
0
390
0
0
LAYER
5
2A
330
3
100
AcDbSymbolTableRecord
100
AcDbLayerTableRecord
2
C-ANNO-NPLT
70
0
62
250
6
Continuous
370
0
390
0
0
ENDTAB
0
TABLE
2
STYLE
5
4
330
0
100
AcDbSymbolTable
70
1
0
STYLE
5
16
330
4
100
AcDbSymbolTableRecord
100
AcDbTextStyleTableRecord
2
Standard
70
0
40
0
41
1
50
0
71
0
42
1
3
txt
4

0
ENDTAB
0
TABLE
2
VIEW
5
5
330
0
100
AcDbSymbolTable
70
0
0
ENDTAB
0
TABLE
2
UCS
5
6
330
0
100
AcDbSymbolTable
70
0
0
ENDTAB
0
TABLE
2
APPID
5
7
330
0
100
AcDbSymbolTable
70
1
0
APPID
5
17
330
7
100
AcDbSymbolTableRecord
100
AcDbRegAppTableRecord
2
ACAD
70
0
0
ENDTAB
0
TABLE
2
DIMSTYLE
5
8
330
0
100
AcDbSymbolTable
70
1
100
AcDbDimStyleTable
0
DIMSTYLE
105
18
330
8
100
AcDbSymbolTableRecord
100
AcDbDimStyleTableRecord
2
Standard
70
0
340
16
0
ENDTAB
0
TABLE
2
BLOCK_RECORD
5
9
330
0
100
AcDbSymbolTable
70
2
0
BLOCK_RECORD
5
C
330
9
100
AcDbSymbolTableRecord
100
AcDbBlockTableRecord
2
*Model_Space
70
0
280
1
281
0
0
BLOCK_RECORD
5
F
330
9
100
AcDbSymbolTableRecord
100
AcDbBlockTableRecord
2
*Paper_Space
70
0
280
1
281
0
0
ENDTAB
0
ENDSEC
0
SECTION
2
BLOCKS
0
BLOCK
5
D
330
C
100
AcDbEntity
8
0
100
AcDbBlockBegin
2
*Model_Space
70
0
10
0
20
0
30
0
3
*Model_Space
1

0
ENDBLK
5
E
100
AcDbEntity
8
0
100
AcDbBlockEnd
0
BLOCK
5
10
330
F
100
AcDbEntity
8
0
100
AcDbBlockBegin
2
*Paper_Space
70
0
10
0
20
0
30
0
3
*Paper_Space
1

0
ENDBLK
5
11
100
AcDbEntity
8
0
100
AcDbBlockEnd
0
ENDSEC
0
SECTION
2
ENTITIES
0
TEXT
5
2B
330
C
100
AcDbEntity
8
C-ANNO-NPLT
100
AcDbText
10
1368202.0211016452
20
552271.8866151253
30
0
40
2.5
1
PRELIMINARY - NOT SEALED - NOT FOR CONSTRUCTION OR PERMIT SUBMISSION
7
STANDARD
100
AcDbText
0
TEXT
5
2C
330
C
100
AcDbEntity
8
C-ANNO-NPLT
100
AcDbText
10
1368202.0211016452
20
552267.8866151253
30
0
40
2.5
1
GENERATED 2026-09-26T00:45:55.418Z BY KEALEE SITE PLAN ENGINE
7
STANDARD
100
AcDbText
0
TEXT
5
2D
330
C
100
AcDbEntity
8
C-ANNO-NPLT
100
AcDbText
10
1368202.0211016452
20
552263.8866151253
30
0
40
2.5
1
HORIZONTAL: EPSG:2248
7
STANDARD
100
AcDbText
0
TEXT
5
2E
330
C
100
AcDbEntity
8
C-ANNO-NPLT
100
AcDbText
10
1368202.0211016452
20
552259.8866151253
30
0
40
2.5
1
VERTICAL: NAVD88 (feet)
7
STANDARD
100
AcDbText
0
TEXT
5
2F
330
C
100
AcDbEntity
8
C-ANNO-NPLT
100
AcDbText
10
1368202.0211016452
20
552255.8866151253
30
0
40
2.5
1
SOURCES: Parcel boundary — jurisdiction gis (Maryland Department of Planning — MD iMAP parcel boundaries — Plat 6871, Lot E   1, level 1); Existing contours (U.S. Geological Survey — 3D Elevation Program — 3DEP bare-earth DEM — VA_UpperMiddleNeck_2018_D18, level 1)
7
STANDARD
100
AcDbText
0
TEXT
5
30
330
C
100
AcDbEntity
8
C-ANNO-NPLT
100
AcDbText
10
1368202.0211016452
20
552251.8866151253
30
0
40
2.5
1
THIS FILE IS DATA FOR A LICENSED PROFESSIONAL. IT IS NOT A SEALED DRAWING.
7
STANDARD
100
AcDbText
0
LWPOLYLINE
5
31
330
C
100
AcDbEntity
8
V-PROP-BNDY
100
AcDbPolyline
90
41
70
1
43
0
38
0
39
0
10
1368944.2604898592
20
552792.1538174562
10
1368946.8883977789
20
552765.8152626792
10
1368991.6684098712
20
552296.9546938471
10
1368925.818809046
20
552348.7755586974
10
1368859.099911415
20
552390.3240694115
10
1368788.5587489924
20
552424.5661671921
10
1368714.808856692
20
552451.1966329971
10
1368659.500550391
20
552465.523910327
10
1368658.0307242095
20
552466.1341964053
10
1368656.278688188
20
552466.4260935613
10
1368607.4204439977
20
552477.1152609116
10
1368561.0295442024
20
552487.1644372055
10
1368554.789338504
20
552488.4767567902
10
1368551.6890771224
20
552489.0837597032
10
1368544.330014913
20
552490.855222871
10
1368536.2396724026
20
552492.84345868
10
1368528.5591535983
20
552495.0154402707
10
1368519.0905682978
20
552497.7744548076
10
1368503.9298917828
20
552502.8434303581
10
1368490.389919002
20
552507.9450960907
10
1368484.5302693828
20
552510.3761734255
10
1368479.6286790045
20
552512.4038070737
10
1368467.0402460922
20
552518.1157060087
10
1368452.8015460183
20
552525.1040033909
10
1368437.9194719892
20
552531.9346877254
10
1368427.1092129103
20
552536.3441096415
10
1368420.970705129
20
552538.7948830406
10
1368420.170213562
20
552539.1066105079
10
1368405.3409816246
20
552544.4738389406
10
1368397.9884312758
20
552546.8951036782
10
1368385.048873072
20
552550.6156867879
10
1368370.7314343078
20
552554.3558632934
10
1368363.3298218485
20
552556.1536566911
10
1368287.6507473818
20
552572.8235338166
10
1368202.0211016452
20
552591.4850379593
10
1368202.09974801
20
552591.855731854
10
1368258.9007963126
20
552850.483752801
10
1368276.4007353093
20
552849.2142337493
10
1368663.8902632727
20
552821.1235499891
10
1368688.7590345475
20
552911.5564768027
10
1368944.2604898592
20
552792.1538174562
0
LWPOLYLINE
5
32
330
C
100
AcDbEntity
8
C-TOPO-MAJR-E
100
AcDbPolyline
90
412
70
0
43
0
38
0
39
0
10
1368555.5851967423
20
552893.3975002109
10
1368555.5899318494
20
552893.210378659
10
1368555.599402064
20
552892.8361355552
10
1368555.6136073854
20
552892.2747708994
10
1368555.6325478142
20
552891.5262846916
10
1368555.6808294966
20
552890.777798484
10
1368555.7584524322
20
552890.0293122764
10
1368555.8654166218
20
552889.2808260687
10
1368556.0017220648
20
552888.532339861
10
1368556.1650806307
20
552887.7838536534
10
1368556.3554923194
20
552887.0353674458
10
1368556.572957131
20
552886.286881238
10
1368556.817475066
20
552885.5383950304
10
1368557.041099733
20
552884.7899088226
10
1368557.2438311325
20
552884.0414226151
10
1368557.4256692645
20
552883.2929364073
10
1368557.586614129
20
552882.5444501997
10
1368557.7194932096
20
552881.9531228543
10
1368557.8243065064
20
552881.5189543716
10
1368557.9010540196
20
552881.2419447511
10
1368557.9497357486
20
552881.122093993
10
1368558.021228755
20
552880.875047062
10
1368558.115533038
20
552880.5008039584
10
1368558.232648598
20
552879.9993646815
10
1368558.3725754349
20
552879.370729232
10
1368558.5680189386
20
552878.7121310928
10
1368558.8189791096
20
552878.0235702641
10
1368559.1254559474
20
552877.3050467459
10
1368559.4874494523
20
552876.5565605384
10
1368559.8205860474
20
552875.9145010021
10
1368560.1248657329
20
552875.3788681373
10
1368560.4002885085
20
552874.9496619438
10
1368560.6468543743
20
552874.6268824219
10
1368560.944469838
20
552874.2783711089
10
1368561.2931348989
20
552873.9041280053
10
1368561.6928495578
20
552873.5041531104
10
1368562.143613814
20
552873.0784464247
10
1368562.5561174941
20
552872.707790537
10
1368562.930360598
20
552872.3921854477
10
1368563.2663431256
20
552872.1316311563
10
1368563.5640650769
20
552871.9261276631
10
1368563.9744780923
20
552871.6875261234
10
1368564.4975821718
20
552871.4158265372
10
1368565.1333773155
20
552871.1110289044
10
1368565.8818635228
20
552870.7731332253
10
1368566.6303497306
20
552870.4907304151
10
1368567.3788359384
20
552870.2638204738
10
1368568.1273221462
20
552870.0924034016
10
1368568.8758083535
20
552869.9764791986
10
1368569.6242945613
20
552869.9034927324
10
1368570.3727807691
20
552869.8734440035
10
1368571.121266977
20
552869.8863330118
10
1368571.8697531843
20
552869.942159757
10
1368572.618239392
20
552870.0427895993
10
1368573.3667255999
20
552870.1882225383
10
1368574.1152118074
20
552870.3784585742
10
1368574.863698015
20
552870.6134977068
10
1368575.6054887394
20
552870.8818914308
10
1368576.34058398
20
552871.183639746
10
1368577.0689837378
20
552871.5187426524
10
1368577.7906880118
20
552871.8872001497
10
1368578.338661701
20
552872.1673422402
10
1368578.7129048046
20
552872.3591689237
10
1368578.9134173233
20
552872.4626802002
10
1368578.940199257
20
552872.4778760697
10
1368579.147407259
20
552872.4930713384
10
1368579.5350413297
20
552872.5082660065
10
1368580.1031014689
20
552872.5234600737
10
1368580.8515876762
20
552872.5386535403
10
1368581.4201819163
20
552872.5424513062
10
1368581.8088841892
20
552872.5348533716
10
1368582.0176944945
20
552872.5158597362
10
1368582.046612832
20
552872.4854704001
10
1368582.2481935527
20
552872.3177404699
10
1368582.6224366566
20
552872.0126699458
10
1368583.1693421435
20
552871.5702588275
10
1368583.8889100137
20
552870.9905071151
10
1368584.512578467
20
552870.513509707
10
1368585.0403475033
20
552870.1392666032
10
1368585.472217123
20
552869.8677778036
10
1368585.8081873257
20
552869.6990433083
10
1368586.1632939791
20
552869.5275146293
10
1368586.537537083
20
552869.3531917667
10
1368586.9309166374
20
552869.1760747203
10
1368587.343432642
20
552868.9961634902
10
1368587.8399411975
20
552868.8593779274
10
1368588.4204423039
20
552868.7657180319
10
1368589.0849359608
20
552868.7151838038
10
1368589.8334221686
20
552868.7077752429
10
1368590.4818455763
20
552868.7490487699
10
1368591.0302061846
20
552868.839004385
10
1368591.4785039928
20
552868.977642088
10
1368591.8267390016
20
552869.1649618789
10
1368592.1879780577
20
552869.352683518
10
1368592.5622211616
20
552869.5408070051
10
1368592.949468313
20
552869.7293323403
10
1368593.349719512
20
552869.9182595236
10
1368593.8125594035
20
552870.199844667
10
1368594.3379879878
20
552870.5740877709
10
1368594.9260052643
20
552871.040988835
10
1368595.5766112334
20
552871.6005478594
10
1368596.08903577
20
552872.035059777
10
1368596.4632788738
20
552872.3445245876
10
1368596.699340545
20
552872.5289422914
10
1368596.7972207838
20
552872.5883128885
10
1368597.0577525145
20
552872.6700927671
10
1368597.4809357375
20
552872.7742819274
10
1368598.066770453
20
552872.9008803694
10
1368598.8152566603
20
552873.0498880931
10
1368599.5637428681
20
552873.1465080886
10
1368600.312229076
20
552873.1907403556
10
1368601.0607152837
20
552873.1825848945
10
1368601.809201491
20
552873.1220417051
10
1368602.511605233
20
552873.0396755302
10
1368603.1679265087
20
552872.9354863699
10
1368603.7781653185
20
552872.8094742242
10
1368604.3423216627
20
552872.661639093
10
1368604.8115213867
20
552872.5137167794
10
1368605.1857644906
20
552872.3657072836
10
1368605.4650509742
20
552872.2176106053
10
1368605.6493808378
20
552872.0694267448
10
1368605.8667365825
20
552871.8082132626
10
1368606.1171182084
20
552871.4339701587
10
1368606.4005257154
20
552870.9466974332
10
1368606.7169591035
20
552870.3463950861
10
1368606.9790479466
20
552869.7090467738
10
1368607.1867922442
20
552869.0346524965
10
1368607.340191997
20
552868.3232122539
10
1368607.4392472047
20
552867.5747260463
10
1368607.5689012995
20
552866.8262398385
10
1368607.7291542813
20
552866.0777536309
10
1368607.9200061504
20
552865.3292674233
10
1368608.1414569062
20
552864.5807812156
10
1368608.322502904
20
552863.8322950079
10
1368608.4631441433
20
552863.0838088003
10
1368608.5633806242
20
552862.3353225926
10
1368608.6232123466
20
552861.5868363848
10
1368608.4938933696
20
552860.8419478012
10
1368608.1754236938
20
552860.1006568414
10
1368607.6678033187
20
552859.3629635056
10
1368606.9710322446
20
552858.6288677938
10
1368606.4432316574
20
552858.074698386
10
1368606.0844015572
20
552857.7004552821
10
1368605.894541944
20
552857.5061384824
10
1368605.8736528174
20
552857.4917479865
10
1368605.6760867024
20
552857.4374801681
10
1368605.3018435985
20
552857.3433350271
10
1368604.750923506
20
552857.2093125635
10
1368604.0233264249
20
552857.0354127773
10
1368603.2905070619
20
552856.8669563417
10
1368602.5524654172
20
552856.7039432565
10
1368601.809201491
20
552856.5463735218
10
1368601.0607152837
20
552856.3942471376
10
1368600.312229076
20
552856.287671458
10
1368599.5637428681
20
552856.2266464828
10
1368598.8152566603
20
552856.2111722124
10
1368598.066770453
20
552856.2412486464
10
1368597.3182842452
20
552856.2863609398
10
1368596.5697980374
20
552856.3465090927
10
1368595.8213118296
20
552856.4216931049
10
1368595.0728256223
20
552856.5119129767
10
1368594.3243394145
20
552856.6003113751
10
1368593.5758532067
20
552856.6868883
10
1368592.8273669991
20
552856.7716437518
10
1368592.0788807916
20
552856.8545777302
10
1368591.3303945838
20
552856.9448661119
10
1368590.5819083764
20
552857.0425088968
10
1368589.8334221686
20
552857.147506085
10
1368589.0849359608
20
552857.2598576765
10
1368588.4967621765
20
552857.3467324437
10
1368588.0689008152
20
552857.4081303868
10
1368587.8013518774
20
552857.4440515058
10
1368587.6941153628
20
552857.4544958004
10
1368587.4533755537
20
552857.4989117944
10
1368587.0791324498
20
552857.5772994875
10
1368586.5713860514
20
552857.6896588798
10
1368585.9301363584
20
552857.8359899711
10
1368585.2620775367
20
552857.9577305003
10
1368584.5672095863
20
552858.0548804671
10
1368583.8455325072
20
552858.1274398719
10
1368583.0970462994
20
552858.1754087145
10
1368582.3485600916
20
552858.2263526905
10
1368581.6000738838
20
552858.2802718004
10
1368580.8515876762
20
552858.3371660438
10
1368580.1031014689
20
552858.3970354209
10
1368579.3546152613
20
552858.462010843
10
1368578.6061290535
20
552858.5320923098
10
1368577.8576428457
20
552858.6072798215
10
1368577.109156638
20
552858.6875733782
10
1368576.3606704304
20
552858.7509460677
10
1368575.6121842228
20
552858.7973978899
10
1368574.863698015
20
552858.826928845
10
1368574.1152118077
20
552858.8395389329
10
1368573.3667255999
20
552858.8327824832
10
1368572.618239392
20
552858.8066594962
10
1368571.8697531843
20
552858.7611699714
10
1368571.121266977
20
552858.6963139093
10
1368570.3727807691
20
552858.6391391394
10
1368569.6242945613
20
552858.5896456619
10
1368568.8758083535
20
552858.5478334768
10
1368568.1273221462
20
552858.513702584
10
1368567.3788359384
20
552858.4744866552
10
1368566.6303497306
20
552858.4301856904
10
1368565.8818635228
20
552858.3807996896
10
1368565.1333773155
20
552858.3263286527
10
1368564.3848911077
20
552858.2391181265
10
1368563.6364049
20
552858.1191681108
10
1368562.8879186925
20
552857.9664786058
10
1368562.1394324847
20
552857.7810496114
10
1368561.570107166
20
552857.6399313733
10
1368561.1799427364
20
552857.5431238913
10
1368560.9689391956
20
552857.4906271659
10
1368560.937096544
20
552857.4824411967
10
1368560.7340536662
20
552857.4544773222
10
1368560.3598105623
20
552857.4067355422
10
1368559.8143672324
20
552857.3392158571
10
1368559.0977236766
20
552857.2519182665
10
1368558.3731194576
20
552857.190425942
10
1368557.640554576
20
552857.1547388835
10
1368556.900029031
20
552857.1448570908
10
1368556.1515428233
20
552857.160780564
10
1368555.4030566155
20
552857.1881279143
10
1368554.6545704077
20
552857.2268991417
10
1368553.9060842001
20
552857.2770942462
10
1368553.1575979928
20
552857.3387132279
10
1368552.564620269
20
552857.3873662481
10
1368552.1271510287
20
552857.4230533065
10
1368551.8451902722
20
552857.4457744036
10
1368551.7187379994
20
552857.4555295391
10
1368551.468390311
20
552857.493723949
10
1368551.0941472072
20
552857.5603576327
10
1368550.5960086877
20
552857.6554305906
10
1368549.9739747527
20
552857.7789428226
10
1368549.3203277495
20
552857.9082757372
10
1368548.6350676785
20
552858.0434293342
10
1368547.918194539
20
552858.1844036139
10
1368547.1697083313
20
552858.3311985763
10
1368546.4212221238
20
552858.4797168033
10
1368545.672735916
20
552858.629958295
10
1368544.9242497082
20
552858.7819230516
10
1368544.1757635009
20
552858.9356110729
10
1368543.427277293
20
552859.0759340464
10
1368542.6787910853
20
552859.2028919719
10
1368541.9303048775
20
552859.3164848494
10
1368541.1818186701
20
552859.4167126792
10
1368540.4333324623
20
552859.5003669261
10
1368539.6848462545
20
552859.5674475902
10
1368538.9363600467
20
552859.6179546715
10
1368538.1878738394
20
552859.65188817
10
1368537.4393876316
20
552859.6720023698
10
1368536.6909014238
20
552859.6782972708
10
1368535.942415216
20
552859.6707728731
10
1368535.1939290087
20
552859.6494291765
10
1368534.4454428009
20
552859.657633402
10
1368533.696956593
20
552859.6953855497
10
1368532.9484703855
20
552859.7626856193
10
1368532.199984178
20
552859.8595336109
10
1368531.4514979701
20
552859.9527267081
10
1368530.7030117628
20
552860.0422649111
10
1368529.954525555
20
552860.1281482195
10
1368529.2060393472
20
552860.2103766337
10
1368528.4575531394
20
552860.2724522594
10
1368527.7090669316
20
552860.3143750968
10
1368526.960580724
20
552860.3361451459
10
1368526.2120945167
20
552860.3377624067
10
1368525.4636083092
20
552860.3393857596
10
1368524.7151221014
20
552860.3410152046
10
1368523.9666358936
20
552860.3426507417
10
1368523.2181496858
20
552860.3442923712
10
1368522.568460702
20
552860.3528581093
10
1368522.0175689426
20
552860.3683479562
10
1368521.5654744068
20
552860.390761912
10
1368521.2121770955
20
552860.4200999765
10
1368520.8484068876
20
552860.4608343136
10
1368520.4741637837
20
552860.5129649232
10
1368520.0894477838
20
552860.5764918054
10
1368519.6942588878
20
552860.6514149602
10
1368519.2107456638
20
552860.752069194
10
1368518.638908112
20
552860.8784545072
10
1368517.978746232
20
552861.0305708995
10
1368517.2302600243
20
552861.2084183708
10
1368516.4817738167
20
552861.3729363979
10
1368515.7332876092
20
552861.5241249807
10
1368514.9848014014
20
552861.661984119
10
1368514.236315194
20
552861.7865138128
10
1368513.4878289863
20
552861.903745205
10
1368512.7393427785
20
552862.0136782955
10
1368511.9908565707
20
552862.1163130843
10
1368511.2423703633
20
552862.2116495711
10
1368510.4938841555
20
552862.2999489132
10
1368509.7453979477
20
552862.3812111104
10
1368508.99691174
20
552862.4554361627
10
1368508.2484255326
20
552862.5226240699
10
1368507.4999393248
20
552862.5717011443
10
1368506.751453117
20
552862.6026673855
10
1368506.0029669092
20
552862.6155227937
10
1368505.2544807019
20
552862.6102673691
10
1368504.505994494
20
552862.5940074327
10
1368503.7575082865
20
552862.566742985
10
1368503.009022079
20
552862.5284740258
10
1368502.2605358711
20
552862.4792005551
10
1368501.5120496633
20
552862.4717082628
10
1368500.7635634555
20
552862.5059971488
10
1368500.015077248
20
552862.5820672133
10
1368499.2665910407
20
552862.6999184559
10
1368498.518104833
20
552862.8115777972
10
1368497.7696186253
20
552862.9170452368
10
1368497.0211324175
20
552863.0163207748
10
1368496.2726462097
20
552863.1094044112
10
1368495.524160002
20
552863.1871709214
10
1368494.775673794
20
552863.2496203051
10
1368494.0271875865
20
552863.2967525629
10
1368493.2787013792
20
552863.3285676943
10
1368492.67371808
20
552863.3575391374
10
1368492.2122376894
20
552863.3836668923
10
1368491.8942602072
20
552863.4069509588
10
1368491.719785634
20
552863.4273913368
10
1368491.4454267952
20
552863.4833211347
10
1368491.0711836915
20
552863.5747403526
10
1368490.5970563225
20
552863.7016489902
10
1368490.0230446882
20
552863.8640470477
10
1368489.4054144106
20
552864.0550038391
10
1368488.7441654897
20
552864.2745193646
10
1368488.0392979253
20
552864.5225936238
10
1368487.290811718
20
552864.7992266172
10
1368486.5423255102
20
552865.0480570662
10
1368485.7938393024
20
552865.2690849708
10
1368485.0453530946
20
552865.4623103312
10
1368484.2968668872
20
552865.6277331471
10
1368483.5483806795
20
552865.7663401904
10
1368482.7998944717
20
552865.8781314611
10
1368482.0514082639
20
552865.963106959
10
1368481.3029220565
20
552866.0212666842
10
1368480.5544358487
20
552866.0652166608
10
1368479.805949641
20
552866.0949568889
10
1368479.0574634331
20
552866.1104873684
10
1368478.3089772258
20
552866.1118080994
10
1368477.5980646643
20
552866.1339366188
10
1368476.924725749
20
552866.1768729266
10
1368476.2889604801
20
552866.240617023
10
1368475.6907688573
20
552866.3251689075
10
1368475.204551494
20
552866.4104813259
10
1368474.8303083903
20
552866.4965542781
10
1368474.5680395458
20
552866.5833877637
10
1368474.417744961
20
552866.6709817831
10
1368474.2203006244
20
552866.9019003446
10
1368473.975706536
20
552867.2761434484
10
1368473.6839626962
20
552867.7937110945
10
1368473.3450691048
20
552868.4546032829
10
1368473.0803940345
20
552869.1373939761
10
1368472.8899374853
20
552869.842083174
10
1368472.7736994573
20
552870.568670877
10
1368472.7316799504
20
552871.3171570846
10
1368472.736980541
20
552872.0656432924
10
1368472.789601229
20
552872.8141295
10
1368472.8895420143
20
552873.5626157076
10
1368473.0368028972
20
552874.3111019153
10
1368473.2056616133
20
552874.9469662206
10
1368473.3961181624
20
552875.4702086239
10
1368473.6081725447
20
552875.8808291248
10
1368473.8418247602
20
552876.1788277234
10
1368474.2041854737
20
552876.4614592951
10
1368474.6952546854
20
552876.7287238399
10
1368475.315032395
20
552876.9806213577
10
1368476.0635186029
20
552877.2171518485
10
1368476.8120048104
20
552877.3905897266
10
1368477.560491018
20
552877.500934992
10
1368478.3089772258
20
552877.5481876448
10
1368479.0574634331
20
552877.532347685
10
1368479.805949641
20
552877.5473216571
10
1368480.5544358487
20
552877.5931095612
10
1368481.3029220565
20
552877.6697113975
10
1368482.0514082639
20
552877.7771271657
10
1368482.679326238
20
552877.8882843193
10
1368483.1866759788
20
552878.0031828585
10
1368483.573457486
20
552878.1218227829
10
1368483.83967076
20
552878.2442040928
10
1368484.1598989489
20
552878.4408266027
10
1368484.5341420528
20
552878.7116903131
10
1368484.9624000716
20
552879.0567952234
10
1368485.4446730053
20
552879.476141334
10
1368485.88169136
20
552879.8729359412
10
1368486.2734551355
20
552880.2471790451
10
1368486.6199643319
20
552880.5988706455
10
1368486.921218949
20
552880.9280107425
10
1368487.2241615732
20
552881.3619873673
10
1368487.5287922053
20
552881.9008005196
10
1368487.835110844
20
552882.5444501997
10
1368488.1431174907
20
552883.2929364073
10
1368488.4089287114
20
552883.9202745428
10
1368488.6325445068
20
552884.426464606
10
1368488.8139648763
20
552884.811506597
10
1368488.9531898207
20
552885.0754005157
10
1368489.1275887415
20
552885.3944690271
10
1368489.3371616388
20
552885.7687121308
10
1368489.5819085124
20
552886.1981298273
10
1368489.8618293626
20
552886.6827221162
10
1368490.179945779
20
552887.2332878849
10
1368490.536257761
20
552887.8498271331
10
1368490.9307653096
20
552888.532339861
10
1368491.363468424
20
552889.2808260687
10
1368491.6969613207
20
552889.8565818425
10
1368491.9312439992
20
552890.2596071827
10
1368492.06631646
20
552890.489902089
10
1368492.102178703
20
552890.5474665614
10
1368492.2635388623
20
552890.7633703497
10
1368492.5503969383
20
552891.1376134534
10
1368492.9627529306
20
552891.670195873
10
1368493.5006068388
20
552892.3611176081
10
1368493.9039972704
20
552892.8793089095
10
1368494.1729242248
20
552893.2247697772
10
1368494.307387702
20
552893.3975002109
0
LWPOLYLINE
5
33
330
C
100
AcDbEntity
8
C-TOPO-MAJR-E
100
AcDbPolyline
90
424
70
0
43
0
38
0
39
0
10
1368584.053547893
20
552893.3975002109
10
1368584.1107175134
20
552893.3585506503
10
1368584.225056754
20
552893.280651529
10
1368584.3965656152
20
552893.163802847
10
1368584.6252440964
20
552893.0080046046
10
1368584.9838745096
20
552892.7944695537
10
1368585.4724568543
20
552892.5231976944
10
1368586.0909911303
20
552892.194189027
10
1368586.8394773377
20
552891.8074435513
10
1368587.5249359976
20
552891.4658988221
10
1368588.1473671093
20
552891.1695548396
10
1368588.7067706734
20
552890.9184116035
10
1368589.2031466896
20
552890.7124691142
10
1368589.6384562494
20
552890.5229556544
10
1368590.012699353
20
552890.3498712241
10
1368590.3258760008
20
552890.1932158235
10
1368590.5779861924
20
552890.0529894526
10
1368590.954190388
20
552889.8505292758
10
1368591.4544885878
20
552889.5858352934
10
1368592.0788807916
20
552889.2589075055
10
1368592.827366999
20
552888.8697459119
10
1368593.504996724
20
552888.523100156
10
1368594.1117699663
20
552888.2189702376
10
1368594.647686726
20
552887.957356157
10
1368595.1127470029
20
552887.7382579141
10
1368595.5323986933
20
552887.5325984531
10
1368595.9066417972
20
552887.3403777743
10
1368596.2354763146
20
552887.1615958774
10
1368596.5189022454
20
552886.9962527625
10
1368596.9185932453
20
552886.780078855
10
1368597.4345493144
20
552886.513074155
10
1368598.066770453
20
552886.1952386623
10
1368598.8152566603
20
552885.8265723769
10
1368599.5366545548
20
552885.496453461
10
1368600.2309641358
20
552885.2048819147
10
1368600.8981854033
20
552884.9518577377
10
1368601.5383183572
20
552884.7373809302
10
1368602.045506386
20
552884.5670634368
10
1368602.41974949
20
552884.4409052578
10
1368602.6610476687
20
552884.3589063928
10
1368602.7694009226
20
552884.3210668421
10
1368603.0377874146
20
552884.2357996204
10
1368603.466207145
20
552884.103104728
10
1368604.054660114
20
552883.9229821647
10
1368604.8031463218
20
552883.6954319305
10
1368605.5516325296
20
552883.4553971542
10
1368606.3001187374
20
552883.2028778361
10
1368607.048604945
20
552882.9378739757
10
1368607.7970911523
20
552882.6603855734
10
1368608.479719914
20
552882.4008672666
10
1368609.0964912295
20
552882.159319055
10
1368609.6474050991
20
552881.9357409391
10
1368610.1324615227
20
552881.7301329188
10
1368610.5621112864
20
552881.5446321459
10
1368610.9363543903
20
552881.3792386206
10
1368611.2551908344
20
552881.233952343
10
1368611.5186206186
20
552881.1087733129
10
1368611.9033145087
20
552880.9312098149
10
1368612.4092725045
20
552880.7012618488
10
1368613.0364946064
20
552880.4189294147
10
1368613.7849808137
20
552880.0842125128
10
1368614.5334670213
20
552879.770120547
10
1368615.281953229
20
552879.4766535175
10
1368616.030439437
20
552879.2038114242
10
1368616.7789256447
20
552878.9515942672
10
1368617.3705392126
20
552878.7533381197
10
1368617.8052801401
20
552878.609042982
10
1368618.083148428
20
552878.5187088539
10
1368618.2041440757
20
552878.4823357352
10
1368618.4517634516
20
552878.3906878815
10
1368618.8260065552
20
552878.2437652927
10
1368619.326873387
20
552878.0415679687
10
1368619.954363947
20
552877.7840959094
10
1368620.612103419
20
552877.5064136139
10
1368621.3000918026
20
552877.2085210821
10
1368622.0183290984
20
552876.8904183139
10
1368622.7668153057
20
552876.5521053094
10
1368623.3891310724
20
552876.2601952701
10
1368623.8852763982
20
552876.0146881959
10
1368624.2552512828
20
552875.8155840867
10
1368624.499055727
20
552875.6628829428
10
1368624.8080795007
20
552875.4202293106
10
1368625.1823226046
20
552875.0876231901
10
1368625.6217850384
20
552874.6650645816
10
1368626.126466802
20
552874.1525534848
10
1368626.5464727292
20
552873.7091763844
10
1368626.8818028194
20
552873.3349332807
10
1368627.1324570724
20
552873.0298241733
10
1368627.2984354887
20
552872.7938490624
10
1368627.4530172783
20
552872.4297461773
10
1368627.5962024417
20
552871.9375155182
10
1368627.7279909784
20
552871.3171570846
10
1368627.8483828888
20
552870.568670877
10
1368627.899390261
20
552869.8201846692
10
1368627.8810130951
20
552869.0716984617
10
1368627.7932513913
20
552868.3232122539
10
1368627.6361051493
20
552867.5747260463
10
1368627.4952284305
20
552866.8262398385
10
1368627.3706212349
20
552866.0777536309
10
1368627.2622835624
20
552865.3292674233
10
1368627.170215413
20
552864.5807812156
10
1368627.1063374751
20
552863.8322950079
10
1368627.070649749
20
552863.0838088003
10
1368627.063152234
20
552862.3353225926
10
1368627.0838449304
20
552861.5868363848
10
1368627.084902295
20
552860.9249414643
10
1368627.0663243276
20
552860.3496378311
10
1368627.0281110278
20
552859.860925485
10
1368626.970262396
20
552859.4588044262
10
1368626.9110910757
20
552859.0706223449
10
1368626.8505970675
20
552858.6963792411
10
1368626.7887803707
20
552858.3360751148
10
1368626.7256409859
20
552857.9897099659
10
1368626.599585751
20
552857.5428145524
10
1368626.4106146665
20
552856.9953888742
10
1368626.158727732
20
552856.3474329312
10
1368625.843924948
20
552855.5989467236
10
1368625.51518685
20
552854.8897935865
10
1368625.1725134389
20
552854.2199735198
10
1368624.8159047137
20
552853.5894865238
10
1368624.445360675
20
552852.9983325981
10
1368624.1356854432
20
552852.5156340834
10
1368623.886879018
20
552852.1413909798
10
1368623.6989413993
20
552851.8756032868
10
1368623.571872587
20
552851.7182710045
10
1368623.3212166291
20
552851.4796641452
10
1368622.9469735255
20
552851.1597827084
10
1368622.4491432756
20
552850.7586266944
10
1368621.8277258803
20
552850.2761961031
10
1368621.2073995234
20
552849.8478592555
10
1368620.5881642052
20
552849.4736161516
10
1368619.9700199259
20
552849.1534667915
10
1368619.3529666853
20
552848.8874111752
10
1368618.8573185129
20
552848.6816064062
10
1368618.483075409
20
552848.5360524846
10
1368618.2302373736
20
552848.4507494104
10
1368618.0988044066
20
552848.4256971836
10
1368617.8131081294
20
552848.3863257191
10
1368617.3731485424
20
552848.3326350169
10
1368616.7789256447
20
552848.264625077
10
1368616.030439437
20
552848.1822958995
10
1368615.281953229
20
552848.1124659777
10
1368614.5334670213
20
552848.0551353113
10
1368613.7849808137
20
552848.0103039008
10
1368613.0364946064
20
552847.9779717459
10
1368612.2880083988
20
552847.9527181635
10
1368611.539522191
20
552847.9345431536
10
1368610.7910359832
20
552847.9234467163
10
1368610.0425497754
20
552847.9194288515
10
1368609.2940635676
20
552847.9244408769
10
1368608.5455773603
20
552847.9384827928
10
1368607.7970911525
20
552847.9615545992
10
1368607.048604945
20
552847.993656296
10
1368606.3001187374
20
552848.0380664458
10
1368605.5516325296
20
552848.0947850489
10
1368604.8031463218
20
552848.1638121048
10
1368604.0546601145
20
552848.2451476138
10
1368603.4332656572
20
552848.3137228002
10
1368602.9389629506
20
552848.3695376639
10
1368602.5717519945
20
552848.4125922049
10
1368602.3316327888
20
552848.4428864232
10
1368602.0244516341
20
552848.4846576017
10
1368601.6502085305
20
552848.5379057402
10
1368601.2089034775
20
552848.6026308389
10
1368600.700536475
20
552848.6788328978
10
1368600.1321396716
20
552848.7679835473
10
1368599.5037130667
20
552848.8700827876
10
1368598.8152566603
20
552848.9851306187
10
1368598.066770453
20
552849.1131270404
10
1368597.3182842452
20
552849.2275582824
10
1368596.5697980374
20
552849.3284243444
10
1368595.8213118296
20
552849.4157252266
10
1368595.0728256223
20
552849.489460929
10
1368594.3243394145
20
552849.5422306033
10
1368593.5758532067
20
552849.5740342499
10
1368592.8273669991
20
552849.5848718685
10
1368592.0788807916
20
552849.5747434591
10
1368591.3303945838
20
552849.5513619164
10
1368590.5819083764
20
552849.5147272402
10
1368589.8334221686
20
552849.4648394304
10
1368589.0849359608
20
552849.401698487
10
1368588.336449753
20
552849.3480947616
10
1368587.5879635452
20
552849.3040282539
10
1368586.8394773377
20
552849.2694989641
10
1368586.0909911303
20
552849.244506892
10
1368585.3425049228
20
552849.2428072488
10
1368584.594018715
20
552849.2644000344
10
1368583.8455325072
20
552849.309285249
10
1368583.0970462994
20
552849.3774628923
10
1368582.3485600916
20
552849.4504898291
10
1368581.6000738838
20
552849.5283660588
10
1368580.8515876762
20
552849.6110915819
10
1368580.1031014689
20
552849.6986663984
10
1368579.3546152613
20
552849.7697945985
10
1368578.6061290535
20
552849.824476182
10
1368577.8576428457
20
552849.8627111494
10
1368577.109156638
20
552849.8844995004
10
1368576.3606704304
20
552849.8975581051
10
1368575.6121842228
20
552849.9018869633
10
1368574.863698015
20
552849.8974860753
10
1368574.1152118077
20
552849.8843554409
10
1368573.3667255999
20
552849.8793097378
10
1368572.618239392
20
552849.8823489661
10
1368571.8697531843
20
552849.8934731256
10
1368571.121266977
20
552849.9126822165
10
1368570.3727807691
20
552849.9292415628
10
1368569.6242945613
20
552849.9431511647
10
1368568.8758083535
20
552849.954411022
10
1368568.1273221462
20
552849.9630211348
10
1368567.3788359384
20
552849.9557486377
10
1368566.6303497306
20
552849.9325935307
10
1368565.8818635228
20
552849.8935558137
10
1368565.1333773155
20
552849.838635487
10
1368564.3848911077
20
552849.777378075
10
1368563.6364049
20
552849.7097835782
10
1368562.8879186925
20
552849.6358519963
10
1368562.1394324847
20
552849.5555833293
10
1368561.390946277
20
552849.4867131892
10
1368560.6424600692
20
552849.4292415756
10
1368559.8939738616
20
552849.383168489
10
1368559.1454876543
20
552849.348493929
10
1368558.3970014467
20
552849.3376907649
10
1368557.648515239
20
552849.3507589967
10
1368556.900029031
20
552849.3876986243
10
1368556.1515428233
20
552849.4485096476
10
1368555.4030566155
20
552849.5251043312
10
1368554.6545704077
20
552849.617482675
10
1368553.9060842001
20
552849.7256446788
10
1368553.1575979928
20
552849.8495903428
10
1368552.4091117852
20
552849.9706598121
10
1368551.6606255774
20
552850.0888530868
10
1368550.9121393696
20
552850.2041701667
10
1368550.1636531618
20
552850.3166110521
10
1368549.415166954
20
552850.4198019039
10
1368548.6666807467
20
552850.5137427219
10
1368547.918194539
20
552850.5984335064
10
1368547.1697083313
20
552850.6738742575
10
1368546.4212221238
20
552850.7542941483
10
1368545.672735916
20
552850.839693179
10
1368544.9242497082
20
552850.9300713496
10
1368544.1757635009
20
552851.0254286601
10
1368543.512186056
20
552851.1165596403
10
1368542.9335173736
20
552851.2034642899
10
1368542.4397574544
20
552851.2861426091
10
1368542.0309062977
20
552851.3645945981
10
1368541.6393591678
20
552851.4426057208
10
1368541.2651160639
20
552851.5201759774
10
1368540.9081769863
20
552851.5973053679
10
1368540.5685419352
20
552851.6739938925
10
1368540.1266940949
20
552851.7587260772
10
1368539.5826334653
20
552851.8515019221
10
1368538.9363600467
20
552851.9523214274
10
1368538.1878738394
20
552852.0611845928
10
1368537.4393876316
20
552852.1551336116
10
1368536.6909014238
20
552852.2341684836
10
1368535.942415216
20
552852.298289209
10
1368535.1939290087
20
552852.3474957877
10
1368534.4454428009
20
552852.3998180493
10
1368533.696956593
20
552852.4552559936
10
1368532.9484703855
20
552852.5138096211
10
1368532.199984178
20
552852.5754789313
10
1368531.4514979701
20
552852.6326876313
10
1368530.7030117628
20
552852.6854357212
10
1368529.954525555
20
552852.7337232006
10
1368529.2060393472
20
552852.7775500698
10
1368528.4575531394
20
552852.8221356021
10
1368527.7090669316
20
552852.8674797973
10
1368526.960580724
20
552852.9135826556
10
1368526.2120945167
20
552852.960444177
10
1368525.4636083092
20
552853.005407166
10
1368524.7151221014
20
552853.0484716224
10
1368523.9666358936
20
552853.0896375463
10
1368523.2181496858
20
552853.1289049378
10
1368522.469663478
20
552853.1711065122
10
1368521.7211772702
20
552853.2162422693
10
1368520.9726910626
20
552853.2643122092
10
1368520.2242048553
20
552853.3153163318
10
1368519.4757186477
20
552853.3786164457
10
1368518.72723244
20
552853.4542125509
10
1368517.978746232
20
552853.5421046473
10
1368517.2302600243
20
552853.6422927347
10
1368516.4817738167
20
552853.7548528432
10
1368515.7332876092
20
552853.8797849724
10
1368514.9848014014
20
552854.0170891226
10
1368514.236315194
20
552854.1667652936
10
1368513.6439831252
20
552854.2843310381
10
1368513.2078051954
20
552854.3697863565
10
1368512.9277814047
20
552854.4231312483
10
1368512.8039117532
20
552854.4443657139
10
1368512.5548553756
20
552854.4902466239
10
1368512.1806122717
20
552854.5607739782
10
1368511.6811824418
20
552854.6559477772
10
1368511.0565658854
20
552854.7757680205
10
1368510.4009819166
20
552854.8740556393
10
1368509.7144305347
20
552854.9508106333
10
1368508.99691174
20
552855.0060330026
10
1368508.2484255326
20
552855.0397227472
10
1368507.4999393248
20
552855.0585149627
10
1368506.751453117
20
552855.0624096489
10
1368506.0029669092
20
552855.051406806
10
1368505.2544807019
20
552855.0255064339
10
1368504.505994494
20
552854.9996239387
10
1368503.7575082865
20
552854.9737593202
10
1368503.009022079
20
552854.9479125787
10
1368502.2605358711
20
552854.922083714
10
1368501.5120496633
20
552854.919674952
10
1368500.7635634555
20
552854.9406862928
10
1368500.015077248
20
552854.9851177362
10
1368499.2665910407
20
552855.0529692821
10
1368498.518104833
20
552855.1241640579
10
1368497.7696186253
20
552855.1987020636
10
1368497.0211324175
20
552855.276583299
10
1368496.2726462097
20
552855.3578077643
10
1368495.524160002
20
552855.4350853236
10
1368494.775673794
20
552855.5084159772
10
1368494.0271875865
20
552855.5777997248
10
1368493.2787013792
20
552855.6432365666
10
1368492.5302151716
20
552855.708812314
10
1368491.7817289638
20
552855.7745269671
10
1368491.033242756
20
552855.8403805259
10
1368490.2847565482
20
552855.9063729902
10
1368489.5362703407
20
552855.9704594703
10
1368488.787784133
20
552856.0326399659
10
1368488.0392979253
20
552856.0929144773
10
1368487.290811718
20
552856.1512830043
10
1368486.5423255102
20
552856.2165065613
10
1368485.7938393024
20
552856.288585148
10
1368485.0453530946
20
552856.3675187647
10
1368484.2968668872
20
552856.4533074114
10
1368483.5483806795
20
552856.550315184
10
1368482.7998944717
20
552856.6585420826
10
1368482.0514082639
20
552856.7779881074
10
1368481.3029220565
20
552856.9086532583
10
1368480.5798573922
20
552857.029496575
10
1368479.882214271
20
552857.1405180577
10
1368479.2099926933
20
552857.2417177063
10
1368478.563192659
20
552857.3330955209
10
1368478.0526710898
20
552857.405791013
10
1368477.6784279859
20
552857.4598041826
10
1368477.4404633474
20
552857.49513503
10
1368477.3387771742
20
552857.5117835552
10
1368477.0753909922
20
552857.5394551882
10
1368476.6503048018
20
552857.5781499294
10
1368476.0635186029
20
552857.6278677786
10
1368475.315032395
20
552857.688608736
10
1368474.5665461873
20
552857.742479132
10
1368473.8180599795
20
552857.7894789664
10
1368473.069573772
20
552857.8296082393
10
1368472.3210875646
20
552857.8628669508
10
1368471.572601357
20
552857.9077133916
10
1368470.8241151492
20
552857.9641475619
10
1368470.0756289414
20
552858.0321694617
10
1368469.3271427336
20
552858.1117790907
10
1368468.5786565258
20
552858.2065017326
10
1368467.830170318
20
552858.3163373872
10
1368467.0816841105
20
552858.4412860546
10
1368466.3331979031
20
552858.5813477346
10
1368465.5847116956
20
552858.7137529199
10
1368464.8362254878
20
552858.8385016106
10
1368464.08773928
20
552858.9555938063
10
1368463.3392530722
20
552859.0650295074
10
1368462.5907668644
20
552859.1612012626
10
1368461.842280657
20
552859.2441090723
10
1368461.0937944492
20
552859.313752936
10
1368460.3453082417
20
552859.3701328537
10
1368459.596822034
20
552859.4186661738
10
1368458.8483358263
20
552859.4593528959
10
1368458.0998496185
20
552859.4921930201
10
1368457.3513634112
20
552859.5171865466
10
1368456.6028772034
20
552859.5402623275
10
1368455.8543909956
20
552859.5614203631
10
1368455.1059047878
20
552859.5806606534
10
1368454.3574185804
20
552859.5979831981
10
1368453.6089323726
20
552859.6223309628
10
1368452.8604461649
20
552859.6537039473
10
1368452.111959957
20
552859.6921021515
10
1368451.3634737497
20
552859.7375255756
10
1368450.614987542
20
552859.7901371114
10
1368449.8665013341
20
552859.8499367591
10
1368449.1180151263
20
552859.9169245188
10
1368448.369528919
20
552859.9911003904
10
1368447.6210427112
20
552860.0527998679
10
1368446.8725565034
20
552860.1020229515
10
1368446.1240702958
20
552860.1387696412
10
1368445.3755840883
20
552860.1630399369
10
1368444.6270978805
20
552860.1593969858
10
1368443.8786116731
20
552860.1278407881
10
1368443.1301254653
20
552860.0683713435
10
1368442.3816392575
20
552859.9809886522
10
1368441.6331530497
20
552859.9020725397
10
1368440.884666842
20
552859.8316230058
10
1368440.1361806344
20
552859.7696400507
10
1368439.387694427
20
552859.7161236742
10
1368438.6392082195
20
552859.6971560938
10
1368437.8907220117
20
552859.7127373095
10
1368437.1422358039
20
552859.7628673213
10
1368436.393749596
20
552859.8475461293
10
1368435.6504263217
20
552859.9416516558
10
1368434.9122659806
20
552860.0451839014
10
1368434.179268573
20
552860.1581428656
10
1368433.4514340986
20
552860.2805285486
10
1368432.9003953096
20
552860.3736181115
10
1368432.5261522057
20
552860.4374115539
10
1368432.328704787
20
552860.471908876
10
1368432.308053054
20
552860.4771100779
10
1368432.1054427018
20
552860.5206736728
10
1368431.7208737317
20
552860.6025996606
10
1368431.1543461424
20
552860.7228880416
10
1368430.4058599346
20
552860.8815388154
10
1368429.657373727
20
552861.0184845845
10
1368428.9088875195
20
552861.1337253489
10
1368428.1604013117
20
552861.2272611081
10
1368427.4119151044
20
552861.2990918626
10
1368426.6634288966
20
552861.3566014667
10
1368425.9149426888
20
552861.3997899205
10
1368425.166456481
20
552861.4286572239
10
1368424.4179702736
20
552861.4432033772
10
1368423.6694840658
20
552861.4515183235
10
1368422.920997858
20
552861.4536020629
10
1368422.1725116502
20
552861.4494545955
10
1368421.424025443
20
552861.4390759211
10
1368420.862660787
20
552861.4312919152
10
1368420.4884176832
20
552861.4261025782
10
1368420.3012961312
20
552861.4235079095
0
LWPOLYLINE
5
34
330
C
100
AcDbEntity
8
C-TOPO-MAJR-E
100
AcDbPolyline
90
20
70
0
43
0
38
0
39
0
10
1368710.713944707
20
552889.2215971716
10
1368710.5982363722
20
552889.2954695597
10
1368710.366819703
20
552889.4432143357
10
1368710.0196946987
20
552889.6648314998
10
1368709.5568613599
20
552889.960321052
10
1368709.1383231385
20
552890.2284434406
10
1368708.7640800346
20
552890.469198666
10
1368708.4341320484
20
552890.6825867279
10
1368708.1484791797
20
552890.8686076265
10
1368707.7471179762
20
552891.1285145876
10
1368707.2300484378
20
552891.4623076112
10
1368706.5972705649
20
552891.8699866976
10
1368705.8487843575
20
552892.3515518464
10
1368705.2525752522
20
552892.7329507482
10
1368704.8086432489
20
552893.0141834028
10
1368704.5169883478
20
552893.1952498101
10
1368704.3776105489
20
552893.2761499705
10
1368704.2730771997
20
552893.3368250907
10
1368704.2033883003
20
552893.3772751708
10
1368704.1685438505
20
552893.3975002109
0
LWPOLYLINE
5
35
330
C
100
AcDbEntity
8
C-TOPO-MAJR-E
100
AcDbPolyline
90
432
70
0
43
0
38
0
39
0
10
1368595.739506892
20
552893.3975002109
10
1368595.8147902824
20
552893.357432526
10
1368595.9653570638
20
552893.277297156
10
1368596.1912072354
20
552893.1570941012
10
1368596.4923407978
20
552892.9968233616
10
1368596.9053125214
20
552892.7947455695
10
1368597.4301224067
20
552892.5508607251
10
1368598.066770453
20
552892.2651688283
10
1368598.8152566603
20
552891.9376698794
10
1368599.5456374378
20
552891.6268665378
10
1368600.257912785
20
552891.332758804
10
1368600.952082702
20
552891.0553466775
10
1368601.6281471886
20
552890.7946301585
10
1368602.1533009838
20
552890.5912644414
10
1368602.5275440877
20
552890.4452495258
10
1368602.7508765003
20
552890.356585412
10
1368602.823298221
20
552890.3252721
10
1368603.0647360638
20
552890.2199725597
10
1368603.475190028
20
552890.0406867915
10
1368604.054660114
20
552889.787414795
10
1368604.8031463218
20
552889.4601565707
10
1368605.5516325296
20
552889.1289848005
10
1368606.3001187374
20
552888.793899485
10
1368607.048604945
20
552888.454900624
10
1368607.7970911523
20
552888.1119882175
10
1368608.381574199
20
552887.8430533465
10
1368608.8020540848
20
552887.6480960109
10
1368609.0585308096
20
552887.5271162109
10
1368609.1510043736
20
552887.4801139464
10
1368609.3843627074
20
552887.3591747824
10
1368609.758605811
20
552887.164298719
10
1368610.2737336848
20
552886.8954857562
10
1368610.9297463289
20
552886.552735894
10
1368611.6088773638
20
552886.2030929602
10
1368612.3111267895
20
552885.8465569549
10
1368613.0364946064
20
552885.4831278779
10
1368613.7849808137
20
552885.1128057294
10
1368614.366423084
20
552884.8262105688
10
1368614.7808214168
20
552884.623342396
10
1368615.0281758117
20
552884.5042012112
10
1368615.1084862696
20
552884.4687870144
10
1368615.3357630502
20
552884.3725638604
10
1368615.7100061541
20
552884.2155317492
10
1368616.231215581
20
552883.9976906809
10
1368616.899391331
20
552883.7190406555
10
1368617.5876446955
20
552883.4450551872
10
1368618.2959756744
20
552883.175734276
10
1368619.0243842676
20
552882.9110779219
10
1368619.7728704752
20
552882.6510861248
10
1368620.4912295442
20
552882.4036311806
10
1368621.1794614745
20
552882.1687130894
10
1368621.837566266
20
552881.9463318512
10
1368622.465543919
20
552881.736487466
10
1368622.9666542974
20
552881.5680712631
10
1368623.3408974013
20
552881.4410832428
10
1368623.5882732305
20
552881.3555234047
10
1368623.7087817853
20
552881.311391749
10
1368623.9862847533
20
552881.1966725743
10
1368624.4207821344
20
552881.0113658805
10
1368625.012273929
20
552880.7554716677
10
1368625.7607601364
20
552880.428989936
10
1368626.4919720434
20
552880.0896604321
10
1368627.2059096496
20
552879.737483156
10
1368627.902572955
20
552879.372458108
10
1368628.5819619591
20
552878.9945852878
10
1368629.1087780134
20
552878.6969897405
10
1368629.4830211173
20
552878.4796714662
10
1368629.7046912708
20
552878.3426304646
10
1368629.773788474
20
552878.285866736
10
1368630.0127329284
20
552878.0738168823
10
1368630.421524634
20
552877.7064809036
10
1368631.0001635905
20
552877.1838587999
10
1368631.7486497979
20
552876.5059505712
10
1368632.313942924
20
552875.994065837
10
1368632.696042968
20
552875.6482045975
10
1368632.8949499305
20
552875.4683668526
10
1368632.9106638108
20
552875.4545526023
10
1368633.0722616133
20
552875.2570703627
10
1368633.379743338
20
552874.8759201335
10
1368633.8331089849
20
552874.3111019153
10
1368634.4323585532
20
552873.5626157076
10
1368634.9151764193
20
552872.9167435485
10
1368635.281562583
20
552872.3734854377
10
1368635.5315170442
20
552871.9328413755
10
1368635.6650398024
20
552871.5948113617
10
1368635.8116512736
20
552871.2386748029
10
1368635.9713514578
20
552870.864431699
10
1368636.1441403544
20
552870.4720820502
10
1368636.3300179641
20
552870.0616258562
10
1368636.478463667
20
552869.5666621589
10
1368636.5894774627
20
552868.9871909581
10
1368636.663059352
20
552868.3232122539
10
1368636.6992093339
20
552867.5747260463
10
1368636.6924540445
20
552866.8262398385
10
1368636.642793483
20
552866.0777536309
10
1368636.5502276502
20
552865.3292674233
10
1368636.4147565453
20
552864.5807812156
10
1368636.291514095
20
552863.9218203365
10
1368636.1805002992
20
552863.3523847858
10
1368636.0817151577
20
552862.8724745637
10
1368635.995158671
20
552862.4820896701
10
1368635.913271219
20
552862.0997756714
10
1368635.836052802
20
552861.7255325676
10
1368635.7635034202
20
552861.3593603586
10
1368635.6956230737
20
552861.0012590445
10
1368635.6006796
20
552860.545561507
10
1368635.478672999
20
552859.9922677461
10
1368635.329603271
20
552859.3413777619
10
1368635.1534704163
20
552858.5928915542
10
1368634.96823416
20
552857.8444053466
10
1368634.7738945025
20
552857.095919139
10
1368634.5704514435
20
552856.3474329312
10
1368634.3579049832
20
552855.5989467236
10
1368634.1364075413
20
552854.8504605158
10
1368633.905959118
20
552854.1019743083
10
1368633.666559713
20
552853.3534881006
10
1368633.4182093265
20
552852.6050018929
10
1368633.2210524967
20
552852.0245669227
10
1368633.0750892237
20
552851.6121831897
10
1368632.9803195077
20
552851.3678506942
10
1368632.9367433484
20
552851.2915694361
10
1368632.8157194997
20
552851.0663072551
10
1368632.6172479617
20
552850.6920641512
10
1368632.341328734
20
552850.1688401245
10
1368631.987961817
20
552849.496635175
10
1368631.6241568066
20
552848.8768038397
10
1368631.2499137027
20
552848.3093461186
10
1368630.8652325054
20
552847.7942620117
10
1368630.4701132146
20
552847.331551519
10
1368630.102063771
20
552846.9130747207
10
1368629.7610841747
20
552846.538831617
10
1368629.4471744252
20
552846.2088222075
10
1368629.1603345228
20
552845.9230464925
10
1368628.8297930197
20
552845.6315010496
10
1368628.4555499158
20
552845.3341858789
10
1368628.0376052111
20
552845.0311009802
10
1368627.5759589062
20
552844.7222463537
10
1368627.0426026252
20
552844.442550544
10
1368626.4375363686
20
552844.1920135511
10
1368625.7607601364
20
552843.970635375
10
1368625.012273929
20
552843.7784160157
10
1368624.2637877213
20
552843.6297624669
10
1368623.5153015137
20
552843.5246747287
10
1368622.7668153062
20
552843.463152801
10
1368622.0183290984
20
552843.4451966841
10
1368621.2698428906
20
552843.439239859
10
1368620.5213566828
20
552843.4452823258
10
1368619.7728704752
20
552843.4633240848
10
1368619.0243842679
20
552843.4933651355
10
1368618.2758980603
20
552843.5234993047
10
1368617.5274118525
20
552843.5537265922
10
1368616.7789256447
20
552843.5840469981
10
1368616.030439437
20
552843.6144605221
10
1368615.281953229
20
552843.6430263203
10
1368614.5334670213
20
552843.6697443924
10
1368613.7849808137
20
552843.6946147386
10
1368613.0364946064
20
552843.7176373588
10
1368612.2880083988
20
552843.7382195449
10
1368611.539522191
20
552843.7563612969
10
1368610.7910359832
20
552843.7720626149
10
1368610.0425497754
20
552843.7853234989
10
1368609.2940635676
20
552843.7990746987
10
1368608.5455773603
20
552843.8133162142
10
1368607.7970911525
20
552843.8280480457
10
1368607.048604945
20
552843.843270193
10
1368606.3001187374
20
552843.8685072269
10
1368605.5516325296
20
552843.9037591473
10
1368604.8031463218
20
552843.9490259544
10
1368604.0546601145
20
552844.004307648
10
1368603.3061739067
20
552844.0710712959
10
1368602.5576876989
20
552844.1493168978
10
1368601.809201491
20
552844.2390444542
10
1368601.0607152837
20
552844.3402539646
10
1368600.312229076
20
552844.4473832801
10
1368599.5637428681
20
552844.5604324008
10
1368598.8152566603
20
552844.6794013265
10
1368598.066770453
20
552844.8042900569
10
1368597.3182842452
20
552844.9126348638
10
1368596.5697980374
20
552845.0044357466
10
1368595.8213118296
20
552845.0796927055
10
1368595.0728256223
20
552845.1384057406
10
1368594.3243394145
20
552845.1724548244
10
1368593.5758532067
20
552845.181839957
10
1368592.8273669991
20
552845.1665611385
10
1368592.0788807916
20
552845.1266183688
10
1368591.3303945838
20
552845.07894859
10
1368590.5819083764
20
552845.023551802
10
1368589.8334221686
20
552844.9604280051
10
1368589.0849359608
20
552844.8895771992
10
1368588.336449753
20
552844.8283985278
10
1368587.5879635452
20
552844.776891991
10
1368586.8394773377
20
552844.7350575889
10
1368586.0909911303
20
552844.7028953213
10
1368585.3425049228
20
552844.6913174813
10
1368584.594018715
20
552844.7003240689
10
1368583.8455325072
20
552844.7299150841
10
1368583.0970462994
20
552844.7800905268
10
1368582.3485600916
20
552844.8405854319
10
1368581.6000738838
20
552844.9113997995
10
1368580.8515876762
20
552844.9925336294
10
1368580.1031014689
20
552845.0839869217
10
1368579.3546152613
20
552845.1663738795
10
1368578.6061290535
20
552845.2396945028
10
1368577.8576428457
20
552845.3039487915
10
1368577.109156638
20
552845.3591367458
10
1368576.471783331
20
552845.4038067266
10
1368575.9455229244
20
552845.437958734
10
1368575.5303754183
20
552845.4615927681
10
1368575.2263408129
20
552845.4747088288
10
1368574.8872019583
20
552845.4894312588
10
1368574.5129588544
20
552845.5057600576
10
1368574.1036115014
20
552845.5236952257
10
1368573.6591598992
20
552845.5432367629
10
1368573.1386996456
20
552845.5692963537
10
1368572.5422307407
20
552845.6018739981
10
1368571.8697531843
20
552845.6409696962
10
1368571.121266977
20
552845.6865834477
10
1368570.3727807691
20
552845.7285358052
10
1368569.6242945613
20
552845.7668267684
10
1368568.8758083535
20
552845.8014563374
10
1368568.1273221462
20
552845.8324245122
10
1368567.3788359384
20
552845.8526238222
10
1368566.6303497306
20
552845.8620542671
10
1368565.8818635228
20
552845.8607158472
10
1368565.1333773155
20
552845.8486085625
10
1368564.3848911077
20
552845.8284710615
10
1368563.6364049
20
552845.8003033444
10
1368562.8879186925
20
552845.7641054112
10
1368562.1394324847
20
552845.719877262
10
1368561.390946277
20
552845.6789794628
10
1368560.6424600692
20
552845.6414120139
10
1368559.8939738616
20
552845.607174915
10
1368559.1454876543
20
552845.5762681663
10
1368558.3970014467
20
552845.5620606032
10
1368557.648515239
20
552845.5645522254
10
1368556.900029031
20
552845.5837430333
10
1368556.1515428233
20
552845.6196330269
10
1368555.4030566155
20
552845.6663826245
10
1368554.6545704077
20
552845.7239918262
10
1368553.9060842001
20
552845.7924606322
10
1368553.1575979928
20
552845.8717890424
10
1368552.4091117852
20
552845.9522835762
10
1368551.6606255774
20
552846.0339442341
10
1368550.9121393696
20
552846.1167710157
10
1368550.1636531618
20
552846.200763921
10
1368549.415166954
20
552846.2838268292
10
1368548.6666807467
20
552846.3659597402
10
1368547.918194539
20
552846.4471626538
10
1368547.1697083313
20
552846.5274355703
10
1368546.4212221238
20
552846.616199389
10
1368545.672735916
20
552846.7134541103
10
1368544.9242497082
20
552846.819199734
10
1368544.1757635009
20
552846.93343626
10
1368543.427277293
20
552847.0605891229
10
1368542.6787910853
20
552847.2006583229
10
1368541.9303048775
20
552847.3536438596
10
1368541.1818186701
20
552847.5195457331
10
1368540.4333324623
20
552847.6724832915
10
1368539.6848462545
20
552847.8124565345
10
1368538.9363600467
20
552847.9394654621
10
1368538.1878738394
20
552848.0535100745
10
1368537.4393876316
20
552848.1547081186
10
1368536.6909014238
20
552848.2430595948
10
1368535.942415216
20
552848.3185645026
10
1368535.1939290087
20
552848.3812228421
10
1368534.626031689
20
552848.4290364343
10
1368534.2387232576
20
552848.462005279
10
1368534.0320037142
20
552848.4801293763
10
1368534.0058730592
20
552848.483408726
10
1368533.8056861795
20
552848.5084093038
10
1368533.4314430756
20
552848.5551311097
10
1368532.8831437477
20
552848.6235741435
10
1368532.1607881952
20
552848.7137384051
10
1368531.4318999788
20
552848.7956488075
10
1368530.6964790989
20
552848.8693053505
10
1368529.954525555
20
552848.9347080339
10
1368529.2060393472
20
552848.9918568577
10
1368528.4575531394
20
552849.0441951212
10
1368527.7090669316
20
552849.0917228241
10
1368526.960580724
20
552849.1344399666
10
1368526.2120945167
20
552849.1723465489
10
1368525.4636083092
20
552849.2064031481
10
1368524.7151221014
20
552849.2366097646
10
1368523.9666358936
20
552849.2629663984
10
1368523.2181496858
20
552849.2854730495
10
1368522.469663478
20
552849.3094857719
10
1368521.7211772702
20
552849.3350045655
10
1368520.9726910626
20
552849.3620294305
10
1368520.2242048553
20
552849.3905603667
10
1368519.4757186477
20
552849.4310766071
10
1368518.72723244
20
552849.4835781516
10
1368517.978746232
20
552849.5480650003
10
1368517.2302600243
20
552849.6245371532
10
1368516.4817738167
20
552849.7117822558
10
1368515.7332876092
20
552849.8098003081
10
1368514.9848014014
20
552849.9185913102
10
1368514.236315194
20
552850.0381552619
10
1368513.4878289863
20
552850.1546053364
10
1368512.7393427785
20
552850.2679415336
10
1368511.9908565707
20
552850.3781638534
10
1368511.2423703633
20
552850.4852722959
10
1368510.4938841555
20
552850.5768626153
10
1368509.7453979477
20
552850.6529348117
10
1368508.99691174
20
552850.7134888849
10
1368508.2484255326
20
552850.758524835
10
1368507.4999393248
20
552850.7958403637
10
1368506.751453117
20
552850.8254354711
10
1368506.0029669092
20
552850.8473101571
10
1368505.2544807019
20
552850.8614644218
10
1368504.505994494
20
552850.8712385385
10
1368503.7575082865
20
552850.8766325073
10
1368503.009022079
20
552850.877646328
10
1368502.2605358711
20
552850.8742800006
10
1368501.5120496633
20
552850.8845985406
10
1368500.7635634555
20
552850.9086019481
10
1368500.015077248
20
552850.9462902228
10
1368499.2665910407
20
552850.9976633647
10
1368498.518104833
20
552851.0538718675
10
1368497.7696186253
20
552851.1149157308
10
1368497.0211324175
20
552851.1807949548
10
1368496.2726462097
20
552851.2515095394
10
1368495.6268663711
20
552851.3123386757
10
1368495.083792902
20
552851.3632823636
10
1368494.643425802
20
552851.4043406033
10
1368494.3057650714
20
552851.4355133945
10
1368493.949813154
20
552851.4690615111
10
1368493.5755700502
20
552851.5049849532
10
1368493.1830357597
20
552851.5432837206
10
1368492.772210283
20
552851.5839578134
10
1368492.2769696233
20
552851.6281739416
10
1368491.6973137811
20
552851.675932105
10
1368491.033242756
20
552851.7272323038
10
1368490.2847565482
20
552851.7820745377
10
1368489.5362703407
20
552851.83065624
10
1368488.787784133
20
552851.8729774103
10
1368488.0392979253
20
552851.9090380489
10
1368487.290811718
20
552851.9388381559
10
1368486.5423255102
20
552851.9711305258
10
1368485.7938393024
20
552852.0059151587
10
1368485.0453530946
20
552852.0431920546
10
1368484.2968668872
20
552852.0829612137
10
1368483.5483806795
20
552852.1341059004
10
1368482.7998944717
20
552852.196626115
10
1368482.0514082639
20
552852.2705218573
10
1368481.3029220565
20
552852.3557931276
10
1368480.5544358487
20
552852.4479524498
10
1368479.805949641
20
552852.5469998245
10
1368479.0574634331
20
552852.6529352512
10
1368478.3089772258
20
552852.7657587304
10
1368477.560491018
20
552852.8733145472
10
1368476.8120048104
20
552852.9756027019
10
1368476.0635186029
20
552853.0726231943
10
1368475.315032395
20
552853.1643760245
10
1368474.5665461873
20
552853.2418315442
10
1368473.8180599795
20
552853.3049897533
10
1368473.069573772
20
552853.353850652
10
1368472.3210875646
20
552853.3884142401
10
1368471.572601357
20
552853.4333805749
10
1368470.8241151492
20
552853.4887496564
10
1368470.0756289414
20
552853.5545214844
10
1368469.3271427336
20
552853.6306960592
10
1368468.5786565258
20
552853.7249786293
10
1368467.830170318
20
552853.837369195
10
1368467.0816841105
20
552853.967867756
10
1368466.3331979031
20
552854.1164743123
10
1368465.7149757352
20
552854.2364813087
10
1368465.2270176068
20
552854.327888745
10
1368464.8693235184
20
552854.3906966213
10
1368464.6418934695
20
552854.4249049376
10
1368464.341056893
20
552854.4703023029
10
1368463.9668137892
20
552854.526888717
10
1368463.5191641578
20
552854.5946641802
10
1368462.9981079989
20
552854.6736286922
10
1368462.4201943278
20
552854.7484934442
10
1368461.7854231447
20
552854.8192584361
10
1368461.0937944492
20
552854.8859236678
10
1368460.3453082417
20
552854.9484891394
10
1368459.596822034
20
552855.007606792
10
1368458.8483358263
20
552855.0632766257
10
1368458.0998496185
20
552855.1154986401
10
1368457.3513634112
20
552855.1642728355
10
1368456.6028772034
20
552855.2087311816
10
1368455.8543909956
20
552855.2488736784
10
1368455.1059047878
20
552855.2847003257
10
1368454.3574185804
20
552855.3162111235
10
1368453.6089323726
20
552855.3486903381
10
1368452.8604461649
20
552855.3821379694
10
1368452.111959957
20
552855.4165540175
10
1368451.3634737497
20
552855.4519384824
10
1368450.614987542
20
552855.4956536527
10
1368449.8665013341
20
552855.5476995287
10
1368449.1180151263
20
552855.6080761102
10
1368448.369528919
20
552855.6767833976
10
1368447.6210427112
20
552855.743671542
10
1368446.8725565034
20
552855.8087405439
10
1368446.1240702958
20
552855.8719904032
10
1368445.3755840883
20
552855.9334211196
10
1368444.6270978805
20
552855.9733735446
10
1368443.8786116731
20
552855.9918476783
10
1368443.1301254653
20
552855.9888435208
10
1368442.3816392575
20
552855.9643610717
10
1368441.6331530497
20
552855.9358604953
10
1368440.884666842
20
552855.9033417917
10
1368440.1361806344
20
552855.8668049606
10
1368439.387694427
20
552855.8262500025
10
1368438.6392082195
20
552855.7944206392
10
1368437.8907220117
20
552855.7713168709
10
1368437.1422358039
20
552855.7569386977
10
1368436.393749596
20
552855.7512861195
10
1368435.6452633883
20
552855.7647960376
10
1368434.8967771805
20
552855.7974684521
10
1368434.148290973
20
552855.849303363
10
1368433.3998047656
20
552855.9203007703
10
1368432.651318558
20
552856.0062076227
10
1368431.9028323502
20
552856.1070239203
10
1368431.1543461424
20
552856.2227496629
10
1368430.4058599346
20
552856.3533848508
10
1368429.657373727
20
552856.4690339714
10
1368428.9088875195
20
552856.569697025
10
1368428.1604013117
20
552856.6553740115
10
1368427.4119151044
20
552856.7260649307
10
1368426.6634288966
20
552856.785451578
10
1368425.9149426888
20
552856.8335339534
10
1368425.166456481
20
552856.8703120567
10
1368424.4179702736
20
552856.895785888
10
1368423.6694840658
20
552856.9187160935
10
1368422.920997858
20
552856.9391026731
10
1368422.1725116502
20
552856.9569456269
10
1368421.424025443
20
552856.9722449549
10
1368420.862660787
20
552856.9837194508
10
1368420.4884176832
20
552856.9913691148
10
1368420.3012961312
20
552856.9951939468
0
LWPOLYLINE
5
36
330
C
100
AcDbEntity
8
C-TOPO-MAJR-E
100
AcDbPolyline
90
40
70
0
43
0
38
0
39
0
10
1368710.713944707
20
552883.6147713391
10
1368710.6278986847
20
552883.6648272378
10
1368710.4558066397
20
552883.7649390353
10
1368710.1976685724
20
552883.9151067315
10
1368709.853484483
20
552884.1153303265
10
1368709.4942708863
20
552884.3266353648
10
1368709.1200277824
20
552884.5490218464
10
1368708.7307551715
20
552884.7824897714
10
1368708.3264530534
20
552885.0270391396
10
1368707.8361049131
20
552885.3236613236
10
1368707.25971075
20
552885.6723563233
10
1368706.5972705649
20
552886.0731241388
10
1368705.8487843575
20
552886.5259647699
10
1368705.2642624462
20
552886.8783692953
10
1368704.843704831
20
552887.1303377149
10
1368704.5871115127
20
552887.2818700289
10
1368704.4944824902
20
552887.3329662371
10
1368704.2610464273
20
552887.4628627036
10
1368703.8868033234
20
552887.6715594282
10
1368703.3717531788
20
552887.959056411
10
1368702.7158959934
20
552888.3253536521
10
1368702.0384492031
20
552888.6956238246
10
1368701.339412808
20
552889.0698669285
10
1368700.618786808
20
552889.4480829637
10
1368699.876571203
20
552889.8302719302
10
1368699.318341849
20
552890.1177141677
10
1368698.944098745
20
552890.3104096759
10
1368698.7538418917
20
552890.4083584549
10
1368698.7475712888
20
552890.4115605049
10
1368698.555746785
20
552890.5260029734
10
1368698.1783683794
20
552890.7516858605
10
1368697.615436073
20
552891.0886091662
10
1368696.8669498651
20
552891.5367728907
10
1368696.1996378554
20
552891.9471757923
10
1368695.6135000442
20
552892.3198178712
10
1368695.1085364306
20
552892.6546991274
10
1368694.6847470154
20
552892.9518195607
10
1368694.366904954
20
552893.1746598858
10
1368694.1550102462
20
552893.3232201026
10
1368694.0490628923
20
552893.3975002109
0
LWPOLYLINE
5
37
330
C
100
AcDbEntity
8
C-TOPO-MAJR-E
100
AcDbPolyline
90
452
70
0
43
0
38
0
39
0
10
1368606.30090736
20
552893.3975002109
10
1368606.4645894289
20
552893.3184688664
10
1368606.791953567
20
552893.1604061774
10
1368607.282999774
20
552892.9233121439
10
1368607.93772805
20
552892.6071867658
10
1368608.615895809
20
552892.2726465036
10
1368609.3175030507
20
552891.9196913574
10
1368610.0425497754
20
552891.5483213271
10
1368610.7910359832
20
552891.1585364128
10
1368611.3735000412
20
552890.8555537481
10
1368611.7899419488
20
552890.6393733333
10
1368612.0403617069
20
552890.5099951683
10
1368612.1247593148
20
552890.467419253
10
1368612.3540796707
20
552890.3517779974
10
1368612.7283227746
20
552890.1630714017
10
1368613.2474886263
20
552889.9012994654
10
1368613.9115772261
20
552889.5664621888
10
1368614.5967652276
20
552889.2278278255
10
1368615.3030526312
20
552888.8853963753
10
1368616.030439437
20
552888.5391678382
10
1368616.7789256447
20
552888.1891422144
10
1368617.3759409026
20
552887.9107171695
10
1368617.8214852107
20
552887.7038927039
10
1368618.115558569
20
552887.5686688175
10
1368618.2581609779
20
552887.5050455105
10
1368618.516583734
20
552887.3928249038
10
1368618.8908268376
20
552887.2320069976
10
1368619.380890289
20
552887.0225917918
10
1368619.986774088
20
552886.7645792866
10
1368620.6283084895
20
552886.4960833222
10
1368621.3054934926
20
552886.2171038986
10
1368622.0183290984
20
552885.9276410157
10
1368622.7668153057
20
552885.6276946736
10
1368623.4402953074
20
552885.3551030769
10
1368624.0387691034
20
552885.1098662256
10
1368624.5622366932
20
552884.8919841198
10
1368625.010698077
20
552884.7014567595
10
1368625.422050321
20
552884.5287360345
10
1368625.796293425
20
552884.373821945
10
1368626.1334273887
20
552884.236714491
10
1368626.4334522125
20
552884.1174136725
10
1368626.8455923824
20
552883.9380820695
10
1368627.369847898
20
552883.6987196819
10
1368628.0062187598
20
552883.3993265099
10
1368628.7547049671
20
552883.0399025534
10
1368629.432500217
20
552882.7028942278
10
1368630.039604509
20
552882.3883015333
10
1368630.576017843
20
552882.0961244697
10
1368631.0417402196
20
552881.8263630371
10
1368631.4617229598
20
552881.5781041496
10
1368631.8359660637
20
552881.3513478071
10
1368632.1644695313
20
552881.1460940097
10
1368632.4472333626
20
552880.9623427575
10
1368632.846427788
20
552880.697789175
10
1368633.3620528076
20
552880.3524332624
10
1368633.994108421
20
552879.9262750194
10
1368634.7425946286
20
552879.4193144462
10
1368635.3236718383
20
552879.0246504208
10
1368635.7373400494
20
552878.7422829431
10
1368635.9835992628
20
552878.5722120132
10
1368636.0624494776
20
552878.5144376308
10
1368636.2889961372
20
552878.3233971713
10
1368636.6632392409
20
552877.9990906345
10
1368637.185178789
20
552877.5415180204
10
1368637.854814782
20
552876.9506793291
10
1368638.4013486123
20
552876.4681384314
10
1368638.8247802798
20
552876.0938953278
10
1368639.1251097848
20
552875.8279500176
10
1368639.3023371277
20
552875.6703025013
10
1368639.578072351
20
552875.415103236
10
1368639.9523154548
20
552875.0623522217
10
1368640.4250664392
20
552874.6120494584
10
1368640.996325304
20
552874.0641949462
10
1368641.4839140633
20
552873.6031461381
10
1368641.8878327173
20
552873.2289030344
10
1368642.2080812657
20
552872.9414656347
10
1368642.4446597083
20
552872.7408339393
10
1368642.7500704816
20
552872.4422977542
10
1368643.1243135855
20
552872.0458570794
10
1368643.5673890198
20
552871.551511915
10
1368644.079296785
20
552870.959262261
10
1368644.503735688
20
552870.4760158821
10
1368644.84070573
20
552870.1017727783
10
1368645.09020691
20
552869.8365329496
10
1368645.2522392282
20
552869.6802963958
10
1368645.4666348048
20
552869.3759974287
10
1368645.733393639
20
552868.9236360481
10
1368646.0525157314
20
552868.3232122539
10
1368646.4240010818
20
552867.5747260463
10
1368646.6959161623
20
552866.8262398385
10
1368646.8682609736
20
552866.0777536309
10
1368646.9410355152
20
552865.3292674233
10
1368646.914239787
20
552864.5807812156
10
1368646.8208788554
20
552863.8322950079
10
1368646.6609527203
20
552863.0838088003
10
1368646.4344613813
20
552862.3353225926
10
1368646.1414048388
20
552861.5868363848
10
1368645.868196082
20
552860.9129342991
10
1368645.614835112
20
552860.313616335
10
1368645.3813219275
20
552859.788882493
10
1368645.1676565295
20
552859.3387327727
10
1368644.974860089
20
552858.9265363608
10
1368644.802932606
20
552858.552293257
10
1368644.6518740808
20
552858.2160034613
10
1368644.521684513
20
552857.9176669739
10
1368644.3612637178
20
552857.5067930564
10
1368644.170611695
20
552856.9833817089
10
1368643.9497284442
20
552856.3474329312
10
1368643.6986139657
20
552855.5989467236
10
1368643.4492631909
20
552854.8504605158
10
1368643.20167612
20
552854.1019743083
10
1368642.9558527526
20
552853.3534881006
10
1368642.711793089
20
552852.6050018929
10
1368642.4979677168
20
552851.9702042732
10
1368642.314376636
20
552851.4490952414
10
1368642.1610198466
20
552851.0416747975
10
1368642.0378973484
20
552850.7479429416
10
1368641.8994706667
20
552850.4139554617
10
1368641.745739801
20
552850.0397123578
10
1368641.5767047517
20
552849.62521363
10
1368641.3923655185
20
552849.1704592783
10
1368641.1319218487
20
552848.6422719626
10
1368640.7953737425
20
552848.0406516829
10
1368640.3827212
20
552847.3655984391
10
1368639.8939642205
20
552846.6171122316
10
1368639.5085489873
20
552846.0290578062
10
1368639.2264755003
20
552845.6014351633
10
1368639.047743759
20
552845.3342443028
10
1368638.9723537636
20
552845.2274852247
10
1368638.7976024554
20
552844.9869841337
10
1368638.5234898336
20
552844.61274103
10
1368638.150015899
20
552844.1047559134
10
1368637.6771806509
20
552843.4630287837
10
1368637.253641475
20
552842.9178348907
10
1368636.879398371
20
552842.469174234
10
1368636.5544513394
20
552842.1170468138
10
1368636.27880038
20
552841.8614526301
10
1368635.8849406082
20
552841.5566167072
10
1368635.3728720243
20
552841.2025390451
10
1368634.7425946286
20
552840.7992196438
10
1368633.9941084213
20
552840.3466585035
10
1368633.389346245
20
552839.9971549273
10
1368632.9283081004
20
552839.7507089153
10
1368632.6109939872
20
552839.6073204675
10
1368632.437403906
20
552839.5669895839
10
1368632.1634873133
20
552839.5173137423
10
1368631.7892442094
20
552839.458292943
10
1368631.3146745944
20
552839.3899271855
10
1368630.739778468
20
552839.3122164701
10
1368630.1214848214
20
552839.2468373344
10
1368629.4597936545
20
552839.1937897782
10
1368628.7547049671
20
552839.1530738015
10
1368628.0062187598
20
552839.1246894046
10
1368627.257732552
20
552839.0957683504
10
1368626.5092463442
20
552839.0663106388
10
1368625.7607601364
20
552839.03631627
10
1368625.012273929
20
552839.0057852438
10
1368624.2637877213
20
552838.9814291067
10
1368623.5153015137
20
552838.9632478583
10
1368622.7668153062
20
552838.9512414989
10
1368622.0183290984
20
552838.9454100284
10
1368621.2698428906
20
552838.9510254231
10
1368620.5213566828
20
552838.9680876827
10
1368619.7728704752
20
552838.9965968077
10
1368619.0243842679
20
552839.0365527978
10
1368618.2758980603
20
552839.08696006
10
1368617.5274118525
20
552839.1478185945
10
1368616.7789256447
20
552839.219128401
10
1368616.030439437
20
552839.3008894798
10
1368615.4157937586
20
552839.3673954239
10
1368614.9349886095
20
552839.4186462334
10
1368614.58802399
20
552839.4546419083
10
1368614.3748998998
20
552839.4753824483
10
1368614.0812163027
20
552839.5031007929
10
1368613.7069731988
20
552839.5377969418
10
1368613.2521705881
20
552839.5794708951
10
1368612.716808471
20
552839.628122653
10
1368612.1281653307
20
552839.6713397083
10
1368611.4862411683
20
552839.7091220609
10
1368610.7910359832
20
552839.7414697112
10
1368610.0425497754
20
552839.7683826591
10
1368609.2940635676
20
552839.7914658131
10
1368608.5455773603
20
552839.8107191732
10
1368607.7970911525
20
552839.8261427395
10
1368607.048604945
20
552839.8377365121
10
1368606.3001187374
20
552839.8565804643
10
1368605.5516325296
20
552839.8826745963
10
1368604.8031463218
20
552839.9160189081
10
1368604.0546601145
20
552839.9566133997
10
1368603.3061739067
20
552840.0115970969
10
1368602.5576876989
20
552840.0809699999
10
1368601.809201491
20
552840.1647321084
10
1368601.0607152837
20
552840.2628834227
10
1368600.312229076
20
552840.3651589085
10
1368599.5637428681
20
552840.471558566
10
1368598.8152566603
20
552840.5820823953
10
1368598.066770453
20
552840.6967303962
10
1368597.3182842452
20
552840.7927363646
10
1368596.5697980374
20
552840.8701003006
10
1368595.8213118296
20
552840.928822204
10
1368595.0728256223
20
552840.9689020748
10
1368594.3243394145
20
552840.9927638925
10
1368593.5758532067
20
552841.0004076569
10
1368592.8273669991
20
552840.9918333681
10
1368592.0788807916
20
552840.9670410259
10
1368591.3303945838
20
552840.9374397502
10
1368590.5819083764
20
552840.9030295408
10
1368589.8334221686
20
552840.8638103977
10
1368589.0849359608
20
552840.8197823211
10
1368588.336449753
20
552840.7803716734
10
1368587.5879635452
20
552840.7455784547
10
1368586.8394773377
20
552840.7154026651
10
1368586.0909911303
20
552840.6898443045
10
1368585.3425049228
20
552840.6803008363
10
1368584.594018715
20
552840.6867722607
10
1368583.8455325072
20
552840.7092585776
10
1368583.0970462994
20
552840.7477597868
10
1368582.3485600916
20
552840.7998540193
10
1368581.6000738838
20
552840.865541275
10
1368580.8515876762
20
552840.9448215538
10
1368580.1031014689
20
552841.0376948558
10
1368579.3546152613
20
552841.1291454581
10
1368578.6061290535
20
552841.2191733608
10
1368577.8576428457
20
552841.307778564
10
1368577.109156638
20
552841.3949610675
10
1368576.3606704304
20
552841.4757179157
10
1368575.6121842228
20
552841.5500491085
10
1368574.863698015
20
552841.6179546459
10
1368574.1152118077
20
552841.6794345279
10
1368573.3667255999
20
552841.7389215386
10
1368572.618239392
20
552841.7964156778
10
1368571.8697531843
20
552841.8519169457
10
1368571.121266977
20
552841.9054253421
10
1368570.3727807691
20
552841.9586037609
10
1368569.6242945613
20
552842.011452202
10
1368568.8758083535
20
552842.0639706654
10
1368568.1273221462
20
552842.1161591511
10
1368567.3788359384
20
552842.164452299
10
1368566.6303497306
20
552842.208850109
10
1368565.8818635228
20
552842.2493525812
10
1368565.1333773155
20
552842.2859597156
10
1368564.3848911077
20
552842.3085666529
10
1368563.6364049
20
552842.3171733934
10
1368562.8879186925
20
552842.311779937
10
1368562.1394324847
20
552842.2923862836
10
1368561.390946277
20
552842.2736704783
10
1368560.6424600692
20
552842.2556325209
10
1368559.8939738616
20
552842.2382724115
10
1368559.1454876543
20
552842.2215901503
10
1368558.3970014467
20
552842.2172138988
10
1368557.648515239
20
552842.2251436572
10
1368556.900029031
20
552842.2453794255
10
1368556.1515428233
20
552842.2779212035
10
1368555.461614952
20
552842.3131840508
10
1368554.8302454166
20
552842.3511679672
10
1368554.2574342177
20
552842.3918729527
10
1368553.7431813553
20
552842.4352990073
10
1368553.298933372
20
552842.4728962576
10
1368552.924690268
20
552842.5046647036
10
1368552.6204520436
20
552842.5306043454
10
1368552.3862186987
20
552842.5507151828
10
1368552.023422138
20
552842.5838123055
10
1368551.5320623617
20
552842.6298957136
10
1368550.9121393696
20
552842.6889654069
10
1368550.1636531618
20
552842.7610213854
10
1368549.415166954
20
552842.8322543694
10
1368548.6666807467
20
552842.902664359
10
1368547.918194539
20
552842.9722513539
10
1368547.1697083313
20
552843.0410153543
10
1368546.4212221238
20
552843.1145139035
10
1368545.672735916
20
552843.1927470014
10
1368544.9242497082
20
552843.2757146481
10
1368544.1757635009
20
552843.3634168435
10
1368543.427277293
20
552843.4650734379
10
1368542.6787910853
20
552843.5806844314
10
1368541.9303048775
20
552843.7102498239
10
1368541.1818186701
20
552843.8537696154
10
1368540.4333324623
20
552843.9923520467
10
1368539.6848462545
20
552844.1259971176
10
1368538.9363600467
20
552844.2547048283
10
1368538.1878738394
20
552844.3784751786
10
1368537.4393876316
20
552844.489944002
10
1368536.6909014238
20
552844.5891112983
10
1368535.942415216
20
552844.6759770678
10
1368535.1939290087
20
552844.7505413102
10
1368534.4454428009
20
552844.8349358421
10
1368533.696956593
20
552844.9291606632
10
1368532.9484703855
20
552845.0332157738
10
1368532.199984178
20
552845.1471011738
10
1368531.5392007832
20
552845.2435435767
10
1368530.966120202
20
552845.3225429824
10
1368530.4807424336
20
552845.384099391
10
1368530.0830674786
20
552845.4282128026
10
1368529.697108449
20
552845.4706433
10
1368529.3228653453
20
552845.5113908832
10
1368528.9603381671
20
552845.5504555522
10
1368528.6095269143
20
552845.587837307
10
1368528.159296923
20
552845.6242876713
10
1368527.609648193
20
552845.6598066452
10
1368526.960580724
20
552845.6943942286
10
1368526.2120945167
20
552845.7280504215
10
1368525.4636083092
20
552845.7544635118
10
1368524.7151221014
20
552845.7736334996
10
1368523.9666358936
20
552845.7855603849
10
1368523.2181496858
20
552845.7902441674
10
1368522.469663478
20
552845.7967817076
10
1368521.7211772702
20
552845.8051730047
10
1368520.9726910626
20
552845.8154180595
10
1368520.2242048553
20
552845.8275168713
10
1368519.4757186477
20
552845.8518301767
10
1368518.72723244
20
552845.8883579754
10
1368517.978746232
20
552845.9371002675
10
1368517.2302600243
20
552845.9980570532
10
1368516.4817738167
20
552846.0707974505
10
1368515.7332876092
20
552846.1553214595
10
1368514.9848014014
20
552846.2516290804
10
1368514.236315194
20
552846.3597203131
10
1368513.4878289863
20
552846.464157753
10
1368512.7393427785
20
552846.5649414002
10
1368511.9908565707
20
552846.6620712547
10
1368511.2423703633
20
552846.7555473164
10
1368510.4938841555
20
552846.8348593316
10
1368509.7453979477
20
552846.9000073002
10
1368508.99691174
20
552846.9509912224
10
1368508.2484255326
20
552846.987811098
10
1368507.4999393248
20
552847.0181847769
10
1368506.751453117
20
552847.042112259
10
1368506.0029669092
20
552847.0595935442
10
1368505.2544807019
20
552847.0706286329
10
1368504.505994494
20
552847.0759707246
10
1368503.7575082865
20
552847.0756198193
10
1368503.009022079
20
552847.0695759172
10
1368502.2605358711
20
552847.0578390183
10
1368501.5120496633
20
552847.0639241169
10
1368500.7635634555
20
552847.0878312133
10
1368500.015077248
20
552847.1295603071
10
1368499.2665910407
20
552847.1891113988
10
1368498.518104833
20
552847.2554514378
10
1368497.7696186253
20
552847.3285804243
10
1368497.0211324175
20
552847.4084983583
10
1368496.2726462097
20
552847.49520524
10
1368495.524160002
20
552847.5800724596
10
1368494.775673794
20
552847.6631000176
10
1368494.0271875865
20
552847.7442879138
10
1368493.2787013792
20
552847.8236361481
10
1368492.5302151716
20
552847.8934532935
10
1368491.7817289638
20
552847.9537393495
10
1368491.033242756
20
552848.0044943166
10
1368490.2847565482
20
552848.0457181947
10
1368489.5362703407
20
552848.0771556839
10
1368488.787784133
20
552848.0988067844
10
1368488.0392979253
20
552848.1106714963
10
1368487.290811718
20
552848.1127498196
10
1368486.5423255102
20
552848.1219724983
10
1368485.7938393024
20
552848.1383395323
10
1368485.0453530946
20
552848.1618509218
10
1368484.2968668872
20
552848.1925066668
10
1368483.610427132
20
552848.2311133172
10
1368482.9860338294
20
552848.2776708729
10
1368482.4236869793
20
552848.3321793341
10
1368481.923386582
20
552848.3946387008
10
1368481.4861148312
20
552848.4492626578
10
1368481.1118717273
20
552848.4960512052
10
1368480.8006572702
20
552848.535004343
10
1368480.55247146
20
552848.5661220712
10
1368480.1792105506
20
552848.6139585472
10
1368479.6808745414
20
552848.6785137712
10
1368479.0574634331
20
552848.7597877429
10
1368478.3089772258
20
552848.8577804622
10
1368477.560491018
20
552848.9499891121
10
1368476.8120048104
20
552849.0364136923
10
1368476.0635186029
20
552849.1170542027
10
1368475.315032395
20
552849.1919106435
10
1368474.5665461873
20
552849.2547581072
10
1368473.8180599795
20
552849.3055965942
10
1368473.069573772
20
552849.3444261041
10
1368472.3210875646
20
552849.3712466371
10
1368471.572601357
20
552849.4038378795
10
1368470.8241151492
20
552849.4421998315
10
1368470.0756289414
20
552849.486332493
10
1368469.3271427336
20
552849.536235864
10
1368468.5786565258
20
552849.6074704252
10
1368467.830170318
20
552849.7000361762
10
1368467.0816841105
20
552849.8139331174
10
1368466.3331979031
20
552849.9491612486
10
1368465.5847116956
20
552850.0834491381
10
1368464.8362254878
20
552850.2167967856
10
1368464.08773928
20
552850.3492041915
10
1368463.3392530722
20
552850.4806713555
10
1368462.5907668644
20
552850.6055331855
10
1368461.842280657
20
552850.7237896816
10
1368461.0937944492
20
552850.8354408436
10
1368460.3453082417
20
552850.9404866719
10
1368459.596822034
20
552851.0370524421
10
1368458.8483358263
20
552851.1251381545
10
1368458.0998496185
20
552851.204743809
10
1368457.3513634112
20
552851.2758694056
10
1368456.6625742314
20
552851.3354457768
10
1368456.0334820796
20
552851.3834729227
10
1368455.4640869559
20
552851.4199508433
10
1368454.95438886
20
552851.4448795385
10
1368454.51241826
20
552851.4663914887
10
1368454.1381751564
20
552851.4844866936
10
1368453.8316595485
20
552851.4991651536
10
1368453.5928714366
20
552851.5104268685
10
1368453.2266588006
20
552851.525639595
10
1368452.733021641
20
552851.5448033335
10
1368452.111959957
20
552851.5679180836
10
1368451.3634737497
20
552851.5949838455
10
1368450.614987542
20
552851.627823324
10
1368449.8665013341
20
552851.6664365192
10
1368449.1180151263
20
552851.710823431
10
1368448.369528919
20
552851.7609840595
10
1368447.6210427112
20
552851.8127217245
10
1368446.8725565034
20
552851.8660364258
10
1368446.1240702958
20
552851.9209281636
10
1368445.3755840883
20
552851.9773969379
10
1368444.6270978805
20
552852.0194945004
10
1368443.8786116731
20
552852.047220851
10
1368443.1301254653
20
552852.0605759899
10
1368442.3816392575
20
552852.0595599171
10
1368441.6331530497
20
552852.0524536807
10
1368440.884666842
20
552852.0392572805
10
1368440.1361806344
20
552852.0199707169
10
1368439.387694427
20
552851.9945939896
10
1368438.6392082195
20
552851.9690707007
10
1368437.8907220117
20
552851.9434008502
10
1368437.1422358039
20
552851.9175844379
10
1368436.393749596
20
552851.891621464
10
1368435.6452633883
20
552851.882164612
10
1368434.8967771805
20
552851.8892138815
10
1368434.148290973
20
552851.9127692728
10
1368433.3998047656
20
552851.9528307859
10
1368432.651318558
20
552852.0116334385
10
1368431.9028323502
20
552852.0891772307
10
1368431.1543461424
20
552852.1854621624
10
1368430.4058599346
20
552852.3004882336
10
1368429.657373727
20
552852.4136487682
10
1368428.9088875195
20
552852.5249437664
10
1368428.1604013117
20
552852.634373228
10
1368427.4119151044
20
552852.7419371532
10
1368426.6634288966
20
552852.8390248166
10
1368425.9149426888
20
552852.9256362185
10
1368425.166456481
20
552853.0017713589
10
1368424.4179702736
20
552853.0674302377
10
1368423.6694840658
20
552853.1286357463
10
1368422.920997858
20
552853.185387885
10
1368422.1725116502
20
552853.2376866535
10
1368421.424025443
20
552853.285532052
10
1368420.862660787
20
552853.321416101
10
1368420.4884176832
20
552853.3453388002
10
1368420.3012961312
20
552853.3573001499
0
LWPOLYLINE
5
38
330
C
100
AcDbEntity
8
C-TOPO-MAJR-E
100
AcDbPolyline
90
64
70
0
43
0
38
0
39
0
10
1368710.713944707
20
552877.8047596277
10
1368710.6425777501
20
552877.8436981546
10
1368710.4998438365
20
552877.9215752082
10
1368710.285742966
20
552878.0383907887
10
1368710.0002751383
20
552878.1941448962
10
1368709.6704196725
20
552878.3711202025
10
1368709.2961765686
20
552878.5693167076
10
1368708.8775458268
20
552878.7887344114
10
1368708.4145274467
20
552879.029373314
10
1368707.8801421097
20
552879.309408656
10
1368707.2743898157
20
552879.6288404374
10
1368706.5972705649
20
552879.987668658
10
1368705.8487843575
20
552880.385893318
10
1368705.2355467584
20
552880.7119674742
10
1368704.7575577677
20
552880.9658911268
10
1368704.4148173858
20
552881.1476642756
10
1368704.2073256124
20
552881.2572869206
10
1368703.916458174
20
552881.4070557451
10
1368703.54221507
20
552881.5969707492
10
1368703.084596301
20
552881.8270319327
10
1368702.5436018666
20
552882.0972392957
10
1368701.950734489
20
552882.3864608618
10
1368701.305994168
20
552882.6946966307
10
1368700.6093809034
20
552883.0219466027
10
1368699.860894696
20
552883.3682107778
10
1368699.2318372445
20
552883.6609125764
10
1368698.722208549
20
552883.9000519987
10
1368698.3320086098
20
552884.0856290447
10
1368698.0612374265
20
552884.2176437144
10
1368697.738730283
20
552884.3775280889
10
1368697.3644871793
20
552884.5652821682
10
1368696.9385081152
20
552884.7809059523
10
1368696.4607930905
20
552885.0243994411
10
1368695.91538527
20
552885.3216953083
10
1368695.3022846542
20
552885.6727935539
10
1368694.6214912422
20
552886.0776941777
10
1368693.8730050346
20
552886.5363971799
10
1368693.2934892385
20
552886.8919968607
10
1368692.882943854
20
552887.14449322
10
1368692.6413688809
20
552887.293886258
10
1368692.5687643194
20
552887.3401759745
10
1368692.3453404866
20
552887.4828948409
10
1368691.9710973827
20
552887.7220428567
10
1368691.446035008
20
552888.0576200224
10
1368690.7701533616
20
552888.4896263377
10
1368690.1359235793
20
552888.8927510472
10
1368689.543345661
20
552889.266994151
10
1368688.9924196065
20
552889.6123556492
10
1368688.4831454158
20
552889.9288355417
10
1368688.0413867687
20
552890.2000950506
10
1368687.6671436648
20
552890.4261341761
10
1368687.3604161043
20
552890.6069529182
10
1368687.1212040873
20
552890.7425512769
10
1368686.7546735224
20
552890.9615814631
10
1368686.2608244102
20
552891.2640434767
10
1368685.63965675
20
552891.6499373177
10
1368684.8911705427
20
552892.1192629864
10
1368684.2767070998
20
552892.5071477828
10
1368683.7962664212
20
552892.8135917073
10
1368683.4498485078
20
552893.0385947598
10
1368683.2374533587
20
552893.1821569402
10
1368683.0781569972
20
552893.2898285756
10
1368682.9719594226
20
552893.3616096658
10
1368682.9188606355
20
552893.3975002109
0
LWPOLYLINE
5
39
330
C
100
AcDbEntity
8
C-TOPO-MAJR-E
100
AcDbPolyline
90
476
70
0
43
0
38
0
39
0
10
1368615.2917677183
20
552893.3975002109
10
1368615.4548856707
20
552893.3234544473
10
1368615.7811215753
20
552893.1753629199
10
1368616.2704754323
20
552892.9532256292
10
1368616.922947242
20
552892.6570425746
10
1368617.5994226509
20
552892.3449445091
10
1368618.2999016596
20
552892.0169314323
10
1368619.0243842676
20
552891.6730033446
10
1368619.7728704752
20
552891.3131602457
10
1368620.3804099194
20
552891.0201629079
10
1368620.8470026006
20
552890.7940113314
10
1368621.172648518
20
552890.6347055159
10
1368621.357347672
20
552890.5422454616
10
1368621.636818801
20
552890.4132544273
10
1368622.011061905
20
552890.2477324129
10
1368622.4800769836
20
552890.0456794184
10
1368623.0438640374
20
552889.8070954437
10
1368623.6538258793
20
552889.53953117
10
1368624.30996251
20
552889.2429865974
10
1368625.012273929
20
552888.9174617254
10
1368625.7607601364
20
552888.5629565545
10
1368626.3903495076
20
552888.2582284107
10
1368626.9010420423
20
552888.0032772941
10
1368627.2928377404
20
552887.7981032048
10
1368627.5657366018
20
552887.6427061427
10
1368627.8893075846
20
552887.469060665
10
1368628.2635506885
20
552887.2771667715
10
1368628.6884659133
20
552887.0670244624
10
1368629.1640532597
20
552886.8386337375
10
1368629.707865321
20
552886.558194288
10
1368630.3199020983
20
552886.2257061137
10
1368631.0001635905
20
552885.8411692146
10
1368631.7486497979
20
552885.4045835907
10
1368632.3449916174
20
552885.056266908
10
1368632.7891890486
20
552884.7962191665
10
1368633.081242092
20
552884.6244403663
10
1368633.2211507468
20
552884.5409305074
10
1368633.4782266263
20
552884.3960385829
10
1368633.8524697302
20
552884.189764593
10
1368634.3438800583
20
552883.9221085376
10
1368634.952457611
20
552883.5930704168
10
1368635.5679190094
20
552883.2414298046
10
1368636.1902642536
20
552882.8671867007
10
1368636.8194933436
20
552882.4703411052
10
1368637.4556062794
20
552882.0508930185
10
1368637.9607842993
20
552881.7167416674
10
1368638.3350274032
20
552881.4678870519
10
1368638.578335591
20
552881.3043291722
10
1368638.6907088629
20
552881.2260680282
10
1368638.9621103688
20
552881.0178832796
10
1368639.3925401086
20
552880.6797749263
10
1368639.9819980825
20
552880.2117429683
10
1368640.7304842898
20
552879.6137874057
10
1368641.311395356
20
552879.1472533584
10
1368641.724731281
20
552878.8121408266
10
1368641.970492064
20
552878.6084498101
10
1368642.0486777057
20
552878.5361803091
10
1368642.2748920785
20
552878.3382909363
10
1368642.6491351821
20
552878.0147816917
10
1368643.1714070172
20
552877.5656525756
10
1368643.8417075833
20
552876.9909035875
10
1368644.401441868
20
552876.5164075417
10
1368644.8506098709
20
552876.1421644378
10
1368645.1892115925
20
552875.8681742761
10
1368645.4172470327
20
552875.6944370563
10
1368645.7183863046
20
552875.4672472004
10
1368646.0926294085
20
552875.186604708
10
1368646.5399763442
20
552874.8525095794
10
1368647.0604271116
20
552874.4649618142
10
1368647.5786092125
20
552874.0840663798
10
1368648.0945226466
20
552873.7098232761
10
1368648.608167414
20
552873.3422325029
10
1368649.1195435151
20
552872.9812940601
10
1368649.5623531174
20
552872.6603474102
10
1368649.9365962213
20
552872.3793925531
10
1368650.2422728266
20
552872.1384294888
10
1368650.4793829334
20
552871.9374582171
10
1368650.827614906
20
552871.6498510295
10
1368651.2869687446
20
552871.2756079256
10
1368651.857444449
20
552870.8147289057
10
1368652.5390420193
20
552870.2672139695
10
1368653.0669623564
20
552869.8359983205
10
1368653.44120546
20
552869.5210819584
10
1368653.6617713307
20
552869.3224648834
10
1368653.7286599681
20
552869.2401470955
10
1368653.9274493882
20
552869.0118666496
10
1368654.2581395912
20
552868.6376235458
10
1368654.720730577
20
552868.1174177841
10
1368655.315222345
20
552867.4512493643
10
1368655.799589781
20
552866.8663274494
10
1368656.173832885
20
552866.3626520392
10
1368656.4379516565
20
552865.9402231338
10
1368656.5919460962
20
552865.5990407332
10
1368656.7621771982
20
552865.2413279809
10
1368656.9486449626
20
552864.8670848771
10
1368657.1513493902
20
552864.4763114217
10
1368657.37029048
20
552864.0690076146
10
1368657.5356680162
20
552863.5764082075
10
1368657.647481998
20
552862.9985132001
10
1368657.705732426
20
552862.3353225926
10
1368657.7104192998
20
552861.5868363848
10
1368657.658027464
20
552860.8965289267
10
1368657.5485569192
20
552860.2644002178
10
1368657.3820076645
20
552859.6904502584
10
1368657.1583797005
20
552859.1746790486
10
1368656.9658650225
20
552858.7296718917
10
1368656.8044636305
20
552858.3554287879
10
1368656.6741755242
20
552858.0519497371
10
1368656.5750007038
20
552857.8192347393
10
1368656.4094579383
20
552857.4575769391
10
1368656.1775472276
20
552856.9669763364
10
1368655.8792685722
20
552856.3474329312
10
1368655.5146219716
20
552855.5989467236
10
1368655.1699708246
20
552854.8650044271
10
1368654.845315131
20
552854.145606042
10
1368654.540654891
20
552853.4407515682
10
1368654.255990104
20
552852.7504410056
10
1368654.036514793
20
552852.2181641724
10
1368653.882228958
20
552851.8439210686
10
1368653.7931325983
20
552851.6277116941
10
1368653.769225714
20
552851.569536049
10
1368653.6371799456
20
552851.3387827633
10
1368653.3969952927
20
552850.9354518369
10
1368653.048671755
20
552850.3595432698
10
1368652.592209333
20
552849.6110570623
10
1368652.1828332911
20
552848.9747677115
10
1368651.8205436291
20
552848.4506752178
10
1368651.5053403475
20
552848.038779581
10
1368651.237223446
20
552847.7390808011
10
1368650.9488756848
20
552847.4021098593
10
1368650.6402970636
20
552847.0278667554
10
1368650.3114875832
20
552846.6163514896
10
1368649.9624472433
20
552846.1675640618
10
1368649.6008055212
20
552845.7074865312
10
1368649.2265624176
20
552845.2361188981
10
1368648.8397179318
20
552844.7534611623
10
1368648.4402720642
20
552844.2595133241
10
1368648.090184459
20
552843.825417853
10
1368647.7894551165
20
552843.4511747492
10
1368647.5380840364
20
552843.1367840127
10
1368647.3360712186
20
552842.8822456433
10
1368647.047943258
20
552842.5205449953
10
1368646.673700154
20
552842.0516820685
10
1368646.2133419071
20
552841.4756568632
10
1368645.6668685172
20
552840.7924693791
10
1368645.2442373922
20
552840.2637540852
10
1368644.9454485325
20
552839.8895109814
10
1368644.7705019375
20
552839.6697400677
10
1368644.7193976077
20
552839.6044413439
10
1368644.506723891
20
552839.4021267365
10
1368644.132480787
20
552839.062796245
10
1368643.5966682963
20
552838.5864498697
10
1368642.8992864182
20
552837.9730876104
10
1368642.329272682
20
552837.4792849289
10
1368641.8866270871
20
552837.105041825
10
1368641.571349634
20
552836.850358299
10
1368641.3834403225
20
552836.7152343505
10
1368641.1023641147
20
552836.5388514914
10
1368640.7281210108
20
552836.3212097215
10
1368640.2607110108
20
552836.0623090407
10
1368639.700134115
20
552835.7621494492
10
1368639.092579891
20
552835.4815462888
10
1368638.4380483392
20
552835.2204995597
10
1368637.7365394593
20
552834.9790092617
10
1368636.9880532515
20
552834.7570753951
10
1368636.239567044
20
552834.575851183
10
1368635.4910808364
20
552834.4353366256
10
1368634.7425946286
20
552834.335531723
10
1368633.9941084213
20
552834.276436475
10
1368633.2456222135
20
552834.247778637
10
1368632.4971360057
20
552834.2495582089
10
1368631.7486497979
20
552834.2817751907
10
1368631.0001635905
20
552834.3444295824
10
1368630.2516773827
20
552834.4102919964
10
1368629.503191175
20
552834.4793624326
10
1368628.7547049671
20
552834.5516408911
10
1368628.0062187598
20
552834.627127372
10
1368627.257732552
20
552834.6880578423
10
1368626.5092463442
20
552834.7344323024
10
1368625.7607601364
20
552834.7662507521
10
1368625.012273929
20
552834.7835131915
10
1368624.2637877213
20
552834.7924657778
10
1368623.5153015137
20
552834.7931085113
10
1368622.7668153062
20
552834.7854413914
10
1368622.0183290984
20
552834.7694644185
10
1368621.2698428906
20
552834.7590338271
10
1368620.5213566828
20
552834.7541496172
10
1368619.7728704752
20
552834.7548117886
10
1368619.0243842679
20
552834.7610203414
10
1368618.2758980603
20
552834.7828962081
10
1368617.5274118525
20
552834.8204393886
10
1368616.7789256447
20
552834.8736498829
10
1368616.030439437
20
552834.942527691
10
1368615.281953229
20
552835.0178399943
10
1368614.5334670213
20
552835.0995867928
10
1368613.7849808137
20
552835.1877680864
10
1368613.0364946064
20
552835.2823838752
10
1368612.2880083988
20
552835.3671513164
10
1368611.539522191
20
552835.4420704097
10
1368610.7910359832
20
552835.5071411553
10
1368610.0425497754
20
552835.5623635532
10
1368609.2940635676
20
552835.611484533
10
1368608.5455773603
20
552835.6545040945
10
1368607.7970911525
20
552835.6914222379
10
1368607.048604945
20
552835.7222389631
10
1368606.3001187374
20
552835.7584751885
10
1368605.5516325296
20
552835.8001309142
10
1368604.8031463218
20
552835.84720614
10
1368604.0546601145
20
552835.899700866
10
1368603.3061739067
20
552835.9599142607
10
1368602.5576876989
20
552836.0278463241
10
1368601.809201491
20
552836.1034970562
10
1368601.0607152837
20
552836.1868664568
10
1368600.417891178
20
552836.2619327492
10
1368599.8807291747
20
552836.3286959333
10
1368599.4492292732
20
552836.3871560091
10
1368599.1233914741
20
552836.4373129766
10
1368598.7733510225
20
552836.4910068339
10
1368598.3991079188
20
552836.5482375809
10
1368598.0006621627
20
552836.6090052178
10
1368597.578013754
20
552836.6733097445
10
1368597.0739058957
20
552836.736699873
10
1368596.4883385876
20
552836.7991756034
10
1368595.8213118296
20
552836.8607369359
10
1368595.0728256223
20
552836.9213838701
10
1368594.3243394145
20
552836.9658763921
10
1368593.5758532067
20
552836.9942145017
10
1368592.8273669991
20
552837.0063981991
10
1368592.0788807916
20
552837.002427484
10
1368591.3303945838
20
552836.9917451582
10
1368590.5819083764
20
552836.9743512216
10
1368589.8334221686
20
552836.9502456742
10
1368589.0849359608
20
552836.919428516
10
1368588.336449753
20
552836.8922592518
10
1368587.5879635452
20
552836.8687378815
10
1368586.8394773377
20
552836.8488644053
10
1368586.0909911303
20
552836.8326388231
10
1368585.3425049228
20
552836.8310832246
10
1368584.594018715
20
552836.84419761
10
1368583.8455325072
20
552836.8719819791
10
1368583.0970462994
20
552836.9144363321
10
1368582.3485600916
20
552836.9692495345
10
1368581.6000738838
20
552837.0364215868
10
1368580.8515876762
20
552837.1159524885
10
1368580.1031014689
20
552837.2078422398
10
1368579.3546152613
20
552837.2997146995
10
1368578.6061290535
20
552837.3915698676
10
1368577.8576428457
20
552837.4834077441
10
1368577.109156638
20
552837.5752283288
10
1368576.3606704304
20
552837.6618618203
10
1368575.6121842228
20
552837.7433082183
10
1368574.863698015
20
552837.8195675231
10
1368574.1152118077
20
552837.8906397343
10
1368573.3667255999
20
552837.9591054344
10
1368572.618239392
20
552838.0249646228
10
1368571.8697531843
20
552838.0882172999
10
1368571.121266977
20
552838.1488634655
10
1368570.3727807691
20
552838.2100956562
10
1368569.6242945613
20
552838.2719138721
10
1368568.8758083535
20
552838.3343181129
10
1368568.1273221462
20
552838.397308379
10
1368567.3788359384
20
552838.4630969036
10
1368566.6303497306
20
552838.5316836872
10
1368565.8818635228
20
552838.6030687296
10
1368565.1333773155
20
552838.6772520308
10
1368564.3848911077
20
552838.7371896955
10
1368563.6364049
20
552838.7828817233
10
1368562.8879186925
20
552838.8143281145
10
1368562.1394324847
20
552838.831528869
10
1368561.390946277
20
552838.8454886295
10
1368560.6424600692
20
552838.8562073961
10
1368559.8939738616
20
552838.8636851689
10
1368559.1454876543
20
552838.8679219477
10
1368558.3970014467
20
552838.8800303204
10
1368557.648515239
20
552838.9000102871
10
1368556.900029031
20
552838.9278618477
10
1368556.1515428233
20
552838.9635850021
10
1368555.4030566155
20
552839.0066703188
10
1368554.6545704077
20
552839.0571177977
10
1368553.9060842001
20
552839.1149274388
10
1368553.1575979928
20
552839.1800992421
10
1368552.475683685
20
552839.243267864
10
1368551.860341277
20
552839.3044333046
10
1368551.311570769
20
552839.3635955639
10
1368550.8293721604
20
552839.4207546418
10
1368550.4011513044
20
552839.4712600516
10
1368550.0269082007
20
552839.5151117935
10
1368549.706642849
20
552839.5523098673
10
1368549.4403552497
20
552839.5828542731
10
1368549.0535179982
20
552839.6264411765
10
1368548.5461310945
20
552839.6830705777
10
1368547.918194539
20
552839.7527424765
10
1368547.1697083313
20
552839.835456873
10
1368546.4212221238
20
552839.9146983783
10
1368545.672735916
20
552839.9904669923
10
1368544.9242497082
20
552840.0627627149
10
1368544.1757635009
20
552840.1315855463
10
1368543.427277293
20
552840.2057607309
10
1368542.6787910853
20
552840.2852882689
10
1368541.9303048775
20
552840.3701681601
10
1368541.1818186701
20
552840.4604004044
10
1368540.4333324623
20
552840.551650815
10
1368539.6848462545
20
552840.6439193917
10
1368538.9363600467
20
552840.7372061345
10
1368538.1878738394
20
552840.8315110432
10
1368537.4393876316
20
552840.9229309635
10
1368536.6909014238
20
552841.0114658948
10
1368535.942415216
20
552841.0971158373
10
1368535.1939290087
20
552841.179880791
10
1368534.4454428009
20
552841.2680420668
10
1368533.696956593
20
552841.3615996649
10
1368532.9484703855
20
552841.4605535851
10
1368532.199984178
20
552841.5649038274
10
1368531.4514979701
20
552841.6632879877
10
1368530.7030117628
20
552841.755706066
10
1368529.954525555
20
552841.8421580622
10
1368529.2060393472
20
552841.9226439763
10
1368528.4575531394
20
552841.9928704211
10
1368527.7090669316
20
552842.0528373966
10
1368526.960580724
20
552842.1025449028
10
1368526.2120945167
20
552842.1419929398
10
1368525.4636083092
20
552842.1754029958
10
1368524.7151221014
20
552842.2027750708
10
1368523.9666358936
20
552842.224109165
10
1368523.2181496858
20
552842.2394052785
10
1368522.469663478
20
552842.252966955
10
1368521.7211772702
20
552842.2647941946
10
1368520.9726910626
20
552842.2748869975
10
1368520.2242048553
20
552842.2832453636
10
1368519.4757186477
20
552842.300250473
10
1368518.72723244
20
552842.3259023257
10
1368517.978746232
20
552842.3602009215
10
1368517.2302600243
20
552842.4031462607
10
1368516.6524541588
20
552842.4374098787
10
1368516.2453286352
20
552842.4629917758
10
1368516.0088834534
20
552842.4798919518
10
1368515.9431186132
20
552842.4881104068
10
1368515.7231146414
20
552842.5156969137
10
1368515.3488715375
20
552842.5626514727
10
1368514.8203893017
20
552842.6289740836
10
1368514.1376679342
20
552842.7146647465
10
1368513.4385053562
20
552842.804877924
10
1368512.7229015685
20
552842.8996136163
10
1368511.9908565707
20
552842.9988718231
10
1368511.2423703633
20
552843.1026525446
10
1368510.4938841555
20
552843.1955397835
10
1368509.7453979477
20
552843.27753354
10
1368508.99691174
20
552843.3486338139
10
1368508.2484255326
20
552843.4088406053
10
1368507.4999393248
20
552843.4577632349
10
1368506.751453117
20
552843.4954017024
10
1368506.0029669092
20
552843.5217560082
10
1368505.2544807019
20
552843.536826152
10
1368504.505994494
20
552843.5405373683
10
1368503.7575082865
20
552843.5328896572
10
1368503.009022079
20
552843.5138830184
10
1368502.2605358711
20
552843.4835174521
10
1368501.5120496633
20
552843.473391125
10
1368500.7635634555
20
552843.4835040369
10
1368500.015077248
20
552843.5138561877
10
1368499.2665910407
20
552843.5644475777
10
1368498.518104833
20
552843.6210524392
10
1368497.7696186253
20
552843.6836707724
10
1368497.0211324175
20
552843.752302577
10
1368496.2726462097
20
552843.8269478534
10
1368495.524160002
20
552843.9067276765
10
1368494.775673794
20
552843.9916420465
10
1368494.0271875865
20
552844.0816909634
10
1368493.2787013792
20
552844.1768744269
10
1368492.5302151716
20
552844.2658443851
10
1368491.7817289638
20
552844.3486008376
10
1368491.033242756
20
552844.4251437848
10
1368490.2847565482
20
552844.4954732268
10
1368489.5362703407
20
552844.5481674086
10
1368488.787784133
20
552844.5832263306
10
1368488.0392979253
20
552844.6006499926
10
1368487.290811718
20
552844.6004383948
10
1368486.5423255102
20
552844.5976092439
10
1368485.7938393024
20
552844.5921625401
10
1368485.0453530946
20
552844.5840982832
10
1368484.2968668872
20
552844.5734164731
10
1368483.5483806795
20
552844.5800443925
10
1368482.7998944717
20
552844.6039820411
10
1368482.0514082639
20
552844.6452294189
10
1368481.3029220565
20
552844.7037865259
10
1368480.5544358487
20
552844.7773068288
10
1368479.805949641
20
552844.8657903275
10
1368479.0574634331
20
552844.9692370221
10
1368478.3089772258
20
552845.0876469123
10
1368477.6221651104
20
552845.1907744033
10
1368476.997027088
20
552845.278619495
10
1368476.4335631577
20
552845.3511821873
10
1368475.9317733198
20
552845.4084624804
10
1368475.4937568493
20
552845.4580655736
10
1368475.1195137454
20
552845.4999914669
10
1368474.8090440086
20
552845.5342401604
10
1368474.5623476384
20
552845.560811654
10
1368474.1902038092
20
552845.5822250961
10
1368473.6926125202
20
552845.5984804867
10
1368473.069573772
20
552845.6095778258
10
1368472.3210875646
20
552845.6155171134
10
1368471.572601357
20
552845.628148931
10
1368470.8241151492
20
552845.6474732788
10
1368470.0756289414
20
552845.6734901569
10
1368469.3271427336
20
552845.706199565
10
1368468.5786565258
20
552845.7602108754
10
1368467.830170318
20
552845.8355240882
10
1368467.0816841105
20
552845.9321392033
10
1368466.3331979031
20
552846.0500562205
10
1368465.5847116956
20
552846.1656245275
10
1368464.8362254878
20
552846.278844124
10
1368464.08773928
20
552846.3897150104
10
1368463.3392530722
20
552846.4982371863
10
1368462.5907668644
20
552846.6009939845
10
1368461.842280657
20
552846.6979854048
10
1368461.0937944492
20
552846.7892114471
10
1368460.3453082417
20
552846.8746721118
10
1368459.596822034
20
552846.9527013074
10
1368458.8483358263
20
552847.023299034
10
1368458.0998496185
20
552847.0864652914
10
1368457.3513634112
20
552847.1422000797
10
1368456.6028772034
20
552847.1917962581
10
1368455.8543909956
20
552847.2352538265
10
1368455.1059047878
20
552847.2725727847
10
1368454.3574185804
20
552847.3037531328
10
1368453.6089323726
20
552847.334794951
10
1368452.8604461649
20
552847.3656982392
10
1368452.111959957
20
552847.3964629973
10
1368451.3634737497
20
552847.4270892255
10
1368450.614987542
20
552847.462443588
10
1368449.8665013341
20
552847.5025260848
10
1368449.1180151263
20
552847.547336716
10
1368448.369528919
20
552847.5968754814
10
1368447.6210427112
20
552847.6435096639
10
1368446.8725565034
20
552847.6872392633
10
1368446.1240702958
20
552847.7280642797
10
1368445.3755840883
20
552847.765984713
10
1368444.6270978805
20
552847.7868795479
10
1368443.8786116731
20
552847.7907487843
10
1368443.1301254653
20
552847.7775924223
10
1368442.3816392575
20
552847.7474104619
10
1368441.6331530497
20
552847.7208873797
10
1368440.884666842
20
552847.6980231756
10
1368440.1361806344
20
552847.6788178498
10
1368439.387694427
20
552847.6632714022
10
1368438.6392082195
20
552847.6457568766
10
1368437.8907220117
20
552847.6262742728
10
1368437.1422358039
20
552847.604823591
10
1368436.393749596
20
552847.581404831
10
1368435.6452633883
20
552847.5679239231
10
1368434.8967771805
20
552847.5643808673
10
1368434.148290973
20
552847.5707756635
10
1368433.3998047656
20
552847.5871083117
10
1368432.651318558
20
552847.6212775514
10
1368431.9028323502
20
552847.6732833826
10
1368431.1543461424
20
552847.7431258053
10
1368430.4058599346
20
552847.8308048196
10
1368429.694811429
20
552847.9294393559
10
1368429.0212006245
20
552848.0390294143
10
1368428.3850275222
20
552848.1595749946
10
1368427.7862921213
20
552848.2910760972
10
1368427.299802869
20
552848.3963294956
10
1368426.9255597652
20
552848.4753351903
10
1368426.6635628098
20
552848.5280931811
10
1368426.513812003
20
552848.5546034679
10
1368426.214377346
20
552848.6033673835
10
1368425.7652588384
20
552848.6743849275
10
1368425.166456481
20
552848.7676561001
10
1368424.4179702736
20
552848.8831809013
10
1368423.6694840658
20
552848.9928983225
10
1368422.920997858
20
552849.0968083638
10
1368422.1725116502
20
552849.1949110252
10
1368421.424025443
20
552849.2872063066
10
1368420.862660787
20
552849.3564277678
10
1368420.4884176832
20
552849.4025754083
10
1368420.3012961312
20
552849.4256492287
0
LWPOLYLINE
5
3A
330
C
100
AcDbEntity
8
C-TOPO-MAJR-E
100
AcDbPolyline
90
92
70
0
43
0
38
0
39
0
10
1368710.713944707
20
552870.6714758883
10
1368710.526823155
20
552870.7651478868
10
1368710.1525800515
20
552870.9524918838
10
1368709.5912153958
20
552871.2335078792
10
1368708.842729188
20
552871.608195873
10
1368708.245221583
20
552871.9060655267
10
1368707.7986925805
20
552872.1271168401
10
1368707.5031421809
20
552872.2713498133
10
1368707.3585703834
20
552872.3387644466
10
1368707.099162933
20
552872.4617929093
10
1368706.724919829
20
552872.6404352018
10
1368706.235841072
20
552872.8746913241
10
1368705.6319266616
20
552873.1645612759
10
1368704.991869302
20
552873.4604614675
10
1368704.3156689927
20
552873.7623918987
10
1368703.6033257344
20
552874.0703525695
10
1368702.8548395266
20
552874.3843434799
10
1368702.210859355
20
552874.655992999
10
1368701.6713852203
20
552874.8853011269
10
1368701.2364171213
20
552875.0722678634
10
1368700.9059550588
20
552875.2168932088
10
1368700.5536024757
20
552875.3728523715
10
1368700.1793593718
20
552875.5401453516
10
1368699.7832257473
20
552875.718772149
10
1368699.3652016022
20
552875.9087327637
10
1368698.8645619415
20
552876.1441572626
10
1368698.281306765
20
552876.4250456457
10
1368697.615436073
20
552876.7513979129
10
1368696.8669498651
20
552877.1232140642
10
1368696.2157718595
20
552877.4487535381
10
1368695.6619020565
20
552877.7280163346
10
1368695.2053404555
20
552877.9610024535
10
1368694.8460870567
20
552878.147711895
10
1368694.4793388054
20
552878.3366396418
10
1368694.1050957018
20
552878.5277856938
10
1368693.7233577454
20
552878.7211500509
10
1368693.3341249363
20
552878.9167327131
10
1368692.8550787778
20
552879.1528926402
10
1368692.2862192695
20
552879.4296298322
10
1368691.6275464115
20
552879.746944289
10
1368690.8790602041
20
552880.1048360106
10
1368690.2156831536
20
552880.4220077577
10
1368689.6374152603
20
552880.6984595302
10
1368689.1442565243
20
552880.9341913285
10
1368688.7362069455
20
552881.1292031524
10
1368688.3450606042
20
552881.3168011523
10
1368687.9708175003
20
552881.4969853283
10
1368687.6134776338
20
552881.6697556803
10
1368687.2730410052
20
552881.8351122083
10
1368686.8305919815
20
552882.0539006286
10
1368686.2861305631
20
552882.3261209412
10
1368685.63965675
20
552882.651773146
10
1368684.8911705427
20
552883.0308572429
10
1368684.2371771801
20
552883.3661817113
10
1368683.6776766623
20
552883.657746551
10
1368683.2126689898
20
552883.9055517622
10
1368682.8421541625
20
552884.109597345
10
1368682.4697751966
20
552884.3207590713
10
1368682.095532093
20
552884.5390369412
10
1368681.719424851
20
552884.7644309549
10
1368681.3414534705
20
552884.9969411121
10
1368680.8708533836
20
552885.2886724509
10
1368680.3076245897
20
552885.6396249711
10
1368679.6517670888
20
552886.0497986728
10
1368678.9032808812
20
552886.5191935559
10
1368678.3228182872
20
552886.88288501
10
1368677.9103793073
20
552887.1408730351
10
1368677.6659639408
20
552887.2931576313
10
1368677.589572188
20
552887.3397387986
10
1368677.3642547599
20
552887.4855737952
10
1368676.9900116562
20
552887.7306626212
10
1368676.4668428767
20
552888.0750052766
10
1368675.7947484215
20
552888.5186017613
10
1368675.1639360148
20
552888.9275215557
10
1368674.574405656
20
552889.3017646595
10
1368674.0261573456
20
552889.6413310729
10
1368673.5191910835
20
552889.9462207957
10
1368673.0785864005
20
552890.208833318
10
1368672.7043432966
20
552890.4291686397
10
1368672.396461772
20
552890.6072267606
10
1368672.1549418266
20
552890.743007681
10
1368671.7866803156
20
552890.9524958599
10
1368671.291677239
20
552891.2356912977
10
1368670.6699325969
20
552891.592593994
10
1368669.921446389
20
552892.0232039492
10
1368669.2819520251
20
552892.3916852486
10
1368668.7514495049
20
552892.6980378922
10
1368668.3299388285
20
552892.9422618803
10
1368668.017419996
20
552893.1243572125
10
1368667.7830308713
20
552893.2609287116
10
1368667.6267714552
20
552893.3519763779
10
1368667.5486417469
20
552893.3975002109
0
LWPOLYLINE
5
3B
330
C
100
AcDbEntity
8
C-TOPO-MAJR-E
100
AcDbPolyline
90
612
70
0
43
0
38
0
39
0
10
1368710.713944707
20
552863.0195904906
10
1368710.6610813863
20
552863.046994329
10
1368710.5553547444
20
552863.1018020057
10
1368710.3967647818
20
552863.1840135207
10
1368710.1853114986
20
552863.2936288739
10
1368709.892463305
20
552863.4362003163
10
1368709.5182202011
20
552863.611727848
10
1368709.0625821871
20
552863.8202114687
10
1368708.525549263
20
552864.0616511786
10
1368707.9356530178
20
552864.3205424076
10
1368707.2928934516
20
552864.5968851558
10
1368706.5972705649
20
552864.8906794232
10
1368705.8487843575
20
552865.2019252098
10
1368705.136101477
20
552865.4843097277
10
1368704.4592219237
20
552865.7378329766
10
1368703.8181456977
20
552865.9624949567
10
1368703.212872799
20
552866.1582956678
10
1368702.7231147978
20
552866.3158341253
10
1368702.348871694
20
552866.4351103291
10
1368702.0901434876
20
552866.516124279
10
1368701.9469301784
20
552866.5588759753
10
1368701.652398645
20
552866.6454680703
10
1368701.2065488864
20
552866.7759005642
10
1368700.6093809034
20
552866.9501734567
10
1368699.860894696
20
552867.1682867481
10
1368699.1124084885
20
552867.4074080294
10
1368698.3639222807
20
552867.6675373007
10
1368697.615436073
20
552867.9486745619
10
1368696.8669498651
20
552868.2508198131
10
1368696.186411352
20
552868.5237977437
10
1368695.5738205337
20
552868.7676083536
10
1368695.0291774098
20
552868.9822516432
10
1368694.5524819808
20
552869.1677276121
10
1368694.1270127143
20
552869.3344884929
10
1368693.7527696104
20
552869.4825342856
10
1368693.4297526693
20
552869.6118649903
10
1368693.1579618908
20
552869.722480607
10
1368692.766997255
20
552869.8469385013
10
1368692.256858762
20
552869.9852386732
10
1368691.6275464115
20
552870.1373811227
10
1368690.8790602041
20
552870.3033658499
10
1368690.1305739963
20
552870.471354957
10
1368689.3820877885
20
552870.6413484439
10
1368688.6336015807
20
552870.813346311
10
1368687.8851153734
20
552870.9873485578
10
1368687.1439808416
20
552871.1923211472
10
1368686.4101979858
20
552871.4282640791
10
1368685.6837668056
20
552871.6951773536
10
1368684.9646873015
20
552871.9930609706
10
1368684.4180259975
20
552872.2195066427
10
1368684.0437828936
20
552872.3745143699
10
1368683.84195799
20
552872.4580841521
10
1368683.8125512863
20
552872.4702159895
10
1368683.6033747066
20
552872.5788243196
10
1368683.2144282511
20
552872.7839091427
10
1368682.6457119193
20
552873.0854704587
10
1368681.897225712
20
552873.4835082677
10
1368681.200318119
20
552873.8666157648
10
1368680.554989141
20
552874.2347929499
10
1368679.9612387777
20
552874.5880398232
10
1368679.419067029
20
552874.9263563846
10
1368678.9608596028
20
552875.2061579674
10
1368678.5866164991
20
552875.4274445716
10
1368678.2963377177
20
552875.5902161972
10
1368678.0900232585
20
552875.6944728441
10
1368677.7481658622
20
552875.877806793
10
1368677.270765529
20
552876.1402180439
10
1368676.6578222583
20
552876.4817065967
10
1368675.9093360505
20
552876.9022724514
10
1368675.241540773
20
552877.273612769
10
1368674.654436426
20
552877.5957275493
10
1368674.148023009
20
552877.8686167924
10
1368673.7223005225
20
552878.0922804985
10
1368673.3223177271
20
552878.3049580089
10
1368672.9480746235
20
552878.5066493241
10
1368672.599571211
20
552878.6973544437
10
1368672.27680749
20
552878.8770733678
10
1368671.8476131475
20
552879.0801909039
10
1368671.3119881828
20
552879.3067070516
10
1368670.6699325969
20
552879.5566218111
10
1368669.921446389
20
552879.8299351825
10
1368669.1959092275
20
552880.108783689
10
1368668.493321112
20
552880.3931673307
10
1368667.8136820425
20
552880.6830861076
10
1368667.1569920192
20
552880.97854002
10
1368666.6415254555
20
552881.2125071731
10
1368666.2672823516
20
552881.384987567
10
1368666.0342627077
20
552881.495981202
10
1368665.9424665233
20
552881.5454880778
10
1368665.686497833
20
552881.7192012212
10
1368665.2663566372
20
552882.0171206322
10
1368664.6820429354
20
552882.4392463107
10
1368663.9335567276
20
552882.9855782569
10
1368663.3130781646
20
552883.4334890628
10
1368662.8206072457
20
552883.7829787288
10
1368662.4561439715
20
552884.0340472546
10
1368662.2196883415
20
552884.1866946402
10
1368661.9143389747
20
552884.3719162005
10
1368661.5400958708
20
552884.589711935
10
1368661.09695903
20
552884.8400818441
10
1368660.5849284523
20
552885.1230259277
10
1368660.0137839671
20
552885.4175329468
10
1368659.383525574
20
552885.7236029016
10
1368658.694153274
20
552886.041235792
10
1368657.9456670666
20
552886.3704316178
10
1368657.2824396263
20
552886.6514150618
10
1368656.704470953
20
552886.8841861238
10
1368656.2117610474
20
552887.068744804
10
1368655.804309909
20
552887.2050911023
10
1368655.4134627879
20
552887.3296006517
10
1368655.039219684
20
552887.4422734525
10
1368654.6815805975
20
552887.5431095047
10
1368654.340545528
20
552887.6321088083
10
1368653.8976476742
20
552887.7565346551
10
1368653.3528870358
20
552887.9163870453
10
1368652.7062636125
20
552888.1116659788
10
1368651.9577774052
20
552888.3423714559
10
1368651.2092911974
20
552888.560613195
10
1368650.4608049898
20
552888.766391196
10
1368649.7123187822
20
552888.9597054597
10
1368648.9638325744
20
552889.1405559853
10
1368648.2153463666
20
552889.261559018
10
1368647.4668601588
20
552889.3227145576
10
1368646.7183739513
20
552889.3240226044
10
1368645.969887744
20
552889.2654831581
10
1368645.3630130785
20
552889.1110746084
10
1368644.897749955
20
552888.8607969554
10
1368644.574098374
20
552888.514650199
10
1368644.392058335
20
552888.0726343392
10
1368644.3010383155
20
552887.7046160393
10
1368644.3010383155
20
552887.410595299
10
1368644.392058335
20
552887.1905721184
10
1368644.574098374
20
552887.0445464975
10
1368644.8252649698
20
552886.7844121351
10
1368645.1455581228
20
552886.4101690312
10
1368645.5349778326
20
552885.9218171859
10
1368645.9935240995
20
552885.3193565992
10
1368646.4099187849
20
552884.7752446323
10
1368646.7841618885
20
552884.289481285
10
1368647.116253411
20
552883.8620665579
10
1368647.4061933516
20
552883.4930004504
10
1368647.6866513626
20
552883.1213458448
10
1368647.957627444
20
552882.7471027409
10
1368648.2191215958
20
552882.3702711388
10
1368648.471133818
20
552881.9908510386
10
1368648.784261481
20
552881.5868694994
10
1368649.1585045848
20
552881.1583265213
10
1368649.5938631296
20
552880.7052221042
10
1368650.0903371149
20
552880.2275562482
10
1368650.5361940835
20
552879.8016017684
10
1368650.9314340348
20
552879.4273586646
10
1368651.276056969
20
552879.1048269367
10
1368651.5700628862
20
552878.8340065852
10
1368651.9041873966
20
552878.5797153115
10
1368652.2784305005
20
552878.3419531158
10
1368652.6927921977
20
552878.1207199981
10
1368653.1472724883
20
552877.9160159586
10
1368653.6752542583
20
552877.6445666181
10
1368654.2767375074
20
552877.3063719769
10
1368654.951722236
20
552876.9014320347
10
1368655.7002084432
20
552876.4297467917
10
1368656.2867255243
20
552876.057958628
10
1368656.711273479
20
552875.786067544
10
1368656.973852307
20
552875.6140735395
10
1368657.0744620084
20
552875.5419766144
10
1368657.3118884112
20
552875.384354575
10
1368657.686131515
20
552875.141207421
10
1368658.1971913201
20
552874.8125351527
10
1368658.8450678263
20
552874.3983377699
10
1368659.4190096112
20
552874.0041175266
10
1368659.919016675
20
552873.6298744228
10
1368660.3450890174
20
552873.2756084584
10
1368660.6972266387
20
552872.9413196334
10
1368661.0604170011
20
552872.6101328908
10
1368661.434660105
20
552872.2820482303
10
1368661.8199559501
20
552871.957065652
10
1368662.2163045364
20
552871.6351851561
10
1368662.6091393097
20
552871.2871233562
10
1368662.9984602705
20
552870.9128802523
10
1368663.384267418
20
552870.5124558446
10
1368663.7665607526
20
552870.0858501329
10
1368664.144828972
20
552869.6657041799
10
1368664.5190720758
20
552869.2520179856
10
1368664.8892900643
20
552868.8447915501
10
1368665.2554829374
20
552868.4440248731
10
1368665.6111127296
20
552868.0565199828
10
1368665.9561794405
20
552867.682276879
10
1368666.2906830707
20
552867.3212955616
10
1368666.6146236197
20
552866.9735760308
10
1368666.9637154462
20
552866.5807519369
10
1368667.33795855
20
552866.1428232798
10
1368667.7373529314
20
552865.6597900597
10
1368668.1618985897
20
552865.1316522764
10
1368668.5432571308
20
552864.6804618328
10
1368668.8814285542
20
552864.306218729
10
1368669.17641286
20
552864.0089229649
10
1368669.4282100485
20
552863.7885745405
10
1368669.7412301945
20
552863.4588834946
10
1368670.1154732984
20
552863.0198498272
10
1368670.55093936
20
552862.4714735381
10
1368671.0476283792
20
552861.8137546272
10
1368671.4395622201
20
552861.29777362
10
1368671.726740882
20
552860.9235305162
10
1368671.9091643654
20
552860.6910253158
10
1368671.98683267
20
552860.6002580188
10
1368672.0994187207
20
552860.3450609942
10
1368672.2469225177
20
552859.9254342419
10
1368672.429344061
20
552859.3413777619
10
1368672.6466833504
20
552858.5928915542
10
1368672.78826412
20
552857.8444053466
10
1368672.8540863697
20
552857.095919139
10
1368672.8441500997
20
552856.3474329312
10
1368672.75845531
20
552855.5989467236
10
1368672.6418560166
20
552854.909742957
10
1368672.4943522194
20
552854.2798216315
10
1368672.3159439187
20
552853.709182747
10
1368672.1066311146
20
552853.1978263038
10
1368671.9216390995
20
552852.7550265302
10
1368671.7609678735
20
552852.3807834263
10
1368671.6246174364
20
552852.0750969923
10
1368671.5125877883
20
552851.8379672279
10
1368671.320433339
20
552851.4729983528
10
1368671.0481540887
20
552850.9801903667
10
1368670.695750037
20
552850.3595432698
10
1368670.2632211838
20
552849.6110570623
10
1368669.8878426175
20
552848.9985975319
10
1368669.5696143375
20
552848.522164679
10
1368669.3085363442
20
552848.1817585035
10
1368669.1046086377
20
552847.9773790053
10
1368668.7877811736
20
552847.6880677043
10
1368668.3580539525
20
552847.3138246005
10
1368667.8154269739
20
552846.8546496938
10
1368667.1599002385
20
552846.3105429843
10
1368666.6450153186
20
552845.8884743849
10
1368666.2707722147
20
552845.5884438956
10
1368666.0371709268
20
552845.4104515165
10
1368665.9442114548
20
552845.3544972475
10
1368665.687370299
20
552845.1724170487
10
1368665.2666474592
20
552844.8642109201
10
1368664.6820429354
20
552844.4298788616
10
1368663.9335567276
20
552843.8694208735
10
1368663.3293566552
20
552843.4160588947
10
1368662.8694427179
20
552843.0697929254
10
1368662.5538149155
20
552842.8306229655
10
1368662.3824732485
20
552842.698549015
10
1368662.109680863
20
552842.5024368477
10
1368661.7354377592
20
552842.2422864635
10
1368661.2597439368
20
552841.9180978626
10
1368660.6825993964
20
552841.529871045
10
1368660.1173838046
20
552841.1486360843
10
1368659.5640971616
20
552840.7743929804
10
1368659.0227394674
20
552840.4071417334
10
1368658.4933107223
20
552840.0468823435
10
1368658.0414747978
20
552839.7381854765
10
1368657.6672316939
20
552839.4810511325
10
1368657.3705814108
20
552839.2754793117
10
1368657.1515239482
20
552839.1214700139
10
1368656.8410331858
20
552838.8573438129
10
1368656.4391091235
20
552838.4831007092
10
1368655.945751761
20
552837.9987407024
10
1368655.3609610982
20
552837.4042637926
10
1368654.8814442148
20
552836.9276878238
10
1368654.507201111
20
552836.569012796
10
1368654.2382317865
20
552836.3282387091
10
1368654.0745362416
20
552836.205365563
10
1368653.764643031
20
552835.9831147285
10
1368653.3085521546
20
552835.6614862054
10
1368652.7062636125
20
552835.2404799938
10
1368651.9577774052
20
552834.7200960935
10
1368651.3497833146
20
552834.3035008779
10
1368650.8822813411
20
552833.9906943471
10
1368650.555271485
20
552833.7816765009
10
1368650.3687537462
20
552833.6764473395
10
1368650.0883733248
20
552833.5343992375
10
1368649.714130221
20
552833.3555321947
10
1368649.2460244347
20
552833.1398462115
10
1368648.684055966
20
552832.8873412875
10
1368648.0754580626
20
552832.6079541835
10
1368647.4202307242
20
552832.3016848994
10
1368646.7183739513
20
552831.9685334351
10
1368645.969887744
20
552831.608499791
10
1368645.3450840195
20
552831.3044876478
10
1368644.8439627779
20
552831.056497006
10
1368644.4665240196
20
552830.8645278653
10
1368644.2127677447
20
552830.7285802257
10
1368643.8987680553
20
552830.5583484089
10
1368643.5245249514
20
552830.3538324147
10
1368643.0900384332
20
552830.1150322431
10
1368642.5953085003
20
552829.8419478943
10
1368642.037139499
20
552829.5636695765
10
1368641.4155314288
20
552829.28019729
10
1368640.7304842898
20
552828.9915310346
10
1368639.9819980825
20
552828.6976708103
10
1368639.233511875
20
552828.4602938835
10
1368638.4850256671
20
552828.279400254
10
1368637.7365394593
20
552828.1549899218
10
1368636.9880532515
20
552828.087062887
10
1368636.239567044
20
552828.0736159008
10
1368635.4910808364
20
552828.1146489632
10
1368634.7425946286
20
552828.2101620741
10
1368633.9941084213
20
552828.3601552336
10
1368633.2456222135
20
552828.5229649215
10
1368632.4971360057
20
552828.6985911378
10
1368631.7486497979
20
552828.8870338827
10
1368631.0001635905
20
552829.088293156
10
1368630.2516773827
20
552829.2742324534
10
1368629.503191175
20
552829.4448517747
10
1368628.7547049671
20
552829.6001511202
10
1368628.0062187598
20
552829.7401304897
10
1368627.257732552
20
552829.8672610687
10
1368626.5092463442
20
552829.9815428569
10
1368625.7607601364
20
552830.0829758549
10
1368625.012273929
20
552830.1715600622
10
1368624.2637877213
20
552830.247948475
10
1368623.5153015137
20
552830.3121410928
10
1368622.7668153062
20
552830.3641379161
10
1368622.0183290984
20
552830.4039389447
10
1368621.3080440534
20
552830.4376033585
10
1368620.6359601712
20
552830.4651311578
10
1368620.002077452
20
552830.4865223422
10
1368619.4063958954
20
552830.501776912
10
1368618.9214335652
20
552830.5140962931
10
1368618.5471904613
20
552830.5234804858
10
1368618.283666584
20
552830.5299294898
10
1368618.1308619329
20
552830.5334433053
10
1368617.8291368927
20
552830.5480919344
10
1368617.3784914631
20
552830.5738753771
10
1368616.7789256447
20
552830.6107936333
10
1368616.030439437
20
552830.658846703
10
1368615.281953229
20
552830.7146721003
10
1368614.5334670213
20
552830.7782698248
10
1368613.7849808137
20
552830.849639877
10
1368613.0364946064
20
552830.9287822566
10
1368612.2880083988
20
552831.0064227553
10
1368611.539522191
20
552831.082561373
10
1368610.7910359832
20
552831.1571981101
10
1368610.0425497754
20
552831.2303329662
10
1368609.2940635676
20
552831.3009455687
10
1368608.5455773603
20
552831.3690359173
10
1368607.7970911525
20
552831.4346040124
10
1368607.048604945
20
552831.4976498536
10
1368606.3001187374
20
552831.5594852776
10
1368605.5516325296
20
552831.6201102842
10
1368604.8031463218
20
552831.6795248735
10
1368604.0546601145
20
552831.7377290454
10
1368603.3061739067
20
552831.8003194267
10
1368602.5576876989
20
552831.8672960172
10
1368601.809201491
20
552831.9386588172
10
1368601.0607152837
20
552832.0144078266
10
1368600.312229076
20
552832.0996152007
10
1368599.5637428681
20
552832.1942809395
10
1368598.8152566603
20
552832.2984050433
10
1368598.066770453
20
552832.4119875118
10
1368597.3182842452
20
552832.5193692629
10
1368596.5697980374
20
552832.6205502965
10
1368595.8213118296
20
552832.7155306125
10
1368595.0728256223
20
552832.8043102111
10
1368594.3243394145
20
552832.8764550978
10
1368593.5758532067
20
552832.9319652728
10
1368592.8273669991
20
552832.970840736
10
1368592.0788807916
20
552832.9930814872
10
1368591.3303945838
20
552833.0066009609
10
1368590.5819083764
20
552833.0113991564
10
1368589.8334221686
20
552833.0074760744
10
1368589.0849359608
20
552832.9948317145
10
1368588.336449753
20
552832.9843131232
10
1368587.5879635452
20
552832.9759203002
10
1368586.8394773377
20
552832.9696532459
10
1368586.0909911303
20
552832.9655119601
10
1368585.3425049228
20
552832.9756251576
10
1368584.594018715
20
552832.9999928385
10
1368583.8455325072
20
552833.0386150028
10
1368583.0970462994
20
552833.0914916504
10
1368582.3740130495
20
552833.1528864471
10
1368581.6764327576
20
552833.2227993929
10
1368581.0043054235
20
552833.3012304876
10
1368580.3576310473
20
552833.3881797316
10
1368579.847172307
20
552833.4567426284
10
1368579.4729292034
20
552833.5069191783
10
1368579.2349017358
20
552833.5387093812
10
1368579.1330899044
20
552833.5521132373
10
1368578.8696094789
20
552833.5858961665
10
1368578.4444604595
20
552833.6400581691
10
1368577.8576428457
20
552833.7145992449
10
1368577.109156638
20
552833.8095193937
10
1368576.3606704304
20
552833.9000010006
10
1368575.6121842228
20
552833.9860440656
10
1368574.863698015
20
552834.0676485884
10
1368574.1152118077
20
552834.144814569
10
1368573.3667255999
20
552834.219460479
10
1368572.618239392
20
552834.2915863178
10
1368571.8697531843
20
552834.361192086
10
1368571.121266977
20
552834.4282777833
10
1368570.3727807691
20
552834.495133671
10
1368569.6242945613
20
552834.5617597487
10
1368568.8758083535
20
552834.6281560169
10
1368568.1273221462
20
552834.6943224753
10
1368567.3788359384
20
552834.7677906064
10
1368566.6303497306
20
552834.8485604099
10
1368565.8818635228
20
552834.9366318859
10
1368565.1333773155
20
552835.0320050347
10
1368564.3848911077
20
552835.1160907755
10
1368563.6364049
20
552835.1888891085
10
1368562.8879186925
20
552835.2504000335
10
1368562.1394324847
20
552835.3006235508
10
1368561.390946277
20
552835.3431869384
10
1368560.6424600692
20
552835.3780901965
10
1368559.8939738616
20
552835.4053333252
10
1368559.1454876543
20
552835.4249163242
10
1368558.3970014467
20
552835.4512623441
10
1368557.648515239
20
552835.4843713848
10
1368556.900029031
20
552835.5242434465
10
1368556.1515428233
20
552835.570878529
10
1368555.4030566155
20
552835.6233634341
10
1368554.6545704077
20
552835.6816981618
10
1368553.9060842001
20
552835.7458827118
10
1368553.1575979928
20
552835.8159170842
10
1368552.4091117852
20
552835.8934193589
10
1368551.6606255774
20
552835.9783895356
10
1368550.9121393696
20
552836.0708276143
10
1368550.1636531618
20
552836.1707335948
10
1368549.5125567173
20
552836.2576603218
10
1368548.9588500354
20
552836.3316077949
10
1368548.502533117
20
552836.3925760142
10
1368548.1436059617
20
552836.4405649797
10
1368547.777020832
20
552836.48882191
10
1368547.4027777284
20
552836.5373468054
10
1368547.0208766505
20
552836.5861396657
10
1368546.631317598
20
552836.635200491
10
1368546.1520267571
20
552836.6848099967
10
1368545.583004127
20
552836.7349681833
10
1368544.9242497082
20
552836.7856750507
10
1368544.1757635009
20
552836.8369305986
10
1368543.427277293
20
552836.8828784886
10
1368542.6787910853
20
552836.9235187204
10
1368541.9303048775
20
552836.9588512942
10
1368541.1818186701
20
552836.9888762101
10
1368540.4333324623
20
552837.021181988
10
1368539.6848462545
20
552837.0557686281
10
1368538.9363600467
20
552837.0926361304
10
1368538.1878738394
20
552837.1317844948
10
1368537.4393876316
20
552837.1811845673
10
1368536.6909014238
20
552837.2408363475
10
1368535.942415216
20
552837.3107398357
10
1368535.1939290087
20
552837.3908950316
10
1368534.4454428009
20
552837.476215174
10
1368533.696956593
20
552837.5667002625
10
1368532.9484703855
20
552837.6623502972
10
1368532.199984178
20
552837.7631652781
10
1368531.4514979701
20
552837.8590014338
10
1368530.7030117628
20
552837.9498587642
10
1368529.954525555
20
552838.0357372693
10
1368529.2060393472
20
552838.1166369494
10
1368528.4575531394
20
552838.1941474504
10
1368527.7090669316
20
552838.2682687728
10
1368526.960580724
20
552838.3390009162
10
1368526.2120945167
20
552838.406343881
10
1368525.4636083092
20
552838.465045562
10
1368524.7151221014
20
552838.5151059591
10
1368523.9666358936
20
552838.5565250727
10
1368523.2181496858
20
552838.5893029023
10
1368522.469663478
20
552838.6149307758
10
1368521.7211772702
20
552838.6334086928
10
1368520.9726910626
20
552838.6447366535
10
1368520.2242048553
20
552838.648914658
10
1368519.4757186477
20
552838.6602891609
10
1368518.72723244
20
552838.6788601626
10
1368517.978746232
20
552838.7046276627
10
1368517.2302600243
20
552838.7375916613
10
1368516.4817738167
20
552838.7829578877
10
1368515.7332876092
20
552838.8407263423
10
1368514.9848014014
20
552838.9108970246
10
1368514.236315194
20
552838.9934699348
10
1368513.4889377411
20
552839.0797223649
10
1368512.7426690427
20
552839.1696543148
10
1368511.9975090993
20
552839.2632657846
10
1368511.2534579106
20
552839.3605567742
10
1368510.6943107643
20
552839.4336707501
10
1368510.3200676607
20
552839.4826077123
10
1368510.1307285991
20
552839.5073676609
10
1368510.1262935803
20
552839.5079505958
10
1368509.935845764
20
552839.5301869381
10
1368509.5593851507
20
552839.5740766881
10
1368508.99691174
20
552839.6396198455
10
1368508.2484255326
20
552839.7268164104
10
1368507.4999393248
20
552839.8020635317
10
1368506.751453117
20
552839.8653612091
10
1368506.0029669092
20
552839.916709443
10
1368505.2544807019
20
552839.9561082331
10
1368504.505994494
20
552839.9857404688
10
1368503.7575082865
20
552840.0056061505
10
1368503.009022079
20
552840.0157052777
10
1368502.2605358711
20
552840.0160378509
10
1368501.5120496633
20
552840.0252232815
10
1368500.7635634555
20
552840.0432615698
10
1368500.015077248
20
552840.0701527157
10
1368499.2665910407
20
552840.1058967191
10
1368498.518104833
20
552840.1441253095
10
1368497.7696186253
20
552840.184838487
10
1368497.0211324175
20
552840.2280362512
10
1368496.2726462097
20
552840.2737186025
10
1368495.524160002
20
552840.329308882
10
1368494.775673794
20
552840.3948070899
10
1368494.0271875865
20
552840.4702132263
10
1368493.2787013792
20
552840.5555272908
10
1368492.5302151716
20
552840.6457436942
10
1368491.7817289638
20
552840.7408624361
10
1368491.033242756
20
552840.8408835167
10
1368490.2847565482
20
552840.9458069361
10
1368489.5362703407
20
552841.0327030923
10
1368488.787784133
20
552841.1015719858
10
1368488.0392979253
20
552841.1524136161
10
1368487.290811718
20
552841.1852279834
10
1368486.5423255102
20
552841.2050121268
10
1368485.7938393024
20
552841.2117660464
10
1368485.0453530946
20
552841.2054897419
10
1368484.2968668872
20
552841.1861832135
10
1368483.5483806795
20
552841.1723842991
10
1368482.7998944717
20
552841.1640929985
10
1368482.0514082639
20
552841.161309312
10
1368481.3029220565
20
552841.1640332395
10
1368480.5544358487
20
552841.1788454354
10
1368479.805949641
20
552841.2057458997
10
1368479.0574634331
20
552841.2447346325
10
1368478.3089772258
20
552841.2958116336
10
1368477.560491018
20
552841.3467066733
10
1368476.8120048104
20
552841.3974197514
10
1368476.0635186029
20
552841.4479508679
10
1368475.315032395
20
552841.4983000227
10
1368474.5665461873
20
552841.5347510667
10
1368473.8180599795
20
552841.5573039997
10
1368473.069573772
20
552841.5659588217
10
1368472.3210875646
20
552841.5607155329
10
1368471.572601357
20
552841.5596755203
10
1368470.8241151492
20
552841.5628387842
10
1368470.0756289414
20
552841.5702053246
10
1368469.3271427336
20
552841.5817751412
10
1368468.5786565258
20
552841.6133707142
10
1368467.830170318
20
552841.6649920437
10
1368467.0816841105
20
552841.7366391295
10
1368466.3331979031
20
552841.8283119717
10
1368465.5847116956
20
552841.9116135873
10
1368464.8362254878
20
552841.986543976
10
1368464.08773928
20
552842.0531031382
10
1368463.3392530722
20
552842.1112910736
10
1368462.5907668644
20
552842.1524130004
10
1368461.842280657
20
552842.1764689186
10
1368461.0937944492
20
552842.1834588281
10
1368460.3453082417
20
552842.1733827291
10
1368459.596822034
20
552842.1544256038
10
1368458.8483358263
20
552842.1265874524
10
1368458.0998496185
20
552842.0898682748
10
1368457.3513634112
20
552842.044268071
10
1368456.6028772034
20
552841.9998626404
10
1368455.8543909956
20
552841.9566519833
10
1368455.1059047878
20
552841.9146360994
10
1368454.3574185804
20
552841.8738149888
10
1368453.6089323726
20
552841.8184582349
10
1368452.8604461649
20
552841.7485658377
10
1368452.111959957
20
552841.6641377973
10
1368451.3634737497
20
552841.5651741137
10
1368450.614987542
20
552841.4456549735
10
1368449.8665013341
20
552841.3055803766
10
1368449.1180151263
20
552841.1449503233
10
1368448.369528919
20
552840.9637648131
10
1368447.6210427112
20
552840.7994160336
10
1368446.8725565034
20
552840.6519039845
10
1368446.1240702958
20
552840.5212286658
10
1368445.3755840883
20
552840.4073900776
10
1368444.6270978805
20
552840.3001824719
10
1368443.8786116731
20
552840.1996058488
10
1368443.1301254653
20
552840.105660208
10
1368442.3816392575
20
552840.0183455497
10
1368441.663606885
20
552839.929054537
10
1368440.9760283474
20
552839.83778717
10
1368440.3189036446
20
552839.7445434484
10
1368439.692232777
20
552839.6493233725
10
1368439.191775791
20
552839.5671322073
10
1368438.8175326872
20
552839.497969953
10
1368438.5695034654
20
552839.4418366094
10
1368438.4476881253
20
552839.3987321765
10
1368438.1692050686
20
552839.2873769781
10
1368437.7340542946
20
552839.107771014
10
1368437.1422358039
20
552838.8599142842
10
1368436.393749596
20
552838.5438067889
10
1368435.6452633883
20
552838.2849310181
10
1368434.8967771805
20
552838.083286972
10
1368434.148290973
20
552837.9388746506
10
1368433.3998047656
20
552837.8516940541
10
1368432.651318558
20
552837.7845363247
10
1368431.9028323502
20
552837.7374014627
10
1368431.1543461424
20
552837.7102894682
10
1368430.4058599346
20
552837.703200341
10
1368429.657373727
20
552837.7686387969
10
1368428.9088875195
20
552837.9066048356
10
1368428.1604013117
20
552838.1170984576
10
1368427.4119151044
20
552838.4001196625
10
1368426.7807210328
20
552838.655000678
10
1368426.266819097
20
552838.8817415042
10
1368425.8702092979
20
552839.0803421407
10
1368425.5908916343
20
552839.2508025878
10
1368425.2641112509
20
552839.4257034714
10
1368424.8898681472
20
552839.6050447916
10
1368424.4681623229
20
552839.788826548
10
1368423.9989937786
20
552839.977048741
10
1368423.4599958183
20
552840.1812884291
10
1368422.851168442
20
552840.4015456125
10
1368422.1725116502
20
552840.6378202911
10
1368421.424025443
20
552840.890112465
10
1368420.862660787
20
552841.0793315955
10
1368420.4884176832
20
552841.2054776824
10
1368420.3012961312
20
552841.2685507259
0
LWPOLYLINE
5
3C
330
C
100
AcDbEntity
8
C-TOPO-MAJR-E
100
AcDbPolyline
90
544
70
0
43
0
38
0
39
0
10
1368710.713944707
20
552849.397716939
10
1368710.526823155
20
552849.4591502559
10
1368710.1525800515
20
552849.5820168895
10
1368709.5912153958
20
552849.7663168401
10
1368708.842729188
20
552850.0120501074
10
1368708.0942429802
20
552850.2423653489
10
1368707.3457567724
20
552850.4572625646
10
1368706.5972705649
20
552850.6567417544
10
1368705.8487843575
20
552850.8408029184
10
1368705.1787002296
20
552851.0016849111
10
1368704.5870181818
20
552851.1393877327
10
1368704.0737382136
20
552851.2539113831
10
1368703.6388603258
20
552851.3452558625
10
1368703.2342998297
20
552851.4324016179
10
1368702.860056726
20
552851.5153486496
10
1368702.5161310143
20
552851.5940969575
10
1368702.2025226944
20
552851.6686465414
10
1368701.7801949028
20
552851.7689605413
10
1368701.2491476391
20
552851.895038957
10
1368700.6093809034
20
552852.0468817885
10
1368699.860894696
20
552852.2244890358
10
1368699.1124084885
20
552852.3928493374
10
1368698.3639222807
20
552852.5519626933
10
1368697.615436073
20
552852.7018291036
10
1368696.8669498651
20
552852.8424485681
10
1368696.1184636573
20
552852.9327488302
10
1368695.36997745
20
552852.9727298898
10
1368694.6214912422
20
552852.9623917468
10
1368693.8730050346
20
552852.9017344014
10
1368693.124518827
20
552852.7789572343
10
1368692.3760326193
20
552852.5940602459
10
1368691.6275464115
20
552852.3470434359
10
1368690.8790602041
20
552852.0379068044
10
1368690.3104893477
20
552851.800308751
10
1368689.921833843
20
552851.6342492758
10
1368689.7130936892
20
552851.5397283786
10
1368689.6842688872
20
552851.5167460598
10
1368689.482734934
20
552851.3539761193
10
1368689.1084918303
20
552851.0514185575
10
1368688.5615395757
20
552850.609073374
10
1368687.84187817
20
552850.026940569
10
1368687.2682046783
20
552849.5487526145
10
1368686.840519101
20
552849.1745095109
10
1368686.5588214374
20
552848.9042112576
10
1368686.4231116879
20
552848.7378578547
10
1368686.1747097038
20
552848.4259712507
10
1368685.813615485
20
552847.9685514455
10
1368685.3398290318
20
552847.3655984391
10
1368684.753350344
20
552846.6171122316
10
1368684.3069168855
20
552846.0460200345
10
1368684.0005286564
20
552845.6523218482
10
1368683.8341856566
20
552845.4360176725
10
1368683.8078878867
20
552845.3971075076
10
1368683.6920376508
20
552845.1905308731
10
1368683.4866349495
20
552844.8162877695
10
1368683.1916797827
20
552844.2743781961
10
1368682.8071721508
20
552843.5648021535
10
1368682.427796783
20
552842.8968889521
10
1368682.053553679
20
552842.2706385922
10
1368681.6844428391
20
552841.6860510737
10
1368681.3204642637
20
552841.1431263967
10
1368681.0106199617
20
552840.6845425062
10
1368680.7549099333
20
552840.3102994023
10
1368680.5533341786
20
552840.0203970851
10
1368680.4058926979
20
552839.8148355546
10
1368680.1450504055
20
552839.4805701015
10
1368679.7708073016
20
552839.017600726
10
1368679.2831633864
20
552838.4259274282
10
1368678.6821186598
20
552837.7055502079
10
1368678.2243063338
20
552837.1582400458
10
1368677.9097264078
20
552836.783996942
10
1368677.7383788826
20
552836.5828208964
10
1368677.7102637577
20
552836.554711909
10
1368677.5090846433
20
552836.365462191
10
1368677.1348415397
20
552836.0150717426
10
1368676.5875344463
20
552835.5035405634
10
1368675.8671633634
20
552834.8308686535
10
1368675.2952154526
20
552834.3074111467
10
1368674.871690714
20
552833.9331680429
10
1368674.5965891476
20
552833.708139342
10
1368674.469910753
20
552833.6323250441
10
1368674.219450004
20
552833.4764823543
10
1368673.8452069
20
552833.2406112724
10
1368673.3471814415
20
552832.9247117988
10
1368672.7253736283
20
552832.528783933
10
1368672.0970974662
20
552832.1436984483
10
1368671.462352955
20
552831.7694553444
10
1368670.8211400951
20
552831.4060546216
10
1368670.173458886
20
552831.0534962795
10
1368669.6624967298
20
552830.7731003304
10
1368669.2882536259
20
552830.564866774
10
1368669.0507295746
20
552830.4287956103
10
1368668.9499245759
20
552830.3648868395
10
1368668.6871992748
20
552830.2200975416
10
1368668.2625536714
20
552829.9944277166
10
1368667.675987766
20
552829.6878773645
10
1368666.9275015586
20
552829.3004464853
10
1368666.179015351
20
552828.970859098
10
1368665.4305291432
20
552828.6991152026
10
1368664.6820429354
20
552828.4852147993
10
1368663.9335567276
20
552828.3291578878
10
1368663.18507052
20
552828.1835771858
10
1368662.4365843125
20
552828.0484726934
10
1368661.6880981047
20
552827.9238444103
10
1368660.9396118973
20
552827.8096923368
10
1368660.3296906818
20
552827.7173438885
10
1368659.8583344584
20
552827.6467990654
10
1368659.5255432269
20
552827.5980578675
10
1368659.3313169878
20
552827.5711202949
10
1368659.0470823161
20
552827.532001053
10
1368658.6728392122
20
552827.4807001415
10
1368658.2085876763
20
552827.4172175608
10
1368657.6543277076
20
552827.3415533109
10
1368657.0515111792
20
552827.2382092938
10
1368656.4001380913
20
552827.10718551
10
1368655.7002084432
20
552826.9484819592
10
1368654.951722236
20
552826.7620986415
10
1368654.203236028
20
552826.5607071572
10
1368653.4547498203
20
552826.3443075062
10
1368652.7062636125
20
552826.1128996885
10
1368651.9577774052
20
552825.8664837042
10
1368651.2572397348
20
552825.621666052
10
1368650.6046506013
20
552825.3784467321
10
1368650.0000100052
20
552825.1368257443
10
1368649.4433179465
20
552824.8968030887
10
1368648.977850365
20
552824.6950933
10
1368648.6036072613
20
552824.5316963783
10
1368648.320588635
20
552824.4066123232
10
1368648.1287944862
20
552824.3198411353
10
1368647.7978273227
20
552824.1607578844
10
1368647.3276871443
20
552823.9293625704
10
1368646.7183739513
20
552823.6256551936
10
1368645.969887744
20
552823.2496357539
10
1368645.2560359999
20
552822.8961972792
10
1368644.576818719
20
552822.5653397692
10
1368643.932235902
20
552822.2570632244
10
1368643.3222875483
20
552821.9713676445
10
1368642.8301918197
20
552821.7408440297
10
1368642.4559487158
20
552821.5654923802
10
1368642.1995582369
20
552821.4453126958
10
1368642.0610203827
20
552821.3803049766
10
1368641.7699954403
20
552821.2932129162
10
1368641.3264834092
20
552821.1840365147
10
1368640.7304842898
20
552821.0527757718
10
1368639.9819980825
20
552820.8994306879
10
1368639.233511875
20
552820.8211835751
10
1368638.4850256671
20
552820.8180344335
10
1368637.7365394593
20
552820.8899832631
10
1368636.9880532515
20
552821.0370300638
10
1368636.3852002004
20
552821.1651416649
10
1368635.9279803056
20
552821.2743180664
10
1368635.616393567
20
552821.3645592685
10
1368635.4504399844
20
552821.4358652709
10
1368635.1803416414
20
552821.5477531442
10
1368634.8060985375
20
552821.7002228883
10
1368634.327710673
20
552821.8932745033
10
1368633.7451780478
20
552822.126907989
10
1368633.1211570268
20
552822.3933918119
10
1368632.4556476101
20
552822.6927259717
10
1368631.7486497979
20
552823.0249104685
10
1368631.0001635905
20
552823.3899453023
10
1368630.3361421537
20
552823.7011758996
10
1368629.7565854876
20
552823.9586022606
10
1368629.2614935925
20
552824.162224385
10
1368628.8508664684
20
552824.3120422731
10
1368628.4584313543
20
552824.4499403716
10
1368628.0841882504
20
552824.5759186803
10
1368627.7281371567
20
552824.6899771992
10
1368627.3902780733
20
552824.7921159285
10
1368626.9497622089
20
552824.8964700679
10
1368626.406589563
20
552825.0030396172
10
1368625.7607601364
20
552825.1118245767
10
1368625.012273929
20
552825.2228249463
10
1368624.2637877213
20
552825.3183176927
10
1368623.5153015137
20
552825.3983028163
10
1368622.7668153062
20
552825.4627803167
10
1368622.0183290984
20
552825.5117501941
10
1368621.2698428906
20
552825.5577734171
10
1368620.5213566828
20
552825.6008499854
10
1368619.7728704752
20
552825.6409798991
10
1368619.0243842679
20
552825.6781631582
10
1368618.2758980603
20
552825.7239823279
10
1368617.5274118525
20
552825.7784374079
10
1368616.7789256447
20
552825.8415283986
10
1368616.030439437
20
552825.9132552998
10
1368615.281953229
20
552825.9902896257
10
1368614.5334670213
20
552826.0726313766
10
1368613.7849808137
20
552826.1602805523
10
1368613.0364946064
20
552826.2532371528
10
1368612.2880083988
20
552826.3420203766
10
1368611.539522191
20
552826.4266302236
10
1368610.7910359832
20
552826.5070666936
10
1368610.0425497754
20
552826.5833297868
10
1368609.2940635676
20
552826.6567335479
10
1368608.5455773603
20
552826.727277977
10
1368607.7970911525
20
552826.7949630741
10
1368607.048604945
20
552826.8597888394
10
1368606.3001187374
20
552826.9252158499
10
1368605.5516325296
20
552826.9912441059
10
1368604.8031463218
20
552827.0578736071
10
1368604.0546601145
20
552827.1251043538
10
1368603.3581007987
20
552827.1945751301
10
1368602.7134683747
20
552827.2662859362
10
1368602.1207628427
20
552827.3402367721
10
1368601.579984203
20
552827.4164276377
10
1368601.1224733312
20
552827.4797682075
10
1368600.7482302273
20
552827.5302584816
10
1368600.4572548913
20
552827.5678984602
10
1368600.2495473237
20
552827.5926881433
10
1368599.906645096
20
552827.6421386775
10
1368599.428548208
20
552827.7162500632
10
1368598.8152566603
20
552827.8150223
10
1368598.066770453
20
552827.9384553882
10
1368597.3182842452
20
552828.0575929615
10
1368596.5697980374
20
552828.1724350197
10
1368595.8213118296
20
552828.2829815631
10
1368595.0728256223
20
552828.3892325915
10
1368594.3243394145
20
552828.4844692341
10
1368593.5758532067
20
552828.568691491
10
1368592.8273669991
20
552828.6418993622
10
1368592.0788807916
20
552828.7040928476
10
1368591.3303945838
20
552828.7563854328
10
1368590.5819083764
20
552828.7987771179
10
1368589.8334221686
20
552828.8312679026
10
1368589.0849359608
20
552828.8538577872
10
1368588.336449753
20
552828.8753656506
10
1368587.5879635452
20
552828.8957914929
10
1368586.8394773377
20
552828.9151353139
10
1368586.0909911303
20
552828.9333971137
10
1368585.3425049228
20
552828.963113871
10
1368584.594018715
20
552829.0042855858
10
1368583.8455325072
20
552829.0569122582
10
1368583.0970462994
20
552829.1209938881
10
1368582.3485600916
20
552829.1958963242
10
1368581.6000738838
20
552829.2816195666
10
1368580.8515876762
20
552829.3781636155
10
1368580.1031014689
20
552829.4855284705
10
1368579.3546152613
20
552829.5925670982
10
1368578.6061290535
20
552829.6992794983
10
1368577.8576428457
20
552829.805665671
10
1368577.109156638
20
552829.9117256161
10
1368576.3606704304
20
552830.014606548
10
1368575.6121842228
20
552830.1143084668
10
1368574.863698015
20
552830.2108313723
10
1368574.1152118077
20
552830.3041752646
10
1368573.5077428184
20
552830.3792124128
10
1368573.0412910478
20
552830.4359428169
10
1368572.7158564962
20
552830.4743664769
10
1368572.531439163
20
552830.4944833927
10
1368572.2521089446
20
552830.5230363813
10
1368571.8778658407
20
552830.5600254427
10
1368571.4087098516
20
552830.6054505769
10
1368570.8446409772
20
552830.659311784
10
1368570.2344677693
20
552830.715816194
10
1368569.578190228
20
552830.7749638071
10
1368568.8758083535
20
552830.8367546233
10
1368568.1273221462
20
552830.9011886427
10
1368567.3788359384
20
552830.9735602826
10
1368566.6303497306
20
552831.053869543
10
1368565.8818635228
20
552831.1421164239
10
1368565.1333773155
20
552831.2383009254
10
1368564.3848911077
20
552831.3254859678
10
1368563.6364049
20
552831.4036715513
10
1368562.8879186925
20
552831.4728576757
10
1368562.1394324847
20
552831.5330443415
10
1368561.390946277
20
552831.5842102496
10
1368560.6424600692
20
552831.6263554003
10
1368559.8939738616
20
552831.6594797936
10
1368559.1454876543
20
552831.6835834297
10
1368558.3970014467
20
552831.716548206
10
1368557.648515239
20
552831.7583741228
10
1368556.900029031
20
552831.80906118
10
1368556.1515428233
20
552831.8686093776
10
1368555.4030566155
20
552831.9347318178
10
1368554.6545704077
20
552832.0074285003
10
1368553.9060842001
20
552832.0866994255
10
1368553.1575979928
20
552832.172544593
10
1368552.4091117852
20
552832.2651231512
10
1368551.6606255774
20
552832.3644350999
10
1368550.9121393696
20
552832.4704804393
10
1368550.1636531618
20
552832.5832591691
10
1368549.415166954
20
552832.6923799512
10
1368548.6666807467
20
552832.7978427855
10
1368547.918194539
20
552832.899647672
10
1368547.1697083313
20
552832.9977946107
10
1368546.4212221238
20
552833.0759573277
10
1368545.672735916
20
552833.1341358232
10
1368544.9242497082
20
552833.1723300971
10
1368544.1757635009
20
552833.1905401492
10
1368543.427277293
20
552833.1979369468
10
1368542.6787910853
20
552833.1945204895
10
1368541.9303048775
20
552833.1802907777
10
1368541.1818186701
20
552833.1552478112
10
1368540.4333324623
20
552833.1332077838
10
1368539.6848462545
20
552833.1141706954
10
1368538.9363600467
20
552833.0981365461
10
1368538.1878738394
20
552833.0851053358
10
1368537.4393876316
20
552833.0921277539
10
1368536.6909014238
20
552833.1192038001
10
1368535.942415216
20
552833.1663334748
10
1368535.1939290087
20
552833.2335167777
10
1368534.5588785955
20
552833.2954237466
10
1368534.0372639764
20
552833.352054381
10
1368533.6290851522
20
552833.4034086815
10
1368533.3343421223
20
552833.449486648
10
1368532.9998490554
20
552833.4996058813
10
1368532.6256059518
20
552833.5537663816
10
1368532.2116128108
20
552833.611968149
10
1368531.7578696331
20
552833.6742111836
10
1368531.2304406979
20
552833.7425610623
10
1368530.6293260052
20
552833.817017785
10
1368529.954525555
20
552833.8975813522
10
1368529.2060393472
20
552833.9842517632
10
1368528.4575531394
20
552834.0760562198
10
1368527.7090669316
20
552834.1729947216
10
1368526.960580724
20
552834.2750672688
10
1368526.2120945167
20
552834.3822738612
10
1368525.4636083092
20
552834.4785413825
10
1368524.7151221014
20
552834.5638698322
10
1368523.9666358936
20
552834.6382592109
10
1368523.2181496858
20
552834.7017095181
10
1368522.469663478
20
552834.7550526136
10
1368521.7211772702
20
552834.7982884971
10
1368520.9726910626
20
552834.8314171688
10
1368520.2242048553
20
552834.8544386288
10
1368519.4757186477
20
552834.8806449203
10
1368518.72723244
20
552834.9100360436
10
1368517.978746232
20
552834.9426119986
10
1368517.2302600243
20
552834.9783727853
10
1368516.4817738167
20
552835.0210099467
10
1368515.7332876092
20
552835.0705234827
10
1368514.9848014014
20
552835.1269133936
10
1368514.236315194
20
552835.1901796793
10
1368513.4878289863
20
552835.2538795633
10
1368512.7393427785
20
552835.3180130455
10
1368511.9908565707
20
552835.382580126
10
1368511.2423703633
20
552835.4475808047
10
1368510.4938841555
20
552835.516279155
10
1368509.7453979477
20
552835.588675177
10
1368508.99691174
20
552835.6647688703
10
1368508.2484255326
20
552835.7445602352
10
1368507.4999393248
20
552835.8281195321
10
1368506.751453117
20
552835.9154467612
10
1368506.0029669092
20
552836.0065419222
10
1368505.2544807019
20
552836.1014050152
10
1368504.507549786
20
552836.1893553834
10
1368503.7621741625
20
552836.2703930266
10
1368503.018353831
20
552836.3445179448
10
1368502.2760887914
20
552836.411730138
10
1368501.71783472
20
552836.4622467314
10
1368501.343591616
20
552836.496067725
10
1368501.15335948
20
552836.5131931187
10
1368501.1471383118
20
552836.5136229127
10
1368500.9553508838
20
552836.5238578394
10
1368500.5779971958
20
552836.5438978989
10
1368500.015077248
20
552836.5737430911
10
1368499.2665910407
20
552836.613393416
10
1368498.518104833
20
552836.6467115603
10
1368497.7696186253
20
552836.673697524
10
1368497.0211324175
20
552836.694351307
10
1368496.2726462097
20
552836.7086729094
10
1368495.524160002
20
552836.728556683
10
1368494.775673794
20
552836.754002628
10
1368494.0271875865
20
552836.7850107441
10
1368493.2787013792
20
552836.8215810314
10
1368492.5302151716
20
552836.8713237953
10
1368491.7817289638
20
552836.9342390357
10
1368491.033242756
20
552837.0103267527
10
1368490.2847565482
20
552837.0995869462
10
1368489.5362703407
20
552837.1802679631
10
1368488.787784133
20
552837.2523698034
10
1368488.0392979253
20
552837.315892467
10
1368487.290811718
20
552837.3708359541
10
1368486.5423255102
20
552837.4098016637
10
1368485.7938393024
20
552837.432789596
10
1368485.0453530946
20
552837.4397997509
10
1368484.2968668872
20
552837.4308321284
10
1368483.5483806795
20
552837.4165929708
10
1368482.7998944717
20
552837.3970822782
10
1368482.0514082639
20
552837.3723000505
10
1368481.3029220565
20
552837.3422462877
10
1368480.5544358487
20
552837.3118232389
10
1368479.805949641
20
552837.2810309038
10
1368479.0574634331
20
552837.2498692826
10
1368478.3089772258
20
552837.2183383754
10
1368477.560491018
20
552837.1887461109
10
1368476.8120048104
20
552837.1610924893
10
1368476.0635186029
20
552837.1353775103
10
1368475.315032395
20
552837.1116011742
10
1368474.5665461873
20
552837.0890835691
10
1368473.8180599795
20
552837.0678246948
10
1368473.069573772
20
552837.0478245514
10
1368472.3210875646
20
552837.0290831388
10
1368471.572601357
20
552837.0032564844
10
1368470.8241151492
20
552836.9703445879
10
1368470.0756289414
20
552836.9303474497
10
1368469.3271427336
20
552836.8832650696
10
1368468.7079073926
20
552836.8291974675
10
1368468.217922919
20
552836.7681446434
10
1368467.8571893119
20
552836.7001065975
10
1368467.6257065719
20
552836.6250833299
10
1368467.32284365
20
552836.491861951
10
1368466.948600546
20
552836.300442461
10
1368466.5029772604
20
552836.0508248601
10
1368465.9859737926
20
552835.743009148
10
1368465.4955896386
20
552835.4019797401
10
1368465.0318247979
20
552835.0277366363
10
1368464.5946792704
20
552834.6202798366
10
1368464.1841530567
20
552834.1796093408
10
1368463.7917683977
20
552833.6694984152
10
1368463.417525294
20
552833.0899470595
10
1368463.0614237452
20
552832.4409552738
10
1368462.7234637511
20
552831.7225230583
10
1368462.4660668902
20
552831.1761853986
10
1368462.289233162
20
552830.8019422947
10
1368462.1929625666
20
552830.5997937467
10
1368462.177255104
20
552830.5697397547
10
1368462.113683783
20
552830.3600777087
10
1368462.0022486039
20
552829.9708076089
10
1368461.842949566
20
552829.4019294551
10
1368461.6357866698
20
552828.6534432474
10
1368461.4698759497
20
552827.9049570397
10
1368461.3452174054
20
552827.1564708322
10
1368461.2618110366
20
552826.4079846244
10
1368461.2196568432
20
552825.6594984168
10
1368461.1786171563
20
552824.911012209
10
1368461.1386919753
20
552824.1625260015
10
1368461.0998813005
20
552823.4140397938
10
1368461.0621851315
20
552822.6655535861
10
1368461.0107498153
20
552821.9170673785
10
1368460.9455753518
20
552821.1685811707
10
1368460.866661741
20
552820.420094963
10
1368460.7740089828
20
552819.6716087555
10
1368460.6763839026
20
552818.9231225478
10
1368460.5737865001
20
552818.17463634
10
1368460.4662167756
20
552817.4261501323
10
1368460.3536747291
20
552816.6776639248
10
1368460.2394292767
20
552815.9291777171
10
1368460.1234804185
20
552815.1806915093
10
1368460.0058281543
20
552814.4322053017
10
1368459.8864724846
20
552813.683719094
10
1368459.7868930805
20
552812.9352328863
10
1368459.707089942
20
552812.1867466788
10
1368459.6470630695
20
552811.438260471
10
1368459.6068124622
20
552810.6897742634
10
1368459.5563834058
20
552809.9633269752
10
1368459.4957758994
20
552809.2589186067
10
1368459.4249899439
20
552808.5765491577
10
1368459.3440255383
20
552807.9162186282
10
1368459.2798891878
20
552807.3989318116
10
1368459.2325808923
20
552807.0246887078
10
1368459.2021006513
20
552806.7934893167
10
1368459.1884484654
20
552806.7053336386
10
1368459.091349612
20
552806.452095328
10
1368458.9108040915
20
552806.033774385
10
1368458.6468119032
20
552805.4503708098
10
1368458.2993730474
20
552804.701884602
10
1368457.9419451142
20
552804.0335363336
10
1368457.5745281032
20
552803.4453260043
10
1368457.1971220146
20
552802.9372536144
10
1368456.8097268487
20
552802.5093191636
10
1368456.352719397
20
552802.1082303864
10
1368455.8260996598
20
552801.7339872825
10
1368455.2298676372
20
552801.3865898522
10
1368454.5640233292
20
552801.0660380952
10
1368454.0439796234
20
552800.8112253653
10
1368453.6697365195
20
552800.6221516621
10
1368453.4412940177
20
552800.4988169861
10
1368453.3586521181
20
552800.4412213368
10
1368453.1095491415
20
552800.2782796314
10
1368452.6939850878
20
552800.0099918698
10
1368452.111959957
20
552799.6363580518
10
1368451.3634737497
20
552799.1573781774
10
1368450.7471856636
20
552798.7451656006
10
1368450.263095699
20
552798.3997203213
10
1368449.911203856
20
552798.1210423396
10
1368449.6915101344
20
552797.9091316555
10
1368449.421457897
20
552797.5630770904
10
1368449.1010471429
20
552797.0828786445
10
1368448.7302778729
20
552796.4685363176
10
1368448.3091500865
20
552795.72005011
10
1368447.966388072
20
552795.0891703378
10
1368447.7019918286
20
552794.5758970012
10
1368447.5159613572
20
552794.1802301
10
1368447.4082966573
20
552793.9021696342
10
1368447.280869557
20
552793.5760178495
10
1368447.133680057
20
552793.2017747457
10
1368446.9667281567
20
552792.7794403228
10
1368446.7800138562
20
552792.3090145808
10
1368446.5285078909
20
552791.7690737224
10
1368446.2122102606
20
552791.1596177475
10
1368445.8311209655
20
552790.4806466562
10
1368445.3852400056
20
552789.7321604487
10
1368445.0218565487
20
552789.1301462686
10
1368444.7409705953
20
552788.6746041164
10
1368444.542582145
20
552788.3655339917
10
1368444.4266911978
20
552788.2029358948
10
1368444.2165141166
20
552787.9345152944
10
1368443.912050901
20
552787.5602721907
10
1368443.5133015518
20
552787.0802065834
10
1368443.0202660684
20
552786.4943184726
10
1368442.5866267749
20
552785.9874443414
10
1368442.212383671
20
552785.55958419
10
1368441.897536757
20
552785.2107380182
10
1368441.6420860325
20
552784.940905826
10
1368441.2994492652
20
552784.618868178
10
1368440.8696264545
20
552784.2446250741
10
1368440.352617601
20
552783.8181765145
10
1368439.7484227044
20
552783.339522499
10
1368439.259203704
20
552782.9497667141
10
1368438.8849606002
20
552782.6489091598
10
1368438.6256933927
20
552782.4369498362
10
1368438.481402082
20
552782.3138887434
10
1368438.1860620468
20
552782.1928900782
10
1368437.7396732874
20
552782.0739538406
10
1368437.1422358039
20
552781.9570800309
10
1368436.393749596
20
552781.8422686489
10
1368435.6452633883
20
552781.8101358855
10
1368434.8967771805
20
552781.8606817406
10
1368434.148290973
20
552781.9939062143
10
1368433.3998047656
20
552782.2098093065
10
1368432.6538567552
20
552782.3772289713
10
1368431.9104469419
20
552782.4961652089
10
1368431.1695753261
20
552782.566618019
10
1368430.4312419076
20
552782.5885874017
10
1368429.8749536464
20
552782.6051400865
10
1368429.5007105428
20
552782.6162760735
10
1368429.3085125962
20
552782.6219953628
10
1368429.298359807
20
552782.6222979543
10
1368429.1036236633
20
552782.6270374556
10
1368428.7243041648
20
552782.6362138669
10
1368428.1604013117
20
552782.6498271881
10
1368427.4119151044
20
552782.6678774192
10
1368426.6634288966
20
552782.699294405
10
1368425.9149426888
20
552782.7440781457
10
1368425.166456481
20
552782.802228641
10
1368424.4179702736
20
552782.8737458911
10
1368423.6694840658
20
552782.942483571
10
1368422.920997858
20
552783.0084416806
10
1368422.1725116502
20
552783.07162022
10
1368421.424025443
20
552783.1320191891
10
1368420.862660787
20
552783.177318416
10
1368420.4884176832
20
552783.2075179005
10
1368420.3012961312
20
552783.2226176428
0
LWPOLYLINE
5
3D
330
C
100
AcDbEntity
8
C-TOPO-MAJR-E
100
AcDbPolyline
90
196
70
0
43
0
38
0
39
0
10
1368710.713944707
20
552704.6101553849
10
1368710.6874193195
20
552704.6207066657
10
1368710.634368544
20
552704.6418092273
10
1368710.5547923814
20
552704.6734630697
10
1368710.4486908307
20
552704.7156681932
10
1368710.2085185037
20
552704.8107527704
10
1368709.8342753998
20
552704.9587168014
10
1368709.3259615193
20
552705.1595602864
10
1368708.683576862
20
552705.4132832254
10
1368708.0146668174
20
552705.7123599179
10
1368707.319231385
20
552706.0567903643
10
1368706.5972705649
20
552706.4465745642
10
1368705.8487843575
20
552706.8817125176
10
1368705.2769248285
20
552707.2229723115
10
1368704.8816919778
20
552707.470353946
10
1368704.6630858057
20
552707.6238574208
10
1368704.6211063121
20
552707.683482736
10
1368704.515642653
20
552707.9153232743
10
1368704.3466948282
20
552708.3193790357
10
1368704.1142628377
20
552708.8956500202
10
1368703.8183466815
20
552709.6441362279
10
1368703.5617181077
20
552710.3926224356
10
1368703.3443771168
20
552711.1411086431
10
1368703.1663237084
20
552711.8895948508
10
1368703.0275578825
20
552712.6380810586
10
1368702.9016164087
20
552713.3865672663
10
1368702.7884992873
20
552714.1350534739
10
1368702.6882065178
20
552714.8835396816
10
1368702.600738101
20
552715.6320258892
10
1368702.5144600216
20
552716.3805120969
10
1368702.4293722806
20
552717.1289983045
10
1368702.3454748774
20
552717.8774845123
10
1368702.2627678122
20
552718.6259707198
10
1368702.2128477818
20
552719.3744569276
10
1368702.1957147866
20
552720.1229431352
10
1368702.211368826
20
552720.871429343
10
1368702.2598099003
20
552721.6199155506
10
1368702.320848999
20
552722.3684017584
10
1368702.3944861225
20
552723.1168879659
10
1368702.4807212704
20
552723.8653741736
10
1368702.5795544425
20
552724.6138603813
10
1368702.644763776
20
552725.3623465889
10
1368702.6763492709
20
552726.1108327967
10
1368702.6743109263
20
552726.8593190043
10
1368702.6386487433
20
552727.6078052119
10
1368702.5987203845
20
552728.3562914196
10
1368702.5545258508
20
552729.1047776274
10
1368702.5060651416
20
552729.853263835
10
1368702.4533382575
20
552730.6017500426
10
1368702.423295933
20
552731.3502362503
10
1368702.4159381683
20
552732.0987224579
10
1368702.4312649635
20
552732.8472086657
10
1368702.4692763188
20
552733.5956948732
10
1368702.511233531
20
552734.344181081
10
1368702.5571366
20
552735.0926672886
10
1368702.6069855257
20
552735.8411534964
10
1368702.6607803088
20
552736.589639704
10
1368702.6966679757
20
552737.3381259118
10
1368702.7146485273
20
552738.0866121193
10
1368702.714721963
20
552738.835098327
10
1368702.6968882827
20
552739.5835845347
10
1368702.6732772721
20
552740.3320707424
10
1368702.6438889313
20
552741.08055695
10
1368702.6087232598
20
552741.8290431576
10
1368702.567780258
20
552742.5775293654
10
1368702.5106187575
20
552743.3260155731
10
1368702.437238759
20
552744.0745017807
10
1368702.3476402615
20
552744.8229879884
10
1368702.2418232653
20
552745.571474196
10
1368702.1405237962
20
552746.1894748183
10
1368702.043741854
20
552746.6769898552
10
1368701.9514774382
20
552747.0340193069
10
1368701.8637305489
20
552747.2605631732
10
1368701.698775453
20
552747.5609566583
10
1368701.4566121502
20
552747.9351997621
10
1368701.137240641
20
552748.3832924848
10
1368700.740660925
20
552748.9052348261
10
1368700.355249515
20
552749.4337636078
10
1368699.9810064111
20
552749.9688788296
10
1368699.6179316132
20
552750.5105804916
10
1368699.2660251218
20
552751.058868594
10
1368698.982849204
20
552751.5201341971
10
1368698.7684038598
20
552751.8943773009
10
1368698.6226890895
20
552752.1815979055
10
1368698.5457048928
20
552752.3817960109
10
1368698.4588675632
20
552752.7190661419
10
1368698.3621770998
20
552753.1934082983
10
1368698.2556335034
20
552753.8048224804
10
1368698.1392367738
20
552754.5533086881
10
1368697.997681072
20
552755.3017948957
10
1368697.8309663986
20
552756.0502811035
10
1368697.6390927527
20
552756.7987673111
10
1368697.4220601353
20
552757.5472535187
10
1368697.174767506
20
552758.2558880541
10
1368696.8972148653
20
552758.9246709174
10
1368696.589402213
20
552759.5536021084
10
1368696.2513295494
20
552760.1426816271
10
1368695.985430835
20
552760.6243429384
10
1368695.7917060703
20
552760.9985860421
10
1368695.6701552554
20
552761.2654109385
10
1368695.62077839
20
552761.4248176275
10
1368695.5068603628
20
552761.7314941962
10
1368695.3284011735
20
552762.1854406446
10
1368695.0854008226
20
552762.7866569725
10
1368694.7778593102
20
552763.5351431802
10
1368694.5016428926
20
552764.2836293878
10
1368694.2567515709
20
552765.0321155954
10
1368694.043185344
20
552765.7806018032
10
1368693.8609442129
20
552766.5290880108
10
1368693.7175677833
20
552767.2775742186
10
1368693.6130560562
20
552768.0260604261
10
1368693.5474090306
20
552768.7745466339
10
1368693.5206267075
20
552769.5230328415
10
1368693.5188809906
20
552770.2715190493
10
1368693.5421718806
20
552771.0200052569
10
1368693.590499377
20
552771.7684914646
10
1368693.6638634803
20
552772.5169776722
10
1368693.740350862
20
552773.2654638799
10
1368693.8199615225
20
552774.0139500875
10
1368693.9026954612
20
552774.7624362952
10
1368693.9885526784
20
552775.510922503
10
1368694.0631833223
20
552776.2594087106
10
1368694.1265873932
20
552777.0078949182
10
1368694.1787648906
20
552777.7563811259
10
1368694.2197158153
20
552778.5048673336
10
1368694.2674954287
20
552779.2533535413
10
1368694.3221037309
20
552780.0018397488
10
1368694.3835407223
20
552780.7503259566
10
1368694.451806403
20
552781.4988121642
10
1368694.5236649695
20
552782.247298372
10
1368694.5991164222
20
552782.9957845795
10
1368694.678160761
20
552783.7442707873
10
1368694.760797986
20
552784.4927569949
10
1368694.8400352953
20
552785.2412432027
10
1368694.9158726889
20
552785.9897294103
10
1368694.9883101669
20
552786.738215618
10
1368695.0573477289
20
552787.4867018256
10
1368695.1249933382
20
552788.2351880332
10
1368695.1912469952
20
552788.983674241
10
1368695.2561086991
20
552789.7321604487
10
1368695.3195784506
20
552790.4806466562
10
1368695.3824490788
20
552791.2291328639
10
1368695.4447205837
20
552791.9776190717
10
1368695.5063929656
20
552792.7261052793
10
1368695.567466224
20
552793.474591487
10
1368695.6185926958
20
552794.080286507
10
1368695.6597723805
20
552794.5431903393
10
1368695.691005278
20
552794.8633029843
10
1368695.712291388
20
552795.0406244415
10
1368695.7459307797
20
552795.316406722
10
1368695.7919234524
20
552795.6906498258
10
1368695.8502694066
20
552796.163353753
10
1368695.920968642
20
552796.7345185035
10
1368696.0038535832
20
552797.3500136184
10
1368696.0989242299
20
552798.0098390973
10
1368696.2061805828
20
552798.7139949406
10
1368696.325622641
20
552799.4624811483
10
1368696.4518051753
20
552800.210967356
10
1368696.584728185
20
552800.9594535636
10
1368696.7243916704
20
552801.7079397712
10
1368696.8707956318
20
552802.456425979
10
1368697.0429934363
20
552803.2049121867
10
1368697.2409850846
20
552803.9533983943
10
1368697.4647705762
20
552804.701884602
10
1368697.7143499113
20
552805.4503708098
10
1368697.942124817
20
552806.0745120826
10
1368698.1480952934
20
552806.5743084205
10
1368698.3322613405
20
552806.9497598237
10
1368698.4946229581
20
552807.2008662922
10
1368698.710153419
20
552807.5135410784
10
1368698.9788527235
20
552807.8877841823
10
1368699.3007208712
20
552808.3235956038
10
1368699.675757862
20
552808.8209753429
10
1368700.0503979095
20
552809.2688298398
10
1368700.4246410134
20
552809.6671590945
10
1368700.7984871736
20
552810.0159631069
10
1368701.1719363902
20
552810.315241877
10
1368701.6391448546
20
552810.6218979848
10
1368702.2001125666
20
552810.9359314304
10
1368702.8548395266
20
552811.257342214
10
1368703.6033257344
20
552811.5861303353
10
1368704.3090673
20
552811.8628262555
10
1368704.9720642231
20
552812.0874299743
10
1368705.5923165043
20
552812.2599414919
10
1368706.1698241432
20
552812.3803608081
10
1368706.6456995145
20
552812.4791715138
10
1368707.0199426184
20
552812.556373609
10
1368707.2925534546
20
552812.6119670935
10
1368707.4635320236
20
552812.6459519676
10
1368707.778887502
20
552812.7002875583
10
1368708.23861989
20
552812.7749738656
10
1368708.842729188
20
552812.8700108898
10
1368709.5912153958
20
552812.9853986306
10
1368710.1525800515
20
552813.0719394363
10
1368710.526823155
20
552813.1296333068
10
1368710.713944707
20
552813.1584802419
0
LWPOLYLINE
5
3E
330
C
100
AcDbEntity
8
C-TOPO-MAJR-E
100
AcDbPolyline
90
1312
70
0
43
0
38
0
39
0
10
1368516.06121415
20
552602.984851635
10
1368516.0641089352
20
552602.9927177595
10
1368516.0698985055
20
552603.0084500087
10
1368516.078582861
20
552603.0320483826
10
1368516.0901620018
20
552603.063512881
10
1368516.1623713332
20
552603.2663666822
10
1368516.2952108558
20
552603.6406097861
10
1368516.488680569
20
552604.1862421926
10
1368516.742780473
20
552604.9032639018
10
1368517.0224428677
20
552605.6281517358
10
1368517.3276677525
20
552606.3609056941
10
1368517.658455128
20
552607.1015257771
10
1368518.014804994
20
552607.8500119848
10
1368518.3165765028
20
552608.4843157479
10
1368518.5637696546
20
552609.0044370664
10
1368518.7563844493
20
552609.4103759403
10
1368518.894420887
20
552609.7021323697
10
1368519.0359114776
20
552610.0351321363
10
1368519.1808562204
20
552610.4093752401
10
1368519.3292551162
20
552610.8248616812
10
1368519.4811081649
20
552611.2815914595
10
1368519.6265026203
20
552611.8112603452
10
1368519.7654384829
20
552612.4138683382
10
1368519.8979157526
20
552613.0894154385
10
1368520.0239344293
20
552613.8379016462
10
1368520.1499887349
20
552614.5863878538
10
1368520.2760786696
20
552615.3348740614
10
1368520.402204233
20
552616.0833602692
10
1368520.5283654253
20
552616.8318464768
10
1368520.6688888068
20
552617.5803326846
10
1368520.8237743773
20
552618.3288188921
10
1368520.9930221369
20
552619.0773050999
10
1368521.1766320856
20
552619.8257913075
10
1368521.3545503824
20
552620.4800378924
10
1368521.5267770274
20
552621.0400448544
10
1368521.6933120207
20
552621.5058121935
10
1368521.8541553621
20
552621.8773399097
10
1368522.0358777822
20
552622.2502253198
10
1368522.2384792804
20
552622.6244684237
10
1368522.4619598573
20
552623.0000692212
10
1368522.7063195128
20
552623.3770277125
10
1368523.0156208924
20
552623.8330282354
10
1368523.389863996
20
552624.3680707895
10
1368523.829048824
20
552624.982155375
10
1368524.3331753765
20
552625.675281992
10
1368524.7186992504
20
552626.2089668523
10
1368524.985620446
20
552626.5832099561
10
1368525.1339389628
20
552626.7980113034
10
1368525.1636548012
20
552626.8533708942
10
1368525.2001003646
20
552627.0820121393
10
1368525.2432756533
20
552627.4839350384
10
1368525.293180667
20
552628.0591395919
10
1368525.3498154057
20
552628.8076257996
10
1368525.3707038155
20
552629.4592988678
10
1368525.3558458963
20
552630.0141587969
10
1368525.305241648
20
552630.4722055865
10
1368525.2188910707
20
552630.833439237
10
1368525.1311405648
20
552631.201177614
10
1368525.04199013
20
552631.5754207179
10
1368524.9514397662
20
552631.9561685484
10
1368524.8594894735
20
552632.3434211058
10
1368524.743361279
20
552632.8209820758
10
1368524.6030551824
20
552633.3888514582
10
1368524.438571184
20
552634.0470292533
10
1368524.2499092831
20
552634.7955154609
10
1368524.077566206
20
552635.5440016687
10
1368523.9215419516
20
552636.2924878763
10
1368523.7818365209
20
552637.0409740839
10
1368523.658449913
20
552637.7894602916
10
1368523.534262674
20
552638.5379464992
10
1368523.4092748035
20
552639.286432707
10
1368523.2834863018
20
552640.0349189147
10
1368523.1568971688
20
552640.7834051222
10
1368523.0197073347
20
552641.5318913299
10
1368522.8719167998
20
552642.2803775377
10
1368522.7135255635
20
552643.0288637453
10
1368522.5445336262
20
552643.777349953
10
1368522.405563089
20
552644.3956124415
10
1368522.2966139521
20
552644.8836512109
10
1368522.2176862156
20
552645.2414662611
10
1368522.168779879
20
552645.4690575922
10
1368522.110728378
20
552645.7699748097
10
1368522.0435317121
20
552646.1442179135
10
1368521.9671898817
20
552646.5917869038
10
1368521.881702887
20
552647.1126817802
10
1368521.7855683134
20
552647.6904744897
10
1368521.6787861616
20
552648.3251650317
10
1368521.5613564313
20
552649.0167534066
10
1368521.4332791225
20
552649.7652396143
10
1368521.2952652723
20
552650.513725822
10
1368521.1473148807
20
552651.2622120295
10
1368520.9894279477
20
552652.0106982372
10
1368520.8216044733
20
552652.759184445
10
1368520.6312193759
20
552653.5076706527
10
1368520.4182726552
20
552654.2561568603
10
1368520.1827643116
20
552655.004643068
10
1368519.9246943449
20
552655.7531292757
10
1368519.703884754
20
552656.4015025056
10
1368519.5203355392
20
552656.9497627576
10
1368519.3740467005
20
552657.397910032
10
1368519.2650182378
20
552657.7459443286
10
1368519.1517952876
20
552658.1070830288
10
1368519.03437785
20
552658.4813261325
10
1368518.9127659248
20
552658.8686736401
10
1368518.7869595122
20
552659.2691255511
10
1368518.536934754
20
552659.7009287272
10
1368518.1626916504
20
552660.1640831681
10
1368517.664230201
20
552660.658588874
10
1368517.0415504058
20
552661.184445845
10
1368516.4734134856
20
552661.6344958823
10
1368515.9598194407
20
552662.0087389861
10
1368515.5007682706
20
552662.3071751564
10
1368515.0962599753
20
552662.5298043933
10
1368514.7068842761
20
552662.7212501748
10
1368514.3326411722
20
552662.8815125008
10
1368513.9735306639
20
552663.0105913717
10
1368513.6295527513
20
552663.1084867872
10
1368513.184447765
20
552663.1681268709
10
1368512.6382157046
20
552663.1895116229
10
1368511.9908565707
20
552663.1726410433
10
1368511.2423703633
20
552663.1175151321
10
1368510.652482084
20
552663.0654783226
10
1368510.2211917331
20
552663.0165306149
10
1368509.9484993108
20
552662.970672009
10
1368509.8344048164
20
552662.9279025048
10
1368509.5902360175
20
552662.8371530501
10
1368509.2159929136
20
552662.6984236452
10
1368508.711675505
20
552662.5117142897
10
1368508.0772837915
20
552662.2770249838
10
1368507.4143684544
20
552662.0838840489
10
1368506.7229294935
20
552661.9322914848
10
1368506.0029669092
20
552661.8222472918
10
1368505.2544807019
20
552661.7537514698
10
1368504.505994494
20
552661.7657765134
10
1368503.7575082865
20
552661.858322423
10
1368503.009022079
20
552662.0313891981
10
1368502.2605358711
20
552662.2849768391
10
1368501.682466482
20
552662.4875669417
10
1368501.2748139114
20
552662.6391595055
10
1368501.0375781597
20
552662.7397545311
10
1368500.9707592262
20
552662.789352018
10
1368500.7720230664
20
552663.0136716852
10
1368500.44136968
20
552663.4127135326
10
1368499.9787990667
20
552663.98647756
10
1368499.384311227
20
552664.7349637677
10
1368498.9166504885
20
552665.4021006546
10
1368498.575816851
20
552665.9878882206
10
1368498.3618103154
20
552666.4923264659
10
1368498.274630881
20
552666.9154153904
10
1368498.193975936
20
552667.3140814046
10
1368498.1198454804
20
552667.6883245083
10
1368498.0522395147
20
552668.0381447019
10
1368497.9911580384
20
552668.363541985
10
1368497.9606173004
20
552668.7351214122
10
1368497.9606173004
20
552669.1528829832
10
1368497.9911580384
20
552669.6168266981
10
1368498.0522395147
20
552670.1269525569
10
1368498.1077785268
20
552670.5691370382
10
1368498.1577750752
20
552670.9433801421
10
1368498.2022291597
20
552671.2496818685
10
1368498.24114078
20
552671.4880422173
10
1368498.3058654643
20
552671.8539340309
10
1368498.3964032119
20
552672.3473573092
10
1368498.5127540235
20
552672.9683120521
10
1368498.6549178986
20
552673.7167982598
10
1368498.8149642395
20
552674.4652844674
10
1368498.9928930453
20
552675.213770675
10
1368499.188704317
20
552675.9622568828
10
1368499.4023980538
20
552676.7107430904
10
1368499.5794790832
20
552677.4592292982
10
1368499.7199474052
20
552678.2077155057
10
1368499.8238030195
20
552678.9562017134
10
1368499.8910459261
20
552679.7046879211
10
1368499.904733087
20
552680.4531741288
10
1368499.8648645014
20
552681.2016603363
10
1368499.7714401698
20
552681.950146544
10
1368499.6244600923
20
552682.6986327518
10
1368499.4917166797
20
552683.4471189595
10
1368499.3732099324
20
552684.1956051671
10
1368499.2689398502
20
552684.9440913748
10
1368499.178906433
20
552685.6925775826
10
1368499.0551317092
20
552686.3259677072
10
1368498.8976156781
20
552686.844261749
10
1368498.7063583406
20
552687.2474597078
10
1368498.481359696
20
552687.5355615835
10
1368498.222055082
20
552687.8667340733
10
1368497.9284444987
20
552688.2409771772
10
1368497.600527946
20
552688.658290895
10
1368497.2383054236
20
552689.1186752268
10
1368496.8700726107
20
552689.5343375249
10
1368496.4958295068
20
552689.905277789
10
1368496.1155761122
20
552690.2314960194
10
1368495.7293124266
20
552690.5129922159
10
1368495.2524931105
20
552690.8001057067
10
1368494.6851181637
20
552691.0928364919
10
1368494.0271875865
20
552691.3911845712
10
1368493.2787013792
20
552691.695149945
10
1368492.6197775996
20
552691.9638801346
10
1368492.0504162482
20
552692.1973751402
10
1368491.570617325
20
552692.3956349618
10
1368491.1803808296
20
552692.5586595992
10
1368490.7981410301
20
552692.7085238285
10
1368490.4238979265
20
552692.8452276497
10
1368490.0576515184
20
552692.9687710628
10
1368489.6994018056
20
552693.0791540679
10
1368489.2435929694
20
552693.2522281883
10
1368488.6902250093
20
552693.4879934243
10
1368488.0392979253
20
552693.7864497759
10
1368487.290811718
20
552694.1475972432
10
1368486.6182975683
20
552694.4876967773
10
1368486.0217554767
20
552694.8067483787
10
1368485.5011854433
20
552695.1047520471
10
1368485.056587468
20
552695.3817077826
10
1368484.6471669283
20
552695.6429186742
10
1368484.2729238244
20
552695.8883847215
10
1368483.9338581564
20
552696.1181059249
10
1368483.6299699242
20
552696.3320822841
10
1368483.2341729733
20
552696.6261920158
10
1368482.746467304
20
552697.0004351195
10
1368482.1668529161
20
552697.4548115956
10
1368481.4953298096
20
552697.9893214442
10
1368480.9724467045
20
552698.4074593261
10
1368480.5982036008
20
552698.7092252416
10
1368480.3726004981
20
552698.8946191905
10
1368480.2956373969
20
552698.963641173
10
1368480.0507935188
20
552699.1468504623
10
1368479.6380688644
20
552699.4442470582
10
1368479.0574634331
20
552699.855830961
10
1368478.3089772258
20
552700.3816021705
10
1368477.6590350321
20
552700.8143538316
10
1368477.1076368527
20
552701.154085944
10
1368476.6547826873
20
552701.4007985082
10
1368476.3004725357
20
552701.5544915239
10
1368475.936195908
20
552701.7055775368
10
1368475.5619528042
20
552701.8540565472
10
1368475.1777432244
20
552701.9999285546
10
1368474.783567168
20
552702.1431935595
10
1368474.3008135739
20
552702.3147488962
10
1368473.7294824417
20
552702.5145945649
10
1368473.069573772
20
552702.7427305655
10
1368472.3210875646
20
552702.9991568978
10
1368471.6079342533
20
552703.2786753647
10
1368470.930113838
20
552703.5812859662
10
1368470.287626319
20
552703.9069887021
10
1368469.6804716964
20
552704.2557835724
10
1368469.1897728331
20
552704.5374891931
10
1368468.8155297292
20
552704.7521055642
10
1368468.557742385
20
552704.8996326855
10
1368468.4164107998
20
552704.9800705569
10
1368468.123290559
20
552705.1119583355
10
1368467.6783816626
20
552705.2952960213
10
1368467.0816841105
20
552705.5300836139
10
1368466.3331979031
20
552705.8163211138
10
1368465.5960445767
20
552706.1264519477
10
1368464.870224132
20
552706.4604761158
10
1368464.1557365684
20
552706.818393618
10
1368463.4525818862
20
552707.2002044542
10
1368462.9138829934
20
552707.4929229489
10
1368462.5396398897
20
552707.6965491016
10
1368462.329852575
20
552707.8110829126
10
1368462.2845210491
20
552707.8365243818
10
1368462.063400853
20
552707.9899516993
10
1368461.6664919865
20
552708.2713648651
10
1368461.0937944492
20
552708.6807638793
10
1368460.3453082417
20
552709.2181487419
10
1368459.743882515
20
552709.6676023577
10
1368459.289517269
20
552710.029124727
10
1368458.982212504
20
552710.3027158495
10
1368458.8219682197
20
552710.4883757255
10
1368458.583209449
20
552710.8147421844
10
1368458.2659361912
20
552711.2818152261
10
1368457.870148447
20
552711.8895948508
10
1368457.3958462162
20
552712.6380810586
10
1368457.01163462
20
552713.2421529081
10
1368456.7175136583
20
552713.7018103997
10
1368456.513483331
20
552714.0170535329
10
1368456.3995436386
20
552714.1878823081
10
1368456.223272986
20
552714.4604182476
10
1368455.9846713736
20
552714.8346613514
10
1368455.6837388014
20
552715.3106116196
10
1368455.3204752696
20
552715.888269052
10
1368454.9517219516
20
552716.4795741923
10
1368454.577478848
20
552717.0845270404
10
1368454.197745958
20
552717.7031275964
10
1368453.8125232824
20
552718.3353758602
10
1368453.4943252676
20
552718.838621544
10
1368453.243151914
20
552719.2128646479
10
1368453.0590032216
20
552719.4581051718
10
1368452.9418791898
20
552719.5743431156
10
1368452.6961956222
20
552719.7995832448
10
1368452.3219525185
20
552720.1338255595
10
1368451.8191498783
20
552720.5770700596
10
1368451.1877877023
20
552721.129316745
10
1368450.5995823813
20
552721.5925616396
10
1368450.0545339156
20
552721.9668047435
10
1368449.5526423054
20
552722.2520460566
10
1368449.09390755
20
552722.4482855788
10
1368448.6774186206
20
552722.6304645971
10
1368448.303175517
20
552722.7985831117
10
1368447.9711782387
20
552722.9526411225
10
1368447.681426786
20
552723.0926386293
10
1368447.2769916446
20
552723.2870679952
10
1368446.7578728148
20
552723.5359292203
10
1368446.1240702958
20
552723.8392223043
10
1368445.3755840883
20
552724.1969472475
10
1368444.6937215838
20
552724.5279318943
10
1368444.0784827827
20
552724.8321762447
10
1368443.5298676847
20
552725.1096802987
10
1368443.0478762898
20
552725.3604440563
10
1368442.6197590404
20
552725.5816480583
10
1368442.2455159365
20
552725.7732923045
10
1368441.925146978
20
552725.9353767952
10
1368441.6586521652
20
552726.0679015302
10
1368441.2716595037
20
552726.2946929428
10
1368440.7641689933
20
552726.6157510328
10
1368440.1361806344
20
552727.0310758005
10
1368439.387694427
20
552727.5406672459
10
1368438.8032063271
20
552727.9494533367
10
1368438.382716335
20
552728.2574340731
10
1368438.1262244505
20
552728.464609455
10
1368438.0337306738
20
552728.5709794824
10
1368437.8003622335
20
552728.8295583099
10
1368437.4261191296
20
552729.2403459372
10
1368436.9110013621
20
552729.8033423647
10
1368436.255008931
20
552730.5185475925
10
1368435.7576671252
20
552731.0632717581
10
1368435.4189759442
20
552731.4375148618
10
1368435.2389353886
20
552731.6412769039
10
1368435.217545458
20
552731.674557884
10
1368435.1324991735
20
552731.886640171
10
1368434.9837965353
20
552732.277523765
10
1368434.7714375434
20
552732.8472086657
10
1368434.4954221975
20
552733.5956948734
10
1368434.3009114158
20
552734.344181081
10
1368434.1879051977
20
552735.0926672886
10
1368434.1564035437
20
552735.8411534964
10
1368434.2064064536
20
552736.589639704
10
1368434.3057592276
20
552737.2945991843
10
1368434.4544618658
20
552737.9560319372
10
1368434.652514368
20
552738.5739379625
10
1368434.8999167348
20
552739.1483172604
10
1368435.1253353306
20
552739.6226284613
10
1368435.3287701558
20
552739.9968715652
10
1368435.5102212105
20
552740.271046572
10
1368435.6696884946
20
552740.4451534818
10
1368435.9365436886
20
552740.7155394247
10
1368436.3107867925
20
552741.0822044008
10
1368436.7924178063
20
552741.5451484101
10
1368437.38143673
20
552742.1043714527
10
1368437.904515602
20
552742.5711045258
10
1368438.361654422
20
552742.9453476297
10
1368438.7528531903
20
552743.2271007642
10
1368439.0781119068
20
552743.4163639292
10
1368439.427862817
20
552743.6113848723
10
1368439.8021059209
20
552743.8121635936
10
1368440.2008412182
20
552744.0187000928
10
1368440.6240687096
20
552744.23099437
10
1368441.1286108796
20
552744.4864605719
10
1368441.714467729
20
552744.7850986983
10
1368442.3816392575
20
552745.1269087496
10
1368443.1301254653
20
552745.5118907255
10
1368443.7344553496
20
552745.8384296959
10
1368444.1946289104
20
552746.1065256611
10
1368444.5106461477
20
552746.316178621
10
1368444.6825070614
20
552746.4673885757
10
1368444.9555590702
20
552746.7039579182
10
1368445.3298021741
20
552747.0258866487
10
1368445.8052363729
20
552747.4331747671
10
1368446.3818616665
20
552747.9258222732
10
1368446.8689510669
20
552748.3592675782
10
1368447.266504574
20
552748.7335106821
10
1368447.5745221875
20
552749.0485515848
10
1368447.7930039077
20
552749.3043902861
10
1368448.0893663196
20
552749.6357602335
10
1368448.4636094235
20
552750.0426614266
10
1368448.9157332191
20
552750.5250938657
10
1368449.4457377065
20
552751.0830575507
10
1368449.879005087
20
552751.549160945
10
1368450.2155353606
20
552751.9234040489
10
1368450.455328527
20
552752.2057868622
10
1368450.5983845866
20
552752.3963093848
10
1368450.851288005
20
552752.7263228288
10
1368451.2140387823
20
552753.195827194
10
1368451.686636919
20
552753.8048224805
10
1368452.2690824145
20
552754.5533086881
10
1368452.7116626995
20
552755.1225989223
10
1368453.0143777733
20
552755.5126931829
10
1368453.1772276368
20
552755.72359147
10
1368453.2002122896
20
552755.7552937837
10
1368453.3293443322
20
552755.9582664925
10
1368453.5646237643
20
552756.3325095961
10
1368453.9060505864
20
552756.8780230952
10
1368454.3536247981
20
552757.5948069892
10
1368454.764533456
20
552758.259428184
10
1368455.1387765598
20
552758.8718866793
10
1368455.4763541096
20
552759.4321824755
10
1368455.7772661056
20
552759.9403155722
10
1368456.036901054
20
552760.3815036726
10
1368456.2552589546
20
552760.7557467762
10
1368456.432339808
20
552761.0630448837
10
1368456.5681436134
20
552761.3033979946
10
1368456.7607377793
20
552761.6707843797
10
1368457.010122306
20
552762.1652040391
10
1368457.3162971926
20
552762.7866569725
10
1368457.6792624397
20
552763.5351431802
10
1368458.0139156638
20
552764.2496516928
10
1368458.3202568647
20
552764.9301825105
10
1368458.5982860427
20
552765.5767356332
10
1368458.8480031977
20
552766.1893110608
10
1368459.0593430782
20
552766.6827203266
10
1368459.2323056846
20
552767.0569634305
10
1368459.3668910163
20
552767.3120403723
10
1368459.4630990736
20
552767.4479511523
10
1368459.63551212
20
552767.7370057893
10
1368459.8841301557
20
552768.179204283
10
1368460.20895318
20
552768.7745466339
10
1368460.6099811934
20
552769.5230328415
10
1368460.964704632
20
552770.2715190493
10
1368461.2731234957
20
552771.0200052569
10
1368461.5352377847
20
552771.7684914646
10
1368461.7510474983
20
552772.5169776722
10
1368461.9217648895
20
552773.1356077921
10
1368462.047389958
20
552773.6243818239
10
1368462.1279227035
20
552773.9832997681
10
1368462.1633631266
20
552774.2123616243
10
1368462.219863933
20
552774.5140141044
10
1368462.297425123
20
552774.8882572082
10
1368462.396046697
20
552775.3350909358
10
1368462.5157286546
20
552775.8545152873
10
1368462.6912173983
20
552776.4312051028
10
1368462.9225129276
20
552777.0651603823
10
1368463.2096152431
20
552777.7563811259
10
1368463.5525243445
20
552778.5048673336
10
1368463.876139117
20
552779.2533535413
10
1368464.1804595604
20
552780.0018397488
10
1368464.4654856743
20
552780.7503259566
10
1368464.7312174593
20
552781.4988121642
10
1368464.9355571386
20
552782.0693573086
10
1368465.0785047133
20
552782.4619613898
10
1368465.1600601822
20
552782.6766244075
10
1368465.180223546
20
552782.7133463621
10
1368465.3400206612
20
552782.9188288912
10
1368465.639451528
20
552783.293071995
10
1368466.078516146
20
552783.8360756736
10
1368466.6572145156
20
552784.5478399267
10
1368467.1336852524
20
552785.131778701
10
1368467.5079283563
20
552785.5878919964
10
1368467.7799438273
20
552785.9161798129
10
1368467.949731665
20
552786.1166421504
10
1368468.1845047094
20
552786.4039948711
10
1368468.4842629605
20
552786.778237975
10
1368468.849006418
20
552787.2393714619
10
1368469.278735082
20
552787.787395332
10
1368469.6807209658
20
552788.3779283904
10
1368470.0549640695
20
552789.0109706374
10
1368470.4014643934
20
552789.6865220729
10
1368470.7202219372
20
552790.4045826967
10
1368470.9630799722
20
552790.9507345606
10
1368471.1300384982
20
552791.3249776645
10
1368471.2210975154
20
552791.5273120083
10
1368471.2362570236
20
552791.557737592
10
1368471.284788336
20
552791.7676783318
10
1368471.366691452
20
552792.1571342277
10
1368471.481966372
20
552792.7261052793
10
1368471.6306130963
20
552793.474591487
10
1368471.749100634
20
552794.2230776947
10
1368471.8374289852
20
552794.9715639022
10
1368471.89559815
20
552795.72005011
10
1368471.9236081287
20
552796.4685363176
10
1368471.9261148814
20
552797.2170225254
10
1368471.9031184083
20
552797.965508733
10
1368471.854618709
20
552798.7139949406
10
1368471.7806157838
20
552799.4624811483
10
1368471.6956602684
20
552800.1633039298
10
1368471.599752163
20
552800.8164632851
10
1368471.4928914674
20
552801.4219592144
10
1368471.3750781817
20
552801.9797917174
10
1368471.2768953235
20
552802.4458295209
10
1368471.1983428935
20
552802.8200726246
10
1368471.139420891
20
552803.1025210288
10
1368471.1001293163
20
552803.2931747336
10
1368471.0456319586
20
552803.623286564
10
1368470.9759288179
20
552804.0928565201
10
1368470.891019894
20
552804.701884602
10
1368470.7909051871
20
552805.4503708098
10
1368470.7348625094
20
552806.1988570174
10
1368470.7228918609
20
552806.947343225
10
1368470.7549932415
20
552807.6958294327
10
1368470.831166651
20
552808.4443156404
10
1368470.9041049264
20
552809.0582136794
10
1368470.9738080672
20
552809.5375235495
10
1368471.0402760734
20
552809.8822452512
10
1368471.1035089453
20
552810.0923787842
10
1368471.2218450354
20
552810.3845671025
10
1368471.3952843437
20
552810.7588102063
10
1368471.6238268707
20
552811.2151080957
10
1368471.9074726158
20
552811.7534607704
10
1368472.2220065778
20
552812.3443468283
10
1368472.5674287565
20
552812.9877662696
10
1368472.9437391518
20
552813.683719094
10
1368473.350937764
20
552814.4322053017
10
1368473.6707471856
20
552815.1362197626
10
1368473.9031674168
20
552815.7957624771
10
1368474.0481984576
20
552816.4108334447
10
1368474.105840308
20
552816.9814326657
10
1368474.1590277953
20
552817.4538538281
10
1368474.2077609194
20
552817.828096932
10
1368474.2520396805
20
552818.1041619773
10
1368474.2918640785
20
552818.2820489639
10
1368474.3117762774
20
552818.6018222392
10
1368474.3117762774
20
552819.063481803
10
1368474.2918640783
20
552819.6670276556
10
1368474.2520396805
20
552820.4124597968
10
1368474.222147213
20
552820.9722974193
10
1368474.202186676
20
552821.346540523
10
1368474.1921580697
20
552821.5351891082
10
1368474.192061394
20
552821.5382431748
10
1368474.192013056
20
552821.5406186335
10
1368474.1920130563
20
552821.5423154843
10
1368474.1920613942
20
552821.5433337273
10
1368474.1921580697
20
552821.5436733624
10
1368474.3009441323
20
552821.7309647319
10
1368474.5184195817
20
552822.1052078356
10
1368474.8445844178
20
552822.6664026738
10
1368475.2794386405
20
552823.4145492464
10
1368475.6839873036
20
552824.126742848
10
1368476.0582304075
20
552824.8029834782
10
1368476.402167952
20
552825.4432711374
10
1368476.7157999368
20
552826.0476058256
10
1368476.9804460395
20
552826.5368947216
10
1368477.1961062597
20
552826.9111378253
10
1368477.362780598
20
552827.170335137
10
1368477.4804690536
20
552827.3144866567
10
1368477.7264348334
20
552827.4698247339
10
1368478.1006779373
20
552827.6363493686
10
1368478.603198365
20
552827.8140605609
10
1368479.233996117
20
552828.0029583108
10
1368479.8942159829
20
552828.1842219942
10
1368480.5838579626
20
552828.3578516115
10
1368481.3029220565
20
552828.5238471621
10
1368482.0514082639
20
552828.6822086466
10
1368482.7998944717
20
552828.8389688344
10
1368483.5483806795
20
552828.9941277257
10
1368484.2968668872
20
552829.1476853206
10
1368485.0453530946
20
552829.2996416189
10
1368485.7938393024
20
552829.450144
10
1368486.5423255102
20
552829.5991924639
10
1368487.290811718
20
552829.7467870106
10
1368488.0392979253
20
552829.8929276401
10
1368488.772110344
20
552830.0283156235
10
1368489.4892489729
20
552830.1529509611
10
1368490.1907138128
20
552830.2668336526
10
1368490.8765048634
20
552830.3699636982
10
1368491.4065219406
20
552830.44817679
10
1368491.7807650445
20
552830.5014729281
10
1368491.9992341748
20
552830.5298521123
10
1368492.0619293319
20
552830.5333143427
10
1368492.2960722516
20
552830.5455174603
10
1368492.7016629342
20
552830.566461465
10
1368493.2787013792
20
552830.5961463567
10
1368494.0271875865
20
552830.6345721355
10
1368494.775673794
20
552830.6694714851
10
1368495.524160002
20
552830.7008444053
10
1368496.2726462097
20
552830.7286908964
10
1368497.0211324175
20
552830.7530109584
10
1368497.7696186253
20
552830.763456099
10
1368498.518104833
20
552830.7600263185
10
1368499.2665910407
20
552830.7427216168
10
1368500.015077248
20
552830.7115419938
10
1368500.7064996208
20
552830.6794001646
10
1368501.3408581591
20
552830.6462961291
10
1368501.9181528625
20
552830.6122298872
10
1368502.4383837308
20
552830.5772014388
10
1368502.885620717
20
552830.5432545687
10
1368503.2598638209
20
552830.5103892764
10
1368503.5611130423
20
552830.4786055622
10
1368503.7893683813
20
552830.4479034261
10
1368504.1476814377
20
552830.4023377392
10
1368504.6360522113
20
552830.3419085016
10
1368505.2544807019
20
552830.2666157134
10
1368506.0029669092
20
552830.1764593744
10
1368506.751453117
20
552830.1168228921
10
1368507.4999393248
20
552830.0877062662
10
1368508.2484255326
20
552830.0891094971
10
1368508.99691174
20
552830.1210325846
10
1368509.7453979477
20
552830.1595764591
10
1368510.4938841555
20
552830.2047411206
10
1368511.2423703633
20
552830.2565265691
10
1368511.9908565707
20
552830.3149328048
10
1368512.7393427785
20
552830.3579158353
10
1368513.4878289863
20
552830.3854756609
10
1368514.236315194
20
552830.3976122816
10
1368514.9848014014
20
552830.3943256974
10
1368515.7332876092
20
552830.3789649234
10
1368516.4817738167
20
552830.3515299596
10
1368517.2302600243
20
552830.3120208061
10
1368517.978746232
20
552830.2604374627
10
1368518.72723244
20
552830.1975592761
10
1368519.4757186477
20
552830.1233862459
10
1368520.2242048553
20
552830.0379183725
10
1368520.9726910626
20
552829.9411556557
10
1368521.7211772702
20
552829.8297709043
10
1368522.469663478
20
552829.7037641185
10
1368523.2181496858
20
552829.5631352982
10
1368523.9666358936
20
552829.4078844434
10
1368524.7151221014
20
552829.2550645017
10
1368525.4636083092
20
552829.104675473
10
1368526.2120945167
20
552828.9567173574
10
1368526.960580724
20
552828.811190155
10
1368527.7090669316
20
552828.6775923147
10
1368528.4575531394
20
552828.5559238364
10
1368529.2060393472
20
552828.4461847205
10
1368529.954525555
20
552828.3483749669
10
1368530.7030117628
20
552828.2524515557
10
1368531.4514979701
20
552828.158414487
10
1368532.199984178
20
552828.066263761
10
1368532.9484703855
20
552827.9759993776
10
1368533.696956593
20
552827.911413758
10
1368534.4454428009
20
552827.8725069023
10
1368535.1939290087
20
552827.8592788106
10
1368535.942415216
20
552827.8717294825
10
1368536.6909014238
20
552827.8926369263
10
1368537.4393876316
20
552827.9220011415
10
1368538.1878738394
20
552827.9598221282
10
1368538.9363600467
20
552828.0060998865
10
1368539.6848462545
20
552828.0535786621
10
1368540.4333324623
20
552828.1022584552
10
1368541.1818186701
20
552828.1521392657
10
1368541.9303048775
20
552828.2032210933
10
1368542.6787910853
20
552828.2484358887
10
1368543.427277293
20
552828.2877836518
10
1368544.1757635009
20
552828.3212643827
10
1368544.9242497082
20
552828.348878081
10
1368545.672735916
20
552828.3500019885
10
1368546.4212221238
20
552828.3246361047
10
1368547.1697083313
20
552828.2727804302
10
1368547.918194539
20
552828.1944349646
10
1368548.6666807467
20
552828.1039956749
10
1368549.415166954
20
552828.0014625613
10
1368550.1636531618
20
552827.8868356235
10
1368550.9121393696
20
552827.7601148619
10
1368551.490895244
20
552827.662616804
10
1368551.899920785
20
552827.5943414504
10
1368552.1392159928
20
552827.5552888005
10
1368552.2087808675
20
552827.5454588546
10
1368552.4306848566
20
552827.5011360706
10
1368552.8049279605
20
552827.4223204486
10
1368553.331510179
20
552827.3090119882
10
1368554.010431512
20
552827.1612106897
10
1368554.7067440636
20
552827.0308993892
10
1368555.4204478343
20
552826.9180780865
10
1368556.1515428233
20
552826.8227467817
10
1368556.900029031
20
552826.744905475
10
1368557.648515239
20
552826.6862368222
10
1368558.3970014467
20
552826.6467408235
10
1368559.1454876543
20
552826.6264174789
10
1368559.8939738616
20
552826.6252667884
10
1368560.6424600692
20
552826.6181904702
10
1368561.390946277
20
552826.6051885241
10
1368562.1394324847
20
552826.5862609503
10
1368562.8879186925
20
552826.5614077485
10
1368563.6364049
20
552826.5194789988
10
1368564.3848911077
20
552826.4604747014
10
1368565.1333773155
20
552826.3843948557
10
1368565.8818635228
20
552826.2912394622
10
1368566.6303497306
20
552826.2049922403
10
1368567.3788359384
20
552826.1256531903
10
1368568.1273221462
20
552826.0532223119
10
1368568.8758083535
20
552825.9876996055
10
1368569.6242945613
20
552825.9168186842
10
1368570.3727807691
20
552825.8405795482
10
1368571.121266977
20
552825.7589821974
10
1368571.8697531843
20
552825.6720266321
10
1368572.618239392
20
552825.5885404514
10
1368573.3667255999
20
552825.5085236551
10
1368574.1152118077
20
552825.4319762436
10
1368574.863698015
20
552825.3588982169
10
1368575.6121842228
20
552825.2805181874
10
1368576.3606704304
20
552825.1968361558
10
1368577.109156638
20
552825.1078521216
10
1368577.8576428457
20
552825.0135660849
10
1368578.5626053477
20
552824.921891062
10
1368579.2240441442
20
552824.8328270533
10
1368579.8419592348
20
552824.7463740582
10
1368580.4163506199
20
552824.662532077
10
1368580.8906678644
20
552824.5904684765
10
1368581.2649109683
20
552824.5301832566
10
1368581.5390799313
20
552824.4816764173
10
1368581.713174754
20
552824.4449479586
10
1368582.030867423
20
552824.3909152661
10
1368582.492157938
20
552824.31957834
10
1368583.0970462994
20
552824.2309371801
10
1368583.8455325072
20
552824.1249917865
10
1368584.594018715
20
552824.0381137647
10
1368585.3425049228
20
552823.970303115
10
1368586.0909911303
20
552823.921559837
10
1368586.8394773377
20
552823.891883931
10
1368587.5879635452
20
552823.8660570427
10
1368588.336449753
20
552823.844079172
10
1368589.0849359608
20
552823.825950319
10
1368589.8334221686
20
552823.8116704836
10
1368590.5819083764
20
552823.7798266215
10
1368591.3303945838
20
552823.7304187329
10
1368592.0788807916
20
552823.6634468175
10
1368592.8273669991
20
552823.5789108756
10
1368593.5758532067
20
552823.462503894
10
1368594.3243394145
20
552823.3142258727
10
1368595.0728256223
20
552823.1340768121
10
1368595.8213118296
20
552822.9220567116
10
1368596.564425223
20
552822.6967164935
10
1368597.302165802
20
552822.4580561575
10
1368598.0345335668
20
552822.2060757036
10
1368598.761528517
20
552821.940775132
10
1368599.3121475438
20
552821.7389743068
10
1368599.6863906477
20
552821.6006732283
10
1368599.8842578284
20
552821.5258718961
10
1368599.9057490858
20
552821.5145703105
10
1368600.1089890809
20
552821.4601124004
10
1368600.4939778135
20
552821.3624981656
10
1368601.0607152837
20
552821.2217276064
10
1368601.809201491
20
552821.0378007225
10
1368602.5576876989
20
552820.8836490698
10
1368603.3061739067
20
552820.7592726483
10
1368604.0546601145
20
552820.6646714576
10
1368604.8031463218
20
552820.5998454979
10
1368605.5516325296
20
552820.5430186171
10
1368606.3001187374
20
552820.4941908149
10
1368607.048604945
20
552820.4533620914
10
1368607.7970911525
20
552820.4205324468
10
1368608.5455773603
20
552820.3834937107
10
1368609.2940635676
20
552820.342245883
10
1368610.0425497754
20
552820.296788964
10
1368610.7910359832
20
552820.2471229536
10
1368611.539522191
20
552820.1830704608
10
1368612.2880083988
20
552820.1046314857
10
1368613.0364946064
20
552820.011806028
10
1368613.7849808137
20
552819.9045940879
10
1368614.5334670213
20
552819.8121233528
10
1368615.281953229
20
552819.7343938226
10
1368616.030439437
20
552819.6714054974
10
1368616.7789256447
20
552819.6231583771
10
1368617.5274118525
20
552819.5927332579
10
1368618.2758980603
20
552819.58013014
10
1368619.0243842679
20
552819.585349023
10
1368619.7728704752
20
552819.6083899072
10
1368620.5213566828
20
552819.6135781794
10
1368621.2698428906
20
552819.6009138396
10
1368622.0183290984
20
552819.570396888
10
1368622.7668153062
20
552819.5220273243
10
1368623.5037725596
20
552819.4294630557
10
1368624.2292008586
20
552819.292704082
10
1368624.9431002038
20
552819.1117504033
10
1368625.645470595
20
552818.8866020195
10
1368626.1837773426
20
552818.7117929689
10
1368626.5580204464
20
552818.5873232512
10
1368626.7681999067
20
552818.5131928667
10
1368626.8143157233
20
552818.4894018155
10
1368627.0360241376
20
552818.3699555343
10
1368627.4333251498
20
552818.1548540237
10
1368628.0062187598
20
552817.8440972834
10
1368628.7547049671
20
552817.4376853135
10
1368629.503191175
20
552817.0534673423
10
1368630.2516773827
20
552816.6914433697
10
1368631.0001635905
20
552816.3516133957
10
1368631.7486497979
20
552816.0339774203
10
1368632.310388284
20
552815.7955886361
10
1368632.6853790488
20
552815.6364470429
10
1368632.8736220917
20
552815.5565526409
10
1368632.8751174132
20
552815.5559054296
10
1368633.0629866258
20
552815.4378110169
10
1368633.4372297297
20
552815.2022694026
10
1368633.9978467247
20
552814.8492805863
10
1368634.744837611
20
552814.3788445685
10
1368635.4802635843
20
552813.9565050076
10
1368636.2041246446
20
552813.5822619039
10
1368636.9164207922
20
552813.256115257
10
1368637.6171520266
20
552812.9780650672
10
1368638.1546391957
20
552812.76257596
10
1368638.5288822995
20
552812.6096479357
10
1368638.739881338
20
552812.519280994
10
1368638.7876363113
20
552812.491475135
10
1368639.010574093
20
552812.4147299343
10
1368639.4086946836
20
552812.289045392
10
1368639.9819980825
20
552812.114421508
10
1368640.7304842898
20
552811.8908582825
10
1368641.4789704974
20
552811.726173655
10
1368642.2274567052
20
552811.6203676257
10
1368642.975942913
20
552811.5734401945
10
1368643.7244291208
20
552811.5853913614
10
1368644.4729153286
20
552811.607633516
10
1368645.2214015364
20
552811.640166658
10
1368645.969887744
20
552811.6829907878
10
1368646.7183739513
20
552811.7361059051
10
1368647.4668601588
20
552811.7559899514
10
1368648.2153463666
20
552811.7426429266
10
1368648.9638325744
20
552811.6960648308
10
1368649.7123187822
20
552811.6162556638
10
1368650.4608049898
20
552811.5016335743
10
1368651.2092911974
20
552811.3521985621
10
1368651.9577774052
20
552811.1679506274
10
1368652.7062636125
20
552810.9488897701
10
1368653.4547498203
20
552810.7275960898
10
1368654.203236028
20
552810.5040695865
10
1368654.951722236
20
552810.2783102604
10
1368655.7002084432
20
552810.0503181111
10
1368656.3214260938
20
552809.8704936907
10
1368656.815375187
20
552809.7388369993
10
1368657.182055723
20
552809.6553480366
10
1368657.4214677017
20
552809.6200268025
10
1368657.7282952429
20
552809.5723309767
10
1368658.1025383468
20
552809.5122605589
10
1368658.5441970131
20
552809.4398155491
10
1368659.0532712422
20
552809.3549959473
10
1368659.6221984657
20
552809.2743451549
10
1368660.2509786843
20
552809.1978631718
10
1368660.9396118973
20
552809.1255499981
10
1368661.6880981047
20
552809.0574056337
10
1368662.4365843125
20
552809.0029986498
10
1368663.18507052
20
552808.9623290463
10
1368663.9335567276
20
552808.9353968232
10
1368664.6820429354
20
552808.9222019805
10
1368665.4305291432
20
552808.920841265
10
1368666.179015351
20
552808.931314677
10
1368666.9275015586
20
552808.9536222164
10
1368667.675987766
20
552808.9877638831
10
1368668.3794654661
20
552809.0463744187
10
1368669.0379346588
20
552809.1294538231
10
1368669.651395344
20
552809.2370020964
10
1368670.2198475217
20
552809.3690192385
10
1368670.6911951625
20
552809.4780078878
10
1368671.0654382661
20
552809.5639680444
10
1368671.342576833
20
552809.6268997081
10
1368671.5226108632
20
552809.666802879
10
1368671.8447579378
20
552809.7082468814
10
1368672.3090180568
20
552809.7512317154
10
1368672.91539122
20
552809.7957573812
10
1368673.6638774273
20
552809.8418238789
10
1368674.283781881
20
552809.8548813349
10
1368674.775104581
20
552809.8349297495
10
1368675.137845527
20
552809.7819691226
10
1368675.372004719
20
552809.6959994542
10
1368675.6762058667
20
552809.5395399409
10
1368676.0504489704
20
552809.3125905828
10
1368676.4947340302
20
552809.0151513794
10
1368677.0090610462
20
552808.6472223313
10
1368677.4435966727
20
552808.2761362551
10
1368677.7983409099
20
552807.9018931512
10
1368678.073293758
20
552807.5244930197
10
1368678.2684552167
20
552807.1439358603
10
1368678.505633548
20
552806.6713964387
10
1368678.7848287509
20
552806.1068747552
10
1368679.1060408263
20
552805.4503708096
10
1368679.469269774
20
552804.701884602
10
1368679.7892154348
20
552804.0446871336
10
1368680.0658778094
20
552803.4787784046
10
1368680.299256897
20
552803.0041584149
10
1368680.4893526984
20
552802.6208271645
10
1368680.6598581579
20
552802.2420399874
10
1368680.810773276
20
552801.8677968836
10
1368680.9420980522
20
552801.498097853
10
1368681.053832487
20
552801.1329428956
10
1368681.1945714897
20
552800.6719551258
10
1368681.3643150604
20
552800.1151345434
10
1368681.5630631994
20
552799.4624811483
10
1368681.790815906
20
552798.7139949405
10
1368682.0162220062
20
552797.9655087328
10
1368682.2392815002
20
552797.2170225253
10
1368682.4599943873
20
552796.4685363176
10
1368682.6783606682
20
552795.7200501099
10
1368682.8862400611
20
552794.9715639022
10
1368683.0836325663
20
552794.2230776947
10
1368683.2705381839
20
552793.4745914869
10
1368683.4469569135
20
552792.7261052793
10
1368683.5828244747
20
552792.1334552453
10
1368683.6781408675
20
552791.6966413849
10
1368683.7329060915
20
552791.4156636982
10
1368683.7471201476
20
552791.2905221852
10
1368683.7705959766
20
552791.0408298767
10
1368683.8033335786
20
552790.666586773
10
1368683.8453329543
20
552790.1677928737
10
1368683.8965941032
20
552789.5444481791
10
1368683.9376659563
20
552788.8898181062
10
1368683.9685485135
20
552788.2039026549
10
1368683.9892417751
20
552787.4867018255
10
1368683.9997457408
20
552786.738215618
10
1368684.0070972345
20
552785.9897294103
10
1368684.011296256
20
552785.2412432025
10
1368684.0123428053
20
552784.4927569949
10
1368684.0102368824
20
552783.7442707872
10
1368684.014140174
20
552782.9957845795
10
1368684.0240526802
20
552782.247298372
10
1368684.039974401
20
552781.4988121642
10
1368684.0619053363
20
552780.7503259566
10
1368684.0982780738
20
552780.0018397488
10
1368684.1490926133
20
552779.2533535413
10
1368684.2143489548
20
552778.5048673335
10
1368684.2940470986
20
552777.7563811259
10
1368684.371212029
20
552777.0078949181
10
1368684.4458437455
20
552776.2594087105
10
1368684.5179422488
20
552775.5109225028
10
1368684.5875075385
20
552774.7624362952
10
1368684.6542601327
20
552774.0139500875
10
1368684.7182000317
20
552773.2654638799
10
1368684.779327235
20
552772.5169776722
10
1368684.837641743
20
552771.7684914644
10
1368684.8947624124
20
552771.0200052568
10
1368684.9506892436
20
552770.2715190492
10
1368685.0054222364
20
552769.5230328415
10
1368685.0589613908
20
552768.7745466338
10
1368685.1104678395
20
552768.0260604261
10
1368685.159941583
20
552767.2775742186
10
1368685.2073826203
20
552766.5290880108
10
1368685.252790952
20
552765.7806018032
10
1368685.2983368954
20
552765.0321155954
10
1368685.34402045
20
552764.2836293878
10
1368685.3898416157
20
552763.53514318
10
1368685.4358003929
20
552762.7866569725
10
1368685.4836030002
20
552762.0381707647
10
1368685.5332494373
20
552761.2896845571
10
1368685.5847397048
20
552760.5411983494
10
1368685.6380738025
20
552759.7927121418
10
1368685.6885175596
20
552759.0442259342
10
1368685.736070976
20
552758.2957397264
10
1368685.7807340515
20
552757.5472535187
10
1368685.8225067866
20
552756.7987673111
10
1368685.8463987305
20
552756.0502811035
10
1368685.8524098836
20
552755.3017948957
10
1368685.8405402456
20
552754.5533086881
10
1368685.810789817
20
552753.8048224804
10
1368685.756808975
20
552753.0563362727
10
1368685.67859772
20
552752.3078500652
10
1368685.576156052
20
552751.5593638574
10
1368685.4494839709
20
552750.8108776498
10
1368685.3217530097
20
552750.062391442
10
1368685.192963169
20
552749.3139052344
10
1368685.063114448
20
552748.5654190267
10
1368684.9322068472
20
552747.8169328191
10
1368684.810206563
20
552747.0684466113
10
1368684.6971135952
20
552746.3199604037
10
1368684.592927944
20
552745.571474196
10
1368684.497649609
20
552744.8229879884
10
1368684.4151049177
20
552744.0745017807
10
1368684.3452938702
20
552743.3260155731
10
1368684.288216466
20
552742.5775293654
10
1368684.2438727054
20
552741.8290431576
10
1368684.2072916972
20
552741.08055695
10
1368684.178473441
20
552740.3320707424
10
1368684.1574179372
20
552739.5835845347
10
1368684.144125186
20
552738.835098327
10
1368684.1235265061
20
552738.0866121193
10
1368684.0956218978
20
552737.3381259118
10
1368684.060411361
20
552736.589639704
10
1368684.0178948957
20
552735.8411534964
10
1368683.9744026114
20
552735.1867684899
10
1368683.929934508
20
552734.6264846848
10
1368683.8844905854
20
552734.1603020808
10
1368683.8380708438
20
552733.788220678
10
1368683.7908652518
20
552733.4150584247
10
1368683.74287381
20
552733.0408153209
10
1368683.694096518
20
552732.6654913665
10
1368683.6445333762
20
552732.2890865615
10
1368683.5731685658
20
552731.8196614059
10
1368683.4800020868
20
552731.2572158996
10
1368683.3650339392
20
552730.6017500426
10
1368683.2282641234
20
552729.853263835
10
1368683.079942706
20
552729.1047776274
10
1368682.920069687
20
552728.3562914196
10
1368682.7486450667
20
552727.6078052119
10
1368682.5656688446
20
552726.8593190043
10
1368682.3660560441
20
552726.1108327967
10
1368682.1498066643
20
552725.3623465889
10
1368681.9169207062
20
552724.6138603813
10
1368681.6673981687
20
552723.8653741736
10
1368681.4478426431
20
552723.2019952482
10
1368681.2582541294
20
552722.623723605
10
1368681.098632627
20
552722.1305592437
10
1368680.9689781363
20
552721.7225021648
10
1368680.8408509255
20
552721.3313520735
10
1368680.7142509953
20
552720.9571089696
10
1368680.5891783452
20
552720.5997728533
10
1368680.465632975
20
552720.2593437245
10
1368680.3284203093
20
552719.816900326
10
1368680.177540348
20
552719.2724426578
10
1368680.0129930906
20
552718.6259707198
10
1368679.8347785373
20
552717.8774845123
10
1368679.6604356265
20
552717.1289983045
10
1368679.489964358
20
552716.3805120969
10
1368679.3233647316
20
552715.6320258892
10
1368679.1606367473
20
552714.8835396816
10
1368678.9879607954
20
552714.1350534739
10
1368678.8053368763
20
552713.3865672663
10
1368678.6127649895
20
552712.6380810586
10
1368678.410245135
20
552711.8895948508
10
1368678.2379856326
20
552711.2519072494
10
1368678.0959864825
20
552710.7250182544
10
1368677.9842476845
20
552710.3089278655
10
1368677.9027692387
20
552710.0036360826
10
1368677.8018792379
20
552709.6638686394
10
1368677.681577682
20
552709.2896255357
10
1368677.5418645712
20
552708.8809067713
10
1368677.3827399057
20
552708.4377123463
10
1368677.2045959579
20
552707.9181949757
10
1368677.0074327278
20
552707.3223546592
10
1368676.7912502156
20
552706.6501913972
10
1368676.5560484212
20
552705.9017051896
10
1368676.3183973343
20
552705.1532189818
10
1368676.078296955
20
552704.4047327742
10
1368675.8357472834
20
552703.6562465666
10
1368675.5907483194
20
552702.9077603589
10
1368675.3797089006
20
552702.2728110412
10
1368675.2026290267
20
552701.7513986132
10
1368675.059508698
20
552701.3435230751
10
1368674.9503479144
20
552701.0491844267
10
1368674.8266945954
20
552700.7148935506
10
1368674.6885487412
20
552700.340650447
10
1368674.5359103517
20
552699.9264551152
10
1368674.3687794264
20
552699.4723075558
10
1368674.144107804
20
552698.9445753343
10
1368673.861895484
20
552698.3432584507
10
1368673.5221424664
20
552697.6683569051
10
1368673.1248487511
20
552696.9198706975
10
1368672.780863073
20
552696.3053667408
10
1368672.4901854317
20
552695.8248450352
10
1368672.2528158273
20
552695.4783055806
10
1368672.0687542595
20
552695.265748377
10
1368671.8517820227
20
552694.9723482232
10
1368671.6018991165
20
552694.5981051193
10
1368671.3191055409
20
552694.1430190655
10
1368671.0034012957
20
552693.6070900614
10
1368670.6584276212
20
552693.0611955798
10
1368670.2841845173
20
552692.5053356206
10
1368669.880671984
20
552691.9395101839
10
1368669.4478900214
20
552691.3637192696
10
1368669.0946510024
20
552690.8887022606
10
1368668.8209549272
20
552690.5144591567
10
1368668.6268017958
20
552690.240989958
10
1368668.512191608
20
552690.0682946647
10
1368668.3455285714
20
552689.7516516427
10
1368668.1268126862
20
552689.2910608922
10
1368667.8560439518
20
552688.6865224132
10
1368667.5332223687
20
552687.9380362055
10
1368667.2403148743
20
552687.1895499978
10
1368666.9773214685
20
552686.4410637902
10
1368666.7442421515
20
552685.6925775826
10
1368666.541076923
20
552684.9440913748
10
1368666.3617306994
20
552684.3078739259
10
1368666.2062034812
20
552683.7839252356
10
1368666.0744952678
20
552683.3722453042
10
1368665.9666060593
20
552683.0728341315
10
1368665.8491185543
20
552682.7360069932
10
1368665.7220327521
20
552682.3617638894
10
1368665.585348653
20
552681.95010482
10
1368665.439066257
20
552681.501029785
10
1368665.2555176197
20
552680.9771019568
10
1368665.0347027413
20
552680.3783213355
10
1368664.7766216216
20
552679.7046879211
10
1368664.4812742607
20
552678.9562017134
10
1368664.1830496273
20
552678.21806554
10
1368663.8819477214
20
552677.4902794006
10
1368663.5779685432
20
552676.7728432955
10
1368663.2711120923
20
552676.0657572245
10
1368663.0342944458
20
552675.525092637
10
1368662.867515603
20
552675.1508495333
10
1368662.7707755647
20
552674.943027913
10
1368662.7440743307
20
552674.9016277763
10
1368662.6062846435
20
552674.683456122
10
1368662.357406504
20
552674.2885129496
10
1368661.9974399114
20
552673.7167982598
10
1368661.5263848663
20
552672.9683120521
10
1368661.1113694385
20
552672.2198258445
10
1368660.7523936282
20
552671.4713396367
10
1368660.4494574352
20
552670.722853429
10
1368660.2025608595
20
552669.9743672215
10
1368660.0164300897
20
552669.3858302375
10
1368659.8910651254
20
552668.9572424772
10
1368659.826465967
20
552668.6886039407
10
1368659.8226326145
20
552668.5799146281
10
1368659.8110006256
20
552668.3384484197
10
1368659.7915700004
20
552667.9642053158
10
1368659.7643407388
20
552667.4571853164
10
1368659.7293128408
20
552666.8173884216
10
1368659.711798892
20
552666.2867301072
10
1368659.711798892
20
552665.8652103732
10
1368659.7293128408
20
552665.5528292197
10
1368659.7643407388
20
552665.3495866468
10
1368659.8063442628
20
552665.0608438083
10
1368659.8553234134
20
552664.6866007044
10
1368659.9112781899
20
552664.2268573352
10
1368659.9742085927
20
552663.6816137006
10
1368660.032984856
20
552663.0855594226
10
1368660.0876069805
20
552662.4386945014
10
1368660.1380749652
20
552661.741018937
10
1368660.1843888112
20
552660.9925327294
10
1368660.1918131332
20
552660.3322524719
10
1368660.160347932
20
552659.7601781646
10
1368660.0899932068
20
552659.2763098077
10
1368659.9807489584
20
552658.8806474009
10
1368659.839708263
20
552658.4956946456
10
1368659.6668711212
20
552658.1214515418
10
1368659.4622375323
20
552657.7579180894
10
1368659.2258074968
20
552657.4050942885
10
1368658.920470927
20
552657.0604266044
10
1368658.546227823
20
552656.723915037
10
1368658.103078185
20
552656.3955595864
10
1368657.5910220132
20
552656.0753602523
10
1368657.0198583321
20
552655.8572926942
10
1368656.389587142
20
552655.7413569118
10
1368655.7002084432
20
552655.7275529052
10
1368654.951722236
20
552655.8158806742
10
1368654.203236028
20
552655.9136914809
10
1368653.4547498203
20
552656.0209853251
10
1368652.7062636125
20
552656.1377622066
10
1368651.9577774052
20
552656.2640221257
10
1368651.2092911974
20
552656.327990223
10
1368650.4608049896
20
552656.3296664981
10
1368649.7123187818
20
552656.2690509516
10
1368648.9638325744
20
552656.1461435829
10
1368648.2153463666
20
552655.9272879227
10
1368647.4668601588
20
552655.6124839706
10
1368646.7183739513
20
552655.2017317269
10
1368645.9698877437
20
552654.6950311915
10
1368645.4034185247
20
552654.3116891254
10
1368645.0189662944
20
552654.0517055286
10
1368644.8165310526
20
552653.9150804013
10
1368644.7961127993
20
552653.9018137434
10
1368644.5987821207
20
552653.8137263294
10
1368644.2245390168
20
552653.6508181593
10
1368643.6733834876
20
552653.4130892332
10
1368642.945315533
20
552653.100539551
10
1368642.2121430153
20
552652.8554203424
10
1368641.4738659342
20
552652.6777316073
10
1368640.7304842898
20
552652.5674733459
10
1368639.9819980825
20
552652.5246455579
10
1368639.233511875
20
552652.4646233774
10
1368638.4850256671
20
552652.3874068044
10
1368637.7365394593
20
552652.2929958386
10
1368636.9880532515
20
552652.1813904803
10
1368636.2395670437
20
552652.088705543
10
1368635.4910808364
20
552652.0149410268
10
1368634.7425946286
20
552651.9600969316
10
1368633.994108421
20
552651.9241732575
10
1368633.2869240593
20
552651.8358355756
10
1368632.6210415433
20
552651.695083886
10
1368631.9964608734
20
552651.5019181886
10
1368631.4131820493
20
552651.2563384834
10
1368630.9344210853
20
552651.0594638352
10
1368630.5601779816
20
552650.911294244
10
1368630.2904527378
20
552650.8118297097
10
1368630.1252453544
20
552650.7610702321
10
1368629.8142182645
20
552650.6410784577
10
1368629.357371469
20
552650.4518543864
10
1368628.7547049671
20
552650.1933980183
10
1368628.0062187598
20
552649.8657093534
10
1368627.257732552
20
552649.6204365836
10
1368626.5092463442
20
552649.4575797091
10
1368625.7607601364
20
552649.37713873
10
1368625.012273929
20
552649.3791136462
10
1368624.2637877213
20
552649.4307850982
10
1368623.5153015135
20
552649.5321530859
10
1368622.7668153057
20
552649.6832176094
10
1368622.0183290984
20
552649.8839786685
10
1368621.2698428906
20
552650.0100734264
10
1368620.5213566828
20
552650.0615018831
10
1368619.7728704752
20
552650.0382640383
10
1368619.0243842676
20
552649.9403598923
10
1368618.2758980598
20
552649.7837830897
10
1368617.5274118525
20
552649.5685336307
10
1368616.7789256447
20
552649.2946115152
10
1368616.030439437
20
552648.9620167431
10
1368615.3536606454
20
552648.6770018835
10
1368614.7485892698
20
552648.4395669363
10
1368614.2152253105
20
552648.2497119014
10
1368613.7535687676
20
552648.107436779
10
1368613.335618944
20
552647.9451864245
10
1368612.96137584
20
552647.7629608382
10
1368612.6308394559
20
552647.5607600197
10
1368612.3440097915
20
552647.3385839692
10
1368611.9741382035
20
552647.0403743921
10
1368611.5212246925
20
552646.6661312883
10
1368610.9852692576
20
552646.2158546577
10
1368610.3662718995
20
552645.6895445004
10
1368609.8696516687
20
552645.2622036296
10
1368609.4954085648
20
552644.9338320454
10
1368609.243542588
20
552644.7044297477
10
1368609.1140537383
20
552644.5739967364
10
1368608.8298155493
20
552644.3494307153
10
1368608.3908280204
20
552644.0307316841
10
1368607.7970911523
20
552643.6178996428
10
1368607.048604945
20
552643.1109345916
10
1368606.3001187374
20
552642.7424632023
10
1368605.5516325296
20
552642.5124854752
10
1368604.8031463218
20
552642.4210014101
10
1368604.054660114
20
552642.468011007
10
1368603.3061739064
20
552642.4898972625
10
1368602.5576876989
20
552642.4866601769
10
1368601.809201491
20
552642.4582997498
10
1368601.0607152837
20
552642.4048159816
10
1368600.4589497307
20
552642.3385496619
10
1368600.0039048325
20
552642.2595007909
10
1368599.6955805891
20
552642.1676693684
10
1368599.533977001
20
552642.0630553945
10
1368599.2660536547
20
552641.9008018584
10
1368598.8918105508
20
552641.6809087603
10
1368598.4112476893
20
552641.4033760998
10
1368597.82436507
20
552641.0682038771
10
1368597.1970815537
20
552640.8088230792
10
1368596.5293971403
20
552640.6252337062
10
1368595.8213118296
20
552640.517435758
10
1368595.0728256223
20
552640.4854292348
10
1368594.3243394145
20
552640.5350115341
10
1368593.5758532067
20
552640.6661826562
10
1368592.827366999
20
552640.8789426008
10
1368592.0788807916
20
552641.1732913681
10
1368591.4637265357
20
552641.4122604382
10
1368590.981904232
20
552641.5958498112
10
1368590.6334138801
20
552641.724059487
10
1368590.4182554802
20
552641.7968894658
10
1368590.1235547285
20
552641.8949723509
10
1368589.7493116248
20
552642.0183081427
10
1368589.295526169
20
552642.1668968408
10
1368588.7621983609
20
552642.3407384455
10
1368588.2202355042
20
552642.4276592478
10
1368587.6696375986
20
552642.4276592478
10
1368587.110404644
20
552642.3407384455
10
1368586.5425366405
20
552642.1668968408
10
1368586.0714810868
20
552642.0056661996
10
1368585.6972379829
20
552641.8570465217
10
1368585.4198073288
20
552641.7210378073
10
1368585.239189125
20
552641.5976400563
10
1368584.95420377
20
552641.3488196288
10
1368584.5648512647
20
552640.9745765249
10
1368584.0711316084
20
552640.4749107447
10
1368583.4730448015
20
552639.849822288
10
1368582.9868798463
20
552639.3361197353
10
1368582.6126367426
20
552638.9338030864
10
1368582.3503154903
20
552638.6428723413
10
1368582.1999160892
20
552638.4633275002
10
1368581.9940833405
20
552638.1864335276
10
1368581.732817244
20
552637.812190424
10
1368581.4161177997
20
552637.3405981888
10
1368581.0439850076
20
552636.7716568222
10
1368580.6707970595
20
552636.203194083
10
1368580.2965539556
20
552635.6352099711
10
1368579.9212556959
20
552635.0677044864
10
1368579.5449022807
20
552634.5006776291
10
1368579.2177476608
20
552634.0300426485
10
1368578.939791837
20
552633.6557995446
10
1368578.7110348088
20
552633.3779483176
10
1368578.5314765768
20
552633.1964889672
10
1368578.2545759086
20
552632.9609642769
10
1368577.880332805
20
552632.6713742468
10
1368577.4087472653
20
552632.3277188768
10
1368576.8398192895
20
552631.9299981669
10
1368576.226001756
20
552631.5760971248
10
1368575.5672946647
20
552631.2660157506
10
1368574.863698015
20
552630.9997540443
10
1368574.1152118074
20
552630.777312006
10
1368573.518768486
20
552630.5783996125
10
1368573.0743680508
20
552630.4030168635
10
1368572.782010502
20
552630.2511637594
10
1368572.6416958396
20
552630.1228403001
10
1368572.3844169565
20
552629.8641951252
10
1368572.0101738526
20
552629.4752282348
10
1368571.5189665281
20
552628.955939629
10
1368570.9107949827
20
552628.3063293077
10
1368570.431117165
20
552627.7944025951
10
1368570.0799330738
20
552627.4201594915
10
1368569.8572427102
20
552627.1835999964
10
1368569.7630460733
20
552627.0847241099
10
1368569.5471259262
20
552626.8234456432
10
1368569.2094822691
20
552626.3997645963
10
1368568.7501151017
20
552625.813680969
10
1368568.1690244237
20
552625.0651947611
10
1368567.714906692
20
552624.3803719106
10
1368567.3877619067
20
552623.7592124173
10
1368567.1875900673
20
552623.201716281
10
1368567.1143911742
20
552622.707883502
10
1368567.0476730356
20
552622.2738455606
10
1368566.987435652
20
552621.8996024567
10
1368566.9336790226
20
552621.5851541904
10
1368566.886403148
20
552621.330500762
10
1368566.7057040334
20
552620.9523891385
10
1368566.3915816788
20
552620.4508193205
10
1368565.9440360842
20
552619.8257913075
10
1368565.3630672493
20
552619.0773050999
10
1368564.9640640728
20
552618.3288188921
10
1368564.7470265543
20
552617.5803326846
10
1368564.711954694
20
552616.8318464768
10
1368564.8588484917
20
552616.0833602692
10
1368564.955839119
20
552615.3348740614
10
1368565.002926575
20
552614.5863878538
10
1368565.0001108604
20
552613.8379016462
10
1368564.9473919757
20
552613.0894154385
10
1368564.8978292756
20
552612.3409292309
10
1368564.8514227606
20
552611.5924430231
10
1368564.8081724308
20
552610.8439568154
10
1368564.7680782867
20
552610.0954706079
10
1368564.6944271117
20
552609.3643822776
10
1368564.5872189058
20
552608.6506918247
10
1368564.44645367
20
552607.9543992494
10
1368564.2721314034
20
552607.2755045515
10
1368564.138165953
20
552606.7489356506
10
1368564.0445573186
20
552606.3746925468
10
1368563.9913055003
20
552606.15277524
10
1368563.978410498
20
552606.0831837301
10
1368563.9425564215
20
552605.843868546
10
1368563.8837432708
20
552605.4348296874
10
1368563.801971046
20
552604.8560671541
10
1368563.697239747
20
552604.1075809465
10
1368563.6186912728
20
552603.5462162907
10
1368563.5663256233
20
552603.1719731868
10
1368563.5401427986
20
552602.984851635
0
LWPOLYLINE
5
3F
330
C
100
AcDbEntity
8
C-TOPO-MAJR-E
100
AcDbPolyline
90
124
70
0
43
0
38
0
39
0
10
1368478.8151209652
20
552602.984851635
10
1368478.7884778564
20
552603.1719731868
10
1368478.7351916388
20
552603.5462162907
10
1368478.6552623124
20
552604.1075809465
10
1368478.548689877
20
552604.8560671541
10
1368478.4917149725
20
552605.6045533619
10
1368478.4843375992
20
552606.3530395695
10
1368478.5265577568
20
552607.1015257773
10
1368478.6183754455
20
552607.8500119848
10
1368478.7323667533
20
552608.5984981926
10
1368478.8685316807
20
552609.3469844002
10
1368479.026870227
20
552610.0954706079
10
1368479.207382393
20
552610.8439568155
10
1368479.3780053863
20
552611.5924430231
10
1368479.5387392074
20
552612.3409292309
10
1368479.6895838561
20
552613.0894154386
10
1368479.8305393325
20
552613.8379016462
10
1368479.9448947022
20
552614.4418522038
10
1368480.032649965
20
552614.9012671112
10
1368480.0938051213
20
552615.2161463685
10
1368480.1283601706
20
552615.386489976
10
1368480.179026558
20
552615.6587833315
10
1368480.2458042838
20
552616.0330264352
10
1368480.3286933473
20
552616.5092192873
10
1368480.4276937486
20
552617.0873618878
10
1368480.5538877395
20
552617.70809039
10
1368480.7072753198
20
552618.371404794
10
1368480.8878564893
20
552619.0773050999
10
1368481.095631248
20
552619.8257913075
10
1368481.3147408324
20
552620.5742775153
10
1368481.5451852423
20
552621.3227637229
10
1368481.7869644777
20
552622.0712499307
10
1368482.0400785387
20
552622.8197361382
10
1368482.277063331
20
552623.476857085
10
1368482.4979188545
20
552624.042612771
10
1368482.7026451095
20
552624.517003196
10
1368482.8912420962
20
552624.90002836
10
1368483.0704278117
20
552625.2786624939
10
1368483.240202257
20
552625.6529055977
10
1368483.4005654312
20
552626.0227576714
10
1368483.5515173348
20
552626.3882187151
10
1368483.763203868
20
552626.8494360497
10
1368484.0356250303
20
552627.4064096753
10
1368484.368780822
20
552628.0591395919
10
1368484.7626712432
20
552628.8076257997
10
1368485.1090000297
20
552629.4424267587
10
1368485.4077671815
20
552629.9635424692
10
1368485.658972699
20
552630.3709729312
10
1368485.862616582
20
552630.6647181445
10
1368486.1241910644
20
552630.9987123031
10
1368486.443696146
20
552631.3729554069
10
1368486.8211318268
20
552631.7874474559
10
1368487.2564981072
20
552632.2421884503
10
1368487.6613027994
20
552632.6423983139
10
1368488.0355459033
20
552632.9880770469
10
1368488.379227419
20
552633.2792246493
10
1368488.6923473463
20
552633.5158411211
10
1368489.1143088436
20
552633.7328460409
10
1368489.6451119108
20
552633.9302394089
10
1368490.2847565482
20
552634.1080212251
10
1368491.033242756
20
552634.2661914893
10
1368491.7817289638
20
552634.3173813422
10
1368492.5302151716
20
552634.2615907834
10
1368493.2787013792
20
552634.0988198131
10
1368494.0271875865
20
552633.8290684312
10
1368494.6164217219
20
552633.5954960563
10
1368495.0464037848
20
552633.3981026883
10
1368495.3171337752
20
552633.2368883272
10
1368495.4286116932
20
552633.111852973
10
1368495.6274367988
20
552632.8309549055
10
1368495.9136090924
20
552632.3941941245
10
1368496.2871285733
20
552631.8015706302
10
1368496.747995242
20
552631.0530844226
10
1368497.1376806488
20
552630.3983766087
10
1368497.4561847935
20
552629.8374471886
10
1368497.7035076765
20
552629.3702961624
10
1368497.8796492976
20
552628.99692353
10
1368498.0511908794
20
552628.6231156619
10
1368498.2181324223
20
552628.2488725581
10
1368498.380473926
20
552627.8741942185
10
1368498.5382153906
20
552627.4990806433
10
1368498.7054544934
20
552627.0306239099
10
1368498.8821912338
20
552626.4688240185
10
1368499.068425612
20
552625.813680969
10
1368499.2641576286
20
552625.0651947611
10
1368499.4210971054
20
552624.3167085535
10
1368499.5392440425
20
552623.5682223459
10
1368499.6185984402
20
552622.8197361382
10
1368499.659160298
20
552622.0712499305
10
1368499.668065655
20
552621.3227637229
10
1368499.6453145114
20
552620.5742775153
10
1368499.5909068664
20
552619.8257913075
10
1368499.504842721
20
552619.0773050999
10
1368499.3978975615
20
552618.3288188921
10
1368499.2700713887
20
552617.5803326846
10
1368499.1213642024
20
552616.8318464768
10
1368498.951776003
20
552616.0833602692
10
1368498.7899891047
20
552615.352418275
10
1368498.636003508
20
552614.6390204943
10
1368498.4898192128
20
552613.9431669271
10
1368498.3514362194
20
552613.2648575733
10
1368498.2446014103
20
552612.7385813445
10
1368498.169314786
20
552612.3643382408
10
1368498.1255763462
20
552612.1421282619
10
1368498.1133860908
20
552612.0719514079
10
1368498.0817970224
20
552611.8321972155
10
1368498.0308091412
20
552611.4228656847
10
1368497.9604224467
20
552610.8439568154
10
1368497.8706369393
20
552610.0954706079
10
1368497.755063639
20
552609.3469844002
10
1368497.6137025459
20
552608.5984981924
10
1368497.4465536599
20
552607.8500119848
10
1368497.253616981
20
552607.1015257771
10
1368496.9955210304
20
552606.3663610965
10
1368496.6722658076
20
552605.6445179428
10
1368496.2838513134
20
552604.9359963159
10
1368495.8302775472
20
552604.2407962161
10
1368495.4770270283
20
552603.7060746143
10
1368495.2240997567
20
552603.3318315104
10
1368495.0714957323
20
552603.1180669046
10
1368495.0192149552
20
552603.0647807966
10
1368494.9800043723
20
552603.0248162159
10
1368494.9538639837
20
552602.9981731619
10
1368494.9407937895
20
552602.984851635
0
LWPOLYLINE
5
40
330
C
100
AcDbEntity
8
C-TOPO-MAJR-E
100
AcDbPolyline
90
52
70
0
43
0
38
0
39
0
10
1368582.9151944935
20
552602.984851635
10
1368583.0175827246
20
552603.1719731868
10
1368583.2223591867
20
552603.5462162907
10
1368583.52952388
20
552604.1075809465
10
1368583.9390768046
20
552604.8560671541
10
1368584.2721699746
20
552605.4484858469
10
1368584.52880339
20
552605.8848370247
10
1368584.7089770513
20
552606.1651206876
10
1368584.8126909584
20
552606.2893368356
10
1368585.0318821345
20
552606.5385664615
10
1368585.3665505801
20
552606.9128095654
10
1368585.8166962948
20
552607.4120661472
10
1368586.382319279
20
552608.0363362068
10
1368586.852252323
20
552608.5451420853
10
1368587.2264954268
20
552608.9384837826
10
1368587.5050485907
20
552609.2163612987
10
1368587.687911814
20
552609.3787746336
10
1368588.0121807836
20
552609.6138746704
10
1368588.4778554991
20
552609.9216614092
10
1368589.0849359608
20
552610.3021348501
10
1368589.8334221686
20
552610.7552949928
10
1368590.5462125205
20
552611.1283932825
10
1368591.2233070163
20
552611.4214297188
10
1368591.8647056564
20
552611.634404302
10
1368592.4704084406
20
552611.7673170321
10
1368592.9603813847
20
552611.8745904674
10
1368593.3346244884
20
552611.9562246082
10
1368593.593137752
20
552612.0122194545
10
1368593.7359211755
20
552612.0425750061
10
1368593.868982064
20
552612.057752782
10
1368593.992320418
20
552612.057752782
10
1368594.105936237
20
552612.0425750061
10
1368594.2098295211
20
552612.0122194545
10
1368594.4488977152
20
552611.9278486383
10
1368594.8231408189
20
552611.7894625573
10
1368595.3325588326
20
552611.5970612117
10
1368595.977151756
20
552611.3506446015
10
1368596.5545255945
20
552611.0403147445
10
1368597.0646803482
20
552610.6660716406
10
1368597.5076160165
20
552610.2279152899
10
1368597.8833326004
20
552609.7258456926
10
1368598.213764688
20
552609.1621719425
10
1368598.4989122795
20
552608.5368940398
10
1368598.7387753753
20
552607.8500119848
10
1368598.933353975
20
552607.1015257771
10
1368599.0734945238
20
552606.3530395695
10
1368599.159197022
20
552605.6045533619
10
1368599.190461469
20
552604.8560671541
10
1368599.1672878657
20
552604.1075809465
10
1368599.149907663
20
552603.5462162907
10
1368599.1383208612
20
552603.1719731868
10
1368599.1325274603
20
552602.984851635
0
LWPOLYLINE
5
41
330
C
100
AcDbEntity
8
C-TOPO-MAJR-E
100
AcDbPolyline
90
17
70
0
43
0
38
0
39
0
10
1368697.6313983025
20
552825.9458460077
10
1368696.893553581
20
552826.5797931791
10
1368696.5246312206
20
552827.1570538159
10
1368696.5246312206
20
552827.6776279182
10
1368696.893553581
20
552828.1415154861
10
1368697.6313983025
20
552828.5487165194
10
1368698.3500569323
20
552828.752317036
10
1368699.0495294705
20
552828.752317036
10
1368699.729815917
20
552828.5487165193
10
1368700.390916272
20
552828.141515486
10
1368700.7214664498
20
552827.6776279181
10
1368700.7214664498
20
552827.1570538157
10
1368700.390916272
20
552826.579793179
10
1368699.729815917
20
552825.9458460077
10
1368699.0495294705
20
552825.628872422
10
1368698.3500569323
20
552825.628872422
10
1368697.6313983025
20
552825.9458460077
0
LWPOLYLINE
5
42
330
C
100
AcDbEntity
8
C-SITE-N
100
AcDbPolyline
90
8
70
1
43
0
38
0
39
0
10
1368663.885023636
20
552821.1044965475
10
1368603.7050045761
20
552602.2655680317
10
1368776.4928050966
20
552466.2888400585
10
1368979.72578012
20
552421.9977190023
10
1368946.8883977789
20
552765.8152626792
10
1368944.2604898592
20
552792.1538174562
10
1368922.4483150488
20
552802.3472297611
10
1368663.885023636
20
552821.1044965475
0
LWPOLYLINE
5
43
330
C
100
AcDbEntity
8
C-BLDG-FTPR-N
100
AcDbPolyline
90
5
70
1
43
0
38
0
39
0
10
1368743.072231094
20
552492.7312416387
10
1368775.0014681872
20
552467.6042756516
10
1368793.2663201448
20
552490.8137148229
10
1368761.3370830514
20
552515.9406808099
10
1368743.072231094
20
552492.7312416387
0
LWPOLYLINE
5
44
330
C
100
AcDbEntity
8
C-PVMT
100
AcDbPolyline
90
5
70
1
43
0
38
0
39
0
10
1368740.6233663387
20
552441.8752306876
10
1368751.9256142096
20
552437.7940840437
10
1368767.1102313497
20
552473.8143469737
10
1368757.3315906439
20
552481.509725717
10
1368740.6233663387
20
552441.8752306876
0
LWPOLYLINE
5
45
330
C
100
AcDbEntity
8
C-PVMT
100
AcDbPolyline
90
5
70
1
43
0
38
0
39
0
10
1368763.0848780556
20
552477.1371809334
10
1368761.1426168552
20
552472.5298366408
10
1368770.1730116685
20
552468.7230046882
10
1368772.115272869
20
552473.3303489807
10
1368763.0848780556
20
552477.1371809334
0
LWPOLYLINE
5
46
330
C
100
AcDbEntity
8
C-PVMT
100
AcDbPolyline
90
5
70
1
43
0
38
0
39
0
10
1368756.7294986828
20
552474.9328322705
10
1368764.1012495507
20
552471.82521435
10
1368765.655058511
20
552475.511089784
10
1368758.2833076431
20
552478.6187077045
10
1368756.7294986828
20
552474.9328322705
0
LWPOLYLINE
5
47
330
C
100
AcDbEntity
8
C-PVMT
100
AcDbPolyline
90
5
70
1
43
0
38
0
39
0
10
1368467.0402460922
20
552518.1157060087
10
1368991.6684098712
20
552296.9546938471
10
1368992.8337665913
20
552299.7191004226
10
1368468.2056028123
20
552520.8801125842
10
1368467.0402460922
20
552518.1157060087
0
LWPOLYLINE
5
48
330
C
100
AcDbEntity
8
C-TOPO-SURF
100
AcDbPolyline
90
5
70
1
43
0
38
0
39
0
10
1368465.4864371319
20
552514.4298305748
10
1368990.1146009108
20
552293.2688184131
10
1368991.6684098712
20
552296.9546938471
10
1368467.0402460922
20
552518.1157060087
10
1368465.4864371319
20
552514.4298305748
0
LWPOLYLINE
5
49
330
C
100
AcDbEntity
8
C-PVMT
100
AcDbPolyline
90
5
70
1
43
0
38
0
39
0
10
1368464.903758772
20
552513.047627287
10
1368989.5319225509
20
552291.8866151253
10
1368990.1146009108
20
552293.2688184131
10
1368465.4864371319
20
552514.4298305748
10
1368464.903758772
20
552513.047627287
0
LWPOLYLINE
5
4A
330
C
100
AcDbEntity
8
C-PVMT
100
AcDbPolyline
90
5
70
1
43
0
38
0
39
0
10
1368752.87157295
20
552431.6049246745
10
1368735.9414971755
20
552437.718232639
10
1368741.6500163432
20
552444.6941059829
10
1368752.9367335262
20
552440.6185673397
10
1368752.87157295
20
552431.6049246745
0
LWPOLYLINE
5
4B
330
C
100
AcDbEntity
8
C-LODS
100
AcDbPolyline
90
4
70
1
43
0
38
0
39
0
10
1368799.8195396804
20
552498.3672116103
10
1368763.6619176024
20
552525.6666843216
10
1368458.713785605
20
552524.0273980978
10
1368799.8195396804
20
552498.3672116103
0
POINT
5
4C
330
C
100
AcDbEntity
8
C-TOPO-SPOT
100
AcDbPoint
10
1368550.7066832397
20
552554.6916581682
30
0
0
LWPOLYLINE
5
4D
330
C
100
AcDbEntity
8
C-UTIL
100
AcDbPolyline
90
2
70
0
43
0
38
0
39
0
10
1368695.3885815588
20
552385.9101151075
10
1368744.9275079882
20
552495.0887716269
0
LWPOLYLINE
5
4E
330
C
100
AcDbEntity
8
C-UTIL
100
AcDbPolyline
90
2
70
0
43
0
38
0
39
0
10
1368697.5600684055
20
552384.9248206317
10
1368751.1117643022
20
552502.9472049214
0
LWPOLYLINE
5
4F
330
C
100
AcDbEntity
8
C-SWMG
100
AcDbPolyline
90
5
70
1
43
0
38
0
39
0
10
1368641.0976816562
20
552470.4079838466
10
1368680.7965481386
20
552470.4079838466
10
1368680.7965481386
20
552510.1068503292
10
1368641.0976816562
20
552510.1068503292
10
1368641.0976816562
20
552470.4079838466
0
LWPOLYLINE
5
50
330
C
100
AcDbEntity
8
C-STRM-AREA
100
AcDbPolyline
90
41
70
1
43
0
38
0
39
0
10
1368944.2604898592
20
552792.1538174562
10
1368946.8883977789
20
552765.8152626792
10
1368991.6684098712
20
552296.9546938471
10
1368925.818809046
20
552348.7755586974
10
1368859.099911415
20
552390.3240694115
10
1368788.5587489924
20
552424.5661671921
10
1368714.808856692
20
552451.1966329971
10
1368659.500550391
20
552465.523910327
10
1368658.0307242095
20
552466.1341964053
10
1368656.278688188
20
552466.4260935613
10
1368607.4204439977
20
552477.1152609116
10
1368561.0295442024
20
552487.1644372055
10
1368554.789338504
20
552488.4767567902
10
1368551.6890771224
20
552489.0837597032
10
1368544.330014913
20
552490.855222871
10
1368536.2396724026
20
552492.84345868
10
1368528.5591535983
20
552495.0154402707
10
1368519.0905682978
20
552497.7744548076
10
1368503.9298917828
20
552502.8434303581
10
1368490.389919002
20
552507.9450960907
10
1368484.5302693828
20
552510.3761734255
10
1368479.6286790045
20
552512.4038070737
10
1368467.0402460922
20
552518.1157060087
10
1368452.8015460183
20
552525.1040033909
10
1368437.9194719892
20
552531.9346877254
10
1368427.1092129103
20
552536.3441096415
10
1368420.970705129
20
552538.7948830406
10
1368420.170213562
20
552539.1066105079
10
1368405.3409816246
20
552544.4738389406
10
1368397.9884312758
20
552546.8951036782
10
1368385.048873072
20
552550.6156867879
10
1368370.7314343078
20
552554.3558632934
10
1368363.3298218485
20
552556.1536566911
10
1368287.6507473818
20
552572.8235338166
10
1368202.0211016452
20
552591.4850379593
10
1368202.09974801
20
552591.855731854
10
1368258.9007963126
20
552850.483752801
10
1368276.4007353093
20
552849.2142337493
10
1368663.8902632727
20
552821.1235499891
10
1368688.7590345475
20
552911.5564768027
10
1368944.2604898592
20
552792.1538174562
0
LWPOLYLINE
5
51
330
C
100
AcDbEntity
8
C-SITE-N
100
AcDbPolyline
90
4
70
1
43
0
38
0
39
0
10
1368799.8195396804
20
552498.3672116103
10
1368763.6619176024
20
552525.6666843216
10
1368458.713785605
20
552524.0273980978
10
1368799.8195396804
20
552498.3672116103
0
LWPOLYLINE
5
52
330
C
100
AcDbEntity
8
C-SITE-N
100
AcDbPolyline
90
5
70
1
43
0
38
0
39
0
10
1368799.8195396804
20
552482.3672116103
10
1368829.8195396804
20
552482.3672116103
10
1368829.8195396804
20
552498.3672116103
10
1368799.8195396804
20
552498.3672116103
10
1368799.8195396804
20
552482.3672116103
0
LWPOLYLINE
5
53
330
C
100
AcDbEntity
8
L-PLNT-TREE
100
AcDbPolyline
90
5
70
1
43
0
38
0
39
0
10
1368466.2684806993
20
552505.7065467943
10
1368476.2684806993
20
552505.7065467943
10
1368476.2684806993
20
552515.7065467943
10
1368466.2684806993
20
552515.7065467943
10
1368466.2684806993
20
552505.7065467943
0
LWPOLYLINE
5
54
330
C
100
AcDbEntity
8
L-PLNT-TREE
100
AcDbPolyline
90
5
70
1
43
0
38
0
39
0
10
1368805.1498667144
20
552485.9642309124
10
1368817.1498667144
20
552485.9642309124
10
1368817.1498667144
20
552497.9642309124
10
1368805.1498667144
20
552497.9642309124
10
1368805.1498667144
20
552485.9642309124
0
LWPOLYLINE
5
55
330
C
100
AcDbEntity
8
L-PLNT-TREE
100
AcDbPolyline
90
5
70
1
43
0
38
0
39
0
10
1368798.719086096
20
552509.9642309124
10
1368810.719086096
20
552509.9642309124
10
1368810.719086096
20
552521.9642309124
10
1368798.719086096
20
552521.9642309124
10
1368798.719086096
20
552509.9642309124
0
LWPOLYLINE
5
56
330
C
100
AcDbEntity
8
L-PLNT-TREE
100
AcDbPolyline
90
5
70
1
43
0
38
0
39
0
10
1368781.1498667144
20
552527.533450294
10
1368793.1498667144
20
552527.533450294
10
1368793.1498667144
20
552539.533450294
10
1368781.1498667144
20
552539.533450294
10
1368781.1498667144
20
552527.533450294
0
ENDSEC
0
SECTION
2
OBJECTS
0
DICTIONARY
5
A
330
0
100
AcDbDictionary
281
1
3
ACAD_GROUP
350
B
0
DICTIONARY
5
B
330
A
100
AcDbDictionary
281
0
0
ENDSEC
0
EOF