{
 "type": "FeatureCollection",
 "features": [
  {
   "type": "Feature",
   "geometry": {
    "type": "Polygon",
    "coordinates": [
     [
      [
       -77.15128819294326,
       39.08202329704562
      ],
      [
       -77.15129201078672,
       39.08199737173275
      ],
      [
       -77.15134213716443,
       39.08165698671573
      ],
      [
       -77.1518577099841,
       39.081415988659735
      ],
      [
       -77.15195019163716,
       39.08203827404187
      ],
      [
       -77.15170553313631,
       39.08204221700891
      ],
      [
       -77.15128440670155,
       39.08204900323878
      ],
      [
       -77.15128819294326,
       39.08202329704562
      ]
     ]
    ]
   },
   "properties": {
    "id": "parcel",
    "kind": "Parcel",
    "sourceId": "gis1",
    "reliabilityLevel": 1,
    "revision": 1,
    "engineeringGeometry": {
     "crs": "EPSG:2248",
     "crsName": "NAD83 / Maryland State Plane (US survey feet)",
     "datum": "NAD83",
     "unit": "usSurveyFoot",
     "coordinates": [
      [
       1269387.7843478322,
       515492.92055238783
      ],
      [
       1269386.6849448085,
       515483.48003812134
      ],
      [
       1269372.2502597868,
       515359.5313176662
      ],
      [
       1269225.750121951,
       515271.9999874681
      ],
      [
       1269199.8747910112,
       515498.68746475875
      ],
      [
       1269269.327287361,
       515500.00803360343
      ],
      [
       1269388.8746471703,
       515502.2812756002
      ],
      [
       1269387.7843478322,
       515492.92055238783
      ]
     ]
    }
   }
  },
  {
   "type": "Feature",
   "geometry": {
    "type": "LineString",
    "coordinates": [
     [
      -77.15200976465314,
      39.08182216057412
     ],
     [
      -77.15200994061001,
      39.08182207523049
     ],
     [
      -77.15202271396001,
      39.08181123391252
     ]
    ]
   },
   "properties": {
    "id": "ct-0",
    "kind": "Contour",
    "sourceId": "contours",
    "reliabilityLevel": 1,
    "revision": 1,
    "engineeringGeometry": {
     "crs": "EPSG:2248",
     "crsName": "NAD83 / Maryland State Plane (US survey feet)",
     "datum": "NAD83",
     "unit": "usSurveyFoot",
     "coordinates": [
      [
       1269182.8330000043,
       515420.00450000167,
       444
      ],
      [
       1269182.7830000073,
       515419.97349999845,
       444
      ],
      [
       1269179.1504999995,
       515416.0310000032,
       444
      ]
     ]
    },
    "elevationFt": 444,
    "weight": "intermediate",
    "hidden": false
   }
  },
  {
   "type": "Feature",
   "geometry": {
    "type": "LineString",
    "coordinates": [
     [
      -77.15169620253423,
      39.082113392222205
     ],
     [
      -77.15169420725016,
      39.08209539567488
     ],
     [
      -77.15168653817535,
      39.08209046480353
     ],
     [
      -77.151668223574,
      39.08208570559217
     ],
     [
      -77.15165908169682,
      39.08208395060161
     ],
     [
      -77.15164603076057,
      39.082079474237574
     ],
     [
      -77.15163290679936,
      39.08206717971822
     ],
     [
      -77.15163105614023,
      39.082063314861074
     ],
     [
      -77.15162967119768,
      39.08205647585822
     ],
     [
      -77.1516228940865,
      39.08203120402655
     ],
     [
      -77.15161875730035,
      39.08202493693606
     ],
     [
      -77.15160884492595,
      39.082009591953856
     ],
     [
      -77.15160513262468,
      39.082005798147314
     ],
     [
      -77.15159358003271,
      39.08199772303176
     ],
     [
      -77.15159172394885,
      39.081995443795904
     ]
    ]
   },
   "properties": {
    "id": "ct-1",
    "kind": "Contour",
    "sourceId": "contours",
    "reliabilityLevel": 1,
    "revision": 1,
    "engineeringGeometry": {
     "crs": "EPSG:2248",
     "crsName": "NAD83 / Maryland State Plane (US survey feet)",
     "datum": "NAD83",
     "unit": "usSurveyFoot",
     "coordinates": [
      [
       1269272.0189999938,
       515525.9264999926,
       444
      ],
      [
       1269272.5744999945,
       515519.3710000068,
       444
      ],
      [
       1269274.7485000044,
       515517.57150000334,
       444
      ],
      [
       1269279.9444999993,
       515515.82950000465,
       444
      ],
      [
       1269282.538499996,
       515515.1860000044,
       444
      ],
      [
       1269286.240500003,
       515513.54950000346,
       444
      ],
      [
       1269289.9584999979,
       515509.0655000061,
       444
      ],
      [
       1269290.4814999998,
       515507.65700000525,
       444
      ],
      [
       1269290.8704999983,
       515505.1655000001,
       444
      ],
      [
       1269292.7789999992,
       515495.9580000043,
       444
      ],
      [
       1269293.9494999945,
       515493.67350000143,
       444
      ],
      [
       1269296.7539999932,
       515488.0799999982,
       444
      ],
      [
       1269297.8055000007,
       515486.69650000334,
       444
      ],
      [
       1269301.0799999982,
       515483.75,
       444
      ],
      [
       1269301.6054999977,
       515482.91899999976,
       444
      ]
     ]
    },
    "elevationFt": 444,
    "weight": "intermediate",
    "hidden": false
   }
  },
  {
   "type": "Feature",
   "geometry": {
    "type": "LineString",
    "coordinates": [
     [
      -77.15162040334378,
      39.08135997864829
     ],
     [
      -77.15162396271808,
      39.08136228176276
     ],
     [
      -77.15162686167845,
      39.08136711310659
     ],
     [
      -77.15162153377221,
      39.08137137302175
     ],
     [
      -77.15161839964898,
      39.081371905617274
     ],
     [
      -77.15161110876062,
      39.0813708291489
     ],
     [
      -77.15160988590632,
      39.08137061519796
     ],
     [
      -77.15160105612199,
      39.0813706238814
     ],
     [
      -77.15158519578996,
      39.08137104802014
     ],
     [
      -77.15158327212447,
      39.081370936565094
     ],
     [
      -77.15157897389001,
      39.081370718356965
     ],
     [
      -77.15156129665401,
      39.081371537472315
     ],
     [
      -77.15155975681651,
      39.08137135413323
     ],
     [
      -77.15155328562018,
      39.08136892848446
     ],
     [
      -77.15154055005073,
      39.08136359780165
     ],
     [
      -77.1515350667805,
      39.081362727659474
     ],
     [
      -77.15152141370947,
      39.08136078767145
     ]
    ]
   },
   "properties": {
    "id": "ct-2",
    "kind": "Contour",
    "sourceId": "contours",
    "reliabilityLevel": 1,
    "revision": 1,
    "engineeringGeometry": {
     "crs": "EPSG:2248",
     "crsName": "NAD83 / Maryland State Plane (US survey feet)",
     "datum": "NAD83",
     "unit": "usSurveyFoot",
     "coordinates": [
      [
       1269293.0799999982,
       515251.48849999905,
       432
      ],
      [
       1269292.0709999949,
       515252.3289999962,
       432
      ],
      [
       1269291.251000002,
       515254.0900000036,
       432
      ],
      [
       1269292.7660000026,
       515255.63899999857,
       432
      ],
      [
       1269293.6560000032,
       515255.8314999938,
       432
      ],
      [
       1269295.724999994,
       515255.4360000044,
       432
      ],
      [
       1269296.071999997,
       515255.3575000018,
       432
      ],
      [
       1269298.5785000026,
       515255.35649999976,
       432
      ],
      [
       1269303.0810000002,
       515255.50349999964,
       432
      ],
      [
       1269303.627000004,
       515255.4619999975,
       432
      ],
      [
       1269304.8470000029,
       515255.3805000037,
       432
      ],
      [
       1269309.865500003,
       515255.67049999535,
       432
      ],
      [
       1269310.3024999946,
       515255.6030000001,
       432
      ],
      [
       1269312.1379999965,
       515254.71649999917,
       432
      ],
      [
       1269315.75,
       515252.7689999938,
       432
      ],
      [
       1269317.3059999943,
       515252.4494999945,
       432
      ],
      [
       1269321.1805000007,
       515251.736499995,
       432
      ]
     ]
    },
    "elevationFt": 432,
    "weight": "intermediate",
    "hidden": false
   }
  },
  {
   "type": "Feature",
   "geometry": {
    "type": "LineString",
    "coordinates": [
     [
      -77.15143750394468,
      39.08182866362354
     ],
     [
      -77.15144647812222,
      39.08182364394787
     ],
     [
      -77.15144848172591,
      39.08181744716248
     ],
     [
      -77.15144362874784,
      39.08180570066686
     ],
     [
      -77.15143705192301,
      39.08179835219138
     ]
    ]
   },
   "properties": {
    "id": "ct-3",
    "kind": "Contour",
    "sourceId": "contours",
    "reliabilityLevel": 1,
    "revision": 1,
    "engineeringGeometry": {
     "crs": "EPSG:2248",
     "crsName": "NAD83 / Maryland State Plane (US survey feet)",
     "datum": "NAD83",
     "unit": "usSurveyFoot",
     "coordinates": [
      [
       1269345.2824999988,
       515422.1030000001,
       442
      ],
      [
       1269342.7319999933,
       515420.27899999917,
       442
      ],
      [
       1269342.1595000029,
       515418.0230000019,
       442
      ],
      [
       1269343.5300000012,
       515413.74250000715,
       442
      ],
      [
       1269345.3924999982,
       515411.06299999356,
       442
      ]
     ]
    },
    "elevationFt": 442,
    "weight": "intermediate",
    "hidden": false
   }
  },
  {
   "type": "Feature",
   "geometry": {
    "type": "LineString",
    "coordinates": [
     [
      -77.15120744661621,
      39.08160151226519
     ],
     [
      -77.15122077271943,
      39.08160788419712
     ],
     [
      -77.1512480501732,
      39.08161231752782
     ],
     [
      -77.15125007692865,
      39.08161203485392
     ],
     [
      -77.15126355918373,
      39.08160237470681
     ],
     [
      -77.15128109584029,
      39.081596712484746
     ],
     [
      -77.15130517977788,
      39.08160026033504
     ],
     [
      -77.15132663783389,
      39.081609766896186
     ],
     [
      -77.15133314970646,
      39.081610606889726
     ],
     [
      -77.15136099716975,
      39.08160064124908
     ],
     [
      -77.15136658969887,
      39.081595733029744
     ],
     [
      -77.15137587493913,
      39.08158956664667
     ],
     [
      -77.15137751014974,
      39.08158904148623
     ],
     [
      -77.15139319948165,
      39.08158190310033
     ],
     [
      -77.15141269712338,
      39.08157320163063
     ],
     [
      -77.1514380971535,
      39.08156863297237
     ],
     [
      -77.15146699340906,
      39.08156814394743
     ],
     [
      -77.15148055496245,
      39.08156844627762
     ],
     [
      -77.15149913918246,
      39.08156837007354
     ],
     [
      -77.15152190650986,
      39.0815682074583
     ],
     [
      -77.15155114033067,
      39.081569081193045
     ],
     [
      -77.15157097646909,
      39.081571284996066
     ],
     [
      -77.1515949128152,
      39.08157665471912
     ],
     [
      -77.15160929592618,
      39.08157730878759
     ],
     [
      -77.15161815694533,
      39.081572108031715
     ],
     [
      -77.15162910655526,
      39.081561755097525
     ],
     [
      -77.15163070987424,
      39.08156114348676
     ]
    ]
   },
   "properties": {
    "id": "ct-4",
    "kind": "Contour",
    "sourceId": "contours",
    "reliabilityLevel": 1,
    "revision": 1,
    "engineeringGeometry": {
     "crs": "EPSG:2248",
     "crsName": "NAD83 / Maryland State Plane (US survey feet)",
     "datum": "NAD83",
     "unit": "usSurveyFoot",
     "coordinates": [
      [
       1269410.451000005,
       515339.263500005,
       436
      ],
      [
       1269406.6720000058,
       515341.59049999714,
       436
      ],
      [
       1269398.9315000027,
       515343.21799999475,
       436
      ],
      [
       1269398.3560000062,
       515343.11599999666,
       436
      ],
      [
       1269394.523000002,
       515339.60400000215,
       436
      ],
      [
       1269389.5415000021,
       515337.549999997,
       436
      ],
      [
       1269382.7070000023,
       515338.8534999937,
       436
      ],
      [
       1269376.6215000004,
       515342.326000005,
       436
      ],
      [
       1269374.7734999955,
       515342.63500000536,
       436
      ],
      [
       1269366.862499997,
       515339.01850000024,
       436
      ],
      [
       1269365.2719999999,
       515337.2335000038,
       436
      ],
      [
       1269362.6324999928,
       515334.9919999987,
       436
      ],
      [
       1269362.1679999977,
       515334.8014999926,
       436
      ],
      [
       1269357.7099999934,
       515332.2090000063,
       436
      ],
      [
       1269352.1700000018,
       515329.048999995,
       436
      ],
      [
       1269344.9570000023,
       515327.3969999999,
       436
      ],
      [
       1269336.7539999932,
       515327.2325000018,
       436
      ],
      [
       1269332.9044999927,
       515327.3490000069,
       436
      ],
      [
       1269327.6289999932,
       515327.3299999982,
       436
      ],
      [
       1269321.1659999937,
       515327.2814999968,
       436
      ],
      [
       1269312.8680000007,
       515327.61349999905,
       436
      ],
      [
       1269307.238499999,
       515328.4255000055,
       436
      ],
      [
       1269300.446999997,
       515330.3924999982,
       436
      ],
      [
       1269296.364500001,
       515330.637500003,
       436
      ],
      [
       1269293.8460000008,
       515328.7475000024,
       436
      ],
      [
       1269290.7314999998,
       515324.9819999933,
       436
      ],
      [
       1269290.275999993,
       515324.76000000536,
       436
      ]
     ]
    },
    "elevationFt": 436,
    "weight": "intermediate",
    "hidden": false
   }
  },
  {
   "type": "Feature",
   "geometry": {
    "type": "LineString",
    "coordinates": [
     [
      -77.15126879604472,
      39.08135395216262
     ],
     [
      -77.1512798320506,
      39.08136351475004
     ],
     [
      -77.15131293331277,
      39.08136748339225
     ],
     [
      -77.15131911964583,
      39.08136682605288
     ],
     [
      -77.15134095153437,
      39.081365797054595
     ],
     [
      -77.1513578571076,
      39.08137151774457
     ],
     [
      -77.1513724546049,
      39.08138106336538
     ],
     [
      -77.15139297338979,
      39.081387899607385
     ],
     [
      -77.15140677196601,
      39.081383720732426
     ],
     [
      -77.15141378904508,
      39.081376975199376
     ],
     [
      -77.1514209606247,
      39.08137082252741
     ],
     [
      -77.15143755053886,
      39.08136229641557
     ],
     [
      -77.15144765621828,
      39.08135845865306
     ]
    ]
   },
   "properties": {
    "id": "ct-5",
    "kind": "Contour",
    "sourceId": "contours",
    "reliabilityLevel": 1,
    "revision": 1,
    "engineeringGeometry": {
     "crs": "EPSG:2248",
     "crsName": "NAD83 / Maryland State Plane (US survey feet)",
     "datum": "NAD83",
     "unit": "usSurveyFoot",
     "coordinates": [
      [
       1269392.886500001,
       515249.1280000061,
       430
      ],
      [
       1269389.759499997,
       515252.61599999666,
       430
      ],
      [
       1269380.365500003,
       515254.07700000703,
       430
      ],
      [
       1269378.6089999974,
       515253.84049999714,
       430
      ],
      [
       1269372.4109999985,
       515253.47599999607,
       430
      ],
      [
       1269367.615500003,
       515255.56749999523,
       430
      ],
      [
       1269363.4775000066,
       515259.05099999905,
       430
      ],
      [
       1269357.6570000052,
       515261.5505000055,
       430
      ],
      [
       1269353.737499997,
       515260.0349999964,
       430
      ],
      [
       1269351.7415000051,
       515257.5814999938,
       430
      ],
      [
       1269349.702000007,
       515255.3439999968,
       430
      ],
      [
       1269344.987499997,
       515252.24650000036,
       430
      ],
      [
       1269342.1165000051,
       515250.8534999937,
       430
      ]
     ]
    },
    "elevationFt": 430,
    "weight": "index",
    "hidden": false
   }
  },
  {
   "type": "Feature",
   "geometry": {
    "type": "LineString",
    "coordinates": [
     [
      -77.15146431338485,
      39.08166119212939
     ],
     [
      -77.15147254083247,
      39.081666157987094
     ],
     [
      -77.15150364804538,
      39.08168900689654
     ],
     [
      -77.15152106999419,
      39.08169233954877
     ],
     [
      -77.15152879733948,
      39.08169157449721
     ],
     [
      -77.15182607177758,
      39.08166577301325
     ],
     [
      -77.15186590700277,
      39.08165653990347
     ],
     [
      -77.15191123708007,
      39.08165194392689
     ],
     [
      -77.15193193947191,
      39.081642419857815
     ],
     [
      -77.15194675430051,
      39.081601085413695
     ],
     [
      -77.1519535815975,
      39.081600336602854
     ],
     [
      -77.15198404599926,
      39.08159760908085
     ],
     [
      -77.15199070025862,
      39.08158429500749
     ],
     [
      -77.15199203848164,
      39.081580795307886
     ],
     [
      -77.15199470049485,
      39.08157693420977
     ]
    ]
   },
   "properties": {
    "id": "ct-6",
    "kind": "Contour",
    "sourceId": "contours",
    "reliabilityLevel": 1,
    "revision": 1,
    "engineeringGeometry": {
     "crs": "EPSG:2248",
     "crsName": "NAD83 / Maryland State Plane (US survey feet)",
     "datum": "NAD83",
     "unit": "usSurveyFoot",
     "coordinates": [
      [
       1269337.5709999949,
       515361.12049999833,
       440
      ],
      [
       1269335.238499999,
       515362.93299999833,
       440
      ],
      [
       1269326.4220000058,
       515371.26950000226,
       440
      ],
      [
       1269321.4784999937,
       515372.4915000051,
       440
      ],
      [
       1269319.2845000029,
       515372.21649999917,
       440
      ],
      [
       1269234.8824999928,
       515362.9594999999,
       440
      ],
      [
       1269223.5690000057,
       515359.6155000031,
       440
      ],
      [
       1269210.6985000074,
       515357.9629999995,
       440
      ],
      [
       1269204.8159999996,
       515354.5039999932,
       440
      ],
      [
       1269200.585500002,
       515339.4564999938,
       440
      ],
      [
       1269198.6469999999,
       515339.18700000644,
       440
      ],
      [
       1269189.9975000024,
       515338.2080000043,
       440
      ],
      [
       1269188.1005000025,
       515333.36200000346,
       440
      ],
      [
       1269187.7185000032,
       515332.0879999995,
       440
      ],
      [
       1269186.960500002,
       515330.68299999833,
       440
      ]
     ]
    },
    "elevationFt": 440,
    "weight": "index",
    "hidden": false
   }
  },
  {
   "type": "Feature",
   "geometry": {
    "type": "LineString",
    "coordinates": [
     [
      -77.15146334045812,
      39.081598007656716
     ],
     [
      -77.15147298884168,
      39.0815969490853
     ],
     [
      -77.1514878041098,
      39.08159706446161
     ],
     [
      -77.15150507191068,
      39.08160080916369
     ],
     [
      -77.15150970684833,
      39.08160611463556
     ],
     [
      -77.15151973530556,
      39.08161810840685
     ],
     [
      -77.15153367682058,
      39.081626442649544
     ],
     [
      -77.15156836403378,
      39.08163067686887
     ],
     [
      -77.15158373843859,
      39.08162867323764
     ],
     [
      -77.15172453265883,
      39.08161108486621
     ],
     [
      -77.15174812385524,
      39.08160904860388
     ],
     [
      -77.15184627787963,
      39.08160774488242
     ],
     [
      -77.15188988077674,
      39.08159773397817
     ],
     [
      -77.15190812982492,
      39.0815792663816
     ],
     [
      -77.15192185849925,
      39.081578643158565
     ],
     [
      -77.15198038816527,
      39.08158468042477
     ],
     [
      -77.15198508630938,
      39.081578330495255
     ],
     [
      -77.15198564362223,
      39.08157701597666
     ]
    ]
   },
   "properties": {
    "id": "ct-7",
    "kind": "Contour",
    "sourceId": "contours",
    "reliabilityLevel": 1,
    "revision": 1,
    "engineeringGeometry": {
     "crs": "EPSG:2248",
     "crsName": "NAD83 / Maryland State Plane (US survey feet)",
     "datum": "NAD83",
     "unit": "usSurveyFoot",
     "coordinates": [
      [
       1269337.8090000004,
       515338.1075000018,
       438
      ],
      [
       1269335.0694999993,
       515337.72650000453,
       438
      ],
      [
       1269330.8639999926,
       515337.7754999995,
       438
      ],
      [
       1269325.964499995,
       515339.14749999344,
       438
      ],
      [
       1269324.651999995,
       515341.08200000226,
       438
      ],
      [
       1269321.8125,
       515345.4549999982,
       438
      ],
      [
       1269317.8599999994,
       515348.4969999939,
       438
      ],
      [
       1269308.0160000026,
       515350.0555000007,
       438
      ],
      [
       1269303.6504999995,
       515349.3330000043,
       438
      ],
      [
       1269263.672999993,
       515342.9934999943,
       438
      ],
      [
       1269256.974999994,
       515342.26299999654,
       438
      ],
      [
       1269229.111499995,
       515341.8344999999,
       438
      ],
      [
       1269216.7280000001,
       515338.2090000063,
       438
      ],
      [
       1269211.536500007,
       515331.4915000051,
       438
      ],
      [
       1269207.6389999986,
       515331.27099999785,
       438
      ],
      [
       1269191.0279999971,
       515333.4975000024,
       438
      ],
      [
       1269189.690500006,
       515331.18700000644,
       438
      ],
      [
       1269189.5314999968,
       515330.70849999785,
       438
      ]
     ]
    },
    "elevationFt": 438,
    "weight": "intermediate",
    "hidden": false
   }
  },
  {
   "type": "Feature",
   "geometry": {
    "type": "LineString",
    "coordinates": [
     [
      -77.15140159063745,
      39.081540474065726
     ],
     [
      -77.15140525917923,
      39.08153282542329
     ],
     [
      -77.15141622616817,
      39.081523178119504
     ],
     [
      -77.15142549477702,
      39.081529066547205
     ],
     [
      -77.15142769596882,
      39.08153708924764
     ],
     [
      -77.15142473933173,
      39.081540742044076
     ],
     [
      -77.15140413103636,
      39.08154401130254
     ],
     [
      -77.15140159063745,
      39.081540474065726
     ]
    ]
   },
   "properties": {
    "id": "ct-8",
    "kind": "Contour",
    "sourceId": "contours",
    "reliabilityLevel": 1,
    "revision": 1,
    "engineeringGeometry": {
     "crs": "EPSG:2248",
     "crsName": "NAD83 / Maryland State Plane (US survey feet)",
     "datum": "NAD83",
     "unit": "usSurveyFoot",
     "coordinates": [
      [
       1269355.303000003,
       515317.123999998,
       436
      ],
      [
       1269354.2569999993,
       515314.3400000036,
       436
      ],
      [
       1269351.1379999965,
       515310.8314999938,
       436
      ],
      [
       1269348.510499999,
       515312.98049999774,
       436
      ],
      [
       1269347.8904999942,
       515315.9035000056,
       436
      ],
      [
       1269348.7319999933,
       515317.2325000018,
       436
      ],
      [
       1269354.5840000063,
       515318.41349999607,
       436
      ],
      [
       1269355.303000003,
       515317.123999998,
       436
      ]
     ]
    },
    "elevationFt": 436,
    "weight": "intermediate",
    "hidden": false
   }
  },
  {
   "type": "Feature",
   "geometry": {
    "type": "LineString",
    "coordinates": [
     [
      -77.15143705192301,
      39.08179835219138
     ],
     [
      -77.15143442825827,
      39.08179542185262
     ],
     [
      -77.1514210480007,
      39.081790113956046
     ],
     [
      -77.1514007432648,
      39.08178376616913
     ],
     [
      -77.15139923645259,
      39.081781723977656
     ],
     [
      -77.15140209648368,
      39.081771570971846
     ],
     [
      -77.15140863806235,
      39.081764842528315
     ],
     [
      -77.15141435113306,
      39.0817636009716
     ],
     [
      -77.1514310984097,
      39.081762761115684
     ],
     [
      -77.15144503978124,
      39.081758606763
     ]
    ]
   },
   "properties": {
    "id": "ct-9",
    "kind": "Contour",
    "sourceId": "contours",
    "reliabilityLevel": 1,
    "revision": 1,
    "engineeringGeometry": {
     "crs": "EPSG:2248",
     "crsName": "NAD83 / Maryland State Plane (US survey feet)",
     "datum": "NAD83",
     "unit": "usSurveyFoot",
     "coordinates": [
      [
       1269345.3924999982,
       515411.06299999356,
       442
      ],
      [
       1269346.135499999,
       515409.9944999963,
       442
      ],
      [
       1269349.9305000007,
       515408.05500000715,
       442
      ],
      [
       1269355.690500006,
       515405.7335000038,
       442
      ],
      [
       1269356.1169999987,
       515404.9889999926,
       442
      ],
      [
       1269355.298999995,
       515401.2925000042,
       442
      ],
      [
       1269353.4379999936,
       515398.8449999988,
       442
      ],
      [
       1269351.815500006,
       515398.3955000043,
       442
      ],
      [
       1269347.0610000044,
       515398.0974999964,
       442
      ],
      [
       1269343.100999996,
       515396.5910000056,
       442
      ]
     ]
    },
    "elevationFt": 442,
    "weight": "intermediate",
    "hidden": false
   }
  },
  {
   "type": "Feature",
   "geometry": {
    "type": "LineString",
    "coordinates": [
     [
      -77.15199470049485,
      39.08157693420977
     ],
     [
      -77.15200014918547,
      39.081569027892705
     ],
     [
      -77.15200739052936,
      39.081560917443326
     ],
     [
      -77.15201638294208,
      39.0815529255296
     ],
     [
      -77.15201884019864,
      39.081548861518236
     ],
     [
      -77.15201950775167,
      39.08154308516892
     ],
     [
      -77.1520211293611,
      39.08153289943392
     ]
    ]
   },
   "properties": {
    "id": "ct-10",
    "kind": "Contour",
    "sourceId": "contours",
    "reliabilityLevel": 1,
    "revision": 1,
    "engineeringGeometry": {
     "crs": "EPSG:2248",
     "crsName": "NAD83 / Maryland State Plane (US survey feet)",
     "datum": "NAD83",
     "unit": "usSurveyFoot",
     "coordinates": [
      [
       1269186.960500002,
       515330.68299999833,
       440
      ],
      [
       1269185.4089999944,
       515327.8059999943,
       440
      ],
      [
       1269183.3484999985,
       515324.85549999774,
       440
      ],
      [
       1269180.7909999937,
       515321.94900000095,
       440
      ],
      [
       1269180.0910000056,
       515320.4699999988,
       440
      ],
      [
       1269179.898000002,
       515318.3665000051,
       440
      ],
      [
       1269179.4315000027,
       515314.6574999988,
       440
      ]
     ]
    },
    "elevationFt": 440,
    "weight": "index",
    "hidden": false
   }
  },
  {
   "type": "Feature",
   "geometry": {
    "type": "LineString",
    "coordinates": [
     [
      -77.15159684070929,
      39.081358022667274
     ],
     [
      -77.15159986647552,
      39.08136202191448
     ],
     [
      -77.15159432080605,
      39.081363279737644
     ],
     [
      -77.15159008930247,
      39.081362966718494
     ],
     [
      -77.15158451959265,
      39.0813620349133
     ],
     [
      -77.15157105888099,
      39.08136109547295
     ]
    ]
   },
   "properties": {
    "id": "ct-11",
    "kind": "Contour",
    "sourceId": "contours",
    "reliabilityLevel": 1,
    "revision": 1,
    "engineeringGeometry": {
     "crs": "EPSG:2248",
     "crsName": "NAD83 / Maryland State Plane (US survey feet)",
     "datum": "NAD83",
     "unit": "usSurveyFoot",
     "coordinates": [
      [
       1269299.7674999982,
       515250.7650000006,
       434
      ],
      [
       1269298.9109999985,
       515252.2230000049,
       434
      ],
      [
       1269300.4860000014,
       515252.67849999666,
       434
      ],
      [
       1269301.6870000064,
       515252.5625,
       434
      ],
      [
       1269303.2674999982,
       515252.2205000073,
       434
      ],
      [
       1269307.0879999995,
       515251.8719999939,
       434
      ]
     ]
    },
    "elevationFt": 434,
    "weight": "intermediate",
    "hidden": false
   }
  },
  {
   "type": "Feature",
   "geometry": {
    "type": "LineString",
    "coordinates": [
     [
      -77.15144702979035,
      39.081996758067866
     ],
     [
      -77.15143547294684,
      39.08197426276969
     ],
     [
      -77.15143204942304,
      39.081966282835396
     ]
    ]
   },
   "properties": {
    "id": "ct-12",
    "kind": "Contour",
    "sourceId": "contours",
    "reliabilityLevel": 1,
    "revision": 1,
    "engineeringGeometry": {
     "crs": "EPSG:2248",
     "crsName": "NAD83 / Maryland State Plane (US survey feet)",
     "datum": "NAD83",
     "unit": "usSurveyFoot",
     "coordinates": [
      [
       1269342.6800000072,
       515483.32950000465,
       442
      ],
      [
       1269345.946999997,
       515475.13099999726,
       442
      ],
      [
       1269346.9140000045,
       515472.2230000049,
       442
      ]
     ]
    },
    "elevationFt": 442,
    "weight": "intermediate",
    "hidden": false
   }
  },
  {
   "type": "Feature",
   "geometry": {
    "type": "LineString",
    "coordinates": [
     [
      -77.15200608400308,
      39.08158090200775
     ],
     [
      -77.15202558068633,
      39.08156684092089
     ]
    ]
   },
   "properties": {
    "id": "ct-13",
    "kind": "Contour",
    "sourceId": "contours",
    "reliabilityLevel": 1,
    "revision": 1,
    "engineeringGeometry": {
     "crs": "EPSG:2248",
     "crsName": "NAD83 / Maryland State Plane (US survey feet)",
     "datum": "NAD83",
     "unit": "usSurveyFoot",
     "coordinates": [
      [
       1269183.7314999998,
       515332.1334999949,
       442
      ],
      [
       1269178.188500002,
       515327.0215000063,
       442
      ]
     ]
    },
    "elevationFt": 442,
    "weight": "intermediate",
    "hidden": false
   }
  },
  {
   "type": "Feature",
   "geometry": {
    "type": "LineString",
    "coordinates": [
     [
      -77.15178872990671,
      39.08156318749923
     ],
     [
      -77.15185287115081,
      39.08155841478164
     ],
     [
      -77.15186585137347,
      39.08155538185141
     ],
     [
      -77.15189010190431,
      39.08155692641101
     ],
     [
      -77.15197722903703,
      39.08157350971272
     ],
     [
      -77.15197890920204,
      39.081571768160906
     ],
     [
      -77.15197998218898,
      39.081567786943374
     ],
     [
      -77.15198157736542,
      39.081559241771465
     ],
     [
      -77.15198469356821,
      39.08154372066502
     ],
     [
      -77.15198645873176,
      39.081529822620226
     ],
     [
      -77.15198722345752,
      39.08152500849661
     ],
     [
      -77.15198945591433,
      39.08151630462248
     ],
     [
      -77.15199316989514,
      39.08149862465596
     ],
     [
      -77.15199378587178,
      39.08149508882723
     ],
     [
      -77.15199748061252,
      39.08147912217348
     ],
     [
      -77.15200091996383,
      39.08146728394168
     ],
     [
      -77.1520042989888,
      39.0814544161678
     ],
     [
      -77.15200723942759,
      39.08144402142435
     ],
     [
      -77.15201118940766,
      39.08143375304355
     ],
     [
      -77.15201871482897,
      39.08141598850519
     ],
     [
      -77.15202644991672,
      39.08140237649572
     ]
    ]
   },
   "properties": {
    "id": "ct-14",
    "kind": "Contour",
    "sourceId": "contours",
    "reliabilityLevel": 1,
    "revision": 1,
    "engineeringGeometry": {
     "crs": "EPSG:2248",
     "crsName": "NAD83 / Maryland State Plane (US survey feet)",
     "datum": "NAD83",
     "unit": "usSurveyFoot",
     "coordinates": [
      [
       1269245.4204999954,
       515325.5789999962,
       436
      ],
      [
       1269227.2099999934,
       515323.8710000068,
       436
      ],
      [
       1269223.5234999955,
       515322.77249999344,
       436
      ],
      [
       1269216.6404999942,
       515323.3464999944,
       436
      ],
      [
       1269191.9179999977,
       515329.42749999464,
       436
      ],
      [
       1269191.4399999976,
       515328.79399999976,
       436
      ],
      [
       1269191.1330000013,
       515327.34450000525,
       436
      ],
      [
       1269190.674999997,
       515324.23299999535,
       436
      ],
      [
       1269189.7810000032,
       515318.5814999938,
       436
      ],
      [
       1269189.2715000063,
       515313.5205000043,
       436
      ],
      [
       1269189.0514999926,
       515311.7674999982,
       436
      ],
      [
       1269188.412499994,
       515308.59849999845,
       436
      ],
      [
       1269187.3474999964,
       515302.16099999845,
       436
      ],
      [
       1269187.1704999954,
       515300.8735000044,
       436
      ],
      [
       1269186.1120000035,
       515295.0600000024,
       436
      ],
      [
       1269185.1284999996,
       515290.75,
       436
      ],
      [
       1269184.161500007,
       515286.0649999976,
       436
      ],
      [
       1269183.3205000013,
       515282.28049999475,
       436
      ],
      [
       1269182.1930000037,
       515278.5425000042,
       436
      ],
      [
       1269180.0460000038,
       515272.076000005,
       436
      ],
      [
       1269177.8419999927,
       515267.1219999939,
       436
      ]
     ]
    },
    "elevationFt": 436,
    "weight": "intermediate",
    "hidden": false
   }
  },
  {
   "type": "Feature",
   "geometry": {
    "type": "LineString",
    "coordinates": [
     [
      -77.15177616841771,
      39.08156352227335
     ],
     [
      -77.15178157453195,
      39.08156371981904
     ],
     [
      -77.15178872990671,
      39.08156318749923
     ]
    ]
   },
   "properties": {
    "id": "ct-15",
    "kind": "Contour",
    "sourceId": "contours",
    "reliabilityLevel": 1,
    "revision": 1,
    "engineeringGeometry": {
     "crs": "EPSG:2248",
     "crsName": "NAD83 / Maryland State Plane (US survey feet)",
     "datum": "NAD83",
     "unit": "usSurveyFoot",
     "coordinates": [
      [
       1269248.986499995,
       515325.69499999285,
       436
      ],
      [
       1269247.452000007,
       515325.76950000226,
       436
      ],
      [
       1269245.4204999954,
       515325.5789999962,
       436
      ]
     ]
    },
    "elevationFt": 436,
    "weight": "intermediate",
    "hidden": false
   }
  },
  {
   "type": "Feature",
   "geometry": {
    "type": "LineString",
    "coordinates": [
     [
      -77.1516394533421,
      39.08199500860352
     ],
     [
      -77.15163912635528,
      39.08199447911571
     ],
     [
      -77.1516354724542,
      39.08198998783845
     ],
     [
      -77.15163564682935,
      39.081986680472966
     ],
     [
      -77.15166426409162,
      39.08197174001316
     ],
     [
      -77.15166816972989,
      39.08197037997578
     ],
     [
      -77.15172119380804,
      39.081969093605316
     ]
    ]
   },
   "properties": {
    "id": "ct-16",
    "kind": "Contour",
    "sourceId": "contours",
    "reliabilityLevel": 1,
    "revision": 1,
    "engineeringGeometry": {
     "crs": "EPSG:2248",
     "crsName": "NAD83 / Maryland State Plane (US survey feet)",
     "datum": "NAD83",
     "unit": "usSurveyFoot",
     "coordinates": [
      [
       1269288.0565000027,
       515482.7830000073,
       446
      ],
      [
       1269288.149000004,
       515482.5900000036,
       446
      ],
      [
       1269289.1835000068,
       515480.9525000006,
       446
      ],
      [
       1269289.1319999993,
       515479.74799999595,
       446
      ],
      [
       1269280.9995000064,
       515474.31999999285,
       446
      ],
      [
       1269279.8900000006,
       515473.82649999857,
       446
      ],
      [
       1269264.837500006,
       515473.3830000013,
       446
      ]
     ]
    },
    "elevationFt": 446,
    "weight": "intermediate",
    "hidden": false
   }
  },
  {
   "type": "Feature",
   "geometry": {
    "type": "LineString",
    "coordinates": [
     [
      -77.15203797693295,
      39.08207112453748
     ],
     [
      -77.15199727337507,
      39.08206893004863
     ],
     [
      -77.15198144118531,
      39.08206610884177
     ],
     [
      -77.15196604845582,
      39.08206204602718
     ],
     [
      -77.1519594033583,
      39.082059055022135
     ],
     [
      -77.15195093245174,
      39.08204734756258
     ],
     [
      -77.15196097300519,
      39.082030303247315
     ],
     [
      -77.15201855114158,
      39.08199147225802
     ],
     [
      -77.15203458184564,
      39.081992406938205
     ]
    ]
   },
   "properties": {
    "id": "ct-17",
    "kind": "Contour",
    "sourceId": "contours",
    "reliabilityLevel": 1,
    "revision": 1,
    "engineeringGeometry": {
     "crs": "EPSG:2248",
     "crsName": "NAD83 / Maryland State Plane (US survey feet)",
     "datum": "NAD83",
     "unit": "usSurveyFoot",
     "coordinates": [
      [
       1269174.9755000025,
       515510.69349999726,
       450
      ],
      [
       1269186.5285000056,
       515509.875,
       450
      ],
      [
       1269191.0209999979,
       515508.8400000036,
       450
      ],
      [
       1269195.3879999965,
       515507.3530000001,
       450
      ],
      [
       1269197.2724999934,
       515506.2604999989,
       450
      ],
      [
       1269199.6700000018,
       515501.99250000715,
       450
      ],
      [
       1269196.809499994,
       515495.7894999981,
       450
      ],
      [
       1269180.4414999932,
       515481.673999995,
       450
      ],
      [
       1269175.8914999962,
       515482.0219999999,
       450
      ]
     ]
    },
    "elevationFt": 450,
    "weight": "index",
    "hidden": false
   }
  },
  {
   "type": "Feature",
   "geometry": {
    "type": "LineString",
    "coordinates": [
     [
      -77.15175875968659,
      39.08151352588151
     ],
     [
      -77.15175897316114,
      39.08152029501456
     ],
     [
      -77.15175907515207,
      39.0815259962327
     ],
     [
      -77.15175961102425,
      39.08152784061776
     ],
     [
      -77.15179897395205,
      39.081527605650095
     ],
     [
      -77.15181855948728,
      39.08152132841113
     ],
     [
      -77.15181682506794,
      39.081510026802206
     ],
     [
      -77.15181266424214,
      39.081506520503986
     ],
     [
      -77.15178728413991,
      39.08150554711539
     ],
     [
      -77.1517697967021,
      39.08150700438076
     ],
     [
      -77.15175875968659,
      39.08151352588151
     ]
    ]
   },
   "properties": {
    "id": "ct-18",
    "kind": "Contour",
    "sourceId": "contours",
    "reliabilityLevel": 1,
    "revision": 1,
    "engineeringGeometry": {
     "crs": "EPSG:2248",
     "crsName": "NAD83 / Maryland State Plane (US survey feet)",
     "datum": "NAD83",
     "unit": "usSurveyFoot",
     "coordinates": [
      [
       1269253.898000002,
       515307.47750000656,
       434
      ],
      [
       1269253.8414999992,
       515309.9430000037,
       434
      ],
      [
       1269253.8159999996,
       515312.01950000226,
       434
      ],
      [
       1269253.6650000066,
       515312.6914999932,
       434
      ],
      [
       1269242.4909999967,
       515312.62450000644,
       434
      ],
      [
       1269236.9274999946,
       515310.3474999964,
       434
      ],
      [
       1269237.4130000025,
       515306.23049999774,
       434
      ],
      [
       1269238.5919999927,
       515304.95149999857,
       434
      ],
      [
       1269245.7960000038,
       515304.58499999344,
       434
      ],
      [
       1269250.7610000074,
       515305.1075000018,
       434
      ],
      [
       1269253.898000002,
       515307.47750000656,
       434
      ]
     ]
    },
    "elevationFt": 434,
    "weight": "intermediate",
    "hidden": false
   }
  },
  {
   "type": "Feature",
   "geometry": {
    "type": "LineString",
    "coordinates": [
     [
      -77.15173053264016,
      39.08156185438457
     ],
     [
      -77.15177616841771,
      39.08156352227335
     ]
    ]
   },
   "properties": {
    "id": "ct-19",
    "kind": "Contour",
    "sourceId": "contours",
    "reliabilityLevel": 1,
    "revision": 1,
    "engineeringGeometry": {
     "crs": "EPSG:2248",
     "crsName": "NAD83 / Maryland State Plane (US survey feet)",
     "datum": "NAD83",
     "unit": "usSurveyFoot",
     "coordinates": [
      [
       1269261.9399999976,
       515325.06599999964,
       436
      ],
      [
       1269248.986499995,
       515325.69499999285,
       436
      ]
     ]
    },
    "elevationFt": 436,
    "weight": "intermediate",
    "hidden": false
   }
  },
  {
   "type": "Feature",
   "geometry": {
    "type": "LineString",
    "coordinates": [
     [
      -77.1517276933191,
      39.081968249134434
     ],
     [
      -77.15173679755712,
      39.08196640187091
     ],
     [
      -77.15176078606598,
      39.08195817226992
     ],
     [
      -77.15178266955996,
      39.081950701819444
     ],
     [
      -77.15198721503522,
      39.081879751093965
     ],
     [
      -77.15199659918792,
      39.08187042291356
     ]
    ]
   },
   "properties": {
    "id": "ct-20",
    "kind": "Contour",
    "sourceId": "contours",
    "reliabilityLevel": 1,
    "revision": 1,
    "engineeringGeometry": {
     "crs": "EPSG:2248",
     "crsName": "NAD83 / Maryland State Plane (US survey feet)",
     "datum": "NAD83",
     "unit": "usSurveyFoot",
     "coordinates": [
      [
       1269262.9919999987,
       515473.0785000026,
       446
      ],
      [
       1269260.4064999968,
       515472.4099999964,
       446
      ],
      [
       1269253.5919999927,
       515469.423999995,
       446
      ],
      [
       1269247.3754999936,
       515466.7134999931,
       446
      ],
      [
       1269189.2689999938,
       515440.9689999968,
       446
      ],
      [
       1269186.5995000005,
       515437.576000005,
       446
      ]
     ]
    },
    "elevationFt": 446,
    "weight": "intermediate",
    "hidden": false
   }
  },
  {
   "type": "Feature",
   "geometry": {
    "type": "LineString",
    "coordinates": [
     [
      -77.15159172394885,
      39.081995443795904
     ],
     [
      -77.15155140759305,
      39.081945943785435
     ],
     [
      -77.15154289416714,
      39.081897695819976
     ],
     [
      -77.15154544162094,
      39.08188303485203
     ],
     [
      -77.15155709741221,
      39.08186845545075
     ],
     [
      -77.15186024393218,
      39.08186110531335
     ],
     [
      -77.15191426055634,
      39.08185697169844
     ],
     [
      -77.15200699283508,
      39.081823272042705
     ],
     [
      -77.15200800333173,
      39.081823018131125
     ],
     [
      -77.15200976465314,
      39.08182216057412
     ]
    ]
   },
   "properties": {
    "id": "ct-21",
    "kind": "Contour",
    "sourceId": "contours",
    "reliabilityLevel": 1,
    "revision": 1,
    "engineeringGeometry": {
     "crs": "EPSG:2248",
     "crsName": "NAD83 / Maryland State Plane (US survey feet)",
     "datum": "NAD83",
     "unit": "usSurveyFoot",
     "coordinates": [
      [
       1269301.6054999977,
       515482.91899999976,
       444
      ],
      [
       1269313.0199999958,
       515464.87150000036,
       444
      ],
      [
       1269315.4074999988,
       515447.2950000018,
       444
      ],
      [
       1269314.6755000055,
       515441.9564999938,
       444
      ],
      [
       1269311.3579999954,
       515436.6519999951,
       444
      ],
      [
       1269225.3005000055,
       515434.1180000007,
       444
      ],
      [
       1269209.964499995,
       515432.63799999654,
       444
      ],
      [
       1269183.6204999983,
       515420.4080000073,
       444
      ],
      [
       1269183.3334999979,
       515420.31599999964,
       444
      ],
      [
       1269182.8330000043,
       515420.00450000167,
       444
      ]
     ]
    },
    "elevationFt": 444,
    "weight": "intermediate",
    "hidden": false
   }
  },
  {
   "type": "Feature",
   "geometry": {
    "type": "LineString",
    "coordinates": [
     [
      -77.15120135124691,
      39.08138306767492
     ],
     [
      -77.15121332323021,
      39.081389639043145
     ],
     [
      -77.15122555203169,
      39.08140267746637
     ],
     [
      -77.15123786127239,
      39.081424554044396
     ],
     [
      -77.15124083379246,
      39.081430856973185
     ],
     [
      -77.15124599689703,
      39.08144020337618
     ],
     [
      -77.151254411144,
      39.08144688916034
     ],
     [
      -77.1512752243354,
      39.081448042911944
     ],
     [
      -77.15131342414963,
      39.08144837384144
     ],
     [
      -77.1513260815648,
      39.081450913692656
     ],
     [
      -77.15135614025299,
      39.08145786116952
     ],
     [
      -77.15137392582137,
      39.08145744830192
     ],
     [
      -77.15138455925337,
      39.081455774811005
     ],
     [
      -77.15140373735143,
      39.08144839990638
     ],
     [
      -77.15140814445202,
      39.08144183484222
     ],
     [
      -77.1514095749147,
      39.08143779962748
     ],
     [
      -77.1514138580505,
      39.08142761046015
     ],
     [
      -77.15142024579065,
      39.081415650370715
     ],
     [
      -77.1514225072898,
      39.08141311320848
     ],
     [
      -77.15143537354527,
      39.08140370918325
     ],
     [
      -77.15144206410038,
      39.08139747750801
     ],
     [
      -77.15144858756722,
      39.08138556803604
     ],
     [
      -77.15145506514978,
      39.08137196318167
     ],
     [
      -77.15146109440181,
      39.08136619225741
     ],
     [
      -77.15146510066046,
      39.081364950159575
     ],
     [
      -77.15146718589585,
      39.081364837636826
     ],
     [
      -77.15147097315231,
      39.08136497276744
     ],
     [
      -77.15149461232278,
      39.08136730345654
     ],
     [
      -77.15150393840202,
      39.08137040908358
     ],
     [
      -77.1515135237245,
      39.08137283757083
     ],
     [
      -77.15152258495255,
      39.08137398588772
     ],
     [
      -77.15152768446333,
      39.08137826800201
     ],
     [
      -77.15153306186743,
      39.08138318674828
     ],
     [
      -77.15153742417627,
      39.08138537076343
     ],
     [
      -77.15155341438927,
      39.08139134383683
     ],
     [
      -77.15156649075638,
      39.08138797584544
     ],
     [
      -77.15156826671313,
      39.08138737636751
     ],
     [
      -77.15157592347619,
      39.081386567473665
     ],
     [
      -77.15158175662218,
      39.081387136512
     ],
     [
      -77.15160274120618,
      39.08139681523911
     ],
     [
      -77.15160931440863,
      39.08139916662042
     ],
     [
      -77.15164834469088,
      39.08140569605235
     ],
     [
      -77.1516583260186,
      39.081403018471484
     ],
     [
      -77.15167558605786,
      39.0813899199444
     ],
     [
      -77.15169337394066,
      39.08138316593744
     ],
     [
      -77.15170527991953,
      39.0813818902619
     ],
     [
      -77.15171821095531,
      39.0813838874497
     ],
     [
      -77.1517421257235,
      39.081393204048375
     ],
     [
      -77.15176817164401,
      39.08140741612735
     ],
     [
      -77.15179864919561,
      39.08142079464239
     ],
     [
      -77.15182086692234,
      39.08142640953718
     ],
     [
      -77.15184489380705,
      39.08142799832649
     ],
     [
      -77.15187390565063,
      39.081424751041816
     ],
     [
      -77.15189610160317,
      39.081428413790626
     ],
     [
      -77.15190877534802,
      39.08143034402248
     ],
     [
      -77.15193850429105,
      39.081423899850535
     ],
     [
      -77.15194627845095,
      39.08141950358329
     ],
     [
      -77.15195071098998,
      39.081414977113695
     ],
     [
      -77.15195592478389,
      39.0814084274562
     ],
     [
      -77.15196889033682,
      39.0813952424779
     ],
     [
      -77.15197773985315,
      39.08138962711573
     ],
     [
      -77.15199320678968,
      39.08138232145261
     ],
     [
      -77.15200642943314,
      39.08137652880983
     ],
     [
      -77.1520213029018,
      39.08136680773768
     ]
    ]
   },
   "properties": {
    "id": "ct-22",
    "kind": "Contour",
    "sourceId": "contours",
    "reliabilityLevel": 1,
    "revision": 1,
    "engineeringGeometry": {
     "crs": "EPSG:2248",
     "crsName": "NAD83 / Maryland State Plane (US survey feet)",
     "datum": "NAD83",
     "unit": "usSurveyFoot",
     "coordinates": [
      [
       1269412.0495000035,
       515259.70049999654,
       432
      ],
      [
       1269408.6550000012,
       515262.0995000005,
       432
      ],
      [
       1269405.1914999932,
       515266.85400000215,
       432
      ],
      [
       1269401.710500002,
       515274.8275000006,
       432
      ],
      [
       1269400.8704999983,
       515277.12450000644,
       432
      ],
      [
       1269399.410500005,
       515280.5310000032,
       432
      ],
      [
       1269397.025999993,
       515282.9699999988,
       432
      ],
      [
       1269391.1184999943,
       515283.40000000596,
       432
      ],
      [
       1269380.275000006,
       515283.53849999607,
       432
      ],
      [
       1269376.6835000068,
       515284.46950000525,
       432
      ],
      [
       1269368.1550000012,
       515287.01399999857,
       432
      ],
      [
       1269363.1060000062,
       515286.8719999939,
       432
      ],
      [
       1269360.086500004,
       515286.2674999982,
       432
      ],
      [
       1269354.6379999965,
       515283.59049999714,
       432
      ],
      [
       1269353.3830000013,
       515281.20149999857,
       432
      ],
      [
       1269352.9745000005,
       515279.7325000018,
       432
      ],
      [
       1269351.7524999976,
       515276.02349999547,
       432
      ],
      [
       1269349.9319999963,
       515271.67049999535,
       432
      ],
      [
       1269349.288499996,
       515270.7475000024,
       432
      ],
      [
       1269345.6305000037,
       515267.3285000026,
       432
      ],
      [
       1269343.7275000066,
       515265.06200000644,
       432
      ],
      [
       1269341.8684999943,
       515260.72750000656,
       432
      ],
      [
       1269340.0215000063,
       515255.7754999995,
       432
      ],
      [
       1269338.3065000027,
       515253.6764999926,
       432
      ],
      [
       1269337.1685000062,
       515253.22599999607,
       432
      ],
      [
       1269336.5764999986,
       515253.1860000044,
       432
      ],
      [
       1269335.5014999956,
       515253.23700000346,
       432
      ],
      [
       1269328.7925000042,
       515254.09700000286,
       432
      ],
      [
       1269326.1469999999,
       515255.2325000018,
       432
      ],
      [
       1269323.4274999946,
       515256.12150000036,
       432
      ],
      [
       1269320.8560000062,
       515256.54399999976,
       432
      ],
      [
       1269319.4109999985,
       515258.1060000062,
       432
      ],
      [
       1269317.887500003,
       515259.90000000596,
       432
      ],
      [
       1269316.6504999995,
       515260.69750000536,
       432
      ],
      [
       1269312.1149999946,
       515262.8805000037,
       432
      ],
      [
       1269308.400999993,
       515261.6599999964,
       432
      ],
      [
       1269307.8965000063,
       515261.44249999523,
       432
      ],
      [
       1269305.7224999964,
       515261.15150000155,
       432
      ],
      [
       1269304.0670000017,
       515261.361499995,
       432
      ],
      [
       1269298.1159999967,
       515264.8965000063,
       432
      ],
      [
       1269296.2514999956,
       515265.75599999726,
       432
      ],
      [
       1269285.175999999,
       515268.1525000036,
       432
      ],
      [
       1269282.3410000056,
       515267.1819999963,
       432
      ],
      [
       1269277.4335000068,
       515262.4194999933,
       432
      ],
      [
       1269272.3799999952,
       515259.96799999475,
       432
      ],
      [
       1269268.9995000064,
       515259.50900000334,
       432
      ],
      [
       1269265.3299999982,
       515260.24250000715,
       432
      ],
      [
       1269258.5470000058,
       515263.6469999999,
       432
      ],
      [
       1269251.1620000005,
       515268.8355000019,
       432
      ],
      [
       1269242.5185000002,
       515273.7224999964,
       432
      ],
      [
       1269236.2150000036,
       515275.77799999714,
       432
      ],
      [
       1269229.3955000043,
       515276.3680000007,
       432
      ],
      [
       1269221.1580000073,
       515275.19900000095,
       432
      ],
      [
       1269214.8595000058,
       515276.5435000062,
       432
      ],
      [
       1269211.2629999965,
       515277.2524999976,
       432
      ],
      [
       1269202.8199999928,
       515274.9194999933,
       432
      ],
      [
       1269200.610499993,
       515273.3219999969,
       432
      ],
      [
       1269199.3495000005,
       515271.6755000055,
       432
      ],
      [
       1269197.865500003,
       515269.2925000042,
       432
      ],
      [
       1269194.177000001,
       515264.49650000036,
       432
      ],
      [
       1269191.661500007,
       515262.4555000067,
       432
      ],
      [
       1269187.2664999962,
       515259.8020000011,
       432
      ],
      [
       1269183.509499997,
       515257.6985000074,
       432
      ],
      [
       1269179.2814999968,
       515254.16500000656,
       432
      ]
     ]
    },
    "elevationFt": 432,
    "weight": "intermediate",
    "hidden": false
   }
  },
  {
   "type": "Feature",
   "geometry": {
    "type": "LineString",
    "coordinates": [
     [
      -77.15198564362223,
      39.08157701597666
     ],
     [
      -77.15198772564162,
      39.08157209718174
     ],
     [
      -77.15199077230334,
      39.08156772352012
     ],
     [
      -77.15199675504566,
      39.08155915755327
     ],
     [
      -77.1520016295871,
      39.08154798328027
     ],
     [
      -77.15200235789783,
      39.08154343827793
     ],
     [
      -77.15200477381536,
      39.08152909321956
     ],
     [
      -77.15201236478562,
      39.081502431305466
     ],
     [
      -77.15201456293707,
      39.08148674115892
     ],
     [
      -77.1520144948087,
      39.08147793730806
     ],
     [
      -77.15201634709075,
      39.08146277340305
     ],
     [
      -77.1520214425911,
      39.08144949841691
     ]
    ]
   },
   "properties": {
    "id": "ct-23",
    "kind": "Contour",
    "sourceId": "contours",
    "reliabilityLevel": 1,
    "revision": 1,
    "engineeringGeometry": {
     "crs": "EPSG:2248",
     "crsName": "NAD83 / Maryland State Plane (US survey feet)",
     "datum": "NAD83",
     "unit": "usSurveyFoot",
     "coordinates": [
      [
       1269189.5314999968,
       515330.70849999785,
       438
      ],
      [
       1269188.9375,
       515328.91799999774,
       438
      ],
      [
       1269188.0699999928,
       515327.32649999857,
       438
      ],
      [
       1269186.3665000051,
       515324.2094999999,
       438
      ],
      [
       1269184.975999996,
       515320.14200000465,
       438
      ],
      [
       1269184.7664999962,
       515318.48700000346,
       438
      ],
      [
       1269184.071999997,
       515313.263500005,
       438
      ],
      [
       1269181.900999993,
       515303.55650000274,
       438
      ],
      [
       1269181.2674999982,
       515297.84299999475,
       438
      ],
      [
       1269181.2814999968,
       515294.63650000095,
       438
      ],
      [
       1269180.7465000004,
       515289.1145000011,
       438
      ],
      [
       1269179.2919999957,
       515284.28200000525,
       438
      ]
     ]
    },
    "elevationFt": 438,
    "weight": "intermediate",
    "hidden": false
   }
  },
  {
   "type": "Feature",
   "geometry": {
    "type": "LineString",
    "coordinates": [
     [
      -77.15172119380804,
      39.081969093605316
     ],
     [
      -77.15172384633401,
      39.08196902976495
     ],
     [
      -77.1517276933191,
      39.081968249134434
     ]
    ]
   },
   "properties": {
    "id": "ct-24",
    "kind": "Contour",
    "sourceId": "contours",
    "reliabilityLevel": 1,
    "revision": 1,
    "engineeringGeometry": {
     "crs": "EPSG:2248",
     "crsName": "NAD83 / Maryland State Plane (US survey feet)",
     "datum": "NAD83",
     "unit": "usSurveyFoot",
     "coordinates": [
      [
       1269264.837500006,
       515473.3830000013,
       446
      ],
      [
       1269264.0844999999,
       515473.36100000143,
       446
      ],
      [
       1269262.9919999987,
       515473.0785000026,
       446
      ]
     ]
    },
    "elevationFt": 446,
    "weight": "intermediate",
    "hidden": false
   }
  },
  {
   "type": "Feature",
   "geometry": {
    "type": "LineString",
    "coordinates": [
     [
      -77.15143204942304,
      39.081966282835396
     ],
     [
      -77.1514297269488,
      39.08196086866353
     ],
     [
      -77.15142871888833,
      39.08194157900473
     ],
     [
      -77.15143093243863,
      39.081920643279794
     ],
     [
      -77.15142841894806,
      39.08189499663335
     ],
     [
      -77.15141482574194,
      39.08186164078671
     ],
     [
      -77.15140825446386,
      39.08185027815693
     ],
     [
      -77.15139803463764,
      39.081832789198266
     ],
     [
      -77.15139803625542,
      39.0818285828548
     ],
     [
      -77.15139930624747,
      39.081825285055935
     ],
     [
      -77.15140002019353,
      39.08182473088387
     ],
     [
      -77.15141148645979,
      39.08182371664389
     ],
     [
      -77.15141750827594,
      39.08182601932682
     ],
     [
      -77.15143432665403,
      39.081830441423804
     ],
     [
      -77.15143750394468,
      39.08182866362354
     ]
    ]
   },
   "properties": {
    "id": "ct-25",
    "kind": "Contour",
    "sourceId": "contours",
    "reliabilityLevel": 1,
    "revision": 1,
    "engineeringGeometry": {
     "crs": "EPSG:2248",
     "crsName": "NAD83 / Maryland State Plane (US survey feet)",
     "datum": "NAD83",
     "unit": "usSurveyFoot",
     "coordinates": [
      [
       1269346.9140000045,
       515472.2230000049,
       442
      ],
      [
       1269347.5699999928,
       515470.25,
       442
      ],
      [
       1269347.8445000052,
       515463.2240000069,
       442
      ],
      [
       1269347.2035000026,
       515455.59999999404,
       442
      ],
      [
       1269347.9015000015,
       515446.2580000013,
       442
      ],
      [
       1269351.7399999946,
       515434.1030000001,
       442
      ],
      [
       1269353.5984999985,
       515429.96150000393,
       442
      ],
      [
       1269356.4889999926,
       515423.5869999975,
       442
      ],
      [
       1269356.4860000014,
       515422.05500000715,
       442
      ],
      [
       1269356.1235000044,
       515420.8544999957,
       442
      ],
      [
       1269355.9204999954,
       515420.65299999714,
       442
      ],
      [
       1269352.6650000066,
       515420.28900000453,
       442
      ],
      [
       1269350.9570000023,
       515421.1305000037,
       442
      ],
      [
       1269346.185499996,
       515422.748999998,
       442
      ],
      [
       1269345.2824999988,
       515422.1030000001,
       442
      ]
     ]
    },
    "elevationFt": 442,
    "weight": "intermediate",
    "hidden": false
   }
  },
  {
   "type": "Feature",
   "geometry": {
    "type": "LineString",
    "coordinates": [
     [
      -77.15119873959019,
      39.081500159457164
     ],
     [
      -77.15122000266248,
      39.08150910754912
     ],
     [
      -77.1512359751046,
      39.08151666355804
     ],
     [
      -77.15126056602766,
      39.081518430206394
     ],
     [
      -77.15128696835598,
      39.081513070910916
     ],
     [
      -77.15129068184054,
      39.081513299494915
     ],
     [
      -77.15132432946302,
      39.08152732887664
     ],
     [
      -77.1513559088597,
      39.08153290293468
     ],
     [
      -77.15137224039873,
      39.081525441107246
     ],
     [
      -77.15138040421185,
      39.081517893736304
     ],
     [
      -77.15138143997333,
      39.08151709753083
     ],
     [
      -77.1513939907441,
      39.08150676176865
     ],
     [
      -77.15141062791068,
      39.08148483269044
     ],
     [
      -77.15141422682288,
      39.081476746205766
     ],
     [
      -77.15141748270717,
      39.08147052309063
     ],
     [
      -77.15142490310323,
      39.081458789555356
     ],
     [
      -77.15142744031975,
      39.08145172857174
     ],
     [
      -77.15142973056585,
      39.08143373196784
     ],
     [
      -77.1514306820527,
      39.08143058147262
     ],
     [
      -77.15143295014116,
      39.081427002326
     ],
     [
      -77.15143979694056,
      39.08141969827103
     ],
     [
      -77.15144375508605,
      39.081416538396844
     ],
     [
      -77.15145498533654,
      39.081411422450614
     ],
     [
      -77.15146461894157,
      39.081416672038834
     ],
     [
      -77.15146467186544,
      39.08142581225231
     ],
     [
      -77.1514554212465,
      39.08143995472257
     ],
     [
      -77.15145304256525,
      39.08144288191984
     ],
     [
      -77.15144941847909,
      39.08144989626044
     ],
     [
      -77.151449384342,
      39.08145454606947
     ],
     [
      -77.15145148735958,
      39.08145699384627
     ],
     [
      -77.15147442735226,
      39.08146266278583
     ],
     [
      -77.15149394162673,
      39.08146344751511
     ],
     [
      -77.15152114523062,
      39.08146465061602
     ],
     [
      -77.15154281268089,
      39.081469102118085
     ],
     [
      -77.1515759616349,
      39.081475584270386
     ],
     [
      -77.1516094414234,
      39.08147696044157
     ],
     [
      -77.15162861465102,
      39.081478879544925
     ],
     [
      -77.15163356443543,
      39.08147984509845
     ],
     [
      -77.1516479060211,
      39.08148499110567
     ],
     [
      -77.15165291321519,
      39.08148809956689
     ],
     [
      -77.15167753395176,
      39.0814980673573
     ],
     [
      -77.15169362187842,
      39.08150276355582
     ],
     [
      -77.15170919542571,
      39.08150412856741
     ],
     [
      -77.15172916867049,
      39.08149299103382
     ],
     [
      -77.15174116148019,
      39.08148699683593
     ],
     [
      -77.15174578735795,
      39.081486397781624
     ],
     [
      -77.15176594142946,
      39.08148902397042
     ],
     [
      -77.15177926086699,
      39.081492257565245
     ],
     [
      -77.15180547361805,
      39.081496307754385
     ],
     [
      -77.15181886551142,
      39.081498000939014
     ],
     [
      -77.15182420500315,
      39.081499996972354
     ],
     [
      -77.1518480671033,
      39.081513496621206
     ],
     [
      -77.15187146853751,
      39.08151582205114
     ],
     [
      -77.1519230733304,
      39.0815058048768
     ],
     [
      -77.1519516340242,
      39.0815049084379
     ],
     [
      -77.15196340523813,
      39.08149908061679
     ],
     [
      -77.15197135822176,
      39.08147614683354
     ],
     [
      -77.15197403771943,
      39.081463980109945
     ],
     [
      -77.1519822464721,
      39.08144699445317
     ],
     [
      -77.15198559244755,
      39.08144174179387
     ],
     [
      -77.15199137536959,
      39.08143033982582
     ],
     [
      -77.15199902903291,
      39.08141241450151
     ],
     [
      -77.15200647608071,
      39.081400012327755
     ],
     [
      -77.15201625457814,
      39.08139061910996
     ],
     [
      -77.15203385639467,
      39.08137676091308
     ]
    ]
   },
   "properties": {
    "id": "ct-26",
    "kind": "Contour",
    "sourceId": "contours",
    "reliabilityLevel": 1,
    "revision": 1,
    "engineeringGeometry": {
     "crs": "EPSG:2248",
     "crsName": "NAD83 / Maryland State Plane (US survey feet)",
     "datum": "NAD83",
     "unit": "usSurveyFoot",
     "coordinates": [
      [
       1269412.861499995,
       515302.3455000073,
       434
      ],
      [
       1269406.8310000002,
       515305.6145000011,
       434
      ],
      [
       1269402.3014999926,
       515308.373999998,
       434
      ],
      [
       1269395.321999997,
       515309.02899999917,
       434
      ],
      [
       1269387.824000001,
       515307.0894999951,
       434
      ],
      [
       1269386.7699999958,
       515307.17450000346,
       434
      ],
      [
       1269377.226999998,
       515312.299999997,
       434
      ],
      [
       1269368.2660000026,
       515314.3449999988,
       434
      ],
      [
       1269363.6254999936,
       515311.63500000536,
       434
      ],
      [
       1269361.3034999967,
       515308.8900000006,
       434
      ],
      [
       1269361.0090000033,
       515308.6005000025,
       434
      ],
      [
       1269357.4399999976,
       515304.8419999927,
       434
      ],
      [
       1269352.7039999962,
       515296.8630000055,
       434
      ],
      [
       1269351.6774999946,
       515293.9194999933,
       434
      ],
      [
       1269350.7495000064,
       515291.6544999927,
       434
      ],
      [
       1269348.6360000074,
       515287.3844999969,
       434
      ],
      [
       1269347.911500007,
       515284.8139999956,
       434
      ],
      [
       1269347.2504999936,
       515278.2604999989,
       434
      ],
      [
       1269346.9784999937,
       515277.11349999905,
       434
      ],
      [
       1269346.3324999958,
       515275.8110000044,
       434
      ],
      [
       1269344.384499997,
       515273.15399999917,
       434
      ],
      [
       1269343.2590000033,
       515272.00499999523,
       434
      ],
      [
       1269340.0680000037,
       515270.1469999999,
       434
      ],
      [
       1269337.336500004,
       515272.063500002,
       434
      ],
      [
       1269337.327000007,
       515275.3924999982,
       434
      ],
      [
       1269339.961500004,
       515280.53900000453,
       434
      ],
      [
       1269340.638500005,
       515281.60400000215,
       434
      ],
      [
       1269341.6714999974,
       515284.15700000525,
       434
      ],
      [
       1269341.6840000004,
       515285.8505000025,
       434
      ],
      [
       1269341.088499993,
       515286.7430000007,
       434
      ],
      [
       1269334.5799999982,
       515288.81849999726,
       434
      ],
      [
       1269329.0409999937,
       515289.11349999905,
       434
      ],
      [
       1269321.3194999993,
       515289.56450000405,
       434
      ],
      [
       1269315.1714999974,
       515291.1959999949,
       434
      ],
      [
       1269305.7654999942,
       515293.57250000536,
       434
      ],
      [
       1269296.262500003,
       515294.0894999951,
       434
      ],
      [
       1269290.8209999949,
       515294.7974999994,
       434
      ],
      [
       1269289.4165000021,
       515295.15150000155,
       434
      ],
      [
       1269285.3484999985,
       515297.0324999988,
       434
      ],
      [
       1269283.9290000051,
       515298.1669999957,
       434
      ],
      [
       1269276.9459999949,
       515301.80900000036,
       434
      ],
      [
       1269272.3819999993,
       515303.5269999951,
       434
      ],
      [
       1269267.9619999975,
       515304.0314999968,
       434
      ],
      [
       1269262.285500005,
       515299.98450000584,
       434
      ],
      [
       1269258.8774999976,
       515297.8069999963,
       434
      ],
      [
       1269257.5639999956,
       515297.5910000056,
       434
      ],
      [
       1269251.8445000052,
       515298.5569999963,
       434
      ],
      [
       1269248.065500006,
       515299.74099999666,
       434
      ],
      [
       1269240.627000004,
       515301.2284999937,
       434
      ],
      [
       1269236.8264999986,
       515301.85150000453,
       434
      ],
      [
       1269235.3120000064,
       515302.58100000024,
       434
      ],
      [
       1269228.5464999974,
       515307.50900000334,
       434
      ],
      [
       1269221.9050000012,
       515308.3669999987,
       434
      ],
      [
       1269207.25,
       515304.7430000007,
       434
      ],
      [
       1269199.1420000046,
       515304.43000000715,
       434
      ],
      [
       1269195.7970000058,
       515302.31299999356,
       434
      ],
      [
       1269193.5254999995,
       515293.96400000155,
       434
      ],
      [
       1269192.7574999928,
       515289.5339999944,
       434
      ],
      [
       1269190.4169999957,
       515283.35150000453,
       434
      ],
      [
       1269189.4640000015,
       515281.4399999976,
       434
      ],
      [
       1269187.815500006,
       515277.29000000656,
       434
      ],
      [
       1269185.6319999993,
       515270.7650000006,
       434
      ],
      [
       1269183.510499999,
       515266.2514999956,
       434
      ],
      [
       1269180.7290000021,
       515262.83499999344,
       434
      ],
      [
       1269175.724000007,
       515257.7960000038,
       434
      ]
     ]
    },
    "elevationFt": 434,
    "weight": "intermediate",
    "hidden": false
   }
  },
  {
   "type": "Feature",
   "geometry": {
    "type": "LineString",
    "coordinates": [
     [
      -77.15120214811971,
      39.081700858231535
     ],
     [
      -77.15121556289117,
      39.08170501705257
     ],
     [
      -77.15124907582914,
      39.08170205377832
     ],
     [
      -77.15128011563418,
      39.08169571104341
     ],
     [
      -77.15129794136287,
      39.08170173120228
     ],
     [
      -77.15131289564667,
      39.081707571109234
     ],
     [
      -77.15133233120737,
      39.08170692685439
     ],
     [
      -77.15133779229585,
      39.08170398194882
     ],
     [
      -77.15134646730158,
      39.08169329426502
     ],
     [
      -77.15135724683151,
      39.081675826214706
     ],
     [
      -77.15136118072533,
      39.08166953770236
     ],
     [
      -77.15137630950579,
      39.08165308129435
     ],
     [
      -77.1513914644138,
      39.08164145720118
     ],
     [
      -77.15140750347832,
      39.08162980725221
     ],
     [
      -77.15141984947635,
      39.08161676865611
     ],
     [
      -77.15142667871658,
      39.081609481098866
     ],
     [
      -77.15144825770372,
      39.081599662197014
     ],
     [
      -77.15146334045812,
      39.081598007656716
     ]
    ]
   },
   "properties": {
    "id": "ct-27",
    "kind": "Contour",
    "sourceId": "contours",
    "reliabilityLevel": 1,
    "revision": 1,
    "engineeringGeometry": {
     "crs": "EPSG:2248",
     "crsName": "NAD83 / Maryland State Plane (US survey feet)",
     "datum": "NAD83",
     "unit": "usSurveyFoot",
     "coordinates": [
      [
       1269412.0150000006,
       515375.4440000057,
       438
      ],
      [
       1269408.2094999999,
       515376.9650000036,
       438
      ],
      [
       1269398.6944999993,
       515375.90150000155,
       438
      ],
      [
       1269389.8795000017,
       515373.6060000062,
       438
      ],
      [
       1269384.822999999,
       515375.8069999963,
       438
      ],
      [
       1269380.5814999938,
       515377.94099999964,
       438
      ],
      [
       1269375.0639999956,
       515377.71549999714,
       438
      ],
      [
       1269373.5119999945,
       515376.6455000043,
       438
      ],
      [
       1269371.0429999977,
       515372.7569999993,
       438
      ],
      [
       1269367.9724999964,
       515366.40000000596,
       438
      ],
      [
       1269366.851999998,
       515364.111499995,
       438
      ],
      [
       1269362.5474999994,
       515358.125,
       438
      ],
      [
       1269358.238499999,
       515353.89849999547,
       438
      ],
      [
       1269353.6784999967,
       515349.6630000025,
       438
      ],
      [
       1269350.1659999937,
       515344.9200000018,
       438
      ],
      [
       1269348.223000005,
       515342.2689999938,
       438
      ],
      [
       1269342.0914999992,
       515338.70299999416,
       438
      ],
      [
       1269337.8090000004,
       515338.1075000018,
       438
      ]
     ]
    },
    "elevationFt": 438,
    "weight": "intermediate",
    "hidden": false
   }
  },
  {
   "type": "Feature",
   "geometry": {
    "type": "LineString",
    "coordinates": [
     [
      -77.15200311428315,
      39.08192057617809
     ],
     [
      -77.15203619408449,
      39.08190282103196
     ]
    ]
   },
   "properties": {
    "id": "ct-28",
    "kind": "Contour",
    "sourceId": "contours",
    "reliabilityLevel": 1,
    "revision": 1,
    "engineeringGeometry": {
     "crs": "EPSG:2248",
     "crsName": "NAD83 / Maryland State Plane (US survey feet)",
     "datum": "NAD83",
     "unit": "usSurveyFoot",
     "coordinates": [
      [
       1269184.7804999948,
       515455.8455000073,
       448
      ],
      [
       1269175.3795000017,
       515449.39450000226,
       448
      ]
     ]
    },
    "elevationFt": 448,
    "weight": "intermediate",
    "hidden": false
   }
  },
  {
   "type": "Feature",
   "geometry": {
    "type": "LineString",
    "coordinates": [
     [
      -77.15192605420383,
      39.08196638305438
     ],
     [
      -77.15194340756152,
      39.08195817575052
     ],
     [
      -77.15197111648574,
      39.08193775195077
     ],
     [
      -77.15200311428315,
      39.08192057617809
     ]
    ]
   },
   "properties": {
    "id": "ct-29",
    "kind": "Contour",
    "sourceId": "contours",
    "reliabilityLevel": 1,
    "revision": 1,
    "engineeringGeometry": {
     "crs": "EPSG:2248",
     "crsName": "NAD83 / Maryland State Plane (US survey feet)",
     "datum": "NAD83",
     "unit": "usSurveyFoot",
     "coordinates": [
      [
       1269206.6829999983,
       515472.49250000715,
       448
      ],
      [
       1269201.752000004,
       515469.51150000095,
       448
      ],
      [
       1269193.873999998,
       515462.08599999547,
       448
      ],
      [
       1269184.7804999948,
       515455.8455000073,
       448
      ]
     ]
    },
    "elevationFt": 448,
    "weight": "intermediate",
    "hidden": false
   }
  },
  {
   "type": "Feature",
   "geometry": {
    "type": "LineString",
    "coordinates": [
     [
      -77.15191129196809,
      39.082131388523386
     ],
     [
      -77.15190935197626,
      39.08209724060119
     ],
     [
      -77.15190290961613,
      39.08208773252138
     ],
     [
      -77.15188664852268,
      39.082079546850984
     ],
     [
      -77.15187724731811,
      39.08207513030262
     ],
     [
      -77.15186909170056,
      39.08207249406761
     ],
     [
      -77.15185673892675,
      39.082069152149536
     ],
     [
      -77.15184168574488,
      39.082061596407094
     ],
     [
      -77.15182922190981,
      39.082058209326775
     ],
     [
      -77.15181669616848,
      39.08205552658552
     ],
     [
      -77.15179908046449,
      39.08203160182691
     ],
     [
      -77.15180842184076,
      39.082022016998756
     ],
     [
      -77.15192605420383,
      39.08196638305438
     ]
    ]
   },
   "properties": {
    "id": "ct-30",
    "kind": "Contour",
    "sourceId": "contours",
    "reliabilityLevel": 1,
    "revision": 1,
    "engineeringGeometry": {
     "crs": "EPSG:2248",
     "crsName": "NAD83 / Maryland State Plane (US survey feet)",
     "datum": "NAD83",
     "unit": "usSurveyFoot",
     "coordinates": [
      [
       1269210.9734999985,
       515532.5824999958,
       448
      ],
      [
       1269211.5034999996,
       515520.14450000226,
       448
      ],
      [
       1269213.3264999986,
       515516.67849999666,
       448
      ],
      [
       1269217.9375,
       515513.68950000405,
       448
      ],
      [
       1269220.6034999937,
       515512.07649999857,
       448
      ],
      [
       1269222.9169999957,
       515511.112499997,
       448
      ],
      [
       1269226.4214999974,
       515509.88950000703,
       448
      ],
      [
       1269230.6899999976,
       515507.1305000037,
       448
      ],
      [
       1269234.225999996,
       515505.8910000026,
       448
      ],
      [
       1269237.7800000012,
       515504.9080000073,
       448
      ],
      [
       1269242.7660000026,
       515496.1860000044,
       448
      ],
      [
       1269240.1085000038,
       515492.6994999945,
       448
      ],
      [
       1269206.6829999983,
       515472.49250000715,
       448
      ]
     ]
    },
    "elevationFt": 448,
    "weight": "intermediate",
    "hidden": false
   }
  },
  {
   "type": "Feature",
   "geometry": {
    "type": "LineString",
    "coordinates": [
     [
      -77.15180941629737,
      39.08210340099915
     ],
     [
      -77.1518093941638,
      39.0820963295972
     ],
     [
      -77.151802559975,
      39.0820897433951
     ],
     [
      -77.151796578608,
      39.08208660188251
     ],
     [
      -77.15179001618533,
      39.08208438228938
     ],
     [
      -77.15177618639616,
      39.08208223938183
     ],
     [
      -77.15176844320685,
      39.08208220136646
     ],
     [
      -77.15175770693544,
      39.08208029332011
     ],
     [
      -77.15173482446032,
      39.08207196519661
     ],
     [
      -77.15169779753295,
      39.08206178285305
     ],
     [
      -77.15167880904666,
      39.08205571072085
     ],
     [
      -77.15167576182625,
      39.082052404781635
     ],
     [
      -77.15167445006796,
      39.082045195021266
     ],
     [
      -77.15166813528194,
      39.082030239386675
     ],
     [
      -77.15165142195198,
      39.08202389522983
     ],
     [
      -77.15164811600872,
      39.08202233586048
     ],
     [
      -77.15164710199966,
      39.082020943754195
     ],
     [
      -77.15163964953535,
      39.08199532684531
     ],
     [
      -77.1516394533421,
      39.08199500860352
     ]
    ]
   },
   "properties": {
    "id": "ct-31",
    "kind": "Contour",
    "sourceId": "contours",
    "reliabilityLevel": 1,
    "revision": 1,
    "engineeringGeometry": {
     "crs": "EPSG:2248",
     "crsName": "NAD83 / Maryland State Plane (US survey feet)",
     "datum": "NAD83",
     "unit": "usSurveyFoot",
     "coordinates": [
      [
       1269239.8754999936,
       515522.3410000056,
       446
      ],
      [
       1269239.8774999976,
       515519.76549999416,
       446
      ],
      [
       1269241.813500002,
       515517.36349999905,
       446
      ],
      [
       1269243.509499997,
       515516.21649999917,
       446
      ],
      [
       1269245.3710000068,
       515515.4050000012,
       446
      ],
      [
       1269249.2954999954,
       515514.6180000007,
       446
      ],
      [
       1269251.4934999943,
       515514.6005000025,
       446
      ],
      [
       1269254.5400000066,
       515513.9004999995,
       446
      ],
      [
       1269261.0304999948,
       515510.85649999976,
       446
      ],
      [
       1269271.5349999964,
       515507.1305000037,
       446
      ],
      [
       1269276.9214999974,
       515504.9099999964,
       446
      ],
      [
       1269277.7845000029,
       515503.70450000465,
       446
      ],
      [
       1269278.1525000036,
       515501.07799999416,
       446
      ],
      [
       1269279.9360000044,
       515495.6280000061,
       446
      ],
      [
       1269284.6764999926,
       515493.3094999939,
       446
      ],
      [
       1269285.6139999926,
       515492.73999999464,
       446
      ],
      [
       1269285.900999993,
       515492.2325000018,
       446
      ],
      [
       1269288.001000002,
       515482.89900000393,
       446
      ],
      [
       1269288.0565000027,
       515482.7830000073,
       446
      ]
     ]
    },
    "elevationFt": 446,
    "weight": "intermediate",
    "hidden": false
   }
  },
  {
   "type": "Feature",
   "geometry": {
    "type": "LineString",
    "coordinates": [
     [
      -77.15163070987424,
      39.08156114348676
     ],
     [
      -77.15163332340653,
      39.08156014617657
     ],
     [
      -77.1516434213383,
      39.08155845001739
     ],
     [
      -77.15165345768001,
      39.081558434277255
     ],
     [
      -77.15166598339445,
      39.08155949572759
     ],
     [
      -77.15173053264016,
      39.08156185438457
     ]
    ]
   },
   "properties": {
    "id": "ct-32",
    "kind": "Contour",
    "sourceId": "contours",
    "reliabilityLevel": 1,
    "revision": 1,
    "engineeringGeometry": {
     "crs": "EPSG:2248",
     "crsName": "NAD83 / Maryland State Plane (US survey feet)",
     "datum": "NAD83",
     "unit": "usSurveyFoot",
     "coordinates": [
      [
       1269290.275999993,
       515324.76000000536,
       436
      ],
      [
       1269289.5335000008,
       515324.3980000019,
       436
      ],
      [
       1269286.6659999937,
       515323.7849999964,
       436
      ],
      [
       1269283.8170000017,
       515323.7839999944,
       436
      ],
      [
       1269280.2619999945,
       515324.1764999926,
       436
      ],
      [
       1269261.9399999976,
       515325.06599999964,
       436
      ]
     ]
    },
    "elevationFt": 436,
    "weight": "intermediate",
    "hidden": false
   }
  },
  {
   "type": "Feature",
   "geometry": {
    "type": "LineString",
    "coordinates": [
     [
      -77.15144503978124,
      39.081758606763
     ],
     [
      -77.15145901811971,
      39.08175444275102
     ],
     [
      -77.15146389834597,
      39.08175085748057
     ],
     [
      -77.15146798615065,
      39.081750677845285
     ],
     [
      -77.15147257756337,
      39.08175373742998
     ],
     [
      -77.1514737758755,
      39.081754003581494
     ],
     [
      -77.15147430947891,
      39.081753957588134
     ],
     [
      -77.15192762868675,
      39.08172047065846
     ],
     [
      -77.15196882723309,
      39.08169803738769
     ],
     [
      -77.15197621576584,
      39.08169615663795
     ],
     [
      -77.15197975516855,
      39.08169321968718
     ],
     [
      -77.15198416197386,
      39.08162221685285
     ],
     [
      -77.1519853241167,
      39.08162204236865
     ],
     [
      -77.15198982471573,
      39.081618038856526
     ],
     [
      -77.15199610589654,
      39.08159004013747
     ],
     [
      -77.15199631948003,
      39.08158942895233
     ],
     [
      -77.1519991495431,
      39.08158590397863
     ],
     [
      -77.15200608400308,
      39.08158090200775
     ]
    ]
   },
   "properties": {
    "id": "ct-33",
    "kind": "Contour",
    "sourceId": "contours",
    "reliabilityLevel": 1,
    "revision": 1,
    "engineeringGeometry": {
     "crs": "EPSG:2248",
     "crsName": "NAD83 / Maryland State Plane (US survey feet)",
     "datum": "NAD83",
     "unit": "usSurveyFoot",
     "coordinates": [
      [
       1269343.100999996,
       515396.5910000056,
       442
      ],
      [
       1269339.1305000037,
       515395.08100000024,
       442
      ],
      [
       1269337.7430000007,
       515393.7775000036,
       442
      ],
      [
       1269336.5824999958,
       515393.71400000155,
       442
      ],
      [
       1269335.2810000032,
       515394.8305000067,
       442
      ],
      [
       1269334.9409999996,
       515394.9280000031,
       442
      ],
      [
       1269334.789499998,
       515394.9115000069,
       442
      ],
      [
       1269206.0869999975,
       515382.9290000051,
       442
      ],
      [
       1269194.3784999996,
       515374.77799999714,
       442
      ],
      [
       1269192.2800000012,
       515374.0964999944,
       442
      ],
      [
       1269191.2734999955,
       515373.0285000056,
       442
      ],
      [
       1269189.9794999957,
       515347.17049999535,
       442
      ],
      [
       1269189.6494999975,
       515347.1075000018,
       442
      ],
      [
       1269188.3694999963,
       515345.65150000155,
       442
      ],
      [
       1269186.5694999993,
       515335.45700000226,
       442
      ],
      [
       1269186.5084999949,
       515335.23450000584,
       442
      ],
      [
       1269185.7029999942,
       515333.95200000703,
       442
      ],
      [
       1269183.7314999998,
       515332.1334999949,
       442
      ]
     ]
    },
    "elevationFt": 442,
    "weight": "intermediate",
    "hidden": false
   }
  },
  {
   "type": "Feature",
   "geometry": {
    "type": "LineString",
    "coordinates": [
     [
      -77.15200909289638,
      39.081638821788985
     ],
     [
      -77.15200943612764,
      39.08165272533444
     ],
     [
      -77.15201211479726,
      39.08168551457412
     ],
     [
      -77.15201458770498,
      39.08170855975529
     ],
     [
      -77.15201510264122,
      39.08172203612851
     ],
     [
      -77.15201512606727,
      39.08173959592674
     ],
     [
      -77.15201451779863,
      39.08176982361823
     ],
     [
      -77.15201513062428,
      39.08179284238372
     ],
     [
      -77.15202210219806,
      39.08179118731592
     ]
    ]
   },
   "properties": {
    "id": "ct-34",
    "kind": "Contour",
    "sourceId": "contours",
    "reliabilityLevel": 1,
    "revision": 1,
    "engineeringGeometry": {
     "crs": "EPSG:2248",
     "crsName": "NAD83 / Maryland State Plane (US survey feet)",
     "datum": "NAD83",
     "unit": "usSurveyFoot",
     "coordinates": [
      [
       1269182.912499994,
       515353.2300000042,
       442
      ],
      [
       1269182.8235000074,
       515358.29399999976,
       442
      ],
      [
       1269182.0830000043,
       515370.237499997,
       442
      ],
      [
       1269181.3949999958,
       515378.6319999993,
       442
      ],
      [
       1269181.2569999993,
       515383.5405000001,
       442
      ],
      [
       1269181.2610000074,
       515389.9360000044,
       442
      ],
      [
       1269181.452000007,
       515400.94499999285,
       442
      ],
      [
       1269181.2919999957,
       515409.3289999962,
       442
      ],
      [
       1269179.3120000064,
       515408.7294999957,
       442
      ]
     ]
    },
    "elevationFt": 442,
    "weight": "intermediate",
    "hidden": false
   }
  },
  {
   "type": "Feature",
   "geometry": {
    "type": "LineString",
    "coordinates": [
     [
      -77.15202482849202,
      39.081598952319034
     ],
     [
      -77.1520135507967,
      39.08160494012639
     ],
     [
      -77.1520095754951,
      39.08161737623343
     ],
     [
      -77.15200909289638,
      39.081638821788985
     ]
    ]
   },
   "properties": {
    "id": "ct-35",
    "kind": "Contour",
    "sourceId": "contours",
    "reliabilityLevel": 1,
    "revision": 1,
    "engineeringGeometry": {
     "crs": "EPSG:2248",
     "crsName": "NAD83 / Maryland State Plane (US survey feet)",
     "datum": "NAD83",
     "unit": "usSurveyFoot",
     "coordinates": [
      [
       1269178.4214999974,
       515338.71649999917,
       442
      ],
      [
       1269181.6264999956,
       515340.89200000465,
       442
      ],
      [
       1269182.762500003,
       515345.4194999933,
       442
      ],
      [
       1269182.912499994,
       515353.2300000042,
       442
      ]
     ]
    },
    "elevationFt": 442,
    "weight": "intermediate",
    "hidden": false
   }
  },
  {
   "type": "Feature",
   "geometry": {
    "type": "LineString",
    "coordinates": [
     [
      -77.15199659918792,
      39.08187042291356
     ],
     [
      -77.15201253940786,
      39.081854576278914
     ],
     [
      -77.15201441922282,
      39.08185146987769
     ],
     [
      -77.15201662421246,
      39.08184721948964
     ],
     [
      -77.15201917331623,
      39.08184409437295
     ],
     [
      -77.15202450881486,
      39.08183926058869
     ]
    ]
   },
   "properties": {
    "id": "ct-36",
    "kind": "Contour",
    "sourceId": "contours",
    "reliabilityLevel": 1,
    "revision": 1,
    "engineeringGeometry": {
     "crs": "EPSG:2248",
     "crsName": "NAD83 / Maryland State Plane (US survey feet)",
     "datum": "NAD83",
     "unit": "usSurveyFoot",
     "coordinates": [
      [
       1269186.5995000005,
       515437.576000005,
       446
      ],
      [
       1269182.0649999976,
       515431.81200000644,
       446
      ],
      [
       1269181.5294999927,
       515430.68150000274,
       446
      ],
      [
       1269180.900999993,
       515429.1344999969,
       446
      ],
      [
       1269180.1755000055,
       515427.9975000024,
       446
      ],
      [
       1269178.6580000073,
       515426.2395000011,
       446
      ]
     ]
    },
    "elevationFt": 446,
    "weight": "intermediate",
    "hidden": false
   }
  },
  {
   "type": "Feature",
   "geometry": {
    "type": "LineString",
    "coordinates": [
     [
      -77.15158687763481,
      39.08210919974832
     ],
     [
      -77.15157526473884,
      39.08209597523604
     ],
     [
      -77.15156781958994,
      39.0820870134478
     ],
     [
      -77.15155372267891,
      39.08207688512644
     ],
     [
      -77.15155094595754,
      39.08207570259696
     ],
     [
      -77.15153238113776,
      39.082060965983196
     ],
     [
      -77.15151737611235,
      39.08204623025286
     ],
     [
      -77.15148787491871,
      39.08203651722381
     ],
     [
      -77.15147386462563,
      39.082030661017626
     ],
     [
      -77.15146738845071,
      39.082025923530594
     ],
     [
      -77.15145500497091,
      39.08201228129055
     ],
     [
      -77.15144702979035,
      39.081996758067866
     ]
    ]
   },
   "properties": {
    "id": "ct-37",
    "kind": "Contour",
    "sourceId": "contours",
    "reliabilityLevel": 1,
    "revision": 1,
    "engineeringGeometry": {
     "crs": "EPSG:2248",
     "crsName": "NAD83 / Maryland State Plane (US survey feet)",
     "datum": "NAD83",
     "unit": "usSurveyFoot",
     "coordinates": [
      [
       1269303.049999997,
       515524.3480000049,
       442
      ],
      [
       1269306.338499993,
       515519.5259999931,
       442
      ],
      [
       1269308.4465000033,
       515516.2584999949,
       442
      ],
      [
       1269312.4420000017,
       515512.56299999356,
       442
      ],
      [
       1269313.2294999957,
       515512.13099999726,
       442
      ],
      [
       1269318.490500003,
       515506.75499999523,
       442
      ],
      [
       1269322.7409999967,
       515501.38099999726,
       442
      ],
      [
       1269331.1095000058,
       515497.82950000465,
       442
      ],
      [
       1269335.0830000043,
       515495.6899999976,
       442
      ],
      [
       1269336.9185000062,
       515493.96150000393,
       442
      ],
      [
       1269340.4255000055,
       515488.98700000346,
       442
      ],
      [
       1269342.6800000072,
       515483.32950000465,
       442
      ]
     ]
    },
    "elevationFt": 442,
    "weight": "intermediate",
    "hidden": false
   }
  },
  {
   "type": "Feature",
   "geometry": {
    "type": "LineString",
    "coordinates": [
     [
      -77.15148177916755,
      39.08211780331569
     ],
     [
      -77.15148018443001,
      39.08210342364522
     ],
     [
      -77.15146366914837,
      39.08208999541953
     ],
     [
      -77.15145192829198,
      39.08208284307326
     ],
     [
      -77.15144616902857,
      39.082079772642565
     ],
     [
      -77.15143934155758,
      39.08207632606541
     ],
     [
      -77.15140992459958,
      39.082056534986634
     ],
     [
      -77.15140281716164,
      39.08205313132685
     ],
     [
      -77.15139722276986,
      39.082051385458506
     ],
     [
      -77.1513812132333,
      39.08204550025041
     ],
     [
      -77.15137530180668,
      39.08204293384031
     ],
     [
      -77.15135387461189,
      39.08203309502494
     ],
     [
      -77.15135240150123,
      39.08203199317581
     ],
     [
      -77.15133425993857,
      39.082013336563215
     ],
     [
      -77.15133034279233,
      39.08201011822702
     ],
     [
      -77.15130589044784,
      39.08198579998887
     ],
     [
      -77.1512955660988,
      39.08196968261081
     ],
     [
      -77.15129413884257,
      39.081959495334026
     ],
     [
      -77.15129409136674,
      39.081948765381135
     ],
     [
      -77.15129405597635,
      39.08194371891555
     ],
     [
      -77.15129474593786,
      39.081940167894246
     ],
     [
      -77.15130329522786,
      39.08191755874876
     ],
     [
      -77.15131582517648,
      39.08189159613538
     ],
     [
      -77.15132210941596,
      39.081875665971246
     ],
     [
      -77.15133098044438,
      39.081846987140324
     ],
     [
      -77.15133507650668,
      39.08183578095393
     ],
     [
      -77.15133739202867,
      39.08182633840483
     ],
     [
      -77.1513370249344,
      39.081820200970355
     ],
     [
      -77.15134015829285,
      39.08179611204771
     ],
     [
      -77.15134115401298,
      39.08179305073009
     ],
     [
      -77.15134972554424,
      39.08177428821248
     ],
     [
      -77.15136321331765,
      39.08175479448842
     ],
     [
      -77.15137056988638,
      39.081744502508094
     ],
     [
      -77.15137397959116,
      39.08173771633676
     ],
     [
      -77.15137930990683,
      39.08172629027392
     ],
     [
      -77.15138720057597,
      39.0817128771667
     ],
     [
      -77.15140250887072,
      39.08168972799241
     ],
     [
      -77.15140744450066,
      39.08168238110698
     ],
     [
      -77.15141103070299,
      39.08167742193889
     ],
     [
      -77.15141926761973,
      39.08167028494625
     ],
     [
      -77.15144314710022,
      39.081655548351215
     ],
     [
      -77.15144787446727,
      39.08165380012131
     ],
     [
      -77.15145371558559,
      39.0816547947321
     ],
     [
      -77.15146431338485,
      39.08166119212939
     ]
    ]
   },
   "properties": {
    "id": "ct-38",
    "kind": "Contour",
    "sourceId": "contours",
    "reliabilityLevel": 1,
    "revision": 1,
    "engineeringGeometry": {
     "crs": "EPSG:2248",
     "crsName": "NAD83 / Maryland State Plane (US survey feet)",
     "datum": "NAD83",
     "unit": "usSurveyFoot",
     "coordinates": [
      [
       1269332.8889999986,
       515527.4319999963,
       440
      ],
      [
       1269333.3330000043,
       515522.1940000057,
       440
      ],
      [
       1269338.0129999965,
       515517.29549999535,
       440
      ],
      [
       1269341.3414999992,
       515514.6850000024,
       440
      ],
      [
       1269342.9745000005,
       515513.5639999956,
       440
      ],
      [
       1269344.910500005,
       515512.3055000007,
       440
      ],
      [
       1269353.248999998,
       515505.08349999785,
       440
      ],
      [
       1269355.264500007,
       515503.84049999714,
       440
      ],
      [
       1269356.8515000045,
       515503.20200000703,
       440
      ],
      [
       1269361.3924999982,
       515501.05099999905,
       440
      ],
      [
       1269363.0690000057,
       515500.11349999905,
       440
      ],
      [
       1269369.1455000043,
       515496.5199999958,
       440
      ],
      [
       1269369.5629999936,
       515496.1180000007,
       440
      ],
      [
       1269374.7014999986,
       515489.31450000405,
       440
      ],
      [
       1269375.811499998,
       515488.14049999416,
       440
      ],
      [
       1269382.7380000055,
       515479.2719999999,
       440
      ],
      [
       1269385.6589999944,
       515473.3969999999,
       440
      ],
      [
       1269386.0579999983,
       515469.6860000044,
       440
      ],
      [
       1269386.0649999976,
       515465.77799999714,
       440
      ],
      [
       1269386.071999997,
       515463.9399999976,
       440
      ],
      [
       1269385.873999998,
       515462.6469999999,
       440
      ],
      [
       1269383.4335000068,
       515454.41650000215,
       440
      ],
      [
       1269379.8610000014,
       515444.96649999917,
       440
      ],
      [
       1269378.0674999952,
       515439.1675000042,
       440
      ],
      [
       1269375.5320000052,
       515428.72650000453,
       440
      ],
      [
       1269374.362499997,
       515424.6469999999,
       440
      ],
      [
       1269373.6994999945,
       515421.2090000063,
       440
      ],
      [
       1269373.799999997,
       515418.97349999845,
       440
      ],
      [
       1269372.8959999979,
       515410.20149999857,
       440
      ],
      [
       1269372.611499995,
       515409.0869999975,
       440
      ],
      [
       1269370.1669999957,
       515402.25749999285,
       440
      ],
      [
       1269366.3264999986,
       515395.16400000453,
       440
      ],
      [
       1269364.2319999933,
       515391.41899999976,
       440
      ],
      [
       1269363.2600000054,
       515388.94900000095,
       440
      ],
      [
       1269361.7399999946,
       515384.79000000656,
       440
      ],
      [
       1269359.4919999987,
       515379.90850000083,
       440
      ],
      [
       1269355.1324999928,
       515371.48450000584,
       440
      ],
      [
       1269353.726999998,
       515368.8110000044,
       440
      ],
      [
       1269352.7060000002,
       515367.0065000057,
       440
      ],
      [
       1269350.363499999,
       515364.41099999845,
       440
      ],
      [
       1269343.576000005,
       515359.05500000715,
       440
      ],
      [
       1269342.2329999954,
       515358.42049999535,
       440
      ],
      [
       1269340.5754999965,
       515358.7855000049,
       440
      ],
      [
       1269337.5709999949,
       515361.12049999833,
       440
      ]
     ]
    },
    "elevationFt": 440,
    "weight": "index",
    "hidden": false
   }
  },
  {
   "type": "Feature",
   "geometry": {
    "type": "LineString",
    "coordinates": [
     [
      -77.15132180493933,
      39.082116784168406
     ],
     [
      -77.15130200115844,
      39.08210335879573
     ],
     [
      -77.15128501546003,
      39.082098140656534
     ],
     [
      -77.15127214192202,
      39.08209756010403
     ],
     [
      -77.15126450869369,
      39.08209787747547
     ],
     [
      -77.15121737363839,
      39.082103669890415
     ],
     [
      -77.15119484665294,
      39.08210262816692
     ]
    ]
   },
   "properties": {
    "id": "ct-39",
    "kind": "Contour",
    "sourceId": "contours",
    "reliabilityLevel": 1,
    "revision": 1,
    "engineeringGeometry": {
     "crs": "EPSG:2248",
     "crsName": "NAD83 / Maryland State Plane (US survey feet)",
     "datum": "NAD83",
     "unit": "usSurveyFoot",
     "coordinates": [
      [
       1269378.2995000035,
       515526.98549999297,
       438
      ],
      [
       1269383.9130000025,
       515522.08650000393,
       438
      ],
      [
       1269388.7314999998,
       515520.1780000031,
       438
      ],
      [
       1269392.385499999,
       515519.9605000019,
       438
      ],
      [
       1269394.5524999946,
       515520.07250000536,
       438
      ],
      [
       1269407.9360000044,
       515522.1599999964,
       438
      ],
      [
       1269414.3299999982,
       515521.7699999958,
       438
      ]
     ]
    },
    "elevationFt": 438,
    "weight": "intermediate",
    "hidden": false
   }
  },
  {
   "type": "Feature",
   "geometry": {
    "type": "Polygon",
    "coordinates": [
     [
      [
       -77.15170553313631,
       39.08204221700891
      ],
      [
       -77.15170553313631,
       39.08204221700891
      ],
      [
       -77.15170553313631,
       39.08204221700891
      ],
      [
       -77.15195019159692,
       39.0820382737712
      ],
      [
       -77.1518577099841,
       39.081415988659735
      ],
      [
       -77.1518577099841,
       39.081415988659735
      ],
      [
       -77.15134214682031,
       39.08165698220224
      ],
      [
       -77.15128819294326,
       39.08202329704562
      ],
      [
       -77.15128819294326,
       39.08202329704562
      ],
      [
       -77.15128819294326,
       39.08202329704562
      ],
      [
       -77.15128440743581,
       39.08204900275995
      ],
      [
       -77.15170553313631,
       39.08204221700891
      ]
     ]
    ]
   },
   "properties": {
    "id": "buildable-envelope",
    "kind": "ProposedFeature",
    "sourceId": "gis1",
    "reliabilityLevel": 1,
    "revision": 1,
    "engineeringGeometry": {
     "crs": "EPSG:2248",
     "crsName": "NAD83 / Maryland State Plane (US survey feet)",
     "datum": "NAD83",
     "unit": "usSurveyFoot",
     "coordinates": [
      [
       1269269.327287361,
       515500.00803360343
      ],
      [
       1269269.327287361,
       515500.00803360343
      ],
      [
       1269269.327287361,
       515500.00803360343
      ],
      [
       1269199.8748022655,
       515498.68736616126
      ],
      [
       1269225.750121951,
       515271.9999874681
      ],
      [
       1269225.750121951,
       515271.9999874681
      ],
      [
       1269372.247516075,
       515359.52967834513
      ],
      [
       1269387.7843478322,
       515492.92055238783
      ],
      [
       1269387.7843478322,
       515492.92055238783
      ],
      [
       1269387.7843478322,
       515492.92055238783
      ],
      [
       1269388.8744384523,
       515502.2811015491
      ],
      [
       1269269.327287361,
       515500.00803360343
      ]
     ]
    },
    "label": "Buildable envelope",
    "setbacks": {
     "frontFt": null,
     "sideFt": null,
     "rearFt": null,
     "maxFt": 0,
     "source": "Sec. 27-4202"
    }
   }
  },
  {
   "type": "Feature",
   "geometry": {
    "type": "Polygon",
    "coordinates": [
     [
      [
       -77.1513212462007,
       39.081822926847465
      ],
      [
       -77.15130524756043,
       39.081931566086524
      ],
      [
       -77.15141069642374,
       39.081940999193115
      ],
      [
       -77.15142669490513,
       39.08183235993991
      ],
      [
       -77.1513212462007,
       39.081822926847465
      ]
     ]
    ]
   },
   "properties": {
    "id": "proposed-building",
    "kind": "Building",
    "sourceId": "gis1",
    "reliabilityLevel": 1,
    "revision": 1,
    "engineeringGeometry": {
     "crs": "EPSG:2248",
     "crsName": "NAD83 / Maryland State Plane (US survey feet)",
     "datum": "NAD83",
     "unit": "usSurveyFoot",
     "coordinates": [
      [
       1269378.2806977173,
       515419.95887220005
      ],
      [
       1269382.8877548561,
       515459.51905910874
      ],
      [
       1269352.9601128232,
       515463.00433983287
      ],
      [
       1269348.3530556844,
       515423.4441529242
      ],
      [
       1269378.2806977173,
       515419.95887220005
      ]
     ]
    },
    "areaSqFt": 1200.0000000065193,
    "estimated": true,
    "address": "111 MARYLAND AVE",
    "lotLabel": "111 MARYLAND AVE",
    "garageSlabElevFt": null,
    "basementElevFt": null,
    "finishedFloorElevFt": null,
    "subFloorElevFt": null,
    "heightFt": 20,
    "storeys": 2
   }
  },
  {
   "type": "Feature",
   "geometry": {
    "type": "Polygon",
    "coordinates": [
     [
      [
       -77.15131215724186,
       39.081860566883236
      ],
      [
       -77.15130733686578,
       39.08189329977835
      ],
      [
       -77.15133533530685,
       39.0818958044624
      ],
      [
       -77.15134015567023,
       39.08186307156615
      ],
      [
       -77.15131215724186,
       39.081860566883236
      ]
     ]
    ]
   },
   "properties": {
    "id": "driveway",
    "kind": "Pavement",
    "sourceId": "gis1",
    "reliabilityLevel": 1,
    "revision": 1,
    "engineeringGeometry": {
     "crs": "EPSG:2248",
     "crsName": "NAD83 / Maryland State Plane (US survey feet)",
     "datum": "NAD83",
     "unit": "usSurveyFoot",
     "coordinates": [
      [
       1269380.8834703083,
       515433.6635481898
      ],
      [
       1269382.2715720672,
       515445.5829933743
      ],
      [
       1269374.325276354,
       515446.508403792
      ],
      [
       1269372.9371745952,
       515434.58895860746
      ],
      [
       1269380.8834703083,
       515433.6635481898
      ]
     ]
    },
    "label": "PROPOSED DRIVEWAY  12' WIDE",
    "areaSqFt": 96,
    "note": "Longitudinal pitch 1% min to 12.5% max, lateral 1/8\" in 12\" to 1/2\" in 12\" away from the building. PGC Code Sec. 32-151, Table 4 — Site Slope Limitations.",
    "improvement": "Driveway",
    "impervious": true
   }
  },
  {
   "type": "Feature",
   "geometry": {
    "type": "Polygon",
    "coordinates": [
     [
      [
       -77.15131459508422,
       39.0818801307027
      ],
      [
       -77.15129709606262,
       39.08187856527285
      ],
      [
       -77.15129315937592,
       39.08190529713306
      ],
      [
       -77.15131065840401,
       39.08190686256348
      ],
      [
       -77.15131459508422,
       39.0818801307027
      ]
     ]
    ]
   },
   "properties": {
    "id": "walk",
    "kind": "Pavement",
    "sourceId": "gis1",
    "reliabilityLevel": 1,
    "revision": 1,
    "engineeringGeometry": {
     "crs": "EPSG:2248",
     "crsName": "NAD83 / Maryland State Plane (US survey feet)",
     "datum": "NAD83",
     "unit": "usSurveyFoot",
     "coordinates": [
      [
       1269380.2032598408,
       515440.79007303837
      ],
      [
       1269385.1696946614,
       515440.21169152734
      ],
      [
       1269386.303322423,
       515449.9459037758
      ],
      [
       1269381.3368876025,
       515450.52428528684
      ],
      [
       1269380.2032598408,
       515440.79007303837
      ]
     ]
    },
    "label": "CONCRETE WALK  5' WIDE",
    "areaSqFt": 48.999999998137355,
    "note": "Leadwalk from the edge of the driveway to the stoop, 10 ft. Lateral pitch 48:1 max, longitudinal 12:1 max. PGC Code Sec. 32-151, Table 4 — Site Slope Limitations.",
    "improvement": "Walk",
    "impervious": true
   }
  },
  {
   "type": "Feature",
   "geometry": {
    "type": "Polygon",
    "coordinates": [
     [
      [
       -77.15130085447689,
       39.08186508311163
      ],
      [
       -77.15129764085708,
       39.08188690503851
      ],
      [
       -77.15131164007595,
       39.08188815738252
      ],
      [
       -77.15131485369153,
       39.08186633545527
      ],
      [
       -77.15130085447689,
       39.08186508311163
      ]
     ]
    ]
   },
   "properties": {
    "id": "stoop",
    "kind": "Pavement",
    "sourceId": "gis1",
    "reliabilityLevel": 1,
    "revision": 1,
    "engineeringGeometry": {
     "crs": "EPSG:2248",
     "crsName": "NAD83 / Maryland State Plane (US survey feet)",
     "datum": "NAD83",
     "unit": "usSurveyFoot",
     "coordinates": [
      [
       1269384.0946696682,
       515435.3030948578
      ],
      [
       1269385.020080086,
       515443.24939057085
      ],
      [
       1269381.0469322295,
       515443.7120957797
      ],
      [
       1269380.1215218117,
       515435.76580006664
      ],
      [
       1269384.0946696682,
       515435.3030948578
      ]
     ]
    },
    "label": "CONCRETE STOOP  8' x 4'",
    "areaSqFt": 32,
    "note": "Front concrete stoop at the entrance, met by the leadwalk. Riser count and handrail per the architectural plans and the building code.",
    "improvement": "Stoop",
    "impervious": true
   }
  },
  {
   "type": "Feature",
   "geometry": {
    "type": "Polygon",
    "coordinates": [
     [
      [
       -77.15134213716443,
       39.08165698671573
      ],
      [
       -77.15128440670155,
       39.08204900323878
      ],
      [
       -77.1512949061394,
       39.08204994249811
      ],
      [
       -77.1513526365452,
       39.08165792596995
      ],
      [
       -77.15134213716443,
       39.08165698671573
      ]
     ]
    ]
   },
   "properties": {
    "id": "sidewalk",
    "kind": "Pavement",
    "sourceId": "gis1",
    "reliabilityLevel": 1,
    "revision": 1,
    "engineeringGeometry": {
     "crs": "EPSG:2248",
     "crsName": "NAD83 / Maryland State Plane (US survey feet)",
     "datum": "NAD83",
     "unit": "usSurveyFoot",
     "coordinates": [
      [
       1269372.2502597868,
       515359.5313176662
      ],
      [
       1269388.8746471703,
       515502.2812756002
      ],
      [
       1269385.894786278,
       515502.6283045068
      ],
      [
       1269369.2703988946,
       515359.8783465728
      ],
      [
       1269372.2502597868,
       515359.5313176662
      ]
     ]
    },
    "label": "CONCRETE SIDEWALK  3' WIDE",
    "areaSqFt": 431.1441599726677,
    "note": "Public sidewalk across the frontage, inside the front property line. Whether it is to be built, reconstructed or waived is a DPW&T determination at street construction permit.",
    "improvement": "Sidewalk",
    "impervious": true
   }
  },
  {
   "type": "Feature",
   "geometry": {
    "type": "Polygon",
    "coordinates": [
     [
      [
       -77.15132813799052,
       39.08165573437529
      ],
      [
       -77.15127040745152,
       39.08204775089156
      ],
      [
       -77.15128440670155,
       39.08204900323878
      ],
      [
       -77.15134213716443,
       39.08165698671573
      ],
      [
       -77.15132813799052,
       39.08165573437529
      ]
     ]
    ]
   },
   "properties": {
    "id": "verge",
    "kind": "Surface",
    "sourceId": "gis1",
    "reliabilityLevel": 1,
    "revision": 1,
    "engineeringGeometry": {
     "crs": "EPSG:2248",
     "crsName": "NAD83 / Maryland State Plane (US survey feet)",
     "datum": "NAD83",
     "unit": "usSurveyFoot",
     "coordinates": [
      [
       1269376.2234076434,
       515359.0686124573
      ],
      [
       1269392.8477950268,
       515501.81857039133
      ],
      [
       1269388.8746471703,
       515502.2812756002
      ],
      [
       1269372.2502597868,
       515359.5313176662
      ],
      [
       1269376.2234076434,
       515359.0686124573
      ]
     ]
    },
    "label": "PLANTING STRIP  4' WIDE  (STREET TREES)",
    "areaSqFt": 574.8588800430298,
    "note": "Landscaped strip between the sidewalk and the curb, in the strip dedicated to public use. Street tree species, spacing and clear distances are set by the Landscape Manual and by DPW&T; this shows the STRIP, not a planting schedule.",
    "improvement": "Verge",
    "impervious": false
   }
  },
  {
   "type": "Feature",
   "geometry": {
    "type": "Polygon",
    "coordinates": [
     [
      [
       -77.15132288830043,
       39.081655264747184
      ],
      [
       -77.15126515773288,
       39.08204728126093
      ],
      [
       -77.15127040745152,
       39.08204775089156
      ],
      [
       -77.15132813799052,
       39.08165573437529
      ],
      [
       -77.15132288830043,
       39.081655264747184
      ]
     ]
    ]
   },
   "properties": {
    "id": "curb",
    "kind": "Pavement",
    "sourceId": "gis1",
    "reliabilityLevel": 1,
    "revision": 1,
    "engineeringGeometry": {
     "crs": "EPSG:2248",
     "crsName": "NAD83 / Maryland State Plane (US survey feet)",
     "datum": "NAD83",
     "unit": "usSurveyFoot",
     "coordinates": [
      [
       1269377.7133380896,
       515358.895098004
      ],
      [
       1269394.337725473,
       515501.64505593805
      ],
      [
       1269392.8477950268,
       515501.81857039133
      ],
      [
       1269376.2234076434,
       515359.0686124573
      ],
      [
       1269377.7133380896,
       515358.895098004
      ]
     ]
    },
    "label": "CURB AND GUTTER",
    "areaSqFt": 215.57208001613617,
    "note": "Curb and gutter at the street face of the planting strip, 4 ft outside the front property line, where the frontage meets the travelled way. Depressed through every driveway apron per DPW&T STD. 300.01 note 6.",
    "improvement": "Sidewalk",
    "impervious": true
   }
  },
  {
   "type": "Feature",
   "geometry": {
    "type": "Polygon",
    "coordinates": [
     [
      [
       -77.15128688283922,
       39.08189976104518
      ],
      [
       -77.15129411341644,
       39.08185066170365
      ],
      [
       -77.15132265665366,
       39.081861506130586
      ],
      [
       -77.15131783628236,
       39.08189423902615
      ],
      [
       -77.15128688283922,
       39.08189976104518
      ]
     ]
    ]
   },
   "properties": {
    "id": "apron",
    "kind": "Pavement",
    "sourceId": "gis1",
    "reliabilityLevel": 1,
    "revision": 1,
    "engineeringGeometry": {
     "crs": "EPSG:2248",
     "crsName": "NAD83 / Maryland State Plane (US survey feet)",
     "datum": "NAD83",
     "unit": "usSurveyFoot",
     "coordinates": [
      [
       1269388.0816765497,
       515447.9266413643
      ],
      [
       1269385.9995239116,
       515430.0474735875
      ],
      [
       1269377.903609012,
       515434.0105736295
      ],
      [
       1269379.291710771,
       515445.93001881405
      ],
      [
       1269388.0816765497,
       515447.9266413643
      ]
     ]
    },
    "label": "PROPOSED 18' DRIVEWAY APRON  PER CITY OF ROCKVILLE STANDARD",
    "areaSqFt": 127.50000000186265,
    "note": "Driveway apron at the front property line, at street level, between the curb and the driveway. The city of rockville standard govern the depression, jointing and curb cut.",
    "improvement": "Apron",
    "impervious": true
   }
  },
  {
   "type": "Feature",
   "geometry": {
    "type": "Polygon",
    "coordinates": [
     [
      [
       -77.15142669490513,
       39.08183235993991
      ],
      [
       -77.1513526365452,
       39.08165792596995
      ],
      [
       -77.15132813799052,
       39.08165573437529
      ],
      [
       -77.15132288830043,
       39.081655264747184
      ],
      [
       -77.15126515773288,
       39.08204728126093
      ],
      [
       -77.1512949061394,
       39.08204994249811
      ],
      [
       -77.15141069642374,
       39.081940999193115
      ],
      [
       -77.15142669490513,
       39.08183235993991
      ]
     ]
    ]
   },
   "properties": {
    "id": "lod",
    "kind": "LimitOfDisturbance",
    "sourceId": "gis1",
    "reliabilityLevel": 1,
    "revision": 1,
    "engineeringGeometry": {
     "crs": "EPSG:2248",
     "crsName": "NAD83 / Maryland State Plane (US survey feet)",
     "datum": "NAD83",
     "unit": "usSurveyFoot",
     "coordinates": [
      [
       1269348.3530556844,
       515423.4441529242
      ],
      [
       1269369.2703988946,
       515359.8783465728
      ],
      [
       1269376.2234076434,
       515359.0686124573
      ],
      [
       1269377.7133380896,
       515358.895098004
      ],
      [
       1269394.337725473,
       515501.64505593805
      ],
      [
       1269385.894786278,
       515502.6283045068
      ],
      [
       1269352.9601128232,
       515463.00433983287
      ],
      [
       1269348.3530556844,
       515423.4441529242
      ]
     ]
    },
    "note": "Limits of disturbance — proposed work plus a 10 ft working margin, clipped to the property line."
   }
  },
  {
   "type": "Feature",
   "geometry": {
    "type": "Polygon",
    "coordinates": [
     [
      [
       -77.15130256713276,
       39.082015362736215
      ],
      [
       -77.15130736576938,
       39.08199064560663
      ],
      [
       -77.15134998617395,
       39.08166927658027
      ],
      [
       -77.1518490162311,
       39.08142792815387
      ],
      [
       -77.15193371774632,
       39.082033415322186
      ],
      [
       -77.15169215150716,
       39.082033290172596
      ],
      [
       -77.15129784015387,
       39.0820401238088
      ],
      [
       -77.15130256713276,
       39.082015362736215
      ]
     ]
    ]
   },
   "properties": {
    "id": "grade-46",
    "kind": "ProposedFeature",
    "sourceId": "design",
    "reliabilityLevel": 1,
    "revision": 1,
    "engineeringGeometry": {
     "crs": "EPSG:2248",
     "crsName": "NAD83 / Maryland State Plane (US survey feet)",
     "datum": "NAD83",
     "unit": "usSurveyFoot",
     "coordinates": [
      [
       1269383.6992207747,
       515490.0375440765
      ],
      [
       1269382.3221319409,
       515481.03752632375
      ],
      [
       1269370.0296058415,
       515364.01112748974
      ],
      [
       1269228.225233453,
       515276.3443888139
      ],
      [
       1269204.5482152114,
       515496.9100772813
      ],
      [
       1269273.120467571,
       515496.7504602898
      ],
      [
       1269385.0559940308,
       515499.0536002447
      ],
      [
       1269383.6992207747,
       515490.0375440765
      ]
     ]
    },
    "type": "Graded area",
    "proposed": true,
    "contourIntervalFt": 2,
    "note": "Positive drainage away from structure at 2% minimum for the first 10 ft."
   }
  },
  {
   "type": "Feature",
   "geometry": {
    "type": "Point",
    "coordinates": [
     -77.15150104717202,
     39.08190580474995
    ]
   },
   "properties": {
    "id": "ffe-47",
    "kind": "SpotElevation",
    "sourceId": "design",
    "reliabilityLevel": 1,
    "revision": 1,
    "engineeringGeometry": {
     "crs": "EPSG:2248",
     "crsName": "NAD83 / Maryland State Plane (US survey feet)",
     "datum": "NAD83",
     "unit": "usSurveyFoot",
     "coordinates": [
      [
       1269327.2913434692,
       515450.2286527492
      ]
     ]
    },
    "label": "FFE",
    "note": "Finished floor elevation to be set above the adjacent grade per code."
   }
  },
  {
   "type": "Feature",
   "geometry": {
    "type": "LineString",
    "coordinates": [
     [
      -77.15127312619926,
      39.08181862215885
     ],
     [
      -77.15141619549625,
      39.08183142070187
     ]
    ]
   },
   "properties": {
    "id": "util-48",
    "kind": "Utility",
    "sourceId": "design",
    "reliabilityLevel": 1,
    "revision": 1,
    "engineeringGeometry": {
     "crs": "EPSG:2248",
     "crsName": "NAD83 / Maryland State Plane (US survey feet)",
     "datum": "NAD83",
     "unit": "usSurveyFoot",
     "coordinates": [
      [
       1269391.9377498704,
       515418.3684141023
      ],
      [
       1269351.3329169806,
       515423.09712748445
      ]
     ]
    },
    "type": "Water service (WHC)",
    "size": "1\" COPPER FROM EX. 8\" MAIN",
    "sizeAtHouse": "1\" COPPER",
    "from": "frontage",
    "note": "Record information. Field verification required before excavation — call Miss Utility."
   }
  },
  {
   "type": "Feature",
   "geometry": {
    "type": "LineString",
    "coordinates": [
     [
      -77.15127312619926,
      39.08181862215885
     ],
     [
      -77.15138119746864,
      39.08182828990163
     ]
    ]
   },
   "properties": {
    "id": "util-49",
    "kind": "Utility",
    "sourceId": "design",
    "reliabilityLevel": 1,
    "revision": 1,
    "engineeringGeometry": {
     "crs": "EPSG:2248",
     "crsName": "NAD83 / Maryland State Plane (US survey feet)",
     "datum": "NAD83",
     "unit": "usSurveyFoot",
     "coordinates": [
      [
       1269391.9377498704,
       515418.3684141023
      ],
      [
       1269361.2657879677,
       515421.94037601876
      ]
     ]
    },
    "type": "Sanitary lateral (SHC)",
    "size": "4\" PVC TO EX. 8\" MAIN",
    "sizeAtHouse": "4\" PVC",
    "from": "frontage",
    "note": "Record information. Field verification required before excavation — call Miss Utility."
   }
  },
  {
   "type": "Feature",
   "geometry": {
    "type": "Polygon",
    "coordinates": [
     [
      [
       -77.1518450227762,
       39.081452273562206
      ],
      [
       -77.15178112576498,
       39.08145235638236
      ],
      [
       -77.15178123200373,
       39.081502157895926
      ],
      [
       -77.15184512905967,
       39.08150207507572
      ],
      [
       -77.1518450227762,
       39.081452273562206
      ]
     ]
    ]
   },
   "properties": {
    "id": "swm-50",
    "kind": "SWMPractice",
    "sourceId": "design",
    "reliabilityLevel": 1,
    "revision": 1,
    "engineeringGeometry": {
     "crs": "EPSG:2248",
     "crsName": "NAD83 / Maryland State Plane (US survey feet)",
     "datum": "NAD83",
     "unit": "usSurveyFoot",
     "coordinates": [
      [
       1269229.3735960673,
       515285.20939205465
      ],
      [
       1269247.5119532144,
       515285.20939205465
      ],
      [
       1269247.5119532144,
       515303.3477492019
      ],
      [
       1269229.3735960673,
       515303.3477492019
      ],
      [
       1269229.3735960673,
       515285.20939205465
      ]
     ]
    },
    "practice": "Environmental Site Design — micro-bioretention",
    "requiredVolumeCf": 263,
    "footprintSqFt": 329,
    "pondingDepthFt": 2
   }
  },
  {
   "type": "Feature",
   "geometry": {
    "type": "Polygon",
    "coordinates": [
     [
      [
       -77.15128819294326,
       39.08202329704562
      ],
      [
       -77.15129201078672,
       39.08199737173275
      ],
      [
       -77.15134213716443,
       39.08165698671573
      ],
      [
       -77.1518577099841,
       39.081415988659735
      ],
      [
       -77.15195019163716,
       39.08203827404187
      ],
      [
       -77.15170553313631,
       39.08204221700891
      ],
      [
       -77.15128440670155,
       39.08204900323878
      ],
      [
       -77.15128819294326,
       39.08202329704562
      ]
     ]
    ]
   },
   "properties": {
    "id": "da-51",
    "kind": "DrainageArea",
    "sourceId": "design",
    "reliabilityLevel": 1,
    "revision": 1,
    "engineeringGeometry": {
     "crs": "EPSG:2248",
     "crsName": "NAD83 / Maryland State Plane (US survey feet)",
     "datum": "NAD83",
     "unit": "usSurveyFoot",
     "coordinates": [
      [
       1269387.7843478322,
       515492.92055238783
      ],
      [
       1269386.6849448085,
       515483.48003812134
      ],
      [
       1269372.2502597868,
       515359.5313176662
      ],
      [
       1269225.750121951,
       515271.9999874681
      ],
      [
       1269199.8747910112,
       515498.68746475875
      ],
      [
       1269269.327287361,
       515500.00803360343
      ],
      [
       1269388.8746471703,
       515502.2812756002
      ],
      [
       1269387.7843478322,
       515492.92055238783
      ]
     ]
    },
    "areaAcres": 0.7162,
    "percentImpervious": 5.7,
    "compositeC": 0.29
   }
  },
  {
   "type": "Feature",
   "geometry": {
    "type": "Polygon",
    "coordinates": [
     [
      [
       -77.15132969127882,
       39.08172676657577
      ],
      [
       -77.15129446357999,
       39.08172681208532
      ],
      [
       -77.15129452196372,
       39.081754268547066
      ],
      [
       -77.15132974967614,
       39.08175422303751
      ],
      [
       -77.15132969127882,
       39.08172676657577
      ]
     ]
    ]
   },
   "properties": {
    "id": "street-tree-55",
    "kind": "Tree",
    "sourceId": "design",
    "reliabilityLevel": 1,
    "revision": 1,
    "engineeringGeometry": {
     "crs": "EPSG:2248",
     "crsName": "NAD83 / Maryland State Plane (US survey feet)",
     "datum": "NAD83",
     "unit": "usSurveyFoot",
     "coordinates": [
      [
       1269375.825366536,
       515384.9401220471
      ],
      [
       1269385.825366536,
       515384.9401220471
      ],
      [
       1269385.825366536,
       515394.9401220471
      ],
      [
       1269375.825366536,
       515394.9401220471
      ],
      [
       1269375.825366536,
       515384.9401220471
      ]
     ]
    }
   }
  },
  {
   "type": "Feature",
   "geometry": {
    "type": "Polygon",
    "coordinates": [
     [
      [
       -77.15131715970217,
       39.08181186283184
      ],
      [
       -77.15128193196121,
       39.08181190833762
      ],
      [
       -77.15128199034017,
       39.08183936479885
      ],
      [
       -77.15131721809473,
       39.08183931929306
      ],
      [
       -77.15131715970217,
       39.08181186283184
      ]
     ]
    ]
   },
   "properties": {
    "id": "street-tree-56",
    "kind": "Tree",
    "sourceId": "design",
    "reliabilityLevel": 1,
    "revision": 1,
    "engineeringGeometry": {
     "crs": "EPSG:2248",
     "crsName": "NAD83 / Maryland State Plane (US survey feet)",
     "datum": "NAD83",
     "unit": "usSurveyFoot",
     "coordinates": [
      [
       1269379.4340377913,
       515415.9273021609
      ],
      [
       1269389.4340377913,
       515415.9273021609
      ],
      [
       1269389.4340377913,
       515425.9273021609
      ],
      [
       1269379.4340377913,
       515425.9273021609
      ],
      [
       1269379.4340377913,
       515415.9273021609
      ]
     ]
    }
   }
  },
  {
   "type": "Feature",
   "geometry": {
    "type": "Polygon",
    "coordinates": [
     [
      [
       -77.15130462809556,
       39.08189695908491
      ],
      [
       -77.15126940031244,
       39.081897004586914
      ],
      [
       -77.15126945868664,
       39.08192446104759
      ],
      [
       -77.15130468648334,
       39.08192441554557
      ],
      [
       -77.15130462809556,
       39.08189695908491
      ]
     ]
    ]
   },
   "properties": {
    "id": "street-tree-57",
    "kind": "Tree",
    "sourceId": "design",
    "reliabilityLevel": 1,
    "revision": 1,
    "engineeringGeometry": {
     "crs": "EPSG:2248",
     "crsName": "NAD83 / Maryland State Plane (US survey feet)",
     "datum": "NAD83",
     "unit": "usSurveyFoot",
     "coordinates": [
      [
       1269383.0427090467,
       515446.9144822747
      ],
      [
       1269393.0427090467,
       515446.9144822747
      ],
      [
       1269393.0427090467,
       515456.9144822747
      ],
      [
       1269383.0427090467,
       515456.9144822747
      ],
      [
       1269383.0427090467,
       515446.9144822747
      ]
     ]
    }
   }
  },
  {
   "type": "Feature",
   "geometry": {
    "type": "Polygon",
    "coordinates": [
     [
      [
       -77.15137840826425,
       39.08198544561271
      ],
      [
       -77.151336134872,
       39.08198550024048
      ],
      [
       -77.15133620495202,
       39.08201844799255
      ],
      [
       -77.15137847836385,
       39.08201839336476
      ],
      [
       -77.15137840826425,
       39.08198544561271
      ]
     ]
    ]
   },
   "properties": {
    "id": "tree-58",
    "kind": "Tree",
    "sourceId": "design",
    "reliabilityLevel": 1,
    "revision": 1,
    "engineeringGeometry": {
     "crs": "EPSG:2248",
     "crsName": "NAD83 / Maryland State Plane (US survey feet)",
     "datum": "NAD83",
     "unit": "usSurveyFoot",
     "coordinates": [
      [
       1269362.1524637598,
       515479.1770592532
      ],
      [
       1269374.1524637598,
       515479.1770592532
      ],
      [
       1269374.1524637598,
       515491.1770592532
      ],
      [
       1269362.1524637598,
       515491.1770592532
      ],
      [
       1269362.1524637598,
       515479.1770592532
      ]
     ]
    }
   }
  },
  {
   "type": "Feature",
   "geometry": {
    "type": "Polygon",
    "coordinates": [
     [
      [
       -77.15146291746136,
       39.08196767966423
      ],
      [
       -77.15142064407972,
       39.081967734322504
      ],
      [
       -77.15142071419886,
       39.08200068207466
      ],
      [
       -77.15146298760007,
       39.08200062741636
      ],
      [
       -77.15146291746136,
       39.08196767966423
      ]
     ]
    ]
   },
   "properties": {
    "id": "tree-59",
    "kind": "Tree",
    "sourceId": "design",
    "reliabilityLevel": 1,
    "revision": 1,
    "engineeringGeometry": {
     "crs": "EPSG:2248",
     "crsName": "NAD83 / Maryland State Plane (US survey feet)",
     "datum": "NAD83",
     "unit": "usSurveyFoot",
     "coordinates": [
      [
       1269338.1524637598,
       515472.7462786349
      ],
      [
       1269350.1524637598,
       515472.7462786349
      ],
      [
       1269350.1524637598,
       515484.7462786349
      ],
      [
       1269338.1524637598,
       515484.7462786349
      ],
      [
       1269338.1524637598,
       515472.7462786349
      ]
     ]
    }
   }
  },
  {
   "type": "Feature",
   "geometry": {
    "type": "Polygon",
    "coordinates": [
     [
      [
       -77.1515247072555,
       39.081919360753965
      ],
      [
       -77.15148243390263,
       39.08191941543453
      ],
      [
       -77.15148250405034,
       39.081952363187
      ],
      [
       -77.1515247774228,
       39.08195230850642
      ],
      [
       -77.1515247072555,
       39.081919360753965
      ]
     ]
    ]
   },
   "properties": {
    "id": "tree-60",
    "kind": "Tree",
    "sourceId": "design",
    "reliabilityLevel": 1,
    "revision": 1,
    "engineeringGeometry": {
     "crs": "EPSG:2248",
     "crsName": "NAD83 / Maryland State Plane (US survey feet)",
     "datum": "NAD83",
     "unit": "usSurveyFoot",
     "coordinates": [
      [
       1269320.5832443782,
       515455.1770592532
      ],
      [
       1269332.5832443782,
       515455.1770592532
      ],
      [
       1269332.5832443782,
       515467.1770592532
      ],
      [
       1269320.5832443782,
       515467.1770592532
      ],
      [
       1269320.5832443782,
       515455.1770592532
      ]
     ]
    }
   }
  }
 ],
 "kealee": {
  "siteId": "111 MARYLAND AVE",
  "modelRevision": 8,
  "geoJsonCrs": "EPSG:4326 (RFC 7946, longitude first)",
  "sourceCrs": "EPSG:2248",
  "sourceCrsName": "NAD83 / Maryland State Plane (US survey feet)",
  "horizontalDatum": "NAD83",
  "verticalDatum": "NAVD88 (feet)",
  "transformer": "registry (proj4 + arcgis-geometry-service (https://sampleserver6.arcgisonline.com/arcgis/rest/services/Utilities/Geometry/GeometryServer))",
  "note": "Geometry is WGS84 per RFC 7946. Original engineering coordinates are preserved per feature under properties.engineeringGeometry."
 }
}