{
 "type": "FeatureCollection",
 "features": [
  {
   "type": "Feature",
   "geometry": {
    "type": "Polygon",
    "coordinates": [
     [
      [
       -77.31366268582066,
       38.6728343163133
      ],
      [
       -77.31388499733016,
       38.67262923789369
      ],
      [
       -77.31409524180387,
       38.67286427025699
      ],
      [
       -77.3138619096085,
       38.67325957602252
      ],
      [
       -77.31393750452234,
       38.67340193726426
      ],
      [
       -77.31390015010594,
       38.673410140428906
      ],
      [
       -77.31385786957746,
       38.6734249868192
      ],
      [
       -77.31374334388543,
       38.67318721006246
      ],
      [
       -77.3137431616584,
       38.6731868307196
      ],
      [
       -77.31360299697278,
       38.67289584180333
      ],
      [
       -77.3136426144366,
       38.67285659340049
      ],
      [
       -77.31366268582066,
       38.6728343163133
      ]
     ]
    ]
   },
   "properties": {
    "id": "parcel",
    "kind": "Parcel",
    "sourceId": "gis1",
    "reliabilityLevel": 1,
    "revision": 1,
    "engineeringGeometry": {
     "crs": "EPSG:2248",
     "crsName": "NAD83 / Maryland State Plane (US survey feet)",
     "datum": "NAD83",
     "unit": "usSurveyFoot",
     "coordinates": [
      [
       1222783.304052492,
       366585.3182529235
      ],
      [
       1222719.5780382496,
       366510.8499882297
      ],
      [
       1222659.848261086,
       366596.65163164004
      ],
      [
       1222726.958785468,
       366740.3868239776
      ],
      [
       1222705.5551081893,
       366792.30682231387
      ],
      [
       1222716.2298604767,
       366795.25761679217
      ],
      [
       1222728.3193058278,
       366800.62294157845
      ],
      [
       1222760.7181357795,
       366713.9158889861
      ],
      [
       1222760.769685944,
       366713.7775593188
      ],
      [
       1222800.421998174,
       366607.66634817375
      ],
      [
       1222789.0622414509,
       366593.41153858294
      ],
      [
       1222783.304052492,
       366585.3182529235
      ]
     ]
    }
   }
  },
  {
   "type": "Feature",
   "geometry": {
    "type": "LineString",
    "coordinates": [
     [
      -77.31377278277849,
      38.6733947462527
     ],
     [
      -77.31377304558312,
      38.67339461215018
     ],
     [
      -77.31377357119237,
      38.67339434394513
     ],
     [
      -77.31377435960624,
      38.673393941637556
     ],
     [
      -77.31377541082472,
      38.67339340522745
     ],
     [
      -77.31377685379904,
      38.67339280469889
     ],
     [
      -77.31377868852917,
      38.67339214005187
     ],
     [
      -77.3137809150151,
      38.673391411286374
     ],
     [
      -77.31378353325681,
      38.673390618402365
     ],
     [
      -77.31378615163554,
      38.67338985678099
     ],
     [
      -77.31378877015129,
      38.67338912642223
     ],
     [
      -77.31379138880408,
      38.673388427326124
     ],
     [
      -77.31379400759388,
      38.673387759492634
     ],
     [
      -77.31379603519008,
      38.67338723968272
     ],
     [
      -77.31379747159271,
      38.6733868678964
     ],
     [
      -77.31379831680178,
      38.673386644133686
     ],
     [
      -77.31379857081728,
      38.673386568394626
     ],
     [
      -77.31379935234307,
      38.67338632265492
     ],
     [
      -77.3138006613791,
      38.673385906914575
     ],
     [
      -77.3138024979254,
      38.67338532117359
     ],
     [
      -77.31380486198191,
      38.6733845654319
     ],
     [
      -77.31380728910003,
      38.673383689909606
     ],
     [
      -77.31380977927975,
      38.67338269460666
     ],
     [
      -77.31381233252105,
      38.6733815795231
     ],
     [
      -77.31381494882392,
      38.67338034465891
     ],
     [
      -77.3138169466748,
      38.67337939890146
     ],
     [
      -77.31381832607381,
      38.67337874225077
     ],
     [
      -77.31381908702093,
      38.67337837470691
     ],
     [
      -77.3138192295162,
      38.67337829626983
     ],
     [
      -77.3138199543361,
      38.673377833540506
     ],
     [
      -77.31382126148061,
      38.673376986518946
     ],
     [
      -77.31382315094967,
      38.67337575520509
     ],
     [
      -77.31382562274327,
      38.67337413959893
     ],
     [
      -77.31382761485833,
      38.67337281594838
     ],
     [
      -77.3138291272949,
      38.67337178425349
     ],
     [
      -77.31383016005303,
      38.67337104451424
     ],
     [
      -77.31383071313277,
      38.673370596730685
     ],
     [
      -77.31383159489378,
      38.6733697458251
     ],
     [
      -77.31383280533603,
      38.673368491797504
     ],
     [
      -77.31383434445951,
      38.67336683464791
     ],
     [
      -77.31383621226415,
      38.67336477437625
     ],
     [
      -77.3138376603345,
      38.67336317408374
     ],
     [
      -77.31383868867064,
      38.6733620337704
     ],
     [
      -77.31383929727258,
      38.67336135343622
     ],
     [
      -77.31383948614037,
      38.67336113308122
     ],
     [
      -77.3138401929706,
      38.6733605074438
     ],
     [
      -77.31384141776329,
      38.67335947652396
     ],
     [
      -77.31384316051833,
      38.67335804032168
     ],
     [
      -77.31384542123571,
      38.67335619883693
     ],
     [
      -77.31384720473376,
      38.67335475596819
     ],
     [
      -77.31384851101255,
      38.673353711715464
     ],
     [
      -77.31384934007211,
      38.67335306607878
     ],
     [
      -77.31384969191248,
      38.673352819058145
     ],
     [
      -77.31385051099362,
      38.67335218000495
     ],
     [
      -77.31385179731552,
      38.67335114891917
     ],
     [
      -77.31385355087812,
      38.67334972580078
     ],
     [
      -77.31385577168138,
      38.673347910649774
     ],
     [
      -77.31385753513108,
      38.67334646016608
     ],
     [
      -77.31385884122727,
      38.67334537434969
     ],
     [
      -77.31385968997,
      38.67334465320062
     ],
     [
      -77.31386008135931,
      38.67334429671889
     ],
     [
      -77.31386077308885,
      38.67334360333161
     ],
     [
      -77.31386176515859,
      38.6733425730388
     ],
     [
      -77.31386305756851,
      38.67334120584044
     ],
     [
      -77.3138646503186,
      38.673339501736514
     ],
     [
      -77.31386609913145,
      38.67333796765821
     ],
     [
      -77.31386740400706,
      38.673336603605506
     ],
     [
      -77.31386856494544,
      38.673335409578435
     ],
     [
      -77.31386958194665,
      38.67333438557699
     ],
     [
      -77.31387097616255,
      38.673333357379505
     ],
     [
      -77.31387274759317,
      38.67333232498595
     ],
     [
      -77.31387489623845,
      38.67333128839631
     ],
     [
      -77.3138774220984,
      38.67333024761058
     ],
     [
      -77.31387933927766,
      38.673329458255445
     ],
     [
      -77.3138806477763,
      38.6733289203309
     ],
     [
      -77.31388134759433,
      38.673328633836995
     ],
     [
      -77.31388143873177,
      38.673328598773736
     ],
     [
      -77.31388216196979,
      38.673328448433864
     ],
     [
      -77.31388351730837,
      38.67332818281739
     ],
     [
      -77.3138855047475,
      38.67332780192427
     ],
     [
      -77.31388812428717,
      38.6733273057545
     ],
     [
      -77.31389074445055,
      38.67332695178786
     ],
     [
      -77.3138933652376,
      38.67332674002433
     ],
     [
      -77.31389598664842,
      38.67332667046395
     ],
     [
      -77.31389860868295,
      38.67332674310667
     ],
     [
      -77.31390095388826,
      38.6733269076219
     ],
     [
      -77.31390302226434,
      38.67332716400962
     ],
     [
      -77.31390481381119,
      38.67332751226984
     ],
     [
      -77.31390632852883,
      38.673327952402616
     ],
     [
      -77.31390774218163,
      38.67332836966469
     ],
     [
      -77.31390905476958,
      38.6733287640561
     ],
     [
      -77.31391026629271,
      38.673329135576815
     ],
     [
      -77.313911376751,
      38.67332948422684
     ],
     [
      -77.31391282862548,
      38.67333016994425
     ],
     [
      -77.31391462191618,
      38.673331192728995
     ],
     [
      -77.31391675662314,
      38.6733325525811
     ],
     [
      -77.31391923274644,
      38.673334249500506
     ],
     [
      -77.31392112822603,
      38.67333555135128
     ],
     [
      -77.31392244306188,
      38.67333645813346
     ],
     [
      -77.31392317725391,
      38.673336969847085
     ],
     [
      -77.31392333080213,
      38.673337086492154
     ],
     [
      -77.31392392497038,
      38.67333765722935
     ],
     [
      -77.31392495975867,
      38.67333868205871
     ],
     [
      -77.31392643516706,
      38.6733401609802
     ],
     [
      -77.31392835119557,
      38.67334209399382
     ],
     [
      -77.31392996745534,
      38.67334370251002
     ],
     [
      -77.31393128394627,
      38.67334498652884
     ],
     [
      -77.3139323006684,
      38.67334594605027
     ],
     [
      -77.31393301762162,
      38.67334658107434
     ],
     [
      -77.3139341575245,
      38.673347410289225
     ],
     [
      -77.31393572037702,
      38.67334843369488
     ],
     [
      -77.31393770617923,
      38.673349651291325
     ],
     [
      -77.31394011493119,
      38.6733510630785
     ],
     [
      -77.31394197643658,
      38.67335215653319
     ],
     [
      -77.31394329069542,
      38.67335293165544
     ],
     [
      -77.31394405770763,
      38.673353388445214
     ],
     [
      -77.3139442774732,
      38.67335352690258
     ],
     [
      -77.31394509794384,
      38.67335368026472
     ],
     [
      -77.31394651911957,
      38.67335384853159
     ],
     [
      -77.31394854100037,
      38.67335403170318
     ],
     [
      -77.31395116358624,
      38.67335422977947
     ],
     [
      -77.31395378563923,
      38.673354306380524
     ],
     [
      -77.31395640715928,
      38.67335426150638
     ],
     [
      -77.31395902814641,
      38.67335409515702
     ],
     [
      -77.31396164860058,
      38.67335380733242
     ],
     [
      -77.31396376012745,
      38.67335357521053
     ],
     [
      -77.313965362727,
      38.67335339879136
     ],
     [
      -77.31396645639924,
      38.67335327807495
     ],
     [
      -77.3139670411442,
      38.67335321306129
     ],
     [
      -77.31396798865099,
      38.673353113334095
     ],
     [
      -77.31396929891959,
      38.67335297889337
     ],
     [
      -77.31397097195003,
      38.67335280973908
     ],
     [
      -77.31397300774228,
      38.67335260587122
     ],
     [
      -77.31397475652979,
      38.67335250196663
     ],
     [
      -77.31397621831259,
      38.67335249802532
     ],
     [
      -77.31397739309064,
      38.67335259404731
     ],
     [
      -77.31397828086399,
      38.67335279003259
     ],
     [
      -77.31397938085013,
      38.673353040789955
     ],
     [
      -77.31398069304906,
      38.673353346319416
     ],
     [
      -77.3139822174608,
      38.67335370662094
     ],
     [
      -77.31398395408534,
      38.67335412169454
     ],
     [
      -77.31398591348314,
      38.673354774904546
     ],
     [
      -77.31398809565415,
      38.673355666250984
     ],
     [
      -77.31399050059845,
      38.67335679573381
     ],
     [
      -77.31399312831608,
      38.67335816335303
     ],
     [
      -77.31399528840055,
      38.67335925375131
     ],
     [
      -77.31399698085181,
      38.67336006692866
     ],
     [
      -77.31399820566982,
      38.67336060288514
     ],
     [
      -77.31399896285457,
      38.673360861620736
     ],
     [
      -77.31399999781121,
      38.67336120407785
     ],
     [
      -77.31400131053977,
      38.67336163025647
     ],
     [
      -77.31400290104023,
      38.67336214015662
     ],
     [
      -77.31400476931262,
      38.67336273377824
     ],
     [
      -77.31400682661773,
      38.67336333202692
     ],
     [
      -77.31400907295556,
      38.67336393490264
     ],
     [
      -77.31401150832612,
      38.673364542405366
     ],
     [
      -77.31401413272938,
      38.67336515453511
     ],
     [
      -77.3140167572159,
      38.673365785622906
     ],
     [
      -77.31401938178566,
      38.67336643566876
     ],
     [
      -77.31402200643863,
      38.673367104672685
     ],
     [
      -77.31402463117486,
      38.67336779263464
     ],
     [
      -77.31402667365379,
      38.67336834398971
     ],
     [
      -77.31402813387538,
      38.6733687587379
     ],
     [
      -77.31402901183965,
      38.673369036879265
     ],
     [
      -77.31402930754656,
      38.67336917841377
     ],
     [
      -77.31403011259331,
      38.67336965116027
     ],
     [
      -77.31403142697997,
      38.67337045511876
     ],
     [
      -77.31403325070653,
      38.67337159028919
     ],
     [
      -77.31403558377306,
      38.67337305667157
     ],
     [
      -77.31403749146786,
      38.67337430167347
     ],
     [
      -77.31403897379089,
      38.67337532529493
     ],
     [
      -77.31404003074209,
      38.67337612753595
     ],
     [
      -77.31404066232149,
      38.67337670839652
     ],
     [
      -77.31404163602167,
      38.67337756420431
     ],
     [
      -77.31404295184268,
      38.6733786949593
     ],
     [
      -77.31404460978455,
      38.67338010066148
     ],
     [
      -77.31404660984731,
      38.67338178131084
     ],
     [
      -77.31404820222619,
      38.673383133847494
     ],
     [
      -77.31404938692117,
      38.67338415827147
     ],
     [
      -77.31405016393222,
      38.67338485458278
     ],
     [
      -77.31405053325929,
      38.67338522278141
     ],
     [
      -77.31405137539369,
      38.673385872046914
     ],
     [
      -77.31405269033547,
      38.67338680237925
     ],
     [
      -77.31405447808463,
      38.67338801377839
     ],
     [
      -77.31405673864124,
      38.673389506244334
     ],
     [
      -77.31405881601476,
      38.67339076373251
     ],
     [
      -77.31406071020518,
      38.673391786242895
     ],
     [
      -77.31406242121248,
      38.67339257377551
     ],
     [
      -77.3140639490366,
      38.67339312633035
     ],
     [
      -77.31406509490472,
      38.67339354074649
     ],
     [
      -77.31406585881679,
      38.6733938170239
     ],
     [
      -77.31406624077283,
      38.67339395516262
     ]
    ]
   },
   "properties": {
    "id": "ct-0",
    "kind": "Contour",
    "sourceId": "contours",
    "reliabilityLevel": 1,
    "revision": 1,
    "engineeringGeometry": {
     "crs": "EPSG:2248",
     "crsName": "NAD83 / Maryland State Plane (US survey feet)",
     "datum": "NAD83",
     "unit": "usSurveyFoot",
     "coordinates": [
      [
       1222752.573255465,
       366789.5262831309,
       262
      ],
      [
       1222752.4980583214,
       366789.47770293074,
       262
      ],
      [
       1222752.3476640345,
       366789.3805425304,
       262
      ],
      [
       1222752.122072604,
       366789.23480192985,
       262
      ],
      [
       1222751.82128403,
       366789.04048112914,
       262
      ],
      [
       1222751.4085710477,
       366788.82319380465,
       262
      ],
      [
       1222750.8839336568,
       366788.5829399564,
       262
      ],
      [
       1222750.2473718578,
       366788.31971958437,
       262
      ],
      [
       1222749.4988856504,
       366788.0335326887,
       262
      ],
      [
       1222748.7503994429,
       366787.75873132085,
       262
      ],
      [
       1222748.001913235,
       366787.4953154809,
       262
      ],
      [
       1222747.2534270273,
       366787.243285169,
       262
      ],
      [
       1222746.5049408195,
       366787.002640385,
       262
      ],
      [
       1222745.9254224496,
       366786.8153233652,
       262
      ],
      [
       1222745.5148719181,
       366786.6813341096,
       262
      ],
      [
       1222745.2732892241,
       366786.6006726182,
       262
      ],
      [
       1222745.2006743685,
       366786.573338891,
       262
      ],
      [
       1222744.9772453886,
       366786.4846112187,
       262
      ],
      [
       1222744.6030022847,
       366786.33448960126,
       262
      ],
      [
       1222744.0779450568,
       366786.12297403876,
       262
      ],
      [
       1222743.402073705,
       366785.85006453114,
       262
      ],
      [
       1222742.7080486394,
       366785.5335946585,
       262
      ],
      [
       1222741.9958698596,
       366785.17356442084,
       262
      ],
      [
       1222741.2655373658,
       366784.7699738181,
       262
      ],
      [
       1222740.517051158,
       366784.3228228504,
       262
      ],
      [
       1222739.9454915463,
       366783.9803531915,
       262
      ],
      [
       1222739.5508585304,
       366783.7425648415,
       262
      ],
      [
       1222739.3331521102,
       366783.6094578003,
       262
      ],
      [
       1222739.2923722856,
       366783.581032068,
       262
      ],
      [
       1222739.0848608215,
       366783.4132244912,
       262
      ],
      [
       1222738.7106177178,
       366783.1060350697,
       262
      ],
      [
       1222738.1696429742,
       366782.65946380375,
       262
      ],
      [
       1222737.461936591,
       366782.07351069327,
       262
      ],
      [
       1222736.8915413278,
       366781.59341258614,
       262
      ],
      [
       1222736.458457185,
       366781.21916948224,
       262
      ],
      [
       1222736.1626841624,
       366780.95078138175,
       262
      ],
      [
       1222736.0042222596,
       366780.78824828466,
       262
      ],
      [
       1222735.7514189146,
       366780.47922690987,
       262
      ],
      [
       1222735.4042741267,
       366780.0237172574,
       262
      ],
      [
       1222734.9627878964,
       366779.4217193274,
       262
      ],
      [
       1222734.4269602234,
       366778.6732331197,
       262
      ],
      [
       1222734.0115403105,
       366778.0918523266,
       262
      ],
      [
       1222733.7165281582,
       366777.6775769481,
       262
      ],
      [
       1222733.5419237656,
       366777.43040698406,
       262
      ],
      [
       1222733.4877271336,
       366777.35034243454,
       262
      ],
      [
       1222733.285147567,
       366777.1231886079,
       262
      ],
      [
       1222732.9341850667,
       366776.7489455041,
       262
      ],
      [
       1222732.434839632,
       366776.2276131231,
       262
      ],
      [
       1222731.7871112633,
       366775.55919146485,
       262
      ],
      [
       1222731.276125527,
       366775.0354712724,
       262
      ],
      [
       1222730.901882423,
       366774.65645254595,
       262
      ],
      [
       1222730.6643819516,
       366774.4221352852,
       262
      ],
      [
       1222730.5636241129,
       366774.3325194904,
       262
      ],
      [
       1222730.3289806643,
       366774.1005900411,
       262
      ],
      [
       1222729.960451606,
       366773.72634693724,
       262
      ],
      [
       1222729.4580369382,
       366773.20979017887,
       262
      ],
      [
       1222728.8217366606,
       366772.5509197661,
       262
      ],
      [
       1222728.31646497,
       366772.02440670104,
       262
      ],
      [
       1222727.942221866,
       366771.63025098376,
       262
      ],
      [
       1222727.699007349,
       366771.3684526143,
       262
      ],
      [
       1222727.5868214192,
       366771.2390115925,
       262
      ],
      [
       1222727.388468095,
       366770.9871695297,
       262
      ],
      [
       1222727.1039473775,
       366770.61292642594,
       262
      ],
      [
       1222726.733259266,
       366770.116282281,
       262
      ],
      [
       1222726.2764037605,
       366769.497237095,
       262
      ],
      [
       1222725.8608544562,
       366768.9399713589,
       262
      ],
      [
       1222725.4866113523,
       366768.4444850726,
       262
      ],
      [
       1222725.1536744493,
       366768.0107782362,
       262
      ],
      [
       1222724.8620437467,
       366767.63885084953,
       262
      ],
      [
       1222724.4627149603,
       366767.2657656043,
       262
      ],
      [
       1222723.9556880896,
       366766.8915225005,
       262
      ],
      [
       1222723.3409631348,
       366766.516121538,
       262
      ],
      [
       1222722.6185400959,
       366766.139562717,
       262
      ],
      [
       1222722.0702070245,
       366765.85397359077,
       262
      ],
      [
       1222721.6959639206,
       366765.65935415926,
       262
      ],
      [
       1222721.4958107844,
       366765.55570442264,
       262
      ],
      [
       1222721.4697476155,
       366765.54302438075,
       262
      ],
      [
       1222721.2630786872,
       366765.488982856,
       262
      ],
      [
       1222720.8758039991,
       366765.39357984834,
       262
      ],
      [
       1222720.3079235512,
       366765.2568153577,
       262
      ],
      [
       1222719.5594373434,
       366765.07868938416,
       262
      ],
      [
       1222718.8109511356,
       366764.9523522493,
       262
      ],
      [
       1222718.0624649278,
       366764.87780395325,
       262
      ],
      [
       1222717.3139787202,
       366764.8550444959,
       262
      ],
      [
       1222716.565492513,
       366764.8840738771,
       262
      ],
      [
       1222715.896154658,
       366764.94629007165,
       262
      ],
      [
       1222715.3059651558,
       366765.0416930794,
       262
      ],
      [
       1222714.7949240066,
       366765.1702829002,
       262
      ],
      [
       1222714.3630312097,
       366765.3320595343,
       262
      ],
      [
       1222713.9599632595,
       366765.48540780495,
       262
      ],
      [
       1222713.5857201559,
       366765.63032771205,
       262
      ],
      [
       1222713.2403018982,
       366765.7668192558,
       262
      ],
      [
       1222712.9237084873,
       366765.8948824359,
       262
      ],
      [
       1222712.5100646582,
       366766.1460355779,
       262
      ],
      [
       1222711.9993704115,
       366766.52027868177,
       262
      ],
      [
       1222711.3916257473,
       366767.0176117475,
       262
      ],
      [
       1222710.6868306655,
       366767.638034775,
       262
      ],
      [
       1222710.1473115725,
       366768.11400981946,
       262
      ],
      [
       1222709.7730684686,
       366768.445536881,
       262
      ],
      [
       1222709.5641013538,
       366768.63261595956,
       262
      ],
      [
       1222709.5204102285,
       366768.675247055,
       262
      ],
      [
       1222709.3514930937,
       366768.8836841547,
       262
      ],
      [
       1222709.0573499491,
       366769.2579272586,
       262
      ],
      [
       1222708.6379807957,
       366769.7979763666,
       262
      ],
      [
       1222708.0933856328,
       366770.50383147865,
       262
      ],
      [
       1222707.6339664995,
       366771.09121530247,
       262
      ],
      [
       1222707.2597233958,
       366771.560127838,
       262
      ],
      [
       1222706.9706563214,
       366771.91056908516,
       262
      ],
      [
       1222706.7667652767,
       366772.1425390441,
       262
      ],
      [
       1222706.4423675635,
       366772.44564557547,
       262
      ],
      [
       1222705.9974631825,
       366772.81988867925,
       262
      ],
      [
       1222705.4320521331,
       366773.26526835555,
       262
      ],
      [
       1222704.7461344157,
       366773.78178460436,
       262
      ],
      [
       1222704.216054005,
       366774.1818317478,
       262
      ],
      [
       1222703.8418109012,
       366774.4654097859,
       262
      ],
      [
       1222703.623405104,
       366774.6325187188,
       262
      ],
      [
       1222703.560836614,
       366774.68315854634,
       262
      ],
      [
       1222703.3267886944,
       366774.7398162507,
       262
      ],
      [
       1222702.9212613453,
       366774.8024918318,
       262
      ],
      [
       1222702.3442545668,
       366774.8711852898,
       262
      ],
      [
       1222701.5957683595,
       366774.94589662465,
       262
      ],
      [
       1222700.8472821517,
       366774.97636803985,
       262
      ],
      [
       1222700.098795944,
       366774.96259953536,
       262
      ],
      [
       1222699.350309736,
       366774.9045911113,
       262
      ],
      [
       1222698.6018235288,
       366774.8023427676,
       262
      ],
      [
       1222697.9987031226,
       366774.7198808052,
       262
      ],
      [
       1222697.5409485176,
       366774.65720522404,
       262
      ],
      [
       1222697.2285597145,
       366774.6143160241,
       262
      ],
      [
       1222697.0615367128,
       366774.5912132055,
       262
      ],
      [
       1222696.79090366,
       366774.55582444696,
       262
      ],
      [
       1222696.4166605563,
       366774.50814974844,
       262
      ],
      [
       1222695.9388074013,
       366774.4481891101,
       262
      ],
      [
       1222695.3573441955,
       366774.37594253186,
       262
      ],
      [
       1222694.857944522,
       366774.3398192427,
       262
      ],
      [
       1222694.4406083813,
       366774.3398192427,
       262
      ],
      [
       1222694.1053357734,
       366774.37594253186,
       262
      ],
      [
       1222693.8521266978,
       366774.4481891101,
       262
      ],
      [
       1222693.538400608,
       366774.54059122805,
       262
      ],
      [
       1222693.1641575042,
       366774.6531488858,
       262
      ],
      [
       1222692.7293973863,
       366774.78586208326,
       262
      ],
      [
       1222692.2341202542,
       366774.93873082043,
       262
      ],
      [
       1222691.675540853,
       366775.17854396545,
       262
      ],
      [
       1222691.053659183,
       366775.5053015182,
       262
      ],
      [
       1222690.3684752441,
       366775.9190034787,
       262
      ],
      [
       1222689.6199890368,
       366776.4196498471,
       262
      ],
      [
       1222689.0046623608,
       366776.8188773989,
       262
      ],
      [
       1222688.5224952165,
       366777.11668613413,
       262
      ],
      [
       1222688.173487604,
       366777.3130760528,
       262
      ],
      [
       1222687.9576395226,
       366777.40804715495,
       262
      ],
      [
       1222687.6625939303,
       366777.5337811306,
       262
      ],
      [
       1222687.2883508266,
       366777.69027797977,
       262
      ],
      [
       1222686.8349102112,
       366777.8775377023,
       262
      ],
      [
       1222686.3022720846,
       366778.0955602985,
       262
      ],
      [
       1222685.7156719374,
       366778.31545363856,
       262
      ],
      [
       1222685.07510977,
       366778.5372177226,
       262
      ],
      [
       1222684.3805855827,
       366778.76085255074,
       262
      ],
      [
       1222683.6320993754,
       366778.9863581229,
       262
      ],
      [
       1222682.8836131678,
       366779.21876803203,
       262
      ],
      [
       1222682.13512696,
       366779.45808227826,
       262
      ],
      [
       1222681.3866407522,
       366779.7043008616,
       262
      ],
      [
       1222680.6381545444,
       366779.957423782,
       262
      ],
      [
       1222680.055728535,
       366780.16022475203,
       262
      ],
      [
       1222679.6393627236,
       366780.31270377175,
       262
      ],
      [
       1222679.38905711,
       366780.4148608412,
       262
      ],
      [
       1222679.304811695,
       366780.46669596026,
       262
      ],
      [
       1222679.0755674355,
       366780.6396536426,
       262
      ],
      [
       1222678.7013243316,
       366780.9337338883,
       262
      ],
      [
       1222678.1820823834,
       366781.3489366973,
       262
      ],
      [
       1222677.517841591,
       366781.8852620696,
       262
      ],
      [
       1222676.9747648037,
       366782.3405463077,
       262
      ],
      [
       1222676.5528520215,
       366782.71478941146,
       262
      ],
      [
       1222676.2521032442,
       366783.0079913811,
       262
      ],
      [
       1222676.0725184723,
       366783.2201522165,
       262
      ],
      [
       1222675.7956045344,
       366783.532780631,
       262
      ],
      [
       1222675.4213614305,
       366783.94587662455,
       262
      ],
      [
       1222674.9497891609,
       366784.45944019733,
       262
      ],
      [
       1222674.380887725,
       366785.0734713492,
       262
      ],
      [
       1222673.9279667586,
       366785.5676084771,
       262
      ],
      [
       1222673.591026262,
       366785.94185158086,
       262
      ],
      [
       1222673.3700662341,
       366786.19620066066,
       262
      ],
      [
       1222673.265086676,
       366786.3306557166,
       262
      ],
      [
       1222673.0254753449,
       366786.56793539505,
       262
      ],
      [
       1222672.6512322412,
       366786.9080396963,
       262
      ],
      [
       1222672.1423573645,
       366787.35096862016,
       262
      ],
      [
       1222671.498850715,
       366787.89672216674,
       262
      ],
      [
       1222670.9073474533,
       366788.356720492,
       262
      ],
      [
       1222670.3678475793,
       366788.73096359585,
       262
      ],
      [
       1222669.880351093,
       366789.01945147826,
       262
      ],
      [
       1222669.444857994,
       366789.2221841393,
       262
      ],
      [
       1222669.1182381702,
       366789.37423363514,
       262
      ],
      [
       1222668.9004916206,
       366789.47559996566,
       262
      ],
      [
       1222668.791618346,
       366789.5262831309,
       262
      ]
     ]
    },
    "elevationFt": 262,
    "weight": "intermediate",
    "hidden": false
   }
  },
  {
   "type": "Feature",
   "geometry": {
    "type": "LineString",
    "coordinates": [
     [
      -77.31371150138281,
      38.67339491135882
     ],
     [
      -77.31371166166322,
      38.67339475918632
     ],
     [
      -77.31371198222405,
      38.673394454841336
     ],
     [
      -77.3137124630653,
      38.67339399832384
     ],
     [
      -77.31371310418695,
      38.67339338963386
     ],
     [
      -77.31371397482609,
      38.673392569997496
     ],
     [
      -77.31371507498272,
      38.67339153941476
     ],
     [
      -77.31371640465684,
      38.67339029788565
     ],
     [
      -77.3137179638484,
      38.673388845410145
     ],
     [
      -77.31371939635125,
      38.67338754377138
     ],
     [
      -77.3137207021654,
      38.67338639296939
     ],
     [
      -77.31372188129087,
      38.67338539300415
     ],
     [
      -77.31372293372768,
      38.67338454387571
     ],
     [
      -77.31372413183641,
      38.67338360369189
     ],
     [
      -77.31372547561708,
      38.67338257245271
     ],
     [
      -77.31372696506966,
      38.673381450158175
     ],
     [
      -77.31372860019415,
      38.67338023680826
     ],
     [
      -77.31373007099339,
      38.673379130025545
     ],
     [
      -77.31373137746738,
      38.67337812981004
     ],
     [
      -77.31373251961614,
      38.673377236161734
     ],
     [
      -77.3137334974397,
      38.67337644908066
     ],
     [
      -77.31373463540773,
      38.67337553998199
     ],
     [
      -77.31373593352022,
      38.67337450886573
     ],
     [
      -77.31373739177718,
      38.67337335573187
     ],
     [
      -77.3137390101786,
      38.6733720805804
     ],
     [
      -77.31374047279557,
      38.673370983829024
     ],
     [
      -77.31374177962819,
      38.67337006547772
     ],
     [
      -77.31374293067641,
      38.67336932552653
     ],
     [
      -77.31374392594027,
      38.67336876397541
     ],
     [
      -77.31374532676537,
      38.67336810282674
     ],
     [
      -77.31374713315172,
      38.67336734208049
     ],
     [
      -77.31374934509925,
      38.673366481736636
     ],
     [
      -77.31375196260798,
      38.67336552179514
     ],
     [
      -77.3137543483776,
      38.67336466483051
     ],
     [
      -77.31375650240815,
      38.673363910842674
     ],
     [
      -77.31375842469963,
      38.673363259831724
     ],
     [
      -77.31376011525208,
      38.67336271179764
     ],
     [
      -77.31376161496553,
      38.67336221150933
     ],
     [
      -77.31376292383999,
      38.6733617589668
     ],
     [
      -77.31376404187547,
      38.67336135417008
     ],
     [
      -77.313764969072,
      38.673360997119175
     ],
     [
      -77.31376631859607,
      38.67336043223526
     ],
     [
      -77.31376809044767,
      38.673359659518354
     ],
     [
      -77.31377028462676,
      38.67335867896841
     ],
     [
      -77.31377290113329,
      38.67335749058542
     ],
     [
      -77.31377513217285,
      38.67335646873613
     ],
     [
      -77.31377697774545,
      38.6733556134206
     ],
     [
      -77.31377843785113,
      38.67335492463882
     ],
     [
      -77.31377951248989,
      38.67335440239081
     ],
     [
      -77.3137807037677,
      38.67335380582461
     ],
     [
      -77.31378201168454,
      38.673353134940214
     ],
     [
      -77.3137834362404,
      38.67335238973763
     ],
     [
      -77.31378497743526,
      38.67335157021681
     ],
     [
      -77.31378662323466,
      38.67335064428862
     ],
     [
      -77.31378837363856,
      38.67334961195302
     ],
     [
      -77.31379022864695,
      38.673348473210005
     ],
     [
      -77.31379218825982,
      38.67334722805958
     ],
     [
      -77.313793821604,
      38.67334617413733
     ],
     [
      -77.31379512867953,
      38.67334531144324
     ],
     [
      -77.31379610948639,
      38.67334463997736
     ],
     [
      -77.31379676402463,
      38.67334415973967
     ],
     [
      -77.31379768151871,
      38.67334340422087
     ],
     [
      -77.31379886196862,
      38.67334237342097
     ],
     [
      -77.31380030537429,
      38.67334106733995
     ],
     [
      -77.31380201173575,
      38.673339485977806
     ],
     [
      -77.31380351763319,
      38.673338076745196
     ],
     [
      -77.31380482306665,
      38.67333683964217
     ],
     [
      -77.31380592803617,
      38.67333577466871
     ],
     [
      -77.31380683254174,
      38.67333488182483
     ],
     [
      -77.31380777768004,
      38.67333392026519
     ],
     [
      -77.31380876345101,
      38.67333288998981
     ],
     [
      -77.31380978985469,
      38.67333179099869
     ],
     [
      -77.31381085689107,
      38.673330623291776
     ],
     [
      -77.3138120426419,
      38.673329310528686
     ],
     [
      -77.31381334710719,
      38.67332785270942
     ],
     [
      -77.31381477028694,
      38.67332624983394
     ],
     [
      -77.3138163121811,
      38.673324501902265
     ],
     [
      -77.3138175437245,
      38.6733231128857
     ],
     [
      -77.31381846491715,
      38.67332208278426
     ],
     [
      -77.31381907575907,
      38.67332141159795
     ],
     [
      -77.3138193762503,
      38.67332109932678
     ],
     [
      -77.31382011551388,
      38.67332034992903
     ],
     [
      -77.31382129354981,
      38.673319163404706
     ],
     [
      -77.31382291035801,
      38.673317539753796
     ],
     [
      -77.31382496593845,
      38.673315478976264
     ],
     [
      -77.31382657113697,
      38.67331386587306
     ],
     [
      -77.31382772595363,
      38.67331270044421
     ],
     [
      -77.31382843038848,
      38.67331198268967
     ],
     [
      -77.31382868444155,
      38.67331171260952
     ],
     [
      -77.31382930179994,
      38.67331106243852
     ],
     [
      -77.31383028246367,
      38.673310032176715
     ],
     [
      -77.31383162643267,
      38.6733086218241
     ],
     [
      -77.31383333370691,
      38.67330683138058
     ],
     [
      -77.31383483962871,
      38.67330521922091
     ],
     [
      -77.3138361441981,
      38.67330378534512
     ],
     [
      -77.31383724741512,
      38.67330252975313
     ],
     [
      -77.31383814927976,
      38.67330145244502
     ],
     [
      -77.31383903383471,
      38.673300398812835
     ],
     [
      -77.31383990107997,
      38.67329936885662
     ],
     [
      -77.31384075101555,
      38.67329836257635
     ],
     [
      -77.31384158364142,
      38.67329737997203
     ],
     [
      -77.31384259240197,
      38.67329612817361
     ],
     [
      -77.31384377729718,
      38.673294607181084
     ],
     [
      -77.313845138327,
      38.673292816994476
     ],
     [
      -77.3138466754914,
      38.67329075761376
     ],
     [
      -77.31384788757644,
      38.67328911408776
     ],
     [
      -77.31384877458214,
      38.6732878864165
     ],
     [
      -77.31384933650851,
      38.67328707459997
     ],
     [
      -77.31384957335561,
      38.67328667863821
     ],
     [
      -77.31385007424785,
      38.67328596581704
     ],
     [
      -77.31385083918525,
      38.67328493613646
     ],
     [
      -77.31385186816777,
      38.673283589596494
     ],
     [
      -77.3138531611954,
      38.6732819261971
     ],
     [
      -77.31385445987598,
      38.67328035076803
     ],
     [
      -77.31385576420953,
      38.67327886330933
     ],
     [
      -77.31385707419605,
      38.673277463820945
     ],
     [
      -77.31385838983556,
      38.67327615230291
     ],
     [
      -77.31385996147229,
      38.673274980271465
     ],
     [
      -77.31386178910621,
      38.67327394772659
     ],
     [
      -77.31386387273734,
      38.67327305466828
     ],
     [
      -77.31386621236568,
      38.67327230109651
     ],
     [
      -77.31386803668639,
      38.673271714108026
     ],
     [
      -77.31386934569949,
      38.673271293702854
     ],
     [
      -77.313870139405,
      38.67327103988103
     ],
     [
      -77.31387041780292,
      38.67327095264255
     ],
     [
      -77.3138712809343,
      38.673270637432196
     ],
     [
      -77.31387272879913,
      38.67327009425
     ],
     [
      -77.31387476139739,
      38.67326932309591
     ],
     [
      -77.31387737872902,
      38.67326832396992
     ],
     [
      -77.31387999691047,
      38.673267518615745
     ],
     [
      -77.31388261594176,
      38.67326690703339
     ],
     [
      -77.31388523582292,
      38.67326648922286
     ],
     [
      -77.31388785655395,
      38.673266265184154
     ],
     [
      -77.31389047798525,
      38.673266200804456
     ],
     [
      -77.31389310011687,
      38.67326629608377
     ],
     [
      -77.31389572294879,
      38.67326655102209
     ],
     [
      -77.31389834648104,
      38.673266965619405
     ],
     [
      -77.31390055979593,
      38.67326698056187
     ],
     [
      -77.31390236289337,
      38.67326659584949
     ],
     [
      -77.31390375577341,
      38.673265811482295
     ],
     [
      -77.31390473843598,
      38.67326462746029
     ],
     [
      -77.31390524208179,
      38.67326322626332
     ],
     [
      -77.31390526671085,
      38.67326160789143
     ],
     [
      -77.31390481232323,
      38.6732597723446
     ],
     [
      -77.31390387891892,
      38.673257719622825
     ],
     [
      -77.31390323796855,
      38.6732556661127
     ],
     [
      -77.31390288947206,
      38.67325361181423
     ],
     [
      -77.31390283342944,
      38.6732515567274
     ],
     [
      -77.31390306984068,
      38.673249500852236
     ],
     [
      -77.31390355088348,
      38.67324744431764
     ],
     [
      -77.31390427655784,
      38.67324538712361
     ],
     [
      -77.31390524686371,
      38.67324332927011
     ],
     [
      -77.31390646180111,
      38.6732412707572
     ],
     [
      -77.31390764391526,
      38.673239429560695
     ],
     [
      -77.31390879320618,
      38.67323780568059
     ],
     [
      -77.31390990967391,
      38.673236399116924
     ],
     [
      -77.31391099331844,
      38.67323520986965
     ],
     [
      -77.31391208522844,
      38.67323409995369
     ],
     [
      -77.31391318540395,
      38.673233069369
     ],
     [
      -77.31391429384495,
      38.6732321181156
     ],
     [
      -77.31391541055146,
      38.67323124619347
     ],
     [
      -77.31391662204979,
      38.67323028977719
     ],
     [
      -77.31391792833996,
      38.673229248866704
     ],
     [
      -77.31391932942195,
      38.67322812346206
     ],
     [
      -77.31392082529574,
      38.673226913563255
     ],
     [
      -77.31392244086906,
      38.673225792465395
     ],
     [
      -77.31392417614191,
      38.673224760168516
     ],
     [
      -77.31392603111429,
      38.67322381667259
     ],
     [
      -77.3139280057862,
      38.67322296197763
     ],
     [
      -77.31392964720804,
      38.67322222868533
     ],
     [
      -77.31393095537987,
      38.673221616795736
     ],
     [
      -77.3139319303017,
      38.67322112630882
     ],
     [
      -77.31393257197354,
      38.67322075722461
     ],
     [
      -77.31393328295758,
      38.67322057163071
     ],
     [
      -77.31393406325383,
      38.67322056952712
     ],
     [
      -77.31393491286228,
      38.67322075091384
     ],
     [
      -77.31393583178296,
      38.67322111579089
     ],
     [
      -77.31393689260683,
      38.67322190225623
     ],
     [
      -77.31393809533394,
      38.673223110309905
     ],
     [
      -77.31393943996429,
      38.67322473995189
     ],
     [
      -77.31394092649792,
      38.67322679118221
     ],
     [
      -77.31394204780548,
      38.673228843397105
     ],
     [
      -77.31394280388696,
      38.67323089659666
     ],
     [
      -77.31394319474231,
      38.673232950780815
     ],
     [
      -77.31394322037148,
      38.673235005949614
     ],
     [
      -77.31394314274853,
      38.67323706139677
     ],
     [
      -77.31394296187344,
      38.67323911712232
     ],
     [
      -77.3139426777462,
      38.6732411731262
     ],
     [
      -77.31394229036678,
      38.67324322940844
     ],
     [
      -77.31394186008681,
      38.67324528580636
     ],
     [
      -77.3139413869063,
      38.67324734231992
     ],
     [
      -77.3139408708252,
      38.67324939894913
     ],
     [
      -77.31394031184354,
      38.67325145569401
     ],
     [
      -77.31393971459323,
      38.67325351254206
     ],
     [
      -77.31393907907426,
      38.67325556949326
     ],
     [
      -77.31393840528663,
      38.67325762654763
     ],
     [
      -77.31393769323034,
      38.673259683705155
     ],
     [
      -77.31393698201914,
      38.673261740860404
     ],
     [
      -77.31393627165305,
      38.67326379801338
     ],
     [
      -77.31393556213203,
      38.67326585516407
     ],
     [
      -77.31393485345612,
      38.673267912312475
     ],
     [
      -77.31393444471756,
      38.67326996865227
     ],
     [
      -77.31393433591637,
      38.673272024183476
     ],
     [
      -77.3139345270526,
      38.673274078906076
     ],
     [
      -77.31393501812626,
      38.673276132820085
     ],
     [
      -77.3139357706082,
      38.67327818602935
     ],
     [
      -77.31393678449847,
      38.673280238533906
     ],
     [
      -77.31393805979704,
      38.67328229033369
     ],
     [
      -77.31393959650397,
      38.67328434142875
     ],
     [
      -77.31394090051582,
      38.6732860090421
     ],
     [
      -77.31394197183252,
      38.67328729317379
     ],
     [
      -77.31394281045407,
      38.6732881938238
     ],
     [
      -77.31394341638041,
      38.67328871099215
     ],
     [
      -77.3139443141248,
      38.6732894817823
     ],
     [
      -77.31394550368724,
      38.673290506194206
     ],
     [
      -77.31394698506774,
      38.673291784227885
     ],
     [
      -77.31394875826636,
      38.67329331588332
     ],
     [
      -77.31395030265293,
      38.67329461932882
     ],
     [
      -77.31395161822739,
      38.673295694564366
     ],
     [
      -77.31395270498976,
      38.67329654159001
     ],
     [
      -77.31395356293999,
      38.67329716040574
     ],
     [
      -77.31395486306356,
      38.67329790538191
     ],
     [
      -77.31395660536049,
      38.67329877651852
     ],
     [
      -77.3139587898308,
      38.67329977381556
     ],
     [
      -77.31396141647454,
      38.67330089727298
     ],
     [
      -77.31396367877625,
      38.673301814970365
     ],
     [
      -77.31396557673587,
      38.67330252690773
     ],
     [
      -77.31396711035337,
      38.67330303308511
     ],
     [
      -77.31396827962877,
      38.6733033335025
     ],
     [
      -77.31396952034143,
      38.67330363099764
     ],
     [
      -77.31397083249135,
      38.67330392557052
     ],
     [
      -77.31397221607853,
      38.673304217221116
     ],
     [
      -77.31397367110296,
      38.67330450594948
     ],
     [
      -77.31397541821593,
      38.673304817279266
     ],
     [
      -77.31397745741744,
      38.673305151210485
     ],
     [
      -77.31397978870747,
      38.67330550774312
     ],
     [
      -77.31398241208606,
      38.673305886877166
     ],
     [
      -77.31398503553302,
      38.67330628159117
     ],
     [
      -77.31398765904838,
      38.67330669188514
     ],
     [
      -77.31399028263212,
      38.67330711775909
     ],
     [
      -77.31399290628424,
      38.67330755921302
     ],
     [
      -77.3139955300778,
      38.673308032890446
     ],
     [
      -77.31399815401276,
      38.67330853879136
     ],
     [
      -77.31400077808917,
      38.67330907691577
     ],
     [
      -77.314003402307,
      38.67330964726365
     ],
     [
      -77.31400574277274,
      38.67331016162731
     ],
     [
      -77.3140077994864,
      38.67331062000678
     ],
     [
      -77.31400957244796,
      38.67331102240203
     ],
     [
      -77.31401106165741,
      38.67331136881312
     ],
     [
      -77.31401246240168,
      38.67331170398184
     ],
     [
      -77.3140137746807,
      38.673312027908196
     ],
     [
      -77.31401499849456,
      38.6733123405922
     ],
     [
      -77.31401613384318,
      38.673312642033835
     ],
     [
      -77.31401764165264,
      38.673313066186985
     ],
     [
      -77.31401952192296,
      38.67331361305161
     ],
     [
      -77.31402177465414,
      38.673314282627736
     ],
     [
      -77.31402439984622,
      38.67331507491529
     ],
     [
      -77.31402702510542,
      38.673315882486214
     ],
     [
      -77.31402965043172,
      38.673316705340504
     ],
     [
      -77.31403227582517,
      38.67331754347816
     ],
     [
      -77.31403490128574,
      38.67331839689919
     ],
     [
      -77.31403692968792,
      38.67331905952165
     ],
     [
      -77.31403836103166,
      38.673319531345605
     ],
     [
      -77.31403919531698,
      38.67331981237106
     ],
     [
      -77.31403943254381,
      38.67331990259803
     ],
     [
      -77.31404020764305,
      38.67332018855643
     ],
     [
      -77.3140415206147,
      38.67332067024628
     ],
     [
      -77.31404337145875,
      38.67332134766749
     ],
     [
      -77.31404576017529,
      38.67332222082009
     ],
     [
      -77.31404818242402,
      38.6733231678944
     ],
     [
      -77.31405063820492,
      38.67332418889042
     ],
     [
      -77.31405312751802,
      38.67332528380815
     ],
     [
      -77.31405565036334,
      38.67332645264756
     ],
     [
      -77.31405756855176,
      38.673327341664134
     ],
     [
      -77.3140588820832,
      38.67332795085786
     ],
     [
      -77.31405959095767,
      38.673328280228795
     ],
     [
      -77.3140596951751,
      38.67332832977692
     ],
     [
      -77.3140604295569,
      38.67332854688483
     ],
     [
      -77.31406179410304,
      38.67332893155253
     ],
     [
      -77.31406378881356,
      38.67332948377999
     ],
     [
      -77.31406641368847,
      38.67333020356716
     ],
     [
      -77.3140690382481,
      38.67333085150357
     ],
     [
      -77.31407166249247,
      38.67333142758918
     ],
     [
      -77.31407428642153,
      38.67333193182404
     ],
     [
      -77.3140769100353,
      38.6733323642081
     ],
     [
      -77.31407953328895,
      38.6733327145318
     ],
     [
      -77.31408215618245,
      38.67333298279509
     ],
     [
      -77.31408477871584,
      38.673333168997985
     ],
     [
      -77.31408740088908,
      38.673333273140514
     ],
     [
      -77.31409002294279,
      38.67333335004921
     ],
     [
      -77.314092644877,
      38.673333399724115
     ],
     [
      -77.31409526669165,
      38.673333422165186
     ],
     [
      -77.3140978883868,
      38.67333341737244
     ],
     [
      -77.31410051003793,
      38.673333402553304
     ],
     [
      -77.31410313164506,
      38.67333337770777
     ],
     [
      -77.31410575320817,
      38.67333334283583
     ],
     [
      -77.31410837472727,
      38.67333329793746
     ],
     [
      -77.31411099640079,
      38.67333328822098
     ],
     [
      -77.31411361822875,
      38.67333331368638
     ],
     [
      -77.31411624021112,
      38.67333337433365
     ],
     [
      -77.31411886234793,
      38.67333347016279
     ],
     [
      -77.31412148450288,
      38.67333357012567
     ],
     [
      -77.31412410667599,
      38.673333674222285
     ],
     [
      -77.31412672886725,
      38.67333378245267
     ],
     [
      -77.31412935107666,
      38.67333389481678
     ],
     [
      -77.31413197352947,
      38.673334062624875
     ],
     [
      -77.31413459622564,
      38.673334285876905
     ],
     [
      -77.31413721916523,
      38.67333456457288
     ],
     [
      -77.31413984234823,
      38.67333489871283
     ],
     [
      -77.31414199232965,
      38.673335198789985
     ],
     [
      -77.31414366910953,
      38.67333546480436
     ],
     [
      -77.31414487268785,
      38.673335696756
     ],
     [
      -77.31414560306457,
      38.67333589464492
     ],
     [
      -77.314146624419,
      38.67333616147607
     ],
     [
      -77.31414793675111,
      38.673336497249494
     ],
     [
      -77.31414954006092,
      38.67333690196515
     ],
     [
      -77.31415143434845,
      38.673337375623035
     ],
     [
      -77.31415351106114,
      38.67333786024469
     ],
     [
      -77.31415577019902,
      38.67333835583011
     ],
     [
      -77.31415821176208,
      38.6733388623793
     ],
     [
      -77.31416083575031,
      38.67333937989223
     ],
     [
      -77.31416345957031,
      38.673339859068854
     ],
     [
      -77.31416608322203,
      38.67334029990914
     ],
     [
      -77.31416870670549,
      38.67334070241316
     ]
    ]
   },
   "properties": {
    "id": "ct-1",
    "kind": "Contour",
    "sourceId": "contours",
    "reliabilityLevel": 1,
    "revision": 1,
    "engineeringGeometry": {
     "crs": "EPSG:2248",
     "crsName": "NAD83 / Maryland State Plane (US survey feet)",
     "datum": "NAD83",
     "unit": "usSurveyFoot",
     "coordinates": [
      [
       1222770.0689641717,
       366789.5262831309,
       264
      ],
      [
       1222770.0230145454,
       366789.4710214857,
       264
      ],
      [
       1222769.9311152934,
       366789.3604981952,
       264
      ],
      [
       1222769.793266415,
       366789.1947132595,
       264
      ],
      [
       1222769.6094679104,
       366788.9736666786,
       264
      ],
      [
       1222769.3598794076,
       366788.6760218362,
       264
      ],
      [
       1222769.044500907,
       366788.3017787324,
       264
      ],
      [
       1222768.6633324078,
       366787.85093736707,
       264
      ],
      [
       1222768.2163739102,
       366787.3234977403,
       264
      ],
      [
       1222767.8057731097,
       366786.85086626466,
       264
      ],
      [
       1222767.431530006,
       366786.43304294004,
       264
      ],
      [
       1222767.093644599,
       366786.0700277666,
       264
      ],
      [
       1222766.7921168883,
       366785.76182074414,
       264
      ],
      [
       1222766.4488866641,
       366785.420595681,
       264
      ],
      [
       1222766.063953926,
       366785.0463525772,
       264
      ],
      [
       1222765.637318674,
       366784.6390914327,
       264
      ],
      [
       1222765.1689809076,
       366784.19881224737,
       264
      ],
      [
       1222764.7476904728,
       366783.7971819866,
       264
      ],
      [
       1222764.3734473689,
       366783.4342006503,
       264
      ],
      [
       1222764.0462515962,
       366783.1098682384,
       264
      ],
      [
       1222763.7661031547,
       366782.8241847509,
       264
      ],
      [
       1222763.4400816057,
       366782.4942214553,
       264
      ],
      [
       1222763.068186949,
       366782.1199783514,
       264
      ],
      [
       1222762.650419185,
       366781.7014554394,
       264
      ],
      [
       1222762.186778314,
       366781.23865271924,
       264
      ],
      [
       1222761.7678363263,
       366780.84066773555,
       264
      ],
      [
       1222761.3935932224,
       366780.5075004884,
       264
      ],
      [
       1222761.0640490022,
       366780.23915097787,
       264
      ],
      [
       1222760.779203666,
       366780.0356192039,
       264
      ],
      [
       1222760.3784481117,
       366779.796213461,
       264
      ],
      [
       1222759.8617823396,
       366779.5209337492,
       264
      ],
      [
       1222759.2292063497,
       366779.20978006854,
       264
      ],
      [
       1222758.4807201424,
       366778.862752419,
       264
      ],
      [
       1222757.798523078,
       366778.5529999858,
       264
      ],
      [
       1222757.1826151568,
       366778.28052276897,
       264
      ],
      [
       1222756.632996379,
       366778.0453207685,
       264
      ],
      [
       1222756.1496667445,
       366777.8473939844,
       264
      ],
      [
       1222755.7208803752,
       366777.66666823265,
       264
      ],
      [
       1222755.3466372713,
       366777.5031435132,
       264
      ],
      [
       1222755.026937433,
       366777.35681982606,
       264
      ],
      [
       1222754.76178086,
       366777.2276971714,
       264
      ],
      [
       1222754.375791878,
       366777.0232993377,
       264
      ],
      [
       1222753.8689704877,
       366776.74362632516,
       264
      ],
      [
       1222753.2413166887,
       366776.3886781338,
       264
      ],
      [
       1222752.492830481,
       366775.95845476346,
       264
      ],
      [
       1222751.854601479,
       366775.5885021901,
       264
      ],
      [
       1222751.3266296827,
       366775.2788204136,
       264
      ],
      [
       1222750.9089150922,
       366775.02940943406,
       264
      ],
      [
       1222750.6014577076,
       366774.84026925144,
       264
      ],
      [
       1222750.2606074633,
       366774.62417798245,
       264
      ],
      [
       1222749.8863643594,
       366774.38113562716,
       264
      ],
      [
       1222749.478728396,
       366774.1111421856,
       264
      ],
      [
       1222749.0376995732,
       366773.8141976576,
       264
      ],
      [
       1222748.5666735033,
       366773.4786038417,
       264
      ],
      [
       1222748.0656501867,
       366773.1043607379,
       264
      ],
      [
       1222747.5346296232,
       366772.6914683461,
       264
      ],
      [
       1222746.9736118123,
       366772.23992666637,
       264
      ],
      [
       1222746.5059813552,
       366771.8577071862,
       264
      ],
      [
       1222746.1317382515,
       366771.5448099056,
       264
      ],
      [
       1222745.8508825009,
       366771.30123482447,
       264
      ],
      [
       1222745.663414104,
       366771.12698194286,
       264
      ],
      [
       1222745.4005285893,
       366770.85273395013,
       264
      ],
      [
       1222745.062225957,
       366770.47849084635,
       264
      ],
      [
       1222744.6485062076,
       366770.0042526314,
       264
      ],
      [
       1222744.1593693406,
       366769.4300193052,
       264
      ],
      [
       1222743.7276793553,
       366768.9182762078,
       264
      ],
      [
       1222743.3534362514,
       366768.4690233391,
       264
      ],
      [
       1222743.036640029,
       366768.082260699,
       264
      ],
      [
       1222742.7772906884,
       366767.75798828766,
       264
      ],
      [
       1222742.5062548919,
       366767.40873053006,
       264
      ],
      [
       1222742.2235326394,
       366767.03448742616,
       264
      ],
      [
       1222741.929123931,
       366766.63525897614,
       264
      ],
      [
       1222741.6230287668,
       366766.2110451799,
       264
      ],
      [
       1222741.282859633,
       366765.73412064917,
       264
      ],
      [
       1222740.9086165293,
       366765.204485384,
       264
      ],
      [
       1222740.5002994556,
       366764.6221393844,
       264
      ],
      [
       1222740.057908412,
       366763.9870826504,
       264
      ],
      [
       1222739.7045702212,
       366763.48243273154,
       264
      ],
      [
       1222739.4402848834,
       366763.1081896277,
       264
      ],
      [
       1222739.2650523982,
       366762.86435333895,
       264
      ],
      [
       1222739.1788727655,
       366762.75092386524,
       264
      ],
      [
       1222738.9668786414,
       366762.47873020807,
       264
      ],
      [
       1222738.6290700254,
       366762.0477723674,
       264
      ],
      [
       1222738.1654469175,
       366761.45805034327,
       264
      ],
      [
       1222737.5760093182,
       366760.7095641356,
       264
      ],
      [
       1222737.1157138748,
       366760.1236720499,
       264
      ],
      [
       1222736.7845605873,
       366759.7003740862,
       264
      ],
      [
       1222736.5825494556,
       366759.4396702445,
       264
      ],
      [
       1222736.5096804798,
       366759.34156052483,
       264
      ],
      [
       1222736.3326138342,
       366759.10538411303,
       264
      ],
      [
       1222736.0513495188,
       366758.7311410092,
       264
      ],
      [
       1222735.6658875337,
       366758.2188312133,
       264
      ],
      [
       1222735.1762278788,
       366757.5684547253,
       264
      ],
      [
       1222734.7442764994,
       366756.98280886805,
       264
      ],
      [
       1222734.3700333955,
       366756.4618936414,
       264
      ],
      [
       1222734.0534985673,
       366756.00570904533,
       264
      ],
      [
       1222733.7946720147,
       366755.61425508006,
       264
      ],
      [
       1222733.5408169257,
       366755.23140654544,
       264
      ],
      [
       1222733.2919333007,
       366754.8571634416,
       264
      ],
      [
       1222733.0480211396,
       366754.4915257685,
       264
      ],
      [
       1222732.8090804429,
       366754.1344935262,
       264
      ],
      [
       1222732.519517147,
       366753.67959779256,
       264
      ],
      [
       1222732.1793312524,
       366753.12683856755,
       264
      ],
      [
       1222731.7885227588,
       366752.47621585126,
       264
      ],
      [
       1222731.3470916662,
       366751.7277296436,
       264
      ],
      [
       1222730.9989897425,
       366751.13037230115,
       264
      ],
      [
       1222730.7442169872,
       366750.6841438241,
       264
      ],
      [
       1222730.5827734002,
       366750.38904421224,
       264
      ],
      [
       1222730.5146589822,
       366750.2450734656,
       264
      ],
      [
       1222730.3707642744,
       366749.9859665404,
       264
      ],
      [
       1222730.1510892771,
       366749.6117234366,
       264
      ],
      [
       1222729.8556339906,
       366749.12234415417,
       264
      ],
      [
       1222729.4843984146,
       366748.51782869303,
       264
      ],
      [
       1222729.1116590747,
       366747.94535623887,
       264
      ],
      [
       1222728.7374159708,
       366747.40492679155,
       264
      ],
      [
       1222728.3616691031,
       366746.89654035115,
       264
      ],
      [
       1222727.9844184713,
       366746.42019691766,
       264
      ],
      [
       1222727.5342565589,
       366745.99490364897,
       264
      ],
      [
       1222727.0111833648,
       366745.62066054513,
       264
      ],
      [
       1222726.41519889,
       366745.29746760614,
       264
      ],
      [
       1222725.7463031337,
       366745.02532483195,
       264
      ],
      [
       1222725.2247337038,
       366744.8133433389,
       264
      ],
      [
       1222724.8504905999,
       366744.6615231271,
       264
      ],
      [
       1222724.6235738224,
       366744.5698641965,
       264
      ],
      [
       1222724.5439833708,
       366744.538366547,
       264
      ],
      [
       1222724.2971689801,
       366744.42441901227,
       264
      ],
      [
       1222723.8831306505,
       366744.22802159225,
       264
      ],
      [
       1222723.3018683817,
       366743.94917428686,
       264
      ],
      [
       1222722.5533821743,
       366743.5878770962,
       264
      ],
      [
       1222721.8048959668,
       366743.29714949615,
       264
      ],
      [
       1222721.056409759,
       366743.0769914867,
       264
      ],
      [
       1222720.3079235512,
       366742.9274030679,
       264
      ],
      [
       1222719.5594373434,
       366742.8483842396,
       264
      ],
      [
       1222718.8109511356,
       366742.8275114892,
       264
      ],
      [
       1222718.0624649278,
       366742.86478481663,
       264
      ],
      [
       1222717.3139787202,
       366742.9602042219,
       264
      ],
      [
       1222716.565492513,
       366743.11376970506,
       264
      ],
      [
       1222715.9336208536,
       366743.12138431176,
       264
      ],
      [
       1222715.4183637423,
       366742.9830480421,
       264
      ],
      [
       1222715.0197211797,
       366742.6987608961,
       264
      ],
      [
       1222714.7376931652,
       366742.26852287364,
       264
      ],
      [
       1222714.5921500812,
       366741.75872280495,
       264
      ],
      [
       1222714.5830919277,
       366741.1693606899,
       264
      ],
      [
       1222714.7105187043,
       366740.5004365285,
       264
      ],
      [
       1222714.9744304116,
       366739.7519503209,
       264
      ],
      [
       1222715.154846996,
       366739.0034641132,
       264
      ],
      [
       1222715.2517684577,
       366738.25497790554,
       264
      ],
      [
       1222715.265194797,
       366737.50649169786,
       264
      ],
      [
       1222715.1951260138,
       366736.7580054902,
       264
      ],
      [
       1222715.0552152868,
       366736.0095192825,
       264
      ],
      [
       1222714.8454626156,
       366735.2610330749,
       264
      ],
      [
       1222714.5658680007,
       366734.5125468672,
       264
      ],
      [
       1222714.216431442,
       366733.76406065945,
       264
      ],
      [
       1222713.8766378835,
       366733.0946855482,
       264
      ],
      [
       1222713.5464873249,
       366732.5044215335,
       264
      ],
      [
       1222713.2259797663,
       366731.99326861516,
       264
      ],
      [
       1222712.915115208,
       366731.5612267933,
       264
      ],
      [
       1222712.6019902301,
       366731.15808433044,
       264
      ],
      [
       1222712.2866048333,
       366730.7838412266,
       264
      ],
      [
       1222711.968959017,
       366730.4384974818,
       264
      ],
      [
       1222711.6490527815,
       366730.122053096,
       264
      ],
      [
       1222711.3019781117,
       366729.7749302908,
       264
      ],
      [
       1222710.9277350078,
       366729.3971290663,
       264
      ],
      [
       1222710.5263234698,
       366728.98864942236,
       264
      ],
      [
       1222710.0977434982,
       366728.5494913591,
       264
      ],
      [
       1222709.6351010848,
       366728.1427907755,
       264
      ],
      [
       1222709.1383962303,
       366727.7685476717,
       264
      ],
      [
       1222708.6076289346,
       366727.4267620476,
       264
      ],
      [
       1222708.0427991976,
       366727.11743390316,
       264
      ],
      [
       1222707.5732627772,
       366726.8519915864,
       264
      ],
      [
       1222707.1990196733,
       366726.6304350972,
       264
      ],
      [
       1222706.920069886,
       366726.45276443555,
       264
      ],
      [
       1222706.7364134155,
       366726.3189796015,
       264
      ],
      [
       1222706.5331984453,
       366726.25208718446,
       264
      ],
      [
       1222706.3104249758,
       366726.25208718446,
       264
      ],
      [
       1222706.068093007,
       366726.3189796015,
       264
      ],
      [
       1222705.806202539,
       366726.45276443555,
       264
      ],
      [
       1222705.5043273969,
       366726.740224613,
       264
      ],
      [
       1222705.1624675805,
       366727.18136013387,
       264
      ],
      [
       1222704.7806230902,
       366727.7761709981,
       264
      ],
      [
       1222704.358793926,
       366728.5246572058,
       264
      ],
      [
       1222704.0412362972,
       366729.2731434135,
       264
      ],
      [
       1222703.8279502038,
       366730.0216296211,
       264
      ],
      [
       1222703.7189356461,
       366730.7701158288,
       264
      ],
      [
       1222703.714192624,
       366731.51860203646,
       264
      ],
      [
       1222703.7389279327,
       366732.26708824415,
       264
      ],
      [
       1222703.7931415723,
       366733.0155744518,
       264
      ],
      [
       1222703.876833543,
       366733.7640606595,
       264
      ],
      [
       1222703.9900038447,
       366734.5125468672,
       264
      ],
      [
       1222704.1154221843,
       366735.2610330749,
       264
      ],
      [
       1222704.253088562,
       366736.0095192825,
       264
      ],
      [
       1222704.4030029778,
       366736.7580054902,
       264
      ],
      [
       1222704.565165432,
       366737.5064916979,
       264
      ],
      [
       1222704.738253517,
       366738.2549779056,
       264
      ],
      [
       1222704.9222672337,
       366739.0034641132,
       264
      ],
      [
       1222705.1172065814,
       366739.7519503209,
       264
      ],
      [
       1222705.3230715604,
       366740.5004365285,
       264
      ],
      [
       1222705.5286952555,
       366741.24892273615,
       264
      ],
      [
       1222705.7340776664,
       366741.99740894395,
       264
      ],
      [
       1222705.939218793,
       366742.7458951516,
       264
      ],
      [
       1222706.144118636,
       366743.4943813592,
       264
      ],
      [
       1222706.2633868372,
       366744.2428675669,
       264
      ],
      [
       1222706.297023397,
       366744.9913537745,
       264
      ],
      [
       1222706.245028315,
       366745.7398399822,
       264
      ],
      [
       1222706.1074015917,
       366746.4883261899,
       264
      ],
      [
       1222705.895143242,
       366747.2368123976,
       264
      ],
      [
       1222705.6082532657,
       366747.9852986052,
       264
      ],
      [
       1222705.2467316627,
       366748.7337848129,
       264
      ],
      [
       1222704.8105784333,
       366749.4822710206,
       264
      ],
      [
       1222704.4403782166,
       366750.0908706067,
       264
      ],
      [
       1222704.136131013,
       366750.5595835713,
       264
      ],
      [
       1222703.8978368226,
       366750.88840991433,
       264
      ],
      [
       1222703.7254956448,
       366751.07734963583,
       264
      ],
      [
       1222703.4701595493,
       366751.3589410485,
       264
      ],
      [
       1222703.1318285358,
       366751.7331841523,
       264
      ],
      [
       1222702.710502604,
       366752.20007894735,
       264
      ],
      [
       1222702.206181754,
       366752.7596254335,
       264
      ],
      [
       1222701.766899777,
       366753.2358367003,
       264
      ],
      [
       1222701.3926566734,
       366753.6287127477,
       264
      ],
      [
       1222701.0834524427,
       366753.9382535757,
       264
      ],
      [
       1222700.8392870845,
       366754.1644591843,
       264
      ],
      [
       1222700.4690415142,
       366754.43704465637,
       264
      ],
      [
       1222699.9727157315,
       366754.7560099922,
       264
      ],
      [
       1222699.350309736,
       366755.12135519146,
       264
      ],
      [
       1222698.6018235288,
       366755.5330802541,
       264
      ],
      [
       1222697.9570974116,
       366755.8695129353,
       264
      ],
      [
       1222697.4161313851,
       366756.1306532349,
       264
      ],
      [
       1222696.9789254493,
       366756.3165011528,
       264
      ],
      [
       1222696.6454796046,
       366756.42705668905,
       264
      ],
      [
       1222696.29163513,
       366756.53661813296,
       264
      ],
      [
       1222695.9173920262,
       366756.64518548443,
       264
      ],
      [
       1222695.522750293,
       366756.7527587436,
       264
      ],
      [
       1222695.1077099305,
       366756.8593379104,
       264
      ],
      [
       1222694.6093081068,
       366756.97443499335,
       264
      ],
      [
       1222694.0275448216,
       366757.09804999235,
       264
      ],
      [
       1222693.362420075,
       366757.2301829075,
       264
      ],
      [
       1222692.6139338673,
       366757.37083373877,
       264
      ],
      [
       1222691.8654476595,
       366757.5171586475,
       264
      ],
      [
       1222691.1169614517,
       366757.6691576337,
       264
      ],
      [
       1222690.3684752441,
       366757.82683069736,
       264
      ],
      [
       1222689.6199890368,
       366757.99017783854,
       264
      ],
      [
       1222688.8715028292,
       366758.16526044195,
       264
      ],
      [
       1222688.1230166215,
       366758.35207850765,
       264
      ],
      [
       1222687.3745304137,
       366758.5506320357,
       264
      ],
      [
       1222686.6260442059,
       366758.7609210261,
       264
      ],
      [
       1222685.9584976342,
       366758.95054278837,
       264
      ],
      [
       1222685.371890699,
       366759.1194973226,
       264
      ],
      [
       1222684.8662233998,
       366759.2677846288,
       264
      ],
      [
       1222684.4414957366,
       366759.3954047069,
       264
      ],
      [
       1222684.0420103532,
       366759.51884361776,
       264
      ],
      [
       1222683.6677672493,
       366759.63810136146,
       264
      ],
      [
       1222683.318766425,
       366759.7531779379,
       264
      ],
      [
       1222682.9950078805,
       366759.86407334707,
       264
      ],
      [
       1222682.5650674202,
       366760.02002419217,
       264
      ],
      [
       1222682.0289450441,
       366760.2210304732,
       264
      ],
      [
       1222681.3866407522,
       366760.4670921901,
       264
      ],
      [
       1222680.6381545444,
       366760.75820934295,
       264
      ],
      [
       1222679.8896683368,
       366761.05489255156,
       264
      ],
      [
       1222679.1411821293,
       366761.3571418161,
       264
      ],
      [
       1222678.3926959215,
       366761.6649571365,
       264
      ],
      [
       1222677.6442097141,
       366761.97833851265,
       264
      ],
      [
       1222677.0659415605,
       366762.22164761217,
       264
      ],
      [
       1222676.6578914612,
       366762.3948844351,
       264
      ],
      [
       1222676.4200594155,
       366762.4980489812,
       264
      ],
      [
       1222676.3524454243,
       366762.5311412506,
       264
      ],
      [
       1222676.1315168766,
       366762.6360441748,
       264
      ],
      [
       1222675.7572737727,
       366762.81275775365,
       264
      ],
      [
       1222675.2297161128,
       366763.06128198735,
       264
      ],
      [
       1222674.5488438962,
       366763.3816168757,
       264
      ],
      [
       1222673.8584910461,
       366763.7289058718,
       264
      ],
      [
       1222673.158657562,
       366764.10314897564,
       264
      ],
      [
       1222672.4493434443,
       366764.50434618717,
       264
      ],
      [
       1222671.7305486926,
       366764.93249750655,
       264
      ],
      [
       1222671.184029765,
       366765.2581477538,
       264
      ],
      [
       1222670.809786661,
       366765.48129692895,
       264
      ],
      [
       1222670.6078193812,
       366765.6019450321,
       264
      ],
      [
       1222670.578127925,
       366765.62009206304,
       264
      ],
      [
       1222670.368737781,
       366765.6998807502,
       264
      ],
      [
       1222669.979648949,
       366765.8413110936,
       264
      ],
      [
       1222669.4108614293,
       366766.0443830931,
       264
      ],
      [
       1222668.662375222,
       366766.30909674865,
       264
      ],
      [
       1222667.9138890142,
       366766.5476431622,
       264
      ],
      [
       1222667.1654028066,
       366766.7600223336,
       264
      ],
      [
       1222666.416916599,
       366766.94623426284,
       264
      ],
      [
       1222665.6684303912,
       366767.10627895,
       264
      ],
      [
       1222664.9199441834,
       366767.2364381665,
       264
      ],
      [
       1222664.1714579756,
       366767.33671191224,
       264
      ],
      [
       1222663.422971768,
       366767.40710018727,
       264
      ],
      [
       1222662.6744855607,
       366767.44760299166,
       264
      ],
      [
       1222661.9259993532,
       366767.4781875616,
       264
      ],
      [
       1222661.1775131454,
       366767.4988538971,
       264
      ],
      [
       1222660.4290269376,
       366767.5096019983,
       264
      ],
      [
       1222659.6805407298,
       366767.5104318651,
       264
      ],
      [
       1222658.932054522,
       366767.5076102471,
       264
      ],
      [
       1222658.1835683142,
       366767.50113714446,
       264
      ],
      [
       1222657.4350821066,
       366767.491012557,
       264
      ],
      [
       1222656.6865958993,
       366767.4772364848,
       264
      ],
      [
       1222655.9381096917,
       366767.47627328575,
       264
      ],
      [
       1222655.189623484,
       366767.4881229598,
       264
      ],
      [
       1222654.4411372761,
       366767.51278550696,
       264
      ],
      [
       1222653.6926510683,
       366767.55026092724,
       264
      ],
      [
       1222652.9441648608,
       366767.5892418338,
       264
      ],
      [
       1222652.1956786532,
       366767.6297282265,
       264
      ],
      [
       1222651.4471924454,
       366767.6717201056,
       264
      ],
      [
       1222650.698706238,
       366767.71521747095,
       264
      ],
      [
       1222649.9502200303,
       366767.77890693746,
       264
      ],
      [
       1222649.2017338225,
       366767.86278850515,
       264
      ],
      [
       1222648.4532476147,
       366767.9668621741,
       264
      ],
      [
       1222647.7047614073,
       366768.0911279442,
       264
      ],
      [
       1222647.0913290733,
       366768.2025236916,
       264
      ],
      [
       1222646.612950613,
       366768.3010494163,
       264
      ],
      [
       1222646.2696260265,
       366768.38670511823,
       264
      ],
      [
       1222646.061355314,
       366768.45949079737,
       264
      ],
      [
       1222645.770098406,
       366768.5576700687,
       264
      ],
      [
       1222645.395855302,
       366768.68124293233,
       264
      ],
      [
       1222644.9386260025,
       366768.830209388,
       264
      ],
      [
       1222644.3984105075,
       366769.00456943584,
       264
      ],
      [
       1222643.8061273342,
       366769.18310156406,
       264
      ],
      [
       1222643.1617764828,
       366769.3658057728,
       264
      ],
      [
       1222642.4653579532,
       366769.5526820619,
       264
      ],
      [
       1222641.716871746,
       366769.7437304314,
       264
      ],
      [
       1222640.968385538,
       366769.920817159,
       264
      ],
      [
       1222640.2198993305,
       366770.0839422449,
       264
      ],
      [
       1222639.471413123,
       366770.2331056887,
       264
      ]
     ]
    },
    "elevationFt": 264,
    "weight": "intermediate",
    "hidden": false
   }
  },
  {
   "type": "Feature",
   "geometry": {
    "type": "LineString",
    "coordinates": [
     [
      -77.31364279758884,
      38.673395096424244
     ],
     [
      -77.31364331532592,
      38.673394581220315
     ],
     [
      -77.31364435080008,
      38.67339355081247
     ],
     [
      -77.31364590401125,
      38.67339200520069
     ],
     [
      -77.31364797495938,
      38.673389944384915
     ],
     [
      -77.31364953057222,
      38.67338839630671
     ],
     [
      -77.31365057084986,
      38.67338736096609
     ],
     [
      -77.31365109579234,
      38.67338683836304
     ],
     [
      -77.31365110539966,
      38.673386828497556
     ],
     [
      -77.31365176002552,
      38.67338630800511
     ],
     [
      -77.3136530596699,
      38.67338527688565
     ],
     [
      -77.31365500433277,
      38.67338373513917
     ],
     [
      -77.31365759401399,
      38.67338168276561
     ],
     [
      -77.31365954201681,
      38.67338013930083
     ],
     [
      -77.31366084834129,
      38.673379104744875
     ],
     [
      -77.3136615129875,
      38.67337857909772
     ],
     [
      -77.31366153595545,
      38.673378562359396
     ],
     [
      -77.31366220642605,
      38.67337805133323
     ],
     [
      -77.31366352439927,
      38.67337704601918
     ],
     [
      -77.31366548987508,
      38.67337554641725
     ],
     [
      -77.31366810285336,
      38.6733735525274
     ],
     [
      -77.3136700798748,
      38.67337204413596
     ],
     [
      -77.31367142093943,
      38.673371021242936
     ],
     [
      -77.31367212604734,
      38.67337048384839
     ],
     [
      -77.31367219519855,
      38.67337043195232
     ],
     [
      -77.3136728759701,
      38.67336987752675
     ],
     [
      -77.313674168362,
      38.67336882057169
     ],
     [
      -77.31367607237415,
      38.67336726108711
     ],
     [
      -77.3136785880065,
      38.67336519907296
     ],
     [
      -77.31368048162135,
      38.67336364655411
     ],
     [
      -77.31368175321877,
      38.673362603530606
     ],
     [
      -77.31368240279883,
      38.67336207000243
     ],
     [
      -77.31368243036155,
      38.6733620459696
     ],
     [
      -77.31368310430722,
      38.67336153615123
     ],
     [
      -77.3136844246358,
      38.6733605405473
     ],
     [
      -77.31368639134722,
      38.67335905915777
     ],
     [
      -77.31368900444143,
      38.67335709198261
     ],
     [
      -77.3136909993532,
      38.673355598720896
     ],
     [
      -77.31369237608261,
      38.67335457937262
     ],
     [
      -77.31369313462972,
      38.67335403393784
     ],
     [
      -77.31369327499456,
      38.67335396241653
     ],
     [
      -77.31369399914708,
      38.673353593787816
     ],
     [
      -77.31369530708729,
      38.67335292805166
     ],
     [
      -77.31369719881513,
      38.673351965208056
     ],
     [
      -77.31369967433059,
      38.67335070525697
     ],
     [
      -77.3137018856635,
      38.67334955884925
     ],
     [
      -77.31370383281391,
      38.67334852598491
     ],
     [
      -77.31370551578185,
      38.67334760666397
     ],
     [
      -77.3137069345673,
      38.67334680088641
     ],
     [
      -77.31370829777416,
      38.67334602957855
     ],
     [
      -77.3137096054024,
      38.6733452927404
     ],
     [
      -77.31371085745205,
      38.67334459037196
     ],
     [
      -77.31371205392311,
      38.67334392247319
     ],
     [
      -77.31371360545091,
      38.67334313535143
     ],
     [
      -77.31371551203542,
      38.67334222900665
     ],
     [
      -77.31371777367661,
      38.67334120343886
     ],
     [
      -77.31372039037448,
      38.67334005864799
     ],
     [
      -77.31372247698974,
      38.673339136515246
     ],
     [
      -77.31372403352242,
      38.673338437040655
     ],
     [
      -77.31372505997254,
      38.67333796022425
     ],
     [
      -77.31372555634012,
      38.673337706066036
     ],
     [
      -77.31372645829661,
      38.673337201155704
     ],
     [
      -77.31372776584199,
      38.67333644549323
     ],
     [
      -77.31372947897623,
      38.67333543907862
     ],
     [
      -77.31373159769929,
      38.67333418191185
     ],
     [
      -77.31373349739411,
      38.673333037254984
     ],
     [
      -77.3137351780607,
      38.673332005108065
     ],
     [
      -77.31373663969909,
      38.673331085471084
     ],
     [
      -77.31373788230927,
      38.67333027834407
     ],
     [
      -77.31373915725806,
      38.67332946755693
     ],
     [
      -77.31374046454545,
      38.67332865310969
     ],
     [
      -77.31374180417143,
      38.673327835002354
     ],
     [
      -77.313743176136,
      38.67332701323488
     ],
     [
      -77.31374473404094,
      38.67332608619253
     ],
     [
      -77.31374647788621,
      38.67332505387521
     ],
     [
      -77.31374840767184,
      38.673323916282975
     ],
     [
      -77.31375052339779,
      38.67332267341578
     ],
     [
      -77.31375223502334,
      38.673321671916625
     ],
     [
      -77.31375354254858,
      38.67332091178552
     ],
     [
      -77.3137544459735,
      38.673320393022486
     ],
     [
      -77.31375494529814,
      38.67332011562755
     ],
     [
      -77.3137559738783,
      38.673319601440184
     ],
     [
      -77.31375753171397,
      38.673318850460404
     ],
     [
      -77.31375961880514,
      38.67331786268816
     ],
     [
      -77.31376223515173,
      38.67331663812345
     ],
     [
      -77.31376446727295,
      38.6733155785545
     ],
     [
      -77.31376631516883,
      38.673314683981346
     ],
     [
      -77.3137677788394,
      38.67331395440399
     ],
     [
      -77.31376885828469,
      38.67331338982243
     ],
     [
      -77.31377005189768,
      38.67331275663881
     ],
     [
      -77.31377135967837,
      38.673312054853106
     ],
     [
      -77.31377278162678,
      38.67331128446531
     ],
     [
      -77.31377431774285,
      38.67331044547542
     ],
     [
      -77.31377583468986,
      38.67330951015312
     ],
     [
      -77.3137773324678,
      38.673308478498356
     ],
     [
      -77.31377881107663,
      38.67330735051121
     ],
     [
      -77.31378027051639,
      38.673306126191626
     ],
     [
      -77.31378165320915,
      38.67330495392434
     ],
     [
      -77.3137829591549,
      38.67330383370939
     ],
     [
      -77.31378418835368,
      38.673302765546715
     ],
     [
      -77.31378534080547,
      38.67330174943637
     ],
     [
      -77.31378642578362,
      38.67330072620085
     ],
     [
      -77.31378744328809,
      38.67329969584013
     ],
     [
      -77.31378839331893,
      38.67329865835423
     ],
     [
      -77.31378927587613,
      38.67329761374313
     ],
     [
      -77.31379026698983,
      38.67329631558828
     ],
     [
      -77.31379136666001,
      38.67329476388965
     ],
     [
      -77.31379257488666,
      38.673292958647274
     ],
     [
      -77.31379389166976,
      38.673290899861094
     ],
     [
      -77.31379498028915,
      38.67328909132945
     ],
     [
      -77.31379584074485,
      38.67328753305234
     ],
     [
      -77.31379647303687,
      38.67328622502976
     ],
     [
      -77.31379687716527,
      38.67328516726173
     ],
     [
      -77.31379732180775,
      38.67328412391457
     ],
     [
      -77.31379780696432,
      38.67328309498828
     ],
     [
      -77.31379833263497,
      38.673282080482856
     ],
     [
      -77.31379889881971,
      38.673281080398304
     ],
     [
      -77.31379960040351,
      38.673279815779125
     ],
     [
      -77.31380043738638,
      38.67327828662531
     ],
     [
      -77.31380140976829,
      38.67327649293688
     ],
     [
      -77.31380251754922,
      38.673274434713825
     ],
     [
      -77.31380358076032,
      38.67327261532859
     ],
     [
      -77.31380459940164,
      38.673271034781244
     ],
     [
      -77.31380557347316,
      38.673269693071745
     ],
     [
      -77.31380650297491,
      38.6732685902001
     ],
     [
      -77.31380738717674,
      38.673267523824464
     ],
     [
      -77.31380822607859,
      38.67326649394485
     ],
     [
      -77.31380901968052,
      38.67326550056125
     ],
     [
      -77.3138097679825,
      38.673264543673696
     ],
     [
      -77.31381073990995,
      38.67326331109177
     ],
     [
      -77.31381193546281,
      38.6732618028155
     ],
     [
      -77.31381335464108,
      38.67326001884487
     ],
     [
      -77.31381499744471,
      38.67325795917988
     ],
     [
      -77.31381628356047,
      38.67325633874683
     ],
     [
      -77.31381721298843,
      38.67325515754572
     ],
     [
      -77.3138177857286,
      38.673254415576565
     ],
     [
      -77.31381800178103,
      38.67325411283938
     ],
     [
      -77.31381848355245,
      38.673253446654115
     ],
     [
      -77.31381923104287,
      38.67325241702078
     ],
     [
      -77.31382024425227,
      38.67325102393932
     ],
     [
      -77.31382152318058,
      38.673249267409794
     ],
     [
      -77.31382281435079,
      38.673247540341826
     ],
     [
      -77.31382411776285,
      38.673245842735426
     ],
     [
      -77.31382543341677,
      38.6732441745906
     ],
     [
      -77.31382676131257,
      38.67324253590734
     ],
     [
      -77.3138278320509,
      38.67324120165995
     ],
     [
      -77.31382864563182,
      38.67324017184842
     ],
     [
      -77.31382920205529,
      38.67323944647278
     ],
     [
      -77.31382950132137,
      38.67323902553302
     ],
     [
      -77.31383011300234,
      38.67323819497513
     ],
     [
      -77.31383103709818,
      38.673236954799144
     ],
     [
      -77.31383227360885,
      38.67323530500502
     ],
     [
      -77.31383382253432,
      38.67323324559275
     ],
     [
      -77.31383517401318,
      38.67323150125739
     ],
     [
      -77.31383632804548,
      38.67323007199894
     ],
     [
      -77.31383728463123,
      38.673228957817415
     ],
     [
      -77.31383804377046,
      38.6732281587128
     ],
     [
      -77.31383909775631,
      38.673227243533425
     ],
     [
      -77.31384044658876,
      38.67322621227929
     ],
     [
      -77.31384209026776,
      38.67322506495036
     ],
     [
      -77.31384402879331,
      38.67322380154663
     ],
     [
      -77.31384565168271,
      38.67322275908864
     ],
     [
      -77.31384695893595,
      38.673221937576415
     ],
     [
      -77.31384795055307,
      38.67322133700999
     ],
     [
      -77.3138486265341,
      38.67322095738932
     ],
     [
      -77.31384978805114,
      38.67322046820588
     ],
     [
      -77.3138514351042,
      38.67321986945965
     ],
     [
      -77.31385356769326,
      38.67321916115061
     ],
     [
      -77.31385618581828,
      38.67321834327872
     ],
     [
      -77.31385876692138,
      38.67321751155451
     ],
     [
      -77.31386131100258,
      38.673216665978046
     ],
     [
      -77.31386381806188,
      38.67321580654926
     ],
     [
      -77.31386628809926,
      38.67321493326821
     ],
     [
      -77.31386817753265,
      38.673214265604095
     ],
     [
      -77.31386948636204,
      38.67321380355694
     ],
     [
      -77.31387021458751,
      38.6732135471268
     ],
     [
      -77.31387036220902,
      38.67321349631366
     ],
     [
      -77.31387112697638,
      38.67321314430681
     ],
     [
      -77.31387250888956,
      38.673212491106206
     ],
     [
      -77.3138745079485,
      38.67321153671185
     ],
     [
      -77.31387712415318,
      38.6732102811237
     ],
     [
      -77.31387937556232,
      38.673209149581346
     ],
     [
      -77.31388126217595,
      38.6732081420848
     ],
     [
      -77.31388278399407,
      38.67320725863408
     ],
     [
      -77.31388394101674,
      38.6732064992292
     ],
     [
      -77.31388517319506,
      38.67320571806137
     ],
     [
      -77.31388648052905,
      38.673204915130604
     ],
     [
      -77.31388786301869,
      38.673204090436855
     ],
     [
      -77.31388932066398,
      38.67320324398017
     ],
     [
      -77.31389086224169,
      38.67320230475153
     ],
     [
      -77.31389248775186,
      38.673201272751
     ],
     [
      -77.31389419719443,
      38.6732001479785
     ],
     [
      -77.3138959905694,
      38.67319893043411
     ],
     [
      -77.31389754077293,
      38.673197885816776
     ],
     [
      -77.31389884780504,
      38.673197014126515
     ],
     [
      -77.31389991166573,
      38.67319631536334
     ],
     [
      -77.31390073235504,
      38.67319578952728
     ],
     [
      -77.3139018709557,
      38.673195010836665
     ],
     [
      -77.31390332746776,
      38.673193979291526
     ],
     [
      -77.31390510189115,
      38.67319269489181
     ],
     [
      -77.31390719422585,
      38.673191157637554
     ],
     [
      -77.31390889368619,
      38.67318990235514
     ],
     [
      -77.31391020027226,
      38.67318892904457
     ],
     [
      -77.31391111398406,
      38.67318823770588
     ],
     [
      -77.31391163482164,
      38.67318782833908
     ],
     [
      -77.31391248592503,
      38.6731871082539
     ],
     [
      -77.31391366729424,
      38.673186077450325
     ],
     [
      -77.31391517892922,
      38.673184735928345
     ],
     [
      -77.31391702082995,
      38.67318308368795
     ],
     [
      -77.31391859459666,
      38.673181662276846
     ],
     [
      -77.31391990022935,
      38.673180471695
     ],
     [
      -77.31392093772808,
      38.67317951194243
     ],
     [
      -77.31392170709287,
      38.67317878301918
     ],
     [
      -77.31392262193447,
      38.67317790331886
     ],
     [
      -77.31392368225288,
      38.67317687284151
     ],
     [
      -77.31392488804806,
      38.67317569158711
     ],
     [
      -77.31392623932004,
      38.67317435955565
     ],
     [
      -77.31392756762452,
      38.67317306457687
     ],
     [
      -77.31392887296148,
      38.67317180665076
     ],
     [
      -77.31393015533097,
      38.67317058577734
     ],
     [
      -77.31393141473296,
      38.67316940195658
     ],
     [
      -77.31393257951005,
      38.67316829479422
     ],
     [
      -77.31393364966225,
      38.67316726429027
     ],
     [
      -77.31393462518952,
      38.67316631044472
     ],
     [
      -77.31393550609192,
      38.67316543325758
     ],
     [
      -77.31393659908869,
      38.67316433771747
     ],
     [
      -77.31393790417985,
      38.67316302382438
     ],
     [
      -77.31393942136532,
      38.673161491578334
     ],
     [
      -77.3139411506451,
      38.6731597409793
     ],
     [
      -77.3139425185502,
      38.673158350513496
     ],
     [
      -77.31394352508066,
      38.67315732018098
     ],
     [
      -77.3139441702365,
      38.67315664998172
     ],
     [
      -77.31394445401774,
      38.67315633991574
     ],
     [
      -77.31394513424198,
      38.673155592296716
     ],
     [
      -77.3139462109092,
      38.67315440712464
     ],
     [
      -77.31394768401934,
      38.67315278439947
     ],
     [
      -77.31394955357236,
      38.67315072412121
     ],
     [
      -77.31395106972874,
      38.673149064380695
     ],
     [
      -77.31395223248856,
      38.67314780517791
     ],
     [
      -77.31395304185182,
      38.67314694651289
     ],
     [
      -77.31395349781856,
      38.67314648838563
     ],
     [
      -77.31395425486623,
      38.67314574408612
     ],
     [
      -77.3139553129948,
      38.673144713614384
     ],
     [
      -77.3139566722043,
      38.67314339697038
     ],
     [
      -77.31395833249464,
      38.673141794154134
     ],
     [
      -77.31395981533028,
      38.67314036892699
     ],
     [
      -77.31396112071123,
      38.67313912128893
     ],
     [
      -77.31396224863751,
      38.67313805124
     ],
     [
      -77.31396319910915,
      38.67313715878019
     ],
     [
      -77.3139642724522,
      38.67313619712822
     ],
     [
      -77.31396546866664,
      38.67313516628407
     ],
     [
      -77.31396678775248,
      38.673134066247776
     ],
     [
      -77.31396822970969,
      38.673132897019315
     ],
     [
      -77.31396960366395,
      38.67313175362062
     ],
     [
      -77.31397090961522,
      38.67313063605175
     ],
     [
      -77.31397214756353,
      38.67312954431267
     ],
     [
      -77.31397331750888,
      38.673128478403385
     ],
     [
      -77.31397458339347,
      38.67312742980338
     ],
     [
      -77.3139759452173,
      38.67312639851261
     ],
     [
      -77.31397740298036,
      38.67312538453109
     ],
     [
      -77.31397895668263,
      38.673124387858834
     ],
     [
      -77.31398038693528,
      38.67312342783913
     ],
     [
      -77.31398169373828,
      38.67312250447203
     ],
     [
      -77.31398287709166,
      38.67312161775754
     ],
     [
      -77.31398393699541,
      38.673120767695615
     ],
     [
      -77.31398533326971,
      38.6731198265193
     ],
     [
      -77.31398706591449,
      38.67311879422855
     ],
     [
      -77.31398913492976,
      38.673117670823345
     ],
     [
      -77.31399154031548,
      38.67311645630367
     ],
     [
      -77.31399339695035,
      38.67311551058598
     ],
     [
      -77.31399470483439,
      38.673114833670255
     ],
     [
      -77.31399546396761,
      38.673114425556534
     ],
     [
      -77.31399567435008,
      38.67311428624483
     ],
     [
      -77.31399648737256,
      38.67311413813915
     ],
     [
      -77.31399790303504,
      38.67311398123947
     ],
     [
      -77.31399992133755,
      38.673113815545776
     ],
     [
      -77.31400254228006,
      38.67311364105802
     ],
     [
      -77.31400464185847,
      38.67311358637242
     ],
     [
      -77.31400622007276,
      38.673113651488976
     ],
     [
      -77.31400727692295,
      38.67311383640772
     ],
     [
      -77.31400781240903,
      38.67311414112866
     ],
     [
      -77.31400871346092,
      38.673114882132104
     ],
     [
      -77.31400998007864,
      38.67311605941805
     ],
     [
      -77.31401161226222,
      38.67311767298645
     ],
     [
      -77.31401361001171,
      38.67311972283732
     ],
     [
      -77.31401513315153,
      38.67312128906444
     ],
     [
      -77.31401618168157,
      38.67312237166784
     ],
     [
      -77.31401675560181,
      38.67312297064753
     ],
     [
      -77.31401685491223,
      38.6731230860035
     ],
     [
      -77.3140171979838,
      38.67312365669973
     ],
     [
      -77.31401778481653,
      38.67312468273624
     ],
     [
      -77.31401861541045,
      38.67312616411302
     ],
     [
      -77.31401968976559,
      38.67312810083005
     ],
     [
      -77.314020701845,
      38.673130066620935
     ],
     [
      -77.31402165164866,
      38.67313206148571
     ],
     [
      -77.31402253917659,
      38.67313408542434
     ],
     [
      -77.31402336442876,
      38.67313613843685
     ],
     [
      -77.31402403452704,
      38.673138191867736
     ],
     [
      -77.3140245494714,
      38.673140245717036
     ],
     [
      -77.31402490926185,
      38.673142299984725
     ],
     [
      -77.31402511389834,
      38.673144354670825
     ],
     [
      -77.31402518770108,
      38.67314640970972
     ],
     [
      -77.31402513067003,
      38.673148465101434
     ],
     [
      -77.31402494280523,
      38.673150520845965
     ],
     [
      -77.31402462410664,
      38.67315257694332
     ],
     [
      -77.31402425589049,
      38.673154633174185
     ],
     [
      -77.31402383815679,
      38.673156689538594
     ],
     [
      -77.31402337090552,
      38.67315874603651
     ],
     [
      -77.31402285413668,
      38.673160802667994
     ],
     [
      -77.31402233684085,
      38.67316285930087
     ],
     [
      -77.31402181901802,
      38.67316491593517
     ],
     [
      -77.3140213006682,
      38.67316697257089
     ],
     [
      -77.31402078179137,
      38.673169029208026
     ],
     [
      -77.31402031717263,
      38.673171085698854
     ],
     [
      -77.31401990681195,
      38.67317314204336
     ],
     [
      -77.31401955070936,
      38.673175198241545
     ],
     [
      -77.31401924886488,
      38.67317725429342
     ],
     [
      -77.31401903964372,
      38.673179310095534
     ],
     [
      -77.31401892304591,
      38.67318136564786
     ],
     [
      -77.31401889907144,
      38.673183420950416
     ],
     [
      -77.31401896772036,
      38.67318547600322
     ],
     [
      -77.31401911241645,
      38.67318753085093
     ],
     [
      -77.31401933315972,
      38.673189585493596
     ],
     [
      -77.31401962995021,
      38.673191639931176
     ],
     [
      -77.31402000278787,
      38.673193694163686
     ],
     [
      -77.31402036035085,
      38.67319574843738
     ],
     [
      -77.31402070263914,
      38.67319780275228
     ],
     [
      -77.31402102965272,
      38.673199857108344
     ],
     [
      -77.3140213413916,
      38.6732019115056
     ],
     [
      -77.31402155964352,
      38.67320396615498
     ],
     [
      -77.31402168440852,
      38.67320602105643
     ],
     [
      -77.31402171568656,
      38.67320807621
     ],
     [
      -77.31402165347767,
      38.67321013161566
     ],
     [
      -77.3140215376471,
      38.67321218716592
     ],
     [
      -77.31402136819486,
      38.67321424286078
     ],
     [
      -77.31402114512096,
      38.67321629870025
     ],
     [
      -77.31402086842537,
      38.6732183546843
     ],
     [
      -77.31402055630258,
      38.673220410763875
     ],
     [
      -77.31402020875257,
      38.673222466938995
     ],
     [
      -77.31401982577533,
      38.67322452320964
     ],
     [
      -77.31401940737086,
      38.67322657957582
     ],
     [
      -77.31401901278022,
      38.673228355291606
     ],
     [
      -77.31401864200338,
      38.67322985035699
     ],
     [
      -77.31401829504037,
      38.673231064771976
     ],
     [
      -77.31401797189119,
      38.67323199853656
     ],
     [
      -77.31401757766416,
      38.6732329798557
     ],
     [
      -77.31401711235927,
      38.67323400872939
     ],
     [
      -77.31401657597652,
      38.67323508515763
     ],
     [
      -77.31401596851592,
      38.67323620914042
     ],
     [
      -77.31401527943663,
      38.673237566566605
     ],
     [
      -77.31401450873867,
      38.673239157436164
     ],
     [
      -77.314013656422,
      38.6732409817491
     ],
     [
      -77.31401272248664,
      38.673243039505415
     ],
     [
      -77.31401210588976,
      38.673245096406
     ],
     [
      -77.31401180663144,
      38.67324715245086
     ],
     [
      -77.31401182471167,
      38.67324920764001
     ],
     [
      -77.31401216013049,
      38.67325126197345
     ],
     [
      -77.31401272077143,
      38.673253221746116
     ],
     [
      -77.31401350663455,
      38.673255086958086
     ],
     [
      -77.31401451771983,
      38.67325685760929
     ],
     [
      -77.31401575402728,
      38.67325853369977
     ],
     [
      -77.31401677196324,
      38.67325988447642
     ],
     [
      -77.3140175715277,
      38.67326090993926
     ],
     [
      -77.31401815272064,
      38.67326161008832
     ],
     [
      -77.31401851554202,
      38.67326198492355
     ],
     [
      -77.31401935449111,
      38.673262653204
     ],
     [
      -77.31402066956797,
      38.673263614929645
     ],
     [
      -77.31402246077258,
      38.673264870100475
     ],
     [
      -77.31402472810503,
      38.673266418716466
     ],
     [
      -77.31402667728837,
      38.67326770463474
     ],
     [
      -77.31402830832258,
      38.67326872785529
     ],
     [
      -77.31402962120761,
      38.67326948837817
     ],
     [
      -77.31403061594344,
      38.67326998620336
     ],
     [
      -77.3140317700129,
      38.67327052522859
     ],
     [
      -77.31403308341595,
      38.673271105453864
     ],
     [
      -77.31403455615263,
      38.67327172687916
     ],
     [
      -77.31403618822296,
      38.6732723895045
     ],
     [
      -77.31403806874765,
      38.67327312425673
     ],
     [
      -77.31404019772674,
      38.673273931135846
     ],
     [
      -77.31404257516024,
      38.67327481014183
     ],
     [
      -77.31404520104817,
      38.67327576127465
     ],
     [
      -77.31404736374435,
      38.67327658160222
     ],
     [
      -77.31404906324879,
      38.673277271124526
     ],
     [
      -77.31405029956144,
      38.67327782984161
     ],
     [
      -77.31405107268229,
      38.67327825775346
     ],
     [
      -77.3140521161742,
      38.67327881418484
     ],
     [
      -77.31405343003716,
      38.673279499135745
     ],
     [
      -77.3140550142712,
      38.67328031260616
     ],
     [
      -77.31405686887634,
      38.67328125459605
     ],
     [
      -77.31405879485777,
      38.67328223670708
     ],
     [
      -77.31406079221547,
      38.673283258939236
     ],
     [
      -77.31406286094948,
      38.673284321292506
     ],
     [
      -77.31406500105977,
      38.67328542376689
     ],
     [
      -77.31406672801542,
      38.673286310380526
     ],
     [
      -77.31406804181634,
      38.67328698113347
     ],
     [
      -77.31406894246255,
      38.67328743602571
     ],
     [
      -77.31406942995403,
      38.67328767505724
     ],
     [
      -77.31407045226754,
      38.67328814286443
     ],
     [
      -77.31407200940313,
      38.67328883944723
     ],
     [
      -77.31407410136082,
      38.67328976480566
     ],
     [
      -77.31407672814063,
      38.67329091893964
     ],
     [
      -77.31407933742717,
      38.67329194623433
     ],
     [
      -77.31408192922041,
      38.673292846689684
     ],
     [
      -77.31408450352029,
      38.673293620305735
     ],
     [
      -77.31408706032686,
      38.67329426708245
     ],
     [
      -77.31408899488639,
      38.67329475623817
     ],
     [
      -77.31409030719888,
      38.67329508777292
     ],
     [
      -77.31409099726427,
      38.67329526168673
     ],
     [
      -77.31409106508261,
      38.67329527797962
     ],
     [
      -77.31409177185539,
      38.67329539964364
     ],
     [
      -77.31409311758264,
      38.67329562667876
     ],
     [
      -77.31409510226439,
      38.67329595908498
     ],
     [
      -77.31409772590064,
      38.673296396862256
     ],
     [
      -77.31410034925423,
      38.67329677023659
     ],
     [
      -77.3141029723252,
      38.67329707920799
     ],
     [
      -77.31410559511349,
      38.67329732377644
     ],
     [
      -77.31410821761914,
      38.67329750394191
     ],
     [
      -77.31411083999654,
      38.67329765488973
     ],
     [
      -77.31411346224571,
      38.67329777661984
     ],
     [
      -77.31411608436666,
      38.67329786913225
     ],
     [
      -77.31411870635935,
      38.673297932426955
     ],
     [
      -77.31412132823145,
      38.67329796824365
     ],
     [
      -77.31412394998293,
      38.673297976582326
     ],
     [
      -77.3141265716138,
      38.67329795744297
     ],
     [
      -77.31412919312403,
      38.67329791082559
     ],
     [
      -77.31413181468719,
      38.67329787625827
     ],
     [
      -77.3141344363032,
      38.67329785374096
     ],
     [
      -77.31413705797215,
      38.673297843273694
     ],
     [
      -77.31413967969397,
      38.673297844856464
     ],
     [
      -77.31414230151378,
      38.673297868762575
     ],
     [
      -77.3141449234316,
      38.67329791499203
     ],
     [
      -77.3141475454474,
      38.67329798354482
     ],
     [
      -77.31415016756121,
      38.67329807442095
     ],
     [
      -77.31415278959221,
      38.67329814642962
     ],
     [
      -77.31415541154038,
      38.67329819957084
     ],
     [
      -77.31415803340573,
      38.673298233844605
     ],
     [
      -77.31416065518825,
      38.673298249250884
     ],
     [
      -77.31416327689819,
      38.673298248119906
     ],
     [
      -77.3141658985355,
      38.67329823045168
     ],
     [
      -77.31416852010024,
      38.673298196246186
     ]
    ]
   },
   "properties": {
    "id": "ct-2",
    "kind": "Contour",
    "sourceId": "contours",
    "reliabilityLevel": 1,
    "revision": 1,
    "engineeringGeometry": {
     "crs": "EPSG:2248",
     "crsName": "NAD83 / Maryland State Plane (US survey feet)",
     "datum": "NAD83",
     "unit": "usSurveyFoot",
     "coordinates": [
      [
       1222789.6837517766,
       366789.5262831309,
       266
      ],
      [
       1222789.5352960322,
       366789.339161579,
       266
      ],
      [
       1222789.238384544,
       366788.9649184752,
       266
      ],
      [
       1222788.7930173115,
       366788.4035538194,
       266
      ],
      [
       1222788.199194335,
       366787.6550676117,
       266
      ],
      [
       1222787.7531383066,
       366787.0928070991,
       266
      ],
      [
       1222787.4548492264,
       366786.7167722814,
       266
      ],
      [
       1222787.304327095,
       366786.5269631588,
       266
      ],
      [
       1222787.3015719121,
       366786.52337973134,
       266
      ],
      [
       1222787.1140285158,
       366786.33446646563,
       266
      ],
      [
       1222786.7416969058,
       366785.96022336173,
       266
      ],
      [
       1222786.1845770825,
       366785.40065041976,
       266
      ],
      [
       1222785.442669046,
       366784.6557476397,
       266
      ],
      [
       1222784.8845934758,
       366784.09555222694,
       266
      ],
      [
       1222784.5103503722,
       366783.7200641814,
       266
      ],
      [
       1222784.3199397346,
       366783.5292835033,
       266
      ],
      [
       1222784.3133615635,
       366783.5232101925,
       266
      ],
      [
       1222784.1213063833,
       366783.33775996557,
       266
      ],
      [
       1222783.7437741938,
       366782.9729328224,
       266
      ],
      [
       1222783.1807649953,
       366782.4287287632,
       266
      ],
      [
       1222782.432278788,
       366781.7051477879,
       266
      ],
      [
       1222781.8659623226,
       366781.157754076,
       266
      ],
      [
       1222781.4818155996,
       366780.78654762753,
       266
      ],
      [
       1222781.279838619,
       366780.5915284426,
       266
      ],
      [
       1222781.2600313807,
       366780.5726965211,
       266
      ],
      [
       1222781.064980981,
       366780.3714510281,
       266
      ],
      [
       1222780.6946874196,
       366779.9877919635,
       266
      ],
      [
       1222780.1491506966,
       366779.4217193274,
       266
      ],
      [
       1222779.4283708124,
       366778.6732331197,
       266
      ],
      [
       1222778.8858111277,
       366778.1096871275,
       266
      ],
      [
       1222778.521471643,
       366777.7310813509,
       266
      ],
      [
       1222778.335352358,
       366777.5374157897,
       266
      ],
      [
       1222778.3274532729,
       366777.52869044396,
       266
      ],
      [
       1222778.1344074071,
       366777.3436835343,
       266
      ],
      [
       1222777.7562147607,
       366776.9823950608,
       266
      ],
      [
       1222777.1928753338,
       366776.4448250232,
       266
      ],
      [
       1222776.4443891265,
       366775.7309734216,
       266
      ],
      [
       1222775.8729837413,
       366775.18910740525,
       266
      ],
      [
       1222775.4786591786,
       366774.8192269743,
       266
      ],
      [
       1222775.2614154387,
       366774.6213321286,
       266
      ],
      [
       1222775.221252521,
       366774.59542286815,
       266
      ],
      [
       1222775.0140495105,
       366774.4618843497,
       266
      ],
      [
       1222774.6398064066,
       366774.2207165732,
       266
      ],
      [
       1222774.0985232096,
       366773.8719195386,
       266
      ],
      [
       1222773.3901999195,
       366773.415493246,
       266
      ],
      [
       1222772.757441412,
       366773.0001585478,
       266
      ],
      [
       1222772.2002476875,
       366772.6259154439,
       266
      ],
      [
       1222771.718618746,
       366772.29276393447,
       266
      ],
      [
       1222771.3125545871,
       366772.00070401945,
       266
      ],
      [
       1222770.922400956,
       366771.721142919,
       266
      ],
      [
       1222770.5481578521,
       366771.4540806331,
       266
      ],
      [
       1222770.1898252757,
       366771.19951716193,
       266
      ],
      [
       1222769.847403227,
       366770.95745250524,
       266
      ],
      [
       1222769.4034651383,
       366770.67231700703,
       266
      ],
      [
       1222768.8580110099,
       366770.34411066724,
       266
      ],
      [
       1222768.2110408419,
       366769.9728334858,
       266
      ],
      [
       1222767.4625546345,
       366769.55848546285,
       266
      ],
      [
       1222766.8656828706,
       366769.22470606363,
       266
      ],
      [
       1222766.420425551,
       366768.9714952881,
       266
      ],
      [
       1222766.126782675,
       366768.7988531363,
       266
      ],
      [
       1222765.9847542434,
       366768.70677960815,
       266
      ],
      [
       1222765.7266184755,
       366768.5237839345,
       266
      ],
      [
       1222765.3523753718,
       366768.2498661152,
       266
      ],
      [
       1222764.862024932,
       366767.88502615027,
       266
      ],
      [
       1222764.255567156,
       366767.4292640396,
       266
      ],
      [
       1222763.7117815928,
       366767.0142614324,
       266
      ],
      [
       1222763.2306682426,
       366766.6400183286,
       266
      ],
      [
       1222762.812227105,
       366766.30653472815,
       266
      ],
      [
       1222762.4564581802,
       366766.01381063106,
       266
      ],
      [
       1222762.091452166,
       366765.71978531545,
       266
      ],
      [
       1222761.717209062,
       366765.4244587812,
       266
      ],
      [
       1222761.3337288687,
       366765.1278310283,
       266
      ],
      [
       1222760.9410115858,
       366764.82990205684,
       266
      ],
      [
       1222760.4950775222,
       366764.49381601915,
       266
      ],
      [
       1222759.9959266784,
       366764.1195729153,
       266
      ],
      [
       1222759.4435590538,
       366763.7071727453,
       266
      ],
      [
       1222758.8379746485,
       366763.2566155091,
       266
      ],
      [
       1222758.3480608938,
       366762.89356432116,
       266
      ],
      [
       1222757.97381779,
       366762.6180191815,
       266
      ],
      [
       1222757.7152453368,
       366762.4299800901,
       266
      ],
      [
       1222757.5723435343,
       366762.329447047,
       266
      ],
      [
       1222757.2780456305,
       366762.14319715544,
       266
      ],
      [
       1222756.8323516254,
       366761.8712304152,
       266
      ],
      [
       1222756.2352615192,
       366761.51354682655,
       266
      ],
      [
       1222755.4867753116,
       366761.0701463893,
       266
      ],
      [
       1222754.8481899647,
       366760.6864578795,
       266
      ],
      [
       1222754.3195054787,
       366760.36248129734,
       266
      ],
      [
       1222753.9007218534,
       366760.0982166425,
       266
      ],
      [
       1222753.5918390888,
       366759.8936639151,
       266
      ],
      [
       1222753.2502761548,
       366759.6642393932,
       266
      ],
      [
       1222752.876033051,
       366759.40994307667,
       266
      ],
      [
       1222752.4691097774,
       366759.1307749655,
       266
      ],
      [
       1222752.029506334,
       366758.82673505985,
       266
      ],
      [
       1222751.5952549658,
       366758.48759355507,
       266
      ],
      [
       1222751.1663556725,
       366758.1133504512,
       266
      ],
      [
       1222750.7428084542,
       366757.7040057483,
       266
      ],
      [
       1222750.3246133109,
       366757.25955944636,
       266
      ],
      [
       1222749.9283941872,
       366756.83399449126,
       266
      ],
      [
       1222749.5541510833,
       366756.42731088307,
       266
      ],
      [
       1222749.2018839994,
       366756.0395086217,
       266
      ],
      [
       1222748.8715929352,
       366755.6705877072,
       266
      ],
      [
       1222748.560556325,
       366755.29900569795,
       266
      ],
      [
       1222748.2687741688,
       366754.92476259416,
       266
      ],
      [
       1222747.9962464669,
       366754.5478583957,
       266
      ],
      [
       1222747.7429732187,
       366754.1682931025,
       266
      ],
      [
       1222747.4583902406,
       366753.69649758074,
       266
      ],
      [
       1222747.142497532,
       366753.1324718303,
       266
      ],
      [
       1222746.7952950937,
       366752.47621585126,
       266
      ],
      [
       1222746.4167829247,
       366751.7277296436,
       266
      ],
      [
       1222746.1037236005,
       366751.07015840197,
       266
      ],
      [
       1222745.8561171205,
       366750.50350212643,
       266
      ],
      [
       1222745.6739634853,
       366750.02776081697,
       266
      ],
      [
       1222745.5572626942,
       366749.6429344736,
       266
      ],
      [
       1222745.4290133852,
       366749.26339975,
       266
      ],
      [
       1222745.2892155584,
       366748.8891566462,
       266
      ],
      [
       1222745.1378692132,
       366748.5202051621,
       266
      ],
      [
       1222744.9749743503,
       366748.1565452978,
       266
      ],
      [
       1222744.7730925658,
       366747.6966788477,
       266
      ],
      [
       1222744.5322238598,
       366747.1406058117,
       266
      ],
      [
       1222744.2523682327,
       366746.4883261899,
       266
      ],
      [
       1222743.933525684,
       366745.7398399822,
       266
      ],
      [
       1222743.6277065738,
       366745.0782911323,
       266
      ],
      [
       1222743.3349109013,
       366744.5036796402,
       266
      ],
      [
       1222743.055138667,
       366744.01600550587,
       266
      ],
      [
       1222742.7883898714,
       366743.61526872934,
       266
      ],
      [
       1222742.5346196657,
       366743.2277787891,
       266
      ],
      [
       1222742.2938280504,
       366742.85353568534,
       266
      ],
      [
       1222742.0660150254,
       366742.4925394179,
       266
      ],
      [
       1222741.851180591,
       366742.14478998666,
       266
      ],
      [
       1222741.5721570493,
       366741.69685636146,
       266
      ],
      [
       1222741.228944401,
       366741.14873854205,
       266
      ],
      [
       1222740.8215426458,
       366740.5004365285,
       266
      ],
      [
       1222740.349951784,
       366739.7519503209,
       266
      ],
      [
       1222739.9807434096,
       366739.16307561204,
       266
      ],
      [
       1222739.7139175232,
       366738.733812402,
       266
      ],
      [
       1222739.5494741243,
       366738.4641606908,
       266
      ],
      [
       1222739.4874132131,
       366738.3541204784,
       266
      ],
      [
       1222739.3490358172,
       366738.11197882023,
       266
      ],
      [
       1222739.1343419359,
       366737.7377357164,
       266
      ],
      [
       1222738.8433315696,
       366737.2313911668,
       266
      ],
      [
       1222738.4760047183,
       366736.5929451716,
       266
      ],
      [
       1222738.1052197407,
       366735.9652406485,
       266
      ],
      [
       1222737.730976637,
       366735.3482775974,
       266
      ],
      [
       1222737.3532754069,
       366734.74205601856,
       266
      ],
      [
       1222736.9721160505,
       366734.1465759119,
       266
      ],
      [
       1222736.6647550277,
       366733.6617143067,
       266
      ],
      [
       1222736.4311923385,
       366733.28747120284,
       266
      ],
      [
       1222736.271427983,
       366733.02384660044,
       266
      ],
      [
       1222736.1854619607,
       366732.8708404994,
       266
      ],
      [
       1222736.0097901686,
       366732.56896437175,
       266
      ],
      [
       1222735.7444126066,
       366732.11821821745,
       266
      ],
      [
       1222735.3893292742,
       366731.51860203646,
       266
      ],
      [
       1222734.9445401723,
       366730.7701158288,
       266
      ],
      [
       1222734.556515575,
       366730.13618202735,
       266
      ],
      [
       1222734.225255482,
       366729.6168006322,
       266
      ],
      [
       1222733.9507598937,
       366729.21197164326,
       266
      ],
      [
       1222733.7330288105,
       366728.92169506056,
       266
      ],
      [
       1222733.4309751075,
       366728.5894352173,
       266
      ],
      [
       1222733.0445987857,
       366728.2151921134,
       266
      ],
      [
       1222732.5738998442,
       366727.79896574904,
       266
      ],
      [
       1222732.0188782837,
       366727.3407561241,
       266
      ],
      [
       1222731.5542459516,
       366726.96270177,
       266
      ],
      [
       1222731.1800028477,
       366726.6648026867,
       266
      ],
      [
       1222730.8961489722,
       366726.4470588743,
       266
      ],
      [
       1222730.7026843252,
       366726.3094703328,
       266
      ],
      [
       1222730.370464288,
       366726.1324572747,
       266
      ],
      [
       1222729.8994888605,
       366725.91601970006,
       266
      ],
      [
       1222729.289758043,
       366725.6601576089,
       266
      ],
      [
       1222728.5412718356,
       366725.3648710013,
       266
      ],
      [
       1222727.803337844,
       366725.0645032809,
       266
      ],
      [
       1222727.0759560694,
       366724.7590544478,
       266
      ],
      [
       1222726.3591265108,
       366724.4485245021,
       266
      ],
      [
       1222725.652849169,
       366724.13291344367,
       266
      ],
      [
       1222725.112588946,
       366723.8916150343,
       266
      ],
      [
       1222724.7383458423,
       366723.7246292741,
       266
      ],
      [
       1222724.5301198575,
       366723.63195616304,
       266
      ],
      [
       1222724.4879109918,
       366723.61359570106,
       266
      ],
      [
       1222724.2691327906,
       366723.4861508827,
       266
      ],
      [
       1222723.8737852538,
       366723.2496217079,
       266
      ],
      [
       1222723.3018683817,
       366722.9040081767,
       266
      ],
      [
       1222722.5533821743,
       366722.4493102891,
       266
      ],
      [
       1222721.9091986646,
       366722.03942990885,
       266
      ],
      [
       1222721.3693178531,
       366721.67436703603,
       266
      ],
      [
       1222720.9337397395,
       366721.35412167053,
       266
      ],
      [
       1222720.6024643239,
       366721.0786938124,
       266
      ],
      [
       1222720.249705064,
       366720.79541400017,
       266
      ],
      [
       1222719.8754619602,
       366720.50428223365,
       266
      ],
      [
       1222719.4797350122,
       366720.20529851306,
       266
      ],
      [
       1222719.06252422,
       366719.89846283826,
       266
      ],
      [
       1222718.621234931,
       366719.5579234489,
       266
      ],
      [
       1222718.1558671454,
       366719.1836803451,
       266
      ],
      [
       1222717.6664208628,
       366718.7757335267,
       266
      ],
      [
       1222717.1528960834,
       366718.33408299385,
       266
      ],
      [
       1222716.7090121417,
       366717.95517114695,
       266
      ],
      [
       1222716.334769038,
       366717.638997986,
       266
      ],
      [
       1222716.030166772,
       366717.38556351094,
       266
      ],
      [
       1222715.7952053437,
       366717.1948677218,
       266
      ],
      [
       1222715.4691650586,
       366716.91239827534,
       266
      ],
      [
       1222715.0520459164,
       366716.53815517155,
       266
      ],
      [
       1222714.5438479176,
       366716.0721384104,
       266
      ],
      [
       1222713.9445710615,
       366715.5143479918,
       266
      ],
      [
       1222713.4578110818,
       366715.0588617263,
       266
      ],
      [
       1222713.0835679779,
       366714.705679614,
       266
      ],
      [
       1222712.82184175,
       366714.4548016548,
       266
      ],
      [
       1222712.6726323983,
       366714.30622784875,
       266
      ],
      [
       1222712.428744571,
       366714.04481939384,
       266
      ],
      [
       1222712.0901782685,
       366713.67057629,
       266
      ],
      [
       1222711.656933491,
       366713.1834985372,
       266
      ],
      [
       1222711.129010238,
       366712.58358613565,
       266
      ],
      [
       1222710.6779270596,
       366712.0674749918,
       266
      ],
      [
       1222710.303683956,
       366711.6351651056,
       266
      ],
      [
       1222710.0062809268,
       366711.28665647714,
       266
      ],
      [
       1222709.7857179719,
       366711.02194910625,
       266
      ],
      [
       1222709.5234332276,
       366710.70247386897,
       266
      ],
      [
       1222709.2194266934,
       366710.3282307652,
       266
      ],
      [
       1222708.8736983694,
       366709.8992197948,
       266
      ],
      [
       1222708.4862482557,
       366709.41544095794,
       266
      ],
      [
       1222708.1054016468,
       366708.9451335949,
       266
      ],
      [
       1222707.7311585431,
       366708.4882977058,
       266
      ],
      [
       1222707.3635189442,
       366708.0449332905,
       266
      ],
      [
       1222707.00248285,
       366707.615040349,
       266
      ],
      [
       1222706.6685577293,
       366707.2129723264,
       266
      ],
      [
       1222706.361743582,
       366706.8387292226,
       266
      ],
      [
       1222706.0820404077,
       366706.49231103755,
       266
      ],
      [
       1222705.8294482064,
       366706.17371777125,
       266
      ],
      [
       1222705.5160305537,
       366705.77581193426,
       266
      ],
      [
       1222705.1417874498,
       366705.2985935264,
       266
      ],
      [
       1222704.7067188947,
       366704.74206254777,
       266
      ],
      [
       1222704.2108248882,
       366704.10621899844,
       266
      ],
      [
       1222703.8185527343,
       366703.6011756718,
       266
      ],
      [
       1222703.529902433,
       366703.22693256795,
       266
      ],
      [
       1222703.3448739843,
       366702.9834896869,
       266
      ],
      [
       1222703.2634673882,
       366702.8708470286,
       266
      ],
      [
       1222703.0683301003,
       366702.599243483,
       266
      ],
      [
       1222702.7594621205,
       366702.16867905,
       266
      ],
      [
       1222702.3368634488,
       366701.57915372966,
       266
      ],
      [
       1222701.8005340854,
       366700.830667522,
       266
      ],
      [
       1222701.3655995005,
       366700.2277040549,
       266
      ],
      [
       1222701.0320596946,
       366699.7702633285,
       266
      ],
      [
       1222700.7999146678,
       366699.45834534266,
       266
      ],
      [
       1222700.6691644196,
       366699.2919500975,
       266
      ],
      [
       1222700.4520984902,
       366699.021630923,
       266
      ],
      [
       1222700.1487168795,
       366698.64738781913,
       266
      ],
      [
       1222699.7590195872,
       366698.16922078596,
       266
      ],
      [
       1222699.2830066131,
       366697.5871298235,
       266
      ],
      [
       1222698.8578785744,
       366697.06953986356,
       266
      ],
      [
       1222698.4836354707,
       366696.6164509061,
       266
      ],
      [
       1222698.160277302,
       366696.2278629511,
       266
      ],
      [
       1222697.8878040677,
       366695.9037759987,
       266
      ],
      [
       1222697.5801649233,
       366695.55461097055,
       266
      ],
      [
       1222697.2373598684,
       366695.18036786665,
       266
      ],
      [
       1222696.8593889028,
       366694.78104668716,
       266
      ],
      [
       1222696.4462520266,
       366694.35664743197,
       266
      ],
      [
       1222696.0525620366,
       366693.9415882266,
       266
      ],
      [
       1222695.6783189327,
       366693.5358690711,
       266
      ],
      [
       1222695.3235227151,
       366693.13948996534,
       266
      ],
      [
       1222694.9881733838,
       366692.75245090947,
       266
      ],
      [
       1222694.625455496,
       366692.3718098296,
       266
      ],
      [
       1222694.2353690518,
       366691.99756672577,
       266
      ],
      [
       1222693.8179140512,
       366691.629721598,
       266
      ],
      [
       1222693.3730904944,
       366691.2682744462,
       266
      ],
      [
       1222692.9635571642,
       366690.9200543915,
       266
      ],
      [
       1222692.5893140603,
       366690.58506143396,
       266
      ],
      [
       1222692.250361183,
       366690.2632955734,
       266
      ],
      [
       1222691.946698532,
       366689.9547568099,
       266
      ],
      [
       1222691.5468894374,
       366689.61336587626,
       266
      ],
      [
       1222691.0509338987,
       366689.2391227724,
       266
      ],
      [
       1222690.4588319163,
       366688.8320274984,
       266
      ],
      [
       1222689.7705834901,
       366688.39208005415,
       266
      ],
      [
       1222689.239337725,
       366688.04948732164,
       266
      ],
      [
       1222688.8650946214,
       366687.80424930074,
       266
      ],
      [
       1222688.6478541787,
       366687.65636599145,
       266
      ],
      [
       1222688.5876163973,
       366687.6058373938,
       266
      ],
      [
       1222688.3553165093,
       366687.55269795266,
       266
      ],
      [
       1222687.9509545148,
       366687.49694766797,
       266
      ],
      [
       1222687.3745304137,
       366687.4385865397,
       266
      ],
      [
       1222686.6260442059,
       366687.3776145678,
       266
      ],
      [
       1222686.0265552467,
       366687.3597607313,
       266
      ],
      [
       1222685.576063536,
       366687.3850250301,
       266
      ],
      [
       1222685.2745690744,
       366687.4534074642,
       266
      ],
      [
       1222685.1220718613,
       366687.56490803364,
       266
      ],
      [
       1222684.8657537466,
       366687.83565501263,
       266
      ],
      [
       1222684.50561473,
       366688.2656484012,
       266
      ],
      [
       1222684.0416548124,
       366688.8548881993,
       266
      ],
      [
       1222683.473873993,
       366689.60337440704,
       266
      ],
      [
       1222683.0409863347,
       366690.17526616517,
       266
      ],
      [
       1222682.7429918374,
       366690.5705634738,
       266
      ],
      [
       1222682.5798905015,
       366690.78926633287,
       266
      ],
      [
       1222682.5516823262,
       366690.8313747422,
       266
      ],
      [
       1222682.45445184,
       366691.0395504989,
       266
      ],
      [
       1222682.2881990417,
       366691.4137936027,
       266
      ],
      [
       1222682.0529239322,
       366691.9541040538,
       266
      ],
      [
       1222681.748626511,
       366692.66048185196,
       266
      ],
      [
       1222681.4621449746,
       366693.3773867525,
       266
      ],
      [
       1222681.1934793228,
       366694.1048187554,
       266
      ],
      [
       1222680.9426295557,
       366694.8427778607,
       266
      ],
      [
       1222680.7095956737,
       366695.5912640684,
       266
      ],
      [
       1222680.5208580745,
       366696.33975027606,
       266
      ],
      [
       1222680.3764167582,
       366697.0882364836,
       266
      ],
      [
       1222680.2762717253,
       366697.8367226913,
       266
      ],
      [
       1222680.2204229757,
       366698.585208899,
       266
      ],
      [
       1222680.2019271194,
       366699.3336951067,
       266
      ],
      [
       1222680.2207841564,
       366700.0821813143,
       266
      ],
      [
       1222680.276994087,
       366700.830667522,
       266
      ],
      [
       1222680.370556911,
       366701.57915372966,
       266
      ],
      [
       1222680.4782569343,
       366702.32763993734,
       266
      ],
      [
       1222680.6000941563,
       366703.076126145,
       266
      ],
      [
       1222680.7360685775,
       366703.8246123527,
       266
      ],
      [
       1222680.8861801983,
       366704.5730985604,
       266
      ],
      [
       1222681.0364422672,
       366705.32158476807,
       266
      ],
      [
       1222681.1868547844,
       366706.0700709757,
       266
      ],
      [
       1222681.3374177506,
       366706.8185571834,
       266
      ],
      [
       1222681.488131165,
       366707.5670433911,
       266
      ],
      [
       1222681.6233539572,
       366708.3155295988,
       266
      ],
      [
       1222681.7430861264,
       366709.0640158064,
       266
      ],
      [
       1222681.847327673,
       366709.8125020141,
       266
      ],
      [
       1222681.9360785976,
       366710.5609882217,
       266
      ],
      [
       1222681.99838567,
       366711.30947442935,
       266
      ],
      [
       1222682.0342488904,
       366712.05796063715,
       266
      ],
      [
       1222682.0436682592,
       366712.80644684477,
       266
      ],
      [
       1222682.026643776,
       366713.5549330524,
       266
      ],
      [
       1222681.9879079212,
       366714.3034192601,
       266
      ],
      [
       1222681.9274606942,
       366715.0519054677,
       266
      ],
      [
       1222681.8453020956,
       366715.8003916754,
       266
      ],
      [
       1222681.741432125,
       366716.5488778831,
       266
      ],
      [
       1222681.6419230672,
       366717.2973640908,
       266
      ],
      [
       1222681.546774922,
       366718.0458502984,
       266
      ],
      [
       1222681.4559876896,
       366718.7943365061,
       266
      ],
      [
       1222681.36956137,
       366719.5428227138,
       266
      ],
      [
       1222681.3098254483,
       366720.29130892147,
       266
      ],
      [
       1222681.2767799248,
       366721.03979512915,
       266
      ],
      [
       1222681.2704247995,
       366721.78828133683,
       266
      ],
      [
       1222681.290760072,
       366722.5367675445,
       266
      ],
      [
       1222681.3264042535,
       366723.2852537522,
       266
      ],
      [
       1222681.3773573432,
       366724.0337399598,
       266
      ],
      [
       1222681.4436193418,
       366724.7822261675,
       266
      ],
      [
       1222681.5251902489,
       366725.5307123752,
       266
      ],
      [
       1222681.6168755717,
       366726.27919858287,
       266
      ],
      [
       1222681.7186753098,
       366727.02768479043,
       266
      ],
      [
       1222681.830589464,
       366727.7761709981,
       266
      ],
      [
       1222681.9526180332,
       366728.5246572058,
       266
      ],
      [
       1222682.067496284,
       366729.17095821816,
       266
      ],
      [
       1222682.1752242157,
       366729.7150740352,
       266
      ],
      [
       1222682.2758018286,
       366730.157004657,
       266
      ],
      [
       1222682.3692291228,
       366730.49675008364,
       266
      ],
      [
       1222682.48300837,
       366730.85374434874,
       266
      ],
      [
       1222682.6171395706,
       366731.2279874526,
       266
      ],
      [
       1222682.7716227246,
       366731.6194793951,
       266
      ],
      [
       1222682.9464578314,
       366732.02822017623,
       266
      ],
      [
       1222683.1448871088,
       366732.521897314,
       266
      ],
      [
       1222683.3669105568,
       366733.10051080846,
       266
      ],
      [
       1222683.612528175,
       366733.7640606595,
       266
      ],
      [
       1222683.8817399638,
       366734.5125468672,
       266
      ],
      [
       1222684.0603520744,
       366735.2610330749,
       266
      ],
      [
       1222684.1483645076,
       366736.0095192825,
       266
      ],
      [
       1222684.1457772627,
       366736.7580054902,
       266
      ],
      [
       1222684.05259034,
       366737.5064916979,
       266
      ],
      [
       1222683.8949851547,
       366738.22076151177,
       266
      ],
      [
       1222683.6729617068,
       366738.9008149317,
       266
      ],
      [
       1222683.3865199962,
       366739.5466519579,
       266
      ],
      [
       1222683.0356600233,
       366740.1582725902,
       266
      ],
      [
       1222682.7467365107,
       366740.65120445826,
       266
      ],
      [
       1222682.5197494582,
       366741.0254475621,
       266
      ],
      [
       1222682.3546988661,
       366741.2810019017,
       266
      ],
      [
       1222682.2515847343,
       366741.41786747705,
       266
      ],
      [
       1222682.0129061164,
       366741.662068898,
       266
      ],
      [
       1222681.6386630125,
       366742.01360616443,
       266
      ],
      [
       1222681.1288554228,
       366742.4724792765,
       266
      ],
      [
       1222680.483483347,
       366743.03868823417,
       266
      ],
      [
       1222679.9286121794,
       366743.5089142649,
       266
      ],
      [
       1222679.46424192,
       366743.8831573687,
       266
      ],
      [
       1222679.090372569,
       366744.16141754563,
       266
      ],
      [
       1222678.8070041258,
       366744.3436947957,
       266
      ],
      [
       1222678.4781983523,
       366744.5411329565,
       266
      ],
      [
       1222678.1039552484,
       366744.7537320281,
       266
      ],
      [
       1222677.684274814,
       366744.9814920106,
       266
      ],
      [
       1222677.2191570494,
       366745.2244129038,
       266
      ],
      [
       1222676.683197174,
       366745.49384533067,
       266
      ],
      [
       1222676.0763951878,
       366745.7897892913,
       266
      ],
      [
       1222675.3987510907,
       366746.1122447854,
       266
      ],
      [
       1222674.6502648834,
       366746.46121181326,
       266
      ],
      [
       1222674.0338537283,
       366746.7620866558,
       266
      ],
      [
       1222673.5495176257,
       366747.014869313,
       266
      ],
      [
       1222673.1972565758,
       366747.2195597849,
       266
      ],
      [
       1222672.9770705786,
       366747.3761580715,
       266
      ],
      [
       1222672.679856028,
       366747.5798267541,
       266
      ],
      [
       1222672.305612924,
       366747.83056583273,
       266
      ],
      [
       1222671.854341267,
       366748.12837530737,
       266
      ],
      [
       1222671.3260410565,
       366748.473255178,
       266
      ],
      [
       1222670.7774135598,
       366748.8328166653,
       266
      ],
      [
       1222670.208458777,
       366749.20705976913,
       266
      ],
      [
       1222669.619176708,
       366749.59598448954,
       266
      ],
      [
       1222669.0095673525,
       366749.99959082657,
       266
      ],
      [
       1222668.517641123,
       366750.32417819294,
       266
      ],
      [
       1222668.143398019,
       366750.5697465885,
       266
      ],
      [
       1222667.886838041,
       366750.73629601346,
       266
      ],
      [
       1222667.7479611887,
       366750.82382646773,
       266
      ],
      [
       1222667.4566819975,
       366750.99519882875,
       266
      ],
      [
       1222667.0130004678,
       366751.2504130965,
       266
      ],
      [
       1222666.416916599,
       366751.58946927096,
       266
      ],
      [
       1222665.6684303912,
       366752.01236735214,
       266
      ],
      [
       1222664.924779526,
       366752.38905533106,
       266
      ],
      [
       1222664.1859640032,
       366752.71953320777,
       266
      ],
      [
       1222663.4519838232,
       366753.00380098226,
       266
      ],
      [
       1222662.7228389855,
       366753.2418586544,
       266
      ],
      [
       1222662.1711450147,
       366753.42190196755,
       266
      ],
      [
       1222661.7969019108,
       366753.5439309217,
       266
      ],
      [
       1222661.6001096738,
       366753.60794551665,
       266
      ],
      [
       1222661.5807683042,
       366753.6139457525,
       266
      ],
      [
       1222661.379140725,
       366753.6589481805,
       266
      ],
      [
       1222660.995226936,
       366753.74295280053,
       266
      ],
      [
       1222660.4290269376,
       366753.86595961265,
       266
      ],
      [
       1222659.6805407298,
       366754.0279686168,
       266
      ],
      [
       1222658.932054522,
       366754.1665227973,
       266
      ],
      [
       1222658.1835683142,
       366754.28162215423,
       266
      ],
      [
       1222657.4350821066,
       366754.3732666875,
       266
      ],
      [
       1222656.6865958993,
       366754.4414563971,
       266
      ],
      [
       1222655.9381096917,
       366754.49900536414,
       266
      ],
      [
       1222655.189623484,
       366754.5459135884,
       266
      ],
      [
       1222654.4411372761,
       366754.58218107006,
       266
      ],
      [
       1222653.6926510683,
       366754.60780780914,
       266
      ],
      [
       1222652.9441648608,
       366754.62342737586,
       266
      ],
      [
       1222652.1956786532,
       366754.6290397704,
       266
      ],
      [
       1222651.4471924454,
       366754.6246449927,
       266
      ],
      [
       1222650.698706238,
       366754.6102430427,
       266
      ],
      [
       1222649.9502200303,
       366754.60022960464,
       266
      ],
      [
       1222649.2017338225,
       366754.5946046784,
       266
      ],
      [
       1222648.4532476147,
       366754.59336826403,
       266
      ],
      [
       1222647.7047614073,
       366754.5965203616,
       266
      ],
      [
       1222646.9562751995,
       366754.6078023968,
       266
      ],
      [
       1222646.2077889917,
       366754.6272143697,
       266
      ],
      [
       1222645.459302784,
       366754.65475628036,
       266
      ],
      [
       1222644.7108165766,
       366754.6904281287,
       266
      ],
      [
       1222643.9623303688,
       366754.7192286761,
       266
      ],
      [
       1222643.213844161,
       366754.74115792266,
       266
      ],
      [
       1222642.4653579532,
       366754.7562158683,
       266
      ],
      [
       1222641.716871746,
       366754.76440251287,
       266
      ],
      [
       1222640.968385538,
       366754.7665664903,
       266
      ],
      [
       1222640.2198993305,
       366754.7627078005,
       266
      ],
      [
       1222639.471413123,
       366754.75282644347,
       266
      ]
     ]
    },
    "elevationFt": 266,
    "weight": "intermediate",
    "hidden": false
   }
  },
  {
   "type": "Feature",
   "geometry": {
    "type": "LineString",
    "coordinates": [
     [
      -77.31353464200745,
      38.67337043808253
     ],
     [
      -77.31353513367364,
      38.67336912239867
     ],
     [
      -77.31353535020725,
      38.67336805441485
     ],
     [
      -77.3135355810436,
      38.673367006283456
     ],
     [
      -77.31353582618272,
      38.67336597800452
     ],
     [
      -77.31353608562456,
      38.67336496957801
     ],
     [
      -77.31353635936918,
      38.67336398100395
     ],
     [
      -77.31353649446694,
      38.67336308168746
     ],
     [
      -77.31353649091788,
      38.673362271628555
     ],
     [
      -77.31353634872198,
      38.67336155082721
     ],
     [
      -77.31353606787926,
      38.67336091928346
     ],
     [
      -77.31353547845428,
      38.673360090911025
     ],
     [
      -77.31353458044705,
      38.67335906570996
     ]
    ]
   },
   "properties": {
    "id": "ct-3",
    "kind": "Contour",
    "sourceId": "contours",
    "reliabilityLevel": 1,
    "revision": 1,
    "engineeringGeometry": {
     "crs": "EPSG:2248",
     "crsName": "NAD83 / Maryland State Plane (US survey feet)",
     "datum": "NAD83",
     "unit": "usSurveyFoot",
     "coordinates": [
      [
       1222820.5307335756,
       366780.4400218916,
       268
      ],
      [
       1222820.3887198502,
       366779.96135204047,
       268
      ],
      [
       1222820.3255648203,
       366779.57262097485,
       268
      ],
      [
       1222820.2583512613,
       366779.19113389007,
       268
      ],
      [
       1222820.1870791733,
       366778.8168907862,
       268
      ],
      [
       1222820.1117485566,
       366778.4498916633,
       268
      ],
      [
       1222820.0323594105,
       366778.0901365214,
       268
      ],
      [
       1222819.9926648377,
       366777.76275167277,
       268
      ],
      [
       1222819.9926648377,
       366777.46773711755,
       268
      ],
      [
       1222820.0323594105,
       366777.2050928558,
       268
      ],
      [
       1222820.1117485566,
       366776.97481888754,
       268
      ],
      [
       1222820.2789900901,
       366776.6725603515,
       268
      ],
      [
       1222820.5340840113,
       366776.29831724765,
       268
      ]
     ]
    },
    "elevationFt": 268,
    "weight": "intermediate",
    "hidden": false
   }
  },
  {
   "type": "Feature",
   "geometry": {
    "type": "LineString",
    "coordinates": [
     [
      -77.31353395272221,
      38.673157433501586
     ],
     [
      -77.31353451424279,
      38.67315685593003
     ],
     [
      -77.31353461086856,
      38.67315677266962
     ],
     [
      -77.31353527294496,
      38.67315621557739
     ],
     [
      -77.31353650047197,
      38.67315518465338
     ],
     [
      -77.31353829344954,
      38.673153679897545
     ],
     [
      -77.3135406518776,
      38.67315170130988
     ],
     [
      -77.31354248411196,
      38.67315016264223
     ],
     [
      -77.31354379015268,
      38.67314906389465
     ],
     [
      -77.31354456999982,
      38.67314840506714
     ],
     [
      -77.3135448236534,
      38.67314818615972
     ],
     [
      -77.31354546398411,
      38.67314756151392
     ],
     [
      -77.31354649099192,
      38.673146531129696
     ],
     [
      -77.31354790467681,
      38.67314509500706
     ],
     [
      -77.31354970503874,
      38.67314325314601
     ],
     [
      -77.3135512574704,
      38.67314160721528
     ],
     [
      -77.31355256197183,
      38.6731401572149
     ],
     [
      -77.31355361854307,
      38.673138903144874
     ],
     [
      -77.31355442718413,
      38.67313784500521
     ],
     [
      -77.31355519037912,
      38.67313680115957
     ],
     [
      -77.31355590812808,
      38.673135771607996
     ],
     [
      -77.313556580431,
      38.673134756350464
     ],
     [
      -77.31355720728787,
      38.67313375538697
     ],
     [
      -77.31355802668678,
      38.67313248991446
     ],
     [
      -77.31355903862767,
      38.6731309599329
     ],
     [
      -77.31356024311054,
      38.673129165442305
     ],
     [
      -77.31356164013539,
      38.67312710644267
     ],
     [
      -77.3135628333786,
      38.673125418350985
     ],
     [
      -77.31356382284018,
      38.673124101167275
     ],
     [
      -77.31356460852021,
      38.67312315489154
     ],
     [
      -77.31356519041867,
      38.67312257952376
     ],
     [
      -77.31356596801578,
      38.67312177672
     ],
     [
      -77.31356694131154,
      38.67312074648022
     ],
     [
      -77.31356811030591,
      38.67311948880445
     ],
     [
      -77.31356947499889,
      38.67311800369265
     ],
     [
      -77.31357081010876,
      38.67311665323828
     ],
     [
      -77.31357211563557,
      38.67311543744128
     ],
     [
      -77.31357339157928,
      38.67311435630172
     ],
     [
      -77.31357463793995,
      38.67311340981954
     ],
     [
      -77.31357588422478,
      38.673112421091076
     ],
     [
      -77.31357713043374,
      38.673111390116325
     ],
     [
      -77.31357837656687,
      38.67311031689527
     ],
     [
      -77.31357962262412,
      38.67310920142791
     ],
     [
      -77.31358089853063,
      38.67310806195896
     ],
     [
      -77.31358220428639,
      38.67310689848841
     ],
     [
      -77.3135835398914,
      38.67310571101625
     ],
     [
      -77.31358490534564,
      38.673104499542504
     ],
     [
      -77.31358614820635,
      38.67310337848776
     ],
     [
      -77.31358726847355,
      38.67310234785203
     ],
     [
      -77.31358826614722,
      38.67310140763534
     ],
     [
      -77.31358914122741,
      38.673100557837664
     ],
     [
      -77.31359023143668,
      38.673099503612065
     ],
     [
      -77.31359153677504,
      38.673098244958595
     ],
     [
      -77.31359305724246,
      38.67309678187717
     ],
     [
      -77.31359479283893,
      38.67309511436786
     ],
     [
      -77.313596202247,
      38.67309376534516
     ],
     [
      -77.31359728546673,
      38.67309273480911
     ],
     [
      -77.31359804249813,
      38.67309202275969
     ],
     [
      -77.31359847334123,
      38.67309162919696
     ],
     [
      -77.3135993416456,
      38.67309085187045
     ],
     [
      -77.31360064741118,
      38.67308969078016
     ],
     [
      -77.31360239063794,
      38.67308814592609
     ],
     [
      -77.31360457132581,
      38.6730862173082
     ],
     [
      -77.31360624893226,
      38.67308473760823
     ],
     [
      -77.31360742345738,
      38.673083706826176
     ],
     [
      -77.31360809490118,
      38.67308312496209
     ],
     [
      -77.3136082632637,
      38.67308299201596
     ],
     [
      -77.31360900073477,
      38.67308243790833
     ],
     [
      -77.31361030731435,
      38.67308146263917
     ],
     [
      -77.3136121830024,
      38.67308006620846
     ],
     [
      -77.31361462779888,
      38.67307824861622
     ],
     [
      -77.31361657493456,
      38.67307682405877
     ],
     [
      -77.31361802440954,
      38.67307579253612
     ],
     [
      -77.31361897622384,
      38.673075154048334
     ],
     [
      -77.3136194303775,
      38.6730749085954
     ],
     [
      -77.31362031134036,
      38.67307443431441
     ],
     [
      -77.31362161911235,
      38.67307373120534
     ],
     [
      -77.3136233536935,
      38.67307279926818
     ],
     [
      -77.31362551508373,
      38.67307163850294
     ],
     [
      -77.31362765545254,
      38.67307054145685
     ],
     [
      -77.31362977479988,
      38.67306950812993
     ],
     [
      -77.31363187312579,
      38.673068538522166
     ],
     [
      -77.31363395043029,
      38.67306763263358
     ],
     [
      -77.31363564323681,
      38.67306688938655
     ],
     [
      -77.31363695154542,
      38.673066308781074
     ],
     [
      -77.31363787535611,
      38.67306589081719
     ],
     [
      -77.3136384146689,
      38.673065635494915
     ],
     [
      -77.31363947377403,
      38.67306526008757
     ],
     [
      -77.31364105267149,
      38.673064764595146
     ],
     [
      -77.31364315136123,
      38.67306414901766
     ],
     [
      -77.31364576984328,
      38.67306341335504
     ],
     [
      -77.31364838910554,
      38.67306285572388
     ],
     [
      -77.31365100914803,
      38.67306247612421
     ],
     [
      -77.31365362997079,
      38.67306227455603
     ],
     [
      -77.31365625157383,
      38.6730622510193
     ],
     [
      -77.31365887410433,
      38.67306243909377
     ],
     [
      -77.31366149756236,
      38.67306283877943
     ],
     [
      -77.3136641219479,
      38.67306345007627
     ],
     [
      -77.31366674726098,
      38.67306427298428
     ],
     [
      -77.31366878889756,
      38.67306493221347
     ],
     [
      -77.3136702468576,
      38.67306542776389
     ],
     [
      -77.31367112114108,
      38.6730657596355
     ],
     [
      -77.31367141174799,
      38.67306592782836
     ],
     [
      -77.31367221460835,
      38.673066497950686
     ],
     [
      -77.31367352972217,
      38.67306747000247
     ],
     [
      -77.3136753570895,
      38.67306884398371
     ],
     [
      -77.31367769671039,
      38.673070619894354
     ],
     [
      -77.31367952457532,
      38.67307201988653
     ],
     [
      -77.31368084068424,
      38.673073043960294
     ],
     [
      -77.3136816450371,
      38.67307369211561
     ],
     [
      -77.31368193763386,
      38.6730739643525
     ],
     [
      -77.31368263974576,
      38.673074681039495
     ],
     [
      -77.31368375137286,
      38.67307584217656
     ],
     [
      -77.31368527251517,
      38.6730774477637
     ],
     [
      -77.31368720317275,
      38.67307949780089
     ],
     [
      -77.31368875377177,
      38.6730811374978
     ],
     [
      -77.31368992431219,
      38.673082366854516
     ],
     [
      -77.31369071479395,
      38.67308318587097
     ],
     [
      -77.31369112521705,
      38.673083594547236
     ],
     [
      -77.31369195129459,
      38.673084311022365
     ],
     [
      -77.3136931930266,
      38.673085335296314
     ],
     [
      -77.31369485041309,
      38.6730866673691
     ],
     [
      -77.31369692345412,
      38.6730883072407
     ],
     [
      -77.31369861769372,
      38.67308965010575
     ],
     [
      -77.31369993313186,
      38.673090695964255
     ],
     [
      -77.3137008697685,
      38.67309144481621
     ],
     [
      -77.31370142760359,
      38.673091896661674
     ],
     [
      -77.31370239017485,
      38.67309263455216
     ],
     [
      -77.31370375748233,
      38.67309365848773
     ],
     [
      -77.31370552952602,
      38.673094968468334
     ],
     [
      -77.31370770630598,
      38.673096564493946
     ],
     [
      -77.31370945243557,
      38.673097890084215
     ],
     [
      -77.31371076791477,
      38.673098945239154
     ],
     [
      -77.31371165274354,
      38.673099729958814
     ],
     [
      -77.31371210692184,
      38.67310024424318
     ],
     [
      -77.31371273409964,
      38.673101014116995
     ],
     [
      -77.31371353427694,
      38.67310203958028
     ],
     [
      -77.31371450745378,
      38.67310332063301
     ],
     [
      -77.31371565363017,
      38.67310485727522
     ],
     [
      -77.31371669856263,
      38.67310652306714
     ],
     [
      -77.31371764225115,
      38.67310831800877
     ],
     [
      -77.31371848469576,
      38.67311024210013
     ],
     [
      -77.31371922589642,
      38.673112295341205
     ],
     [
      -77.31371986935658,
      38.67311434884561
     ],
     [
      -77.31372041507616,
      38.67311640261332
     ],
     [
      -77.31372086305521,
      38.67311845664435
     ],
     [
      -77.3137212132937,
      38.67312051093869
     ],
     [
      -77.31372155740758,
      38.67312256524952
     ],
     [
      -77.31372189539681,
      38.673124619576875
     ],
     [
      -77.31372222726144,
      38.673126673920706
     ],
     [
      -77.31372255300143,
      38.673128728281036
     ],
     [
      -77.31372282064828,
      38.67313034125634
     ],
     [
      -77.31372303020197,
      38.67313151284661
     ],
     [
      -77.31372318166254,
      38.67313224305184
     ],
     [
      -77.31372327502991,
      38.67313253187202
     ],
     [
      -77.31372347767405,
      38.673133189671425
     ],
     [
      -77.31372378959495,
      38.67313421645004
     ],
     [
      -77.3137242107926,
      38.673135612207865
     ],
     [
      -77.31372474126705,
      38.67313737694488
     ],
     [
      -77.31372552617954,
      38.673139213264356
     ],
     [
      -77.3137265655301,
      38.67314112116628
     ],
     [
      -77.31372785931877,
      38.673143100650634
     ],
     [
      -77.31372940754555,
      38.67314515171743
     ],
     [
      -77.31373070916344,
      38.67314680720144
     ],
     [
      -77.31373176417236,
      38.67314806710267
     ],
     [
      -77.3137325725723,
      38.67314893142113
     ],
     [
      -77.31373313436325,
      38.67314940015685
     ],
     [
      -77.31373393235285,
      38.67315014694104
     ],
     [
      -77.3137349665411,
      38.67315117177372
     ],
     [
      -77.31373623692805,
      38.673152474654856
     ],
     [
      -77.31373774351371,
      38.67315405558445
     ],
     [
      -77.31373915525603,
      38.67315553537973
     ],
     [
      -77.313740472155,
      38.67315691404074
     ],
     [
      -77.31374169421062,
      38.67315819156743
     ],
     [
      -77.31374282142286,
      38.67315936795983
     ],
     [
      -77.31374382940037,
      38.673160468768245
     ],
     [
      -77.31374471814311,
      38.673161493992716
     ],
     [
      -77.3137454876511,
      38.673162443633174
     ],
     [
      -77.31374613792431,
      38.67316331768969
     ],
     [
      -77.31374695269052,
      38.673164486160346
     ],
     [
      -77.3137479319497,
      38.67316594904515
     ],
     [
      -77.31374907570189,
      38.673167706344096
     ],
     [
      -77.31375038394714,
      38.67316975805718
     ],
     [
      -77.31375134429219,
      38.67317181070761
     ],
     [
      -77.313751956737,
      38.67317386429538
     ],
     [
      -77.31375222128155,
      38.67317591882051
     ],
     [
      -77.31375213792582,
      38.673177974283
     ],
     [
      -77.31375161261792,
      38.673179639040555
     ],
     [
      -77.31375064535781,
      38.6731809130932
     ],
     [
      -77.31374923614551,
      38.673181796440886
     ],
     [
      -77.31374738498103,
      38.67318228908365
     ],
     [
      -77.31374534085853,
      38.67318258524354
     ],
     [
      -77.31374310377804,
      38.67318268492057
     ],
     [
      -77.31374067373959,
      38.67318258811471
     ],
     [
      -77.31373805074318,
      38.67318229482596
     ],
     [
      -77.31373583533836,
      38.67318202870308
     ],
     [
      -77.31373402752511,
      38.67318178974603
     ],
     [
      -77.31373262730344,
      38.673181577954914
     ],
     [
      -77.3137316346733,
      38.6731813933297
     ],
     [
      -77.31373048241255,
      38.673181182845774
     ],
     [
      -77.31372917052117,
      38.67318094650313
     ],
     [
      -77.31372769899914,
      38.6731806843018
     ],
     [
      -77.3137260678465,
      38.67318039624175
     ],
     [
      -77.31372418866563,
      38.673180091519434
     ],
     [
      -77.31372206145659,
      38.67317977013486
     ],
     [
      -77.31371968621933,
      38.67317943208802
     ],
     [
      -77.31371706295387,
      38.67317907737889
     ],
     [
      -77.31371447075216,
      38.673178462778324
     ],
     [
      -77.3137119096142,
      38.67317758828633
     ],
     [
      -77.31370937954006,
      38.673176453902926
     ],
     [
      -77.31370688052972,
      38.67317505962808
     ],
     [
      -77.31370497396152,
      38.673173989395494
     ],
     [
      -77.3137036598354,
      38.67317324320522
     ],
     [
      -77.31370293815131,
      38.67317282105727
     ],
     [
      -77.31370280890926,
      38.67317272295161
     ],
     [
      -77.31370205556756,
      38.67317242521835
     ],
     [
      -77.31370067812624,
      38.67317192785741
     ],
     [
      -77.31369867658533,
      38.67317123086879
     ],
     [
      -77.31369605094486,
      38.67317033425247
     ],
     [
      -77.31369342697036,
      38.673169817684936
     ],
     [
      -77.3136908046618,
      38.673169681166215
     ],
     [
      -77.31368818401914,
      38.67316992469628
     ],
     [
      -77.31368556504233,
      38.67317054827514
     ],
     [
      -77.31368339103899,
      38.673171112929126
     ],
     [
      -77.31368166200912,
      38.67317161865828
     ],
     [
      -77.31368037795272,
      38.67317206546258
     ],
     [
      -77.31367953886983,
      38.67317245334209
     ],
     [
      -77.3136786130201,
      38.673173258859954
     ],
     [
      -77.31367760040351,
      38.673174482016194
     ],
     [
      -77.31367650102003,
      38.67317612281081
     ],
     [
      -77.31367531486964,
      38.67317818124379
     ],
     [
      -77.31367427956773,
      38.673179896073115
     ],
     [
      -77.31367339511435,
      38.67318126729881
     ],
     [
      -77.31367266150947,
      38.673182294920856
     ],
     [
      -77.31367207875316,
      38.67318297893926
     ],
     [
      -77.31367098659292,
      38.67318356830926
     ],
     [
      -77.31366938502877,
      38.67318406303087
     ],
     [
      -77.3136672740607,
      38.67318446310406
     ],
     [
      -77.31366465368872,
      38.67318476852878
     ],
     [
      -77.31366229123974,
      38.67318475346328
     ],
     [
      -77.31366018671383,
      38.673184417907585
     ],
     [
      -77.313658340111,
      38.67318376186169
     ],
     [
      -77.31365675143125,
      38.6731827853256
     ],
     [
      -77.31365529974316,
      38.67318185885376
     ],
     [
      -77.31365398504668,
      38.67318098244615
     ],
     [
      -77.31365280734182,
      38.67318015610276
     ],
     [
      -77.31365176662858,
      38.67317937982364
     ],
     [
      -77.31365056186604,
      38.673178479718004
     ],
     [
      -77.31364919305422,
      38.673177455785904
     ],
     [
      -77.3136476601931,
      38.67317630802726
     ],
     [
      -77.31364596328272,
      38.673175036442125
     ],
     [
      -77.3136444573045,
      38.67317392253308
     ],
     [
      -77.31364314225847,
      38.6731729663001
     ],
     [
      -77.31364201814455,
      38.67317216774322
     ],
     [
      -77.31364108496278,
      38.67317152686245
     ],
     [
      -77.31363973618907,
      38.67317069498862
     ],
     [
      -77.31363797182347,
      38.67316967212173
     ],
     [
      -77.313635791866,
      38.67316845826175
     ],
     [
      -77.31363319631673,
      38.67316705340868
     ],
     [
      -77.31363124156873,
      38.67316599824512
     ],
     [
      -77.31362992762196,
      38.67316529277107
     ],
     [
      -77.3136292544764,
      38.673164936986566
     ],
     [
      -77.313629222132,
      38.67316493089162
     ],
     [
      -77.31362854238701,
      38.67316491281027
     ],
     [
      -77.31362721524141,
      38.67316488274247
     ],
     [
      -77.31362524069523,
      38.67316484068821
     ],
     [
      -77.31362261874844,
      38.67316478664746
     ],
     [
      -77.31362013455126,
      38.67316476433229
     ],
     [
      -77.31361778810367,
      38.67316477374271
     ],
     [
      -77.31361557940568,
      38.67316481487875
     ],
     [
      -77.31361350845728,
      38.673164887740406
     ],
     [
      -77.31361181767399,
      38.673164951190216
     ],
     [
      -77.31361050705583,
      38.67316500522822
     ],
     [
      -77.31360957660277,
      38.67316504985441
     ],
     [
      -77.31360902631484,
      38.67316508506883
     ],
     [
      -77.3136079583251,
      38.673165146550325
     ],
     [
      -77.31360637263353,
      38.67316523429883
     ],
     [
      -77.31360426924013,
      38.67316534831436
     ],
     [
      -77.3136016481449,
      38.67316548859691
     ],
     [
      -77.31359902709484,
      38.67316563918864
     ],
     [
      -77.31359640608993,
      38.67316580008957
     ],
     [
      -77.3135937851302,
      38.67316597129969
     ],
     [
      -77.31359116421562,
      38.67316615281901
     ],
     [
      -77.31358854363111,
      38.673166409662194
     ],
     [
      -77.31358592337662,
      38.67316674182922
     ],
     [
      -77.31358330345219,
      38.67316714932007
     ],
     [
      -77.31358068385778,
      38.673167632134785
     ],
     [
      -77.31357806429577,
      38.67316812235221
     ],
     [
      -77.31357544476616,
      38.67316861997235
     ],
     [
      -77.31357282526896,
      38.673169124995205
     ],
     [
      -77.31357020580414,
      38.67316963742079
     ],
     [
      -77.31356758600532,
      38.67317007362488
     ],
     [
      -77.3135649658725,
      38.673170433607474
     ],
     [
      -77.31356234540569,
      38.67317071736859
     ],
     [
      -77.31355972460486,
      38.67317092490822
     ],
     [
      -77.31355710356829,
      38.673171078641914
     ],
     [
      -77.31355448229594,
      38.67317117856969
     ],
     [
      -77.31355186078784,
      38.67317122469152
     ],
     [
      -77.31354923904401,
      38.67317121700744
     ],
     [
      -77.31354668973356,
      38.67317134955125
     ],
     [
      -77.31354421285653,
      38.67317162232297
     ],
     [
      -77.3135418084129,
      38.673172035322594
     ],
     [
      -77.3135394764026,
      38.67317258855013
     ],
     [
      -77.31353765604874,
      38.673173111403926
     ],
     [
      -77.31353634735127,
      38.673173603884045
     ],
     [
      -77.31353555031025,
      38.67317406599046
     ],
     [
      -77.31353526492568,
      38.67317449772322
     ],
     [
      -77.3135349786154,
      38.673175227785755
     ],
     [
      -77.31353469137942,
      38.67317625617806
     ],
     [
      -77.31353440321773,
      38.673177582900145
     ],
     [
      -77.31353411413033,
      38.67317920795201
     ]
    ]
   },
   "properties": {
    "id": "ct-4",
    "kind": "Contour",
    "sourceId": "contours",
    "reliabilityLevel": 1,
    "revision": 1,
    "engineeringGeometry": {
     "crs": "EPSG:2248",
     "crsName": "NAD83 / Maryland State Plane (US survey feet)",
     "datum": "NAD83",
     "unit": "usSurveyFoot",
     "coordinates": [
      [
       1222820.4610921894,
       366702.8663340217,
       268
      ],
      [
       1222820.3000581763,
       366702.6565418983,
       268
      ],
      [
       1222820.272367816,
       366702.62631446973,
       268
      ],
      [
       1222820.0826511874,
       366702.42407920357,
       268
      ],
      [
       1222819.7309082907,
       366702.04983609973,
       268
      ],
      [
       1222819.2171391263,
       366701.50358515827,
       268
      ],
      [
       1222818.541343694,
       366700.7853263792,
       268
      ],
      [
       1222818.016324426,
       366700.2267637936,
       268
      ],
      [
       1222817.6420813221,
       366699.8278974015,
       268
      ],
      [
       1222817.4186143826,
       366699.588727203,
       268
      ],
      [
       1222817.3459236072,
       366699.50925319816,
       268
      ],
      [
       1222817.162330731,
       366699.28239464376,
       268
      ],
      [
       1222816.8678357538,
       366698.90815153986,
       268
      ],
      [
       1222816.4624386756,
       366698.3865238866,
       268
      ],
      [
       1222815.9461394965,
       366697.71751168394,
       268
      ],
      [
       1222815.500868355,
       366697.11961120146,
       268
      ],
      [
       1222815.126625251,
       366696.5928224393,
       268
      ],
      [
       1222814.823410185,
       366696.1371453974,
       268
      ],
      [
       1222814.5912231563,
       366695.75258007576,
       268
      ],
      [
       1222814.3720286456,
       366695.37317586306,
       268
      ],
      [
       1222814.1658266527,
       366694.99893275916,
       268
      ],
      [
       1222813.9726171773,
       366694.62985076424,
       268
      ],
      [
       1222813.7924002195,
       366694.2659298783,
       268
      ],
      [
       1222813.556882488,
       366693.80586766184,
       268
      ],
      [
       1222813.266063983,
       366693.24966411496,
       268
      ],
      [
       1222812.919944704,
       366692.5973192377,
       268
      ],
      [
       1222812.518524651,
       366691.84883303003,
       268
      ],
      [
       1222812.1757473121,
       366691.2352259982,
       268
      ],
      [
       1222811.8916126871,
       366690.75649814215,
       268
      ],
      [
       1222811.666120776,
       366690.41264946194,
       268
      ],
      [
       1222811.4992715789,
       366690.20367995754,
       268
      ],
      [
       1222811.2762667662,
       366689.9120736534,
       268
      ],
      [
       1222810.9971063384,
       366689.5378305496,
       268
      ],
      [
       1222810.6617902953,
       366689.080950646,
       268
      ],
      [
       1222810.270318637,
       366688.54143394274,
       268
      ],
      [
       1222809.8874612558,
       366688.05092840176,
       268
      ],
      [
       1222809.513218152,
       366687.6094340231,
       268
      ],
      [
       1222809.1475893254,
       366687.21695080673,
       268
      ],
      [
       1222808.7905747762,
       366686.8734787527,
       268
      ],
      [
       1222808.4335290226,
       366686.51462117373,
       268
      ],
      [
       1222808.0764520643,
       366686.1403780699,
       268
      ],
      [
       1222807.719343902,
       366685.75074944115,
       268
      ],
      [
       1222807.362204535,
       366685.3457352875,
       268
      ],
      [
       1222806.9965132996,
       366684.9320093971,
       268
      ],
      [
       1222806.6222701957,
       366684.5095717698,
       268
      ],
      [
       1222806.2394752235,
       366684.07842240576,
       268
      ],
      [
       1222805.8481283828,
       366683.6385613049,
       268
      ],
      [
       1222805.4918945683,
       366683.2315092025,
       268
      ],
      [
       1222805.17077378,
       366682.8572660987,
       268
      ],
      [
       1222804.884766018,
       366682.51583199337,
       268
      ],
      [
       1222804.6338712825,
       366682.2072068866,
       268
      ],
      [
       1222804.3213023627,
       366681.8243432497,
       268
      ],
      [
       1222803.9470592588,
       366681.3672410827,
       268
      ],
      [
       1222803.511141971,
       366680.83590038563,
       268
      ],
      [
       1222803.013550499,
       366680.23032115836,
       268
      ],
      [
       1222802.6094828355,
       366679.7404099928,
       268
      ],
      [
       1222802.2989389808,
       366679.366166889,
       268
      ],
      [
       1222802.0819189348,
       366679.1075918469,
       268
      ],
      [
       1222801.9584226971,
       366678.9646848664,
       268
      ],
      [
       1222801.7095530266,
       366678.6824460344,
       268
      ],
      [
       1222801.3353099227,
       366678.2608753506,
       268
      ],
      [
       1222800.835693386,
       366677.69997281523,
       268
      ],
      [
       1222800.2107034156,
       366676.9997384283,
       268
      ],
      [
       1222799.7299026593,
       366676.4624996828,
       268
      ],
      [
       1222799.393291117,
       366676.088256579,
       268
      ],
      [
       1222799.2008687886,
       366675.87700911675,
       268
      ],
      [
       1222799.152635674,
       366675.8287572961,
       268
      ],
      [
       1222798.941397565,
       366675.6276830696,
       268
      ],
      [
       1222798.567154461,
       366675.27378643735,
       268
      ],
      [
       1222798.0299063625,
       366674.76706739934,
       268
      ],
      [
       1222797.3296532694,
       366674.1075259556,
       268
      ],
      [
       1222796.771971935,
       366673.59063368174,
       268
      ],
      [
       1222796.3568623597,
       366673.2163905779,
       268
      ],
      [
       1222796.084324543,
       366672.984796644,
       268
      ],
      [
       1222795.954358485,
       366672.8958518802,
       268
      ],
      [
       1222795.7022539042,
       366672.72399006144,
       268
      ],
      [
       1222795.3280108003,
       366672.4692111878,
       268
      ],
      [
       1222794.8316291734,
       366672.1315152594,
       268
      ],
      [
       1222794.2131090234,
       366671.7109022761,
       268
      ],
      [
       1222793.6006701132,
       366671.3134742325,
       268
      ],
      [
       1222792.9943124421,
       366670.93923112866,
       268
      ],
      [
       1222792.3940360106,
       366670.5881729645,
       268
      ],
      [
       1222791.7998408186,
       366670.2602997402,
       268
      ],
      [
       1222791.3156216706,
       366669.9912809543,
       268
      ],
      [
       1222790.941378567,
       366669.7811166068,
       268
      ],
      [
       1222790.6771115072,
       366669.6298066978,
       268
      ],
      [
       1222790.5228204916,
       366669.5373512272,
       268
      ],
      [
       1222790.219980678,
       366669.40167247027,
       268
      ],
      [
       1222789.7685920661,
       366669.2227704271,
       268
      ],
      [
       1222789.1686546565,
       366669.0006450976,
       268
      ],
      [
       1222788.4201684492,
       366668.73529648175,
       268
      ],
      [
       1222787.6716822414,
       366668.534784994,
       268
      ],
      [
       1222786.9231960338,
       366668.399110634,
       268
      ],
      [
       1222786.1747098262,
       366668.3282734022,
       268
      ],
      [
       1222785.4262236184,
       366668.3222732983,
       268
      ],
      [
       1222784.6777374106,
       366668.393339681,
       268
      ],
      [
       1222783.9292512028,
       366668.54147255037,
       268
      ],
      [
       1222783.1807649953,
       366668.76667190634,
       268
      ],
      [
       1222782.432278788,
       366669.06893774896,
       268
      ],
      [
       1222781.8502249848,
       366669.31102171785,
       268
      ],
      [
       1222781.4346035859,
       366669.49292381306,
       268
      ],
      [
       1222781.1854145916,
       366669.6146440345,
       268
      ],
      [
       1222781.102658002,
       366669.67618238216,
       268
      ],
      [
       1222780.8741581552,
       366669.88459980534,
       268
      ],
      [
       1222780.4999150513,
       366670.23989630403,
       268
      ],
      [
       1222779.9799286905,
       366670.7420718782,
       268
      ],
      [
       1222779.3141990723,
       366671.39112652786,
       268
      ],
      [
       1222778.794103242,
       366671.9027754046,
       268
      ],
      [
       1222778.4196411995,
       366672.2770185085,
       268
      ],
      [
       1222778.1908129442,
       366672.51385583944,
       268
      ],
      [
       1222778.1076184767,
       366672.61328739737,
       268
      ],
      [
       1222777.9080653456,
       366672.8749826178,
       268
      ],
      [
       1222777.5921535508,
       366673.29894150066,
       268
      ],
      [
       1222777.1598830926,
       366673.8851640459,
       268
      ],
      [
       1222776.6112539708,
       366674.6336502536,
       268
      ],
      [
       1222776.170616475,
       366675.2323239802,
       268
      ],
      [
       1222775.8379706047,
       366675.6811852257,
       268
      ],
      [
       1222775.6133163606,
       366675.9802339902,
       268
      ],
      [
       1222775.4966537424,
       366676.12947027356,
       268
      ],
      [
       1222775.2617087418,
       366676.39120996714,
       268
      ],
      [
       1222774.9084813586,
       366676.765453071,
       268
      ],
      [
       1222774.4369715932,
       366677.2521995851,
       268
      ],
      [
       1222773.8471794454,
       366677.8514495094,
       268
      ],
      [
       1222773.3651618196,
       366678.3421625716,
       268
      ],
      [
       1222772.990918716,
       366678.72433877166,
       268
      ],
      [
       1222772.724450134,
       366678.9979781097,
       268
      ],
      [
       1222772.565756074,
       366679.1630805856,
       268
      ],
      [
       1222772.291869554,
       366679.4327533755,
       268
      ],
      [
       1222771.9027905741,
       366679.80699647934,
       268
      ],
      [
       1222771.3985191341,
       366680.2858098971,
       268
      ],
      [
       1222770.7790552345,
       366680.8691936289,
       268
      ],
      [
       1222770.2822017325,
       366681.3536664506,
       268
      ],
      [
       1222769.9079586286,
       366681.7392283622,
       268
      ],
      [
       1222769.6563259228,
       366682.0258793639,
       268
      ],
      [
       1222769.5273036151,
       366682.21361945546,
       268
      ],
      [
       1222769.3492105757,
       366682.49461105315,
       268
      ],
      [
       1222769.1220468045,
       366682.86885415704,
       268
      ],
      [
       1222768.8458123012,
       366683.336348767,
       268
      ],
      [
       1222768.5205070663,
       366683.89709488297,
       268
      ],
      [
       1222768.2242681829,
       366684.50477602193,
       268
      ],
      [
       1222767.9570956514,
       366685.1593921839,
       268
      ],
      [
       1222767.7189894714,
       366685.86094336864,
       268
      ],
      [
       1222767.509949643,
       366686.6094295763,
       268
      ],
      [
       1222767.3288146511,
       366687.357915784,
       268
      ],
      [
       1222767.1755844955,
       366688.1064019916,
       268
      ],
      [
       1222767.0502591766,
       366688.8548881993,
       268
      ],
      [
       1222766.9528386937,
       366689.60337440704,
       268
      ],
      [
       1222766.8571667904,
       366690.3518606147,
       268
      ],
      [
       1222766.7632434666,
       366691.10034682235,
       268
      ],
      [
       1222766.671068722,
       366691.84883303003,
       268
      ],
      [
       1222766.580642557,
       366692.5973192377,
       268
      ],
      [
       1222766.506249309,
       366693.18500276934,
       268
      ],
      [
       1222766.4478889783,
       366693.61188362486,
       268
      ],
      [
       1222766.4055615645,
       366693.87796180433,
       268
      ],
      [
       1222766.3792670676,
       366693.9832373078,
       268
      ],
      [
       1222766.3222363472,
       366694.22299661144,
       268
      ],
      [
       1222766.234469403,
       366694.5972397152,
       268
      ],
      [
       1222766.1159662348,
       366695.1059666193,
       268
      ],
      [
       1222765.9667268426,
       366695.74917732354,
       268
      ],
      [
       1222765.744936122,
       366696.4187069036,
       268
      ],
      [
       1222765.450594073,
       366697.1145553595,
       268
      ],
      [
       1222765.0837006955,
       366697.8367226913,
       268
      ],
      [
       1222764.6442559897,
       366698.585208899,
       268
      ],
      [
       1222764.2747219326,
       366699.18938795244,
       268
      ],
      [
       1222763.975098525,
       366699.6492598516,
       268
      ],
      [
       1222763.745385766,
       366699.96482459654,
       268
      ],
      [
       1222763.5855836566,
       366700.13608218724,
       268
      ],
      [
       1222763.358695909,
       366700.4088325345,
       268
      ],
      [
       1222763.064722524,
       366700.78307563835,
       268
      ],
      [
       1222762.703663501,
       366701.25881149876,
       268
      ],
      [
       1222762.2755188397,
       366701.83604011574,
       268
      ],
      [
       1222761.8743249574,
       366702.3763441136,
       268
      ],
      [
       1222761.5000818537,
       366702.8797234924,
       268
      ],
      [
       1222761.1527895285,
       366703.3461782522,
       268
      ],
      [
       1222760.8324479815,
       366703.77570839284,
       268
      ],
      [
       1222760.5460528173,
       366704.17759501515,
       268
      ],
      [
       1222760.2936040354,
       366704.55183811893,
       268
      ],
      [
       1222760.075101636,
       366704.89843770437,
       268
      ],
      [
       1222759.890545619,
       366705.2173937714,
       268
      ],
      [
       1222759.6593961208,
       366705.64373237354,
       268
      ],
      [
       1222759.3816531412,
       366706.17745351087,
       268
      ],
      [
       1222759.057316681,
       366706.8185571834,
       268
      ],
      [
       1222758.6863867394,
       366707.5670433911,
       268
      ],
      [
       1222758.4147818987,
       366708.3155295988,
       268
      ],
      [
       1222758.242502159,
       366709.0640158064,
       268
      ],
      [
       1222758.1695475203,
       366709.8125020141,
       268
      ],
      [
       1222758.1959179826,
       366710.5609882217,
       268
      ],
      [
       1222758.3479747036,
       366711.16675201664,
       268
      ],
      [
       1222758.6257176828,
       366711.6297933989,
       268
      ],
      [
       1222759.0291469207,
       366711.95011236845,
       268
      ],
      [
       1222759.558262417,
       366712.1277089252,
       268
      ],
      [
       1222760.1422205912,
       366712.23356010864,
       268
      ],
      [
       1222760.7810214432,
       366712.2676659186,
       268
      ],
      [
       1222761.474664973,
       366712.2300263552,
       268
      ],
      [
       1222762.2231511804,
       366712.1206414183,
       268
      ],
      [
       1222762.8553058906,
       366712.0215498107,
       268
      ],
      [
       1222763.371129103,
       366711.9327515323,
       268
      ],
      [
       1222763.7706208176,
       366711.8542465831,
       268
      ],
      [
       1222764.0537810344,
       366711.7860349632,
       268
      ],
      [
       1222764.382482695,
       366711.708249379,
       268
      ],
      [
       1222764.7567257986,
       366711.62088983064,
       268
      ],
      [
       1222765.176510346,
       366711.52395631804,
       268
      ],
      [
       1222765.6418363368,
       366711.4174488412,
       268
      ],
      [
       1222766.1779523818,
       366711.3046298848,
       268
      ],
      [
       1222766.7848584808,
       366711.18549944856,
       268
      ],
      [
       1222767.462554634,
       366711.06005753274,
       268
      ],
      [
       1222768.2110408419,
       366710.9283041373,
       268
      ],
      [
       1222768.950333241,
       366710.7019327568,
       268
      ],
      [
       1222769.6804318307,
       366710.3809433914,
       268
      ],
      [
       1222770.401336612,
       366709.965336041,
       268
      ],
      [
       1222771.1130475844,
       366709.45511070563,
       268
      ],
      [
       1222771.6560246225,
       366709.06347786187,
       268
      ],
      [
       1222772.0302677264,
       366708.7904375096,
       268
      ],
      [
       1222772.2357768961,
       366708.63598964893,
       268
      ],
      [
       1222772.2725521312,
       366708.60013427987,
       268
      ],
      [
       1222772.4872551095,
       366708.4909652871,
       268
      ],
      [
       1222772.879885831,
       366708.3084826707,
       268
      ],
      [
       1222773.4504442955,
       366708.0526864307,
       268
      ],
      [
       1222774.1989305033,
       366707.723576567,
       268
      ],
      [
       1222774.9474167111,
       366707.53287631867,
       268
      ],
      [
       1222775.695902919,
       366707.48058568564,
       268
      ],
      [
       1222776.4443891265,
       366707.566704668,
       268
      ],
      [
       1222777.1928753338,
       366707.79123326566,
       268
      ],
      [
       1222777.8142499137,
       366707.9947388726,
       268
      ],
      [
       1222778.3085128653,
       366708.177221489,
       268
      ],
      [
       1222778.675664189,
       366708.33868111484,
       268
      ],
      [
       1222778.9157038848,
       366708.47911774996,
       268
      ],
      [
       1222779.1810377394,
       366708.77156677825,
       268
      ],
      [
       1222779.4716657533,
       366709.21602819953,
       268
      ],
      [
       1222779.787587926,
       366709.8125020141,
       268
      ],
      [
       1222780.1288042578,
       366710.5609882217,
       268
      ],
      [
       1222780.4265240517,
       366711.184487219,
       268
      ],
      [
       1222780.6807473076,
       366711.682999006,
       268
      ],
      [
       1222780.8914740258,
       366712.05652358267,
       268
      ],
      [
       1222781.0587042058,
       366712.30506094894,
       268
      ],
      [
       1222781.3712483929,
       366712.5186291066,
       268
      ],
      [
       1222781.829106587,
       366712.6972280556,
       268
      ],
      [
       1222782.4322787877,
       366712.840857796,
       268
      ],
      [
       1222783.1807649953,
       366712.94951832795,
       268
      ],
      [
       1222783.8552143367,
       366712.9417142522,
       268
      ],
      [
       1222784.455626812,
       366712.8174455691,
       268
      ],
      [
       1222784.9820024208,
       366712.57671227853,
       268
      ],
      [
       1222785.4343411636,
       366712.2195143803,
       268
      ],
      [
       1222785.8476320868,
       366711.88068349566,
       268
      ],
      [
       1222786.2218751907,
       366711.56021962455,
       268
      ],
      [
       1222786.557070475,
       366711.25812276674,
       268
      ],
      [
       1222786.8532179398,
       366710.97439292236,
       268
      ],
      [
       1222787.1960457875,
       366710.6454064482,
       268
      ],
      [
       1222787.5855540182,
       366710.27116334444,
       268
      ],
      [
       1222788.0217426317,
       366709.8516636109,
       268
      ],
      [
       1222788.5046116277,
       366709.3869072476,
       268
      ],
      [
       1222788.9331676778,
       366708.9797613943,
       268
      ],
      [
       1222789.3074107815,
       366708.6302260511,
       268
      ],
      [
       1222789.6273409391,
       366708.3383012179,
       268
      ],
      [
       1222789.892958151,
       366708.1039868947,
       268
      ],
      [
       1222790.2769859736,
       366707.7997081812,
       268
      ],
      [
       1222790.7794244078,
       366707.4254650773,
       268
      ],
      [
       1222791.400273453,
       366706.98125758313,
       268
      ],
      [
       1222792.1395331095,
       366706.4670856987,
       268
      ],
      [
       1222792.6962844897,
       366706.0808939338,
       268
      ],
      [
       1222793.0705275936,
       366705.82268228836,
       268
      ],
      [
       1222793.2622624212,
       366705.6924507626,
       268
      ],
      [
       1222793.2714889725,
       366705.6901993565,
       268
      ],
      [
       1222793.4655304377,
       366705.6829476766,
       268
      ],
      [
       1222793.844386817,
       366705.67069572286,
       268
      ],
      [
       1222794.4080581106,
       366705.6534434953,
       268
      ],
      [
       1222795.156544318,
       366705.6311909939,
       268
      ],
      [
       1222795.8657433395,
       366705.6206275947,
       268
      ],
      [
       1222796.5356551753,
       366705.62175329775,
       268
      ],
      [
       1222797.1662798247,
       366705.63456810307,
       268
      ],
      [
       1222797.757617288,
       366705.6590720106,
       268
      ],
      [
       1222798.2404075717,
       366705.6805211508,
       268
      ],
      [
       1222798.6146506753,
       366705.6989155236,
       268
      ],
      [
       1222798.8803465995,
       366705.7142551291,
       268
      ],
      [
       1222799.0374953437,
       366705.72653996735,
       268
      ],
      [
       1222799.3424784539,
       366705.74788311485,
       268
      ],
      [
       1222799.7952959298,
       366705.7782845718,
       268
      ],
      [
       1222800.3959477716,
       366705.81774433807,
       268
      ],
      [
       1222801.1444339794,
       366705.8662624137,
       268
      ],
      [
       1222801.8929201872,
       366705.91853500716,
       268
      ],
      [
       1222802.641406395,
       366705.9745621184,
       268
      ],
      [
       1222803.3898926026,
       366706.03434374754,
       268
      ],
      [
       1222804.13837881,
       366706.0978798945,
       268
      ],
      [
       1222804.8868650175,
       366706.1888481796,
       268
      ],
      [
       1222805.6353512253,
       366706.30724860285,
       268
      ],
      [
       1222806.383837433,
       366706.45308116433,
       268
      ],
      [
       1222807.1323236409,
       366706.626345864,
       268
      ],
      [
       1222807.8808098487,
       366706.80230657273,
       268
      ],
      [
       1222808.629296056,
       366706.9809632906,
       268
      ],
      [
       1222809.3777822638,
       366707.16231601767,
       268
      ],
      [
       1222810.1262684714,
       366707.3463647539,
       268
      ],
      [
       1222810.874754679,
       366707.50265448424,
       268
      ],
      [
       1222811.6232408867,
       366707.63118520874,
       268
      ],
      [
       1222812.3717270945,
       366707.73195692734,
       268
      ],
      [
       1222813.1202133019,
       366707.80496964004,
       268
      ],
      [
       1222813.8686995097,
       366707.8583868471,
       268
      ],
      [
       1222814.6171857174,
       366707.8922085484,
       268
      ],
      [
       1222815.3656719252,
       366707.9064347439,
       268
      ],
      [
       1222816.1141581326,
       366707.9010654337,
       268
      ],
      [
       1222816.84214034,
       366707.94683602813,
       268
      ],
      [
       1222817.5496185469,
       366708.0437465274,
       268
      ],
      [
       1222818.2365927536,
       366708.1917969312,
       268
      ],
      [
       1222818.9030629597,
       366708.3909872398,
       268
      ],
      [
       1222819.4234196148,
       366708.57961762894,
       268
      ],
      [
       1222819.7976627185,
       366708.75768809847,
       268
      ],
      [
       1222820.0257922711,
       366708.92519864865,
       268
      ],
      [
       1222820.1078082728,
       366709.0821492794,
       268
      ],
      [
       1222820.1904617117,
       366709.34774614667,
       268
      ],
      [
       1222820.273752588,
       366709.72198925045,
       268
      ],
      [
       1222820.357680902,
       366710.2048785909,
       268
      ],
      [
       1222820.4422466527,
       366710.7964141678,
       268
      ]
     ]
    },
    "elevationFt": 268,
    "weight": "intermediate",
    "hidden": false
   }
  },
  {
   "type": "Feature",
   "geometry": {
    "type": "LineString",
    "coordinates": [
     [
      -77.31353413283362,
      38.67318472716875
     ],
     [
      -77.31353443438992,
      38.673186781594694
     ],
     [
      -77.3135346615007,
      38.67318832940145
     ],
     [
      -77.3135348141659,
      38.67318937058902
     ],
     [
      -77.31353489238559,
      38.67318990515742
     ],
     [
      -77.3135348961597,
      38.67318993310662
     ],
     [
      -77.31353505141492,
      38.673190460477755
     ],
     [
      -77.31353535815124,
      38.673191487270806
     ],
     [
      -77.31353581636868,
      38.6731930134858
     ],
     [
      -77.31353642606729,
      38.673195039122724
     ],
     [
      -77.31353679136545,
      38.673197072407525
     ],
     [
      -77.31353691226317,
      38.6731991133402
     ],
     [
      -77.31353678876042,
      38.673201161920765
     ],
     [
      -77.31353642085716,
      38.67320321814919
     ],
     [
      -77.31353608933831,
      38.67320484855077
     ],
     [
      -77.31353579420387,
      38.673206053125455
     ],
     [
      -77.31353553545385,
      38.673206831873244
     ],
     [
      -77.31353531308825,
      38.673207184794194
     ],
     [
      -77.31353467481648,
      38.67320787648328
     ],
     [
      -77.31353362063854,
      38.67320890694054
     ]
    ]
   },
   "properties": {
    "id": "ct-5",
    "kind": "Contour",
    "sourceId": "contours",
    "reliabilityLevel": 1,
    "revision": 1,
    "engineeringGeometry": {
     "crs": "EPSG:2248",
     "crsName": "NAD83 / Maryland State Plane (US survey feet)",
     "datum": "NAD83",
     "unit": "usSurveyFoot",
     "coordinates": [
      [
       1222820.443810452,
       366712.80644684477,
       268
      ],
      [
       1222820.3602872337,
       366713.5549330524,
       268
      ],
      [
       1222820.2973841866,
       366714.11884330126,
       268
      ],
      [
       1222820.2551013113,
       366714.49817759125,
       268
      ],
      [
       1222820.233438607,
       366714.6929359225,
       268
      ],
      [
       1222820.232396074,
       366714.70311829494,
       268
      ],
      [
       1222820.1887310788,
       366714.89533103304,
       268
      ],
      [
       1222820.102443621,
       366715.2695741368,
       268
      ],
      [
       1222819.9735337007,
       366715.8258476064,
       268
      ],
      [
       1222819.8020013175,
       366716.5641514417,
       268
      ],
      [
       1222819.7002536843,
       366717.30500087,
       268
      ],
      [
       1222819.668290801,
       366718.04839589156,
       268
      ],
      [
       1222819.706112668,
       366718.7943365061,
       268
      ],
      [
       1222819.8137192843,
       366719.5428227138,
       268
      ],
      [
       1222819.9104056885,
       366720.13626496086,
       268
      ],
      [
       1222819.9961718798,
       366720.5746632474,
       268
      ],
      [
       1222820.0710178588,
       366720.8580175733,
       268
      ],
      [
       1222820.1349436254,
       366720.9863279386,
       268
      ],
      [
       1222820.318032365,
       366721.2376046732,
       268
      ],
      [
       1222820.6202840777,
       366721.61184777704,
       268
      ]
     ]
    },
    "elevationFt": 268,
    "weight": "intermediate",
    "hidden": false
   }
  },
  {
   "type": "Feature",
   "geometry": {
    "type": "LineString",
    "coordinates": [
     [
      -77.31353455996467,
      38.673310095528294
     ],
     [
      -77.31353480372867,
      38.6733121501098
     ],
     [
      -77.31353499662443,
      38.6733142048283
     ],
     [
      -77.31353513865196,
      38.67331625968374
     ],
     [
      -77.31353522981124,
      38.67331831467614
     ],
     [
      -77.31353530626683,
      38.6733201172301
     ],
     [
      -77.31353536801868,
      38.67332166734561
     ],
     [
      -77.3135354150668,
      38.673322965022706
     ],
     [
      -77.31353544741121,
      38.67332401026134
     ],
     [
      -77.31353547962712,
      38.67332504664692
     ],
     [
      -77.31353551171453,
      38.67332607417945
     ],
     [
      -77.31353554367344,
      38.67332709285892
     ],
     [
      -77.31353557550386,
      38.67332810268534
     ],
     [
      -77.31353565846038,
      38.67332937370554
     ],
     [
      -77.31353579254302,
      38.67333090591952
     ],
     [
      -77.31353597775177,
      38.67333269932726
     ],
     [
      -77.31353621408662,
      38.67333475392877
     ],
     [
      -77.31353666393073,
      38.67333680795542
     ],
     [
      -77.31353732728411,
      38.67333886140721
     ],
     [
      -77.31353820414677,
      38.67334091428412
     ],
     [
      -77.31353929451872,
      38.67334296658615
     ],
     [
      -77.31354043524895,
      38.67334486004882
     ],
     [
      -77.31354162633747,
      38.67334659467213
     ],
     [
      -77.31354286778428,
      38.67334817045609
     ],
     [
      -77.31354415958936,
      38.67334958740067
     ],
     [
      -77.31354578378276,
      38.67335062964882
     ],
     [
      -77.31354774036444,
      38.67335129720053
     ],
     [
      -77.3135500293344,
      38.673351590055766
     ],
     [
      -77.31355265069261,
      38.67335150821454
     ],
     [
      -77.31355527160102,
      38.67335132371987
     ],
     [
      -77.31355789205965,
      38.673351036571766
     ],
     [
      -77.31356051206846,
      38.67335064677025
     ],
     [
      -77.31356313162748,
      38.6733501543153
     ],
     [
      -77.31356575117698,
      38.67334965970006
     ],
     [
      -77.31356837071698,
      38.67334916292446
     ],
     [
      -77.31357099024747,
      38.67334866398852
     ],
     [
      -77.31357360976847,
      38.67334816289227
     ],
     [
      -77.3135760009008,
      38.67334769437259
     ],
     [
      -77.31357816364446,
      38.67334725842945
     ],
     [
      -77.31358009799948,
      38.673346855062924
     ],
     [
      -77.31358180396586,
      38.67334648427299
     ],
     [
      -77.31358331172868,
      38.67334615065477
     ],
     [
      -77.31358462128797,
      38.673345854208314
     ],
     [
      -77.31358573264373,
      38.67334559493361
     ],
     [
      -77.31358664579597,
      38.67334537283065
     ],
     [
      -77.31358798513884,
      38.67334498935605
     ],
     [
      -77.31358975067234,
      38.67334444450978
     ],
     [
      -77.31359194239643,
      38.6733437382918
     ],
     [
      -77.31359456031112,
      38.673342870702136
     ],
     [
      -77.31359702124831,
      38.673341974906556
     ],
     [
      -77.31359932520805,
      38.673341050905044
     ],
     [
      -77.31360147219031,
      38.673340098697615
     ],
     [
      -77.31360346219512,
      38.67333911828431
     ],
     [
      -77.31360511101119,
      38.67333825945026
     ],
     [
      -77.31360641863853,
      38.67333752219547
     ],
     [
      -77.31360738507716,
      38.67333690651993
     ],
     [
      -77.3136080103271,
      38.673336412423694
     ],
     [
      -77.31360893559422,
      38.673335649916204
     ],
     [
      -77.31361016087851,
      38.67333461899748
     ],
     [
      -77.31361168617993,
      38.67333331966749
     ],
     [
      -77.31361351149845,
      38.67333175192624
     ],
     [
      -77.31361507710794,
      38.67333040243313
     ],
     [
      -77.31361638300842,
      38.67332927118812
     ],
     [
      -77.31361742919994,
      38.673328358191284
     ],
     [
      -77.31361821568248,
      38.67332766344258
     ],
     [
      -77.31361936727792,
      38.67332680021639
     ],
     [
      -77.31362088398623,
      38.67332576851268
     ],
     [
      -77.3136227658074,
      38.67332456833147
     ],
     [
      -77.31362501274135,
      38.673323199672716
     ],
     [
      -77.3136267898854,
      38.67332211560655
     ],
     [
      -77.31362809723954,
      38.673321316133055
     ],
     [
      -77.31362893480383,
      38.67332080125218
     ],
     [
      -77.31362930257828,
      38.67332057096398
     ],
     [
      -77.31363023267185,
      38.673320132152675
     ],
     [
      -77.31363172508453,
      38.67331948481828
     ],
     [
      -77.31363377981629,
      38.673318628960736
     ],
     [
      -77.31363639686708,
      38.67331756458001
     ],
     [
      -77.31363872648798,
      38.67331657315445
     ],
     [
      -77.31364076867902,
      38.67331565468403
     ],
     [
      -77.31364252344022,
      38.67331480916878
     ],
     [
      -77.31364399077158,
      38.67331403660869
     ],
     [
      -77.31364537780992,
      38.67331318117848
     ],
     [
      -77.31364668455525,
      38.67331224287815
     ],
     [
      -77.31364791100756,
      38.67331122170768
     ],
     [
      -77.31364905716686,
      38.6733101176671
     ],
     [
      -77.31365009359287,
      38.67330905058933
     ],
     [
      -77.3136510202856,
      38.673308020474416
     ],
     [
      -77.31365183724506,
      38.67330702732233
     ],
     [
      -77.31365254447127,
      38.67330607113307
     ],
     [
      -77.31365355083707,
      38.67330498246863
     ],
     [
      -77.3136548563425,
      38.673303761329
     ],
     [
      -77.3136564609875,
      38.67330240771419
     ],
     [
      -77.31365836477204,
      38.67330092162416
     ],
     [
      -77.31366017817561,
      38.67329966244917
     ],
     [
      -77.31366190119822,
      38.67329863018922
     ],
     [
      -77.31366353383989,
      38.67329782484431
     ],
     [
      -77.31366507610065,
      38.67329724641446
     ],
     [
      -77.31366650104931,
      38.673296589784506
     ],
     [
      -77.31366780868589,
      38.673295854954524
     ],
     [
      -77.31366899901037,
      38.67329504192446
     ],
     [
      -77.31367007202276,
      38.673294150694346
     ],
     [
      -77.31367104032266,
      38.67329319010673
     ],
     [
      -77.31367190391006,
      38.673292160161616
     ],
     [
      -77.31367266278497,
      38.673291060859
     ],
     [
      -77.31367331694739,
      38.673289892198916
     ],
     [
      -77.31367394314576,
      38.67328850152916
     ],
     [
      -77.31367454138008,
      38.673286888849795
     ],
     [
      -77.31367511165035,
      38.673285054160765
     ],
     [
      -77.31367565395658,
      38.673282997462124
     ],
     [
      -77.3136763799287,
      38.67328094026872
     ],
     [
      -77.31367728956666,
      38.6732788825806
     ],
     [
      -77.31367838287045,
      38.67327682439771
     ],
     [
      -77.31367965984009,
      38.67327476572008
     ],
     [
      -77.31368064867064,
      38.673273181702726
     ],
     [
      -77.31368134936217,
      38.67327207234568
     ],
     [
      -77.31368176191467,
      38.67327143764892
     ],
     [
      -77.31368188632818,
      38.673271277612464
     ],
     [
      -77.3136826333107,
      38.673270756959425
     ],
     [
      -77.31368400286226,
      38.67326987568984
     ],
     [
      -77.31368599498276,
      38.67326863380364
     ],
     [
      -77.31368860967217,
      38.67326703130083
     ],
     [
      -77.31369075852298,
      38.67326575389843
     ],
     [
      -77.31369244153522,
      38.67326480159645
     ],
     [
      -77.31369365870898,
      38.67326417439494
     ],
     [
      -77.31369441004426,
      38.6732638722939
     ],
     [
      -77.31369543935283,
      38.67326331346837
     ],
     [
      -77.31369674663466,
      38.673262497918294
     ],
     [
      -77.31369833188975,
      38.6732614256437
     ],
     [
      -77.31370019511806,
      38.673260096644576
     ],
     [
      -77.31370208218988,
      38.67325891576165
     ],
     [
      -77.31370399310522,
      38.6732578829949
     ],
     [
      -77.3137059278641,
      38.67325699834435
     ],
     [
      -77.31370788646653,
      38.67325626180996
     ],
     [
      -77.31370952023231,
      38.67325567369511
     ],
     [
      -77.31371082916148,
      38.673255233999825
     ],
     [
      -77.31371181325403,
      38.67325494272409
     ],
     [
      -77.31371247250999,
      38.67325479986793
     ],
     [
      -77.31371317688891,
      38.673254727430276
     ],
     [
      -77.31371392639082,
      38.67325472541113
     ],
     [
      -77.31371472101569,
      38.67325479381047
     ],
     [
      -77.31371556076354,
      38.67325493262834
     ],
     [
      -77.31371663652854,
      38.67325510759956
     ],
     [
      -77.3137179483107,
      38.67325531872414
     ],
     [
      -77.31371949611001,
      38.673255566002055
     ],
     [
      -77.31372127992648,
      38.67325584943332
     ],
     [
      -77.31372278851937,
      38.67325598948755
     ],
     [
      -77.31372402188865,
      38.67325598616477
     ],
     [
      -77.31372498003432,
      38.673255839464964
     ],
     [
      -77.31372566295637,
      38.67325554938816
     ],
     [
      -77.31372665888601,
      38.673255185431664
     ],
     [
      -77.3137279678232,
      38.673254747595436
     ],
     [
      -77.31372958976796,
      38.6732542358795
     ],
     [
      -77.31373152472027,
      38.67325365028381
     ],
     [
      -77.3137336302373,
      38.673252954360805
     ],
     [
      -77.31373590631901,
      38.67325214811047
     ],
     [
      -77.31373835296543,
      38.673251231532795
     ],
     [
      -77.31374097017651,
      38.67325020462777
     ],
     [
      -77.31374307785832,
      38.67324932030852
     ],
     [
      -77.31374467601088,
      38.67324857857508
     ],
     [
      -77.31374576463423,
      38.673247979427494
     ],
     [
      -77.3137463437284,
      38.67324752286574
     ],
     [
      -77.31374728639844,
      38.67324676876725
     ],
     [
      -77.31374859264434,
      38.67324571713198
     ],
     [
      -77.31375026246607,
      38.67324436795996
     ],
     [
      -77.31375229586358,
      38.67324272125115
     ],
     [
      -77.31375394194407,
      38.673241382391495
     ],
     [
      -77.31375520070759,
      38.673240351381004
     ],
     [
      -77.31375607215415,
      38.673239628219726
     ],
     [
      -77.31375655628378,
      38.67323921290764
     ],
     [
      -77.31375741144072,
      38.673238386288304
     ],
     [
      -77.31375863762494,
      38.67323714836172
     ],
     [
      -77.31376023483641,
      38.6732354991279
     ],
     [
      -77.31376220307507,
      38.6732334385868
     ],
     [
      -77.31376371847166,
      38.67323180089079
     ],
     [
      -77.31376478102622,
      38.673230586039935
     ],
     [
      -77.31376539073882,
      38.67322979403421
     ],
     [
      -77.31376554760946,
      38.67322942487362
     ],
     [
      -77.31376580263863,
      38.67322872600804
     ],
     [
      -77.3137661558263,
      38.673227697437454
     ],
     [
      -77.31376660717247,
      38.67322633916187
     ],
     [
      -77.31376715667713,
      38.67322465118127
     ],
     [
      -77.3137675397895,
      38.67322287146453
     ],
     [
      -77.31376775650953,
      38.67322100001165
     ],
     [
      -77.31376780683728,
      38.67321903682265
     ],
     [
      -77.31376769077276,
      38.673216981897504
     ],
     [
      -77.313767599851,
      38.673214926904585
     ],
     [
      -77.31376753407203,
      38.67321287184393
     ],
     [
      -77.3137674934358,
      38.673210816715546
     ],
     [
      -77.31376747794236,
      38.6732087615194
     ],
     [
      -77.31376771657831,
      38.673206705638506
     ],
     [
      -77.31376820934364,
      38.67320464907289
     ],
     [
      -77.31376895623835,
      38.67320259182252
     ],
     [
      -77.31376995726238,
      38.6732005338874
     ],
     [
      -77.31377099840714,
      38.67319860333026
     ],
     [
      -77.31377207967262,
      38.673196800151096
     ],
     [
      -77.31377320105882,
      38.673195124349895
     ],
     [
      -77.31377436256577,
      38.67319357592667
     ],
     [
      -77.31377542615161,
      38.673192286604575
     ],
     [
      -77.31377639181639,
      38.673191256383625
     ],
     [
      -77.31377725956011,
      38.67319048526381
     ],
     [
      -77.3137780293828,
      38.673189973245115
     ],
     [
      -77.31377906881384,
      38.673189510143125
     ],
     [
      -77.31378037785322,
      38.67318909595778
     ],
     [
      -77.31378195650095,
      38.673188730689084
     ],
     [
      -77.31378380475701,
      38.67318841433706
     ],
     [
      -77.31378584591187,
      38.6731880710466
     ],
     [
      -77.31378807996549,
      38.67318770081769
     ],
     [
      -77.31379050691788,
      38.67318730365032
     ],
     [
      -77.31379312676906,
      38.6731868795445
     ],
     [
      -77.31379574653907,
      38.67318643694151
     ],
     [
      -77.31379836622797,
      38.673185975841314
     ],
     [
      -77.31380098583571,
      38.673185496243946
     ],
     [
      -77.3138036053623,
      38.673184998149395
     ],
     [
      -77.31380622465227,
      38.67318444609912
     ],
     [
      -77.3138088437056,
      38.673183840093124
     ],
     [
      -77.31381146252228,
      38.673183180131375
     ],
     [
      -77.31381408110232,
      38.6731824662139
     ],
     [
      -77.31381614104473,
      38.67318189828614
     ],
     [
      -77.31381764234953,
      38.67318147634811
     ],
     [
      -77.31381858501676,
      38.67318120039985
     ],
     [
      -77.31381896904642,
      38.673181070441366
     ],
     [
      -77.31381981550395,
      38.67318078085662
     ],
     [
      -77.31382112438935,
      38.673180331645575
     ],
     [
      -77.31382289570259,
      38.67317972280827
     ],
     [
      -77.31382512944364,
      38.673178954344614
     ],
     [
      -77.3138274592375,
      38.67317816375477
     ],
     [
      -77.31382988508416,
      38.673177351038696
     ],
     [
      -77.31383240698362,
      38.67317651619639
     ],
     [
      -77.31383502493587,
      38.67317565922785
     ],
     [
      -77.31383727463809,
      38.673174905009766
     ],
     [
      -77.31383915609031,
      38.6731742535421
     ],
     [
      -77.31384066929256,
      38.67317370482489
     ],
     [
      -77.31384181424484,
      38.67317325885817
     ],
     [
      -77.31384304110793,
      38.67317279858827
     ],
     [
      -77.3138443498818,
      38.6731723240152
     ],
     [
      -77.31384574056648,
      38.673171835138916
     ],
     [
      -77.31384721316192,
      38.673171331959466
     ],
     [
      -77.31384897213314,
      38.67317074869253
     ],
     [
      -77.3138510174801,
      38.67317008533813
     ],
     [
      -77.31385334920279,
      38.67316934189623
     ],
     [
      -77.31385596730117,
      38.67316851836683
     ],
     [
      -77.31385858552504,
      38.67316772346178
     ],
     [
      -77.3138612038744,
      38.673166957181095
     ],
     [
      -77.31386382234923,
      38.67316621952481
     ],
     [
      -77.31386644094955,
      38.67316551049288
     ],
     [
      -77.31386844011317,
      38.67316496922893
     ],
     [
      -77.31386981984014,
      38.673164595733034
     ],
     [
      -77.31387058013046,
      38.67316439000517
     ],
     [
      -77.31387072098413,
      38.673164352045376
     ],
     [
      -77.31387144606617,
      38.673164156985074
     ],
     [
      -77.31387275537661,
      38.67316380482427
     ],
     [
      -77.31387464891537,
      38.67316329556294
     ],
     [
      -77.31387712668247,
      38.67316262920104
     ],
     [
      -77.3138796392327,
      38.673161855252474
     ],
     [
      -77.31388218656602,
      38.673160973717216
     ],
     [
      -77.31388476868243,
      38.67315998459528
     ],
     [
      -77.31388738558192,
      38.673158887886665
     ],
     [
      -77.31388945546914,
      38.67315798859124
     ],
     [
      -77.31389097834415,
      38.673157286709035
     ],
     [
      -77.31389195420695,
      38.67315678224008
     ],
     [
      -77.31389238305759,
      38.67315647518437
     ],
     [
      -77.3138932507776,
      38.67315583542232
     ],
     [
      -77.31389455736695,
      38.67315486295392
     ],
     [
      -77.31389630282561,
      38.67315355777916
     ],
     [
      -77.31389848715352,
      38.67315191989799
     ],
     [
      -77.313900237799,
      38.673150585372916
     ],
     [
      -77.31390155476213,
      38.673149554203945
     ],
     [
      -77.3139024380429,
      38.673148826391106
     ],
     [
      -77.31390288764135,
      38.6731484019344
     ],
     [
      -77.31390376525616,
      38.67314759427767
     ],
     [
      -77.31390507088727,
      38.67314640342088
     ],
     [
      -77.31390680453467,
      38.67314482936402
     ],
     [
      -77.31390896619828,
      38.67314287210711
     ],
     [
      -77.3139106160776,
      38.67314137813518
     ],
     [
      -77.31391175417266,
      38.673140347448275
     ],
     [
      -77.31391238048353,
      38.6731397800464
     ],
     [
      -77.31391249501021,
      38.67313967592957
     ],
     [
      -77.31391316558373,
      38.67313908245633
     ],
     [
      -77.31391439220404,
      38.673137999626704
     ],
     [
      -77.3139161748711,
      38.67313642744065
     ],
     [
      -77.31391851358482,
      38.67313436589818
     ],
     [
      -77.31392030722114,
      38.673132787580414
     ],
     [
      -77.31392155578011,
      38.6731316924874
     ],
     [
      -77.31392225926177,
      38.673131080619164
     ],
     [
      -77.31392241766618,
      38.6731309519757
     ],
     [
      -77.31392312434822,
      38.67313037215293
     ],
     [
      -77.31392437930786,
      38.67312934115086
     ],
     [
      -77.31392618254509,
      38.673127858969444
     ],
     [
      -77.31392853405981,
      38.67312592560868
     ],
     [
      -77.31393036289695,
      38.67312442383932
     ],
     [
      -77.3139316690566,
      38.67312335366138
     ],
     [
      -77.31393245253878,
      38.67312271507488
     ],
     [
      -77.31393271334356,
      38.673122508079864
     ],
     [
      -77.31393352571219,
      38.67312188893435
     ],
     [
      -77.31393488964464,
      38.67312085763838
     ],
     [
      -77.31393680514088,
      38.673119414191916
     ],
     [
      -77.31393927220084,
      38.67311755859494
     ],
     [
      -77.31394115899202,
      38.67311613709393
     ],
     [
      -77.31394246551447,
      38.67311514968898
     ],
     [
      -77.31394319176825,
      38.673114596380046
     ],
     [
      -77.31394333775337,
      38.67311447716718
     ],
     [
      -77.31394403762336,
      38.67311390206122
     ],
     [
      -77.31394529137819,
      38.67311287106215
     ],
     [
      -77.3139470990178,
      38.67311138416998
     ],
     [
      -77.31394946054212,
      38.67310944138466
     ],
     [
      -77.31395129433503,
      38.673107923793175
     ],
     [
      -77.31395260039658,
      38.673106831395536
     ],
     [
      -77.31395337872684,
      38.67310616419176
     ],
     [
      -77.31395362932581,
      38.673105922181854
     ],
     [
      -77.31395418069437,
      38.67310528621872
     ],
     [
      -77.31395503283251,
      38.67310425630233
     ],
     [
      -77.31395618574021,
      38.6731028324327
     ],
     [
      -77.31395763941742,
      38.67310101460981
     ],
     [
      -77.3139590181174,
      38.67309929297946
     ],
     [
      -77.31396032184014,
      38.67309766754168
     ],
     [
      -77.31396155058569,
      38.673096138296465
     ],
     [
      -77.31396270435401,
      38.673094705243805
     ],
     [
      -77.31396368973533,
      38.67309347380663
     ],
     [
      -77.31396450672965,
      38.67309244398492
     ],
     [
      -77.31396515533697,
      38.6730916157787
     ],
     [
      -77.31396563555732,
      38.673090989187976
     ],
     [
      -77.31396639751698,
      38.67309000435214
     ],
     [
      -77.31396744121591,
      38.673088661271194
     ],
     [
      -77.31396876665409,
      38.67308695994514
     ],
     [
      -77.31397037383147,
      38.67308490037393
     ],
     [
      -77.31397170915427,
      38.67308319813078
     ],
     [
      -77.31397277262255,
      38.673081853215706
     ],
     [
      -77.31397356423632,
      38.673080865628684
     ],
     [
      -77.31397408399562,
      38.67308023536974
     ],
     [
      -77.31397475247435,
      38.67307940532909
     ],
     [
      -77.31397556967251,
      38.67307837550677
     ],
     [
      -77.3139765355901,
      38.67307714590273
     ],
     [
      -77.31397765022707,
      38.673075716517005
     ],
     [
      -77.31397883470113,
      38.67307412972858
     ],
     [
      -77.31398008901226,
      38.673072385537445
     ],
     [
      -77.31398141316043,
      38.67307048394362
     ],
     [
      -77.31398280714563,
      38.673068424947076
     ],
     [
      -77.31398387691439,
      38.67306684310471
     ],
     [
      -77.31398462246675,
      38.67306573841654
     ],
     [
      -77.31398504380269,
      38.67306511088257
     ],
     [
      -77.31398514092231,
      38.67306496050279
     ],
     [
      -77.31398554924523,
      38.67306437053338
     ],
     [
      -77.31398626877149,
      38.67306334097432
     ],
     [
      -77.31398729950102,
      38.67306187182564
     ],
     [
      -77.31398864143381,
      38.67305996308726
     ],
     [
      -77.31398996382103,
      38.67305809575622
     ],
     [
      -77.31399126666267,
      38.673056269832486
     ],
     [
      -77.31399254995877,
      38.67305448531606
     ],
     [
      -77.31399381370929,
      38.67305274220696
     ],
     [
      -77.31399482612484,
      38.67305135581682
     ],
     [
      -77.31399558720545,
      38.67305032614565
     ],
     [
      -77.31399609695113,
      38.67304965319348
     ],
     [
      -77.3139963553619,
      38.67304933696028
     ],
     [
      -77.31399691541095,
      38.673048584988365
     ],
     [
      -77.31399777709825,
      38.67304739727772
     ],
     [
      -77.31399894042379,
      38.67304577382831
     ],
     [
      -77.3140004053875,
      38.67304371464017
     ],
     [
      -77.31400172459853,
      38.67304183093164
     ],
     [
      -77.31400289805687,
      38.67304012270276
     ],
     [
      -77.31400392576255,
      38.67303858995348
     ],
     [
      -77.31400480771559,
      38.67303723268385
     ],
     [
      -77.31400562856054,
      38.67303603921524
     ],
     [
      -77.31400638829737,
      38.67303500954763
     ],
     [
      -77.31400708692611,
      38.673034143681036
     ],
     [
      -77.31400772444678,
      38.673033441615445
     ],
     [
      -77.31400866324002,
      38.673032400014584
     ],
     [
      -77.3140099033058,
      38.673031018878476
     ],
     [
      -77.31401144464407,
      38.6730292982071
     ],
     [
      -77.3140132872548,
      38.67302723800044
     ],
     [
      -77.31401470140364,
      38.67302565354501
     ],
     [
      -77.31401568709062,
      38.673024544840835
     ],
     [
      -77.31401624431578,
      38.67302391188792
     ],
     [
      -77.31401637307917,
      38.67302375468628
     ],
     [
      -77.31401705551423,
      38.67302316060933
     ],
     [
      -77.31401829162094,
      38.673022129657056
     ],
     [
      -77.31402008139926,
      38.67302066182946
     ],
     [
      -77.31402242484911,
      38.67301875712647
     ],
     [
      -77.31402424958193,
      38.67301725368084
     ],
     [
      -77.31402555559777,
      38.673016151492604
     ],
     [
      -77.31402634289665,
      38.673015450561735
     ],
     [
      -77.31402661147862,
      38.67301515088826
     ],
     [
      -77.31402731839508,
      38.67301448569785
     ],
     [
      -77.31402846364597,
      38.67301345499048
     ],
     [
      -77.31403004723126,
      38.67301205876614
     ],
     [
      -77.31403206915091,
      38.67301029702481
     ],
     [
      -77.31403373288941,
      38.67300881286137
     ],
     [
      -77.31403503844683,
      38.673007606275846
     ],
     [
      -77.31403598582318,
      38.673006677268255
     ],
     [
      -77.31403657501849,
      38.67300602583859
     ],
     [
      -77.314037671091,
      38.67300525241467
     ],
     [
      -77.31403927404072,
      38.67300435699651
     ],
     [
      -77.31404138386759,
      38.673003339584064
     ],
     [
      -77.3140440005716,
      38.673002200177294
     ],
     [
      -77.31404661865862,
      38.67300137594832
     ],
     [
      -77.3140492381287,
      38.673000866897084
     ],
     [
      -77.3140518589819,
      38.67300067302364
     ],
     [
      -77.31405448121822,
      38.67300079432796
     ],
     [
      -77.31405710503682,
      38.6730012761848
     ],
     [
      -77.31405973043778,
      38.673002118594134
     ],
     [
      -77.31406235742108,
      38.67300332155597
     ],
     [
      -77.31406498598682,
      38.67300488507033
     ],
     [
      -77.31406697997873,
      38.67300607844789
     ],
     [
      -77.3140683393968,
      38.6730069016887
     ],
     [
      -77.31406906424094,
      38.67300735479277
     ],
     [
      -77.31406915451115,
      38.673007437760155
     ],
     [
      -77.31406975070327,
      38.67300801236981
     ],
     [
      -77.31407085281734,
      38.67300907862173
     ],
     [
      -77.3140724608534,
      38.67301063651592
     ],
     [
      -77.31407457481151,
      38.67301268605233
     ],
     [
      -77.31407626741718,
      38.67301432078214
     ],
     [
      -77.31407753867035,
      38.67301554070533
     ],
     [
      -77.31407838857096,
      38.67301634582194
     ],
     [
      -77.31407881711903,
      38.67301673613196
     ],
     [
      -77.31407964069182,
      38.673017443453105
     ],
     [
      -77.3140808592894,
      38.67301846778534
     ],
     [
      -77.31408247291178,
      38.67301980912867
     ],
     [
      -77.314084481559,
      38.673021467483075
     ],
     [
      -77.31408614363782,
      38.67302282731346
     ],
     [
      -77.31408745914821,
      38.67302388861978
     ],
     [
      -77.31408842809013,
      38.67302465140212
     ],
     [
      -77.31408905046355,
      38.67302511566045
     ],
     [
      -77.31408990788542,
      38.67302586012578
     ],
     [
      -77.3140910003557,
      38.67302688479811
     ],
     [
      -77.31409232787449,
      38.67302818967743
     ],
     [
      -77.31409389044174,
      38.67302977476374
     ],
     [
      -77.31409533105284,
      38.67303145615014
     ],
     [
      -77.31409664970775,
      38.67303323383665
     ],
     [
      -77.31409784640648,
      38.67303510782326
     ],
     [
      -77.31409892114903,
      38.673037078109985
     ],
     [
      -77.31409973456446,
      38.67303857631826
     ],
     [
      -77.31410028665273,
      38.67303960244807
     ],
     [
      -77.31410057741384,
      38.67304015649944
     ],
     [
      -77.31410060684776,
      38.673040238472375
     ],
     [
      -77.31410072407014,
      38.67304081350493
     ],
     [
      -77.31410092908098,
      38.67304188159707
     ],
     [
      -77.31410122188028,
      38.67304344274885
     ],
     [
      -77.31410160246807,
      38.67304549696023
     ],
     [
      -77.31410202643086,
      38.67304755105461
     ],
     [
      -77.31410249376866,
      38.673049605032
     ],
     [
      -77.3141030044815,
      38.67305165889238
     ],
     [
      -77.31410355856933,
      38.67305371263576
     ],
     [
      -77.31410417776976,
      38.67305576620352
     ],
     [
      -77.31410486208277,
      38.67305781959562
     ],
     [
      -77.31410561150837,
      38.673059872812104
     ],
     [
      -77.31410642604656,
      38.67306192585295
     ],
     [
      -77.31410725671833,
      38.67306395619652
     ],
     [
      -77.31410810352365,
      38.67306596384283
     ],
     [
      -77.31410896646257,
      38.67306794879183
     ],
     [
      -77.31410984553506,
      38.673069911043605
     ],
     [
      -77.31411051287394,
      38.67307140536449
     ],
     [
      -77.3141109684792,
      38.67307243175452
     ],
     [
      -77.31411121235081,
      38.67307299021367
     ],
     [
      -77.31411124448876,
      38.67307308074197
     ],
     [
      -77.31411145097569,
      38.67307366195572
     ],
     [
      -77.3141118318116,
      38.673074733854904
     ],
     [
      -77.31411238699654,
      38.67307629643954
     ],
     [
      -77.3141131165305,
      38.67307834970962
     ],
     [
      -77.31411368065498,
      38.673080403425885
     ],
     [
      -77.31411407936994,
      38.673082457588315
     ],
     [
      -77.3141143126754,
      38.67308451219692
     ],
     [
      -77.31411438057134,
      38.67308656725173
     ],
     [
      -77.31411434610878,
      38.67308862258265
     ],
     [
      -77.31411420928772,
      38.673090678189645
     ],
     [
      -77.31411397010814,
      38.67309273407276
     ],
     [
      -77.31411362857006,
      38.673094790231964
     ],
     [
      -77.31411325891237,
      38.6730967059025
     ],
     [
      -77.3141128611351,
      38.67309848108433
     ],
     [
      -77.31411243523826,
      38.673100115777466
     ],
     [
      -77.31411198122183,
      38.67310160998192
     ],
     [
      -77.31411158814342,
      38.673102871341584
     ],
     [
      -77.31411125600305,
      38.67310389985648
     ],
     [
      -77.3141109848007,
      38.67310469552659
     ],
     [
      -77.3141107745364,
      38.67310525835192
     ],
     [
      -77.31411029913478,
      38.67310619513738
     ],
     [
      -77.31410955859583,
      38.67310750588295
     ],
     [
      -77.3141085529195,
      38.673109190588654
     ],
     [
      -77.31410728210578,
      38.67311124925446
     ],
     [
      -77.31410604878236,
      38.67311326437344
     ],
     [
      -77.31410485294921,
      38.673115235945595
     ],
     [
      -77.31410369460639,
      38.673117163970915
     ],
     [
      -77.31410257375386,
      38.67311904844942
     ],
     [
      -77.3141017043793,
      38.67312050533148
     ],
     [
      -77.31410108648271,
      38.67312153461712
     ],
     [
      -77.31410072006415,
      38.67312213630633
     ],
     [
      -77.3141006051236,
      38.673122310399116
     ],
     [
      -77.31410026782237,
      38.67312295545546
     ],
     [
      -77.31409970816043,
      38.673124071475385
     ],
     [
      -77.31409892613777,
      38.673125658458886
     ],
     [
      -77.31409792175438,
      38.673127716405936
     ],
     [
      -77.31409694916381,
      38.673129774267224
     ],
     [
      -77.31409600836606,
      38.67313183204276
     ],
     [
      -77.31409509936117,
      38.67313388973253
     ],
     [
      -77.31409422214911,
      38.67313594733653
     ],
     [
      -77.31409341416784,
      38.673137835524976
     ],
     [
      -77.31409267541741,
      38.67313955429791
     ],
     [
      -77.31409200589782,
      38.6731411036553
     ],
     [
      -77.31409140560905,
      38.67314248359712
     ],
     [
      -77.31409086404338,
      38.67314368802868
     ],
     [
      -77.3140903812008,
      38.67314471694998
     ],
     [
      -77.31408995708134,
      38.67314557036101
     ],
     [
      -77.31408959168499,
      38.67314624826179
     ],
     [
      -77.31408906803392,
      38.673147271170095
     ],
     [
      -77.31408838612812,
      38.67314863908591
     ],
     [
      -77.31408754596758,
      38.673150352009245
     ],
     [
      -77.31408654755228,
      38.67315240994011
     ],
     [
      -77.31408556610364,
      38.673154467825185
     ],
     [
      -77.31408460162166,
      38.6731565256645
     ],
     [
      -77.31408365410633,
      38.67315858345804
     ],
     [
      -77.31408272355765,
      38.673160641205804
     ],
     [
      -77.31408194982443,
      38.67316235677067
     ],
     [
      -77.31408133290668,
      38.673163730152616
     ],
     [
      -77.31408087280442,
      38.673164761351686
     ],
     [
      -77.31408056951766,
      38.67316545036785
     ],
     [
      -77.31408013641507,
      38.673166309444525
     ],
     [
      -77.31407957349666,
      38.67316733858176
     ],
     [
      -77.3140788807624,
      38.673168537779524
     ],
     [
      -77.31407805821227,
      38.67316990703782
     ],
     [
      -77.31407718427229,
      38.673171448484254
     ],
     [
      -77.31407625894244,
      38.673173162118815
     ],
     [
      -77.3140752822227,
      38.673175047941506
     ],
     [
      -77.31407425411305,
      38.67317710595234
     ],
     [
      -77.31407329575389,
      38.67317904259626
     ],
     [
      -77.31407240714519,
      38.67318085787325
     ],
     [
      -77.31407158828699,
      38.67318255178333
     ],
     [
      -77.31407083917928,
      38.67318412432652
     ],
     [
      -77.31407021249458,
      38.6731854250876
     ],
     [
      -77.31406970823292,
      38.673186454066574
     ],
     [
      -77.3140693263943,
      38.673187211263446
     ],
     [
      -77.31406906697873,
      38.673187696678234
     ],
     [
      -77.31406869268292,
      38.673188575033556
     ],
     [
      -77.31406820350688,
      38.67318984632942
     ],
     [
      -77.31406759945057,
      38.673191510565786
     ],
     [
      -77.31406688051398,
      38.6731935677427
     ],
     [
      -77.31406618242724,
      38.67319562486336
     ],
     [
      -77.31406550519034,
      38.6731976819278
     ],
     [
      -77.3140648488033,
      38.673199738935985
     ],
     [
      -77.3140642132661,
      38.673201795887955
     ],
     [
      -77.31406357639963,
      38.6732038528435
     ],
     [
      -77.31406293820389,
      38.67320590980262
     ],
     [
      -77.3140622986789,
      38.673207966765325
     ],
     [
      -77.31406165782467,
      38.67321002373162
     ],
     [
      -77.31406109406205,
      38.67321186651209
     ],
     [
      -77.31406060739111,
      38.67321349510679
     ],
     [
      -77.31406019781186,
      38.6732149095157
     ],
     [
      -77.31405986532425,
      38.673216109738796
     ],
     [
      -77.31405956210229,
      38.67321722402926
     ],
     [
      -77.31405928814593,
      38.67321825238707
     ],
     [
      -77.31405904345522,
      38.67321919481222
     ],
     [
      -77.31405882803011,
      38.67322005130471
     ],
     [
      -77.31405866142151,
      38.67322120749716
     ],
     [
      -77.3140585436294,
      38.673222663389566
     ],
     [
      -77.31405847465378,
      38.67322441898188
     ],
     [
      -77.31405845449467,
      38.67322647427416
     ],
     [
      -77.31405850211753,
      38.67322816420332
     ],
     [
      -77.31405861752236,
      38.67322948876938
     ],
     [
      -77.31405880070918,
      38.67323044797232
     ],
     [
      -77.31405905167797,
      38.67323104181216
     ],
     [
      -77.31405942231353,
      38.67323185188041
     ],
     [
      -77.31405991261586,
      38.67323287817703
     ],
     [
      -77.31406052258497,
      38.673234120702055
     ],
     [
      -77.31406125222085,
      38.67323557945545
     ],
     [
      -77.31406220866678,
      38.673237186226324
     ],
     [
      -77.31406339192277,
      38.67323894101465
     ],
     [
      -77.31406480198886,
      38.673240843820444
     ],
     [
      -77.31406643886505,
      38.67324289464365
     ],
     [
      -77.31406773445472,
      38.67324449696295
     ],
     [
      -77.31406868875783,
      38.67324565077827
     ],
     [
      -77.31406930177432,
      38.67324635608967
     ],
     [
      -77.31406957350418,
      38.67324661289715
     ],
     [
      -77.31407030834094,
      38.67324725349491
     ],
     [
      -77.31407150628462,
      38.673248277882934
     ],
     [
      -77.31407316733525,
      38.67324968606123
     ],
     [
      -77.3140752914929,
      38.673251478029734
     ],
     [
      -77.31407701133097,
      38.673252905118446
     ],
     [
      -77.3140783268494,
      38.67325396732732
     ],
     [
      -77.3140792380482,
      38.67325466465639
     ],
     [
      -77.31407974492727,
      38.67325499710568
     ],
     [
      -77.31408078194026,
      38.673255571205225
     ],
     [
      -77.31408234908714,
      38.673256386955
     ],
     [
      -77.31408444636799,
      38.673257444355
     ],
     [
      -77.31408707378282,
      38.673258743405206
     ],
     [
      -77.3140892923495,
      38.673259820845054
     ],
     [
      -77.31409110206799,
      38.67326067667458
     ],
     [
      -77.31409250293827,
      38.67326131089381
     ],
     [
      -77.31409349496029,
      38.67326172350277
     ],
     [
      -77.31409464762001,
      38.67326220784569
     ],
     [
      -77.31409596091744,
      38.67326276392259
     ],
     [
      -77.3140974348526,
      38.67326339173346
     ],
     [
      -77.31409906942548,
      38.67326409127828
     ],
     [
      -77.31410095176797,
      38.673264840216085
     ],
     [
      -77.31410308188006,
      38.67326563854689
     ],
     [
      -77.31410545976179,
      38.67326648627065
     ],
     [
      -77.31410808541315,
      38.673267383387355
     ],
     [
      -77.3141105767415,
      38.673268166587846
     ],
     [
      -77.31411293374678,
      38.673268835872115
     ],
     [
      -77.31411515642901,
      38.67326939124019
     ],
     [
      -77.31411724478816,
      38.67326983269206
     ],
     [
      -77.31411894501996,
      38.67327019551982
     ],
     [
      -77.31412025712437,
      38.673270479723485
     ],
     [
      -77.3141211811014,
      38.67327068530308
     ],
     [
      -77.31412171695104,
      38.67327081225859
     ],
     [
      -77.3141227747292,
      38.67327101283068
     ],
     [
      -77.31412435443586,
      38.673271287019325
     ],
     [
      -77.31412645607107,
      38.673271634824516
     ],
     [
      -77.31412907963482,
      38.6732720562462
     ],
     [
      -77.31413170319907,
      38.67327247777382
     ],
     [
      -77.3141343267638,
      38.6732728994074
     ],
     [
      -77.31413695032906,
      38.673273321146915
     ],
     [
      -77.31413957389479,
      38.67327374299238
     ],
     [
      -77.3141421974658,
      38.67327416603178
     ],
     [
      -77.31414482104209,
      38.6732745902651
     ],
     [
      -77.31414744462364,
      38.673275015692376
     ],
     [
      -77.31415006821047,
      38.673275442313596
     ],
     [
      -77.31415269165394,
      38.673275836273795
     ],
     [
      -77.31415531495408,
      38.67327619757302
     ],
     [
      -77.31415793811087,
      38.67327652621125
     ],
     [
      -77.31416056112428,
      38.67327682218846
     ],
     [
      -77.31416318386036,
      38.67327705498369
     ],
     [
      -77.3141658063191,
      38.67327722459688
     ],
     [
      -77.31416842850045,
      38.673277331028046
     ]
    ]
   },
   "properties": {
    "id": "ct-6",
    "kind": "Contour",
    "sourceId": "contours",
    "reliabilityLevel": 1,
    "revision": 1,
    "engineeringGeometry": {
     "crs": "EPSG:2248",
     "crsName": "NAD83 / Maryland State Plane (US survey feet)",
     "datum": "NAD83",
     "unit": "usSurveyFoot",
     "coordinates": [
      [
       1222820.4786790335,
       366758.4641055126,
       268
      ],
      [
       1222820.41165557,
       366759.2125917203,
       268
      ],
      [
       1222820.3591548987,
       366759.9610779279,
       268
      ],
      [
       1222820.321177019,
       366760.7095641356,
       268
      ],
      [
       1222820.2977219317,
       366761.45805034327,
       268
      ],
      [
       1222820.2781489268,
       366762.1145879114,
       268
      ],
      [
       1222820.262458005,
       366762.6791768401,
       268
      ],
      [
       1222820.2506491658,
       366763.1518171293,
       268
      ],
      [
       1222820.2427224093,
       366763.53250877897,
       268
      ],
      [
       1222820.2348212649,
       366763.9099761557,
       268
      ],
      [
       1222820.2269457323,
       366764.2842192595,
       268
      ],
      [
       1222820.2190958112,
       366764.65523809043,
       268
      ],
      [
       1222820.2112715025,
       366765.02303264843,
       268
      ],
      [
       1222820.1891776635,
       366765.4860001189,
       268
      ],
      [
       1222820.1528142951,
       366766.0441405017,
       268
      ],
      [
       1222820.1021813967,
       366766.697453797,
       268
      ],
      [
       1222820.0372789686,
       366767.44594000466,
       268
      ],
      [
       1222819.9114200587,
       366768.19442621234,
       268
      ],
      [
       1222819.7246046667,
       366768.94291242,
       268
      ],
      [
       1222819.476832793,
       366769.6913986277,
       268
      ],
      [
       1222819.1681044376,
       366770.43988483533,
       268
      ],
      [
       1222818.8448003922,
       366771.1305735598,
       268
      ],
      [
       1222818.5069206571,
       366771.763464801,
       268
      ],
      [
       1222818.154465232,
       366772.338558559,
       268
      ],
      [
       1222817.787434117,
       366772.85585483385,
       268
      ],
      [
       1222817.3250392287,
       366773.2370183342,
       268
      ],
      [
       1222816.7672805672,
       366773.4820490602,
       268
      ],
      [
       1222816.1141581326,
       366773.59094701183,
       268
      ],
      [
       1222815.3656719252,
       366773.563712189,
       268
      ],
      [
       1222814.6171857174,
       366773.49909213826,
       268
      ],
      [
       1222813.8686995099,
       366773.39708685956,
       268
      ],
      [
       1222813.1202133023,
       366773.2576963529,
       268
      ],
      [
       1222812.3717270945,
       366773.08092061826,
       268
      ],
      [
       1222811.6232408867,
       366772.90335813764,
       268
      ],
      [
       1222810.874754679,
       366772.7250089111,
       268
      ],
      [
       1222810.1262684714,
       366772.5458729385,
       268
      ],
      [
       1222809.377782264,
       366772.36595022003,
       268
      ],
      [
       1222808.6945405528,
       366772.19766743144,
       268
      ],
      [
       1222808.0765433384,
       366772.04102457274,
       268
      ],
      [
       1222807.5237906203,
       366771.896021644,
       268
      ],
      [
       1222807.0362823987,
       366771.7626586451,
       268
      ],
      [
       1222806.605406736,
       366771.64263865515,
       268
      ],
      [
       1222806.2311636321,
       366771.5359616743,
       268
      ],
      [
       1222805.9135530873,
       366771.4426277022,
       268
      ],
      [
       1222805.652575101,
       366771.36263673904,
       268
      ],
      [
       1222805.2697200594,
       366771.2242946608,
       268
      ],
      [
       1222804.7649879623,
       366771.0276014674,
       268
      ],
      [
       1222804.13837881,
       366770.7725571589,
       268
      ],
      [
       1222803.3898926026,
       366770.4591617352,
       268
      ],
      [
       1222802.6861873297,
       366770.13534021226,
       268
      ],
      [
       1222802.0272629913,
       366769.80109259,
       268
      ],
      [
       1222801.4131195876,
       366769.4564188684,
       268
      ],
      [
       1222800.843757119,
       366769.1013190475,
       268
      ],
      [
       1222800.3719543326,
       366768.7901619148,
       268
      ],
      [
       1222799.997711229,
       366768.5229474702,
       268
      ],
      [
       1222799.7210278076,
       366768.29967571376,
       268
      ],
      [
       1222799.5419040686,
       366768.1203466456,
       268
      ],
      [
       1222799.2767911858,
       366767.84356055956,
       268
      ],
      [
       1222798.925689159,
       366767.46931745566,
       268
      ],
      [
       1222798.4885979882,
       366766.997617334,
       268
      ],
      [
       1222797.9655176736,
       366766.4284601946,
       268
      ],
      [
       1222797.5168559644,
       366765.9385309736,
       268
      ],
      [
       1222797.1426128605,
       366765.52782967116,
       268
      ],
      [
       1222796.8427883622,
       366765.1963562871,
       268
      ],
      [
       1222796.6173824691,
       366764.94411082147,
       268
      ],
      [
       1222796.2875279551,
       366764.63086653675,
       268
      ],
      [
       1222795.8532248202,
       366764.256623433,
       268
      ],
      [
       1222795.3144730642,
       366763.82138151,
       268
      ],
      [
       1222794.6712726867,
       366763.32514076785,
       268
      ],
      [
       1222794.1625509462,
       366762.9320835326,
       268
      ],
      [
       1222793.7883078426,
       366762.64220980427,
       268
      ],
      [
       1222793.5485433755,
       366762.45551958284,
       268
      ],
      [
       1222793.4432575447,
       366762.3720128683,
       268
      ],
      [
       1222793.1771716198,
       366762.21311677946,
       268
      ],
      [
       1222792.7502856008,
       366761.9788313164,
       268
      ],
      [
       1222792.1625994872,
       366761.66915647907,
       268
      ],
      [
       1222791.41411328,
       366761.2840922676,
       268
      ],
      [
       1222790.747778078,
       366760.9253152886,
       268
      ],
      [
       1222790.1635938818,
       366760.592825542,
       268
      ],
      [
       1222789.6615606914,
       366760.286623028,
       268
      ],
      [
       1222789.241678507,
       366760.0067077464,
       268
      ],
      [
       1222788.8446158627,
       366759.6965336782,
       268
      ],
      [
       1222788.4703727588,
       366759.3561008235,
       268
      ],
      [
       1222788.1189491954,
       366758.98540918203,
       268
      ],
      [
       1222787.7903451724,
       366758.58445875405,
       268
      ],
      [
       1222787.4931156773,
       366758.1968619881,
       268
      ],
      [
       1222787.22726071,
       366757.82261888427,
       268
      ],
      [
       1222786.992780271,
       366757.4617294425,
       268
      ],
      [
       1222786.7896743603,
       366757.1141936629,
       268
      ],
      [
       1222786.500999853,
       366756.71870588243,
       268
      ],
      [
       1222786.126756749,
       366756.27526610123,
       268
      ],
      [
       1222785.6669450488,
       366755.78387431917,
       268
      ],
      [
       1222785.1215647522,
       366755.24453053635,
       268
      ],
      [
       1222784.6022716828,
       366754.78773709293,
       268
      ],
      [
       1222784.1090658412,
       366754.41349398915,
       268
      ],
      [
       1222783.641947227,
       366754.1218012248,
       268
      ],
      [
       1222783.2009158405,
       366753.9126588,
       268
      ],
      [
       1222782.7932785952,
       366753.6749220347,
       268
      ],
      [
       1222782.4190354913,
       366753.40859092906,
       268
      ],
      [
       1222782.078186529,
       366753.11366548296,
       268
      ],
      [
       1222781.7707317078,
       366752.7901456964,
       268
      ],
      [
       1222781.493084974,
       366752.4412642512,
       268
      ],
      [
       1222781.245246327,
       366752.0670211474,
       268
      ],
      [
       1222781.027215767,
       366751.6674163849,
       268
      ],
      [
       1222780.8389932942,
       366751.24244996376,
       268
      ],
      [
       1222780.658476591,
       366750.736603596,
       268
      ],
      [
       1222780.4856656583,
       366750.1498772816,
       268
      ],
      [
       1222780.3205604951,
       366749.4822710206,
       268
      ],
      [
       1222780.163161102,
       366748.7337848129,
       268
      ],
      [
       1222779.9533253978,
       366747.9852986052,
       268
      ],
      [
       1222779.6910533826,
       366747.2368123976,
       268
      ],
      [
       1222779.3763450566,
       366746.4883261899,
       268
      ],
      [
       1222779.0092004195,
       366745.7398399822,
       268
      ],
      [
       1222778.7249120155,
       366745.163935131,
       268
      ],
      [
       1222778.5234798447,
       366744.7606116363,
       268
      ],
      [
       1222778.4049039069,
       366744.52986949804,
       268
      ],
      [
       1222778.3691842025,
       366744.47170871636,
       268
      ],
      [
       1222778.155272872,
       366744.2828276443,
       268
      ],
      [
       1222777.7631699159,
       366743.96322628186,
       268
      ],
      [
       1222777.1928753338,
       366743.5129046291,
       268
      ],
      [
       1222776.4443891265,
       366742.93186268606,
       268
      ],
      [
       1222775.8293043324,
       366742.46876035805,
       268
      ],
      [
       1222775.3476209515,
       366742.1235976451,
       268
      ],
      [
       1222774.9993389843,
       366741.8963745472,
       268
      ],
      [
       1222774.7844584305,
       366741.7870910644,
       268
      ],
      [
       1222774.4898966018,
       366741.58458514954,
       268
      ],
      [
       1222774.1156534979,
       366741.2888568026,
       268
      ],
      [
       1222773.661729119,
       366740.89990602375,
       268
      ],
      [
       1222773.128123465,
       366740.41773281293,
       268
      ],
      [
       1222772.5878959508,
       366739.9895246556,
       268
      ],
      [
       1222772.0410465756,
       366739.6152815517,
       268
      ],
      [
       1222771.4875753406,
       366739.2950035014,
       268
      ],
      [
       1222770.927482245,
       366739.02869050467,
       268
      ],
      [
       1222770.4603141453,
       366738.81611094944,
       268
      ],
      [
       1222770.0860710414,
       366738.6572648357,
       268
      ],
      [
       1222769.8047529336,
       366738.5521521637,
       268
      ],
      [
       1222769.6163598215,
       366738.50077293324,
       268
      ],
      [
       1222769.4151724537,
       366738.475083318,
       268
      ],
      [
       1222769.20119083,
       366738.475083318,
       268
      ],
      [
       1222768.9744149505,
       366738.50077293324,
       268
      ],
      [
       1222768.734844815,
       366738.5521521637,
       268
      ],
      [
       1222768.4279381954,
       366738.6169294588,
       268
      ],
      [
       1222768.0536950915,
       366738.6951048186,
       268
      ],
      [
       1222767.6121155035,
       366738.786678243,
       268
      ],
      [
       1222767.1031994312,
       366738.89164973213,
       268
      ],
      [
       1222766.6726788946,
       366738.94413547666,
       268
      ],
      [
       1222766.3205538937,
       366738.94413547666,
       268
      ],
      [
       1222766.0468244283,
       366738.89164973213,
       268
      ],
      [
       1222765.851490499,
       366738.786678243,
       268
      ],
      [
       1222765.5667019822,
       366738.65510800394,
       268
      ],
      [
       1222765.1924588783,
       366738.4969390148,
       268
      ],
      [
       1222764.7287611873,
       366738.31217127567,
       268
      ],
      [
       1222764.1756089092,
       366738.10080478655,
       268
      ],
      [
       1222763.5736231487,
       366737.84942613833,
       268
      ],
      [
       1222762.9228039058,
       366737.558035331,
       268
      ],
      [
       1222762.2231511804,
       366737.2266323647,
       268
      ],
      [
       1222761.474664973,
       366736.8552172392,
       268
      ],
      [
       1222760.871825317,
       366736.5352297468,
       268
      ],
      [
       1222760.414632212,
       366736.26666988747,
       268
      ],
      [
       1222760.1030856585,
       366736.04953766137,
       268
      ],
      [
       1222759.9371856567,
       366735.88383306825,
       268
      ],
      [
       1222759.6671141037,
       366735.6101268876,
       268
      ],
      [
       1222759.292871,
       366735.2284191194,
       268
      ],
      [
       1222758.8144563453,
       366734.7387097635,
       268
      ],
      [
       1222758.2318701393,
       366734.14099882,
       268
      ],
      [
       1222757.7602463607,
       366733.65502179635,
       268
      ],
      [
       1222757.3995850089,
       366733.28077869257,
       268
      ],
      [
       1222757.1498860843,
       366733.0182695085,
       268
      ],
      [
       1222757.0111495862,
       366732.8674942443,
       268
      ],
      [
       1222756.7659717607,
       366732.5672912442,
       268
      ],
      [
       1222756.414352608,
       366732.11766050826,
       268
      ],
      [
       1222755.956292127,
       366731.51860203646,
       268
      ],
      [
       1222755.3917903188,
       366730.7701158288,
       268
      ],
      [
       1222754.957101987,
       366730.17517899675,
       268
      ],
      [
       1222754.652227132,
       366729.7337915403,
       268
      ],
      [
       1222754.477165754,
       366729.4459534595,
       268
      ],
      [
       1222754.4319178523,
       366729.3116647543,
       268
      ],
      [
       1222754.3582334635,
       366729.05739884975,
       268
      ],
      [
       1222754.2561125872,
       366728.68315574585,
       268
      ],
      [
       1222754.1255552236,
       366728.1889354427,
       268
      ],
      [
       1222753.9665613724,
       366727.57473794033,
       268
      ],
      [
       1222753.8549568907,
       366726.9269682616,
       268
      ],
      [
       1222753.790741778,
       366726.2456264065,
       268
      ],
      [
       1222753.7739160347,
       366725.5307123752,
       268
      ],
      [
       1222753.8044796607,
       366724.7822261675,
       268
      ],
      [
       1222753.8278650623,
       366724.0337399598,
       268
      ],
      [
       1222753.8440722395,
       366723.28525375214,
       268
      ],
      [
       1222753.8531011925,
       366722.53676754446,
       268
      ],
      [
       1222753.8549519212,
       366721.7882813368,
       268
      ],
      [
       1222753.7842490522,
       366721.0397951291,
       268
      ],
      [
       1222753.6409925856,
       366720.29130892147,
       268
      ],
      [
       1222753.425182521,
       366719.5428227138,
       268
      ],
      [
       1222753.136818859,
       366718.7943365061,
       268
      ],
      [
       1222752.8371603503,
       366718.09227878274,
       268
      ],
      [
       1222752.5262069944,
       366717.43664954376,
       268
      ],
      [
       1222752.2039587921,
       366716.82744878903,
       268
      ],
      [
       1222751.870415743,
       366716.2646765186,
       268
      ],
      [
       1222751.5651530274,
       366715.7961688315,
       268
      ],
      [
       1222751.2881706455,
       366715.42192572774,
       268
      ],
      [
       1222751.0394685967,
       366715.1419472072,
       268
      ],
      [
       1222750.8190468815,
       366714.9562332698,
       268
      ],
      [
       1222750.521714472,
       366714.7885986098,
       268
      ],
      [
       1222750.147471368,
       366714.639043227,
       268
      ],
      [
       1222749.69631757,
       366714.5075671215,
       268
      ],
      [
       1222749.1682530774,
       366714.39417029324,
       268
      ],
      [
       1222748.5850831564,
       366714.2711522098,
       268
      ],
      [
       1222747.9468078061,
       366714.13851287117,
       268
      ],
      [
       1222747.2534270273,
       366713.9962522774,
       268
      ],
      [
       1222746.5049408195,
       366713.8443704284,
       268
      ],
      [
       1222745.7564546117,
       366713.6857521303,
       268
      ],
      [
       1222745.0079684039,
       366713.5203973831,
       268
      ],
      [
       1222744.2594821963,
       366713.3483061866,
       268
      ],
      [
       1222743.510995989,
       366713.16947854107,
       268
      ],
      [
       1222742.7625097814,
       366712.97100083344,
       268
      ],
      [
       1222742.0140235736,
       366712.75287306355,
       268
      ],
      [
       1222741.2655373658,
       366712.5150952317,
       268
      ],
      [
       1222740.517051158,
       366712.2576673378,
       268
      ],
      [
       1222739.9282361553,
       366712.0528584196,
       268
      ],
      [
       1222739.4990923577,
       366711.9006684772,
       268
      ],
      [
       1222739.229619765,
       366711.8010975105,
       268
      ],
      [
       1222739.1198183768,
       366711.75414551963,
       268
      ],
      [
       1222738.8777961312,
       366711.6495139302,
       268
      ],
      [
       1222738.5035530273,
       366711.48720274225,
       268
      ],
      [
       1222737.9970890654,
       366711.26721195574,
       268
      ],
      [
       1222737.3584042457,
       366710.9895415707,
       268
      ],
      [
       1222736.692269079,
       366710.7039074452,
       268
      ],
      [
       1222735.998683565,
       366710.41030957917,
       268
      ],
      [
       1222735.2776477044,
       366710.10874797264,
       268
      ],
      [
       1222734.529161497,
       366709.79922262556,
       268
      ],
      [
       1222733.8859375995,
       366709.52675599634,
       268
      ],
      [
       1222733.3479760117,
       366709.29134808504,
       268
      ],
      [
       1222732.9152767342,
       366709.09299889154,
       268
      ],
      [
       1222732.5878397669,
       366708.93170841597,
       268
      ],
      [
       1222732.236999731,
       366708.76528934145,
       268
      ],
      [
       1222731.8627566274,
       366708.5937416681,
       268
      ],
      [
       1222731.4651104554,
       366708.4170653958,
       268
      ],
      [
       1222731.044061215,
       366708.2352605246,
       268
      ],
      [
       1222730.541152733,
       366708.0245701175,
       268
      ],
      [
       1222729.9563850088,
       366707.7849941743,
       268
      ],
      [
       1222729.289758043,
       366707.5165326952,
       268
      ],
      [
       1222728.5412718356,
       366707.21918568003,
       268
      ],
      [
       1222727.7927856278,
       366706.9322633677,
       268
      ],
      [
       1222727.0442994202,
       366706.65576575807,
       268
      ],
      [
       1222726.2958132126,
       366706.3896928512,
       268
      ],
      [
       1222725.5473270048,
       366706.1340446471,
       268
      ],
      [
       1222724.975897196,
       366705.93888696464,
       268
      ],
      [
       1222724.5815237863,
       366705.804219804,
       268
      ],
      [
       1222724.3642067753,
       366705.73004316504,
       268
      ],
      [
       1222724.3239461638,
       366705.7163570477,
       268
      ],
      [
       1222724.1166943058,
       366705.64603081346,
       268
      ],
      [
       1222723.742451202,
       366705.51906446205,
       268
      ],
      [
       1222723.201216852,
       366705.3354579937,
       268
      ],
      [
       1222722.4929912563,
       366705.0952114082,
       268
      ],
      [
       1222721.7747005075,
       366704.8158175638,
       268
      ],
      [
       1222721.046344606,
       366704.49727646034,
       268
      ],
      [
       1222720.3079235512,
       366704.13958809787,
       268
      ],
      [
       1222719.5594373434,
       366703.7427524765,
       268
      ],
      [
       1222718.9673678332,
       366703.4172747602,
       268
      ],
      [
       1222718.5317150205,
       366703.163154949,
       268
      ],
      [
       1222718.2524789055,
       366702.98039304314,
       268
      ],
      [
       1222718.1296594879,
       366702.86898904236,
       268
      ],
      [
       1222717.881128227,
       366702.63684930664,
       268
      ],
      [
       1222717.5068851232,
       366702.2839738362,
       268
      ],
      [
       1222717.0069301764,
       366701.8103626308,
       268
      ],
      [
       1222716.3812633862,
       366701.2160156906,
       268
      ],
      [
       1222715.8797908262,
       366700.7317206685,
       268
      ],
      [
       1222715.5025124962,
       366700.35747756466,
       268
      ],
      [
       1222715.2494283959,
       366700.093286379,
       268
      ],
      [
       1222715.1205385255,
       366699.9391471116,
       268
      ],
      [
       1222714.8689720384,
       366699.64587244,
       268
      ],
      [
       1222714.4947289345,
       366699.2134623642,
       268
      ],
      [
       1222713.9978092138,
       366698.6419168842,
       268
      ],
      [
       1222713.3782128764,
       366697.93123600003,
       268
      ],
      [
       1222712.9053088124,
       366697.38877400605,
       268
      ],
      [
       1222712.5790970216,
       366697.01453090215,
       268
      ],
      [
       1222712.3995775043,
       366696.8085066885,
       268
      ],
      [
       1222712.3667502603,
       366696.7707013651,
       268
      ],
      [
       1222712.1745613017,
       366696.5552258205,
       268
      ],
      [
       1222711.823010628,
       366696.162080055,
       268
      ],
      [
       1222711.3120982402,
       366695.5912640684,
       268
      ],
      [
       1222710.641824138,
       366694.8427778607,
       268
      ],
      [
       1222710.1277723457,
       366694.26973958896,
       268
      ],
      [
       1222709.769942864,
       366693.87214925326,
       268
      ],
      [
       1222709.5683356926,
       366693.6500068535,
       268
      ],
      [
       1222709.5229508316,
       366693.6033123897,
       268
      ],
      [
       1222709.3204700968,
       366693.39284360595,
       268
      ],
      [
       1222708.960893488,
       366693.01860050217,
       268
      ],
      [
       1222708.4442210055,
       366692.4805830783,
       268
      ],
      [
       1222707.7704526493,
       366691.77879133436,
       268
      ],
      [
       1222707.2464469192,
       366691.2336654344,
       268
      ],
      [
       1222706.8722038155,
       366690.8452053783,
       268
      ],
      [
       1222706.6477233379,
       366690.6134111661,
       268
      ],
      [
       1222706.5730054863,
       366690.5382827979,
       268
      ],
      [
       1222706.3403024017,
       366690.31359706185,
       268
      ],
      [
       1222705.9496140836,
       366689.939353958,
       268
      ],
      [
       1222705.4009405323,
       366689.4155534863,
       268
      ],
      [
       1222704.694281748,
       366688.7421956469,
       268
      ],
      [
       1222704.153830804,
       366688.2263592243,
       268
      ],
      [
       1222703.7795877,
       366687.8680442184,
       268
      ],
      [
       1222703.5715524363,
       366687.6672506293,
       268
      ],
      [
       1222703.5297250133,
       366687.62397845695,
       268
      ],
      [
       1222703.329194902,
       366687.41522081883,
       268
      ],
      [
       1222702.9699621024,
       366687.04097771505,
       268
      ],
      [
       1222702.452026615,
       366686.5012491455,
       268
      ],
      [
       1222701.7753884397,
       366685.7960351101,
       268
      ],
      [
       1222701.2499477998,
       366685.24515202135,
       268
      ],
      [
       1222700.875704696,
       366684.84859987925,
       268
      ],
      [
       1222700.652659128,
       366684.60637868376,
       268
      ],
      [
       1222700.580811096,
       366684.51848843496,
       268
      ],
      [
       1222700.4226012267,
       366684.28742175864,
       268
      ],
      [
       1222700.1780295204,
       366683.91317865474,
       268
      ],
      [
       1222699.847095977,
       366683.39575912344,
       268
      ],
      [
       1222699.429800596,
       366682.7351631647,
       268
      ],
      [
       1222699.034031354,
       366682.1095254509,
       268
      ],
      [
       1222698.65978825,
       366681.5188459822,
       268
      ],
      [
       1222698.3070712846,
       366680.96312475856,
       268
      ],
      [
       1222697.9758804578,
       366680.44236178003,
       268
      ],
      [
       1222697.6930159174,
       366679.99485873885,
       268
      ],
      [
       1222697.4584776638,
       366679.62061563495,
       268
      ],
      [
       1222697.2722656974,
       366679.3196324685,
       268
      ],
      [
       1222697.1343800174,
       366679.0919092394,
       268
      ],
      [
       1222696.9156102547,
       366678.7339952657,
       268
      ],
      [
       1222696.615956409,
       366678.24589054735,
       268
      ],
      [
       1222696.2354184801,
       366677.6275950843,
       268
      ],
      [
       1222695.7739964686,
       366676.8791088766,
       268
      ],
      [
       1222695.3906353307,
       366676.26048914576,
       268
      ],
      [
       1222695.085335067,
       366675.7717358919,
       268
      ],
      [
       1222694.8580956769,
       366675.4128491148,
       268
      ],
      [
       1222694.7089171608,
       366675.1838288146,
       268
      ],
      [
       1222694.517029631,
       366674.88219711254,
       268
      ],
      [
       1222694.282433087,
       366674.5079540087,
       268
      ],
      [
       1222694.0051275291,
       366674.0610995031,
       268
      ],
      [
       1222693.6851129574,
       366673.5416335956,
       268
      ],
      [
       1222693.3449630216,
       366672.96491261304,
       268
      ],
      [
       1222692.9846777213,
       366672.3309365555,
       268
      ],
      [
       1222692.6042570572,
       366671.63970542286,
       268
      ],
      [
       1222692.2037010288,
       366670.8912192152,
       268
      ],
      [
       1222691.8963051056,
       366670.3161868981,
       268
      ],
      [
       1222691.6820692879,
       366669.9146084717,
       268
      ],
      [
       1222691.560993575,
       366669.6864839358,
       268
      ],
      [
       1222691.5330779674,
       366669.6318132905,
       268
      ],
      [
       1222691.4157644722,
       366669.417356416,
       268
      ],
      [
       1222691.2090530896,
       366669.0431133122,
       268
      ],
      [
       1222690.9129438198,
       366668.50908397906,
       268
      ],
      [
       1222690.5274366622,
       366667.81526841666,
       268
      ],
      [
       1222690.1475615317,
       366667.13651357504,
       268
      ],
      [
       1222689.7733184278,
       366666.47281945427,
       268
      ],
      [
       1222689.4047073508,
       366665.8241860543,
       268
      ],
      [
       1222689.0417283005,
       366665.1906133751,
       268
      ],
      [
       1222688.7509511772,
       366664.6867054836,
       268
      ],
      [
       1222688.5323759809,
       366664.3124623798,
       268
      ],
      [
       1222688.3860027113,
       366664.06788406364,
       268
      ],
      [
       1222688.3118313688,
       366663.95297053515,
       268
      ],
      [
       1222688.1509977058,
       366663.67966383684,
       268
      ],
      [
       1222687.9035017223,
       366663.2479639688,
       268
      ],
      [
       1222687.5693434186,
       366662.6578709309,
       268
      ],
      [
       1222687.1485227945,
       366661.9093847232,
       268
      ],
      [
       1222686.7695337662,
       366661.22466238536,
       268
      ],
      [
       1222686.4323763335,
       366660.60370391724,
       268
      ],
      [
       1222686.1370504966,
       366660.0465093189,
       268
      ],
      [
       1222685.8835562558,
       366659.5530785904,
       268
      ],
      [
       1222685.6477133138,
       366659.11924167426,
       268
      ],
      [
       1222685.4295216706,
       366658.7449985704,
       268
      ],
      [
       1222685.2289813266,
       366658.4303492789,
       268
      ],
      [
       1222685.0460922818,
       366658.1752937998,
       268
      ],
      [
       1222684.7767657978,
       366657.79688063846,
       268
      ],
      [
       1222684.4210018744,
       366657.29510979506,
       268
      ],
      [
       1222683.978800512,
       366656.6699812695,
       268
      ],
      [
       1222683.4501617104,
       366655.92149506183,
       268
      ],
      [
       1222683.044443019,
       366655.34584941156,
       268
      ],
      [
       1222682.7616444377,
       366654.9430443186,
       268
      ],
      [
       1222682.6017659665,
       366654.713079783,
       268
      ],
      [
       1222682.5648076055,
       366654.65595580486,
       268
      ],
      [
       1222682.3692309102,
       366654.4402722639,
       268
      ],
      [
       1222682.0150358807,
       366654.06602916005,
       268
      ],
      [
       1222681.5022225173,
       366653.53322649334,
       268
      ],
      [
       1222680.8307908198,
       366652.8418642639,
       268
      ],
      [
       1222680.3079534192,
       366652.29612441256,
       268
      ],
      [
       1222679.9337103153,
       366651.89600693947,
       268
      ],
      [
       1222679.7080615084,
       366651.64151184465,
       268
      ],
      [
       1222679.6310069985,
       366651.53263912804,
       268
      ],
      [
       1222679.4283518284,
       366651.29108121776,
       268
      ],
      [
       1222679.1000959983,
       366650.916838114,
       268
      ],
      [
       1222678.6462395084,
       366650.4099098166,
       268
      ],
      [
       1222678.0667823583,
       366649.7702963255,
       268
      ],
      [
       1222677.5899322315,
       366649.2314206943,
       268
      ],
      [
       1222677.2156891278,
       366648.79328292294,
       268
      ],
      [
       1222676.9440530469,
       366648.4558830114,
       268
      ],
      [
       1222676.7750239891,
       366648.2192209597,
       268
      ],
      [
       1222676.4611306437,
       366647.93862828956,
       268
      ],
      [
       1222676.002373011,
       366647.6141050009,
       268
      ],
      [
       1222675.3987510907,
       366647.2456510939,
       268
      ],
      [
       1222674.6502648834,
       366646.8332665685,
       268
      ],
      [
       1222673.9017786756,
       366646.53566634253,
       268
      ],
      [
       1222673.1532924678,
       366646.3528504161,
       268
      ],
      [
       1222672.40480626,
       366646.2848187892,
       268
      ],
      [
       1222671.6563200527,
       366646.3315714618,
       268
      ],
      [
       1222670.907833845,
       366646.50963341456,
       268
      ],
      [
       1222670.159347637,
       366646.8190046475,
       268
      ],
      [
       1222669.4108614293,
       366647.2596851605,
       268
      ],
      [
       1222668.662375222,
       366647.8316749537,
       268
      ],
      [
       1222668.0945936076,
       366648.2682433264,
       268
      ],
      [
       1222667.7075165866,
       366648.56939027866,
       268
      ],
      [
       1222667.5011441591,
       366648.73511581053,
       268
      ],
      [
       1222667.4754763248,
       366648.7654199219,
       268
      ],
      [
       1222667.3059857832,
       366648.9752695574,
       268
      ],
      [
       1222666.992672534,
       366649.3646647169,
       268
      ],
      [
       1222666.5355365775,
       366649.9336054005,
       268
      ],
      [
       1222665.9345779135,
       366650.6820916081,
       268
      ],
      [
       1222665.453393988,
       366651.2790977339,
       268
      ],
      [
       1222665.0919848015,
       366651.7246237779,
       268
      ],
      [
       1222664.8503503534,
       366652.01866973995,
       268
      ],
      [
       1222664.728490644,
       366652.1612356202,
       268
      ],
      [
       1222664.4942501565,
       366652.41964011226,
       268
      ],
      [
       1222664.1476288904,
       366652.79388321604,
       268
      ],
      [
       1222663.6886268465,
       366653.28396493173,
       268
      ],
      [
       1222663.1172440245,
       366653.8898852592,
       268
      ],
      [
       1222662.6444310616,
       366654.3867472864,
       268
      ],
      [
       1222662.2701879577,
       366654.77455101325,
       268
      ],
      [
       1222661.994514713,
       366655.05329643993,
       268
      ],
      [
       1222661.8174113273,
       366655.22298356635,
       268
      ],
      [
       1222661.5735536707,
       366655.4949486815,
       268
      ],
      [
       1222661.2629417423,
       366655.8691917853,
       268
      ],
      [
       1222660.885575543,
       366656.3457128778,
       268
      ],
      [
       1222660.441455072,
       366656.9245119591,
       268
      ],
      [
       1222660.0322732846,
       366657.5382622719,
       268
      ],
      [
       1222659.6580301807,
       366658.1869638165,
       268
      ],
      [
       1222659.3187257603,
       366658.8706165926,
       268
      ],
      [
       1222659.0143600234,
       366659.5892206003,
       268
      ],
      [
       1222658.784010584,
       366660.13564415614,
       268
      ],
      [
       1222658.6276774425,
       366660.5098872599,
       268
      ],
      [
       1222658.5453605982,
       366660.71194991184,
       268
      ],
      [
       1222658.5370600512,
       366660.7418321118,
       268
      ],
      [
       1222658.5043140985,
       366660.95136531367,
       268
      ],
      [
       1222658.4471227396,
       366661.3405495175,
       268
      ],
      [
       1222658.3654859748,
       366661.9093847232,
       268
      ],
      [
       1222658.259403804,
       366662.6578709309,
       268
      ],
      [
       1222658.1409381053,
       366663.4063571386,
       268
      ],
      [
       1222658.0100888785,
       366664.1548433462,
       268
      ],
      [
       1222657.8668561238,
       366664.9033295539,
       268
      ],
      [
       1222657.7112398408,
       366665.6518157616,
       268
      ],
      [
       1222657.537033976,
       366666.40030196926,
       268
      ],
      [
       1222657.3442385294,
       366667.1487881768,
       268
      ],
      [
       1222657.1328535005,
       366667.8972743845,
       268
      ],
      [
       1222656.9028788903,
       366668.6457605922,
       268
      ],
      [
       1222656.668269783,
       366669.3859966523,
       268
      ],
      [
       1222656.4290261795,
       366670.11798256484,
       268
      ],
      [
       1222656.1851480792,
       366670.8417183299,
       268
      ],
      [
       1222655.9366354826,
       366671.55720394733,
       268
      ],
      [
       1222655.7479855833,
       366672.10206830804,
       268
      ],
      [
       1222655.619198381,
       366672.4763114119,
       268
      ],
      [
       1222655.5502738762,
       366672.6799332589,
       268
      ],
      [
       1222655.5412120684,
       366672.7129338491,
       268
      ],
      [
       1222655.4829892463,
       366672.9248058437,
       268
      ],
      [
       1222655.3756054097,
       366673.3155492426,
       268
      ],
      [
       1222655.2190605584,
       366673.8851640459,
       268
      ],
      [
       1222655.0133546921,
       366674.6336502536,
       268
      ],
      [
       1222654.854873104,
       366675.38213646127,
       268
      ],
      [
       1222654.7436157933,
       366676.1306226689,
       268
      ],
      [
       1222654.6795827604,
       366676.8791088766,
       268
      ],
      [
       1222654.6627740054,
       366677.6275950843,
       268
      ],
      [
       1222654.6751885102,
       366678.376081292,
       268
      ],
      [
       1222654.716826275,
       366679.1245674996,
       268
      ],
      [
       1222654.7876872998,
       366679.8730537073,
       268
      ],
      [
       1222654.8877715846,
       366680.6215399149,
       268
      ],
      [
       1222654.9957078341,
       366681.3188346677,
       268
      ],
      [
       1222655.1114960485,
       366681.9649379656,
       268
      ],
      [
       1222655.2351362277,
       366682.5598498087,
       268
      ],
      [
       1222655.3666283716,
       366683.1035701968,
       268
      ],
      [
       1222655.4804311867,
       366683.56255194277,
       268
      ],
      [
       1222655.5765446734,
       366683.93679504667,
       268
      ],
      [
       1222655.654968831,
       366684.22629950836,
       268
      ],
      [
       1222655.7157036597,
       366684.43106532784,
       268
      ],
      [
       1222655.8526026555,
       366684.7717612444,
       268
      ],
      [
       1222656.0656658183,
       366685.24838725803,
       268
      ],
      [
       1222656.354893148,
       366685.86094336864,
       268
      ],
      [
       1222656.7202846447,
       366686.6094295763,
       268
      ],
      [
       1222657.0749182377,
       366687.3420935293,
       268
      ],
      [
       1222657.4187939272,
       366688.0589352274,
       268
      ],
      [
       1222657.751911713,
       366688.7599546709,
       268
      ],
      [
       1222658.0742715949,
       366689.44515185966,
       268
      ],
      [
       1222658.3242997993,
       366689.974872006,
       268
      ],
      [
       1222658.5019963263,
       366690.3491151098,
       268
      ],
      [
       1222658.6073611754,
       366690.5678811712,
       268
      ],
      [
       1222658.6403943466,
       366690.6311701901,
       268
      ],
      [
       1222658.737500664,
       366690.86575850623,
       268
      ],
      [
       1222658.8986801275,
       366691.27164611954,
       268
      ],
      [
       1222659.123932737,
       366691.84883303003,
       268
      ],
      [
       1222659.4132584922,
       366692.5973192377,
       268
      ],
      [
       1222659.6935074122,
       366693.3458054454,
       268
      ],
      [
       1222659.9646794964,
       366694.094291653,
       268
      ],
      [
       1222660.2267747452,
       366694.8427778607,
       268
      ],
      [
       1222660.479793158,
       366695.5912640684,
       268
      ],
      [
       1222660.7128341845,
       366696.2781197344,
       268
      ],
      [
       1222660.925897825,
       366696.90334485855,
       268
      ],
      [
       1222661.1189840792,
       366697.4669394412,
       268
      ],
      [
       1222661.292092947,
       366697.9689034822,
       268
      ],
      [
       1222661.4482167093,
       366698.40700705454,
       268
      ],
      [
       1222661.5873553657,
       366698.78125015844,
       268
      ],
      [
       1222661.7095089164,
       366699.0916327937,
       268
      ],
      [
       1222661.814677361,
       366699.33815496037,
       268
      ],
      [
       1222661.9654591142,
       366699.71016813733,
       268
      ],
      [
       1222662.1618541759,
       366700.20767232456,
       268
      ],
      [
       1222662.4038625457,
       366700.830667522,
       268
      ],
      [
       1222662.6914842238,
       366701.57915372966,
       268
      ],
      [
       1222662.974261925,
       366702.32763993734,
       268
      ],
      [
       1222663.2521956498,
       366703.076126145,
       268
      ],
      [
       1222663.5252853972,
       366703.8246123527,
       268
      ],
      [
       1222663.7935311673,
       366704.5730985604,
       268
      ],
      [
       1222664.0165780738,
       366705.19712102535,
       268
      ],
      [
       1222664.194426116,
       366705.69667974755,
       268
      ],
      [
       1222664.3270752945,
       366706.0717747271,
       268
      ],
      [
       1222664.4145256083,
       366706.32240596385,
       268
      ],
      [
       1222664.5392508283,
       366706.63484313415,
       268
      ],
      [
       1222664.7012509545,
       366707.009086238,
       268
      ],
      [
       1222664.9005259867,
       366707.44513527537,
       268
      ],
      [
       1222665.1370759248,
       366707.9429902463,
       268
      ],
      [
       1222665.3885131725,
       366708.5035030264,
       268
      ],
      [
       1222665.6548377294,
       366709.1266736156,
       268
      ],
      [
       1222665.9360495962,
       366709.8125020141,
       268
      ],
      [
       1222666.2321487723,
       366710.5609882217,
       268
      ],
      [
       1222666.5081824278,
       366711.2653429706,
       268
      ],
      [
       1222666.7641505627,
       366711.9255662607,
       268
      ],
      [
       1222667.000053177,
       366712.54165809194,
       268
      ],
      [
       1222667.2158902702,
       366713.11361846444,
       268
      ],
      [
       1222667.3964356238,
       366713.58672020264,
       268
      ],
      [
       1222667.5416892378,
       366713.9609633064,
       268
      ],
      [
       1222667.651651112,
       366714.23634777596,
       268
      ],
      [
       1222667.726321246,
       366714.41287361115,
       268
      ],
      [
       1222667.8342814825,
       366714.7323895394,
       268
      ],
      [
       1222667.9755318214,
       366715.19489556085,
       268
      ],
      [
       1222668.1500722626,
       366715.8003916754,
       268
      ],
      [
       1222668.3579028058,
       366716.5488778831,
       268
      ],
      [
       1222668.5597807348,
       366717.2973640908,
       268
      ],
      [
       1222668.7557060493,
       366718.0458502984,
       268
      ],
      [
       1222668.9456787491,
       366718.7943365061,
       268
      ],
      [
       1222669.1296988346,
       366719.5428227138,
       268
      ],
      [
       1222669.3140984122,
       366720.29130892147,
       268
      ],
      [
       1222669.4988774823,
       366721.03979512915,
       268
      ],
      [
       1222669.6840360444,
       366721.78828133683,
       268
      ],
      [
       1222669.8695740984,
       366722.5367675445,
       268
      ],
      [
       1222670.0328344868,
       366723.2073262825,
       268
      ],
      [
       1222670.1738172092,
       366723.7999575509,
       268
      ],
      [
       1222670.2925222656,
       366724.31466134964,
       268
      ],
      [
       1222670.3889496555,
       366724.7514376787,
       268
      ],
      [
       1222670.4769141825,
       366725.1569473951,
       268
      ],
      [
       1222670.5564158466,
       366725.53119049896,
       268
      ],
      [
       1222670.627454647,
       366725.8741669902,
       268
      ],
      [
       1222670.6900305848,
       366726.1858768688,
       268
      ],
      [
       1222670.7390451417,
       366726.6067808296,
       268
      ],
      [
       1222670.7744983179,
       366727.13687887276,
       268
      ],
      [
       1222670.7963901134,
       366727.7761709981,
       268
      ],
      [
       1222670.8047205284,
       366728.5246572058,
       268
      ],
      [
       1222670.7932417516,
       366729.14015033294,
       268
      ],
      [
       1222670.7619537828,
       366729.62265037955,
       268
      ],
      [
       1222670.7108566223,
       366729.9721573457,
       268
      ],
      [
       1222670.6399502696,
       366730.1886712312,
       268
      ],
      [
       1222670.5351505524,
       366730.4840497259,
       268
      ],
      [
       1222670.3964574705,
       366730.85829282977,
       268
      ],
      [
       1222670.2238710236,
       366731.31140054273,
       268
      ],
      [
       1222670.017391212,
       366731.84337286477,
       268
      ],
      [
       1222669.7463436988,
       366732.42947365827,
       268
      ],
      [
       1222669.410728484,
       366733.0697029232,
       268
      ],
      [
       1222669.0105455674,
       366733.7640606595,
       268
      ],
      [
       1222668.5457949492,
       366734.5125468672,
       268
      ],
      [
       1222668.1779180411,
       366735.0973595863,
       268
      ],
      [
       1222667.9069148428,
       366735.5184988168,
       268
      ],
      [
       1222667.7327853548,
       366735.77596455876,
       268
      ],
      [
       1222667.6555295768,
       366735.8697568121,
       268
      ],
      [
       1222667.4465399226,
       366736.1037744907,
       268
      ],
      [
       1222667.105816392,
       366736.47801759455,
       268
      ],
      [
       1222666.6333589847,
       366736.99248612364,
       268
      ],
      [
       1222666.0291677008,
       366737.6471800779,
       268
      ],
      [
       1222665.539950507,
       366738.16859325115,
       268
      ],
      [
       1222665.1657074033,
       366738.5567256433,
       268
      ],
      [
       1222664.9064383893,
       366738.8115772543,
       268
      ],
      [
       1222664.7621434657,
       366738.93314808427,
       268
      ],
      [
       1222664.4668007207,
       366739.14324496925,
       268
      ],
      [
       1222664.020410155,
       366739.44186790934,
       268
      ],
      [
       1222663.422971768,
       366739.82901690435,
       268
      ],
      [
       1222662.6744855607,
       366740.30469195434,
       268
      ],
      [
       1222662.0424458177,
       366740.6992583238,
       268
      ],
      [
       1222661.5268525393,
       366741.01271601266,
       268
      ],
      [
       1222661.1277057256,
       366741.2450650209,
       268
      ],
      [
       1222660.8450053765,
       366741.3963053486,
       268
      ],
      [
       1222660.51653365,
       366741.5738278907,
       268
      ],
      [
       1222660.142290546,
       366741.77763264725,
       268
      ],
      [
       1222659.7222760648,
       366742.00771961827,
       268
      ],
      [
       1222659.256490206,
       366742.26408880367,
       268
      ],
      [
       1222658.7200292603,
       366742.5386895592,
       268
      ],
      [
       1222658.112893227,
       366742.83152188495,
       268
      ],
      [
       1222657.4350821066,
       366743.1425857807,
       268
      ],
      [
       1222656.6865958993,
       366743.47188124654,
       268
      ],
      [
       1222655.976315516,
       366743.75955823506,
       268
      ],
      [
       1222655.3042409574,
       366744.0056167462,
       268
      ],
      [
       1222654.6703722232,
       366744.2100567799,
       268
      ],
      [
       1222654.0747093135,
       366744.3728783362,
       268
      ],
      [
       1222653.5897563067,
       366744.50668492075,
       268
      ],
      [
       1222653.215513203,
       366744.6114765335,
       268
      ],
      [
       1222652.9519800022,
       366744.6872531745,
       268
      ],
      [
       1222652.799156704,
       366744.7340148437,
       268
      ],
      [
       1222652.4974176786,
       366744.808099279,
       268
      ],
      [
       1222652.0467629258,
       366744.90950648044,
       268
      ],
      [
       1222651.4471924454,
       366745.0382364481,
       268
      ],
      [
       1222650.698706238,
       366745.19428918185,
       268
      ],
      [
       1222649.9502200303,
       366745.35038052074,
       268
      ],
      [
       1222649.2017338225,
       366745.50651046477,
       268
      ],
      [
       1222648.4532476147,
       366745.6626790139,
       268
      ],
      [
       1222647.7047614073,
       366745.81888616824,
       268
      ],
      [
       1222646.9562751995,
       366745.97552816244,
       268
      ],
      [
       1222646.2077889917,
       366746.13260499644,
       268
      ],
      [
       1222645.459302784,
       366746.2901166703,
       268
      ],
      [
       1222644.7108165766,
       366746.44806318404,
       268
      ],
      [
       1222643.9623303688,
       366746.59411494416,
       268
      ],
      [
       1222643.213844161,
       366746.72827195085,
       268
      ],
      [
       1222642.4653579532,
       366746.85053420387,
       268
      ],
      [
       1222641.716871746,
       366746.96090170334,
       268
      ],
      [
       1222640.968385538,
       366747.0482590265,
       268
      ],
      [
       1222640.2198993305,
       366747.1126061733,
       268
      ],
      [
       1222639.471413123,
       366747.15394314384,
       268
      ]
     ]
    },
    "elevationFt": 268,
    "weight": "intermediate",
    "hidden": false
   }
  },
  {
   "type": "Feature",
   "geometry": {
    "type": "LineString",
    "coordinates": [
     [
      -77.31353368048264,
      38.673123547969375
     ],
     [
      -77.3135340509922,
      38.67312317970529
     ],
     [
      -77.31353478478104,
      38.67312248028688
     ],
     [
      -77.31353588184915,
      38.67312144971412
     ],
     [
      -77.3135373421965,
      38.673120087987016
     ],
     [
      -77.31353916582302,
      38.67311839510551
     ],
     [
      -77.31354073058887,
      38.67311698389268
     ],
     [
      -77.31354203649408,
      38.673115854348474
     ],
     [
      -77.31354308353869,
      38.673115006472905
     ],
     [
      -77.3135438717227,
      38.67311444026602
     ],
     [
      -77.31354502056234,
      38.67311364132091
     ],
     [
      -77.3135465300576,
      38.673112609637556
     ],
     [
      -77.3135484002084,
      38.67311134521598
     ],
     [
      -77.31355063101476,
      38.673109848056136
     ],
     [
      -77.31355239994983,
      38.67310866695902
     ],
     [
      -77.31355370701364,
      38.673107801924665
     ],
     [
      -77.31355455220626,
      38.67310725295309
     ],
     [
      -77.31355493552769,
      38.67310702004431
     ],
     [
      -77.31355587664049,
      38.67310643335498
     ],
     [
      -77.31355737554468,
      38.67310549288512
     ],
     [
      -77.31355943224015,
      38.67310419863466
     ],
     [
      -77.31356204672689,
      38.6731025506036
     ],
     [
      -77.31356407017664,
      38.6731012688192
     ],
     [
      -77.31356550258946,
      38.67310035328149
     ],
     [
      -77.3135663439654,
      38.67309980399049
     ],
     [
      -77.31356659430449,
      38.67309962094621
     ],
     [
      -77.31356737245797,
      38.673098971880904
     ],
     [
      -77.31356867842578,
      38.67309785679453
     ],
     [
      -77.3135705122079,
      38.6730962756871
     ],
     [
      -77.31357287380425,
      38.67309422855859
     ],
     [
      -77.31357464877937,
      38.67309268958484
     ],
     [
      -77.31357583713336,
      38.67309165876588
     ],
     [
      -77.31357643886624,
      38.67309113610173
     ],
     [
      -77.31357645397807,
      38.67309112159241
     ],
     [
      -77.31357694727797,
      38.673090595603085
     ],
     [
      -77.3135779187659,
      38.67308955813379
     ],
     [
      -77.31357936844184,
      38.67308800918446
     ],
     [
      -77.31358129630571,
      38.673085948755094
     ],
     [
      -77.31358290894987,
      38.67308425201244
     ],
     [
      -77.31358420637436,
      38.6730829189565
     ],
     [
      -77.31358518857921,
      38.67308194958724
     ],
     [
      -77.31358585556445,
      38.67308134390475
     ],
     [
      -77.31358676609034,
      38.67308052570012
     ],
     [
      -77.31358792015685,
      38.673079494973365
     ],
     [
      -77.31358931776396,
      38.673078251724476
     ],
     [
      -77.31359095891165,
      38.67307679595346
     ],
     [
      -77.31359243243557,
      38.67307550290018
     ],
     [
      -77.31359373833575,
      38.67307437256466
     ],
     [
      -77.31359487661219,
      38.67307340494694
     ],
     [
      -77.31359584726493,
      38.67307260004695
     ],
     [
      -77.3135969495053,
      38.67307168212614
     ],
     [
      -77.31359818333327,
      38.67307065118449
     ],
     [
      -77.31359954874885,
      38.67306950722198
     ],
     [
      -77.31360104575204,
      38.67306825023866
     ],
     [
      -77.31360244724432,
      38.673067065883686
     ],
     [
      -77.31360375322573,
      38.67306595415711
     ],
     [
      -77.31360496369629,
      38.673064915058944
     ],
     [
      -77.31360607865597,
      38.673063948589146
     ],
     [
      -77.31360728879754,
      38.6730629497871
     ],
     [
      -77.31360859412104,
      38.6730619186528
     ],
     [
      -77.31360999462639,
      38.67306085518622
     ],
     [
      -77.31361149031363,
      38.67305975938738
     ],
     [
      -77.31361289149733,
      38.673058735383925
     ],
     [
      -77.31361419817749,
      38.673057783175864
     ],
     [
      -77.31361541035412,
      38.67305690276318
     ],
     [
      -77.31361652802723,
      38.6730560941459
     ],
     [
      -77.31361788986435,
      38.673055173865166
     ],
     [
      -77.31361949586548,
      38.67305414192096
     ],
     [
      -77.31362134603059,
      38.67305299831327
     ],
     [
      -77.31362344035968,
      38.67305174304208
     ],
     [
      -77.31362514123366,
      38.67305072362128
     ],
     [
      -77.31362644865256,
      38.67304994005088
     ],
     [
      -77.31362736261642,
      38.67304939233088
     ],
     [
      -77.31362788312524,
      38.67304908046128
     ],
     [
      -77.31362892761157,
      38.673048544975565
     ],
     [
      -77.31363049607543,
      38.673047785873685
     ],
     [
      -77.31363258851674,
      38.67304680315565
     ],
     [
      -77.3136352049355,
      38.67304559682142
     ],
     [
      -77.3136376226697,
      38.6730445544734
     ],
     [
      -77.3136398417194,
      38.673043676111625
     ],
     [
      -77.31364186208461,
      38.67304296173608
     ],
     [
      -77.31364368376535,
      38.673042411346806
     ],
     [
      -77.3136452491555,
      38.67304193614666
     ],
     [
      -77.31364655825509,
      38.67304153613567
     ],
     [
      -77.31364761106407,
      38.67304121131386
     ],
     [
      -77.3136484075825,
      38.6730409616812
     ],
     [
      -77.31364965991283,
      38.67304066382734
     ],
     [
      -77.31365136805499,
      38.67304031775222
     ],
     [
      -77.31365353200901,
      38.67303992345584
     ],
     [
      -77.3136561517749,
      38.67303948093819
     ],
     [
      -77.31365877221074,
      38.67303919128995
     ],
     [
      -77.3136613933166,
      38.67303905451112
     ],
     [
      -77.31366401509247,
      38.6730390706017
     ],
     [
      -77.31366663753838,
      38.67303923956173
     ],
     [
      -77.31366891296744,
      38.67303949218167
     ],
     [
      -77.31367084137968,
      38.67303982846157
     ],
     [
      -77.31367242277507,
      38.673040248401435
     ],
     [
      -77.31367365715363,
      38.67304075200127
     ],
     [
      -77.313674931041,
      38.673041293940514
     ],
     [
      -77.31367624443719,
      38.67304187421914
     ],
     [
      -77.31367759734219,
      38.67304249283716
     ],
     [
      -77.31367898975599,
      38.67304314979459
     ],
     [
      -77.31368053338001,
      38.67304398980006
     ],
     [
      -77.31368222821426,
      38.67304501285362
     ],
     [
      -77.31368407425876,
      38.673046218955214
     ],
     [
      -77.31368607151353,
      38.673047608104895
     ],
     [
      -77.31368772754186,
      38.673048753131916
     ],
     [
      -77.3136890423437,
      38.67304965403634
     ],
     [
      -77.31369001591904,
      38.67305031081816
     ],
     [
      -77.31369064826782,
      38.6730507234774
     ],
     [
      -77.31369177126209,
      38.673051441443086
     ],
     [
      -77.31369338490184,
      38.67305246471519
     ],
     [
      -77.31369548918717,
      38.67305379329372
     ],
     [
      -77.31369808411807,
      38.67305542717861
     ],
     [
      -77.3137000388292,
      38.67305665911863
     ],
     [
      -77.31370135332051,
      38.67305748911379
     ],
     [
      -77.31370202759193,
      38.67305791716411
     ],
     [
      -77.31370206164347,
      38.673057943269605
     ],
     [
      -77.31370274458072,
      38.673058412732956
     ],
     [
      -77.31370407640371,
      38.673059325554156
     ],
     [
      -77.3137060571125,
      38.67306068173319
     ],
     [
      -77.31370868670714,
      38.673062481270016
     ],
     [
      -77.31371072824604,
      38.673063886340756
     ],
     [
      -77.31371218172909,
      38.67306489694545
     ],
     [
      -77.31371304715627,
      38.673065513084126
     ],
     [
      -77.31371332452753,
      38.67306573475676
     ],
     [
      -77.313714120511,
      38.673066272457994
     ],
     [
      -77.31371543510669,
      38.673067126187775
     ],
     [
      -77.31371726831463,
      38.6730682959461
     ],
     [
      -77.3137196201349,
      38.67306978173295
     ],
     [
      -77.31372153526885,
      38.67307103644432
     ],
     [
      -77.31372301371644,
      38.67307206008024
     ],
     [
      -77.31372405547762,
      38.67307285264071
     ],
     [
      -77.31372466055237,
      38.67307341412577
     ],
     [
      -77.31372562112878,
      38.6730742907705
     ],
     [
      -77.31372693720684,
      38.67307548257493
     ],
     [
      -77.31372860878659,
      38.67307698953903
     ],
     [
      -77.31373063586808,
      38.67307881166278
     ],
     [
      -77.31373220925995,
      38.67308023502581
     ],
     [
      -77.31373332896216,
      38.6730812596281
     ],
     [
      -77.31373399497463,
      38.67308188546969
     ],
     [
      -77.31373420729736,
      38.673082112550595
     ],
     [
      -77.31373482068307,
      38.6730827954472
     ],
     [
      -77.31373583513177,
      38.673083934159514
     ],
     [
      -77.31373725064348,
      38.67308552868753
     ],
     [
      -77.31373906721831,
      38.67308757903122
     ],
     [
      -77.3137405813149,
      38.67308933734615
     ],
     [
      -77.31374179293321,
      38.6730908036324
     ],
     [
      -77.31374270207324,
      38.6730919778899
     ],
     [
      -77.31374330873493,
      38.673092860118714
     ],
     [
      -77.31374396383947,
      38.67309381409483
     ],
     [
      -77.31374466738687,
      38.67309483981825
     ],
     [
      -77.31374541937713,
      38.67309593728897
     ],
     [
      -77.31374621981024,
      38.673097106506994
     ],
     [
      -77.31374705433258,
      38.67309849659898
     ],
     [
      -77.31374792294417,
      38.673100107564956
     ],
     [
      -77.31374882564504,
      38.6731019394049
     ],
     [
      -77.31374976243514,
      38.67310399211881
     ],
     [
      -77.31375059700164,
      38.673106045108135
     ],
     [
      -77.31375132934454,
      38.673108098372886
     ],
     [
      -77.3137519594638,
      38.67311015191306
     ],
     [
      -77.31375248735944,
      38.67311220572864
     ],
     [
      -77.3137529798939,
      38.67311412996423
     ],
     [
      -77.31375343706718,
      38.67311592461985
     ],
     [
      -77.31375385887927,
      38.67311758969545
     ],
     [
      -77.31375424533016,
      38.6731191251911
     ],
     [
      -77.31375459267984,
      38.67312040633311
     ],
     [
      -77.31375490092829,
      38.67312143312154
     ],
     [
      -77.31375517007551,
      38.67312220555638
     ],
     [
      -77.31375540012148,
      38.6731227236376
     ],
     [
      -77.3137558821385,
      38.673123625174135
     ],
     [
      -77.31375661612658,
      38.67312491016598
     ],
     [
      -77.31375760208577,
      38.67312657861314
     ],
     [
      -77.31375884001605,
      38.67312863051559
     ],
     [
      -77.31376006168306,
      38.67313061859336
     ],
     [
      -77.31376126708678,
      38.67313254284644
     ],
     [
      -77.31376245622717,
      38.67313440327484
     ],
     [
      -77.31376362910426,
      38.673136199878535
     ],
     [
      -77.31376460767513,
      38.6731376109333
     ],
     [
      -77.31376539193974,
      38.673138636439106
     ],
     [
      -77.3137659818981,
      38.67313927639595
     ],
     [
      -77.31376637755017,
      38.67313953080387
     ],
     [
      -77.31376723283459,
      38.6731401212661
     ],
     [
      -77.31376854775141,
      38.67314104778264
     ],
     [
      -77.31377032230066,
      38.6731423103535
     ],
     [
      -77.31377255648236,
      38.673143908978616
     ],
     [
      -77.31377488740159,
      38.673145075005166
     ],
     [
      -77.31377731505829,
      38.673145808433134
     ],
     [
      -77.31377983945242,
      38.673146109262504
     ],
     [
      -77.31378246058392,
      38.67314597749331
     ],
     [
      -77.31378508038351,
      38.673145541958505
     ],
     [
      -77.31378769885113,
      38.67314480265817
     ],
     [
      -77.31379031598676,
      38.67314375959228
     ],
     [
      -77.31379293179035,
      38.67314241276082
     ],
     [
      -77.31379496431583,
      38.67314136740775
     ],
     [
      -77.31379641356327,
      38.673140623533115
     ],
     [
      -77.31379727953268,
      38.67314018113691
     ],
     [
      -77.31379756222411,
      38.67314004021915
     ],
     [
      -77.3137983579211,
      38.67313972437748
     ],
     [
      -77.31379966662367,
      38.673139233611884
     ],
     [
      -77.31380148833178,
      38.673138567922315
     ],
     [
      -77.31380382304539,
      38.67313772730878
     ],
     [
      -77.31380622876316,
      38.673136927031
     ],
     [
      -77.31380870548507,
      38.67313616708902
     ],
     [
      -77.31381125321116,
      38.67313544748278
     ],
     [
      -77.31381387194136,
      38.67313476821231
     ],
     [
      -77.31381645809401,
      38.67313411990731
     ],
     [
      -77.31381901166908,
      38.67313350256778
     ],
     [
      -77.31382153266658,
      38.673132916193715
     ],
     [
      -77.31382402108652,
      38.67313236078515
     ],
     [
      -77.31382592008137,
      38.673131936612045
     ],
     [
      -77.31382722965112,
      38.67313164367446
     ],
     [
      -77.31382794979584,
      38.673131481972405
     ],
     [
      -77.31382808051548,
      38.67313145150588
     ],
     [
      -77.31382883298735,
      38.6731312017503
     ],
     [
      -77.31383020721144,
      38.67313073270566
     ],
     [
      -77.3138322031877,
      38.67313004437194
     ],
     [
      -77.31383482091611,
      38.673129136749075
     ],
     [
      -77.31383743870461,
      38.673128242843596
     ],
     [
      -77.3138400565532,
      38.67312736265552
     ],
     [
      -77.31384267446188,
      38.67312649618481
     ],
     [
      -77.31384529243067,
      38.673125643431504
     ],
     [
      -77.31384767144075,
      38.67312493303202
     ],
     [
      -77.31384981149213,
      38.673124364986414
     ],
     [
      -77.31385171258486,
      38.67312393929469
     ],
     [
      -77.31385337471895,
      38.67312365595686
     ],
     [
      -77.31385486073206,
      38.67312340460834
     ],
     [
      -77.31385617062425,
      38.67312318524913
     ],
     [
      -77.3138573043955,
      38.67312299787925
     ],
     [
      -77.3138582620458,
      38.673122842498664
     ],
     [
      -77.31385963508882,
      38.673122584178216
     ],
     [
      -77.3138614235245,
      38.673122222917854
     ],
     [
      -77.31386362735286,
      38.6731217587176
     ],
     [
      -77.31386624657387,
      38.673121191577366
     ],
     [
      -77.3138688654876,
      38.673120554385825
     ],
     [
      -77.31387148409405,
      38.67311984714298
     ],
     [
      -77.31387410239321,
      38.67311906984881
     ],
     [
      -77.31387672038507,
      38.67311822250332
     ],
     [
      -77.3138789284874,
      38.67311746081764
     ],
     [
      -77.31388072670022,
      38.6731167847918
     ],
     [
      -77.31388211502356,
      38.67311619442582
     ],
     [
      -77.31388309345742,
      38.6731156897197
     ],
     [
      -77.31388423668338,
      38.67311511407113
     ],
     [
      -77.31388554470145,
      38.67311446748008
     ],
     [
      -77.3138870175116,
      38.673113749946545
     ],
     [
      -77.31388865511381,
      38.67311296147055
     ],
     [
      -77.31389037511633,
      38.67311205099385
     ],
     [
      -77.31389217751912,
      38.673111018516465
     ],
     [
      -77.31389406232216,
      38.67310986403841
     ],
     [
      -77.31389602952544,
      38.67310858755967
     ],
     [
      -77.31389766666545,
      38.67310751875455
     ],
     [
      -77.31389897374223,
      38.6731066576231
     ],
     [
      -77.31389995075577,
      38.673106004165305
     ],
     [
      -77.3139005977061,
      38.673105558381195
     ],
     [
      -77.31390157909819,
      38.673104819906186
     ],
     [
      -77.31390289493203,
      38.673103788740235
     ],
     [
      -77.31390454520758,
      38.67310246488336
     ],
     [
      -77.31390652992481,
      38.673100848335544
     ],
     [
      -77.31390817534235,
      38.67309950022663
     ],
     [
      -77.31390948146024,
      38.67309842055666
     ],
     [
      -77.3139104482785,
      38.67309760932561
     ],
     [
      -77.31391107579715,
      38.67309706653352
     ],
     [
      -77.31391198913369,
      38.67309627971169
     ],
     [
      -77.31391318828807,
      38.673095248860164
     ],
     [
      -77.31391467326027,
      38.673093973978915
     ],
     [
      -77.31391644405025,
      38.67309245506792
     ],
     [
      -77.3139179823514,
      38.67309112098058
     ],
     [
      -77.3139192881637,
      38.67308997171693
     ],
     [
      -77.3139203614872,
      38.67308900727694
     ],
     [
      -77.31392120232191,
      38.67308822766065
     ],
     [
      -77.31392216515717,
      38.67308732258077
     ],
     [
      -77.31392324999298,
      38.67308629203733
     ],
     [
      -77.31392445682933,
      38.67308513603029
     ],
     [
      -77.3139257856662,
      38.67308385455965
     ],
     [
      -77.31392710274815,
      38.673082583915956
     ],
     [
      -77.3139284080752,
      38.67308132409919
     ],
     [
      -77.31392970164733,
      38.67308007510935
     ],
     [
      -77.31393098346454,
      38.67307883694645
     ],
     [
      -77.31393213614163,
      38.673077702675855
     ],
     [
      -77.31393315967861,
      38.673076672297555
     ],
     [
      -77.31393405407547,
      38.67307574581157
     ],
     [
      -77.31393481933227,
      38.67307492321789
     ],
     [
      -77.31393583050935,
      38.6730737912844
     ],
     [
      -77.31393708760672,
      38.673072350011104
     ],
     [
      -77.31393859062435,
      38.673070599397995
     ],
     [
      -77.31394033956217,
      38.67306853944502
     ],
     [
      -77.3139416748767,
      38.673066970442555
     ],
     [
      -77.31394259656798,
      38.673065892390575
     ],
     [
      -77.31394310463602,
      38.67306530528911
     ],
     [
      -77.3139431990809,
      38.67306520913815
     ],
     [
      -77.31394367421677,
      38.673064646099554
     ],
     [
      -77.31394453004361,
      38.67306361617329
     ],
     [
      -77.31394576656143,
      38.673062119359365
     ],
     [
      -77.31394738377013,
      38.67306015565779
     ],
     [
      -77.31394884439585,
      38.6730583976214
     ],
     [
      -77.31395014843864,
      38.673056845250244
     ],
     [
      -77.31395129589849,
      38.67305549854429
     ],
     [
      -77.31395228677543,
      38.67305435750358
     ],
     [
      -77.31395321660085,
      38.673053272002605
     ],
     [
      -77.31395408537472,
      38.67305224204137
     ],
     [
      -77.31395489309706,
      38.67305126761988
     ],
     [
      -77.3139556397679,
      38.67305034873814
     ],
     [
      -77.31395656319637,
      38.673049144787505
     ],
     [
      -77.31395766338245,
      38.67304765576801
     ],
     [
      -77.31395894032613,
      38.67304588167961
     ],
     [
      -77.31396039402739,
      38.67304382252233
     ],
     [
      -77.31396158559492,
      38.673042101392426
     ],
     [
      -77.31396251502878,
      38.67304071828992
     ],
     [
      -77.31396318232898,
      38.67303967321482
     ],
     [
      -77.31396358749555,
      38.67303896616708
     ],
     [
      -77.31396408138771,
      38.67303809804832
     ],
     [
      -77.31396466400544,
      38.67303706885852
     ],
     [
      -77.31396533534873,
      38.673035878597695
     ],
     [
      -77.31396609541757,
      38.67303452726582
     ],
     [
      -77.31396690884584,
      38.67303299930123
     ],
     [
      -77.31396777563354,
      38.67303129470393
     ],
     [
      -77.31396869578064,
      38.67302941347394
     ],
     [
      -77.31396966928718,
      38.67302735561124
     ],
     [
      -77.31397061565252,
      38.67302534320932
     ],
     [
      -77.31397153487673,
      38.673023376268205
     ],
     [
      -77.3139724269598,
      38.67302145478787
     ],
     [
      -77.3139732919017,
      38.67301957876835
     ],
     [
      -77.31397396201321,
      38.67301812630834
     ],
     [
      -77.31397443729433,
      38.67301709740791
     ],
     [
      -77.31397471774508,
      38.67301649206701
     ],
     [
      -77.31397480336548,
      38.67301631028567
     ],
     [
      -77.31397505041137,
      38.67301565964721
     ],
     [
      -77.31397545888275,
      38.67301454015166
     ],
     [
      -77.31397602877959,
      38.67301295179899
     ],
     [
      -77.31397676010188,
      38.673010894589204
     ],
     [
      -77.31397741076539,
      38.6730088375969
     ],
     [
      -77.31397798077013,
      38.67300678082207
     ],
     [
      -77.31397847011611,
      38.67300472426471
     ],
     [
      -77.31397887880334,
      38.673002667924806
     ],
     [
      -77.31397920344351,
      38.67300061181155
     ],
     [
      -77.31397944403665,
      38.67299855592488
     ],
     [
      -77.31397960058275,
      38.672996500264844
     ],
     [
      -77.31397967308183,
      38.6729944448314
     ],
     [
      -77.31397971081338,
      38.672992389491725
     ],
     [
      -77.3139797137774,
      38.672990334245775
     ],
     [
      -77.31397968197392,
      38.67298827909357
     ],
     [
      -77.31397961540293,
      38.67298622403512
     ],
     [
      -77.3139795154995,
      38.672984169066524
     ],
     [
      -77.31397938226368,
      38.6729821141878
     ],
     [
      -77.31397921569545,
      38.672980059398974
     ],
     [
      -77.31397901579481,
      38.67297800469999
     ],
     [
      -77.31397882965479,
      38.67297594996392
     ],
     [
      -77.31397865727533,
      38.67297389519075
     ],
     [
      -77.31397849865647,
      38.672971840380484
     ],
     [
      -77.3139783537982,
      38.672969785533084
     ],
     [
      -77.3139782729864,
      38.672967730513015
     ],
     [
      -77.31397825622108,
      38.67296567532026
     ],
     [
      -77.31397830350222,
      38.67296361995482
     ],
     [
      -77.31397841482982,
      38.67296156441669
     ],
     [
      -77.31397856916624,
      38.6729595087626
     ],
     [
      -77.31397876651148,
      38.67295745299253
     ],
     [
      -77.31397900686554,
      38.67295539710651
     ],
     [
      -77.3139792902284,
      38.67295334110453
     ],
     [
      -77.31397951756642,
      38.67295128525361
     ],
     [
      -77.31397968887961,
      38.672949229553716
     ],
     [
      -77.31397980416797,
      38.672947174004904
     ],
     [
      -77.31397986343148,
      38.67294511860715
     ],
     [
      -77.31397982677103,
      38.67294306346804
     ],
     [
      -77.31397969418663,
      38.672941008587564
     ],
     [
      -77.31397946567827,
      38.67293895396571
     ],
     [
      -77.31397914124598,
      38.67293689960251
     ],
     [
      -77.31397880622369,
      38.67293484526786
     ],
     [
      -77.31397846061138,
      38.672932790961774
     ],
     [
      -77.31397810440907,
      38.67293073668421
     ],
     [
      -77.31397773761678,
      38.67292868243521
     ],
     [
      -77.31397740320682,
      38.6729266280989
     ],
     [
      -77.31397710117918,
      38.67292457367528
     ],
     [
      -77.31397683153389,
      38.672922519164345
     ],
     [
      -77.31397659427093,
      38.6729204645661
     ],
     [
      -77.31397642914631,
      38.672918409773345
     ],
     [
      -77.31397633616005,
      38.67291635478609
     ],
     [
      -77.31397631531215,
      38.67291429960433
     ],
     [
      -77.31397636660257,
      38.672912244228066
     ],
     [
      -77.31397660359885,
      38.67291018835108
     ],
     [
      -77.31397702630095,
      38.67290813197341
     ],
     [
      -77.31397763470886,
      38.672906075095
     ],
     [
      -77.31397842882255,
      38.67290401771589
     ],
     [
      -77.31397933156619,
      38.67290199903382
     ],
     [
      -77.31398034293976,
      38.672900019048804
     ],
     [
      -77.31398146294323,
      38.672898077760856
     ],
     [
      -77.31398269157663,
      38.67289617516993
     ],
     [
      -77.3139836393499,
      38.67289470916587
     ],
     [
      -77.31398430626308,
      38.67289367974866
     ],
     [
      -77.31398469231621,
      38.67289308691833
     ],
     [
      -77.31398479750929,
      38.672892930674855
     ],
     [
      -77.31398534850733,
      38.67289229840981
     ],
     [
      -77.3139863453103,
      38.67289119012318
     ],
     [
      -77.31398778791815,
      38.67288960581496
     ],
     [
      -77.31398967633083,
      38.67288754548513
     ],
     [
      -77.3139912469587,
      38.672885937838885
     ],
     [
      -77.31399249980177,
      38.67288478287626
     ],
     [
      -77.31399343486014,
      38.67288408059725
     ],
     [
      -77.3139940521338,
      38.67288383100185
     ],
     [
      -77.31399517005147,
      38.67288353839504
     ],
     [
      -77.31399678861312,
      38.67288320277682
     ],
     [
      -77.31399890781876,
      38.672882824147145
     ],
     [
      -77.31400152766838,
      38.67288240250602
     ],
     [
      -77.31400414765375,
      38.672882011808504
     ],
     [
      -77.31400676777484,
      38.672881652054635
     ],
     [
      -77.3140093880317,
      38.67288132324438
     ],
     [
      -77.31401200842431,
      38.67288102537774
     ],
     [
      -77.31401449010146,
      38.67288103891236
     ],
     [
      -77.3140168330632,
      38.67288136384824
     ],
     [
      -77.31401903730955,
      38.67288200018535
     ],
     [
      -77.31402110284054,
      38.67288294792373
     ],
     [
      -77.31402279229529,
      38.6728837099255
     ],
     [
      -77.31402410567381,
      38.67288428619065
     ],
     [
      -77.31402504297606,
      38.67288467671923
     ],
     [
      -77.31402560420202,
      38.67288488151122
     ],
     [
      -77.31402646438741,
      38.672885496153775
     ],
     [
      -77.31402762353223,
      38.6728865206469
     ],
     [
      -77.31402908163652,
      38.672887954990586
     ],
     [
      -77.31403083870033,
      38.672889799184844
     ],
     [
      -77.3140323753368,
      38.67289133190992
     ],
     [
      -77.31403369154584,
      38.67289255316587
     ],
     [
      -77.31403478732749,
      38.67289346295267
     ],
     [
      -77.31403566268166,
      38.67289406127035
     ],
     [
      -77.31403687663563,
      38.67289487214522
     ],
     [
      -77.31403842918942,
      38.672895895577305
     ],
     [
      -77.31404032034304,
      38.672897131566586
     ],
     [
      -77.31404255009653,
      38.67289858011302
     ],
     [
      -77.31404432220258,
      38.67289971552428
     ],
     [
      -77.31404563666113,
      38.672900537800366
     ],
     [
      -77.31404649347218,
      38.67290104694131
     ],
     [
      -77.31404689263567,
      38.672901242947106
     ],
     [
      -77.31404784910552,
      38.67290177099201
     ],
     [
      -77.31404936288175,
      38.67290263107602
     ],
     [
      -77.31405143396442,
      38.67290382319911
     ],
     [
      -77.31405406235355,
      38.67290534736125
     ],
     [
      -77.3140561199166,
      38.6729065719764
     ],
     [
      -77.31405760665348,
      38.67290749704457
     ],
     [
      -77.31405852256417,
      38.67290812256583
     ],
     [
      -77.31405886764863,
      38.67290844854017
     ],
     [
      -77.31405941049046,
      38.67290920606442
     ],
     [
      -77.31406015108966,
      38.67291039513851
     ],
     [
      -77.31406108944628,
      38.67291201576253
     ],
     [
      -77.31406222556032,
      38.67291406793642
     ],
     [
      -77.31406331610359,
      38.67291612023321
     ],
     [
      -77.31406436107608,
      38.67291817265287
     ],
     [
      -77.31406536047777,
      38.67292022519545
     ],
     [
      -77.31406631430868,
      38.67292227786092
     ],
     [
      -77.31406708162132,
      38.67292391085255
     ],
     [
      -77.31406766241565,
      38.672925124170334
     ],
     [
      -77.31406805669167,
      38.67292591781429
     ],
     [
      -77.31406826444933,
      38.67292629178439
     ],
     [
      -77.31406870815485,
      38.67292699166243
     ],
     [
      -77.31406938780825,
      38.67292801744836
     ],
     [
      -77.31407030340951,
      38.67292936914218
     ],
     [
      -77.31407145495868,
      38.67293104674388
     ],
     [
      -77.31407268959371,
      38.672932668246425
     ],
     [
      -77.31407400731459,
      38.67293423364975
     ],
     [
      -77.31407540812131,
      38.672935742953875
     ],
     [
      -77.31407689201392,
      38.67293719615883
     ],
     [
      -77.31407820888262,
      38.67293843502013
     ],
     [
      -77.31407935872744,
      38.67293945953784
     ],
     [
      -77.31408034154836,
      38.672940269711916
     ],
     [
      -77.31408115734536,
      38.67294086554241
     ],
     [
      -77.31408222253138,
      38.67294158773537
     ],
     [
      -77.31408353710648,
      38.672942436290846
     ],
     [
      -77.31408510107067,
      38.6729434112088
     ],
     [
      -77.31408691442395,
      38.672944512489245
     ],
     [
      -77.31408893072468,
      38.672945534452104
     ],
     [
      -77.31409114997285,
      38.672946477097355
     ],
     [
      -77.31409357216847,
      38.67294734042501
     ],
     [
      -77.31409619731156,
      38.67294812443505
     ],
     [
      -77.31409839627847,
      38.672948751315815
     ],
     [
      -77.31410016906918,
      38.67294922106731
     ],
     [
      -77.31410151568366,
      38.6729495336896
     ],
     [
      -77.3141024361219,
      38.67294968918266
     ],
     [
      -77.31410355230874,
      38.67294989045331
     ],
     [
      -77.31410486424413,
      38.67295013750156
     ],
     [
      -77.3141063719281,
      38.672950430327404
     ],
     [
      -77.31410807536066,
      38.67295076893081
     ],
     [
      -77.31411000863052,
      38.67295108436857
     ],
     [
      -77.31411217173765,
      38.67295137664067
     ],
     [
      -77.31411456468207,
      38.672951645747105
     ],
     [
      -77.31411718746378,
      38.672951891687816
     ],
     [
      -77.31411981048625,
      38.6729521924772
     ],
     [
      -77.3141224337495,
      38.672952548115234
     ],
     [
      -77.31412505725353,
      38.67295295860191
     ],
     [
      -77.31412768099835,
      38.67295342393721
     ],
     [
      -77.31413000597367,
      38.67295401862797
     ],
     [
      -77.31413203217947,
      38.67295474267421
     ],
     [
      -77.31413375961576,
      38.67295559607592
     ],
     [
      -77.31413518828256,
      38.672956578833116
     ],
     [
      -77.314136366471,
      38.6729578294227
     ],
     [
      -77.31413729418111,
      38.672959347844674
     ],
     [
      -77.31413797141283,
      38.67296113409901
     ],
     [
      -77.3141383981662,
      38.67296318818577
     ],
     [
      -77.31413859208531,
      38.6729652429006
     ],
     [
      -77.31413855317018,
      38.67296729824355
     ],
     [
      -77.31413828142075,
      38.67296935421461
     ],
     [
      -77.31413777683703,
      38.67297141081377
     ],
     [
      -77.31413734334623,
      38.67297346722114
     ],
     [
      -77.31413698094838,
      38.67297552343674
     ],
     [
      -77.31413668964346,
      38.672977579460536
     ],
     [
      -77.31413646943147,
      38.67297963529255
     ],
     [
      -77.31413637748156,
      38.67298169077857
     ],
     [
      -77.31413641379369,
      38.67298374591858
     ],
     [
      -77.3141365783679,
      38.672985800712596
     ],
     [
      -77.31413687120418,
      38.6729878551606
     ],
     [
      -77.3141373444345,
      38.67298990912196
     ],
     [
      -77.31413799805885,
      38.67299196259668
     ],
     [
      -77.31413883207726,
      38.67299401558475
     ],
     [
      -77.31413984648975,
      38.67299606808619
     ],
     [
      -77.31414066595792,
      38.67299768689652
     ],
     [
      -77.31414129048176,
      38.672998872015754
     ],
     [
      -77.31414172006122,
      38.6729996234439
     ],
     [
      -77.31414195469631,
      38.67299994118094
     ],
     [
      -77.31414250486269,
      38.67300061269126
     ],
     [
      -77.31414337056039,
      38.67300163797488
     ],
     [
      -77.31414455178943,
      38.67300301703174
     ],
     [
      -77.31414604854984,
      38.67300474986187
     ],
     [
      -77.31414735869046,
      38.673006562787926
     ],
     [
      -77.31414848221127,
      38.67300845580993
     ],
     [
      -77.31414941911225,
      38.67301042892788
     ],
     [
      -77.31415016939343,
      38.67301248214176
     ],
     [
      -77.31415083208644,
      38.673014535591946
     ],
     [
      -77.31415140719128,
      38.673016589278426
     ],
     [
      -77.31415189470795,
      38.673018643201175
     ],
     [
      -77.31415229463643,
      38.67302069736023
     ],
     [
      -77.31415259467771,
      38.67302223844275
     ],
     [
      -77.31415279483176,
      38.67302326644874
     ],
     [
      -77.31415289509857,
      38.673023781378184
     ],
     [
      -77.31415289547816,
      38.67302378323111
     ],
     [
      -77.31415300818625,
      38.673024297663495
     ],
     [
      -77.31415323322285,
      38.673025324675386
     ],
     [
      -77.31415357058799,
      38.673026864266745
     ],
     [
      -77.31415402028169,
      38.67302891643759
     ],
     [
      -77.31415438968139,
      38.67303096928852
     ],
     [
      -77.31415467878713,
      38.67303302281955
     ],
     [
      -77.31415488759889,
      38.67303507703072
     ],
     [
      -77.31415501611666,
      38.673037131921944
     ],
     [
      -77.31415503751333,
      38.67303918710218
     ],
     [
      -77.31415495178892,
      38.673041242571415
     ],
     [
      -77.31415475894342,
      38.67304329832963
     ],
     [
      -77.3141544589768,
      38.67304535437682
     ],
     [
      -77.31415417210616,
      38.67304710183764
     ],
     [
      -77.31415389833154,
      38.67304854071208
     ],
     [
      -77.3141536376529,
      38.67304967100015
     ],
     [
      -77.31415339007026,
      38.67305049270183
     ],
     [
      -77.31415311831346,
      38.67305141776134
     ],
     [
      -77.31415282238252,
      38.67305244617867
     ],
     [
      -77.31415250227741,
      38.67305357795382
     ],
     [
      -77.31415215799814,
      38.67305481308679
     ],
     [
      -77.31415172829209,
      38.67305625370867
     ],
     [
      -77.31415121315926,
      38.67305789981946
     ],
     [
      -77.31415061259962,
      38.67305975141913
     ],
     [
      -77.31414992661317,
      38.67306180850769
     ],
     [
      -77.3141492665964,
      38.67306386552621
     ],
     [
      -77.31414863254932,
      38.67306592247464
     ],
     [
      -77.31414802447192,
      38.673067979353014
     ],
     [
      -77.31414744236422,
      38.67307003616134
     ],
     [
      -77.3141468545409,
      38.673072092985066
     ],
     [
      -77.31414626100197,
      38.67307414982422
     ],
     [
      -77.31414566174743,
      38.673076206678765
     ],
     [
      -77.31414505677728,
      38.67307826354875
     ],
     [
      -77.31414451130892,
      38.67308008467706
     ],
     [
      -77.31414402534236,
      38.67308167006367
     ],
     [
      -77.3141435988776,
      38.67308301970862
     ],
     [
      -77.31414323191467,
      38.673084133611866
     ],
     [
      -77.31414289344082,
      38.67308520479111
     ],
     [
      -77.31414258345607,
      38.6730862332463
     ],
     [
      -77.31414230196043,
      38.67308721897751
     ],
     [
      -77.3141420489539,
      38.67308816198466
     ],
     [
      -77.31414174717727,
      38.67308938335174
     ],
     [
      -77.31414139663059,
      38.673090883078686
     ],
     [
      -77.31414099731381,
      38.67309266116551
     ],
     [
      -77.31414054922696,
      38.67309471761226
     ],
     [
      -77.31414009950896,
      38.67309677406339
     ],
     [
      -77.31413964815984,
      38.67309883051892
     ],
     [
      -77.31413919517958,
      38.673100886978844
     ],
     [
      -77.31413874056818,
      38.67310294344316
     ],
     [
      -77.31413824186205,
      38.67310500002644
     ],
     [
      -77.31413769906118,
      38.673107056728654
     ],
     [
      -77.3141371121656,
      38.673109113549835
     ],
     [
      -77.31413648117524,
      38.67311117048993
     ],
     [
      -77.31413582383175,
      38.67311322750115
     ],
     [
      -77.3141351401351,
      38.673115284583446
     ],
     [
      -77.31413443008526,
      38.67311734173682
     ],
     [
      -77.31413369368227,
      38.67311939896127
     ],
     [
      -77.31413312699989,
      38.67312098948893
     ],
     [
      -77.31413273003812,
      38.67312211331977
     ],
     [
      -77.314132502797,
      38.67312277045379
     ],
     [
      -77.31413244527654,
      38.67312296089099
     ],
     [
      -77.31413225471758,
      38.673123570355564
     ],
     [
      -77.31413193112012,
      38.67312459884745
     ],
     [
      -77.31413147448414,
      38.67312604636669
     ],
     [
      -77.31413088480964,
      38.67312791291328
     ],
     [
      -77.31413028811446,
      38.673129827049316
     ],
     [
      -77.3141296843986,
      38.67313178877478
     ],
     [
      -77.31412907366203,
      38.67313379808971
     ],
     [
      -77.31412845590478,
      38.67313585499408
     ],
     [
      -77.31412780827527,
      38.67313791197903
     ],
     [
      -77.31412713077351,
      38.67313996904455
     ],
     [
      -77.3141264233995,
      38.673142026190654
     ],
     [
      -77.31412568615322,
      38.67314408341733
     ],
     [
      -77.31412497225568,
      38.67314602089504
     ],
     [
      -77.31412428170688,
      38.67314783862378
     ],
     [
      -77.31412361450683,
      38.673149536603546
     ],
     [
      -77.31412297065555,
      38.67315111483435
     ],
     [
      -77.31412243693339,
      38.67315241833054
     ],
     [
      -77.31412201334041,
      38.673153447092155
     ],
     [
      -77.3141216998766,
      38.67315420111916
     ],
     [
      -77.31412149654193,
      38.67315468041158
     ],
     [
      -77.3141211342117,
      38.6731555542564
     ],
     [
      -77.31412061288587,
      38.673156822653596
     ],
     [
      -77.31411993256441,
      38.67315848560318
     ],
     [
      -77.31411909324731,
      38.673160543105155
     ],
     [
      -77.31411823753234,
      38.67316260065134
     ],
     [
      -77.31411736541949,
      38.67316465824175
     ],
     [
      -77.31411647690877,
      38.673166715876405
     ],
     [
      -77.31411557200015,
      38.67316877355527
     ],
     [
      -77.31411473150811,
      38.67317070074111
     ],
     [
      -77.31411395543267,
      38.67317249743386
     ],
     [
      -77.31411324377385,
      38.673174163633576
     ],
     [
      -77.31411259653161,
      38.67317569934025
     ],
     [
      -77.3141120579461,
      38.67317698158291
     ],
     [
      -77.3141116280173,
      38.67317801036158
     ],
     [
      -77.3141113067452,
      38.673178785676214
     ],
     [
      -77.31411109412986,
      38.67317930752685
     ],
     [
      -77.3141107569673,
      38.673180213203686
     ],
     [
      -77.31411029525752,
      38.67318150270661
     ],
     [
      -77.31410970900052,
      38.6731831760357
     ],
     [
      -77.31410899819629,
      38.67318523319094
     ],
     [
      -77.31410838792483,
      38.67318729007499
     ],
     [
      -77.31410787818622,
      38.67318934668789
     ],
     [
      -77.31410746898041,
      38.67319140302958
     ],
     [
      -77.31410716030744,
      38.673193459100105
     ],
     [
      -77.31410689727444,
      38.67319551504751
     ],
     [
      -77.31410667988138,
      38.67319757087182
     ],
     [
      -77.31410650812828,
      38.67319962657303
     ],
     [
      -77.31410638201515,
      38.67320168215111
     ],
     [
      -77.31410622512425,
      38.673203737812216
     ],
     [
      -77.31410603745555,
      38.673205793556335
     ],
     [
      -77.31410581900907,
      38.673207849383495
     ],
     [
      -77.3141055697848,
      38.673209905293646
     ],
     [
      -77.31410531512805,
      38.673211961218456
     ],
     [
      -77.31410505503877,
      38.67321401715793
     ],
     [
      -77.31410478951699,
      38.67321607311205
     ],
     [
      -77.31410451856271,
      38.67321812908082
     ],
     [
      -77.31410437589234,
      38.673220184703574
     ],
     [
      -77.31410436150588,
      38.67322223998028
     ],
     [
      -77.31410447540335,
      38.673224294910966
     ],
     [
      -77.31410471758477,
      38.673226349495636
     ],
     [
      -77.31410517045722,
      38.673228403511985
     ],
     [
      -77.31410583402075,
      38.67323045696002
     ],
     [
      -77.31410670827536,
      38.67323250983976
     ],
     [
      -77.31410779322105,
      38.67323456215118
     ],
     [
      -77.31410876174317,
      38.67323624676782
     ],
     [
      -77.31410961384167,
      38.6732375636897
     ],
     [
      -77.31411034951651,
      38.67323851291682
     ],
     [
      -77.3141109687677,
      38.6732390944492
     ],
     [
      -77.31411189751344,
      38.673239897354854
     ],
     [
      -77.31411313575376,
      38.67324092163375
     ],
     [
      -77.31411468348868,
      38.67324216728591
     ],
     [
      -77.31411654071823,
      38.67324363431131
     ],
     [
      -77.31411812671976,
      38.67324481401768
     ],
     [
      -77.31411944149326,
      38.67324570640501
     ],
     [
      -77.31412048503869,
      38.673246311473335
     ],
     [
      -77.31412125735604,
      38.67324662922265
     ],
     [
      -77.31412249309527,
      38.67324711198102
     ],
     [
      -77.31412419225643,
      38.67324775974842
     ],
     [
      -77.31412635483953,
      38.673248572524834
     ],
     [
      -77.3141289808446,
      38.673249550310224
     ],
     [
      -77.31413155542496,
      38.673250469651045
     ],
     [
      -77.31413407858057,
      38.673251330547224
     ],
     [
      -77.31413655031142,
      38.67325213299883
     ],
     [
      -77.31413897061753,
      38.673252877005844
     ],
     [
      -77.31414083706527,
      38.67325344637324
     ],
     [
      -77.31414214965463,
      38.673253841101065
     ],
     [
      -77.31414290838559,
      38.673254061189326
     ],
     [
      -77.31414311325814,
      38.673254106638026
     ],
     [
      -77.31414392289126,
      38.6732542661067
     ],
     [
      -77.31414533728496,
      38.67325453959534
     ],
     [
      -77.31414735643925,
      38.67325492710392
     ],
     [
      -77.31414998035417,
      38.67325542863238
     ],
     [
      -77.31415260415328,
      38.67325590377011
     ],
     [
      -77.31415522783657,
      38.67325635251709
     ],
     [
      -77.31415785140403,
      38.67325677487333
     ],
     [
      -77.31416047485568,
      38.67325717083883
     ],
     [
      -77.31416309800198,
      38.67325749724428
     ],
     [
      -77.31416572084294,
      38.67325775408973
     ],
     [
      -77.31416834337854,
      38.67325794137516
     ]
    ]
   },
   "properties": {
    "id": "ct-7",
    "kind": "Contour",
    "sourceId": "contours",
    "reliabilityLevel": 1,
    "revision": 1,
    "engineeringGeometry": {
     "crs": "EPSG:2248",
     "crsName": "NAD83 / Maryland State Plane (US survey feet)",
     "datum": "NAD83",
     "unit": "usSurveyFoot",
     "coordinates": [
      [
       1222820.496430969,
       366690.52547445265,
       270
      ],
      [
       1222820.3901914915,
       366690.3917216087,
       270
      ],
      [
       1222820.1798231641,
       366690.13772363483,
       270
      ],
      [
       1222819.8653259873,
       366689.76348053105,
       270
      ],
      [
       1222819.4466999606,
       366689.26899229723,
       270
      ],
      [
       1222818.9239450847,
       366688.65425893344,
       270
      ],
      [
       1222818.4754460948,
       366688.14185115707,
       270
      ],
      [
       1222818.1012029909,
       366687.7317689681,
       270
      ],
      [
       1222817.8012157732,
       366687.42401236645,
       270
      ],
      [
       1222817.5754844416,
       366687.2185813522,
       270
      ],
      [
       1222817.2464963784,
       366686.92874429317,
       270
      ],
      [
       1222816.814251583,
       366686.5545011894,
       270
      ],
      [
       1222816.278750056,
       366686.0958520408,
       270
      ],
      [
       1222815.639991797,
       366685.5527968473,
       270
      ],
      [
       1222815.1334911156,
       366685.12439397053,
       270
      ],
      [
       1222814.7592480117,
       366684.8106434104,
       270
      ],
      [
       1222814.5172624853,
       366684.6115451671,
       270
      ],
      [
       1222814.4075345364,
       366684.5270992404,
       270
      ],
      [
       1222814.138117023,
       366684.31435883284,
       270
      ],
      [
       1222813.7090099452,
       366683.97332394443,
       270
      ],
      [
       1222813.1202133023,
       366683.50399457506,
       270
      ],
      [
       1222812.3717270945,
       366682.9063707248,
       270
      ],
      [
       1222811.7924375113,
       366682.44154872943,
       270
      ],
      [
       1222811.3823445528,
       366682.10952858895,
       270
      ],
      [
       1222811.1414482186,
       366681.9103103033,
       270
      ],
      [
       1222811.0697485094,
       366681.8438938726,
       270
      ],
      [
       1222810.8467771027,
       366681.6082773112,
       270
      ],
      [
       1222810.4725339988,
       366681.20346061914,
       270
      ],
      [
       1222809.9470191977,
       366680.62944379647,
       270
      ],
      [
       1222809.2702326996,
       366679.8862268431,
       270
      ],
      [
       1222808.7615596978,
       366679.3274968145,
       270
      ],
      [
       1222808.4210001922,
       366678.9532537107,
       270
      ],
      [
       1222808.2485541832,
       366678.7634975316,
       270
      ],
      [
       1222808.2442216703,
       366678.75822827726,
       270
      ],
      [
       1222808.102728657,
       366678.5671547846,
       270
      ],
      [
       1222807.8240751426,
       366678.1902770536,
       270
      ],
      [
       1222807.4082611278,
       366677.6275950843,
       270
      ],
      [
       1222806.8552866117,
       366676.8791088766,
       270
      ],
      [
       1222806.3927609301,
       366676.2627626744,
       270
      ],
      [
       1222806.020684083,
       366675.7785564778,
       270
      ],
      [
       1222805.7390560696,
       366675.4264902867,
       270
      ],
      [
       1222805.5478768903,
       366675.2065641012,
       270
      ],
      [
       1222805.2869020165,
       366674.9094794565,
       270
      ],
      [
       1222804.9561314483,
       366674.5352363527,
       270
      ],
      [
       1222804.5555651854,
       366674.0838347897,
       270
      ],
      [
       1222804.085203228,
       366673.55527476757,
       270
      ],
      [
       1222803.6629006972,
       366673.08580967586,
       270
      ],
      [
       1222803.2886575933,
       366672.6754395147,
       270
      ],
      [
       1222802.9624739164,
       366672.32416428404,
       270
      ],
      [
       1222802.6843496661,
       366672.0319839838,
       270
      ],
      [
       1222802.3685162985,
       366671.69877228176,
       270
      ],
      [
       1222802.0149738132,
       366671.324529178,
       270
      ],
      [
       1222801.6237222105,
       366670.9092546723,
       270
      ],
      [
       1222801.19476149,
       366670.45294876484,
       270
      ],
      [
       1222800.793159578,
       366670.0229993368,
       270
      ],
      [
       1222800.418916474,
       366669.61940638826,
       270
      ],
      [
       1222800.0720321788,
       366669.2421699191,
       270
      ],
      [
       1222799.7525066913,
       366668.89128992934,
       270
      ],
      [
       1222799.4057667083,
       366668.52872838255,
       270
      ],
      [
       1222799.0318122297,
       366668.15448527876,
       270
      ],
      [
       1222798.6306432555,
       366667.7685606179,
       270
      ],
      [
       1222798.202259786,
       366667.3709543999,
       270
      ],
      [
       1222797.8009464992,
       366666.99940228055,
       270
      ],
      [
       1222797.4267033953,
       366666.65390425985,
       270
      ],
      [
       1222797.0795304743,
       366666.3344603376,
       270
      ],
      [
       1222796.7594277365,
       366666.0410705139,
       270
      ],
      [
       1222796.3694774653,
       366665.7072540502,
       270
      ],
      [
       1222795.909679661,
       366665.3330109463,
       270
      ],
      [
       1222795.3800343235,
       366664.91834120237,
       270
      ],
      [
       1222794.7805414528,
       366664.46324481844,
       270
      ],
      [
       1222794.2936734655,
       366664.0936556313,
       270
      ],
      [
       1222793.9194303616,
       366663.80957364105,
       270
      ],
      [
       1222793.6578121413,
       366663.61099884775,
       270
      ],
      [
       1222793.5088188043,
       366663.4979312513,
       270
      ],
      [
       1222793.2099522497,
       366663.3039400229,
       270
      ],
      [
       1222792.7612124775,
       366663.0290251627,
       270
      ],
      [
       1222792.1625994872,
       366662.6731866704,
       270
      ],
      [
       1222791.41411328,
       366662.23642454616,
       270
      ],
      [
       1222790.7225558527,
       366661.8591888313,
       270
      ],
      [
       1222790.087927206,
       366661.5414795256,
       270
      ],
      [
       1222789.51022734,
       366661.2832966293,
       270
      ],
      [
       1222788.9894562543,
       366661.0846401423,
       270
      ],
      [
       1222788.5419491597,
       366660.9131150069,
       270
      ],
      [
       1222788.167706056,
       366660.76872122305,
       270
      ],
      [
       1222787.8667269428,
       366660.65145879076,
       270
      ],
      [
       1222787.6390118208,
       366660.5613277101,
       270
      ],
      [
       1222787.2811039272,
       366660.4540823103,
       270
      ],
      [
       1222786.7930032625,
       366660.32972259144,
       270
      ],
      [
       1222786.1747098262,
       366660.1882485533,
       270
      ],
      [
       1222785.4262236184,
       366660.0296601961,
       270
      ],
      [
       1222784.6777374106,
       366659.92674522084,
       270
      ],
      [
       1222783.9292512028,
       366659.8795036275,
       270
      ],
      [
       1222783.1807649953,
       366659.8879354162,
       270
      ],
      [
       1222782.432278788,
       366659.95204058685,
       270
      ],
      [
       1222781.7829691665,
       366660.0462730316,
       270
      ],
      [
       1222781.2328361317,
       366660.1706327505,
       270
      ],
      [
       1222780.781879683,
       366660.3251197436,
       270
      ],
      [
       1222780.4300998212,
       366660.5097340109,
       270
      ],
      [
       1222780.067088338,
       366660.7083496614,
       270
      ],
      [
       1222779.6928452344,
       366660.92096669495,
       270
      ],
      [
       1222779.3073705097,
       366661.14758511184,
       270
      ],
      [
       1222778.9106641638,
       366661.38820491196,
       270
      ],
      [
       1222778.4710169933,
       366661.69563636393,
       270
      ],
      [
       1222777.9884289976,
       366662.0698794678,
       270
      ],
      [
       1222777.4629001769,
       366662.5109342235,
       270
      ],
      [
       1222776.8944305312,
       366663.01880063105,
       270
      ],
      [
       1222776.4230741563,
       366663.43742657173,
       270
      ],
      [
       1222776.0488310526,
       366663.76681204553,
       270
      ],
      [
       1222775.7717012197,
       366664.0069570524,
       270
      ],
      [
       1222775.5916846578,
       366664.15786159236,
       270
      ],
      [
       1222775.2719729096,
       366664.4204354143,
       270
      ],
      [
       1222774.8125659751,
       366664.7946785181,
       270
      ],
      [
       1222774.2134638543,
       366665.2805909039,
       270
      ],
      [
       1222773.4746665468,
       366665.87817257154,
       270
      ],
      [
       1222772.9181463413,
       366666.3287439797,
       270
      ],
      [
       1222772.5439032377,
       366666.6323051282,
       270
      ],
      [
       1222772.3519372353,
       366666.78885601717,
       270
      ],
      [
       1222772.342248335,
       366666.79839664674,
       270
      ],
      [
       1222772.1478601075,
       366666.97003803327,
       270
      ],
      [
       1222771.7687725537,
       366667.3037801769,
       270
      ],
      [
       1222771.2049856726,
       366667.7996230776,
       270
      ],
      [
       1222770.456499465,
       366668.4575667355,
       270
      ],
      [
       1222769.8754070823,
       366668.97127495904,
       270
      ],
      [
       1222769.461708524,
       366669.34074774815,
       270
      ],
      [
       1222769.2154037908,
       366669.56598510285,
       270
      ],
      [
       1222769.1364928824,
       366669.6469870232,
       270
      ],
      [
       1222768.909915876,
       366669.84359053255,
       270
      ],
      [
       1222768.5356727724,
       366670.1557956309,
       270
      ],
      [
       1222768.013763571,
       366670.5836023182,
       270
      ],
      [
       1222767.3441882716,
       366671.12701059453,
       270
      ],
      [
       1222766.798995907,
       366671.5858362846,
       270
      ],
      [
       1222766.3781864764,
       366671.96007938846,
       270
      ],
      [
       1222766.0817599806,
       366672.24973990605,
       270
      ],
      [
       1222765.9097164194,
       366672.4548178374,
       270
      ],
      [
       1222765.6365730867,
       366672.7750209089,
       270
      ],
      [
       1222765.262329983,
       366673.21034912067,
       270
      ],
      [
       1222764.786987108,
       366673.7608024726,
       270
      ],
      [
       1222764.2105444616,
       366674.4263809647,
       270
      ],
      [
       1222763.763129221,
       366674.9462917627,
       270
      ],
      [
       1222763.4447413862,
       366675.32053486654,
       270
      ],
      [
       1222763.2553809572,
       366675.5491102763,
       270
      ],
      [
       1222763.1950479338,
       366675.6320179918,
       270
      ],
      [
       1222763.020783639,
       366675.8813203304,
       270
      ],
      [
       1222762.7325880732,
       366676.2970172919,
       270
      ],
      [
       1222762.3304612357,
       366676.8791088766,
       270
      ],
      [
       1222761.814403127,
       366677.6275950843,
       270
      ],
      [
       1222761.3843357768,
       366678.26943211386,
       270
      ],
      [
       1222761.0402591845,
       366678.80461996526,
       270
      ],
      [
       1222760.7821733507,
       366679.2331586386,
       270
      ],
      [
       1222760.610078275,
       366679.55504813377,
       270
      ],
      [
       1222760.4242427796,
       366679.9031144333,
       270
      ],
      [
       1222760.224666865,
       366680.2773575372,
       270
      ],
      [
       1222760.0113505307,
       366680.6777774453,
       270
      ],
      [
       1222759.7842937764,
       366681.1043741578,
       270
      ],
      [
       1222759.5477811603,
       366681.61144324404,
       270
      ],
      [
       1222759.301812682,
       366682.1989847041,
       270
      ],
      [
       1222759.0463883416,
       366682.86699853797,
       270
      ],
      [
       1222758.7815081389,
       366683.6154847456,
       270
      ],
      [
       1222758.5458126923,
       366684.3639709533,
       270
      ],
      [
       1222758.3393020018,
       366685.11245716095,
       270
      ],
      [
       1222758.1619760673,
       366685.86094336864,
       270
      ],
      [
       1222758.013834889,
       366686.6094295763,
       270
      ],
      [
       1222757.875626987,
       366687.3106900371,
       270
      ],
      [
       1222757.7473523617,
       366687.9647247509,
       270
      ],
      [
       1222757.6290110124,
       366688.5715337178,
       270
      ],
      [
       1222757.5206029399,
       366689.13111693785,
       270
      ],
      [
       1222757.4230397271,
       366689.59803009976,
       270
      ],
      [
       1222757.3363213742,
       366689.97227320354,
       270
      ],
      [
       1222757.2604478814,
       366690.2538462493,
       270
      ],
      [
       1222757.1954192487,
       366690.44274923706,
       270
      ],
      [
       1222757.0589339626,
       366690.77154802973,
       270
      ],
      [
       1222756.8509920235,
       366691.24024262733,
       270
      ],
      [
       1222756.571593431,
       366691.84883303003,
       270
      ],
      [
       1222756.2207381856,
       366692.5973192377,
       270
      ],
      [
       1222755.874446169,
       366693.3225455172,
       270
      ],
      [
       1222755.5327173816,
       366694.02451186837,
       270
      ],
      [
       1222755.1955518234,
       366694.7032182914,
       270
      ],
      [
       1222754.862949494,
       366695.3586647862,
       270
      ],
      [
       1222754.5853381362,
       366695.8735095855,
       270
      ],
      [
       1222754.3627177496,
       366696.2477526894,
       270
      ],
      [
       1222754.1950883344,
       366696.48139409773,
       270
      ],
      [
       1222754.0824498902,
       366696.57443381054,
       270
      ],
      [
       1222753.8390091164,
       366696.7903103959,
       270
      ],
      [
       1222753.4647660125,
       366697.1290238538,
       270
      ],
      [
       1222752.9597205787,
       366697.59057418414,
       270
      ],
      [
       1222752.3238728151,
       366698.17496138695,
       270
      ],
      [
       1222751.6598654403,
       366698.60189774947,
       270
      ],
      [
       1222750.9676984544,
       366698.8713832717,
       270
      ],
      [
       1222750.2473718578,
       366698.9834179537,
       270
      ],
      [
       1222749.4988856504,
       366698.9380017955,
       270
      ],
      [
       1222748.7503994429,
       366698.78195758106,
       270
      ],
      [
       1222748.001913235,
       366698.51528531045,
       270
      ],
      [
       1222747.2534270273,
       366698.1379849837,
       270
      ],
      [
       1222746.5049408195,
       366697.6500566007,
       270
      ],
      [
       1222745.9233552772,
       366697.2713496481,
       270
      ],
      [
       1222745.5086704004,
       366697.00186412584,
       270
      ],
      [
       1222745.2608861893,
       366696.8416000339,
       270
      ],
      [
       1222745.180002644,
       366696.7905573723,
       270
      ],
      [
       1222744.952439319,
       366696.676313544,
       270
      ],
      [
       1222744.5781962152,
       366696.4988685489,
       270
      ],
      [
       1222744.0572733323,
       366696.2582223872,
       270
      ],
      [
       1222743.3896706703,
       366695.9543750586,
       270
      ],
      [
       1222742.701847122,
       366695.6652871026,
       270
      ],
      [
       1222741.9938026872,
       366695.39095851895,
       270
      ],
      [
       1222741.2655373658,
       366695.13138930773,
       270
      ],
      [
       1222740.517051158,
       366694.88657946896,
       270
      ],
      [
       1222739.7779044565,
       366694.6530148298,
       270
      ],
      [
       1222739.048097261,
       366694.4306953902,
       270
      ],
      [
       1222738.3276295713,
       366694.21962115023,
       270
      ],
      [
       1222737.6165013872,
       366694.0197921098,
       270
      ],
      [
       1222737.0738157434,
       366693.86717854365,
       270
      ],
      [
       1222736.6995726395,
       366693.7617804518,
       270
      ],
      [
       1222736.4937720757,
       366693.70359783416,
       270
      ],
      [
       1222736.456414052,
       366693.6926306907,
       270
      ],
      [
       1222736.241273982,
       366693.6024120595,
       270
      ],
      [
       1222735.8483518662,
       366693.43294194044,
       270
      ],
      [
       1222735.2776477044,
       366693.1842203335,
       270
      ],
      [
       1222734.529161497,
       366692.8562472389,
       270
      ],
      [
       1222733.7806752892,
       366692.53326988604,
       270
      ],
      [
       1222733.0321890814,
       366692.2152882751,
       270
      ],
      [
       1222732.2837028736,
       366691.9023024061,
       270
      ],
      [
       1222731.5352166663,
       366691.59431227896,
       270
      ],
      [
       1222730.8551303325,
       366691.337930723,
       270
      ],
      [
       1222730.2434438732,
       366691.13315773825,
       270
      ],
      [
       1222729.7001572878,
       366690.97999332467,
       270
      ],
      [
       1222729.2252705765,
       366690.87843748217,
       270
      ],
      [
       1222728.800705669,
       366690.7883587922,
       270
      ],
      [
       1222728.4264625653,
       366690.7097572545,
       270
      ],
      [
       1222728.102541265,
       366690.6426328692,
       270
      ],
      [
       1222727.8289417687,
       366690.5869856364,
       270
      ],
      [
       1222727.4366205945,
       366690.49425701087,
       270
      ],
      [
       1222726.9255777425,
       366690.36444699287,
       270
      ],
      [
       1222726.2958132126,
       366690.1975555824,
       270
      ],
      [
       1222725.5473270048,
       366689.9935827792,
       270
      ],
      [
       1222724.798840797,
       366689.76409807766,
       270
      ],
      [
       1222724.0503545892,
       366689.50910147757,
       270
      ],
      [
       1222723.3018683817,
       366689.2285929791,
       270
      ],
      [
       1222722.5533821743,
       366688.92257258215,
       270
      ],
      [
       1222721.922024874,
       366688.6473458407,
       270
      ],
      [
       1222721.407796481,
       366688.4029127549,
       270
      ],
      [
       1222721.0106969955,
       366688.1892733246,
       270
      ],
      [
       1222720.7307264172,
       366688.0064275499,
       270
      ],
      [
       1222720.4036195762,
       366687.7979073843,
       270
      ],
      [
       1222720.0293764723,
       366687.56371282774,
       270
      ],
      [
       1222719.6079971057,
       366687.30384388036,
       270
      ],
      [
       1222719.1394814763,
       366687.0183005421,
       270
      ],
      [
       1222718.647288141,
       366686.688407321,
       270
      ],
      [
       1222718.1314171,
       366686.3141642172,
       270
      ],
      [
       1222717.5918683538,
       366685.89557123056,
       270
      ],
      [
       1222717.0286419021,
       366685.43262836116,
       270
      ],
      [
       1222716.5599071241,
       366685.04499304795,
       270
      ],
      [
       1222716.1856640202,
       366684.73266529094,
       270
      ],
      [
       1222715.9059125904,
       366684.49564509,
       270
      ],
      [
       1222715.7206528347,
       366684.33393244527,
       270
      ],
      [
       1222715.439544872,
       366684.065954571,
       270
      ],
      [
       1222715.0625887017,
       366683.6917114671,
       270
      ],
      [
       1222714.5897843244,
       366683.21120313375,
       270
      ],
      [
       1222714.0211317397,
       366682.62442957086,
       270
      ],
      [
       1222713.5496838954,
       366682.1350842676,
       270
      ],
      [
       1222713.1754407918,
       366681.74316722405,
       270
      ],
      [
       1222712.8984024283,
       366681.4486784402,
       270
      ],
      [
       1222712.7185688051,
       366681.2516179159,
       270
      ],
      [
       1222712.4568298045,
       366680.9659661019,
       270
      ],
      [
       1222712.113185426,
       366680.59172299807,
       270
      ],
      [
       1222711.68763567,
       366680.1288886044,
       270
      ],
      [
       1222711.1801805366,
       366679.577462921,
       270
      ],
      [
       1222710.7393314177,
       366679.0931189512,
       270
      ],
      [
       1222710.3650883138,
       366678.6758566951,
       270
      ],
      [
       1222710.057451225,
       366678.32567615266,
       270
      ],
      [
       1222709.816420151,
       366678.04257732385,
       270
      ],
      [
       1222709.5404013072,
       366677.71390635753,
       270
      ],
      [
       1222709.2293946936,
       366677.33966325375,
       270
      ],
      [
       1222708.8834003103,
       366676.9198480124,
       270
      ],
      [
       1222708.5024181572,
       366676.45446063345,
       270
      ],
      [
       1222708.1248055287,
       366675.99300472206,
       270
      ],
      [
       1222707.7505624248,
       366675.5354802782,
       270
      ],
      [
       1222707.3796888457,
       366675.08188730176,
       270
      ],
      [
       1222707.0121847913,
       366674.63222579286,
       270
      ],
      [
       1222706.6816797983,
       366674.2202734865,
       270
      ],
      [
       1222706.3881738672,
       366673.8460303827,
       270
      ],
      [
       1222706.131666998,
       366673.50949648133,
       270
      ],
      [
       1222705.91215919,
       366673.21067178255,
       270
      ],
      [
       1222705.6220547438,
       366672.79943170655,
       270
      ],
      [
       1222705.2613536592,
       366672.2757762533,
       270
      ],
      [
       1222704.830055936,
       366671.63970542286,
       270
      ],
      [
       1222704.3281615744,
       366670.8912192152,
       270
      ],
      [
       1222703.9449697935,
       366670.32112356485,
       270
      ],
      [
       1222703.6804805936,
       366669.9294184718,
       270
      ],
      [
       1222703.5346939743,
       366669.7161039361,
       270
      ],
      [
       1222703.5076099362,
       366669.6811799577,
       270
      ],
      [
       1222703.371255455,
       366669.4765964166,
       270
      ],
      [
       1222703.125630531,
       366669.1023533128,
       270
      ],
      [
       1222702.7707351642,
       366668.5584506462,
       270
      ],
      [
       1222702.3065693546,
       366667.84488841693,
       270
      ],
      [
       1222701.8873648979,
       366667.20607257774,
       270
      ],
      [
       1222701.513121794,
       366666.64200312865,
       270
      ],
      [
       1222701.183840043,
       366666.15268006973,
       270
      ],
      [
       1222700.8995196447,
       366665.7381034009,
       270
      ],
      [
       1222700.6326987618,
       366665.3436935146,
       270
      ],
      [
       1222700.3833773935,
       366664.96945041075,
       270
      ],
      [
       1222700.1515555403,
       366664.61537408945,
       270
      ],
      [
       1222699.9372332022,
       366664.28146455064,
       270
      ],
      [
       1222699.6720902314,
       366663.8439108446,
       270
      ],
      [
       1222699.3561266288,
       366663.30271297134,
       270
      ],
      [
       1222698.9893423938,
       366662.6578709309,
       270
      ],
      [
       1222698.5717375265,
       366661.9093847232,
       270
      ],
      [
       1222698.2293941253,
       366661.28374553495,
       270
      ],
      [
       1222697.9623121908,
       366660.7809533661,
       270
      ],
      [
       1222697.7704917223,
       366660.4010082166,
       270
      ],
      [
       1222697.6539327202,
       366660.14391008654,
       270
      ],
      [
       1222697.5118411789,
       366659.8282394696,
       270
      ],
      [
       1222697.3442170979,
       366659.4539963658,
       270
      ],
      [
       1222697.1510604778,
       366659.021180775,
       270
      ],
      [
       1222696.9323713179,
       366658.5297926974,
       270
      ],
      [
       1222696.6982270088,
       366657.97413008724,
       270
      ],
      [
       1222696.4486275502,
       366657.3541929447,
       270
      ],
      [
       1222696.183572942,
       366656.6699812695,
       270
      ],
      [
       1222695.9030631846,
       366655.92149506183,
       270
      ],
      [
       1222695.6303590436,
       366655.189538332,
       270
      ],
      [
       1222695.3654605197,
       366654.47411108,
       270
      ],
      [
       1222695.1083676124,
       366653.77521330584,
       270
      ],
      [
       1222694.859080322,
       366653.0928450095,
       270
      ],
      [
       1222694.6659468603,
       366652.5645393095,
       270
      ],
      [
       1222694.5289672273,
       366652.1902962056,
       270
      ],
      [
       1222694.4481414228,
       366651.970115698,
       270
      ],
      [
       1222694.4234694468,
       366651.9039977867,
       270
      ],
      [
       1222694.3521238582,
       366651.6672878013,
       270
      ],
      [
       1222694.2341046568,
       366651.2599857417,
       270
      ],
      [
       1222694.0694118426,
       366650.6820916081,
       270
      ],
      [
       1222693.8580454157,
       366649.9336054005,
       270
      ],
      [
       1222693.669707011,
       366649.1851191928,
       270
      ],
      [
       1222693.5043966284,
       366648.4366329852,
       270
      ],
      [
       1222693.3621142681,
       366647.6881467775,
       270
      ],
      [
       1222693.24285993,
       366646.93966056977,
       270
      ],
      [
       1222693.147600972,
       366646.1911743621,
       270
      ],
      [
       1222693.0763373938,
       366645.44268815446,
       270
      ],
      [
       1222693.029069196,
       366644.6942019468,
       270
      ],
      [
       1222693.005796378,
       366643.9457157391,
       270
      ],
      [
       1222692.9924496696,
       366643.1972295314,
       270
      ],
      [
       1222692.9890290701,
       366642.4487433238,
       270
      ],
      [
       1222692.99553458,
       366641.7002571161,
       270
      ],
      [
       1222693.0119661991,
       366640.95177090843,
       270
      ],
      [
       1222693.0379142067,
       366640.20328470075,
       270
      ],
      [
       1222693.0733786034,
       366639.45479849307,
       270
      ],
      [
       1222693.1183593886,
       366638.7063122854,
       270
      ],
      [
       1222693.1728565625,
       366637.9578260777,
       270
      ],
      [
       1222693.2234250968,
       366637.20933987,
       270
      ],
      [
       1222693.2700649917,
       366636.46085366246,
       270
      ],
      [
       1222693.3127762466,
       366635.7123674548,
       270
      ],
      [
       1222693.3515588618,
       366634.9638812471,
       270
      ],
      [
       1222693.3720562372,
       366634.2153950394,
       270
      ],
      [
       1222693.3742683725,
       366633.4669088318,
       270
      ],
      [
       1222693.3581952676,
       366632.7184226241,
       270
      ],
      [
       1222693.3238369229,
       366631.9699364164,
       270
      ],
      [
       1222693.277199573,
       366631.22145020874,
       270
      ],
      [
       1222693.2182832183,
       366630.4729640011,
       270
      ],
      [
       1222693.147087859,
       366629.72447779344,
       270
      ],
      [
       1222693.0636134946,
       366628.9759915857,
       270
      ],
      [
       1222692.9961342,
       366628.227505378,
       270
      ],
      [
       1222692.9446499748,
       366627.4790191704,
       270
      ],
      [
       1222692.9091608194,
       366626.7305329627,
       270
      ],
      [
       1222692.8896667333,
       366625.9820467551,
       270
      ],
      [
       1222692.8975589084,
       366625.23356054747,
       270
      ],
      [
       1222692.9328373442,
       366624.48507433967,
       270
      ],
      [
       1222692.9955020412,
       366623.736588132,
       270
      ],
      [
       1222693.0855529993,
       366622.9881019244,
       270
      ],
      [
       1222693.1786274058,
       366622.23961571674,
       270
      ],
      [
       1222693.2747252607,
       366621.49112950894,
       270
      ],
      [
       1222693.3738465637,
       366620.7426433013,
       270
      ],
      [
       1222693.4759913154,
       366619.9941570937,
       270
      ],
      [
       1222693.5688909236,
       366619.245670886,
       270
      ],
      [
       1222693.652545388,
       366618.4971846784,
       270
      ],
      [
       1222693.726954709,
       366617.7486984707,
       270
      ],
      [
       1222693.7921188865,
       366617.00021226297,
       270
      ],
      [
       1222693.836687582,
       366616.2517260553,
       270
      ],
      [
       1222693.8606607956,
       366615.50323984766,
       270
      ],
      [
       1222693.8640385275,
       366614.75475364,
       270
      ],
      [
       1222693.8468207775,
       366614.0062674323,
       270
      ],
      [
       1222693.7765840422,
       366613.2577812246,
       270
      ],
      [
       1222693.6533283216,
       366612.509295017,
       270
      ],
      [
       1222693.477053616,
       366611.7608088093,
       270
      ],
      [
       1222693.247759925,
       366611.01232260163,
       270
      ],
      [
       1222692.9875012296,
       366610.2780359404,
       270
      ],
      [
       1222692.6962775302,
       366609.55794882565,
       270
      ],
      [
       1222692.3740888261,
       366608.85206125735,
       270
      ],
      [
       1222692.0209351182,
       366608.1603732355,
       270
      ],
      [
       1222691.748512844,
       366607.6274076727,
       270
      ],
      [
       1222691.5568220047,
       366607.2531645688,
       270
      ],
      [
       1222691.4458625994,
       366607.037643924,
       270
      ],
      [
       1222691.4156346286,
       366606.9808457382,
       270
      ],
      [
       1222691.2575346292,
       366606.75112554687,
       270
      ],
      [
       1222690.9715626016,
       366606.3484833501,
       270
      ],
      [
       1222690.5577185452,
       366605.772919148,
       270
      ],
      [
       1222690.0160024604,
       366605.0244329403,
       270
      ],
      [
       1222689.5655798588,
       366604.44049511827,
       270
      ],
      [
       1222689.2064507403,
       366604.0211056819,
       270
      ],
      [
       1222688.9386151053,
       366603.7662646311,
       270
      ],
      [
       1222688.7620729532,
       366603.67597196606,
       270
      ],
      [
       1222688.4425447872,
       366603.57050683605,
       270
      ],
      [
       1222687.9800306074,
       366603.4498692411,
       270
      ],
      [
       1222687.3745304137,
       366603.3140591813,
       270
      ],
      [
       1222686.6260442059,
       366603.1630766567,
       270
      ],
      [
       1222685.877557998,
       366603.02336348256,
       270
      ],
      [
       1222685.1290717903,
       366602.8949196589,
       270
      ],
      [
       1222684.3805855827,
       366602.77774518577,
       270
      ],
      [
       1222683.6320993754,
       366602.6718400632,
       270
      ],
      [
       1222682.9236060465,
       366602.67920629936,
       270
      ],
      [
       1222682.255105596,
       366602.7998438942,
       270
      ],
      [
       1222681.6265980243,
       366603.03375284787,
       270
      ],
      [
       1222681.0380833312,
       366603.38093316025,
       270
      ],
      [
       1222680.556704433,
       366603.6601017144,
       270
      ],
      [
       1222680.1824613293,
       366603.8712585104,
       270
      ],
      [
       1222679.91535402,
       366604.0144035482,
       270
      ],
      [
       1222679.7553825052,
       366604.0895368278,
       270
      ],
      [
       1222679.510572563,
       366604.31422501954,
       270
      ],
      [
       1222679.1809241935,
       366604.6884681233,
       270
      ],
      [
       1222678.7664373962,
       366605.21226613934,
       270
      ],
      [
       1222678.2671121713,
       366605.88561906735,
       270
      ],
      [
       1222677.8303280072,
       366606.44532322366,
       270
      ],
      [
       1222677.4560849033,
       366606.8913786083,
       270
      ],
      [
       1222677.1443828598,
       366607.22378522105,
       270
      ],
      [
       1222676.895221877,
       366607.442543062,
       270
      ],
      [
       1222676.5496581388,
       366607.7390435344,
       270
      ],
      [
       1222676.1076916459,
       366608.1132866383,
       270
      ],
      [
       1222675.5693223977,
       366608.5652723735,
       270
      ],
      [
       1222674.9345503945,
       366609.09500074014,
       270
      ],
      [
       1222674.430042841,
       366609.5102406032,
       270
      ],
      [
       1222674.055799737,
       366609.81099196256,
       270
      ],
      [
       1222673.8118210828,
       366609.9972548182,
       270
      ],
      [
       1222673.6981068784,
       366610.0690291704,
       270
      ],
      [
       1222673.4256996731,
       366610.2622744476,
       270
      ],
      [
       1222672.994599467,
       366610.5769906498,
       270
      ],
      [
       1222672.40480626,
       366611.0131777773,
       270
      ],
      [
       1222671.6563200527,
       366611.5708358298,
       270
      ],
      [
       1222671.0704274033,
       366612.01884281996,
       270
      ],
      [
       1222670.6471283124,
       366612.3571987478,
       270
      ],
      [
       1222670.3864227796,
       366612.58590361325,
       270
      ],
      [
       1222670.2883108053,
       366612.7049574163,
       270
      ],
      [
       1222670.1342805,
       366612.9813693205,
       270
      ],
      [
       1222669.924331863,
       366613.4151393258,
       270
      ],
      [
       1222669.658464895,
       366614.0062674323,
       270
      ],
      [
       1222669.336679596,
       366614.75475364,
       270
      ],
      [
       1222669.0279047631,
       366615.50323984766,
       270
      ],
      [
       1222668.7321403965,
       366616.2517260553,
       270
      ],
      [
       1222668.4493864966,
       366617.00021226297,
       270
      ],
      [
       1222668.1796430633,
       366617.7486984707,
       270
      ],
      [
       1222667.962624113,
       366618.34416269074,
       270
      ],
      [
       1222667.7983296458,
       366618.78660492314,
       270
      ],
      [
       1222667.6867596619,
       366619.0760251679,
       270
      ],
      [
       1222667.6279141614,
       366619.212423425,
       270
      ],
      [
       1222667.5021147504,
       366619.4677441055,
       270
      ],
      [
       1222667.3093614297,
       366619.8419872093,
       270
      ],
      [
       1222667.0496541983,
       366620.3351527365,
       270
      ],
      [
       1222666.7229930572,
       366620.9472406871,
       270
      ],
      [
       1222666.3725409345,
       366621.53897978563,
       270
      ],
      [
       1222665.9982978308,
       366622.11037003214,
       270
      ],
      [
       1222665.6002637458,
       366622.66141142667,
       270
      ],
      [
       1222665.1784386793,
       366623.1921039692,
       270
      ],
      [
       1222664.804029763,
       366623.6445717924,
       270
      ],
      [
       1222664.4770369967,
       366624.0188148962,
       270
      ],
      [
       1222664.1974603804,
       366624.3148332807,
       270
      ],
      [
       1222663.9652999141,
       366624.5326269459,
       270
      ],
      [
       1222663.662098129,
       366624.7966848686,
       270
      ],
      [
       1222663.2878550251,
       366625.1070070488,
       270
      ],
      [
       1222662.8425706027,
       366625.4635934866,
       270
      ],
      [
       1222662.3262448611,
       366625.86644418206,
       270
      ],
      [
       1222661.7518790034,
       366626.2406079903,
       270
      ],
      [
       1222661.1194730287,
       366626.58608491137,
       270
      ],
      [
       1222660.4290269376,
       366626.9028749454,
       270
      ],
      [
       1222659.6805407298,
       366627.1909780922,
       270
      ],
      [
       1222659.0535293608,
       366627.4214385437,
       270
      ],
      [
       1222658.5479928306,
       366627.59425629984,
       270
      ],
      [
       1222658.1639311393,
       366627.70943136065,
       270
      ],
      [
       1222657.9013442863,
       366627.7669637261,
       270
      ],
      [
       1222657.582929308,
       366627.8413598846,
       270
      ],
      [
       1222657.2086862042,
       366627.93261983624,
       270
      ],
      [
       1222656.7786149748,
       366628.0407435809,
       270
      ],
      [
       1222656.29271562,
       366628.16573111876,
       270
      ],
      [
       1222655.7411695519,
       366628.2825078714,
       270
      ],
      [
       1222655.1239767708,
       366628.3910738387,
       270
      ],
      [
       1222654.4411372761,
       366628.491429021,
       270
      ],
      [
       1222653.6926510683,
       366628.5835734181,
       270
      ],
      [
       1222652.9441648608,
       366628.69569311035,
       270
      ],
      [
       1222652.1956786532,
       366628.8277880978,
       270
      ],
      [
       1222651.4471924454,
       366628.9798583804,
       270
      ],
      [
       1222650.698706238,
       366629.1519039582,
       270
      ],
      [
       1222650.0356797264,
       366629.3707653153,
       270
      ],
      [
       1222649.4581129109,
       366629.63644245174,
       270
      ],
      [
       1222648.9660057912,
       366629.9489353674,
       270
      ],
      [
       1222648.5593583675,
       366630.3082440625,
       270
      ],
      [
       1222648.2245572375,
       366630.76484713564,
       270
      ],
      [
       1222647.9616024008,
       366631.3187445869,
       270
      ],
      [
       1222647.7704938573,
       366631.9699364164,
       270
      ],
      [
       1222647.6512316074,
       366632.7184226241,
       270
      ],
      [
       1222647.5984434471,
       366633.4669088318,
       270
      ],
      [
       1222647.6121293772,
       366634.2153950394,
       270
      ],
      [
       1222647.692289397,
       366634.9638812471,
       270
      ],
      [
       1222647.8389235064,
       366635.7123674548,
       270
      ],
      [
       1222647.9652606072,
       366636.46085366246,
       270
      ],
      [
       1222648.0713006991,
       366637.20933987,
       270
      ],
      [
       1222648.157043782,
       366637.9578260777,
       270
      ],
      [
       1222648.2224898562,
       366638.7063122855,
       270
      ],
      [
       1222648.251317172,
       366639.4547984932,
       270
      ],
      [
       1222648.2435257295,
       366640.20328470075,
       270
      ],
      [
       1222648.1991155287,
       366640.95177090843,
       270
      ],
      [
       1222648.1180865695,
       366641.7002571161,
       270
      ],
      [
       1222647.9855552102,
       366642.4487433238,
       270
      ],
      [
       1222647.8015214503,
       366643.1972295314,
       270
      ],
      [
       1222647.5659852906,
       366643.9457157391,
       270
      ],
      [
       1222647.2789467308,
       366644.6942019468,
       270
      ],
      [
       1222647.047020511,
       366645.28455297434,
       270
      ],
      [
       1222646.8702066317,
       366645.71676882176,
       270
      ],
      [
       1222646.7485050927,
       366645.9908494891,
       270
      ],
      [
       1222646.6819158937,
       366646.1067949764,
       270
      ],
      [
       1222646.52568711,
       366646.35188927193,
       270
      ],
      [
       1222646.2798187414,
       366646.72613237577,
       270
      ],
      [
       1222645.9443107876,
       366647.22952428786,
       270
      ],
      [
       1222645.5191632486,
       366647.86206500826,
       270
      ],
      [
       1222645.1473953268,
       366648.52359210054,
       270
      ],
      [
       1222644.8290070225,
       366649.21410556464,
       270
      ],
      [
       1222644.5639983353,
       366649.9336054005,
       270
      ],
      [
       1222644.3523692654,
       366650.6820916081,
       270
      ],
      [
       1222644.165746575,
       366651.43057781574,
       270
      ],
      [
       1222644.0041302638,
       366652.17906402354,
       270
      ],
      [
       1222643.8675203323,
       366652.9275502312,
       270
      ],
      [
       1222643.75591678,
       366653.6760364388,
       270
      ],
      [
       1222643.6721876045,
       366654.2375698893,
       270
      ],
      [
       1222643.6163328048,
       366654.6121505827,
       270
      ],
      [
       1222643.5883523817,
       366654.79977851885,
       270
      ],
      [
       1222643.5882463353,
       366654.8004536978,
       270
      ],
      [
       1222643.556713355,
       366654.98791283916,
       270
      ],
      [
       1222643.4937534414,
       366655.36215594306,
       270
      ],
      [
       1222643.3993665944,
       366655.9231830093,
       270
      ],
      [
       1222643.2735528136,
       366656.67099403794,
       270
      ],
      [
       1222643.1706634965,
       366657.4189738614,
       270
      ],
      [
       1222643.0906986431,
       366658.1671224796,
       270
      ],
      [
       1222643.0336582528,
       366658.9154398925,
       270
      ],
      [
       1222642.9995423262,
       366659.66392610024,
       270
      ],
      [
       1222642.996009396,
       366660.4124123079,
       270
      ],
      [
       1222643.0230594622,
       366661.16089851555,
       270
      ],
      [
       1222643.080692525,
       366661.9093847232,
       270
      ],
      [
       1222643.1689085842,
       366662.6578709309,
       270
      ],
      [
       1222643.2529990408,
       366663.29398756917,
       270
      ],
      [
       1222643.3329638941,
       366663.817734638,
       270
      ],
      [
       1222643.408803145,
       366664.2291121374,
       270
      ],
      [
       1222643.4805167932,
       366664.52812006744,
       270
      ],
      [
       1222643.5592615972,
       366664.8647455844,
       270
      ],
      [
       1222643.645037558,
       366665.23898868816,
       270
      ],
      [
       1222643.7378446746,
       366665.6508493789,
       270
      ],
      [
       1222643.8376829477,
       366666.1003276566,
       270
      ],
      [
       1222643.9621677438,
       366666.6245579168,
       270
      ],
      [
       1222644.1112990628,
       366667.22354015935,
       270
      ],
      [
       1222644.2850769048,
       366667.8972743845,
       270
      ],
      [
       1222644.4835012697,
       366668.6457605922,
       270
      ],
      [
       1222644.6745112997,
       366669.3942467999,
       270
      ],
      [
       1222644.8581069948,
       366670.14273300755,
       270
      ],
      [
       1222645.034288355,
       366670.89121921523,
       270
      ],
      [
       1222645.2030553804,
       366671.6397054229,
       270
      ],
      [
       1222645.373454198,
       366672.3881916306,
       270
      ],
      [
       1222645.5454848078,
       366673.1366778382,
       270
      ],
      [
       1222645.71914721,
       366673.8851640459,
       270
      ],
      [
       1222645.894441404,
       366674.6336502536,
       270
      ],
      [
       1222646.0524526373,
       366675.296341408,
       270
      ],
      [
       1222646.1931809094,
       366675.8732375091,
       270
      ],
      [
       1222646.3166262205,
       366676.36433855694,
       270
      ],
      [
       1222646.4227885706,
       366676.7696445515,
       270
      ],
      [
       1222646.5207638582,
       366677.15941910073,
       270
      ],
      [
       1222646.6105520837,
       366677.5336622045,
       270
      ],
      [
       1222646.6921532466,
       366677.892373863,
       270
      ],
      [
       1222646.7655673474,
       366678.23555407615,
       270
      ],
      [
       1222646.853253943,
       366678.6800607879,
       270
      ],
      [
       1222646.9552130331,
       366679.2258939983,
       270
      ],
      [
       1222647.0714446185,
       366679.8730537073,
       270
      ],
      [
       1222647.2019486986,
       366680.6215399149,
       270
      ],
      [
       1222647.332918459,
       366681.37002612255,
       270
      ],
      [
       1222647.4643539,
       366682.11851233034,
       270
      ],
      [
       1222647.5962550212,
       366682.86699853797,
       270
      ],
      [
       1222647.7286218223,
       366683.6154847456,
       270
      ],
      [
       1222647.8735776194,
       366684.3639709533,
       270
      ],
      [
       1222648.0311224118,
       366685.11245716095,
       270
      ],
      [
       1222648.2012562,
       366685.86094336864,
       270
      ],
      [
       1222648.3839789839,
       366686.6094295763,
       270
      ],
      [
       1222648.574225558,
       366687.357915784,
       270
      ],
      [
       1222648.7719959226,
       366688.1064019916,
       270
      ],
      [
       1222648.9772900776,
       366688.8548881993,
       270
      ],
      [
       1222649.1901080236,
       366689.60337440704,
       270
      ],
      [
       1222649.3538866066,
       366690.18206351553,
       270
      ],
      [
       1222649.4686258277,
       366690.5909555249,
       270
      ],
      [
       1222649.534325686,
       366690.83005043503,
       270
      ],
      [
       1222649.5509861822,
       366690.89934824605,
       270
      ],
      [
       1222649.6061537056,
       366691.1211187035,
       270
      ],
      [
       1222649.6998282562,
       366691.4953618073,
       270
      ],
      [
       1222649.832009834,
       366692.0220775576,
       270
      ],
      [
       1222650.0026984392,
       366692.70126595424,
       270
      ],
      [
       1222650.1754510486,
       366693.39777880366,
       270
      ],
      [
       1222650.3502676622,
       366694.1116161058,
       270
      ],
      [
       1222650.5271482805,
       366694.8427778607,
       270
      ],
      [
       1222650.706092903,
       366695.5912640684,
       270
      ],
      [
       1222650.8935660115,
       366696.33975027606,
       270
      ],
      [
       1222651.0895676054,
       366697.0882364836,
       270
      ],
      [
       1222651.2940976853,
       366697.8367226913,
       270
      ],
      [
       1222651.5071562515,
       366698.585208899,
       270
      ],
      [
       1222651.7133987793,
       366699.2901073033,
       270
      ],
      [
       1222651.9128252694,
       366699.9514179042,
       270
      ],
      [
       1222652.1054357216,
       366700.56914070173,
       270
      ],
      [
       1222652.2912301356,
       366701.1432756959,
       270
      ],
      [
       1222652.4452388831,
       366701.61746474495,
       270
      ],
      [
       1222652.5674619642,
       366701.99170784873,
       270
      ],
      [
       1222652.6578993788,
       366702.2660050074,
       270
      ],
      [
       1222652.716551127,
       366702.44035622093,
       270
      ],
      [
       1222652.8210898282,
       366702.75824118295,
       270
      ],
      [
       1222652.9715154825,
       366703.21965989354,
       270
      ],
      [
       1222653.1678280905,
       366703.8246123527,
       270
      ],
      [
       1222653.4100276518,
       366704.5730985604,
       270
      ],
      [
       1222653.6569087738,
       366705.32158476807,
       270
      ],
      [
       1222653.9084714572,
       366706.0700709757,
       270
      ],
      [
       1222654.164715701,
       366706.8185571834,
       270
      ],
      [
       1222654.425641506,
       366707.5670433911,
       270
      ],
      [
       1222654.6680131329,
       366708.2680693093,
       270
      ],
      [
       1222654.8918305824,
       366708.92163493787,
       270
      ],
      [
       1222655.0970938536,
       366709.527740277,
       270
      ],
      [
       1222655.2838029473,
       366710.0863853266,
       270
      ],
      [
       1222655.4391734267,
       366710.5528294033,
       270
      ],
      [
       1222655.5632052922,
       366710.9270725072,
       270
      ],
      [
       1222655.6558985435,
       366711.20911463816,
       270
      ],
      [
       1222655.7172531807,
       366711.39895579615,
       270
      ],
      [
       1222655.8146464438,
       366711.72845821665,
       270
      ],
      [
       1222655.948078333,
       366712.19762189954,
       270
      ],
      [
       1222656.1175488476,
       366712.80644684477,
       270
      ],
      [
       1222656.323057988,
       366713.5549330524,
       270
      ],
      [
       1222656.4998651298,
       366714.3034192601,
       270
      ],
      [
       1222656.647970273,
       366715.0519054677,
       270
      ],
      [
       1222656.7673734173,
       366715.8003916754,
       270
      ],
      [
       1222656.8580745629,
       366716.5488778831,
       270
      ],
      [
       1222656.9357455568,
       366717.2973640908,
       270
      ],
      [
       1222657.0003863994,
       366718.0458502984,
       270
      ],
      [
       1222657.0519970905,
       366718.7943365061,
       270
      ],
      [
       1222657.0905776296,
       366719.5428227138,
       270
      ],
      [
       1222657.1379451812,
       366720.29130892147,
       270
      ],
      [
       1222657.1940997452,
       366721.03979512915,
       270
      ],
      [
       1222657.2590413215,
       366721.78828133683,
       270
      ],
      [
       1222657.3327699099,
       366722.5367675445,
       270
      ],
      [
       1222657.4080494666,
       366723.2852537522,
       270
      ],
      [
       1222657.484879992,
       366724.0337399598,
       270
      ],
      [
       1222657.5632614854,
       366724.7822261675,
       270
      ],
      [
       1222657.6431939474,
       366725.5307123752,
       270
      ],
      [
       1222657.686501531,
       366726.27919858287,
       270
      ],
      [
       1222657.6931842365,
       366727.02768479043,
       270
      ],
      [
       1222657.6632420635,
       366727.7761709981,
       270
      ],
      [
       1222657.5966750123,
       366728.5246572058,
       270
      ],
      [
       1222657.4699559768,
       366729.2731434135,
       270
      ],
      [
       1222657.2830849572,
       366730.0216296211,
       270
      ],
      [
       1222657.0360619533,
       366730.7701158288,
       270
      ],
      [
       1222656.7288869652,
       366731.51860203646,
       270
      ],
      [
       1222656.4544896057,
       366732.1330650714,
       270
      ],
      [
       1222656.2128698747,
       366732.61350493366,
       270
      ],
      [
       1222656.0040277722,
       366732.95992162323,
       270
      ],
      [
       1222655.8279632984,
       366733.17231514,
       270
      ],
      [
       1222655.563817048,
       366733.46563345037,
       270
      ],
      [
       1222655.2115890207,
       366733.8398765542,
       270
      ],
      [
       1222654.771279217,
       366734.2950444516,
       270
      ],
      [
       1222654.2428876364,
       366734.83113714244,
       270
      ],
      [
       1222653.7915702942,
       366735.2623261988,
       270
      ],
      [
       1222653.4173271905,
       366735.5886116207,
       270
      ],
      [
       1222653.120158325,
       366735.80999340815,
       270
      ],
      [
       1222652.900063698,
       366735.92647156114,
       270
      ],
      [
       1222652.5478711757,
       366736.1034987476,
       270
      ],
      [
       1222652.063580758,
       366736.3410749673,
       270
      ],
      [
       1222651.4471924454,
       366736.63920022064,
       270
      ],
      [
       1222650.698706238,
       366736.99787450745,
       270
      ],
      [
       1222649.9648283157,
       366737.33521366457,
       270
      ],
      [
       1222649.2455586786,
       366737.6512176919,
       270
      ],
      [
       1222648.540897327,
       366737.9458865895,
       270
      ],
      [
       1222647.8508442612,
       366738.2192203575,
       270
      ],
      [
       1222647.3186961762,
       366738.4284089339,
       270
      ],
      [
       1222646.9444530723,
       366738.57345231896,
       270
      ],
      [
       1222646.7281149495,
       366738.65435051254,
       270
      ],
      [
       1222646.669681808,
       366738.67110351473,
       270
      ],
      [
       1222646.4387353999,
       366738.72997499537,
       270
      ],
      [
       1222646.0352757252,
       366738.8309649546,
       270
      ],
      [
       1222645.459302784,
       366738.9740733924,
       270
      ],
      [
       1222644.7108165766,
       366739.1593003086,
       270
      ],
      [
       1222643.9623303688,
       366739.3349160268,
       270
      ],
      [
       1222643.213844161,
       366739.5009205469,
       270
      ],
      [
       1222642.4653579532,
       366739.65731386875,
       270
      ],
      [
       1222641.716871746,
       366739.8040959925,
       270
      ],
      [
       1222640.968385538,
       366739.9255451427,
       270
      ],
      [
       1222640.2198993305,
       366740.0216613192,
       270
      ],
      [
       1222639.471413123,
       366740.0924445221,
       270
      ]
     ]
    },
    "elevationFt": 270,
    "weight": "index",
    "hidden": false
   }
  },
  {
   "type": "Feature",
   "geometry": {
    "type": "LineString",
    "coordinates": [
     [
      -77.31353262285553,
      38.67309348700046
     ],
     [
      -77.31353412357173,
      38.67309245534089
     ],
     [
      -77.31353507420745,
      38.673091817694946
     ],
     [
      -77.31353547476273,
      38.673091574062624
     ],
     [
      -77.31353632844235,
      38.673090990084184
     ],
     [
      -77.31353763524628,
      38.67309006575967
     ],
     [
      -77.31353939517447,
      38.673088801089094
     ],
     [
      -77.3135416082269,
      38.673087196072366
     ],
     [
      -77.31354341713198,
      38.67308587786334
     ],
     [
      -77.31354482188975,
      38.673084846462025
     ],
     [
      -77.31354582250025,
      38.673084101868426
     ],
     [
      -77.31354641896348,
      38.67308364408258
     ],
     [
      -77.31354737067026,
      38.67308296976058
     ],
     [
      -77.31354867762053,
      38.673082078902425
     ],
     [
      -77.31355033981427,
      38.673080971508114
     ],
     [
      -77.31355235725147,
      38.673079647577595
     ],
     [
      -77.31355411089845,
      38.67307846979704
     ],
     [
      -77.31355560075527,
      38.673077438166466
     ],
     [
      -77.31355682682191,
      38.67307655268584
     ],
     [
      -77.31355778909843,
      38.67307581335521
     ],
     [
      -77.31355892359967,
      38.67307497269847
     ],
     [
      -77.31356023032563,
      38.67307403071562
     ],
     [
      -77.31356170927633,
      38.67307298740664
     ],
     [
      -77.31356336045172,
      38.673071842771535
     ],
     [
      -77.31356486929594,
      38.67307075480468
     ],
     [
      -77.31356623580902,
      38.673069723506096
     ],
     [
      -77.31356745999098,
      38.67306874887575
     ],
     [
      -77.31356854184179,
      38.67306783091369
     ],
     [
      -77.3135697357274,
      38.673066809051534
     ],
     [
      -77.31357104164782,
      38.67306568328931
     ],
     [
      -77.31357245960302,
      38.673064453627006
     ],
     [
      -77.313573989593,
      38.67306312006459
     ],
     [
      -77.31357534057096,
      38.67306193789598
     ],
     [
      -77.31357651253691,
      38.67306090712112
     ],
     [
      -77.31357750549091,
      38.67306002774008
     ],
     [
      -77.31357831943293,
      38.67305929975283
     ],
     [
      -77.3135793794034,
      38.67305838186856
     ],
     [
      -77.31358068540229,
      38.6730572740873
     ],
     [
      -77.3135822374296,
      38.67305597640902
     ],
     [
      -77.31358403548529,
      38.67305448883371
     ],
     [
      -77.3135855594477,
      38.67305322955369
     ],
     [
      -77.31358680931686,
      38.673052198568946
     ],
     [
      -77.31358778509278,
      38.67305139587953
     ],
     [
      -77.31358848677549,
      38.67305082148541
     ],
     [
      -77.31358949089159,
      38.67305004325574
     ],
     [
      -77.31359079744105,
      38.67304906119054
     ],
     [
      -77.3135924064239,
      38.67304787528979
     ],
     [
      -77.31359431784004,
      38.673046485553456
     ],
     [
      -77.31359598531888,
      38.673045274959016
     ],
     [
      -77.31359740886042,
      38.67304424350647
     ],
     [
      -77.31359858846467,
      38.67304339119584
     ],
     [
      -77.31359952413169,
      38.67304271802711
     ],
     [
      -77.31360064547847,
      38.6730419448777
     ],
     [
      -77.31360195250501,
      38.673041071747654
     ],
     [
      -77.31360344521131,
      38.67304009863688
     ],
     [
      -77.31360512359736,
      38.673039025545464
     ],
     [
      -77.31360680910088,
      38.67303797291107
     ],
     [
      -77.31360850172189,
      38.673036940733724
     ],
     [
      -77.31361020146039,
      38.67303592901345
     ],
     [
      -77.31361190831639,
      38.67303493775022
     ],
     [
      -77.31361341554049,
      38.673034070128715
     ],
     [
      -77.31361472313272,
      38.67303332614896
     ],
     [
      -77.31361583109306,
      38.67303270581096
     ],
     [
      -77.31361673942159,
      38.673032209114716
     ],
     [
      -77.31361807449548,
      38.67303147178005
     ],
     [
      -77.31361983631476,
      38.673030493806955
     ],
     [
      -77.31362202487935,
      38.673029275195404
     ],
     [
      -77.31362464018923,
      38.67302781594539
     ],
     [
      -77.31362666207288,
      38.673026694149776
     ],
     [
      -77.31362809053033,
      38.6730259098086
     ],
     [
      -77.31362892556162,
      38.67302546292187
     ],
     [
      -77.31362916716677,
      38.673025353489635
     ],
     [
      -77.3136299418694,
      38.673024950534845
     ],
     [
      -77.31363124966947,
      38.6730242540575
     ],
     [
      -77.31363309056694,
      38.67302326405757
     ],
     [
      -77.3136354645618,
      38.67302198053503
     ],
     [
      -77.31363765134834,
      38.6730208222715
     ],
     [
      -77.31363965092659,
      38.67301978926696
     ],
     [
      -77.31364146329659,
      38.67301888152144
     ],
     [
      -77.31364308845833,
      38.67301809903494
     ],
     [
      -77.31364455496967,
      38.67301736653318
     ],
     [
      -77.31364586283065,
      38.67301668401616
     ],
     [
      -77.31364701204126,
      38.67301605148388
     ],
     [
      -77.31364800260148,
      38.67301546893634
     ],
     [
      -77.3136493998282,
      38.673014776576764
     ],
     [
      -77.31365120372134,
      38.67301397440511
     ],
     [
      -77.3136534142809,
      38.67301306242134
     ],
     [
      -77.31365603150688,
      38.67301204062547
     ],
     [
      -77.3136584532503,
      38.673011157889675
     ],
     [
      -77.3136606795112,
      38.67301041421396
     ],
     [
      -77.31366271028958,
      38.673009809598355
     ],
     [
      -77.31366454558548,
      38.67300934404285
     ],
     [
      -77.31366611787574,
      38.67300893245236
     ],
     [
      -77.31366742716035,
      38.67300857482695
     ],
     [
      -77.31366847343938,
      38.673008271166566
     ],
     [
      -77.31366925671277,
      38.67300802147126
     ],
     [
      -77.31367049895269,
      38.673007687915074
     ],
     [
      -77.31367220015912,
      38.67300727049803
     ],
     [
      -77.31367436033203,
      38.67300676922007
     ],
     [
      -77.31367697947142,
      38.67300618408121
     ],
     [
      -77.31367959932565,
      38.67300576203505
     ],
     [
      -77.31368221989472,
      38.673005503081605
     ],
     [
      -77.31368484117866,
      38.673005407220856
     ],
     [
      -77.31368746317747,
      38.67300547445282
     ],
     [
      -77.313689848637,
      38.67300571159173
     ],
     [
      -77.31369199755723,
      38.67300611863757
     ],
     [
      -77.3136939099382,
      38.673006695590374
     ],
     [
      -77.31369558577991,
      38.67300744245017
     ],
     [
      -77.31369708051656,
      38.67300813291989
     ],
     [
      -77.31369839414815,
      38.673008766999565
     ],
     [
      -77.31369952667465,
      38.6730093446892
     ],
     [
      -77.3137004780961,
      38.67300986598879
     ],
     [
      -77.31370157216764,
      38.673010638782245
     ],
     [
      -77.31370280888933,
      38.67301166306962
     ],
     [
      -77.31370418826116,
      38.67301293885086
     ],
     [
      -77.31370571028316,
      38.67301446612597
     ],
     [
      -77.31370712965466,
      38.67301589915635
     ],
     [
      -77.31370844637566,
      38.673017237941984
     ],
     [
      -77.31370966044611,
      38.673018482482895
     ],
     [
      -77.31371077186604,
      38.67301963277906
     ],
     [
      -77.31371180643077,
      38.673020720446594
     ],
     [
      -77.31371276414032,
      38.673021745485514
     ],
     [
      -77.31371364499466,
      38.67302270789579
     ],
     [
      -77.3137144489938,
      38.67302360767743
     ],
     [
      -77.31371549182565,
      38.673024795138225
     ],
     [
      -77.31371677349017,
      38.673026270278164
     ],
     [
      -77.31371829398745,
      38.673028033097246
     ],
     [
      -77.31372005331752,
      38.67303008359546
     ],
     [
      -77.31372139073726,
      38.673031643109404
     ],
     [
      -77.3137223062466,
      38.673032711639095
     ],
     [
      -77.31372279984555,
      38.67303328918454
     ],
     [
      -77.31372287153404,
      38.67303337574573
     ],
     [
      -77.31372331111312,
      38.673033931748144
     ],
     [
      -77.3137241185828,
      38.673034957191696
     ],
     [
      -77.31372529394312,
      38.673036452076445
     ],
     [
      -77.31372683719411,
      38.67303841640235
     ],
     [
      -77.31372826807369,
      38.67304027169637
     ],
     [
      -77.31372958658187,
      38.67304201795855
     ],
     [
      -77.31373079271863,
      38.673043655188856
     ],
     [
      -77.31373188648392,
      38.673045183387316
     ],
     [
      -77.31373282344397,
      38.67304646024509
     ],
     [
      -77.31373360359869,
      38.67304748576218
     ],
     [
      -77.3137342269481,
      38.67304825993861
     ],
     [
      -77.3137346934922,
      38.67304878277436
     ],
     [
      -77.3137355230569,
      38.67304968741836
     ],
     [
      -77.31373671564228,
      38.67305097387062
     ],
     [
      -77.31373827124834,
      38.673052642131125
     ],
     [
      -77.31374018987513,
      38.67305469219985
     ],
     [
      -77.31374169111155,
      38.673056301048604
     ],
     [
      -77.31374277495755,
      38.673057468677385
     ],
     [
      -77.31374344141305,
      38.67305819508621
     ],
     [
      -77.31374369047806,
      38.67305848027513
     ],
     [
      -77.31374427529728,
      38.673059135438926
     ],
     [
      -77.31374519587072,
      38.673060160577606
     ],
     [
      -77.31374645219839,
      38.67306155569119
     ],
     [
      -77.31374804428036,
      38.67306332077965
     ],
     [
      -77.31374949896305,
      38.67306493666225
     ],
     [
      -77.31375081624643,
      38.67306640333901
     ],
     [
      -77.3137519961305,
      38.67306772080993
     ],
     [
      -77.31375303861525,
      38.673068889075026
     ],
     [
      -77.31375405400892,
      38.673069985685615
     ],
     [
      -77.3137550423115,
      38.67307101064175
     ],
     [
      -77.31375600352301,
      38.67307196394339
     ],
     [
      -77.31375693764345,
      38.673072845590575
     ],
     [
      -77.31375806283414,
      38.67307390311624
     ],
     [
      -77.31375937909513,
      38.673075136520346
     ],
     [
      -77.31376088642641,
      38.67307654580294
     ],
     [
      -77.31376258482801,
      38.673078130963994
     ],
     [
      -77.31376405257309,
      38.67307943568736
     ],
     [
      -77.31376528966156,
      38.67308045997308
     ],
     [
      -77.31376629609343,
      38.67308120382111
     ],
     [
      -77.31376707186868,
      38.6730816672315
     ],
     [
      -77.31376811723332,
      38.67308236655851
     ],
     [
      -77.31376943218736,
      38.673083301802144
     ],
     [
      -77.31377101673081,
      38.673084472962366
     ],
     [
      -77.31377287086373,
      38.67308588003919
     ],
     [
      -77.31377491730342,
      38.67308702958655
     ],
     [
      -77.31377715604992,
      38.673087921604406
     ],
     [
      -77.31377958710317,
      38.67308855609277
     ],
     [
      -77.31378221046319,
      38.673088933051616
     ],
     [
      -77.31378483287573,
      38.67308909391837
     ],
     [
      -77.31378745434077,
      38.673089038693014
     ],
     [
      -77.3137900748583,
      38.67308876737558
     ],
     [
      -77.31379269442829,
      38.67308827996605
     ],
     [
      -77.31379531398399,
      38.673087789307466
     ],
     [
      -77.31379793352541,
      38.67308729539988
     ],
     [
      -77.31380055305254,
      38.673086798243254
     ],
     [
      -77.3138031725654,
      38.6730862978376
     ],
     [
      -77.31380579203801,
      38.67308578826171
     ],
     [
      -77.31380841147036,
      38.67308526951557
     ],
     [
      -77.31381103086247,
      38.673084741599205
     ],
     [
      -77.31381365021433,
      38.67308420451261
     ],
     [
      -77.31381587728193,
      38.67308372789626
     ],
     [
      -77.31381771206529,
      38.6730833117502
     ],
     [
      -77.3138191545644,
      38.67308295607442
     ],
     [
      -77.3138202047793,
      38.673082660868985
     ],
     [
      -77.31382138441019,
      38.673082307281
     ],
     [
      -77.31382269345708,
      38.67308189531048
     ],
     [
      -77.31382413191996,
      38.673081424957445
     ],
     [
      -77.31382569979881,
      38.673080896221855
     ],
     [
      -77.31382752996902,
      38.673080233857654
     ],
     [
      -77.31382962243049,
      38.673079437864835
     ],
     [
      -77.31383197718327,
      38.67307850824337
     ],
     [
      -77.31383459422732,
      38.67307744499325
     ],
     [
      -77.31383684401449,
      38.673076528149494
     ],
     [
      -77.31383872654482,
      38.67307575771211
     ],
     [
      -77.31384024181833,
      38.67307513368111
     ],
     [
      -77.31384138983505,
      38.67307465605654
     ],
     [
      -77.31384261814495,
      38.67307416069008
     ],
     [
      -77.31384392674804,
      38.67307364758175
     ],
     [
      -77.31384531564427,
      38.67307311673155
     ],
     [
      -77.31384678483371,
      38.67307256813946
     ],
     [
      -77.31384854147552,
      38.67307200234938
     ],
     [
      -77.31385058556968,
      38.67307141936127
     ],
     [
      -77.31385291711621,
      38.673070819175145
     ],
     [
      -77.31385553611508,
      38.67307020179097
     ],
     [
      -77.31385815513973,
      38.673069590290126
     ],
     [
      -77.31386077419012,
      38.67306898467261
     ],
     [
      -77.31386339326627,
      38.67306838493843
     ],
     [
      -77.31386601236818,
      38.6730677910876
     ],
     [
      -77.31386821455938,
      38.67306726668618
     ],
     [
      -77.3138699998399,
      38.673066811734245
     ],
     [
      -77.31387136820972,
      38.673066426231756
     ],
     [
      -77.31387231966886,
      38.673066110178766
     ],
     [
      -77.31387344986388,
      38.6730657330049
     ],
     [
      -77.3138747587947,
      38.67306529471016
     ],
     [
      -77.31387624646136,
      38.67306479529452
     ],
     [
      -77.31387791286384,
      38.67306423475799
     ],
     [
      -77.31387981662003,
      38.6730634786904
     ],
     [
      -77.31388195772988,
      38.67306252709171
     ],
     [
      -77.31388433619337,
      38.673061379961936
     ],
     [
      -77.31388695201048,
      38.67306003730105
     ],
     [
      -77.3138889836183,
      38.67305898922159
     ],
     [
      -77.31389043101686,
      38.67305823572358
     ],
     [
      -77.31389129420623,
      38.67305777680709
     ],
     [
      -77.31389157318638,
      38.6730576124721
     ],
     [
      -77.313892366377,
      38.67305713680469
     ],
     [
      -77.31389367377807,
      38.67305634980487
     ],
     [
      -77.31389549538954,
      38.67305525147261
     ],
     [
      -77.31389783121136,
      38.673053841807885
     ],
     [
      -77.31389983798938,
      38.673052620904784
     ],
     [
      -77.31390151572359,
      38.67305158876329
     ],
     [
      -77.31390286441403,
      38.67305074538348
     ],
     [
      -77.31390388406074,
      38.673050090765294
     ],
     [
      -77.31390504720615,
      38.673049283703634
     ],
     [
      -77.31390635385026,
      38.67304832419847
     ],
     [
      -77.31390780399305,
      38.67304721224979
     ],
     [
      -77.3139093976345,
      38.67304594785761
     ],
     [
      -77.31391080003604,
      38.67304480021956
     ],
     [
      -77.3139120111977,
      38.67304376933566
     ],
     [
      -77.31391303111948,
      38.67304285520593
     ],
     [
      -77.31391385980142,
      38.67304205783036
     ],
     [
      -77.31391481173335,
      38.67304094509848
     ],
     [
      -77.3139158869153,
      38.67303951701026
     ],
     [
      -77.31391708534721,
      38.67303777356574
     ],
     [
      -77.31391840702908,
      38.67303571476486
     ],
     [
      -77.3139195119923,
      38.67303394238993
     ],
     [
      -77.3139204002369,
      38.67303245644095
     ],
     [
      -77.31392107176288,
      38.67303125691789
     ],
     [
      -77.31392152657028,
      38.673030343820805
     ],
     [
      -77.31392199222284,
      38.673029372820515
     ],
     [
      -77.31392246872055,
      38.673028343917
     ],
     [
      -77.3139229560634,
      38.673027257110284
     ],
     [
      -77.31392345425138,
      38.67302611240036
     ],
     [
      -77.31392406571959,
      38.67302473941731
     ],
     [
      -77.31392479046806,
      38.67302313816108
     ],
     [
      -77.31392562849672,
      38.673021308631725
     ],
     [
      -77.3139265798056,
      38.67301925082922
     ],
     [
      -77.31392747775337,
      38.67301719317058
     ],
     [
      -77.31392832234005,
      38.67301513565575
     ],
     [
      -77.31392911356562,
      38.67301307828478
     ],
     [
      -77.31392985143012,
      38.67301102105766
     ],
     [
      -77.31393050553649,
      38.673008997234895
     ],
     [
      -77.31393107588474,
      38.67300700681649
     ],
     [
      -77.31393156247488,
      38.67300504980243
     ],
     [
      -77.31393196530692,
      38.673003126192725
     ],
     [
      -77.31393227273402,
      38.673001650292605
     ],
     [
      -77.31393248475624,
      38.673000622102045
     ],
     [
      -77.31393260137355,
      38.67300004162105
     ],
     [
      -77.31393262258597,
      38.67299990884965
     ],
     [
      -77.31393265316542,
      38.67299929542203
     ],
     [
      -77.31393269311191,
      38.67299820133825
     ],
     [
      -77.31393274242544,
      38.67299662659829
     ],
     [
      -77.313932801106,
      38.672994571202146
     ],
     [
      -77.3139328225024,
      38.67299297470655
     ],
     [
      -77.3139328066146,
      38.67299183711148
     ],
     [
      -77.31393275344266,
      38.67299115841699
     ],
     [
      -77.31393266298655,
      38.67299093862303
     ],
     [
      -77.31393232567589,
      38.672990315703984
     ],
     [
      -77.31393174151073,
      38.67298928965985
     ],
     [
      -77.31393091049105,
      38.67298786049062
     ],
     [
      -77.31392983261694,
      38.67298602819627
     ],
     [
      -77.31392863434466,
      38.672984220860364
     ],
     [
      -77.31392731567425,
      38.67298243848289
     ],
     [
      -77.31392587660571,
      38.672980681063834
     ],
     [
      -77.31392431713907,
      38.672978948603195
     ],
     [
      -77.31392305153301,
      38.672977569873204
     ],
     [
      -77.31392207978747,
      38.67297654487385
     ],
     [
      -77.31392140190245,
      38.67297587360516
     ],
     [
      -77.31392101787793,
      38.67297555606712
     ],
     [
      -77.31392029407101,
      38.6729748052789
     ],
     [
      -77.3139192304817,
      38.67297362124048
     ],
     [
      -77.31391782711005,
      38.672972003951834
     ],
     [
      -77.3139160839561,
      38.67296995341299
     ],
     [
      -77.3139146496153,
      38.67296824512878
     ],
     [
      -77.31391352408761,
      38.672966879099214
     ],
     [
      -77.31391270737302,
      38.672965855324314
     ],
     [
      -77.31391219947149,
      38.672965173804094
     ],
     [
      -77.31391154555213,
      38.67296432031269
     ],
     [
      -77.31391074561495,
      38.67296329485009
     ],
     [
      -77.31390979965995,
      38.67296209741632
     ],
     [
      -77.31390870768718,
      38.672960728011354
     ],
     [
      -77.31390750298175,
      38.67295929248263
     ],
     [
      -77.3139061855437,
      38.672957790830154
     ],
     [
      -77.31390475537303,
      38.672956223053895
     ],
     [
      -77.31390321246975,
      38.67295458915388
     ],
     [
      -77.31390179291259,
      38.672953260141405
     ],
     [
      -77.31390049670154,
      38.67295223601653
     ],
     [
      -77.31389932383657,
      38.672951516779186
     ],
     [
      -77.31389827431765,
      38.67295110242944
     ],
     [
      -77.31389709302438,
      38.67295064258172
     ],
     [
      -77.31389577995675,
      38.67295013723604
     ],
     [
      -77.31389433511475,
      38.67294958639241
     ],
     [
      -77.31389275849844,
      38.6729489900508
     ],
     [
      -77.31389092120753,
      38.67294867886855
     ],
     [
      -77.31388882324204,
      38.67294865284567
     ],
     [
      -77.31388646460194,
      38.67294891198213
     ],
     [
      -77.31388384528718,
      38.672949456277905
     ],
     [
      -77.31388172243909,
      38.67294988076555
     ],
     [
      -77.31388009605764,
      38.67295018544509
     ],
     [
      -77.3138789661429,
      38.67295037031653
     ],
     [
      -77.3138783326948,
      38.6729504353799
     ],
     [
      -77.31387736079337,
      38.672950524485906
     ],
     [
      -77.31387605043857,
      38.672950637634486
     ],
     [
      -77.31387440163041,
      38.6729507748257
     ],
     [
      -77.31387241436889,
      38.672950936059486
     ],
     [
      -77.31387044929343,
      38.67295101929473
     ],
     [
      -77.31386850640406,
      38.67295102453147
     ],
     [
      -77.3138665857008,
      38.672950951769714
     ],
     [
      -77.31386468718361,
      38.67295080100944
     ],
     [
      -77.31386308227877,
      38.67295067530324
     ],
     [
      -77.31386177098626,
      38.67295057465115
     ],
     [
      -77.3138607533061,
      38.67295049905319
     ],
     [
      -77.31386002923826,
      38.6729504485093
     ],
     [
      -77.31385882942459,
      38.67295010568526
     ],
     [
      -77.31385715386509,
      38.67294947058101
     ],
     [
      -77.31385500255978,
      38.67294854319654
     ],
     [
      -77.31385237550873,
      38.67294732353183
     ],
     [
      -77.31385015774738,
      38.672946215450885
     ],
     [
      -77.3138483492757,
      38.67294521895374
     ],
     [
      -77.31384695009368,
      38.67294433404042
     ],
     [
      -77.31384596020128,
      38.67294356071095
     ],
     [
      -77.31384480719413,
      38.67294257309343
     ],
     [
      -77.31384349107225,
      38.672941371187896
     ],
     [
      -77.31384201183566,
      38.67293995499429
     ],
     [
      -77.31384036948437,
      38.67293832451268
     ],
     [
      -77.3138389943725,
      38.67293699695525
     ],
     [
      -77.31383788650002,
      38.67293597232207
     ],
     [
      -77.3138370458669,
      38.672935250613136
     ],
     [
      -77.31383647247313,
      38.67293483182844
     ],
     [
      -77.31383569922176,
      38.67293400485538
     ],
     [
      -77.31383472611279,
      38.672932769693965
     ],
     [
      -77.31383355314628,
      38.67293112634417
     ],
     [
      -77.31383218032227,
      38.672929074806014
     ],
     [
      -77.31383097771554,
      38.67292721473111
     ],
     [
      -77.31382994532609,
      38.67292554611946
     ],
     [
      -77.3138290831539,
      38.672924068971085
     ],
     [
      -77.31382839119897,
      38.672922783285976
     ],
     [
      -77.31382776535521,
      38.672921627388156
     ],
     [
      -77.31382720562263,
      38.672920601277646
     ],
     [
      -77.31382671200119,
      38.67291970495444
     ],
     [
      -77.31382628449091,
      38.67291893841853
     ],
     [
      -77.31382543114032,
      38.672917851142756
     ],
     [
      -77.31382415194945,
      38.67291644312714
     ],
     [
      -77.31382244691832,
      38.67291471437163
     ],
     [
      -77.31382031604701,
      38.6729126648762
     ],
     [
      -77.31381869871265,
      38.672911067568414
     ],
     [
      -77.31381759491518,
      38.67290992244826
     ],
     [
      -77.31381700465454,
      38.67290922951577
     ],
     [
      -77.31381692793072,
      38.67290898877094
     ],
     [
      -77.31381670240393,
      38.672908355093426
     ],
     [
      -77.31381632807414,
      38.67290732848321
     ],
     [
      -77.31381580494138,
      38.67290590894033
     ],
     [
      -77.3138151330057,
      38.672904096464734
     ],
     [
      -77.31381479434228,
      38.67290257550883
     ],
     [
      -77.31381478895106,
      38.67290134607257
     ],
     [
      -77.31381511683206,
      38.67290040815599
     ],
     [
      -77.31381577798527,
      38.67289976175907
     ],
     [
      -77.31381663991107,
      38.67289892331919
     ],
     [
      -77.31381770260943,
      38.672897892836346
     ],
     [
      -77.31381896608035,
      38.67289667031053
     ],
     [
      -77.3138204303238,
      38.67289525574176
     ],
     [
      -77.31382181573905,
      38.67289406239997
     ],
     [
      -77.31382312232614,
      38.67289309028517
     ],
     [
      -77.31382435008507,
      38.67289233939737
     ],
     [
      -77.31382549901586,
      38.67289180973657
     ],
     [
      -77.31382701481677,
      38.672891110990044
     ],
     [
      -77.31382889748775,
      38.672890243157724
     ],
     [
      -77.31383114702884,
      38.67288920623966
     ],
     [
      -77.31383376343993,
      38.67288800023578
     ],
     [
      -77.31383590750036,
      38.672887012812794
     ],
     [
      -77.31383757921016,
      38.67288624397069
     ],
     [
      -77.31383877856936,
      38.672885693709496
     ],
     [
      -77.31383950557799,
      38.67288536202924
     ],
     [
      -77.3138405232192,
      38.67288490248425
     ],
     [
      -77.31384183149298,
      38.67288431507449
     ],
     [
      -77.31384343039933,
      38.6728835998
     ],
     [
      -77.31384531993821,
      38.67288275666072
     ],
     [
      -77.31384739138399,
      38.67288186589634
     ],
     [
      -77.31384964473664,
      38.672880927506846
     ],
     [
      -77.31385207999612,
      38.67287994149223
     ],
     [
      -77.31385469716247,
      38.67287890785247
     ],
     [
      -77.31385686978989,
      38.67287808440597
     ],
     [
      -77.31385859787842,
      38.67287747115274
     ],
     [
      -77.31385988142807,
      38.672877068092795
     ],
     [
      -77.3138607204389,
      38.67287687522616
     ],
     [
      -77.31386179483393,
      38.67287665675293
     ],
     [
      -77.31386310461316,
      38.67287641267314
     ],
     [
      -77.31386464977658,
      38.67287614298675
     ],
     [
      -77.31386643032421,
      38.67287584769377
     ],
     [
      -77.31386842109646,
      38.672875611791
     ],
     [
      -77.31387062209333,
      38.672875435278435
     ],
     [
      -77.31387303331486,
      38.67287531815607
     ],
     [
      -77.31387565476102,
      38.6728752604239
     ],
     [
      -77.31387827599211,
      38.67287515365952
     ],
     [
      -77.31388089700816,
      38.672874997862955
     ],
     [
      -77.31388351780912,
      38.67287479303418
     ],
     [
      -77.31388613839502,
      38.672874539173215
     ],
     [
      -77.31388875823389,
      38.67287411500297
     ],
     [
      -77.31389137732572,
      38.67287352052347
     ],
     [
      -77.31389399567051,
      38.672872755734694
     ],
     [
      -77.31389661326821,
      38.672871820636686
     ],
     [
      -77.31389874103641,
      38.672870984059905
     ],
     [
      -77.31390037897513,
      38.67287024600443
     ],
     [
      -77.31390152708441,
      38.67286960647027
     ],
     [
      -77.31390218536424,
      38.67286906545744
     ],
     [
      -77.31390292635112,
      38.67286814522174
     ],
     [
      -77.31390375004503,
      38.672866845763195
     ],
     [
      -77.31390465644597,
      38.67286516708179
     ],
     [
      -77.31390564555392,
      38.67286310917752
     ],
     [
      -77.31390651423546,
      38.67286105159788
     ],
     [
      -77.3139072624906,
      38.67285899434285
     ],
     [
      -77.31390789031936,
      38.672856937412455
     ],
     [
      -77.31390839772175,
      38.672854880806696
     ],
     [
      -77.31390888902938,
      38.672853140900486
     ],
     [
      -77.31390936424225,
      38.67285171769386
     ],
     [
      -77.31390982336038,
      38.67285061118682
     ],
     [
      -77.31391026638376,
      38.67284982137931
     ],
     [
      -77.31391078334072,
      38.67284891186965
     ],
     [
      -77.31391137423122,
      38.672847882657784
     ],
     [
      -77.31391203905528,
      38.672846733743754
     ],
     [
      -77.31391277781287,
      38.67284546512752
     ],
     [
      -77.31391379923143,
      38.67284405917611
     ],
     [
      -77.31391510331092,
      38.672842515889464
     ],
     [
      -77.3139166900513,
      38.6728408352676
     ],
     [
      -77.31391855945256,
      38.67283901731054
     ],
     [
      -77.3139200320741,
      38.67283759307237
     ],
     [
      -77.31392110791592,
      38.67283656255313
     ],
     [
      -77.31392178697811,
      38.67283592575285
     ],
     [
      -77.31392206926066,
      38.67283568267152
     ],
     [
      -77.3139228638508,
      38.672835110755614
     ],
     [
      -77.31392417074849,
      38.672834210005085
     ],
     [
      -77.3139259899537,
      38.67283298041995
     ],
     [
      -77.31392832146638,
      38.672831422000186
     ],
     [
      -77.31393033578831,
      38.672830126693164
     ],
     [
      -77.31393203291954,
      38.6728290944989
     ],
     [
      -77.31393341286008,
      38.67282832541744
     ],
     [
      -77.31393447561,
      38.67282781944879
     ],
     [
      -77.3139356607008,
      38.67282717699457
     ],
     [
      -77.31393696813255,
      38.672826398054774
     ],
     [
      -77.31393839790522,
      38.67282548262944
     ],
     [
      -77.31393995001878,
      38.672824430718485
     ],
     [
      -77.31394129768742,
      38.67282338941247
     ],
     [
      -77.31394244091119,
      38.67282235871139
     ],
     [
      -77.31394337969007,
      38.67282133861523
     ],
     [
      -77.31394411402408,
      38.67282032912401
     ],
     [
      -77.31394476015046,
      38.672819057938966
     ],
     [
      -77.31394531806922,
      38.6728175250601
     ],
     [
      -77.31394578778031,
      38.6728157304874
     ],
     [
      -77.31394616928377,
      38.672813674220876
     ],
     [
      -77.31394641980062,
      38.672811618307506
     ],
     [
      -77.31394653933086,
      38.67280956274723
     ],
     [
      -77.31394652787452,
      38.67280750754014
     ],
     [
      -77.31394638543156,
      38.67280545268618
     ],
     [
      -77.31394622545427,
      38.672803397879484
     ],
     [
      -77.31394604794261,
      38.67280134312004
     ],
     [
      -77.3139458528966,
      38.6727992884079
     ],
     [
      -77.3139456403162,
      38.67279723374302
     ],
     [
      -77.31394572292761,
      38.672795178282314
     ],
     [
      -77.31394610073076,
      38.67279312202575
     ],
     [
      -77.31394677372566,
      38.67279106497335
     ],
     [
      -77.31394774191227,
      38.672789007125104
     ],
     [
      -77.31394868043313,
      38.67278731175392
     ],
     [
      -77.31394958928824,
      38.67278597885975
     ],
     [
      -77.31395046847763,
      38.67278500844261
     ],
     [
      -77.31395131800132,
      38.672784400502515
     ],
     [
      -77.31395260942193,
      38.672783683289225
     ],
     [
      -77.31395434273946,
      38.672782856802705
     ],
     [
      -77.31395651795388,
      38.672781921042954
     ],
     [
      -77.31395913506516,
      38.67278087600994
     ],
     [
      -77.3139617532427,
      38.67278007403546
     ],
     [
      -77.31396437248651,
      38.67277951511955
     ],
     [
      -77.31396699279664,
      38.672779199262166
     ],
     [
      -77.31396961417312,
      38.67277912646333
     ],
     [
      -77.3139721705388,
      38.67277949761196
     ],
     [
      -77.31397466189374,
      38.67278031270804
     ],
     [
      -77.31397708823798,
      38.6727815717516
     ],
     [
      -77.31397944957156,
      38.67278327474261
     ],
     [
      -77.31398128770277,
      38.672784591289435
     ],
     [
      -77.31398260263158,
      38.672785521392065
     ],
     [
      -77.31398339435792,
      38.67278606505052
     ],
     [
      -77.31398366288177,
      38.67278622226482
     ],
     [
      -77.31398452166589,
      38.67278678854355
     ],
     [
      -77.3139859707103,
      38.67278776388663
     ],
     [
      -77.31398801001508,
      38.672789148294086
     ],
     [
      -77.31399063958025,
      38.672790941765896
     ],
     [
      -77.31399265314911,
      38.67279231094247
     ],
     [
      -77.31399405072159,
      38.67279325582388
     ],
     [
      -77.31399483229764,
      38.67279377641014
     ],
     [
      -77.31399499787723,
      38.672793872701234
     ],
     [
      -77.31399573719472,
      38.67279417237507
     ],
     [
      -77.31399705025017,
      38.67279467543161
     ],
     [
      -77.31399893704356,
      38.67279538187085
     ],
     [
      -77.31400139757496,
      38.672796291692755
     ],
     [
      -77.31400389960277,
      38.67279724871219
     ],
     [
      -77.31400644312701,
      38.67279825292916
     ],
     [
      -77.31400902814772,
      38.67279930434366
     ],
     [
      -77.31401165466485,
      38.67280040295571
     ],
     [
      -77.31401363744749,
      38.67280123515162
     ],
     [
      -77.31401497649554,
      38.672801800931445
     ],
     [
      -77.314015671809,
      38.67280210029518
     ],
     [
      -77.31401572338787,
      38.67280213324287
     ],
     [
      -77.3140164062794,
      38.672802532113664
     ],
     [
      -77.31401772048363,
      38.67280329690755
     ],
     [
      -77.31401966600058,
      38.672804427624534
     ],
     [
      -77.31402224283033,
      38.672805924264566
     ],
     [
      -77.3140244433872,
      38.672807183934324
     ],
     [
      -77.3140262676711,
      38.672808206633796
     ],
     [
      -77.31402771568203,
      38.672808992363045
     ],
     [
      -77.31402878741999,
      38.67280954112204
     ],
     [
      -77.3140299802893,
      38.67281017467672
     ],
     [
      -77.31403129429002,
      38.672810893027055
     ],
     [
      -77.31403272942212,
      38.67281169617306
     ],
     [
      -77.31403428568564,
      38.67281258411474
     ],
     [
      -77.3140359138105,
      38.67281353960283
     ],
     [
      -77.31403761379671,
      38.67281456263733
     ],
     [
      -77.3140393856443,
      38.67281565321826
     ],
     [
      -77.31404122935328,
      38.672816811345605
     ],
     [
      -77.31404280886541,
      38.672817899335406
     ],
     [
      -77.3140441241807,
      38.67281891718769
     ],
     [
      -77.31404517529913,
      38.672819864902465
     ],
     [
      -77.31404596222067,
      38.67282074247973
     ],
     [
      -77.31404676019677,
      38.672821693986926
     ],
     [
      -77.31404756922741,
      38.67282271942408
     ],
     [
      -77.31404838931263,
      38.67282381879118
     ],
     [
      -77.31404922045239,
      38.672824992088195
     ],
     [
      -77.31405014403552,
      38.67282638506077
     ],
     [
      -77.31405116006205,
      38.67282799770893
     ],
     [
      -77.31405226853197,
      38.6728298300326
     ],
     [
      -77.31405346944533,
      38.672831882031836
     ],
     [
      -77.31405452232889,
      38.67283370561447
     ],
     [
      -77.31405542718264,
      38.67283530078054
     ],
     [
      -77.31405618400657,
      38.672836667530035
     ],
     [
      -77.31405679280066,
      38.67283780586297
     ],
     [
      -77.31405746920548,
      38.672838887835645
     ],
     [
      -77.31405821322105,
      38.67283991344806
     ],
     [
      -77.31405902484734,
      38.672840882700214
     ],
     [
      -77.31405990408437,
      38.67284179559212
     ],
     [
      -77.31406100175433,
      38.67284285061353
     ],
     [
      -77.31406231785719,
      38.67284404776448
     ],
     [
      -77.314063852393,
      38.67284538704493
     ],
     [
      -77.31406560536179,
      38.67284686845488
     ],
     [
      -77.31406709526283,
      38.67284812131494
     ],
     [
      -77.31406832209612,
      38.67284914562511
     ],
     [
      -77.31406928586165,
      38.6728499413854
     ],
     [
      -77.31406998655937,
      38.67285050859583
     ],
     [
      -77.31407099447182,
      38.67285127958159
     ],
     [
      -77.314072309599,
      38.67285225434266
     ],
     [
      -77.31407393194095,
      38.67285343287905
     ],
     [
      -77.31407586149771,
      38.67285481519073
     ],
     [
      -77.31407749160637,
      38.67285601836157
     ],
     [
      -77.31407882226691,
      38.6728570423916
     ],
     [
      -77.31407985347933,
      38.67285788728082
     ],
     [
      -77.31408058524359,
      38.67285855302922
     ],
     [
      -77.31408160878385,
      38.672859394791985
     ],
     [
      -77.31408292410012,
      38.67286041256907
     ],
     [
      -77.31408453119244,
      38.67286160636052
     ],
     [
      -77.31408643006081,
      38.672862976166265
     ],
     [
      -77.31408807409493,
      38.67286417300514
     ],
     [
      -77.31408946329475,
      38.67286519687715
     ],
     [
      -77.31409059766025,
      38.672866047782314
     ],
     [
      -77.31409147719145,
      38.672866725720596
     ],
     [
      -77.31409257420687,
      38.672867480514434
     ],
     [
      -77.31409388870654,
      38.67286831216379
     ],
     [
      -77.31409542069045,
      38.67286922066867
     ],
     [
      -77.31409717015863,
      38.67287020602906
     ],
     [
      -77.31409903840262,
      38.672871209838945
     ],
     [
      -77.31410102542242,
      38.67287223209831
     ],
     [
      -77.31410313121803,
      38.67287327280714
     ],
     [
      -77.31410535578947,
      38.67287433196546
     ],
     [
      -77.31410712483653,
      38.67287516603405
     ],
     [
      -77.31410843835914,
      38.67287577501297
     ],
     [
      -77.31410929635733,
      38.67287615890219
     ],
     [
      -77.31410969883106,
      38.67287631770175
     ],
     [
      -77.3141106574102,
      38.67287673275146
     ],
     [
      -77.3141121720948,
      38.67287740405133
     ],
     [
      -77.31411424288486,
      38.67287833160134
     ],
     [
      -77.31411686978043,
      38.67287951540142
     ],
     [
      -77.31411921130011,
      38.67288057836644
     ],
     [
      -77.31412126744384,
      38.6728815204964
     ],
     [
      -77.31412303821159,
      38.67288234179132
     ],
     [
      -77.31412452360338,
      38.67288304225122
     ],
     [
      -77.31412592309948,
      38.67288370579813
     ],
     [
      -77.31412723669993,
      38.67288433243209
     ],
     [
      -77.3141284644047,
      38.67288492215309
     ],
     [
      -77.31412960621378,
      38.67288547496113
     ],
     [
      -77.31413111918091,
      38.672886159608346
     ],
     [
      -77.3141330033061,
      38.67288697609477
     ],
     [
      -77.31413525858935,
      38.672887924420344
     ],
     [
      -77.31413788503072,
      38.67288900458507
     ],
     [
      -77.3141402067272,
      38.672889916784335
     ],
     [
      -77.31414222367874,
      38.67289066101819
     ],
     [
      -77.31414393588535,
      38.67289123728662
     ],
     [
      -77.314145343347,
      38.67289164558963
     ],
     [
      -77.31414670332867,
      38.672892037874405
     ],
     [
      -77.3141480158304,
      38.672892414140904
     ],
     [
      -77.31414928085216,
      38.67289277438918
     ],
     [
      -77.31415049839397,
      38.67289311861919
     ],
     [
      -77.31415206752554,
      38.672893502127835
     ],
     [
      -77.31415398824691,
      38.67289392491508
     ],
     [
      -77.31415626055806,
      38.67289438698092
     ],
     [
      -77.31415888445902,
      38.67289488832532
     ],
     [
      -77.31416150865277,
      38.672895456358056
     ],
     [
      -77.31416413313931,
      38.67289609107917
     ],
     [
      -77.31416675791868,
      38.67289679248863
     ]
    ]
   },
   "properties": {
    "id": "ct-8",
    "kind": "Contour",
    "sourceId": "contours",
    "reliabilityLevel": 1,
    "revision": 1,
    "engineeringGeometry": {
     "crs": "EPSG:2248",
     "crsName": "NAD83 / Maryland State Plane (US survey feet)",
     "datum": "NAD83",
     "unit": "usSurveyFoot",
     "coordinates": [
      [
       1222820.760778394,
       366679.5766922721,
       272
      ],
      [
       1222820.3310399414,
       366679.2024491682,
       272
      ],
      [
       1222820.0588399353,
       366678.9711604129,
       272
      ],
      [
       1222819.9441783759,
       366678.88282600604,
       272
      ],
      [
       1222819.6997260442,
       366678.67098707915,
       272
      ],
      [
       1222819.3254829403,
       366678.3356436323,
       272
      ],
      [
       1222818.8214490642,
       366677.8767956653,
       272
      ],
      [
       1222818.1876244163,
       366677.2944431783,
       272
      ],
      [
       1222817.6695408428,
       366676.8161453828,
       272
      ],
      [
       1222817.2671983438,
       366676.44190227904,
       272
      ],
      [
       1222816.9805969193,
       366676.17171386676,
       272
      ],
      [
       1222816.8097365694,
       366676.0055801461,
       272
      ],
      [
       1222816.5371848424,
       366675.76093562285,
       272
      ],
      [
       1222816.1629417387,
       366675.4377802969,
       272
      ],
      [
       1222815.687007258,
       366675.03611416835,
       272
      ],
      [
       1222815.1093814,
       366674.5559372373,
       272
      ],
      [
       1222814.6072493272,
       366674.12872721977,
       272
      ],
      [
       1222814.1806110395,
       366673.7544841159,
       272
      ],
      [
       1222813.8294665366,
       366673.4332079257,
       272
      ],
      [
       1222813.5538158184,
       366673.1648986492,
       272
      ],
      [
       1222813.2288689073,
       366672.8598568449,
       272
      ],
      [
       1222812.8546258034,
       366672.5180825128,
       272
      ],
      [
       1222812.431086507,
       366672.139575653,
       272
      ],
      [
       1222811.9582510174,
       366671.72433626547,
       272
      ],
      [
       1222811.5261213498,
       366671.32959501975,
       272
      ],
      [
       1222811.1346975046,
       366670.9553519159,
       272
      ],
      [
       1222810.783979481,
       366670.6016069539,
       272
      ],
      [
       1222810.4739672798,
       366670.2683601338,
       272
      ],
      [
       1222810.1318396272,
       366669.8973843669,
       272
      ],
      [
       1222809.7575965233,
       366669.48867965315,
       272
      ],
      [
       1222809.3512379683,
       366669.04224599263,
       272
      ],
      [
       1222808.9127639618,
       366668.5580833853,
       272
      ],
      [
       1222808.5255865145,
       366668.12888052966,
       272
      ],
      [
       1222808.1897056263,
       366667.7546374259,
       272
      ],
      [
       1222807.9051212969,
       366667.4353540738,
       272
      ],
      [
       1222807.671833526,
       366667.17103047343,
       272
      ],
      [
       1222807.368068089,
       366666.8377905708,
       272
      ],
      [
       1222806.9938249853,
       366666.4356343659,
       272
      ],
      [
       1222806.5491042146,
       366665.96456185856,
       272
      ],
      [
       1222806.0339057776,
       366665.42457304883,
       272
      ],
      [
       1222805.5972454227,
       366664.9674570921,
       272
      ],
      [
       1222805.2391231507,
       366664.59321398824,
       272
      ],
      [
       1222804.959538961,
       366664.3018437373,
       272
      ],
      [
       1222804.7584928542,
       366664.09334633936,
       272
      ],
      [
       1222804.4708482488,
       366663.810911762,
       272
      ],
      [
       1222804.096605145,
       366663.45454000524,
       272
      ],
      [
       1222803.6357635427,
       366663.02423106914,
       272
      ],
      [
       1222803.0883234418,
       366662.51998495363,
       272
      ],
      [
       1222802.610750544,
       366662.08074034395,
       272
      ],
      [
       1222802.2030448485,
       366661.7064972401,
       272
      ],
      [
       1222801.8652063557,
       366661.3972556421,
       272
      ],
      [
       1222801.597235066,
       366661.15301554993,
       272
      ],
      [
       1222801.2761278688,
       366660.8725461373,
       272
      ],
      [
       1222800.9018847651,
       366660.55584740423,
       272
      ],
      [
       1222800.4745057544,
       366660.2029193506,
       272
      ],
      [
       1222799.9939908367,
       366659.81376197655,
       272
      ],
      [
       1222799.511469485,
       366659.4320617376,
       272
      ],
      [
       1222799.0269416992,
       366659.05781863374,
       272
      ],
      [
       1222798.5404074793,
       366658.69103266497,
       272
      ],
      [
       1222798.051866825,
       366658.3317038314,
       272
      ],
      [
       1222797.620474946,
       366658.0172076365,
       272
      ],
      [
       1222797.2462318423,
       366657.74754408025,
       272
      ],
      [
       1222796.9291375135,
       366657.52271316276,
       272
      ],
      [
       1222796.66919196,
       366657.34271488397,
       272
      ],
      [
       1222796.2871112428,
       366657.0754983354,
       272
      ],
      [
       1222795.7828953622,
       366656.72106351727,
       272
      ],
      [
       1222795.156544318,
       366656.27941042936,
       272
      ],
      [
       1222794.4080581106,
       366655.75053907174,
       272
      ],
      [
       1222793.8294148985,
       366655.3439814108,
       272
      ],
      [
       1222793.4206146826,
       366655.0597374463,
       272
      ],
      [
       1222793.1816574621,
       366654.89780717844,
       272
      ],
      [
       1222793.1125432374,
       366654.8581906072,
       272
      ],
      [
       1222792.8908645734,
       366654.71220050356,
       272
      ],
      [
       1222792.5166214695,
       366654.45983686764,
       272
      ],
      [
       1222791.989813926,
       366654.10109969944,
       272
      ],
      [
       1222791.310441943,
       366653.6359889988,
       272
      ],
      [
       1222790.6846738858,
       366653.2163120966,
       272
      ],
      [
       1222790.112509755,
       366652.84206899285,
       272
      ],
      [
       1222789.5939495503,
       366652.51325968734,
       272
      ],
      [
       1222789.1289932716,
       366652.2298841803,
       272
      ],
      [
       1222788.7093935804,
       366651.9645567376,
       272
      ],
      [
       1222788.3351504765,
       366651.71727735933,
       272
      ],
      [
       1222788.0062639602,
       366651.4880460454,
       272
      ],
      [
       1222787.7227340313,
       366651.2768627959,
       272
      ],
      [
       1222787.3229650324,
       366651.02608658106,
       272
      ],
      [
       1222786.806956964,
       366650.73571740085,
       272
      ],
      [
       1222786.1747098262,
       366650.4057552553,
       272
      ],
      [
       1222785.4262236184,
       366650.03620014444,
       272
      ],
      [
       1222784.7337208907,
       366649.71709684946,
       272
      ],
      [
       1222784.097201643,
       366649.44844537036,
       272
      ],
      [
       1222783.5166658754,
       366649.2302457072,
       272
      ],
      [
       1222782.992113588,
       366649.06249785994,
       272
      ],
      [
       1222782.5427158922,
       366648.9141452639,
       272
      ],
      [
       1222782.1684727883,
       366648.78518791916,
       272
      ],
      [
       1222781.8693842762,
       366648.67562582577,
       272
      ],
      [
       1222781.6454503564,
       366648.5854589836,
       272
      ],
      [
       1222781.2903783643,
       366648.4652015363,
       272
      ],
      [
       1222780.8041683007,
       366648.3148534839,
       272
      ],
      [
       1222780.1868201648,
       366648.1344148263,
       272
      ],
      [
       1222779.438333957,
       366647.9238855635,
       272
      ],
      [
       1222778.6898477492,
       366647.77275289316,
       272
      ],
      [
       1222777.9413615414,
       366647.6810168151,
       272
      ],
      [
       1222777.1928753338,
       366647.6486773294,
       272
      ],
      [
       1222776.4443891265,
       366647.67573443614,
       272
      ],
      [
       1222775.7636465854,
       366647.76443701575,
       272
      ],
      [
       1222775.150647711,
       366647.91478506813,
       272
      ],
      [
       1222774.6053925033,
       366648.12677859346,
       272
      ],
      [
       1222774.1278809619,
       366648.4004175917,
       272
      ],
      [
       1222773.7020036394,
       366648.6533425264,
       272
      ],
      [
       1222773.3277605358,
       366648.88555339765,
       272
      ],
      [
       1222773.0051516504,
       366649.09705020534,
       272
      ],
      [
       1222772.734176984,
       366649.28783294954,
       272
      ],
      [
       1222772.4227910175,
       366649.57034587354,
       272
      ],
      [
       1222772.0709937513,
       366649.9445889773,
       272
      ],
      [
       1222771.678785185,
       366650.410562261,
       272
      ],
      [
       1222771.2461653196,
       366650.9682657245,
       272
      ],
      [
       1222770.8427338349,
       366651.49154599325,
       272
      ],
      [
       1222770.468490731,
       366651.9804030674,
       272
      ],
      [
       1222770.123436008,
       366652.434836947,
       272
      ],
      [
       1222769.8075696663,
       366652.8548476319,
       272
      ],
      [
       1222769.5135668027,
       366653.2519745262,
       272
      ],
      [
       1222769.2414274174,
       366653.6262176301,
       272
      ],
      [
       1222768.99115151,
       366653.9775769434,
       272
      ],
      [
       1222768.762739081,
       366654.30605246616,
       272
      ],
      [
       1222768.4665009242,
       366654.7395306602,
       272
      ],
      [
       1222768.1024370398,
       366655.27801152546,
       272
      ],
      [
       1222767.6705474278,
       366655.9214950619,
       272
      ],
      [
       1222767.170832088,
       366656.6699812695,
       272
      ],
      [
       1222766.7909559736,
       366657.2392445763,
       272
      ],
      [
       1222766.5309190843,
       366657.6292849821,
       272
      ],
      [
       1222766.39072142,
       366657.84010248707,
       272
      ],
      [
       1222766.3703629812,
       366657.8716970911,
       272
      ],
      [
       1222766.2455608072,
       366658.074615945,
       272
      ],
      [
       1222766.0163148977,
       366658.44885904883,
       272
      ],
      [
       1222765.6826252532,
       366658.99442640255,
       272
      ],
      [
       1222765.2444918733,
       366659.7113180063,
       272
      ],
      [
       1222764.8383036316,
       366660.388391625,
       272
      ],
      [
       1222764.4640605277,
       366661.02564725874,
       272
      ],
      [
       1222764.1217625618,
       366661.62308490754,
       272
      ],
      [
       1222763.811409734,
       366662.1807045715,
       272
      ],
      [
       1222763.5455096045,
       366662.6466359553,
       272
      ],
      [
       1222763.3240621737,
       366663.0208790591,
       272
      ],
      [
       1222763.1470674411,
       366663.30343388295,
       272
      ],
      [
       1222763.0145254072,
       366663.49430042674,
       272
      ],
      [
       1222762.7788203564,
       366663.8245718865,
       272
      ],
      [
       1222762.4399522888,
       366664.2942482622,
       272
      ],
      [
       1222761.9979212042,
       366664.9033295539,
       272
      ],
      [
       1222761.4527271027,
       366665.6518157616,
       272
      ],
      [
       1222761.0261440086,
       366666.23920687195,
       272
      ],
      [
       1222760.7181719216,
       366666.6655028849,
       272
      ],
      [
       1222760.5288108422,
       366666.93070380064,
       272
      ],
      [
       1222760.4580607698,
       366667.0348096191,
       272
      ],
      [
       1222760.2919173464,
       366667.27398408024,
       272
      ],
      [
       1222760.0303805722,
       366667.648227184,
       272
      ],
      [
       1222759.6734504472,
       366668.1575389306,
       272
      ],
      [
       1222759.2211269708,
       366668.80191931984,
       272
      ],
      [
       1222758.807843681,
       366669.3918264099,
       272
      ],
      [
       1222758.433600577,
       366669.92726020084,
       272
      ],
      [
       1222758.0983976594,
       366670.40822069254,
       272
      ],
      [
       1222757.802234928,
       366670.83470788517,
       272
      ],
      [
       1222757.513716905,
       366671.2350730334,
       272
      ],
      [
       1222757.2328435902,
       366671.60931613715,
       272
      ],
      [
       1222756.959614984,
       366671.95743719663,
       272
      ],
      [
       1222756.6940310865,
       366672.2794362118,
       272
      ],
      [
       1222756.3741175858,
       366672.6656749688,
       272
      ],
      [
       1222755.999874482,
       366673.11615346756,
       272
      ],
      [
       1222755.571301775,
       366673.63087170833,
       272
      ],
      [
       1222755.0883994652,
       366674.209829691,
       272
      ],
      [
       1222754.6709976138,
       366674.68643023423,
       272
      ],
      [
       1222754.319096221,
       366675.06067333807,
       272
      ],
      [
       1222754.0326952864,
       366675.3325590025,
       272
      ],
      [
       1222753.811794811,
       366675.50208722753,
       272
      ],
      [
       1222753.514223021,
       366675.75779722235,
       272
      ],
      [
       1222753.1399799173,
       366676.0996889871,
       272
      ],
      [
       1222752.6890654995,
       366676.52776252164,
       272
      ],
      [
       1222752.1614797672,
       366677.0420178261,
       272
      ],
      [
       1222751.5786689164,
       366677.4626735565,
       272
      ],
      [
       1222750.9406329466,
       366677.7897297131,
       272
      ],
      [
       1222750.2473718578,
       366678.0231862957,
       272
      ],
      [
       1222749.4988856504,
       366678.16304330423,
       272
      ],
      [
       1222748.7503994429,
       366678.2242019684,
       272
      ],
      [
       1222748.001913235,
       366678.20666228817,
       272
      ],
      [
       1222747.2534270273,
       366678.1104242634,
       272
      ],
      [
       1222746.5049408195,
       366677.9354878941,
       272
      ],
      [
       1222745.7564546117,
       366677.75936828606,
       272
      ],
      [
       1222745.0079684039,
       366677.5820654392,
       272
      ],
      [
       1222744.2594821963,
       366677.4035793535,
       272
      ],
      [
       1222743.510995989,
       366677.223910029,
       272
      ],
      [
       1222742.7625097814,
       366677.04090102616,
       272
      ],
      [
       1222742.0140235736,
       366676.8545523451,
       272
      ],
      [
       1222741.2655373658,
       366676.6648639856,
       272
      ],
      [
       1222740.517051158,
       366676.47183594777,
       272
      ],
      [
       1222739.880636133,
       366676.3004452741,
       272
      ],
      [
       1222739.3562922904,
       366676.15069196443,
       272
      ],
      [
       1222738.94401963,
       366676.0225760189,
       272
      ],
      [
       1222738.6438181526,
       366675.9160974374,
       272
      ],
      [
       1222738.306595862,
       366675.7884838507,
       272
      ],
      [
       1222737.932352758,
       366675.63973525906,
       272
      ],
      [
       1222737.5210888411,
       366675.4698516623,
       272
      ],
      [
       1222737.072804111,
       366675.27883306035,
       272
      ],
      [
       1222736.5494690118,
       366675.0394064009,
       272
      ],
      [
       1222735.9510835428,
       366674.7515716839,
       272
      ],
      [
       1222735.2776477044,
       366674.41532890924,
       272
      ],
      [
       1222734.529161497,
       366674.0306780769,
       272
      ],
      [
       1222733.8857088569,
       366673.6989857594,
       272
      ],
      [
       1222733.3472897839,
       366673.4202519565,
       272
      ],
      [
       1222732.913904279,
       366673.19447666826,
       272
      ],
      [
       1222732.5855523413,
       366673.02165989473,
       272
      ],
      [
       1222732.2342548207,
       366672.8424606153,
       272
      ],
      [
       1222731.8600117168,
       366672.65687883017,
       272
      ],
      [
       1222731.4628230298,
       366672.4649145392,
       272
      ],
      [
       1222731.0426887597,
       366672.2665677424,
       272
      ],
      [
       1222730.540466505,
       366672.06223984784,
       272
      ],
      [
       1222729.9561562664,
       366671.8519308556,
       272
      ],
      [
       1222729.289758043,
       366671.63564076566,
       272
      ],
      [
       1222728.5412718356,
       366671.41336957796,
       272
      ],
      [
       1222727.7927856278,
       366671.1932410573,
       272
      ],
      [
       1222727.0442994202,
       366670.9752552038,
       272
      ],
      [
       1222726.2958132126,
       366670.75941201724,
       272
      ],
      [
       1222725.5473270048,
       366670.5457114978,
       272
      ],
      [
       1222724.917954009,
       366670.3568941823,
       272
      ],
      [
       1222724.4076942252,
       366670.19296007074,
       272
      ],
      [
       1222724.0165476536,
       366670.0539091631,
       272
      ],
      [
       1222723.7445142937,
       366669.93974145927,
       272
      ],
      [
       1222723.4213760619,
       366669.80348991964,
       272
      ],
      [
       1222723.047132958,
       366669.64515454415,
       272
      ],
      [
       1222722.621784982,
       366669.4647353327,
       272
      ],
      [
       1222722.1453321346,
       366669.26223228534,
       272
      ],
      [
       1222721.600870947,
       366668.9887528162,
       272
      ],
      [
       1222720.988401419,
       366668.64429692534,
       272
      ],
      [
       1222720.3079235512,
       366668.22886461264,
       272
      ],
      [
       1222719.5594373434,
       366667.74245587824,
       272
      ],
      [
       1222718.978109321,
       366667.36275572097,
       272
      ],
      [
       1222718.5639394838,
       366667.0897641408,
       272
      ],
      [
       1222718.3169278323,
       366666.9234811378,
       272
      ],
      [
       1222718.2370743658,
       366666.8639067118,
       272
      ],
      [
       1222718.0100260808,
       366666.69145457237,
       272
      ],
      [
       1222717.6357829769,
       366666.40612471924,
       272
      ],
      [
       1222717.1143450541,
       366666.0079171525,
       272
      ],
      [
       1222716.445712313,
       366665.49683187215,
       272
      ],
      [
       1222715.871256581,
       366665.05416768,
       272
      ],
      [
       1222715.390977858,
       366664.6799245762,
       272
      ],
      [
       1222715.0048761445,
       366664.3741025606,
       272
      ],
      [
       1222714.71295144,
       366664.13670163334,
       272
      ],
      [
       1222714.3798675358,
       366663.8439239943,
       272
      ],
      [
       1222714.005624432,
       366663.49576964346,
       272
      ],
      [
       1222713.5902221284,
       366663.0922385809,
       272
      ],
      [
       1222713.1336606252,
       366662.6333308066,
       272
      ],
      [
       1222712.7318435283,
       366662.2167553675,
       272
      ],
      [
       1222712.384770838,
       366661.8425122637,
       272
      ],
      [
       1222712.092442554,
       366661.51060149504,
       272
      ],
      [
       1222711.8548586764,
       366661.2210230617,
       272
      ],
      [
       1222711.581692486,
       366660.8167176848,
       272
      ],
      [
       1222711.2729439833,
       366660.2976853644,
       272
      ],
      [
       1222710.9286131677,
       366659.66392610024,
       272
      ],
      [
       1222710.5487000395,
       366658.9154398925,
       272
      ],
      [
       1222710.231017893,
       366658.2710528677,
       272
      ],
      [
       1222709.975566728,
       366657.7307650258,
       272
      ],
      [
       1222709.7823465446,
       366657.2945763667,
       272
      ],
      [
       1222709.6513573427,
       366656.9624868906,
       272
      ],
      [
       1222709.5171993766,
       366656.60932060063,
       272
      ],
      [
       1222709.3798726462,
       366656.23507749673,
       272
      ],
      [
       1222709.2393771515,
       366655.83975757903,
       272
      ],
      [
       1222709.0957128925,
       366655.4233608476,
       272
      ],
      [
       1222708.9194216926,
       366654.923941747,
       272
      ],
      [
       1222708.7105035519,
       366654.3415002774,
       272
      ],
      [
       1222708.4689584703,
       366653.6760364388,
       272
      ],
      [
       1222708.1947864478,
       366652.92755023116,
       272
      ],
      [
       1222707.9358489716,
       366652.17906402354,
       272
      ],
      [
       1222707.6921460417,
       366651.43057781574,
       272
      ],
      [
       1222707.463677658,
       366650.6820916081,
       272
      ],
      [
       1222707.2504438204,
       366649.9336054005,
       272
      ],
      [
       1222707.06116442,
       366649.197202316,
       272
      ],
      [
       1222706.895839457,
       366648.47288235475,
       272
      ],
      [
       1222706.754468931,
       366647.7606455166,
       272
      ],
      [
       1222706.6370528424,
       366647.06049180176,
       272
      ],
      [
       1222706.5474351896,
       366646.5232933924,
       272
      ],
      [
       1222706.4856159731,
       366646.14905028854,
       272
      ],
      [
       1222706.4515951923,
       366645.93776249024,
       272
      ],
      [
       1222706.4453728478,
       366645.8894299975,
       272
      ],
      [
       1222706.4358742754,
       366645.666059076,
       272
      ],
      [
       1222706.4230994757,
       366645.2676497257,
       272
      ],
      [
       1222706.4070484482,
       366644.6942019468,
       272
      ],
      [
       1222706.3877211928,
       366643.9457157391,
       272
      ],
      [
       1222706.3796131513,
       366643.36431748234,
       272
      ],
      [
       1222706.3827243238,
       366642.95000717643,
       272
      ],
      [
       1222706.39705471,
       366642.70278482145,
       272
      ],
      [
       1222706.4226043094,
       366642.6226504174,
       272
      ],
      [
       1222706.518125046,
       366642.3954616634,
       272
      ],
      [
       1222706.68361692,
       366642.02121855953,
       272
      ],
      [
       1222706.9190799303,
       366641.4999211058,
       272
      ],
      [
       1222707.2245140779,
       366640.83156930225,
       272
      ],
      [
       1222707.5643527033,
       366640.17218877596,
       272
      ],
      [
       1222707.9385958072,
       366639.52177952696,
       272
      ],
      [
       1222708.347243389,
       366638.8803415552,
       272
      ],
      [
       1222708.7902954496,
       366638.24787486077,
       272
      ],
      [
       1222709.1498944603,
       366637.74451996165,
       272
      ],
      [
       1222709.426040422,
       366637.37027685775,
       272
      ],
      [
       1222709.6187333341,
       366637.12514554925,
       272
      ],
      [
       1222709.727973197,
       366637.0091260361,
       272
      ],
      [
       1222709.9336770584,
       366636.73498984927,
       272
      ],
      [
       1222710.2358449188,
       366636.3027369888,
       272
      ],
      [
       1222710.6344767779,
       366635.7123674548,
       272
      ],
      [
       1222711.1295726357,
       366634.9638812471,
       272
      ],
      [
       1222711.5369321508,
       366634.34034212615,
       272
      ],
      [
       1222711.8565553236,
       366633.84175009205,
       272
      ],
      [
       1222712.0884421533,
       366633.4681051446,
       272
      ],
      [
       1222712.23259264,
       366633.21940728393,
       272
      ],
      [
       1222712.4182153058,
       366632.90793680167,
       272
      ],
      [
       1222712.6453101502,
       366632.5336936979,
       272
      ],
      [
       1222712.9138771733,
       366632.09667797247,
       272
      ],
      [
       1222713.2239163753,
       366631.5968896254,
       272
      ],
      [
       1222713.5660575281,
       366631.07290934946,
       272
      ],
      [
       1222713.940300632,
       366630.5247371444,
       272
      ],
      [
       1222714.3466456868,
       366629.9523730104,
       272
      ],
      [
       1222714.7850926926,
       366629.3558169474,
       272
      ],
      [
       1222715.1887066637,
       366628.870417364,
       272
      ],
      [
       1222715.5574876,
       366628.49617426016,
       272
      ],
      [
       1222715.8914355019,
       366628.2330876359,
       272
      ],
      [
       1222716.1905503687,
       366628.08115749125,
       272
      ],
      [
       1222716.5272293543,
       366627.912528329,
       272
      ],
      [
       1222716.9014724582,
       366627.72720014915,
       272
      ],
      [
       1222717.3132796804,
       366627.5251729518,
       272
      ],
      [
       1222717.762651021,
       366627.30644673685,
       272
      ],
      [
       1222718.2868010784,
       366627.191315311,
       272
      ],
      [
       1222718.8857298524,
       366627.17977867444,
       272
      ],
      [
       1222719.5594373434,
       366627.2718368269,
       272
      ],
      [
       1222720.3079235512,
       366627.46748976863,
       272
      ],
      [
       1222720.9145203426,
       366627.61999779317,
       272
      ],
      [
       1222721.3792277174,
       366627.72936090064,
       272
      ],
      [
       1222721.702045676,
       366627.79557909106,
       272
      ],
      [
       1222721.8829742183,
       366627.8186523643,
       272
      ],
      [
       1222722.1605600414,
       366627.85014935693,
       272
      ],
      [
       1222722.534803145,
       366627.8900700689,
       272
      ],
      [
       1222723.0057035298,
       366627.9384145002,
       272
      ],
      [
       1222723.573261195,
       366627.9951826509,
       272
      ],
      [
       1222724.1343871495,
       366628.02356672625,
       272
      ],
      [
       1222724.6890813927,
       366628.02356672625,
       272
      ],
      [
       1222725.2373439248,
       366627.9951826509,
       272
      ],
      [
       1222725.779174746,
       366627.9384145002,
       272
      ],
      [
       1222726.2372117084,
       366627.89105888066,
       272
      ],
      [
       1222726.6114548123,
       366627.85311579215,
       272
      ],
      [
       1222726.9019040575,
       366627.82458523475,
       272
      ],
      [
       1222727.108559444,
       366627.80546720844,
       272
      ],
      [
       1222727.450672536,
       366627.67943823617,
       272
      ],
      [
       1222727.928243333,
       366627.44649831794,
       272
      ],
      [
       1222728.5412718356,
       366627.10664745385,
       272
      ],
      [
       1222729.289758043,
       366626.65988564375,
       272
      ],
      [
       1222729.9215332917,
       366626.2541626934,
       272
      ],
      [
       1222730.436597581,
       366625.8894786027,
       272
      ],
      [
       1222730.8349509116,
       366625.5658333717,
       272
      ],
      [
       1222731.116593283,
       366625.2832270005,
       272
      ],
      [
       1222731.4445360205,
       366624.9224201109,
       272
      ],
      [
       1222731.8187791244,
       366624.483412703,
       272
      ],
      [
       1222732.2393225946,
       366623.9662047768,
       272
      ],
      [
       1222732.7061664308,
       366623.3707963323,
       272
      ],
      [
       1222733.097093683,
       366622.88597055816,
       272
      ],
      [
       1222733.412104351,
       366622.51172745426,
       272
      ],
      [
       1222733.6511984346,
       366622.2480670208,
       272
      ],
      [
       1222733.814375934,
       366622.0949892576,
       272
      ],
      [
       1222734.034100992,
       366621.7930593833,
       272
      ],
      [
       1222734.3103736085,
       366621.34227739787,
       272
      ],
      [
       1222734.6431937832,
       366620.7426433013,
       272
      ],
      [
       1222735.0325615169,
       366619.9941570937,
       272
      ],
      [
       1222735.3735725605,
       366619.315565944,
       272
      ],
      [
       1222735.6662269146,
       366618.7068698524,
       272
      ],
      [
       1222735.910524579,
       366618.16806881875,
       272
      ],
      [
       1222736.1064655539,
       366617.6991628431,
       272
      ],
      [
       1222736.2836945252,
       366617.27758830343,
       272
      ],
      [
       1222736.4422114932,
       366616.9033451996,
       272
      ],
      [
       1222736.5820164578,
       366616.5764335316,
       272
      ],
      [
       1222736.703109419,
       366616.2968532996,
       272
      ],
      [
       1222736.9453767063,
       366615.9000465736,
       272
      ],
      [
       1222737.3088183198,
       366615.3860133537,
       272
      ],
      [
       1222737.7934342597,
       366614.75475364,
       272
      ],
      [
       1222738.3992245258,
       366614.0062674323,
       272
      ],
      [
       1222738.8589679706,
       366613.42296505615,
       272
      ],
      [
       1222739.1726645937,
       366613.0048465116,
       272
      ],
      [
       1222739.3403143955,
       366612.75191179855,
       272
      ],
      [
       1222739.3619173758,
       366612.66416091705,
       272
      ],
      [
       1222739.4255111516,
       366612.4331639244,
       272
      ],
      [
       1222739.5310957227,
       366612.05892082053,
       272
      ],
      [
       1222739.6786710892,
       366611.5414316055,
       272
      ],
      [
       1222739.8682372512,
       366610.88069627946,
       272
      ],
      [
       1222739.9630203322,
       366610.32645503816,
       272
      ],
      [
       1222739.9630203322,
       366609.8787078817,
       272
      ],
      [
       1222739.8682372512,
       366609.5374548102,
       272
      ],
      [
       1222739.6786710895,
       366609.3026958236,
       272
      ],
      [
       1222739.4315446303,
       366608.99819477834,
       272
      ],
      [
       1222739.1268578735,
       366608.62395167456,
       272
      ],
      [
       1222738.7646108195,
       366608.17996651214,
       272
      ],
      [
       1222738.3448034683,
       366607.66623929096,
       272
      ],
      [
       1222737.9477782408,
       366607.23300219426,
       272
      ],
      [
       1222737.5735351369,
       366606.88025522185,
       272
      ],
      [
       1222737.2220741566,
       366606.6079983738,
       272
      ],
      [
       1222736.8933953005,
       366606.41623165,
       272
      ],
      [
       1222736.4597646063,
       366606.16324656294,
       272
      ],
      [
       1222735.9211820741,
       366605.84904311254,
       272
      ],
      [
       1222735.2776477044,
       366605.47362129885,
       272
      ],
      [
       1222734.529161497,
       366605.03698112187,
       272
      ],
      [
       1222733.915803411,
       366604.67948116246,
       272
      ],
      [
       1222733.4375734464,
       366604.4011214205,
       272
      ],
      [
       1222733.094471604,
       366604.20190189604,
       272
      ],
      [
       1222732.8864978831,
       366604.08182258916,
       272
      ],
      [
       1222732.595389471,
       366603.91546216124,
       272
      ],
      [
       1222732.221146367,
       366603.70282061223,
       272
      ],
      [
       1222731.7637685717,
       366603.44389794226,
       272
      ],
      [
       1222731.2232560848,
       366603.13869415113,
       272
      ],
      [
       1222730.6307501676,
       366602.8163245856,
       272
      ],
      [
       1222729.9862508206,
       366602.47678924544,
       272
      ],
      [
       1222729.289758043,
       366602.12008813076,
       272
      ],
      [
       1222728.5412718356,
       366601.74622124154,
       272
      ],
      [
       1222727.9199631282,
       366601.4484671928,
       272
      ],
      [
       1222727.425831921,
       366601.2268259845,
       272
      ],
      [
       1222727.058878214,
       366601.0812976166,
       272
      ],
      [
       1222726.8191020077,
       366601.0118820892,
       272
      ],
      [
       1222726.5120923524,
       366600.93337208935,
       272
      ],
      [
       1222726.1378492487,
       366600.8457676169,
       272
      ],
      [
       1222725.6963726962,
       366600.74906867195,
       272
      ],
      [
       1222725.187662695,
       366600.6432752546,
       272
      ],
      [
       1222724.6190086424,
       366600.5593172121,
       272
      ],
      [
       1222723.9904105377,
       366600.4971945444,
       272
      ],
      [
       1222723.3018683817,
       366600.45690725185,
       272
      ],
      [
       1222722.5533821743,
       366600.43845533417,
       272
      ],
      [
       1222721.8048959668,
       366600.4021464508,
       272
      ],
      [
       1222721.056409759,
       366600.34798060195,
       272
      ],
      [
       1222720.3079235512,
       366600.27595778735,
       272
      ],
      [
       1222719.5594373434,
       366600.18607800716,
       272
      ],
      [
       1222718.8109511356,
       366600.03417348803,
       272
      ],
      [
       1222718.0624649278,
       366599.82024423004,
       272
      ],
      [
       1222717.3139787202,
       366599.5442902331,
       272
      ],
      [
       1222716.565492513,
       366599.20631149726,
       272
      ],
      [
       1222715.9569743183,
       366598.90373185626,
       272
      ],
      [
       1222715.4884241365,
       366598.6365513101,
       272
      ],
      [
       1222715.159841968,
       366598.4047698587,
       272
      ],
      [
       1222714.9712278123,
       366598.2083875022,
       272
      ],
      [
       1222714.7585261767,
       366597.87397918286,
       272
      ],
      [
       1222714.5217370605,
       366597.40154490084,
       272
      ],
      [
       1222714.2608604643,
       366596.7910846559,
       272
      ],
      [
       1222713.9758963878,
       366596.0425984483,
       272
      ],
      [
       1222713.7253140344,
       366595.29411224066,
       272
      ],
      [
       1222713.5091134047,
       366594.54562603286,
       272
      ],
      [
       1222713.327294498,
       366593.79713982524,
       272
      ],
      [
       1222713.1798573143,
       366593.0486536176,
       272
      ],
      [
       1222713.0374117289,
       366592.4154887455,
       272
      ],
      [
       1222712.899957741,
       366591.89764520904,
       272
      ],
      [
       1222712.767495351,
       366591.4951230081,
       272
      ],
      [
       1222712.6400245586,
       366591.20792214276,
       272
      ],
      [
       1222712.491296072,
       366590.8772001582,
       272
      ],
      [
       1222712.3213098906,
       366590.5029570543,
       272
      ],
      [
       1222712.1300660148,
       366590.08519283123,
       272
      ],
      [
       1222711.9175644445,
       366589.6239074889,
       272
      ],
      [
       1222711.6241921075,
       366589.11288427113,
       272
      ],
      [
       1222711.2499490036,
       366588.55212317803,
       272
      ],
      [
       1222710.794835133,
       366587.94162420946,
       272
      ],
      [
       1222710.2588504958,
       366587.2813873654,
       272
      ],
      [
       1222709.8366382245,
       366586.76414739154,
       272
      ],
      [
       1222709.528198319,
       366586.38990428776,
       272
      ],
      [
       1222709.3335307797,
       366586.15865805396,
       272
      ],
      [
       1222709.252635606,
       366586.07040869026,
       272
      ],
      [
       1222709.0250664675,
       366585.86290577217,
       272
      ],
      [
       1222708.6508233636,
       366585.53614929947,
       272
      ],
      [
       1222708.1299062946,
       366585.0901392725,
       272
      ],
      [
       1222707.4623152604,
       366584.5248756913,
       272
      ],
      [
       1222706.8856106498,
       366584.05512234865,
       272
      ],
      [
       1222706.3997924624,
       366583.6808792448,
       272
      ],
      [
       1222706.0048606985,
       366583.4021463797,
       272
      ],
      [
       1222705.7008153577,
       366583.2189237534,
       272
      ],
      [
       1222705.3616711358,
       366582.98611529404,
       272
      ],
      [
       1222704.9874280319,
       366582.7037210015,
       272
      ],
      [
       1222704.5780860463,
       366582.37174087594,
       272
      ],
      [
       1222704.1336451792,
       366581.9901749172,
       272
      ],
      [
       1222703.747585943,
       366581.6122703859,
       272
      ],
      [
       1222703.419908338,
       366581.2380272821,
       272
      ],
      [
       1222703.1506123638,
       366580.8674456057,
       272
      ],
      [
       1222702.9396980207,
       366580.50052535674,
       272
      ],
      [
       1222702.753638911,
       366580.0382136181,
       272
      ],
      [
       1222702.5924350345,
       366579.4805103899,
       272
      ],
      [
       1222702.4560863916,
       366578.8274156719,
       272
      ],
      [
       1222702.3445929824,
       366578.0789294642,
       272
      ],
      [
       1222702.2704962739,
       366577.33044325653,
       272
      ],
      [
       1222702.233796266,
       366576.58195704885,
       272
      ],
      [
       1222702.2344929592,
       366575.8334708412,
       272
      ],
      [
       1222702.2725863536,
       366575.0849846335,
       272
      ],
      [
       1222702.315685815,
       366574.3364984258,
       272
      ],
      [
       1222702.3637913438,
       366573.5880122182,
       272
      ],
      [
       1222702.4169029396,
       366572.8395260105,
       272
      ],
      [
       1222702.4750206028,
       366572.0910398028,
       272
      ],
      [
       1222702.448860933,
       366571.34255359514,
       272
      ],
      [
       1222702.3384239303,
       366570.5940673875,
       272
      ],
      [
       1222702.1437095948,
       366569.84558117983,
       272
      ],
      [
       1222701.8647179266,
       366569.0970949721,
       272
      ],
      [
       1222701.5946497144,
       366568.48058822623,
       272
      ],
      [
       1222701.333504958,
       366567.99606094207,
       272
      ],
      [
       1222701.0812836578,
       366567.6435131198,
       272
      ],
      [
       1222700.8379858136,
       366567.42294475925,
       272
      ],
      [
       1222700.4683908788,
       366567.16301465576,
       272
      ],
      [
       1222699.972498853,
       366566.86372280936,
       272
      ],
      [
       1222699.350309736,
       366566.52506922,
       272
      ],
      [
       1222698.6018235288,
       366566.1470538877,
       272
      ],
      [
       1222697.853337321,
       366565.8575578241,
       272
      ],
      [
       1222697.1048511132,
       366565.6565810292,
       272
      ],
      [
       1222696.3563649056,
       366565.54412350286,
       272
      ],
      [
       1222695.607878698,
       366565.5201852452,
       272
      ],
      [
       1222694.8785089427,
       366565.6578620396,
       272
      ],
      [
       1222694.1682556393,
       366565.957153886,
       272
      ],
      [
       1222693.4771187885,
       366566.4180607844,
       272
      ],
      [
       1222692.8050983897,
       366567.0405827349,
       272
      ],
      [
       1222692.2819666385,
       366567.521853878,
       272
      ],
      [
       1222691.9077235346,
       366567.86187421373,
       272
      ],
      [
       1222691.6823690783,
       366568.0606437421,
       272
      ],
      [
       1222691.6059032693,
       366568.11816246307,
       272
      ],
      [
       1222691.3614323607,
       366568.32523578964,
       272
      ],
      [
       1222690.9489563522,
       366568.6818637217,
       272
      ],
      [
       1222690.3684752441,
       366569.1880462593,
       272
      ],
      [
       1222689.6199890368,
       366569.84378340247,
       272
      ],
      [
       1222689.0468364214,
       366570.34439384565,
       272
      ],
      [
       1222688.6490173978,
       366570.68987758906,
       272
      ],
      [
       1222688.4265319668,
       366570.8802346325,
       272
      ],
      [
       1222688.3793801276,
       366570.915464976,
       272
      ],
      [
       1222688.1686826563,
       366571.02532760287,
       272
      ],
      [
       1222687.7944395524,
       366571.20982251316,
       272
      ],
      [
       1222687.2566508162,
       366571.46894970664,
       272
      ],
      [
       1222686.5553164475,
       366571.80270918354,
       272
      ],
      [
       1222685.842194119,
       366572.15369805024,
       272
      ],
      [
       1222685.1172838307,
       366572.5219163066,
       272
      ],
      [
       1222684.3805855827,
       366572.90736395284,
       272
      ],
      [
       1222683.6320993754,
       366573.31004098884,
       272
      ],
      [
       1222683.0670636375,
       366573.6150611895,
       272
      ],
      [
       1222682.6854783692,
       366573.82242455496,
       272
      ],
      [
       1222682.4873435707,
       366573.9321310851,
       272
      ],
      [
       1222682.4726592419,
       366573.94418077986,
       272
      ],
      [
       1222682.2781955258,
       366574.09011405776,
       272
      ],
      [
       1222681.903952422,
       366574.3699309189,
       272
      ],
      [
       1222681.3499299306,
       366574.7836313632,
       272
      ],
      [
       1222680.6161280517,
       366575.3312153906,
       272
      ],
      [
       1222679.9894540617,
       366575.79212895624,
       272
      ],
      [
       1222679.4699079609,
       366576.1663720601,
       272
      ],
      [
       1222679.057489749,
       366576.45394470205,
       272
      ],
      [
       1222678.7521994263,
       366576.6548468824,
       272
      ],
      [
       1222678.412432713,
       366576.88674931496,
       272
      ],
      [
       1222678.038189609,
       366577.14965199993,
       272
      ],
      [
       1222677.6294701146,
       366577.4435549372,
       272
      ],
      [
       1222677.18627423,
       366577.76845812675,
       272
      ],
      [
       1222676.7226467913,
       366578.1180312735,
       272
      ],
      [
       1222676.2385877988,
       366578.4922743774,
       272
      ],
      [
       1222675.7340972526,
       366578.8911874383,
       272
      ],
      [
       1222675.2091751532,
       366579.31477045635,
       272
      ],
      [
       1222674.7595925513,
       366579.71255099005,
       272
      ],
      [
       1222674.3853494474,
       366580.08452903945,
       272
      ],
      [
       1222674.0864458415,
       366580.4307046045,
       272
      ],
      [
       1222673.8628817336,
       366580.75107768516,
       272
      ],
      [
       1222673.6362542163,
       366581.09838577744,
       272
      ],
      [
       1222673.4065632897,
       366581.47262888134,
       272
      ],
      [
       1222673.1738089537,
       366581.87380699674,
       272
      ],
      [
       1222672.9379912089,
       366582.30192012363,
       272
      ],
      [
       1222672.6760564116,
       366582.81012652075,
       272
      ],
      [
       1222672.3880045624,
       366583.39842618804,
       272
      ],
      [
       1222672.073835661,
       366584.0668191255,
       272
      ],
      [
       1222671.7335497076,
       366584.8153053332,
       272
      ],
      [
       1222671.4352396154,
       366585.4804603316,
       272
      ],
      [
       1222671.1789053841,
       366586.0622841207,
       272
      ],
      [
       1222670.9645470139,
       366586.5607767006,
       272
      ],
      [
       1222670.7921645048,
       366586.9759380713,
       272
      ],
      [
       1222670.6004087436,
       366587.3706403086,
       272
      ],
      [
       1222670.3892797302,
       366587.7448834124,
       272
      ],
      [
       1222670.1587774646,
       366588.0986673828,
       272
      ],
      [
       1222669.908901947,
       366588.4319922199,
       272
      ],
      [
       1222669.5968426364,
       366588.8172930003,
       272
      ],
      [
       1222669.2225995325,
       366589.254569724,
       272
      ],
      [
       1222668.7861726356,
       366589.74382239126,
       272
      ],
      [
       1222668.2875619456,
       366590.28505100193,
       272
      ],
      [
       1222667.8637698807,
       366590.74278685916,
       272
      ],
      [
       1222667.514796441,
       366591.11702996294,
       272
      ],
      [
       1222667.2406416265,
       366591.4077803134,
       272
      ],
      [
       1222667.0413054377,
       366591.6150379105,
       272
      ],
      [
       1222666.7545157913,
       366591.89680912014,
       272
      ],
      [
       1222666.3802726874,
       366592.2530939423,
       272
      ],
      [
       1222665.9185761262,
       366592.68389237707,
       272
      ],
      [
       1222665.3694261077,
       366593.1892044243,
       272
      ],
      [
       1222664.9055430768,
       366593.6289819999,
       272
      ],
      [
       1222664.5269270337,
       366594.0032251037,
       272
      ],
      [
       1222664.2335779786,
       366594.31193373585,
       272
      ],
      [
       1222664.0254959112,
       366594.5551078962,
       272
      ],
      [
       1222663.7343333256,
       366594.8626703909,
       272
      ],
      [
       1222663.360090222,
       366595.23462122,
       272
      ],
      [
       1222662.9027665998,
       366595.6709603834,
       272
      ],
      [
       1222662.3623624595,
       366596.1716878812,
       272
      ],
      [
       1222661.8944959298,
       366596.609173182,
       272
      ],
      [
       1222661.4991670107,
       366596.9834162858,
       272
      ],
      [
       1222661.1763757023,
       366597.2944171927,
       272
      ],
      [
       1222660.9261220044,
       366597.54217590264,
       272
      ],
      [
       1222660.6138736038,
       366597.81813785713,
       272
      ],
      [
       1222660.2396304999,
       366598.1223030563,
       272
      ],
      [
       1222659.803392693,
       366598.45467150013,
       272
      ],
      [
       1222659.305160183,
       366598.8152431885,
       272
      ],
      [
       1222658.7730407177,
       366599.1826505846,
       272
      ],
      [
       1222658.207034297,
       366599.55689368845,
       272
      ],
      [
       1222657.607140921,
       366599.9379725,
       272
      ],
      [
       1222656.9733605892,
       366600.3258870193,
       272
      ],
      [
       1222656.4693488716,
       366600.6313798434,
       272
      ],
      [
       1222656.0951057677,
       366600.85445097234,
       272
      ],
      [
       1222655.8506312778,
       366600.9951004061,
       272
      ],
      [
       1222655.7359254018,
       366601.0533281447,
       272
      ],
      [
       1222655.462774443,
       366601.2054245628,
       272
      ],
      [
       1222655.0311784009,
       366601.45138966036,
       272
      ],
      [
       1222654.4411372761,
       366601.7912234374,
       272
      ],
      [
       1222653.6926510683,
       366602.22492589394,
       272
      ],
      [
       1222653.0254873037,
       366602.61434173945,
       272
      ],
      [
       1222652.4396459823,
       366602.95947097393,
       272
      ],
      [
       1222651.9351271042,
       366603.26031359745,
       272
      ],
      [
       1222651.5119306687,
       366603.51686961,
       272
      ],
      [
       1222651.1132108993,
       366603.75989810727,
       272
      ],
      [
       1222650.7389677954,
       366603.98939908925,
       272
      ],
      [
       1222650.3892013573,
       366604.205372556,
       272
      ],
      [
       1222650.063911585,
       366604.40781850746,
       272
      ],
      [
       1222649.6328227036,
       366604.6586429134,
       272
      ],
      [
       1222649.0959347137,
       366604.9578457738,
       272
      ],
      [
       1222648.4532476147,
       366605.3054270886,
       272
      ],
      [
       1222647.7047614073,
       366605.70138685784,
       272
      ],
      [
       1222647.0430683298,
       366606.03587680653,
       272
      ],
      [
       1222646.4681683825,
       366606.3088969346,
       272
      ],
      [
       1222645.9800615655,
       366606.52044724213,
       272
      ],
      [
       1222645.578747879,
       366606.67052772915,
       272
      ],
      [
       1222645.190969484,
       366606.81472797215,
       272
      ],
      [
       1222644.81672638,
       366606.9530479711,
       272
      ],
      [
       1222644.4560185676,
       366607.08548772626,
       272
      ],
      [
       1222644.1088460465,
       366607.21204723744,
       272
      ],
      [
       1222643.6613451038,
       366607.353256857,
       272
      ],
      [
       1222643.1135157393,
       366607.5091165849,
       272
      ],
      [
       1222642.4653579532,
       366607.6796264213,
       272
      ],
      [
       1222641.716871746,
       366607.8647863661,
       272
      ],
      [
       1222640.968385538,
       366608.0742334979,
       272
      ],
      [
       1222640.2198993305,
       366608.3079678166,
       272
      ],
      [
       1222639.471413123,
       366608.56598932226,
       272
      ]
     ]
    },
    "elevationFt": 272,
    "weight": "intermediate",
    "hidden": false
   }
  },
  {
   "type": "Feature",
   "geometry": {
    "type": "LineString",
    "coordinates": [
     [
      -77.31416822288536,
      38.67323049458982
     ],
     [
      -77.31416624095057,
      38.673229936559665
     ],
     [
      -77.3141649020153,
      38.67322955441609
     ],
     [
      -77.3141642060796,
      38.67322934815909
     ],
     [
      -77.31416415314338,
      38.6732293177887
     ],
     [
      -77.31416379212732,
      38.67322878206827
     ],
     [
      -77.31416312303142,
      38.67322774099784
     ],
     [
      -77.3141621458557,
      38.673226194577374
     ],
     [
      -77.31416086060023,
      38.673224142806866
     ],
     [
      -77.31415968612096,
      38.67322209073749
     ],
     [
      -77.3141586224179,
      38.67322003836925
     ],
     [
      -77.31415766949107,
      38.67321798570216
     ],
     [
      -77.31415682734041,
      38.673215932736184
     ],
     [
      -77.31415607991045,
      38.673214179713
     ],
     [
      -77.31415542720116,
      38.673212726632556
     ],
     [
      -77.31415486921253,
      38.67321157349488
     ],
     [
      -77.31415440594455,
      38.67321072029997
     ],
     [
      -77.31415395300525,
      38.673209780490076
     ],
     [
      -77.31415351039462,
      38.67320875406518
     ],
     [
      -77.31415307811265,
      38.67320764102527
     ],
     [
      -77.31415265615937,
      38.67320644137039
     ],
     [
      -77.31415222685723,
      38.67320502812415
     ],
     [
      -77.31415179020625,
      38.67320340128656
     ],
     [
      -77.31415134620643,
      38.67320156085763
     ],
     [
      -77.31415089485779,
      38.67319950683733
     ],
     [
      -77.31415049182881,
      38.67319745268667
     ],
     [
      -77.31415013711953,
      38.67319539840565
     ],
     [
      -77.31414983072992,
      38.6731933439943
     ],
     [
      -77.31414957265997,
      38.67319128945258
     ],
     [
      -77.31414934566398,
      38.67318923482704
     ],
     [
      -77.31414914974191,
      38.67318718011765
     ],
     [
      -77.31414898489378,
      38.67318512532445
     ],
     [
      -77.31414885111958,
      38.67318307044742
     ],
     [
      -77.31414881785658,
      38.673181015299235
     ],
     [
      -77.31414888510474,
      38.67317895987988
     ],
     [
      -77.31414905286408,
      38.6731769041894
     ],
     [
      -77.3141493211346,
      38.673174848227745
     ],
     [
      -77.31414971230065,
      38.673172791934554
     ],
     [
      -77.31415022636223,
      38.67317073530983
     ],
     [
      -77.31415086331933,
      38.673168678353555
     ],
     [
      -77.31415162317195,
      38.673166621065725
     ],
     [
      -77.31415223918152,
      38.67316495492658
     ],
     [
      -77.31415271134811,
      38.673163679936096
     ],
     [
      -77.3141530396717,
      38.67316279609429
     ],
     [
      -77.31415322415228,
      38.67316230340114
     ],
     [
      -77.31415349907809,
      38.67316154275225
     ],
     [
      -77.31415386444907,
      38.67316051414759
     ],
     [
      -77.31415432026526,
      38.67315921758719
     ],
     [
      -77.31415486652661,
      38.67315765307101
     ],
     [
      -77.31415537019211,
      38.673155965620886
     ],
     [
      -77.31415583126181,
      38.67315415523683
     ],
     [
      -77.31415624973569,
      38.6731522219188
     ],
     [
      -77.31415662561373,
      38.673150165666826
     ],
     [
      -77.31415695681956,
      38.67314810953536
     ],
     [
      -77.31415724335318,
      38.67314605352443
     ],
     [
      -77.31415748521461,
      38.673143997634
     ],
     [
      -77.31415768240383,
      38.67314194186409
     ],
     [
      -77.31415790920296,
      38.673139886014276
     ],
     [
      -77.314158165612,
      38.6731378300846
     ],
     [
      -77.31415845163092,
      38.67313577407504
     ],
     [
      -77.31415876725976,
      38.67313371798561
     ],
     [
      -77.31415913201918,
      38.67313166176361
     ],
     [
      -77.3141595459092,
      38.673129605409066
     ],
     [
      -77.31416000892983,
      38.67312754892199
     ],
     [
      -77.31416052108105,
      38.67312549230236
     ],
     [
      -77.31416105849529,
      38.67312343561456
     ],
     [
      -77.31416162117257,
      38.6731213788586
     ],
     [
      -77.3141622091129,
      38.6731193220345
     ],
     [
      -77.31416282231622,
      38.67311726514223
     ],
     [
      -77.31416328453759,
      38.673115715760375
     ],
     [
      -77.31416359577698,
      38.67311467388894
     ],
     [
      -77.3141637560344,
      38.673114139527925
     ],
     [
      -77.3141637653099,
      38.67311411267733
     ],
     [
      -77.31416403957094,
      38.67311358471515
     ],
     [
      -77.31416457881753,
      38.673112555641374
     ],
     [
      -77.31416538304961,
      38.673111025455974
     ],
     [
      -77.31416645226719,
      38.67310899415899
     ]
    ]
   },
   "properties": {
    "id": "ct-9",
    "kind": "Contour",
    "sourceId": "contours",
    "reliabilityLevel": 1,
    "revision": 1,
    "engineeringGeometry": {
     "crs": "EPSG:2248",
     "crsName": "NAD83 / Maryland State Plane (US survey feet)",
     "datum": "NAD83",
     "unit": "usSurveyFoot",
     "coordinates": [
      [
       1222639.471413123,
       366730.0966267749,
       272
      ],
      [
       1222640.0365465202,
       366729.89145342377,
       272
      ],
      [
       1222640.418327107,
       366729.7509670416,
       272
      ],
      [
       1222640.616754884,
       366729.6751676283,
       272
      ],
      [
       1222640.63182985,
       366729.6640551839,
       272
      ],
      [
       1222640.7342267586,
       366729.4685992987,
       272
      ],
      [
       1222640.923945609,
       366729.08879997267,
       272
      ],
      [
       1222641.200986402,
       366728.5246572058,
       272
      ],
      [
       1222641.565349137,
       366727.7761709981,
       272
      ],
      [
       1222641.898085439,
       366727.02768479043,
       272
      ],
      [
       1222642.1991953081,
       366726.27919858287,
       272
      ],
      [
       1222642.4686787445,
       366725.5307123752,
       272
      ],
      [
       1222642.7065357477,
       366724.7822261675,
       272
      ],
      [
       1222642.917726376,
       366724.14306758967,
       272
      ],
      [
       1222643.1022506293,
       366723.6132366417,
       272
      ],
      [
       1222643.2601085075,
       366723.1927333235,
       272
      ],
      [
       1222643.3913000103,
       366722.8815576352,
       272
      ],
      [
       1222643.5194341769,
       366722.5388482391,
       272
      ],
      [
       1222643.6445110068,
       366722.1646051353,
       272
      ],
      [
       1222643.7665305003,
       366721.7588283237,
       272
      ],
      [
       1222643.885492657,
       366721.32151780435,
       272
      ],
      [
       1222644.00628519,
       366720.8064133629,
       272
      ],
      [
       1222644.1289080987,
       366720.21351499937,
       272
      ],
      [
       1222644.2533613832,
       366719.5428227138,
       272
      ],
      [
       1222644.3796450438,
       366718.7943365061,
       272
      ],
      [
       1222644.4921335059,
       366718.0458502984,
       272
      ],
      [
       1222644.59082677,
       366717.2973640908,
       272
      ],
      [
       1222644.6757248356,
       366716.5488778831,
       272
      ],
      [
       1222644.7468277032,
       366715.8003916754,
       272
      ],
      [
       1222644.809059005,
       366715.0519054677,
       272
      ],
      [
       1222644.8624187412,
       366714.3034192601,
       272
      ],
      [
       1222644.9069069119,
       366713.5549330524,
       272
      ],
      [
       1222644.9425235167,
       366712.80644684477,
       272
      ],
      [
       1222644.9494443065,
       366712.05796063715,
       272
      ],
      [
       1222644.9276692807,
       366711.30947442935,
       272
      ],
      [
       1222644.8771984396,
       366710.5609882217,
       272
      ],
      [
       1222644.7980317832,
       366709.8125020141,
       272
      ],
      [
       1222644.6837785954,
       366709.0640158064,
       272
      ],
      [
       1222644.5344388762,
       366708.3155295988,
       272
      ],
      [
       1222644.350012626,
       366707.5670433911,
       272
      ],
      [
       1222644.130499845,
       366706.8185571834,
       272
      ],
      [
       1222643.9525437958,
       366706.21238001424,
       272
      ],
      [
       1222643.816144479,
       366705.74851188384,
       272
      ],
      [
       1222643.7213018946,
       366705.426952792,
       272
      ],
      [
       1222643.668016043,
       366705.2477027386,
       272
      ],
      [
       1222643.5885726744,
       366704.9709561601,
       272
      ],
      [
       1222643.4829717893,
       366704.5967130563,
       272
      ],
      [
       1222643.3512133877,
       366704.12497342716,
       272
      ],
      [
       1222643.1932974695,
       366703.5557372727,
       272
      ],
      [
       1222643.047388388,
       366702.941688605,
       272
      ],
      [
       1222642.913486143,
       366702.282827424,
       272
      ],
      [
       1222642.7915907349,
       366701.57915372966,
       272
      ],
      [
       1222642.681702163,
       366700.830667522,
       272
      ],
      [
       1222642.584567451,
       366700.0821813143,
       272
      ],
      [
       1222642.500186598,
       366699.3336951067,
       272
      ],
      [
       1222642.4285596046,
       366698.585208899,
       272
      ],
      [
       1222642.3696864708,
       366697.8367226913,
       272
      ],
      [
       1222642.3023597384,
       366697.0882364836,
       272
      ],
      [
       1222642.2265794077,
       366696.33975027606,
       272
      ],
      [
       1222642.1423454788,
       366695.5912640684,
       272
      ],
      [
       1222642.049657951,
       366694.8427778607,
       272
      ],
      [
       1222641.9429436834,
       366694.094291653,
       272
      ],
      [
       1222641.8222026755,
       366693.3458054454,
       272
      ],
      [
       1222641.6874349278,
       366692.5973192377,
       272
      ],
      [
       1222641.53864044,
       366691.84883303003,
       272
      ],
      [
       1222641.382633373,
       366691.10034682235,
       272
      ],
      [
       1222641.2194137268,
       366690.3518606147,
       272
      ],
      [
       1222641.0489815017,
       366689.60337440704,
       272
      ],
      [
       1222640.8713366978,
       366688.8548881993,
       272
      ],
      [
       1222640.7374326538,
       366688.29108117847,
       272
      ],
      [
       1222640.6472693693,
       366687.91195334453,
       272
      ],
      [
       1222640.6008468452,
       366687.7175046974,
       272
      ],
      [
       1222640.5981650806,
       366687.7077352371,
       272
      ],
      [
       1222640.5192030452,
       366687.51572895504,
       272
      ],
      [
       1222640.3639607383,
       366687.14148585114,
       272
      ],
      [
       1222640.1324381605,
       366686.58500592556,
       272
      ],
      [
       1222639.824635311,
       366685.8462891782,
       272
      ]
     ]
    },
    "elevationFt": 272,
    "weight": "intermediate",
    "hidden": false
   }
  },
  {
   "type": "Feature",
   "geometry": {
    "type": "LineString",
    "coordinates": [
     [
      -77.31353271560225,
      38.67299017429159
     ],
     [
      -77.31353533501401,
      38.672989651197476
     ],
     [
      -77.31353795466465,
      38.67298918263294
     ],
     [
      -77.31354057455415,
      38.672988768597996
     ],
     [
      -77.31354319443511,
      38.67298835261704
     ],
     [
      -77.3135458143075,
      38.67298793469004
     ],
     [
      -77.31354843417134,
      38.67298751481704
     ],
     [
      -77.31355105402662,
      38.672987092998014
     ],
     [
      -77.31355353883399,
      38.67298663930014
     ],
     [
      -77.31355588859343,
      38.67298615372343
     ],
     [
      -77.31355810330496,
      38.6729856362679
     ],
     [
      -77.31356018296856,
      38.672985086933544
     ],
     [
      -77.31356187748216,
      38.67298464245475
     ],
     [
      -77.31356318684574,
      38.672984302831516
     ],
     [
      -77.31356411105934,
      38.67298406806385
     ],
     [
      -77.31356465012291,
      38.67298393815178
     ],
     [
      -77.31356570857425,
      38.67298355036823
     ],
     [
      -77.31356728641326,
      38.672982904713166
     ],
     [
      -77.31356938363996,
      38.67298200118659
     ],
     [
      -77.31357200025428,
      38.67298083978846
     ],
     [
      -77.31357427132234,
      38.672979774802506
     ],
     [
      -77.31357619684415,
      38.67297880622873
     ],
     [
      -77.31357777681974,
      38.672977934067184
     ],
     [
      -77.31357901124913,
      38.67297715831783
     ],
     [
      -77.31358028167024,
      38.67297626395858
     ],
     [
      -77.31358158808308,
      38.6729752509894
     ],
     [
      -77.31358293048764,
      38.67297411941029
     ],
     [
      -77.3135843088839,
      38.67297286922126
     ],
     [
      -77.31358569103662,
      38.67297172845121
     ],
     [
      -77.31358707694582,
      38.67297069710013
     ],
     [
      -77.31358846661149,
      38.672969775168
     ],
     [
      -77.31358986003364,
      38.67296896265484
     ],
     [
      -77.3135912103902,
      38.67296815014452
     ],
     [
      -77.31359251768116,
      38.67296733763704
     ],
     [
      -77.31359378190653,
      38.672966525132395
     ],
     [
      -77.31359500306631,
      38.672965712630564
     ],
     [
      -77.31359657405545,
      38.67296503334746
     ],
     [
      -77.31359849487394,
      38.67296448728304
     ],
     [
      -77.3136007655218,
      38.67296407443731
     ],
     [
      -77.31360338599903,
      38.67296379481022
     ],
     [
      -77.3136060075085,
      38.672963750743236
     ],
     [
      -77.31360863005025,
      38.67296394223631
     ],
     [
      -77.3136112536243,
      38.672964369289446
     ],
     [
      -77.31361387823067,
      38.672965031902685
     ],
     [
      -77.31361603362005,
      38.672965631384535
     ],
     [
      -77.31361771979239,
      38.67296616773501
     ],
     [
      -77.31361893674769,
      38.67296664095418
     ],
     [
      -77.31361968448594,
      38.67296705104202
     ],
     [
      -77.31362071516982,
      38.672967573053114
     ],
     [
      -77.31362202879934,
      38.672968206987456
     ],
     [
      -77.31362362537453,
      38.67296895284504
     ],
     [
      -77.3136255048954,
      38.67296981062584
     ],
     [
      -77.3136275695869,
      38.67297036842398
     ],
     [
      -77.31362981944905,
      38.6729706262395
     ],
     [
      -77.31363225448182,
      38.67297058407235
     ],
     [
      -77.31363487468514,
      38.67297024192253
     ],
     [
      -77.31363698957155,
      38.67296985296936
     ],
     [
      -77.31363859914103,
      38.67296941721283
     ],
     [
      -77.3136397033936,
      38.672968934652985
     ],
     [
      -77.31364030232926,
      38.672968405289815
     ],
     [
      -77.31364103389835,
      38.67296749369744
     ],
     [
      -77.31364189810087,
      38.67296619987585
     ],
     [
      -77.31364289493679,
      38.67296452382502
     ],
     [
      -77.31364402440609,
      38.67296246554499
     ],
     [
      -77.31364508992779,
      38.67296044966367
     ],
     [
      -77.31364609150194,
      38.67295847618109
     ],
     [
      -77.31364702912852,
      38.67295654509721
     ],
     [
      -77.31364790280755,
      38.67295465641208
     ],
     [
      -77.31364857584788,
      38.67295319762385
     ],
     [
      -77.31364904824956,
      38.67295216873248
     ],
     [
      -77.31364932001259,
      38.672951569738025
     ],
     [
      -77.31364939113699,
      38.67295140064045
     ],
     [
      -77.31364995402316,
      38.67295075863535
     ],
     [
      -77.31365100867107,
      38.67294964372273
     ],
     [
      -77.31365255508071,
      38.672948055902566
     ],
     [
      -77.31365459325198,
      38.67294599517485
     ],
     [
      -77.3136562472212,
      38.6729443771919
     ],
     [
      -77.31365751698841,
      38.67294320195377
     ],
     [
      -77.31365840255368,
      38.67294246946045
     ],
     [
      -77.31365890391703,
      38.67294217971197
     ],
     [
      -77.31365993352516,
      38.67294154263178
     ],
     [
      -77.31366149137804,
      38.672940558219906
     ],
     [
      -77.31366357747564,
      38.672939226476295
     ],
     [
      -77.3136661918179,
      38.67293754740094
     ],
     [
      -77.31366819392954,
      38.67293626428137
     ],
     [
      -77.31366958381071,
      38.67293537711762
     ],
     [
      -77.31367036146138,
      38.67293488590972
     ],
     [
      -77.3136705268816,
      38.67293479065766
     ],
     [
      -77.31367126377447,
      38.67293445952907
     ],
     [
      -77.31367257213998,
      38.672933892523936
     ],
     [
      -77.31367445197809,
      38.67293308964225
     ],
     [
      -77.31367690328877,
      38.67293205088397
     ],
     [
      -77.31367918679963,
      38.672931014845794
     ],
     [
      -77.31368130251067,
      38.6729299815277
     ],
     [
      -77.31368325042192,
      38.6729289509297
     ],
     [
      -77.31368503053334,
      38.67292792305182
     ],
     [
      -77.31368657444845,
      38.672927051871625
     ],
     [
      -77.31368788216726,
      38.67292633738915
     ],
     [
      -77.31368895368978,
      38.67292577960438
     ],
     [
      -77.31368978901604,
      38.67292537851732
     ],
     [
      -77.31369104888482,
      38.67292466189558
     ],
     [
      -77.31369273329611,
      38.67292362973912
     ],
     [
      -77.31369484224986,
      38.67292228204791
     ],
     [
      -77.31369737574602,
      38.67292061882195
     ],
     [
      -77.31369929604587,
      38.67291935982355
     ],
     [
      -77.31370060314946,
      38.67291850505273
     ],
     [
      -77.31370129705682,
      38.67291805450953
     ],
     [
      -77.31370137776801,
      38.67291800819395
     ],
     [
      -77.3137020921294,
      38.67291760908878
     ],
     [
      -77.313703440141,
      38.67291685719398
     ],
     [
      -77.31370542180274,
      38.67291575250955
     ],
     [
      -77.31370803711457,
      38.672914295035454
     ],
     [
      -77.31371019434495,
      38.67291306172472
     ],
     [
      -77.3137118934939,
      38.67291205257735
     ],
     [
      -77.3137131345615,
      38.67291126759337
     ],
     [
      -77.31371391754773,
      38.67291070677281
     ],
     [
      -77.31371496257925,
      38.67290999596023
     ],
     [
      -77.31371626965603,
      38.67290913515564
     ],
     [
      -77.31371783877805,
      38.672908124359054
     ],
     [
      -77.3137196699453,
      38.67290696357045
     ],
     [
      -77.3137213580002,
      38.67290586728554
     ],
     [
      -77.31372290294271,
      38.672904835504376
     ],
     [
      -77.31372430477292,
      38.672903868226946
     ],
     [
      -77.31372556349078,
      38.67290296545325
     ],
     [
      -77.3137268463095,
      38.672902065768746
     ],
     [
      -77.31372815322909,
      38.672901169173464
     ],
     [
      -77.31372948424954,
      38.672900275667374
     ],
     [
      -77.31373083937085,
      38.67289938525049
     ],
     [
      -77.31373244231789,
      38.67289842373941
     ],
     [
      -77.31373429309062,
      38.67289739113413
     ],
     [
      -77.31373639168903,
      38.67289628743464
     ],
     [
      -77.31373873811313,
      38.67289511264091
     ],
     [
      -77.31374056532503,
      38.67289420017567
     ],
     [
      -77.3137418733248,
      38.672893550038886
     ],
     [
      -77.31374266211246,
      38.672893162230636
     ],
     [
      -77.31374293168803,
      38.67289303675091
     ],
     [
      -77.31374378785357,
      38.67289261392434
     ],
     [
      -77.31374523060907,
      38.67289189375094
     ],
     [
      -77.31374725995448,
      38.67289087623069
     ],
     [
      -77.31374987588977,
      38.672889561363526
     ],
     [
      -77.3137521516141,
      38.67288841870135
     ],
     [
      -77.31375408712745,
      38.67288744824413
     ],
     [
      -77.3137556824299,
      38.67288664999194
     ],
     [
      -77.31375693752145,
      38.672886023944756
     ],
     [
      -77.3137582191083,
      38.672885395285014
     ],
     [
      -77.31375952719046,
      38.67288476401272
     ],
     [
      -77.31376086176792,
      38.67288413012786
     ],
     [
      -77.31376222284068,
      38.67288349363045
     ],
     [
      -77.3137638976793,
      38.672882699029856
     ],
     [
      -77.31376588628373,
      38.672881746326034
     ],
     [
      -77.313768188654,
      38.672880635519
     ],
     [
      -77.31377080479002,
      38.672879366608726
     ],
     [
      -77.31377283674058,
      38.672878374601105
     ],
     [
      -77.31377428450573,
      38.67287765949615
     ],
     [
      -77.31377514808547,
      38.67287722129391
     ],
     [
      -77.31377542747985,
      38.672877059994356
     ],
     [
      -77.31377622108768,
      38.67287663399057
     ],
     [
      -77.31377752890891,
      38.672875943282506
     ],
     [
      -77.31377935094355,
      38.67287498787019
     ],
     [
      -77.31378168719151,
      38.67287376775356
     ],
     [
      -77.31378384250463,
      38.67287264122565
     ],
     [
      -77.31378581688291,
      38.67287160828648
     ],
     [
      -77.31378761032636,
      38.672870668936056
     ],
     [
      -77.31378922283498,
      38.672869823174366
     ],
     [
      -77.31379068302364,
      38.672869060383064
     ],
     [
      -77.31379199089235,
      38.672868380562115
     ],
     [
      -77.3137931464411,
      38.672867783711595
     ],
     [
      -77.31379414966989,
      38.67286726983145
     ],
     [
      -77.313795556153,
      38.67286657352128
     ],
     [
      -77.3137973658904,
      38.6728656947811
     ],
     [
      -77.31379957888204,
      38.67286463361088
     ],
     [
      -77.31380219512792,
      38.67286339001058
     ],
     [
      -77.31380431719873,
      38.67286238000171
     ],
     [
      -77.31380594509454,
      38.672861603584266
     ],
     [
      -77.31380707881537,
      38.67286106075826
     ],
     [
      -77.31380771836123,
      38.67286075152375
     ],
     [
      -77.31380869210062,
      38.672860264357006
     ],
     [
      -77.31381000003356,
      38.67285959925801
     ],
     [
      -77.31381164215998,
      38.672858756226745
     ],
     [
      -77.31381361847988,
      38.672857735263214
     ],
     [
      -77.31381558113101,
      38.672856708345805
     ],
     [
      -77.31381753011337,
      38.67285567547453
     ],
     [
      -77.31381946542695,
      38.67285463664937
     ],
     [
      -77.31382138707175,
      38.67285359187037
     ],
     [
      -77.31382300169244,
      38.67285269861114
     ],
     [
      -77.313824309289,
      38.67285195687168
     ],
     [
      -77.31382530986149,
      38.67285136665204
     ],
     [
      -77.31382600340987,
      38.67285092795221
     ],
     [
      -77.3138271385855,
      38.67285019266807
     ],
     [
      -77.31382871538833,
      38.67284916079962
     ],
     [
      -77.31383073381832,
      38.67284783234683
     ],
     [
      -77.31383319387544,
      38.672846207309696
     ],
     [
      -77.31383507741076,
      38.67284495748526
     ],
     [
      -77.31383638442436,
      38.672844082873546
     ],
     [
      -77.31383711491627,
      38.672843583474595
     ],
     [
      -77.31383726888654,
      38.67284345928839
     ],
     [
      -77.31383803802917,
      38.67284296490802
     ],
     [
      -77.31383942234416,
      38.672842100333504
     ],
     [
      -77.31384142183146,
      38.67284086556482
     ],
     [
      -77.31384403649098,
      38.67283926060193
     ],
     [
      -77.3138461203659,
      38.672837973160874
     ],
     [
      -77.31384767345628,
      38.672837003241696
     ],
     [
      -77.31384869576216,
      38.67283635084441
     ],
     [
      -77.31384918728357,
      38.67283601596905
     ],
     [
      -77.31385008639917,
      38.672835376628655
     ],
     [
      -77.31385139310896,
      38.67283443282321
     ],
     [
      -77.3138531074129,
      38.672833184552736
     ],
     [
      -77.31385522931093,
      38.6728316318172
     ],
     [
      -77.31385695768641,
      38.672830339841056
     ],
     [
      -77.31385829253935,
      38.67282930862431
     ],
     [
      -77.31385923386982,
      38.67282853816699
     ],
     [
      -77.3138597816778,
      38.672828028469105
     ],
     [
      -77.31386070854487,
      38.67282721241126
     ],
     [
      -77.31386201447103,
      38.67282608999348
     ],
     [
      -77.3138636994562,
      38.6728246612157
     ],
     [
      -77.31386576350037,
      38.672822926077956
     ],
     [
      -77.31386745080444,
      38.67282154293338
     ],
     [
      -77.31386876136844,
      38.672820511781985
     ],
     [
      -77.31386969519242,
      38.672819832623794
     ],
     [
      -77.31387025227639,
      38.67281950545879
     ],
     [
      -77.3138711839131,
      38.67281881071605
     ],
     [
      -77.3138724901025,
      38.67281774839558
     ],
     [
      -77.31387417084458,
      38.672816318497354
     ],
     [
      -77.31387622613929,
      38.67281452102133
     ],
     [
      -77.31387782373712,
      38.67281310693757
     ],
     [
      -77.31387896363807,
      38.67281207624607
     ],
     [
      -77.31387964584225,
      38.67281142894683
     ],
     [
      -77.31387987034964,
      38.672811165039874
     ],
     [
      -77.31388027858965,
      38.67281045265364
     ],
     [
      -77.31388087056226,
      38.672809291788134
     ],
     [
      -77.31388164626746,
      38.6728076824433
     ],
     [
      -77.3138826057052,
      38.672805624619194
     ],
     [
      -77.3138834077101,
      38.67280356721945
     ],
     [
      -77.31388405228216,
      38.67280151024402
     ],
     [
      -77.31388453942141,
      38.67279945369296
     ],
     [
      -77.31388486912786,
      38.67279739756626
     ],
     [
      -77.31388516585892,
      38.672795341528435
     ],
     [
      -77.31388542961461,
      38.67279328557949
     ],
     [
      -77.31388566039492,
      38.67279122971944
     ],
     [
      -77.31388585819987,
      38.67278917394825
     ],
     [
      -77.31388605874612,
      38.672787118169694
     ],
     [
      -77.31388626203372,
      38.67278506238375
     ],
     [
      -77.31388646806262,
      38.6727830065904
     ],
     [
      -77.31388667683287,
      38.67278095078967
     ],
     [
      -77.31388687537124,
      38.67277889501651
     ],
     [
      -77.31388706367777,
      38.672776839270945
     ],
     [
      -77.31388724175247,
      38.672774783552946
     ],
     [
      -77.31388740959531,
      38.67277272786253
     ],
     [
      -77.31388755892472,
      38.67277067222202
     ],
     [
      -77.31388768974067,
      38.672768616631416
     ],
     [
      -77.3138878020432,
      38.67276656109069
     ],
     [
      -77.31388789583228,
      38.672764505599886
     ],
     [
      -77.31388798833056,
      38.672762450112565
     ],
     [
      -77.31388807953805,
      38.6727603946287
     ],
     [
      -77.3138881694547,
      38.67275833914834
     ],
     [
      -77.31388825808057,
      38.67275628367145
     ],
     [
      -77.31388833689456,
      38.672754228221
     ],
     [
      -77.31388840589668,
      38.67275217279701
     ],
     [
      -77.31388846508693,
      38.672750117399445
     ],
     [
      -77.31388851446532,
      38.67274806202836
     ],
     [
      -77.31388853575002,
      38.67274600673297
     ],
     [
      -77.31388852894105,
      38.67274395151333
     ],
     [
      -77.3138884940384,
      38.67274189636941
     ],
     [
      -77.31388843104205,
      38.67273984130121
     ],
     [
      -77.31388834112215,
      38.672737786305575
     ],
     [
      -77.31388822427868,
      38.67273573138253
     ],
     [
      -77.31388808051167,
      38.67273367653205
     ],
     [
      -77.3138879098211,
      38.67273162175415
     ],
     [
      -77.31388780505048,
      38.67272956679856
     ],
     [
      -77.31388776619984,
      38.672727511665265
     ],
     [
      -77.31388779326915,
      38.6727254563543
     ],
     [
      -77.31388788625839,
      38.67272340086564
     ],
     [
      -77.3138880402864,
      38.67272157160317
     ],
     [
      -77.31388825535318,
      38.6727199685669
     ],
     [
      -77.3138885314587,
      38.67271859175684
     ],
     [
      -77.31388886860302,
      38.672717441172956
     ],
     [
      -77.3138892301402,
      38.6727163515514
     ],
     [
      -77.3138896160703,
      38.67271532289211
     ],
     [
      -77.3138900263933,
      38.67271435519511
     ],
     [
      -77.31389046110918,
      38.67271344846039
     ],
     [
      -77.31389116748967,
      38.67271225357464
     ],
     [
      -77.3138921455347,
      38.67271077053782
     ],
     [
      -77.31389339524428,
      38.67270899934992
     ],
     [
      -77.31389491661834,
      38.672706940010954
     ],
     [
      -77.31389621982206,
      38.67270517317943
     ],
     [
      -77.3138973048554,
      38.672703698855365
     ],
     [
      -77.31389817171848,
      38.67270251703876
     ],
     [
      -77.31389882041124,
      38.672701627729616
     ],
     [
      -77.31389972643862,
      38.67270066769754
     ],
     [
      -77.31390088980062,
      38.672699636942575
     ],
     [
      -77.31390231049721,
      38.67269853546464
     ],
     [
      -77.31390398852837,
      38.67269736326381
     ],
     [
      -77.3139054810325,
      38.672696336108075
     ],
     [
      -77.31390678800965,
      38.672695453997434
     ],
     [
      -77.3139079094598,
      38.67269471693192
     ],
     [
      -77.31390884538297,
      38.67269412491152
     ],
     [
      -77.31391020274651,
      38.672693680437206
     ],
     [
      -77.3139119815504,
      38.672693383508886
     ],
     [
      -77.31391418179467,
      38.672693234126605
     ],
     [
      -77.31391680347932,
      38.67269323229033
     ],
     [
      -77.3139191906582,
      38.672693375844986
     ],
     [
      -77.3139213433313,
      38.67269366479054
     ],
     [
      -77.31392326149867,
      38.672694099127064
     ],
     [
      -77.31392494516031,
      38.67269467885457
     ],
     [
      -77.31392644331964,
      38.672695175102625
     ],
     [
      -77.3139277559767,
      38.672695587871274
     ],
     [
      -77.31392888313148,
      38.67269591716056
     ],
     [
      -77.31392982478397,
      38.67269616297041
     ],
     [
      -77.31393118716598,
      38.67269651133146
     ],
     [
      -77.31393297027753,
      38.672696962243656
     ],
     [
      -77.31393517411864,
      38.672697515706986
     ],
     [
      -77.31393779868931,
      38.672698171721464
     ],
     [
      -77.31394042328911,
      38.672698834365605
     ],
     [
      -77.31394304791806,
      38.672699503639436
     ],
     [
      -77.31394567257612,
      38.67270017954295
     ],
     [
      -77.31394829726332,
      38.67270086207615
     ],
     [
      -77.31395050725497,
      38.67270148687249
     ],
     [
      -77.31395230255104,
      38.67270205393203
     ],
     [
      -77.31395368315152,
      38.672702563254745
     ],
     [
      -77.31395464905641,
      38.672703014840664
     ],
     [
      -77.31395578884505,
      38.672703562700576
     ],
     [
      -77.31395710251746,
      38.672704206834446
     ],
     [
      -77.31395859007365,
      38.67270494724225
     ],
     [
      -77.31396025151363,
      38.67270578392404
     ],
     [
      -77.3139620387904,
      38.67270671349539
     ],
     [
      -77.31396395190396,
      38.67270773595636
     ],
     [
      -77.31396599085433,
      38.67270885130691
     ],
     [
      -77.31396815564152,
      38.67271005954706
     ],
     [
      -77.31396989509005,
      38.67271103555829
     ],
     [
      -77.31397120919992,
      38.67271177934068
     ],
     [
      -77.31397209797106,
      38.67271229089419
     ],
     [
      -77.31397256140349,
      38.67271257021887
     ],
     [
      -77.3139735661837,
      38.67271318600333
     ],
     [
      -77.31397511231171,
      38.67271413824757
     ],
     [
      -77.31397719978757,
      38.672715426951584
     ],
     [
      -77.31397982861134,
      38.67271705211532
     ],
     [
      -77.31398184779526,
      38.67271830646283
     ],
     [
      -77.31398325733929,
      38.67271918999416
     ],
     [
      -77.31398405724337,
      38.67271970270934
     ],
     [
      -77.31398424750748,
      38.67271984460835
     ],
     [
      -77.3139849179927,
      38.672720463419026
     ],
     [
      -77.31398606869907,
      38.672721559141344
     ],
     [
      -77.31398769962661,
      38.6727231317753
     ],
     [
      -77.31398981077541,
      38.67272518132087
     ],
     [
      -77.31399147688371,
      38.67272678061941
     ],
     [
      -77.31399269795146,
      38.67272792967091
     ],
     [
      -77.31399347397861,
      38.672728628475404
     ],
     [
      -77.31399380496515,
      38.67272887703293
     ],
     [
      -77.31399471055695,
      38.67272950296369
     ],
     [
      -77.31399619075407,
      38.672730506267726
     ],
     [
      -77.31399824555656,
      38.672731886945
     ],
     [
      -77.31400087496448,
      38.67273364499546
     ],
     [
      -77.31400286372761,
      38.67273497365009
     ],
     [
      -77.31400421184587,
      38.672735872908895
     ],
     [
      -77.31400491931923,
      38.67273634277192
     ],
     [
      -77.31400498614768,
      38.67273638323918
     ],
     [
      -77.31400567643077,
      38.672736732870845
     ],
     [
      -77.31400699016858,
      38.67273739166691
     ],
     [
      -77.31400892736112,
      38.672738359627346
     ],
     [
      -77.31401148800845,
      38.67273963675212
     ],
     [
      -77.3140137399126,
      38.67274078650403
     ],
     [
      -77.31401568307358,
      38.67274180888312
     ],
     [
      -77.31401731749136,
      38.67274270388939
     ],
     [
      -77.31401864316591,
      38.67274347152286
     ],
     [
      -77.3140199630839,
      38.67274423297672
     ],
     [
      -77.3140212772453,
      38.67274498825098
     ],
     [
      -77.31402258565016,
      38.672745737345636
     ],
     [
      -77.31402388829845,
      38.6727464802607
     ],
     [
      -77.31402527176613,
      38.67274736355335
     ],
     [
      -77.31402673605318,
      38.67274838722363
     ],
     [
      -77.31402828115965,
      38.67274955127151
     ],
     [
      -77.31402990708554,
      38.672750855697
     ],
     [
      -77.31403137839239,
      38.67275217338305
     ],
     [
      -77.3140326950802,
      38.67275350432969
     ],
     [
      -77.31403385714897,
      38.672754848536904
     ],
     [
      -77.3140348645987,
      38.67275620600469
     ],
     [
      -77.31403571446437,
      38.67275739761463
     ],
     [
      -77.314036406746,
      38.672758423366716
     ],
     [
      -77.31403694144356,
      38.67275928326093
     ],
     [
      -77.31403731855703,
      38.67275997729729
     ],
     [
      -77.31403754548202,
      38.67276101178484
     ],
     [
      -77.3140376222185,
      38.67276238672358
     ],
     [
      -77.31403754876652,
      38.67276410211352
     ],
     [
      -77.31403732512601,
      38.672766157954655
     ],
     [
      -77.314037123117,
      38.67276794432459
     ],
     [
      -77.31403694273949,
      38.672769461223325
     ],
     [
      -77.31403678399347,
      38.672770708650916
     ],
     [
      -77.31403664687895,
      38.67277168660729
     ],
     [
      -77.3140365117813,
      38.67277268957444
     ],
     [
      -77.3140363787005,
      38.67277371755232
     ],
     [
      -77.31403624763655,
      38.672774770540975
     ],
     [
      -77.31403611858947,
      38.67277584854037
     ],
     [
      -77.31403605560085,
      38.67277673732465
     ],
     [
      -77.31403605867068,
      38.67277743689383
     ],
     [
      -77.31403612779899,
      38.67277794724788
     ],
     [
      -77.31403626298577,
      38.672778268386814
     ],
     [
      -77.31403657852726,
      38.672778942097125
     ],
     [
      -77.31403707442348,
      38.672779968378826
     ],
     [
      -77.31403775067444,
      38.67278134723185
     ],
     [
      -77.31403860728018,
      38.672783078656266
     ],
     [
      -77.31403969413412,
      38.67278465696733
     ],
     [
      -77.31404101123627,
      38.67278608216504
     ],
     [
      -77.31404255858669,
      38.672787354249394
     ],
     [
      -77.31404433618532,
      38.67278847322038
     ],
     [
      -77.3140463253684,
      38.67278944006245
     ],
     [
      -77.31404852613593,
      38.67279025477561
     ],
     [
      -77.3140509384879,
      38.672790917359826
     ],
     [
      -77.31405356242429,
      38.67279142781507
     ],
     [
      -77.31405618582838,
      38.67279181696622
     ],
     [
      -77.31405880870017,
      38.67279208481318
     ],
     [
      -77.31406143103962,
      38.67279223135599
     ],
     [
      -77.31406405284672,
      38.67279225659466
     ],
     [
      -77.31406667455569,
      38.67279225947455
     ],
     [
      -77.31406929616656,
      38.67279223999562
     ],
     [
      -77.3140719176793,
      38.67279219815793
     ],
     [
      -77.3140745390939,
      38.67279213396145
     ],
     [
      -77.3140771609089,
      38.672792160997794
     ],
     [
      -77.3140797831243,
      38.67279227926698
     ],
     [
      -77.31408240574012,
      38.67279248876898
     ],
     [
      -77.31408502875635,
      38.672792789503816
     ],
     [
      -77.31408708330687,
      38.672793047556546
     ],
     [
      -77.31408856939164,
      38.6727932629272
     ],
     [
      -77.31408948701068,
      38.672793435615795
     ],
     [
      -77.31408983616396,
      38.67279356562236
     ],
     [
      -77.31409066727427,
      38.6727938834362
     ],
     [
      -77.31409198034163,
      38.67279438905731
     ],
     [
      -77.31409377536605,
      38.67279508248567
     ],
     [
      -77.3140960523476,
      38.67279596372126
     ],
     [
      -77.31409831931794,
      38.67279691510471
     ],
     [
      -77.3141005762771,
      38.67279793663598
     ],
     [
      -77.3141028232251,
      38.67279902831506
     ],
     [
      -77.31410506016195,
      38.67280019014198
     ],
     [
      -77.31410683558481,
      38.67280111969696
     ],
     [
      -77.31410814949366,
      38.67280181698
     ],
     [
      -77.31410900188847,
      38.67280228199111
     ],
     [
      -77.31410939276923,
      38.672802514730314
     ],
     [
      -77.31411034272432,
      38.67280300149134
     ],
     [
      -77.3141118517538,
      38.67280374227414
     ],
     [
      -77.31411391985765,
      38.67280473707875
     ],
     [
      -77.31411654703594,
      38.6728059859051
     ],
     [
      -77.31411895406514,
      38.672807062729824
     ],
     [
      -77.31412114094516,
      38.67280796755292
     ],
     [
      -77.31412310767601,
      38.67280870037446
     ],
     [
      -77.31412485425768,
      38.672809261194374
     ],
     [
      -77.31412638401082,
      38.67280977808812
     ],
     [
      -77.31412769693539,
      38.67281025105566
     ],
     [
      -77.3141287930314,
      38.672810680096994
     ],
     [
      -77.31412967229886,
      38.672811065212144
     ],
     [
      -77.31413098783241,
      38.67281150411078
     ],
     [
      -77.3141327396321,
      38.67281199679287
     ],
     [
      -77.31413492769792,
      38.67281254325843
     ],
     [
      -77.31413755202986,
      38.672813143507405
     ],
     [
      -77.31414017606525,
      38.67281367618601
     ],
     [
      -77.31414279980406,
      38.67281414129424
     ],
     [
      -77.3141454232463,
      38.67281453883207
     ],
     [
      -77.31414804639195,
      38.67281486879954
     ],
     [
      -77.31415066924792,
      38.67281513277445
     ],
     [
      -77.31415329181424,
      38.67281533075678
     ],
     [
      -77.31415591409085,
      38.672815462746534
     ],
     [
      -77.31415853607777,
      38.672815528743726
     ],
     [
      -77.31416115812583,
      38.67281560866535
     ],
     [
      -77.31416378023502,
      38.67281570251139
     ],
     [
      -77.31416640240535,
      38.672815810281875
     ]
    ]
   },
   "properties": {
    "id": "ct-10",
    "kind": "Contour",
    "sourceId": "contours",
    "reliabilityLevel": 1,
    "revision": 1,
    "engineeringGeometry": {
     "crs": "EPSG:2248",
     "crsName": "NAD83 / Maryland State Plane (US survey feet)",
     "datum": "NAD83",
     "unit": "usSurveyFoot",
     "coordinates": [
      [
       1222820.605075379,
       366641.95187500044,
       274
      ],
      [
       1222819.856589171,
       366641.7639405891,
       274
      ],
      [
       1222819.1081029633,
       366641.5958652781,
       274
      ],
      [
       1222818.359616756,
       366641.4476490675,
       274
      ],
      [
       1222817.6111305482,
       366641.29872415867,
       274
      ],
      [
       1222816.8626443404,
       366641.14909055154,
       274
      ],
      [
       1222816.1141581326,
       366640.99874824623,
       274
      ],
      [
       1222815.3656719252,
       366640.8476972427,
       274
      ],
      [
       1222814.6557014906,
       366640.68490404374,
       274
      ],
      [
       1222813.9842468288,
       366640.5103686494,
       274
      ],
      [
       1222813.3513079402,
       366640.3240910597,
       274
      ],
      [
       1222812.756884825,
       366640.1260712746,
       274
      ],
      [
       1222812.2725517154,
       366639.96586059633,
       274
      ],
      [
       1222811.8983086115,
       366639.8434590251,
       274
      ],
      [
       1222811.6341555135,
       366639.75886656065,
       274
      ],
      [
       1222811.4800924212,
       366639.7120832032,
       274
      ],
      [
       1222811.1774235503,
       366639.57189633435,
       274
      ],
      [
       1222810.7261489,
       366639.3383059541,
       274
      ],
      [
       1222810.1262684714,
       366639.0113120626,
       274
      ],
      [
       1222809.377782264,
       366638.5909146597,
       274
      ],
      [
       1222808.7280687776,
       366638.20529024577,
       274
      ],
      [
       1222808.1771280123,
       366637.8544388207,
       274
      ],
      [
       1222807.7249599684,
       366637.53836038447,
       274
      ],
      [
       1222807.3715646456,
       366637.2570549372,
       274
      ],
      [
       1222807.0077454322,
       366636.9325888737,
       274
      ],
      [
       1222806.6335023285,
       366636.56496219407,
       274
      ],
      [
       1222806.248835334,
       366636.1541748983,
       274
      ],
      [
       1222805.853744449,
       366635.70022698643,
       274
      ],
      [
       1222805.45771798,
       366635.28613147856,
       274
      ],
      [
       1222805.0607559267,
       366634.9118883747,
       274
      ],
      [
       1222804.6628582892,
       366634.5774976749,
       274
      ],
      [
       1222804.2640250677,
       366634.2829593792,
       274
      ],
      [
       1222803.877486905,
       366633.98837988527,
       274
      ],
      [
       1222803.5032438012,
       366633.6937591931,
       274
      ],
      [
       1222803.1412957562,
       366633.3990973028,
       274
      ],
      [
       1222802.7916427702,
       366633.1043942143,
       274
      ],
      [
       1222802.3422814787,
       366632.8585504401,
       274
      ],
      [
       1222801.7932118818,
       366632.6615659803,
       274
      ],
      [
       1222801.1444339794,
       366632.5134408349,
       274
      ],
      [
       1222800.3959477716,
       366632.41417500377,
       274
      ],
      [
       1222799.647461564,
       366632.40069758194,
       274
      ],
      [
       1222798.8989753565,
       366632.4730085694,
       274
      ],
      [
       1222798.1504891487,
       366632.6311079661,
       274
      ],
      [
       1222797.4020029414,
       366632.87499577214,
       274
      ],
      [
       1222796.7873974456,
       366633.095431905,
       274
      ],
      [
       1222796.306672662,
       366633.2924163648,
       274
      ],
      [
       1222795.95982859,
       366633.46594915155,
       274
      ],
      [
       1222795.7468652304,
       366633.6160302651,
       274
      ],
      [
       1222795.4532619985,
       366633.80714963574,
       274
      ],
      [
       1222795.0790188946,
       366634.03930726345,
       274
      ],
      [
       1222794.624135919,
       366634.31250314816,
       274
      ],
      [
       1222794.0886130708,
       366634.6267372898,
       274
      ],
      [
       1222793.4998493828,
       366634.83190397936,
       274
      ],
      [
       1222792.8578448552,
       366634.9280032169,
       274
      ],
      [
       1222792.1625994872,
       366634.9150350023,
       274
      ],
      [
       1222791.41411328,
       366634.79299933556,
       274
      ],
      [
       1222790.8098345692,
       366634.6534229668,
       274
      ],
      [
       1222790.3497633557,
       366634.4963058959,
       274
      ],
      [
       1222790.0338996395,
       366634.32164812303,
       274
      ],
      [
       1222789.8622434207,
       366634.129449648,
       274
      ],
      [
       1222789.6522425944,
       366633.7981792399,
       274
      ],
      [
       1222789.4038971611,
       366633.3278368986,
       274
      ],
      [
       1222789.1172071209,
       366632.7184226241,
       274
      ],
      [
       1222788.7921724734,
       366631.9699364164,
       274
      ],
      [
       1222788.4854476526,
       366631.23682845413,
       274
      ],
      [
       1222788.1970326582,
       366630.51909873716,
       274
      ],
      [
       1222787.9269274904,
       366629.8167472656,
       274
      ],
      [
       1222787.6751321494,
       366629.1297740394,
       274
      ],
      [
       1222787.4811563087,
       366628.59916587436,
       274
      ],
      [
       1222787.344999969,
       366628.2249227705,
       274
      ],
      [
       1222787.26666313,
       366628.00704472786,
       274
      ],
      [
       1222787.2461457914,
       366627.94553174643,
       274
      ],
      [
       1222787.0846405586,
       366627.7122754584,
       274
      ],
      [
       1222786.7821474308,
       366627.30727586383,
       274
      ],
      [
       1222786.3386664086,
       366626.7305329627,
       274
      ],
      [
       1222785.754197492,
       366625.9820467551,
       274
      ],
      [
       1222785.2799708163,
       366625.39442455943,
       274
      ],
      [
       1222784.9159863815,
       366624.9676663757,
       274
      ],
      [
       1222784.6622441881,
       366624.701772204,
       274
      ],
      [
       1222784.5187442356,
       366624.5967420444,
       274
      ],
      [
       1222784.2239977194,
       366624.3657371799,
       274
      ],
      [
       1222783.7780046393,
       366624.00875761046,
       274
      ],
      [
       1222783.1807649953,
       366623.5258033362,
       274
      ],
      [
       1222782.432278788,
       366622.91687435703,
       274
      ],
      [
       1222781.8590776166,
       366622.4515458555,
       274
      ],
      [
       1222781.4611614812,
       366622.12981783145,
       274
      ],
      [
       1222781.238530382,
       366621.95169028506,
       274
      ],
      [
       1222781.191184319,
       366621.91716321616,
       274
      ],
      [
       1222780.9803897357,
       366621.79729412915,
       274
      ],
      [
       1222780.6061466318,
       366621.5920830241,
       274
      ],
      [
       1222780.0684550074,
       366621.30152990087,
       274
      ],
      [
       1222779.3673148626,
       366620.9256347595,
       274
      ],
      [
       1222778.7140843412,
       366620.5505656369,
       274
      ],
      [
       1222778.1087634433,
       366620.17632253305,
       274
      ],
      [
       1222777.5513521687,
       366619.80290544796,
       274
      ],
      [
       1222777.0418505175,
       366619.43031438167,
       274
      ],
      [
       1222776.5999781399,
       366619.1145585121,
       274
      ],
      [
       1222776.2257350362,
       366618.85563783936,
       274
      ],
      [
       1222775.919121206,
       366618.65355236334,
       274
      ],
      [
       1222775.6801366496,
       366618.5083020841,
       274
      ],
      [
       1222775.3195518595,
       366618.2485553926,
       274
      ],
      [
       1222774.8373668352,
       366617.87431228877,
       274
      ],
      [
       1222774.2335815774,
       366617.38557277265,
       274
      ],
      [
       1222773.5081960862,
       366616.78233684413,
       274
      ],
      [
       1222772.9583817883,
       366616.32571283705,
       274
      ],
      [
       1222772.5841386847,
       366616.01570075145,
       274
      ],
      [
       1222772.3854667747,
       366615.8523005872,
       274
      ],
      [
       1222772.3623660582,
       366615.8355123446,
       274
      ],
      [
       1222772.1579189692,
       366615.69086518895,
       274
      ],
      [
       1222771.7721255075,
       366615.4183591204,
       274
      ],
      [
       1222771.2049856726,
       366615.01799413905,
       274
      ],
      [
       1222770.456499465,
       366614.48977024487,
       274
      ],
      [
       1222769.8390743926,
       366614.04273380653,
       274
      ],
      [
       1222769.352710455,
       366613.6768848241,
       274
      ],
      [
       1222768.997407653,
       366613.39222329756,
       274
      ],
      [
       1222768.7731659857,
       366613.18874922686,
       274
      ],
      [
       1222768.4739236003,
       366612.9309074654,
       274
      ],
      [
       1222768.0996804964,
       366612.6186980131,
       274
      ],
      [
       1222767.6504366742,
       366612.25212086993,
       274
      ],
      [
       1222767.1261921339,
       366611.8311760359,
       274
      ],
      [
       1222766.6428863795,
       366611.433582067,
       274
      ],
      [
       1222766.2005194114,
       366611.05933896324,
       274
      ],
      [
       1222765.7990912297,
       366610.70844672446,
       274
      ],
      [
       1222765.4386018338,
       366610.38090535067,
       274
      ],
      [
       1222765.071235584,
       366610.05451267003,
       274
      ],
      [
       1222764.6969924802,
       366609.7292686824,
       274
      ],
      [
       1222764.3158725223,
       366609.40517338784,
       274
      ],
      [
       1222763.9278757104,
       366609.0822267862,
       274
      ],
      [
       1222763.4690365342,
       366608.73363193346,
       274
      ],
      [
       1222762.9393549939,
       366608.3593888297,
       274
      ],
      [
       1222762.3388310894,
       366607.9594974747,
       274
      ],
      [
       1222761.6674648211,
       366607.5339578686,
       274
      ],
      [
       1222761.1446601348,
       366607.20344484167,
       274
      ],
      [
       1222760.770417031,
       366606.9679583941,
       274
      ],
      [
       1222760.5447355094,
       366606.82749852556,
       274
      ],
      [
       1222760.4676155704,
       366606.78206523624,
       274
      ],
      [
       1222760.222654064,
       366606.6289183509,
       274
      ],
      [
       1222759.8098509903,
       366606.36805786955,
       274
      ],
      [
       1222759.2292063497,
       366605.9994837921,
       274
      ],
      [
       1222758.4807201424,
       366605.52319611865,
       274
      ],
      [
       1222757.8295785077,
       366605.1092890523,
       274
      ],
      [
       1222757.2757814461,
       366604.7577625931,
       274
      ],
      [
       1222756.8193289572,
       366604.46861674107,
       274
      ],
      [
       1222756.4602210417,
       366604.24185149616,
       274
      ],
      [
       1222756.0935455319,
       366604.01416080166,
       274
      ],
      [
       1222755.719302428,
       366603.78554465756,
       274
      ],
      [
       1222755.3374917302,
       366603.55600306386,
       274
      ],
      [
       1222754.9481134382,
       366603.3255360206,
       274
      ],
      [
       1222754.4689581674,
       366603.03779811034,
       274
      ],
      [
       1222753.9000259174,
       366602.69278933306,
       274
      ],
      [
       1222753.2413166887,
       366602.29050968884,
       274
      ],
      [
       1222752.492830481,
       366601.83095917763,
       274
      ],
      [
       1222751.9114738125,
       366601.4716791309,
       274
      ],
      [
       1222751.4972466836,
       366601.2126695487,
       274
      ],
      [
       1222751.2501490943,
       366601.053930431,
       274
      ],
      [
       1222751.1701810444,
       366600.99546177784,
       274
      ],
      [
       1222750.9430754674,
       366600.8410964923,
       274
      ],
      [
       1222750.5688323635,
       366600.5908345744,
       274
      ],
      [
       1222750.0474517327,
       366600.24467602413,
       274
      ],
      [
       1222749.3789335752,
       366599.8026208415,
       274
      ],
      [
       1222748.762188836,
       366599.39447169827,
       274
      ],
      [
       1222748.197217515,
       366599.0202285944,
       274
      ],
      [
       1222747.6840196124,
       366598.67989152996,
       274
      ],
      [
       1222747.2225951282,
       366598.3734605049,
       274
      ],
      [
       1222746.8047613343,
       366598.09709654865,
       274
      ],
      [
       1222746.4305182304,
       366597.85079966125,
       274
      ],
      [
       1222746.0998658168,
       366597.6345698426,
       274
      ],
      [
       1222745.8128040931,
       366597.4484070927,
       274
      ],
      [
       1222745.4103862487,
       366597.1962018709,
       274
      ],
      [
       1222744.892612283,
       366596.8779541771,
       274
      ],
      [
       1222744.2594821963,
       366596.49366401136,
       274
      ],
      [
       1222743.510995989,
       366596.0433313737,
       274
      ],
      [
       1222742.9038875017,
       366595.6775841904,
       274
      ],
      [
       1222742.4381567347,
       366595.3964224615,
       274
      ],
      [
       1222742.1138036882,
       366595.199846187,
       274
      ],
      [
       1222741.9308283622,
       366595.0878553669,
       274
      ],
      [
       1222741.6522191474,
       366594.9113923316,
       274
      ],
      [
       1222741.2779760435,
       366594.67045708105,
       274
      ],
      [
       1222740.8080990508,
       366594.36504961527,
       274
      ],
      [
       1222740.2425881692,
       366593.99516993435,
       274
      ],
      [
       1222739.6809722073,
       366593.62310854194,
       274
      ],
      [
       1222739.1232511653,
       366593.24886543816,
       274
      ],
      [
       1222738.5694250432,
       366592.8724406229,
       274
      ],
      [
       1222738.019493841,
       366592.4938340961,
       274
      ],
      [
       1222737.557406688,
       366592.17010743363,
       274
      ],
      [
       1222737.1831635842,
       366591.90126063547,
       274
      ],
      [
       1222736.8967645294,
       366591.6872937014,
       274
      ],
      [
       1222736.6982095242,
       366591.5282066316,
       274
      ],
      [
       1222736.3732000901,
       366591.2615415448,
       274
      ],
      [
       1222735.9217362278,
       366590.8872984409,
       274
      ],
      [
       1222735.343817937,
       366590.4054773201,
       274
      ],
      [
       1222734.6394452176,
       366589.8160781822,
       274
      ],
      [
       1222734.100137306,
       366589.3627599305,
       274
      ],
      [
       1222733.725894202,
       366589.04552256496,
       274
      ],
      [
       1222733.5167159059,
       366588.8643660856,
       274
      ],
      [
       1222733.4726024177,
       366588.8192904924,
       274
      ],
      [
       1222733.2523957496,
       366588.6399996528,
       274
      ],
      [
       1222732.8560959015,
       366588.32649356686,
       274
      ],
      [
       1222732.2837028736,
       366587.8787722344,
       274
      ],
      [
       1222731.5352166663,
       366587.29683565575,
       274
      ],
      [
       1222730.9386652494,
       366586.83001471276,
       274
      ],
      [
       1222730.494048623,
       366586.4783094054,
       274
      ],
      [
       1222730.2013667875,
       366586.2417197339,
       274
      ],
      [
       1222730.0606197428,
       366586.12024569826,
       274
      ],
      [
       1222729.8031246685,
       366585.8882902332,
       274
      ],
      [
       1222729.4288815646,
       366585.5458533389,
       274
      ],
      [
       1222728.9378904311,
       366585.09293501533,
       274
      ],
      [
       1222728.3301512683,
       366584.5295352625,
       274
      ],
      [
       1222727.835087994,
       366584.06071383413,
       274
      ],
      [
       1222727.4527006084,
       366583.68647073035,
       274
      ],
      [
       1222727.1829891114,
       366583.40680595103,
       274
      ],
      [
       1222727.0259535029,
       366583.2217194962,
       274
      ],
      [
       1222726.760314147,
       366582.92543351464,
       274
      ],
      [
       1222726.386071043,
       366582.5179480064,
       274
      ],
      [
       1222725.9032241916,
       366581.99926297134,
       274
      ],
      [
       1222725.3117735921,
       366581.3693784096,
       274
      ],
      [
       1222724.8283218043,
       366580.8673145768,
       274
      ],
      [
       1222724.4528688276,
       366580.49307147297,
       274
      ],
      [
       1222724.1854146624,
       366580.2466490981,
       274
      ],
      [
       1222724.0259593085,
       366580.12804745225,
       274
      ],
      [
       1222723.7591100796,
       366579.87594728766,
       274
      ],
      [
       1222723.384866976,
       366579.4903486043,
       274
      ],
      [
       1222722.903229997,
       366578.97125140217,
       274
      ],
      [
       1222722.3141991433,
       366578.31865568145,
       274
      ],
      [
       1222721.8563193497,
       366577.80523626914,
       274
      ],
      [
       1222721.529590617,
       366577.43099316524,
       274
      ],
      [
       1222721.3340129443,
       366577.19592636987,
       274
      ],
      [
       1222721.2695863317,
       366577.100035883,
       274
      ],
      [
       1222721.1521430556,
       366576.84099646594,
       274
      ],
      [
       1222720.981683115,
       366576.4188081187,
       274
      ],
      [
       1222720.7582065107,
       366575.8334708412,
       274
      ],
      [
       1222720.4817132424,
       366575.0849846335,
       274
      ],
      [
       1222720.2501670741,
       366574.3364984258,
       274
      ],
      [
       1222720.0635680058,
       366573.5880122182,
       274
      ],
      [
       1222719.9219160376,
       366572.8395260105,
       274
      ],
      [
       1222719.8252111697,
       366572.0910398028,
       274
      ],
      [
       1222719.7379207762,
       366571.34255359514,
       274
      ],
      [
       1222719.6600448578,
       366570.5940673875,
       274
      ],
      [
       1222719.5915834138,
       366569.84558117983,
       274
      ],
      [
       1222719.5325364445,
       366569.0970949721,
       274
      ],
      [
       1222719.4727068234,
       366568.3486087644,
       274
      ],
      [
       1222719.4120945507,
       366567.6001225568,
       274
      ],
      [
       1222719.350699626,
       366566.8516363491,
       274
      ],
      [
       1222719.2885220496,
       366566.1031501415,
       274
      ],
      [
       1222719.2292656659,
       366565.35466393386,
       274
      ],
      [
       1222719.1729304753,
       366564.60617772606,
       274
      ],
      [
       1222719.1195164772,
       366563.85769151844,
       274
      ],
      [
       1222719.0690236723,
       366563.1092053108,
       274
      ],
      [
       1222719.0238164586,
       366562.36071910313,
       274
      ],
      [
       1222718.9838948364,
       366561.61223289545,
       274
      ],
      [
       1222718.949258806,
       366560.86374668777,
       274
      ],
      [
       1222718.919908367,
       366560.1152604801,
       274
      ],
      [
       1222718.8909264524,
       366559.3667742724,
       274
      ],
      [
       1222718.8623130622,
       366558.6182880648,
       274
      ],
      [
       1222718.8340681964,
       366557.8698018571,
       274
      ],
      [
       1222718.8061918546,
       366557.12131564936,
       274
      ],
      [
       1222718.781116805,
       366556.3728294417,
       274
      ],
      [
       1222718.7588430475,
       366555.62434323406,
       274
      ],
      [
       1222718.7393705822,
       366554.8758570264,
       274
      ],
      [
       1222718.7226994084,
       366554.1273708187,
       274
      ],
      [
       1222718.7140489938,
       366553.378884611,
       274
      ],
      [
       1222718.7134193382,
       366552.6303984034,
       274
      ],
      [
       1222718.7208104413,
       366551.8819121957,
       274
      ],
      [
       1222718.7362223035,
       366551.133425988,
       274
      ],
      [
       1222718.7593208575,
       366550.38493978034,
       274
      ],
      [
       1222718.7901061038,
       366549.6364535728,
       274
      ],
      [
       1222718.8285780416,
       366548.8879673651,
       274
      ],
      [
       1222718.8747366718,
       366548.1394811574,
       274
      ],
      [
       1222718.9020751198,
       366547.39099494973,
       274
      ],
      [
       1222718.9105933853,
       366546.6425087421,
       274
      ],
      [
       1222718.900291469,
       366545.8940225344,
       274
      ],
      [
       1222718.8711693706,
       366545.14553632675,
       274
      ],
      [
       1222718.8249041596,
       366544.47949815553,
       274
      ],
      [
       1222718.7614958365,
       366543.89590802067,
       274
      ],
      [
       1222718.6809444013,
       366543.39476592233,
       274
      ],
      [
       1222718.5832498535,
       366542.9760718604,
       274
      ],
      [
       1222718.4786675365,
       366542.5796032775,
       274
      ],
      [
       1222718.3671974505,
       366542.2053601737,
       274
      ],
      [
       1222718.2488395951,
       366541.8533425489,
       274
      ],
      [
       1222718.1235939707,
       366541.52355040313,
       274
      ],
      [
       1222717.9204280232,
       366541.0890847419,
       274
      ],
      [
       1222717.6393417534,
       366540.54994556523,
       274
      ],
      [
       1222717.280335161,
       366539.90613287303,
       274
      ],
      [
       1222716.8434082451,
       366539.1576466653,
       274
      ],
      [
       1222716.4691346418,
       366538.51547302137,
       274
      ],
      [
       1222716.15751435,
       366537.9796119412,
       274
      ],
      [
       1222715.9085473705,
       366537.55006342474,
       274
      ],
      [
       1222715.722233703,
       366537.22682747204,
       274
      ],
      [
       1222715.462363133,
       366536.87808794377,
       274
      ],
      [
       1222715.1289356612,
       366536.50384484,
       274
      ],
      [
       1222714.721951287,
       366536.1040981606,
       274
      ],
      [
       1222714.2414100107,
       366535.6788479056,
       274
      ],
      [
       1222713.8140178206,
       366535.3062387295,
       274
      ],
      [
       1222713.4397747167,
       366534.9862706323,
       274
      ],
      [
       1222713.118680699,
       366534.71894361393,
       274
      ],
      [
       1222712.8507357675,
       366534.50425767445,
       274
      ],
      [
       1222712.462655517,
       366534.3437194927,
       274
      ],
      [
       1222711.9544399476,
       366534.2373290687,
       274
      ],
      [
       1222711.326089059,
       366534.18508640246,
       274
      ],
      [
       1222710.5776028514,
       366534.18699149403,
       274
      ],
      [
       1222709.8962494908,
       366534.24161552463,
       274
      ],
      [
       1222709.2820289775,
       366534.3489584944,
       274
      ],
      [
       1222708.7349413112,
       366534.50902040326,
       274
      ],
      [
       1222708.2549864915,
       366534.7218012512,
       274
      ],
      [
       1222707.82788753,
       366534.903998061,
       274
      ],
      [
       1222707.4536444263,
       366535.0556108328,
       274
      ],
      [
       1222707.1322571803,
       366535.17663956643,
       274
      ],
      [
       1222706.8637257917,
       366535.26708426187,
       274
      ],
      [
       1222706.4752056985,
       366535.3952895987,
       274
      ],
      [
       1222705.9666969005,
       366535.5612555768,
       274
      ],
      [
       1222705.3381993975,
       366535.76498219615,
       274
      ],
      [
       1222704.5897131902,
       366536.0064694569,
       274
      ],
      [
       1222703.8412269824,
       366536.25037119695,
       274
      ],
      [
       1222703.0927407746,
       366536.49668741634,
       274
      ],
      [
       1222702.3442545668,
       366536.74541811517,
       274
      ],
      [
       1222701.5957683595,
       366536.99656329333,
       274
      ],
      [
       1222700.9656043039,
       366537.2262744453,
       274
      ],
      [
       1222700.4537624,
       366537.43455157103,
       274
      ],
      [
       1222700.0602426482,
       366537.6213946705,
       274
      ],
      [
       1222699.7850450487,
       366537.78680374386,
       274
      ],
      [
       1222699.4603246967,
       366537.98744505626,
       274
      ],
      [
       1222699.086081593,
       366538.2233186078,
       274
      ],
      [
       1222698.6623157372,
       366538.49442439846,
       274
      ],
      [
       1222698.189027129,
       366538.8007624282,
       274
      ],
      [
       1222697.679928822,
       366539.141052995,
       274
      ],
      [
       1222697.1350208162,
       366539.5152960989,
       274
      ],
      [
       1222696.5543031115,
       366539.9234917398,
       274
      ],
      [
       1222695.9377757073,
       366540.36563991767,
       274
      ],
      [
       1222695.4423904535,
       366540.72279625706,
       274
      ],
      [
       1222695.0681473499,
       366540.9949607578,
       274
      ],
      [
       1222694.815046396,
       366541.1821334201,
       274
      ],
      [
       1222694.6830875922,
       366541.28431424376,
       274
      ],
      [
       1222694.3969969377,
       366541.5095601375,
       274
      ],
      [
       1222693.9567744317,
       366541.85787110147,
       274
      ],
      [
       1222693.362420075,
       366542.32924713544,
       274
      ],
      [
       1222692.6139338673,
       366542.92368823953,
       274
      ],
      [
       1222692.0390336798,
       366543.38248513755,
       274
      ],
      [
       1222691.637719513,
       366543.70563782955,
       274
      ],
      [
       1222691.4099913659,
       366543.89314631553,
       274
      ],
      [
       1222691.3558492393,
       366543.9450105954,
       274
      ],
      [
       1222691.165202714,
       366544.17103035725,
       274
      ],
      [
       1222690.83805179,
       366544.57120560104,
       274
      ],
      [
       1222690.3743964673,
       366545.14553632675,
       274
      ],
      [
       1222689.7742367461,
       366545.8940225344,
       274
      ],
      [
       1222689.3005708652,
       366546.47809865605,
       274
      ],
      [
       1222688.9533988247,
       366546.8977646916,
       274
      ],
      [
       1222688.7327206247,
       366547.1530206411,
       274
      ],
      [
       1222688.6385362647,
       366547.2438665046,
       274
      ],
      [
       1222688.380776443,
       366547.47271019267,
       274
      ],
      [
       1222687.9594411594,
       366547.83955170546,
       274
      ],
      [
       1222687.3745304137,
       366548.3443910429,
       274
      ],
      [
       1222686.6260442059,
       366548.9872282049,
       274
      ],
      [
       1222686.059922392,
       366549.473056872,
       274
      ],
      [
       1222685.6761649721,
       366549.80187704414,
       274
      ],
      [
       1222685.474771946,
       366549.97368872125,
       274
      ],
      [
       1222685.4557433135,
       366549.9884919033,
       274
      ],
      [
       1222685.2591074456,
       366550.11650027835,
       274
      ],
      [
       1222684.8848643417,
       366550.3577138462,
       274
      ],
      [
       1222684.333014002,
       366550.7121326069,
       274
      ],
      [
       1222683.6035564267,
       366551.1797565605,
       274
      ],
      [
       1222682.9620845946,
       366551.6006900892,
       274
      ],
      [
       1222682.4085985057,
       366551.974933193,
       274
      ],
      [
       1222681.9430981602,
       366552.302485872,
       274
      ],
      [
       1222681.5655835578,
       366552.5833481261,
       274
      ],
      [
       1222681.189704705,
       366552.8619542157,
       274
      ],
      [
       1222680.8154616011,
       366553.13830414077,
       274
      ],
      [
       1222680.4428542466,
       366553.4123979013,
       274
      ],
      [
       1222680.071882641,
       366553.6842354974,
       274
      ],
      [
       1222679.6780132065,
       366554.00727584737,
       274
      ],
      [
       1222679.2612459424,
       366554.38151895115,
       274
      ],
      [
       1222678.8215808491,
       366554.8069648089,
       274
      ],
      [
       1222678.3590179267,
       366555.2836134205,
       274
      ],
      [
       1222677.9406149136,
       366555.7649394838,
       274
      ],
      [
       1222677.5663718097,
       366556.2509429988,
       274
      ],
      [
       1222677.2362886153,
       366556.7416239655,
       274
      ],
      [
       1222676.95036533,
       366557.2369823839,
       274
      ],
      [
       1222676.7092240467,
       366557.67178314505,
       274
      ],
      [
       1222676.5128647643,
       366558.04602624883,
       274
      ],
      [
       1222676.3612874835,
       366558.3597116954,
       274
      ],
      [
       1222676.2544922042,
       366558.6128394847,
       274
      ],
      [
       1222676.1910018187,
       366558.98980687856,
       274
      ],
      [
       1222676.1708163272,
       366559.490613877,
       274
      ],
      [
       1222676.1939357296,
       366560.1152604801,
       274
      ],
      [
       1222676.2603600258,
       366560.8637466878,
       274
      ],
      [
       1222676.3202709937,
       366561.5141168623,
       274
      ],
      [
       1222676.3736686334,
       366562.0663710037,
       274
      ],
      [
       1222676.4205529448,
       366562.52050911187,
       274
      ],
      [
       1222676.4609239278,
       366562.8765311869,
       274
      ],
      [
       1222676.500750437,
       366563.2416637764,
       274
      ],
      [
       1222676.540032472,
       366563.6159068802,
       274
      ],
      [
       1222676.578770033,
       366563.99926049844,
       274
      ],
      [
       1222676.6169631202,
       366564.3917246311,
       274
      ],
      [
       1222676.6360596637,
       366564.71534439386,
       274
      ],
      [
       1222676.6360596637,
       366564.9701197869,
       274
      ],
      [
       1222676.6169631202,
       366565.1560508102,
       274
      ],
      [
       1222676.578770033,
       366565.2731374636,
       274
      ],
      [
       1222676.4895279293,
       366565.5188023423,
       274
      ],
      [
       1222676.3492368087,
       366565.8930454461,
       274
      ],
      [
       1222676.1578966717,
       366566.39586677507,
       274
      ],
      [
       1222675.9155075175,
       366567.0272663293,
       274
      ],
      [
       1222675.6071913887,
       366567.6031304853,
       274
      ],
      [
       1222675.232948285,
       366568.12345924287,
       274
      ],
      [
       1222674.792778206,
       366568.5882526023,
       274
      ],
      [
       1222674.2866811524,
       366568.99751056347,
       274
      ],
      [
       1222673.7199868099,
       366569.35157332383,
       274
      ],
      [
       1222673.0926951794,
       366569.6504408833,
       274
      ],
      [
       1222672.40480626,
       366569.8941132419,
       274
      ],
      [
       1222671.6563200527,
       366570.0825903998,
       274
      ],
      [
       1222670.907833845,
       366570.22688994184,
       274
      ],
      [
       1222670.159347637,
       366570.3270118681,
       274
      ],
      [
       1222669.4108614293,
       366570.3829561786,
       274
      ],
      [
       1222668.662375222,
       366570.39472287335,
       274
      ],
      [
       1222667.9138890142,
       366570.3983467658,
       274
      ],
      [
       1222667.1654028066,
       366570.39382785594,
       274
      ],
      [
       1222666.416916599,
       366570.3811661437,
       274
      ],
      [
       1222665.6684303912,
       366570.36036162917,
       274
      ],
      [
       1222664.9199441834,
       366570.3727831285,
       274
      ],
      [
       1222664.1714579756,
       366570.4184306416,
       274
      ],
      [
       1222663.422971768,
       366570.49730416865,
       274
      ],
      [
       1222662.6744855607,
       366570.60940370953,
       274
      ],
      [
       1222662.0882410854,
       366570.7054007071,
       274
      ],
      [
       1222661.6642383428,
       366570.7852951613,
       274
      ],
      [
       1222661.4024773324,
       366570.8490870722,
       274
      ],
      [
       1222661.3029580545,
       366570.89677643985,
       274
      ],
      [
       1222661.0660768638,
       366571.0133357679,
       274
      ],
      [
       1222660.6918337601,
       366571.1987650563,
       274
      ],
      [
       1222660.1802287432,
       366571.4530643051,
       274
      ],
      [
       1222659.5312618131,
       366571.77623351436,
       274
      ],
      [
       1222658.8852409602,
       366572.1249396709,
       274
      ],
      [
       1222658.2421661844,
       366572.4991827747,
       274
      ],
      [
       1222657.6020374852,
       366572.8989628259,
       274
      ],
      [
       1222656.9648548635,
       366573.32427982433,
       274
      ],
      [
       1222656.4591420004,
       366573.6645535825,
       274
      ],
      [
       1222656.0848988965,
       366573.91978410044,
       274
      ],
      [
       1222655.8421255518,
       366574.089971378,
       274
      ],
      [
       1222655.7308219662,
       366574.17511541524,
       274
      ],
      [
       1222655.460222725,
       366574.3533195173,
       274
      ],
      [
       1222655.0303278284,
       366574.62458368414,
       274
      ],
      [
       1222654.4411372761,
       366574.9889079156,
       274
      ],
      [
       1222653.6926510683,
       366575.44629221177,
       274
      ],
      [
       1222653.0068012245,
       366575.8408199025,
       274
      ],
      [
       1222652.3835877448,
       366576.17249098764,
       274
      ],
      [
       1222651.8230106286,
       366576.4413054673,
       274
      ],
      [
       1222651.325069876,
       366576.6472633415,
       274
      ],
      [
       1222650.8889779476,
       366576.83701095893,
       274
      ],
      [
       1222650.5147348437,
       366577.01054831943,
       274
      ],
      [
       1222650.2023405642,
       366577.1678754233,
       274
      ],
      [
       1222649.951795109,
       366577.3089922705,
       274
      ],
      [
       1222649.5767644658,
       366577.47012483736,
       274
      ],
      [
       1222649.0772486343,
       366577.65127312415,
       274
      ],
      [
       1222648.4532476147,
       366577.8524371307,
       274
      ],
      [
       1222647.7047614073,
       366578.07361685706,
       274
      ],
      [
       1222646.9562751995,
       366578.27018821734,
       274
      ],
      [
       1222646.2077889917,
       366578.4421512116,
       274
      ],
      [
       1222645.459302784,
       366578.5895058398,
       274
      ],
      [
       1222644.7108165766,
       366578.712252102,
       274
      ],
      [
       1222643.9623303688,
       366578.810964618,
       274
      ],
      [
       1222643.213844161,
       366578.88564338785,
       274
      ],
      [
       1222642.4653579532,
       366578.9362884116,
       274
      ],
      [
       1222641.716871746,
       366578.9628996893,
       274
      ],
      [
       1222640.968385538,
       366578.9945821109,
       274
      ],
      [
       1222640.2198993305,
       366579.03133567655,
       274
      ],
      [
       1222639.471413123,
       366579.0731603863,
       274
      ]
     ]
    },
    "elevationFt": 274,
    "weight": "intermediate",
    "hidden": false
   }
  },
  {
   "type": "Feature",
   "geometry": {
    "type": "LineString",
    "coordinates": [
     [
      -77.31353271711866,
      38.67294273193879
     ],
     [
      -77.31353315622069,
      38.67294239169781
     ],
     [
      -77.31353400773443,
      38.67294170606631
     ],
     [
      -77.31353527165993,
      38.67294067504426
     ],
     [
      -77.31353694799708,
      38.67293929863168
     ],
     [
      -77.31353903674588,
      38.67293757682851
     ],
     [
      -77.31354073417161,
      38.67293617407448
     ],
     [
      -77.31354204027437,
      38.6729350903696
     ],
     [
      -77.31354295505416,
      38.67293432571386
     ],
     [
      -77.31354347851102,
      38.6729338801073
     ],
     [
      -77.31354431496212,
      38.67293314194707
     ],
     [
      -77.31354546440745,
      38.67293211123316
     ],
     [
      -77.313546926847,
      38.67293078796557
     ],
     [
      -77.3135487022807,
      38.67292917214427
     ],
     [
      -77.31355024274905,
      38.67292775397612
     ],
     [
      -77.31355154825208,
      38.67292653346113
     ],
     [
      -77.31355261878981,
      38.6729255105993
     ],
     [
      -77.31355345436226,
      38.67292468539062
     ],
     [
      -77.31355442114724,
      38.67292375749855
     ],
     [
      -77.31355551914476,
      38.67292272692307
     ],
     [
      -77.31355674835477,
      38.672921593664164
     ],
     [
      -77.3135581087773,
      38.672920357721885
     ],
     [
      -77.31355944196642,
      38.672919181189116
     ],
     [
      -77.31356074792215,
      38.67291806406591
     ],
     [
      -77.3135620266445,
      38.67291700635227
     ],
     [
      -77.31356327813347,
      38.67291600804818
     ],
     [
      -77.31356459325666,
      38.67291499323035
     ],
     [
      -77.31356597201409,
      38.672913961898765
     ],
     [
      -77.31356741440574,
      38.67291291405341
     ],
     [
      -77.31356892043159,
      38.67291184969432
     ],
     [
      -77.31357032684316,
      38.6729108550181
     ],
     [
      -77.31357163364044,
      38.67290993002479
     ],
     [
      -77.31357284082343,
      38.67290907471436
     ],
     [
      -77.31357394839213,
      38.672908289086834
     ],
     [
      -77.31357525537938,
      38.67290738043535
     ],
     [
      -77.31357676178516,
      38.672906348759895
     ],
     [
      -77.31357846760945,
      38.672905194060476
     ],
     [
      -77.31358037285223,
      38.67290391633706
     ],
     [
      -77.31358197894828,
      38.67290283236439
     ],
     [
      -77.31358328589761,
      38.67290194214247
     ],
     [
      -77.31358429370027,
      38.67290124567131
     ],
     [
      -77.31358500235625,
      38.672900742950915
     ],
     [
      -77.31358617382183,
      38.672899975580755
     ],
     [
      -77.31358780809704,
      38.67289894356084
     ],
     [
      -77.31358990518179,
      38.672897646891094
     ],
     [
      -77.31359246507604,
      38.67289608557152
     ],
     [
      -77.31359439867852,
      38.672894901074976
     ],
     [
      -77.31359570598929,
      38.672894093401474
     ],
     [
      -77.31359638700839,
      38.672893662551054
     ],
     [
      -77.31359644173584,
      38.6728936085237
     ],
     [
      -77.31359713680048,
      38.672893247159934
     ],
     [
      -77.31359847220227,
      38.6728925784597
     ],
     [
      -77.31360044794121,
      38.67289160242301
     ],
     [
      -77.31360306401723,
      38.6728903190498
     ],
     [
      -77.31360568142144,
      38.67288933879137
     ],
     [
      -77.31360830015392,
      38.67288866164778
     ],
     [
      -77.31361092021466,
      38.67288828761895
     ],
     [
      -77.3136135416037,
      38.67288821670491
     ],
     [
      -77.31361616408444,
      38.67288839489985
     ],
     [
      -77.31361878765685,
      38.67288882220373
     ],
     [
      -77.31362141232101,
      38.672889498616534
     ],
     [
      -77.31362403807692,
      38.67289042413834
     ],
     [
      -77.31362620805425,
      38.67289123310639
     ],
     [
      -77.31362792225296,
      38.67289192552072
     ],
     [
      -77.31362918067306,
      38.672892501381384
     ],
     [
      -77.31362998331451,
      38.67289296068834
     ],
     [
      -77.31363104150799,
      38.67289352068726
     ],
     [
      -77.3136323552535,
      38.67289418137811
     ],
     [
      -77.31363392455108,
      38.672894942760884
     ],
     [
      -77.31363574940073,
      38.67289580483557
     ],
     [
      -77.31363777333888,
      38.67289642306793
     ],
     [
      -77.31363999636555,
      38.672896797458
     ],
     [
      -77.31364241848068,
      38.67289692800573
     ],
     [
      -77.31364503968429,
      38.672896814711116
     ],
     [
      -77.31364766018817,
      38.672896541765105
     ],
     [
      -77.31365027999229,
      38.67289610916764
     ],
     [
      -77.31365289909667,
      38.672895516918764
     ],
     [
      -77.31365551750127,
      38.672894765018434
     ],
     [
      -77.31365751477144,
      38.6728941970262
     ],
     [
      -77.31365889090719,
      38.672893812942064
     ],
     [
      -77.31365964590856,
      38.67289361276605
     ],
     [
      -77.31365977977556,
      38.67289359649819
     ],
     [
      -77.31366050178241,
      38.672893508130166
     ],
     [
      -77.31366181192908,
      38.672893347662
     ],
     [
      -77.31366371021561,
      38.67289311509363
     ],
     [
      -77.31366619664193,
      38.672892810425076
     ],
     [
      -77.31366871601256,
      38.672892382495014
     ],
     [
      -77.31367126832745,
      38.67289183130347
     ],
     [
      -77.31367385358661,
      38.67289115685042
     ],
     [
      -77.31367647179003,
      38.67289035913587
     ],
     [
      -77.31367891706091,
      38.67288951790138
     ],
     [
      -77.31368118939928,
      38.672888633146954
     ],
     [
      -77.31368328880512,
      38.6728877048726
     ],
     [
      -77.31368521527844,
      38.67288673307832
     ],
     [
      -77.31368683252661,
      38.67288592472886
     ],
     [
      -77.31368814054966,
      38.672885279824214
     ],
     [
      -77.31368913934757,
      38.67288479836438
     ],
     [
      -77.31368982892039,
      38.6728844803494
     ],
     [
      -77.31369100044016,
      38.672883994363666
     ],
     [
      -77.31369265390683,
      38.672883340407175
     ],
     [
      -77.3136947893204,
      38.6728825184799
     ],
     [
      -77.31369740668083,
      38.67288152858181
     ],
     [
      -77.31369983395406,
      38.67288059584927
     ],
     [
      -77.31370207114014,
      38.672879720282246
     ],
     [
      -77.31370411823902,
      38.67287890188078
     ],
     [
      -77.31370597525076,
      38.67287814064488
     ],
     [
      -77.3137075579493,
      38.67287747894212
     ],
     [
      -77.31370886633468,
      38.6728769167725
     ],
     [
      -77.31370990040689,
      38.67287645413603
     ],
     [
      -77.31371066016595,
      38.67287609103274
     ],
     [
      -77.31371188415622,
      38.672875532670695
     ],
     [
      -77.31371357237765,
      38.67287477904987
     ],
     [
      -77.31371572483023,
      38.67287383017028
     ],
     [
      -77.3137183415139,
      38.672872686031866
     ],
     [
      -77.31372064430295,
      38.67287168773819
     ],
     [
      -77.31372263319739,
      38.67287083528925
     ],
     [
      -77.31372430819724,
      38.67287012868507
     ],
     [
      -77.31372566930253,
      38.67286956792565
     ],
     [
      -77.31372700400487,
      38.67286899668753
     ],
     [
      -77.31372831230425,
      38.67286841497072
     ],
     [
      -77.31372959420067,
      38.6728678227752
     ],
     [
      -77.31373084969412,
      38.672867220101
     ],
     [
      -77.31373244557955,
      38.67286650362803
     ],
     [
      -77.31373438185693,
      38.67286567335627
     ],
     [
      -77.31373665852625,
      38.67286472928573
     ],
     [
      -77.31373927558747,
      38.67286367141636
     ],
     [
      -77.3137414813303,
      38.672862776077785
     ],
     [
      -77.31374327575476,
      38.67286204327003
     ],
     [
      -77.31374465886088,
      38.67286147299313
     ],
     [
      -77.31374563064868,
      38.672861065247055
     ],
     [
      -77.3137467705929,
      38.6728605478796
     ],
     [
      -77.31374807869348,
      38.67285992089074
     ],
     [
      -77.31374955495042,
      38.67285918428046
     ],
     [
      -77.31375119936374,
      38.672858338048755
     ],
     [
      -77.31375303619863,
      38.67285739838965
     ],
     [
      -77.3137550654551,
      38.67285636530315
     ],
     [
      -77.3137572871331,
      38.6728552387892
     ],
     [
      -77.31375970123264,
      38.67285401884783
     ],
     [
      -77.31376156219845,
      38.67285306479597
     ],
     [
      -77.31376287003056,
      38.67285237663364
     ],
     [
      -77.313763624729,
      38.67285195436088
     ],
     [
      -77.31376382629381,
      38.67285179797768
     ],
     [
      -77.31376449287727,
      38.672851204452066
     ],
     [
      -77.31376562447933,
      38.67285017378404
     ],
     [
      -77.3137672211,
      38.672848705973585
     ],
     [
      -77.31376928273917,
      38.67284680102068
     ],
     [
      -77.31377096622296,
      38.672845218976676
     ],
     [
      -77.31377227155141,
      38.67284395984157
     ],
     [
      -77.31377319872453,
      38.6728430236154
     ],
     [
      -77.31377374774239,
      38.67284241029816
     ],
     [
      -77.31377448114685,
      38.67284158859355
     ],
     [
      -77.31377539893793,
      38.67284055850154
     ],
     [
      -77.3137765011156,
      38.67283932002215
     ],
     [
      -77.31377778767984,
      38.67283787315536
     ],
     [
      -77.31377908316497,
      38.67283641499992
     ],
     [
      -77.31378038757099,
      38.672834945555806
     ],
     [
      -77.31378170089788,
      38.67283346482304
     ],
     [
      -77.31378302314566,
      38.67283197280162
     ],
     [
      -77.31378413819249,
      38.672830711758266
     ],
     [
      -77.31378504603838,
      38.67282968169297
     ],
     [
      -77.31378574668335,
      38.67282888260577
     ],
     [
      -77.31378624012743,
      38.67282831449666
     ],
     [
      -77.31378696319699,
      38.67282737365415
     ],
     [
      -77.31378791589201,
      38.67282606007824
     ],
     [
      -77.31378909821245,
      38.67282437376897
     ],
     [
      -77.3137905101583,
      38.67282231472628
     ],
     [
      -77.3137917443928,
      38.67282056020061
     ],
     [
      -77.31379280091599,
      38.672819110191966
     ],
     [
      -77.31379367972788,
      38.67281796470036
     ],
     [
      -77.31379438082851,
      38.672817123725785
     ],
     [
      -77.31379512661692,
      38.67281618836396
     ],
     [
      -77.31379591709312,
      38.67281515861486
     ],
     [
      -77.31379675225708,
      38.67281403447851
     ],
     [
      -77.31379763210882,
      38.672812815954885
     ],
     [
      -77.31379859113174,
      38.67281138744658
     ],
     [
      -77.31379962932581,
      38.6728097489536
     ],
     [
      -77.31380074669104,
      38.67280790047592
     ],
     [
      -77.3138019432274,
      38.67280584201356
     ],
     [
      -77.31380297164473,
      38.672803905959796
     ],
     [
      -77.31380383194303,
      38.672802092314654
     ],
     [
      -77.31380452412233,
      38.672800401078106
     ],
     [
      -77.31380504818264,
      38.67279883225018
     ],
     [
      -77.31380547874582,
      38.67279753357257
     ],
     [
      -77.31380581581188,
      38.672796505045255
     ],
     [
      -77.3138060593808,
      38.672795746668235
     ],
     [
      -77.3138062094526,
      38.672795258441525
     ],
     [
      -77.3138064866463,
      38.67279437801834
     ],
     [
      -77.31380689096189,
      38.67279310539865
     ],
     [
      -77.31380742239935,
      38.67279144058245
     ],
     [
      -77.31380808095867,
      38.67278938356977
     ],
     [
      -77.31380882863719,
      38.672787326316936
     ],
     [
      -77.31380966543492,
      38.67278526882392
     ],
     [
      -77.31381059135184,
      38.67278321109073
     ],
     [
      -77.31381160638792,
      38.67278115311737
     ],
     [
      -77.3138125610431,
      38.672779362712724
     ],
     [
      -77.31381345531733,
      38.67277783987677
     ],
     [
      -77.31381428921067,
      38.67277658460953
     ],
     [
      -77.31381506272312,
      38.672775596911
     ],
     [
      -77.31381585183382,
      38.67277458816792
     ],
     [
      -77.3138166565428,
      38.672773558380335
     ],
     [
      -77.31381747685002,
      38.672772507548196
     ],
     [
      -77.3138183127555,
      38.67277143567154
     ],
     [
      -77.31381937505513,
      38.672770116781265
     ],
     [
      -77.31382066374888,
      38.67276855087735
     ],
     [
      -77.31382217883674,
      38.672766737959805
     ],
     [
      -77.31382392031867,
      38.67276467802862
     ],
     [
      -77.3138252339788,
      38.672763111450394
     ],
     [
      -77.31382611981722,
      38.67276203822517
     ],
     [
      -77.31382657783392,
      38.672761458352944
     ],
     [
      -77.31382660802898,
      38.67276137183372
     ],
     [
      -77.31382675324804,
      38.67276081441396
     ],
     [
      -77.31382701349109,
      38.67275978609361
     ],
     [
      -77.31382738875814,
      38.67275828687269
     ],
     [
      -77.31382787904917,
      38.672756316751205
     ],
     [
      -77.31382831237215,
      38.67275432517379
     ],
     [
      -77.31382868872709,
      38.67275231214043
     ],
     [
      -77.31382900811398,
      38.672750277651154
     ],
     [
      -77.31382927053284,
      38.67274822170594
     ],
     [
      -77.31382988949929,
      38.672746164799825
     ],
     [
      -77.3138308650133,
      38.672744106932804
     ],
     [
      -77.31383219707484,
      38.672742048104865
     ],
     [
      -77.31383388568388,
      38.67273998831601
     ],
     [
      -77.31383519036659,
      38.672738398818254
     ],
     [
      -77.31383611112302,
      38.67273727961159
     ],
     [
      -77.3138366479532,
      38.67273663069606
     ],
     [
      -77.31383680085717,
      38.672736452071646
     ],
     [
      -77.31383714120294,
      38.67273584823873
     ],
     [
      -77.3138376689905,
      38.67273481919729
     ],
     [
      -77.31383838421985,
      38.67273336494736
     ],
     [
      -77.31383928689094,
      38.67273148548892
     ],
     [
      -77.31383982911954,
      38.6727295624488
     ],
     [
      -77.3138400109057,
      38.67272759582702
     ],
     [
      -77.31383983224943,
      38.6727255856236
     ],
     [
      -77.31383929315079,
      38.67272353183852
     ],
     [
      -77.31383879211975,
      38.67272164906066
     ],
     [
      -77.31383832915631,
      38.67271993729001
     ],
     [
      -77.31383790426048,
      38.672718396526605
     ],
     [
      -77.31383751743225,
      38.6727170267704
     ],
     [
      -77.31383718330433,
      38.67271582846203
     ],
     [
      -77.31383690187671,
      38.6727148016015
     ],
     [
      -77.3138366731494,
      38.672713946188786
     ],
     [
      -77.3138364971224,
      38.672713262223915
     ],
     [
      -77.31383636521959,
      38.67271223544044
     ],
     [
      -77.31383627744101,
      38.672710865838376
     ],
     [
      -77.31383623378666,
      38.6727091534177
     ],
     [
      -77.31383623425651,
      38.67270709817843
     ],
     [
      -77.31383627500213,
      38.67270544434347
     ],
     [
      -77.3138363560235,
      38.67270419191281
     ],
     [
      -77.31383647732062,
      38.67270334088646
     ],
     [
      -77.31383663889349,
      38.67270289126441
     ],
     [
      -77.31383692064581,
      38.672702152102254
     ],
     [
      -77.31383732257758,
      38.67270112340003
     ],
     [
      -77.3138378446888,
      38.672699805157684
     ],
     [
      -77.31383848697945,
      38.672698197375254
     ],
     [
      -77.31383917106584,
      38.672696477183514
     ],
     [
      -77.31383989694795,
      38.67269464458247
     ],
     [
      -77.31384066462581,
      38.67269269957215
     ],
     [
      -77.31384147409938,
      38.67269064215252
     ],
     [
      -77.31384227484918,
      38.67268858475639
     ],
     [
      -77.31384306687521,
      38.67268652738379
     ],
     [
      -77.31384385017745,
      38.672684470034675
     ],
     [
      -77.31384462475593,
      38.67268241270906
     ],
     [
      -77.31384529746622,
      38.67268069025375
     ],
     [
      -77.3138458683083,
      38.67267930266872
     ],
     [
      -77.31384633728224,
      38.672678249954
     ],
     [
      -77.31384670438804,
      38.672677532109546
     ],
     [
      -77.3138471538378,
      38.672676658661196
     ],
     [
      -77.31384768563156,
      38.672675629608904
     ],
     [
      -77.31384829976929,
      38.67267444495272
     ],
     [
      -77.31384899625097,
      38.6726731046926
     ],
     [
      -77.31384976117003,
      38.672671585034266
     ],
     [
      -77.31385059452646,
      38.67266988597772
     ],
     [
      -77.31385149632023,
      38.67266800752295
     ],
     [
      -77.31385246655134,
      38.67266594966998
     ],
     [
      -77.31385342736115,
      38.67266397702727
     ],
     [
      -77.31385437874965,
      38.67266208959488
     ],
     [
      -77.31385532071688,
      38.67266028737278
     ],
     [
      -77.31385625326281,
      38.67265857036097
     ],
     [
      -77.31385699892793,
      38.67265719729253
     ],
     [
      -77.31385755771225,
      38.67265616816747
     ],
     [
      -77.3138579296158,
      38.67265548298576
     ],
     [
      -77.31385811463859,
      38.67265514174745
     ],
     [
      -77.31385853457819,
      38.672654371251355
     ],
     [
      -77.3138591894346,
      38.672653171497515
     ],
     [
      -77.31386007920779,
      38.67265154248592
     ],
     [
      -77.31386120389772,
      38.67264948421655
     ],
     [
      -77.31386232575362,
      38.6726474259548
     ],
     [
      -77.31386344477554,
      38.67264536770068
     ],
     [
      -77.31386456096342,
      38.6726433094542
     ],
     [
      -77.3138656743173,
      38.67264125121534
     ],
     [
      -77.31386655380014,
      38.672639638910915
     ],
     [
      -77.31386719941197,
      38.67263847254093
     ],
     [
      -77.31386761115283,
      38.67263775210541
     ],
     [
      -77.31386778902272,
      38.67263747760434
     ],
     [
      -77.31386825194883,
      38.672636825536266
     ],
     [
      -77.31386899993117,
      38.67263579590118
     ],
     [
      -77.3138700329697,
      38.672634388699095
     ],
     [
      -77.31387135106439,
      38.672632603929955
     ],
     [
      -77.31387254792779,
      38.672630750982194
     ],
     [
      -77.31387362355991,
      38.67262882985575
     ],
     [
      -77.31387457796077,
      38.67262684055065
     ],
     [
      -77.31387541113038,
      38.6726247830669
     ],
     [
      -77.3138761476968,
      38.67262285136486
     ],
     [
      -77.31387678766006,
      38.67262104544455
     ],
     [
      -77.31387733102015,
      38.67261936530596
     ],
     [
      -77.3138777777771,
      38.672617810949106
     ],
     [
      -77.31387817322198,
      38.67261651949736
     ],
     [
      -77.31387851735481,
      38.67261549095076
     ],
     [
      -77.31387881017558,
      38.672614725309295
     ],
     [
      -77.31387905168432,
      38.67261422257295
     ],
     [
      -77.31387967083549,
      38.672613330530545
     ],
     [
      -77.31388066762906,
      38.67261204918205
     ],
     [
      -77.31388204206499,
      38.672610378527445
     ],
     [
      -77.31388379414324,
      38.67260831856675
     ],
     [
      -77.31388526195857,
      38.67260666895931
     ],
     [
      -77.313886445511,
      38.67260542970514
     ],
     [
      -77.31388734480059,
      38.672604600804306
     ],
     [
      -77.31388795982734,
      38.67260418225674
     ],
     [
      -77.31388879725307,
      38.67260397155455
     ],
     [
      -77.3138898570778,
      38.672603968697786
     ],
     [
      -77.31389113930149,
      38.67260417368638
     ],
     [
      -77.31389264392419,
      38.67260458652035
     ],
     [
      -77.31389405249355,
      38.67260498345421
     ],
     [
      -77.31389536500959,
      38.67260536448792
     ],
     [
      -77.31389658147228,
      38.672605729621516
     ],
     [
      -77.31389770188161,
      38.67260607885496
     ],
     [
      -77.31389919946673,
      38.6726067638543
     ],
     [
      -77.31390107422764,
      38.67260778461947
     ],
     [
      -77.3139033261644,
      38.67260914115047
     ],
     [
      -77.31390595527704,
      38.67261083344727
     ],
     [
      -77.31390792838882,
      38.672612103566514
     ],
     [
      -77.31390924549963,
      38.6726129515082
     ],
     [
      -77.31390990660948,
      38.67261337727234
     ],
     [
      -77.31390991171828,
      38.67261338085899
     ],
     [
      -77.31391057146892,
      38.67261378703121
     ],
     [
      -77.31391188586139,
      38.67261459578903
     ],
     [
      -77.31391385489573,
      38.67261580713237
     ],
     [
      -77.31391647857204,
      38.672617421061226
     ],
     [
      -77.3139186060188,
      38.67261873963645
     ],
     [
      -77.31392023723602,
      38.672619762858076
     ],
     [
      -77.3139213722236,
      38.67262049072609
     ],
     [
      -77.31392201098157,
      38.67262092324053
     ],
     [
      -77.31392298782379,
      38.67262160471327
     ],
     [
      -77.31392430275027,
      38.67262253514431
     ],
     [
      -77.31392595576105,
      38.67262371453364
     ],
     [
      -77.31392794685617,
      38.67262514288121
     ],
     [
      -77.31392963691472,
      38.672626368992184
     ],
     [
      -77.31393102593668,
      38.67262739286657
     ],
     [
      -77.31393211392202,
      38.6726282145044
     ],
     [
      -77.31393290087071,
      38.67262883390562
     ],
     [
      -77.31393395193099,
      38.672629636755616
     ],
     [
      -77.31393526710285,
      38.67263062305435
     ],
     [
      -77.3139368463863,
      38.67263179280184
     ],
     [
      -77.3139386897814,
      38.672633145998056
     ],
     [
      -77.31394030036083,
      38.67263433454844
     ],
     [
      -77.31394167812458,
      38.67263535845306
     ],
     [
      -77.31394282307261,
      38.67263621771189
     ],
     [
      -77.31394373520493,
      38.672636912324954
     ],
     [
      -77.31394484880691,
      38.672637741331506
     ],
     [
      -77.31394616387863,
      38.67263870473159
     ],
     [
      -77.31394768042004,
      38.67263980252517
     ],
     [
      -77.31394939843119,
      38.672641034712264
     ],
     [
      -77.31395095235311,
      38.672642162741774
     ],
     [
      -77.31395234218581,
      38.67264318661371
     ],
     [
      -77.31395356792926,
      38.67264410632811
     ],
     [
      -77.31395462958346,
      38.67264492188493
     ],
     [
      -77.31395581813996,
      38.67264585545361
     ],
     [
      -77.31395713359882,
      38.67264690703411
     ],
     [
      -77.31395857596002,
      38.672648076626416
     ],
     [
      -77.31396014522358,
      38.672649364230544
     ],
     [
      -77.3139615522229,
      38.67265052016412
     ],
     [
      -77.31396279695797,
      38.67265154442715
     ],
     [
      -77.31396387942875,
      38.672652437019636
     ],
     [
      -77.31396479963526,
      38.67265319794156
     ],
     [
      -77.31396591757604,
      38.672654128798776
     ],
     [
      -77.31396723325109,
      38.67265522959125
     ],
     [
      -77.31396874666045,
      38.67265650031897
     ],
     [
      -77.31397045780413,
      38.67265794098197
     ],
     [
      -77.31397195033345,
      38.67265917340558
     ],
     [
      -77.31397322424839,
      38.67266019758981
     ],
     [
      -77.31397427954893,
      38.67266101353469
     ],
     [
      -77.31397511623504,
      38.672661621240216
     ],
     [
      -77.3139761924167,
      38.67266247570076
     ],
     [
      -77.31397750809393,
      38.672663576916314
     ],
     [
      -77.31397906326674,
      38.672664924886874
     ],
     [
      -77.31398085793518,
      38.67266651961242
     ],
     [
      -77.31398236972406,
      38.67266782912793
     ],
     [
      -77.31398359863337,
      38.6726688534334
     ],
     [
      -77.31398454466307,
      38.67266959252885
     ],
     [
      -77.31398520781315,
      38.67267004641429
     ],
     [
      -77.31398619706769,
      38.67267078766453
     ],
     [
      -77.31398751242669,
      38.67267181627957
     ],
     [
      -77.31398915389018,
      38.67267313225938
     ],
     [
      -77.31399112145822,
      38.67267473560399
     ],
     [
      -77.31399276696287,
      38.67267604930153
     ],
     [
      -77.31399409040412,
      38.672677073351984
     ],
     [
      -77.31399509178196,
      38.672677807755406
     ],
     [
      -77.31399577109632,
      38.672678252511794
     ],
     [
      -77.31399676809039,
      38.67267891107998
     ],
     [
      -77.31399808276419,
      38.67267978345995
     ],
     [
      -77.31399971511772,
      38.6726808696517
     ],
     [
      -77.31400166515104,
      38.67268216965521
     ],
     [
      -77.31400351432079,
      38.672683331109326
     ],
     [
      -77.31400526262692,
      38.67268435401401
     ],
     [
      -77.31400691006945,
      38.6726852383693
     ],
     [
      -77.31400845664837,
      38.67268598417517
     ],
     [
      -77.31400988683306,
      38.672686692582296
     ],
     [
      -77.31401120062358,
      38.67268736359065
     ],
     [
      -77.3140123980199,
      38.67268799720025
     ],
     [
      -77.31401347902198,
      38.672688593411124
     ],
     [
      -77.31401494648169,
      38.672689333419825
     ],
     [
      -77.31401680039906,
      38.672690217226325
     ],
     [
      -77.31401904077408,
      38.67269124483065
     ],
     [
      -77.31402166760682,
      38.672692416232735
     ],
     [
      -77.3140238262229,
      38.672693363682576
     ],
     [
      -77.31402551662227,
      38.67269408718018
     ],
     [
      -77.31402673880491,
      38.67269458672559
     ],
     [
      -77.3140274927708,
      38.672694862318785
     ],
     [
      -77.31402852627355,
      38.672695250022706
     ],
     [
      -77.31402983931318,
      38.67269574983733
     ],
     [
      -77.31403143188969,
      38.67269636176268
     ],
     [
      -77.3140333040031,
      38.67269708579869
     ],
     [
      -77.31403536428496,
      38.672697805102224
     ],
     [
      -77.31403761273522,
      38.67269851967327
     ],
     [
      -77.31404004935392,
      38.67269922951177
     ],
     [
      -77.31404267414106,
      38.67269993461777
     ],
     [
      -77.31404529847192,
      38.67270053573997
     ],
     [
      -77.31404792234653,
      38.67270103287836
     ],
     [
      -77.31405054576484,
      38.672701426032944
     ],
     [
      -77.31405316872687,
      38.672701715203694
     ],
     [
      -77.3140557501819,
      38.67270200985622
     ],
     [
      -77.31405829012994,
      38.672702309990484
     ],
     [
      -77.31406078857097,
      38.67270261560648
     ],
     [
      -77.31406324550501,
      38.672702926704254
     ],
     [
      -77.31406512975977,
      38.67270316529981
     ],
     [
      -77.31406644133523,
      38.67270333139323
     ],
     [
      -77.31406718023139,
      38.672703424984476
     ],
     [
      -77.31406734644823,
      38.672703446073605
     ],
     [
      -77.31406812684442,
      38.672703532592585
     ],
     [
      -77.31406952141997,
      38.67270368454141
     ],
     [
      -77.31407153017487,
      38.672703901920066
     ],
     [
      -77.31407415310915,
      38.6727041847285
     ],
     [
      -77.31407677555757,
      38.67270435682837
     ],
     [
      -77.31407939752013,
      38.67270441821963
     ],
     [
      -77.31408201899681,
      38.67270436890234
     ],
     [
      -77.3140846399876,
      38.672704208876446
     ],
     [
      -77.31408717074672,
      38.67270404771712
     ],
     [
      -77.31408961127414,
      38.672703885424404
     ],
     [
      -77.31409196156986,
      38.67270372199822
     ],
     [
      -77.3140942216339,
      38.67270355743865
     ],
     [
      -77.31409600687562,
      38.67270342649797
     ],
     [
      -77.31409731729501,
      38.672703329176215
     ],
     [
      -77.3140981528921,
      38.672703265473395
     ],
     [
      -77.31409851366686,
      38.672703235389534
     ],
     [
      -77.31409943901954,
      38.6727030643494
     ],
     [
      -77.31410092895011,
      38.67270275235298
     ],
     [
      -77.31410298345855,
      38.67270229940027
     ],
     [
      -77.31410560254484,
      38.672701705491235
     ],
     [
      -77.31410822105892,
      38.67270098122024
     ],
     [
      -77.31411083900073,
      38.6727001265873
     ],
     [
      -77.31411345637031,
      38.672699141592396
     ],
     [
      -77.31411607316763,
      38.672698026235544
     ],
     [
      -77.31411820925902,
      38.67269710650369
     ],
     [
      -77.31411986464458,
      38.67269638239688
     ],
     [
      -77.3141210393243,
      38.67269585391508
     ],
     [
      -77.31412173329822,
      38.67269552105836
     ],
     [
      -77.31412273419515,
      38.67269500988018
     ],
     [
      -77.31412404201504,
      38.672694320380515
     ],
     [
      -77.3141256567579,
      38.672693452559386
     ],
     [
      -77.31412757842368,
      38.672692406416765
     ],
     [
      -77.3141294578913,
      38.672691367057844
     ],
     [
      -77.3141312951607,
      38.67269033448264
     ],
     [
      -77.31413309023192,
      38.672689308691126
     ],
     [
      -77.31413484310497,
      38.67268828968333
     ],
     [
      -77.31413637292168,
      38.6726873147808
     ],
     [
      -77.31413767968212,
      38.67268638398358
     ],
     [
      -77.31413876338624,
      38.67268549729164
     ],
     [
      -77.3141396240341,
      38.672684654705
     ],
     [
      -77.31414052241232,
      38.67268371833953
     ],
     [
      -77.3141414585209,
      38.67268268819518
     ],
     [
      -77.31414243235982,
      38.67268156427198
     ],
     [
      -77.31414344392908,
      38.67268034656993
     ],
     [
      -77.31414394692871,
      38.67267910327671
     ],
     [
      -77.3141439413587,
      38.67267783439233
     ],
     [
      -77.31414342721908,
      38.6726765399168
     ],
     [
      -77.3141424045099,
      38.6726752198501
     ],
     [
      -77.31414157010403,
      38.67267404687873
     ],
     [
      -77.31414092400148,
      38.6726730210027
     ],
     [
      -77.3141404662022,
      38.67267214222199
     ],
     [
      -77.3141401967062,
      38.67267141053662
     ],
     [
      -77.31413964081294,
      38.672670348917435
     ],
     [
      -77.31413879852238,
      38.67266895736444
     ],
     [
      -77.31413766983458,
      38.67266723587764
     ],
     [
      -77.31413625474958,
      38.67266518445701
     ],
     [
      -77.3141349540755,
      38.67266318376787
     ],
     [
      -77.31413376781232,
      38.672661233810224
     ],
     [
      -77.31413269596004,
      38.672659334584104
     ],
     [
      -77.31413173851863,
      38.67265748608948
     ],
     [
      -77.31413099422788,
      38.67265604874907
     ],
     [
      -77.31413046308778,
      38.67265502256286
     ],
     [
      -77.31413014509832,
      38.67265440753082
     ],
     [
      -77.31413004025946,
      38.67265420365302
     ],
     [
      -77.31412967002596,
      38.67265353772177
     ],
     [
      -77.31412903439782,
      38.6726524097371
     ],
     [
      -77.31412813337509,
      38.67265081969898
     ],
     [
      -77.31412696695779,
      38.67264876760743
     ],
     [
      -77.31412582449023,
      38.672646715451265
     ],
     [
      -77.31412470597245,
      38.67264466323047
     ],
     [
      -77.31412361140438,
      38.67264261094506
     ],
     [
      -77.31412254078607,
      38.67264055859504
     ],
     [
      -77.31412166231345,
      38.67263883091343
     ],
     [
      -77.31412097598648,
      38.67263742790019
     ],
     [
      -77.31412048180513,
      38.672636349555376
     ],
     [
      -77.31412017976942,
      38.672635595878965
     ],
     [
      -77.31411982214121,
      38.67263470578857
     ],
     [
      -77.31411940892053,
      38.67263367928422
     ],
     [
      -77.31411894010738,
      38.67263251636589
     ],
     [
      -77.31411841570176,
      38.67263121703357
     ],
     [
      -77.31411807626883,
      38.67262972857952
     ],
     [
      -77.31411792180857,
      38.6726280510037
     ],
     [
      -77.31411795232098,
      38.67262618430613
     ],
     [
      -77.31411816780603,
      38.67262412848682
     ],
     [
      -77.31411840272878,
      38.67262253207087
     ],
     [
      -77.31411865708922,
      38.67262139505831
     ],
     [
      -77.31411893088737,
      38.672620717449114
     ],
     [
      -77.31411922412322,
      38.67262049924329
     ],
     [
      -77.31411955520825,
      38.672620389642795
     ],
     [
      -77.31411992414246,
      38.67262038864759
     ],
     [
      -77.31412033092586,
      38.67262049625769
     ],
     [
      -77.31412077555844,
      38.672620712473105
     ],
     [
      -77.31412165432083,
      38.672621053779636
     ],
     [
      -77.31412296721307,
      38.67262152017728
     ],
     [
      -77.31412471423516,
      38.672622111666016
     ],
     [
      -77.31412689538715,
      38.67262282824583
     ],
     [
      -77.3141290582756,
      38.672623697452586
     ],
     [
      -77.31413120290054,
      38.67262471928628
     ],
     [
      -77.314133329262,
      38.67262589374693
     ],
     [
      -77.31413543735997,
      38.672627220834556
     ],
     [
      -77.31413714857777,
      38.67262828217891
     ],
     [
      -77.31413846291531,
      38.67262907778008
     ],
     [
      -77.31413938037261,
      38.67262960763802
     ],
     [
      -77.31413990094963,
      38.67262987175279
     ],
     [
      -77.31414085873845,
      38.67263051573804
     ],
     [
      -77.31414225373912,
      38.67263153959379
     ],
     [
      -77.31414408595167,
      38.672632943320004
     ],
     [
      -77.31414635537615,
      38.67263472691667
     ],
     [
      -77.31414814774284,
      38.67263612711586
     ],
     [
      -77.31414946305166,
      38.672637143917555
     ],
     [
      -77.31415030130262,
      38.6726377773218
     ],
     [
      -77.31415066249565,
      38.67263802732861
     ],
     [
      -77.31415146194253,
      38.672638664472004
     ],
     [
      -77.31415269964326,
      38.672639688751985
     ],
     [
      -77.31415437559791,
      38.67264110016853
     ],
     [
      -77.3141564898065,
      38.67264289872165
     ],
     [
      -77.31415820489613,
      38.67264438173733
     ],
     [
      -77.31415952086672,
      38.67264554921556
     ],
     [
      -77.31416043771824,
      38.672646401156406
     ],
     [
      -77.31416095545067,
      38.67264693755984
     ],
     [
      -77.31416166516603,
      38.67264771835476
     ],
     [
      -77.31416256686437,
      38.67264874354112
     ],
     [
      -77.31416366054566,
      38.67265001311893
     ],
     [
      -77.31416494620996,
      38.6726515270882
     ]
    ]
   },
   "properties": {
    "id": "ct-11",
    "kind": "Contour",
    "sourceId": "contours",
    "reliabilityLevel": 1,
    "revision": 1,
    "engineeringGeometry": {
     "crs": "EPSG:2248",
     "crsName": "NAD83 / Maryland State Plane (US survey feet)",
     "datum": "NAD83",
     "unit": "usSurveyFoot",
     "coordinates": [
      [
       1222820.5453012404,
       366624.6740974501,
       276
      ],
      [
       1222820.4195136544,
       366624.5506174544,
       276
      ],
      [
       1222820.1755520147,
       366624.3017559046,
       276
      ],
      [
       1222819.8134163215,
       366623.92751280084,
       276
      ],
      [
       1222819.333106575,
       366623.4278881429,
       276
      ],
      [
       1222818.734622775,
       366622.80288193084,
       276
      ],
      [
       1222818.2482593232,
       366622.29368482187,
       276
      ],
      [
       1222817.8740162193,
       366621.9002968159,
       276
      ],
      [
       1222817.6118934634,
       366621.622717913,
       276
      ],
      [
       1222817.461891056,
       366621.46094811306,
       276
      ],
      [
       1222817.2221639878,
       366621.19294166117,
       276
      ],
      [
       1222816.8927122587,
       366620.8186985574,
       276
      ],
      [
       1222816.4735358693,
       366620.3382188016,
       276
      ],
      [
       1222815.9646348194,
       366619.7515023938,
       276
      ],
      [
       1222815.5230627423,
       366619.2365378387,
       276
      ],
      [
       1222815.1488196384,
       366618.7933251361,
       276
      ],
      [
       1222814.8419055077,
       366618.4218642862,
       276
      ],
      [
       1222814.6023203502,
       366618.1221552888,
       276
      ],
      [
       1222814.3251460362,
       366617.7851792383,
       276
      ],
      [
       1222814.0103825657,
       366617.4109361345,
       276
      ],
      [
       1222813.6580299388,
       366616.9994259774,
       276
      ],
      [
       1222813.2680881554,
       366616.55064876704,
       276
      ],
      [
       1222812.8859957121,
       366616.1234809068,
       276
      ],
      [
       1222812.5117526082,
       366615.7179223968,
       276
      ],
      [
       1222812.1453588442,
       366615.3339732369,
       276
      ],
      [
       1222811.7868144196,
       366614.9716334272,
       276
      ],
      [
       1222811.4100819821,
       366614.6033419704,
       276
      ],
      [
       1222811.0151615315,
       366614.2290988666,
       276
      ],
      [
       1222810.6020530676,
       366613.8489041157,
       276
      ],
      [
       1222810.1707565908,
       366613.46275771776,
       276
      ],
      [
       1222809.7679868005,
       366613.10189108015,
       276
      ],
      [
       1222809.3937436966,
       366612.76630420296,
       276
      ],
      [
       1222809.0480272793,
       366612.4559970862,
       276
      ],
      [
       1222808.7308375486,
       366612.1709697299,
       276
      ],
      [
       1222808.3565606233,
       366611.84133449977,
       276
      ],
      [
       1222807.9251965033,
       366611.46709139587,
       276
      ],
      [
       1222807.4367451887,
       366611.0482404183,
       276
      ],
      [
       1222806.8912066794,
       366610.5847815671,
       276
      ],
      [
       1222806.4313158728,
       366610.19159040716,
       276
      ],
      [
       1222806.057072769,
       366609.8686669386,
       276
      ],
      [
       1222805.768477368,
       366609.6160111615,
       276
      ],
      [
       1222805.5655296694,
       366609.4336230756,
       276
      ],
      [
       1222805.2301203655,
       366609.1553074808,
       276
      ],
      [
       1222804.7622494565,
       366608.78106437693,
       276
      ],
      [
       1222804.161916942,
       366608.3108937641,
       276
      ],
      [
       1222803.4291228226,
       366607.7447956422,
       276
      ],
      [
       1222802.875604211,
       366607.3153164861,
       276
      ],
      [
       1222802.5013611072,
       366607.02245629573,
       276
      ],
      [
       1222802.3063935111,
       366606.86621507106,
       276
      ],
      [
       1222802.290701423,
       366606.8465928122,
       276
      ],
      [
       1222802.091810805,
       366606.7156713371,
       276
      ],
      [
       1222801.7097216572,
       366606.4734506457,
       276
      ],
      [
       1222801.1444339794,
       366606.1199307381,
       276
      ],
      [
       1222800.3959477716,
       366605.6551116143,
       276
      ],
      [
       1222799.647461564,
       366605.30068358325,
       276
      ],
      [
       1222798.8989753565,
       366605.056646645,
       276
      ],
      [
       1222798.1504891487,
       366604.92300079955,
       276
      ],
      [
       1222797.4020029414,
       366604.89974604687,
       276
      ],
      [
       1222796.6535167336,
       366604.9672140555,
       276
      ],
      [
       1222795.9050305258,
       366605.12540482526,
       276
      ],
      [
       1222795.156544318,
       366605.37431835633,
       276
      ],
      [
       1222794.4080581106,
       366605.7139546486,
       276
      ],
      [
       1222793.7895492911,
       366606.0106968286,
       276
      ],
      [
       1222793.3010178604,
       366606.2645448964,
       276
      ],
      [
       1222792.9424638178,
       366606.47549885174,
       276
      ],
      [
       1222792.7138871634,
       366606.64355869486,
       276
      ],
      [
       1222792.4124772847,
       366606.848539663,
       276
      ],
      [
       1222792.0382341808,
       366607.0904417562,
       276
      ],
      [
       1222791.591157852,
       366607.36926497443,
       276
      ],
      [
       1222791.0712482985,
       366607.6850093177,
       276
      ],
      [
       1222790.4941945812,
       366607.91214531695,
       276
      ],
      [
       1222789.8599967007,
       366608.0506729723,
       276
      ],
      [
       1222789.1686546565,
       366608.1005922836,
       276
      ],
      [
       1222788.4201684492,
       366608.06190325087,
       276
      ],
      [
       1222787.6716822414,
       366607.9650709469,
       276
      ],
      [
       1222786.9231960338,
       366607.8100953716,
       276
      ],
      [
       1222786.1747098262,
       366607.59697652503,
       276
      ],
      [
       1222785.4262236184,
       366607.3257144071,
       276
      ],
      [
       1222784.8552992335,
       366607.12081952044,
       276
      ],
      [
       1222784.4619366713,
       366606.98229186516,
       276
      ],
      [
       1222784.2461359315,
       366606.91013144114,
       276
      ],
      [
       1222784.2078970145,
       366606.9043382484,
       276
      ],
      [
       1222784.001656004,
       366606.8728642198,
       276
      ],
      [
       1222783.6274129,
       366606.8157093553,
       276
      ],
      [
       1222783.085167703,
       366606.7328736548,
       276
      ],
      [
       1222782.3749204122,
       366606.62435711845,
       276
      ],
      [
       1222781.6551133925,
       366606.4709829694,
       276
      ],
      [
       1222780.9257466432,
       366606.27275120764,
       276
      ],
      [
       1222780.1868201648,
       366606.02966183325,
       276
      ],
      [
       1222779.438333957,
       366605.74171484617,
       276
      ],
      [
       1222778.7391649075,
       366605.43774893484,
       276
      ],
      [
       1222778.0893130158,
       366605.1177640992,
       276
      ],
      [
       1222777.4887782824,
       366604.7817603393,
       276
      ],
      [
       1222776.937560707,
       366604.4297376551,
       276
      ],
      [
       1222776.4748303676,
       366604.13693571877,
       276
      ],
      [
       1222776.1005872637,
       366603.9033545302,
       276
      ],
      [
       1222775.8148313956,
       366603.72899408947,
       276
      ],
      [
       1222775.6175627634,
       366603.61385439656,
       276
      ],
      [
       1222775.2824897373,
       366603.43801514106,
       276
      ],
      [
       1222774.8096123172,
       366603.20147632307,
       276
      ],
      [
       1222774.1989305033,
       366602.9042379424,
       276
      ],
      [
       1222773.4504442955,
       366602.54629999923,
       276
      ],
      [
       1222772.756298849,
       366602.2089943989,
       276
      ],
      [
       1222772.1164941634,
       366601.89232114144,
       276
      ],
      [
       1222771.531030239,
       366601.59628022695,
       276
      ],
      [
       1222770.999907076,
       366601.3208716555,
       276
      ],
      [
       1222770.5472239424,
       366601.0814424114,
       276
      ],
      [
       1222770.1729808385,
       366600.87799249485,
       276
      ],
      [
       1222769.8771777644,
       366600.7105219057,
       276
      ],
      [
       1222769.65981472,
       366600.579030644,
       276
      ],
      [
       1222769.309670885,
       366600.37688459817,
       276
      ],
      [
       1222768.826746259,
       366600.10408376815,
       276
      ],
      [
       1222768.2110408419,
       366599.7606281539,
       276
      ],
      [
       1222767.4625546345,
       366599.34651775553,
       276
      ],
      [
       1222766.8038667857,
       366598.9852138198,
       276
      ],
      [
       1222766.2349772959,
       366598.67671634676,
       276
      ],
      [
       1222765.755886165,
       366598.4210253365,
       276
      ],
      [
       1222765.366593393,
       366598.2181407888,
       276
      ],
      [
       1222764.9848254551,
       366598.0114141598,
       276
      ],
      [
       1222764.6105823512,
       366597.80084544944,
       276
      ],
      [
       1222764.2438640813,
       366597.58643465774,
       276
      ],
      [
       1222763.884670646,
       366597.3681817846,
       276
      ],
      [
       1222763.428154017,
       366597.1088191316,
       276
      ],
      [
       1222762.8743141952,
       366596.80834669876,
       276
      ],
      [
       1222762.2231511804,
       366596.466764486,
       276
      ],
      [
       1222761.474664973,
       366596.08407249325,
       276
      ],
      [
       1222760.8438121898,
       366595.76016816334,
       276
      ],
      [
       1222760.330592831,
       366595.4950514961,
       276
      ],
      [
       1222759.9350068965,
       366595.2887224915,
       276
      ],
      [
       1222759.657054387,
       366595.14118114964,
       276
      ],
      [
       1222759.3309565801,
       366594.9538823725,
       276
      ],
      [
       1222758.9567134762,
       366594.7268261601,
       276
      ],
      [
       1222758.5343250753,
       366594.4600125125,
       276
      ],
      [
       1222758.0637913775,
       366594.1534414296,
       276
      ],
      [
       1222757.5382050097,
       366593.81303433626,
       276
      ],
      [
       1222756.9575659717,
       366593.4387912325,
       276
      ],
      [
       1222756.3218742637,
       366593.03071211814,
       276
      ],
      [
       1222755.6311298858,
       366592.5887969933,
       276
      ],
      [
       1222755.0986361448,
       366592.2431720051,
       276
      ],
      [
       1222754.7243930409,
       366591.99383715354,
       276
      ],
      [
       1222754.5084005743,
       366591.84079243854,
       276
      ],
      [
       1222754.4506587447,
       366591.78403786005,
       276
      ],
      [
       1222754.2596084508,
       366591.5685390189,
       276
      ],
      [
       1222753.9352496925,
       366591.19429591513,
       276
      ],
      [
       1222753.47758247,
       366590.6613085486,
       276
      ],
      [
       1222752.8866067831,
       366589.9695769193,
       276
      ],
      [
       1222752.4039973877,
       366589.3950726983,
       276
      ],
      [
       1222752.0297542838,
       366588.93779588566,
       276
      ],
      [
       1222751.7638774717,
       366588.59774648125,
       276
      ],
      [
       1222751.6063669508,
       366588.37492448505,
       276
      ],
      [
       1222751.3959537991,
       366588.0763919351,
       276
      ],
      [
       1222751.1326380167,
       366587.7021488313,
       276
      ],
      [
       1222750.8164196035,
       366587.2521951736,
       276
      ],
      [
       1222750.4472985596,
       366586.72653096204,
       276
      ],
      [
       1222750.0756164857,
       366586.1967643533,
       276
      ],
      [
       1222749.7013733818,
       366585.6628953476,
       276
      ],
      [
       1222749.324569248,
       366585.1249239447,
       276
      ],
      [
       1222748.9452040845,
       366584.5828501447,
       276
      ],
      [
       1222748.625283247,
       366584.1246916928,
       276
      ],
      [
       1222748.3648067361,
       366583.750448589,
       276
      ],
      [
       1222748.1637745516,
       366583.4601208332,
       276
      ],
      [
       1222748.0221866935,
       366583.2537084255,
       276
      ],
      [
       1222747.8145749047,
       366582.9117775678,
       276
      ],
      [
       1222747.5409391848,
       366582.4343282602,
       276
      ],
      [
       1222747.2012795343,
       366581.8213605025,
       276
      ],
      [
       1222746.795595953,
       366581.0728742948,
       276
      ],
      [
       1222746.4410295747,
       366580.43511413253,
       276
      ],
      [
       1222746.1375804,
       366579.9080800157,
       276
      ],
      [
       1222745.8852484287,
       366579.4917719441,
       276
      ],
      [
       1222745.6840336602,
       366579.1861899179,
       276
      ],
      [
       1222745.4699425083,
       366578.8462773529,
       276
      ],
      [
       1222745.242974972,
       366578.4720342491,
       276
      ],
      [
       1222745.003131052,
       366578.06346060644,
       276
      ],
      [
       1222744.7504107477,
       366577.62055642495,
       276
      ],
      [
       1222744.4748244416,
       366577.1012567369,
       276
      ],
      [
       1222744.176372133,
       366576.5055615423,
       276
      ],
      [
       1222743.8550538223,
       366575.8334708412,
       276
      ],
      [
       1222743.5108695095,
       366575.0849846335,
       276
      ],
      [
       1222743.214835877,
       366574.3809127782,
       276
      ],
      [
       1222742.9669529253,
       366573.72125527536,
       276
      ],
      [
       1222742.767220654,
       366573.10601212486,
       276
      ],
      [
       1222742.6156390633,
       366572.53518332675,
       276
      ],
      [
       1222742.4910888092,
       366572.06264737574,
       276
      ],
      [
       1222742.3935698916,
       366571.68840427196,
       276
      ],
      [
       1222742.3230823106,
       366571.4124540153,
       276
      ],
      [
       1222742.279626066,
       366571.23479660565,
       276
      ],
      [
       1222742.1993859226,
       366570.9144319966,
       276
      ],
      [
       1222742.0823618802,
       366570.451360188,
       276
      ],
      [
       1222741.9285539384,
       366569.84558117983,
       276
      ],
      [
       1222741.7379620979,
       366569.0970949721,
       276
      ],
      [
       1222741.5219266862,
       366568.3486087644,
       276
      ],
      [
       1222741.2804477038,
       366567.6001225568,
       276
      ],
      [
       1222741.0135251503,
       366566.8516363491,
       276
      ],
      [
       1222740.7211590256,
       366566.1031501415,
       276
      ],
      [
       1222740.4463664328,
       366565.45204910176,
       276
      ],
      [
       1222740.1891473716,
       366564.89833322994,
       276
      ],
      [
       1222739.9495018418,
       366564.442002526,
       276
      ],
      [
       1222739.727429844,
       366564.0830569901,
       276
      ],
      [
       1222739.5008782374,
       366563.71646267024,
       276
      ],
      [
       1222739.2698470224,
       366563.34221956634,
       276
      ],
      [
       1222739.034336199,
       366562.9603276786,
       276
      ],
      [
       1222738.7943457672,
       366562.5707870069,
       276
      ],
      [
       1222738.4894112283,
       366562.09150995116,
       276
      ],
      [
       1222738.1195325828,
       366561.52249651146,
       276
      ],
      [
       1222737.68470983,
       366560.86374668777,
       276
      ],
      [
       1222737.18494297,
       366560.1152604801,
       276
      ],
      [
       1222736.8079355964,
       366559.5460259898,
       276
      ],
      [
       1222736.5536877085,
       366559.15604321705,
       276
      ],
      [
       1222736.4221993063,
       366558.94531216164,
       276
      ],
      [
       1222736.4134703903,
       366558.9138328236,
       276
      ],
      [
       1222736.371312902,
       366558.7109716027,
       276
      ],
      [
       1222736.2957268425,
       366558.3367284989,
       276
      ],
      [
       1222736.1867122108,
       366557.79110351217,
       276
      ],
      [
       1222736.0442690072,
       366557.07409664243,
       276
      ],
      [
       1222735.9180631447,
       366556.3492199382,
       276
      ],
      [
       1222735.808094623,
       366555.61647339957,
       276
      ],
      [
       1222735.7143634423,
       366554.8758570264,
       276
      ],
      [
       1222735.6368696026,
       366554.1273708187,
       276
      ],
      [
       1222735.457581253,
       366553.378884611,
       276
      ],
      [
       1222735.1764983935,
       366552.6303984034,
       276
      ],
      [
       1222734.7936210246,
       366551.8819121957,
       276
      ],
      [
       1222734.3089491455,
       366551.133425988,
       276
      ],
      [
       1222733.934475915,
       366550.5558357821,
       276
      ],
      [
       1222733.6702013328,
       366550.149141578,
       276
      ],
      [
       1222733.516125399,
       366549.91334337555,
       276
      ],
      [
       1222733.4722481135,
       366549.84844117484,
       276
      ],
      [
       1222733.3743243595,
       366549.6288685226,
       276
      ],
      [
       1222733.2223541369,
       366549.2546254188,
       276
      ],
      [
       1222733.016337446,
       366548.7257118634,
       276
      ],
      [
       1222732.7562742867,
       366548.0421278564,
       276
      ],
      [
       1222732.5990618535,
       366547.3423182993,
       276
      ],
      [
       1222732.5447001462,
       366546.62628319196,
       276
      ],
      [
       1222732.5931891652,
       366545.8940225344,
       276
      ],
      [
       1222732.74452891,
       366545.14553632675,
       276
      ],
      [
       1222732.8852145723,
       366544.459365695,
       276
      ],
      [
       1222733.0152461522,
       366543.8355106392,
       276
      ],
      [
       1222733.1346236493,
       366543.2739711593,
       276
      ],
      [
       1222733.2433470637,
       366542.7747472554,
       276
      ],
      [
       1222733.3372393465,
       366542.33801375143,
       276
      ],
      [
       1222733.416300498,
       366541.96377064765,
       276
      ],
      [
       1222733.4805305176,
       366541.65201794385,
       276
      ],
      [
       1222733.5299294055,
       366541.4027556401,
       276
      ],
      [
       1222733.5663017367,
       366541.0286873604,
       276
      ],
      [
       1222733.5896475113,
       366540.5298131047,
       276
      ],
      [
       1222733.599966729,
       366539.90613287303,
       276
      ],
      [
       1222733.5972593897,
       366539.1576466653,
       276
      ],
      [
       1222733.5835559983,
       366538.55538529,
       276
      ],
      [
       1222733.558856554,
       366538.0993487471,
       276
      ],
      [
       1222733.5231610576,
       366537.78953703656,
       276
      ],
      [
       1222733.4764695088,
       366537.6259501584,
       276
      ],
      [
       1222733.3951045426,
       366537.3570351674,
       276
      ],
      [
       1222733.279066159,
       366536.9827920635,
       276
      ],
      [
       1222733.128354358,
       366536.5032208469,
       276
      ],
      [
       1222732.9429691401,
       366535.9183215174,
       276
      ],
      [
       1222732.7455106024,
       366535.2925254684,
       276
      ],
      [
       1222732.5359787447,
       366534.6258326997,
       276
      ],
      [
       1222732.314373567,
       366533.91824321164,
       276
      ],
      [
       1222732.0806950694,
       366533.169757004,
       276
      ],
      [
       1222731.8495072033,
       366532.42127079633,
       276
      ],
      [
       1222731.620809968,
       366531.6727845887,
       276
      ],
      [
       1222731.3946033644,
       366530.924298381,
       276
      ],
      [
       1222731.170887392,
       366530.1758121733,
       276
      ],
      [
       1222730.9766737826,
       366529.5491806114,
       276
      ],
      [
       1222730.8119625365,
       366529.0444036952,
       276
      ],
      [
       1222730.6767536537,
       366528.6614814248,
       276
      ],
      [
       1222730.571047134,
       366528.40041380026,
       276
      ],
      [
       1222730.441636795,
       366528.082758436,
       276
      ],
      [
       1222730.2885226365,
       366527.7085153322,
       276
      ],
      [
       1222730.1117046587,
       366527.27768448874,
       276
      ],
      [
       1222729.9111828613,
       366526.79026590567,
       276
      ],
      [
       1222729.6908977462,
       366526.23758041643,
       276
      ],
      [
       1222729.450849313,
       366525.6196280211,
       276
      ],
      [
       1222729.1910375617,
       366524.9364087196,
       276
      ],
      [
       1222728.9114624928,
       366524.1879225119,
       276
      ],
      [
       1222728.6346838553,
       366523.4704593439,
       276
      ],
      [
       1222728.3607016504,
       366522.7840192157,
       276
      ],
      [
       1222728.089515877,
       366522.12860212714,
       276
      ],
      [
       1222727.821126536,
       366521.50420807826,
       276
      ],
      [
       1222727.60652183,
       366521.0048895019,
       276
      ],
      [
       1222727.4457017588,
       366520.6306463981,
       276
      ],
      [
       1222727.3386663233,
       366520.3814787668,
       276
      ],
      [
       1222727.2854155228,
       366520.25738660793,
       276
      ],
      [
       1222727.16455909,
       366519.97719593695,
       276
      ],
      [
       1222726.9760970252,
       366519.54090675374,
       276
      ],
      [
       1222726.720029328,
       366518.9485190583,
       276
      ],
      [
       1222726.3963559987,
       366518.2000328506,
       276
      ],
      [
       1222726.0734917643,
       366517.45154664293,
       276
      ],
      [
       1222725.7514366251,
       366516.7030604353,
       276
      ],
      [
       1222725.430190581,
       366515.9545742276,
       276
      ],
      [
       1222725.1097536318,
       366515.20608801994,
       276
      ],
      [
       1222724.8566446379,
       366514.61977474205,
       276
      ],
      [
       1222724.6708635988,
       366514.19563439395,
       276
      ],
      [
       1222724.552410515,
       366513.93366697564,
       276
      ],
      [
       1222724.5012853863,
       366513.8338724871,
       276
      ],
      [
       1222724.3683046387,
       366513.5968536909,
       276
      ],
      [
       1222724.1534682717,
       366513.2226105871,
       276
      ],
      [
       1222723.8567762861,
       366512.7111431756,
       276
      ],
      [
       1222723.4782286813,
       366512.06245145644,
       276
      ],
      [
       1222723.1342069209,
       366511.3888111151,
       276
      ],
      [
       1222722.8247110052,
       366510.6902221518,
       276
      ],
      [
       1222722.5497409338,
       366509.9666845662,
       276
      ],
      [
       1222722.309296707,
       366509.21819835855,
       276
      ],
      [
       1222722.096589943,
       366508.5154251007,
       276
      ],
      [
       1222721.9116206414,
       366507.8583647926,
       276
      ],
      [
       1222721.7543888027,
       366507.24701743433,
       276
      ],
      [
       1222721.6248944267,
       366506.6813830259,
       276
      ],
      [
       1222721.5103787219,
       366506.21144426975,
       276
      ],
      [
       1222721.4108416887,
       366505.83720116585,
       276
      ],
      [
       1222721.3262833266,
       366505.55865371437,
       276
      ],
      [
       1222721.256703636,
       366505.3758019152,
       276
      ],
      [
       1222721.0788204428,
       366505.0515415139,
       276
      ],
      [
       1222720.7926337474,
       366504.58587251033,
       276
      ],
      [
       1222720.3981435494,
       366503.97879490483,
       276
      ],
      [
       1222719.895349849,
       366503.2303086972,
       276
      ],
      [
       1222719.4742263695,
       366502.63098782604,
       276
      ],
      [
       1222719.134773111,
       366502.18083229143,
       276
      ],
      [
       1222718.8769900734,
       366501.8798420933,
       276
      ],
      [
       1222718.7008772567,
       366501.7280172316,
       276
      ],
      [
       1222718.4615303199,
       366501.6521048008,
       276
      ],
      [
       1222718.158949263,
       366501.6521048008,
       276
      ],
      [
       1222717.793134086,
       366501.7280172316,
       276
      ],
      [
       1222717.364084789,
       366501.8798420933,
       276
      ],
      [
       1222716.9624385885,
       366502.0257820836,
       276
      ],
      [
       1222716.5881954846,
       366502.16583720275,
       276
      ],
      [
       1222716.2413554774,
       366502.30000745057,
       276
      ],
      [
       1222715.921918567,
       366502.42829282704,
       276
      ],
      [
       1222715.4952193322,
       366502.679229263,
       276
      ],
      [
       1222714.9612577732,
       366503.0528167584,
       276
      ],
      [
       1222714.3200338897,
       366503.5490553131,
       276
      ],
      [
       1222713.571547682,
       366504.16794492723,
       276
      ],
      [
       1222713.0098195102,
       366504.6324399421,
       276
      ],
      [
       1222712.6348493744,
       366504.9425403576,
       276
      ],
      [
       1222712.4466372747,
       366505.0982461739,
       276
      ],
      [
       1222712.445183211,
       366505.0995573909,
       276
      ],
      [
       1222712.2573346272,
       366505.24812679336,
       276
      ],
      [
       1222711.8830915233,
       366505.54395438137,
       276
      ],
      [
       1222711.3224538993,
       366505.98704015487,
       276
      ],
      [
       1222710.5754217557,
       366506.5773841138,
       276
      ],
      [
       1222709.969692098,
       366507.0596776452,
       276
      ],
      [
       1222709.5052649272,
       366507.433920749,
       276
      ],
      [
       1222709.1821402423,
       366507.7001134253,
       276
      ],
      [
       1222709.0003180434,
       366507.858255674,
       276
      ],
      [
       1222708.7222853922,
       366508.10739664483,
       276
      ],
      [
       1222708.3480422886,
       366508.4475363377,
       276
      ],
      [
       1222707.8775887322,
       366508.87867475266,
       276
      ],
      [
       1222707.3109247228,
       366509.4008118898,
       276
      ],
      [
       1222706.8299526665,
       366509.84900201025,
       276
      ],
      [
       1222706.4346725633,
       366510.22324511403,
       276
      ],
      [
       1222706.125084413,
       366510.52354120126,
       276
      ],
      [
       1222705.9011882152,
       366510.74989027187,
       276
      ],
      [
       1222705.6021185648,
       366511.0433078775,
       276
      ],
      [
       1222705.2278754609,
       366511.40379401826,
       276
      ],
      [
       1222704.7784589038,
       366511.8313486941,
       276
      ],
      [
       1222704.2538688937,
       366512.32597190514,
       276
      ],
      [
       1222703.795540996,
       366512.76040506246,
       276
      ],
      [
       1222703.403475211,
       366513.1346481663,
       276
      ],
      [
       1222703.0776715383,
       366513.4487012166,
       276
      ],
      [
       1222702.8181299781,
       366513.7025642133,
       276
      ],
      [
       1222702.5012376462,
       366514.00556908466,
       276
      ],
      [
       1222702.1269945423,
       366514.35771583044,
       276
      ],
      [
       1222701.6954006667,
       366514.75900445075,
       276
      ],
      [
       1222701.206456019,
       366515.2094349457,
       276
      ],
      [
       1222700.7642279977,
       366515.62177174503,
       276
      ],
      [
       1222700.3687166027,
       366515.9960148488,
       276
      ],
      [
       1222700.0199218336,
       366516.3321642572,
       276
      ],
      [
       1222699.7178436904,
       366516.6302199699,
       276
      ],
      [
       1222699.379683067,
       366516.9713783895,
       276
      ],
      [
       1222699.0054399632,
       366517.3556395159,
       276
      ],
      [
       1222698.595114379,
       366517.78300334915,
       276
      ],
      [
       1222698.1487063144,
       366518.2534698892,
       276
      ],
      [
       1222697.7484593778,
       366518.67582471116,
       276
      ],
      [
       1222697.3943735699,
       366519.05006781494,
       276
      ],
      [
       1222697.0864488902,
       366519.3761992007,
       276
      ],
      [
       1222696.8246853394,
       366519.65421886835,
       276
      ],
      [
       1222696.5066820118,
       366519.9943205173,
       276
      ],
      [
       1222696.1324389079,
       366520.39650414744,
       276
      ],
      [
       1222695.7019560277,
       366520.860769759,
       276
      ],
      [
       1222695.2152333714,
       366521.3871173519,
       276
      ],
      [
       1222694.790663743,
       366521.8374127003,
       276
      ],
      [
       1222694.4282471421,
       366522.21165580413,
       276
      ],
      [
       1222694.1279835692,
       366522.50984666345,
       276
      ],
      [
       1222693.889873024,
       366522.7319852782,
       276
      ],
      [
       1222693.5836961996,
       366523.04422346264,
       276
      ],
      [
       1222693.2094530957,
       366523.4465612167,
       276
      ],
      [
       1222692.7671437124,
       366523.93899854046,
       276
      ],
      [
       1222692.2567680497,
       366524.52153543377,
       276
      ],
      [
       1222691.8267965321,
       366524.9999254324,
       276
      ],
      [
       1222691.4772291603,
       366525.3741685363,
       276
      ],
      [
       1222691.208065933,
       366525.64426474535,
       276
      ],
      [
       1222691.0193068516,
       366525.8102140596,
       276
      ],
      [
       1222690.7378057586,
       366526.0811374604,
       276
      ],
      [
       1222690.3635626547,
       366526.4570349477,
       276
      ],
      [
       1222689.8965775399,
       366526.9379065214,
       276
      ],
      [
       1222689.336850414,
       366527.52375218144,
       276
      ],
      [
       1222688.8687087353,
       366528.0037965635,
       276
      ],
      [
       1222688.4921525037,
       366528.37803966727,
       276
      ],
      [
       1222688.2071817191,
       366528.64648149296,
       276
      ],
      [
       1222688.0137963821,
       366528.8091220405,
       276
      ],
      [
       1222687.7299821614,
       366529.0499415343,
       276
      ],
      [
       1222687.3557390578,
       366529.3689399744,
       276
      ],
      [
       1222686.8910670707,
       366529.7661173608,
       276
      ],
      [
       1222686.3359661999,
       366530.2414736935,
       276
      ],
      [
       1222685.8094880753,
       366530.66627341177,
       276
      ],
      [
       1222685.3116326963,
       366531.0405165156,
       276
      ],
      [
       1222684.842400063,
       366531.364203005,
       276
      ],
      [
       1222684.4017901756,
       366531.63733288,
       276
      ],
      [
       1222683.9943636798,
       366531.8967284025,
       276
      ],
      [
       1222683.6201205761,
       366532.1423895726,
       276
      ],
      [
       1222683.2790608641,
       366532.3743163901,
       276
      ],
      [
       1222682.971184544,
       366532.59250885516,
       276
      ],
      [
       1222682.553155752,
       366532.8634498165,
       276
      ],
      [
       1222682.0249744882,
       366533.187139274,
       276
      ],
      [
       1222681.3866407522,
       366533.5635772279,
       276
      ],
      [
       1222680.6381545444,
       366533.992763678,
       276
      ],
      [
       1222680.0230623968,
       366534.3399303387,
       276
      ],
      [
       1222679.541364309,
       366534.60507721,
       276
      ],
      [
       1222679.1930602808,
       366534.7882042919,
       276
      ],
      [
       1222678.9781503126,
       366534.8893115844,
       276
      ],
      [
       1222678.6835737764,
       366535.0315224182,
       276
      ],
      [
       1222678.3093306725,
       366535.2148367933,
       276
      ],
      [
       1222677.8554210009,
       366535.43925470975,
       276
      ],
      [
       1222677.3218447615,
       366535.7047761674,
       276
      ],
      [
       1222676.7345410301,
       366535.96875894075,
       276
      ],
      [
       1222676.0935098063,
       366536.2312030297,
       276
      ],
      [
       1222675.3987510907,
       366536.4921084342,
       276
      ],
      [
       1222674.6502648834,
       366536.75147515436,
       276
      ],
      [
       1222673.9017786756,
       366536.9729721378,
       276
      ],
      [
       1222673.1532924678,
       366537.1565993845,
       276
      ],
      [
       1222672.40480626,
       366537.30235689454,
       276
      ],
      [
       1222671.6563200527,
       366537.4102446679,
       276
      ],
      [
       1222670.9196908525,
       366537.52008806204,
       276
      ],
      [
       1222670.1949186604,
       366537.63188707695,
       276
      ],
      [
       1222669.482003476,
       366537.7456417126,
       276
      ],
      [
       1222668.7809452992,
       366537.86135196907,
       276
      ],
      [
       1222668.243294659,
       366537.9500955611,
       276
      ],
      [
       1222667.8690515552,
       366538.0118724886,
       276
      ],
      [
       1222667.6582159877,
       366538.0466827517,
       276
      ],
      [
       1222667.6107879567,
       366538.05452635034,
       276
      ],
      [
       1222667.3880953817,
       366538.0868017629,
       276
      ],
      [
       1222666.9901382625,
       366538.1435089894,
       276
      ],
      [
       1222666.416916599,
       366538.2246480299,
       276
      ],
      [
       1222665.6684303912,
       366538.3302188844,
       276
      ],
      [
       1222664.9199441834,
       366538.3954709137,
       276
      ],
      [
       1222664.1714579756,
       366538.4204041178,
       276
      ],
      [
       1222663.422971768,
       366538.40501849673,
       276
      ],
      [
       1222662.6744855607,
       366538.3493140506,
       276
      ],
      [
       1222661.9517588303,
       366538.2931082142,
       276
      ],
      [
       1222661.2547915769,
       366538.2364009877,
       276
      ],
      [
       1222660.5835838006,
       366538.179192371,
       276
      ],
      [
       1222659.9381355015,
       366538.1214823641,
       276
      ],
      [
       1222659.4282898,
       366538.075549437,
       276
      ],
      [
       1222659.054046696,
       366538.04139358975,
       276
      ],
      [
       1222658.8154061898,
       366538.01901482226,
       276
      ],
      [
       1222658.712368281,
       366538.0084131346,
       276
      ],
      [
       1222658.4479682976,
       366537.94703193277,
       276
      ],
      [
       1222658.0222062394,
       366537.8348712168,
       276
      ],
      [
       1222657.4350821066,
       366537.6719309867,
       276
      ],
      [
       1222656.6865958993,
       366537.4582112425,
       276
      ],
      [
       1222655.9381096917,
       366537.19701513177,
       276
      ],
      [
       1222655.189623484,
       366536.8883426545,
       276
      ],
      [
       1222654.4411372761,
       366536.53219381074,
       276
      ],
      [
       1222653.6926510683,
       366536.12856860046,
       276
      ],
      [
       1222653.081650213,
       366535.7957148014,
       276
      ],
      [
       1222652.6081347102,
       366535.5336324135,
       276
      ],
      [
       1222652.2721045595,
       366535.34232143685,
       276
      ],
      [
       1222652.0735597606,
       366535.2217818714,
       276
      ],
      [
       1222651.7871658094,
       366535.03660188353,
       276
      ],
      [
       1222651.4129227055,
       366534.7867814732,
       276
      ],
      [
       1222650.9508304491,
       366534.4723206406,
       276
      ],
      [
       1222650.4008890402,
       366534.09321938566,
       276
      ],
      [
       1222649.863003587,
       366533.7165472062,
       276
      ],
      [
       1222649.3371740899,
       366533.3423041024,
       276
      ],
      [
       1222648.8234005487,
       366532.97049007413,
       276
      ],
      [
       1222648.321682964,
       366532.6011051215,
       276
      ],
      [
       1222647.8837026195,
       366532.24756350694,
       276
      ],
      [
       1222647.5094595156,
       366531.90986523055,
       276
      ],
      [
       1222647.1989536523,
       366531.5880102922,
       276
      ],
      [
       1222646.9521850296,
       366531.281998692,
       276
      ],
      [
       1222646.6945269566,
       366530.94187134004,
       276
      ],
      [
       1222646.4259794333,
       366530.5676282362,
       276
      ],
      [
       1222646.1465424597,
       366530.15926938056,
       276
      ],
      [
       1222645.8562160353,
       366529.716794773,
       276
      ],
      [
       1222645.7110528233,
       366529.26450060785,
       276
      ],
      [
       1222645.7110528233,
       366528.8023868851,
       276
      ],
      [
       1222645.8562160353,
       366528.33045360463,
       276
      ],
      [
       1222646.1465424597,
       366527.8487007665,
       276
      ],
      [
       1222646.3832931356,
       366527.4207027955,
       276
      ],
      [
       1222646.5664680637,
       366527.0464596917,
       276
      ],
      [
       1222646.6960672436,
       366526.725971455,
       276
      ],
      [
       1222646.7720906755,
       366526.45923808543,
       276
      ],
      [
       1222646.9294663072,
       366526.0720665064,
       276
      ],
      [
       1222647.168194138,
       366525.5644567177,
       276
      ],
      [
       1222647.4882741687,
       366524.9364087196,
       276
      ],
      [
       1222647.8897063984,
       366524.1879225119,
       276
      ],
      [
       1222648.2585382075,
       366523.45802434755,
       276
      ],
      [
       1222648.5947695952,
       366522.74671422655,
       276
      ],
      [
       1222648.8984005621,
       366522.05399214884,
       276
      ],
      [
       1222649.1694311078,
       366521.37985811447,
       276
      ],
      [
       1222649.3801229494,
       366520.85566954536,
       276
      ],
      [
       1222649.5304760868,
       366520.4814264416,
       276
      ],
      [
       1222649.6204905198,
       366520.25712880294,
       276
      ],
      [
       1222649.650166249,
       366520.1827766297,
       276
      ],
      [
       1222649.7550324355,
       366519.9398909478,
       276
      ],
      [
       1222649.9350890801,
       366519.5284717573,
       276
      ],
      [
       1222650.1903361827,
       366518.9485190583,
       276
      ],
      [
       1222650.5207737433,
       366518.2000328506,
       276
      ],
      [
       1222650.8443736471,
       366517.45154664293,
       276
      ],
      [
       1222651.1611358942,
       366516.7030604353,
       276
      ],
      [
       1222651.471060485,
       366515.9545742276,
       276
      ],
      [
       1222651.7741474197,
       366515.20608801994,
       276
      ],
      [
       1222652.0227841164,
       366514.5760298341,
       276
      ],
      [
       1222652.2169705755,
       366514.06439967017,
       276
      ],
      [
       1222652.3567067971,
       366513.671197528,
       276
      ],
      [
       1222652.441992781,
       366513.39642340766,
       276
      ],
      [
       1222652.542979336,
       366513.0719147956,
       276
      ],
      [
       1222652.6596664628,
       366512.69767169177,
       276
      ],
      [
       1222652.7920541605,
       366512.2736940962,
       276
      ],
      [
       1222652.94014243,
       366511.7999820088,
       276
      ],
      [
       1222653.035184458,
       366511.25757639133,
       276
      ],
      [
       1222653.077180245,
       366510.64647724386,
       276
      ],
      [
       1222653.066129791,
       366509.9666845662,
       276
      ],
      [
       1222653.0020330963,
       366509.21819835855,
       276
      ],
      [
       1222652.9329626814,
       366508.63703891647,
       276
      ],
      [
       1222652.8589185467,
       366508.22320623987,
       276
      ],
      [
       1222652.7799006924,
       366507.97670032893,
       276
      ],
      [
       1222652.6959091183,
       366507.8975211836,
       276
      ],
      [
       1222652.6012477928,
       366507.8579316109,
       276
      ],
      [
       1222652.495916716,
       366507.8579316109,
       276
      ],
      [
       1222652.379915888,
       366507.8975211836,
       276
      ],
      [
       1222652.2532453088,
       366507.976700329,
       276
      ],
      [
       1222652.0027884673,
       366508.1018622297,
       276
      ],
      [
       1222651.6285453634,
       366508.2730068857,
       276
      ],
      [
       1222651.1305159973,
       366508.49013429706,
       276
      ],
      [
       1222650.508700369,
       366508.7532444637,
       276
      ],
      [
       1222649.8922902136,
       366509.071921099,
       276
      ],
      [
       1222649.2812855318,
       366509.44616420276,
       276
      ],
      [
       1222648.6756863229,
       366509.87597377517,
       276
      ],
      [
       1222648.0754925872,
       366510.3613498162,
       276
      ],
      [
       1222647.5882741674,
       366510.74955634424,
       276
      ],
      [
       1222647.2140310637,
       366511.04059335915,
       276
      ],
      [
       1222646.9527632757,
       366511.23446086113,
       276
      ],
      [
       1222646.8044708038,
       366511.33115885017,
       276
      ],
      [
       1222646.5318314955,
       366511.5666293965,
       276
      ],
      [
       1222646.1348453504,
       366511.94087250036,
       276
      ],
      [
       1222645.6135123693,
       366512.45388816163,
       276
      ],
      [
       1222644.9678325516,
       366513.10567638034,
       276
      ],
      [
       1222644.4578710909,
       366513.61736842233,
       276
      ],
      [
       1222644.0836279872,
       366513.9889642874,
       276
      ],
      [
       1222643.84510324,
       366514.2204639757,
       276
      ],
      [
       1222643.74229685,
       366514.31186748727,
       276
      ],
      [
       1222643.5148552624,
       366514.5446907949,
       276
      ],
      [
       1222643.162778477,
       366514.9189338987,
       276
      ],
      [
       1222642.686066494,
       366515.43459679873,
       276
      ],
      [
       1222642.0847193135,
       366516.0916794948,
       276
      ],
      [
       1222641.5969241713,
       366516.6334561659,
       276
      ],
      [
       1222641.2226810674,
       366517.05992681184,
       276
      ],
      [
       1222640.961990002,
       366517.37109143275,
       276
      ],
      [
       1222640.8148509748,
       366517.56695002853,
       276
      ],
      [
       1222640.613207602,
       366517.8520008783,
       276
      ],
      [
       1222640.357059883,
       366518.2262439822,
       276
      ],
      [
       1222640.0464078179,
       366518.68967934005,
       276
      ],
      [
       1222639.681251407,
       366519.2423069519,
       276
      ]
     ]
    },
    "elevationFt": 276,
    "weight": "intermediate",
    "hidden": false
   }
  },
  {
   "type": "Feature",
   "geometry": {
    "type": "LineString",
    "coordinates": [
     [
      -77.31414490143864,
      38.67259631065638
     ],
     [
      -77.31414528469713,
      38.6725965108822
     ],
     [
      -77.31414605121414,
      38.67259691133383
     ],
     [
      -77.31414720098965,
      38.672597512011265
     ],
     [
      -77.3141487340237,
      38.672598312914495
     ],
     [
      -77.31415044566761,
      38.67259922462589
     ],
     [
      -77.31415233592138,
      38.67260024714544
     ],
     [
      -77.31415440478501,
      38.672601380473125
     ],
     [
      -77.31415665225853,
      38.67260262460897
     ],
     [
      -77.31415843301872,
      38.67260361138743
     ],
     [
      -77.31415974706553,
      38.67260434080851
     ],
     [
      -77.31416059439894,
      38.672604812872216
     ],
     [
      -77.31416097501892,
      38.672605027578605
     ],
     [
      -77.31416191734812,
      38.67260551704736
     ],
     [
      -77.31416342138654,
      38.67260628127851
     ],
     [
      -77.31416548713422,
      38.67260732027202
     ]
    ]
   },
   "properties": {
    "id": "ct-12",
    "kind": "Contour",
    "sourceId": "contours",
    "reliabilityLevel": 1,
    "revision": 1,
    "engineeringGeometry": {
     "crs": "EPSG:2248",
     "crsName": "NAD83 / Maryland State Plane (US survey feet)",
     "datum": "NAD83",
     "unit": "usSurveyFoot",
     "coordinates": [
      [
       1222645.3347829978,
       366499.113634555,
       278
      ],
      [
       1222645.2256145144,
       366499.1869302683,
       278
      ],
      [
       1222645.0072775478,
       366499.3335216951,
       278
      ],
      [
       1222644.6797720979,
       366499.5534088352,
       278
      ],
      [
       1222644.2430981647,
       366499.8465916886,
       278
      ],
      [
       1222643.7555704177,
       366500.1803046673,
       278
      ],
      [
       1222643.2171888566,
       366500.5545477711,
       278
      ],
      [
       1222642.6279534819,
       366500.9693210001,
       278
      ],
      [
       1222641.9878642932,
       366501.42462435435,
       278
      ],
      [
       1222641.4806981469,
       366501.78574355436,
       278
      ],
      [
       1222641.106455043,
       366502.0526786001,
       278
      ],
      [
       1222640.8651349815,
       366502.22542949166,
       278
      ],
      [
       1222640.7567379624,
       366502.30399622896,
       278
      ],
      [
       1222640.4883186463,
       366502.48317911045,
       278
      ],
      [
       1222640.0598770333,
       366502.76297813625,
       278
      ],
      [
       1222639.471413123,
       366503.14339330624,
       278
      ]
     ]
    },
    "elevationFt": 278,
    "weight": "intermediate",
    "hidden": false
   }
  },
  {
   "type": "Feature",
   "geometry": {
    "type": "LineString",
    "coordinates": [
     [
      -77.31384655293188,
      38.67259711513438
     ],
     [
      -77.31384626214512,
      38.67259762972761
     ],
     [
      -77.31384568057157,
      38.67259865891406
     ],
     [
      -77.31384480821126,
      38.672600202693715
     ],
     [
      -77.31384364506408,
      38.67260226106659
     ],
     [
      -77.31384243469253,
      38.67260431387981
     ],
     [
      -77.3138411770966,
      38.67260636113337
     ],
     [
      -77.31383987227629,
      38.67260840282727
     ],
     [
      -77.3138385202316,
      38.67261043896155
     ],
     [
      -77.31383750247828,
      38.672611971759174
     ],
     [
      -77.3138368190164,
      38.672613001220164
     ],
     [
      -77.313836469846,
      38.67261352734454
     ],
     [
      -77.31383645496706,
      38.6726135501323
     ],
     [
      -77.31383604271672,
      38.67261408211359
     ],
     [
      -77.31383523309495,
      38.6726151232884
     ],
     [
      -77.31383402610174,
      38.67261667365675
     ],
     [
      -77.313832421737,
      38.672618733218606
     ],
     [
      -77.31383097138911,
      38.672620563918244
     ],
     [
      -77.31382967505806,
      38.672622165755655
     ],
     [
      -77.31382853274388,
      38.67262353873085
     ],
     [
      -77.31382754444661,
      38.67262468284384
     ],
     [
      -77.31382662779315,
      38.67262576984847
     ],
     [
      -77.31382578278355,
      38.67262679974477
     ],
     [
      -77.31382500941781,
      38.67262777253272
     ],
     [
      -77.31382430769591,
      38.672628688212335
     ],
     [
      -77.31382339340158,
      38.672629889827206
     ],
     [
      -77.31382226653479,
      38.67263137737732
     ],
     [
      -77.31382092709549,
      38.672633150862666
     ],
     [
      -77.31381937508368,
      38.67263521028325
     ],
     [
      -77.3138181228247,
      38.6726368637473
     ],
     [
      -77.31381717031859,
      38.67263811125484
     ],
     [
      -77.31381651756536,
      38.67263895280587
     ],
     [
      -77.31381616456504,
      38.672639388400384
     ],
     [
      -77.31381554747861,
      38.67264012119448
     ],
     [
      -77.31381466630604,
      38.67264115118815
     ],
     [
      -77.31381352104732,
      38.672642478381384
     ],
     [
      -77.31381211170242,
      38.67264410277417
     ],
     [
      -77.31381075457739,
      38.67264559231743
     ],
     [
      -77.31380944967226,
      38.67264694701116
     ],
     [
      -77.31380819698705,
      38.67264816685537
     ],
     [
      -77.31380699652176,
      38.67264925185003
     ],
     [
      -77.31380573303434,
      38.6726503099442
     ],
     [
      -77.3138044065248,
      38.67265134113789
     ],
     [
      -77.31380301699309,
      38.672652345431075
     ],
     [
      -77.31380156443926,
      38.67265332282378
     ],
     [
      -77.31380018466054,
      38.67265424962028
     ],
     [
      -77.31379887765694,
      38.67265512582062
     ],
     [
      -77.31379764342844,
      38.6726559514248
     ],
     [
      -77.31379648197507,
      38.6726567264328
     ],
     [
      -77.3137951015366,
      38.672657629901295
     ],
     [
      -77.31379350211301,
      38.67265866183029
     ],
     [
      -77.3137916837043,
      38.67265982221973
     ],
     [
      -77.31378964631041,
      38.67266111106967
     ],
     [
      -77.31378797419023,
      38.672662211549394
     ],
     [
      -77.31378666734378,
      38.67266312365894
     ],
     [
      -77.31378572577108,
      38.67266384739834
     ],
     [
      -77.31378514947214,
      38.67266438276757
     ],
     [
      -77.31378432228612,
      38.67266516571419
     ],
     [
      -77.31378324421303,
      38.67266619623819
     ],
     [
      -77.31378191525279,
      38.672667474339555
     ],
     [
      -77.31378033540541,
      38.67266900001829
     ],
     [
      -77.31377889334075,
      38.672670511391765
     ],
     [
      -77.31377758905883,
      38.67267200845996
     ],
     [
      -77.31377642255964,
      38.67267349122294
     ],
     [
      -77.3137753938432,
      38.67267495968063
     ],
     [
      -77.31377449997714,
      38.67267620874157
     ],
     [
      -77.31377374096145,
      38.67267723840579
     ],
     [
      -77.31377311679617,
      38.672678048673234
     ],
     [
      -77.31377262748131,
      38.672678639543925
     ],
     [
      -77.3137718830807,
      38.672679597523405
     ],
     [
      -77.31377088359433,
      38.67268092261163
     ],
     [
      -77.31376962902219,
      38.67268261480863
     ],
     [
      -77.3137681193642,
      38.67268467411441
     ],
     [
      -77.31376683531923,
      38.672686440637854
     ],
     [
      -77.3137657768873,
      38.67268791437904
     ],
     [
      -77.31376494406841,
      38.67268909533792
     ],
     [
      -77.31376433686262,
      38.672689983514545
     ],
     [
      -77.313763640655,
      38.67269094247019
     ],
     [
      -77.31376285544557,
      38.67269197220489
     ],
     [
      -77.31376198123431,
      38.67269307271862
     ],
     [
      -77.3137610180212,
      38.67269424401142
     ],
     [
      -77.31375997268792,
      38.67269563716057
     ],
     [
      -77.31375884523446,
      38.67269725216613
     ],
     [
      -77.31375763566076,
      38.67269908902808
     ],
     [
      -77.31375634396687,
      38.6727011477464
     ],
     [
      -77.31375528779317,
      38.67270286351499
     ],
     [
      -77.31375446713972,
      38.67270423633387
     ],
     [
      -77.31375388200655,
      38.672705266203046
     ],
     [
      -77.31375353239365,
      38.672705953122495
     ],
     [
      -77.31375308005528,
      38.67270681113948
     ],
     [
      -77.31375252499141,
      38.67270784025403
     ],
     [
      -77.31375186720206,
      38.6727090404661
     ],
     [
      -77.31375110668719,
      38.672710411775704
     ],
     [
      -77.3137502620042,
      38.67271195480646
     ],
     [
      -77.3137493331531,
      38.67271366955834
     ],
     [
      -77.31374832013383,
      38.67271555603136
     ],
     [
      -77.31374722294642,
      38.672717614225526
     ],
     [
      -77.3137462140028,
      38.67271942836773
     ],
     [
      -77.31374529330297,
      38.672720998458004
     ],
     [
      -77.31374446084699,
      38.67272232449634
     ],
     [
      -77.31374371663483,
      38.67272340648275
     ],
     [
      -77.31374297719564,
      38.67272446227515
     ],
     [
      -77.31374224252941,
      38.67272549187352
     ],
     [
      -77.31374151263617,
      38.67272649527788
     ],
     [
      -77.3137407875159,
      38.67272747248823
     ],
     [
      -77.31373989983815,
      38.67272872013188
     ],
     [
      -77.31373884960296,
      38.6727302382088
     ],
     [
      -77.31373763681026,
      38.67273202671901
     ],
     [
      -77.31373626146005,
      38.67273408566248
     ],
     [
      -77.31373510396013,
      38.67273585593098
     ],
     [
      -77.31373416431053,
      38.67273733752451
     ],
     [
      -77.31373344251126,
      38.672738530443084
     ],
     [
      -77.31373293856237,
      38.67273943468668
     ],
     [
      -77.31373235673266,
      38.672740401506665
     ],
     [
      -77.3137316970221,
      38.67274143090303
     ],
     [
      -77.31373095943071,
      38.67274252287578
     ],
     [
      -77.31373014395848,
      38.6727436774249
     ],
     [
      -77.31372908405513,
      38.67274499751152
     ],
     [
      -77.31372777972064,
      38.67274648313564
     ],
     [
      -77.31372623095497,
      38.67274813429726
     ],
     [
      -77.31372443775811,
      38.67274995099635
     ],
     [
      -77.3137230314728,
      38.67275137452852
     ],
     [
      -77.31372201209906,
      38.67275240489379
     ],
     [
      -77.31372137963693,
      38.67275304209217
     ],
     [
      -77.31372113408644,
      38.67275328612367
     ],
     [
      -77.31372035835793,
      38.67275397168664
     ],
     [
      -77.31371905245138,
      38.67275509878103
     ],
     [
      -77.31371721636674,
      38.67275666740686
     ],
     [
      -77.31371485010395,
      38.67275867756407
     ],
     [
      -77.31371305462267,
      38.67276019810184
     ],
     [
      -77.31371182992297,
      38.67276122902018
     ],
     [
      -77.3137111760049,
      38.672761770319106
     ],
     [
      -77.31371109286849,
      38.6727618219986
     ],
     [
      -77.31371039740489,
      38.67276219649977
     ],
     [
      -77.31370908961408,
      38.672762893822565
     ],
     [
      -77.31370716949604,
      38.67276391396699
     ],
     [
      -77.31370463705069,
      38.67276525693298
     ],
     [
      -77.31370224183112,
      38.672766445266895
     ],
     [
      -77.31369998383738,
      38.672767478968694
     ],
     [
      -77.31369786306944,
      38.672768358038404
     ],
     [
      -77.31369587952737,
      38.67276908247604
     ],
     [
      -77.31369423336011,
      38.67276967914033
     ],
     [
      -77.3136929245677,
      38.672770148031304
     ],
     [
      -77.31369195315015,
      38.672770489148945
     ],
     [
      -77.31369131910748,
      38.6727707024933
     ],
     [
      -77.3136901895696,
      38.672771186000986
     ],
     [
      -77.31368856453649,
      38.672771939671996
     ],
     [
      -77.31368644400813,
      38.67277296350631
     ],
     [
      -77.31368382798446,
      38.67277425750388
     ],
     [
      -77.31368160608542,
      38.672775367864844
     ],
     [
      -77.31367977831104,
      38.672776294589184
     ],
     [
      -77.31367834466134,
      38.67277703767693
     ],
     [
      -77.31367730513637,
      38.67277759712809
     ],
     [
      -77.31367613143871,
      38.67277821651481
     ],
     [
      -77.31367482356839,
      38.672778895837126
     ],
     [
      -77.31367338152536,
      38.67277963509499
     ],
     [
      -77.31367180530967,
      38.67278043428846
     ],
     [
      -77.31366996890009,
      38.67278130203713
     ],
     [
      -77.31366787229666,
      38.672782238341036
     ],
     [
      -77.31366551549932,
      38.67278324320015
     ],
     [
      -77.3136628985081,
      38.67278431661448
     ],
     [
      -77.31366079807802,
      38.67278517052731
     ],
     [
      -77.3136592142091,
      38.67278580493871
     ],
     [
      -77.3136581469014,
      38.672786219848646
     ],
     [
      -77.31365759615491,
      38.67278641525718
     ],
     [
      -77.31365666651952,
      38.672786778055425
     ],
     [
      -77.3136553579952,
      38.67278730824335
     ],
     [
      -77.31365367058197,
      38.67278800582096
     ],
     [
      -77.31365160427977,
      38.67278887078826
     ],
     [
      -77.31364949277462,
      38.6727898199859
     ],
     [
      -77.31364733606647,
      38.672790853413865
     ],
     [
      -77.31364513415537,
      38.672791971072165
     ],
     [
      -77.31364288704127,
      38.67279317296078
     ],
     [
      -77.313641109808,
      38.67279417272547
     ],
     [
      -77.3136398024556,
      38.6727949703662
     ],
     [
      -77.31363896498408,
      38.672795565883014
     ],
     [
      -77.31363859739348,
      38.672795959275916
     ],
     [
      -77.31363766794539,
      38.67279663513594
     ],
     [
      -77.31363617663976,
      38.67279759346306
     ],
     [
      -77.31363412347658,
      38.67279883425726
     ],
     [
      -77.31363150845579,
      38.67280035751852
     ],
     [
      -77.31362940797544,
      38.6728015369936
     ],
     [
      -77.31362782203561,
      38.67280237268253
     ],
     [
      -77.31362675063635,
      38.67280286458535
     ],
     [
      -77.31362619377767,
      38.67280301270205
     ],
     [
      -77.31362526044813,
      38.672803206326705
     ],
     [
      -77.31362395064775,
      38.67280344545927
     ],
     [
      -77.31362226437655,
      38.67280373009977
     ],
     [
      -77.31362020163448,
      38.67280406024818
     ],
     [
      -77.31361799943072,
      38.672804371066036
     ],
     [
      -77.31361565776527,
      38.67280466255337
     ],
     [
      -77.31361317663813,
      38.672804934710136
     ],
     [
      -77.31361055604931,
      38.67280518753634
     ],
     [
      -77.31360793524377,
      38.67280539091291
     ],
     [
      -77.31360531422153,
      38.67280554483987
     ],
     [
      -77.31360269298258,
      38.67280564931719
     ],
     [
      -77.31360007152692,
      38.6728057043449
     ],
     [
      -77.31359744937474,
      38.67280560042438
     ],
     [
      -77.31359482652606,
      38.672805337555694
     ],
     [
      -77.31359220298089,
      38.67280491573879
     ],
     [
      -77.31358957873923,
      38.672804334973684
     ],
     [
      -77.31358759120246,
      38.672803891827556
     ],
     [
      -77.31358624037058,
      38.67280358630044
     ],
     [
      -77.31358552624353,
      38.67280341839232
     ],
     [
      -77.3135854488213,
      38.67280338810327
     ],
     [
      -77.31358475351242,
      38.67280310512687
     ],
     [
      -77.31358344031686,
      38.67280256946314
     ],
     [
      -77.31358150923467,
      38.67280178111203
     ],
     [
      -77.31357896026589,
      38.67280074007352
     ],
     [
      -77.31357639231527,
      38.67279977673499
     ],
     [
      -77.31357380538282,
      38.6727988910964
     ],
     [
      -77.3135711994685,
      38.672798083157765
     ],
     [
      -77.31356857457233,
      38.67279735291907
     ],
     [
      -77.31356595031724,
      38.67279676897879
     ],
     [
      -77.31356332670322,
      38.67279633133689
     ],
     [
      -77.31356070373023,
      38.67279603999337
     ],
     [
      -77.3135580813983,
      38.67279589494827
     ],
     [
      -77.31355545926951,
      38.672795796272396
     ],
     [
      -77.3135528373439,
      38.67279574396578
     ],
     [
      -77.31355021562148,
      38.67279573802839
     ],
     [
      -77.3135475941022,
      38.672795778460234
     ],
     [
      -77.31354497267415,
      38.67279583971396
     ],
     [
      -77.31354235133732,
      38.67279592178956
     ],
     [
      -77.3135397300917,
      38.672796024687024
     ],
     [
      -77.31353710893733,
      38.67279614840638
     ],
     [
      -77.31353448795981,
      38.6727963125016
     ],
     [
      -77.3135318671592,
      38.67279651697275
     ]
    ]
   },
   "properties": {
    "id": "ct-13",
    "kind": "Contour",
    "sourceId": "contours",
    "reliabilityLevel": 1,
    "revision": 1,
    "engineeringGeometry": {
     "crs": "EPSG:2248",
     "crsName": "NAD83 / Maryland State Plane (US survey feet)",
     "datum": "NAD83",
     "unit": "usSurveyFoot",
     "coordinates": [
      [
       1222730.5136006982,
       366499.113634555,
       278
      ],
      [
       1222730.5972639476,
       366499.3007561069,
       278
      ],
      [
       1222730.7645904464,
       366499.67499921075,
       278
      ],
      [
       1222731.0155801945,
       366500.2363638665,
       278
      ],
      [
       1222731.350233192,
       366500.9848500742,
       278
      ],
      [
       1222731.698361659,
       366501.7312651948,
       278
      ],
      [
       1222732.0599655947,
       366502.4756092282,
       278
      ],
      [
       1222732.435045,
       366503.2178821745,
       278
      ],
      [
       1222732.823599874,
       366503.9580840337,
       278
      ],
      [
       1222733.1160851377,
       366504.5153065152,
       278
      ],
      [
       1222733.3125007905,
       366504.889549619,
       278
      ],
      [
       1222733.4128468328,
       366505.08081334515,
       278
      ],
      [
       1222733.4171232646,
       366505.0890976937,
       278
      ],
      [
       1222733.5354858076,
       366505.2824325069,
       278
      ],
      [
       1222733.7679344618,
       366505.660817785,
       278
      ],
      [
       1222734.1144692274,
       366506.2242535279,
       278
      ],
      [
       1222734.5750901042,
       366506.9727397355,
       278
      ],
      [
       1222734.9914529866,
       366507.6380289998,
       278
      ],
      [
       1222735.3635578747,
       366508.2201213205,
       278
      ],
      [
       1222735.6914047683,
       366508.7190166979,
       278
      ],
      [
       1222735.9749936673,
       366509.13471513183,
       278
      ],
      [
       1222736.2380569163,
       366509.52968590066,
       278
      ],
      [
       1222736.4805945153,
       366509.90392900456,
       278
      ],
      [
       1222736.7026064643,
       366510.25744444336,
       278
      ],
      [
       1222736.9040927636,
       366510.5902322171,
       278
      ],
      [
       1222737.1666259519,
       366511.02694459935,
       278
      ],
      [
       1222737.4902060302,
       366511.56758159003,
       278
      ],
      [
       1222737.8748329978,
       366512.2121431892,
       278
      ],
      [
       1222738.3205068551,
       366512.96062939696,
       278
      ],
      [
       1222738.680093761,
       366513.56156665366,
       278
      ],
      [
       1222738.9535937156,
       366514.01495495933,
       278
      ],
      [
       1222739.1410067184,
       366514.32079431403,
       278
      ],
      [
       1222739.2423327696,
       366514.4790847177,
       278
      ],
      [
       1222739.4194268275,
       366514.7453514715,
       278
      ],
      [
       1222739.6722888919,
       366515.11959457526,
       278
      ],
      [
       1222740.0009189625,
       366515.60181402916,
       278
      ],
      [
       1222740.4053170395,
       366516.1920098332,
       278
      ],
      [
       1222740.7946376298,
       366516.7331467585,
       278
      ],
      [
       1222741.1688807337,
       366517.2252248052,
       278
      ],
      [
       1222741.528046351,
       366517.6682439733,
       278
      ],
      [
       1222741.8721344816,
       366518.0622042627,
       278
      ],
      [
       1222742.2341815853,
       366518.4463059593,
       278
      ],
      [
       1222742.6141876625,
       366518.82054906315,
       278
      ],
      [
       1222743.0121527128,
       366519.18493357423,
       278
      ],
      [
       1222743.4280767362,
       366519.53945949243,
       278
      ],
      [
       1222743.8231603,
       366519.87563048565,
       278
      ],
      [
       1222744.197403404,
       366520.19344655395,
       278
      ],
      [
       1222744.5508060479,
       366520.4929076972,
       278
      ],
      [
       1222744.8833682318,
       366520.7740139155,
       278
      ],
      [
       1222745.2786109108,
       366521.10168857663,
       278
      ],
      [
       1222745.7365340842,
       366521.47593168047,
       278
      ],
      [
       1222746.2571377528,
       366521.89674322703,
       278
      ],
      [
       1222746.8404219162,
       366522.36412321636,
       278
      ],
      [
       1222747.3191855499,
       366522.76326014055,
       278
      ],
      [
       1222747.6934286538,
       366523.0941539996,
       278
      ],
      [
       1222747.963151228,
       366523.35680479347,
       278
      ],
      [
       1222748.1283532723,
       366523.5512125222,
       278
      ],
      [
       1222748.365492849,
       366523.8355379385,
       278
      ],
      [
       1222748.6745699574,
       366524.2097810423,
       278
      ],
      [
       1222749.0555845983,
       366524.6739418337,
       278
      ],
      [
       1222749.5085367714,
       366525.2280203126,
       278
      ],
      [
       1222749.92213441,
       366525.7770242506,
       278
      ],
      [
       1222750.2963775138,
       366526.32095364755,
       278
      ],
      [
       1222750.6312660829,
       366526.85980850353,
       278
      ],
      [
       1222750.9268001176,
       366527.3935888186,
       278
      ],
      [
       1222751.183560078,
       366527.84760052804,
       278
      ],
      [
       1222751.4015459644,
       366528.2218436318,
       278
      ],
      [
       1222751.580757777,
       366528.5163181301,
       278
      ],
      [
       1222751.7211955155,
       366528.7310240228,
       278
      ],
      [
       1222751.93491909,
       366529.0791749942,
       278
      ],
      [
       1222752.2219285,
       366529.56077104434,
       278
      ],
      [
       1222752.5822237465,
       366530.1758121733,
       278
      ],
      [
       1222753.0158048286,
       366530.924298381,
       278
      ],
      [
       1222753.3846074871,
       366531.56637915736,
       278
      ],
      [
       1222753.688631722,
       366532.10205450223,
       278
      ],
      [
       1222753.9278775328,
       366532.5313244158,
       278
      ],
      [
       1222754.1023449197,
       366532.8541888981,
       278
      ],
      [
       1222754.3023106793,
       366533.20274269115,
       278
      ],
      [
       1222754.5277748113,
       366533.57698579493,
       278
      ],
      [
       1222754.778737316,
       366533.9769182096,
       278
      ],
      [
       1222755.0551981928,
       366534.40253993496,
       278
      ],
      [
       1222755.3553818506,
       366534.908877781,
       278
      ],
      [
       1222755.6792882895,
       366535.4959317476,
       278
      ],
      [
       1222756.0269175088,
       366536.1637018347,
       278
      ],
      [
       1222756.3982695085,
       366536.9121880423,
       278
      ],
      [
       1222756.7019518414,
       366537.53600832075,
       278
      ],
      [
       1222756.9379645064,
       366538.03516267,
       278
      ],
      [
       1222757.1063075045,
       366538.40965109004,
       278
      ],
      [
       1222757.206980835,
       366538.6594735808,
       278
      ],
      [
       1222757.3371961676,
       366538.97150637803,
       278
      ],
      [
       1222757.4969535023,
       366539.3457494819,
       278
      ],
      [
       1222757.686252839,
       366539.78220289224,
       278
      ],
      [
       1222757.905094178,
       366540.2808666092,
       278
      ],
      [
       1222758.148180212,
       366540.8419859488,
       278
      ],
      [
       1222758.4155109413,
       366541.46556091105,
       278
      ],
      [
       1222758.7070863661,
       366542.151591496,
       278
      ],
      [
       1222759.022906486,
       366542.9000777037,
       278
      ],
      [
       1222759.3132277634,
       366543.5597705221,
       278
      ],
      [
       1222759.5780501976,
       366544.13066995126,
       278
      ],
      [
       1222759.8173737894,
       366544.6127759911,
       278
      ],
      [
       1222760.031198538,
       366545.0060886416,
       278
      ],
      [
       1222760.243627826,
       366545.3898665188,
       278
      ],
      [
       1222760.4546616534,
       366545.76410962257,
       278
      ],
      [
       1222760.6643000199,
       366546.12881795305,
       278
      ],
      [
       1222760.8725429252,
       366546.48399151023,
       278
      ],
      [
       1222761.1275340002,
       366546.93749323,
       278
      ],
      [
       1222761.429273245,
       366547.48932311236,
       278
      ],
      [
       1222761.777760659,
       366548.1394811574,
       278
      ],
      [
       1222762.172996243,
       366548.8879673651,
       278
      ],
      [
       1222762.5056748604,
       366549.53153632383,
       278
      ],
      [
       1222762.7757965114,
       366550.0701880336,
       278
      ],
      [
       1222762.9833611962,
       366550.5039224945,
       278
      ],
      [
       1222763.1283689146,
       366550.83273970644,
       278
      ],
      [
       1222763.2956897018,
       366551.18426986434,
       278
      ],
      [
       1222763.485323558,
       366551.5585129682,
       278
      ],
      [
       1222763.6972704832,
       366551.95546901796,
       278
      ],
      [
       1222763.9315304772,
       366552.3751380136,
       278
      ],
      [
       1222764.2357820263,
       366552.85485340806,
       278
      ],
      [
       1222764.6100251302,
       366553.39461520116,
       278
      ],
      [
       1222765.0542597887,
       366553.994423393,
       278
      ],
      [
       1222765.5684860025,
       366554.6542779835,
       278
      ],
      [
       1222765.9717580045,
       366555.17132683075,
       278
      ],
      [
       1222766.2640757947,
       366555.5455699346,
       278
      ],
      [
       1222766.4454393736,
       366555.77700729505,
       278
      ],
      [
       1222766.5158487407,
       366555.8656389122,
       278
      ],
      [
       1222766.7381749763,
       366556.11454934673,
       278
      ],
      [
       1222767.1124180802,
       366556.5237385987,
       278
      ],
      [
       1222767.6385780524,
       366557.09320666804,
       278
      ],
      [
       1222768.3166548929,
       366557.8229535548,
       278
      ],
      [
       1222768.8311624923,
       366558.37494855013,
       278
      ],
      [
       1222769.1821008506,
       366558.7491916539,
       278
      ],
      [
       1222769.3694699677,
       366558.94568286627,
       278
      ],
      [
       1222769.393269844,
       366558.96442218724,
       278
      ],
      [
       1222769.5922913337,
       366559.10012745194,
       278
      ],
      [
       1222769.9665344376,
       366559.35279866034,
       278
      ],
      [
       1222770.5159991554,
       366559.72243581247,
       278
      ],
      [
       1222771.2406854867,
       366560.20903890836,
       278
      ],
      [
       1222771.9260007194,
       366560.6394620082,
       278
      ],
      [
       1222772.571944853,
       366561.013705112,
       278
      ],
      [
       1222773.1785178878,
       366561.3317682198,
       278
      ],
      [
       1222773.745719824,
       366561.59365133167,
       278
      ],
      [
       1222774.2164423438,
       366561.8093323454,
       278
      ],
      [
       1222774.5906854477,
       366561.97881126107,
       278
      ],
      [
       1222774.8684491355,
       366562.10208807874,
       278
      ],
      [
       1222775.049733407,
       366562.17916279833,
       278
      ],
      [
       1222775.372818163,
       366562.35414076806,
       278
      ],
      [
       1222775.8377034029,
       366562.62702198816,
       278
      ],
      [
       1222776.4443891265,
       366562.99780645827,
       278
      ],
      [
       1222777.1928753338,
       366563.4664941785,
       278
      ],
      [
       1222777.828610321,
       366563.8686909107,
       278
      ],
      [
       1222778.3515940874,
       366564.20439665474,
       278
      ],
      [
       1222778.7618266335,
       366564.4736114106,
       278
      ],
      [
       1222779.059307959,
       366564.6763351784,
       278
      ],
      [
       1222779.3951701736,
       366564.9007549464,
       278
      ],
      [
       1222779.7694132775,
       366565.1468707146,
       278
      ],
      [
       1222780.1820372706,
       366565.4146824832,
       278
      ],
      [
       1222780.633042153,
       366565.70419025194,
       278
      ],
      [
       1222781.1584173667,
       366566.01840955205,
       278
      ],
      [
       1222781.7581629115,
       366566.3573403836,
       278
      ],
      [
       1222782.432278788,
       366566.72098274634,
       278
      ],
      [
       1222783.1807649953,
       366567.10933664045,
       278
      ],
      [
       1222783.7814998887,
       366567.41825819726,
       278
      ],
      [
       1222784.2344834683,
       366567.64774741663,
       278
      ],
      [
       1222784.5397157334,
       366567.79780429875,
       278
      ],
      [
       1222784.6971966845,
       366567.8684288435,
       278
      ],
      [
       1222784.963058712,
       366567.9996424912,
       278
      ],
      [
       1222785.3373018159,
       366568.191445242,
       278
      ],
      [
       1222785.819925996,
       366568.4438370957,
       278
      ],
      [
       1222786.4109312524,
       366568.75681805244,
       278
      ],
      [
       1222787.014947196,
       366569.10043008276,
       278
      ],
      [
       1222787.6319738263,
       366569.4746731866,
       278
      ],
      [
       1222788.2620111434,
       366569.87954736396,
       278
      ],
      [
       1222788.9050591476,
       366570.3150526149,
       278
      ],
      [
       1222789.4137047017,
       366570.67740833067,
       278
      ],
      [
       1222789.7879478056,
       366570.9666145112,
       278
      ],
      [
       1222790.0277884593,
       366571.1826711565,
       278
      ],
      [
       1222790.1332266629,
       366571.3255782666,
       278
      ],
      [
       1222790.3994268675,
       366571.5708044624,
       278
      ],
      [
       1222790.8263890732,
       366571.91834974417,
       278
      ],
      [
       1222791.41411328,
       366572.36821411154,
       278
      ],
      [
       1222792.1625994872,
       366572.92039756477,
       278
      ],
      [
       1222792.763755827,
       366573.3478840658,
       278
      ],
      [
       1222793.2175822987,
       366573.65067361447,
       278
      ],
      [
       1222793.5240789023,
       366573.82876621105,
       278
      ],
      [
       1222793.6832456382,
       366573.88216185546,
       278
      ],
      [
       1222793.949950558,
       366573.95176153915,
       278
      ],
      [
       1222794.3241936616,
       366574.0375652622,
       278
      ],
      [
       1222794.8059749496,
       366574.1395730246,
       278
      ],
      [
       1222795.3952944216,
       366574.2577848263,
       278
      ],
      [
       1222796.0244055777,
       366574.3688199691,
       278
      ],
      [
       1222796.6933084175,
       366574.4726784533,
       278
      ],
      [
       1222797.4020029414,
       366574.56936027855,
       278
      ],
      [
       1222798.1504891487,
       366574.6588654448,
       278
      ],
      [
       1222798.8989753565,
       366574.730361623,
       278
      ],
      [
       1222799.647461564,
       366574.78384881304,
       278
      ],
      [
       1222800.3959477716,
       366574.8193270147,
       278
      ],
      [
       1222801.1444339794,
       366574.8367962281,
       278
      ],
      [
       1222801.8929201872,
       366574.79637827864,
       278
      ],
      [
       1222802.641406395,
       366574.69807316625,
       278
      ],
      [
       1222803.3898926026,
       366574.54188089096,
       278
      ],
      [
       1222804.13837881,
       366574.32780145283,
       278
      ],
      [
       1222804.7052599427,
       366574.16446518834,
       278
      ],
      [
       1222805.0905360007,
       366574.05187209754,
       278
      ],
      [
       1222805.2942069836,
       366573.9900221804,
       278
      ],
      [
       1222805.3162728918,
       366573.97891543707,
       278
      ],
      [
       1222805.5144273979,
       366573.87517786573,
       278
      ],
      [
       1222805.8886705018,
       366573.6788094664,
       278
      ],
      [
       1222806.4390022035,
       366573.3898102391,
       278
      ],
      [
       1222807.1654225031,
       366573.0081801838,
       278
      ],
      [
       1222807.8973592797,
       366572.65482866735,
       278
      ],
      [
       1222808.6348125334,
       366572.3297556897,
       278
      ],
      [
       1222809.377782264,
       366572.032961251,
       278
      ],
      [
       1222810.1262684714,
       366571.7644453511,
       278
      ],
      [
       1222810.874754679,
       366571.54920973704,
       278
      ],
      [
       1222811.6232408867,
       366571.38725440874,
       278
      ],
      [
       1222812.3717270945,
       366571.27857936634,
       278
      ],
      [
       1222813.1202133023,
       366571.2231846098,
       278
      ],
      [
       1222813.8686995099,
       366571.1846770416,
       278
      ],
      [
       1222814.6171857174,
       366571.1630566617,
       278
      ],
      [
       1222815.3656719252,
       366571.15832347027,
       278
      ],
      [
       1222816.1141581326,
       366571.17047746736,
       278
      ],
      [
       1222816.8626443404,
       366571.19021458284,
       278
      ],
      [
       1222817.6111305482,
       366571.2175348168,
       278
      ],
      [
       1222818.359616756,
       366571.25243816944,
       278
      ],
      [
       1222819.1081029633,
       366571.2949246407,
       278
      ],
      [
       1222819.856589171,
       366571.35211559,
       278
      ],
      [
       1222820.605075379,
       366571.4240110173,
       278
      ]
     ]
    },
    "elevationFt": 278,
    "weight": "intermediate",
    "hidden": false
   }
  },
  {
   "type": "Feature",
   "geometry": {
    "type": "LineString",
    "coordinates": [
     [
      -77.31380520014291,
      38.67259722657926
     ],
     [
      -77.31380518529521,
      38.67259725538196
     ],
     [
      -77.31380515559982,
      38.672597312987335
     ],
     [
      -77.31380511105672,
      38.67259739939543
     ],
     [
      -77.31380505166592,
      38.67259751460621
     ],
     [
      -77.31380471833002,
      38.67259808683936
     ],
     [
      -77.31380411104897,
      38.67259911609487
     ],
     [
      -77.31380322982275,
      38.67260060237275
     ],
     [
      -77.31380207465135,
      38.672602545672966
     ],
     [
      -77.31380089677269,
      38.67260451779707
     ],
     [
      -77.31379969618673,
      38.672606518745
     ],
     [
      -77.31379847289351,
      38.67260854851682
     ],
     [
      -77.313797226893,
      38.6726106071125
     ],
     [
      -77.3137962419751,
      38.672612225169544
     ],
     [
      -77.31379551813981,
      38.672613402687965
     ],
     [
      -77.31379505538723,
      38.67261413966781
     ],
     [
      -77.31379485371731,
      38.67261443610901
     ],
     [
      -77.31379437252423,
      38.672615099164084
     ],
     [
      -77.31379361180795,
      38.672616128833
     ],
     [
      -77.31379257156847,
      38.67261752511577
     ],
     [
      -77.31379125180575,
      38.67261928801234
     ],
     [
      -77.31378994018003,
      38.67262100831614
     ],
     [
      -77.3137886366913,
      38.67262268602712
     ],
     [
      -77.31378734133958,
      38.67262432114527
     ],
     [
      -77.31378605412486,
      38.67262591367062
     ],
     [
      -77.31378499025662,
      38.67262722487525
     ],
     [
      -77.3137841497349,
      38.67262825475914
     ],
     [
      -77.31378353255973,
      38.67262900332232
     ],
     [
      -77.31378313873108,
      38.6726294705648
     ],
     [
      -77.3137822890327,
      38.67263030595189
     ],
     [
      -77.31378098346453,
      38.67263150948358
     ],
     [
      -77.31377922202653,
      38.67263308115988
     ],
     [
      -77.31377700471866,
      38.67263502098075
     ],
     [
      -77.31377530559166,
      38.67263650629173
     ],
     [
      -77.31377412464562,
      38.67263753709283
     ],
     [
      -77.31377346188056,
      38.672638113384096
     ],
     [
      -77.3137733172965,
      38.67263823516553
     ],
     [
      -77.31377259127225,
      38.672638681608234
     ],
     [
      -77.3137712838078,
      38.67263945271225
     ],
     [
      -77.31376939490309,
      38.67264054847753
     ],
     [
      -77.3137669245581,
      38.67264196890402
     ],
     [
      -77.31376479593503,
      38.672643195334125
     ],
     [
      -77.31376300903395,
      38.672644227767826
     ],
     [
      -77.31376156385487,
      38.672645066205185
     ],
     [
      -77.31376046039782,
      38.67264571064615
     ],
     [
      -77.3137592548811,
      38.67264640568402
     ],
     [
      -77.3137579473047,
      38.67264715131874
     ],
     [
      -77.3137565376686,
      38.67264794755034
     ],
     [
      -77.31375502597282,
      38.67264879437878
     ],
     [
      -77.31375325234377,
      38.67264973434478
     ],
     [
      -77.31375121678144,
      38.67265076744829
     ],
     [
      -77.31374891928581,
      38.6726518936893
     ],
     [
      -77.31374635985686,
      38.67265311306782
     ],
     [
      -77.31374442608256,
      38.67265403365891
     ],
     [
      -77.31374311796299,
      38.67265465546258
     ],
     [
      -77.31374243549816,
      38.67265497847888
     ],
     [
      -77.31374237868806,
      38.67265500270781
     ],
     [
      -77.31374168100346,
      38.67265509975439
     ],
     [
      -77.31374034244436,
      38.67265526961862
     ],
     [
      -77.31373836301074,
      38.672655512300516
     ],
     [
      -77.31373574270258,
      38.67265582779998
     ],
     [
      -77.31373312245705,
      38.67265615759278
     ],
     [
      -77.31373050227418,
      38.672656501678894
     ],
     [
      -77.31372788215393,
      38.672656860058325
     ],
     [
      -77.31372526209631,
      38.67265723273108
     ],
     [
      -77.31372264249487,
      38.672657709468616
     ],
     [
      -77.31372002334959,
      38.67265829027097
     ],
     [
      -77.31371740466045,
      38.6726589751381
     ],
     [
      -77.31371478642747,
      38.67265976407003
     ],
     [
      -77.31371233278898,
      38.67266050089639
     ],
     [
      -77.313710043745,
      38.67266118561724
     ],
     [
      -77.31370791929558,
      38.67266181823254
     ],
     [
      -77.31370595944067,
      38.67266239874234
     ],
     [
      -77.31370432498201,
      38.67266289241371
     ],
     [
      -77.31370301591959,
      38.67266329924667
     ],
     [
      -77.31370203225343,
      38.67266361924125
     ],
     [
      -77.31370137398352,
      38.67266385239743
     ],
     [
      -77.31370022571208,
      38.67266422206449
     ],
     [
      -77.31369858743912,
      38.67266472824242
     ],
     [
      -77.31369645916458,
      38.6726653709312
     ],
     [
      -77.31369384088846,
      38.672666150130794
     ],
     [
      -77.31369122264329,
      38.67266693640117
     ],
     [
      -77.31368860442905,
      38.67266772974238
     ],
     [
      -77.31368598624574,
      38.672668530154375
     ],
     [
      -77.31368336809336,
      38.67266933763716
     ],
     [
      -77.3136811168342,
      38.672670006843745
     ],
     [
      -77.3136792324683,
      38.672670537774096
     ],
     [
      -77.31367771499565,
      38.672670930428275
     ],
     [
      -77.3136765644163,
      38.672671184806276
     ],
     [
      -77.31367533444875,
      38.67267148199032
     ],
     [
      -77.31367402509302,
      38.672671821980444
     ],
     [
      -77.31367263634911,
      38.67267220477659
     ],
     [
      -77.31367116821701,
      38.6726726303788
     ],
     [
      -77.31366941190754,
      38.67267299807929
     ],
     [
      -77.31366736742063,
      38.67267330787806
     ],
     [
      -77.31366503475635,
      38.67267355977509
     ],
     [
      -77.31366241391467,
      38.67267375377035
     ],
     [
      -77.31365979290806,
      38.672673910139245
     ],
     [
      -77.31365717173652,
      38.67267402888178
     ],
     [
      -77.31365455040006,
      38.67267410999795
     ],
     [
      -77.31365192889871,
      38.67267415348773
     ],
     [
      -77.3136493080157,
      38.672674338071836
     ],
     [
      -77.31364668775109,
      38.672674663750264
     ],
     [
      -77.31364406810482,
      38.67267513052301
     ],
     [
      -77.31364144907688,
      38.67267573839005
     ],
     [
      -77.31363905290816,
      38.672676397806775
     ],
     [
      -77.31363687959865,
      38.6726771087732
     ],
     [
      -77.31363492914834,
      38.67267787128933
     ],
     [
      -77.31363320155725,
      38.672678685355166
     ],
     [
      -77.31363168381377,
      38.672679428978405
     ],
     [
      -77.3136303759179,
      38.67268010215906
     ],
     [
      -77.31362927786967,
      38.672680704897125
     ],
     [
      -77.31362838966909,
      38.6726812371926
     ],
     [
      -77.31362706960762,
      38.6726819814347
     ],
     [
      -77.31362531768522,
      38.672682937623435
     ],
     [
      -77.31362313390191,
      38.672684105758776
     ],
     [
      -77.31362051825761,
      38.67268548584068
     ],
     [
      -77.31361848170624,
      38.67268655917789
     ],
     [
      -77.31361702424789,
      38.67268732577044
     ],
     [
      -77.31361614588256,
      38.67268778561836
     ],
     [
      -77.3136158466103,
      38.67268793872166
     ],
     [
      -77.31361504334603,
      38.67268842487204
     ],
     [
      -77.31361373608974,
      38.672689244069524
     ],
     [
      -77.31361192484138,
      38.672690396314074
     ],
     [
      -77.31360960960092,
      38.67269188160567
     ],
     [
      -77.31360763902596,
      38.67269314025033
     ],
     [
      -77.31360601311656,
      38.67269417224804
     ],
     [
      -77.31360473187272,
      38.672694977598844
     ],
     [
      -77.31360379529448,
      38.672695556302756
     ],
     [
      -77.31360267314962,
      38.672696203343044
     ],
     [
      -77.31360136543809,
      38.67269691871969
     ],
     [
      -77.3135998721599,
      38.6726977024327
     ],
     [
      -77.31359819331502,
      38.672698554482075
     ],
     [
      -77.313596279064,
      38.67269926332164
     ],
     [
      -77.31359412940682,
      38.67269982895144
     ],
     [
      -77.31359174434351,
      38.67270025137141
     ],
     [
      -77.31358912387407,
      38.67270053058159
     ],
     [
      -77.31358650303113,
      38.672700724561146
     ],
     [
      -77.3135838818147,
      38.67270083331009
     ],
     [
      -77.31358126022481,
      38.672700856828456
     ],
     [
      -77.31357863826145,
      38.67270079511621
     ],
     [
      -77.31357601646354,
      38.6727007711616
     ],
     [
      -77.31357339483107,
      38.67270078496464
     ],
     [
      -77.31357077336403,
      38.672700836525316
     ],
     [
      -77.31356815206246,
      38.67270092584364
     ],
     [
      -77.31356553084863,
      38.6727010351923
     ],
     [
      -77.31356290972255,
      38.672701164571265
     ],
     [
      -77.31356028868424,
      38.672701313980575
     ],
     [
      -77.31355766773368,
      38.67270148342022
     ],
     [
      -77.31355504659072,
      38.672701608953595
     ],
     [
      -77.3135524252554,
      38.67270169058073
     ],
     [
      -77.31354980372768,
      38.67270172830162
     ],
     [
      -77.31354718200761,
      38.67270172211625
     ],
     [
      -77.3135445601006,
      38.672701673264264
     ],
     [
      -77.31354193800665,
      38.67270158174567
     ],
     [
      -77.31353931572578,
      38.67270144756044
     ],
     [
      -77.31353669325799,
      38.67270127070857
     ],
     [
      -77.31353407088405,
      38.67270111527491
     ],
     [
      -77.31353144860395,
      38.67270098125947
     ]
    ]
   },
   "properties": {
    "id": "ct-14",
    "kind": "Contour",
    "sourceId": "contours",
    "reliabilityLevel": 1,
    "revision": 1,
    "engineeringGeometry": {
     "crs": "EPSG:2248",
     "crsName": "NAD83 / Maryland State Plane (US survey feet)",
     "datum": "NAD83",
     "unit": "usSurveyFoot",
     "coordinates": [
      [
       1222742.319866018,
       366499.113634555,
       280
      ],
      [
       1222742.324141059,
       366499.1241094837,
       280
      ],
      [
       1222742.3326911414,
       366499.145059341,
       280
      ],
      [
       1222742.3455162651,
       366499.17648412695,
       280
      ],
      [
       1222742.36261643,
       366499.2183838417,
       280
      ],
      [
       1222742.4584994372,
       366499.4264552509,
       280
      ],
      [
       1222742.6331652869,
       366499.8006983547,
       280
      ],
      [
       1222742.8866139788,
       366500.34111315315,
       280
      ],
      [
       1222743.218845513,
       366501.04769964615,
       280
      ],
      [
       1222743.5575959864,
       366501.76476106787,
       280
      ],
      [
       1222743.9028653987,
       366502.4922974182,
       280
      ],
      [
       1222744.2546537505,
       366503.2303086972,
       280
      ],
      [
       1222744.6129610413,
       366503.97879490483,
       280
      ],
      [
       1222744.896178355,
       366504.5670999198,
       280
      ],
      [
       1222745.1043056916,
       366504.9952237421,
       280
      ],
      [
       1222745.2373430515,
       366505.26316637173,
       280
      ],
      [
       1222745.295290434,
       366505.37092780863,
       280
      ],
      [
       1222745.433499962,
       366505.61193007906,
       280
      ],
      [
       1222745.6519716354,
       366505.9861731829,
       280
      ],
      [
       1222745.9507054545,
       366506.49365712015,
       280
      ],
      [
       1222746.3297014188,
       366507.1343818909,
       280
      ],
      [
       1222746.7063209526,
       366507.7596030027,
       280
      ],
      [
       1222747.0805640565,
       366508.3693204555,
       280
      ],
      [
       1222747.4524307302,
       366508.96353424934,
       280
      ],
      [
       1222747.8219209737,
       366509.54224438424,
       280
      ],
      [
       1222748.1272941597,
       366510.0187210036,
       280
      ],
      [
       1222748.3685502885,
       366510.3929641074,
       280
      ],
      [
       1222748.5456893598,
       366510.66497369576,
       280
      ],
      [
       1222748.6587113738,
       366510.8347497686,
       280
      ],
      [
       1222748.9023439328,
       366511.1381511131,
       280
      ],
      [
       1222749.2765870367,
       366511.57517772936,
       280
      ],
      [
       1222749.7814406853,
       366512.14582961734,
       280
      ],
      [
       1222750.416904879,
       366512.85010677716,
       280
      ],
      [
       1222750.903860732,
       366513.38936690893,
       280
      ],
      [
       1222751.2423082443,
       366513.7636100127,
       280
      ],
      [
       1222751.432247416,
       366513.9728360886,
       280
      ],
      [
       1222751.4736782473,
       366514.01704513654,
       280
      ],
      [
       1222751.6815152147,
       366514.1789202866,
       280
      ],
      [
       1222752.0557583186,
       366514.4584615389,
       280
      ],
      [
       1222752.5964075588,
       366514.8556688933,
       280
      ],
      [
       1222753.3034629354,
       366515.3705423498,
       280
      ],
      [
       1222753.9127146893,
       366515.81510063005,
       280
      ],
      [
       1222754.4241628207,
       366516.1893437339,
       280
      ],
      [
       1222754.8378073294,
       366516.49327166134,
       280
      ],
      [
       1222755.1536482153,
       366516.72688441246,
       280
      ],
      [
       1222755.4986902103,
       366516.97882362606,
       280
      ],
      [
       1222755.8729333142,
       366517.24908930203,
       280
      ],
      [
       1222756.2763775268,
       366517.5376814404,
       280
      ],
      [
       1222756.7090228484,
       366517.84460004134,
       280
      ],
      [
       1222757.2165660262,
       366518.1851808937,
       280
      ],
      [
       1222757.7990070602,
       366518.5594239975,
       280
      ],
      [
       1222758.4563459507,
       366518.9673293528,
       280
      ],
      [
       1222759.1885826974,
       366519.4088969596,
       280
      ],
      [
       1222759.7418226227,
       366519.7422646796,
       280
      ],
      [
       1222760.1160657266,
       366519.96743251267,
       280
      ],
      [
       1222760.311312009,
       366520.08440045896,
       280
      ],
      [
       1222760.3275614697,
       366520.09316851856,
       280
      ],
      [
       1222760.5268701175,
       366520.12782682676,
       280
      ],
      [
       1222760.909237952,
       366520.18837538373,
       280
      ],
      [
       1222761.474664973,
       366520.27481418935,
       280
      ],
      [
       1222762.2231511804,
       366520.3871432436,
       280
      ],
      [
       1222762.9716373882,
       366520.50467778847,
       280
      ],
      [
       1222763.720123596,
       366520.62741782377,
       280
      ],
      [
       1222764.4686098038,
       366520.7553633495,
       280
      ],
      [
       1222765.2170960112,
       366520.88851436565,
       280
      ],
      [
       1222765.965582219,
       366521.0595646555,
       280
      ],
      [
       1222766.7140684268,
       366521.2685142188,
       280
      ],
      [
       1222767.4625546345,
       366521.51536305563,
       280
      ],
      [
       1222768.2110408419,
       366521.80011116614,
       280
      ],
      [
       1222768.912470511,
       366522.0660447407,
       280
      ],
      [
       1222769.5668436412,
       366522.31316377956,
       280
      ],
      [
       1222770.1741602328,
       366522.5414682826,
       280
      ],
      [
       1222770.7344202856,
       366522.7509582497,
       280
      ],
      [
       1222771.201671864,
       366522.9291422487,
       280
      ],
      [
       1222771.5759149678,
       366523.07602027943,
       280
      ],
      [
       1222771.8571495973,
       366523.1915923421,
       280
      ],
      [
       1222772.0453757518,
       366523.2758584366,
       280
      ],
      [
       1222772.3736669198,
       366523.409358976,
       280
      ],
      [
       1222772.8420231012,
       366523.5920939604,
       280
      ],
      [
       1222773.4504442955,
       366523.8240633898,
       280
      ],
      [
       1222774.1989305033,
       366524.1052672641,
       280
      ],
      [
       1222774.9474167111,
       366524.38904626726,
       280
      ],
      [
       1222775.695902919,
       366524.67540039925,
       280
      ],
      [
       1222776.4443891265,
       366524.96432966,
       280
      ],
      [
       1222777.1928753338,
       366525.25583404955,
       280
      ],
      [
       1222777.8364414247,
       366525.4973403041,
       280
      ],
      [
       1222778.3750873986,
       366525.68884842354,
       280
      ],
      [
       1222778.8088132555,
       366525.8303584079,
       280
      ],
      [
       1222779.1376189957,
       366525.9218702571,
       280
      ],
      [
       1222779.4891434177,
       366526.02889354073,
       280
      ],
      [
       1222779.8633865213,
       366526.1514282586,
       280
      ],
      [
       1222780.260348307,
       366526.2894744108,
       280
      ],
      [
       1222780.6800287748,
       366526.4430319974,
       280
      ],
      [
       1222781.1819106776,
       366526.57521997753,
       280
      ],
      [
       1222781.7659940151,
       366526.68603835115,
       280
      ],
      [
       1222782.432278788,
       366526.7754871184,
       280
      ],
      [
       1222783.1807649953,
       366526.84356627916,
       280
      ],
      [
       1222783.9292512028,
       366526.8979423521,
       280
      ],
      [
       1222784.6777374106,
       366526.9386153375,
       280
      ],
      [
       1222785.4262236184,
       366526.9655852349,
       280
      ],
      [
       1222786.1747098262,
       366526.97885204456,
       280
      ],
      [
       1222786.9231960338,
       366527.04350387125,
       280
      ],
      [
       1222787.6716822414,
       366527.15954071487,
       280
      ],
      [
       1222788.4201684492,
       366527.32696257543,
       280
      ],
      [
       1222789.1686546565,
       366527.545769453,
       280
      ],
      [
       1222789.8535796327,
       366527.78356855444,
       280
      ],
      [
       1222790.4749433773,
       366528.04035987984,
       280
      ],
      [
       1222791.0327458903,
       366528.316143429,
       280
      ],
      [
       1222791.5269871717,
       366528.6109192021,
       280
      ],
      [
       1222791.9612293644,
       366528.8802466992,
       280
      ],
      [
       1222792.3354724683,
       366529.1241259203,
       280
      ],
      [
       1222792.6497164832,
       366529.3425568654,
       280
      ],
      [
       1222792.9039614093,
       366529.5355395345,
       280
      ],
      [
       1222793.281766656,
       366529.8052863347,
       280
      ],
      [
       1222793.7831322232,
       366530.1517972661,
       280
      ],
      [
       1222794.4080581106,
       366530.57507232856,
       280
      ],
      [
       1222795.156544318,
       366531.0751115222,
       280
      ],
      [
       1222795.7393172206,
       366531.4640070037,
       280
      ],
      [
       1222796.1563768177,
       366531.7417587731,
       280
      ],
      [
       1222796.4077231102,
       366531.9083668302,
       280
      ],
      [
       1222796.493356097,
       366531.9638311751,
       280
      ],
      [
       1222796.7232941426,
       366532.1400918535,
       280
      ],
      [
       1222797.0975372465,
       366532.43714886537,
       280
      ],
      [
       1222797.6160854087,
       366532.8550022107,
       280
      ],
      [
       1222798.2789386292,
       366533.3936518895,
       280
      ],
      [
       1222798.8431071872,
       366533.8500982808,
       280
      ],
      [
       1222799.3085910827,
       366534.2243413846,
       280
      ],
      [
       1222799.6753903152,
       366534.516381201,
       280
      ],
      [
       1222799.9435048853,
       366534.72621772985,
       280
      ],
      [
       1222800.264683722,
       366534.9607593242,
       280
      ],
      [
       1222800.638926826,
       366535.220005984,
       280
      ],
      [
       1222801.0662341968,
       366535.5039577093,
       280
      ],
      [
       1222801.5466058345,
       366535.8126145001,
       280
      ],
      [
       1222802.0940061146,
       366536.06888561486,
       280
      ],
      [
       1222802.7084350374,
       366536.2727710536,
       280
      ],
      [
       1222803.3898926026,
       366536.4242708164,
       280
      ],
      [
       1222804.13837881,
       366536.5233849031,
       280
      ],
      [
       1222804.8868650175,
       366536.5914589647,
       280
      ],
      [
       1222805.6353512253,
       366536.628493001,
       280
      ],
      [
       1222806.383837433,
       366536.6344870123,
       280
      ],
      [
       1222807.1323236409,
       366536.60944099835,
       280
      ],
      [
       1222807.8808098487,
       366536.5981459238,
       280
      ],
      [
       1222808.6292960565,
       366536.6006017887,
       280
      ],
      [
       1222809.377782264,
       366536.61680859304,
       280
      ],
      [
       1222810.1262684714,
       366536.64676633663,
       280
      ],
      [
       1222810.874754679,
       366536.68401892646,
       280
      ],
      [
       1222811.6232408867,
       366536.7285663624,
       280
      ],
      [
       1222812.3717270945,
       366536.78040864447,
       280
      ],
      [
       1222813.1202133023,
       366536.8395457727,
       280
      ],
      [
       1222813.8686995099,
       366536.8826927498,
       280
      ],
      [
       1222814.6171857174,
       366536.9098495757,
       280
      ],
      [
       1222815.3656719252,
       366536.92101625056,
       280
      ],
      [
       1222816.1141581326,
       366536.91619277437,
       280
      ],
      [
       1222816.8626443404,
       366536.8958306055,
       280
      ],
      [
       1222817.6111305482,
       366536.85992974415,
       280
      ],
      [
       1222818.359616756,
       366536.8084901903,
       280
      ],
      [
       1222819.1081029633,
       366536.741511944,
       280
      ],
      [
       1222819.856589171,
       366536.6823339927,
       280
      ],
      [
       1222820.605075379,
       366536.6309563363,
       280
      ]
     ]
    },
    "elevationFt": 280,
    "weight": "index",
    "hidden": false
   }
  },
  {
   "type": "Feature",
   "geometry": {
    "type": "LineString",
    "coordinates": [
     [
      -77.3137082090197,
      38.672597487910636
     ],
     [
      -77.31370789657475,
      38.67259800256186
     ],
     [
      -77.31370727168483,
      38.67259903186431
     ],
     [
      -77.31370633434994,
      38.67260057581796
     ],
     [
      -77.31370508457002,
      38.67260263442282
     ],
     [
      -77.31370395604026,
      38.672604471384965
     ],
     [
      -77.3137029487607,
      38.67260608670439
     ],
     [
      -77.31370206273137,
      38.67260748038112
     ],
     [
      -77.31370129795224,
      38.672608652415114
     ],
     [
      -77.31370053277753,
      38.67260975327282
     ],
     [
      -77.31369976720721,
      38.6726107829542
     ],
     [
      -77.31369900124132,
      38.672611741459264
     ],
     [
      -77.31369823487981,
      38.672612628788
     ],
     [
      -77.31369719843676,
      38.672613565247175
     ],
     [
      -77.31369589191215,
      38.67261455083674
     ],
     [
      -77.31369431530594,
      38.67261558555672
     ],
     [
      -77.31369246861813,
      38.6726166694071
     ],
     [
      -77.31369044086007,
      38.67261772811689
     ],
     [
      -77.31368823203175,
      38.672618761686046
     ],
     [
      -77.31368584213317,
      38.672619770114565
     ],
     [
      -77.31368327116432,
      38.672620753402484
     ],
     [
      -77.31368133134598,
      38.67262149340858
     ],
     [
      -77.31368002267818,
      38.67262199013292
     ],
     [
      -77.31367934516099,
      38.672622243575475
     ],
     [
      -77.3136792987944,
      38.67262225373631
     ],
     [
      -77.31367860896027,
      38.67262234425572
     ],
     [
      -77.31367727565865,
      38.67262251513367
     ],
     [
      -77.31367529888949,
      38.672622766370154
     ],
     [
      -77.31367267865282,
      38.67262309796513
     ],
     [
      -77.31367005789285,
      38.67262331017604
     ],
     [
      -77.31366743660958,
      38.67262340300285
     ],
     [
      -77.31366481480308,
      38.67262337644558
     ],
     [
      -77.31366219247329,
      38.67262323050421
     ],
     [
      -77.31366003665003,
      38.67262307616542
     ],
     [
      -77.31365834733329,
      38.67262291342925
     ],
     [
      -77.31365712452306,
      38.67262274229571
     ],
     [
      -77.31365636821933,
      38.6726225627648
     ],
     [
      -77.3136553338551,
      38.672622292783
     ],
     [
      -77.31365402143034,
      38.67262193235028
     ],
     [
      -77.31365243094507,
      38.67262148146666
     ],
     [
      -77.3136505623993,
      38.6726209401321
     ],
     [
      -77.31364850474606,
      38.672620346703276
     ],
     [
      -77.31364625798531,
      38.67261970118013
     ],
     [
      -77.31364382211709,
      38.6726190035627
     ],
     [
      -77.3136411971414,
      38.67261825385095
     ],
     [
      -77.31363857254428,
      38.672617590506235
     ],
     [
      -77.31363594832573,
      38.6726170135286
     ],
     [
      -77.3136333244857,
      38.672616522917984
     ],
     [
      -77.31363070102424,
      38.67261611867445
     ],
     [
      -77.31362807832714,
      38.672615888838735
     ],
     [
      -77.31362545639439,
      38.672615833410894
     ],
     [
      -77.31362283522597,
      38.67261595239088
     ],
     [
      -77.31362021482187,
      38.67261624577874
     ],
     [
      -77.31361759549516,
      38.672616785026825
     ],
     [
      -77.31361497724588,
      38.67261757013512
     ],
     [
      -77.31361236007393,
      38.67261860110365
     ],
     [
      -77.31360974397936,
      38.6726198779324
     ],
     [
      -77.31360772535581,
      38.67262087529245
     ],
     [
      -77.31360630420338,
      38.67262159318382
     ],
     [
      -77.31360548052207,
      38.67262203160655
     ],
     [
      -77.31360525431192,
      38.67262219056063
     ],
     [
      -77.31360448709871,
      38.672622569976745
     ],
     [
      -77.31360317888242,
      38.6726231698549
     ],
     [
      -77.313601329663,
      38.67262399019505
     ],
     [
      -77.31359893944045,
      38.67262503099719
     ],
     [
      -77.31359649208797,
      38.67262597978895
     ],
     [
      -77.31359398760553,
      38.672626836570345
     ],
     [
      -77.31359142599318,
      38.672627601341375
     ],
     [
      -77.3135888072509,
      38.672628274102046
     ],
     [
      -77.31358618773851,
      38.67262877112367
     ],
     [
      -77.313583567456,
      38.67262909240624
     ],
     [
      -77.31358094640343,
      38.672629237949785
     ],
     [
      -77.3135783245808,
      38.67262920775428
     ],
     [
      -77.31357570235028,
      38.67262908447289
     ],
     [
      -77.3135730797119,
      38.672628868105626
     ],
     [
      -77.31357045666566,
      38.67262855865248
     ],
     [
      -77.31356783321158,
      38.672628156113454
     ],
     [
      -77.31356520980164,
      38.67262776363888
     ],
     [
      -77.31356258643581,
      38.67262738122877
     ],
     [
      -77.3135599631141,
      38.67262700888314
     ],
     [
      -77.31355733983654,
      38.67262664660198
     ],
     [
      -77.31355471677857,
      38.67262633443557
     ],
     [
      -77.3135520939402,
      38.67262607238392
     ],
     [
      -77.31354947132141,
      38.672625860447056
     ],
     [
      -77.31354684892221,
      38.672625698624934
     ],
     [
      -77.31354422663544,
      38.672625562458975
     ],
     [
      -77.31354160446108,
      38.672625451949166
     ],
     [
      -77.31353898239912,
      38.67262536709551
     ],
     [
      -77.31353636044959,
      38.67262530789801
     ],
     [
      -77.31353373831679,
      38.6726252068682
     ],
     [
      -77.31353111600072,
      38.672625064006084
     ]
    ]
   },
   "properties": {
    "id": "ct-15",
    "kind": "Contour",
    "sourceId": "contours",
    "reliabilityLevel": 1,
    "revision": 1,
    "engineeringGeometry": {
     "crs": "EPSG:2248",
     "crsName": "NAD83 / Maryland State Plane (US survey feet)",
     "datum": "NAD83",
     "unit": "usSurveyFoot",
     "coordinates": [
      [
       1222770.0109349072,
       366499.113634555,
       282
      ],
      [
       1222770.1007813078,
       366499.3007561069,
       282
      ],
      [
       1222770.2804741084,
       366499.67499921075,
       282
      ],
      [
       1222770.5500133098,
       366500.2363638665,
       282
      ],
      [
       1222770.9093989115,
       366500.9848500742,
       282
      ],
      [
       1222771.233890467,
       366501.65273636125,
       282
      ],
      [
       1222771.523487977,
       366502.24002272764,
       282
      ],
      [
       1222771.7781914405,
       366502.74670917337,
       282
      ],
      [
       1222771.9980008577,
       366503.17279569845,
       282
      ],
      [
       1222772.2178341353,
       366503.57296051295,
       282
      ],
      [
       1222772.437691273,
       366503.9472036168,
       282
      ],
      [
       1222772.6575722706,
       366504.29552501,
       282
      ],
      [
       1222772.8774771288,
       366504.6179246926,
       282
      ],
      [
       1222773.1745511096,
       366504.95795195515,
       282
      ],
      [
       1222773.5487942132,
       366505.3156067978,
       282
      ],
      [
       1222774.0002064402,
       366505.69088922057,
       282
      ],
      [
       1222774.5287877899,
       366506.0837992233,
       282
      ],
      [
       1222775.1090327871,
       366506.4673757766,
       282
      ],
      [
       1222775.7409414316,
       366506.8416188805,
       282
      ],
      [
       1222776.4245137232,
       366507.2065285349,
       282
      ],
      [
       1222777.159749662,
       366507.56210473966,
       282
      ],
      [
       1222777.7144891836,
       366507.8297006264,
       282
      ],
      [
       1222778.0887322875,
       366508.0093161949,
       282
      ],
      [
       1222778.2824789737,
       366508.1009514453,
       282
      ],
      [
       1222778.2957292425,
       366508.1046063775,
       282
      ],
      [
       1222778.492788496,
       366508.13689542125,
       282
      ],
      [
       1222778.873656734,
       366508.1978185767,
       282
      ],
      [
       1222779.438333957,
       366508.2873758436,
       282
      ],
      [
       1222780.1868201648,
       366508.40556722216,
       282
      ],
      [
       1222780.9353063726,
       366508.4802802525,
       282
      ],
      [
       1222781.6837925804,
       366508.5115149347,
       282
      ],
      [
       1222782.432278788,
       366508.4992712688,
       282
      ],
      [
       1222783.1807649953,
       366508.4435492547,
       282
      ],
      [
       1222783.7960542121,
       366508.38522666995,
       282
      ],
      [
       1222784.2781464383,
       366508.3243035146,
       282
      ],
      [
       1222784.6270416733,
       366508.2607797886,
       282
      ],
      [
       1222784.8427399176,
       366508.194655492,
       282
      ],
      [
       1222785.1377105915,
       366508.09531760594,
       282
      ],
      [
       1222785.5119536952,
       366507.96276613034,
       282
      ],
      [
       1222785.965469229,
       366507.79700106534,
       282
      ],
      [
       1222786.4982571923,
       366507.5980224107,
       282
      ],
      [
       1222787.084969717,
       366507.37988632807,
       282
      ],
      [
       1222787.7256068024,
       366507.1425928173,
       282
      ],
      [
       1222788.4201684492,
       366506.88614187844,
       282
      ],
      [
       1222789.1686546565,
       366506.61053351144,
       282
      ],
      [
       1222789.9171408643,
       366506.3663790943,
       282
      ],
      [
       1222790.665627072,
       366506.1536786271,
       282
      ],
      [
       1222791.41411328,
       366505.97243210964,
       282
      ],
      [
       1222792.1625994872,
       366505.82263954217,
       282
      ],
      [
       1222792.911085695,
       366505.73636441416,
       282
      ],
      [
       1222793.6595719028,
       366505.71360672556,
       282
      ],
      [
       1222794.4080581106,
       366505.7543664766,
       282
      ],
      [
       1222795.156544318,
       366505.85864366713,
       282
      ],
      [
       1222795.9050305258,
       366506.05246046436,
       282
      ],
      [
       1222796.6535167336,
       366506.3358168684,
       282
      ],
      [
       1222797.4020029414,
       366506.7087128791,
       282
      ],
      [
       1222798.1504891487,
       366507.1711484966,
       282
      ],
      [
       1222798.7280491344,
       366507.532391905,
       282
      ],
      [
       1222799.1346828975,
       366507.7924431042,
       282
      ],
      [
       1222799.3703904387,
       366507.9513020944,
       282
      ],
      [
       1222799.4351717574,
       366508.00896887545,
       282
      ],
      [
       1222799.6546839688,
       366508.14639394963,
       282
      ],
      [
       1222800.0289270724,
       366508.3635773169,
       282
      ],
      [
       1222800.5579010688,
       366508.6605189774,
       282
      ],
      [
       1222801.2416059577,
       366509.03721893096,
       282
      ],
      [
       1222801.9415061763,
       366509.38035410736,
       282
      ],
      [
       1222802.6576017246,
       366509.68992450665,
       282
      ],
      [
       1222803.3898926026,
       366509.9659301287,
       282
      ],
      [
       1222804.13837881,
       366510.20837097365,
       282
      ],
      [
       1222804.8868650175,
       366510.3868096174,
       282
      ],
      [
       1222805.6353512253,
       366510.50124605984,
       282
      ],
      [
       1222806.383837433,
       366510.5516803012,
       282
      ],
      [
       1222807.1323236409,
       366510.5381123413,
       282
      ],
      [
       1222807.8808098487,
       366510.4906435502,
       282
      ],
      [
       1222808.6292960565,
       366510.4092739279,
       282
      ],
      [
       1222809.377782264,
       366510.29400347435,
       282
      ],
      [
       1222810.1262684714,
       366510.14483218954,
       282
      ],
      [
       1222810.874754679,
       366509.999326294,
       282
      ],
      [
       1222811.6232408867,
       366509.8574857877,
       282
      ],
      [
       1222812.3717270945,
       366509.7193106706,
       282
      ],
      [
       1222813.1202133023,
       366509.5848009428,
       282
      ],
      [
       1222813.8686995099,
       366509.4685424811,
       282
      ],
      [
       1222814.6171857174,
       366509.37053528544,
       282
      ],
      [
       1222815.3656719252,
       366509.2907793559,
       282
      ],
      [
       1222816.1141581326,
       366509.22927469254,
       282
      ],
      [
       1222816.8626443404,
       366509.17711373896,
       282
      ],
      [
       1222817.6111305482,
       366509.13429649523,
       282
      ],
      [
       1222818.359616756,
       366509.10082296137,
       282
      ],
      [
       1222819.1081029633,
       366509.07669313735,
       282
      ],
      [
       1222819.856589171,
       366509.0373284712,
       282
      ],
      [
       1222820.605075379,
       366508.9827289629,
       282
      ]
     ]
    },
    "elevationFt": 282,
    "weight": "intermediate",
    "hidden": false
   }
  },
  {
   "type": "Feature",
   "geometry": {
    "type": "Polygon",
    "coordinates": [
     [
      [
       -77.31405498320788,
       38.672867089536645
      ],
      [
       -77.31391351265549,
       38.67270893963191
      ],
      [
       -77.31372941212904,
       38.67287876912929
      ],
      [
       -77.31370263289125,
       38.672895403153326
      ],
      [
       -77.31366977205931,
       38.67290273725306
      ],
      [
       -77.3136431439461,
       38.6729003189055
      ],
      [
       -77.31364277164192,
       38.672900687741475
      ],
      [
       -77.31377592993015,
       38.673177130702484
      ],
      [
       -77.31377593256326,
       38.67317714312146
      ],
      [
       -77.31377594104615,
       38.67317715381116
      ],
      [
       -77.31377611787259,
       38.67317752191124
      ],
      [
       -77.31384651054573,
       38.673323670328806
      ],
      [
       -77.3138500352647,
       38.67332243265798
      ],
      [
       -77.31385671125355,
       38.673321236069704
      ],
      [
       -77.31382957275864,
       38.67327012841846
      ],
      [
       -77.31382942421405,
       38.673269548315176
      ],
      [
       -77.31382903076597,
       38.673269043391784
      ],
      [
       -77.3138280843812,
       38.67326431593703
      ],
      [
       -77.3138268829923,
       38.6732596242159
      ],
      [
       -77.31382702893863,
       38.67325904370748
      ],
      [
       -77.31382691192383,
       38.673258459185966
      ],
      [
       -77.31382834533586,
       38.67325380767498
      ],
      [
       -77.31382952571076,
       38.67324911267709
      ],
      [
       -77.31382994392888,
       38.67324862014064
      ],
      [
       -77.31383012116169,
       38.673248045009096
      ],
      [
       -77.31405498320788,
       38.672867089536645
      ]
     ]
    ]
   },
   "properties": {
    "id": "buildable-envelope",
    "kind": "ProposedFeature",
    "sourceId": "gis1",
    "reliabilityLevel": 1,
    "revision": 1,
    "engineeringGeometry": {
     "crs": "EPSG:2248",
     "crsName": "NAD83 / Maryland State Plane (US survey feet)",
     "datum": "NAD83",
     "unit": "usSurveyFoot",
     "coordinates": [
      [
       1222671.3454865508,
       366597.63882629375
      ],
      [
       1222711.5367949007,
       366539.90413396794
      ],
      [
       1222764.309545275,
       366601.5727506268
      ],
      [
       1222771.9757430165,
       366607.60433388065
      ],
      [
       1222781.3665731843,
       366610.24306333263
      ],
      [
       1222788.9657796766,
       366609.3362176888
      ],
      [
       1222789.0725327104,
       366609.47017691087
      ],
      [
       1222751.4023548046,
       366710.27711544395
      ],
      [
       1222751.4016186066,
       366710.28164083156
      ],
      [
       1222751.3992101655,
       366710.2855421821
      ],
      [
       1222751.3491878111,
       366710.41977212514
      ],
      [
       1222731.4353914692,
       366763.7138753169
      ],
      [
       1222730.427552905,
       366763.26659414964
      ],
      [
       1222728.5200945637,
       366762.8373677793
      ],
      [
       1222736.2040075012,
       366744.19810585567
      ],
      [
       1222736.245689957,
       366743.98669532133
      ],
      [
       1222736.3573852573,
       366743.8024237787
      ],
      [
       1222736.621654685,
       366742.0798282102
      ],
      [
       1222736.958771309,
       366740.3699959967
      ],
      [
       1222736.9163775677,
       366740.15872694517
      ],
      [
       1222736.949052903,
       366739.94573829835
      ],
      [
       1222736.533997234,
       366738.25313597894
      ],
      [
       1222736.1911279224,
       366736.54444804526
      ],
      [
       1222736.071112047,
       366736.3654842756
      ],
      [
       1222736.019792894,
       366736.15620411414
      ],
      [
       1222671.3454865508,
       366597.63882629375
      ]
     ]
    },
    "label": "Buildable envelope",
    "setbacks": {
     "frontFt": 35,
     "sideFt": 10,
     "rearFt": 25,
     "maxFt": 35,
     "source": "Prince William County Code Ch. 32 (Zoning), §32-303.05, 32-303.06 (Municode, Supplement 46); height §32-300.05"
    }
   }
  },
  {
   "type": "Feature",
   "geometry": {
    "type": "Polygon",
    "coordinates": [
     [
      [
       -77.31376812133934,
       38.673117663670865
      ],
      [
       -77.31394026764843,
       38.67305721595633
      ],
      [
       -77.31381613070526,
       38.672839958206765
      ],
      [
       -77.31364398481394,
       38.67290040573922
      ],
      [
       -77.31376812133934,
       38.673117663670865
      ]
     ]
    ]
   },
   "properties": {
    "id": "proposed-building",
    "kind": "Building",
    "sourceId": "gis1",
    "reliabilityLevel": 1,
    "revision": 1,
    "engineeringGeometry": {
     "crs": "EPSG:2248",
     "crsName": "NAD83 / Maryland State Plane (US survey feet)",
     "datum": "NAD83",
     "unit": "usSurveyFoot",
     "coordinates": [
      [
       1222753.5572337855,
       366688.6124696076
      ],
      [
       1222704.334510743,
       366666.76730729314
      ],
      [
       1222739.5031004723,
       366587.5235036935
      ],
      [
       1222788.7258235149,
       366609.368666008
      ],
      [
       1222753.5572337855,
       366688.6124696076
      ]
     ]
    },
    "areaSqFt": 4668.859348446131,
    "estimated": true,
    "address": "3427 GROUSE CT, WOODBRIDGE, 22192",
    "lotLabel": "3427 GROUSE CT, WOODBRIDGE, 22192",
    "garageSlabElevFt": null,
    "basementElevFt": null,
    "finishedFloorElevFt": null,
    "subFloorElevFt": null,
    "heightFt": null,
    "storeys": null
   }
  },
  {
   "type": "Feature",
   "geometry": {
    "type": "Polygon",
    "coordinates": [
     [
      [
       -77.31388745989477,
       38.67341459647358
      ],
      [
       -77.3139273531001,
       38.67340416655458
      ],
      [
       -77.31378896747947,
       38.67311034374479
      ],
      [
       -77.3136513885831,
       38.67291336351001
      ],
      [
       -77.31388745989477,
       38.67341459647358
      ]
     ]
    ]
   },
   "properties": {
    "id": "driveway",
    "kind": "Pavement",
    "sourceId": "gis1",
    "reliabilityLevel": 1,
    "revision": 1,
    "engineeringGeometry": {
     "crs": "EPSG:2248",
     "crsName": "NAD83 / Maryland State Plane (US survey feet)",
     "datum": "NAD83",
     "unit": "usSurveyFoot",
     "coordinates": [
      [
       1222719.8584252587,
       366796.8679825284
      ],
      [
       1222708.4560751228,
       366793.1087291852
      ],
      [
       1222747.596588878,
       366685.96712112916
      ],
      [
       1222786.628287256,
       366614.0949502469
      ],
      [
       1222719.8584252587,
       366796.8679825284
      ]
     ]
    },
    "label": "PROPOSED DRIVEWAY  12' WIDE",
    "areaSqFt": 1851.9260863661766,
    "note": "Longitudinal pitch 1% min to 12.5% max, lateral 1/8\" in 12\" to 1/2\" in 12\" away from the building. PGC Code Sec. 32-151, Table 4 — Site Slope Limitations.",
    "improvement": "Driveway",
    "impervious": true
   }
  },
  {
   "type": "Feature",
   "geometry": {
    "type": "Polygon",
    "coordinates": [
     [
      [
       -77.3138092099662,
       38.67310005885399
      ],
      [
       -77.31381527591935,
       38.67311293824081
      ],
      [
       -77.31385877259946,
       38.67310034852406
      ],
      [
       -77.31385270663955,
       38.673087469139475
      ],
      [
       -77.3138092099662,
       38.67310005885399
      ]
     ]
    ]
   },
   "properties": {
    "id": "walk",
    "kind": "Pavement",
    "sourceId": "gis1",
    "reliabilityLevel": 1,
    "revision": 1,
    "engineeringGeometry": {
     "crs": "EPSG:2248",
     "crsName": "NAD83 / Maryland State Plane (US survey feet)",
     "datum": "NAD83",
     "unit": "usSurveyFoot",
     "coordinates": [
      [
       1222741.8045713273,
       366682.2413867891
      ],
      [
       1222740.088892016,
       366686.9378156984
      ],
      [
       1222727.655016078,
       366682.39552535
      ],
      [
       1222729.370695389,
       366677.6990964407
      ],
      [
       1222741.8045713273,
       366682.2413867891
      ]
     ]
    },
    "label": "CONCRETE WALK  5' WIDE",
    "areaSqFt": 66.18792798742652,
    "note": "Leadwalk from the edge of the driveway to the stoop, 13 ft. Lateral pitch 48:1 max, longitudinal 12:1 max. PGC Code Sec. 32-151, Table 4 — Site Slope Limitations.",
    "improvement": "Walk",
    "impervious": true
   }
  },
  {
   "type": "Feature",
   "geometry": {
    "type": "Polygon",
    "coordinates": [
     [
      [
       -77.31383674625025,
       38.67310526034009
      ],
      [
       -77.31386303302249,
       38.6730976518701
      ],
      [
       -77.31385818025396,
       38.67308734836265
      ],
      [
       -77.31383189348497,
       38.67309495683152
      ],
      [
       -77.31383674625025,
       38.67310526034009
      ]
     ]
    ]
   },
   "properties": {
    "id": "stoop",
    "kind": "Pavement",
    "sourceId": "gis1",
    "reliabilityLevel": 1,
    "revision": 1,
    "engineeringGeometry": {
     "crs": "EPSG:2248",
     "crsName": "NAD83 / Maryland State Plane (US survey feet)",
     "datum": "NAD83",
     "unit": "usSurveyFoot",
     "coordinates": [
      [
       1222733.9495934001,
       366684.1627140471
      ],
      [
       1222726.4353071451,
       366681.4176271489
      ],
      [
       1222727.8078505942,
       366677.6604840214
      ],
      [
       1222735.3221368492,
       366680.4055709196
      ],
      [
       1222733.9495934001,
       366684.1627140471
      ]
     ]
    },
    "label": "CONCRETE STOOP  8' x 4'",
    "areaSqFt": 32.00000000046566,
    "note": "Front concrete stoop at the entrance, met by the leadwalk. Riser count and handrail per the architectural plans and the building code.",
    "improvement": "Stoop",
    "impervious": true
   }
  },
  {
   "type": "Feature",
   "geometry": {
    "type": "Polygon",
    "coordinates": [
     [
      [
       -77.31385786957746,
       38.6734249868192
      ],
      [
       -77.31393750452234,
       38.67340193726426
      ],
      [
       -77.31393386492229,
       38.67339420963626
      ],
      [
       -77.31385422998484,
       38.67341725918874
      ],
      [
       -77.31385786957746,
       38.6734249868192
      ]
     ]
    ]
   },
   "properties": {
    "id": "sidewalk",
    "kind": "Pavement",
    "sourceId": "gis1",
    "reliabilityLevel": 1,
    "revision": 1,
    "engineeringGeometry": {
     "crs": "EPSG:2248",
     "crsName": "NAD83 / Maryland State Plane (US survey feet)",
     "datum": "NAD83",
     "unit": "usSurveyFoot",
     "coordinates": [
      [
       1222728.3193058278,
       366800.62294157845
      ],
      [
       1222705.5551081893,
       366792.30682231387
      ],
      [
       1222706.5845157763,
       366789.48896496824
      ],
      [
       1222729.3487134147,
       366797.8050842328
      ],
      [
       1222728.3193058278,
       366800.62294157845
      ]
     ]
    },
    "label": "CONCRETE SIDEWALK  3' WIDE",
    "areaSqFt": 72.70693779736757,
    "note": "Public sidewalk across the frontage, inside the front property line. Whether it is to be built, reconstructed or waived is a DPW&T determination at street construction permit.",
    "improvement": "Sidewalk",
    "impervious": true
   }
  },
  {
   "type": "Feature",
   "geometry": {
    "type": "Polygon",
    "coordinates": [
     [
      [
       -77.31386272236884,
       38.673435290326324
      ],
      [
       -77.31394235732361,
       38.67341224076807
      ],
      [
       -77.31393750452234,
       38.67340193726426
      ],
      [
       -77.31385786957746,
       38.6734249868192
      ],
      [
       -77.31386272236884,
       38.673435290326324
      ]
     ]
    ]
   },
   "properties": {
    "id": "verge",
    "kind": "Surface",
    "sourceId": "gis1",
    "reliabilityLevel": 1,
    "revision": 1,
    "engineeringGeometry": {
     "crs": "EPSG:2248",
     "crsName": "NAD83 / Maryland State Plane (US survey feet)",
     "datum": "NAD83",
     "unit": "usSurveyFoot",
     "coordinates": [
      [
       1222726.9467623788,
       366804.38008470595
      ],
      [
       1222704.1825647403,
       366796.06396544137
      ],
      [
       1222705.5551081893,
       366792.30682231387
      ],
      [
       1222728.3193058278,
       366800.62294157845
      ],
      [
       1222726.9467623788,
       366804.38008470595
      ]
     ]
    },
    "label": "PLANTING STRIP  4' WIDE  (STREET TREES)",
    "areaSqFt": 96.94258372858167,
    "note": "Landscaped strip between the sidewalk and the curb, in the strip dedicated to public use. Street tree species, spacing and clear distances are set by the Landscape Manual and by DPW&T; this shows the STRIP, not a planting schedule.",
    "improvement": "Verge",
    "impervious": false
   }
  },
  {
   "type": "Feature",
   "geometry": {
    "type": "Polygon",
    "coordinates": [
     [
      [
       -77.31386454216597,
       38.673439154141434
      ],
      [
       -77.31394417712447,
       38.67341610458195
      ],
      [
       -77.31394235732361,
       38.67341224076807
      ],
      [
       -77.31386272236884,
       38.673435290326324
      ],
      [
       -77.31386454216597,
       38.673439154141434
      ]
     ]
    ]
   },
   "properties": {
    "id": "curb",
    "kind": "Pavement",
    "sourceId": "gis1",
    "reliabilityLevel": 1,
    "revision": 1,
    "engineeringGeometry": {
     "crs": "EPSG:2248",
     "crsName": "NAD83 / Maryland State Plane (US survey feet)",
     "datum": "NAD83",
     "unit": "usSurveyFoot",
     "coordinates": [
      [
       1222726.4320585853,
       366805.78901337873
      ],
      [
       1222703.6678609469,
       366797.47289411415
      ],
      [
       1222704.1825647403,
       366796.06396544137
      ],
      [
       1222726.9467623788,
       366804.38008470595
      ],
      [
       1222726.4320585853,
       366805.78901337873
      ]
     ]
    },
    "label": "CURB AND GUTTER",
    "areaSqFt": 36.353468898683786,
    "note": "Curb and gutter at the street face of the planting strip, 4 ft outside the front property line, where the frontage meets the travelled way. Depressed through every driveway apron per DPW&T STD. 300.01 note 6.",
    "improvement": "Sidewalk",
    "impervious": true
   }
  },
  {
   "type": "Feature",
   "geometry": {
    "type": "Polygon",
    "coordinates": [
     [
      [
       -77.31394260237695,
       38.67341650126807
      ],
      [
       -77.31388189136445,
       38.6734298336186
      ],
      [
       -77.31388397873515,
       38.67340513707452
      ],
      [
       -77.31392445273178,
       38.67339624884361
      ],
      [
       -77.31394260237695,
       38.67341650126807
      ]
     ]
    ]
   },
   "properties": {
    "id": "apron",
    "kind": "Pavement",
    "sourceId": "gis1",
    "reliabilityLevel": 1,
    "revision": 1,
    "engineeringGeometry": {
     "crs": "EPSG:2248",
     "crsName": "NAD83 / Maryland State Plane (US survey feet)",
     "datum": "NAD83",
     "unit": "usSurveyFoot",
     "coordinates": [
      [
       1222704.1179394033,
       366797.6158150099
      ],
      [
       1222721.4672895977,
       366802.41165152006
      ],
      [
       1222720.8404318064,
       366793.4195967321
      ],
      [
       1222709.2741983433,
       366790.2223723921
      ],
      [
       1222704.1179394033,
       366797.6158150099
      ]
     ]
    },
    "label": "PROPOSED 18' DRIVEWAY APRON  PER PRINCE WILLIAM COUNTY STANDARD",
    "areaSqFt": 127.50000000186265,
    "note": "Driveway apron at the front property line, at street level, between the curb and the driveway. The prince william county standard govern the depression, jointing and curb cut.",
    "improvement": "Apron",
    "impervious": true
   }
  },
  {
   "type": "Feature",
   "geometry": {
    "type": "Polygon",
    "coordinates": [
     [
      [
       -77.31395504463607,
       38.67303232071546
      ],
      [
       -77.31381390628955,
       38.67281255520111
      ],
      [
       -77.31362820177532,
       38.67287589292421
      ],
      [
       -77.31395504463607,
       38.67303232071546
      ]
     ]
    ]
   },
   "properties": {
    "id": "lod",
    "kind": "LimitOfDisturbance",
    "sourceId": "gis1",
    "reliabilityLevel": 1,
    "revision": 1,
    "engineeringGeometry": {
     "crs": "EPSG:2248",
     "crsName": "NAD83 / Maryland State Plane (US survey feet)",
     "datum": "NAD83",
     "unit": "usSurveyFoot",
     "coordinates": [
      [
       1222700.0845609438,
       366657.71535022825
      ],
      [
       1222740.1038572665,
       366577.5415654412
      ],
      [
       1222793.2011554174,
       366600.42599278566
      ],
      [
       1222700.0845609438,
       366657.71535022825
      ]
     ]
    },
    "note": "Limits of disturbance — proposed work plus a 10 ft working margin, clipped to the property line."
   }
  },
  {
   "type": "Feature",
   "geometry": {
    "type": "Point",
    "coordinates": [
     -77.31379959664024,
     38.67306543819727
    ]
   },
   "properties": {
    "id": "ffe-41",
    "kind": "SpotElevation",
    "sourceId": "design",
    "reliabilityLevel": 1,
    "revision": 1,
    "engineeringGeometry": {
     "crs": "EPSG:2248",
     "crsName": "NAD83 / Maryland State Plane (US survey feet)",
     "datum": "NAD83",
     "unit": "usSurveyFoot",
     "coordinates": [
      [
       1222744.5057938027,
       366669.62363878667
      ]
     ]
    },
    "label": "FFE",
    "note": "Finished floor elevation to be set above the adjacent grade per code."
   }
  },
  {
   "type": "Feature",
   "geometry": {
    "type": "LineString",
    "coordinates": [
     [
      -77.31401409328103,
      38.67352799693462
     ],
     [
      -77.3137777112323,
      38.67311429627078
     ]
    ]
   },
   "properties": {
    "id": "util-42",
    "kind": "Utility",
    "sourceId": "design",
    "reliabilityLevel": 1,
    "revision": 1,
    "engineeringGeometry": {
     "crs": "EPSG:2248",
     "crsName": "NAD83 / Maryland State Plane (US survey feet)",
     "datum": "NAD83",
     "unit": "usSurveyFoot",
     "coordinates": [
      [
       1222683.8473587614,
       366838.2910318859
      ],
      [
       1222750.8151461305,
       366687.3955245424
      ]
     ]
    },
    "type": "Water service (WHC)",
    "size": "1\" COPPER FROM EX. 8\" MAIN",
    "sizeAtHouse": "1\" COPPER",
    "from": "frontage",
    "note": "Record information. Field verification required before excavation — call Miss Utility."
   }
  },
  {
   "type": "Feature",
   "geometry": {
    "type": "LineString",
    "coordinates": [
     [
      -77.31404605973214,
      38.67351677219758
     ],
     [
      -77.31380967753567,
      38.67310307159812
     ]
    ]
   },
   "properties": {
    "id": "util-43",
    "kind": "Utility",
    "sourceId": "design",
    "reliabilityLevel": 1,
    "revision": 1,
    "engineeringGeometry": {
     "crs": "EPSG:2248",
     "crsName": "NAD83 / Maryland State Plane (US survey feet)",
     "datum": "NAD83",
     "unit": "usSurveyFoot",
     "coordinates": [
      [
       1222674.7070665776,
       366834.2345483349
      ],
      [
       1222741.6748539468,
       366683.33904099144
      ]
     ]
    },
    "type": "Sanitary lateral (SHC)",
    "size": "4\" PVC TO EX. 8\" MAIN",
    "sizeAtHouse": "4\" PVC",
    "from": "frontage",
    "note": "Record information. Field verification required before excavation — call Miss Utility."
   }
  },
  {
   "type": "Feature",
   "geometry": {
    "type": "Polygon",
    "coordinates": [
     [
      [
       -77.31390759639397,
       38.67269437719986
      ],
      [
       -77.31382367961562,
       38.672694603382105
      ],
      [
       -77.31382396809884,
       38.672760388723574
      ],
      [
       -77.31390788495433,
       38.672760162541095
      ],
      [
       -77.31390759639397,
       38.67269437719986
      ]
     ]
    ]
   },
   "properties": {
    "id": "swm-44",
    "kind": "SWMPractice",
    "sourceId": "design",
    "reliabilityLevel": 1,
    "revision": 1,
    "engineeringGeometry": {
     "crs": "EPSG:2248",
     "crsName": "NAD83 / Maryland State Plane (US survey feet)",
     "datum": "NAD83",
     "unit": "usSurveyFoot",
     "coordinates": [
      [
       1222713.2076346984,
       366534.5949110543
      ],
      [
       1222737.1659317997,
       366534.5949110543
      ],
      [
       1222737.1659317997,
       366558.55320815573
      ],
      [
       1222713.2076346984,
       366558.55320815573
      ],
      [
       1222713.2076346984,
       366534.5949110543
      ]
     ]
    },
    "practice": "Environmental Site Design — micro-bioretention",
    "requiredVolumeCf": 459,
    "footprintSqFt": 574,
    "pondingDepthFt": 2
   }
  },
  {
   "type": "Feature",
   "geometry": {
    "type": "Polygon",
    "coordinates": [
     [
      [
       -77.31366268582066,
       38.6728343163133
      ],
      [
       -77.31388499733016,
       38.67262923789369
      ],
      [
       -77.31409524180387,
       38.67286427025699
      ],
      [
       -77.3138619096085,
       38.67325957602252
      ],
      [
       -77.31393750452234,
       38.67340193726426
      ],
      [
       -77.31390015010594,
       38.673410140428906
      ],
      [
       -77.31385786957746,
       38.6734249868192
      ],
      [
       -77.31374334388543,
       38.67318721006246
      ],
      [
       -77.3137431616584,
       38.6731868307196
      ],
      [
       -77.31360299697278,
       38.67289584180333
      ],
      [
       -77.3136426144366,
       38.67285659340049
      ],
      [
       -77.31366268582066,
       38.6728343163133
      ]
     ]
    ]
   },
   "properties": {
    "id": "da-45",
    "kind": "DrainageArea",
    "sourceId": "design",
    "reliabilityLevel": 1,
    "revision": 1,
    "engineeringGeometry": {
     "crs": "EPSG:2248",
     "crsName": "NAD83 / Maryland State Plane (US survey feet)",
     "datum": "NAD83",
     "unit": "usSurveyFoot",
     "coordinates": [
      [
       1222783.304052492,
       366585.3182529235
      ],
      [
       1222719.5780382496,
       366510.8499882297
      ],
      [
       1222659.848261086,
       366596.65163164004
      ],
      [
       1222726.958785468,
       366740.3868239776
      ],
      [
       1222705.5551081893,
       366792.30682231387
      ],
      [
       1222716.2298604767,
       366795.25761679217
      ],
      [
       1222728.3193058278,
       366800.62294157845
      ],
      [
       1222760.7181357795,
       366713.9158889861
      ],
      [
       1222760.769685944,
       366713.7775593188
      ],
      [
       1222800.421998174,
       366607.66634817375
      ],
      [
       1222789.0622414509,
       366593.41153858294
      ],
      [
       1222783.304052492,
       366585.3182529235
      ]
     ]
    },
    "areaAcres": 0.4393,
    "percentImpervious": 26.4,
    "compositeC": 0.435
   }
  },
  {
   "type": "Feature",
   "geometry": {
    "type": "Polygon",
    "coordinates": [
     [
      [
       -77.31395504463607,
       38.67303232071546
      ],
      [
       -77.31381390628955,
       38.67281255520111
      ],
      [
       -77.31362820177532,
       38.67287589292421
      ],
      [
       -77.31395504463607,
       38.67303232071546
      ]
     ]
    ]
   },
   "properties": {
    "id": "esc-46",
    "kind": "ProposedFeature",
    "sourceId": "design",
    "reliabilityLevel": 1,
    "revision": 1,
    "engineeringGeometry": {
     "crs": "EPSG:2248",
     "crsName": "NAD83 / Maryland State Plane (US survey feet)",
     "datum": "NAD83",
     "unit": "usSurveyFoot",
     "coordinates": [
      [
       1222700.0845609438,
       366657.71535022825
      ],
      [
       1222740.1038572665,
       366577.5415654412
      ],
      [
       1222793.2011554174,
       366600.42599278566
      ],
      [
       1222700.0845609438,
       366657.71535022825
      ]
     ]
    },
    "type": "Silt fence / super silt fence",
    "note": "Perimeter control on the down-gradient limit of disturbance."
   }
  },
  {
   "type": "Feature",
   "geometry": {
    "type": "Polygon",
    "coordinates": [
     [
      [
       -77.3139548518979,
       38.67298838748345
      ],
      [
       -77.31384977290668,
       38.67298867073647
      ],
      [
       -77.31384996558033,
       38.67303260396867
      ],
      [
       -77.31395504463607,
       38.67303232071546
      ],
      [
       -77.3139548518979,
       38.67298838748345
      ]
     ]
    ]
   },
   "properties": {
    "id": "sce-47",
    "kind": "ProposedFeature",
    "sourceId": "design",
    "reliabilityLevel": 1,
    "revision": 1,
    "engineeringGeometry": {
     "crs": "EPSG:2248",
     "crsName": "NAD83 / Maryland State Plane (US survey feet)",
     "datum": "NAD83",
     "unit": "usSurveyFoot",
     "coordinates": [
      [
       1222700.0845609438,
       366641.71535022825
      ],
      [
       1222730.0845609438,
       366641.71535022825
      ],
      [
       1222730.0845609438,
       366657.71535022825
      ],
      [
       1222700.0845609438,
       366657.71535022825
      ],
      [
       1222700.0845609438,
       366641.71535022825
      ]
     ]
    },
    "type": "Stabilized construction entrance",
    "note": "Mountable berm, washrack where required."
   }
  },
  {
   "type": "Feature",
   "geometry": {
    "type": "Polygon",
    "coordinates": [
     [
      [
       -77.31390362216608,
       38.67341631696486
      ],
      [
       -77.31386859562625,
       38.67341641137767
      ],
      [
       -77.31386871605518,
       38.673443869646505
      ],
      [
       -77.31390374260846,
       38.67344377523366
      ],
      [
       -77.31390362216608,
       38.67341631696486
      ]
     ]
    ]
   },
   "properties": {
    "id": "street-tree-49",
    "kind": "Tree",
    "sourceId": "design",
    "reliabilityLevel": 1,
    "revision": 1,
    "engineeringGeometry": {
     "crs": "EPSG:2248",
     "crsName": "NAD83 / Maryland State Plane (US survey feet)",
     "datum": "NAD83",
     "unit": "usSurveyFoot",
     "coordinates": [
      [
       1222715.2463413768,
       366797.5104252771
      ],
      [
       1222725.2463413768,
       366797.5104252771
      ],
      [
       1222725.2463413768,
       366807.5104252771
      ],
      [
       1222715.2463413768,
       366807.5104252771
      ],
      [
       1222715.2463413768,
       366797.5104252771
      ]
     ]
    }
   }
  },
  {
   "type": "Feature",
   "geometry": {
    "type": "Polygon",
    "coordinates": [
     [
      [
       -77.3139535813092,
       38.67292375758596
      ],
      [
       -77.31391154975077,
       38.6729238708981
      ],
      [
       -77.3139116942843,
       38.67295682082242
      ],
      [
       -77.31395372586209,
       38.672956707510224
      ],
      [
       -77.3139535813092,
       38.67292375758596
      ]
     ]
    ]
   },
   "properties": {
    "id": "tree-50",
    "kind": "Tree",
    "sourceId": "design",
    "reliabilityLevel": 1,
    "revision": 1,
    "engineeringGeometry": {
     "crs": "EPSG:2248",
     "crsName": "NAD83 / Maryland State Plane (US survey feet)",
     "datum": "NAD83",
     "unit": "usSurveyFoot",
     "coordinates": [
      [
       1222700.3663610786,
       366618.176883242
      ],
      [
       1222712.3663610786,
       366618.176883242
      ],
      [
       1222712.3663610786,
       366630.176883242
      ],
      [
       1222700.3663610786,
       366630.176883242
      ],
      [
       1222700.3663610786,
       366618.176883242
      ]
     ]
    }
   }
  },
  {
   "type": "Feature",
   "geometry": {
    "type": "Polygon",
    "coordinates": [
     [
      [
       -77.31402623751735,
       38.672890611363385
      ],
      [
       -77.3139842059785,
       38.672890724701745
      ],
      [
       -77.31398435054543,
       38.67292367462611
      ],
      [
       -77.31402638210362,
       38.67292356128769
      ],
      [
       -77.31402623751735,
       38.672890611363385
      ]
     ]
    ]
   },
   "properties": {
    "id": "tree-51",
    "kind": "Tree",
    "sourceId": "design",
    "reliabilityLevel": 1,
    "revision": 1,
    "engineeringGeometry": {
     "crs": "EPSG:2248",
     "crsName": "NAD83 / Maryland State Plane (US survey feet)",
     "datum": "NAD83",
     "unit": "usSurveyFoot",
     "coordinates": [
      [
       1222679.5817513876,
       366606.176883242
      ],
      [
       1222691.5817513876,
       366606.176883242
      ],
      [
       1222691.5817513876,
       366618.176883242
      ],
      [
       1222679.5817513876,
       366618.176883242
      ],
      [
       1222679.5817513876,
       366606.176883242
      ]
     ]
    }
   }
  },
  {
   "type": "Feature",
   "geometry": {
    "type": "Polygon",
    "coordinates": [
     [
      [
       -77.31393361241162,
       38.67281849719502
      ],
      [
       -77.31389158091496,
       38.67281861049995
      ],
      [
       -77.31389172543908,
       38.672851560424675
      ],
      [
       -77.31393375695508,
       38.67285144711969
      ],
      [
       -77.31393361241162,
       38.67281849719502
      ]
     ]
    ]
   },
   "properties": {
    "id": "tree-52",
    "kind": "Tree",
    "sourceId": "design",
    "reliabilityLevel": 1,
    "revision": 1,
    "engineeringGeometry": {
     "crs": "EPSG:2248",
     "crsName": "NAD83 / Maryland State Plane (US survey feet)",
     "datum": "NAD83",
     "unit": "usSurveyFoot",
     "coordinates": [
      [
       1222705.9355804601,
       366579.8230541695
      ],
      [
       1222717.9355804601,
       366579.8230541695
      ],
      [
       1222717.9355804601,
       366591.8230541695
      ],
      [
       1222705.9355804601,
       366591.8230541695
      ],
      [
       1222705.9355804601,
       366579.8230541695
      ]
     ]
    }
   }
  }
 ],
 "kealee": {
  "siteId": "3427 GROUSE CT, WOODBRIDGE, 22192",
  "modelRevision": 8,
  "geoJsonCrs": "EPSG:4326 (RFC 7946, longitude first)",
  "sourceCrs": "EPSG:2248",
  "sourceCrsName": "NAD83 / Maryland State Plane (US survey feet)",
  "horizontalDatum": "NAD83",
  "verticalDatum": "NAVD88 (feet)",
  "transformer": "registry (proj4 + arcgis-geometry-service (https://sampleserver6.arcgisonline.com/arcgis/rest/services/Utilities/Geometry/GeometryServer))",
  "note": "Geometry is WGS84 per RFC 7946. Original engineering coordinates are preserved per feature under properties.engineeringGeometry."
 }
}