0
SECTION
2
HEADER
9
$ACADVER
1
AC1021
9
$LASTSAVEDBY
1
@tarikjabiri/dxf
9
$HANDSEED
5
57
9
$INSUNITS
70
0
9
$CLAYER
8
0
9
$VIEWCTR
10
1222691.988603463
20
366598.70233322046
0
ENDSEC
0
SECTION
2
CLASSES
0
ENDSEC
0
SECTION
2
TABLES
0
TABLE
2
VPORT
5
1
330
0
100
AcDbSymbolTable
70
1
0
VPORT
5
19
330
1
100
AcDbSymbolTableRecord
100
AcDbViewportTableRecord
2
*Active
70
0
10
0
20
0
11
1
21
1
12
1222691.988603463
22
366598.70233322046
13
0
23
0
14
10
24
10
15
10
25
10
16
0
26
0
36
1
17
0
27
0
37
0
40
479.17739733087365
41
2
42
50
43
0
44
0
50
0
51
0
71
0
72
100
73
1
74
3
75
0
76
1
77
0
78
0
281
0
65
1
110
0
120
0
130
0
111
1
121
0
131
0
112
0
122
1
132
0
79
0
146
0
348
10020
60
7
61
5
292
1
282
1
141
0
142
0
63
250
421
3358443
0
ENDTAB
0
TABLE
2
LTYPE
5
2
330
0
100
AcDbSymbolTable
70
7
0
LTYPE
5
12
330
2
100
AcDbSymbolTableRecord
100
AcDbLinetypeTableRecord
2
ByBlock
70
0
3

72
65
73
0
40
0
0
LTYPE
5
13
330
2
100
AcDbSymbolTableRecord
100
AcDbLinetypeTableRecord
2
ByLayer
70
0
3

72
65
73
0
40
0
0
LTYPE
5
14
330
2
100
AcDbSymbolTableRecord
100
AcDbLinetypeTableRecord
2
Continuous
70
0
3
Solid line
72
65
73
0
40
0
0
LTYPE
5
1A
330
2
100
AcDbSymbolTableRecord
100
AcDbLinetypeTableRecord
2
DASHED
70
0
3
Dashed __ __ __ __ __ __
72
65
73
2
40
6
49
4
74
0
49
-2
74
0
0
LTYPE
5
1B
330
2
100
AcDbSymbolTableRecord
100
AcDbLinetypeTableRecord
2
HIDDEN
70
0
3
Hidden __ __ __ __ __
72
65
73
2
40
3
49
2
74
0
49
-1
74
0
0
LTYPE
5
1C
330
2
100
AcDbSymbolTableRecord
100
AcDbLinetypeTableRecord
2
PHANTOM
70
0
3
Phantom ____ _ _ ____ _ _
72
65
73
6
40
13
49
8
74
0
49
-1
74
0
49
1
74
0
49
-1
74
0
49
1
74
0
49
-1
74
0
0
LTYPE
5
1D
330
2
100
AcDbSymbolTableRecord
100
AcDbLinetypeTableRecord
2
DASHDOT
70
0
3
Dash dot __ . __ . __ .
72
65
73
4
40
8
49
4
74
0
49
-2
74
0
49
0
74
0
49
-2
74
0
0
ENDTAB
0
TABLE
2
LAYER
5
3
330
0
100
AcDbSymbolTable
70
14
0
LAYER
5
15
330
3
100
AcDbSymbolTableRecord
100
AcDbLayerTableRecord
2
0
70
0
62
7
6
Continuous
370
0
390
0
0
LAYER
5
1E
330
3
100
AcDbSymbolTableRecord
100
AcDbLayerTableRecord
2
C-BLDG-FTPR-N
70
0
62
6
6
Continuous
370
0
390
0
0
LAYER
5
1F
330
3
100
AcDbSymbolTableRecord
100
AcDbLayerTableRecord
2
C-LODS
70
0
62
30
6
PHANTOM
370
0
390
0
0
LAYER
5
20
330
3
100
AcDbSymbolTableRecord
100
AcDbLayerTableRecord
2
C-PVMT
70
0
62
8
6
Continuous
370
0
390
0
0
LAYER
5
21
330
3
100
AcDbSymbolTableRecord
100
AcDbLayerTableRecord
2
C-SITE-N
70
0
62
6
6
Continuous
370
0
390
0
0
LAYER
5
22
330
3
100
AcDbSymbolTableRecord
100
AcDbLayerTableRecord
2
C-STRM-AREA
70
0
62
150
6
PHANTOM
370
0
390
0
0
LAYER
5
23
330
3
100
AcDbSymbolTableRecord
100
AcDbLayerTableRecord
2
C-SWMG
70
0
62
92
6
Continuous
370
0
390
0
0
LAYER
5
24
330
3
100
AcDbSymbolTableRecord
100
AcDbLayerTableRecord
2
C-TOPO-MAJR-E
70
0
62
32
6
DASHED
370
0
390
0
0
LAYER
5
25
330
3
100
AcDbSymbolTableRecord
100
AcDbLayerTableRecord
2
C-TOPO-SPOT
70
0
62
7
6
Continuous
370
0
390
0
0
LAYER
5
26
330
3
100
AcDbSymbolTableRecord
100
AcDbLayerTableRecord
2
C-TOPO-SURF
70
0
62
253
6
Continuous
370
0
390
0
0
LAYER
5
27
330
3
100
AcDbSymbolTableRecord
100
AcDbLayerTableRecord
2
C-UTIL
70
0
62
4
6
DASHED
370
0
390
0
0
LAYER
5
28
330
3
100
AcDbSymbolTableRecord
100
AcDbLayerTableRecord
2
L-PLNT-TREE
70
0
62
90
6
Continuous
370
0
390
0
0
LAYER
5
29
330
3
100
AcDbSymbolTableRecord
100
AcDbLayerTableRecord
2
V-PROP-BNDY
70
0
62
7
6
Continuous
370
0
390
0
0
LAYER
5
2A
330
3
100
AcDbSymbolTableRecord
100
AcDbLayerTableRecord
2
C-ANNO-NPLT
70
0
62
250
6
Continuous
370
0
390
0
0
ENDTAB
0
TABLE
2
STYLE
5
4
330
0
100
AcDbSymbolTable
70
1
0
STYLE
5
16
330
4
100
AcDbSymbolTableRecord
100
AcDbTextStyleTableRecord
2
Standard
70
0
40
0
41
1
50
0
71
0
42
1
3
txt
4

0
ENDTAB
0
TABLE
2
VIEW
5
5
330
0
100
AcDbSymbolTable
70
0
0
ENDTAB
0
TABLE
2
UCS
5
6
330
0
100
AcDbSymbolTable
70
0
0
ENDTAB
0
TABLE
2
APPID
5
7
330
0
100
AcDbSymbolTable
70
1
0
APPID
5
17
330
7
100
AcDbSymbolTableRecord
100
AcDbRegAppTableRecord
2
ACAD
70
0
0
ENDTAB
0
TABLE
2
DIMSTYLE
5
8
330
0
100
AcDbSymbolTable
70
1
100
AcDbDimStyleTable
0
DIMSTYLE
105
18
330
8
100
AcDbSymbolTableRecord
100
AcDbDimStyleTableRecord
2
Standard
70
0
340
16
0
ENDTAB
0
TABLE
2
BLOCK_RECORD
5
9
330
0
100
AcDbSymbolTable
70
2
0
BLOCK_RECORD
5
C
330
9
100
AcDbSymbolTableRecord
100
AcDbBlockTableRecord
2
*Model_Space
70
0
280
1
281
0
0
BLOCK_RECORD
5
F
330
9
100
AcDbSymbolTableRecord
100
AcDbBlockTableRecord
2
*Paper_Space
70
0
280
1
281
0
0
ENDTAB
0
ENDSEC
0
SECTION
2
BLOCKS
0
BLOCK
5
D
330
C
100
AcDbEntity
8
0
100
AcDbBlockBegin
2
*Model_Space
70
0
10
0
20
0
30
0
3
*Model_Space
1

0
ENDBLK
5
E
100
AcDbEntity
8
0
100
AcDbBlockEnd
0
BLOCK
5
10
330
F
100
AcDbEntity
8
0
100
AcDbBlockBegin
2
*Paper_Space
70
0
10
0
20
0
30
0
3
*Paper_Space
1

0
ENDBLK
5
11
100
AcDbEntity
8
0
100
AcDbBlockEnd
0
ENDSEC
0
SECTION
2
ENTITIES
0
TEXT
5
2B
330
C
100
AcDbEntity
8
C-ANNO-NPLT
100
AcDbText
10
1222639.471413123
20
366479.113634555
30
0
40
2.5
1
PRELIMINARY - NOT SEALED - NOT FOR CONSTRUCTION OR PERMIT SUBMISSION
7
STANDARD
100
AcDbText
0
TEXT
5
2C
330
C
100
AcDbEntity
8
C-ANNO-NPLT
100
AcDbText
10
1222639.471413123
20
366475.113634555
30
0
40
2.5
1
GENERATED 2026-09-26T16:40:53.073Z BY KEALEE SITE PLAN ENGINE
7
STANDARD
100
AcDbText
0
TEXT
5
2D
330
C
100
AcDbEntity
8
C-ANNO-NPLT
100
AcDbText
10
1222639.471413123
20
366471.113634555
30
0
40
2.5
1
HORIZONTAL: EPSG:2248
7
STANDARD
100
AcDbText
0
TEXT
5
2E
330
C
100
AcDbEntity
8
C-ANNO-NPLT
100
AcDbText
10
1222639.471413123
20
366467.113634555
30
0
40
2.5
1
VERTICAL: NAVD88 (feet)
7
STANDARD
100
AcDbText
0
TEXT
5
2F
330
C
100
AcDbEntity
8
C-ANNO-NPLT
100
AcDbText
10
1222639.471413123
20
366463.113634555
30
0
40
2.5
1
SOURCES: Parcel boundary — jurisdiction gis (Prince William County — parcels — OLD BRIDGE ESTATES, Lot 0026A — Deed Book 1931, Page 0103, level 1); Existing contours (U.S. Geological Survey — 3D Elevation Program — 3DEP bare-earth DEM — VA_NorthernVA_B22, level 1)
7
STANDARD
100
AcDbText
0
TEXT
5
30
330
C
100
AcDbEntity
8
C-ANNO-NPLT
100
AcDbText
10
1222639.471413123
20
366459.113634555
30
0
40
2.5
1
THIS FILE IS DATA FOR A LICENSED PROFESSIONAL. IT IS NOT A SEALED DRAWING.
7
STANDARD
100
AcDbText
0
LWPOLYLINE
5
31
330
C
100
AcDbEntity
8
V-PROP-BNDY
100
AcDbPolyline
90
12
70
1
43
0
38
0
39
0
10
1222783.304052492
20
366585.3182529235
10
1222719.5780382496
20
366510.8499882297
10
1222659.848261086
20
366596.65163164004
10
1222726.958785468
20
366740.3868239776
10
1222705.5551081893
20
366792.30682231387
10
1222716.2298604767
20
366795.25761679217
10
1222728.3193058278
20
366800.62294157845
10
1222760.7181357795
20
366713.9158889861
10
1222760.769685944
20
366713.7775593188
10
1222800.421998174
20
366607.66634817375
10
1222789.0622414509
20
366593.41153858294
10
1222783.304052492
20
366585.3182529235
0
LWPOLYLINE
5
32
330
C
100
AcDbEntity
8
C-TOPO-MAJR-E
100
AcDbPolyline
90
192
70
0
43
0
38
0
39
0
10
1222752.573255465
20
366789.5262831309
10
1222752.4980583214
20
366789.47770293074
10
1222752.3476640345
20
366789.3805425304
10
1222752.122072604
20
366789.23480192985
10
1222751.82128403
20
366789.04048112914
10
1222751.4085710477
20
366788.82319380465
10
1222750.8839336568
20
366788.5829399564
10
1222750.2473718578
20
366788.31971958437
10
1222749.4988856504
20
366788.0335326887
10
1222748.7503994429
20
366787.75873132085
10
1222748.001913235
20
366787.4953154809
10
1222747.2534270273
20
366787.243285169
10
1222746.5049408195
20
366787.002640385
10
1222745.9254224496
20
366786.8153233652
10
1222745.5148719181
20
366786.6813341096
10
1222745.2732892241
20
366786.6006726182
10
1222745.2006743685
20
366786.573338891
10
1222744.9772453886
20
366786.4846112187
10
1222744.6030022847
20
366786.33448960126
10
1222744.0779450568
20
366786.12297403876
10
1222743.402073705
20
366785.85006453114
10
1222742.7080486394
20
366785.5335946585
10
1222741.9958698596
20
366785.17356442084
10
1222741.2655373658
20
366784.7699738181
10
1222740.517051158
20
366784.3228228504
10
1222739.9454915463
20
366783.9803531915
10
1222739.5508585304
20
366783.7425648415
10
1222739.3331521102
20
366783.6094578003
10
1222739.2923722856
20
366783.581032068
10
1222739.0848608215
20
366783.4132244912
10
1222738.7106177178
20
366783.1060350697
10
1222738.1696429742
20
366782.65946380375
10
1222737.461936591
20
366782.07351069327
10
1222736.8915413278
20
366781.59341258614
10
1222736.458457185
20
366781.21916948224
10
1222736.1626841624
20
366780.95078138175
10
1222736.0042222596
20
366780.78824828466
10
1222735.7514189146
20
366780.47922690987
10
1222735.4042741267
20
366780.0237172574
10
1222734.9627878964
20
366779.4217193274
10
1222734.4269602234
20
366778.6732331197
10
1222734.0115403105
20
366778.0918523266
10
1222733.7165281582
20
366777.6775769481
10
1222733.5419237656
20
366777.43040698406
10
1222733.4877271336
20
366777.35034243454
10
1222733.285147567
20
366777.1231886079
10
1222732.9341850667
20
366776.7489455041
10
1222732.434839632
20
366776.2276131231
10
1222731.7871112633
20
366775.55919146485
10
1222731.276125527
20
366775.0354712724
10
1222730.901882423
20
366774.65645254595
10
1222730.6643819516
20
366774.4221352852
10
1222730.5636241129
20
366774.3325194904
10
1222730.3289806643
20
366774.1005900411
10
1222729.960451606
20
366773.72634693724
10
1222729.4580369382
20
366773.20979017887
10
1222728.8217366606
20
366772.5509197661
10
1222728.31646497
20
366772.02440670104
10
1222727.942221866
20
366771.63025098376
10
1222727.699007349
20
366771.3684526143
10
1222727.5868214192
20
366771.2390115925
10
1222727.388468095
20
366770.9871695297
10
1222727.1039473775
20
366770.61292642594
10
1222726.733259266
20
366770.116282281
10
1222726.2764037605
20
366769.497237095
10
1222725.8608544562
20
366768.9399713589
10
1222725.4866113523
20
366768.4444850726
10
1222725.1536744493
20
366768.0107782362
10
1222724.8620437467
20
366767.63885084953
10
1222724.4627149603
20
366767.2657656043
10
1222723.9556880896
20
366766.8915225005
10
1222723.3409631348
20
366766.516121538
10
1222722.6185400959
20
366766.139562717
10
1222722.0702070245
20
366765.85397359077
10
1222721.6959639206
20
366765.65935415926
10
1222721.4958107844
20
366765.55570442264
10
1222721.4697476155
20
366765.54302438075
10
1222721.2630786872
20
366765.488982856
10
1222720.8758039991
20
366765.39357984834
10
1222720.3079235512
20
366765.2568153577
10
1222719.5594373434
20
366765.07868938416
10
1222718.8109511356
20
366764.9523522493
10
1222718.0624649278
20
366764.87780395325
10
1222717.3139787202
20
366764.8550444959
10
1222716.565492513
20
366764.8840738771
10
1222715.896154658
20
366764.94629007165
10
1222715.3059651558
20
366765.0416930794
10
1222714.7949240066
20
366765.1702829002
10
1222714.3630312097
20
366765.3320595343
10
1222713.9599632595
20
366765.48540780495
10
1222713.5857201559
20
366765.63032771205
10
1222713.2403018982
20
366765.7668192558
10
1222712.9237084873
20
366765.8948824359
10
1222712.5100646582
20
366766.1460355779
10
1222711.9993704115
20
366766.52027868177
10
1222711.3916257473
20
366767.0176117475
10
1222710.6868306655
20
366767.638034775
10
1222710.1473115725
20
366768.11400981946
10
1222709.7730684686
20
366768.445536881
10
1222709.5641013538
20
366768.63261595956
10
1222709.5204102285
20
366768.675247055
10
1222709.3514930937
20
366768.8836841547
10
1222709.0573499491
20
366769.2579272586
10
1222708.6379807957
20
366769.7979763666
10
1222708.0933856328
20
366770.50383147865
10
1222707.6339664995
20
366771.09121530247
10
1222707.2597233958
20
366771.560127838
10
1222706.9706563214
20
366771.91056908516
10
1222706.7667652767
20
366772.1425390441
10
1222706.4423675635
20
366772.44564557547
10
1222705.9974631825
20
366772.81988867925
10
1222705.4320521331
20
366773.26526835555
10
1222704.7461344157
20
366773.78178460436
10
1222704.216054005
20
366774.1818317478
10
1222703.8418109012
20
366774.4654097859
10
1222703.623405104
20
366774.6325187188
10
1222703.560836614
20
366774.68315854634
10
1222703.3267886944
20
366774.7398162507
10
1222702.9212613453
20
366774.8024918318
10
1222702.3442545668
20
366774.8711852898
10
1222701.5957683595
20
366774.94589662465
10
1222700.8472821517
20
366774.97636803985
10
1222700.098795944
20
366774.96259953536
10
1222699.350309736
20
366774.9045911113
10
1222698.6018235288
20
366774.8023427676
10
1222697.9987031226
20
366774.7198808052
10
1222697.5409485176
20
366774.65720522404
10
1222697.2285597145
20
366774.6143160241
10
1222697.0615367128
20
366774.5912132055
10
1222696.79090366
20
366774.55582444696
10
1222696.4166605563
20
366774.50814974844
10
1222695.9388074013
20
366774.4481891101
10
1222695.3573441955
20
366774.37594253186
10
1222694.857944522
20
366774.3398192427
10
1222694.4406083813
20
366774.3398192427
10
1222694.1053357734
20
366774.37594253186
10
1222693.8521266978
20
366774.4481891101
10
1222693.538400608
20
366774.54059122805
10
1222693.1641575042
20
366774.6531488858
10
1222692.7293973863
20
366774.78586208326
10
1222692.2341202542
20
366774.93873082043
10
1222691.675540853
20
366775.17854396545
10
1222691.053659183
20
366775.5053015182
10
1222690.3684752441
20
366775.9190034787
10
1222689.6199890368
20
366776.4196498471
10
1222689.0046623608
20
366776.8188773989
10
1222688.5224952165
20
366777.11668613413
10
1222688.173487604
20
366777.3130760528
10
1222687.9576395226
20
366777.40804715495
10
1222687.6625939303
20
366777.5337811306
10
1222687.2883508266
20
366777.69027797977
10
1222686.8349102112
20
366777.8775377023
10
1222686.3022720846
20
366778.0955602985
10
1222685.7156719374
20
366778.31545363856
10
1222685.07510977
20
366778.5372177226
10
1222684.3805855827
20
366778.76085255074
10
1222683.6320993754
20
366778.9863581229
10
1222682.8836131678
20
366779.21876803203
10
1222682.13512696
20
366779.45808227826
10
1222681.3866407522
20
366779.7043008616
10
1222680.6381545444
20
366779.957423782
10
1222680.055728535
20
366780.16022475203
10
1222679.6393627236
20
366780.31270377175
10
1222679.38905711
20
366780.4148608412
10
1222679.304811695
20
366780.46669596026
10
1222679.0755674355
20
366780.6396536426
10
1222678.7013243316
20
366780.9337338883
10
1222678.1820823834
20
366781.3489366973
10
1222677.517841591
20
366781.8852620696
10
1222676.9747648037
20
366782.3405463077
10
1222676.5528520215
20
366782.71478941146
10
1222676.2521032442
20
366783.0079913811
10
1222676.0725184723
20
366783.2201522165
10
1222675.7956045344
20
366783.532780631
10
1222675.4213614305
20
366783.94587662455
10
1222674.9497891609
20
366784.45944019733
10
1222674.380887725
20
366785.0734713492
10
1222673.9279667586
20
366785.5676084771
10
1222673.591026262
20
366785.94185158086
10
1222673.3700662341
20
366786.19620066066
10
1222673.265086676
20
366786.3306557166
10
1222673.0254753449
20
366786.56793539505
10
1222672.6512322412
20
366786.9080396963
10
1222672.1423573645
20
366787.35096862016
10
1222671.498850715
20
366787.89672216674
10
1222670.9073474533
20
366788.356720492
10
1222670.3678475793
20
366788.73096359585
10
1222669.880351093
20
366789.01945147826
10
1222669.444857994
20
366789.2221841393
10
1222669.1182381702
20
366789.37423363514
10
1222668.9004916206
20
366789.47559996566
10
1222668.791618346
20
366789.5262831309
0
LWPOLYLINE
5
33
330
C
100
AcDbEntity
8
C-TOPO-MAJR-E
100
AcDbPolyline
90
324
70
0
43
0
38
0
39
0
10
1222770.0689641717
20
366789.5262831309
10
1222770.0230145454
20
366789.4710214857
10
1222769.9311152934
20
366789.3604981952
10
1222769.793266415
20
366789.1947132595
10
1222769.6094679104
20
366788.9736666786
10
1222769.3598794076
20
366788.6760218362
10
1222769.044500907
20
366788.3017787324
10
1222768.6633324078
20
366787.85093736707
10
1222768.2163739102
20
366787.3234977403
10
1222767.8057731097
20
366786.85086626466
10
1222767.431530006
20
366786.43304294004
10
1222767.093644599
20
366786.0700277666
10
1222766.7921168883
20
366785.76182074414
10
1222766.4488866641
20
366785.420595681
10
1222766.063953926
20
366785.0463525772
10
1222765.637318674
20
366784.6390914327
10
1222765.1689809076
20
366784.19881224737
10
1222764.7476904728
20
366783.7971819866
10
1222764.3734473689
20
366783.4342006503
10
1222764.0462515962
20
366783.1098682384
10
1222763.7661031547
20
366782.8241847509
10
1222763.4400816057
20
366782.4942214553
10
1222763.068186949
20
366782.1199783514
10
1222762.650419185
20
366781.7014554394
10
1222762.186778314
20
366781.23865271924
10
1222761.7678363263
20
366780.84066773555
10
1222761.3935932224
20
366780.5075004884
10
1222761.0640490022
20
366780.23915097787
10
1222760.779203666
20
366780.0356192039
10
1222760.3784481117
20
366779.796213461
10
1222759.8617823396
20
366779.5209337492
10
1222759.2292063497
20
366779.20978006854
10
1222758.4807201424
20
366778.862752419
10
1222757.798523078
20
366778.5529999858
10
1222757.1826151568
20
366778.28052276897
10
1222756.632996379
20
366778.0453207685
10
1222756.1496667445
20
366777.8473939844
10
1222755.7208803752
20
366777.66666823265
10
1222755.3466372713
20
366777.5031435132
10
1222755.026937433
20
366777.35681982606
10
1222754.76178086
20
366777.2276971714
10
1222754.375791878
20
366777.0232993377
10
1222753.8689704877
20
366776.74362632516
10
1222753.2413166887
20
366776.3886781338
10
1222752.492830481
20
366775.95845476346
10
1222751.854601479
20
366775.5885021901
10
1222751.3266296827
20
366775.2788204136
10
1222750.9089150922
20
366775.02940943406
10
1222750.6014577076
20
366774.84026925144
10
1222750.2606074633
20
366774.62417798245
10
1222749.8863643594
20
366774.38113562716
10
1222749.478728396
20
366774.1111421856
10
1222749.0376995732
20
366773.8141976576
10
1222748.5666735033
20
366773.4786038417
10
1222748.0656501867
20
366773.1043607379
10
1222747.5346296232
20
366772.6914683461
10
1222746.9736118123
20
366772.23992666637
10
1222746.5059813552
20
366771.8577071862
10
1222746.1317382515
20
366771.5448099056
10
1222745.8508825009
20
366771.30123482447
10
1222745.663414104
20
366771.12698194286
10
1222745.4005285893
20
366770.85273395013
10
1222745.062225957
20
366770.47849084635
10
1222744.6485062076
20
366770.0042526314
10
1222744.1593693406
20
366769.4300193052
10
1222743.7276793553
20
366768.9182762078
10
1222743.3534362514
20
366768.4690233391
10
1222743.036640029
20
366768.082260699
10
1222742.7772906884
20
366767.75798828766
10
1222742.5062548919
20
366767.40873053006
10
1222742.2235326394
20
366767.03448742616
10
1222741.929123931
20
366766.63525897614
10
1222741.6230287668
20
366766.2110451799
10
1222741.282859633
20
366765.73412064917
10
1222740.9086165293
20
366765.204485384
10
1222740.5002994556
20
366764.6221393844
10
1222740.057908412
20
366763.9870826504
10
1222739.7045702212
20
366763.48243273154
10
1222739.4402848834
20
366763.1081896277
10
1222739.2650523982
20
366762.86435333895
10
1222739.1788727655
20
366762.75092386524
10
1222738.9668786414
20
366762.47873020807
10
1222738.6290700254
20
366762.0477723674
10
1222738.1654469175
20
366761.45805034327
10
1222737.5760093182
20
366760.7095641356
10
1222737.1157138748
20
366760.1236720499
10
1222736.7845605873
20
366759.7003740862
10
1222736.5825494556
20
366759.4396702445
10
1222736.5096804798
20
366759.34156052483
10
1222736.3326138342
20
366759.10538411303
10
1222736.0513495188
20
366758.7311410092
10
1222735.6658875337
20
366758.2188312133
10
1222735.1762278788
20
366757.5684547253
10
1222734.7442764994
20
366756.98280886805
10
1222734.3700333955
20
366756.4618936414
10
1222734.0534985673
20
366756.00570904533
10
1222733.7946720147
20
366755.61425508006
10
1222733.5408169257
20
366755.23140654544
10
1222733.2919333007
20
366754.8571634416
10
1222733.0480211396
20
366754.4915257685
10
1222732.8090804429
20
366754.1344935262
10
1222732.519517147
20
366753.67959779256
10
1222732.1793312524
20
366753.12683856755
10
1222731.7885227588
20
366752.47621585126
10
1222731.3470916662
20
366751.7277296436
10
1222730.9989897425
20
366751.13037230115
10
1222730.7442169872
20
366750.6841438241
10
1222730.5827734002
20
366750.38904421224
10
1222730.5146589822
20
366750.2450734656
10
1222730.3707642744
20
366749.9859665404
10
1222730.1510892771
20
366749.6117234366
10
1222729.8556339906
20
366749.12234415417
10
1222729.4843984146
20
366748.51782869303
10
1222729.1116590747
20
366747.94535623887
10
1222728.7374159708
20
366747.40492679155
10
1222728.3616691031
20
366746.89654035115
10
1222727.9844184713
20
366746.42019691766
10
1222727.5342565589
20
366745.99490364897
10
1222727.0111833648
20
366745.62066054513
10
1222726.41519889
20
366745.29746760614
10
1222725.7463031337
20
366745.02532483195
10
1222725.2247337038
20
366744.8133433389
10
1222724.8504905999
20
366744.6615231271
10
1222724.6235738224
20
366744.5698641965
10
1222724.5439833708
20
366744.538366547
10
1222724.2971689801
20
366744.42441901227
10
1222723.8831306505
20
366744.22802159225
10
1222723.3018683817
20
366743.94917428686
10
1222722.5533821743
20
366743.5878770962
10
1222721.8048959668
20
366743.29714949615
10
1222721.056409759
20
366743.0769914867
10
1222720.3079235512
20
366742.9274030679
10
1222719.5594373434
20
366742.8483842396
10
1222718.8109511356
20
366742.8275114892
10
1222718.0624649278
20
366742.86478481663
10
1222717.3139787202
20
366742.9602042219
10
1222716.565492513
20
366743.11376970506
10
1222715.9336208536
20
366743.12138431176
10
1222715.4183637423
20
366742.9830480421
10
1222715.0197211797
20
366742.6987608961
10
1222714.7376931652
20
366742.26852287364
10
1222714.5921500812
20
366741.75872280495
10
1222714.5830919277
20
366741.1693606899
10
1222714.7105187043
20
366740.5004365285
10
1222714.9744304116
20
366739.7519503209
10
1222715.154846996
20
366739.0034641132
10
1222715.2517684577
20
366738.25497790554
10
1222715.265194797
20
366737.50649169786
10
1222715.1951260138
20
366736.7580054902
10
1222715.0552152868
20
366736.0095192825
10
1222714.8454626156
20
366735.2610330749
10
1222714.5658680007
20
366734.5125468672
10
1222714.216431442
20
366733.76406065945
10
1222713.8766378835
20
366733.0946855482
10
1222713.5464873249
20
366732.5044215335
10
1222713.2259797663
20
366731.99326861516
10
1222712.915115208
20
366731.5612267933
10
1222712.6019902301
20
366731.15808433044
10
1222712.2866048333
20
366730.7838412266
10
1222711.968959017
20
366730.4384974818
10
1222711.6490527815
20
366730.122053096
10
1222711.3019781117
20
366729.7749302908
10
1222710.9277350078
20
366729.3971290663
10
1222710.5263234698
20
366728.98864942236
10
1222710.0977434982
20
366728.5494913591
10
1222709.6351010848
20
366728.1427907755
10
1222709.1383962303
20
366727.7685476717
10
1222708.6076289346
20
366727.4267620476
10
1222708.0427991976
20
366727.11743390316
10
1222707.5732627772
20
366726.8519915864
10
1222707.1990196733
20
366726.6304350972
10
1222706.920069886
20
366726.45276443555
10
1222706.7364134155
20
366726.3189796015
10
1222706.5331984453
20
366726.25208718446
10
1222706.3104249758
20
366726.25208718446
10
1222706.068093007
20
366726.3189796015
10
1222705.806202539
20
366726.45276443555
10
1222705.5043273969
20
366726.740224613
10
1222705.1624675805
20
366727.18136013387
10
1222704.7806230902
20
366727.7761709981
10
1222704.358793926
20
366728.5246572058
10
1222704.0412362972
20
366729.2731434135
10
1222703.8279502038
20
366730.0216296211
10
1222703.7189356461
20
366730.7701158288
10
1222703.714192624
20
366731.51860203646
10
1222703.7389279327
20
366732.26708824415
10
1222703.7931415723
20
366733.0155744518
10
1222703.876833543
20
366733.7640606595
10
1222703.9900038447
20
366734.5125468672
10
1222704.1154221843
20
366735.2610330749
10
1222704.253088562
20
366736.0095192825
10
1222704.4030029778
20
366736.7580054902
10
1222704.565165432
20
366737.5064916979
10
1222704.738253517
20
366738.2549779056
10
1222704.9222672337
20
366739.0034641132
10
1222705.1172065814
20
366739.7519503209
10
1222705.3230715604
20
366740.5004365285
10
1222705.5286952555
20
366741.24892273615
10
1222705.7340776664
20
366741.99740894395
10
1222705.939218793
20
366742.7458951516
10
1222706.144118636
20
366743.4943813592
10
1222706.2633868372
20
366744.2428675669
10
1222706.297023397
20
366744.9913537745
10
1222706.245028315
20
366745.7398399822
10
1222706.1074015917
20
366746.4883261899
10
1222705.895143242
20
366747.2368123976
10
1222705.6082532657
20
366747.9852986052
10
1222705.2467316627
20
366748.7337848129
10
1222704.8105784333
20
366749.4822710206
10
1222704.4403782166
20
366750.0908706067
10
1222704.136131013
20
366750.5595835713
10
1222703.8978368226
20
366750.88840991433
10
1222703.7254956448
20
366751.07734963583
10
1222703.4701595493
20
366751.3589410485
10
1222703.1318285358
20
366751.7331841523
10
1222702.710502604
20
366752.20007894735
10
1222702.206181754
20
366752.7596254335
10
1222701.766899777
20
366753.2358367003
10
1222701.3926566734
20
366753.6287127477
10
1222701.0834524427
20
366753.9382535757
10
1222700.8392870845
20
366754.1644591843
10
1222700.4690415142
20
366754.43704465637
10
1222699.9727157315
20
366754.7560099922
10
1222699.350309736
20
366755.12135519146
10
1222698.6018235288
20
366755.5330802541
10
1222697.9570974116
20
366755.8695129353
10
1222697.4161313851
20
366756.1306532349
10
1222696.9789254493
20
366756.3165011528
10
1222696.6454796046
20
366756.42705668905
10
1222696.29163513
20
366756.53661813296
10
1222695.9173920262
20
366756.64518548443
10
1222695.522750293
20
366756.7527587436
10
1222695.1077099305
20
366756.8593379104
10
1222694.6093081068
20
366756.97443499335
10
1222694.0275448216
20
366757.09804999235
10
1222693.362420075
20
366757.2301829075
10
1222692.6139338673
20
366757.37083373877
10
1222691.8654476595
20
366757.5171586475
10
1222691.1169614517
20
366757.6691576337
10
1222690.3684752441
20
366757.82683069736
10
1222689.6199890368
20
366757.99017783854
10
1222688.8715028292
20
366758.16526044195
10
1222688.1230166215
20
366758.35207850765
10
1222687.3745304137
20
366758.5506320357
10
1222686.6260442059
20
366758.7609210261
10
1222685.9584976342
20
366758.95054278837
10
1222685.371890699
20
366759.1194973226
10
1222684.8662233998
20
366759.2677846288
10
1222684.4414957366
20
366759.3954047069
10
1222684.0420103532
20
366759.51884361776
10
1222683.6677672493
20
366759.63810136146
10
1222683.318766425
20
366759.7531779379
10
1222682.9950078805
20
366759.86407334707
10
1222682.5650674202
20
366760.02002419217
10
1222682.0289450441
20
366760.2210304732
10
1222681.3866407522
20
366760.4670921901
10
1222680.6381545444
20
366760.75820934295
10
1222679.8896683368
20
366761.05489255156
10
1222679.1411821293
20
366761.3571418161
10
1222678.3926959215
20
366761.6649571365
10
1222677.6442097141
20
366761.97833851265
10
1222677.0659415605
20
366762.22164761217
10
1222676.6578914612
20
366762.3948844351
10
1222676.4200594155
20
366762.4980489812
10
1222676.3524454243
20
366762.5311412506
10
1222676.1315168766
20
366762.6360441748
10
1222675.7572737727
20
366762.81275775365
10
1222675.2297161128
20
366763.06128198735
10
1222674.5488438962
20
366763.3816168757
10
1222673.8584910461
20
366763.7289058718
10
1222673.158657562
20
366764.10314897564
10
1222672.4493434443
20
366764.50434618717
10
1222671.7305486926
20
366764.93249750655
10
1222671.184029765
20
366765.2581477538
10
1222670.809786661
20
366765.48129692895
10
1222670.6078193812
20
366765.6019450321
10
1222670.578127925
20
366765.62009206304
10
1222670.368737781
20
366765.6998807502
10
1222669.979648949
20
366765.8413110936
10
1222669.4108614293
20
366766.0443830931
10
1222668.662375222
20
366766.30909674865
10
1222667.9138890142
20
366766.5476431622
10
1222667.1654028066
20
366766.7600223336
10
1222666.416916599
20
366766.94623426284
10
1222665.6684303912
20
366767.10627895
10
1222664.9199441834
20
366767.2364381665
10
1222664.1714579756
20
366767.33671191224
10
1222663.422971768
20
366767.40710018727
10
1222662.6744855607
20
366767.44760299166
10
1222661.9259993532
20
366767.4781875616
10
1222661.1775131454
20
366767.4988538971
10
1222660.4290269376
20
366767.5096019983
10
1222659.6805407298
20
366767.5104318651
10
1222658.932054522
20
366767.5076102471
10
1222658.1835683142
20
366767.50113714446
10
1222657.4350821066
20
366767.491012557
10
1222656.6865958993
20
366767.4772364848
10
1222655.9381096917
20
366767.47627328575
10
1222655.189623484
20
366767.4881229598
10
1222654.4411372761
20
366767.51278550696
10
1222653.6926510683
20
366767.55026092724
10
1222652.9441648608
20
366767.5892418338
10
1222652.1956786532
20
366767.6297282265
10
1222651.4471924454
20
366767.6717201056
10
1222650.698706238
20
366767.71521747095
10
1222649.9502200303
20
366767.77890693746
10
1222649.2017338225
20
366767.86278850515
10
1222648.4532476147
20
366767.9668621741
10
1222647.7047614073
20
366768.0911279442
10
1222647.0913290733
20
366768.2025236916
10
1222646.612950613
20
366768.3010494163
10
1222646.2696260265
20
366768.38670511823
10
1222646.061355314
20
366768.45949079737
10
1222645.770098406
20
366768.5576700687
10
1222645.395855302
20
366768.68124293233
10
1222644.9386260025
20
366768.830209388
10
1222644.3984105075
20
366769.00456943584
10
1222643.8061273342
20
366769.18310156406
10
1222643.1617764828
20
366769.3658057728
10
1222642.4653579532
20
366769.5526820619
10
1222641.716871746
20
366769.7437304314
10
1222640.968385538
20
366769.920817159
10
1222640.2198993305
20
366770.0839422449
10
1222639.471413123
20
366770.2331056887
0
LWPOLYLINE
5
34
330
C
100
AcDbEntity
8
C-TOPO-MAJR-E
100
AcDbPolyline
90
440
70
0
43
0
38
0
39
0
10
1222789.6837517766
20
366789.5262831309
10
1222789.5352960322
20
366789.339161579
10
1222789.238384544
20
366788.9649184752
10
1222788.7930173115
20
366788.4035538194
10
1222788.199194335
20
366787.6550676117
10
1222787.7531383066
20
366787.0928070991
10
1222787.4548492264
20
366786.7167722814
10
1222787.304327095
20
366786.5269631588
10
1222787.3015719121
20
366786.52337973134
10
1222787.1140285158
20
366786.33446646563
10
1222786.7416969058
20
366785.96022336173
10
1222786.1845770825
20
366785.40065041976
10
1222785.442669046
20
366784.6557476397
10
1222784.8845934758
20
366784.09555222694
10
1222784.5103503722
20
366783.7200641814
10
1222784.3199397346
20
366783.5292835033
10
1222784.3133615635
20
366783.5232101925
10
1222784.1213063833
20
366783.33775996557
10
1222783.7437741938
20
366782.9729328224
10
1222783.1807649953
20
366782.4287287632
10
1222782.432278788
20
366781.7051477879
10
1222781.8659623226
20
366781.157754076
10
1222781.4818155996
20
366780.78654762753
10
1222781.279838619
20
366780.5915284426
10
1222781.2600313807
20
366780.5726965211
10
1222781.064980981
20
366780.3714510281
10
1222780.6946874196
20
366779.9877919635
10
1222780.1491506966
20
366779.4217193274
10
1222779.4283708124
20
366778.6732331197
10
1222778.8858111277
20
366778.1096871275
10
1222778.521471643
20
366777.7310813509
10
1222778.335352358
20
366777.5374157897
10
1222778.3274532729
20
366777.52869044396
10
1222778.1344074071
20
366777.3436835343
10
1222777.7562147607
20
366776.9823950608
10
1222777.1928753338
20
366776.4448250232
10
1222776.4443891265
20
366775.7309734216
10
1222775.8729837413
20
366775.18910740525
10
1222775.4786591786
20
366774.8192269743
10
1222775.2614154387
20
366774.6213321286
10
1222775.221252521
20
366774.59542286815
10
1222775.0140495105
20
366774.4618843497
10
1222774.6398064066
20
366774.2207165732
10
1222774.0985232096
20
366773.8719195386
10
1222773.3901999195
20
366773.415493246
10
1222772.757441412
20
366773.0001585478
10
1222772.2002476875
20
366772.6259154439
10
1222771.718618746
20
366772.29276393447
10
1222771.3125545871
20
366772.00070401945
10
1222770.922400956
20
366771.721142919
10
1222770.5481578521
20
366771.4540806331
10
1222770.1898252757
20
366771.19951716193
10
1222769.847403227
20
366770.95745250524
10
1222769.4034651383
20
366770.67231700703
10
1222768.8580110099
20
366770.34411066724
10
1222768.2110408419
20
366769.9728334858
10
1222767.4625546345
20
366769.55848546285
10
1222766.8656828706
20
366769.22470606363
10
1222766.420425551
20
366768.9714952881
10
1222766.126782675
20
366768.7988531363
10
1222765.9847542434
20
366768.70677960815
10
1222765.7266184755
20
366768.5237839345
10
1222765.3523753718
20
366768.2498661152
10
1222764.862024932
20
366767.88502615027
10
1222764.255567156
20
366767.4292640396
10
1222763.7117815928
20
366767.0142614324
10
1222763.2306682426
20
366766.6400183286
10
1222762.812227105
20
366766.30653472815
10
1222762.4564581802
20
366766.01381063106
10
1222762.091452166
20
366765.71978531545
10
1222761.717209062
20
366765.4244587812
10
1222761.3337288687
20
366765.1278310283
10
1222760.9410115858
20
366764.82990205684
10
1222760.4950775222
20
366764.49381601915
10
1222759.9959266784
20
366764.1195729153
10
1222759.4435590538
20
366763.7071727453
10
1222758.8379746485
20
366763.2566155091
10
1222758.3480608938
20
366762.89356432116
10
1222757.97381779
20
366762.6180191815
10
1222757.7152453368
20
366762.4299800901
10
1222757.5723435343
20
366762.329447047
10
1222757.2780456305
20
366762.14319715544
10
1222756.8323516254
20
366761.8712304152
10
1222756.2352615192
20
366761.51354682655
10
1222755.4867753116
20
366761.0701463893
10
1222754.8481899647
20
366760.6864578795
10
1222754.3195054787
20
366760.36248129734
10
1222753.9007218534
20
366760.0982166425
10
1222753.5918390888
20
366759.8936639151
10
1222753.2502761548
20
366759.6642393932
10
1222752.876033051
20
366759.40994307667
10
1222752.4691097774
20
366759.1307749655
10
1222752.029506334
20
366758.82673505985
10
1222751.5952549658
20
366758.48759355507
10
1222751.1663556725
20
366758.1133504512
10
1222750.7428084542
20
366757.7040057483
10
1222750.3246133109
20
366757.25955944636
10
1222749.9283941872
20
366756.83399449126
10
1222749.5541510833
20
366756.42731088307
10
1222749.2018839994
20
366756.0395086217
10
1222748.8715929352
20
366755.6705877072
10
1222748.560556325
20
366755.29900569795
10
1222748.2687741688
20
366754.92476259416
10
1222747.9962464669
20
366754.5478583957
10
1222747.7429732187
20
366754.1682931025
10
1222747.4583902406
20
366753.69649758074
10
1222747.142497532
20
366753.1324718303
10
1222746.7952950937
20
366752.47621585126
10
1222746.4167829247
20
366751.7277296436
10
1222746.1037236005
20
366751.07015840197
10
1222745.8561171205
20
366750.50350212643
10
1222745.6739634853
20
366750.02776081697
10
1222745.5572626942
20
366749.6429344736
10
1222745.4290133852
20
366749.26339975
10
1222745.2892155584
20
366748.8891566462
10
1222745.1378692132
20
366748.5202051621
10
1222744.9749743503
20
366748.1565452978
10
1222744.7730925658
20
366747.6966788477
10
1222744.5322238598
20
366747.1406058117
10
1222744.2523682327
20
366746.4883261899
10
1222743.933525684
20
366745.7398399822
10
1222743.6277065738
20
366745.0782911323
10
1222743.3349109013
20
366744.5036796402
10
1222743.055138667
20
366744.01600550587
10
1222742.7883898714
20
366743.61526872934
10
1222742.5346196657
20
366743.2277787891
10
1222742.2938280504
20
366742.85353568534
10
1222742.0660150254
20
366742.4925394179
10
1222741.851180591
20
366742.14478998666
10
1222741.5721570493
20
366741.69685636146
10
1222741.228944401
20
366741.14873854205
10
1222740.8215426458
20
366740.5004365285
10
1222740.349951784
20
366739.7519503209
10
1222739.9807434096
20
366739.16307561204
10
1222739.7139175232
20
366738.733812402
10
1222739.5494741243
20
366738.4641606908
10
1222739.4874132131
20
366738.3541204784
10
1222739.3490358172
20
366738.11197882023
10
1222739.1343419359
20
366737.7377357164
10
1222738.8433315696
20
366737.2313911668
10
1222738.4760047183
20
366736.5929451716
10
1222738.1052197407
20
366735.9652406485
10
1222737.730976637
20
366735.3482775974
10
1222737.3532754069
20
366734.74205601856
10
1222736.9721160505
20
366734.1465759119
10
1222736.6647550277
20
366733.6617143067
10
1222736.4311923385
20
366733.28747120284
10
1222736.271427983
20
366733.02384660044
10
1222736.1854619607
20
366732.8708404994
10
1222736.0097901686
20
366732.56896437175
10
1222735.7444126066
20
366732.11821821745
10
1222735.3893292742
20
366731.51860203646
10
1222734.9445401723
20
366730.7701158288
10
1222734.556515575
20
366730.13618202735
10
1222734.225255482
20
366729.6168006322
10
1222733.9507598937
20
366729.21197164326
10
1222733.7330288105
20
366728.92169506056
10
1222733.4309751075
20
366728.5894352173
10
1222733.0445987857
20
366728.2151921134
10
1222732.5738998442
20
366727.79896574904
10
1222732.0188782837
20
366727.3407561241
10
1222731.5542459516
20
366726.96270177
10
1222731.1800028477
20
366726.6648026867
10
1222730.8961489722
20
366726.4470588743
10
1222730.7026843252
20
366726.3094703328
10
1222730.370464288
20
366726.1324572747
10
1222729.8994888605
20
366725.91601970006
10
1222729.289758043
20
366725.6601576089
10
1222728.5412718356
20
366725.3648710013
10
1222727.803337844
20
366725.0645032809
10
1222727.0759560694
20
366724.7590544478
10
1222726.3591265108
20
366724.4485245021
10
1222725.652849169
20
366724.13291344367
10
1222725.112588946
20
366723.8916150343
10
1222724.7383458423
20
366723.7246292741
10
1222724.5301198575
20
366723.63195616304
10
1222724.4879109918
20
366723.61359570106
10
1222724.2691327906
20
366723.4861508827
10
1222723.8737852538
20
366723.2496217079
10
1222723.3018683817
20
366722.9040081767
10
1222722.5533821743
20
366722.4493102891
10
1222721.9091986646
20
366722.03942990885
10
1222721.3693178531
20
366721.67436703603
10
1222720.9337397395
20
366721.35412167053
10
1222720.6024643239
20
366721.0786938124
10
1222720.249705064
20
366720.79541400017
10
1222719.8754619602
20
366720.50428223365
10
1222719.4797350122
20
366720.20529851306
10
1222719.06252422
20
366719.89846283826
10
1222718.621234931
20
366719.5579234489
10
1222718.1558671454
20
366719.1836803451
10
1222717.6664208628
20
366718.7757335267
10
1222717.1528960834
20
366718.33408299385
10
1222716.7090121417
20
366717.95517114695
10
1222716.334769038
20
366717.638997986
10
1222716.030166772
20
366717.38556351094
10
1222715.7952053437
20
366717.1948677218
10
1222715.4691650586
20
366716.91239827534
10
1222715.0520459164
20
366716.53815517155
10
1222714.5438479176
20
366716.0721384104
10
1222713.9445710615
20
366715.5143479918
10
1222713.4578110818
20
366715.0588617263
10
1222713.0835679779
20
366714.705679614
10
1222712.82184175
20
366714.4548016548
10
1222712.6726323983
20
366714.30622784875
10
1222712.428744571
20
366714.04481939384
10
1222712.0901782685
20
366713.67057629
10
1222711.656933491
20
366713.1834985372
10
1222711.129010238
20
366712.58358613565
10
1222710.6779270596
20
366712.0674749918
10
1222710.303683956
20
366711.6351651056
10
1222710.0062809268
20
366711.28665647714
10
1222709.7857179719
20
366711.02194910625
10
1222709.5234332276
20
366710.70247386897
10
1222709.2194266934
20
366710.3282307652
10
1222708.8736983694
20
366709.8992197948
10
1222708.4862482557
20
366709.41544095794
10
1222708.1054016468
20
366708.9451335949
10
1222707.7311585431
20
366708.4882977058
10
1222707.3635189442
20
366708.0449332905
10
1222707.00248285
20
366707.615040349
10
1222706.6685577293
20
366707.2129723264
10
1222706.361743582
20
366706.8387292226
10
1222706.0820404077
20
366706.49231103755
10
1222705.8294482064
20
366706.17371777125
10
1222705.5160305537
20
366705.77581193426
10
1222705.1417874498
20
366705.2985935264
10
1222704.7067188947
20
366704.74206254777
10
1222704.2108248882
20
366704.10621899844
10
1222703.8185527343
20
366703.6011756718
10
1222703.529902433
20
366703.22693256795
10
1222703.3448739843
20
366702.9834896869
10
1222703.2634673882
20
366702.8708470286
10
1222703.0683301003
20
366702.599243483
10
1222702.7594621205
20
366702.16867905
10
1222702.3368634488
20
366701.57915372966
10
1222701.8005340854
20
366700.830667522
10
1222701.3655995005
20
366700.2277040549
10
1222701.0320596946
20
366699.7702633285
10
1222700.7999146678
20
366699.45834534266
10
1222700.6691644196
20
366699.2919500975
10
1222700.4520984902
20
366699.021630923
10
1222700.1487168795
20
366698.64738781913
10
1222699.7590195872
20
366698.16922078596
10
1222699.2830066131
20
366697.5871298235
10
1222698.8578785744
20
366697.06953986356
10
1222698.4836354707
20
366696.6164509061
10
1222698.160277302
20
366696.2278629511
10
1222697.8878040677
20
366695.9037759987
10
1222697.5801649233
20
366695.55461097055
10
1222697.2373598684
20
366695.18036786665
10
1222696.8593889028
20
366694.78104668716
10
1222696.4462520266
20
366694.35664743197
10
1222696.0525620366
20
366693.9415882266
10
1222695.6783189327
20
366693.5358690711
10
1222695.3235227151
20
366693.13948996534
10
1222694.9881733838
20
366692.75245090947
10
1222694.625455496
20
366692.3718098296
10
1222694.2353690518
20
366691.99756672577
10
1222693.8179140512
20
366691.629721598
10
1222693.3730904944
20
366691.2682744462
10
1222692.9635571642
20
366690.9200543915
10
1222692.5893140603
20
366690.58506143396
10
1222692.250361183
20
366690.2632955734
10
1222691.946698532
20
366689.9547568099
10
1222691.5468894374
20
366689.61336587626
10
1222691.0509338987
20
366689.2391227724
10
1222690.4588319163
20
366688.8320274984
10
1222689.7705834901
20
366688.39208005415
10
1222689.239337725
20
366688.04948732164
10
1222688.8650946214
20
366687.80424930074
10
1222688.6478541787
20
366687.65636599145
10
1222688.5876163973
20
366687.6058373938
10
1222688.3553165093
20
366687.55269795266
10
1222687.9509545148
20
366687.49694766797
10
1222687.3745304137
20
366687.4385865397
10
1222686.6260442059
20
366687.3776145678
10
1222686.0265552467
20
366687.3597607313
10
1222685.576063536
20
366687.3850250301
10
1222685.2745690744
20
366687.4534074642
10
1222685.1220718613
20
366687.56490803364
10
1222684.8657537466
20
366687.83565501263
10
1222684.50561473
20
366688.2656484012
10
1222684.0416548124
20
366688.8548881993
10
1222683.473873993
20
366689.60337440704
10
1222683.0409863347
20
366690.17526616517
10
1222682.7429918374
20
366690.5705634738
10
1222682.5798905015
20
366690.78926633287
10
1222682.5516823262
20
366690.8313747422
10
1222682.45445184
20
366691.0395504989
10
1222682.2881990417
20
366691.4137936027
10
1222682.0529239322
20
366691.9541040538
10
1222681.748626511
20
366692.66048185196
10
1222681.4621449746
20
366693.3773867525
10
1222681.1934793228
20
366694.1048187554
10
1222680.9426295557
20
366694.8427778607
10
1222680.7095956737
20
366695.5912640684
10
1222680.5208580745
20
366696.33975027606
10
1222680.3764167582
20
366697.0882364836
10
1222680.2762717253
20
366697.8367226913
10
1222680.2204229757
20
366698.585208899
10
1222680.2019271194
20
366699.3336951067
10
1222680.2207841564
20
366700.0821813143
10
1222680.276994087
20
366700.830667522
10
1222680.370556911
20
366701.57915372966
10
1222680.4782569343
20
366702.32763993734
10
1222680.6000941563
20
366703.076126145
10
1222680.7360685775
20
366703.8246123527
10
1222680.8861801983
20
366704.5730985604
10
1222681.0364422672
20
366705.32158476807
10
1222681.1868547844
20
366706.0700709757
10
1222681.3374177506
20
366706.8185571834
10
1222681.488131165
20
366707.5670433911
10
1222681.6233539572
20
366708.3155295988
10
1222681.7430861264
20
366709.0640158064
10
1222681.847327673
20
366709.8125020141
10
1222681.9360785976
20
366710.5609882217
10
1222681.99838567
20
366711.30947442935
10
1222682.0342488904
20
366712.05796063715
10
1222682.0436682592
20
366712.80644684477
10
1222682.026643776
20
366713.5549330524
10
1222681.9879079212
20
366714.3034192601
10
1222681.9274606942
20
366715.0519054677
10
1222681.8453020956
20
366715.8003916754
10
1222681.741432125
20
366716.5488778831
10
1222681.6419230672
20
366717.2973640908
10
1222681.546774922
20
366718.0458502984
10
1222681.4559876896
20
366718.7943365061
10
1222681.36956137
20
366719.5428227138
10
1222681.3098254483
20
366720.29130892147
10
1222681.2767799248
20
366721.03979512915
10
1222681.2704247995
20
366721.78828133683
10
1222681.290760072
20
366722.5367675445
10
1222681.3264042535
20
366723.2852537522
10
1222681.3773573432
20
366724.0337399598
10
1222681.4436193418
20
366724.7822261675
10
1222681.5251902489
20
366725.5307123752
10
1222681.6168755717
20
366726.27919858287
10
1222681.7186753098
20
366727.02768479043
10
1222681.830589464
20
366727.7761709981
10
1222681.9526180332
20
366728.5246572058
10
1222682.067496284
20
366729.17095821816
10
1222682.1752242157
20
366729.7150740352
10
1222682.2758018286
20
366730.157004657
10
1222682.3692291228
20
366730.49675008364
10
1222682.48300837
20
366730.85374434874
10
1222682.6171395706
20
366731.2279874526
10
1222682.7716227246
20
366731.6194793951
10
1222682.9464578314
20
366732.02822017623
10
1222683.1448871088
20
366732.521897314
10
1222683.3669105568
20
366733.10051080846
10
1222683.612528175
20
366733.7640606595
10
1222683.8817399638
20
366734.5125468672
10
1222684.0603520744
20
366735.2610330749
10
1222684.1483645076
20
366736.0095192825
10
1222684.1457772627
20
366736.7580054902
10
1222684.05259034
20
366737.5064916979
10
1222683.8949851547
20
366738.22076151177
10
1222683.6729617068
20
366738.9008149317
10
1222683.3865199962
20
366739.5466519579
10
1222683.0356600233
20
366740.1582725902
10
1222682.7467365107
20
366740.65120445826
10
1222682.5197494582
20
366741.0254475621
10
1222682.3546988661
20
366741.2810019017
10
1222682.2515847343
20
366741.41786747705
10
1222682.0129061164
20
366741.662068898
10
1222681.6386630125
20
366742.01360616443
10
1222681.1288554228
20
366742.4724792765
10
1222680.483483347
20
366743.03868823417
10
1222679.9286121794
20
366743.5089142649
10
1222679.46424192
20
366743.8831573687
10
1222679.090372569
20
366744.16141754563
10
1222678.8070041258
20
366744.3436947957
10
1222678.4781983523
20
366744.5411329565
10
1222678.1039552484
20
366744.7537320281
10
1222677.684274814
20
366744.9814920106
10
1222677.2191570494
20
366745.2244129038
10
1222676.683197174
20
366745.49384533067
10
1222676.0763951878
20
366745.7897892913
10
1222675.3987510907
20
366746.1122447854
10
1222674.6502648834
20
366746.46121181326
10
1222674.0338537283
20
366746.7620866558
10
1222673.5495176257
20
366747.014869313
10
1222673.1972565758
20
366747.2195597849
10
1222672.9770705786
20
366747.3761580715
10
1222672.679856028
20
366747.5798267541
10
1222672.305612924
20
366747.83056583273
10
1222671.854341267
20
366748.12837530737
10
1222671.3260410565
20
366748.473255178
10
1222670.7774135598
20
366748.8328166653
10
1222670.208458777
20
366749.20705976913
10
1222669.619176708
20
366749.59598448954
10
1222669.0095673525
20
366749.99959082657
10
1222668.517641123
20
366750.32417819294
10
1222668.143398019
20
366750.5697465885
10
1222667.886838041
20
366750.73629601346
10
1222667.7479611887
20
366750.82382646773
10
1222667.4566819975
20
366750.99519882875
10
1222667.0130004678
20
366751.2504130965
10
1222666.416916599
20
366751.58946927096
10
1222665.6684303912
20
366752.01236735214
10
1222664.924779526
20
366752.38905533106
10
1222664.1859640032
20
366752.71953320777
10
1222663.4519838232
20
366753.00380098226
10
1222662.7228389855
20
366753.2418586544
10
1222662.1711450147
20
366753.42190196755
10
1222661.7969019108
20
366753.5439309217
10
1222661.6001096738
20
366753.60794551665
10
1222661.5807683042
20
366753.6139457525
10
1222661.379140725
20
366753.6589481805
10
1222660.995226936
20
366753.74295280053
10
1222660.4290269376
20
366753.86595961265
10
1222659.6805407298
20
366754.0279686168
10
1222658.932054522
20
366754.1665227973
10
1222658.1835683142
20
366754.28162215423
10
1222657.4350821066
20
366754.3732666875
10
1222656.6865958993
20
366754.4414563971
10
1222655.9381096917
20
366754.49900536414
10
1222655.189623484
20
366754.5459135884
10
1222654.4411372761
20
366754.58218107006
10
1222653.6926510683
20
366754.60780780914
10
1222652.9441648608
20
366754.62342737586
10
1222652.1956786532
20
366754.6290397704
10
1222651.4471924454
20
366754.6246449927
10
1222650.698706238
20
366754.6102430427
10
1222649.9502200303
20
366754.60022960464
10
1222649.2017338225
20
366754.5946046784
10
1222648.4532476147
20
366754.59336826403
10
1222647.7047614073
20
366754.5965203616
10
1222646.9562751995
20
366754.6078023968
10
1222646.2077889917
20
366754.6272143697
10
1222645.459302784
20
366754.65475628036
10
1222644.7108165766
20
366754.6904281287
10
1222643.9623303688
20
366754.7192286761
10
1222643.213844161
20
366754.74115792266
10
1222642.4653579532
20
366754.7562158683
10
1222641.716871746
20
366754.76440251287
10
1222640.968385538
20
366754.7665664903
10
1222640.2198993305
20
366754.7627078005
10
1222639.471413123
20
366754.75282644347
0
LWPOLYLINE
5
35
330
C
100
AcDbEntity
8
C-TOPO-MAJR-E
100
AcDbPolyline
90
13
70
0
43
0
38
0
39
0
10
1222820.5307335756
20
366780.4400218916
10
1222820.3887198502
20
366779.96135204047
10
1222820.3255648203
20
366779.57262097485
10
1222820.2583512613
20
366779.19113389007
10
1222820.1870791733
20
366778.8168907862
10
1222820.1117485566
20
366778.4498916633
10
1222820.0323594105
20
366778.0901365214
10
1222819.9926648377
20
366777.76275167277
10
1222819.9926648377
20
366777.46773711755
10
1222820.0323594105
20
366777.2050928558
10
1222820.1117485566
20
366776.97481888754
10
1222820.2789900901
20
366776.6725603515
10
1222820.5340840113
20
366776.29831724765
0
LWPOLYLINE
5
36
330
C
100
AcDbEntity
8
C-TOPO-MAJR-E
100
AcDbPolyline
90
311
70
0
43
0
38
0
39
0
10
1222820.4610921894
20
366702.8663340217
10
1222820.3000581763
20
366702.6565418983
10
1222820.272367816
20
366702.62631446973
10
1222820.0826511874
20
366702.42407920357
10
1222819.7309082907
20
366702.04983609973
10
1222819.2171391263
20
366701.50358515827
10
1222818.541343694
20
366700.7853263792
10
1222818.016324426
20
366700.2267637936
10
1222817.6420813221
20
366699.8278974015
10
1222817.4186143826
20
366699.588727203
10
1222817.3459236072
20
366699.50925319816
10
1222817.162330731
20
366699.28239464376
10
1222816.8678357538
20
366698.90815153986
10
1222816.4624386756
20
366698.3865238866
10
1222815.9461394965
20
366697.71751168394
10
1222815.500868355
20
366697.11961120146
10
1222815.126625251
20
366696.5928224393
10
1222814.823410185
20
366696.1371453974
10
1222814.5912231563
20
366695.75258007576
10
1222814.3720286456
20
366695.37317586306
10
1222814.1658266527
20
366694.99893275916
10
1222813.9726171773
20
366694.62985076424
10
1222813.7924002195
20
366694.2659298783
10
1222813.556882488
20
366693.80586766184
10
1222813.266063983
20
366693.24966411496
10
1222812.919944704
20
366692.5973192377
10
1222812.518524651
20
366691.84883303003
10
1222812.1757473121
20
366691.2352259982
10
1222811.8916126871
20
366690.75649814215
10
1222811.666120776
20
366690.41264946194
10
1222811.4992715789
20
366690.20367995754
10
1222811.2762667662
20
366689.9120736534
10
1222810.9971063384
20
366689.5378305496
10
1222810.6617902953
20
366689.080950646
10
1222810.270318637
20
366688.54143394274
10
1222809.8874612558
20
366688.05092840176
10
1222809.513218152
20
366687.6094340231
10
1222809.1475893254
20
366687.21695080673
10
1222808.7905747762
20
366686.8734787527
10
1222808.4335290226
20
366686.51462117373
10
1222808.0764520643
20
366686.1403780699
10
1222807.719343902
20
366685.75074944115
10
1222807.362204535
20
366685.3457352875
10
1222806.9965132996
20
366684.9320093971
10
1222806.6222701957
20
366684.5095717698
10
1222806.2394752235
20
366684.07842240576
10
1222805.8481283828
20
366683.6385613049
10
1222805.4918945683
20
366683.2315092025
10
1222805.17077378
20
366682.8572660987
10
1222804.884766018
20
366682.51583199337
10
1222804.6338712825
20
366682.2072068866
10
1222804.3213023627
20
366681.8243432497
10
1222803.9470592588
20
366681.3672410827
10
1222803.511141971
20
366680.83590038563
10
1222803.013550499
20
366680.23032115836
10
1222802.6094828355
20
366679.7404099928
10
1222802.2989389808
20
366679.366166889
10
1222802.0819189348
20
366679.1075918469
10
1222801.9584226971
20
366678.9646848664
10
1222801.7095530266
20
366678.6824460344
10
1222801.3353099227
20
366678.2608753506
10
1222800.835693386
20
366677.69997281523
10
1222800.2107034156
20
366676.9997384283
10
1222799.7299026593
20
366676.4624996828
10
1222799.393291117
20
366676.088256579
10
1222799.2008687886
20
366675.87700911675
10
1222799.152635674
20
366675.8287572961
10
1222798.941397565
20
366675.6276830696
10
1222798.567154461
20
366675.27378643735
10
1222798.0299063625
20
366674.76706739934
10
1222797.3296532694
20
366674.1075259556
10
1222796.771971935
20
366673.59063368174
10
1222796.3568623597
20
366673.2163905779
10
1222796.084324543
20
366672.984796644
10
1222795.954358485
20
366672.8958518802
10
1222795.7022539042
20
366672.72399006144
10
1222795.3280108003
20
366672.4692111878
10
1222794.8316291734
20
366672.1315152594
10
1222794.2131090234
20
366671.7109022761
10
1222793.6006701132
20
366671.3134742325
10
1222792.9943124421
20
366670.93923112866
10
1222792.3940360106
20
366670.5881729645
10
1222791.7998408186
20
366670.2602997402
10
1222791.3156216706
20
366669.9912809543
10
1222790.941378567
20
366669.7811166068
10
1222790.6771115072
20
366669.6298066978
10
1222790.5228204916
20
366669.5373512272
10
1222790.219980678
20
366669.40167247027
10
1222789.7685920661
20
366669.2227704271
10
1222789.1686546565
20
366669.0006450976
10
1222788.4201684492
20
366668.73529648175
10
1222787.6716822414
20
366668.534784994
10
1222786.9231960338
20
366668.399110634
10
1222786.1747098262
20
366668.3282734022
10
1222785.4262236184
20
366668.3222732983
10
1222784.6777374106
20
366668.393339681
10
1222783.9292512028
20
366668.54147255037
10
1222783.1807649953
20
366668.76667190634
10
1222782.432278788
20
366669.06893774896
10
1222781.8502249848
20
366669.31102171785
10
1222781.4346035859
20
366669.49292381306
10
1222781.1854145916
20
366669.6146440345
10
1222781.102658002
20
366669.67618238216
10
1222780.8741581552
20
366669.88459980534
10
1222780.4999150513
20
366670.23989630403
10
1222779.9799286905
20
366670.7420718782
10
1222779.3141990723
20
366671.39112652786
10
1222778.794103242
20
366671.9027754046
10
1222778.4196411995
20
366672.2770185085
10
1222778.1908129442
20
366672.51385583944
10
1222778.1076184767
20
366672.61328739737
10
1222777.9080653456
20
366672.8749826178
10
1222777.5921535508
20
366673.29894150066
10
1222777.1598830926
20
366673.8851640459
10
1222776.6112539708
20
366674.6336502536
10
1222776.170616475
20
366675.2323239802
10
1222775.8379706047
20
366675.6811852257
10
1222775.6133163606
20
366675.9802339902
10
1222775.4966537424
20
366676.12947027356
10
1222775.2617087418
20
366676.39120996714
10
1222774.9084813586
20
366676.765453071
10
1222774.4369715932
20
366677.2521995851
10
1222773.8471794454
20
366677.8514495094
10
1222773.3651618196
20
366678.3421625716
10
1222772.990918716
20
366678.72433877166
10
1222772.724450134
20
366678.9979781097
10
1222772.565756074
20
366679.1630805856
10
1222772.291869554
20
366679.4327533755
10
1222771.9027905741
20
366679.80699647934
10
1222771.3985191341
20
366680.2858098971
10
1222770.7790552345
20
366680.8691936289
10
1222770.2822017325
20
366681.3536664506
10
1222769.9079586286
20
366681.7392283622
10
1222769.6563259228
20
366682.0258793639
10
1222769.5273036151
20
366682.21361945546
10
1222769.3492105757
20
366682.49461105315
10
1222769.1220468045
20
366682.86885415704
10
1222768.8458123012
20
366683.336348767
10
1222768.5205070663
20
366683.89709488297
10
1222768.2242681829
20
366684.50477602193
10
1222767.9570956514
20
366685.1593921839
10
1222767.7189894714
20
366685.86094336864
10
1222767.509949643
20
366686.6094295763
10
1222767.3288146511
20
366687.357915784
10
1222767.1755844955
20
366688.1064019916
10
1222767.0502591766
20
366688.8548881993
10
1222766.9528386937
20
366689.60337440704
10
1222766.8571667904
20
366690.3518606147
10
1222766.7632434666
20
366691.10034682235
10
1222766.671068722
20
366691.84883303003
10
1222766.580642557
20
366692.5973192377
10
1222766.506249309
20
366693.18500276934
10
1222766.4478889783
20
366693.61188362486
10
1222766.4055615645
20
366693.87796180433
10
1222766.3792670676
20
366693.9832373078
10
1222766.3222363472
20
366694.22299661144
10
1222766.234469403
20
366694.5972397152
10
1222766.1159662348
20
366695.1059666193
10
1222765.9667268426
20
366695.74917732354
10
1222765.744936122
20
366696.4187069036
10
1222765.450594073
20
366697.1145553595
10
1222765.0837006955
20
366697.8367226913
10
1222764.6442559897
20
366698.585208899
10
1222764.2747219326
20
366699.18938795244
10
1222763.975098525
20
366699.6492598516
10
1222763.745385766
20
366699.96482459654
10
1222763.5855836566
20
366700.13608218724
10
1222763.358695909
20
366700.4088325345
10
1222763.064722524
20
366700.78307563835
10
1222762.703663501
20
366701.25881149876
10
1222762.2755188397
20
366701.83604011574
10
1222761.8743249574
20
366702.3763441136
10
1222761.5000818537
20
366702.8797234924
10
1222761.1527895285
20
366703.3461782522
10
1222760.8324479815
20
366703.77570839284
10
1222760.5460528173
20
366704.17759501515
10
1222760.2936040354
20
366704.55183811893
10
1222760.075101636
20
366704.89843770437
10
1222759.890545619
20
366705.2173937714
10
1222759.6593961208
20
366705.64373237354
10
1222759.3816531412
20
366706.17745351087
10
1222759.057316681
20
366706.8185571834
10
1222758.6863867394
20
366707.5670433911
10
1222758.4147818987
20
366708.3155295988
10
1222758.242502159
20
366709.0640158064
10
1222758.1695475203
20
366709.8125020141
10
1222758.1959179826
20
366710.5609882217
10
1222758.3479747036
20
366711.16675201664
10
1222758.6257176828
20
366711.6297933989
10
1222759.0291469207
20
366711.95011236845
10
1222759.558262417
20
366712.1277089252
10
1222760.1422205912
20
366712.23356010864
10
1222760.7810214432
20
366712.2676659186
10
1222761.474664973
20
366712.2300263552
10
1222762.2231511804
20
366712.1206414183
10
1222762.8553058906
20
366712.0215498107
10
1222763.371129103
20
366711.9327515323
10
1222763.7706208176
20
366711.8542465831
10
1222764.0537810344
20
366711.7860349632
10
1222764.382482695
20
366711.708249379
10
1222764.7567257986
20
366711.62088983064
10
1222765.176510346
20
366711.52395631804
10
1222765.6418363368
20
366711.4174488412
10
1222766.1779523818
20
366711.3046298848
10
1222766.7848584808
20
366711.18549944856
10
1222767.462554634
20
366711.06005753274
10
1222768.2110408419
20
366710.9283041373
10
1222768.950333241
20
366710.7019327568
10
1222769.6804318307
20
366710.3809433914
10
1222770.401336612
20
366709.965336041
10
1222771.1130475844
20
366709.45511070563
10
1222771.6560246225
20
366709.06347786187
10
1222772.0302677264
20
366708.7904375096
10
1222772.2357768961
20
366708.63598964893
10
1222772.2725521312
20
366708.60013427987
10
1222772.4872551095
20
366708.4909652871
10
1222772.879885831
20
366708.3084826707
10
1222773.4504442955
20
366708.0526864307
10
1222774.1989305033
20
366707.723576567
10
1222774.9474167111
20
366707.53287631867
10
1222775.695902919
20
366707.48058568564
10
1222776.4443891265
20
366707.566704668
10
1222777.1928753338
20
366707.79123326566
10
1222777.8142499137
20
366707.9947388726
10
1222778.3085128653
20
366708.177221489
10
1222778.675664189
20
366708.33868111484
10
1222778.9157038848
20
366708.47911774996
10
1222779.1810377394
20
366708.77156677825
10
1222779.4716657533
20
366709.21602819953
10
1222779.787587926
20
366709.8125020141
10
1222780.1288042578
20
366710.5609882217
10
1222780.4265240517
20
366711.184487219
10
1222780.6807473076
20
366711.682999006
10
1222780.8914740258
20
366712.05652358267
10
1222781.0587042058
20
366712.30506094894
10
1222781.3712483929
20
366712.5186291066
10
1222781.829106587
20
366712.6972280556
10
1222782.4322787877
20
366712.840857796
10
1222783.1807649953
20
366712.94951832795
10
1222783.8552143367
20
366712.9417142522
10
1222784.455626812
20
366712.8174455691
10
1222784.9820024208
20
366712.57671227853
10
1222785.4343411636
20
366712.2195143803
10
1222785.8476320868
20
366711.88068349566
10
1222786.2218751907
20
366711.56021962455
10
1222786.557070475
20
366711.25812276674
10
1222786.8532179398
20
366710.97439292236
10
1222787.1960457875
20
366710.6454064482
10
1222787.5855540182
20
366710.27116334444
10
1222788.0217426317
20
366709.8516636109
10
1222788.5046116277
20
366709.3869072476
10
1222788.9331676778
20
366708.9797613943
10
1222789.3074107815
20
366708.6302260511
10
1222789.6273409391
20
366708.3383012179
10
1222789.892958151
20
366708.1039868947
10
1222790.2769859736
20
366707.7997081812
10
1222790.7794244078
20
366707.4254650773
10
1222791.400273453
20
366706.98125758313
10
1222792.1395331095
20
366706.4670856987
10
1222792.6962844897
20
366706.0808939338
10
1222793.0705275936
20
366705.82268228836
10
1222793.2622624212
20
366705.6924507626
10
1222793.2714889725
20
366705.6901993565
10
1222793.4655304377
20
366705.6829476766
10
1222793.844386817
20
366705.67069572286
10
1222794.4080581106
20
366705.6534434953
10
1222795.156544318
20
366705.6311909939
10
1222795.8657433395
20
366705.6206275947
10
1222796.5356551753
20
366705.62175329775
10
1222797.1662798247
20
366705.63456810307
10
1222797.757617288
20
366705.6590720106
10
1222798.2404075717
20
366705.6805211508
10
1222798.6146506753
20
366705.6989155236
10
1222798.8803465995
20
366705.7142551291
10
1222799.0374953437
20
366705.72653996735
10
1222799.3424784539
20
366705.74788311485
10
1222799.7952959298
20
366705.7782845718
10
1222800.3959477716
20
366705.81774433807
10
1222801.1444339794
20
366705.8662624137
10
1222801.8929201872
20
366705.91853500716
10
1222802.641406395
20
366705.9745621184
10
1222803.3898926026
20
366706.03434374754
10
1222804.13837881
20
366706.0978798945
10
1222804.8868650175
20
366706.1888481796
10
1222805.6353512253
20
366706.30724860285
10
1222806.383837433
20
366706.45308116433
10
1222807.1323236409
20
366706.626345864
10
1222807.8808098487
20
366706.80230657273
10
1222808.629296056
20
366706.9809632906
10
1222809.3777822638
20
366707.16231601767
10
1222810.1262684714
20
366707.3463647539
10
1222810.874754679
20
366707.50265448424
10
1222811.6232408867
20
366707.63118520874
10
1222812.3717270945
20
366707.73195692734
10
1222813.1202133019
20
366707.80496964004
10
1222813.8686995097
20
366707.8583868471
10
1222814.6171857174
20
366707.8922085484
10
1222815.3656719252
20
366707.9064347439
10
1222816.1141581326
20
366707.9010654337
10
1222816.84214034
20
366707.94683602813
10
1222817.5496185469
20
366708.0437465274
10
1222818.2365927536
20
366708.1917969312
10
1222818.9030629597
20
366708.3909872398
10
1222819.4234196148
20
366708.57961762894
10
1222819.7976627185
20
366708.75768809847
10
1222820.0257922711
20
366708.92519864865
10
1222820.1078082728
20
366709.0821492794
10
1222820.1904617117
20
366709.34774614667
10
1222820.273752588
20
366709.72198925045
10
1222820.357680902
20
366710.2048785909
10
1222820.4422466527
20
366710.7964141678
0
LWPOLYLINE
5
37
330
C
100
AcDbEntity
8
C-TOPO-MAJR-E
100
AcDbPolyline
90
20
70
0
43
0
38
0
39
0
10
1222820.443810452
20
366712.80644684477
10
1222820.3602872337
20
366713.5549330524
10
1222820.2973841866
20
366714.11884330126
10
1222820.2551013113
20
366714.49817759125
10
1222820.233438607
20
366714.6929359225
10
1222820.232396074
20
366714.70311829494
10
1222820.1887310788
20
366714.89533103304
10
1222820.102443621
20
366715.2695741368
10
1222819.9735337007
20
366715.8258476064
10
1222819.8020013175
20
366716.5641514417
10
1222819.7002536843
20
366717.30500087
10
1222819.668290801
20
366718.04839589156
10
1222819.706112668
20
366718.7943365061
10
1222819.8137192843
20
366719.5428227138
10
1222819.9104056885
20
366720.13626496086
10
1222819.9961718798
20
366720.5746632474
10
1222820.0710178588
20
366720.8580175733
10
1222820.1349436254
20
366720.9863279386
10
1222820.318032365
20
366721.2376046732
10
1222820.6202840777
20
366721.61184777704
0
LWPOLYLINE
5
38
330
C
100
AcDbEntity
8
C-TOPO-MAJR-E
100
AcDbPolyline
90
620
70
0
43
0
38
0
39
0
10
1222820.4786790335
20
366758.4641055126
10
1222820.41165557
20
366759.2125917203
10
1222820.3591548987
20
366759.9610779279
10
1222820.321177019
20
366760.7095641356
10
1222820.2977219317
20
366761.45805034327
10
1222820.2781489268
20
366762.1145879114
10
1222820.262458005
20
366762.6791768401
10
1222820.2506491658
20
366763.1518171293
10
1222820.2427224093
20
366763.53250877897
10
1222820.2348212649
20
366763.9099761557
10
1222820.2269457323
20
366764.2842192595
10
1222820.2190958112
20
366764.65523809043
10
1222820.2112715025
20
366765.02303264843
10
1222820.1891776635
20
366765.4860001189
10
1222820.1528142951
20
366766.0441405017
10
1222820.1021813967
20
366766.697453797
10
1222820.0372789686
20
366767.44594000466
10
1222819.9114200587
20
366768.19442621234
10
1222819.7246046667
20
366768.94291242
10
1222819.476832793
20
366769.6913986277
10
1222819.1681044376
20
366770.43988483533
10
1222818.8448003922
20
366771.1305735598
10
1222818.5069206571
20
366771.763464801
10
1222818.154465232
20
366772.338558559
10
1222817.787434117
20
366772.85585483385
10
1222817.3250392287
20
366773.2370183342
10
1222816.7672805672
20
366773.4820490602
10
1222816.1141581326
20
366773.59094701183
10
1222815.3656719252
20
366773.563712189
10
1222814.6171857174
20
366773.49909213826
10
1222813.8686995099
20
366773.39708685956
10
1222813.1202133023
20
366773.2576963529
10
1222812.3717270945
20
366773.08092061826
10
1222811.6232408867
20
366772.90335813764
10
1222810.874754679
20
366772.7250089111
10
1222810.1262684714
20
366772.5458729385
10
1222809.377782264
20
366772.36595022003
10
1222808.6945405528
20
366772.19766743144
10
1222808.0765433384
20
366772.04102457274
10
1222807.5237906203
20
366771.896021644
10
1222807.0362823987
20
366771.7626586451
10
1222806.605406736
20
366771.64263865515
10
1222806.2311636321
20
366771.5359616743
10
1222805.9135530873
20
366771.4426277022
10
1222805.652575101
20
366771.36263673904
10
1222805.2697200594
20
366771.2242946608
10
1222804.7649879623
20
366771.0276014674
10
1222804.13837881
20
366770.7725571589
10
1222803.3898926026
20
366770.4591617352
10
1222802.6861873297
20
366770.13534021226
10
1222802.0272629913
20
366769.80109259
10
1222801.4131195876
20
366769.4564188684
10
1222800.843757119
20
366769.1013190475
10
1222800.3719543326
20
366768.7901619148
10
1222799.997711229
20
366768.5229474702
10
1222799.7210278076
20
366768.29967571376
10
1222799.5419040686
20
366768.1203466456
10
1222799.2767911858
20
366767.84356055956
10
1222798.925689159
20
366767.46931745566
10
1222798.4885979882
20
366766.997617334
10
1222797.9655176736
20
366766.4284601946
10
1222797.5168559644
20
366765.9385309736
10
1222797.1426128605
20
366765.52782967116
10
1222796.8427883622
20
366765.1963562871
10
1222796.6173824691
20
366764.94411082147
10
1222796.2875279551
20
366764.63086653675
10
1222795.8532248202
20
366764.256623433
10
1222795.3144730642
20
366763.82138151
10
1222794.6712726867
20
366763.32514076785
10
1222794.1625509462
20
366762.9320835326
10
1222793.7883078426
20
366762.64220980427
10
1222793.5485433755
20
366762.45551958284
10
1222793.4432575447
20
366762.3720128683
10
1222793.1771716198
20
366762.21311677946
10
1222792.7502856008
20
366761.9788313164
10
1222792.1625994872
20
366761.66915647907
10
1222791.41411328
20
366761.2840922676
10
1222790.747778078
20
366760.9253152886
10
1222790.1635938818
20
366760.592825542
10
1222789.6615606914
20
366760.286623028
10
1222789.241678507
20
366760.0067077464
10
1222788.8446158627
20
366759.6965336782
10
1222788.4703727588
20
366759.3561008235
10
1222788.1189491954
20
366758.98540918203
10
1222787.7903451724
20
366758.58445875405
10
1222787.4931156773
20
366758.1968619881
10
1222787.22726071
20
366757.82261888427
10
1222786.992780271
20
366757.4617294425
10
1222786.7896743603
20
366757.1141936629
10
1222786.500999853
20
366756.71870588243
10
1222786.126756749
20
366756.27526610123
10
1222785.6669450488
20
366755.78387431917
10
1222785.1215647522
20
366755.24453053635
10
1222784.6022716828
20
366754.78773709293
10
1222784.1090658412
20
366754.41349398915
10
1222783.641947227
20
366754.1218012248
10
1222783.2009158405
20
366753.9126588
10
1222782.7932785952
20
366753.6749220347
10
1222782.4190354913
20
366753.40859092906
10
1222782.078186529
20
366753.11366548296
10
1222781.7707317078
20
366752.7901456964
10
1222781.493084974
20
366752.4412642512
10
1222781.245246327
20
366752.0670211474
10
1222781.027215767
20
366751.6674163849
10
1222780.8389932942
20
366751.24244996376
10
1222780.658476591
20
366750.736603596
10
1222780.4856656583
20
366750.1498772816
10
1222780.3205604951
20
366749.4822710206
10
1222780.163161102
20
366748.7337848129
10
1222779.9533253978
20
366747.9852986052
10
1222779.6910533826
20
366747.2368123976
10
1222779.3763450566
20
366746.4883261899
10
1222779.0092004195
20
366745.7398399822
10
1222778.7249120155
20
366745.163935131
10
1222778.5234798447
20
366744.7606116363
10
1222778.4049039069
20
366744.52986949804
10
1222778.3691842025
20
366744.47170871636
10
1222778.155272872
20
366744.2828276443
10
1222777.7631699159
20
366743.96322628186
10
1222777.1928753338
20
366743.5129046291
10
1222776.4443891265
20
366742.93186268606
10
1222775.8293043324
20
366742.46876035805
10
1222775.3476209515
20
366742.1235976451
10
1222774.9993389843
20
366741.8963745472
10
1222774.7844584305
20
366741.7870910644
10
1222774.4898966018
20
366741.58458514954
10
1222774.1156534979
20
366741.2888568026
10
1222773.661729119
20
366740.89990602375
10
1222773.128123465
20
366740.41773281293
10
1222772.5878959508
20
366739.9895246556
10
1222772.0410465756
20
366739.6152815517
10
1222771.4875753406
20
366739.2950035014
10
1222770.927482245
20
366739.02869050467
10
1222770.4603141453
20
366738.81611094944
10
1222770.0860710414
20
366738.6572648357
10
1222769.8047529336
20
366738.5521521637
10
1222769.6163598215
20
366738.50077293324
10
1222769.4151724537
20
366738.475083318
10
1222769.20119083
20
366738.475083318
10
1222768.9744149505
20
366738.50077293324
10
1222768.734844815
20
366738.5521521637
10
1222768.4279381954
20
366738.6169294588
10
1222768.0536950915
20
366738.6951048186
10
1222767.6121155035
20
366738.786678243
10
1222767.1031994312
20
366738.89164973213
10
1222766.6726788946
20
366738.94413547666
10
1222766.3205538937
20
366738.94413547666
10
1222766.0468244283
20
366738.89164973213
10
1222765.851490499
20
366738.786678243
10
1222765.5667019822
20
366738.65510800394
10
1222765.1924588783
20
366738.4969390148
10
1222764.7287611873
20
366738.31217127567
10
1222764.1756089092
20
366738.10080478655
10
1222763.5736231487
20
366737.84942613833
10
1222762.9228039058
20
366737.558035331
10
1222762.2231511804
20
366737.2266323647
10
1222761.474664973
20
366736.8552172392
10
1222760.871825317
20
366736.5352297468
10
1222760.414632212
20
366736.26666988747
10
1222760.1030856585
20
366736.04953766137
10
1222759.9371856567
20
366735.88383306825
10
1222759.6671141037
20
366735.6101268876
10
1222759.292871
20
366735.2284191194
10
1222758.8144563453
20
366734.7387097635
10
1222758.2318701393
20
366734.14099882
10
1222757.7602463607
20
366733.65502179635
10
1222757.3995850089
20
366733.28077869257
10
1222757.1498860843
20
366733.0182695085
10
1222757.0111495862
20
366732.8674942443
10
1222756.7659717607
20
366732.5672912442
10
1222756.414352608
20
366732.11766050826
10
1222755.956292127
20
366731.51860203646
10
1222755.3917903188
20
366730.7701158288
10
1222754.957101987
20
366730.17517899675
10
1222754.652227132
20
366729.7337915403
10
1222754.477165754
20
366729.4459534595
10
1222754.4319178523
20
366729.3116647543
10
1222754.3582334635
20
366729.05739884975
10
1222754.2561125872
20
366728.68315574585
10
1222754.1255552236
20
366728.1889354427
10
1222753.9665613724
20
366727.57473794033
10
1222753.8549568907
20
366726.9269682616
10
1222753.790741778
20
366726.2456264065
10
1222753.7739160347
20
366725.5307123752
10
1222753.8044796607
20
366724.7822261675
10
1222753.8278650623
20
366724.0337399598
10
1222753.8440722395
20
366723.28525375214
10
1222753.8531011925
20
366722.53676754446
10
1222753.8549519212
20
366721.7882813368
10
1222753.7842490522
20
366721.0397951291
10
1222753.6409925856
20
366720.29130892147
10
1222753.425182521
20
366719.5428227138
10
1222753.136818859
20
366718.7943365061
10
1222752.8371603503
20
366718.09227878274
10
1222752.5262069944
20
366717.43664954376
10
1222752.2039587921
20
366716.82744878903
10
1222751.870415743
20
366716.2646765186
10
1222751.5651530274
20
366715.7961688315
10
1222751.2881706455
20
366715.42192572774
10
1222751.0394685967
20
366715.1419472072
10
1222750.8190468815
20
366714.9562332698
10
1222750.521714472
20
366714.7885986098
10
1222750.147471368
20
366714.639043227
10
1222749.69631757
20
366714.5075671215
10
1222749.1682530774
20
366714.39417029324
10
1222748.5850831564
20
366714.2711522098
10
1222747.9468078061
20
366714.13851287117
10
1222747.2534270273
20
366713.9962522774
10
1222746.5049408195
20
366713.8443704284
10
1222745.7564546117
20
366713.6857521303
10
1222745.0079684039
20
366713.5203973831
10
1222744.2594821963
20
366713.3483061866
10
1222743.510995989
20
366713.16947854107
10
1222742.7625097814
20
366712.97100083344
10
1222742.0140235736
20
366712.75287306355
10
1222741.2655373658
20
366712.5150952317
10
1222740.517051158
20
366712.2576673378
10
1222739.9282361553
20
366712.0528584196
10
1222739.4990923577
20
366711.9006684772
10
1222739.229619765
20
366711.8010975105
10
1222739.1198183768
20
366711.75414551963
10
1222738.8777961312
20
366711.6495139302
10
1222738.5035530273
20
366711.48720274225
10
1222737.9970890654
20
366711.26721195574
10
1222737.3584042457
20
366710.9895415707
10
1222736.692269079
20
366710.7039074452
10
1222735.998683565
20
366710.41030957917
10
1222735.2776477044
20
366710.10874797264
10
1222734.529161497
20
366709.79922262556
10
1222733.8859375995
20
366709.52675599634
10
1222733.3479760117
20
366709.29134808504
10
1222732.9152767342
20
366709.09299889154
10
1222732.5878397669
20
366708.93170841597
10
1222732.236999731
20
366708.76528934145
10
1222731.8627566274
20
366708.5937416681
10
1222731.4651104554
20
366708.4170653958
10
1222731.044061215
20
366708.2352605246
10
1222730.541152733
20
366708.0245701175
10
1222729.9563850088
20
366707.7849941743
10
1222729.289758043
20
366707.5165326952
10
1222728.5412718356
20
366707.21918568003
10
1222727.7927856278
20
366706.9322633677
10
1222727.0442994202
20
366706.65576575807
10
1222726.2958132126
20
366706.3896928512
10
1222725.5473270048
20
366706.1340446471
10
1222724.975897196
20
366705.93888696464
10
1222724.5815237863
20
366705.804219804
10
1222724.3642067753
20
366705.73004316504
10
1222724.3239461638
20
366705.7163570477
10
1222724.1166943058
20
366705.64603081346
10
1222723.742451202
20
366705.51906446205
10
1222723.201216852
20
366705.3354579937
10
1222722.4929912563
20
366705.0952114082
10
1222721.7747005075
20
366704.8158175638
10
1222721.046344606
20
366704.49727646034
10
1222720.3079235512
20
366704.13958809787
10
1222719.5594373434
20
366703.7427524765
10
1222718.9673678332
20
366703.4172747602
10
1222718.5317150205
20
366703.163154949
10
1222718.2524789055
20
366702.98039304314
10
1222718.1296594879
20
366702.86898904236
10
1222717.881128227
20
366702.63684930664
10
1222717.5068851232
20
366702.2839738362
10
1222717.0069301764
20
366701.8103626308
10
1222716.3812633862
20
366701.2160156906
10
1222715.8797908262
20
366700.7317206685
10
1222715.5025124962
20
366700.35747756466
10
1222715.2494283959
20
366700.093286379
10
1222715.1205385255
20
366699.9391471116
10
1222714.8689720384
20
366699.64587244
10
1222714.4947289345
20
366699.2134623642
10
1222713.9978092138
20
366698.6419168842
10
1222713.3782128764
20
366697.93123600003
10
1222712.9053088124
20
366697.38877400605
10
1222712.5790970216
20
366697.01453090215
10
1222712.3995775043
20
366696.8085066885
10
1222712.3667502603
20
366696.7707013651
10
1222712.1745613017
20
366696.5552258205
10
1222711.823010628
20
366696.162080055
10
1222711.3120982402
20
366695.5912640684
10
1222710.641824138
20
366694.8427778607
10
1222710.1277723457
20
366694.26973958896
10
1222709.769942864
20
366693.87214925326
10
1222709.5683356926
20
366693.6500068535
10
1222709.5229508316
20
366693.6033123897
10
1222709.3204700968
20
366693.39284360595
10
1222708.960893488
20
366693.01860050217
10
1222708.4442210055
20
366692.4805830783
10
1222707.7704526493
20
366691.77879133436
10
1222707.2464469192
20
366691.2336654344
10
1222706.8722038155
20
366690.8452053783
10
1222706.6477233379
20
366690.6134111661
10
1222706.5730054863
20
366690.5382827979
10
1222706.3403024017
20
366690.31359706185
10
1222705.9496140836
20
366689.939353958
10
1222705.4009405323
20
366689.4155534863
10
1222704.694281748
20
366688.7421956469
10
1222704.153830804
20
366688.2263592243
10
1222703.7795877
20
366687.8680442184
10
1222703.5715524363
20
366687.6672506293
10
1222703.5297250133
20
366687.62397845695
10
1222703.329194902
20
366687.41522081883
10
1222702.9699621024
20
366687.04097771505
10
1222702.452026615
20
366686.5012491455
10
1222701.7753884397
20
366685.7960351101
10
1222701.2499477998
20
366685.24515202135
10
1222700.875704696
20
366684.84859987925
10
1222700.652659128
20
366684.60637868376
10
1222700.580811096
20
366684.51848843496
10
1222700.4226012267
20
366684.28742175864
10
1222700.1780295204
20
366683.91317865474
10
1222699.847095977
20
366683.39575912344
10
1222699.429800596
20
366682.7351631647
10
1222699.034031354
20
366682.1095254509
10
1222698.65978825
20
366681.5188459822
10
1222698.3070712846
20
366680.96312475856
10
1222697.9758804578
20
366680.44236178003
10
1222697.6930159174
20
366679.99485873885
10
1222697.4584776638
20
366679.62061563495
10
1222697.2722656974
20
366679.3196324685
10
1222697.1343800174
20
366679.0919092394
10
1222696.9156102547
20
366678.7339952657
10
1222696.615956409
20
366678.24589054735
10
1222696.2354184801
20
366677.6275950843
10
1222695.7739964686
20
366676.8791088766
10
1222695.3906353307
20
366676.26048914576
10
1222695.085335067
20
366675.7717358919
10
1222694.8580956769
20
366675.4128491148
10
1222694.7089171608
20
366675.1838288146
10
1222694.517029631
20
366674.88219711254
10
1222694.282433087
20
366674.5079540087
10
1222694.0051275291
20
366674.0610995031
10
1222693.6851129574
20
366673.5416335956
10
1222693.3449630216
20
366672.96491261304
10
1222692.9846777213
20
366672.3309365555
10
1222692.6042570572
20
366671.63970542286
10
1222692.2037010288
20
366670.8912192152
10
1222691.8963051056
20
366670.3161868981
10
1222691.6820692879
20
366669.9146084717
10
1222691.560993575
20
366669.6864839358
10
1222691.5330779674
20
366669.6318132905
10
1222691.4157644722
20
366669.417356416
10
1222691.2090530896
20
366669.0431133122
10
1222690.9129438198
20
366668.50908397906
10
1222690.5274366622
20
366667.81526841666
10
1222690.1475615317
20
366667.13651357504
10
1222689.7733184278
20
366666.47281945427
10
1222689.4047073508
20
366665.8241860543
10
1222689.0417283005
20
366665.1906133751
10
1222688.7509511772
20
366664.6867054836
10
1222688.5323759809
20
366664.3124623798
10
1222688.3860027113
20
366664.06788406364
10
1222688.3118313688
20
366663.95297053515
10
1222688.1509977058
20
366663.67966383684
10
1222687.9035017223
20
366663.2479639688
10
1222687.5693434186
20
366662.6578709309
10
1222687.1485227945
20
366661.9093847232
10
1222686.7695337662
20
366661.22466238536
10
1222686.4323763335
20
366660.60370391724
10
1222686.1370504966
20
366660.0465093189
10
1222685.8835562558
20
366659.5530785904
10
1222685.6477133138
20
366659.11924167426
10
1222685.4295216706
20
366658.7449985704
10
1222685.2289813266
20
366658.4303492789
10
1222685.0460922818
20
366658.1752937998
10
1222684.7767657978
20
366657.79688063846
10
1222684.4210018744
20
366657.29510979506
10
1222683.978800512
20
366656.6699812695
10
1222683.4501617104
20
366655.92149506183
10
1222683.044443019
20
366655.34584941156
10
1222682.7616444377
20
366654.9430443186
10
1222682.6017659665
20
366654.713079783
10
1222682.5648076055
20
366654.65595580486
10
1222682.3692309102
20
366654.4402722639
10
1222682.0150358807
20
366654.06602916005
10
1222681.5022225173
20
366653.53322649334
10
1222680.8307908198
20
366652.8418642639
10
1222680.3079534192
20
366652.29612441256
10
1222679.9337103153
20
366651.89600693947
10
1222679.7080615084
20
366651.64151184465
10
1222679.6310069985
20
366651.53263912804
10
1222679.4283518284
20
366651.29108121776
10
1222679.1000959983
20
366650.916838114
10
1222678.6462395084
20
366650.4099098166
10
1222678.0667823583
20
366649.7702963255
10
1222677.5899322315
20
366649.2314206943
10
1222677.2156891278
20
366648.79328292294
10
1222676.9440530469
20
366648.4558830114
10
1222676.7750239891
20
366648.2192209597
10
1222676.4611306437
20
366647.93862828956
10
1222676.002373011
20
366647.6141050009
10
1222675.3987510907
20
366647.2456510939
10
1222674.6502648834
20
366646.8332665685
10
1222673.9017786756
20
366646.53566634253
10
1222673.1532924678
20
366646.3528504161
10
1222672.40480626
20
366646.2848187892
10
1222671.6563200527
20
366646.3315714618
10
1222670.907833845
20
366646.50963341456
10
1222670.159347637
20
366646.8190046475
10
1222669.4108614293
20
366647.2596851605
10
1222668.662375222
20
366647.8316749537
10
1222668.0945936076
20
366648.2682433264
10
1222667.7075165866
20
366648.56939027866
10
1222667.5011441591
20
366648.73511581053
10
1222667.4754763248
20
366648.7654199219
10
1222667.3059857832
20
366648.9752695574
10
1222666.992672534
20
366649.3646647169
10
1222666.5355365775
20
366649.9336054005
10
1222665.9345779135
20
366650.6820916081
10
1222665.453393988
20
366651.2790977339
10
1222665.0919848015
20
366651.7246237779
10
1222664.8503503534
20
366652.01866973995
10
1222664.728490644
20
366652.1612356202
10
1222664.4942501565
20
366652.41964011226
10
1222664.1476288904
20
366652.79388321604
10
1222663.6886268465
20
366653.28396493173
10
1222663.1172440245
20
366653.8898852592
10
1222662.6444310616
20
366654.3867472864
10
1222662.2701879577
20
366654.77455101325
10
1222661.994514713
20
366655.05329643993
10
1222661.8174113273
20
366655.22298356635
10
1222661.5735536707
20
366655.4949486815
10
1222661.2629417423
20
366655.8691917853
10
1222660.885575543
20
366656.3457128778
10
1222660.441455072
20
366656.9245119591
10
1222660.0322732846
20
366657.5382622719
10
1222659.6580301807
20
366658.1869638165
10
1222659.3187257603
20
366658.8706165926
10
1222659.0143600234
20
366659.5892206003
10
1222658.784010584
20
366660.13564415614
10
1222658.6276774425
20
366660.5098872599
10
1222658.5453605982
20
366660.71194991184
10
1222658.5370600512
20
366660.7418321118
10
1222658.5043140985
20
366660.95136531367
10
1222658.4471227396
20
366661.3405495175
10
1222658.3654859748
20
366661.9093847232
10
1222658.259403804
20
366662.6578709309
10
1222658.1409381053
20
366663.4063571386
10
1222658.0100888785
20
366664.1548433462
10
1222657.8668561238
20
366664.9033295539
10
1222657.7112398408
20
366665.6518157616
10
1222657.537033976
20
366666.40030196926
10
1222657.3442385294
20
366667.1487881768
10
1222657.1328535005
20
366667.8972743845
10
1222656.9028788903
20
366668.6457605922
10
1222656.668269783
20
366669.3859966523
10
1222656.4290261795
20
366670.11798256484
10
1222656.1851480792
20
366670.8417183299
10
1222655.9366354826
20
366671.55720394733
10
1222655.7479855833
20
366672.10206830804
10
1222655.619198381
20
366672.4763114119
10
1222655.5502738762
20
366672.6799332589
10
1222655.5412120684
20
366672.7129338491
10
1222655.4829892463
20
366672.9248058437
10
1222655.3756054097
20
366673.3155492426
10
1222655.2190605584
20
366673.8851640459
10
1222655.0133546921
20
366674.6336502536
10
1222654.854873104
20
366675.38213646127
10
1222654.7436157933
20
366676.1306226689
10
1222654.6795827604
20
366676.8791088766
10
1222654.6627740054
20
366677.6275950843
10
1222654.6751885102
20
366678.376081292
10
1222654.716826275
20
366679.1245674996
10
1222654.7876872998
20
366679.8730537073
10
1222654.8877715846
20
366680.6215399149
10
1222654.9957078341
20
366681.3188346677
10
1222655.1114960485
20
366681.9649379656
10
1222655.2351362277
20
366682.5598498087
10
1222655.3666283716
20
366683.1035701968
10
1222655.4804311867
20
366683.56255194277
10
1222655.5765446734
20
366683.93679504667
10
1222655.654968831
20
366684.22629950836
10
1222655.7157036597
20
366684.43106532784
10
1222655.8526026555
20
366684.7717612444
10
1222656.0656658183
20
366685.24838725803
10
1222656.354893148
20
366685.86094336864
10
1222656.7202846447
20
366686.6094295763
10
1222657.0749182377
20
366687.3420935293
10
1222657.4187939272
20
366688.0589352274
10
1222657.751911713
20
366688.7599546709
10
1222658.0742715949
20
366689.44515185966
10
1222658.3242997993
20
366689.974872006
10
1222658.5019963263
20
366690.3491151098
10
1222658.6073611754
20
366690.5678811712
10
1222658.6403943466
20
366690.6311701901
10
1222658.737500664
20
366690.86575850623
10
1222658.8986801275
20
366691.27164611954
10
1222659.123932737
20
366691.84883303003
10
1222659.4132584922
20
366692.5973192377
10
1222659.6935074122
20
366693.3458054454
10
1222659.9646794964
20
366694.094291653
10
1222660.2267747452
20
366694.8427778607
10
1222660.479793158
20
366695.5912640684
10
1222660.7128341845
20
366696.2781197344
10
1222660.925897825
20
366696.90334485855
10
1222661.1189840792
20
366697.4669394412
10
1222661.292092947
20
366697.9689034822
10
1222661.4482167093
20
366698.40700705454
10
1222661.5873553657
20
366698.78125015844
10
1222661.7095089164
20
366699.0916327937
10
1222661.814677361
20
366699.33815496037
10
1222661.9654591142
20
366699.71016813733
10
1222662.1618541759
20
366700.20767232456
10
1222662.4038625457
20
366700.830667522
10
1222662.6914842238
20
366701.57915372966
10
1222662.974261925
20
366702.32763993734
10
1222663.2521956498
20
366703.076126145
10
1222663.5252853972
20
366703.8246123527
10
1222663.7935311673
20
366704.5730985604
10
1222664.0165780738
20
366705.19712102535
10
1222664.194426116
20
366705.69667974755
10
1222664.3270752945
20
366706.0717747271
10
1222664.4145256083
20
366706.32240596385
10
1222664.5392508283
20
366706.63484313415
10
1222664.7012509545
20
366707.009086238
10
1222664.9005259867
20
366707.44513527537
10
1222665.1370759248
20
366707.9429902463
10
1222665.3885131725
20
366708.5035030264
10
1222665.6548377294
20
366709.1266736156
10
1222665.9360495962
20
366709.8125020141
10
1222666.2321487723
20
366710.5609882217
10
1222666.5081824278
20
366711.2653429706
10
1222666.7641505627
20
366711.9255662607
10
1222667.000053177
20
366712.54165809194
10
1222667.2158902702
20
366713.11361846444
10
1222667.3964356238
20
366713.58672020264
10
1222667.5416892378
20
366713.9609633064
10
1222667.651651112
20
366714.23634777596
10
1222667.726321246
20
366714.41287361115
10
1222667.8342814825
20
366714.7323895394
10
1222667.9755318214
20
366715.19489556085
10
1222668.1500722626
20
366715.8003916754
10
1222668.3579028058
20
366716.5488778831
10
1222668.5597807348
20
366717.2973640908
10
1222668.7557060493
20
366718.0458502984
10
1222668.9456787491
20
366718.7943365061
10
1222669.1296988346
20
366719.5428227138
10
1222669.3140984122
20
366720.29130892147
10
1222669.4988774823
20
366721.03979512915
10
1222669.6840360444
20
366721.78828133683
10
1222669.8695740984
20
366722.5367675445
10
1222670.0328344868
20
366723.2073262825
10
1222670.1738172092
20
366723.7999575509
10
1222670.2925222656
20
366724.31466134964
10
1222670.3889496555
20
366724.7514376787
10
1222670.4769141825
20
366725.1569473951
10
1222670.5564158466
20
366725.53119049896
10
1222670.627454647
20
366725.8741669902
10
1222670.6900305848
20
366726.1858768688
10
1222670.7390451417
20
366726.6067808296
10
1222670.7744983179
20
366727.13687887276
10
1222670.7963901134
20
366727.7761709981
10
1222670.8047205284
20
366728.5246572058
10
1222670.7932417516
20
366729.14015033294
10
1222670.7619537828
20
366729.62265037955
10
1222670.7108566223
20
366729.9721573457
10
1222670.6399502696
20
366730.1886712312
10
1222670.5351505524
20
366730.4840497259
10
1222670.3964574705
20
366730.85829282977
10
1222670.2238710236
20
366731.31140054273
10
1222670.017391212
20
366731.84337286477
10
1222669.7463436988
20
366732.42947365827
10
1222669.410728484
20
366733.0697029232
10
1222669.0105455674
20
366733.7640606595
10
1222668.5457949492
20
366734.5125468672
10
1222668.1779180411
20
366735.0973595863
10
1222667.9069148428
20
366735.5184988168
10
1222667.7327853548
20
366735.77596455876
10
1222667.6555295768
20
366735.8697568121
10
1222667.4465399226
20
366736.1037744907
10
1222667.105816392
20
366736.47801759455
10
1222666.6333589847
20
366736.99248612364
10
1222666.0291677008
20
366737.6471800779
10
1222665.539950507
20
366738.16859325115
10
1222665.1657074033
20
366738.5567256433
10
1222664.9064383893
20
366738.8115772543
10
1222664.7621434657
20
366738.93314808427
10
1222664.4668007207
20
366739.14324496925
10
1222664.020410155
20
366739.44186790934
10
1222663.422971768
20
366739.82901690435
10
1222662.6744855607
20
366740.30469195434
10
1222662.0424458177
20
366740.6992583238
10
1222661.5268525393
20
366741.01271601266
10
1222661.1277057256
20
366741.2450650209
10
1222660.8450053765
20
366741.3963053486
10
1222660.51653365
20
366741.5738278907
10
1222660.142290546
20
366741.77763264725
10
1222659.7222760648
20
366742.00771961827
10
1222659.256490206
20
366742.26408880367
10
1222658.7200292603
20
366742.5386895592
10
1222658.112893227
20
366742.83152188495
10
1222657.4350821066
20
366743.1425857807
10
1222656.6865958993
20
366743.47188124654
10
1222655.976315516
20
366743.75955823506
10
1222655.3042409574
20
366744.0056167462
10
1222654.6703722232
20
366744.2100567799
10
1222654.0747093135
20
366744.3728783362
10
1222653.5897563067
20
366744.50668492075
10
1222653.215513203
20
366744.6114765335
10
1222652.9519800022
20
366744.6872531745
10
1222652.799156704
20
366744.7340148437
10
1222652.4974176786
20
366744.808099279
10
1222652.0467629258
20
366744.90950648044
10
1222651.4471924454
20
366745.0382364481
10
1222650.698706238
20
366745.19428918185
10
1222649.9502200303
20
366745.35038052074
10
1222649.2017338225
20
366745.50651046477
10
1222648.4532476147
20
366745.6626790139
10
1222647.7047614073
20
366745.81888616824
10
1222646.9562751995
20
366745.97552816244
10
1222646.2077889917
20
366746.13260499644
10
1222645.459302784
20
366746.2901166703
10
1222644.7108165766
20
366746.44806318404
10
1222643.9623303688
20
366746.59411494416
10
1222643.213844161
20
366746.72827195085
10
1222642.4653579532
20
366746.85053420387
10
1222641.716871746
20
366746.96090170334
10
1222640.968385538
20
366747.0482590265
10
1222640.2198993305
20
366747.1126061733
10
1222639.471413123
20
366747.15394314384
0
LWPOLYLINE
5
39
330
C
100
AcDbEntity
8
C-TOPO-MAJR-E
100
AcDbPolyline
90
689
70
0
43
0
38
0
39
0
10
1222820.496430969
20
366690.52547445265
10
1222820.3901914915
20
366690.3917216087
10
1222820.1798231641
20
366690.13772363483
10
1222819.8653259873
20
366689.76348053105
10
1222819.4466999606
20
366689.26899229723
10
1222818.9239450847
20
366688.65425893344
10
1222818.4754460948
20
366688.14185115707
10
1222818.1012029909
20
366687.7317689681
10
1222817.8012157732
20
366687.42401236645
10
1222817.5754844416
20
366687.2185813522
10
1222817.2464963784
20
366686.92874429317
10
1222816.814251583
20
366686.5545011894
10
1222816.278750056
20
366686.0958520408
10
1222815.639991797
20
366685.5527968473
10
1222815.1334911156
20
366685.12439397053
10
1222814.7592480117
20
366684.8106434104
10
1222814.5172624853
20
366684.6115451671
10
1222814.4075345364
20
366684.5270992404
10
1222814.138117023
20
366684.31435883284
10
1222813.7090099452
20
366683.97332394443
10
1222813.1202133023
20
366683.50399457506
10
1222812.3717270945
20
366682.9063707248
10
1222811.7924375113
20
366682.44154872943
10
1222811.3823445528
20
366682.10952858895
10
1222811.1414482186
20
366681.9103103033
10
1222811.0697485094
20
366681.8438938726
10
1222810.8467771027
20
366681.6082773112
10
1222810.4725339988
20
366681.20346061914
10
1222809.9470191977
20
366680.62944379647
10
1222809.2702326996
20
366679.8862268431
10
1222808.7615596978
20
366679.3274968145
10
1222808.4210001922
20
366678.9532537107
10
1222808.2485541832
20
366678.7634975316
10
1222808.2442216703
20
366678.75822827726
10
1222808.102728657
20
366678.5671547846
10
1222807.8240751426
20
366678.1902770536
10
1222807.4082611278
20
366677.6275950843
10
1222806.8552866117
20
366676.8791088766
10
1222806.3927609301
20
366676.2627626744
10
1222806.020684083
20
366675.7785564778
10
1222805.7390560696
20
366675.4264902867
10
1222805.5478768903
20
366675.2065641012
10
1222805.2869020165
20
366674.9094794565
10
1222804.9561314483
20
366674.5352363527
10
1222804.5555651854
20
366674.0838347897
10
1222804.085203228
20
366673.55527476757
10
1222803.6629006972
20
366673.08580967586
10
1222803.2886575933
20
366672.6754395147
10
1222802.9624739164
20
366672.32416428404
10
1222802.6843496661
20
366672.0319839838
10
1222802.3685162985
20
366671.69877228176
10
1222802.0149738132
20
366671.324529178
10
1222801.6237222105
20
366670.9092546723
10
1222801.19476149
20
366670.45294876484
10
1222800.793159578
20
366670.0229993368
10
1222800.418916474
20
366669.61940638826
10
1222800.0720321788
20
366669.2421699191
10
1222799.7525066913
20
366668.89128992934
10
1222799.4057667083
20
366668.52872838255
10
1222799.0318122297
20
366668.15448527876
10
1222798.6306432555
20
366667.7685606179
10
1222798.202259786
20
366667.3709543999
10
1222797.8009464992
20
366666.99940228055
10
1222797.4267033953
20
366666.65390425985
10
1222797.0795304743
20
366666.3344603376
10
1222796.7594277365
20
366666.0410705139
10
1222796.3694774653
20
366665.7072540502
10
1222795.909679661
20
366665.3330109463
10
1222795.3800343235
20
366664.91834120237
10
1222794.7805414528
20
366664.46324481844
10
1222794.2936734655
20
366664.0936556313
10
1222793.9194303616
20
366663.80957364105
10
1222793.6578121413
20
366663.61099884775
10
1222793.5088188043
20
366663.4979312513
10
1222793.2099522497
20
366663.3039400229
10
1222792.7612124775
20
366663.0290251627
10
1222792.1625994872
20
366662.6731866704
10
1222791.41411328
20
366662.23642454616
10
1222790.7225558527
20
366661.8591888313
10
1222790.087927206
20
366661.5414795256
10
1222789.51022734
20
366661.2832966293
10
1222788.9894562543
20
366661.0846401423
10
1222788.5419491597
20
366660.9131150069
10
1222788.167706056
20
366660.76872122305
10
1222787.8667269428
20
366660.65145879076
10
1222787.6390118208
20
366660.5613277101
10
1222787.2811039272
20
366660.4540823103
10
1222786.7930032625
20
366660.32972259144
10
1222786.1747098262
20
366660.1882485533
10
1222785.4262236184
20
366660.0296601961
10
1222784.6777374106
20
366659.92674522084
10
1222783.9292512028
20
366659.8795036275
10
1222783.1807649953
20
366659.8879354162
10
1222782.432278788
20
366659.95204058685
10
1222781.7829691665
20
366660.0462730316
10
1222781.2328361317
20
366660.1706327505
10
1222780.781879683
20
366660.3251197436
10
1222780.4300998212
20
366660.5097340109
10
1222780.067088338
20
366660.7083496614
10
1222779.6928452344
20
366660.92096669495
10
1222779.3073705097
20
366661.14758511184
10
1222778.9106641638
20
366661.38820491196
10
1222778.4710169933
20
366661.69563636393
10
1222777.9884289976
20
366662.0698794678
10
1222777.4629001769
20
366662.5109342235
10
1222776.8944305312
20
366663.01880063105
10
1222776.4230741563
20
366663.43742657173
10
1222776.0488310526
20
366663.76681204553
10
1222775.7717012197
20
366664.0069570524
10
1222775.5916846578
20
366664.15786159236
10
1222775.2719729096
20
366664.4204354143
10
1222774.8125659751
20
366664.7946785181
10
1222774.2134638543
20
366665.2805909039
10
1222773.4746665468
20
366665.87817257154
10
1222772.9181463413
20
366666.3287439797
10
1222772.5439032377
20
366666.6323051282
10
1222772.3519372353
20
366666.78885601717
10
1222772.342248335
20
366666.79839664674
10
1222772.1478601075
20
366666.97003803327
10
1222771.7687725537
20
366667.3037801769
10
1222771.2049856726
20
366667.7996230776
10
1222770.456499465
20
366668.4575667355
10
1222769.8754070823
20
366668.97127495904
10
1222769.461708524
20
366669.34074774815
10
1222769.2154037908
20
366669.56598510285
10
1222769.1364928824
20
366669.6469870232
10
1222768.909915876
20
366669.84359053255
10
1222768.5356727724
20
366670.1557956309
10
1222768.013763571
20
366670.5836023182
10
1222767.3441882716
20
366671.12701059453
10
1222766.798995907
20
366671.5858362846
10
1222766.3781864764
20
366671.96007938846
10
1222766.0817599806
20
366672.24973990605
10
1222765.9097164194
20
366672.4548178374
10
1222765.6365730867
20
366672.7750209089
10
1222765.262329983
20
366673.21034912067
10
1222764.786987108
20
366673.7608024726
10
1222764.2105444616
20
366674.4263809647
10
1222763.763129221
20
366674.9462917627
10
1222763.4447413862
20
366675.32053486654
10
1222763.2553809572
20
366675.5491102763
10
1222763.1950479338
20
366675.6320179918
10
1222763.020783639
20
366675.8813203304
10
1222762.7325880732
20
366676.2970172919
10
1222762.3304612357
20
366676.8791088766
10
1222761.814403127
20
366677.6275950843
10
1222761.3843357768
20
366678.26943211386
10
1222761.0402591845
20
366678.80461996526
10
1222760.7821733507
20
366679.2331586386
10
1222760.610078275
20
366679.55504813377
10
1222760.4242427796
20
366679.9031144333
10
1222760.224666865
20
366680.2773575372
10
1222760.0113505307
20
366680.6777774453
10
1222759.7842937764
20
366681.1043741578
10
1222759.5477811603
20
366681.61144324404
10
1222759.301812682
20
366682.1989847041
10
1222759.0463883416
20
366682.86699853797
10
1222758.7815081389
20
366683.6154847456
10
1222758.5458126923
20
366684.3639709533
10
1222758.3393020018
20
366685.11245716095
10
1222758.1619760673
20
366685.86094336864
10
1222758.013834889
20
366686.6094295763
10
1222757.875626987
20
366687.3106900371
10
1222757.7473523617
20
366687.9647247509
10
1222757.6290110124
20
366688.5715337178
10
1222757.5206029399
20
366689.13111693785
10
1222757.4230397271
20
366689.59803009976
10
1222757.3363213742
20
366689.97227320354
10
1222757.2604478814
20
366690.2538462493
10
1222757.1954192487
20
366690.44274923706
10
1222757.0589339626
20
366690.77154802973
10
1222756.8509920235
20
366691.24024262733
10
1222756.571593431
20
366691.84883303003
10
1222756.2207381856
20
366692.5973192377
10
1222755.874446169
20
366693.3225455172
10
1222755.5327173816
20
366694.02451186837
10
1222755.1955518234
20
366694.7032182914
10
1222754.862949494
20
366695.3586647862
10
1222754.5853381362
20
366695.8735095855
10
1222754.3627177496
20
366696.2477526894
10
1222754.1950883344
20
366696.48139409773
10
1222754.0824498902
20
366696.57443381054
10
1222753.8390091164
20
366696.7903103959
10
1222753.4647660125
20
366697.1290238538
10
1222752.9597205787
20
366697.59057418414
10
1222752.3238728151
20
366698.17496138695
10
1222751.6598654403
20
366698.60189774947
10
1222750.9676984544
20
366698.8713832717
10
1222750.2473718578
20
366698.9834179537
10
1222749.4988856504
20
366698.9380017955
10
1222748.7503994429
20
366698.78195758106
10
1222748.001913235
20
366698.51528531045
10
1222747.2534270273
20
366698.1379849837
10
1222746.5049408195
20
366697.6500566007
10
1222745.9233552772
20
366697.2713496481
10
1222745.5086704004
20
366697.00186412584
10
1222745.2608861893
20
366696.8416000339
10
1222745.180002644
20
366696.7905573723
10
1222744.952439319
20
366696.676313544
10
1222744.5781962152
20
366696.4988685489
10
1222744.0572733323
20
366696.2582223872
10
1222743.3896706703
20
366695.9543750586
10
1222742.701847122
20
366695.6652871026
10
1222741.9938026872
20
366695.39095851895
10
1222741.2655373658
20
366695.13138930773
10
1222740.517051158
20
366694.88657946896
10
1222739.7779044565
20
366694.6530148298
10
1222739.048097261
20
366694.4306953902
10
1222738.3276295713
20
366694.21962115023
10
1222737.6165013872
20
366694.0197921098
10
1222737.0738157434
20
366693.86717854365
10
1222736.6995726395
20
366693.7617804518
10
1222736.4937720757
20
366693.70359783416
10
1222736.456414052
20
366693.6926306907
10
1222736.241273982
20
366693.6024120595
10
1222735.8483518662
20
366693.43294194044
10
1222735.2776477044
20
366693.1842203335
10
1222734.529161497
20
366692.8562472389
10
1222733.7806752892
20
366692.53326988604
10
1222733.0321890814
20
366692.2152882751
10
1222732.2837028736
20
366691.9023024061
10
1222731.5352166663
20
366691.59431227896
10
1222730.8551303325
20
366691.337930723
10
1222730.2434438732
20
366691.13315773825
10
1222729.7001572878
20
366690.97999332467
10
1222729.2252705765
20
366690.87843748217
10
1222728.800705669
20
366690.7883587922
10
1222728.4264625653
20
366690.7097572545
10
1222728.102541265
20
366690.6426328692
10
1222727.8289417687
20
366690.5869856364
10
1222727.4366205945
20
366690.49425701087
10
1222726.9255777425
20
366690.36444699287
10
1222726.2958132126
20
366690.1975555824
10
1222725.5473270048
20
366689.9935827792
10
1222724.798840797
20
366689.76409807766
10
1222724.0503545892
20
366689.50910147757
10
1222723.3018683817
20
366689.2285929791
10
1222722.5533821743
20
366688.92257258215
10
1222721.922024874
20
366688.6473458407
10
1222721.407796481
20
366688.4029127549
10
1222721.0106969955
20
366688.1892733246
10
1222720.7307264172
20
366688.0064275499
10
1222720.4036195762
20
366687.7979073843
10
1222720.0293764723
20
366687.56371282774
10
1222719.6079971057
20
366687.30384388036
10
1222719.1394814763
20
366687.0183005421
10
1222718.647288141
20
366686.688407321
10
1222718.1314171
20
366686.3141642172
10
1222717.5918683538
20
366685.89557123056
10
1222717.0286419021
20
366685.43262836116
10
1222716.5599071241
20
366685.04499304795
10
1222716.1856640202
20
366684.73266529094
10
1222715.9059125904
20
366684.49564509
10
1222715.7206528347
20
366684.33393244527
10
1222715.439544872
20
366684.065954571
10
1222715.0625887017
20
366683.6917114671
10
1222714.5897843244
20
366683.21120313375
10
1222714.0211317397
20
366682.62442957086
10
1222713.5496838954
20
366682.1350842676
10
1222713.1754407918
20
366681.74316722405
10
1222712.8984024283
20
366681.4486784402
10
1222712.7185688051
20
366681.2516179159
10
1222712.4568298045
20
366680.9659661019
10
1222712.113185426
20
366680.59172299807
10
1222711.68763567
20
366680.1288886044
10
1222711.1801805366
20
366679.577462921
10
1222710.7393314177
20
366679.0931189512
10
1222710.3650883138
20
366678.6758566951
10
1222710.057451225
20
366678.32567615266
10
1222709.816420151
20
366678.04257732385
10
1222709.5404013072
20
366677.71390635753
10
1222709.2293946936
20
366677.33966325375
10
1222708.8834003103
20
366676.9198480124
10
1222708.5024181572
20
366676.45446063345
10
1222708.1248055287
20
366675.99300472206
10
1222707.7505624248
20
366675.5354802782
10
1222707.3796888457
20
366675.08188730176
10
1222707.0121847913
20
366674.63222579286
10
1222706.6816797983
20
366674.2202734865
10
1222706.3881738672
20
366673.8460303827
10
1222706.131666998
20
366673.50949648133
10
1222705.91215919
20
366673.21067178255
10
1222705.6220547438
20
366672.79943170655
10
1222705.2613536592
20
366672.2757762533
10
1222704.830055936
20
366671.63970542286
10
1222704.3281615744
20
366670.8912192152
10
1222703.9449697935
20
366670.32112356485
10
1222703.6804805936
20
366669.9294184718
10
1222703.5346939743
20
366669.7161039361
10
1222703.5076099362
20
366669.6811799577
10
1222703.371255455
20
366669.4765964166
10
1222703.125630531
20
366669.1023533128
10
1222702.7707351642
20
366668.5584506462
10
1222702.3065693546
20
366667.84488841693
10
1222701.8873648979
20
366667.20607257774
10
1222701.513121794
20
366666.64200312865
10
1222701.183840043
20
366666.15268006973
10
1222700.8995196447
20
366665.7381034009
10
1222700.6326987618
20
366665.3436935146
10
1222700.3833773935
20
366664.96945041075
10
1222700.1515555403
20
366664.61537408945
10
1222699.9372332022
20
366664.28146455064
10
1222699.6720902314
20
366663.8439108446
10
1222699.3561266288
20
366663.30271297134
10
1222698.9893423938
20
366662.6578709309
10
1222698.5717375265
20
366661.9093847232
10
1222698.2293941253
20
366661.28374553495
10
1222697.9623121908
20
366660.7809533661
10
1222697.7704917223
20
366660.4010082166
10
1222697.6539327202
20
366660.14391008654
10
1222697.5118411789
20
366659.8282394696
10
1222697.3442170979
20
366659.4539963658
10
1222697.1510604778
20
366659.021180775
10
1222696.9323713179
20
366658.5297926974
10
1222696.6982270088
20
366657.97413008724
10
1222696.4486275502
20
366657.3541929447
10
1222696.183572942
20
366656.6699812695
10
1222695.9030631846
20
366655.92149506183
10
1222695.6303590436
20
366655.189538332
10
1222695.3654605197
20
366654.47411108
10
1222695.1083676124
20
366653.77521330584
10
1222694.859080322
20
366653.0928450095
10
1222694.6659468603
20
366652.5645393095
10
1222694.5289672273
20
366652.1902962056
10
1222694.4481414228
20
366651.970115698
10
1222694.4234694468
20
366651.9039977867
10
1222694.3521238582
20
366651.6672878013
10
1222694.2341046568
20
366651.2599857417
10
1222694.0694118426
20
366650.6820916081
10
1222693.8580454157
20
366649.9336054005
10
1222693.669707011
20
366649.1851191928
10
1222693.5043966284
20
366648.4366329852
10
1222693.3621142681
20
366647.6881467775
10
1222693.24285993
20
366646.93966056977
10
1222693.147600972
20
366646.1911743621
10
1222693.0763373938
20
366645.44268815446
10
1222693.029069196
20
366644.6942019468
10
1222693.005796378
20
366643.9457157391
10
1222692.9924496696
20
366643.1972295314
10
1222692.9890290701
20
366642.4487433238
10
1222692.99553458
20
366641.7002571161
10
1222693.0119661991
20
366640.95177090843
10
1222693.0379142067
20
366640.20328470075
10
1222693.0733786034
20
366639.45479849307
10
1222693.1183593886
20
366638.7063122854
10
1222693.1728565625
20
366637.9578260777
10
1222693.2234250968
20
366637.20933987
10
1222693.2700649917
20
366636.46085366246
10
1222693.3127762466
20
366635.7123674548
10
1222693.3515588618
20
366634.9638812471
10
1222693.3720562372
20
366634.2153950394
10
1222693.3742683725
20
366633.4669088318
10
1222693.3581952676
20
366632.7184226241
10
1222693.3238369229
20
366631.9699364164
10
1222693.277199573
20
366631.22145020874
10
1222693.2182832183
20
366630.4729640011
10
1222693.147087859
20
366629.72447779344
10
1222693.0636134946
20
366628.9759915857
10
1222692.9961342
20
366628.227505378
10
1222692.9446499748
20
366627.4790191704
10
1222692.9091608194
20
366626.7305329627
10
1222692.8896667333
20
366625.9820467551
10
1222692.8975589084
20
366625.23356054747
10
1222692.9328373442
20
366624.48507433967
10
1222692.9955020412
20
366623.736588132
10
1222693.0855529993
20
366622.9881019244
10
1222693.1786274058
20
366622.23961571674
10
1222693.2747252607
20
366621.49112950894
10
1222693.3738465637
20
366620.7426433013
10
1222693.4759913154
20
366619.9941570937
10
1222693.5688909236
20
366619.245670886
10
1222693.652545388
20
366618.4971846784
10
1222693.726954709
20
366617.7486984707
10
1222693.7921188865
20
366617.00021226297
10
1222693.836687582
20
366616.2517260553
10
1222693.8606607956
20
366615.50323984766
10
1222693.8640385275
20
366614.75475364
10
1222693.8468207775
20
366614.0062674323
10
1222693.7765840422
20
366613.2577812246
10
1222693.6533283216
20
366612.509295017
10
1222693.477053616
20
366611.7608088093
10
1222693.247759925
20
366611.01232260163
10
1222692.9875012296
20
366610.2780359404
10
1222692.6962775302
20
366609.55794882565
10
1222692.3740888261
20
366608.85206125735
10
1222692.0209351182
20
366608.1603732355
10
1222691.748512844
20
366607.6274076727
10
1222691.5568220047
20
366607.2531645688
10
1222691.4458625994
20
366607.037643924
10
1222691.4156346286
20
366606.9808457382
10
1222691.2575346292
20
366606.75112554687
10
1222690.9715626016
20
366606.3484833501
10
1222690.5577185452
20
366605.772919148
10
1222690.0160024604
20
366605.0244329403
10
1222689.5655798588
20
366604.44049511827
10
1222689.2064507403
20
366604.0211056819
10
1222688.9386151053
20
366603.7662646311
10
1222688.7620729532
20
366603.67597196606
10
1222688.4425447872
20
366603.57050683605
10
1222687.9800306074
20
366603.4498692411
10
1222687.3745304137
20
366603.3140591813
10
1222686.6260442059
20
366603.1630766567
10
1222685.877557998
20
366603.02336348256
10
1222685.1290717903
20
366602.8949196589
10
1222684.3805855827
20
366602.77774518577
10
1222683.6320993754
20
366602.6718400632
10
1222682.9236060465
20
366602.67920629936
10
1222682.255105596
20
366602.7998438942
10
1222681.6265980243
20
366603.03375284787
10
1222681.0380833312
20
366603.38093316025
10
1222680.556704433
20
366603.6601017144
10
1222680.1824613293
20
366603.8712585104
10
1222679.91535402
20
366604.0144035482
10
1222679.7553825052
20
366604.0895368278
10
1222679.510572563
20
366604.31422501954
10
1222679.1809241935
20
366604.6884681233
10
1222678.7664373962
20
366605.21226613934
10
1222678.2671121713
20
366605.88561906735
10
1222677.8303280072
20
366606.44532322366
10
1222677.4560849033
20
366606.8913786083
10
1222677.1443828598
20
366607.22378522105
10
1222676.895221877
20
366607.442543062
10
1222676.5496581388
20
366607.7390435344
10
1222676.1076916459
20
366608.1132866383
10
1222675.5693223977
20
366608.5652723735
10
1222674.9345503945
20
366609.09500074014
10
1222674.430042841
20
366609.5102406032
10
1222674.055799737
20
366609.81099196256
10
1222673.8118210828
20
366609.9972548182
10
1222673.6981068784
20
366610.0690291704
10
1222673.4256996731
20
366610.2622744476
10
1222672.994599467
20
366610.5769906498
10
1222672.40480626
20
366611.0131777773
10
1222671.6563200527
20
366611.5708358298
10
1222671.0704274033
20
366612.01884281996
10
1222670.6471283124
20
366612.3571987478
10
1222670.3864227796
20
366612.58590361325
10
1222670.2883108053
20
366612.7049574163
10
1222670.1342805
20
366612.9813693205
10
1222669.924331863
20
366613.4151393258
10
1222669.658464895
20
366614.0062674323
10
1222669.336679596
20
366614.75475364
10
1222669.0279047631
20
366615.50323984766
10
1222668.7321403965
20
366616.2517260553
10
1222668.4493864966
20
366617.00021226297
10
1222668.1796430633
20
366617.7486984707
10
1222667.962624113
20
366618.34416269074
10
1222667.7983296458
20
366618.78660492314
10
1222667.6867596619
20
366619.0760251679
10
1222667.6279141614
20
366619.212423425
10
1222667.5021147504
20
366619.4677441055
10
1222667.3093614297
20
366619.8419872093
10
1222667.0496541983
20
366620.3351527365
10
1222666.7229930572
20
366620.9472406871
10
1222666.3725409345
20
366621.53897978563
10
1222665.9982978308
20
366622.11037003214
10
1222665.6002637458
20
366622.66141142667
10
1222665.1784386793
20
366623.1921039692
10
1222664.804029763
20
366623.6445717924
10
1222664.4770369967
20
366624.0188148962
10
1222664.1974603804
20
366624.3148332807
10
1222663.9652999141
20
366624.5326269459
10
1222663.662098129
20
366624.7966848686
10
1222663.2878550251
20
366625.1070070488
10
1222662.8425706027
20
366625.4635934866
10
1222662.3262448611
20
366625.86644418206
10
1222661.7518790034
20
366626.2406079903
10
1222661.1194730287
20
366626.58608491137
10
1222660.4290269376
20
366626.9028749454
10
1222659.6805407298
20
366627.1909780922
10
1222659.0535293608
20
366627.4214385437
10
1222658.5479928306
20
366627.59425629984
10
1222658.1639311393
20
366627.70943136065
10
1222657.9013442863
20
366627.7669637261
10
1222657.582929308
20
366627.8413598846
10
1222657.2086862042
20
366627.93261983624
10
1222656.7786149748
20
366628.0407435809
10
1222656.29271562
20
366628.16573111876
10
1222655.7411695519
20
366628.2825078714
10
1222655.1239767708
20
366628.3910738387
10
1222654.4411372761
20
366628.491429021
10
1222653.6926510683
20
366628.5835734181
10
1222652.9441648608
20
366628.69569311035
10
1222652.1956786532
20
366628.8277880978
10
1222651.4471924454
20
366628.9798583804
10
1222650.698706238
20
366629.1519039582
10
1222650.0356797264
20
366629.3707653153
10
1222649.4581129109
20
366629.63644245174
10
1222648.9660057912
20
366629.9489353674
10
1222648.5593583675
20
366630.3082440625
10
1222648.2245572375
20
366630.76484713564
10
1222647.9616024008
20
366631.3187445869
10
1222647.7704938573
20
366631.9699364164
10
1222647.6512316074
20
366632.7184226241
10
1222647.5984434471
20
366633.4669088318
10
1222647.6121293772
20
366634.2153950394
10
1222647.692289397
20
366634.9638812471
10
1222647.8389235064
20
366635.7123674548
10
1222647.9652606072
20
366636.46085366246
10
1222648.0713006991
20
366637.20933987
10
1222648.157043782
20
366637.9578260777
10
1222648.2224898562
20
366638.7063122855
10
1222648.251317172
20
366639.4547984932
10
1222648.2435257295
20
366640.20328470075
10
1222648.1991155287
20
366640.95177090843
10
1222648.1180865695
20
366641.7002571161
10
1222647.9855552102
20
366642.4487433238
10
1222647.8015214503
20
366643.1972295314
10
1222647.5659852906
20
366643.9457157391
10
1222647.2789467308
20
366644.6942019468
10
1222647.047020511
20
366645.28455297434
10
1222646.8702066317
20
366645.71676882176
10
1222646.7485050927
20
366645.9908494891
10
1222646.6819158937
20
366646.1067949764
10
1222646.52568711
20
366646.35188927193
10
1222646.2798187414
20
366646.72613237577
10
1222645.9443107876
20
366647.22952428786
10
1222645.5191632486
20
366647.86206500826
10
1222645.1473953268
20
366648.52359210054
10
1222644.8290070225
20
366649.21410556464
10
1222644.5639983353
20
366649.9336054005
10
1222644.3523692654
20
366650.6820916081
10
1222644.165746575
20
366651.43057781574
10
1222644.0041302638
20
366652.17906402354
10
1222643.8675203323
20
366652.9275502312
10
1222643.75591678
20
366653.6760364388
10
1222643.6721876045
20
366654.2375698893
10
1222643.6163328048
20
366654.6121505827
10
1222643.5883523817
20
366654.79977851885
10
1222643.5882463353
20
366654.8004536978
10
1222643.556713355
20
366654.98791283916
10
1222643.4937534414
20
366655.36215594306
10
1222643.3993665944
20
366655.9231830093
10
1222643.2735528136
20
366656.67099403794
10
1222643.1706634965
20
366657.4189738614
10
1222643.0906986431
20
366658.1671224796
10
1222643.0336582528
20
366658.9154398925
10
1222642.9995423262
20
366659.66392610024
10
1222642.996009396
20
366660.4124123079
10
1222643.0230594622
20
366661.16089851555
10
1222643.080692525
20
366661.9093847232
10
1222643.1689085842
20
366662.6578709309
10
1222643.2529990408
20
366663.29398756917
10
1222643.3329638941
20
366663.817734638
10
1222643.408803145
20
366664.2291121374
10
1222643.4805167932
20
366664.52812006744
10
1222643.5592615972
20
366664.8647455844
10
1222643.645037558
20
366665.23898868816
10
1222643.7378446746
20
366665.6508493789
10
1222643.8376829477
20
366666.1003276566
10
1222643.9621677438
20
366666.6245579168
10
1222644.1112990628
20
366667.22354015935
10
1222644.2850769048
20
366667.8972743845
10
1222644.4835012697
20
366668.6457605922
10
1222644.6745112997
20
366669.3942467999
10
1222644.8581069948
20
366670.14273300755
10
1222645.034288355
20
366670.89121921523
10
1222645.2030553804
20
366671.6397054229
10
1222645.373454198
20
366672.3881916306
10
1222645.5454848078
20
366673.1366778382
10
1222645.71914721
20
366673.8851640459
10
1222645.894441404
20
366674.6336502536
10
1222646.0524526373
20
366675.296341408
10
1222646.1931809094
20
366675.8732375091
10
1222646.3166262205
20
366676.36433855694
10
1222646.4227885706
20
366676.7696445515
10
1222646.5207638582
20
366677.15941910073
10
1222646.6105520837
20
366677.5336622045
10
1222646.6921532466
20
366677.892373863
10
1222646.7655673474
20
366678.23555407615
10
1222646.853253943
20
366678.6800607879
10
1222646.9552130331
20
366679.2258939983
10
1222647.0714446185
20
366679.8730537073
10
1222647.2019486986
20
366680.6215399149
10
1222647.332918459
20
366681.37002612255
10
1222647.4643539
20
366682.11851233034
10
1222647.5962550212
20
366682.86699853797
10
1222647.7286218223
20
366683.6154847456
10
1222647.8735776194
20
366684.3639709533
10
1222648.0311224118
20
366685.11245716095
10
1222648.2012562
20
366685.86094336864
10
1222648.3839789839
20
366686.6094295763
10
1222648.574225558
20
366687.357915784
10
1222648.7719959226
20
366688.1064019916
10
1222648.9772900776
20
366688.8548881993
10
1222649.1901080236
20
366689.60337440704
10
1222649.3538866066
20
366690.18206351553
10
1222649.4686258277
20
366690.5909555249
10
1222649.534325686
20
366690.83005043503
10
1222649.5509861822
20
366690.89934824605
10
1222649.6061537056
20
366691.1211187035
10
1222649.6998282562
20
366691.4953618073
10
1222649.832009834
20
366692.0220775576
10
1222650.0026984392
20
366692.70126595424
10
1222650.1754510486
20
366693.39777880366
10
1222650.3502676622
20
366694.1116161058
10
1222650.5271482805
20
366694.8427778607
10
1222650.706092903
20
366695.5912640684
10
1222650.8935660115
20
366696.33975027606
10
1222651.0895676054
20
366697.0882364836
10
1222651.2940976853
20
366697.8367226913
10
1222651.5071562515
20
366698.585208899
10
1222651.7133987793
20
366699.2901073033
10
1222651.9128252694
20
366699.9514179042
10
1222652.1054357216
20
366700.56914070173
10
1222652.2912301356
20
366701.1432756959
10
1222652.4452388831
20
366701.61746474495
10
1222652.5674619642
20
366701.99170784873
10
1222652.6578993788
20
366702.2660050074
10
1222652.716551127
20
366702.44035622093
10
1222652.8210898282
20
366702.75824118295
10
1222652.9715154825
20
366703.21965989354
10
1222653.1678280905
20
366703.8246123527
10
1222653.4100276518
20
366704.5730985604
10
1222653.6569087738
20
366705.32158476807
10
1222653.9084714572
20
366706.0700709757
10
1222654.164715701
20
366706.8185571834
10
1222654.425641506
20
366707.5670433911
10
1222654.6680131329
20
366708.2680693093
10
1222654.8918305824
20
366708.92163493787
10
1222655.0970938536
20
366709.527740277
10
1222655.2838029473
20
366710.0863853266
10
1222655.4391734267
20
366710.5528294033
10
1222655.5632052922
20
366710.9270725072
10
1222655.6558985435
20
366711.20911463816
10
1222655.7172531807
20
366711.39895579615
10
1222655.8146464438
20
366711.72845821665
10
1222655.948078333
20
366712.19762189954
10
1222656.1175488476
20
366712.80644684477
10
1222656.323057988
20
366713.5549330524
10
1222656.4998651298
20
366714.3034192601
10
1222656.647970273
20
366715.0519054677
10
1222656.7673734173
20
366715.8003916754
10
1222656.8580745629
20
366716.5488778831
10
1222656.9357455568
20
366717.2973640908
10
1222657.0003863994
20
366718.0458502984
10
1222657.0519970905
20
366718.7943365061
10
1222657.0905776296
20
366719.5428227138
10
1222657.1379451812
20
366720.29130892147
10
1222657.1940997452
20
366721.03979512915
10
1222657.2590413215
20
366721.78828133683
10
1222657.3327699099
20
366722.5367675445
10
1222657.4080494666
20
366723.2852537522
10
1222657.484879992
20
366724.0337399598
10
1222657.5632614854
20
366724.7822261675
10
1222657.6431939474
20
366725.5307123752
10
1222657.686501531
20
366726.27919858287
10
1222657.6931842365
20
366727.02768479043
10
1222657.6632420635
20
366727.7761709981
10
1222657.5966750123
20
366728.5246572058
10
1222657.4699559768
20
366729.2731434135
10
1222657.2830849572
20
366730.0216296211
10
1222657.0360619533
20
366730.7701158288
10
1222656.7288869652
20
366731.51860203646
10
1222656.4544896057
20
366732.1330650714
10
1222656.2128698747
20
366732.61350493366
10
1222656.0040277722
20
366732.95992162323
10
1222655.8279632984
20
366733.17231514
10
1222655.563817048
20
366733.46563345037
10
1222655.2115890207
20
366733.8398765542
10
1222654.771279217
20
366734.2950444516
10
1222654.2428876364
20
366734.83113714244
10
1222653.7915702942
20
366735.2623261988
10
1222653.4173271905
20
366735.5886116207
10
1222653.120158325
20
366735.80999340815
10
1222652.900063698
20
366735.92647156114
10
1222652.5478711757
20
366736.1034987476
10
1222652.063580758
20
366736.3410749673
10
1222651.4471924454
20
366736.63920022064
10
1222650.698706238
20
366736.99787450745
10
1222649.9648283157
20
366737.33521366457
10
1222649.2455586786
20
366737.6512176919
10
1222648.540897327
20
366737.9458865895
10
1222647.8508442612
20
366738.2192203575
10
1222647.3186961762
20
366738.4284089339
10
1222646.9444530723
20
366738.57345231896
10
1222646.7281149495
20
366738.65435051254
10
1222646.669681808
20
366738.67110351473
10
1222646.4387353999
20
366738.72997499537
10
1222646.0352757252
20
366738.8309649546
10
1222645.459302784
20
366738.9740733924
10
1222644.7108165766
20
366739.1593003086
10
1222643.9623303688
20
366739.3349160268
10
1222643.213844161
20
366739.5009205469
10
1222642.4653579532
20
366739.65731386875
10
1222641.716871746
20
366739.8040959925
10
1222640.968385538
20
366739.9255451427
10
1222640.2198993305
20
366740.0216613192
10
1222639.471413123
20
366740.0924445221
0
LWPOLYLINE
5
3A
330
C
100
AcDbEntity
8
C-TOPO-MAJR-E
100
AcDbPolyline
90
635
70
0
43
0
38
0
39
0
10
1222820.760778394
20
366679.5766922721
10
1222820.3310399414
20
366679.2024491682
10
1222820.0588399353
20
366678.9711604129
10
1222819.9441783759
20
366678.88282600604
10
1222819.6997260442
20
366678.67098707915
10
1222819.3254829403
20
366678.3356436323
10
1222818.8214490642
20
366677.8767956653
10
1222818.1876244163
20
366677.2944431783
10
1222817.6695408428
20
366676.8161453828
10
1222817.2671983438
20
366676.44190227904
10
1222816.9805969193
20
366676.17171386676
10
1222816.8097365694
20
366676.0055801461
10
1222816.5371848424
20
366675.76093562285
10
1222816.1629417387
20
366675.4377802969
10
1222815.687007258
20
366675.03611416835
10
1222815.1093814
20
366674.5559372373
10
1222814.6072493272
20
366674.12872721977
10
1222814.1806110395
20
366673.7544841159
10
1222813.8294665366
20
366673.4332079257
10
1222813.5538158184
20
366673.1648986492
10
1222813.2288689073
20
366672.8598568449
10
1222812.8546258034
20
366672.5180825128
10
1222812.431086507
20
366672.139575653
10
1222811.9582510174
20
366671.72433626547
10
1222811.5261213498
20
366671.32959501975
10
1222811.1346975046
20
366670.9553519159
10
1222810.783979481
20
366670.6016069539
10
1222810.4739672798
20
366670.2683601338
10
1222810.1318396272
20
366669.8973843669
10
1222809.7575965233
20
366669.48867965315
10
1222809.3512379683
20
366669.04224599263
10
1222808.9127639618
20
366668.5580833853
10
1222808.5255865145
20
366668.12888052966
10
1222808.1897056263
20
366667.7546374259
10
1222807.9051212969
20
366667.4353540738
10
1222807.671833526
20
366667.17103047343
10
1222807.368068089
20
366666.8377905708
10
1222806.9938249853
20
366666.4356343659
10
1222806.5491042146
20
366665.96456185856
10
1222806.0339057776
20
366665.42457304883
10
1222805.5972454227
20
366664.9674570921
10
1222805.2391231507
20
366664.59321398824
10
1222804.959538961
20
366664.3018437373
10
1222804.7584928542
20
366664.09334633936
10
1222804.4708482488
20
366663.810911762
10
1222804.096605145
20
366663.45454000524
10
1222803.6357635427
20
366663.02423106914
10
1222803.0883234418
20
366662.51998495363
10
1222802.610750544
20
366662.08074034395
10
1222802.2030448485
20
366661.7064972401
10
1222801.8652063557
20
366661.3972556421
10
1222801.597235066
20
366661.15301554993
10
1222801.2761278688
20
366660.8725461373
10
1222800.9018847651
20
366660.55584740423
10
1222800.4745057544
20
366660.2029193506
10
1222799.9939908367
20
366659.81376197655
10
1222799.511469485
20
366659.4320617376
10
1222799.0269416992
20
366659.05781863374
10
1222798.5404074793
20
366658.69103266497
10
1222798.051866825
20
366658.3317038314
10
1222797.620474946
20
366658.0172076365
10
1222797.2462318423
20
366657.74754408025
10
1222796.9291375135
20
366657.52271316276
10
1222796.66919196
20
366657.34271488397
10
1222796.2871112428
20
366657.0754983354
10
1222795.7828953622
20
366656.72106351727
10
1222795.156544318
20
366656.27941042936
10
1222794.4080581106
20
366655.75053907174
10
1222793.8294148985
20
366655.3439814108
10
1222793.4206146826
20
366655.0597374463
10
1222793.1816574621
20
366654.89780717844
10
1222793.1125432374
20
366654.8581906072
10
1222792.8908645734
20
366654.71220050356
10
1222792.5166214695
20
366654.45983686764
10
1222791.989813926
20
366654.10109969944
10
1222791.310441943
20
366653.6359889988
10
1222790.6846738858
20
366653.2163120966
10
1222790.112509755
20
366652.84206899285
10
1222789.5939495503
20
366652.51325968734
10
1222789.1289932716
20
366652.2298841803
10
1222788.7093935804
20
366651.9645567376
10
1222788.3351504765
20
366651.71727735933
10
1222788.0062639602
20
366651.4880460454
10
1222787.7227340313
20
366651.2768627959
10
1222787.3229650324
20
366651.02608658106
10
1222786.806956964
20
366650.73571740085
10
1222786.1747098262
20
366650.4057552553
10
1222785.4262236184
20
366650.03620014444
10
1222784.7337208907
20
366649.71709684946
10
1222784.097201643
20
366649.44844537036
10
1222783.5166658754
20
366649.2302457072
10
1222782.992113588
20
366649.06249785994
10
1222782.5427158922
20
366648.9141452639
10
1222782.1684727883
20
366648.78518791916
10
1222781.8693842762
20
366648.67562582577
10
1222781.6454503564
20
366648.5854589836
10
1222781.2903783643
20
366648.4652015363
10
1222780.8041683007
20
366648.3148534839
10
1222780.1868201648
20
366648.1344148263
10
1222779.438333957
20
366647.9238855635
10
1222778.6898477492
20
366647.77275289316
10
1222777.9413615414
20
366647.6810168151
10
1222777.1928753338
20
366647.6486773294
10
1222776.4443891265
20
366647.67573443614
10
1222775.7636465854
20
366647.76443701575
10
1222775.150647711
20
366647.91478506813
10
1222774.6053925033
20
366648.12677859346
10
1222774.1278809619
20
366648.4004175917
10
1222773.7020036394
20
366648.6533425264
10
1222773.3277605358
20
366648.88555339765
10
1222773.0051516504
20
366649.09705020534
10
1222772.734176984
20
366649.28783294954
10
1222772.4227910175
20
366649.57034587354
10
1222772.0709937513
20
366649.9445889773
10
1222771.678785185
20
366650.410562261
10
1222771.2461653196
20
366650.9682657245
10
1222770.8427338349
20
366651.49154599325
10
1222770.468490731
20
366651.9804030674
10
1222770.123436008
20
366652.434836947
10
1222769.8075696663
20
366652.8548476319
10
1222769.5135668027
20
366653.2519745262
10
1222769.2414274174
20
366653.6262176301
10
1222768.99115151
20
366653.9775769434
10
1222768.762739081
20
366654.30605246616
10
1222768.4665009242
20
366654.7395306602
10
1222768.1024370398
20
366655.27801152546
10
1222767.6705474278
20
366655.9214950619
10
1222767.170832088
20
366656.6699812695
10
1222766.7909559736
20
366657.2392445763
10
1222766.5309190843
20
366657.6292849821
10
1222766.39072142
20
366657.84010248707
10
1222766.3703629812
20
366657.8716970911
10
1222766.2455608072
20
366658.074615945
10
1222766.0163148977
20
366658.44885904883
10
1222765.6826252532
20
366658.99442640255
10
1222765.2444918733
20
366659.7113180063
10
1222764.8383036316
20
366660.388391625
10
1222764.4640605277
20
366661.02564725874
10
1222764.1217625618
20
366661.62308490754
10
1222763.811409734
20
366662.1807045715
10
1222763.5455096045
20
366662.6466359553
10
1222763.3240621737
20
366663.0208790591
10
1222763.1470674411
20
366663.30343388295
10
1222763.0145254072
20
366663.49430042674
10
1222762.7788203564
20
366663.8245718865
10
1222762.4399522888
20
366664.2942482622
10
1222761.9979212042
20
366664.9033295539
10
1222761.4527271027
20
366665.6518157616
10
1222761.0261440086
20
366666.23920687195
10
1222760.7181719216
20
366666.6655028849
10
1222760.5288108422
20
366666.93070380064
10
1222760.4580607698
20
366667.0348096191
10
1222760.2919173464
20
366667.27398408024
10
1222760.0303805722
20
366667.648227184
10
1222759.6734504472
20
366668.1575389306
10
1222759.2211269708
20
366668.80191931984
10
1222758.807843681
20
366669.3918264099
10
1222758.433600577
20
366669.92726020084
10
1222758.0983976594
20
366670.40822069254
10
1222757.802234928
20
366670.83470788517
10
1222757.513716905
20
366671.2350730334
10
1222757.2328435902
20
366671.60931613715
10
1222756.959614984
20
366671.95743719663
10
1222756.6940310865
20
366672.2794362118
10
1222756.3741175858
20
366672.6656749688
10
1222755.999874482
20
366673.11615346756
10
1222755.571301775
20
366673.63087170833
10
1222755.0883994652
20
366674.209829691
10
1222754.6709976138
20
366674.68643023423
10
1222754.319096221
20
366675.06067333807
10
1222754.0326952864
20
366675.3325590025
10
1222753.811794811
20
366675.50208722753
10
1222753.514223021
20
366675.75779722235
10
1222753.1399799173
20
366676.0996889871
10
1222752.6890654995
20
366676.52776252164
10
1222752.1614797672
20
366677.0420178261
10
1222751.5786689164
20
366677.4626735565
10
1222750.9406329466
20
366677.7897297131
10
1222750.2473718578
20
366678.0231862957
10
1222749.4988856504
20
366678.16304330423
10
1222748.7503994429
20
366678.2242019684
10
1222748.001913235
20
366678.20666228817
10
1222747.2534270273
20
366678.1104242634
10
1222746.5049408195
20
366677.9354878941
10
1222745.7564546117
20
366677.75936828606
10
1222745.0079684039
20
366677.5820654392
10
1222744.2594821963
20
366677.4035793535
10
1222743.510995989
20
366677.223910029
10
1222742.7625097814
20
366677.04090102616
10
1222742.0140235736
20
366676.8545523451
10
1222741.2655373658
20
366676.6648639856
10
1222740.517051158
20
366676.47183594777
10
1222739.880636133
20
366676.3004452741
10
1222739.3562922904
20
366676.15069196443
10
1222738.94401963
20
366676.0225760189
10
1222738.6438181526
20
366675.9160974374
10
1222738.306595862
20
366675.7884838507
10
1222737.932352758
20
366675.63973525906
10
1222737.5210888411
20
366675.4698516623
10
1222737.072804111
20
366675.27883306035
10
1222736.5494690118
20
366675.0394064009
10
1222735.9510835428
20
366674.7515716839
10
1222735.2776477044
20
366674.41532890924
10
1222734.529161497
20
366674.0306780769
10
1222733.8857088569
20
366673.6989857594
10
1222733.3472897839
20
366673.4202519565
10
1222732.913904279
20
366673.19447666826
10
1222732.5855523413
20
366673.02165989473
10
1222732.2342548207
20
366672.8424606153
10
1222731.8600117168
20
366672.65687883017
10
1222731.4628230298
20
366672.4649145392
10
1222731.0426887597
20
366672.2665677424
10
1222730.540466505
20
366672.06223984784
10
1222729.9561562664
20
366671.8519308556
10
1222729.289758043
20
366671.63564076566
10
1222728.5412718356
20
366671.41336957796
10
1222727.7927856278
20
366671.1932410573
10
1222727.0442994202
20
366670.9752552038
10
1222726.2958132126
20
366670.75941201724
10
1222725.5473270048
20
366670.5457114978
10
1222724.917954009
20
366670.3568941823
10
1222724.4076942252
20
366670.19296007074
10
1222724.0165476536
20
366670.0539091631
10
1222723.7445142937
20
366669.93974145927
10
1222723.4213760619
20
366669.80348991964
10
1222723.047132958
20
366669.64515454415
10
1222722.621784982
20
366669.4647353327
10
1222722.1453321346
20
366669.26223228534
10
1222721.600870947
20
366668.9887528162
10
1222720.988401419
20
366668.64429692534
10
1222720.3079235512
20
366668.22886461264
10
1222719.5594373434
20
366667.74245587824
10
1222718.978109321
20
366667.36275572097
10
1222718.5639394838
20
366667.0897641408
10
1222718.3169278323
20
366666.9234811378
10
1222718.2370743658
20
366666.8639067118
10
1222718.0100260808
20
366666.69145457237
10
1222717.6357829769
20
366666.40612471924
10
1222717.1143450541
20
366666.0079171525
10
1222716.445712313
20
366665.49683187215
10
1222715.871256581
20
366665.05416768
10
1222715.390977858
20
366664.6799245762
10
1222715.0048761445
20
366664.3741025606
10
1222714.71295144
20
366664.13670163334
10
1222714.3798675358
20
366663.8439239943
10
1222714.005624432
20
366663.49576964346
10
1222713.5902221284
20
366663.0922385809
10
1222713.1336606252
20
366662.6333308066
10
1222712.7318435283
20
366662.2167553675
10
1222712.384770838
20
366661.8425122637
10
1222712.092442554
20
366661.51060149504
10
1222711.8548586764
20
366661.2210230617
10
1222711.581692486
20
366660.8167176848
10
1222711.2729439833
20
366660.2976853644
10
1222710.9286131677
20
366659.66392610024
10
1222710.5487000395
20
366658.9154398925
10
1222710.231017893
20
366658.2710528677
10
1222709.975566728
20
366657.7307650258
10
1222709.7823465446
20
366657.2945763667
10
1222709.6513573427
20
366656.9624868906
10
1222709.5171993766
20
366656.60932060063
10
1222709.3798726462
20
366656.23507749673
10
1222709.2393771515
20
366655.83975757903
10
1222709.0957128925
20
366655.4233608476
10
1222708.9194216926
20
366654.923941747
10
1222708.7105035519
20
366654.3415002774
10
1222708.4689584703
20
366653.6760364388
10
1222708.1947864478
20
366652.92755023116
10
1222707.9358489716
20
366652.17906402354
10
1222707.6921460417
20
366651.43057781574
10
1222707.463677658
20
366650.6820916081
10
1222707.2504438204
20
366649.9336054005
10
1222707.06116442
20
366649.197202316
10
1222706.895839457
20
366648.47288235475
10
1222706.754468931
20
366647.7606455166
10
1222706.6370528424
20
366647.06049180176
10
1222706.5474351896
20
366646.5232933924
10
1222706.4856159731
20
366646.14905028854
10
1222706.4515951923
20
366645.93776249024
10
1222706.4453728478
20
366645.8894299975
10
1222706.4358742754
20
366645.666059076
10
1222706.4230994757
20
366645.2676497257
10
1222706.4070484482
20
366644.6942019468
10
1222706.3877211928
20
366643.9457157391
10
1222706.3796131513
20
366643.36431748234
10
1222706.3827243238
20
366642.95000717643
10
1222706.39705471
20
366642.70278482145
10
1222706.4226043094
20
366642.6226504174
10
1222706.518125046
20
366642.3954616634
10
1222706.68361692
20
366642.02121855953
10
1222706.9190799303
20
366641.4999211058
10
1222707.2245140779
20
366640.83156930225
10
1222707.5643527033
20
366640.17218877596
10
1222707.9385958072
20
366639.52177952696
10
1222708.347243389
20
366638.8803415552
10
1222708.7902954496
20
366638.24787486077
10
1222709.1498944603
20
366637.74451996165
10
1222709.426040422
20
366637.37027685775
10
1222709.6187333341
20
366637.12514554925
10
1222709.727973197
20
366637.0091260361
10
1222709.9336770584
20
366636.73498984927
10
1222710.2358449188
20
366636.3027369888
10
1222710.6344767779
20
366635.7123674548
10
1222711.1295726357
20
366634.9638812471
10
1222711.5369321508
20
366634.34034212615
10
1222711.8565553236
20
366633.84175009205
10
1222712.0884421533
20
366633.4681051446
10
1222712.23259264
20
366633.21940728393
10
1222712.4182153058
20
366632.90793680167
10
1222712.6453101502
20
366632.5336936979
10
1222712.9138771733
20
366632.09667797247
10
1222713.2239163753
20
366631.5968896254
10
1222713.5660575281
20
366631.07290934946
10
1222713.940300632
20
366630.5247371444
10
1222714.3466456868
20
366629.9523730104
10
1222714.7850926926
20
366629.3558169474
10
1222715.1887066637
20
366628.870417364
10
1222715.5574876
20
366628.49617426016
10
1222715.8914355019
20
366628.2330876359
10
1222716.1905503687
20
366628.08115749125
10
1222716.5272293543
20
366627.912528329
10
1222716.9014724582
20
366627.72720014915
10
1222717.3132796804
20
366627.5251729518
10
1222717.762651021
20
366627.30644673685
10
1222718.2868010784
20
366627.191315311
10
1222718.8857298524
20
366627.17977867444
10
1222719.5594373434
20
366627.2718368269
10
1222720.3079235512
20
366627.46748976863
10
1222720.9145203426
20
366627.61999779317
10
1222721.3792277174
20
366627.72936090064
10
1222721.702045676
20
366627.79557909106
10
1222721.8829742183
20
366627.8186523643
10
1222722.1605600414
20
366627.85014935693
10
1222722.534803145
20
366627.8900700689
10
1222723.0057035298
20
366627.9384145002
10
1222723.573261195
20
366627.9951826509
10
1222724.1343871495
20
366628.02356672625
10
1222724.6890813927
20
366628.02356672625
10
1222725.2373439248
20
366627.9951826509
10
1222725.779174746
20
366627.9384145002
10
1222726.2372117084
20
366627.89105888066
10
1222726.6114548123
20
366627.85311579215
10
1222726.9019040575
20
366627.82458523475
10
1222727.108559444
20
366627.80546720844
10
1222727.450672536
20
366627.67943823617
10
1222727.928243333
20
366627.44649831794
10
1222728.5412718356
20
366627.10664745385
10
1222729.289758043
20
366626.65988564375
10
1222729.9215332917
20
366626.2541626934
10
1222730.436597581
20
366625.8894786027
10
1222730.8349509116
20
366625.5658333717
10
1222731.116593283
20
366625.2832270005
10
1222731.4445360205
20
366624.9224201109
10
1222731.8187791244
20
366624.483412703
10
1222732.2393225946
20
366623.9662047768
10
1222732.7061664308
20
366623.3707963323
10
1222733.097093683
20
366622.88597055816
10
1222733.412104351
20
366622.51172745426
10
1222733.6511984346
20
366622.2480670208
10
1222733.814375934
20
366622.0949892576
10
1222734.034100992
20
366621.7930593833
10
1222734.3103736085
20
366621.34227739787
10
1222734.6431937832
20
366620.7426433013
10
1222735.0325615169
20
366619.9941570937
10
1222735.3735725605
20
366619.315565944
10
1222735.6662269146
20
366618.7068698524
10
1222735.910524579
20
366618.16806881875
10
1222736.1064655539
20
366617.6991628431
10
1222736.2836945252
20
366617.27758830343
10
1222736.4422114932
20
366616.9033451996
10
1222736.5820164578
20
366616.5764335316
10
1222736.703109419
20
366616.2968532996
10
1222736.9453767063
20
366615.9000465736
10
1222737.3088183198
20
366615.3860133537
10
1222737.7934342597
20
366614.75475364
10
1222738.3992245258
20
366614.0062674323
10
1222738.8589679706
20
366613.42296505615
10
1222739.1726645937
20
366613.0048465116
10
1222739.3403143955
20
366612.75191179855
10
1222739.3619173758
20
366612.66416091705
10
1222739.4255111516
20
366612.4331639244
10
1222739.5310957227
20
366612.05892082053
10
1222739.6786710892
20
366611.5414316055
10
1222739.8682372512
20
366610.88069627946
10
1222739.9630203322
20
366610.32645503816
10
1222739.9630203322
20
366609.8787078817
10
1222739.8682372512
20
366609.5374548102
10
1222739.6786710895
20
366609.3026958236
10
1222739.4315446303
20
366608.99819477834
10
1222739.1268578735
20
366608.62395167456
10
1222738.7646108195
20
366608.17996651214
10
1222738.3448034683
20
366607.66623929096
10
1222737.9477782408
20
366607.23300219426
10
1222737.5735351369
20
366606.88025522185
10
1222737.2220741566
20
366606.6079983738
10
1222736.8933953005
20
366606.41623165
10
1222736.4597646063
20
366606.16324656294
10
1222735.9211820741
20
366605.84904311254
10
1222735.2776477044
20
366605.47362129885
10
1222734.529161497
20
366605.03698112187
10
1222733.915803411
20
366604.67948116246
10
1222733.4375734464
20
366604.4011214205
10
1222733.094471604
20
366604.20190189604
10
1222732.8864978831
20
366604.08182258916
10
1222732.595389471
20
366603.91546216124
10
1222732.221146367
20
366603.70282061223
10
1222731.7637685717
20
366603.44389794226
10
1222731.2232560848
20
366603.13869415113
10
1222730.6307501676
20
366602.8163245856
10
1222729.9862508206
20
366602.47678924544
10
1222729.289758043
20
366602.12008813076
10
1222728.5412718356
20
366601.74622124154
10
1222727.9199631282
20
366601.4484671928
10
1222727.425831921
20
366601.2268259845
10
1222727.058878214
20
366601.0812976166
10
1222726.8191020077
20
366601.0118820892
10
1222726.5120923524
20
366600.93337208935
10
1222726.1378492487
20
366600.8457676169
10
1222725.6963726962
20
366600.74906867195
10
1222725.187662695
20
366600.6432752546
10
1222724.6190086424
20
366600.5593172121
10
1222723.9904105377
20
366600.4971945444
10
1222723.3018683817
20
366600.45690725185
10
1222722.5533821743
20
366600.43845533417
10
1222721.8048959668
20
366600.4021464508
10
1222721.056409759
20
366600.34798060195
10
1222720.3079235512
20
366600.27595778735
10
1222719.5594373434
20
366600.18607800716
10
1222718.8109511356
20
366600.03417348803
10
1222718.0624649278
20
366599.82024423004
10
1222717.3139787202
20
366599.5442902331
10
1222716.565492513
20
366599.20631149726
10
1222715.9569743183
20
366598.90373185626
10
1222715.4884241365
20
366598.6365513101
10
1222715.159841968
20
366598.4047698587
10
1222714.9712278123
20
366598.2083875022
10
1222714.7585261767
20
366597.87397918286
10
1222714.5217370605
20
366597.40154490084
10
1222714.2608604643
20
366596.7910846559
10
1222713.9758963878
20
366596.0425984483
10
1222713.7253140344
20
366595.29411224066
10
1222713.5091134047
20
366594.54562603286
10
1222713.327294498
20
366593.79713982524
10
1222713.1798573143
20
366593.0486536176
10
1222713.0374117289
20
366592.4154887455
10
1222712.899957741
20
366591.89764520904
10
1222712.767495351
20
366591.4951230081
10
1222712.6400245586
20
366591.20792214276
10
1222712.491296072
20
366590.8772001582
10
1222712.3213098906
20
366590.5029570543
10
1222712.1300660148
20
366590.08519283123
10
1222711.9175644445
20
366589.6239074889
10
1222711.6241921075
20
366589.11288427113
10
1222711.2499490036
20
366588.55212317803
10
1222710.794835133
20
366587.94162420946
10
1222710.2588504958
20
366587.2813873654
10
1222709.8366382245
20
366586.76414739154
10
1222709.528198319
20
366586.38990428776
10
1222709.3335307797
20
366586.15865805396
10
1222709.252635606
20
366586.07040869026
10
1222709.0250664675
20
366585.86290577217
10
1222708.6508233636
20
366585.53614929947
10
1222708.1299062946
20
366585.0901392725
10
1222707.4623152604
20
366584.5248756913
10
1222706.8856106498
20
366584.05512234865
10
1222706.3997924624
20
366583.6808792448
10
1222706.0048606985
20
366583.4021463797
10
1222705.7008153577
20
366583.2189237534
10
1222705.3616711358
20
366582.98611529404
10
1222704.9874280319
20
366582.7037210015
10
1222704.5780860463
20
366582.37174087594
10
1222704.1336451792
20
366581.9901749172
10
1222703.747585943
20
366581.6122703859
10
1222703.419908338
20
366581.2380272821
10
1222703.1506123638
20
366580.8674456057
10
1222702.9396980207
20
366580.50052535674
10
1222702.753638911
20
366580.0382136181
10
1222702.5924350345
20
366579.4805103899
10
1222702.4560863916
20
366578.8274156719
10
1222702.3445929824
20
366578.0789294642
10
1222702.2704962739
20
366577.33044325653
10
1222702.233796266
20
366576.58195704885
10
1222702.2344929592
20
366575.8334708412
10
1222702.2725863536
20
366575.0849846335
10
1222702.315685815
20
366574.3364984258
10
1222702.3637913438
20
366573.5880122182
10
1222702.4169029396
20
366572.8395260105
10
1222702.4750206028
20
366572.0910398028
10
1222702.448860933
20
366571.34255359514
10
1222702.3384239303
20
366570.5940673875
10
1222702.1437095948
20
366569.84558117983
10
1222701.8647179266
20
366569.0970949721
10
1222701.5946497144
20
366568.48058822623
10
1222701.333504958
20
366567.99606094207
10
1222701.0812836578
20
366567.6435131198
10
1222700.8379858136
20
366567.42294475925
10
1222700.4683908788
20
366567.16301465576
10
1222699.972498853
20
366566.86372280936
10
1222699.350309736
20
366566.52506922
10
1222698.6018235288
20
366566.1470538877
10
1222697.853337321
20
366565.8575578241
10
1222697.1048511132
20
366565.6565810292
10
1222696.3563649056
20
366565.54412350286
10
1222695.607878698
20
366565.5201852452
10
1222694.8785089427
20
366565.6578620396
10
1222694.1682556393
20
366565.957153886
10
1222693.4771187885
20
366566.4180607844
10
1222692.8050983897
20
366567.0405827349
10
1222692.2819666385
20
366567.521853878
10
1222691.9077235346
20
366567.86187421373
10
1222691.6823690783
20
366568.0606437421
10
1222691.6059032693
20
366568.11816246307
10
1222691.3614323607
20
366568.32523578964
10
1222690.9489563522
20
366568.6818637217
10
1222690.3684752441
20
366569.1880462593
10
1222689.6199890368
20
366569.84378340247
10
1222689.0468364214
20
366570.34439384565
10
1222688.6490173978
20
366570.68987758906
10
1222688.4265319668
20
366570.8802346325
10
1222688.3793801276
20
366570.915464976
10
1222688.1686826563
20
366571.02532760287
10
1222687.7944395524
20
366571.20982251316
10
1222687.2566508162
20
366571.46894970664
10
1222686.5553164475
20
366571.80270918354
10
1222685.842194119
20
366572.15369805024
10
1222685.1172838307
20
366572.5219163066
10
1222684.3805855827
20
366572.90736395284
10
1222683.6320993754
20
366573.31004098884
10
1222683.0670636375
20
366573.6150611895
10
1222682.6854783692
20
366573.82242455496
10
1222682.4873435707
20
366573.9321310851
10
1222682.4726592419
20
366573.94418077986
10
1222682.2781955258
20
366574.09011405776
10
1222681.903952422
20
366574.3699309189
10
1222681.3499299306
20
366574.7836313632
10
1222680.6161280517
20
366575.3312153906
10
1222679.9894540617
20
366575.79212895624
10
1222679.4699079609
20
366576.1663720601
10
1222679.057489749
20
366576.45394470205
10
1222678.7521994263
20
366576.6548468824
10
1222678.412432713
20
366576.88674931496
10
1222678.038189609
20
366577.14965199993
10
1222677.6294701146
20
366577.4435549372
10
1222677.18627423
20
366577.76845812675
10
1222676.7226467913
20
366578.1180312735
10
1222676.2385877988
20
366578.4922743774
10
1222675.7340972526
20
366578.8911874383
10
1222675.2091751532
20
366579.31477045635
10
1222674.7595925513
20
366579.71255099005
10
1222674.3853494474
20
366580.08452903945
10
1222674.0864458415
20
366580.4307046045
10
1222673.8628817336
20
366580.75107768516
10
1222673.6362542163
20
366581.09838577744
10
1222673.4065632897
20
366581.47262888134
10
1222673.1738089537
20
366581.87380699674
10
1222672.9379912089
20
366582.30192012363
10
1222672.6760564116
20
366582.81012652075
10
1222672.3880045624
20
366583.39842618804
10
1222672.073835661
20
366584.0668191255
10
1222671.7335497076
20
366584.8153053332
10
1222671.4352396154
20
366585.4804603316
10
1222671.1789053841
20
366586.0622841207
10
1222670.9645470139
20
366586.5607767006
10
1222670.7921645048
20
366586.9759380713
10
1222670.6004087436
20
366587.3706403086
10
1222670.3892797302
20
366587.7448834124
10
1222670.1587774646
20
366588.0986673828
10
1222669.908901947
20
366588.4319922199
10
1222669.5968426364
20
366588.8172930003
10
1222669.2225995325
20
366589.254569724
10
1222668.7861726356
20
366589.74382239126
10
1222668.2875619456
20
366590.28505100193
10
1222667.8637698807
20
366590.74278685916
10
1222667.514796441
20
366591.11702996294
10
1222667.2406416265
20
366591.4077803134
10
1222667.0413054377
20
366591.6150379105
10
1222666.7545157913
20
366591.89680912014
10
1222666.3802726874
20
366592.2530939423
10
1222665.9185761262
20
366592.68389237707
10
1222665.3694261077
20
366593.1892044243
10
1222664.9055430768
20
366593.6289819999
10
1222664.5269270337
20
366594.0032251037
10
1222664.2335779786
20
366594.31193373585
10
1222664.0254959112
20
366594.5551078962
10
1222663.7343333256
20
366594.8626703909
10
1222663.360090222
20
366595.23462122
10
1222662.9027665998
20
366595.6709603834
10
1222662.3623624595
20
366596.1716878812
10
1222661.8944959298
20
366596.609173182
10
1222661.4991670107
20
366596.9834162858
10
1222661.1763757023
20
366597.2944171927
10
1222660.9261220044
20
366597.54217590264
10
1222660.6138736038
20
366597.81813785713
10
1222660.2396304999
20
366598.1223030563
10
1222659.803392693
20
366598.45467150013
10
1222659.305160183
20
366598.8152431885
10
1222658.7730407177
20
366599.1826505846
10
1222658.207034297
20
366599.55689368845
10
1222657.607140921
20
366599.9379725
10
1222656.9733605892
20
366600.3258870193
10
1222656.4693488716
20
366600.6313798434
10
1222656.0951057677
20
366600.85445097234
10
1222655.8506312778
20
366600.9951004061
10
1222655.7359254018
20
366601.0533281447
10
1222655.462774443
20
366601.2054245628
10
1222655.0311784009
20
366601.45138966036
10
1222654.4411372761
20
366601.7912234374
10
1222653.6926510683
20
366602.22492589394
10
1222653.0254873037
20
366602.61434173945
10
1222652.4396459823
20
366602.95947097393
10
1222651.9351271042
20
366603.26031359745
10
1222651.5119306687
20
366603.51686961
10
1222651.1132108993
20
366603.75989810727
10
1222650.7389677954
20
366603.98939908925
10
1222650.3892013573
20
366604.205372556
10
1222650.063911585
20
366604.40781850746
10
1222649.6328227036
20
366604.6586429134
10
1222649.0959347137
20
366604.9578457738
10
1222648.4532476147
20
366605.3054270886
10
1222647.7047614073
20
366605.70138685784
10
1222647.0430683298
20
366606.03587680653
10
1222646.4681683825
20
366606.3088969346
10
1222645.9800615655
20
366606.52044724213
10
1222645.578747879
20
366606.67052772915
10
1222645.190969484
20
366606.81472797215
10
1222644.81672638
20
366606.9530479711
10
1222644.4560185676
20
366607.08548772626
10
1222644.1088460465
20
366607.21204723744
10
1222643.6613451038
20
366607.353256857
10
1222643.1135157393
20
366607.5091165849
10
1222642.4653579532
20
366607.6796264213
10
1222641.716871746
20
366607.8647863661
10
1222640.968385538
20
366608.0742334979
10
1222640.2198993305
20
366608.3079678166
10
1222639.471413123
20
366608.56598932226
0
LWPOLYLINE
5
3B
330
C
100
AcDbEntity
8
C-TOPO-MAJR-E
100
AcDbPolyline
90
77
70
0
43
0
38
0
39
0
10
1222639.471413123
20
366730.0966267749
10
1222640.0365465202
20
366729.89145342377
10
1222640.418327107
20
366729.7509670416
10
1222640.616754884
20
366729.6751676283
10
1222640.63182985
20
366729.6640551839
10
1222640.7342267586
20
366729.4685992987
10
1222640.923945609
20
366729.08879997267
10
1222641.200986402
20
366728.5246572058
10
1222641.565349137
20
366727.7761709981
10
1222641.898085439
20
366727.02768479043
10
1222642.1991953081
20
366726.27919858287
10
1222642.4686787445
20
366725.5307123752
10
1222642.7065357477
20
366724.7822261675
10
1222642.917726376
20
366724.14306758967
10
1222643.1022506293
20
366723.6132366417
10
1222643.2601085075
20
366723.1927333235
10
1222643.3913000103
20
366722.8815576352
10
1222643.5194341769
20
366722.5388482391
10
1222643.6445110068
20
366722.1646051353
10
1222643.7665305003
20
366721.7588283237
10
1222643.885492657
20
366721.32151780435
10
1222644.00628519
20
366720.8064133629
10
1222644.1289080987
20
366720.21351499937
10
1222644.2533613832
20
366719.5428227138
10
1222644.3796450438
20
366718.7943365061
10
1222644.4921335059
20
366718.0458502984
10
1222644.59082677
20
366717.2973640908
10
1222644.6757248356
20
366716.5488778831
10
1222644.7468277032
20
366715.8003916754
10
1222644.809059005
20
366715.0519054677
10
1222644.8624187412
20
366714.3034192601
10
1222644.9069069119
20
366713.5549330524
10
1222644.9425235167
20
366712.80644684477
10
1222644.9494443065
20
366712.05796063715
10
1222644.9276692807
20
366711.30947442935
10
1222644.8771984396
20
366710.5609882217
10
1222644.7980317832
20
366709.8125020141
10
1222644.6837785954
20
366709.0640158064
10
1222644.5344388762
20
366708.3155295988
10
1222644.350012626
20
366707.5670433911
10
1222644.130499845
20
366706.8185571834
10
1222643.9525437958
20
366706.21238001424
10
1222643.816144479
20
366705.74851188384
10
1222643.7213018946
20
366705.426952792
10
1222643.668016043
20
366705.2477027386
10
1222643.5885726744
20
366704.9709561601
10
1222643.4829717893
20
366704.5967130563
10
1222643.3512133877
20
366704.12497342716
10
1222643.1932974695
20
366703.5557372727
10
1222643.047388388
20
366702.941688605
10
1222642.913486143
20
366702.282827424
10
1222642.7915907349
20
366701.57915372966
10
1222642.681702163
20
366700.830667522
10
1222642.584567451
20
366700.0821813143
10
1222642.500186598
20
366699.3336951067
10
1222642.4285596046
20
366698.585208899
10
1222642.3696864708
20
366697.8367226913
10
1222642.3023597384
20
366697.0882364836
10
1222642.2265794077
20
366696.33975027606
10
1222642.1423454788
20
366695.5912640684
10
1222642.049657951
20
366694.8427778607
10
1222641.9429436834
20
366694.094291653
10
1222641.8222026755
20
366693.3458054454
10
1222641.6874349278
20
366692.5973192377
10
1222641.53864044
20
366691.84883303003
10
1222641.382633373
20
366691.10034682235
10
1222641.2194137268
20
366690.3518606147
10
1222641.0489815017
20
366689.60337440704
10
1222640.8713366978
20
366688.8548881993
10
1222640.7374326538
20
366688.29108117847
10
1222640.6472693693
20
366687.91195334453
10
1222640.6008468452
20
366687.7175046974
10
1222640.5981650806
20
366687.7077352371
10
1222640.5192030452
20
366687.51572895504
10
1222640.3639607383
20
366687.14148585114
10
1222640.1324381605
20
366686.58500592556
10
1222639.824635311
20
366685.8462891782
0
LWPOLYLINE
5
3C
330
C
100
AcDbEntity
8
C-TOPO-MAJR-E
100
AcDbPolyline
90
463
70
0
43
0
38
0
39
0
10
1222820.605075379
20
366641.95187500044
10
1222819.856589171
20
366641.7639405891
10
1222819.1081029633
20
366641.5958652781
10
1222818.359616756
20
366641.4476490675
10
1222817.6111305482
20
366641.29872415867
10
1222816.8626443404
20
366641.14909055154
10
1222816.1141581326
20
366640.99874824623
10
1222815.3656719252
20
366640.8476972427
10
1222814.6557014906
20
366640.68490404374
10
1222813.9842468288
20
366640.5103686494
10
1222813.3513079402
20
366640.3240910597
10
1222812.756884825
20
366640.1260712746
10
1222812.2725517154
20
366639.96586059633
10
1222811.8983086115
20
366639.8434590251
10
1222811.6341555135
20
366639.75886656065
10
1222811.4800924212
20
366639.7120832032
10
1222811.1774235503
20
366639.57189633435
10
1222810.7261489
20
366639.3383059541
10
1222810.1262684714
20
366639.0113120626
10
1222809.377782264
20
366638.5909146597
10
1222808.7280687776
20
366638.20529024577
10
1222808.1771280123
20
366637.8544388207
10
1222807.7249599684
20
366637.53836038447
10
1222807.3715646456
20
366637.2570549372
10
1222807.0077454322
20
366636.9325888737
10
1222806.6335023285
20
366636.56496219407
10
1222806.248835334
20
366636.1541748983
10
1222805.853744449
20
366635.70022698643
10
1222805.45771798
20
366635.28613147856
10
1222805.0607559267
20
366634.9118883747
10
1222804.6628582892
20
366634.5774976749
10
1222804.2640250677
20
366634.2829593792
10
1222803.877486905
20
366633.98837988527
10
1222803.5032438012
20
366633.6937591931
10
1222803.1412957562
20
366633.3990973028
10
1222802.7916427702
20
366633.1043942143
10
1222802.3422814787
20
366632.8585504401
10
1222801.7932118818
20
366632.6615659803
10
1222801.1444339794
20
366632.5134408349
10
1222800.3959477716
20
366632.41417500377
10
1222799.647461564
20
366632.40069758194
10
1222798.8989753565
20
366632.4730085694
10
1222798.1504891487
20
366632.6311079661
10
1222797.4020029414
20
366632.87499577214
10
1222796.7873974456
20
366633.095431905
10
1222796.306672662
20
366633.2924163648
10
1222795.95982859
20
366633.46594915155
10
1222795.7468652304
20
366633.6160302651
10
1222795.4532619985
20
366633.80714963574
10
1222795.0790188946
20
366634.03930726345
10
1222794.624135919
20
366634.31250314816
10
1222794.0886130708
20
366634.6267372898
10
1222793.4998493828
20
366634.83190397936
10
1222792.8578448552
20
366634.9280032169
10
1222792.1625994872
20
366634.9150350023
10
1222791.41411328
20
366634.79299933556
10
1222790.8098345692
20
366634.6534229668
10
1222790.3497633557
20
366634.4963058959
10
1222790.0338996395
20
366634.32164812303
10
1222789.8622434207
20
366634.129449648
10
1222789.6522425944
20
366633.7981792399
10
1222789.4038971611
20
366633.3278368986
10
1222789.1172071209
20
366632.7184226241
10
1222788.7921724734
20
366631.9699364164
10
1222788.4854476526
20
366631.23682845413
10
1222788.1970326582
20
366630.51909873716
10
1222787.9269274904
20
366629.8167472656
10
1222787.6751321494
20
366629.1297740394
10
1222787.4811563087
20
366628.59916587436
10
1222787.344999969
20
366628.2249227705
10
1222787.26666313
20
366628.00704472786
10
1222787.2461457914
20
366627.94553174643
10
1222787.0846405586
20
366627.7122754584
10
1222786.7821474308
20
366627.30727586383
10
1222786.3386664086
20
366626.7305329627
10
1222785.754197492
20
366625.9820467551
10
1222785.2799708163
20
366625.39442455943
10
1222784.9159863815
20
366624.9676663757
10
1222784.6622441881
20
366624.701772204
10
1222784.5187442356
20
366624.5967420444
10
1222784.2239977194
20
366624.3657371799
10
1222783.7780046393
20
366624.00875761046
10
1222783.1807649953
20
366623.5258033362
10
1222782.432278788
20
366622.91687435703
10
1222781.8590776166
20
366622.4515458555
10
1222781.4611614812
20
366622.12981783145
10
1222781.238530382
20
366621.95169028506
10
1222781.191184319
20
366621.91716321616
10
1222780.9803897357
20
366621.79729412915
10
1222780.6061466318
20
366621.5920830241
10
1222780.0684550074
20
366621.30152990087
10
1222779.3673148626
20
366620.9256347595
10
1222778.7140843412
20
366620.5505656369
10
1222778.1087634433
20
366620.17632253305
10
1222777.5513521687
20
366619.80290544796
10
1222777.0418505175
20
366619.43031438167
10
1222776.5999781399
20
366619.1145585121
10
1222776.2257350362
20
366618.85563783936
10
1222775.919121206
20
366618.65355236334
10
1222775.6801366496
20
366618.5083020841
10
1222775.3195518595
20
366618.2485553926
10
1222774.8373668352
20
366617.87431228877
10
1222774.2335815774
20
366617.38557277265
10
1222773.5081960862
20
366616.78233684413
10
1222772.9583817883
20
366616.32571283705
10
1222772.5841386847
20
366616.01570075145
10
1222772.3854667747
20
366615.8523005872
10
1222772.3623660582
20
366615.8355123446
10
1222772.1579189692
20
366615.69086518895
10
1222771.7721255075
20
366615.4183591204
10
1222771.2049856726
20
366615.01799413905
10
1222770.456499465
20
366614.48977024487
10
1222769.8390743926
20
366614.04273380653
10
1222769.352710455
20
366613.6768848241
10
1222768.997407653
20
366613.39222329756
10
1222768.7731659857
20
366613.18874922686
10
1222768.4739236003
20
366612.9309074654
10
1222768.0996804964
20
366612.6186980131
10
1222767.6504366742
20
366612.25212086993
10
1222767.1261921339
20
366611.8311760359
10
1222766.6428863795
20
366611.433582067
10
1222766.2005194114
20
366611.05933896324
10
1222765.7990912297
20
366610.70844672446
10
1222765.4386018338
20
366610.38090535067
10
1222765.071235584
20
366610.05451267003
10
1222764.6969924802
20
366609.7292686824
10
1222764.3158725223
20
366609.40517338784
10
1222763.9278757104
20
366609.0822267862
10
1222763.4690365342
20
366608.73363193346
10
1222762.9393549939
20
366608.3593888297
10
1222762.3388310894
20
366607.9594974747
10
1222761.6674648211
20
366607.5339578686
10
1222761.1446601348
20
366607.20344484167
10
1222760.770417031
20
366606.9679583941
10
1222760.5447355094
20
366606.82749852556
10
1222760.4676155704
20
366606.78206523624
10
1222760.222654064
20
366606.6289183509
10
1222759.8098509903
20
366606.36805786955
10
1222759.2292063497
20
366605.9994837921
10
1222758.4807201424
20
366605.52319611865
10
1222757.8295785077
20
366605.1092890523
10
1222757.2757814461
20
366604.7577625931
10
1222756.8193289572
20
366604.46861674107
10
1222756.4602210417
20
366604.24185149616
10
1222756.0935455319
20
366604.01416080166
10
1222755.719302428
20
366603.78554465756
10
1222755.3374917302
20
366603.55600306386
10
1222754.9481134382
20
366603.3255360206
10
1222754.4689581674
20
366603.03779811034
10
1222753.9000259174
20
366602.69278933306
10
1222753.2413166887
20
366602.29050968884
10
1222752.492830481
20
366601.83095917763
10
1222751.9114738125
20
366601.4716791309
10
1222751.4972466836
20
366601.2126695487
10
1222751.2501490943
20
366601.053930431
10
1222751.1701810444
20
366600.99546177784
10
1222750.9430754674
20
366600.8410964923
10
1222750.5688323635
20
366600.5908345744
10
1222750.0474517327
20
366600.24467602413
10
1222749.3789335752
20
366599.8026208415
10
1222748.762188836
20
366599.39447169827
10
1222748.197217515
20
366599.0202285944
10
1222747.6840196124
20
366598.67989152996
10
1222747.2225951282
20
366598.3734605049
10
1222746.8047613343
20
366598.09709654865
10
1222746.4305182304
20
366597.85079966125
10
1222746.0998658168
20
366597.6345698426
10
1222745.8128040931
20
366597.4484070927
10
1222745.4103862487
20
366597.1962018709
10
1222744.892612283
20
366596.8779541771
10
1222744.2594821963
20
366596.49366401136
10
1222743.510995989
20
366596.0433313737
10
1222742.9038875017
20
366595.6775841904
10
1222742.4381567347
20
366595.3964224615
10
1222742.1138036882
20
366595.199846187
10
1222741.9308283622
20
366595.0878553669
10
1222741.6522191474
20
366594.9113923316
10
1222741.2779760435
20
366594.67045708105
10
1222740.8080990508
20
366594.36504961527
10
1222740.2425881692
20
366593.99516993435
10
1222739.6809722073
20
366593.62310854194
10
1222739.1232511653
20
366593.24886543816
10
1222738.5694250432
20
366592.8724406229
10
1222738.019493841
20
366592.4938340961
10
1222737.557406688
20
366592.17010743363
10
1222737.1831635842
20
366591.90126063547
10
1222736.8967645294
20
366591.6872937014
10
1222736.6982095242
20
366591.5282066316
10
1222736.3732000901
20
366591.2615415448
10
1222735.9217362278
20
366590.8872984409
10
1222735.343817937
20
366590.4054773201
10
1222734.6394452176
20
366589.8160781822
10
1222734.100137306
20
366589.3627599305
10
1222733.725894202
20
366589.04552256496
10
1222733.5167159059
20
366588.8643660856
10
1222733.4726024177
20
366588.8192904924
10
1222733.2523957496
20
366588.6399996528
10
1222732.8560959015
20
366588.32649356686
10
1222732.2837028736
20
366587.8787722344
10
1222731.5352166663
20
366587.29683565575
10
1222730.9386652494
20
366586.83001471276
10
1222730.494048623
20
366586.4783094054
10
1222730.2013667875
20
366586.2417197339
10
1222730.0606197428
20
366586.12024569826
10
1222729.8031246685
20
366585.8882902332
10
1222729.4288815646
20
366585.5458533389
10
1222728.9378904311
20
366585.09293501533
10
1222728.3301512683
20
366584.5295352625
10
1222727.835087994
20
366584.06071383413
10
1222727.4527006084
20
366583.68647073035
10
1222727.1829891114
20
366583.40680595103
10
1222727.0259535029
20
366583.2217194962
10
1222726.760314147
20
366582.92543351464
10
1222726.386071043
20
366582.5179480064
10
1222725.9032241916
20
366581.99926297134
10
1222725.3117735921
20
366581.3693784096
10
1222724.8283218043
20
366580.8673145768
10
1222724.4528688276
20
366580.49307147297
10
1222724.1854146624
20
366580.2466490981
10
1222724.0259593085
20
366580.12804745225
10
1222723.7591100796
20
366579.87594728766
10
1222723.384866976
20
366579.4903486043
10
1222722.903229997
20
366578.97125140217
10
1222722.3141991433
20
366578.31865568145
10
1222721.8563193497
20
366577.80523626914
10
1222721.529590617
20
366577.43099316524
10
1222721.3340129443
20
366577.19592636987
10
1222721.2695863317
20
366577.100035883
10
1222721.1521430556
20
366576.84099646594
10
1222720.981683115
20
366576.4188081187
10
1222720.7582065107
20
366575.8334708412
10
1222720.4817132424
20
366575.0849846335
10
1222720.2501670741
20
366574.3364984258
10
1222720.0635680058
20
366573.5880122182
10
1222719.9219160376
20
366572.8395260105
10
1222719.8252111697
20
366572.0910398028
10
1222719.7379207762
20
366571.34255359514
10
1222719.6600448578
20
366570.5940673875
10
1222719.5915834138
20
366569.84558117983
10
1222719.5325364445
20
366569.0970949721
10
1222719.4727068234
20
366568.3486087644
10
1222719.4120945507
20
366567.6001225568
10
1222719.350699626
20
366566.8516363491
10
1222719.2885220496
20
366566.1031501415
10
1222719.2292656659
20
366565.35466393386
10
1222719.1729304753
20
366564.60617772606
10
1222719.1195164772
20
366563.85769151844
10
1222719.0690236723
20
366563.1092053108
10
1222719.0238164586
20
366562.36071910313
10
1222718.9838948364
20
366561.61223289545
10
1222718.949258806
20
366560.86374668777
10
1222718.919908367
20
366560.1152604801
10
1222718.8909264524
20
366559.3667742724
10
1222718.8623130622
20
366558.6182880648
10
1222718.8340681964
20
366557.8698018571
10
1222718.8061918546
20
366557.12131564936
10
1222718.781116805
20
366556.3728294417
10
1222718.7588430475
20
366555.62434323406
10
1222718.7393705822
20
366554.8758570264
10
1222718.7226994084
20
366554.1273708187
10
1222718.7140489938
20
366553.378884611
10
1222718.7134193382
20
366552.6303984034
10
1222718.7208104413
20
366551.8819121957
10
1222718.7362223035
20
366551.133425988
10
1222718.7593208575
20
366550.38493978034
10
1222718.7901061038
20
366549.6364535728
10
1222718.8285780416
20
366548.8879673651
10
1222718.8747366718
20
366548.1394811574
10
1222718.9020751198
20
366547.39099494973
10
1222718.9105933853
20
366546.6425087421
10
1222718.900291469
20
366545.8940225344
10
1222718.8711693706
20
366545.14553632675
10
1222718.8249041596
20
366544.47949815553
10
1222718.7614958365
20
366543.89590802067
10
1222718.6809444013
20
366543.39476592233
10
1222718.5832498535
20
366542.9760718604
10
1222718.4786675365
20
366542.5796032775
10
1222718.3671974505
20
366542.2053601737
10
1222718.2488395951
20
366541.8533425489
10
1222718.1235939707
20
366541.52355040313
10
1222717.9204280232
20
366541.0890847419
10
1222717.6393417534
20
366540.54994556523
10
1222717.280335161
20
366539.90613287303
10
1222716.8434082451
20
366539.1576466653
10
1222716.4691346418
20
366538.51547302137
10
1222716.15751435
20
366537.9796119412
10
1222715.9085473705
20
366537.55006342474
10
1222715.722233703
20
366537.22682747204
10
1222715.462363133
20
366536.87808794377
10
1222715.1289356612
20
366536.50384484
10
1222714.721951287
20
366536.1040981606
10
1222714.2414100107
20
366535.6788479056
10
1222713.8140178206
20
366535.3062387295
10
1222713.4397747167
20
366534.9862706323
10
1222713.118680699
20
366534.71894361393
10
1222712.8507357675
20
366534.50425767445
10
1222712.462655517
20
366534.3437194927
10
1222711.9544399476
20
366534.2373290687
10
1222711.326089059
20
366534.18508640246
10
1222710.5776028514
20
366534.18699149403
10
1222709.8962494908
20
366534.24161552463
10
1222709.2820289775
20
366534.3489584944
10
1222708.7349413112
20
366534.50902040326
10
1222708.2549864915
20
366534.7218012512
10
1222707.82788753
20
366534.903998061
10
1222707.4536444263
20
366535.0556108328
10
1222707.1322571803
20
366535.17663956643
10
1222706.8637257917
20
366535.26708426187
10
1222706.4752056985
20
366535.3952895987
10
1222705.9666969005
20
366535.5612555768
10
1222705.3381993975
20
366535.76498219615
10
1222704.5897131902
20
366536.0064694569
10
1222703.8412269824
20
366536.25037119695
10
1222703.0927407746
20
366536.49668741634
10
1222702.3442545668
20
366536.74541811517
10
1222701.5957683595
20
366536.99656329333
10
1222700.9656043039
20
366537.2262744453
10
1222700.4537624
20
366537.43455157103
10
1222700.0602426482
20
366537.6213946705
10
1222699.7850450487
20
366537.78680374386
10
1222699.4603246967
20
366537.98744505626
10
1222699.086081593
20
366538.2233186078
10
1222698.6623157372
20
366538.49442439846
10
1222698.189027129
20
366538.8007624282
10
1222697.679928822
20
366539.141052995
10
1222697.1350208162
20
366539.5152960989
10
1222696.5543031115
20
366539.9234917398
10
1222695.9377757073
20
366540.36563991767
10
1222695.4423904535
20
366540.72279625706
10
1222695.0681473499
20
366540.9949607578
10
1222694.815046396
20
366541.1821334201
10
1222694.6830875922
20
366541.28431424376
10
1222694.3969969377
20
366541.5095601375
10
1222693.9567744317
20
366541.85787110147
10
1222693.362420075
20
366542.32924713544
10
1222692.6139338673
20
366542.92368823953
10
1222692.0390336798
20
366543.38248513755
10
1222691.637719513
20
366543.70563782955
10
1222691.4099913659
20
366543.89314631553
10
1222691.3558492393
20
366543.9450105954
10
1222691.165202714
20
366544.17103035725
10
1222690.83805179
20
366544.57120560104
10
1222690.3743964673
20
366545.14553632675
10
1222689.7742367461
20
366545.8940225344
10
1222689.3005708652
20
366546.47809865605
10
1222688.9533988247
20
366546.8977646916
10
1222688.7327206247
20
366547.1530206411
10
1222688.6385362647
20
366547.2438665046
10
1222688.380776443
20
366547.47271019267
10
1222687.9594411594
20
366547.83955170546
10
1222687.3745304137
20
366548.3443910429
10
1222686.6260442059
20
366548.9872282049
10
1222686.059922392
20
366549.473056872
10
1222685.6761649721
20
366549.80187704414
10
1222685.474771946
20
366549.97368872125
10
1222685.4557433135
20
366549.9884919033
10
1222685.2591074456
20
366550.11650027835
10
1222684.8848643417
20
366550.3577138462
10
1222684.333014002
20
366550.7121326069
10
1222683.6035564267
20
366551.1797565605
10
1222682.9620845946
20
366551.6006900892
10
1222682.4085985057
20
366551.974933193
10
1222681.9430981602
20
366552.302485872
10
1222681.5655835578
20
366552.5833481261
10
1222681.189704705
20
366552.8619542157
10
1222680.8154616011
20
366553.13830414077
10
1222680.4428542466
20
366553.4123979013
10
1222680.071882641
20
366553.6842354974
10
1222679.6780132065
20
366554.00727584737
10
1222679.2612459424
20
366554.38151895115
10
1222678.8215808491
20
366554.8069648089
10
1222678.3590179267
20
366555.2836134205
10
1222677.9406149136
20
366555.7649394838
10
1222677.5663718097
20
366556.2509429988
10
1222677.2362886153
20
366556.7416239655
10
1222676.95036533
20
366557.2369823839
10
1222676.7092240467
20
366557.67178314505
10
1222676.5128647643
20
366558.04602624883
10
1222676.3612874835
20
366558.3597116954
10
1222676.2544922042
20
366558.6128394847
10
1222676.1910018187
20
366558.98980687856
10
1222676.1708163272
20
366559.490613877
10
1222676.1939357296
20
366560.1152604801
10
1222676.2603600258
20
366560.8637466878
10
1222676.3202709937
20
366561.5141168623
10
1222676.3736686334
20
366562.0663710037
10
1222676.4205529448
20
366562.52050911187
10
1222676.4609239278
20
366562.8765311869
10
1222676.500750437
20
366563.2416637764
10
1222676.540032472
20
366563.6159068802
10
1222676.578770033
20
366563.99926049844
10
1222676.6169631202
20
366564.3917246311
10
1222676.6360596637
20
366564.71534439386
10
1222676.6360596637
20
366564.9701197869
10
1222676.6169631202
20
366565.1560508102
10
1222676.578770033
20
366565.2731374636
10
1222676.4895279293
20
366565.5188023423
10
1222676.3492368087
20
366565.8930454461
10
1222676.1578966717
20
366566.39586677507
10
1222675.9155075175
20
366567.0272663293
10
1222675.6071913887
20
366567.6031304853
10
1222675.232948285
20
366568.12345924287
10
1222674.792778206
20
366568.5882526023
10
1222674.2866811524
20
366568.99751056347
10
1222673.7199868099
20
366569.35157332383
10
1222673.0926951794
20
366569.6504408833
10
1222672.40480626
20
366569.8941132419
10
1222671.6563200527
20
366570.0825903998
10
1222670.907833845
20
366570.22688994184
10
1222670.159347637
20
366570.3270118681
10
1222669.4108614293
20
366570.3829561786
10
1222668.662375222
20
366570.39472287335
10
1222667.9138890142
20
366570.3983467658
10
1222667.1654028066
20
366570.39382785594
10
1222666.416916599
20
366570.3811661437
10
1222665.6684303912
20
366570.36036162917
10
1222664.9199441834
20
366570.3727831285
10
1222664.1714579756
20
366570.4184306416
10
1222663.422971768
20
366570.49730416865
10
1222662.6744855607
20
366570.60940370953
10
1222662.0882410854
20
366570.7054007071
10
1222661.6642383428
20
366570.7852951613
10
1222661.4024773324
20
366570.8490870722
10
1222661.3029580545
20
366570.89677643985
10
1222661.0660768638
20
366571.0133357679
10
1222660.6918337601
20
366571.1987650563
10
1222660.1802287432
20
366571.4530643051
10
1222659.5312618131
20
366571.77623351436
10
1222658.8852409602
20
366572.1249396709
10
1222658.2421661844
20
366572.4991827747
10
1222657.6020374852
20
366572.8989628259
10
1222656.9648548635
20
366573.32427982433
10
1222656.4591420004
20
366573.6645535825
10
1222656.0848988965
20
366573.91978410044
10
1222655.8421255518
20
366574.089971378
10
1222655.7308219662
20
366574.17511541524
10
1222655.460222725
20
366574.3533195173
10
1222655.0303278284
20
366574.62458368414
10
1222654.4411372761
20
366574.9889079156
10
1222653.6926510683
20
366575.44629221177
10
1222653.0068012245
20
366575.8408199025
10
1222652.3835877448
20
366576.17249098764
10
1222651.8230106286
20
366576.4413054673
10
1222651.325069876
20
366576.6472633415
10
1222650.8889779476
20
366576.83701095893
10
1222650.5147348437
20
366577.01054831943
10
1222650.2023405642
20
366577.1678754233
10
1222649.951795109
20
366577.3089922705
10
1222649.5767644658
20
366577.47012483736
10
1222649.0772486343
20
366577.65127312415
10
1222648.4532476147
20
366577.8524371307
10
1222647.7047614073
20
366578.07361685706
10
1222646.9562751995
20
366578.27018821734
10
1222646.2077889917
20
366578.4421512116
10
1222645.459302784
20
366578.5895058398
10
1222644.7108165766
20
366578.712252102
10
1222643.9623303688
20
366578.810964618
10
1222643.213844161
20
366578.88564338785
10
1222642.4653579532
20
366578.9362884116
10
1222641.716871746
20
366578.9628996893
10
1222640.968385538
20
366578.9945821109
10
1222640.2198993305
20
366579.03133567655
10
1222639.471413123
20
366579.0731603863
0
LWPOLYLINE
5
3D
330
C
100
AcDbEntity
8
C-TOPO-MAJR-E
100
AcDbPolyline
90
562
70
0
43
0
38
0
39
0
10
1222820.5453012404
20
366624.6740974501
10
1222820.4195136544
20
366624.5506174544
10
1222820.1755520147
20
366624.3017559046
10
1222819.8134163215
20
366623.92751280084
10
1222819.333106575
20
366623.4278881429
10
1222818.734622775
20
366622.80288193084
10
1222818.2482593232
20
366622.29368482187
10
1222817.8740162193
20
366621.9002968159
10
1222817.6118934634
20
366621.622717913
10
1222817.461891056
20
366621.46094811306
10
1222817.2221639878
20
366621.19294166117
10
1222816.8927122587
20
366620.8186985574
10
1222816.4735358693
20
366620.3382188016
10
1222815.9646348194
20
366619.7515023938
10
1222815.5230627423
20
366619.2365378387
10
1222815.1488196384
20
366618.7933251361
10
1222814.8419055077
20
366618.4218642862
10
1222814.6023203502
20
366618.1221552888
10
1222814.3251460362
20
366617.7851792383
10
1222814.0103825657
20
366617.4109361345
10
1222813.6580299388
20
366616.9994259774
10
1222813.2680881554
20
366616.55064876704
10
1222812.8859957121
20
366616.1234809068
10
1222812.5117526082
20
366615.7179223968
10
1222812.1453588442
20
366615.3339732369
10
1222811.7868144196
20
366614.9716334272
10
1222811.4100819821
20
366614.6033419704
10
1222811.0151615315
20
366614.2290988666
10
1222810.6020530676
20
366613.8489041157
10
1222810.1707565908
20
366613.46275771776
10
1222809.7679868005
20
366613.10189108015
10
1222809.3937436966
20
366612.76630420296
10
1222809.0480272793
20
366612.4559970862
10
1222808.7308375486
20
366612.1709697299
10
1222808.3565606233
20
366611.84133449977
10
1222807.9251965033
20
366611.46709139587
10
1222807.4367451887
20
366611.0482404183
10
1222806.8912066794
20
366610.5847815671
10
1222806.4313158728
20
366610.19159040716
10
1222806.057072769
20
366609.8686669386
10
1222805.768477368
20
366609.6160111615
10
1222805.5655296694
20
366609.4336230756
10
1222805.2301203655
20
366609.1553074808
10
1222804.7622494565
20
366608.78106437693
10
1222804.161916942
20
366608.3108937641
10
1222803.4291228226
20
366607.7447956422
10
1222802.875604211
20
366607.3153164861
10
1222802.5013611072
20
366607.02245629573
10
1222802.3063935111
20
366606.86621507106
10
1222802.290701423
20
366606.8465928122
10
1222802.091810805
20
366606.7156713371
10
1222801.7097216572
20
366606.4734506457
10
1222801.1444339794
20
366606.1199307381
10
1222800.3959477716
20
366605.6551116143
10
1222799.647461564
20
366605.30068358325
10
1222798.8989753565
20
366605.056646645
10
1222798.1504891487
20
366604.92300079955
10
1222797.4020029414
20
366604.89974604687
10
1222796.6535167336
20
366604.9672140555
10
1222795.9050305258
20
366605.12540482526
10
1222795.156544318
20
366605.37431835633
10
1222794.4080581106
20
366605.7139546486
10
1222793.7895492911
20
366606.0106968286
10
1222793.3010178604
20
366606.2645448964
10
1222792.9424638178
20
366606.47549885174
10
1222792.7138871634
20
366606.64355869486
10
1222792.4124772847
20
366606.848539663
10
1222792.0382341808
20
366607.0904417562
10
1222791.591157852
20
366607.36926497443
10
1222791.0712482985
20
366607.6850093177
10
1222790.4941945812
20
366607.91214531695
10
1222789.8599967007
20
366608.0506729723
10
1222789.1686546565
20
366608.1005922836
10
1222788.4201684492
20
366608.06190325087
10
1222787.6716822414
20
366607.9650709469
10
1222786.9231960338
20
366607.8100953716
10
1222786.1747098262
20
366607.59697652503
10
1222785.4262236184
20
366607.3257144071
10
1222784.8552992335
20
366607.12081952044
10
1222784.4619366713
20
366606.98229186516
10
1222784.2461359315
20
366606.91013144114
10
1222784.2078970145
20
366606.9043382484
10
1222784.001656004
20
366606.8728642198
10
1222783.6274129
20
366606.8157093553
10
1222783.085167703
20
366606.7328736548
10
1222782.3749204122
20
366606.62435711845
10
1222781.6551133925
20
366606.4709829694
10
1222780.9257466432
20
366606.27275120764
10
1222780.1868201648
20
366606.02966183325
10
1222779.438333957
20
366605.74171484617
10
1222778.7391649075
20
366605.43774893484
10
1222778.0893130158
20
366605.1177640992
10
1222777.4887782824
20
366604.7817603393
10
1222776.937560707
20
366604.4297376551
10
1222776.4748303676
20
366604.13693571877
10
1222776.1005872637
20
366603.9033545302
10
1222775.8148313956
20
366603.72899408947
10
1222775.6175627634
20
366603.61385439656
10
1222775.2824897373
20
366603.43801514106
10
1222774.8096123172
20
366603.20147632307
10
1222774.1989305033
20
366602.9042379424
10
1222773.4504442955
20
366602.54629999923
10
1222772.756298849
20
366602.2089943989
10
1222772.1164941634
20
366601.89232114144
10
1222771.531030239
20
366601.59628022695
10
1222770.999907076
20
366601.3208716555
10
1222770.5472239424
20
366601.0814424114
10
1222770.1729808385
20
366600.87799249485
10
1222769.8771777644
20
366600.7105219057
10
1222769.65981472
20
366600.579030644
10
1222769.309670885
20
366600.37688459817
10
1222768.826746259
20
366600.10408376815
10
1222768.2110408419
20
366599.7606281539
10
1222767.4625546345
20
366599.34651775553
10
1222766.8038667857
20
366598.9852138198
10
1222766.2349772959
20
366598.67671634676
10
1222765.755886165
20
366598.4210253365
10
1222765.366593393
20
366598.2181407888
10
1222764.9848254551
20
366598.0114141598
10
1222764.6105823512
20
366597.80084544944
10
1222764.2438640813
20
366597.58643465774
10
1222763.884670646
20
366597.3681817846
10
1222763.428154017
20
366597.1088191316
10
1222762.8743141952
20
366596.80834669876
10
1222762.2231511804
20
366596.466764486
10
1222761.474664973
20
366596.08407249325
10
1222760.8438121898
20
366595.76016816334
10
1222760.330592831
20
366595.4950514961
10
1222759.9350068965
20
366595.2887224915
10
1222759.657054387
20
366595.14118114964
10
1222759.3309565801
20
366594.9538823725
10
1222758.9567134762
20
366594.7268261601
10
1222758.5343250753
20
366594.4600125125
10
1222758.0637913775
20
366594.1534414296
10
1222757.5382050097
20
366593.81303433626
10
1222756.9575659717
20
366593.4387912325
10
1222756.3218742637
20
366593.03071211814
10
1222755.6311298858
20
366592.5887969933
10
1222755.0986361448
20
366592.2431720051
10
1222754.7243930409
20
366591.99383715354
10
1222754.5084005743
20
366591.84079243854
10
1222754.4506587447
20
366591.78403786005
10
1222754.2596084508
20
366591.5685390189
10
1222753.9352496925
20
366591.19429591513
10
1222753.47758247
20
366590.6613085486
10
1222752.8866067831
20
366589.9695769193
10
1222752.4039973877
20
366589.3950726983
10
1222752.0297542838
20
366588.93779588566
10
1222751.7638774717
20
366588.59774648125
10
1222751.6063669508
20
366588.37492448505
10
1222751.3959537991
20
366588.0763919351
10
1222751.1326380167
20
366587.7021488313
10
1222750.8164196035
20
366587.2521951736
10
1222750.4472985596
20
366586.72653096204
10
1222750.0756164857
20
366586.1967643533
10
1222749.7013733818
20
366585.6628953476
10
1222749.324569248
20
366585.1249239447
10
1222748.9452040845
20
366584.5828501447
10
1222748.625283247
20
366584.1246916928
10
1222748.3648067361
20
366583.750448589
10
1222748.1637745516
20
366583.4601208332
10
1222748.0221866935
20
366583.2537084255
10
1222747.8145749047
20
366582.9117775678
10
1222747.5409391848
20
366582.4343282602
10
1222747.2012795343
20
366581.8213605025
10
1222746.795595953
20
366581.0728742948
10
1222746.4410295747
20
366580.43511413253
10
1222746.1375804
20
366579.9080800157
10
1222745.8852484287
20
366579.4917719441
10
1222745.6840336602
20
366579.1861899179
10
1222745.4699425083
20
366578.8462773529
10
1222745.242974972
20
366578.4720342491
10
1222745.003131052
20
366578.06346060644
10
1222744.7504107477
20
366577.62055642495
10
1222744.4748244416
20
366577.1012567369
10
1222744.176372133
20
366576.5055615423
10
1222743.8550538223
20
366575.8334708412
10
1222743.5108695095
20
366575.0849846335
10
1222743.214835877
20
366574.3809127782
10
1222742.9669529253
20
366573.72125527536
10
1222742.767220654
20
366573.10601212486
10
1222742.6156390633
20
366572.53518332675
10
1222742.4910888092
20
366572.06264737574
10
1222742.3935698916
20
366571.68840427196
10
1222742.3230823106
20
366571.4124540153
10
1222742.279626066
20
366571.23479660565
10
1222742.1993859226
20
366570.9144319966
10
1222742.0823618802
20
366570.451360188
10
1222741.9285539384
20
366569.84558117983
10
1222741.7379620979
20
366569.0970949721
10
1222741.5219266862
20
366568.3486087644
10
1222741.2804477038
20
366567.6001225568
10
1222741.0135251503
20
366566.8516363491
10
1222740.7211590256
20
366566.1031501415
10
1222740.4463664328
20
366565.45204910176
10
1222740.1891473716
20
366564.89833322994
10
1222739.9495018418
20
366564.442002526
10
1222739.727429844
20
366564.0830569901
10
1222739.5008782374
20
366563.71646267024
10
1222739.2698470224
20
366563.34221956634
10
1222739.034336199
20
366562.9603276786
10
1222738.7943457672
20
366562.5707870069
10
1222738.4894112283
20
366562.09150995116
10
1222738.1195325828
20
366561.52249651146
10
1222737.68470983
20
366560.86374668777
10
1222737.18494297
20
366560.1152604801
10
1222736.8079355964
20
366559.5460259898
10
1222736.5536877085
20
366559.15604321705
10
1222736.4221993063
20
366558.94531216164
10
1222736.4134703903
20
366558.9138328236
10
1222736.371312902
20
366558.7109716027
10
1222736.2957268425
20
366558.3367284989
10
1222736.1867122108
20
366557.79110351217
10
1222736.0442690072
20
366557.07409664243
10
1222735.9180631447
20
366556.3492199382
10
1222735.808094623
20
366555.61647339957
10
1222735.7143634423
20
366554.8758570264
10
1222735.6368696026
20
366554.1273708187
10
1222735.457581253
20
366553.378884611
10
1222735.1764983935
20
366552.6303984034
10
1222734.7936210246
20
366551.8819121957
10
1222734.3089491455
20
366551.133425988
10
1222733.934475915
20
366550.5558357821
10
1222733.6702013328
20
366550.149141578
10
1222733.516125399
20
366549.91334337555
10
1222733.4722481135
20
366549.84844117484
10
1222733.3743243595
20
366549.6288685226
10
1222733.2223541369
20
366549.2546254188
10
1222733.016337446
20
366548.7257118634
10
1222732.7562742867
20
366548.0421278564
10
1222732.5990618535
20
366547.3423182993
10
1222732.5447001462
20
366546.62628319196
10
1222732.5931891652
20
366545.8940225344
10
1222732.74452891
20
366545.14553632675
10
1222732.8852145723
20
366544.459365695
10
1222733.0152461522
20
366543.8355106392
10
1222733.1346236493
20
366543.2739711593
10
1222733.2433470637
20
366542.7747472554
10
1222733.3372393465
20
366542.33801375143
10
1222733.416300498
20
366541.96377064765
10
1222733.4805305176
20
366541.65201794385
10
1222733.5299294055
20
366541.4027556401
10
1222733.5663017367
20
366541.0286873604
10
1222733.5896475113
20
366540.5298131047
10
1222733.599966729
20
366539.90613287303
10
1222733.5972593897
20
366539.1576466653
10
1222733.5835559983
20
366538.55538529
10
1222733.558856554
20
366538.0993487471
10
1222733.5231610576
20
366537.78953703656
10
1222733.4764695088
20
366537.6259501584
10
1222733.3951045426
20
366537.3570351674
10
1222733.279066159
20
366536.9827920635
10
1222733.128354358
20
366536.5032208469
10
1222732.9429691401
20
366535.9183215174
10
1222732.7455106024
20
366535.2925254684
10
1222732.5359787447
20
366534.6258326997
10
1222732.314373567
20
366533.91824321164
10
1222732.0806950694
20
366533.169757004
10
1222731.8495072033
20
366532.42127079633
10
1222731.620809968
20
366531.6727845887
10
1222731.3946033644
20
366530.924298381
10
1222731.170887392
20
366530.1758121733
10
1222730.9766737826
20
366529.5491806114
10
1222730.8119625365
20
366529.0444036952
10
1222730.6767536537
20
366528.6614814248
10
1222730.571047134
20
366528.40041380026
10
1222730.441636795
20
366528.082758436
10
1222730.2885226365
20
366527.7085153322
10
1222730.1117046587
20
366527.27768448874
10
1222729.9111828613
20
366526.79026590567
10
1222729.6908977462
20
366526.23758041643
10
1222729.450849313
20
366525.6196280211
10
1222729.1910375617
20
366524.9364087196
10
1222728.9114624928
20
366524.1879225119
10
1222728.6346838553
20
366523.4704593439
10
1222728.3607016504
20
366522.7840192157
10
1222728.089515877
20
366522.12860212714
10
1222727.821126536
20
366521.50420807826
10
1222727.60652183
20
366521.0048895019
10
1222727.4457017588
20
366520.6306463981
10
1222727.3386663233
20
366520.3814787668
10
1222727.2854155228
20
366520.25738660793
10
1222727.16455909
20
366519.97719593695
10
1222726.9760970252
20
366519.54090675374
10
1222726.720029328
20
366518.9485190583
10
1222726.3963559987
20
366518.2000328506
10
1222726.0734917643
20
366517.45154664293
10
1222725.7514366251
20
366516.7030604353
10
1222725.430190581
20
366515.9545742276
10
1222725.1097536318
20
366515.20608801994
10
1222724.8566446379
20
366514.61977474205
10
1222724.6708635988
20
366514.19563439395
10
1222724.552410515
20
366513.93366697564
10
1222724.5012853863
20
366513.8338724871
10
1222724.3683046387
20
366513.5968536909
10
1222724.1534682717
20
366513.2226105871
10
1222723.8567762861
20
366512.7111431756
10
1222723.4782286813
20
366512.06245145644
10
1222723.1342069209
20
366511.3888111151
10
1222722.8247110052
20
366510.6902221518
10
1222722.5497409338
20
366509.9666845662
10
1222722.309296707
20
366509.21819835855
10
1222722.096589943
20
366508.5154251007
10
1222721.9116206414
20
366507.8583647926
10
1222721.7543888027
20
366507.24701743433
10
1222721.6248944267
20
366506.6813830259
10
1222721.5103787219
20
366506.21144426975
10
1222721.4108416887
20
366505.83720116585
10
1222721.3262833266
20
366505.55865371437
10
1222721.256703636
20
366505.3758019152
10
1222721.0788204428
20
366505.0515415139
10
1222720.7926337474
20
366504.58587251033
10
1222720.3981435494
20
366503.97879490483
10
1222719.895349849
20
366503.2303086972
10
1222719.4742263695
20
366502.63098782604
10
1222719.134773111
20
366502.18083229143
10
1222718.8769900734
20
366501.8798420933
10
1222718.7008772567
20
366501.7280172316
10
1222718.4615303199
20
366501.6521048008
10
1222718.158949263
20
366501.6521048008
10
1222717.793134086
20
366501.7280172316
10
1222717.364084789
20
366501.8798420933
10
1222716.9624385885
20
366502.0257820836
10
1222716.5881954846
20
366502.16583720275
10
1222716.2413554774
20
366502.30000745057
10
1222715.921918567
20
366502.42829282704
10
1222715.4952193322
20
366502.679229263
10
1222714.9612577732
20
366503.0528167584
10
1222714.3200338897
20
366503.5490553131
10
1222713.571547682
20
366504.16794492723
10
1222713.0098195102
20
366504.6324399421
10
1222712.6348493744
20
366504.9425403576
10
1222712.4466372747
20
366505.0982461739
10
1222712.445183211
20
366505.0995573909
10
1222712.2573346272
20
366505.24812679336
10
1222711.8830915233
20
366505.54395438137
10
1222711.3224538993
20
366505.98704015487
10
1222710.5754217557
20
366506.5773841138
10
1222709.969692098
20
366507.0596776452
10
1222709.5052649272
20
366507.433920749
10
1222709.1821402423
20
366507.7001134253
10
1222709.0003180434
20
366507.858255674
10
1222708.7222853922
20
366508.10739664483
10
1222708.3480422886
20
366508.4475363377
10
1222707.8775887322
20
366508.87867475266
10
1222707.3109247228
20
366509.4008118898
10
1222706.8299526665
20
366509.84900201025
10
1222706.4346725633
20
366510.22324511403
10
1222706.125084413
20
366510.52354120126
10
1222705.9011882152
20
366510.74989027187
10
1222705.6021185648
20
366511.0433078775
10
1222705.2278754609
20
366511.40379401826
10
1222704.7784589038
20
366511.8313486941
10
1222704.2538688937
20
366512.32597190514
10
1222703.795540996
20
366512.76040506246
10
1222703.403475211
20
366513.1346481663
10
1222703.0776715383
20
366513.4487012166
10
1222702.8181299781
20
366513.7025642133
10
1222702.5012376462
20
366514.00556908466
10
1222702.1269945423
20
366514.35771583044
10
1222701.6954006667
20
366514.75900445075
10
1222701.206456019
20
366515.2094349457
10
1222700.7642279977
20
366515.62177174503
10
1222700.3687166027
20
366515.9960148488
10
1222700.0199218336
20
366516.3321642572
10
1222699.7178436904
20
366516.6302199699
10
1222699.379683067
20
366516.9713783895
10
1222699.0054399632
20
366517.3556395159
10
1222698.595114379
20
366517.78300334915
10
1222698.1487063144
20
366518.2534698892
10
1222697.7484593778
20
366518.67582471116
10
1222697.3943735699
20
366519.05006781494
10
1222697.0864488902
20
366519.3761992007
10
1222696.8246853394
20
366519.65421886835
10
1222696.5066820118
20
366519.9943205173
10
1222696.1324389079
20
366520.39650414744
10
1222695.7019560277
20
366520.860769759
10
1222695.2152333714
20
366521.3871173519
10
1222694.790663743
20
366521.8374127003
10
1222694.4282471421
20
366522.21165580413
10
1222694.1279835692
20
366522.50984666345
10
1222693.889873024
20
366522.7319852782
10
1222693.5836961996
20
366523.04422346264
10
1222693.2094530957
20
366523.4465612167
10
1222692.7671437124
20
366523.93899854046
10
1222692.2567680497
20
366524.52153543377
10
1222691.8267965321
20
366524.9999254324
10
1222691.4772291603
20
366525.3741685363
10
1222691.208065933
20
366525.64426474535
10
1222691.0193068516
20
366525.8102140596
10
1222690.7378057586
20
366526.0811374604
10
1222690.3635626547
20
366526.4570349477
10
1222689.8965775399
20
366526.9379065214
10
1222689.336850414
20
366527.52375218144
10
1222688.8687087353
20
366528.0037965635
10
1222688.4921525037
20
366528.37803966727
10
1222688.2071817191
20
366528.64648149296
10
1222688.0137963821
20
366528.8091220405
10
1222687.7299821614
20
366529.0499415343
10
1222687.3557390578
20
366529.3689399744
10
1222686.8910670707
20
366529.7661173608
10
1222686.3359661999
20
366530.2414736935
10
1222685.8094880753
20
366530.66627341177
10
1222685.3116326963
20
366531.0405165156
10
1222684.842400063
20
366531.364203005
10
1222684.4017901756
20
366531.63733288
10
1222683.9943636798
20
366531.8967284025
10
1222683.6201205761
20
366532.1423895726
10
1222683.2790608641
20
366532.3743163901
10
1222682.971184544
20
366532.59250885516
10
1222682.553155752
20
366532.8634498165
10
1222682.0249744882
20
366533.187139274
10
1222681.3866407522
20
366533.5635772279
10
1222680.6381545444
20
366533.992763678
10
1222680.0230623968
20
366534.3399303387
10
1222679.541364309
20
366534.60507721
10
1222679.1930602808
20
366534.7882042919
10
1222678.9781503126
20
366534.8893115844
10
1222678.6835737764
20
366535.0315224182
10
1222678.3093306725
20
366535.2148367933
10
1222677.8554210009
20
366535.43925470975
10
1222677.3218447615
20
366535.7047761674
10
1222676.7345410301
20
366535.96875894075
10
1222676.0935098063
20
366536.2312030297
10
1222675.3987510907
20
366536.4921084342
10
1222674.6502648834
20
366536.75147515436
10
1222673.9017786756
20
366536.9729721378
10
1222673.1532924678
20
366537.1565993845
10
1222672.40480626
20
366537.30235689454
10
1222671.6563200527
20
366537.4102446679
10
1222670.9196908525
20
366537.52008806204
10
1222670.1949186604
20
366537.63188707695
10
1222669.482003476
20
366537.7456417126
10
1222668.7809452992
20
366537.86135196907
10
1222668.243294659
20
366537.9500955611
10
1222667.8690515552
20
366538.0118724886
10
1222667.6582159877
20
366538.0466827517
10
1222667.6107879567
20
366538.05452635034
10
1222667.3880953817
20
366538.0868017629
10
1222666.9901382625
20
366538.1435089894
10
1222666.416916599
20
366538.2246480299
10
1222665.6684303912
20
366538.3302188844
10
1222664.9199441834
20
366538.3954709137
10
1222664.1714579756
20
366538.4204041178
10
1222663.422971768
20
366538.40501849673
10
1222662.6744855607
20
366538.3493140506
10
1222661.9517588303
20
366538.2931082142
10
1222661.2547915769
20
366538.2364009877
10
1222660.5835838006
20
366538.179192371
10
1222659.9381355015
20
366538.1214823641
10
1222659.4282898
20
366538.075549437
10
1222659.054046696
20
366538.04139358975
10
1222658.8154061898
20
366538.01901482226
10
1222658.712368281
20
366538.0084131346
10
1222658.4479682976
20
366537.94703193277
10
1222658.0222062394
20
366537.8348712168
10
1222657.4350821066
20
366537.6719309867
10
1222656.6865958993
20
366537.4582112425
10
1222655.9381096917
20
366537.19701513177
10
1222655.189623484
20
366536.8883426545
10
1222654.4411372761
20
366536.53219381074
10
1222653.6926510683
20
366536.12856860046
10
1222653.081650213
20
366535.7957148014
10
1222652.6081347102
20
366535.5336324135
10
1222652.2721045595
20
366535.34232143685
10
1222652.0735597606
20
366535.2217818714
10
1222651.7871658094
20
366535.03660188353
10
1222651.4129227055
20
366534.7867814732
10
1222650.9508304491
20
366534.4723206406
10
1222650.4008890402
20
366534.09321938566
10
1222649.863003587
20
366533.7165472062
10
1222649.3371740899
20
366533.3423041024
10
1222648.8234005487
20
366532.97049007413
10
1222648.321682964
20
366532.6011051215
10
1222647.8837026195
20
366532.24756350694
10
1222647.5094595156
20
366531.90986523055
10
1222647.1989536523
20
366531.5880102922
10
1222646.9521850296
20
366531.281998692
10
1222646.6945269566
20
366530.94187134004
10
1222646.4259794333
20
366530.5676282362
10
1222646.1465424597
20
366530.15926938056
10
1222645.8562160353
20
366529.716794773
10
1222645.7110528233
20
366529.26450060785
10
1222645.7110528233
20
366528.8023868851
10
1222645.8562160353
20
366528.33045360463
10
1222646.1465424597
20
366527.8487007665
10
1222646.3832931356
20
366527.4207027955
10
1222646.5664680637
20
366527.0464596917
10
1222646.6960672436
20
366526.725971455
10
1222646.7720906755
20
366526.45923808543
10
1222646.9294663072
20
366526.0720665064
10
1222647.168194138
20
366525.5644567177
10
1222647.4882741687
20
366524.9364087196
10
1222647.8897063984
20
366524.1879225119
10
1222648.2585382075
20
366523.45802434755
10
1222648.5947695952
20
366522.74671422655
10
1222648.8984005621
20
366522.05399214884
10
1222649.1694311078
20
366521.37985811447
10
1222649.3801229494
20
366520.85566954536
10
1222649.5304760868
20
366520.4814264416
10
1222649.6204905198
20
366520.25712880294
10
1222649.650166249
20
366520.1827766297
10
1222649.7550324355
20
366519.9398909478
10
1222649.9350890801
20
366519.5284717573
10
1222650.1903361827
20
366518.9485190583
10
1222650.5207737433
20
366518.2000328506
10
1222650.8443736471
20
366517.45154664293
10
1222651.1611358942
20
366516.7030604353
10
1222651.471060485
20
366515.9545742276
10
1222651.7741474197
20
366515.20608801994
10
1222652.0227841164
20
366514.5760298341
10
1222652.2169705755
20
366514.06439967017
10
1222652.3567067971
20
366513.671197528
10
1222652.441992781
20
366513.39642340766
10
1222652.542979336
20
366513.0719147956
10
1222652.6596664628
20
366512.69767169177
10
1222652.7920541605
20
366512.2736940962
10
1222652.94014243
20
366511.7999820088
10
1222653.035184458
20
366511.25757639133
10
1222653.077180245
20
366510.64647724386
10
1222653.066129791
20
366509.9666845662
10
1222653.0020330963
20
366509.21819835855
10
1222652.9329626814
20
366508.63703891647
10
1222652.8589185467
20
366508.22320623987
10
1222652.7799006924
20
366507.97670032893
10
1222652.6959091183
20
366507.8975211836
10
1222652.6012477928
20
366507.8579316109
10
1222652.495916716
20
366507.8579316109
10
1222652.379915888
20
366507.8975211836
10
1222652.2532453088
20
366507.976700329
10
1222652.0027884673
20
366508.1018622297
10
1222651.6285453634
20
366508.2730068857
10
1222651.1305159973
20
366508.49013429706
10
1222650.508700369
20
366508.7532444637
10
1222649.8922902136
20
366509.071921099
10
1222649.2812855318
20
366509.44616420276
10
1222648.6756863229
20
366509.87597377517
10
1222648.0754925872
20
366510.3613498162
10
1222647.5882741674
20
366510.74955634424
10
1222647.2140310637
20
366511.04059335915
10
1222646.9527632757
20
366511.23446086113
10
1222646.8044708038
20
366511.33115885017
10
1222646.5318314955
20
366511.5666293965
10
1222646.1348453504
20
366511.94087250036
10
1222645.6135123693
20
366512.45388816163
10
1222644.9678325516
20
366513.10567638034
10
1222644.4578710909
20
366513.61736842233
10
1222644.0836279872
20
366513.9889642874
10
1222643.84510324
20
366514.2204639757
10
1222643.74229685
20
366514.31186748727
10
1222643.5148552624
20
366514.5446907949
10
1222643.162778477
20
366514.9189338987
10
1222642.686066494
20
366515.43459679873
10
1222642.0847193135
20
366516.0916794948
10
1222641.5969241713
20
366516.6334561659
10
1222641.2226810674
20
366517.05992681184
10
1222640.961990002
20
366517.37109143275
10
1222640.8148509748
20
366517.56695002853
10
1222640.613207602
20
366517.8520008783
10
1222640.357059883
20
366518.2262439822
10
1222640.0464078179
20
366518.68967934005
10
1222639.681251407
20
366519.2423069519
0
LWPOLYLINE
5
3E
330
C
100
AcDbEntity
8
C-TOPO-MAJR-E
100
AcDbPolyline
90
16
70
0
43
0
38
0
39
0
10
1222645.3347829978
20
366499.113634555
10
1222645.2256145144
20
366499.1869302683
10
1222645.0072775478
20
366499.3335216951
10
1222644.6797720979
20
366499.5534088352
10
1222644.2430981647
20
366499.8465916886
10
1222643.7555704177
20
366500.1803046673
10
1222643.2171888566
20
366500.5545477711
10
1222642.6279534819
20
366500.9693210001
10
1222641.9878642932
20
366501.42462435435
10
1222641.4806981469
20
366501.78574355436
10
1222641.106455043
20
366502.0526786001
10
1222640.8651349815
20
366502.22542949166
10
1222640.7567379624
20
366502.30399622896
10
1222640.4883186463
20
366502.48317911045
10
1222640.0598770333
20
366502.76297813625
10
1222639.471413123
20
366503.14339330624
0
LWPOLYLINE
5
3F
330
C
100
AcDbEntity
8
C-TOPO-MAJR-E
100
AcDbPolyline
90
227
70
0
43
0
38
0
39
0
10
1222730.5136006982
20
366499.113634555
10
1222730.5972639476
20
366499.3007561069
10
1222730.7645904464
20
366499.67499921075
10
1222731.0155801945
20
366500.2363638665
10
1222731.350233192
20
366500.9848500742
10
1222731.698361659
20
366501.7312651948
10
1222732.0599655947
20
366502.4756092282
10
1222732.435045
20
366503.2178821745
10
1222732.823599874
20
366503.9580840337
10
1222733.1160851377
20
366504.5153065152
10
1222733.3125007905
20
366504.889549619
10
1222733.4128468328
20
366505.08081334515
10
1222733.4171232646
20
366505.0890976937
10
1222733.5354858076
20
366505.2824325069
10
1222733.7679344618
20
366505.660817785
10
1222734.1144692274
20
366506.2242535279
10
1222734.5750901042
20
366506.9727397355
10
1222734.9914529866
20
366507.6380289998
10
1222735.3635578747
20
366508.2201213205
10
1222735.6914047683
20
366508.7190166979
10
1222735.9749936673
20
366509.13471513183
10
1222736.2380569163
20
366509.52968590066
10
1222736.4805945153
20
366509.90392900456
10
1222736.7026064643
20
366510.25744444336
10
1222736.9040927636
20
366510.5902322171
10
1222737.1666259519
20
366511.02694459935
10
1222737.4902060302
20
366511.56758159003
10
1222737.8748329978
20
366512.2121431892
10
1222738.3205068551
20
366512.96062939696
10
1222738.680093761
20
366513.56156665366
10
1222738.9535937156
20
366514.01495495933
10
1222739.1410067184
20
366514.32079431403
10
1222739.2423327696
20
366514.4790847177
10
1222739.4194268275
20
366514.7453514715
10
1222739.6722888919
20
366515.11959457526
10
1222740.0009189625
20
366515.60181402916
10
1222740.4053170395
20
366516.1920098332
10
1222740.7946376298
20
366516.7331467585
10
1222741.1688807337
20
366517.2252248052
10
1222741.528046351
20
366517.6682439733
10
1222741.8721344816
20
366518.0622042627
10
1222742.2341815853
20
366518.4463059593
10
1222742.6141876625
20
366518.82054906315
10
1222743.0121527128
20
366519.18493357423
10
1222743.4280767362
20
366519.53945949243
10
1222743.8231603
20
366519.87563048565
10
1222744.197403404
20
366520.19344655395
10
1222744.5508060479
20
366520.4929076972
10
1222744.8833682318
20
366520.7740139155
10
1222745.2786109108
20
366521.10168857663
10
1222745.7365340842
20
366521.47593168047
10
1222746.2571377528
20
366521.89674322703
10
1222746.8404219162
20
366522.36412321636
10
1222747.3191855499
20
366522.76326014055
10
1222747.6934286538
20
366523.0941539996
10
1222747.963151228
20
366523.35680479347
10
1222748.1283532723
20
366523.5512125222
10
1222748.365492849
20
366523.8355379385
10
1222748.6745699574
20
366524.2097810423
10
1222749.0555845983
20
366524.6739418337
10
1222749.5085367714
20
366525.2280203126
10
1222749.92213441
20
366525.7770242506
10
1222750.2963775138
20
366526.32095364755
10
1222750.6312660829
20
366526.85980850353
10
1222750.9268001176
20
366527.3935888186
10
1222751.183560078
20
366527.84760052804
10
1222751.4015459644
20
366528.2218436318
10
1222751.580757777
20
366528.5163181301
10
1222751.7211955155
20
366528.7310240228
10
1222751.93491909
20
366529.0791749942
10
1222752.2219285
20
366529.56077104434
10
1222752.5822237465
20
366530.1758121733
10
1222753.0158048286
20
366530.924298381
10
1222753.3846074871
20
366531.56637915736
10
1222753.688631722
20
366532.10205450223
10
1222753.9278775328
20
366532.5313244158
10
1222754.1023449197
20
366532.8541888981
10
1222754.3023106793
20
366533.20274269115
10
1222754.5277748113
20
366533.57698579493
10
1222754.778737316
20
366533.9769182096
10
1222755.0551981928
20
366534.40253993496
10
1222755.3553818506
20
366534.908877781
10
1222755.6792882895
20
366535.4959317476
10
1222756.0269175088
20
366536.1637018347
10
1222756.3982695085
20
366536.9121880423
10
1222756.7019518414
20
366537.53600832075
10
1222756.9379645064
20
366538.03516267
10
1222757.1063075045
20
366538.40965109004
10
1222757.206980835
20
366538.6594735808
10
1222757.3371961676
20
366538.97150637803
10
1222757.4969535023
20
366539.3457494819
10
1222757.686252839
20
366539.78220289224
10
1222757.905094178
20
366540.2808666092
10
1222758.148180212
20
366540.8419859488
10
1222758.4155109413
20
366541.46556091105
10
1222758.7070863661
20
366542.151591496
10
1222759.022906486
20
366542.9000777037
10
1222759.3132277634
20
366543.5597705221
10
1222759.5780501976
20
366544.13066995126
10
1222759.8173737894
20
366544.6127759911
10
1222760.031198538
20
366545.0060886416
10
1222760.243627826
20
366545.3898665188
10
1222760.4546616534
20
366545.76410962257
10
1222760.6643000199
20
366546.12881795305
10
1222760.8725429252
20
366546.48399151023
10
1222761.1275340002
20
366546.93749323
10
1222761.429273245
20
366547.48932311236
10
1222761.777760659
20
366548.1394811574
10
1222762.172996243
20
366548.8879673651
10
1222762.5056748604
20
366549.53153632383
10
1222762.7757965114
20
366550.0701880336
10
1222762.9833611962
20
366550.5039224945
10
1222763.1283689146
20
366550.83273970644
10
1222763.2956897018
20
366551.18426986434
10
1222763.485323558
20
366551.5585129682
10
1222763.6972704832
20
366551.95546901796
10
1222763.9315304772
20
366552.3751380136
10
1222764.2357820263
20
366552.85485340806
10
1222764.6100251302
20
366553.39461520116
10
1222765.0542597887
20
366553.994423393
10
1222765.5684860025
20
366554.6542779835
10
1222765.9717580045
20
366555.17132683075
10
1222766.2640757947
20
366555.5455699346
10
1222766.4454393736
20
366555.77700729505
10
1222766.5158487407
20
366555.8656389122
10
1222766.7381749763
20
366556.11454934673
10
1222767.1124180802
20
366556.5237385987
10
1222767.6385780524
20
366557.09320666804
10
1222768.3166548929
20
366557.8229535548
10
1222768.8311624923
20
366558.37494855013
10
1222769.1821008506
20
366558.7491916539
10
1222769.3694699677
20
366558.94568286627
10
1222769.393269844
20
366558.96442218724
10
1222769.5922913337
20
366559.10012745194
10
1222769.9665344376
20
366559.35279866034
10
1222770.5159991554
20
366559.72243581247
10
1222771.2406854867
20
366560.20903890836
10
1222771.9260007194
20
366560.6394620082
10
1222772.571944853
20
366561.013705112
10
1222773.1785178878
20
366561.3317682198
10
1222773.745719824
20
366561.59365133167
10
1222774.2164423438
20
366561.8093323454
10
1222774.5906854477
20
366561.97881126107
10
1222774.8684491355
20
366562.10208807874
10
1222775.049733407
20
366562.17916279833
10
1222775.372818163
20
366562.35414076806
10
1222775.8377034029
20
366562.62702198816
10
1222776.4443891265
20
366562.99780645827
10
1222777.1928753338
20
366563.4664941785
10
1222777.828610321
20
366563.8686909107
10
1222778.3515940874
20
366564.20439665474
10
1222778.7618266335
20
366564.4736114106
10
1222779.059307959
20
366564.6763351784
10
1222779.3951701736
20
366564.9007549464
10
1222779.7694132775
20
366565.1468707146
10
1222780.1820372706
20
366565.4146824832
10
1222780.633042153
20
366565.70419025194
10
1222781.1584173667
20
366566.01840955205
10
1222781.7581629115
20
366566.3573403836
10
1222782.432278788
20
366566.72098274634
10
1222783.1807649953
20
366567.10933664045
10
1222783.7814998887
20
366567.41825819726
10
1222784.2344834683
20
366567.64774741663
10
1222784.5397157334
20
366567.79780429875
10
1222784.6971966845
20
366567.8684288435
10
1222784.963058712
20
366567.9996424912
10
1222785.3373018159
20
366568.191445242
10
1222785.819925996
20
366568.4438370957
10
1222786.4109312524
20
366568.75681805244
10
1222787.014947196
20
366569.10043008276
10
1222787.6319738263
20
366569.4746731866
10
1222788.2620111434
20
366569.87954736396
10
1222788.9050591476
20
366570.3150526149
10
1222789.4137047017
20
366570.67740833067
10
1222789.7879478056
20
366570.9666145112
10
1222790.0277884593
20
366571.1826711565
10
1222790.1332266629
20
366571.3255782666
10
1222790.3994268675
20
366571.5708044624
10
1222790.8263890732
20
366571.91834974417
10
1222791.41411328
20
366572.36821411154
10
1222792.1625994872
20
366572.92039756477
10
1222792.763755827
20
366573.3478840658
10
1222793.2175822987
20
366573.65067361447
10
1222793.5240789023
20
366573.82876621105
10
1222793.6832456382
20
366573.88216185546
10
1222793.949950558
20
366573.95176153915
10
1222794.3241936616
20
366574.0375652622
10
1222794.8059749496
20
366574.1395730246
10
1222795.3952944216
20
366574.2577848263
10
1222796.0244055777
20
366574.3688199691
10
1222796.6933084175
20
366574.4726784533
10
1222797.4020029414
20
366574.56936027855
10
1222798.1504891487
20
366574.6588654448
10
1222798.8989753565
20
366574.730361623
10
1222799.647461564
20
366574.78384881304
10
1222800.3959477716
20
366574.8193270147
10
1222801.1444339794
20
366574.8367962281
10
1222801.8929201872
20
366574.79637827864
10
1222802.641406395
20
366574.69807316625
10
1222803.3898926026
20
366574.54188089096
10
1222804.13837881
20
366574.32780145283
10
1222804.7052599427
20
366574.16446518834
10
1222805.0905360007
20
366574.05187209754
10
1222805.2942069836
20
366573.9900221804
10
1222805.3162728918
20
366573.97891543707
10
1222805.5144273979
20
366573.87517786573
10
1222805.8886705018
20
366573.6788094664
10
1222806.4390022035
20
366573.3898102391
10
1222807.1654225031
20
366573.0081801838
10
1222807.8973592797
20
366572.65482866735
10
1222808.6348125334
20
366572.3297556897
10
1222809.377782264
20
366572.032961251
10
1222810.1262684714
20
366571.7644453511
10
1222810.874754679
20
366571.54920973704
10
1222811.6232408867
20
366571.38725440874
10
1222812.3717270945
20
366571.27857936634
10
1222813.1202133023
20
366571.2231846098
10
1222813.8686995099
20
366571.1846770416
10
1222814.6171857174
20
366571.1630566617
10
1222815.3656719252
20
366571.15832347027
10
1222816.1141581326
20
366571.17047746736
10
1222816.8626443404
20
366571.19021458284
10
1222817.6111305482
20
366571.2175348168
10
1222818.359616756
20
366571.25243816944
10
1222819.1081029633
20
366571.2949246407
10
1222819.856589171
20
366571.35211559
10
1222820.605075379
20
366571.4240110173
0
LWPOLYLINE
5
40
330
C
100
AcDbEntity
8
C-TOPO-MAJR-E
100
AcDbPolyline
90
159
70
0
43
0
38
0
39
0
10
1222742.319866018
20
366499.113634555
10
1222742.324141059
20
366499.1241094837
10
1222742.3326911414
20
366499.145059341
10
1222742.3455162651
20
366499.17648412695
10
1222742.36261643
20
366499.2183838417
10
1222742.4584994372
20
366499.4264552509
10
1222742.6331652869
20
366499.8006983547
10
1222742.8866139788
20
366500.34111315315
10
1222743.218845513
20
366501.04769964615
10
1222743.5575959864
20
366501.76476106787
10
1222743.9028653987
20
366502.4922974182
10
1222744.2546537505
20
366503.2303086972
10
1222744.6129610413
20
366503.97879490483
10
1222744.896178355
20
366504.5670999198
10
1222745.1043056916
20
366504.9952237421
10
1222745.2373430515
20
366505.26316637173
10
1222745.295290434
20
366505.37092780863
10
1222745.433499962
20
366505.61193007906
10
1222745.6519716354
20
366505.9861731829
10
1222745.9507054545
20
366506.49365712015
10
1222746.3297014188
20
366507.1343818909
10
1222746.7063209526
20
366507.7596030027
10
1222747.0805640565
20
366508.3693204555
10
1222747.4524307302
20
366508.96353424934
10
1222747.8219209737
20
366509.54224438424
10
1222748.1272941597
20
366510.0187210036
10
1222748.3685502885
20
366510.3929641074
10
1222748.5456893598
20
366510.66497369576
10
1222748.6587113738
20
366510.8347497686
10
1222748.9023439328
20
366511.1381511131
10
1222749.2765870367
20
366511.57517772936
10
1222749.7814406853
20
366512.14582961734
10
1222750.416904879
20
366512.85010677716
10
1222750.903860732
20
366513.38936690893
10
1222751.2423082443
20
366513.7636100127
10
1222751.432247416
20
366513.9728360886
10
1222751.4736782473
20
366514.01704513654
10
1222751.6815152147
20
366514.1789202866
10
1222752.0557583186
20
366514.4584615389
10
1222752.5964075588
20
366514.8556688933
10
1222753.3034629354
20
366515.3705423498
10
1222753.9127146893
20
366515.81510063005
10
1222754.4241628207
20
366516.1893437339
10
1222754.8378073294
20
366516.49327166134
10
1222755.1536482153
20
366516.72688441246
10
1222755.4986902103
20
366516.97882362606
10
1222755.8729333142
20
366517.24908930203
10
1222756.2763775268
20
366517.5376814404
10
1222756.7090228484
20
366517.84460004134
10
1222757.2165660262
20
366518.1851808937
10
1222757.7990070602
20
366518.5594239975
10
1222758.4563459507
20
366518.9673293528
10
1222759.1885826974
20
366519.4088969596
10
1222759.7418226227
20
366519.7422646796
10
1222760.1160657266
20
366519.96743251267
10
1222760.311312009
20
366520.08440045896
10
1222760.3275614697
20
366520.09316851856
10
1222760.5268701175
20
366520.12782682676
10
1222760.909237952
20
366520.18837538373
10
1222761.474664973
20
366520.27481418935
10
1222762.2231511804
20
366520.3871432436
10
1222762.9716373882
20
366520.50467778847
10
1222763.720123596
20
366520.62741782377
10
1222764.4686098038
20
366520.7553633495
10
1222765.2170960112
20
366520.88851436565
10
1222765.965582219
20
366521.0595646555
10
1222766.7140684268
20
366521.2685142188
10
1222767.4625546345
20
366521.51536305563
10
1222768.2110408419
20
366521.80011116614
10
1222768.912470511
20
366522.0660447407
10
1222769.5668436412
20
366522.31316377956
10
1222770.1741602328
20
366522.5414682826
10
1222770.7344202856
20
366522.7509582497
10
1222771.201671864
20
366522.9291422487
10
1222771.5759149678
20
366523.07602027943
10
1222771.8571495973
20
366523.1915923421
10
1222772.0453757518
20
366523.2758584366
10
1222772.3736669198
20
366523.409358976
10
1222772.8420231012
20
366523.5920939604
10
1222773.4504442955
20
366523.8240633898
10
1222774.1989305033
20
366524.1052672641
10
1222774.9474167111
20
366524.38904626726
10
1222775.695902919
20
366524.67540039925
10
1222776.4443891265
20
366524.96432966
10
1222777.1928753338
20
366525.25583404955
10
1222777.8364414247
20
366525.4973403041
10
1222778.3750873986
20
366525.68884842354
10
1222778.8088132555
20
366525.8303584079
10
1222779.1376189957
20
366525.9218702571
10
1222779.4891434177
20
366526.02889354073
10
1222779.8633865213
20
366526.1514282586
10
1222780.260348307
20
366526.2894744108
10
1222780.6800287748
20
366526.4430319974
10
1222781.1819106776
20
366526.57521997753
10
1222781.7659940151
20
366526.68603835115
10
1222782.432278788
20
366526.7754871184
10
1222783.1807649953
20
366526.84356627916
10
1222783.9292512028
20
366526.8979423521
10
1222784.6777374106
20
366526.9386153375
10
1222785.4262236184
20
366526.9655852349
10
1222786.1747098262
20
366526.97885204456
10
1222786.9231960338
20
366527.04350387125
10
1222787.6716822414
20
366527.15954071487
10
1222788.4201684492
20
366527.32696257543
10
1222789.1686546565
20
366527.545769453
10
1222789.8535796327
20
366527.78356855444
10
1222790.4749433773
20
366528.04035987984
10
1222791.0327458903
20
366528.316143429
10
1222791.5269871717
20
366528.6109192021
10
1222791.9612293644
20
366528.8802466992
10
1222792.3354724683
20
366529.1241259203
10
1222792.6497164832
20
366529.3425568654
10
1222792.9039614093
20
366529.5355395345
10
1222793.281766656
20
366529.8052863347
10
1222793.7831322232
20
366530.1517972661
10
1222794.4080581106
20
366530.57507232856
10
1222795.156544318
20
366531.0751115222
10
1222795.7393172206
20
366531.4640070037
10
1222796.1563768177
20
366531.7417587731
10
1222796.4077231102
20
366531.9083668302
10
1222796.493356097
20
366531.9638311751
10
1222796.7232941426
20
366532.1400918535
10
1222797.0975372465
20
366532.43714886537
10
1222797.6160854087
20
366532.8550022107
10
1222798.2789386292
20
366533.3936518895
10
1222798.8431071872
20
366533.8500982808
10
1222799.3085910827
20
366534.2243413846
10
1222799.6753903152
20
366534.516381201
10
1222799.9435048853
20
366534.72621772985
10
1222800.264683722
20
366534.9607593242
10
1222800.638926826
20
366535.220005984
10
1222801.0662341968
20
366535.5039577093
10
1222801.5466058345
20
366535.8126145001
10
1222802.0940061146
20
366536.06888561486
10
1222802.7084350374
20
366536.2727710536
10
1222803.3898926026
20
366536.4242708164
10
1222804.13837881
20
366536.5233849031
10
1222804.8868650175
20
366536.5914589647
10
1222805.6353512253
20
366536.628493001
10
1222806.383837433
20
366536.6344870123
10
1222807.1323236409
20
366536.60944099835
10
1222807.8808098487
20
366536.5981459238
10
1222808.6292960565
20
366536.6006017887
10
1222809.377782264
20
366536.61680859304
10
1222810.1262684714
20
366536.64676633663
10
1222810.874754679
20
366536.68401892646
10
1222811.6232408867
20
366536.7285663624
10
1222812.3717270945
20
366536.78040864447
10
1222813.1202133023
20
366536.8395457727
10
1222813.8686995099
20
366536.8826927498
10
1222814.6171857174
20
366536.9098495757
10
1222815.3656719252
20
366536.92101625056
10
1222816.1141581326
20
366536.91619277437
10
1222816.8626443404
20
366536.8958306055
10
1222817.6111305482
20
366536.85992974415
10
1222818.359616756
20
366536.8084901903
10
1222819.1081029633
20
366536.741511944
10
1222819.856589171
20
366536.6823339927
10
1222820.605075379
20
366536.6309563363
0
LWPOLYLINE
5
41
330
C
100
AcDbEntity
8
C-TOPO-MAJR-E
100
AcDbPolyline
90
91
70
0
43
0
38
0
39
0
10
1222770.0109349072
20
366499.113634555
10
1222770.1007813078
20
366499.3007561069
10
1222770.2804741084
20
366499.67499921075
10
1222770.5500133098
20
366500.2363638665
10
1222770.9093989115
20
366500.9848500742
10
1222771.233890467
20
366501.65273636125
10
1222771.523487977
20
366502.24002272764
10
1222771.7781914405
20
366502.74670917337
10
1222771.9980008577
20
366503.17279569845
10
1222772.2178341353
20
366503.57296051295
10
1222772.437691273
20
366503.9472036168
10
1222772.6575722706
20
366504.29552501
10
1222772.8774771288
20
366504.6179246926
10
1222773.1745511096
20
366504.95795195515
10
1222773.5487942132
20
366505.3156067978
10
1222774.0002064402
20
366505.69088922057
10
1222774.5287877899
20
366506.0837992233
10
1222775.1090327871
20
366506.4673757766
10
1222775.7409414316
20
366506.8416188805
10
1222776.4245137232
20
366507.2065285349
10
1222777.159749662
20
366507.56210473966
10
1222777.7144891836
20
366507.8297006264
10
1222778.0887322875
20
366508.0093161949
10
1222778.2824789737
20
366508.1009514453
10
1222778.2957292425
20
366508.1046063775
10
1222778.492788496
20
366508.13689542125
10
1222778.873656734
20
366508.1978185767
10
1222779.438333957
20
366508.2873758436
10
1222780.1868201648
20
366508.40556722216
10
1222780.9353063726
20
366508.4802802525
10
1222781.6837925804
20
366508.5115149347
10
1222782.432278788
20
366508.4992712688
10
1222783.1807649953
20
366508.4435492547
10
1222783.7960542121
20
366508.38522666995
10
1222784.2781464383
20
366508.3243035146
10
1222784.6270416733
20
366508.2607797886
10
1222784.8427399176
20
366508.194655492
10
1222785.1377105915
20
366508.09531760594
10
1222785.5119536952
20
366507.96276613034
10
1222785.965469229
20
366507.79700106534
10
1222786.4982571923
20
366507.5980224107
10
1222787.084969717
20
366507.37988632807
10
1222787.7256068024
20
366507.1425928173
10
1222788.4201684492
20
366506.88614187844
10
1222789.1686546565
20
366506.61053351144
10
1222789.9171408643
20
366506.3663790943
10
1222790.665627072
20
366506.1536786271
10
1222791.41411328
20
366505.97243210964
10
1222792.1625994872
20
366505.82263954217
10
1222792.911085695
20
366505.73636441416
10
1222793.6595719028
20
366505.71360672556
10
1222794.4080581106
20
366505.7543664766
10
1222795.156544318
20
366505.85864366713
10
1222795.9050305258
20
366506.05246046436
10
1222796.6535167336
20
366506.3358168684
10
1222797.4020029414
20
366506.7087128791
10
1222798.1504891487
20
366507.1711484966
10
1222798.7280491344
20
366507.532391905
10
1222799.1346828975
20
366507.7924431042
10
1222799.3703904387
20
366507.9513020944
10
1222799.4351717574
20
366508.00896887545
10
1222799.6546839688
20
366508.14639394963
10
1222800.0289270724
20
366508.3635773169
10
1222800.5579010688
20
366508.6605189774
10
1222801.2416059577
20
366509.03721893096
10
1222801.9415061763
20
366509.38035410736
10
1222802.6576017246
20
366509.68992450665
10
1222803.3898926026
20
366509.9659301287
10
1222804.13837881
20
366510.20837097365
10
1222804.8868650175
20
366510.3868096174
10
1222805.6353512253
20
366510.50124605984
10
1222806.383837433
20
366510.5516803012
10
1222807.1323236409
20
366510.5381123413
10
1222807.8808098487
20
366510.4906435502
10
1222808.6292960565
20
366510.4092739279
10
1222809.377782264
20
366510.29400347435
10
1222810.1262684714
20
366510.14483218954
10
1222810.874754679
20
366509.999326294
10
1222811.6232408867
20
366509.8574857877
10
1222812.3717270945
20
366509.7193106706
10
1222813.1202133023
20
366509.5848009428
10
1222813.8686995099
20
366509.4685424811
10
1222814.6171857174
20
366509.37053528544
10
1222815.3656719252
20
366509.2907793559
10
1222816.1141581326
20
366509.22927469254
10
1222816.8626443404
20
366509.17711373896
10
1222817.6111305482
20
366509.13429649523
10
1222818.359616756
20
366509.10082296137
10
1222819.1081029633
20
366509.07669313735
10
1222819.856589171
20
366509.0373284712
10
1222820.605075379
20
366508.9827289629
0
LWPOLYLINE
5
42
330
C
100
AcDbEntity
8
C-SITE-N
100
AcDbPolyline
90
26
70
1
43
0
38
0
39
0
10
1222671.3454865508
20
366597.63882629375
10
1222711.5367949007
20
366539.90413396794
10
1222764.309545275
20
366601.5727506268
10
1222771.9757430165
20
366607.60433388065
10
1222781.3665731843
20
366610.24306333263
10
1222788.9657796766
20
366609.3362176888
10
1222789.0725327104
20
366609.47017691087
10
1222751.4023548046
20
366710.27711544395
10
1222751.4016186066
20
366710.28164083156
10
1222751.3992101655
20
366710.2855421821
10
1222751.3491878111
20
366710.41977212514
10
1222731.4353914692
20
366763.7138753169
10
1222730.427552905
20
366763.26659414964
10
1222728.5200945637
20
366762.8373677793
10
1222736.2040075012
20
366744.19810585567
10
1222736.245689957
20
366743.98669532133
10
1222736.3573852573
20
366743.8024237787
10
1222736.621654685
20
366742.0798282102
10
1222736.958771309
20
366740.3699959967
10
1222736.9163775677
20
366740.15872694517
10
1222736.949052903
20
366739.94573829835
10
1222736.533997234
20
366738.25313597894
10
1222736.1911279224
20
366736.54444804526
10
1222736.071112047
20
366736.3654842756
10
1222736.019792894
20
366736.15620411414
10
1222671.3454865508
20
366597.63882629375
0
LWPOLYLINE
5
43
330
C
100
AcDbEntity
8
C-BLDG-FTPR-N
100
AcDbPolyline
90
5
70
1
43
0
38
0
39
0
10
1222753.5572337855
20
366688.6124696076
10
1222704.334510743
20
366666.76730729314
10
1222739.5031004723
20
366587.5235036935
10
1222788.7258235149
20
366609.368666008
10
1222753.5572337855
20
366688.6124696076
0
LWPOLYLINE
5
44
330
C
100
AcDbEntity
8
C-PVMT
100
AcDbPolyline
90
5
70
1
43
0
38
0
39
0
10
1222719.8584252587
20
366796.8679825284
10
1222708.4560751228
20
366793.1087291852
10
1222747.596588878
20
366685.96712112916
10
1222786.628287256
20
366614.0949502469
10
1222719.8584252587
20
366796.8679825284
0
LWPOLYLINE
5
45
330
C
100
AcDbEntity
8
C-PVMT
100
AcDbPolyline
90
5
70
1
43
0
38
0
39
0
10
1222741.8045713273
20
366682.2413867891
10
1222740.088892016
20
366686.9378156984
10
1222727.655016078
20
366682.39552535
10
1222729.370695389
20
366677.6990964407
10
1222741.8045713273
20
366682.2413867891
0
LWPOLYLINE
5
46
330
C
100
AcDbEntity
8
C-PVMT
100
AcDbPolyline
90
5
70
1
43
0
38
0
39
0
10
1222733.9495934001
20
366684.1627140471
10
1222726.4353071451
20
366681.4176271489
10
1222727.8078505942
20
366677.6604840214
10
1222735.3221368492
20
366680.4055709196
10
1222733.9495934001
20
366684.1627140471
0
LWPOLYLINE
5
47
330
C
100
AcDbEntity
8
C-PVMT
100
AcDbPolyline
90
5
70
1
43
0
38
0
39
0
10
1222728.3193058278
20
366800.62294157845
10
1222705.5551081893
20
366792.30682231387
10
1222706.5845157763
20
366789.48896496824
10
1222729.3487134147
20
366797.8050842328
10
1222728.3193058278
20
366800.62294157845
0
LWPOLYLINE
5
48
330
C
100
AcDbEntity
8
C-TOPO-SURF
100
AcDbPolyline
90
5
70
1
43
0
38
0
39
0
10
1222726.9467623788
20
366804.38008470595
10
1222704.1825647403
20
366796.06396544137
10
1222705.5551081893
20
366792.30682231387
10
1222728.3193058278
20
366800.62294157845
10
1222726.9467623788
20
366804.38008470595
0
LWPOLYLINE
5
49
330
C
100
AcDbEntity
8
C-PVMT
100
AcDbPolyline
90
5
70
1
43
0
38
0
39
0
10
1222726.4320585853
20
366805.78901337873
10
1222703.6678609469
20
366797.47289411415
10
1222704.1825647403
20
366796.06396544137
10
1222726.9467623788
20
366804.38008470595
10
1222726.4320585853
20
366805.78901337873
0
LWPOLYLINE
5
4A
330
C
100
AcDbEntity
8
C-PVMT
100
AcDbPolyline
90
5
70
1
43
0
38
0
39
0
10
1222704.1179394033
20
366797.6158150099
10
1222721.4672895977
20
366802.41165152006
10
1222720.8404318064
20
366793.4195967321
10
1222709.2741983433
20
366790.2223723921
10
1222704.1179394033
20
366797.6158150099
0
LWPOLYLINE
5
4B
330
C
100
AcDbEntity
8
C-LODS
100
AcDbPolyline
90
4
70
1
43
0
38
0
39
0
10
1222700.0845609438
20
366657.71535022825
10
1222740.1038572665
20
366577.5415654412
10
1222793.2011554174
20
366600.42599278566
10
1222700.0845609438
20
366657.71535022825
0
POINT
5
4C
330
C
100
AcDbEntity
8
C-TOPO-SPOT
100
AcDbPoint
10
1222744.5057938027
20
366669.62363878667
30
0
0
LWPOLYLINE
5
4D
330
C
100
AcDbEntity
8
C-UTIL
100
AcDbPolyline
90
2
70
0
43
0
38
0
39
0
10
1222683.8473587614
20
366838.2910318859
10
1222750.8151461305
20
366687.3955245424
0
LWPOLYLINE
5
4E
330
C
100
AcDbEntity
8
C-UTIL
100
AcDbPolyline
90
2
70
0
43
0
38
0
39
0
10
1222674.7070665776
20
366834.2345483349
10
1222741.6748539468
20
366683.33904099144
0
LWPOLYLINE
5
4F
330
C
100
AcDbEntity
8
C-SWMG
100
AcDbPolyline
90
5
70
1
43
0
38
0
39
0
10
1222713.2076346984
20
366534.5949110543
10
1222737.1659317997
20
366534.5949110543
10
1222737.1659317997
20
366558.55320815573
10
1222713.2076346984
20
366558.55320815573
10
1222713.2076346984
20
366534.5949110543
0
LWPOLYLINE
5
50
330
C
100
AcDbEntity
8
C-STRM-AREA
100
AcDbPolyline
90
12
70
1
43
0
38
0
39
0
10
1222783.304052492
20
366585.3182529235
10
1222719.5780382496
20
366510.8499882297
10
1222659.848261086
20
366596.65163164004
10
1222726.958785468
20
366740.3868239776
10
1222705.5551081893
20
366792.30682231387
10
1222716.2298604767
20
366795.25761679217
10
1222728.3193058278
20
366800.62294157845
10
1222760.7181357795
20
366713.9158889861
10
1222760.769685944
20
366713.7775593188
10
1222800.421998174
20
366607.66634817375
10
1222789.0622414509
20
366593.41153858294
10
1222783.304052492
20
366585.3182529235
0
LWPOLYLINE
5
51
330
C
100
AcDbEntity
8
C-SITE-N
100
AcDbPolyline
90
4
70
1
43
0
38
0
39
0
10
1222700.0845609438
20
366657.71535022825
10
1222740.1038572665
20
366577.5415654412
10
1222793.2011554174
20
366600.42599278566
10
1222700.0845609438
20
366657.71535022825
0
LWPOLYLINE
5
52
330
C
100
AcDbEntity
8
C-SITE-N
100
AcDbPolyline
90
5
70
1
43
0
38
0
39
0
10
1222700.0845609438
20
366641.71535022825
10
1222730.0845609438
20
366641.71535022825
10
1222730.0845609438
20
366657.71535022825
10
1222700.0845609438
20
366657.71535022825
10
1222700.0845609438
20
366641.71535022825
0
LWPOLYLINE
5
53
330
C
100
AcDbEntity
8
L-PLNT-TREE
100
AcDbPolyline
90
5
70
1
43
0
38
0
39
0
10
1222715.2463413768
20
366797.5104252771
10
1222725.2463413768
20
366797.5104252771
10
1222725.2463413768
20
366807.5104252771
10
1222715.2463413768
20
366807.5104252771
10
1222715.2463413768
20
366797.5104252771
0
LWPOLYLINE
5
54
330
C
100
AcDbEntity
8
L-PLNT-TREE
100
AcDbPolyline
90
5
70
1
43
0
38
0
39
0
10
1222700.3663610786
20
366618.176883242
10
1222712.3663610786
20
366618.176883242
10
1222712.3663610786
20
366630.176883242
10
1222700.3663610786
20
366630.176883242
10
1222700.3663610786
20
366618.176883242
0
LWPOLYLINE
5
55
330
C
100
AcDbEntity
8
L-PLNT-TREE
100
AcDbPolyline
90
5
70
1
43
0
38
0
39
0
10
1222679.5817513876
20
366606.176883242
10
1222691.5817513876
20
366606.176883242
10
1222691.5817513876
20
366618.176883242
10
1222679.5817513876
20
366618.176883242
10
1222679.5817513876
20
366606.176883242
0
LWPOLYLINE
5
56
330
C
100
AcDbEntity
8
L-PLNT-TREE
100
AcDbPolyline
90
5
70
1
43
0
38
0
39
0
10
1222705.9355804601
20
366579.8230541695
10
1222717.9355804601
20
366579.8230541695
10
1222717.9355804601
20
366591.8230541695
10
1222705.9355804601
20
366591.8230541695
10
1222705.9355804601
20
366579.8230541695
0
ENDSEC
0
SECTION
2
OBJECTS
0
DICTIONARY
5
A
330
0
100
AcDbDictionary
281
1
3
ACAD_GROUP
350
B
0
DICTIONARY
5
B
330
A
100
AcDbDictionary
281
0
0
ENDSEC
0
EOF