0
SECTION
2
HEADER
9
$INSUNITS
70
2
0
ENDSEC
0
SECTION
2
TABLES
0
TABLE
2
LAYER
70
13
0
LAYER
2
V-PROP-LINE
70
0
62
7
6
CONTINUOUS
0
LAYER
2
C-PROP
70
0
62
6
6
CONTINUOUS
0
LAYER
2
A-BLDG-OTLN
70
0
62
3
6
CONTINUOUS
0
LAYER
2
C-PVMT
70
0
62
8
6
CONTINUOUS
0
LAYER
2
C-LOD
70
0
62
30
6
CONTINUOUS
0
LAYER
2
C-TOPO-SPOT
70
0
62
7
6
CONTINUOUS
0
LAYER
2
C-UTIL
70
0
62
4
6
CONTINUOUS
0
LAYER
2
C-SWM
70
0
62
92
6
CONTINUOUS
0
LAYER
2
C-DRNG-AREA
70
0
62
150
6
CONTINUOUS
0
LAYER
2
L-PLNT-TREE
70
0
62
90
6
CONTINUOUS
0
LAYER
2
V-PROP-ESMT
70
0
62
5
6
CONTINUOUS
0
LAYER
2
C-TOPO-MAJR
70
0
62
32
6
CONTINUOUS
0
LAYER
2
C-MISC
70
0
62
7
6
CONTINUOUS
0
ENDTAB
0
ENDSEC
0
SECTION
2
ENTITIES
0
POLYLINE
8
V-PROP-LINE
66
1
70
1
0
VERTEX
8
V-PROP-LINE
10
1310881.2509039994
20
367477.1559291625
30
0
0
VERTEX
8
V-PROP-LINE
10
1310951.3621023358
20
367522.2481620619
30
0
0
VERTEX
8
V-PROP-LINE
10
1311479.518611176
20
367504.04807772674
30
0
0
VERTEX
8
V-PROP-LINE
10
1311492.9417388474
20
367281.913273512
30
0
0
VERTEX
8
V-PROP-LINE
10
1310941.7974667293
20
367063.78326890117
30
0
0
VERTEX
8
V-PROP-LINE
10
1310922.078486224
20
367137.80165721
30
0
0
VERTEX
8
V-PROP-LINE
10
1311067.0438138368
20
367176.3769587653
30
0
0
VERTEX
8
V-PROP-LINE
10
1311015.35942636
20
367370.2768633325
30
0
0
VERTEX
8
V-PROP-LINE
10
1310881.2509039994
20
367477.1559291625
30
0
0
SEQEND
0
POLYLINE
8
V-PROP-LINE
66
1
70
1
0
VERTEX
8
V-PROP-LINE
10
1311165.3871495847
20
367514.8688681612
30
0
0
VERTEX
8
V-PROP-LINE
10
1311160.8067436682
20
367376.85485444654
30
0
0
VERTEX
8
V-PROP-LINE
10
1311137.8662865805
20
367381.41857317224
30
0
0
VERTEX
8
V-PROP-LINE
10
1311115.4068214397
20
367387.95038192574
30
0
0
VERTEX
8
V-PROP-LINE
10
1311093.5968574907
20
367396.4012737448
30
0
0
VERTEX
8
V-PROP-LINE
10
1311072.6000808575
20
367406.7079449347
30
0
0
VERTEX
8
V-PROP-LINE
10
1311052.57398553
20
367418.7929606956
30
0
0
VERTEX
8
V-PROP-LINE
10
1311033.6688903982
20
367432.56574102695
30
0
0
VERTEX
8
V-PROP-LINE
10
1310961.3893610735
20
367490.17628294945
30
0
0
VERTEX
8
V-PROP-LINE
10
1310957.692452698
20
367493.67499249196
30
0
0
VERTEX
8
V-PROP-LINE
10
1310954.640123718
20
367497.7482452213
30
0
0
VERTEX
8
V-PROP-LINE
10
1310952.3201919938
20
367502.2788099538
30
0
0
VERTEX
8
V-PROP-LINE
10
1310950.7994166443
20
367507.1363136682
30
0
0
VERTEX
8
V-PROP-LINE
10
1310950.1215600008
20
367512.1809752397
30
0
0
VERTEX
8
V-PROP-LINE
10
1310950.3061529503
20
367517.2676269324
30
0
0
VERTEX
8
V-PROP-LINE
10
1310951.347859128
20
367522.24989029753
30
0
0
VERTEX
8
V-PROP-LINE
10
1311165.3871495847
20
367514.8688681612
30
0
0
SEQEND
0
POLYLINE
8
C-PROP
66
1
70
1
0
VERTEX
8
C-PROP
10
1310987.9498787173
20
367500.9758024274
30
0
0
VERTEX
8
C-PROP
10
1311048.8275078544
20
367452.45316761895
30
0
0
VERTEX
8
C-PROP
10
1311066.4187879334
20
367439.63753063936
30
0
0
VERTEX
8
C-PROP
10
1311084.5890537417
20
367428.6724400872
30
0
0
VERTEX
8
C-PROP
10
1311103.6400472692
20
367419.3208939161
30
0
0
VERTEX
8
C-PROP
10
1311123.4288695895
20
367411.6531509961
30
0
0
VERTEX
8
C-PROP
10
1311143.8070617602
20
367405.7266316793
30
0
0
VERTEX
8
C-PROP
10
1311153.6952498585
20
367403.75949959405
30
0
0
VERTEX
8
C-PROP
10
1311156.728500493
20
367495.15556848433
30
0
0
VERTEX
8
C-PROP
10
1310987.9498787173
20
367500.9758024274
30
0
0
SEQEND
0
POLYLINE
8
A-BLDG-OTLN
66
1
70
1
0
VERTEX
8
A-BLDG-OTLN
10
1311065.9785665479
20
367471.67754174175
30
0
0
VERTEX
8
A-BLDG-OTLN
10
1311076.4314792515
20
367465.4606952559
30
0
0
VERTEX
8
A-BLDG-OTLN
10
1311089.7596367684
20
367486.2209995096
30
0
0
VERTEX
8
A-BLDG-OTLN
10
1311094.2261925684
20
367486.9832068317
30
0
0
VERTEX
8
A-BLDG-OTLN
10
1311121.1131846453
20
367468.91129183094
30
0
0
VERTEX
8
A-BLDG-OTLN
10
1311113.4151754607
20
367456.2178925699
30
0
0
VERTEX
8
A-BLDG-OTLN
10
1311121.1812343728
20
367451.331497396
30
0
0
VERTEX
8
A-BLDG-OTLN
10
1311102.3684496765
20
367423.3987526948
30
0
0
VERTEX
8
A-BLDG-OTLN
10
1311070.859576872
20
367442.34667807736
30
0
0
VERTEX
8
A-BLDG-OTLN
10
1311054.1333018073
20
367452.7107801193
30
0
0
VERTEX
8
A-BLDG-OTLN
10
1311065.9785665479
20
367471.67754174175
30
0
0
SEQEND
0
POLYLINE
8
C-PVMT
66
1
70
1
0
VERTEX
8
C-PVMT
10
1311038.336380531
20
367461.39739500615
30
0
0
VERTEX
8
C-PVMT
10
1311033.247310351
20
367464.5756594229
30
0
0
VERTEX
8
C-PVMT
10
1311046.151996564
20
367485.23877777206
30
0
0
VERTEX
8
C-PVMT
10
1311066.508277284
20
367472.5257201051
30
0
0
VERTEX
8
C-PVMT
10
1311053.6035910712
20
367451.86260175594
30
0
0
VERTEX
8
C-PVMT
10
1311048.514520891
20
367455.0408661727
30
0
0
VERTEX
8
C-PVMT
10
1311034.2251145188
20
367432.16051944124
30
0
0
VERTEX
8
C-PVMT
10
1311033.6688903982
20
367432.56574102695
30
0
0
VERTEX
8
C-PVMT
10
1311024.7632678053
20
367439.6639851429
30
0
0
VERTEX
8
C-PVMT
10
1311038.336380531
20
367461.39739500615
30
0
0
SEQEND
0
POLYLINE
8
C-PVMT
66
1
70
1
0
VERTEX
8
C-PVMT
10
1311021.702265833
20
367418.93366387347
30
0
0
VERTEX
8
C-PVMT
10
1311018.1933246865
20
367421.7295602788
30
0
0
VERTEX
8
C-PVMT
10
1311009.5910271413
20
367428.5848774907
30
0
0
VERTEX
8
C-PVMT
10
1311024.7954113756
20
367439.6436778807
30
0
0
VERTEX
8
C-PVMT
10
1311025.4143464188
20
367439.1505153596
30
0
0
VERTEX
8
C-PVMT
10
1311033.680952754
20
367432.56162760453
30
0
0
VERTEX
8
C-PVMT
10
1311033.6818140403
20
367432.56097111607
30
0
0
VERTEX
8
C-PVMT
10
1311033.7124530266
20
367432.53864999383
30
0
0
VERTEX
8
C-PVMT
10
1311034.18050541
20
367432.1657095763
30
0
0
VERTEX
8
C-PVMT
10
1311026.9113481827
20
367415.1440906886
30
0
0
VERTEX
8
C-PVMT
10
1311021.702265833
20
367418.93366387347
30
0
0
SEQEND
0
POLYLINE
8
C-PVMT
66
1
70
1
0
VERTEX
8
C-PVMT
10
1311086.5417022763
20
367428.00645543734
30
0
0
VERTEX
8
C-PVMT
10
1311090.7793881653
20
367434.791882344
30
0
0
VERTEX
8
C-PVMT
10
1311086.5384963488
20
367437.4404360246
30
0
0
VERTEX
8
C-PVMT
10
1311082.3008104598
20
367430.65500911797
30
0
0
VERTEX
8
C-PVMT
10
1311086.5417022763
20
367428.00645543734
30
0
0
SEQEND
0
POLYLINE
8
C-PVMT
66
1
70
1
0
VERTEX
8
C-PVMT
10
1311053.1869227213
20
367451.19542804203
30
0
0
VERTEX
8
C-PVMT
10
1311054.1333018073
20
367452.71078011923
30
0
0
VERTEX
8
C-PVMT
10
1311070.859576872
20
367442.34667807736
30
0
0
VERTEX
8
C-PVMT
10
1311086.6280504912
20
367432.8642740769
30
0
0
VERTEX
8
C-PVMT
10
1311085.4806778403
20
367431.0270890043
30
0
0
VERTEX
8
C-PVMT
10
1311053.1869227213
20
367451.19542804203
30
0
0
SEQEND
0
POLYLINE
8
C-LOD
66
1
70
1
0
VERTEX
8
C-LOD
10
1310947.1491707377
20
367507.55335143604
30
0
0
VERTEX
8
C-LOD
10
1311009.5910271413
20
367428.5848774907
30
0
0
VERTEX
8
C-LOD
10
1311018.1933246865
20
367421.7295602788
30
0
0
VERTEX
8
C-LOD
10
1311021.702265833
20
367418.93366387347
30
0
0
VERTEX
8
C-LOD
10
1311026.9113481827
20
367415.1440906886
30
0
0
VERTEX
8
C-LOD
10
1311157.834354405
20
367372.22723064286
30
0
0
VERTEX
8
C-LOD
10
1311162.4280469026
20
367379.3790128849
30
0
0
VERTEX
8
C-LOD
10
1311121.1131846453
20
367468.91129183094
30
0
0
VERTEX
8
C-LOD
10
1311094.2261925684
20
367486.9832068317
30
0
0
VERTEX
8
C-LOD
10
1310951.7428632353
20
367514.7051336781
30
0
0
VERTEX
8
C-LOD
10
1310947.9598223548
20
367508.81543065526
30
0
0
VERTEX
8
C-LOD
10
1310947.1491707377
20
367507.55335143604
30
0
0
SEQEND
0
POLYLINE
8
C-PROP
66
1
70
1
0
VERTEX
8
C-PROP
10
1311160.7486988949
20
367513.0021129019
30
0
0
VERTEX
8
C-PROP
10
1311156.7025024304
20
367379.71058620274
30
0
0
VERTEX
8
C-PROP
10
1311133.978307438
20
367384.5623953983
30
0
0
VERTEX
8
C-PROP
10
1311111.7937045523
20
367391.4065917512
30
0
0
VERTEX
8
C-PROP
10
1311090.3565447747
20
367400.2092093408
30
0
0
VERTEX
8
C-PROP
10
1311069.9221328832
20
367410.9303369875
30
0
0
VERTEX
8
C-PROP
10
1311050.8996150251
20
367423.50427509943
30
0
0
VERTEX
8
C-PROP
10
1311034.18145362
20
367437.5393995339
30
0
0
VERTEX
8
C-PROP
10
1310966.0958660988
20
367488.48844099976
30
0
0
VERTEX
8
C-PROP
10
1310962.3568869992
20
367491.8741447334
30
0
0
VERTEX
8
C-PROP
10
1310959.2478819164
20
367495.8069661623
30
0
0
VERTEX
8
C-PROP
10
1310956.856845073
20
367500.1767207928
30
0
0
VERTEX
8
C-PROP
10
1310955.2506445034
20
367504.85890932416
30
0
0
VERTEX
8
C-PROP
10
1310954.4732462992
20
367509.71869451646
30
0
0
VERTEX
8
C-PROP
10
1310954.5445693638
20
367514.61511372676
30
0
0
VERTEX
8
C-PROP
10
1310955.459900282
20
367519.4054013194
30
0
0
VERTEX
8
C-PROP
10
1311160.7486988949
20
367513.0021129019
30
0
0
SEQEND
0
POINT
8
C-TOPO-SPOT
10
1311036.81829902
20
367463.1260354719
30
0
0
POLYLINE
8
C-UTIL
66
1
70
0
0
VERTEX
8
C-UTIL
10
1310921.3144677563
20
367450.1538579134
30
0
0
VERTEX
8
C-UTIL
10
1311064.557134779
20
367469.40153034707
30
0
0
SEQEND
0
POLYLINE
8
C-UTIL
66
1
70
0
0
VERTEX
8
C-UTIL
10
1310922.3005885368
20
367442.8150707908
30
0
0
VERTEX
8
C-UTIL
10
1311059.4636709406
20
367461.2458228494
30
0
0
SEQEND
0
POLYLINE
8
C-SWM
66
1
70
1
0
VERTEX
8
C-SWM
10
1311133.4245878002
20
367407.40535907954
30
0
0
VERTEX
8
C-SWM
10
1311156.3374662749
20
367407.40535907954
30
0
0
VERTEX
8
C-SWM
10
1311156.3374662749
20
367430.31823755434
30
0
0
VERTEX
8
C-SWM
10
1311133.4245878002
20
367430.31823755434
30
0
0
VERTEX
8
C-SWM
10
1311133.4245878002
20
367407.40535907954
30
0
0
SEQEND
0
POLYLINE
8
C-DRNG-AREA
66
1
70
1
0
VERTEX
8
C-DRNG-AREA
10
1311165.3871495847
20
367514.8688681612
30
0
0
VERTEX
8
C-DRNG-AREA
10
1311160.8067436682
20
367376.85485444654
30
0
0
VERTEX
8
C-DRNG-AREA
10
1311137.8662865805
20
367381.41857317224
30
0
0
VERTEX
8
C-DRNG-AREA
10
1311115.4068214397
20
367387.95038192574
30
0
0
VERTEX
8
C-DRNG-AREA
10
1311093.5968574907
20
367396.4012737448
30
0
0
VERTEX
8
C-DRNG-AREA
10
1311072.6000808575
20
367406.7079449347
30
0
0
VERTEX
8
C-DRNG-AREA
10
1311052.57398553
20
367418.7929606956
30
0
0
VERTEX
8
C-DRNG-AREA
10
1311033.6688903982
20
367432.56574102695
30
0
0
VERTEX
8
C-DRNG-AREA
10
1310961.3893610735
20
367490.17628294945
30
0
0
VERTEX
8
C-DRNG-AREA
10
1310957.692452698
20
367493.67499249196
30
0
0
VERTEX
8
C-DRNG-AREA
10
1310954.640123718
20
367497.7482452213
30
0
0
VERTEX
8
C-DRNG-AREA
10
1310952.3201919938
20
367502.2788099538
30
0
0
VERTEX
8
C-DRNG-AREA
10
1310950.7994166443
20
367507.1363136682
30
0
0
VERTEX
8
C-DRNG-AREA
10
1310950.1215600008
20
367512.1809752397
30
0
0
VERTEX
8
C-DRNG-AREA
10
1310950.3061529503
20
367517.2676269324
30
0
0
VERTEX
8
C-DRNG-AREA
10
1310951.347859128
20
367522.24989029753
30
0
0
VERTEX
8
C-DRNG-AREA
10
1311165.3871495847
20
367514.8688681612
30
0
0
SEQEND
0
POLYLINE
8
L-PLNT-TREE
66
1
70
1
0
VERTEX
8
L-PLNT-TREE
10
1310940.5050250893
20
367503.99277348793
30
0
0
VERTEX
8
L-PLNT-TREE
10
1310950.5050250893
20
367503.99277348793
30
0
0
VERTEX
8
L-PLNT-TREE
10
1310950.5050250893
20
367513.99277348793
30
0
0
VERTEX
8
L-PLNT-TREE
10
1310940.5050250893
20
367513.99277348793
30
0
0
VERTEX
8
L-PLNT-TREE
10
1310940.5050250893
20
367503.99277348793
30
0
0
SEQEND
0
POLYLINE
8
L-PLNT-TREE
66
1
70
1
0
VERTEX
8
L-PLNT-TREE
10
1311130.6768513198
20
367455.5397161608
30
0
0
VERTEX
8
L-PLNT-TREE
10
1311142.6768513198
20
367455.5397161608
30
0
0
VERTEX
8
L-PLNT-TREE
10
1311142.6768513198
20
367467.5397161608
30
0
0
VERTEX
8
L-PLNT-TREE
10
1311130.6768513198
20
367467.5397161608
30
0
0
VERTEX
8
L-PLNT-TREE
10
1311130.6768513198
20
367455.5397161608
30
0
0
SEQEND
0
POLYLINE
8
L-PLNT-TREE
66
1
70
1
0
VERTEX
8
L-PLNT-TREE
10
1311124.2460707014
20
367479.5397161608
30
0
0
VERTEX
8
L-PLNT-TREE
10
1311136.2460707014
20
367479.5397161608
30
0
0
VERTEX
8
L-PLNT-TREE
10
1311136.2460707014
20
367491.5397161608
30
0
0
VERTEX
8
L-PLNT-TREE
10
1311124.2460707014
20
367491.5397161608
30
0
0
VERTEX
8
L-PLNT-TREE
10
1311124.2460707014
20
367479.5397161608
30
0
0
SEQEND
0
POLYLINE
8
L-PLNT-TREE
66
1
70
1
0
VERTEX
8
L-PLNT-TREE
10
1311106.6768513198
20
367497.10893554246
30
0
0
VERTEX
8
L-PLNT-TREE
10
1311118.6768513198
20
367497.10893554246
30
0
0
VERTEX
8
L-PLNT-TREE
10
1311118.6768513198
20
367509.10893554246
30
0
0
VERTEX
8
L-PLNT-TREE
10
1311106.6768513198
20
367509.10893554246
30
0
0
VERTEX
8
L-PLNT-TREE
10
1311106.6768513198
20
367497.10893554246
30
0
0
SEQEND
0
POLYLINE
8
V-PROP-ESMT
66
1
70
1
0
VERTEX
8
V-PROP-ESMT
10
1310961.3400351962
20
367521.88627286616
30
0
0
VERTEX
8
V-PROP-ESMT
10
1310961.3298646128
20
367521.5765621878
30
0
0
VERTEX
8
V-PROP-ESMT
10
1310961.2655602773
20
367520.9253167836
30
0
0
VERTEX
8
V-PROP-ESMT
10
1310961.1589332083
20
367520.27964878344
30
0
0
VERTEX
8
V-PROP-ESMT
10
1310961.117266619
20
367520.08017411956
30
0
0
VERTEX
8
V-PROP-ESMT
10
1310960.31936795
20
367516.4561656158
30
0
0
VERTEX
8
V-PROP-ESMT
10
1310960.1172686168
20
367513.4968539438
30
0
0
VERTEX
8
V-PROP-ESMT
10
1310960.3557852004
20
367510.54016694013
30
0
0
VERTEX
8
V-PROP-ESMT
10
1310961.0296683703
20
367507.65106511966
30
0
0
VERTEX
8
V-PROP-ESMT
10
1310962.1234981935
20
367504.8941808535
30
0
0
VERTEX
8
V-PROP-ESMT
10
1310963.6136526961
20
367502.3292253718
30
0
0
VERTEX
8
V-PROP-ESMT
10
1310965.4673235395
20
367500.0132851205
30
0
0
VERTEX
8
V-PROP-ESMT
10
1310967.9167936966
20
367497.7439326845
30
0
0
VERTEX
8
V-PROP-ESMT
10
1311039.8041171124
20
367440.44614703325
30
0
0
VERTEX
8
V-PROP-ESMT
10
1311050.6922187007
20
367432.22142594564
30
0
0
VERTEX
8
V-PROP-ESMT
10
1311061.8851097012
20
367424.6463098697
30
0
0
VERTEX
8
V-PROP-ESMT
10
1311073.4569369485
20
367417.66338419757
30
0
0
VERTEX
8
V-PROP-ESMT
10
1311085.3758763596
20
367411.29102161346
30
0
0
VERTEX
8
V-PROP-ESMT
10
1311097.6094476979
20
367405.5466105413
30
0
0
VERTEX
8
V-PROP-ESMT
10
1311110.1254987794
20
367400.44589895115
30
0
0
VERTEX
8
V-PROP-ESMT
10
1311122.8895808728
20
367396.0023382766
30
0
0
VERTEX
8
V-PROP-ESMT
10
1311135.8675732822
20
367392.2280676018
30
0
0
VERTEX
8
V-PROP-ESMT
10
1311149.0237149543
20
367389.1332575172
30
0
0
VERTEX
8
V-PROP-ESMT
10
1311162.3169954594
20
367386.7274224507
30
0
0
VERTEX
8
V-PROP-ESMT
10
1311176.4806810287
20
367384.935103196
30
0
0
VERTEX
8
V-PROP-ESMT
10
1311236.1180289495
20
367379.0309155308
30
0
0
VERTEX
8
V-PROP-ESMT
10
1311239.5734026066
20
367378.9557844376
30
0
0
VERTEX
8
V-PROP-ESMT
10
1311242.6163755318
20
367379.3599831204
30
0
0
VERTEX
8
V-PROP-ESMT
10
1311245.5615796044
20
367380.22612310044
30
0
0
VERTEX
8
V-PROP-ESMT
10
1311248.3391331097
20
367381.5335351995
30
0
0
VERTEX
8
V-PROP-ESMT
10
1311250.883747457
20
367383.25105144683
30
0
0
VERTEX
8
V-PROP-ESMT
10
1311253.1350552815
20
367385.3383176244
30
0
0
VERTEX
8
V-PROP-ESMT
10
1311255.0395790243
20
367387.74579311383
30
0
0
VERTEX
8
V-PROP-ESMT
10
1311256.8857039495
20
367391.00464485533
30
0
0
VERTEX
8
V-PROP-ESMT
10
1311260.1399625293
20
367397.01545961224
30
0
0
VERTEX
8
V-PROP-ESMT
10
1311260.2734924469
20
367397.2539761937
30
0
0
VERTEX
8
V-PROP-ESMT
10
1311260.6189642064
20
367397.80974936043
30
0
0
VERTEX
8
V-PROP-ESMT
10
1311260.7482290315
20
367397.99806919164
30
0
0
VERTEX
8
V-PROP-ESMT
10
1311264.72919219
20
367403.6716142773
30
0
0
VERTEX
8
V-PROP-ESMT
10
1311264.9814882788
20
367404.0151175212
30
0
0
VERTEX
8
V-PROP-ESMT
10
1311265.3965136951
20
367404.52102202654
30
0
0
VERTEX
8
V-PROP-ESMT
10
1311265.446054284
20
367404.57745236484
30
0
0
VERTEX
8
V-PROP-ESMT
10
1311270.0552970292
20
367409.75395119237
30
0
0
VERTEX
8
V-PROP-ESMT
10
1311270.452934035
20
367410.1755382776
30
0
0
VERTEX
8
V-PROP-ESMT
10
1311270.871896454
20
367410.57120678073
30
0
0
VERTEX
8
V-PROP-ESMT
10
1311276.0467548603
20
367415.18176186935
30
0
0
VERTEX
8
V-PROP-ESMT
10
1311276.1054817848
20
367415.23327094765
30
0
0
VERTEX
8
V-PROP-ESMT
10
1311276.61138628
20
367415.64862444793
30
0
0
VERTEX
8
V-PROP-ESMT
10
1311276.9522648654
20
367415.89895202464
30
0
0
VERTEX
8
V-PROP-ESMT
10
1311282.6248256948
20
367419.882211773
30
0
0
VERTEX
8
V-PROP-ESMT
10
1311282.8157702093
20
367420.0127889409
30
0
0
VERTEX
8
V-PROP-ESMT
10
1311283.3715433772
20
367420.358588798
30
0
0
VERTEX
8
V-PROP-ESMT
10
1311283.6071072025
20
367420.49015020195
30
0
0
VERTEX
8
V-PROP-ESMT
10
1311289.7009270324
20
367423.7926370413
30
0
0
VERTEX
8
V-PROP-ESMT
10
1311290.0424617757
20
367423.96914585895
30
0
0
VERTEX
8
V-PROP-ESMT
10
1311290.6385891985
20
367424.2391584572
30
0
0
VERTEX
8
V-PROP-ESMT
10
1311290.7468566988
20
367424.2831216225
30
0
0
VERTEX
8
V-PROP-ESMT
10
1311297.1808989462
20
367426.860872363
30
0
0
VERTEX
8
V-PROP-ESMT
10
1311297.6851630288
20
367427.0472237006
30
0
0
VERTEX
8
V-PROP-ESMT
10
1311298.2760411135
20
367427.2276695207
30
0
0
VERTEX
8
V-PROP-ESMT
10
1311304.9643479518
20
367429.0462354373
30
0
0
VERTEX
8
V-PROP-ESMT
10
1311304.9997809483
20
367429.05574985914
30
0
0
VERTEX
8
V-PROP-ESMT
10
1311305.6369187792
20
367429.2040435153
30
0
0
VERTEX
8
V-PROP-ESMT
10
1311306.0949231184
20
367429.28409586544
30
0
0
VERTEX
8
V-PROP-ESMT
10
1311312.9482558663
20
367430.31887069176
30
0
0
VERTEX
8
V-PROP-ESMT
10
1311313.135919532
20
367430.34544543637
30
0
0
VERTEX
8
V-PROP-ESMT
10
1311313.787164954
20
367430.40974977653
30
0
0
VERTEX
8
V-PROP-ESMT
10
1311314.0988441198
20
367430.4251696884
30
0
0
VERTEX
8
V-PROP-ESMT
10
1311321.0259956256
20
367430.6627020246
30
0
0
VERTEX
8
V-PROP-ESMT
10
1311322.0223846966
20
367430.6472821158
30
0
0
VERTEX
8
V-PROP-ESMT
10
1311322.171334534
20
367430.63612728
30
0
0
VERTEX
8
V-PROP-ESMT
10
1311328.9688931254
20
367430.088556198
30
0
0
VERTEX
8
V-PROP-ESMT
10
1311329.4711887045
20
367430.0354066997
30
0
0
VERTEX
8
V-PROP-ESMT
10
1311330.0948751199
20
367429.93304470554
30
0
0
VERTEX
8
V-PROP-ESMT
10
1311336.7861346994
20
367428.61743051873
30
0
0
VERTEX
8
V-PROP-ESMT
10
1311336.8081162812
20
367428.61316545185
30
0
0
VERTEX
8
V-PROP-ESMT
10
1311337.4452541168
20
367428.4645436946
30
0
0
VERTEX
8
V-PROP-ESMT
10
1311337.8871823645
20
367428.33527887
30
0
0
VERTEX
8
V-PROP-ESMT
10
1311344.3861851238
20
367426.2686819501
30
0
0
VERTEX
8
V-PROP-ESMT
10
1311344.5705679434
20
367426.2083146063
30
0
0
VERTEX
8
V-PROP-ESMT
10
1311345.1827714532
20
367425.97767202056
30
0
0
VERTEX
8
V-PROP-ESMT
10
1311345.4478627832
20
367425.8634990434
30
0
0
VERTEX
8
V-PROP-ESMT
10
1311351.6699632036
20
367423.0728222024
30
0
0
VERTEX
8
V-PROP-ESMT
10
1311352.0009992798
20
367422.91731069464
30
0
0
VERTEX
8
V-PROP-ESMT
10
1311352.578425948
20
367422.60891235963
30
0
0
VERTEX
8
V-PROP-ESMT
10
1311352.6791475366
20
367422.5495292825
30
0
0
VERTEX
8
V-PROP-ESMT
10
1311358.5446213596
20
367419.07151786465
30
0
0
VERTEX
8
V-PROP-ESMT
10
1311358.9996729435
20
367418.78477302036
30
0
0
VERTEX
8
V-PROP-ESMT
10
1311359.4878609423
20
367418.43700469116
30
0
0
VERTEX
8
V-PROP-ESMT
10
1311364.920592871
20
367414.315293779
30
0
0
VERTEX
8
V-PROP-ESMT
10
1311364.9645560354
20
367414.281829287
30
0
0
VERTEX
8
V-PROP-ESMT
10
1311365.4701324508
20
367413.86680386646
30
0
0
VERTEX
8
V-PROP-ESMT
10
1311365.7857486098
20
367413.57776243356
30
0
0
VERTEX
8
V-PROP-ESMT
10
1311370.7158568576
20
367408.8664857738
30
0
0
VERTEX
8
V-PROP-ESMT
10
1311370.877930027
20
367408.7080215333
30
0
0
VERTEX
8
V-PROP-ESMT
10
1311371.325107614
20
367408.23033219867
30
0
0
VERTEX
8
V-PROP-ESMT
10
1311371.491773943
20
367408.03577877337
30
0
0
VERTEX
8
V-PROP-ESMT
10
1311375.855282282
20
367402.7953037159
30
0
0
VERTEX
8
V-PROP-ESMT
10
1311376.103969457
20
367402.48395261454
30
0
0
VERTEX
8
V-PROP-ESMT
10
1311376.4852022813
20
367401.952129518
30
0
0
VERTEX
8
V-PROP-ESMT
10
1311376.5317901212
20
367401.8819196939
30
0
0
VERTEX
8
V-PROP-ESMT
10
1311380.272596278
20
367396.1801594437
30
0
0
VERTEX
8
V-PROP-ESMT
10
1311380.5718082893
20
367395.6945961072
30
0
0
VERTEX
8
V-PROP-ESMT
10
1311380.8411647058
20
367395.1959094443
30
0
0
VERTEX
8
V-PROP-ESMT
10
1311383.9107123741
20
367389.1066827787
30
0
0
VERTEX
8
V-PROP-ESMT
10
1311383.9497542777
20
367389.02794278413
30
0
0
VERTEX
8
V-PROP-ESMT
10
1311384.2197668697
20
367388.43214344233
30
0
0
VERTEX
8
V-PROP-ESMT
10
1311384.363795453
20
367388.06403394433
30
0
0
VERTEX
8
V-PROP-ESMT
10
1311386.7227146132
20
367381.6657527751
30
0
0
VERTEX
8
V-PROP-ESMT
10
1311386.8090005324
20
367381.42100260564
30
0
0
VERTEX
8
V-PROP-ESMT
10
1311386.9989607886
20
367380.79469153204
30
0
0
VERTEX
8
V-PROP-ESMT
10
1311387.0544068636
20
367380.5784846069
30
0
0
VERTEX
8
V-PROP-ESMT
10
1311388.6721857886
20
367373.9538259494
30
0
0
VERTEX
8
V-PROP-ESMT
10
1311388.7653614525
20
367373.5328950328
30
0
0
VERTEX
8
V-PROP-ESMT
10
1311388.8716604456
20
367372.88722702354
30
0
0
VERTEX
8
V-PROP-ESMT
10
1311388.8785501914
20
367372.83604603104
30
0
0
VERTEX
8
V-PROP-ESMT
10
1311389.7338634522
20
367366.07031153544
30
0
0
VERTEX
8
V-PROP-ESMT
10
1311389.7912780314
20
367365.47024711454
30
0
0
VERTEX
8
V-PROP-ESMT
10
1311389.8119472808
20
367364.9259568572
30
0
0
VERTEX
8
V-PROP-ESMT
10
1311389.888390698
20
367357.9771518518
30
0
0
VERTEX
8
V-PROP-ESMT
10
1311389.8867502704
20
367357.92728319654
30
0
0
VERTEX
8
V-PROP-ESMT
10
1311389.88871878
20
367357.86757203046
30
0
0
VERTEX
8
V-PROP-ESMT
10
1311389.8673933684
20
367357.21370194264
30
0
0
VERTEX
8
V-PROP-ESMT
10
1311389.8339288656
20
367356.82033002505
30
0
0
VERTEX
8
V-PROP-ESMT
10
1311389.1059119506
20
367349.9092546061
30
0
0
VERTEX
8
V-PROP-ESMT
10
1311389.0754001997
20
367349.651709193
30
0
0
VERTEX
8
V-PROP-ESMT
10
1311388.9687731212
20
367349.0060412021
30
0
0
VERTEX
8
V-PROP-ESMT
10
1311388.9182482702
20
367348.76654036617
30
0
0
VERTEX
8
V-PROP-ESMT
10
1311387.396269702
20
367341.98604211514
30
0
0
VERTEX
8
V-PROP-ESMT
10
1311387.2985008638
20
367341.5880770295
30
0
0
VERTEX
8
V-PROP-ESMT
10
1311387.1085406214
20
367340.9617659407
30
0
0
VERTEX
8
V-PROP-ESMT
10
1311387.0773726886
20
367340.87285536475
30
0
0
VERTEX
8
V-PROP-ESMT
10
1311384.7817736203
20
367334.3138133695
30
0
0
VERTEX
8
V-PROP-ESMT
10
1311384.5819708598
20
367333.7905204404
30
0
0
VERTEX
8
V-PROP-ESMT
10
1311384.3365645325
20
367333.24491787027
30
0
0
VERTEX
8
V-PROP-ESMT
10
1311381.297856697
20
367326.9952584522
30
0
0
VERTEX
8
V-PROP-ESMT
10
1311381.2732504539
20
367326.94506170193
30
0
0
VERTEX
8
V-PROP-ESMT
10
1311380.9648521226
20
367326.3682911978
30
0
0
VERTEX
8
V-PROP-ESMT
10
1311380.7319129515
20
367325.9847617727
30
0
0
VERTEX
8
V-PROP-ESMT
10
1311376.9911067847
20
367320.1284742722
30
0
0
VERTEX
8
V-PROP-ESMT
10
1311376.8782461064
20
367319.95623053674
30
0
0
VERTEX
8
V-PROP-ESMT
10
1311376.49734136
20
367319.42407936044
30
0
0
VERTEX
8
V-PROP-ESMT
10
1311376.3119742812
20
367319.19015595
30
0
0
VERTEX
8
V-PROP-ESMT
10
1311371.919266528
20
367313.8056522698
30
0
0
VERTEX
8
V-PROP-ESMT
10
1311371.6892801186
20
367313.5336711993
30
0
0
VERTEX
8
V-PROP-ESMT
10
1311371.2417744475
20
367313.05630993826
30
0
0
VERTEX
8
V-PROP-ESMT
10
1311371.1364597024
20
367312.952307518
30
0
0
VERTEX
8
V-PROP-ESMT
10
1311366.1502491913
20
367308.11209411034
30
0
0
VERTEX
8
V-PROP-ESMT
10
1311365.778202696
20
367307.7685908633
30
0
0
VERTEX
8
V-PROP-ESMT
10
1311365.2739386258
20
367307.35487778
30
0
0
VERTEX
8
V-PROP-ESMT
10
1311359.760826283
20
367303.12293086876
30
0
0
VERTEX
8
V-PROP-ESMT
10
1311359.228347027
20
367302.7407137778
30
0
0
VERTEX
8
V-PROP-ESMT
10
1311358.8038071985
20
367302.4723416148
30
0
0
VERTEX
8
V-PROP-ESMT
10
1311352.839252199
20
367298.90673194913
30
0
0
VERTEX
8
V-PROP-ESMT
10
1311352.7080188713
20
367298.8296323562
30
0
0
VERTEX
8
V-PROP-ESMT
10
1311352.1309202858
20
367298.52123403037
30
0
0
VERTEX
8
V-PROP-ESMT
10
1311351.8123513688
20
367298.37097185926
30
0
0
VERTEX
8
V-PROP-ESMT
10
1311345.4757498563
20
367295.5189434475
30
0
0
VERTEX
8
V-PROP-ESMT
10
1311345.1981913731
20
367295.3991930326
30
0
0
VERTEX
8
V-PROP-ESMT
10
1311344.5856597803
20
367295.16855044995
30
0
0
VERTEX
8
V-PROP-ESMT
10
1311344.3934029418
20
367295.10555844085
30
0
0
VERTEX
8
V-PROP-ESMT
10
1311337.7694004427
20
367293.00516894
30
0
0
VERTEX
8
V-PROP-ESMT
10
1311337.3353462082
20
367292.87820069486
30
0
0
VERTEX
8
V-PROP-ESMT
10
1311336.697880278
20
367292.7295789437
30
0
0
VERTEX
8
V-PROP-ESMT
10
1311336.6473554482
20
367292.7197364452
30
0
0
VERTEX
8
V-PROP-ESMT
10
1311329.824534455
20
367291.399201032
30
0
0
VERTEX
8
V-PROP-ESMT
10
1311329.2300474427
20
367291.3027445187
30
0
0
VERTEX
8
V-PROP-ESMT
10
1311328.6765708718
20
367291.24532993813
30
0
0
VERTEX
8
V-PROP-ESMT
10
1311321.747122792
20
367290.72269318986
30
0
0
VERTEX
8
V-PROP-ESMT
10
1311321.6493539463
20
367290.7158034424
30
0
0
VERTEX
8
V-PROP-ESMT
10
1311320.995155777
20
367290.69447803753
30
0
0
VERTEX
8
V-PROP-ESMT
10
1311320.5893167057
20
367290.70268011605
30
0
0
VERTEX
8
V-PROP-ESMT
10
1311313.646089119
20
367290.98483177705
30
0
0
VERTEX
8
V-PROP-ESMT
10
1311313.397730031
20
367290.99795511557
30
0
0
VERTEX
8
V-PROP-ESMT
10
1311313.0676781957
20
367291.0251860257
30
0
0
VERTEX
8
V-PROP-ESMT
10
1311296.1500611065
20
367292.698411028
30
0
0
VERTEX
8
V-PROP-ESMT
10
1311168.4731511122
20
367305.3263385416
30
0
0
VERTEX
8
V-PROP-ESMT
10
1311168.2264324531
20
367305.354225605
30
0
0
VERTEX
8
V-PROP-ESMT
10
1311151.962685441
20
367307.37128194934
30
0
0
VERTEX
8
V-PROP-ESMT
10
1311151.888866704
20
367307.38079635595
30
0
0
VERTEX
8
V-PROP-ESMT
10
1311151.4715446897
20
367307.4447726104
30
0
0
VERTEX
8
V-PROP-ESMT
10
1311135.328204284
20
367310.2672735356
30
0
0
VERTEX
8
V-PROP-ESMT
10
1311135.0995302012
20
367310.30992436066
30
0
0
VERTEX
8
V-PROP-ESMT
10
1311134.8413286144
20
367310.36471427593
30
0
0
VERTEX
8
V-PROP-ESMT
10
1311118.8580928652
20
367313.98544195184
30
0
0
VERTEX
8
V-PROP-ESMT
10
1311118.4788285282
20
367314.0792737755
30
0
0
VERTEX
8
V-PROP-ESMT
10
1311118.3889336966
20
367314.1035519315
30
0
0
VERTEX
8
V-PROP-ESMT
10
1311103.3682944423
20
367318.2787404522
30
0
0
VERTEX
8
V-PROP-ESMT
10
1311102.9178360328
20
367318.415551202
30
0
0
VERTEX
8
V-PROP-ESMT
10
1311088.1104509486
20
367323.2931661042
30
0
0
VERTEX
8
V-PROP-ESMT
10
1311088.0244931192
20
367323.3217093668
30
0
0
VERTEX
8
V-PROP-ESMT
10
1311087.6668822833
20
367323.45097420365
30
0
0
VERTEX
8
V-PROP-ESMT
10
1311073.1055597006
20
367329.020188774
30
0
0
VERTEX
8
V-PROP-ESMT
10
1311072.8506389516
20
367329.1215665351
30
0
0
VERTEX
8
V-PROP-ESMT
10
1311072.6698650355
20
367329.19833802996
30
0
0
VERTEX
8
V-PROP-ESMT
10
1311058.386429035
20
367335.4466851078
30
0
0
VERTEX
8
V-PROP-ESMT
10
1311057.9714036083
20
367335.63959812536
30
0
0
VERTEX
8
V-PROP-ESMT
10
1311057.9595926204
20
367335.6455036062
30
0
0
VERTEX
8
V-PROP-ESMT
10
1311043.9865234462
20
367342.55887560453
30
0
0
VERTEX
8
V-PROP-ESMT
10
1311043.5695295273
20
367342.77737910615
30
0
0
VERTEX
8
V-PROP-ESMT
10
1311029.9370108643
20
367350.34101227875
30
0
0
VERTEX
8
V-PROP-ESMT
10
1311029.788389112
20
367350.42532969883
30
0
0
VERTEX
8
V-PROP-ESMT
10
1311029.5308436982
20
367350.57920077746
30
0
0
VERTEX
8
V-PROP-ESMT
10
1311020.2565840287
20
367356.31114468584
30
0
0
VERTEX
8
V-PROP-ESMT
10
1311017.2766031139
20
367370.0965501948
30
0
0
VERTEX
8
V-PROP-ESMT
10
1311041.6254239343
20
367355.1874176781
30
0
0
VERTEX
8
V-PROP-ESMT
10
1311067.167918826
20
367342.43091884564
30
0
0
VERTEX
8
V-PROP-ESMT
10
1311093.7142398362
20
367331.9218680526
30
0
0
VERTEX
8
V-PROP-ESMT
10
1311121.0670779431
20
367323.73837520124
30
0
0
VERTEX
8
V-PROP-ESMT
10
1311145.1045944653
20
367318.6065496642
30
0
0
VERTEX
8
V-PROP-ESMT
10
1311169.4574011217
20
367315.27809028316
30
0
0
VERTEX
8
V-PROP-ESMT
10
1311297.1343111244
20
367302.64983469
30
0
0
VERTEX
8
V-PROP-ESMT
10
1311314.0519282059
20
367300.9766096968
30
0
0
VERTEX
8
V-PROP-ESMT
10
1311324.4675356762
20
367300.85550343315
30
0
0
VERTEX
8
V-PROP-ESMT
10
1311334.7471330375
20
367302.5375925497
30
0
0
VERTEX
8
V-PROP-ESMT
10
1311344.580908761
20
367305.97218142264
30
0
0
VERTEX
8
V-PROP-ESMT
10
1311353.6724877083
20
367311.05575673404
30
0
0
VERTEX
8
V-PROP-ESMT
10
1311361.7478634305
20
367317.63510720705
30
0
0
VERTEX
8
V-PROP-ESMT
10
1311368.5636563082
20
367325.51194116205
30
0
0
VERTEX
8
V-PROP-ESMT
10
1311373.9144486445
20
367334.4488627281
30
0
0
VERTEX
8
V-PROP-ESMT
10
1311377.6389756456
20
367344.1765265957
30
0
0
VERTEX
8
V-PROP-ESMT
10
1311379.6249856963
20
367354.4017556779
30
0
0
VERTEX
8
V-PROP-ESMT
10
1311379.8126234557
20
367364.81637702364
30
0
0
VERTEX
8
V-PROP-ESMT
10
1311378.3314990029
20
367374.5488022064
30
0
0
VERTEX
8
V-PROP-ESMT
10
1311375.2788299196
20
367383.9080244525
30
0
0
VERTEX
8
V-PROP-ESMT
10
1311370.7367976066
20
367392.64208261867
30
0
0
VERTEX
8
V-PROP-ESMT
10
1311364.8276788536
20
367400.5158457056
30
0
0
VERTEX
8
V-PROP-ESMT
10
1311357.7105540074
20
367407.31734285736
30
0
0
VERTEX
8
V-PROP-ESMT
10
1311349.5770243425
20
367412.8634698639
30
0
0
VERTEX
8
V-PROP-ESMT
10
1311340.6460539328
20
367417.0049185386
30
0
0
VERTEX
8
V-PROP-ESMT
10
1311331.1580748844
20
367419.6301962686
30
0
0
VERTEX
8
V-PROP-ESMT
10
1311321.3685146233
20
367420.66862752545
30
0
0
VERTEX
8
V-PROP-ESMT
10
1311311.4898401636
20
367420.08469741145
30
0
0
VERTEX
8
V-PROP-ESMT
10
1311301.8415104682
20
367417.8849434367
30
0
0
VERTEX
8
V-PROP-ESMT
10
1311292.685986871
20
367414.1292050118
30
0
0
VERTEX
8
V-PROP-ESMT
10
1311284.2723250121
20
367408.91964864073
30
0
0
VERTEX
8
V-PROP-ESMT
10
1311276.829399835
20
367402.39798870886
30
0
0
VERTEX
8
V-PROP-ESMT
10
1311270.5596795522
20
367394.7416324584
30
0
0
VERTEX
8
V-PROP-ESMT
10
1311265.6337179486
20
367386.15885401913
30
0
0
VERTEX
8
V-PROP-ESMT
10
1311263.3606453335
20
367382.1462260548
30
0
0
VERTEX
8
V-PROP-ESMT
10
1311260.499416763
20
367378.5294023986
30
0
0
VERTEX
8
V-PROP-ESMT
10
1311257.1176463827
20
367375.39385278354
30
0
0
VERTEX
8
V-PROP-ESMT
10
1311253.2952493445
20
367372.8136738795
30
0
0
VERTEX
8
V-PROP-ESMT
10
1311249.122553319
20
367370.8498383031
30
0
0
VERTEX
8
V-PROP-ESMT
10
1311244.6981639469
20
367369.54875376413
30
0
0
VERTEX
8
V-PROP-ESMT
10
1311240.1266346748
20
367368.94116639753
30
0
0
VERTEX
8
V-PROP-ESMT
10
1311235.5159960357
20
367369.0414341966
30
0
0
VERTEX
8
V-PROP-ESMT
10
1311175.359948362
20
367374.99713093403
30
0
0
VERTEX
8
V-PROP-ESMT
10
1311160.7979696197
20
367376.839975031
30
0
0
VERTEX
8
V-PROP-ESMT
10
1311137.8598080936
20
367381.40318327607
30
0
0
VERTEX
8
V-PROP-ESMT
10
1311115.4025997366
20
367387.9343329826
30
0
0
VERTEX
8
V-PROP-ESMT
10
1311093.594845198
20
367396.38441970845
30
0
0
VERTEX
8
V-PROP-ESMT
10
1311072.6001721541
20
367406.6900408667
30
0
0
VERTEX
8
V-PROP-ESMT
10
1311052.5761075772
20
367418.7738714475
30
0
0
VERTEX
8
V-PROP-ESMT
10
1311033.6728957826
20
367432.54524420167
30
0
0
VERTEX
8
V-PROP-ESMT
10
1310961.3931846991
20
367490.15569327306
30
0
0
VERTEX
8
V-PROP-ESMT
10
1310957.6961126958
20
367493.6545672604
30
0
0
VERTEX
8
V-PROP-ESMT
10
1310954.6436355496
20
367497.72799871897
30
0
0
VERTEX
8
V-PROP-ESMT
10
1310952.3235936284
20
367502.25876753463
30
0
0
VERTEX
8
V-PROP-ESMT
10
1310950.8027501963
20
367507.1164929109
30
0
0
VERTEX
8
V-PROP-ESMT
10
1310950.1248701825
20
367512.1613853045
30
0
0
VERTEX
8
V-PROP-ESMT
10
1310950.30946077
20
367517.24826911406
30
0
0
VERTEX
8
V-PROP-ESMT
10
1310951.3512100424
20
367522.2307603615
30
0
0
VERTEX
8
V-PROP-ESMT
10
1310961.3400351962
20
367521.88627286616
30
0
0
SEQEND
0
POLYLINE
8
V-PROP-LINE
66
1
70
1
0
VERTEX
8
V-PROP-LINE
10
1311323.2936578542
20
367509.427934161
30
0
0
VERTEX
8
V-PROP-LINE
10
1311321.3771587445
20
367420.68862702395
30
0
0
VERTEX
8
V-PROP-LINE
10
1311311.4944084114
20
367420.1044645005
30
0
0
VERTEX
8
V-PROP-LINE
10
1311301.8421020699
20
367417.9037868121
30
0
0
VERTEX
8
V-PROP-LINE
10
1311292.6827990708
20
367414.14650473953
30
0
0
VERTEX
8
V-PROP-LINE
10
1311284.2656761804
20
367408.9347831192
30
0
0
VERTEX
8
V-PROP-LINE
10
1311276.819677887
20
367402.41043568705
30
0
0
VERTEX
8
V-PROP-LINE
10
1311270.5473874835
20
367394.7509074318
30
0
0
VERTEX
8
V-PROP-LINE
10
1311265.6193922772
20
367386.1645890562
30
0
0
VERTEX
8
V-PROP-LINE
10
1311263.347180227
20
367382.1534604869
30
0
0
VERTEX
8
V-PROP-LINE
10
1311260.4870181154
20
367378.5379974883
30
0
0
VERTEX
8
V-PROP-LINE
10
1311257.1065134164
20
367375.4036254651
30
0
0
VERTEX
8
V-PROP-LINE
10
1311253.2855502893
20
367372.82441225526
30
0
0
VERTEX
8
V-PROP-LINE
10
1311249.1144212955
20
367370.86130682856
30
0
0
VERTEX
8
V-PROP-LINE
10
1311244.6916874032
20
367369.5607204536
30
0
0
VERTEX
8
V-PROP-LINE
10
1311240.1218710388
20
367368.9533668543
30
0
0
VERTEX
8
V-PROP-LINE
10
1311235.5129607928
20
367369.05359830515
30
0
0
VERTEX
8
V-PROP-LINE
10
1311175.3570680765
20
367375.0093578282
30
0
0
VERTEX
8
V-PROP-LINE
10
1311160.79322601
20
367376.8524270782
30
0
0
VERTEX
8
V-PROP-LINE
10
1311165.3736319265
20
367514.86644079286
30
0
0
VERTEX
8
V-PROP-LINE
10
1311175.2277845691
20
367514.5269180493
30
0
0
VERTEX
8
V-PROP-LINE
10
1311323.2936578542
20
367509.427934161
30
0
0
SEQEND
0
POLYLINE
8
C-PROP
66
1
70
1
0
VERTEX
8
C-PROP
10
1311169.5969719933
20
367400.9376983197
30
0
0
VERTEX
8
C-PROP
10
1311178.1585037115
20
367399.8542276414
30
0
0
VERTEX
8
C-PROP
10
1311237.0185117042
20
367394.02676773194
30
0
0
VERTEX
8
C-PROP
10
1311238.7386392518
20
367393.9893595659
30
0
0
VERTEX
8
C-PROP
10
1311239.4875699566
20
367394.0888965545
30
0
0
VERTEX
8
C-PROP
10
1311240.2123373614
20
367394.3020277613
30
0
0
VERTEX
8
C-PROP
10
1311240.8958734737
20
367394.6237280619
30
0
0
VERTEX
8
C-PROP
10
1311241.5220773262
20
367395.04642600345
30
0
0
VERTEX
8
C-PROP
10
1311242.076096037
20
367395.5601069184
30
0
0
VERTEX
8
C-PROP
10
1311243.7405479134
20
367397.664101006
30
0
0
VERTEX
8
C-PROP
10
1311251.168679083
20
367403.9865571496
30
0
0
VERTEX
8
C-PROP
10
1311260.4508766534
20
367406.9851222438
30
0
0
VERTEX
8
C-PROP
10
1311269.6218921565
20
367406.24768735655
30
0
0
VERTEX
8
C-PROP
10
1311270.630160105
20
367407.47895318485
30
0
0
VERTEX
8
C-PROP
10
1311271.1430143819
20
367407.9007622043
30
0
0
VERTEX
8
C-PROP
10
1311271.547477942
20
367408.4274040049
30
0
0
VERTEX
8
C-PROP
10
1311278.9934762353
20
367414.95175143704
30
0
0
VERTEX
8
C-PROP
10
1311279.5686722405
20
367415.28351388697
30
0
0
VERTEX
8
C-PROP
10
1311280.0541839618
20
367415.7364985862
30
0
0
VERTEX
8
C-PROP
10
1311288.4713068523
20
367420.94822020654
30
0
0
VERTEX
8
C-PROP
10
1311289.0932289802
20
367421.1809329594
30
0
0
VERTEX
8
C-PROP
10
1311289.6466115376
20
367421.5479617084
30
0
0
VERTEX
8
C-PROP
10
1311298.8059145366
20
367425.30524378095
30
0
0
VERTEX
8
C-PROP
10
1311299.4576102656
20
367425.4325600991
30
0
0
VERTEX
8
C-PROP
10
1311300.0637766651
20
367425.70363032044
30
0
0
VERTEX
8
C-PROP
10
1311309.7160830067
20
367427.90430800884
30
0
0
VERTEX
8
C-PROP
10
1311310.3798610796
20
367427.9227749357
30
0
0
VERTEX
8
C-PROP
10
1311311.0223578874
20
367428.09052537574
30
0
0
VERTEX
8
C-PROP
10
1311313.5383636227
20
367428.23924473114
30
0
0
VERTEX
8
C-PROP
10
1311314.865865233
20
367489.70630855963
30
0
0
VERTEX
8
C-PROP
10
1311174.5394472831
20
367494.5387667646
30
0
0
VERTEX
8
C-PROP
10
1311172.7176084688
20
367494.9668243781
30
0
0
VERTEX
8
C-PROP
10
1311169.5969719933
20
367400.9376983197
30
0
0
SEQEND
0
POLYLINE
8
A-BLDG-OTLN
66
1
70
1
0
VERTEX
8
A-BLDG-OTLN
10
1311201.6334478795
20
367451.0469861688
30
0
0
VERTEX
8
A-BLDG-OTLN
10
1311229.1390508192
20
367465.6048612518
30
0
0
VERTEX
8
A-BLDG-OTLN
10
1311234.358010167
20
367464.43319502287
30
0
0
VERTEX
8
A-BLDG-OTLN
10
1311244.8714755941
20
367442.5733111161
30
0
0
VERTEX
8
A-BLDG-OTLN
10
1311256.471833437
20
367447.8326389464
30
0
0
VERTEX
8
A-BLDG-OTLN
10
1311266.0844907002
20
367427.7570705892
30
0
0
VERTEX
8
A-BLDG-OTLN
10
1311247.9416425088
20
367419.1947794912
30
0
0
VERTEX
8
A-BLDG-OTLN
10
1311215.225153918
20
367403.7228323143
30
0
0
VERTEX
8
A-BLDG-OTLN
10
1311199.4667779754
20
367433.4585413447
30
0
0
VERTEX
8
A-BLDG-OTLN
10
1311207.6434491796
20
367437.9596987012
30
0
0
VERTEX
8
A-BLDG-OTLN
10
1311201.6334478795
20
367451.0469861688
30
0
0
SEQEND
0
POLYLINE
8
C-PVMT
66
1
70
1
0
VERTEX
8
C-PVMT
10
1311282.5430841357
20
367407.4409869995
30
0
0
VERTEX
8
C-PVMT
10
1311282.4792909867
20
367407.41044132994
30
0
0
VERTEX
8
C-PVMT
10
1311271.9279785696
20
367429.4463454392
30
0
0
VERTEX
8
C-PVMT
10
1311266.5163592668
20
367426.8551340388
30
0
0
VERTEX
8
C-PVMT
10
1311256.0399648703
20
367448.73457549687
30
0
0
VERTEX
8
C-PVMT
10
1311277.6864420816
20
367459.0994210985
30
0
0
VERTEX
8
C-PVMT
10
1311288.162836478
20
367437.2199796404
30
0
0
VERTEX
8
C-PVMT
10
1311282.7512171753
20
367434.62876824
30
0
0
VERTEX
8
C-PVMT
10
1311292.5870093019
20
367414.08719354536
30
0
0
VERTEX
8
C-PVMT
10
1311284.2656761804
20
367408.9347831192
30
0
0
VERTEX
8
C-PVMT
10
1311282.5492774271
20
367407.4308367903
30
0
0
VERTEX
8
C-PVMT
10
1311282.5430841357
20
367407.4409869995
30
0
0
SEQEND
0
POLYLINE
8
C-PVMT
66
1
70
1
0
VERTEX
8
C-PVMT
10
1311296.3974235505
20
367396.2544406774
30
0
0
VERTEX
8
C-PVMT
10
1311287.0060874028
20
367390.52706733864
30
0
0
VERTEX
8
C-PVMT
10
1311282.4674899445
20
367407.3468263434
30
0
0
VERTEX
8
C-PVMT
10
1311284.2343241384
20
367408.89496655815
30
0
0
VERTEX
8
C-PVMT
10
1311292.6035370838
20
367413.998990771
30
0
0
VERTEX
8
C-PVMT
10
1311305.7887596982
20
367401.9818140162
30
0
0
VERTEX
8
C-PVMT
10
1311296.3974235505
20
367396.2544406774
30
0
0
SEQEND
0
POLYLINE
8
C-PVMT
66
1
70
1
0
VERTEX
8
C-PVMT
10
1311228.0488915355
20
367413.76513880247
30
0
0
VERTEX
8
C-PVMT
10
1311231.5038400693
20
367406.54964639875
30
0
0
VERTEX
8
C-PVMT
10
1311236.0135228215
20
367408.70898923243
30
0
0
VERTEX
8
C-PVMT
10
1311232.5585742877
20
367415.92448163615
30
0
0
VERTEX
8
C-PVMT
10
1311228.0488915355
20
367413.76513880247
30
0
0
SEQEND
0
POLYLINE
8
C-PVMT
66
1
70
1
0
VERTEX
8
C-PVMT
10
1311267.0317749646
20
367425.77871335816
30
0
0
VERTEX
8
C-PVMT
10
1311232.894944312
20
367409.4331909165
30
0
0
VERTEX
8
C-PVMT
10
1311231.8619553326
20
367411.59053828666
30
0
0
VERTEX
8
C-PVMT
10
1311247.9416425088
20
367419.1947794912
30
0
0
VERTEX
8
C-PVMT
10
1311266.0844907002
20
367427.75707058917
30
0
0
VERTEX
8
C-PVMT
10
1311267.0317749646
20
367425.77871335816
30
0
0
SEQEND
0
POLYLINE
8
C-LOD
66
1
70
1
0
VERTEX
8
C-LOD
10
1311284.7019431873
20
367466.2256223472
30
0
0
VERTEX
8
C-LOD
10
1311229.4260615495
20
367475.60074164526
30
0
0
VERTEX
8
C-LOD
10
1311196.4750033394
20
367459.6138087959
30
0
0
VERTEX
8
C-LOD
10
1311284.7019431873
20
367466.2256223472
30
0
0
SEQEND
0
POINT
8
C-TOPO-SPOT
10
1311256.893401409
20
367411.4801635717
30
0
0
POLYLINE
8
C-UTIL
66
1
70
0
0
VERTEX
8
C-UTIL
10
1311190.0705863154
20
367345.45907650614
30
0
0
VERTEX
8
C-UTIL
10
1311200.8715510236
20
367430.80776548025
30
0
0
SEQEND
0
POLYLINE
8
C-UTIL
66
1
70
0
0
VERTEX
8
C-UTIL
10
1311195.7799219382
20
367344.7365541884
30
0
0
VERTEX
8
C-UTIL
10
1311205.5541278503
20
367421.97184593213
30
0
0
SEQEND
0
POLYLINE
8
C-SWM
66
1
70
1
0
VERTEX
8
C-SWM
10
1311242.3597029764
20
367388.5760035763
30
0
0
VERTEX
8
C-SWM
10
1311260.5256051011
20
367388.5760035763
30
0
0
VERTEX
8
C-SWM
10
1311260.5256051011
20
367406.7419057009
30
0
0
VERTEX
8
C-SWM
10
1311242.3597029764
20
367406.7419057009
30
0
0
VERTEX
8
C-SWM
10
1311242.3597029764
20
367388.5760035763
30
0
0
SEQEND
0
POLYLINE
8
C-DRNG-AREA
66
1
70
1
0
VERTEX
8
C-DRNG-AREA
10
1311323.2936578542
20
367509.427934161
30
0
0
VERTEX
8
C-DRNG-AREA
10
1311321.3771587445
20
367420.68862702395
30
0
0
VERTEX
8
C-DRNG-AREA
10
1311311.4944084114
20
367420.1044645005
30
0
0
VERTEX
8
C-DRNG-AREA
10
1311301.8421020699
20
367417.9037868121
30
0
0
VERTEX
8
C-DRNG-AREA
10
1311292.6827990708
20
367414.14650473953
30
0
0
VERTEX
8
C-DRNG-AREA
10
1311284.2656761804
20
367408.9347831192
30
0
0
VERTEX
8
C-DRNG-AREA
10
1311276.819677887
20
367402.41043568705
30
0
0
VERTEX
8
C-DRNG-AREA
10
1311270.5473874835
20
367394.7509074318
30
0
0
VERTEX
8
C-DRNG-AREA
10
1311265.6193922772
20
367386.1645890562
30
0
0
VERTEX
8
C-DRNG-AREA
10
1311263.347180227
20
367382.1534604869
30
0
0
VERTEX
8
C-DRNG-AREA
10
1311260.4870181154
20
367378.5379974883
30
0
0
VERTEX
8
C-DRNG-AREA
10
1311257.1065134164
20
367375.4036254651
30
0
0
VERTEX
8
C-DRNG-AREA
10
1311253.2855502893
20
367372.82441225526
30
0
0
VERTEX
8
C-DRNG-AREA
10
1311249.1144212955
20
367370.86130682856
30
0
0
VERTEX
8
C-DRNG-AREA
10
1311244.6916874032
20
367369.5607204536
30
0
0
VERTEX
8
C-DRNG-AREA
10
1311240.1218710388
20
367368.9533668543
30
0
0
VERTEX
8
C-DRNG-AREA
10
1311235.5129607928
20
367369.05359830515
30
0
0
VERTEX
8
C-DRNG-AREA
10
1311175.3570680765
20
367375.0093578282
30
0
0
VERTEX
8
C-DRNG-AREA
10
1311160.79322601
20
367376.8524270782
30
0
0
VERTEX
8
C-DRNG-AREA
10
1311165.3736319265
20
367514.86644079286
30
0
0
VERTEX
8
C-DRNG-AREA
10
1311175.2277845691
20
367514.5269180493
30
0
0
VERTEX
8
C-DRNG-AREA
10
1311323.2936578542
20
367509.427934161
30
0
0
SEQEND
0
POLYLINE
8
C-PROP
66
1
70
1
0
VERTEX
8
C-PROP
10
1311284.7019431873
20
367466.2256223472
30
0
0
VERTEX
8
C-PROP
10
1311229.4260615495
20
367475.60074164526
30
0
0
VERTEX
8
C-PROP
10
1311196.4750033394
20
367459.6138087959
30
0
0
VERTEX
8
C-PROP
10
1311284.7019431873
20
367466.2256223472
30
0
0
SEQEND
0
POLYLINE
8
C-PROP
66
1
70
1
0
VERTEX
8
C-PROP
10
1311284.7019431873
20
367450.2256223472
30
0
0
VERTEX
8
C-PROP
10
1311314.7019431873
20
367450.2256223472
30
0
0
VERTEX
8
C-PROP
10
1311314.7019431873
20
367466.2256223472
30
0
0
VERTEX
8
C-PROP
10
1311284.7019431873
20
367466.2256223472
30
0
0
VERTEX
8
C-PROP
10
1311284.7019431873
20
367450.2256223472
30
0
0
SEQEND
0
POLYLINE
8
L-PLNT-TREE
66
1
70
1
0
VERTEX
8
L-PLNT-TREE
10
1311162.4473986612
20
367365.970455782
30
0
0
VERTEX
8
L-PLNT-TREE
10
1311172.4473986612
20
367365.970455782
30
0
0
VERTEX
8
L-PLNT-TREE
10
1311172.4473986612
20
367375.970455782
30
0
0
VERTEX
8
L-PLNT-TREE
10
1311162.4473986612
20
367375.970455782
30
0
0
VERTEX
8
L-PLNT-TREE
10
1311162.4473986612
20
367365.970455782
30
0
0
SEQEND
0
POLYLINE
8
L-PLNT-TREE
66
1
70
1
0
VERTEX
8
L-PLNT-TREE
10
1311269.6789800052
20
367434.42099101044
30
0
0
VERTEX
8
L-PLNT-TREE
10
1311281.6789800052
20
367434.42099101044
30
0
0
VERTEX
8
L-PLNT-TREE
10
1311281.6789800052
20
367446.42099101044
30
0
0
VERTEX
8
L-PLNT-TREE
10
1311269.6789800052
20
367446.42099101044
30
0
0
VERTEX
8
L-PLNT-TREE
10
1311269.6789800052
20
367434.42099101044
30
0
0
SEQEND
0
POLYLINE
8
L-PLNT-TREE
66
1
70
1
0
VERTEX
8
L-PLNT-TREE
10
1311263.2481993868
20
367458.42099101044
30
0
0
VERTEX
8
L-PLNT-TREE
10
1311275.2481993868
20
367458.42099101044
30
0
0
VERTEX
8
L-PLNT-TREE
10
1311275.2481993868
20
367470.42099101044
30
0
0
VERTEX
8
L-PLNT-TREE
10
1311263.2481993868
20
367470.42099101044
30
0
0
VERTEX
8
L-PLNT-TREE
10
1311263.2481993868
20
367458.42099101044
30
0
0
SEQEND
0
POLYLINE
8
L-PLNT-TREE
66
1
70
1
0
VERTEX
8
L-PLNT-TREE
10
1311245.6789800052
20
367475.9902103921
30
0
0
VERTEX
8
L-PLNT-TREE
10
1311257.6789800052
20
367475.9902103921
30
0
0
VERTEX
8
L-PLNT-TREE
10
1311257.6789800052
20
367487.9902103921
30
0
0
VERTEX
8
L-PLNT-TREE
10
1311245.6789800052
20
367487.9902103921
30
0
0
VERTEX
8
L-PLNT-TREE
10
1311245.6789800052
20
367475.9902103921
30
0
0
SEQEND
0
POLYLINE
8
V-PROP-LINE
66
1
70
1
0
VERTEX
8
V-PROP-LINE
10
1311487.4836181365
20
367372.2743371248
30
0
0
VERTEX
8
V-PROP-LINE
10
1311379.820518216
20
367364.8323403853
30
0
0
VERTEX
8
V-PROP-LINE
10
1311378.3400817357
20
367374.5603364702
30
0
0
VERTEX
8
V-PROP-LINE
10
1311375.2887850606
20
367383.9152917667
30
0
0
VERTEX
8
V-PROP-LINE
10
1311370.7488182292
20
367392.64537201665
30
0
0
VERTEX
8
V-PROP-LINE
10
1311364.8424000796
20
367400.515557824
30
0
0
VERTEX
8
V-PROP-LINE
10
1311357.7285022417
20
367407.31394421717
30
0
0
VERTEX
8
V-PROP-LINE
10
1311349.598673593
20
367412.857542881
30
0
0
VERTEX
8
V-PROP-LINE
10
1311340.6717743694
20
367416.99711656076
30
0
0
VERTEX
8
V-PROP-LINE
10
1311331.1881097385
20
367419.62117928267
30
0
0
VERTEX
8
V-PROP-LINE
10
1311321.4030061436
20
367420.65913286316
30
0
0
VERTEX
8
V-PROP-LINE
10
1311323.3195052533
20
367509.3984400002
30
0
0
VERTEX
8
V-PROP-LINE
10
1311374.3692213858
20
367507.63978062605
30
0
0
VERTEX
8
V-PROP-LINE
10
1311479.5468100393
20
367504.0159090714
30
0
0
VERTEX
8
V-PROP-LINE
10
1311487.4836181365
20
367372.2743371248
30
0
0
SEQEND
0
POLYLINE
8
C-PROP
66
1
70
1
0
VERTEX
8
C-PROP
10
1311329.9282941432
20
367444.8950690997
30
0
0
VERTEX
8
C-PROP
10
1311333.8251869248
20
367444.48170670896
30
0
0
VERTEX
8
C-PROP
10
1311335.7961325129
20
367443.8676368305
30
0
0
VERTEX
8
C-PROP
10
1311337.8549357597
20
367443.7158556823
30
0
0
VERTEX
8
C-PROP
10
1311347.3386003906
20
367441.0917929604
30
0
0
VERTEX
8
C-PROP
10
1311349.1826562316
20
367440.16366849805
30
0
0
VERTEX
8
C-PROP
10
1311351.188983922
20
367439.6772467022
30
0
0
VERTEX
8
C-PROP
10
1311360.1158831455
20
367435.5376730224
30
0
0
VERTEX
8
C-PROP
10
1311361.7832940319
20
367434.3205250193
30
0
0
VERTEX
8
C-PROP
10
1311363.6830197917
20
367433.5125953418
30
0
0
VERTEX
8
C-PROP
10
1311371.8128484404
20
367427.96899667796
30
0
0
VERTEX
8
C-PROP
10
1311373.2587848855
20
367426.4955734104
30
0
0
VERTEX
8
C-PROP
10
1311375.000825395
20
367425.387871651
30
0
0
VERTEX
8
C-PROP
10
1311382.114723233
20
367418.5894852578
30
0
0
VERTEX
8
C-PROP
10
1311383.300294276
20
367416.89940293325
30
0
0
VERTEX
8
C-PROP
10
1311384.8377908503
20
367415.52170149673
30
0
0
VERTEX
8
C-PROP
10
1311390.744209
20
367407.6515156894
30
0
0
VERTEX
8
C-PROP
10
1311394.964753074
20
367398.85733624623
30
0
0
VERTEX
8
C-PROP
10
1311395.4986405862
20
367389.11744156067
30
0
0
VERTEX
8
C-PROP
10
1311392.264592002
20
367379.9146423063
30
0
0
VERTEX
8
C-PROP
10
1311386.5823885724
20
367373.5733784622
30
0
0
VERTEX
8
C-PROP
10
1311386.6207232343
20
367373.32148015784
30
0
0
VERTEX
8
C-PROP
10
1311479.0212411946
20
367379.7084814043
30
0
0
VERTEX
8
C-PROP
10
1311472.7237629625
20
367484.2391279109
30
0
0
VERTEX
8
C-PROP
10
1311373.6805342792
20
367487.6516413913
30
0
0
VERTEX
8
C-PROP
10
1311366.0838277347
20
367489.4366970398
30
0
0
VERTEX
8
C-PROP
10
1311359.7484972663
20
367493.993007153
30
0
0
VERTEX
8
C-PROP
10
1311355.8584438127
20
367500.2727299157
30
0
0
VERTEX
8
C-PROP
10
1311331.1426720459
20
367501.12418663275
30
0
0
VERTEX
8
C-PROP
10
1311329.9282941432
20
367444.8950690997
30
0
0
SEQEND
0
POLYLINE
8
A-BLDG-OTLN
66
1
70
1
0
VERTEX
8
A-BLDG-OTLN
10
1311375.7116662513
20
367434.1407686989
30
0
0
VERTEX
8
A-BLDG-OTLN
10
1311394.1420965933
20
367445.3858767399
30
0
0
VERTEX
8
A-BLDG-OTLN
10
1311401.3335678966
20
367434.98486637115
30
0
0
VERTEX
8
A-BLDG-OTLN
10
1311422.4387414854
20
367448.0281305844
30
0
0
VERTEX
8
A-BLDG-OTLN
10
1311426.9110642115
20
367447.3005248187
30
0
0
VERTEX
8
A-BLDG-OTLN
10
1311443.4039662308
20
367420.24936280923
30
0
0
VERTEX
8
A-BLDG-OTLN
10
1311430.9177942318
20
367412.9008365005
30
0
0
VERTEX
8
A-BLDG-OTLN
10
1311436.015453516
20
367404.577490758
30
0
0
VERTEX
8
A-BLDG-OTLN
10
1311407.1822827272
20
367386.58785533975
30
0
0
VERTEX
8
A-BLDG-OTLN
10
1311386.952737444
20
367416.7532075182
30
0
0
VERTEX
8
A-BLDG-OTLN
10
1311375.7116662513
20
367434.1407686989
30
0
0
SEQEND
0
POLYLINE
8
C-PVMT
66
1
70
1
0
VERTEX
8
C-PVMT
10
1311371.5185583527
20
367439.09320351103
30
0
0
VERTEX
8
C-PVMT
10
1311362.35773199
20
367454.10755210905
30
0
0
VERTEX
8
C-PVMT
10
1311382.49546471
20
367466.3943504061
30
0
0
VERTEX
8
C-PVMT
10
1311394.9957477823
20
367445.9067218679
30
0
0
VERTEX
8
C-PVMT
10
1311381.2435083257
20
367437.5159563987
30
0
0
VERTEX
8
C-PVMT
10
1311383.894728107
20
367435.44689301465
30
0
0
VERTEX
8
C-PVMT
10
1311360.1404110047
20
367405.0090070238
30
0
0
VERTEX
8
C-PVMT
10
1311357.7285022417
20
367407.31394421717
30
0
0
VERTEX
8
C-PVMT
10
1311350.5418324452
20
367412.21441811434
30
0
0
VERTEX
8
C-PVMT
10
1311371.5185583527
20
367439.09320351103
30
0
0
SEQEND
0
POLYLINE
8
C-PVMT
66
1
70
1
0
VERTEX
8
C-PVMT
10
1311345.426719316
20
367392.02949299035
30
0
0
VERTEX
8
C-PVMT
10
1311345.423489242
20
367392.0325683215
30
0
0
VERTEX
8
C-PVMT
10
1311343.54595596
20
367393.49783174257
30
0
0
VERTEX
8
C-PVMT
10
1311334.8754345844
20
367400.26703133085
30
0
0
VERTEX
8
C-PVMT
10
1311350.4839367918
20
367412.2668890922
30
0
0
VERTEX
8
C-PVMT
10
1311354.5347440594
20
367409.5047068137
30
0
0
VERTEX
8
C-PVMT
10
1311359.5179733052
20
367405.61422873306
30
0
0
VERTEX
8
C-PVMT
10
1311360.1643304864
20
367404.9965359676
30
0
0
VERTEX
8
C-PVMT
10
1311352.2164770495
20
367386.72863237734
30
0
0
VERTEX
8
C-PVMT
10
1311345.426719316
20
367392.02949299035
30
0
0
SEQEND
0
POLYLINE
8
C-PVMT
66
1
70
1
0
VERTEX
8
C-PVMT
10
1311394.435601993
20
367396.92956993944
30
0
0
VERTEX
8
C-PVMT
10
1311401.2648115056
20
367401.0963309635
30
0
0
VERTEX
8
C-PVMT
10
1311398.6605858654
20
367405.3645869089
30
0
0
VERTEX
8
C-PVMT
10
1311391.8313763528
20
367401.19782588485
30
0
0
VERTEX
8
C-PVMT
10
1311394.435601993
20
367396.92956993944
30
0
0
SEQEND
0
POLYLINE
8
C-PVMT
66
1
70
1
0
VERTEX
8
C-PVMT
10
1311370.8177604831
20
367418.6905599269
30
0
0
VERTEX
8
C-PVMT
10
1311373.2787098784
20
367421.8439276621
30
0
0
VERTEX
8
C-PVMT
10
1311394.8048420253
20
367405.0445162591
30
0
0
VERTEX
8
C-PVMT
10
1311397.01625437
20
367401.7469615556
30
0
0
VERTEX
8
C-PVMT
10
1311395.3176192315
20
367399.57039455656
30
0
0
VERTEX
8
C-PVMT
10
1311370.8177604831
20
367418.6905599269
30
0
0
SEQEND
0
POLYLINE
8
C-LOD
66
1
70
1
0
VERTEX
8
C-LOD
10
1311414.7467798728
20
367380.0473367874
30
0
0
VERTEX
8
C-LOD
10
1311445.8125284333
20
367402.5731646702
30
0
0
VERTEX
8
C-LOD
10
1311453.3986202308
20
367420.576305339
30
0
0
VERTEX
8
C-LOD
10
1311435.7610290907
20
367451.95650179853
30
0
0
VERTEX
8
C-LOD
10
1311384.8029733237
20
367476.12447907927
30
0
0
VERTEX
8
C-LOD
10
1311360.0397012918
20
367463.8351794499
30
0
0
VERTEX
8
C-LOD
10
1311414.7467798728
20
367380.0473367874
30
0
0
SEQEND
0
POLYLINE
8
C-PROP
66
1
70
1
0
VERTEX
8
C-PROP
10
1311482.8814186258
20
367374.2287576692
30
0
0
VERTEX
8
C-PROP
10
1311379.976253054
20
367369.8299144628
30
0
0
VERTEX
8
C-PROP
10
1311378.7035775003
20
367379.54710604873
30
0
0
VERTEX
8
C-PROP
10
1311376.1969772296
20
367388.832118689
30
0
0
VERTEX
8
C-PROP
10
1311372.7403747707
20
367397.23162348615
30
0
0
VERTEX
8
C-PROP
10
1311368.3596102644
20
367404.0693209725
30
0
0
VERTEX
8
C-PROP
10
1311362.3368812993
20
367409.2537489652
30
0
0
VERTEX
8
C-PROP
10
1311354.550726058
20
367413.5483224295
30
0
0
VERTEX
8
C-PROP
10
1311345.6716352364
20
367417.0344168622
30
0
0
VERTEX
8
C-PROP
10
1311336.1827938473
20
367419.39067840914
30
0
0
VERTEX
8
C-PROP
10
1311326.3952085783
20
367420.380000547
30
0
0
VERTEX
8
C-PROP
10
1311325.9884688538
20
367505.17036321515
30
0
0
VERTEX
8
C-PROP
10
1311374.7602311508
20
367502.65509293636
30
0
0
VERTEX
8
C-PROP
10
1311475.8007188805
20
367500.70429299615
30
0
0
VERTEX
8
C-PROP
10
1311482.8814186258
20
367374.2287576692
30
0
0
SEQEND
0
POINT
8
C-TOPO-SPOT
10
1311381.455562824
20
367417.3013745476
30
0
0
POLYLINE
8
C-UTIL
66
1
70
0
0
VERTEX
8
C-UTIL
10
1311367.8105219847
20
367344.8510160449
30
0
0
VERTEX
8
C-UTIL
10
1311377.0605947943
20
367432.0542613572
30
0
0
SEQEND
0
POLYLINE
8
C-UTIL
66
1
70
0
0
VERTEX
8
C-UTIL
10
1311373.374660399
20
367344.2608007923
30
0
0
VERTEX
8
C-UTIL
10
1311381.8942554074
20
367424.5776100495
30
0
0
SEQEND
0
POLYLINE
8
C-SWM
66
1
70
1
0
VERTEX
8
C-SWM
10
1311380.3436542577
20
367371.38130128675
30
0
0
VERTEX
8
C-SWM
10
1311399.9905369622
20
367371.38130128675
30
0
0
VERTEX
8
C-SWM
10
1311399.9905369622
20
367391.0281839911
30
0
0
VERTEX
8
C-SWM
10
1311380.3436542577
20
367391.0281839911
30
0
0
VERTEX
8
C-SWM
10
1311380.3436542577
20
367371.38130128675
30
0
0
SEQEND
0
POLYLINE
8
C-DRNG-AREA
66
1
70
1
0
VERTEX
8
C-DRNG-AREA
10
1311487.4836181365
20
367372.2743371248
30
0
0
VERTEX
8
C-DRNG-AREA
10
1311379.820518216
20
367364.8323403853
30
0
0
VERTEX
8
C-DRNG-AREA
10
1311378.3400817357
20
367374.5603364702
30
0
0
VERTEX
8
C-DRNG-AREA
10
1311375.2887850606
20
367383.9152917667
30
0
0
VERTEX
8
C-DRNG-AREA
10
1311370.7488182292
20
367392.64537201665
30
0
0
VERTEX
8
C-DRNG-AREA
10
1311364.8424000796
20
367400.515557824
30
0
0
VERTEX
8
C-DRNG-AREA
10
1311357.7285022417
20
367407.31394421717
30
0
0
VERTEX
8
C-DRNG-AREA
10
1311349.598673593
20
367412.857542881
30
0
0
VERTEX
8
C-DRNG-AREA
10
1311340.6717743694
20
367416.99711656076
30
0
0
VERTEX
8
C-DRNG-AREA
10
1311331.1881097385
20
367419.62117928267
30
0
0
VERTEX
8
C-DRNG-AREA
10
1311321.4030061436
20
367420.65913286316
30
0
0
VERTEX
8
C-DRNG-AREA
10
1311323.3195052533
20
367509.3984400002
30
0
0
VERTEX
8
C-DRNG-AREA
10
1311374.3692213858
20
367507.63978062605
30
0
0
VERTEX
8
C-DRNG-AREA
10
1311479.5468100393
20
367504.0159090714
30
0
0
VERTEX
8
C-DRNG-AREA
10
1311487.4836181365
20
367372.2743371248
30
0
0
SEQEND
0
POLYLINE
8
C-PROP
66
1
70
1
0
VERTEX
8
C-PROP
10
1311414.7467798728
20
367380.0473367874
30
0
0
VERTEX
8
C-PROP
10
1311445.8125284333
20
367402.5731646702
30
0
0
VERTEX
8
C-PROP
10
1311453.3986202308
20
367420.576305339
30
0
0
VERTEX
8
C-PROP
10
1311435.7610290907
20
367451.95650179853
30
0
0
VERTEX
8
C-PROP
10
1311384.8029733237
20
367476.12447907927
30
0
0
VERTEX
8
C-PROP
10
1311360.0397012918
20
367463.8351794499
30
0
0
VERTEX
8
C-PROP
10
1311414.7467798728
20
367380.0473367874
30
0
0
SEQEND
0
POLYLINE
8
L-PLNT-TREE
66
1
70
1
0
VERTEX
8
L-PLNT-TREE
10
1311320.768142504
20
367410.16805058764
30
0
0
VERTEX
8
L-PLNT-TREE
10
1311330.768142504
20
367410.16805058764
30
0
0
VERTEX
8
L-PLNT-TREE
10
1311330.768142504
20
367420.16805058764
30
0
0
VERTEX
8
L-PLNT-TREE
10
1311320.768142504
20
367420.16805058764
30
0
0
VERTEX
8
L-PLNT-TREE
10
1311320.768142504
20
367410.16805058764
30
0
0
SEQEND
0
POLYLINE
8
L-PLNT-TREE
66
1
70
1
0
VERTEX
8
L-PLNT-TREE
10
1311451.1564578945
20
367419.9136080761
30
0
0
VERTEX
8
L-PLNT-TREE
10
1311463.1564578945
20
367419.9136080761
30
0
0
VERTEX
8
L-PLNT-TREE
10
1311463.1564578945
20
367431.9136080761
30
0
0
VERTEX
8
L-PLNT-TREE
10
1311451.1564578945
20
367431.9136080761
30
0
0
VERTEX
8
L-PLNT-TREE
10
1311451.1564578945
20
367419.9136080761
30
0
0
SEQEND
0
POLYLINE
8
L-PLNT-TREE
66
1
70
1
0
VERTEX
8
L-PLNT-TREE
10
1311444.725677276
20
367443.9136080761
30
0
0
VERTEX
8
L-PLNT-TREE
10
1311456.725677276
20
367443.9136080761
30
0
0
VERTEX
8
L-PLNT-TREE
10
1311456.725677276
20
367455.9136080761
30
0
0
VERTEX
8
L-PLNT-TREE
10
1311444.725677276
20
367455.9136080761
30
0
0
VERTEX
8
L-PLNT-TREE
10
1311444.725677276
20
367443.9136080761
30
0
0
SEQEND
0
POLYLINE
8
L-PLNT-TREE
66
1
70
1
0
VERTEX
8
L-PLNT-TREE
10
1311427.1564578945
20
367461.4828274578
30
0
0
VERTEX
8
L-PLNT-TREE
10
1311439.1564578945
20
367461.4828274578
30
0
0
VERTEX
8
L-PLNT-TREE
10
1311439.1564578945
20
367473.4828274578
30
0
0
VERTEX
8
L-PLNT-TREE
10
1311427.1564578945
20
367473.4828274578
30
0
0
VERTEX
8
L-PLNT-TREE
10
1311427.1564578945
20
367461.4828274578
30
0
0
SEQEND
0
POLYLINE
8
V-PROP-LINE
66
1
70
1
0
VERTEX
8
V-PROP-LINE
10
1311286.8481927062
20
367200.34390675335
30
0
0
VERTEX
8
V-PROP-LINE
10
1311297.143099673
20
367302.6673180068
30
0
0
VERTEX
8
V-PROP-LINE
10
1311314.0605600374
20
367300.994136957
30
0
0
VERTEX
8
V-PROP-LINE
10
1311324.4798558617
20
367300.87299851567
30
0
0
VERTEX
8
V-PROP-LINE
10
1311334.763096447
20
367302.55566398
30
0
0
VERTEX
8
V-PROP-LINE
10
1311344.6003541336
20
367305.99146973825
30
0
0
VERTEX
8
V-PROP-LINE
10
1311353.695142225
20
367311.0768634864
30
0
0
VERTEX
8
V-PROP-LINE
10
1311361.7733833445
20
367317.65853655746
30
0
0
VERTEX
8
V-PROP-LINE
10
1311368.5915814254
20
367325.53816693777
30
0
0
VERTEX
8
V-PROP-LINE
10
1311373.9442850384
20
367334.4782432256
30
0
0
VERTEX
8
V-PROP-LINE
10
1311377.6701299842
20
367344.209352075
30
0
0
VERTEX
8
V-PROP-LINE
10
1311379.6568224211
20
367354.4382060265
30
0
0
VERTEX
8
V-PROP-LINE
10
1311379.8445356146
20
367364.8565150907
30
0
0
VERTEX
8
V-PROP-LINE
10
1311487.5076355352
20
367372.29851183016
30
0
0
VERTEX
8
V-PROP-LINE
10
1311492.9677696805
20
367281.9333203286
30
0
0
VERTEX
8
V-PROP-LINE
10
1311411.115304393
20
367249.53803014086
30
0
0
VERTEX
8
V-PROP-LINE
10
1311313.1863585478
20
367210.77949604025
30
0
0
VERTEX
8
V-PROP-LINE
10
1311289.4757840873
20
367201.39553851937
30
0
0
VERTEX
8
V-PROP-LINE
10
1311286.8481927062
20
367200.34390675335
30
0
0
SEQEND
0
POLYLINE
8
C-PROP
66
1
70
1
0
VERTEX
8
C-PROP
10
1311296.124781037
20
367212.63077473757
30
0
0
VERTEX
8
C-PROP
10
1311310.2423384578
20
367218.21809441026
30
0
0
VERTEX
8
C-PROP
10
1311408.171245593
20
367256.97661319026
30
0
0
VERTEX
8
C-PROP
10
1311408.1712650445
20
367256.9766167402
30
0
0
VERTEX
8
C-PROP
10
1311408.1712816565
20
367256.97662746336
30
0
0
VERTEX
8
C-PROP
10
1311472.891531193
20
367282.59138759784
30
0
0
VERTEX
8
C-PROP
10
1311468.0370180248
20
367362.9335551015
30
0
0
VERTEX
8
C-PROP
10
1311387.711146433
20
367357.38118966785
30
0
0
VERTEX
8
C-PROP
10
1311387.6705354825
20
367355.12723283446
30
0
0
VERTEX
8
C-PROP
10
1311394.0173953816
20
367349.3802646036
30
0
0
VERTEX
8
C-PROP
10
1311398.1921775285
20
367340.5642690054
30
0
0
VERTEX
8
C-PROP
10
1311398.6754378513
20
367330.8217311522
30
0
0
VERTEX
8
C-PROP
10
1311395.393604347
20
367321.6358641158
30
0
0
VERTEX
8
C-PROP
10
1311390.040900734
20
367312.69578782795
30
0
0
VERTEX
8
C-PROP
10
1311388.575603049
20
367311.0775364745
30
0
0
VERTEX
8
C-PROP
10
1311387.4966447179
20
367309.1797262447
30
0
0
VERTEX
8
C-PROP
10
1311380.678446637
20
367301.3000958644
30
0
0
VERTEX
8
C-PROP
10
1311378.9553111058
20
367299.9596103778
30
0
0
VERTEX
8
C-PROP
10
1311377.564345607
20
367298.27695997496
30
0
0
VERTEX
8
C-PROP
10
1311369.4861044874
20
367291.6952869039
30
0
0
VERTEX
8
C-PROP
10
1311367.5571506533
20
367290.67304825556
30
0
0
VERTEX
8
C-PROP
10
1311365.8961828875
20
367289.25635463005
30
0
0
VERTEX
8
C-PROP
10
1311356.8013947962
20
367284.1709608819
30
0
0
VERTEX
8
C-PROP
10
1311354.7246582708
20
367283.49771293224
30
0
0
VERTEX
8
C-PROP
10
1311352.8436500987
20
367282.38960388757
30
0
0
VERTEX
8
C-PROP
10
1311343.0063924121
20
367278.95379812934
30
0
0
VERTEX
8
C-PROP
10
1311340.8445124892
20
367278.64986952685
30
0
0
VERTEX
8
C-PROP
10
1311338.800201688
20
367277.8837815777
30
0
0
VERTEX
8
C-PROP
10
1311328.5169611026
20
367276.20111611334
30
0
0
VERTEX
8
C-PROP
10
1311326.3351551492
20
367276.275664957
30
0
0
VERTEX
8
C-PROP
10
1311324.1892166073
20
367275.8746879963
30
0
0
VERTEX
8
C-PROP
10
1311313.769920783
20
367275.9958264376
30
0
0
VERTEX
8
C-PROP
10
1311312.6941809377
20
367276.2228363202
30
0
0
VERTEX
8
C-PROP
10
1311311.59999967
20
367276.1155187743
30
0
0
VERTEX
8
C-PROP
10
1311302.6016138643
20
367277.00548265094
30
0
0
VERTEX
8
C-PROP
10
1311296.124781037
20
367212.63077473757
30
0
0
SEQEND
0
POLYLINE
8
A-BLDG-OTLN
66
1
70
1
0
VERTEX
8
A-BLDG-OTLN
10
1311417.5852736763
20
367332.1835677326
30
0
0
VERTEX
8
A-BLDG-OTLN
10
1311439.0145840843
20
367310.94122048747
30
0
0
VERTEX
8
A-BLDG-OTLN
10
1311433.5164598015
20
367304.3689224878
30
0
0
VERTEX
8
A-BLDG-OTLN
10
1311442.174085399
20
367295.5561146157
30
0
0
VERTEX
8
A-BLDG-OTLN
10
1311418.3628769433
20
367274.90805822465
30
0
0
VERTEX
8
A-BLDG-OTLN
10
1311403.2208426357
20
367289.7171335461
30
0
0
VERTEX
8
A-BLDG-OTLN
10
1311394.801350617
20
367280.8923092837
30
0
0
VERTEX
8
A-BLDG-OTLN
10
1311378.9613958152
20
367296.72084390174
30
0
0
VERTEX
8
A-BLDG-OTLN
10
1311393.164252469
20
367311.56216149236
30
0
0
VERTEX
8
A-BLDG-OTLN
10
1311394.5202623964
20
367310.1239880701
30
0
0
VERTEX
8
A-BLDG-OTLN
10
1311417.5852736763
20
367332.1835677326
30
0
0
SEQEND
0
POLYLINE
8
C-PVMT
66
1
70
1
0
VERTEX
8
C-PVMT
10
1311357.8704628348
20
367314.478667767
30
0
0
VERTEX
8
C-PVMT
10
1311361.7733833445
20
367317.65853655746
30
0
0
VERTEX
8
C-PVMT
10
1311368.5915814254
20
367325.53816693777
30
0
0
VERTEX
8
C-PVMT
10
1311371.0052531003
20
367329.56947718165
30
0
0
VERTEX
8
C-PVMT
10
1311392.281421776
20
367311.9753423348
30
0
0
VERTEX
8
C-PVMT
10
1311379.5359711032
20
367296.56257207267
30
0
0
VERTEX
8
C-PVMT
10
1311357.8704628348
20
367314.478667767
30
0
0
SEQEND
0
POLYLINE
8
C-PVMT
66
1
70
1
0
VERTEX
8
C-PVMT
10
1311350.4566307517
20
367333.5857215997
30
0
0
VERTEX
8
C-PVMT
10
1311360.0252175208
20
367345.13743780303
30
0
0
VERTEX
8
C-PVMT
10
1311371.0454355644
20
367329.6589037875
30
0
0
VERTEX
8
C-PVMT
10
1311369.6518332234
20
367327.3313018104
30
0
0
VERTEX
8
C-PVMT
10
1311361.3785556438
20
367317.34335301747
30
0
0
VERTEX
8
C-PVMT
10
1311357.6588384667
20
367314.3127419589
30
0
0
VERTEX
8
C-PVMT
10
1311340.8880439827
20
367322.03400539636
30
0
0
VERTEX
8
C-PVMT
10
1311350.4566307517
20
367333.5857215997
30
0
0
SEQEND
0
POLYLINE
8
C-PVMT
66
1
70
1
0
VERTEX
8
C-PVMT
10
1311405.7806753947
20
367319.16076969367
30
0
0
VERTEX
8
C-PVMT
10
1311411.3118421154
20
367324.94057892135
30
0
0
VERTEX
8
C-PVMT
10
1311407.6994613481
20
367328.3975581217
30
0
0
VERTEX
8
C-PVMT
10
1311402.1682946275
20
367322.61774889403
30
0
0
VERTEX
8
C-PVMT
10
1311405.7806753947
20
367319.16076969367
30
0
0
SEQEND
0
POLYLINE
8
C-PVMT
66
1
70
1
0
VERTEX
8
C-PVMT
10
1311393.935672216
20
367310.74399979983
30
0
0
VERTEX
8
C-PVMT
10
1311393.164252469
20
367311.56216149236
30
0
0
VERTEX
8
C-PVMT
10
1311392.8698696473
20
367311.2545452812
30
0
0
VERTEX
8
C-PVMT
10
1311391.016614477
20
367313.52462039137
30
0
0
VERTEX
8
C-PVMT
10
1311405.4752610724
20
367325.3284419643
30
0
0
VERTEX
8
C-PVMT
10
1311407.6422949608
20
367322.67401543306
30
0
0
VERTEX
8
C-PVMT
10
1311402.3565163175
20
367317.61865024606
30
0
0
VERTEX
8
C-PVMT
10
1311393.935672216
20
367310.74399979983
30
0
0
SEQEND
0
POLYLINE
8
C-LOD
66
1
70
1
0
VERTEX
8
C-LOD
10
1311426.511703013
20
367269.1117979056
30
0
0
VERTEX
8
C-LOD
10
1311452.0097419221
20
367293.75060616736
30
0
0
VERTEX
8
C-LOD
10
1311449.00882198
20
367311.2806448241
30
0
0
VERTEX
8
C-LOD
10
1311426.5112222785
20
367336.6921641387
30
0
0
VERTEX
8
C-LOD
10
1311426.511703013
20
367269.1117979056
30
0
0
SEQEND
0
POINT
8
C-TOPO-SPOT
10
1311356.7458991504
20
367293.78790426126
30
0
0
POLYLINE
8
C-UTIL
66
1
70
0
0
VERTEX
8
C-UTIL
10
1311319.2815529024
20
367355.48120254895
30
0
0
VERTEX
8
C-UTIL
10
1311393.8502701167
20
367310.83457659197
30
0
0
SEQEND
0
POLYLINE
8
C-UTIL
66
1
70
0
0
VERTEX
8
C-UTIL
10
1311319.2693825616
20
367355.4608756667
30
0
0
VERTEX
8
C-UTIL
10
1311393.910057929
20
367310.7711661101
30
0
0
SEQEND
0
POLYLINE
8
C-SWM
66
1
70
1
0
VERTEX
8
C-SWM
10
1311292.1963957443
20
367210.4013680041
30
0
0
VERTEX
8
C-SWM
10
1311309.459072246
20
367210.4013680041
30
0
0
VERTEX
8
C-SWM
10
1311309.459072246
20
367227.66404450574
30
0
0
VERTEX
8
C-SWM
10
1311292.1963957443
20
367227.66404450574
30
0
0
VERTEX
8
C-SWM
10
1311292.1963957443
20
367210.4013680041
30
0
0
SEQEND
0
POLYLINE
8
C-DRNG-AREA
66
1
70
1
0
VERTEX
8
C-DRNG-AREA
10
1311286.8481927062
20
367200.34390675335
30
0
0
VERTEX
8
C-DRNG-AREA
10
1311297.143099673
20
367302.6673180068
30
0
0
VERTEX
8
C-DRNG-AREA
10
1311314.0605600374
20
367300.994136957
30
0
0
VERTEX
8
C-DRNG-AREA
10
1311324.4798558617
20
367300.87299851567
30
0
0
VERTEX
8
C-DRNG-AREA
10
1311334.763096447
20
367302.55566398
30
0
0
VERTEX
8
C-DRNG-AREA
10
1311344.6003541336
20
367305.99146973825
30
0
0
VERTEX
8
C-DRNG-AREA
10
1311353.695142225
20
367311.0768634864
30
0
0
VERTEX
8
C-DRNG-AREA
10
1311361.7733833445
20
367317.65853655746
30
0
0
VERTEX
8
C-DRNG-AREA
10
1311368.5915814254
20
367325.53816693777
30
0
0
VERTEX
8
C-DRNG-AREA
10
1311373.9442850384
20
367334.4782432256
30
0
0
VERTEX
8
C-DRNG-AREA
10
1311377.6701299842
20
367344.209352075
30
0
0
VERTEX
8
C-DRNG-AREA
10
1311379.6568224211
20
367354.4382060265
30
0
0
VERTEX
8
C-DRNG-AREA
10
1311379.8445356146
20
367364.8565150907
30
0
0
VERTEX
8
C-DRNG-AREA
10
1311487.5076355352
20
367372.29851183016
30
0
0
VERTEX
8
C-DRNG-AREA
10
1311492.9677696805
20
367281.9333203286
30
0
0
VERTEX
8
C-DRNG-AREA
10
1311411.115304393
20
367249.53803014086
30
0
0
VERTEX
8
C-DRNG-AREA
10
1311313.1863585478
20
367210.77949604025
30
0
0
VERTEX
8
C-DRNG-AREA
10
1311289.4757840873
20
367201.39553851937
30
0
0
VERTEX
8
C-DRNG-AREA
10
1311286.8481927062
20
367200.34390675335
30
0
0
SEQEND
0
POLYLINE
8
C-PROP
66
1
70
1
0
VERTEX
8
C-PROP
10
1311426.511703013
20
367269.1117979056
30
0
0
VERTEX
8
C-PROP
10
1311452.0097419221
20
367293.75060616736
30
0
0
VERTEX
8
C-PROP
10
1311449.00882198
20
367311.2806448241
30
0
0
VERTEX
8
C-PROP
10
1311426.5112222785
20
367336.6921641387
30
0
0
VERTEX
8
C-PROP
10
1311426.511703013
20
367269.1117979056
30
0
0
SEQEND
0
POLYLINE
8
L-PLNT-TREE
66
1
70
1
0
VERTEX
8
L-PLNT-TREE
10
1311361.9780693701
20
367327.5766809037
30
0
0
VERTEX
8
L-PLNT-TREE
10
1311371.9780693701
20
367327.5766809037
30
0
0
VERTEX
8
L-PLNT-TREE
10
1311371.9780693701
20
367337.5766809037
30
0
0
VERTEX
8
L-PLNT-TREE
10
1311361.9780693701
20
367337.5766809037
30
0
0
VERTEX
8
L-PLNT-TREE
10
1311361.9780693701
20
367327.5766809037
30
0
0
SEQEND
0
POLYLINE
8
L-PLNT-TREE
66
1
70
1
0
VERTEX
8
L-PLNT-TREE
10
1311454.0824234104
20
367297.55980796134
30
0
0
VERTEX
8
L-PLNT-TREE
10
1311466.0824234104
20
367297.55980796134
30
0
0
VERTEX
8
L-PLNT-TREE
10
1311466.0824234104
20
367309.55980796134
30
0
0
VERTEX
8
L-PLNT-TREE
10
1311454.0824234104
20
367309.55980796134
30
0
0
VERTEX
8
L-PLNT-TREE
10
1311454.0824234104
20
367297.55980796134
30
0
0
SEQEND
0
POLYLINE
8
L-PLNT-TREE
66
1
70
1
0
VERTEX
8
L-PLNT-TREE
10
1311447.651642792
20
367321.55980796134
30
0
0
VERTEX
8
L-PLNT-TREE
10
1311459.651642792
20
367321.55980796134
30
0
0
VERTEX
8
L-PLNT-TREE
10
1311459.651642792
20
367333.55980796134
30
0
0
VERTEX
8
L-PLNT-TREE
10
1311447.651642792
20
367333.55980796134
30
0
0
VERTEX
8
L-PLNT-TREE
10
1311447.651642792
20
367321.55980796134
30
0
0
SEQEND
0
POLYLINE
8
L-PLNT-TREE
66
1
70
1
0
VERTEX
8
L-PLNT-TREE
10
1311430.0824234104
20
367339.129027343
30
0
0
VERTEX
8
L-PLNT-TREE
10
1311442.0824234104
20
367339.129027343
30
0
0
VERTEX
8
L-PLNT-TREE
10
1311442.0824234104
20
367351.129027343
30
0
0
VERTEX
8
L-PLNT-TREE
10
1311430.0824234104
20
367351.129027343
30
0
0
VERTEX
8
L-PLNT-TREE
10
1311430.0824234104
20
367339.129027343
30
0
0
SEQEND
0
POLYLINE
8
V-PROP-LINE
66
1
70
1
0
VERTEX
8
V-PROP-LINE
10
1311166.4914780778
20
367152.7094875948
30
0
0
VERTEX
8
V-PROP-LINE
10
1311121.0762395468
20
367323.75286516076
30
0
0
VERTEX
8
V-PROP-LINE
10
1311145.1145142957
20
367318.6208336829
30
0
0
VERTEX
8
V-PROP-LINE
10
1311169.4680978307
20
367315.29226507124
30
0
0
VERTEX
8
V-PROP-LINE
10
1311297.1451051224
20
367302.6640502703
30
0
0
VERTEX
8
V-PROP-LINE
10
1311286.8501981555
20
367200.3406390168
30
0
0
VERTEX
8
V-PROP-LINE
10
1311172.7607117216
20
367155.18669029436
30
0
0
VERTEX
8
V-PROP-LINE
10
1311166.4914780778
20
367152.7094875948
30
0
0
SEQEND
0
POLYLINE
8
C-PROP
66
1
70
1
0
VERTEX
8
C-PROP
10
1311137.0462919045
20
367294.77995347406
30
0
0
VERTEX
8
C-PROP
10
1311168.9988217747
20
367174.4399793262
30
0
0
VERTEX
8
C-PROP
10
1311173.088545888
20
367175.18400323286
30
0
0
VERTEX
8
C-PROP
10
1311180.7162313513
20
367173.53634171945
30
0
0
VERTEX
8
C-PROP
10
1311186.780283227
20
367169.33908122306
30
0
0
VERTEX
8
C-PROP
10
1311279.3779032798
20
367205.9870522007
30
0
0
VERTEX
8
C-PROP
10
1311286.681284788
20
367278.57701459783
30
0
0
VERTEX
8
C-PROP
10
1311167.0074168483
20
367290.413658818
30
0
0
VERTEX
8
C-PROP
10
1311166.5548148828
20
367290.551157825
30
0
0
VERTEX
8
C-PROP
10
1311166.0826537586
20
367290.5225503285
30
0
0
VERTEX
8
C-PROP
10
1311141.7290702236
20
367293.85111894016
30
0
0
VERTEX
8
C-PROP
10
1311140.8376595278
20
367294.15862678975
30
0
0
VERTEX
8
C-PROP
10
1311139.8947914743
20
367294.17181542714
30
0
0
VERTEX
8
C-PROP
10
1311137.0462919045
20
367294.77995347406
30
0
0
SEQEND
0
POLYLINE
8
A-BLDG-OTLN
66
1
70
1
0
VERTEX
8
A-BLDG-OTLN
10
1311175.1607085548
20
367285.12583145255
30
0
0
VERTEX
8
A-BLDG-OTLN
10
1311234.7664959931
20
367281.92993839364
30
0
0
VERTEX
8
A-BLDG-OTLN
10
1311233.215358873
20
367259.2784358418
30
0
0
VERTEX
8
A-BLDG-OTLN
10
1311220.9942780128
20
367260.4229975182
30
0
0
VERTEX
8
A-BLDG-OTLN
10
1311218.8575961245
20
367235.0875246381
30
0
0
VERTEX
8
A-BLDG-OTLN
10
1311214.694769868
20
367232.8366576135
30
0
0
VERTEX
8
A-BLDG-OTLN
10
1311183.5467191753
20
367235.5467737253
30
0
0
VERTEX
8
A-BLDG-OTLN
10
1311183.0421059884
20
367250.4431745245
30
0
0
VERTEX
8
A-BLDG-OTLN
10
1311175.1432131606
20
367251.1575163602
30
0
0
VERTEX
8
A-BLDG-OTLN
10
1311175.1607085548
20
367285.12583145255
30
0
0
SEQEND
0
POLYLINE
8
C-PVMT
66
1
70
1
0
VERTEX
8
C-PVMT
10
1311257.0909662852
20
367256.64113216335
30
0
0
VERTEX
8
C-PVMT
10
1311233.1470405352
20
367258.2807722689
30
0
0
VERTEX
8
C-PVMT
10
1311234.8348143308
20
367282.92760196654
30
0
0
VERTEX
8
C-PVMT
10
1311240.8207957684
20
367282.5176919401
30
0
0
VERTEX
8
C-PVMT
10
1311242.5221101297
20
367307.3622566755
30
0
0
VERTEX
8
C-PVMT
10
1311242.4470520667
20
367308.07409846794
30
0
0
VERTEX
8
C-PVMT
10
1311254.5172072356
20
367306.8802694819
30
0
0
VERTEX
8
C-PVMT
10
1311252.7927586436
20
367281.69787188736
30
0
0
VERTEX
8
C-PVMT
10
1311258.7787400808
20
367281.287961861
30
0
0
VERTEX
8
C-PVMT
10
1311257.0909662852
20
367256.64113216335
30
0
0
SEQEND
0
POLYLINE
8
C-PVMT
66
1
70
1
0
VERTEX
8
C-PVMT
10
1311245.0641408095
20
367340.472680572
30
0
0
VERTEX
8
C-PVMT
10
1311256.0055875676
20
367341.60614553996
30
0
0
VERTEX
8
C-PVMT
10
1311254.4501600845
20
367308.0970613757
30
0
0
VERTEX
8
C-PVMT
10
1311248.4820982162
20
367307.4788077568
30
0
0
VERTEX
8
C-PVMT
10
1311242.1936031776
20
367308.1007896216
30
0
0
VERTEX
8
C-PVMT
10
1311234.1277805695
20
367339.31952825136
30
0
0
VERTEX
8
C-PVMT
10
1311245.0641408095
20
367340.472680572
30
0
0
SEQEND
0
POLYLINE
8
C-PVMT
66
1
70
1
0
VERTEX
8
C-PVMT
10
1311194.2458802054
20
367288.92280470504
30
0
0
VERTEX
8
C-PVMT
10
1311193.6993335036
20
367280.94149612164
30
0
0
VERTEX
8
C-PVMT
10
1311198.687651368
20
367280.59990443295
30
0
0
VERTEX
8
C-PVMT
10
1311199.23419807
20
367288.58121301635
30
0
0
VERTEX
8
C-PVMT
10
1311194.2458802054
20
367288.92280470504
30
0
0
SEQEND
0
POLYLINE
8
C-PVMT
66
1
70
1
0
VERTEX
8
C-PVMT
10
1311234.9173583824
20
367284.13300590747
30
0
0
VERTEX
8
C-PVMT
10
1311234.7664959931
20
367281.92993839364
30
0
0
VERTEX
8
C-PVMT
10
1311196.413691811
20
367283.9863068428
30
0
0
VERTEX
8
C-PVMT
10
1311196.603402462
20
367286.75668171485
30
0
0
VERTEX
8
C-PVMT
10
1311234.9173583824
20
367284.13300590747
30
0
0
SEQEND
0
POLYLINE
8
C-LOD
66
1
70
1
0
VERTEX
8
C-LOD
10
1311178.3226085636
20
367227.0198359212
30
0
0
VERTEX
8
C-LOD
10
1311214.3087453323
20
367222.8441111384
30
0
0
VERTEX
8
C-LOD
10
1311219.2134236982
20
367225.09385730635
30
0
0
VERTEX
8
C-LOD
10
1311264.7863428846
20
367250.2551178356
30
0
0
VERTEX
8
C-LOD
10
1311178.3226085636
20
367227.0198359212
30
0
0
SEQEND
0
POLYLINE
8
C-PROP
66
1
70
1
0
VERTEX
8
C-PROP
10
1311167.8241491925
20
367157.5286148705
30
0
0
VERTEX
8
C-PROP
10
1311124.2754625832
20
367319.9103435977
30
0
0
VERTEX
8
C-PROP
10
1311147.625276079
20
367314.29693783907
30
0
0
VERTEX
8
C-PROP
10
1311170.8263092134
20
367310.48027360823
30
0
0
VERTEX
8
C-PROP
10
1311292.8332211913
20
367300.1327152541
30
0
0
VERTEX
8
C-PROP
10
1311282.2304900542
20
367202.2533065413
30
0
0
VERTEX
8
C-PROP
10
1311173.7921421488
20
367160.07914890675
30
0
0
VERTEX
8
C-PROP
10
1311167.8241491925
20
367157.5286148705
30
0
0
SEQEND
0
POINT
8
C-TOPO-SPOT
10
1311190.6747278536
20
367240.1595398357
30
0
0
POLYLINE
8
C-UTIL
66
1
70
0
0
VERTEX
8
C-UTIL
10
1311237.6483202374
20
367341.5149785481
30
0
0
VERTEX
8
C-UTIL
10
1311231.7707989176
20
367282.0905591639
30
0
0
SEQEND
0
POLYLINE
8
C-UTIL
66
1
70
0
0
VERTEX
8
C-UTIL
10
1311227.7069612716
20
367342.49825360364
30
0
0
VERTEX
8
C-UTIL
10
1311221.7851419994
20
367282.6259617314
30
0
0
SEQEND
0
POLYLINE
8
C-SWM
66
1
70
1
0
VERTEX
8
C-SWM
10
1311163.3177460646
20
367165.3524561977
30
0
0
VERTEX
8
C-SWM
10
1311181.7568349792
20
367165.3524561977
30
0
0
VERTEX
8
C-SWM
10
1311181.7568349792
20
367183.79154511227
30
0
0
VERTEX
8
C-SWM
10
1311163.3177460646
20
367183.79154511227
30
0
0
VERTEX
8
C-SWM
10
1311163.3177460646
20
367165.3524561977
30
0
0
SEQEND
0
POLYLINE
8
C-DRNG-AREA
66
1
70
1
0
VERTEX
8
C-DRNG-AREA
10
1311166.4914780778
20
367152.7094875948
30
0
0
VERTEX
8
C-DRNG-AREA
10
1311121.0762395468
20
367323.75286516076
30
0
0
VERTEX
8
C-DRNG-AREA
10
1311145.1145142957
20
367318.6208336829
30
0
0
VERTEX
8
C-DRNG-AREA
10
1311169.4680978307
20
367315.29226507124
30
0
0
VERTEX
8
C-DRNG-AREA
10
1311297.1451051224
20
367302.6640502703
30
0
0
VERTEX
8
C-DRNG-AREA
10
1311286.8501981555
20
367200.3406390168
30
0
0
VERTEX
8
C-DRNG-AREA
10
1311172.7607117216
20
367155.18669029436
30
0
0
VERTEX
8
C-DRNG-AREA
10
1311166.4914780778
20
367152.7094875948
30
0
0
SEQEND
0
POLYLINE
8
C-PROP
66
1
70
1
0
VERTEX
8
C-PROP
10
1311178.3226085636
20
367227.0198359212
30
0
0
VERTEX
8
C-PROP
10
1311214.3087453323
20
367222.8441111384
30
0
0
VERTEX
8
C-PROP
10
1311219.2134236982
20
367225.09385730635
30
0
0
VERTEX
8
C-PROP
10
1311264.7863428846
20
367250.2551178356
30
0
0
VERTEX
8
C-PROP
10
1311178.3226085636
20
367227.0198359212
30
0
0
SEQEND
0
POLYLINE
8
C-PROP
66
1
70
1
0
VERTEX
8
C-PROP
10
1311178.3226085636
20
367211.0198359212
30
0
0
VERTEX
8
C-PROP
10
1311208.3226085636
20
367211.0198359212
30
0
0
VERTEX
8
C-PROP
10
1311208.3226085636
20
367227.0198359212
30
0
0
VERTEX
8
C-PROP
10
1311178.3226085636
20
367227.0198359212
30
0
0
VERTEX
8
C-PROP
10
1311178.3226085636
20
367211.0198359212
30
0
0
SEQEND
0
POLYLINE
8
L-PLNT-TREE
66
1
70
1
0
VERTEX
8
L-PLNT-TREE
10
1311260.7179894957
20
367305.79682522116
30
0
0
VERTEX
8
L-PLNT-TREE
10
1311270.7179894957
20
367305.79682522116
30
0
0
VERTEX
8
L-PLNT-TREE
10
1311270.7179894957
20
367315.79682522116
30
0
0
VERTEX
8
L-PLNT-TREE
10
1311260.7179894957
20
367315.79682522116
30
0
0
VERTEX
8
L-PLNT-TREE
10
1311260.7179894957
20
367305.79682522116
30
0
0
SEQEND
0
POLYLINE
8
L-PLNT-TREE
66
1
70
1
0
VERTEX
8
L-PLNT-TREE
10
1311228.7987376729
20
367308.9538789214
30
0
0
VERTEX
8
L-PLNT-TREE
10
1311238.7987376729
20
367308.9538789214
30
0
0
VERTEX
8
L-PLNT-TREE
10
1311238.7987376729
20
367318.9538789214
30
0
0
VERTEX
8
L-PLNT-TREE
10
1311228.7987376729
20
367318.9538789214
30
0
0
VERTEX
8
L-PLNT-TREE
10
1311228.7987376729
20
367308.9538789214
30
0
0
SEQEND
0
POLYLINE
8
L-PLNT-TREE
66
1
70
1
0
VERTEX
8
L-PLNT-TREE
10
1311196.87948585
20
367312.11093262164
30
0
0
VERTEX
8
L-PLNT-TREE
10
1311206.87948585
20
367312.11093262164
30
0
0
VERTEX
8
L-PLNT-TREE
10
1311206.87948585
20
367322.11093262164
30
0
0
VERTEX
8
L-PLNT-TREE
10
1311196.87948585
20
367322.11093262164
30
0
0
VERTEX
8
L-PLNT-TREE
10
1311196.87948585
20
367312.11093262164
30
0
0
SEQEND
0
POLYLINE
8
L-PLNT-TREE
66
1
70
1
0
VERTEX
8
L-PLNT-TREE
10
1311243.4581954302
20
367251.69546815206
30
0
0
VERTEX
8
L-PLNT-TREE
10
1311255.4581954302
20
367251.69546815206
30
0
0
VERTEX
8
L-PLNT-TREE
10
1311255.4581954302
20
367263.69546815206
30
0
0
VERTEX
8
L-PLNT-TREE
10
1311243.4581954302
20
367263.69546815206
30
0
0
VERTEX
8
L-PLNT-TREE
10
1311243.4581954302
20
367251.69546815206
30
0
0
SEQEND
0
POLYLINE
8
L-PLNT-TREE
66
1
70
1
0
VERTEX
8
L-PLNT-TREE
10
1311171.4581954302
20
367293.2646875337
30
0
0
VERTEX
8
L-PLNT-TREE
10
1311183.4581954302
20
367293.2646875337
30
0
0
VERTEX
8
L-PLNT-TREE
10
1311183.4581954302
20
367305.2646875337
30
0
0
VERTEX
8
L-PLNT-TREE
10
1311171.4581954302
20
367305.2646875337
30
0
0
VERTEX
8
L-PLNT-TREE
10
1311171.4581954302
20
367293.2646875337
30
0
0
SEQEND
0
POLYLINE
8
V-PROP-LINE
66
1
70
1
0
VERTEX
8
V-PROP-LINE
10
1311121.0755584203
20
367323.75442106265
30
0
0
VERTEX
8
V-PROP-LINE
10
1311166.4907969513
20
367152.7110434967
30
0
0
VERTEX
8
V-PROP-LINE
10
1311010.4197268784
20
367090.9417664546
30
0
0
VERTEX
8
V-PROP-LINE
10
1310941.7985349104
20
367063.7834893942
30
0
0
VERTEX
8
V-PROP-LINE
10
1310922.079554405
20
367137.801877703
30
0
0
VERTEX
8
V-PROP-LINE
10
1311067.056470606
20
367176.3336031884
30
0
0
VERTEX
8
V-PROP-LINE
10
1311015.361085751
20
367370.2823221445
30
0
0
VERTEX
8
V-PROP-LINE
10
1310996.2399753425
20
367385.5199609623
30
0
0
VERTEX
8
V-PROP-LINE
10
1311018.9307527556
20
367369.01262258226
30
0
0
VERTEX
8
V-PROP-LINE
10
1311042.937346398
20
367354.48516369605
30
0
0
VERTEX
8
V-PROP-LINE
10
1311068.0874491595
20
367342.04185500916
30
0
0
VERTEX
8
V-PROP-LINE
10
1311094.200546404
20
367331.7720082578
30
0
0
VERTEX
8
V-PROP-LINE
10
1311121.0755584203
20
367323.75442106265
30
0
0
SEQEND
0
POLYLINE
8
C-PROP
66
1
70
1
0
VERTEX
8
C-PROP
10
1310931.8705663995
20
367132.12638511305
30
0
0
VERTEX
8
C-PROP
10
1310944.1042154708
20
367086.2054011585
30
0
0
VERTEX
8
C-PROP
10
1311003.0597601954
20
367109.5382954432
30
0
0
VERTEX
8
C-PROP
10
1311010.7365878434
20
367110.9392562753
30
0
0
VERTEX
8
C-PROP
10
1311018.365176282
20
367109.2957805599
30
0
0
VERTEX
8
C-PROP
10
1311024.4414329361
20
367105.0950021891
30
0
0
VERTEX
8
C-PROP
10
1311156.9334766073
20
367157.53225239547
30
0
0
VERTEX
8
C-PROP
10
1311119.2929719437
20
367299.2943406102
30
0
0
VERTEX
8
C-PROP
10
1311113.9286026943
20
367299.7977722183
30
0
0
VERTEX
8
C-PROP
10
1311087.0535906781
20
367307.81535941345
30
0
0
VERTEX
8
C-PROP
10
1311086.1057547794
20
367308.31639439036
30
0
0
VERTEX
8
C-PROP
10
1311085.0506473028
20
367308.50659731287
30
0
0
VERTEX
8
C-PROP
10
1311058.9375500581
20
367318.7764440642
30
0
0
VERTEX
8
C-PROP
10
1311058.0359106956
20
367319.35570609255
30
0
0
VERTEX
8
C-PROP
10
1311057.0011085616
20
367319.6344220426
30
0
0
VERTEX
8
C-PROP
10
1311034.123132969
20
367330.95356913033
30
0
0
VERTEX
8
C-PROP
10
1311074.786590931
20
367178.3940011499
30
0
0
VERTEX
8
C-PROP
10
1311074.7867772046
20
367178.3911007785
30
0
0
VERTEX
8
C-PROP
10
1311074.7880573643
20
367178.38849155506
30
0
0
VERTEX
8
C-PROP
10
1311074.8868000358
20
367176.83369705535
30
0
0
VERTEX
8
C-PROP
10
1311074.986650722
20
367175.27897371526
30
0
0
VERTEX
8
C-PROP
10
1311074.9857128924
20
367175.27622283774
30
0
0
VERTEX
8
C-PROP
10
1311074.9858970991
20
367175.2733223337
30
0
0
VERTEX
8
C-PROP
10
1311074.4821293592
20
367173.79909239995
30
0
0
VERTEX
8
C-PROP
10
1311073.9794124777
20
367172.3245040577
30
0
0
VERTEX
8
C-PROP
10
1311073.9774933206
20
367172.3223214699
30
0
0
VERTEX
8
C-PROP
10
1311073.9765535307
20
367172.31957126094
30
0
0
VERTEX
8
C-PROP
10
1311072.9469695676
20
367171.15034409374
30
0
0
VERTEX
8
C-PROP
10
1311071.9182190902
20
367169.98038340017
30
0
0
VERTEX
8
C-PROP
10
1311071.9156107798
20
367169.9791013814
30
0
0
VERTEX
8
C-PROP
10
1311071.9136900678
20
367169.97692016186
30
0
0
VERTEX
8
C-PROP
10
1311070.5150346507
20
367169.29069983773
30
0
0
VERTEX
8
C-PROP
10
1311069.1168685677
20
367168.60348286334
30
0
0
VERTEX
8
C-PROP
10
1311069.1139681959
20
367168.60329658963
30
0
0
VERTEX
8
C-PROP
10
1311069.1113589727
20
367168.6020164301
30
0
0
VERTEX
8
C-PROP
10
1310931.8705663995
20
367132.12638511305
30
0
0
SEQEND
0
POLYLINE
8
A-BLDG-OTLN
66
1
70
1
0
VERTEX
8
A-BLDG-OTLN
10
1311061.148494358
20
367285.45520883176
30
0
0
VERTEX
8
A-BLDG-OTLN
10
1311074.4977160199
20
367304.0865694428
30
0
0
VERTEX
8
A-BLDG-OTLN
10
1311117.9539112898
20
367268.1948338444
30
0
0
VERTEX
8
A-BLDG-OTLN
10
1311098.41211733
20
367240.70774304605
30
0
0
VERTEX
8
A-BLDG-OTLN
10
1311090.095074236
20
367245.7566759134
30
0
0
VERTEX
8
A-BLDG-OTLN
10
1311081.6325031493
20
367234.5507824398
30
0
0
VERTEX
8
A-BLDG-OTLN
10
1311054.487257007
20
367254.6029392129
30
0
0
VERTEX
8
A-BLDG-OTLN
10
1311070.6547812354
20
367278.8703791829
30
0
0
VERTEX
8
A-BLDG-OTLN
10
1311061.148494358
20
367285.45520883176
30
0
0
SEQEND
0
POLYLINE
8
C-PVMT
66
1
70
1
0
VERTEX
8
C-PVMT
10
1311060.566069201
20
367284.64232450014
30
0
0
VERTEX
8
C-PVMT
10
1311041.0568452429
20
367298.6205282668
30
0
0
VERTEX
8
C-PVMT
10
1311055.5709172185
20
367318.87765754113
30
0
0
VERTEX
8
C-PVMT
10
1311060.4482232083
20
367315.3831065993
30
0
0
VERTEX
8
C-PVMT
10
1311077.0293236186
20
367338.5251645337
30
0
0
VERTEX
8
C-PVMT
10
1311088.371522246
20
367334.0644664926
30
0
0
VERTEX
8
C-PVMT
10
1311088.367958179
20
367334.05544730776
30
0
0
VERTEX
8
C-PVMT
10
1311086.6163029326
20
367334.7476402845
30
0
0
VERTEX
8
C-PVMT
10
1311088.247574477
20
367333.57884719997
30
0
0
VERTEX
8
C-PVMT
10
1311070.2028351873
20
367308.39400471596
30
0
0
VERTEX
8
C-PVMT
10
1311075.0801411767
20
367304.89945377444
30
0
0
VERTEX
8
C-PVMT
10
1311060.566069201
20
367284.64232450014
30
0
0
SEQEND
0
POLYLINE
8
C-PVMT
66
1
70
1
0
VERTEX
8
C-PVMT
10
1311089.4096145013
20
367353.01748852606
30
0
0
VERTEX
8
C-PVMT
10
1311099.6186186941
20
367348.9216084787
30
0
0
VERTEX
8
C-PVMT
10
1311088.2949049983
20
367334.09467457474
30
0
0
VERTEX
8
C-PVMT
10
1311082.7004590535
20
367336.29488064797
30
0
0
VERTEX
8
C-PVMT
10
1311077.1319113227
20
367338.5289970331
30
0
0
VERTEX
8
C-PVMT
10
1311079.194038213
20
367357.05432749557
30
0
0
VERTEX
8
C-PVMT
10
1311089.4096145013
20
367353.01748852606
30
0
0
SEQEND
0
POLYLINE
8
C-PVMT
66
1
70
1
0
VERTEX
8
C-PVMT
10
1311103.9822592689
20
367275.212204847
30
0
0
VERTEX
8
C-PVMT
10
1311108.6416605245
20
367281.71527949977
30
0
0
VERTEX
8
C-PVMT
10
1311104.5772388666
20
367284.62740528444
30
0
0
VERTEX
8
C-PVMT
10
1311099.917837611
20
367278.1243306317
30
0
0
VERTEX
8
C-PVMT
10
1311103.9822592689
20
367275.212204847
30
0
0
SEQEND
0
POLYLINE
8
C-PVMT
66
1
70
1
0
VERTEX
8
C-PVMT
10
1311105.4445993816
20
367281.5455737289
30
0
0
VERTEX
8
C-PVMT
10
1311104.0857089898
20
367279.6489854811
30
0
0
VERTEX
8
C-PVMT
10
1311077.8585522857
20
367301.31075702084
30
0
0
VERTEX
8
C-PVMT
10
1311105.4445993816
20
367281.5455737289
30
0
0
SEQEND
0
POLYLINE
8
C-LOD
66
1
70
1
0
VERTEX
8
C-LOD
10
1311051.83972373
20
367244.9597775142
30
0
0
VERTEX
8
C-LOD
10
1311082.7876975273
20
367224.6177302428
30
0
0
VERTEX
8
C-LOD
10
1311101.6514595647
20
367231.2469469968
30
0
0
VERTEX
8
C-LOD
10
1311124.7352013402
20
367260.84540493775
30
0
0
VERTEX
8
C-LOD
10
1311051.83972373
20
367244.9597775142
30
0
0
SEQEND
0
POINT
8
C-TOPO-SPOT
10
1311045.0579504927
20
367263.2457350011
30
0
0
POLYLINE
8
C-UTIL
66
1
70
0
0
VERTEX
8
C-UTIL
10
1311096.7821115088
20
367362.5864085935
30
0
0
VERTEX
8
C-UTIL
10
1311072.8958094204
20
367301.8508061695
30
0
0
SEQEND
0
POLYLINE
8
C-UTIL
66
1
70
0
0
VERTEX
8
C-UTIL
10
1311094.539585537
20
367363.46835675347
30
0
0
VERTEX
8
C-UTIL
10
1311067.1556441057
20
367293.83932110673
30
0
0
SEQEND
0
POLYLINE
8
C-SWM
66
1
70
1
0
VERTEX
8
C-SWM
10
1310942.262935007
20
367073.8681724932
30
0
0
VERTEX
8
C-SWM
10
1310961.9860179303
20
367073.8681724932
30
0
0
VERTEX
8
C-SWM
10
1310961.9860179303
20
367093.5912554165
30
0
0
VERTEX
8
C-SWM
10
1310942.262935007
20
367093.5912554165
30
0
0
VERTEX
8
C-SWM
10
1310942.262935007
20
367073.8681724932
30
0
0
SEQEND
0
POLYLINE
8
C-DRNG-AREA
66
1
70
1
0
VERTEX
8
C-DRNG-AREA
10
1311121.0755584203
20
367323.75442106265
30
0
0
VERTEX
8
C-DRNG-AREA
10
1311166.4907969513
20
367152.7110434967
30
0
0
VERTEX
8
C-DRNG-AREA
10
1311010.4197268784
20
367090.9417664546
30
0
0
VERTEX
8
C-DRNG-AREA
10
1310941.7985349104
20
367063.7834893942
30
0
0
VERTEX
8
C-DRNG-AREA
10
1310922.079554405
20
367137.801877703
30
0
0
VERTEX
8
C-DRNG-AREA
10
1311067.056470606
20
367176.3336031884
30
0
0
VERTEX
8
C-DRNG-AREA
10
1311015.361085751
20
367370.2823221445
30
0
0
VERTEX
8
C-DRNG-AREA
10
1310996.2399753425
20
367385.5199609623
30
0
0
VERTEX
8
C-DRNG-AREA
10
1311018.9307527556
20
367369.01262258226
30
0
0
VERTEX
8
C-DRNG-AREA
10
1311042.937346398
20
367354.48516369605
30
0
0
VERTEX
8
C-DRNG-AREA
10
1311068.0874491595
20
367342.04185500916
30
0
0
VERTEX
8
C-DRNG-AREA
10
1311094.200546404
20
367331.7720082578
30
0
0
VERTEX
8
C-DRNG-AREA
10
1311121.0755584203
20
367323.75442106265
30
0
0
SEQEND
0
POLYLINE
8
C-PROP
66
1
70
1
0
VERTEX
8
C-PROP
10
1311051.83972373
20
367244.9597775142
30
0
0
VERTEX
8
C-PROP
10
1311082.7876975273
20
367224.6177302428
30
0
0
VERTEX
8
C-PROP
10
1311101.6514595647
20
367231.2469469968
30
0
0
VERTEX
8
C-PROP
10
1311124.7352013402
20
367260.84540493775
30
0
0
VERTEX
8
C-PROP
10
1311051.83972373
20
367244.9597775142
30
0
0
SEQEND
0
POLYLINE
8
L-PLNT-TREE
66
1
70
1
0
VERTEX
8
L-PLNT-TREE
10
1311077.973977602
20
367336.56001382245
30
0
0
VERTEX
8
L-PLNT-TREE
10
1311087.973977602
20
367336.56001382245
30
0
0
VERTEX
8
L-PLNT-TREE
10
1311087.973977602
20
367346.56001382245
30
0
0
VERTEX
8
L-PLNT-TREE
10
1311077.973977602
20
367346.56001382245
30
0
0
VERTEX
8
L-PLNT-TREE
10
1311077.973977602
20
367336.56001382245
30
0
0
SEQEND
0
POLYLINE
8
L-PLNT-TREE
66
1
70
1
0
VERTEX
8
L-PLNT-TREE
10
1311114.4614803796
20
367284.4089267496
30
0
0
VERTEX
8
L-PLNT-TREE
10
1311126.4614803796
20
367284.4089267496
30
0
0
VERTEX
8
L-PLNT-TREE
10
1311126.4614803796
20
367296.4089267496
30
0
0
VERTEX
8
L-PLNT-TREE
10
1311114.4614803796
20
367296.4089267496
30
0
0
VERTEX
8
L-PLNT-TREE
10
1311114.4614803796
20
367284.4089267496
30
0
0
SEQEND
0
POLYLINE
8
L-PLNT-TREE
66
1
70
1
0
VERTEX
8
L-PLNT-TREE
10
1311048.892260998
20
367301.97814613127
30
0
0
VERTEX
8
L-PLNT-TREE
10
1311060.892260998
20
367301.97814613127
30
0
0
VERTEX
8
L-PLNT-TREE
10
1311060.892260998
20
367313.97814613127
30
0
0
VERTEX
8
L-PLNT-TREE
10
1311048.892260998
20
367313.97814613127
30
0
0
VERTEX
8
L-PLNT-TREE
10
1311048.892260998
20
367301.97814613127
30
0
0
SEQEND
0
POLYLINE
8
C-TOPO-MAJR
66
1
70
0
0
VERTEX
8
C-TOPO-MAJR
10
1311006.4967257953
20
367458.2760745231
30
204
0
VERTEX
8
C-TOPO-MAJR
10
1311006.6099208202
20
367458.63956211274
30
204
0
VERTEX
8
C-TOPO-MAJR
10
1311006.8363108705
20
367459.36653729196
30
204
0
VERTEX
8
C-TOPO-MAJR
10
1311007.1758959454
20
367460.4570000608
30
204
0
VERTEX
8
C-TOPO-MAJR
10
1311007.6286760455
20
367461.9109504194
30
204
0
VERTEX
8
C-TOPO-MAJR
10
1311008.0688680524
20
367463.268780384
30
204
0
VERTEX
8
C-TOPO-MAJR
10
1311008.4964719664
20
367464.53048995463
30
204
0
VERTEX
8
C-TOPO-MAJR
10
1311008.9114877875
20
367465.69607913133
30
204
0
VERTEX
8
C-TOPO-MAJR
10
1311009.3139155153
20
367466.7655479142
30
204
0
VERTEX
8
C-TOPO-MAJR
10
1311009.65660485
20
367467.66376989527
30
204
0
VERTEX
8
C-TOPO-MAJR
10
1311009.9395557907
20
367468.3907450745
30
204
0
VERTEX
8
C-TOPO-MAJR
10
1311010.1627683383
20
367468.946473452
30
204
0
VERTEX
8
C-TOPO-MAJR
10
1311010.3262424923
20
367469.33095502766
30
204
0
VERTEX
8
C-TOPO-MAJR
10
1311010.6073325996
20
367469.9828037991
30
204
0
VERTEX
8
C-TOPO-MAJR
10
1311011.00603866
20
367470.9020197662
30
204
0
VERTEX
8
C-TOPO-MAJR
10
1311011.5223606734
20
367472.088602929
30
204
0
VERTEX
8
C-TOPO-MAJR
10
1311012.15629864
20
367473.54255328747
30
204
0
VERTEX
8
C-TOPO-MAJR
10
1311012.7841828263
20
367474.996503646
30
204
0
VERTEX
8
C-TOPO-MAJR
10
1311013.4060132322
20
367476.45045400446
30
204
0
VERTEX
8
C-TOPO-MAJR
10
1311014.021789858
20
367477.90440436295
30
204
0
VERTEX
8
C-TOPO-MAJR
10
1311014.6315127036
20
367479.35835472157
30
204
0
VERTEX
8
C-TOPO-MAJR
10
1311015.1107460782
20
367480.5029283052
30
204
0
VERTEX
8
C-TOPO-MAJR
10
1311015.4594899816
20
367481.33812511404
30
204
0
VERTEX
8
C-TOPO-MAJR
10
1311015.6777444142
20
367481.86394514807
30
204
0
VERTEX
8
C-TOPO-MAJR
10
1311015.7655093758
20
367482.0803884071
30
204
0
VERTEX
8
C-TOPO-MAJR
10
1311015.9524407089
20
367482.5520976263
30
204
0
VERTEX
8
C-TOPO-MAJR
10
1311016.2385384133
20
367483.27907280566
30
204
0
VERTEX
8
C-TOPO-MAJR
10
1311016.6238024896
20
367484.26131394494
30
204
0
VERTEX
8
C-TOPO-MAJR
10
1311017.108232937
20
367485.4988210443
30
204
0
VERTEX
8
C-TOPO-MAJR
10
1311017.4740118268
20
367486.79043895844
30
204
0
VERTEX
8
C-TOPO-MAJR
10
1311017.721139159
20
367488.13616768736
30
204
0
VERTEX
8
C-TOPO-MAJR
10
1311017.8496149331
20
367489.5360072311
30
204
0
VERTEX
8
C-TOPO-MAJR
10
1311017.8594391497
20
367490.98995758954
30
204
0
VERTEX
8
C-TOPO-MAJR
10
1311017.743243646
20
367492.30381740455
30
204
0
VERTEX
8
C-TOPO-MAJR
10
1311017.501028422
20
367493.477586676
30
204
0
VERTEX
8
C-TOPO-MAJR
10
1311017.1327934782
20
367494.51126540394
30
204
0
VERTEX
8
C-TOPO-MAJR
10
1311016.6385388141
20
367495.4048535883
30
204
0
VERTEX
8
C-TOPO-MAJR
10
1311016.1659439798
20
367496.21513527015
30
204
0
VERTEX
8
C-TOPO-MAJR
10
1311015.7150089748
20
367496.9421104494
30
204
0
VERTEX
8
C-TOPO-MAJR
10
1311015.2857337995
20
367497.5857791261
30
204
0
VERTEX
8
C-TOPO-MAJR
10
1311014.8781184535
20
367498.1461413002
30
204
0
VERTEX
8
C-TOPO-MAJR
10
1311014.3671153719
20
367498.9299005205
30
204
0
VERTEX
8
C-TOPO-MAJR
10
1311013.7527245544
20
367499.9370567868
30
204
0
VERTEX
8
C-TOPO-MAJR
10
1311013.0349460007
20
367501.1676100992
30
204
0
VERTEX
8
C-TOPO-MAJR
10
1311012.2137797112
20
367502.6215604576
30
204
0
VERTEX
8
C-TOPO-MAJR
10
1311011.531375421
20
367503.84940227424
30
204
0
VERTEX
8
C-TOPO-MAJR
10
1311010.9877331299
20
367504.851135549
30
204
0
VERTEX
8
C-TOPO-MAJR
10
1311010.5828528383
20
367505.62676028186
30
204
0
VERTEX
8
C-TOPO-MAJR
10
1311010.316734546
20
367506.17627647275
30
204
0
VERTEX
8
C-TOPO-MAJR
10
1311009.994039108
20
367506.8145221579
30
204
0
VERTEX
8
C-TOPO-MAJR
10
1311009.6147665244
20
367507.5414973371
30
204
0
VERTEX
8
C-TOPO-MAJR
10
1311009.178916795
20
367508.3572020105
30
204
0
VERTEX
8
C-TOPO-MAJR
10
1311008.6864899197
20
367509.2616361781
30
204
0
VERTEX
8
C-TOPO-MAJR
10
1311008.1400152233
20
367510.3034493934
30
204
0
VERTEX
8
C-TOPO-MAJR
10
1311007.5394927058
20
367511.4826416564
30
204
0
VERTEX
8
C-TOPO-MAJR
10
1311006.884922367
20
367512.79921296716
30
204
0
VERTEX
8
C-TOPO-MAJR
10
1311006.1763042067
20
367514.2531633258
30
204
0
VERTEX
8
C-TOPO-MAJR
10
1311005.6448405865
20
367515.34362609463
30
204
0
VERTEX
8
C-TOPO-MAJR
10
1311005.2905315063
20
367516.0706012739
30
204
0
VERTEX
8
C-TOPO-MAJR
10
1311005.1133769664
20
367516.4340888635
30
204
0
SEQEND
0
POLYLINE
8
C-TOPO-MAJR
66
1
70
0
0
VERTEX
8
C-TOPO-MAJR
10
1311159.407549874
20
367484.2811730603
30
206
0
VERTEX
8
C-TOPO-MAJR
10
1311159.327531992
20
367484.4732923499
30
206
0
VERTEX
8
C-TOPO-MAJR
10
1311159.1674962286
20
367484.85753092903
30
206
0
VERTEX
8
C-TOPO-MAJR
10
1311158.927442583
20
367485.43388879765
30
206
0
VERTEX
8
C-TOPO-MAJR
10
1311158.607371056
20
367486.20236595586
30
206
0
VERTEX
8
C-TOPO-MAJR
10
1311158.150649412
20
367487.1422114142
30
206
0
VERTEX
8
C-TOPO-MAJR
10
1311157.557277652
20
367488.25342517253
30
206
0
VERTEX
8
C-TOPO-MAJR
10
1311156.8272557752
20
367489.536007231
30
206
0
VERTEX
8
C-TOPO-MAJR
10
1311155.9605837818
20
367490.98995758954
30
206
0
VERTEX
8
C-TOPO-MAJR
10
1311155.233540685
20
367492.1684296951
30
206
0
VERTEX
8
C-TOPO-MAJR
10
1311154.646126485
20
367493.0714235479
30
206
0
VERTEX
8
C-TOPO-MAJR
10
1311154.1983411813
20
367493.6989391477
30
206
0
VERTEX
8
C-TOPO-MAJR
10
1311153.890184774
20
367494.0509764946
30
206
0
VERTEX
8
C-TOPO-MAJR
10
1311153.4386399966
20
367494.5904827577
30
206
0
VERTEX
8
C-TOPO-MAJR
10
1311152.8437068488
20
367495.31745793694
30
206
0
VERTEX
8
C-TOPO-MAJR
10
1311152.1053853305
20
367496.2319020324
30
206
0
VERTEX
8
C-TOPO-MAJR
10
1311151.2236754422
20
367497.33381504397
30
206
0
VERTEX
8
C-TOPO-MAJR
10
1311150.409095516
20
367498.2893627827
30
206
0
VERTEX
8
C-TOPO-MAJR
10
1311149.6616455521
20
367499.0985452486
30
206
0
VERTEX
8
C-TOPO-MAJR
10
1311148.9813255507
20
367499.76136244164
30
206
0
VERTEX
8
C-TOPO-MAJR
10
1311148.3681355112
20
367500.27781436185
30
206
0
VERTEX
8
C-TOPO-MAJR
10
1311147.682600602
20
367500.89952791156
30
206
0
VERTEX
8
C-TOPO-MAJR
10
1311146.9247208228
20
367501.62650309084
30
206
0
VERTEX
8
C-TOPO-MAJR
10
1311146.0944961736
20
367502.4587398996
30
206
0
VERTEX
8
C-TOPO-MAJR
10
1311145.1919266542
20
367503.3962383379
30
206
0
VERTEX
8
C-TOPO-MAJR
10
1311144.3669169126
20
367504.2159625377
30
206
0
VERTEX
8
C-TOPO-MAJR
10
1311143.6194669488
20
367504.9179124989
30
206
0
VERTEX
8
C-TOPO-MAJR
10
1311142.9495767627
20
367505.5020882215
30
206
0
VERTEX
8
C-TOPO-MAJR
10
1311142.3572463545
20
367505.9684897056
30
206
0
VERTEX
8
C-TOPO-MAJR
10
1311141.6707660898
20
367506.5651780373
30
206
0
VERTEX
8
C-TOPO-MAJR
10
1311140.890135969
20
367507.29215321655
30
206
0
VERTEX
8
C-TOPO-MAJR
10
1311140.015355992
20
367508.14941524336
30
206
0
VERTEX
8
C-TOPO-MAJR
10
1311139.0464261584
20
367509.13696411776
30
206
0
VERTEX
8
C-TOPO-MAJR
10
1311138.3197287833
20
367509.8776257736
30
206
0
VERTEX
8
C-TOPO-MAJR
10
1311137.8352638667
20
367510.37140021083
30
206
0
VERTEX
8
C-TOPO-MAJR
10
1311137.5930314083
20
367510.61828742945
30
206
0
SEQEND
0
POLYLINE
8
C-PROP
66
1
70
0
0
VERTEX
8
C-PROP
10
1311177.876123979
20
367444.23731536657
30
0
0
VERTEX
8
C-PROP
10
1311177.6575489219
20
367444.4736553409
30
0
0
VERTEX
8
C-PROP
10
1311177.5482613933
20
367444.7106430574
30
0
0
VERTEX
8
C-PROP
10
1311177.5482613933
20
367444.94827851607
30
0
0
VERTEX
8
C-PROP
10
1311177.6575489219
20
367445.18656171695
30
0
0
VERTEX
8
C-PROP
10
1311177.876123979
20
367445.42549266
30
0
0
VERTEX
8
C-PROP
10
1311178.0991377027
20
367445.5449581315
30
0
0
VERTEX
8
C-PROP
10
1311178.326590093
20
367445.5449581315
30
0
0
VERTEX
8
C-PROP
10
1311178.5584811503
20
367445.42549266
30
0
0
VERTEX
8
C-PROP
10
1311178.794810874
20
367445.18656171695
30
0
0
VERTEX
8
C-PROP
10
1311178.912975736
20
367444.94827851607
30
0
0
VERTEX
8
C-PROP
10
1311178.912975736
20
367444.7106430574
30
0
0
VERTEX
8
C-PROP
10
1311178.794810874
20
367444.4736553409
30
0
0
VERTEX
8
C-PROP
10
1311178.5584811503
20
367444.23731536657
30
0
0
VERTEX
8
C-PROP
10
1311178.326590093
20
367444.1191453794
30
0
0
VERTEX
8
C-PROP
10
1311178.0991377027
20
367444.1191453794
30
0
0
VERTEX
8
C-PROP
10
1311177.876123979
20
367444.23731536657
30
0
0
SEQEND
0
POLYLINE
8
C-TOPO-MAJR
66
1
70
0
0
VERTEX
8
C-TOPO-MAJR
10
1311189.3818556308
20
367374.78988981183
30
206
0
VERTEX
8
C-TOPO-MAJR
10
1311189.3526003317
20
367375.1546724967
30
206
0
VERTEX
8
C-TOPO-MAJR
10
1311189.2940897332
20
367375.8842378663
30
206
0
VERTEX
8
C-TOPO-MAJR
10
1311189.2063238358
20
367376.9785859209
30
206
0
VERTEX
8
C-TOPO-MAJR
10
1311189.0893026388
20
367378.4377166603
30
206
0
VERTEX
8
C-TOPO-MAJR
10
1311188.9658017373
20
367379.89684739965
30
206
0
VERTEX
8
C-TOPO-MAJR
10
1311188.835821131
20
367381.3559781391
30
206
0
VERTEX
8
C-TOPO-MAJR
10
1311188.6993608198
20
367382.8151088785
30
206
0
VERTEX
8
C-TOPO-MAJR
10
1311188.5564208038
20
367384.27423961787
30
206
0
VERTEX
8
C-TOPO-MAJR
10
1311188.3137827478
20
367385.7333703572
30
206
0
VERTEX
8
C-TOPO-MAJR
10
1311187.971446652
20
367387.1925010966
30
206
0
VERTEX
8
C-TOPO-MAJR
10
1311187.529412516
20
367388.65163183596
30
206
0
VERTEX
8
C-TOPO-MAJR
10
1311186.9876803402
20
367390.1107625754
30
206
0
VERTEX
8
C-TOPO-MAJR
10
1311186.445911917
20
367391.2219505094
30
206
0
VERTEX
8
C-TOPO-MAJR
10
1311185.9041072465
20
367391.98519563803
30
206
0
VERTEX
8
C-TOPO-MAJR
10
1311185.3622663287
20
367392.40049796127
30
206
0
VERTEX
8
C-TOPO-MAJR
10
1311184.8203891637
20
367392.4678574792
30
206
0
VERTEX
8
C-TOPO-MAJR
10
1311184.1168105346
20
367392.86631992296
30
206
0
VERTEX
8
C-TOPO-MAJR
10
1311183.2515304415
20
367393.59588529257
30
206
0
VERTEX
8
C-TOPO-MAJR
10
1311182.2245488842
20
367394.6565535882
30
206
0
VERTEX
8
C-TOPO-MAJR
10
1311181.035865863
20
367396.04832480976
30
206
0
VERTEX
8
C-TOPO-MAJR
10
1311180.0788001742
20
367397.12546553183
30
206
0
VERTEX
8
C-TOPO-MAJR
10
1311179.3533518177
20
367397.88797575445
30
206
0
VERTEX
8
C-TOPO-MAJR
10
1311178.8595207937
20
367398.3358554777
30
206
0
VERTEX
8
C-TOPO-MAJR
10
1311178.597307102
20
367398.46910470154
30
206
0
VERTEX
8
C-TOPO-MAJR
10
1311178.0379226552
20
367398.898438204
30
206
0
VERTEX
8
C-TOPO-MAJR
10
1311177.1813674527
20
367399.62385598524
30
206
0
VERTEX
8
C-TOPO-MAJR
10
1311176.0276414952
20
367400.64535804506
30
206
0
VERTEX
8
C-TOPO-MAJR
10
1311174.5767447825
20
367401.96294438356
30
206
0
VERTEX
8
C-TOPO-MAJR
10
1311173.4875900238
20
367402.9532079317
30
206
0
VERTEX
8
C-TOPO-MAJR
10
1311172.7601772188
20
367403.61614868947
30
206
0
VERTEX
8
C-TOPO-MAJR
10
1311172.3945063679
20
367403.9517666569
30
206
0
VERTEX
8
C-TOPO-MAJR
10
1311172.390577471
20
367403.960061834
30
206
0
VERTEX
8
C-TOPO-MAJR
10
1311172.202793872
20
367404.3310659017
30
206
0
VERTEX
8
C-TOPO-MAJR
10
1311171.8311555707
20
367405.06477885984
30
206
0
VERTEX
8
C-TOPO-MAJR
10
1311171.2756625677
20
367406.16120070865
30
206
0
VERTEX
8
C-TOPO-MAJR
10
1311170.5363148625
20
367407.62033144804
30
206
0
VERTEX
8
C-TOPO-MAJR
10
1311169.804899056
20
367409.0390294581
30
206
0
VERTEX
8
C-TOPO-MAJR
10
1311169.081415148
20
367410.4172947389
30
206
0
VERTEX
8
C-TOPO-MAJR
10
1311168.3658631386
20
367411.7551272903
30
206
0
VERTEX
8
C-TOPO-MAJR
10
1311167.6582430277
20
367413.0525271124
30
206
0
VERTEX
8
C-TOPO-MAJR
10
1311167.1275279447
20
367414.02557697904
30
206
0
VERTEX
8
C-TOPO-MAJR
10
1311166.773717889
20
367414.6742768901
30
206
0
VERTEX
8
C-TOPO-MAJR
10
1311166.5968128615
20
367414.99862684566
30
206
0
SEQEND
0
POLYLINE
8
C-PROP
66
1
70
0
0
VERTEX
8
C-PROP
10
1311403.863099013
20
367450.6113883195
30
0
0
VERTEX
8
C-PROP
10
1311403.4762902618
20
367450.9956330534
30
0
0
VERTEX
8
C-PROP
10
1311403.2828858863
20
367451.3778683414
30
0
0
VERTEX
8
C-PROP
10
1311403.2828858863
20
367451.75809418363
30
0
0
VERTEX
8
C-PROP
10
1311403.4762902618
20
367452.13631057995
30
0
0
VERTEX
8
C-PROP
10
1311403.863099013
20
367452.51251753035
30
0
0
VERTEX
8
C-PROP
10
1311404.25173873
20
367452.7006210056
30
0
0
VERTEX
8
C-PROP
10
1311404.642209413
20
367452.7006210056
30
0
0
VERTEX
8
C-PROP
10
1311405.0345110614
20
367452.51251753035
30
0
0
VERTEX
8
C-PROP
10
1311405.428643676
20
367452.13631057995
30
0
0
VERTEX
8
C-PROP
10
1311405.625709983
20
367451.75809418363
30
0
0
VERTEX
8
C-PROP
10
1311405.625709983
20
367451.3778683414
30
0
0
VERTEX
8
C-PROP
10
1311405.428643676
20
367450.9956330534
30
0
0
VERTEX
8
C-PROP
10
1311405.0345110614
20
367450.6113883195
30
0
0
VERTEX
8
C-PROP
10
1311404.642209413
20
367450.4192659526
30
0
0
VERTEX
8
C-PROP
10
1311404.25173873
20
367450.4192659526
30
0
0
VERTEX
8
C-PROP
10
1311403.863099013
20
367450.6113883195
30
0
0
SEQEND
0
POLYLINE
8
C-TOPO-MAJR
66
1
70
0
0
VERTEX
8
C-TOPO-MAJR
10
1311330.9932054216
20
367422.65878023126
30
208
0
VERTEX
8
C-TOPO-MAJR
10
1311331.0636780295
20
367423.0201954803
30
208
0
VERTEX
8
C-TOPO-MAJR
10
1311331.2046232456
20
367423.74302597845
30
208
0
VERTEX
8
C-TOPO-MAJR
10
1311331.4160410692
20
367424.8272717255
30
208
0
VERTEX
8
C-TOPO-MAJR
10
1311331.697931501
20
367426.2729327216
30
208
0
VERTEX
8
C-TOPO-MAJR
10
1311331.9809205655
20
367427.51199699787
30
208
0
VERTEX
8
C-TOPO-MAJR
10
1311332.2650082628
20
367428.54446455423
30
208
0
VERTEX
8
C-TOPO-MAJR
10
1311332.550194593
20
367429.37033539073
30
208
0
VERTEX
8
C-TOPO-MAJR
10
1311332.8364795558
20
367429.9896095074
30
208
0
VERTEX
8
C-TOPO-MAJR
10
1311333.1793000635
20
367430.66066181473
30
208
0
VERTEX
8
C-TOPO-MAJR
10
1311333.5786561163
20
367431.3834923128
30
208
0
VERTEX
8
C-TOPO-MAJR
10
1311334.0345477138
20
367432.15810100164
30
208
0
VERTEX
8
C-TOPO-MAJR
10
1311334.5469748562
20
367432.98448788107
30
208
0
VERTEX
8
C-TOPO-MAJR
10
1311335.089424182
20
367433.96569328976
30
208
0
VERTEX
8
C-TOPO-MAJR
10
1311335.661895691
20
367435.1017172277
30
208
0
VERTEX
8
C-TOPO-MAJR
10
1311336.2643893834
20
367436.3925596947
30
208
0
VERTEX
8
C-TOPO-MAJR
10
1311336.8969052595
20
367437.83822069084
30
208
0
VERTEX
8
C-TOPO-MAJR
10
1311337.4557720635
20
367439.093072088
30
208
0
VERTEX
8
C-TOPO-MAJR
10
1311337.9409897958
20
367440.1571138863
30
208
0
VERTEX
8
C-TOPO-MAJR
10
1311338.3525584564
20
367441.03034608567
30
208
0
VERTEX
8
C-TOPO-MAJR
10
1311338.6904780453
20
367441.71276868606
30
208
0
VERTEX
8
C-TOPO-MAJR
10
1311339.0128307124
20
367442.4153952353
30
208
0
VERTEX
8
C-TOPO-MAJR
10
1311339.3196164584
20
367443.1382257334
30
208
0
VERTEX
8
C-TOPO-MAJR
10
1311339.6108352824
20
367443.88126018026
30
208
0
VERTEX
8
C-TOPO-MAJR
10
1311339.8864871848
20
367444.64449857606
30
208
0
VERTEX
8
C-TOPO-MAJR
10
1311340.3763436773
20
367445.57834262185
30
208
0
VERTEX
8
C-TOPO-MAJR
10
1311341.0804047596
20
367446.6827923178
30
208
0
VERTEX
8
C-TOPO-MAJR
10
1311341.998670432
20
367447.95784766384
30
208
0
VERTEX
8
C-TOPO-MAJR
10
1311343.1311406943
20
367449.40350866
30
208
0
VERTEX
8
C-TOPO-MAJR
10
1311343.9991785013
20
367450.50922425586
30
208
0
VERTEX
8
C-TOPO-MAJR
10
1311344.6027838537
20
367451.2749944515
30
208
0
VERTEX
8
C-TOPO-MAJR
10
1311344.941956751
20
367451.7008192469
30
208
0
VERTEX
8
C-TOPO-MAJR
10
1311345.0166971935
20
367451.786698642
30
208
0
VERTEX
8
C-TOPO-MAJR
10
1311345.4140279698
20
367452.19105358864
30
208
0
VERTEX
8
C-TOPO-MAJR
10
1311346.13394908
20
367452.91388408665
30
208
0
VERTEX
8
C-TOPO-MAJR
10
1311347.1764605243
20
367453.9551901362
30
208
0
VERTEX
8
C-TOPO-MAJR
10
1311348.5415623025
20
367455.31497173733
30
208
0
VERTEX
8
C-TOPO-MAJR
10
1311349.5948288436
20
367456.3637854334
30
208
0
VERTEX
8
C-TOPO-MAJR
10
1311350.336260147
20
367457.1016312246
30
208
0
VERTEX
8
C-TOPO-MAJR
10
1311350.7658562132
20
367457.5285091109
30
208
0
VERTEX
8
C-TOPO-MAJR
10
1311350.883617042
20
367457.6444190923
30
208
0
VERTEX
8
C-TOPO-MAJR
10
1311351.2816829495
20
367458.06378933205
30
208
0
VERTEX
8
C-TOPO-MAJR
10
1311351.9600539356
20
367458.78661983006
30
208
0
VERTEX
8
C-TOPO-MAJR
10
1311352.9187300005
20
367459.8129105865
30
208
0
VERTEX
8
C-TOPO-MAJR
10
1311354.1577111436
20
367461.1426616013
30
208
0
VERTEX
8
C-TOPO-MAJR
10
1311355.147917367
20
367462.31255933095
30
208
0
VERTEX
8
C-TOPO-MAJR
10
1311355.8893486708
20
367463.3226037755
30
208
0
VERTEX
8
C-TOPO-MAJR
10
1311356.3820050543
20
367464.17279493494
30
208
0
VERTEX
8
C-TOPO-MAJR
10
1311356.6258865178
20
367464.8631328093
30
208
0
VERTEX
8
C-TOPO-MAJR
10
1311356.8696868015
20
367465.56971699547
30
208
0
VERTEX
8
C-TOPO-MAJR
10
1311357.1134059047
20
367466.2925474935
30
208
0
VERTEX
8
C-TOPO-MAJR
10
1311357.3570438283
20
367467.03162430343
30
208
0
VERTEX
8
C-TOPO-MAJR
10
1311357.6006005714
20
367467.78694742534
30
208
0
VERTEX
8
C-TOPO-MAJR
10
1311357.9308858388
20
367468.71485501574
30
208
0
VERTEX
8
C-TOPO-MAJR
10
1311358.3478996302
20
367469.81534707476
30
208
0
VERTEX
8
C-TOPO-MAJR
10
1311358.8516419455
20
367471.0884236023
30
208
0
VERTEX
8
C-TOPO-MAJR
10
1311359.442112785
20
367472.53408459836
30
208
0
VERTEX
8
C-TOPO-MAJR
10
1311360.0471746707
20
367473.9340216557
30
208
0
VERTEX
8
C-TOPO-MAJR
10
1311360.6668276025
20
367475.2882347743
30
208
0
VERTEX
8
C-TOPO-MAJR
10
1311361.3010715807
20
367476.59672395414
30
208
0
VERTEX
8
C-TOPO-MAJR
10
1311361.949906605
20
367477.85948919517
30
208
0
VERTEX
8
C-TOPO-MAJR
10
1311362.4657109939
20
367478.85228706466
30
208
0
VERTEX
8
C-TOPO-MAJR
10
1311362.8484847469
20
367479.5751175628
30
208
0
VERTEX
8
C-TOPO-MAJR
10
1311363.0982278644
20
367480.02798068937
30
208
0
VERTEX
8
C-TOPO-MAJR
10
1311363.214940346
20
367480.2108764445
30
208
0
VERTEX
8
C-TOPO-MAJR
10
1311363.6440122386
20
367480.7003024842
30
208
0
VERTEX
8
C-TOPO-MAJR
10
1311364.3854435422
20
367481.4962588085
30
208
0
VERTEX
8
C-TOPO-MAJR
10
1311365.4392342565
20
367482.5987454173
30
208
0
VERTEX
8
C-TOPO-MAJR
10
1311366.805384382
20
367484.0077623108
30
208
0
VERTEX
8
C-TOPO-MAJR
10
1311367.8423383355
20
367485.07368600654
30
208
0
VERTEX
8
C-TOPO-MAJR
10
1311368.5500961172
20
367485.79651650455
30
208
0
VERTEX
8
C-TOPO-MAJR
10
1311368.928657727
20
367486.17625380494
30
208
0
VERTEX
8
C-TOPO-MAJR
10
1311368.9780231651
20
367486.21289790777
30
208
0
VERTEX
8
C-TOPO-MAJR
10
1311369.3734215358
20
367486.46950100246
30
208
0
VERTEX
8
C-TOPO-MAJR
10
1311370.1148528396
20
367486.94606308895
30
208
0
VERTEX
8
C-TOPO-MAJR
10
1311371.2023170758
20
367487.64258416754
30
208
0
VERTEX
8
C-TOPO-MAJR
10
1311372.6358142449
20
367488.559064238
30
208
0
VERTEX
8
C-TOPO-MAJR
10
1311374.0816527735
20
367489.36072298477
30
208
0
VERTEX
8
C-TOPO-MAJR
10
1311375.5398326614
20
367490.0475604079
30
208
0
VERTEX
8
C-TOPO-MAJR
10
1311377.010353909
20
367490.6195765073
30
208
0
VERTEX
8
C-TOPO-MAJR
10
1311378.4932165162
20
367491.07677128306
30
208
0
VERTEX
8
C-TOPO-MAJR
10
1311379.6389704656
20
367491.4376639024
30
208
0
VERTEX
8
C-TOPO-MAJR
10
1311380.4476157574
20
367491.70225436526
30
208
0
VERTEX
8
C-TOPO-MAJR
10
1311380.9191523914
20
367491.87054267165
30
208
0
VERTEX
8
C-TOPO-MAJR
10
1311381.053580368
20
367491.9425288214
30
208
0
VERTEX
8
C-TOPO-MAJR
10
1311381.491510008
20
367492.1735677313
30
208
0
VERTEX
8
C-TOPO-MAJR
10
1311382.2329413113
20
367492.56365940126
30
208
0
VERTEX
8
C-TOPO-MAJR
10
1311383.2778742784
20
367493.1128038311
30
208
0
VERTEX
8
C-TOPO-MAJR
10
1311384.6263089092
20
367493.82100102084
30
208
0
VERTEX
8
C-TOPO-MAJR
10
1311385.830262346
20
367494.5365148648
30
208
0
VERTEX
8
C-TOPO-MAJR
10
1311386.889734589
20
367495.2593453629
30
208
0
VERTEX
8
C-TOPO-MAJR
10
1311387.8047256381
20
367495.9894925151
30
208
0
VERTEX
8
C-TOPO-MAJR
10
1311388.5752354935
20
367496.72695632145
30
208
0
VERTEX
8
C-TOPO-MAJR
10
1311389.146500925
20
367497.64146942523
30
208
0
VERTEX
8
C-TOPO-MAJR
10
1311389.5185219334
20
367498.73303182656
30
208
0
VERTEX
8
C-TOPO-MAJR
10
1311389.6912985176
20
367500.0016435252
30
208
0
VERTEX
8
C-TOPO-MAJR
10
1311389.6648306784
20
367501.4473045214
30
208
0
VERTEX
8
C-TOPO-MAJR
10
1311389.644979799
20
367502.5315502685
30
208
0
VERTEX
8
C-TOPO-MAJR
10
1311389.6317458793
20
367503.25438076654
30
208
0
VERTEX
8
C-TOPO-MAJR
10
1311389.6251289195
20
367503.6157960156
30
208
0
SEQEND
0
POLYLINE
8
C-TOPO-MAJR
66
1
70
0
0
VERTEX
8
C-TOPO-MAJR
10
1311481.552167708
20
367433.920075344
30
210
0
VERTEX
8
C-TOPO-MAJR
10
1311481.5436617124
20
367433.93907489756
30
210
0
VERTEX
8
C-TOPO-MAJR
10
1311481.5266497212
20
367433.9770740046
30
210
0
VERTEX
8
C-TOPO-MAJR
10
1311481.5011317343
20
367434.0340726652
30
210
0
VERTEX
8
C-TOPO-MAJR
10
1311481.467107752
20
367434.1100708792
30
210
0
VERTEX
8
C-TOPO-MAJR
10
1311481.216587202
20
367434.52848478884
30
210
0
VERTEX
8
C-TOPO-MAJR
10
1311480.7495700838
20
367435.28931439406
30
210
0
VERTEX
8
C-TOPO-MAJR
10
1311480.066056398
20
367436.3925596947
30
210
0
VERTEX
8
C-TOPO-MAJR
10
1311479.1660461442
20
367437.83822069084
30
210
0
VERTEX
8
C-TOPO-MAJR
10
1311478.353831361
20
367439.10569245054
30
210
0
VERTEX
8
C-TOPO-MAJR
10
1311477.629412049
20
367440.1949749739
30
210
0
VERTEX
8
C-TOPO-MAJR
10
1311476.9927882073
20
367441.10606826085
30
210
0
VERTEX
8
C-TOPO-MAJR
10
1311476.4439598364
20
367441.83897231135
30
210
0
VERTEX
8
C-TOPO-MAJR
10
1311475.9097102592
20
367442.5668395856
30
210
0
VERTEX
8
C-TOPO-MAJR
10
1311475.3900394756
20
367443.2896700837
30
210
0
VERTEX
8
C-TOPO-MAJR
10
1311474.884947486
20
367444.00746380555
30
210
0
VERTEX
8
C-TOPO-MAJR
10
1311474.39443429
20
367444.7202207512
30
210
0
VERTEX
8
C-TOPO-MAJR
10
1311473.8771252893
20
367445.61620370945
30
210
0
VERTEX
8
C-TOPO-MAJR
10
1311473.3330204831
20
367446.69541268033
30
210
0
VERTEX
8
C-TOPO-MAJR
10
1311472.762119872
20
367447.95784766384
30
210
0
VERTEX
8
C-TOPO-MAJR
10
1311472.164423456
20
367449.40350866
30
210
0
VERTEX
8
C-TOPO-MAJR
10
1311471.6770484447
20
367450.8491696561
30
210
0
VERTEX
8
C-TOPO-MAJR
10
1311471.2999948384
20
367452.2948306523
30
210
0
VERTEX
8
C-TOPO-MAJR
10
1311471.033262637
20
367453.74049164844
30
210
0
VERTEX
8
C-TOPO-MAJR
10
1311470.8768518404
20
367455.18615264463
30
210
0
VERTEX
8
C-TOPO-MAJR
10
1311470.8264111103
20
367456.6318136408
30
210
0
VERTEX
8
C-TOPO-MAJR
10
1311470.8819404473
20
367458.07747463684
30
210
0
VERTEX
8
C-TOPO-MAJR
10
1311471.0434398504
20
367459.52313563303
30
210
0
VERTEX
8
C-TOPO-MAJR
10
1311471.3109093204
20
367460.9687966292
30
210
0
VERTEX
8
C-TOPO-MAJR
10
1311471.6736428114
20
367462.41445762536
30
210
0
VERTEX
8
C-TOPO-MAJR
10
1311472.131640323
20
367463.86011862155
30
210
0
VERTEX
8
C-TOPO-MAJR
10
1311472.684901856
20
367465.3057796177
30
210
0
VERTEX
8
C-TOPO-MAJR
10
1311473.3334274092
20
367466.7514406138
30
210
0
VERTEX
8
C-TOPO-MAJR
10
1311473.9019779207
20
367467.98190266785
30
210
0
VERTEX
8
C-TOPO-MAJR
10
1311474.39055339
20
367468.9971657797
30
210
0
VERTEX
8
C-TOPO-MAJR
10
1311474.7991538171
20
367469.7972299494
30
210
0
VERTEX
8
C-TOPO-MAJR
10
1311475.1277792023
20
367470.38209517696
30
210
0
VERTEX
8
C-TOPO-MAJR
10
1311475.374248241
20
367470.82074409764
30
210
0
VERTEX
8
C-TOPO-MAJR
10
1311475.5385609337
20
367471.1131767115
30
210
0
VERTEX
8
C-TOPO-MAJR
10
1311475.6207172798
20
367471.2593930184
30
210
0
SEQEND
0
POLYLINE
8
C-TOPO-MAJR
66
1
70
0
0
VERTEX
8
C-TOPO-MAJR
10
1311302.2957868564
20
367212.2028450345
30
206
0
VERTEX
8
C-TOPO-MAJR
10
1311302.130595125
20
367212.5734368558
30
206
0
VERTEX
8
C-TOPO-MAJR
10
1311301.8002116622
20
367213.31462049833
30
206
0
VERTEX
8
C-TOPO-MAJR
10
1311301.304636468
20
367214.4263959622
30
206
0
VERTEX
8
C-TOPO-MAJR
10
1311300.6438695423
20
367215.90876324737
30
206
0
VERTEX
8
C-TOPO-MAJR
10
1311300.0841527912
20
367217.32218605734
30
206
0
VERTEX
8
C-TOPO-MAJR
10
1311299.625486215
20
367218.6666643922
30
206
0
VERTEX
8
C-TOPO-MAJR
10
1311299.2678698138
20
367219.9421982521
30
206
0
VERTEX
8
C-TOPO-MAJR
10
1311299.0113035874
20
367221.1487876368
30
206
0
VERTEX
8
C-TOPO-MAJR
10
1311298.7119682757
20
367222.1226741504
30
206
0
VERTEX
8
C-TOPO-MAJR
10
1311298.369863879
20
367222.8638577929
30
206
0
VERTEX
8
C-TOPO-MAJR
10
1311297.984990397
20
367223.3723385645
30
206
0
VERTEX
8
C-TOPO-MAJR
10
1311297.55734783
20
367223.64811646496
30
206
0
VERTEX
8
C-TOPO-MAJR
10
1311297.0113579216
20
367224.2255417116
30
206
0
VERTEX
8
C-TOPO-MAJR
10
1311296.3470206722
20
367225.10461430444
30
206
0
VERTEX
8
C-TOPO-MAJR
10
1311295.5643360815
20
367226.2853342434
30
206
0
VERTEX
8
C-TOPO-MAJR
10
1311294.6633041496
20
367227.76770152856
30
206
0
VERTEX
8
C-TOPO-MAJR
10
1311293.9517251696
20
367229.2500688137
30
206
0
VERTEX
8
C-TOPO-MAJR
10
1311293.4295991412
20
367230.7324360988
30
206
0
VERTEX
8
C-TOPO-MAJR
10
1311293.0969260647
20
367232.214803384
30
206
0
VERTEX
8
C-TOPO-MAJR
10
1311292.95370594
20
367233.69717066915
30
206
0
VERTEX
8
C-TOPO-MAJR
10
1311292.846193829
20
367234.9696235204
30
206
0
VERTEX
8
C-TOPO-MAJR
10
1311292.7743897322
20
367236.0321619376
30
206
0
VERTEX
8
C-TOPO-MAJR
10
1311292.7382936492
20
367236.8847859209
30
206
0
VERTEX
8
C-TOPO-MAJR
10
1311292.73790558
20
367237.52749547025
30
206
0
VERTEX
8
C-TOPO-MAJR
10
1311292.7376145285
20
367238.00952763227
30
206
0
VERTEX
8
C-TOPO-MAJR
10
1311292.7374204942
20
367238.33088240697
30
206
0
VERTEX
8
C-TOPO-MAJR
10
1311292.737323477
20
367238.4915597943
30
206
0
SEQEND
0
POLYLINE
8
C-TOPO-MAJR
66
1
70
0
0
VERTEX
8
C-TOPO-MAJR
10
1311446.1547604506
20
367271.4975364403
30
208
0
VERTEX
8
C-TOPO-MAJR
10
1311446.448770837
20
367271.8681282616
30
208
0
VERTEX
8
C-TOPO-MAJR
10
1311447.0367916096
20
367272.6093119042
30
208
0
VERTEX
8
C-TOPO-MAJR
10
1311447.9188227686
20
367273.72108736803
30
208
0
VERTEX
8
C-TOPO-MAJR
10
1311449.0948643135
20
367275.2034546532
30
208
0
VERTEX
8
C-TOPO-MAJR
10
1311450.0322034508
20
367276.371838748
30
208
0
VERTEX
8
C-TOPO-MAJR
10
1311450.7308401805
20
367277.2262396524
30
208
0
VERTEX
8
C-TOPO-MAJR
10
1311451.1907745018
20
367277.76665736636
30
208
0
VERTEX
8
C-TOPO-MAJR
10
1311451.4120064154
20
367277.99309188995
30
208
0
VERTEX
8
C-TOPO-MAJR
10
1311451.8453628195
20
367278.476900973
30
208
0
VERTEX
8
C-TOPO-MAJR
10
1311452.4908437144
20
367279.21808461566
30
208
0
VERTEX
8
C-TOPO-MAJR
10
1311453.3484490998
20
367280.2166428177
30
208
0
VERTEX
8
C-TOPO-MAJR
10
1311454.418178976
20
367281.4725755792
30
208
0
VERTEX
8
C-TOPO-MAJR
10
1311455.3211145871
20
367282.57014879596
30
208
0
VERTEX
8
C-TOPO-MAJR
10
1311456.0572559335
20
367283.509362468
30
208
0
VERTEX
8
C-TOPO-MAJR
10
1311456.626603015
20
367284.29021659517
30
208
0
VERTEX
8
C-TOPO-MAJR
10
1311457.0291558316
20
367284.91271117755
30
208
0
VERTEX
8
C-TOPO-MAJR
10
1311457.4289051332
20
367285.59455029
30
208
0
VERTEX
8
C-TOPO-MAJR
10
1311457.8258509203
20
367286.3357339326
30
208
0
VERTEX
8
C-TOPO-MAJR
10
1311458.2199931922
20
367287.13626210525
30
208
0
VERTEX
8
C-TOPO-MAJR
10
1311458.6113319497
20
367287.99613480805
30
208
0
VERTEX
8
C-TOPO-MAJR
10
1311458.9725409134
20
367289.0116311563
30
208
0
VERTEX
8
C-TOPO-MAJR
10
1311459.3036200833
20
367290.1827511503
30
208
0
VERTEX
8
C-TOPO-MAJR
10
1311459.6045694596
20
367291.5094947898
30
208
0
VERTEX
8
C-TOPO-MAJR
10
1311459.875389042
20
367292.99186207494
30
208
0
VERTEX
8
C-TOPO-MAJR
10
1311460.048281442
20
367294.47422936006
30
208
0
VERTEX
8
C-TOPO-MAJR
10
1311460.1232466595
20
367295.9565966452
30
208
0
VERTEX
8
C-TOPO-MAJR
10
1311460.1002846942
20
367297.43896393036
30
208
0
VERTEX
8
C-TOPO-MAJR
10
1311459.979395546
20
367298.92133121553
30
208
0
VERTEX
8
C-TOPO-MAJR
10
1311459.9209777706
20
367300.40369850065
30
208
0
VERTEX
8
C-TOPO-MAJR
10
1311459.9250313672
20
367301.8860657858
30
208
0
VERTEX
8
C-TOPO-MAJR
10
1311459.9915563364
20
367303.36843307095
30
208
0
VERTEX
8
C-TOPO-MAJR
10
1311460.1205526784
20
367304.8508003561
30
208
0
VERTEX
8
C-TOPO-MAJR
10
1311460.3144534985
20
367306.33316764125
30
208
0
VERTEX
8
C-TOPO-MAJR
10
1311460.5732587967
20
367307.81553492637
30
208
0
VERTEX
8
C-TOPO-MAJR
10
1311460.8969685733
20
367309.2979022115
30
208
0
VERTEX
8
C-TOPO-MAJR
10
1311461.2855828288
20
367310.78026949667
30
208
0
VERTEX
8
C-TOPO-MAJR
10
1311461.5275168188
20
367312.2626367818
30
208
0
VERTEX
8
C-TOPO-MAJR
10
1311461.622770544
20
367313.7450040669
30
208
0
VERTEX
8
C-TOPO-MAJR
10
1311461.571344004
20
367315.2273713521
30
208
0
VERTEX
8
C-TOPO-MAJR
10
1311461.3732371987
20
367316.70973863726
30
208
0
VERTEX
8
C-TOPO-MAJR
10
1311461.0832268388
20
367318.1921059224
30
208
0
VERTEX
8
C-TOPO-MAJR
10
1311460.7013129243
20
367319.6744732075
30
208
0
VERTEX
8
C-TOPO-MAJR
10
1311460.2274954547
20
367321.1568404926
30
208
0
VERTEX
8
C-TOPO-MAJR
10
1311459.6617744302
20
367322.6392077778
30
208
0
VERTEX
8
C-TOPO-MAJR
10
1311459.2346518023
20
367324.121575063
30
208
0
VERTEX
8
C-TOPO-MAJR
10
1311458.9461275707
20
367325.6039423481
30
208
0
VERTEX
8
C-TOPO-MAJR
10
1311458.7962017357
20
367327.0863096332
30
208
0
VERTEX
8
C-TOPO-MAJR
10
1311458.7848742967
20
367328.56867691834
30
208
0
VERTEX
8
C-TOPO-MAJR
10
1311458.9152944786
20
367330.05104420346
30
208
0
VERTEX
8
C-TOPO-MAJR
10
1311459.1874622814
20
367331.53341148875
30
208
0
VERTEX
8
C-TOPO-MAJR
10
1311459.601377705
20
367333.0157787739
30
208
0
VERTEX
8
C-TOPO-MAJR
10
1311460.1570407497
20
367334.498146059
30
208
0
VERTEX
8
C-TOPO-MAJR
10
1311460.6714748251
20
367335.9805133441
30
208
0
VERTEX
8
C-TOPO-MAJR
10
1311461.144679932
20
367337.46288062923
30
208
0
VERTEX
8
C-TOPO-MAJR
10
1311461.5766560694
20
367338.9452479144
30
208
0
VERTEX
8
C-TOPO-MAJR
10
1311461.967403238
20
367340.4276151996
30
208
0
VERTEX
8
C-TOPO-MAJR
10
1311462.3210006042
20
367341.863825322
30
208
0
VERTEX
8
C-TOPO-MAJR
10
1311462.6374481681
20
367343.2538782817
30
208
0
VERTEX
8
C-TOPO-MAJR
10
1311462.9167459295
20
367344.5977740786
30
208
0
VERTEX
8
C-TOPO-MAJR
10
1311463.1588938886
20
367345.8955127129
30
208
0
VERTEX
8
C-TOPO-MAJR
10
1311463.347836706
20
367346.9149738513
30
208
0
VERTEX
8
C-TOPO-MAJR
10
1311463.4835743818
20
367347.65615749377
30
208
0
VERTEX
8
C-TOPO-MAJR
10
1311463.5661069162
20
367348.11906364054
30
208
0
VERTEX
8
C-TOPO-MAJR
10
1311463.5954343092
20
367348.3036922915
30
208
0
VERTEX
8
C-TOPO-MAJR
10
1311463.6100980055
20
367348.57080961426
30
208
0
VERTEX
8
C-TOPO-MAJR
10
1311463.6100980055
20
367348.92041560897
30
208
0
VERTEX
8
C-TOPO-MAJR
10
1311463.5954343092
20
367349.35251027555
30
208
0
VERTEX
8
C-TOPO-MAJR
10
1311463.5661069162
20
367349.86709361395
30
208
0
VERTEX
8
C-TOPO-MAJR
10
1311463.5264026732
20
367350.4949771045
30
208
0
VERTEX
8
C-TOPO-MAJR
10
1311463.4763215797
20
367351.2361607471
30
208
0
VERTEX
8
C-TOPO-MAJR
10
1311463.415863636
20
367352.0906445417
30
208
0
VERTEX
8
C-TOPO-MAJR
10
1311463.3450288414
20
367353.0584284884
30
208
0
VERTEX
8
C-TOPO-MAJR
10
1311463.1962057904
20
367354.15485826967
30
208
0
VERTEX
8
C-TOPO-MAJR
10
1311462.9693944824
20
367355.3799338856
30
208
0
VERTEX
8
C-TOPO-MAJR
10
1311462.6645949176
20
367356.73365533614
30
208
0
VERTEX
8
C-TOPO-MAJR
10
1311462.281807096
20
367358.2160226213
30
208
0
VERTEX
8
C-TOPO-MAJR
10
1311461.9323236276
20
367359.6983899065
30
208
0
VERTEX
8
C-TOPO-MAJR
10
1311461.6161445123
20
367361.1807571916
30
208
0
VERTEX
8
C-TOPO-MAJR
10
1311461.3332697502
20
367362.66312447673
30
208
0
VERTEX
8
C-TOPO-MAJR
10
1311461.0836993414
20
367364.1454917619
30
208
0
VERTEX
8
C-TOPO-MAJR
10
1311460.896521535
20
367365.25726722577
30
208
0
VERTEX
8
C-TOPO-MAJR
10
1311460.7717363308
20
367365.9984508683
30
208
0
VERTEX
8
C-TOPO-MAJR
10
1311460.7093437286
20
367366.3690426896
30
208
0
SEQEND
0
POLYLINE
8
C-TOPO-MAJR
66
1
70
0
0
VERTEX
8
C-TOPO-MAJR
10
1311487.0786389099
20
367324.4543052434
30
210
0
VERTEX
8
C-TOPO-MAJR
10
1311487.0735431095
20
367324.47983358474
30
210
0
VERTEX
8
C-TOPO-MAJR
10
1311487.0633515087
20
367324.5308902675
30
210
0
VERTEX
8
C-TOPO-MAJR
10
1311487.0480641078
20
367324.60747529165
30
210
0
VERTEX
8
C-TOPO-MAJR
10
1311487.0276809065
20
367324.70958865725
30
210
0
VERTEX
8
C-TOPO-MAJR
10
1311487.0105327282
20
367325.1567655027
30
210
0
VERTEX
8
C-TOPO-MAJR
10
1311486.9966195733
20
367325.949005828
30
210
0
VERTEX
8
C-TOPO-MAJR
10
1311486.9859414415
20
367327.0863096332
30
210
0
VERTEX
8
C-TOPO-MAJR
10
1311486.9784983324
20
367328.56867691834
30
210
0
VERTEX
8
C-TOPO-MAJR
10
1311486.9626989719
20
367330.05104420346
30
210
0
VERTEX
8
C-TOPO-MAJR
10
1311486.9385433595
20
367331.53341148875
30
210
0
VERTEX
8
C-TOPO-MAJR
10
1311486.906031495
20
367333.0157787739
30
210
0
VERTEX
8
C-TOPO-MAJR
10
1311486.8651633789
20
367334.498146059
30
210
0
VERTEX
8
C-TOPO-MAJR
10
1311486.7531648772
20
367335.9805133441
30
210
0
VERTEX
8
C-TOPO-MAJR
10
1311486.5700359908
20
367337.46288062923
30
210
0
VERTEX
8
C-TOPO-MAJR
10
1311486.315776719
20
367338.9452479144
30
210
0
VERTEX
8
C-TOPO-MAJR
10
1311485.990387062
20
367340.4276151996
30
210
0
VERTEX
8
C-TOPO-MAJR
10
1311485.795517223
20
367341.9099824847
30
210
0
VERTEX
8
C-TOPO-MAJR
10
1311485.7311672012
20
367343.3923497698
30
210
0
VERTEX
8
C-TOPO-MAJR
10
1311485.797336997
20
367344.874717055
30
210
0
VERTEX
8
C-TOPO-MAJR
10
1311485.9940266106
20
367346.3570843401
30
210
0
VERTEX
8
C-TOPO-MAJR
10
1311486.190892438
20
367347.8313141322
30
210
0
VERTEX
8
C-TOPO-MAJR
10
1311486.3879344799
20
367349.2974064312
30
210
0
VERTEX
8
C-TOPO-MAJR
10
1311486.5851527355
20
367350.7553612371
30
210
0
VERTEX
8
C-TOPO-MAJR
10
1311486.7825472052
20
367352.20517854986
30
210
0
VERTEX
8
C-TOPO-MAJR
10
1311486.9305930575
20
367353.2925415345
30
210
0
VERTEX
8
C-TOPO-MAJR
10
1311487.0292902924
20
367354.01745019096
30
210
0
VERTEX
8
C-TOPO-MAJR
10
1311487.0786389099
20
367354.3799045192
30
210
0
SEQEND
0
POLYLINE
8
C-TOPO-MAJR
66
1
70
0
0
VERTEX
8
C-TOPO-MAJR
10
1311291.0325842842
20
367247.0782476312
30
206
0
VERTEX
8
C-TOPO-MAJR
10
1311290.6810900597
20
367247.4468756001
30
206
0
VERTEX
8
C-TOPO-MAJR
10
1311289.9781016104
20
367248.18413153786
30
206
0
VERTEX
8
C-TOPO-MAJR
10
1311288.923618937
20
367249.2900154445
30
206
0
VERTEX
8
C-TOPO-MAJR
10
1311287.5176420389
20
367250.7645273201
30
206
0
VERTEX
8
C-TOPO-MAJR
10
1311286.6970534073
20
367252.2390391957
30
206
0
VERTEX
8
C-TOPO-MAJR
10
1311286.461853043
20
367253.71355107124
30
206
0
VERTEX
8
C-TOPO-MAJR
10
1311286.8120409453
20
367255.18806294684
30
206
0
VERTEX
8
C-TOPO-MAJR
10
1311287.7476171143
20
367256.66257482243
30
206
0
VERTEX
8
C-TOPO-MAJR
10
1311288.5051921622
20
367258.13708669797
30
206
0
VERTEX
8
C-TOPO-MAJR
10
1311289.0847660888
20
367259.6115985735
30
206
0
VERTEX
8
C-TOPO-MAJR
10
1311289.4863388939
20
367261.08611044905
30
206
0
VERTEX
8
C-TOPO-MAJR
10
1311289.7099105776
20
367262.56062232464
30
206
0
VERTEX
8
C-TOPO-MAJR
10
1311289.9006358376
20
367264.03513420024
30
206
0
VERTEX
8
C-TOPO-MAJR
10
1311290.0585146735
20
367265.5096460758
30
206
0
VERTEX
8
C-TOPO-MAJR
10
1311290.1835470858
20
367266.9841579514
30
206
0
VERTEX
8
C-TOPO-MAJR
10
1311290.2757330744
20
367268.45866982697
30
206
0
VERTEX
8
C-TOPO-MAJR
10
1311290.3533553644
20
367269.9331817025
30
206
0
VERTEX
8
C-TOPO-MAJR
10
1311290.4164139559
20
367271.40769357805
30
206
0
VERTEX
8
C-TOPO-MAJR
10
1311290.464908849
20
367272.8822054536
30
206
0
VERTEX
8
C-TOPO-MAJR
10
1311290.4988400433
20
367274.3567173292
30
206
0
VERTEX
8
C-TOPO-MAJR
10
1311290.524063057
20
367275.8312292048
30
206
0
VERTEX
8
C-TOPO-MAJR
10
1311290.5405778897
20
367277.3057410803
30
206
0
VERTEX
8
C-TOPO-MAJR
10
1311290.5483845412
20
367278.7802529559
30
206
0
VERTEX
8
C-TOPO-MAJR
10
1311290.547483012
20
367280.2547648315
30
206
0
VERTEX
8
C-TOPO-MAJR
10
1311290.5746827237
20
367281.72927670705
30
206
0
VERTEX
8
C-TOPO-MAJR
10
1311290.629983677
20
367283.2037885826
30
206
0
VERTEX
8
C-TOPO-MAJR
10
1311290.7133858711
20
367284.6783004581
30
206
0
VERTEX
8
C-TOPO-MAJR
10
1311290.8248893064
20
367286.1528123337
30
206
0
VERTEX
8
C-TOPO-MAJR
10
1311290.925416321
20
367287.6273242093
30
206
0
VERTEX
8
C-TOPO-MAJR
10
1311291.014966915
20
367289.10183608485
30
206
0
VERTEX
8
C-TOPO-MAJR
10
1311291.093541088
20
367290.57634796045
30
206
0
VERTEX
8
C-TOPO-MAJR
10
1311291.1611388405
20
367292.05085983605
30
206
0
VERTEX
8
C-TOPO-MAJR
10
1311291.2126876216
20
367293.1669702849
30
206
0
VERTEX
8
C-TOPO-MAJR
10
1311291.2481874314
20
367293.92467930715
30
206
0
VERTEX
8
C-TOPO-MAJR
10
1311291.2676382696
20
367294.3239869027
30
206
0
VERTEX
8
C-TOPO-MAJR
10
1311291.2710401365
20
367294.3648930716
30
206
0
VERTEX
8
C-TOPO-MAJR
10
1311291.2735915366
20
367294.3955726982
30
206
0
VERTEX
8
C-TOPO-MAJR
10
1311291.27529247
20
367294.4160257827
30
206
0
VERTEX
8
C-TOPO-MAJR
10
1311291.2761429367
20
367294.42625232495
30
206
0
SEQEND
0
POLYLINE
8
C-PROP
66
1
70
0
0
VERTEX
8
C-PROP
10
1311081.9391110395
20
367204.951352968
30
0
0
VERTEX
8
C-PROP
10
1311081.2096520686
20
367205.681802484
30
0
0
VERTEX
8
C-PROP
10
1311080.8449225829
20
367206.404253527
30
0
0
VERTEX
8
C-PROP
10
1311080.8449225829
20
367207.1187060972
30
0
0
VERTEX
8
C-PROP
10
1311081.2096520686
20
367207.8251601945
30
0
0
VERTEX
8
C-PROP
10
1311081.9391110395
20
367208.52361581894
30
0
0
VERTEX
8
C-PROP
10
1311082.660549256
20
367208.87284363114
30
0
0
VERTEX
8
C-PROP
10
1311083.373966718
20
367208.87284363114
30
0
0
VERTEX
8
C-PROP
10
1311084.0793634253
20
367208.52361581894
30
0
0
VERTEX
8
C-PROP
10
1311084.7767393775
20
367207.8251601944
30
0
0
VERTEX
8
C-PROP
10
1311085.125427354
20
367207.1187060971
30
0
0
VERTEX
8
C-PROP
10
1311085.125427354
20
367206.404253527
30
0
0
VERTEX
8
C-PROP
10
1311084.7767393775
20
367205.681802484
30
0
0
VERTEX
8
C-PROP
10
1311084.0793634253
20
367204.951352968
30
0
0
VERTEX
8
C-PROP
10
1311083.373966718
20
367204.58612821007
30
0
0
VERTEX
8
C-PROP
10
1311082.660549256
20
367204.58612821007
30
0
0
VERTEX
8
C-PROP
10
1311081.9391110395
20
367204.951352968
30
0
0
SEQEND
0
POLYLINE
8
C-TOPO-MAJR
66
1
70
0
0
VERTEX
8
C-TOPO-MAJR
10
1310951.7554715453
20
367141.23856588284
30
196
0
VERTEX
8
C-TOPO-MAJR
10
1310951.753345527
20
367140.8661857074
30
196
0
VERTEX
8
C-TOPO-MAJR
10
1310951.7490934902
20
367140.12142535654
30
196
0
VERTEX
8
C-TOPO-MAJR
10
1310951.742715435
20
367139.00428483024
30
196
0
VERTEX
8
C-TOPO-MAJR
10
1310951.734211362
20
367137.5147641286
30
196
0
VERTEX
8
C-TOPO-MAJR
10
1310951.7192330956
20
367136.0252434269
30
196
0
VERTEX
8
C-TOPO-MAJR
10
1310951.6977806368
20
367134.53572272515
30
196
0
VERTEX
8
C-TOPO-MAJR
10
1310951.669853985
20
367133.04620202346
30
196
0
VERTEX
8
C-TOPO-MAJR
10
1310951.6354531404
20
367131.55668132176
30
196
0
VERTEX
8
C-TOPO-MAJR
10
1310951.6123335937
20
367130.06716062006
30
196
0
VERTEX
8
C-TOPO-MAJR
10
1310951.6004953447
20
367128.57763991837
30
196
0
VERTEX
8
C-TOPO-MAJR
10
1310951.5999383936
20
367127.08811921667
30
196
0
VERTEX
8
C-TOPO-MAJR
10
1310951.6106627404
20
367125.598598515
30
196
0
VERTEX
8
C-TOPO-MAJR
10
1310951.6269448625
20
367124.1090778133
30
196
0
VERTEX
8
C-TOPO-MAJR
10
1310951.6487847602
20
367122.6195571115
30
196
0
VERTEX
8
C-TOPO-MAJR
10
1310951.6761824333
20
367121.1300364098
30
196
0
VERTEX
8
C-TOPO-MAJR
10
1310951.709137882
20
367119.64051570813
30
196
0
VERTEX
8
C-TOPO-MAJR
10
1310951.404082971
20
367118.15099500644
30
196
0
VERTEX
8
C-TOPO-MAJR
10
1310950.7610177002
20
367116.6614743046
30
196
0
VERTEX
8
C-TOPO-MAJR
10
1310949.7799420694
20
367115.1719536029
30
196
0
VERTEX
8
C-TOPO-MAJR
10
1310948.460856079
20
367113.68243290135
30
196
0
VERTEX
8
C-TOPO-MAJR
10
1310947.4366869975
20
367112.4167597757
30
196
0
VERTEX
8
C-TOPO-MAJR
10
1310946.7074348254
20
367111.3749342263
30
196
0
VERTEX
8
C-TOPO-MAJR
10
1310946.2730995624
20
367110.5569562529
30
196
0
VERTEX
8
C-TOPO-MAJR
10
1310946.1336812086
20
367109.9628258556
30
196
0
VERTEX
8
C-TOPO-MAJR
10
1310945.972830655
20
367109.29338048154
30
196
0
VERTEX
8
C-TOPO-MAJR
10
1310945.7905479022
20
367108.54862013063
30
196
0
VERTEX
8
C-TOPO-MAJR
10
1310945.5868329494
20
367107.728544803
30
196
0
VERTEX
8
C-TOPO-MAJR
10
1310945.361685797
20
367106.8331544986
30
196
0
VERTEX
8
C-TOPO-MAJR
10
1310944.876616347
20
367105.7892315948
30
196
0
VERTEX
8
C-TOPO-MAJR
10
1310944.1316245992
20
367104.5967760917
30
196
0
VERTEX
8
C-TOPO-MAJR
10
1310943.1267105532
20
367103.25578798936
30
196
0
VERTEX
8
C-TOPO-MAJR
10
1310941.861874209
20
367101.76626728766
30
196
0
VERTEX
8
C-TOPO-MAJR
10
1310940.919398983
20
367100.27674658597
30
196
0
VERTEX
8
C-TOPO-MAJR
10
1310940.2992848752
20
367098.7872258842
30
196
0
VERTEX
8
C-TOPO-MAJR
10
1310940.001531885
20
367097.2977051825
30
196
0
VERTEX
8
C-TOPO-MAJR
10
1310940.026140013
20
367095.8081844808
30
196
0
VERTEX
8
C-TOPO-MAJR
10
1310940.0383618374
20
367094.63157621387
30
196
0
VERTEX
8
C-TOPO-MAJR
10
1310940.0381973581
20
367093.7678803818
30
196
0
VERTEX
8
C-TOPO-MAJR
10
1310940.0256465755
20
367093.2170969844
30
196
0
VERTEX
8
C-TOPO-MAJR
10
1310940.0007094892
20
367092.9792260218
30
196
0
VERTEX
8
C-TOPO-MAJR
10
1310939.9820066744
20
367092.8008227999
30
196
0
VERTEX
8
C-TOPO-MAJR
10
1310939.9695381313
20
367092.6818873185
30
196
0
VERTEX
8
C-TOPO-MAJR
10
1310939.9633038596
20
367092.6224195779
30
196
0
SEQEND
0
POLYLINE
8
C-TOPO-MAJR
66
1
70
0
0
VERTEX
8
C-TOPO-MAJR
10
1310958.0893483076
20
367075.6996550078
30
198
0
VERTEX
8
C-TOPO-MAJR
10
1310958.1726802234
20
367076.0720351832
30
198
0
VERTEX
8
C-TOPO-MAJR
10
1310958.3393440552
20
367076.81679553405
30
198
0
VERTEX
8
C-TOPO-MAJR
10
1310958.5893398025
20
367077.93393606035
30
198
0
VERTEX
8
C-TOPO-MAJR
10
1310958.922667466
20
367079.4234567621
30
198
0
VERTEX
8
C-TOPO-MAJR
10
1310959.330325052
20
367080.9129774638
30
198
0
VERTEX
8
C-TOPO-MAJR
10
1310959.8123125602
20
367082.40249816555
30
198
0
VERTEX
8
C-TOPO-MAJR
10
1310960.368629991
20
367083.89201886725
30
198
0
VERTEX
8
C-TOPO-MAJR
10
1310960.9992773447
20
367085.3815395689
30
198
0
VERTEX
8
C-TOPO-MAJR
10
1310961.588703782
20
367086.7575681528
30
198
0
VERTEX
8
C-TOPO-MAJR
10
1310962.1369093035
20
367088.0201046189
30
198
0
VERTEX
8
C-TOPO-MAJR
10
1310962.643893909
20
367089.16914896725
30
198
0
VERTEX
8
C-TOPO-MAJR
10
1310963.1096575982
20
367090.20470119786
30
198
0
VERTEX
8
C-TOPO-MAJR
10
1310963.4813365529
20
367091.0948574885
30
198
0
VERTEX
8
C-TOPO-MAJR
10
1310963.7589307728
20
367091.83961783943
30
198
0
VERTEX
8
C-TOPO-MAJR
10
1310963.9424402579
20
367092.4389822504
30
198
0
VERTEX
8
C-TOPO-MAJR
10
1310964.0318650084
20
367092.89295072155
30
198
0
VERTEX
8
C-TOPO-MAJR
10
1310964.1812713896
20
367093.6058072503
30
198
0
VERTEX
8
C-TOPO-MAJR
10
1310964.3906594012
20
367094.57755183673
30
198
0
VERTEX
8
C-TOPO-MAJR
10
1310964.660029044
20
367095.8081844808
30
198
0
VERTEX
8
C-TOPO-MAJR
10
1310964.9893803173
20
367097.2977051825
30
198
0
VERTEX
8
C-TOPO-MAJR
10
1310965.50427788
20
367098.776486946
30
198
0
VERTEX
8
C-TOPO-MAJR
10
1310966.204721732
20
367100.24452977115
30
198
0
VERTEX
8
C-TOPO-MAJR
10
1310967.0907118735
20
367101.7018336581
30
198
0
VERTEX
8
C-TOPO-MAJR
10
1310968.1622483043
20
367103.14839860675
30
198
0
VERTEX
8
C-TOPO-MAJR
10
1310968.9705837343
20
367104.24406125647
30
198
0
VERTEX
8
C-TOPO-MAJR
10
1310969.515718164
20
367104.9888216074
30
198
0
VERTEX
8
C-TOPO-MAJR
10
1310969.7976515926
20
367105.3826796593
30
198
0
VERTEX
8
C-TOPO-MAJR
10
1310969.816384021
20
367105.42563541234
30
198
0
VERTEX
8
C-TOPO-MAJR
10
1310969.8501242762
20
367105.83023240254
30
198
0
VERTEX
8
C-TOPO-MAJR
10
1310969.8988723587
20
367106.5964706299
30
198
0
VERTEX
8
C-TOPO-MAJR
10
1310969.9626282686
20
367107.72435009445
30
198
0
VERTEX
8
C-TOPO-MAJR
10
1310970.041392006
20
367109.21387079614
30
198
0
VERTEX
8
C-TOPO-MAJR
10
1310970.4486688813
20
367110.67504208337
30
198
0
VERTEX
8
C-TOPO-MAJR
10
1310971.1844588947
20
367112.10786395625
30
198
0
VERTEX
8
C-TOPO-MAJR
10
1310972.2487620458
20
367113.51233641454
30
198
0
VERTEX
8
C-TOPO-MAJR
10
1310973.6415783348
20
367114.88845945825
30
198
0
VERTEX
8
C-TOPO-MAJR
10
1310974.691668069
20
367115.9489011556
30
198
0
VERTEX
8
C-TOPO-MAJR
10
1310975.399031248
20
367116.6936615065
30
198
0
VERTEX
8
C-TOPO-MAJR
10
1310975.7636678717
20
367117.12274051085
30
198
0
VERTEX
8
C-TOPO-MAJR
10
1310975.7855779408
20
367117.2361381687
30
198
0
VERTEX
8
C-TOPO-MAJR
10
1310975.796532975
20
367117.51224703115
30
198
0
VERTEX
8
C-TOPO-MAJR
10
1310975.796532975
20
367117.95106709807
30
198
0
VERTEX
8
C-TOPO-MAJR
10
1310975.7855779408
20
367118.55259836954
30
198
0
VERTEX
8
C-TOPO-MAJR
10
1310975.7636678717
20
367119.31684084557
30
198
0
VERTEX
8
C-TOPO-MAJR
10
1310975.7049206719
20
367120.07134225895
30
198
0
VERTEX
8
C-TOPO-MAJR
10
1310975.6093363413
20
367120.81610260985
30
198
0
VERTEX
8
C-TOPO-MAJR
10
1310975.4769148792
20
367121.5511218981
30
198
0
VERTEX
8
C-TOPO-MAJR
10
1310975.3076562863
20
367122.27640012384
30
198
0
VERTEX
8
C-TOPO-MAJR
10
1310974.852338384
20
367123.1927389686
30
198
0
VERTEX
8
C-TOPO-MAJR
10
1310974.110961172
20
367124.3001384323
30
198
0
VERTEX
8
C-TOPO-MAJR
10
1310973.083524651
20
367125.598598515
30
198
0
VERTEX
8
C-TOPO-MAJR
10
1310971.7700288203
20
367127.08811921667
30
198
0
VERTEX
8
C-TOPO-MAJR
10
1310970.818779881
20
367128.57763991837
30
198
0
VERTEX
8
C-TOPO-MAJR
10
1310970.229777833
20
367130.06716062006
30
198
0
VERTEX
8
C-TOPO-MAJR
10
1310970.0030226763
20
367131.55668132176
30
198
0
VERTEX
8
C-TOPO-MAJR
10
1310970.1385144112
20
367133.04620202346
30
198
0
VERTEX
8
C-TOPO-MAJR
10
1310970.2303351746
20
367134.53572272515
30
198
0
VERTEX
8
C-TOPO-MAJR
10
1310970.2784849666
20
367136.0252434269
30
198
0
VERTEX
8
C-TOPO-MAJR
10
1310970.282963788
20
367137.5147641286
30
198
0
VERTEX
8
C-TOPO-MAJR
10
1310970.243771638
20
367139.00428483024
30
198
0
VERTEX
8
C-TOPO-MAJR
10
1310970.2063511957
20
367140.49380553194
30
198
0
VERTEX
8
C-TOPO-MAJR
10
1310970.170702461
20
367141.9833262337
30
198
0
VERTEX
8
C-TOPO-MAJR
10
1310970.136825434
20
367143.4728469354
30
198
0
VERTEX
8
C-TOPO-MAJR
10
1310970.1047201143
20
367144.9623676371
30
198
0
VERTEX
8
C-TOPO-MAJR
10
1310970.0806411249
20
367146.0795081634
30
198
0
VERTEX
8
C-TOPO-MAJR
10
1310970.0645884653
20
367146.8242685142
30
198
0
VERTEX
8
C-TOPO-MAJR
10
1310970.0565621352
20
367147.1966486896
30
198
0
SEQEND
0
POLYLINE
8
C-TOPO-MAJR
66
1
70
0
0
VERTEX
8
C-TOPO-MAJR
10
1311026.9223118513
20
367099.53198623506
30
200
0
VERTEX
8
C-TOPO-MAJR
10
1311026.8274085121
20
367099.90436641045
30
200
0
VERTEX
8
C-TOPO-MAJR
10
1311026.6376018338
20
367100.64912676136
30
200
0
VERTEX
8
C-TOPO-MAJR
10
1311026.352891816
20
367101.7662672876
30
200
0
VERTEX
8
C-TOPO-MAJR
10
1311025.973278459
20
367103.2557879893
30
200
0
VERTEX
8
C-TOPO-MAJR
10
1311025.627680815
20
367104.745308691
30
200
0
VERTEX
8
C-TOPO-MAJR
10
1311025.3160988842
20
367106.23482939275
30
200
0
VERTEX
8
C-TOPO-MAJR
10
1311025.0385326664
20
367107.72435009445
30
200
0
VERTEX
8
C-TOPO-MAJR
10
1311024.7949821614
20
367109.21387079614
30
200
0
VERTEX
8
C-TOPO-MAJR
10
1311024.5773296733
20
367110.70339149784
30
200
0
VERTEX
8
C-TOPO-MAJR
10
1311024.3855752023
20
367112.19291219953
30
200
0
VERTEX
8
C-TOPO-MAJR
10
1311024.2197187478
20
367113.68243290123
30
200
0
VERTEX
8
C-TOPO-MAJR
10
1311024.07976031
20
367115.1719536029
30
200
0
VERTEX
8
C-TOPO-MAJR
10
1311023.9467276481
20
367116.5627203108
30
200
0
VERTEX
8
C-TOPO-MAJR
10
1311023.820620762
20
367117.85473302484
30
200
0
VERTEX
8
C-TOPO-MAJR
10
1311023.7014396514
20
367119.04799174494
30
200
0
VERTEX
8
C-TOPO-MAJR
10
1311023.5891843166
20
367120.14249647124
30
200
0
VERTEX
8
C-TOPO-MAJR
10
1311023.491157392
20
367121.06212900975
30
200
0
VERTEX
8
C-TOPO-MAJR
10
1311023.4073588778
20
367121.80688936065
30
200
0
VERTEX
8
C-TOPO-MAJR
10
1311023.337788774
20
367122.3767775238
30
200
0
VERTEX
8
C-TOPO-MAJR
10
1311023.2824470804
20
367122.77179349924
30
200
0
VERTEX
8
C-TOPO-MAJR
10
1311023.2001285995
20
367123.4404356563
30
200
0
VERTEX
8
C-TOPO-MAJR
10
1311023.0908333317
20
367124.38270399475
30
200
0
VERTEX
8
C-TOPO-MAJR
10
1311022.9545612764
20
367125.5985985149
30
200
0
VERTEX
8
C-TOPO-MAJR
10
1311022.791312434
20
367127.0881192166
30
200
0
VERTEX
8
C-TOPO-MAJR
10
1311022.5657896495
20
367128.5776399183
30
200
0
VERTEX
8
C-TOPO-MAJR
10
1311022.2779929226
20
367130.06716062006
30
200
0
VERTEX
8
C-TOPO-MAJR
10
1311021.9279222537
20
367131.55668132176
30
200
0
VERTEX
8
C-TOPO-MAJR
10
1311021.515577643
20
367133.04620202346
30
200
0
VERTEX
8
C-TOPO-MAJR
10
1311020.9914748578
20
367134.44576515286
30
200
0
VERTEX
8
C-TOPO-MAJR
10
1311020.3556138983
20
367135.75537071
30
200
0
VERTEX
8
C-TOPO-MAJR
10
1311019.607994765
20
367136.9750186948
30
200
0
VERTEX
8
C-TOPO-MAJR
10
1311018.7486174575
20
367138.10470910737
30
200
0
VERTEX
8
C-TOPO-MAJR
10
1311018.0410665162
20
367139.04193448904
30
200
0
VERTEX
8
C-TOPO-MAJR
10
1311017.485341941
20
367139.78669483995
30
200
0
VERTEX
8
C-TOPO-MAJR
10
1311017.081443732
20
367140.3389901599
30
200
0
VERTEX
8
C-TOPO-MAJR
10
1311016.8293718891
20
367140.69882044906
30
200
0
VERTEX
8
C-TOPO-MAJR
10
1311016.454225906
20
367141.3410733414
30
200
0
VERTEX
8
C-TOPO-MAJR
10
1311015.9560057828
20
367142.2657488368
30
200
0
VERTEX
8
C-TOPO-MAJR
10
1311015.3347115193
20
367143.4728469354
30
200
0
VERTEX
8
C-TOPO-MAJR
10
1311014.5903431156
20
367144.962367637
30
200
0
VERTEX
8
C-TOPO-MAJR
10
1311013.9085987608
20
367146.4472481593
30
200
0
VERTEX
8
C-TOPO-MAJR
10
1311013.289478455
20
367147.9274885021
30
200
0
VERTEX
8
C-TOPO-MAJR
10
1311012.732982198
20
367149.40308866557
30
200
0
VERTEX
8
C-TOPO-MAJR
10
1311012.23910999
20
367150.87404864957
30
200
0
VERTEX
8
C-TOPO-MAJR
10
1311011.8666414828
20
367151.981908817
30
200
0
VERTEX
8
C-TOPO-MAJR
10
1311011.6155766766
20
367152.7266691679
30
200
0
VERTEX
8
C-TOPO-MAJR
10
1311011.4859155715
20
367153.10832970217
30
200
0
VERTEX
8
C-TOPO-MAJR
10
1311011.477658167
20
367153.12689041987
30
200
0
VERTEX
8
C-TOPO-MAJR
10
1311011.3129827378
20
367153.5131911336
30
200
0
VERTEX
8
C-TOPO-MAJR
10
1311010.9918892833
20
367154.2672318433
30
200
0
VERTEX
8
C-TOPO-MAJR
10
1311010.5143778038
20
367155.38901254896
30
200
0
VERTEX
8
C-TOPO-MAJR
10
1311009.8804482995
20
367156.87853325077
30
200
0
VERTEX
8
C-TOPO-MAJR
10
1311009.405001171
20
367157.995673777
30
200
0
VERTEX
8
C-TOPO-MAJR
10
1311009.088036419
20
367158.74043412786
30
200
0
VERTEX
8
C-TOPO-MAJR
10
1311008.9295540426
20
367159.11281430325
30
200
0
SEQEND
0
POLYLINE
8
C-TOPO-MAJR
66
1
70
0
0
VERTEX
8
C-TOPO-MAJR
10
1311074.9251166012
20
367117.40623465553
30
202
0
VERTEX
8
C-TOPO-MAJR
10
1311074.928293123
20
367117.7786148309
30
202
0
VERTEX
8
C-TOPO-MAJR
10
1311074.9346461662
20
367118.52337518183
30
202
0
VERTEX
8
C-TOPO-MAJR
10
1311074.9441757312
20
367119.64051570813
30
202
0
VERTEX
8
C-TOPO-MAJR
10
1311074.956881818
20
367121.1300364098
30
202
0
VERTEX
8
C-TOPO-MAJR
10
1311074.94654462
20
367122.6195571115
30
202
0
VERTEX
8
C-TOPO-MAJR
10
1311074.9131641379
20
367124.1090778133
30
202
0
VERTEX
8
C-TOPO-MAJR
10
1311074.856740371
20
367125.598598515
30
202
0
VERTEX
8
C-TOPO-MAJR
10
1311074.77727332
20
367127.08811921667
30
202
0
VERTEX
8
C-TOPO-MAJR
10
1311074.86854659
20
367128.31892430026
30
202
0
VERTEX
8
C-TOPO-MAJR
10
1311075.1305601813
20
367129.29101376573
30
202
0
VERTEX
8
C-TOPO-MAJR
10
1311075.5633140937
20
367130.00438761304
30
202
0
VERTEX
8
C-TOPO-MAJR
10
1311076.1668083277
20
367130.4590458422
30
202
0
VERTEX
8
C-TOPO-MAJR
10
1311076.8041661913
20
367131.05875513214
30
202
0
VERTEX
8
C-TOPO-MAJR
10
1311077.475387685
20
367131.80351548304
30
202
0
VERTEX
8
C-TOPO-MAJR
10
1311078.1804728084
20
367132.6933268948
30
202
0
VERTEX
8
C-TOPO-MAJR
10
1311078.9194215618
20
367133.7281893672
30
202
0
VERTEX
8
C-TOPO-MAJR
10
1311079.4508600202
20
367134.87671639706
30
202
0
VERTEX
8
C-TOPO-MAJR
10
1311079.7747881836
20
367136.13890798425
30
202
0
VERTEX
8
C-TOPO-MAJR
10
1311079.8912060522
20
367137.5147641286
30
202
0
VERTEX
8
C-TOPO-MAJR
10
1311079.8001136254
20
367139.00428483024
30
202
0
VERTEX
8
C-TOPO-MAJR
10
1311079.717968794
20
367140.49380553194
30
202
0
VERTEX
8
C-TOPO-MAJR
10
1311079.6447715578
20
367141.9833262337
30
202
0
VERTEX
8
C-TOPO-MAJR
10
1311079.580521917
20
367143.4728469354
30
202
0
VERTEX
8
C-TOPO-MAJR
10
1311079.5252198712
20
367144.9623676371
30
202
0
VERTEX
8
C-TOPO-MAJR
10
1311079.7081828802
20
367146.2862035524
30
202
0
VERTEX
8
C-TOPO-MAJR
10
1311080.1294109442
20
367147.4443546812
30
202
0
VERTEX
8
C-TOPO-MAJR
10
1311080.7889040627
20
367148.4368210236
30
202
0
VERTEX
8
C-TOPO-MAJR
10
1311081.6866622362
20
367149.2636025795
30
202
0
VERTEX
8
C-TOPO-MAJR
10
1311082.4735270017
20
367150.0493735329
30
202
0
VERTEX
8
C-TOPO-MAJR
10
1311083.1494983588
20
367150.7941338838
30
202
0
VERTEX
8
C-TOPO-MAJR
10
1311083.714576308
20
367151.4978836321
30
202
0
VERTEX
8
C-TOPO-MAJR
10
1311084.168760849
20
367152.1606227779
30
202
0
VERTEX
8
C-TOPO-MAJR
10
1311084.4979602143
20
367153.0300573126
30
202
0
VERTEX
8
C-TOPO-MAJR
10
1311084.702174404
20
367154.10618723626
30
202
0
VERTEX
8
C-TOPO-MAJR
10
1311084.781403418
20
367155.38901254896
30
202
0
VERTEX
8
C-TOPO-MAJR
10
1311084.735647256
20
367156.87853325077
30
202
0
VERTEX
8
C-TOPO-MAJR
10
1311084.9718011536
20
367158.2966928752
30
202
0
VERTEX
8
C-TOPO-MAJR
10
1311085.4898651103
20
367159.6434914224
30
202
0
VERTEX
8
C-TOPO-MAJR
10
1311086.2898391264
20
367160.91892889247
30
202
0
VERTEX
8
C-TOPO-MAJR
10
1311087.3717232018
20
367162.12300528534
30
202
0
VERTEX
8
C-TOPO-MAJR
10
1311088.2327290291
20
367163.0974236572
30
202
0
VERTEX
8
C-TOPO-MAJR
10
1311088.8728566086
20
367163.842184008
30
202
0
VERTEX
8
C-TOPO-MAJR
10
1311089.29210594
20
367164.3572863379
30
202
0
VERTEX
8
C-TOPO-MAJR
10
1311089.490477023
20
367164.64273064677
30
202
0
VERTEX
8
C-TOPO-MAJR
10
1311089.6066786312
20
367165.22919405386
30
202
0
VERTEX
8
C-TOPO-MAJR
10
1311089.6407107639
20
367166.11667655915
30
202
0
VERTEX
8
C-TOPO-MAJR
10
1311089.5925734215
20
367167.30517816264
30
202
0
VERTEX
8
C-TOPO-MAJR
10
1311089.4622666035
20
367168.79469886434
30
202
0
VERTEX
8
C-TOPO-MAJR
10
1311089.3475204238
20
367170.05241791025
30
202
0
VERTEX
8
C-TOPO-MAJR
10
1311089.248334882
20
367171.0783353004
30
202
0
VERTEX
8
C-TOPO-MAJR
10
1311089.1647099785
20
367171.8724510347
30
202
0
VERTEX
8
C-TOPO-MAJR
10
1311089.096645713
20
367172.4347651132
30
202
0
VERTEX
8
C-TOPO-MAJR
10
1311088.8416597336
20
367173.0883023279
30
202
0
VERTEX
8
C-TOPO-MAJR
10
1311088.3997520402
20
367173.8330626788
30
202
0
VERTEX
8
C-TOPO-MAJR
10
1311087.7709226327
20
367174.66904616577
30
202
0
VERTEX
8
C-TOPO-MAJR
10
1311086.955171511
20
367175.59625278896
30
202
0
VERTEX
8
C-TOPO-MAJR
10
1311086.1747178368
20
367176.5052151893
30
202
0
VERTEX
8
C-TOPO-MAJR
10
1311085.4295616094
20
367177.39593336673
30
202
0
VERTEX
8
C-TOPO-MAJR
10
1311084.7197028291
20
367178.2684073214
30
202
0
VERTEX
8
C-TOPO-MAJR
10
1311084.0451414962
20
367179.12263705314
30
202
0
VERTEX
8
C-TOPO-MAJR
10
1311083.4319869087
20
367179.9221320945
30
202
0
VERTEX
8
C-TOPO-MAJR
10
1311082.8802390667
20
367180.6668924454
30
202
0
VERTEX
8
C-TOPO-MAJR
10
1311082.38989797
20
367181.35691810574
30
202
0
VERTEX
8
C-TOPO-MAJR
10
1311081.9609636187
20
367181.9922090757
30
202
0
VERTEX
8
C-TOPO-MAJR
10
1311081.3739183296
20
367182.5567339882
30
202
0
VERTEX
8
C-TOPO-MAJR
10
1311080.6287621022
20
367183.05049284315
30
202
0
VERTEX
8
C-TOPO-MAJR
10
1311079.725494937
20
367183.4734856408
30
202
0
VERTEX
8
C-TOPO-MAJR
10
1311078.6641168334
20
367183.82571238093
30
202
0
VERTEX
8
C-TOPO-MAJR
10
1311077.4955051423
20
367184.23368033906
30
202
0
VERTEX
8
C-TOPO-MAJR
10
1311076.2196598633
20
367184.6973895151
30
202
0
VERTEX
8
C-TOPO-MAJR
10
1311074.8365809964
20
367185.2168399091
30
202
0
VERTEX
8
C-TOPO-MAJR
10
1311073.346268542
20
367185.79203152104
30
202
0
VERTEX
8
C-TOPO-MAJR
10
1311072.2285342012
20
367186.22342523
30
202
0
VERTEX
8
C-TOPO-MAJR
10
1311071.4833779738
20
367186.51102103596
30
202
0
VERTEX
8
C-TOPO-MAJR
10
1311071.1107998602
20
367186.654818939
30
202
0
SEQEND
0
POLYLINE
8
C-TOPO-MAJR
66
1
70
0
0
VERTEX
8
C-TOPO-MAJR
10
1311037.066614586
20
367296.14871886006
30
204
0
VERTEX
8
C-TOPO-MAJR
10
1311037.1361129093
20
367296.5210990355
30
204
0
VERTEX
8
C-TOPO-MAJR
10
1311037.2751095563
20
367297.26585938636
30
204
0
VERTEX
8
C-TOPO-MAJR
10
1311037.4836045266
20
367298.38299991266
30
204
0
VERTEX
8
C-TOPO-MAJR
10
1311037.76159782
20
367299.87252061436
30
204
0
VERTEX
8
C-TOPO-MAJR
10
1311037.9874291401
20
367301.36204131605
30
204
0
VERTEX
8
C-TOPO-MAJR
10
1311038.1610984863
20
367302.85156201775
30
204
0
VERTEX
8
C-TOPO-MAJR
10
1311038.2826058592
20
367304.34108271945
30
204
0
VERTEX
8
C-TOPO-MAJR
10
1311038.3519512583
20
367305.83060342114
30
204
0
VERTEX
8
C-TOPO-MAJR
10
1311038.4039750032
20
367307.32012412284
30
204
0
VERTEX
8
C-TOPO-MAJR
10
1311038.4386770942
20
367308.8096448246
30
204
0
VERTEX
8
C-TOPO-MAJR
10
1311038.4560575308
20
367310.2991655263
30
204
0
VERTEX
8
C-TOPO-MAJR
10
1311038.456116313
20
367311.7886862279
30
204
0
VERTEX
8
C-TOPO-MAJR
10
1311038.449983384
20
367313.2782069296
30
204
0
VERTEX
8
C-TOPO-MAJR
10
1311038.4376587435
20
367314.7677276314
30
204
0
VERTEX
8
C-TOPO-MAJR
10
1311038.4191423913
20
367316.2572483331
30
204
0
VERTEX
8
C-TOPO-MAJR
10
1311038.3944343273
20
367317.74676903477
30
204
0
VERTEX
8
C-TOPO-MAJR
10
1311038.454865049
20
367319.23628973647
30
204
0
VERTEX
8
C-TOPO-MAJR
10
1311038.6004345564
20
367320.72581043816
30
204
0
VERTEX
8
C-TOPO-MAJR
10
1311038.8311428495
20
367322.21533113986
30
204
0
VERTEX
8
C-TOPO-MAJR
10
1311039.1469899283
20
367323.7048518416
30
204
0
VERTEX
8
C-TOPO-MAJR
10
1311039.4891121262
20
367325.17869155266
30
204
0
VERTEX
8
C-TOPO-MAJR
10
1311039.8575094435
20
367326.6368502729
30
204
0
VERTEX
8
C-TOPO-MAJR
10
1311040.2521818797
20
367328.0793280025
30
204
0
VERTEX
8
C-TOPO-MAJR
10
1311040.6731294356
20
367329.5061247416
30
204
0
VERTEX
8
C-TOPO-MAJR
10
1311040.9945830484
20
367330.59190328646
30
204
0
VERTEX
8
C-TOPO-MAJR
10
1311041.216542718
20
367331.3366636373
30
204
0
VERTEX
8
C-TOPO-MAJR
10
1311041.3390084452
20
367331.74040579406
30
204
0
VERTEX
8
C-TOPO-MAJR
10
1311041.3619802292
20
367331.8031297568
30
204
0
VERTEX
8
C-TOPO-MAJR
10
1311041.5436389446
20
367332.2225529043
30
204
0
VERTEX
8
C-TOPO-MAJR
10
1311041.8839845916
20
367332.9986752365
30
204
0
VERTEX
8
C-TOPO-MAJR
10
1311042.3830171698
20
367334.1314967535
30
204
0
VERTEX
8
C-TOPO-MAJR
10
1311043.0407366795
20
367335.62101745524
30
204
0
VERTEX
8
C-TOPO-MAJR
10
1311043.6912666038
20
367337.11053815694
30
204
0
VERTEX
8
C-TOPO-MAJR
10
1311044.3346069432
20
367338.6000588587
30
204
0
VERTEX
8
C-TOPO-MAJR
10
1311044.970757697
20
367340.0895795604
30
204
0
VERTEX
8
C-TOPO-MAJR
10
1311045.5997188657
20
367341.579100262
30
204
0
VERTEX
8
C-TOPO-MAJR
10
1311046.1166047403
20
367342.9263638435
30
204
0
VERTEX
8
C-TOPO-MAJR
10
1311046.5214153207
20
367344.13137030485
30
204
0
VERTEX
8
C-TOPO-MAJR
10
1311046.814150607
20
367345.1941196459
30
204
0
VERTEX
8
C-TOPO-MAJR
10
1311046.9948105991
20
367346.11461186677
30
204
0
VERTEX
8
C-TOPO-MAJR
10
1311047.1303055931
20
367346.80498103244
30
204
0
VERTEX
8
C-TOPO-MAJR
10
1311047.2206355892
20
367347.2652271429
30
204
0
VERTEX
8
C-TOPO-MAJR
10
1311047.2658005871
20
367347.4953501981
30
204
0
SEQEND
0
POLYLINE
8
C-TOPO-MAJR
66
1
70
0
0
VERTEX
8
C-TOPO-MAJR
10
1311151.1160510066
20
367153.1547314964
30
204
0
VERTEX
8
C-TOPO-MAJR
10
1311150.9592382873
20
367153.3517941476
30
204
0
VERTEX
8
C-TOPO-MAJR
10
1311150.6456128485
20
367153.74591944995
30
204
0
VERTEX
8
C-TOPO-MAJR
10
1311150.1751746903
20
367154.3371074035
30
204
0
VERTEX
8
C-TOPO-MAJR
10
1311149.5479238129
20
367155.1253580083
30
204
0
VERTEX
8
C-TOPO-MAJR
10
1311148.9146464572
20
367155.89186348615
30
204
0
VERTEX
8
C-TOPO-MAJR
10
1311148.2753426237
20
367156.63662383694
30
204
0
VERTEX
8
C-TOPO-MAJR
10
1311147.630012312
20
367157.35963906086
30
204
0
VERTEX
8
C-TOPO-MAJR
10
1311146.978655522
20
367158.06090915785
30
204
0
VERTEX
8
C-TOPO-MAJR
10
1311146.2803990135
20
367158.8088245685
30
204
0
VERTEX
8
C-TOPO-MAJR
10
1311145.5352427862
20
367159.603385293
30
204
0
VERTEX
8
C-TOPO-MAJR
10
1311144.7431868403
20
367160.4445913312
30
204
0
VERTEX
8
C-TOPO-MAJR
10
1311143.9042311755
20
367161.33244268305
30
204
0
VERTEX
8
C-TOPO-MAJR
10
1311143.0745702041
20
367162.14874853444
30
204
0
VERTEX
8
C-TOPO-MAJR
10
1311142.2542039258
20
367162.89350888535
30
204
0
VERTEX
8
C-TOPO-MAJR
10
1311141.443132341
20
367163.56672373565
30
204
0
VERTEX
8
C-TOPO-MAJR
10
1311140.641355449
20
367164.16839308536
30
204
0
VERTEX
8
C-TOPO-MAJR
10
1311139.8678888897
20
367164.75749477337
30
204
0
VERTEX
8
C-TOPO-MAJR
10
1311139.1227326624
20
367165.3340287995
30
204
0
VERTEX
8
C-TOPO-MAJR
10
1311138.4058867674
20
367165.8979951638
30
204
0
VERTEX
8
C-TOPO-MAJR
10
1311137.7173512043
20
367166.44939386635
30
204
0
VERTEX
8
C-TOPO-MAJR
10
1311136.8283714186
20
367167.07383233705
30
204
0
VERTEX
8
C-TOPO-MAJR
10
1311135.73894741
20
367167.7713105758
30
204
0
VERTEX
8
C-TOPO-MAJR
10
1311134.4490791783
20
367168.54182858265
30
204
0
VERTEX
8
C-TOPO-MAJR
10
1311132.958766724
20
367169.38538635755
30
204
0
VERTEX
8
C-TOPO-MAJR
10
1311131.7898298071
20
367170.04169574485
30
204
0
VERTEX
8
C-TOPO-MAJR
10
1311130.942268428
20
367170.5107567444
30
204
0
VERTEX
8
C-TOPO-MAJR
10
1311130.4160825866
20
367170.79256935633
30
204
0
VERTEX
8
C-TOPO-MAJR
10
1311130.2112722828
20
367170.8871335806
30
204
0
VERTEX
8
C-TOPO-MAJR
10
1311129.7362890174
20
367171.1471551974
30
204
0
VERTEX
8
C-TOPO-MAJR
10
1311128.99113279
20
367171.5726342068
30
204
0
VERTEX
8
C-TOPO-MAJR
10
1311127.975803601
20
367172.16357060877
30
204
0
VERTEX
8
C-TOPO-MAJR
10
1311126.69030145
20
367172.9199644034
30
204
0
VERTEX
8
C-TOPO-MAJR
10
1311125.4138536814
20
367173.6705414761
30
204
0
VERTEX
8
C-TOPO-MAJR
10
1311124.146460295
20
367174.41530182696
30
204
0
VERTEX
8
C-TOPO-MAJR
10
1311122.8881212906
20
367175.154245456
30
204
0
VERTEX
8
C-TOPO-MAJR
10
1311121.6388366688
20
367175.887372363
30
204
0
VERTEX
8
C-TOPO-MAJR
10
1311120.667159033
20
367176.80959771876
30
204
0
VERTEX
8
C-TOPO-MAJR
10
1311119.9730883837
20
367177.92092152324
30
204
0
VERTEX
8
C-TOPO-MAJR
10
1311119.5566247208
20
367179.22134377627
30
204
0
VERTEX
8
C-TOPO-MAJR
10
1311119.417768044
20
367180.71086447797
30
204
0
VERTEX
8
C-TOPO-MAJR
10
1311119.615561626
20
367182.20038517966
30
204
0
VERTEX
8
C-TOPO-MAJR
10
1311120.1500054663
20
367183.68990588136
30
204
0
VERTEX
8
C-TOPO-MAJR
10
1311121.021099565
20
367185.17942658305
30
204
0
VERTEX
8
C-TOPO-MAJR
10
1311122.2288439227
20
367186.66894728475
30
204
0
VERTEX
8
C-TOPO-MAJR
10
1311123.179751426
20
367187.8478244432
30
204
0
VERTEX
8
C-TOPO-MAJR
10
1311123.8738220753
20
367188.71605805843
30
204
0
VERTEX
8
C-TOPO-MAJR
10
1311124.3110558707
20
367189.2736481304
30
204
0
VERTEX
8
C-TOPO-MAJR
10
1311124.4914528122
20
367189.5205946591
30
204
0
VERTEX
8
C-TOPO-MAJR
10
1311124.9062404553
20
367190.0164480989
30
204
0
VERTEX
8
C-TOPO-MAJR
10
1311125.5554188008
20
367190.7612084498
30
204
0
VERTEX
8
C-TOPO-MAJR
10
1311126.438987848
20
367191.7548757117
30
204
0
VERTEX
8
C-TOPO-MAJR
10
1311127.5569475973
20
367192.9974498846
30
204
0
VERTEX
8
C-TOPO-MAJR
10
1311128.3697976354
20
367194.30176068976
30
204
0
VERTEX
8
C-TOPO-MAJR
10
1311128.8775379623
20
367195.6678081272
30
204
0
VERTEX
8
C-TOPO-MAJR
10
1311129.0801685776
20
367197.0955921967
30
204
0
VERTEX
8
C-TOPO-MAJR
10
1311128.9776894818
20
367198.5851128984
30
204
0
VERTEX
8
C-TOPO-MAJR
10
1311129.0195381101
20
367199.8937999751
30
204
0
VERTEX
8
C-TOPO-MAJR
10
1311129.2057144626
20
367201.0216534268
30
204
0
VERTEX
8
C-TOPO-MAJR
10
1311129.5362185393
20
367201.96867325343
30
204
0
VERTEX
8
C-TOPO-MAJR
10
1311130.0110503407
20
367202.73485945514
30
204
0
VERTEX
8
C-TOPO-MAJR
10
1311130.5349090274
20
367203.4903327314
30
204
0
VERTEX
8
C-TOPO-MAJR
10
1311131.1077945998
20
367204.2350930822
30
204
0
VERTEX
8
C-TOPO-MAJR
10
1311131.729707058
20
367204.96914050763
30
204
0
VERTEX
8
C-TOPO-MAJR
10
1311132.4006464018
20
367205.69247500773
30
204
0
VERTEX
8
C-TOPO-MAJR
10
1311133.1086941874
20
367206.50910537265
30
204
0
VERTEX
8
C-TOPO-MAJR
10
1311133.8538504147
20
367207.41903160245
30
204
0
VERTEX
8
C-TOPO-MAJR
10
1311134.6361150837
20
367208.4222536972
30
204
0
VERTEX
8
C-TOPO-MAJR
10
1311135.4554881945
20
367209.5187716567
30
204
0
VERTEX
8
C-TOPO-MAJR
10
1311136.19286986
20
367210.4394108119
30
204
0
VERTEX
8
C-TOPO-MAJR
10
1311136.8482600802
20
367211.1841711628
30
204
0
VERTEX
8
C-TOPO-MAJR
10
1311137.4216588552
20
367211.7530527093
30
204
0
VERTEX
8
C-TOPO-MAJR
10
1311137.9130661848
20
367212.14605545136
30
204
0
VERTEX
8
C-TOPO-MAJR
10
1311138.1587698497
20
367212.5587529689
30
204
0
VERTEX
8
C-TOPO-MAJR
10
1311138.1587698497
20
367212.991145262
30
204
0
VERTEX
8
C-TOPO-MAJR
10
1311137.9130661846
20
367213.4432323304
30
204
0
VERTEX
8
C-TOPO-MAJR
10
1311137.421658855
20
367213.9150141742
30
204
0
VERTEX
8
C-TOPO-MAJR
10
1311136.908594964
20
367214.1509050961
30
204
0
VERTEX
8
C-TOPO-MAJR
10
1311136.3738745125
20
367214.1509050961
30
204
0
VERTEX
8
C-TOPO-MAJR
10
1311135.8174974998
20
367213.9150141742
30
204
0
VERTEX
8
C-TOPO-MAJR
10
1311135.2394639258
20
367213.4432323304
30
204
0
VERTEX
8
C-TOPO-MAJR
10
1311134.5778690255
20
367212.9372547109
30
204
0
VERTEX
8
C-TOPO-MAJR
10
1311133.8327127981
20
367212.39708131563
30
204
0
VERTEX
8
C-TOPO-MAJR
10
1311133.0039952442
20
367211.82271214476
30
204
0
VERTEX
8
C-TOPO-MAJR
10
1311132.0917163633
20
367211.21414719813
30
204
0
VERTEX
8
C-TOPO-MAJR
10
1311131.034929089
20
367210.54486778716
30
204
0
VERTEX
8
C-TOPO-MAJR
10
1311129.8336334215
20
367209.81487391173
30
204
0
VERTEX
8
C-TOPO-MAJR
10
1311128.4878293602
20
367209.02416557184
30
204
0
VERTEX
8
C-TOPO-MAJR
10
1311126.9975169057
20
367208.1727427675
30
204
0
VERTEX
8
C-TOPO-MAJR
10
1311125.8617170271
20
367207.5267924265
30
204
0
VERTEX
8
C-TOPO-MAJR
10
1311125.0804297247
20
367207.0863145489
30
204
0
VERTEX
8
C-TOPO-MAJR
10
1311124.6536549984
20
367206.85130913474
30
204
0
VERTEX
8
C-TOPO-MAJR
10
1311124.5813928482
20
367206.821776184
30
204
0
VERTEX
8
C-TOPO-MAJR
10
1311124.1726836595
20
367206.68970388966
30
204
0
VERTEX
8
C-TOPO-MAJR
10
1311123.427527432
20
367206.4550922519
30
204
0
VERTEX
8
C-TOPO-MAJR
10
1311122.3459241665
20
367206.11794127047
30
204
0
VERTEX
8
C-TOPO-MAJR
10
1311120.927873862
20
367205.6782509455
30
204
0
VERTEX
8
C-TOPO-MAJR
10
1311119.4917580201
20
367205.2955232574
30
204
0
VERTEX
8
C-TOPO-MAJR
10
1311118.037576641
20
367204.96975820593
30
204
0
VERTEX
8
C-TOPO-MAJR
10
1311116.5653297238
20
367204.70095579134
30
204
0
VERTEX
8
C-TOPO-MAJR
10
1311115.0750172692
20
367204.4891160135
30
204
0
VERTEX
8
C-TOPO-MAJR
10
1311113.5847048145
20
367204.3413864733
30
204
0
VERTEX
8
C-TOPO-MAJR
10
1311112.0943923602
20
367204.2577671706
30
204
0
VERTEX
8
C-TOPO-MAJR
10
1311110.6040799057
20
367204.2382581056
30
204
0
VERTEX
8
C-TOPO-MAJR
10
1311109.113767451
20
367204.2828592783
30
204
0
VERTEX
8
C-TOPO-MAJR
10
1311107.7393138409
20
367204.4680423903
30
204
0
VERTEX
8
C-TOPO-MAJR
10
1311106.4807190748
20
367204.7938074417
30
204
0
VERTEX
8
C-TOPO-MAJR
10
1311105.3379831533
20
367205.26015443244
30
204
0
VERTEX
8
C-TOPO-MAJR
10
1311104.3111060755
20
367205.86708336254
30
204
0
VERTEX
8
C-TOPO-MAJR
10
1311103.4250894233
20
367206.3721722489
30
204
0
VERTEX
8
C-TOPO-MAJR
10
1311102.679933196
20
367206.7754210914
30
204
0
VERTEX
8
C-TOPO-MAJR
10
1311102.0756373936
20
367207.07682989014
30
204
0
VERTEX
8
C-TOPO-MAJR
10
1311101.6122020166
20
367207.27639864513
30
204
0
VERTEX
8
C-TOPO-MAJR
10
1311100.8920473703
20
367207.4898826167
30
204
0
VERTEX
8
C-TOPO-MAJR
10
1311099.9151734542
20
367207.71728180477
30
204
0
VERTEX
8
C-TOPO-MAJR
10
1311098.6815802692
20
367207.95859620953
30
204
0
VERTEX
8
C-TOPO-MAJR
10
1311097.1912678145
20
367208.21382583084
30
204
0
VERTEX
8
C-TOPO-MAJR
10
1311095.7009553602
20
367208.45488292794
30
204
0
VERTEX
8
C-TOPO-MAJR
10
1311094.2106429054
20
367208.6817675007
30
204
0
VERTEX
8
C-TOPO-MAJR
10
1311092.7203304511
20
367208.8944795494
30
204
0
VERTEX
8
C-TOPO-MAJR
10
1311091.2300179964
20
367209.0930190738
30
204
0
VERTEX
8
C-TOPO-MAJR
10
1311089.739705542
20
367209.3780159546
30
204
0
VERTEX
8
C-TOPO-MAJR
10
1311088.2493930873
20
367209.74947019154
30
204
0
VERTEX
8
C-TOPO-MAJR
10
1311086.7590806328
20
367210.20738178486
30
204
0
VERTEX
8
C-TOPO-MAJR
10
1311085.2687681783
20
367210.75175073446
30
204
0
VERTEX
8
C-TOPO-MAJR
10
1311083.9998161723
20
367211.2329809095
30
204
0
VERTEX
8
C-TOPO-MAJR
10
1311082.9522246146
20
367211.65107231
30
204
0
VERTEX
8
C-TOPO-MAJR
10
1311082.1259935056
20
367212.006024936
30
204
0
VERTEX
8
C-TOPO-MAJR
10
1311081.5211228454
20
367212.29783878743
30
204
0
VERTEX
8
C-TOPO-MAJR
10
1311080.8461094014
20
367212.6404848888
30
204
0
VERTEX
8
C-TOPO-MAJR
10
1311080.100953174
20
367213.0339632402
30
204
0
VERTEX
8
C-TOPO-MAJR
10
1311079.2856541635
20
367213.4782738415
30
204
0
VERTEX
8
C-TOPO-MAJR
10
1311078.4002123694
20
367213.97341669275
30
204
0
VERTEX
8
C-TOPO-MAJR
10
1311077.3635529103
20
367214.5777982361
30
204
0
VERTEX
8
C-TOPO-MAJR
10
1311076.1756757859
20
367215.2914184715
30
204
0
VERTEX
8
C-TOPO-MAJR
10
1311074.8365809964
20
367216.11427739897
30
204
0
VERTEX
8
C-TOPO-MAJR
10
1311073.3462685419
20
367217.0463750185
30
204
0
VERTEX
8
C-TOPO-MAJR
10
1311072.2088423516
20
367217.7610182909
30
204
0
VERTEX
8
C-TOPO-MAJR
10
1311071.424302426
20
367218.25820721604
30
204
0
VERTEX
8
C-TOPO-MAJR
10
1311070.9926487645
20
367218.53794179414
30
204
0
VERTEX
8
C-TOPO-MAJR
10
1311070.9138813675
20
367218.60022202507
30
204
0
VERTEX
8
C-TOPO-MAJR
10
1311070.5019195555
20
367218.9476950287
30
204
0
VERTEX
8
C-TOPO-MAJR
10
1311069.756763328
20
367219.58036080503
30
204
0
VERTEX
8
C-TOPO-MAJR
10
1311068.6784126856
20
367220.4982193542
30
204
0
VERTEX
8
C-TOPO-MAJR
10
1311067.2668676283
20
367221.70127067604
30
204
0
VERTEX
8
C-TOPO-MAJR
10
1311066.1228641304
20
367222.6751765124
30
204
0
VERTEX
8
C-TOPO-MAJR
10
1311065.2464021924
20
367223.41993686324
30
204
0
VERTEX
8
C-TOPO-MAJR
10
1311064.6374818143
20
367223.9355517286
30
204
0
VERTEX
8
C-TOPO-MAJR
10
1311064.296102996
20
367224.22202110844
30
204
0
VERTEX
8
C-TOPO-MAJR
10
1311063.7528354733
20
367224.67606831837
30
204
0
VERTEX
8
C-TOPO-MAJR
10
1311063.007679246
20
367225.29769335844
30
204
0
VERTEX
8
C-TOPO-MAJR
10
1311062.0606343143
20
367226.0868962285
30
204
0
VERTEX
8
C-TOPO-MAJR
10
1311060.9117006778
20
367227.04367692856
30
204
0
VERTEX
8
C-TOPO-MAJR
10
1311060.0500004508
20
367227.7612624537
30
204
0
VERTEX
8
C-TOPO-MAJR
10
1311059.4755336328
20
367228.23965280375
30
204
0
VERTEX
8
C-TOPO-MAJR
10
1311059.1883002238
20
367228.4788479788
30
204
0
SEQEND
0
POLYLINE
8
C-TOPO-MAJR
66
1
70
0
0
VERTEX
8
C-TOPO-MAJR
10
1310984.8435971097
20
367337.86990861327
30
204
0
VERTEX
8
C-TOPO-MAJR
10
1310981.254365459
20
367336.49983261543
30
204
0
VERTEX
8
C-TOPO-MAJR
10
1310966.185826029
20
367328.9106089404
30
204
0
VERTEX
8
C-TOPO-MAJR
10
1310958.790827701
20
367324.243295446
30
204
0
VERTEX
8
C-TOPO-MAJR
10
1310947.4512834502
20
367316.70558086154
30
204
0
VERTEX
8
C-TOPO-MAJR
10
1310936.7823415338
20
367311.1970617025
30
204
0
VERTEX
8
C-TOPO-MAJR
10
1310933.885365704
20
367311.7052627812
30
204
0
VERTEX
8
C-TOPO-MAJR
10
1310931.6386510364
20
367312.3807863628
30
204
0
VERTEX
8
C-TOPO-MAJR
10
1310931.2807121247
20
367312.5687781173
30
204
0
SEQEND
0
POLYLINE
8
C-TOPO-MAJR
66
1
70
0
0
VERTEX
8
C-TOPO-MAJR
10
1310983.795698948
20
367393.8012271985
30
204
0
VERTEX
8
C-TOPO-MAJR
10
1310979.5168361212
20
367392.77006128576
30
204
0
VERTEX
8
C-TOPO-MAJR
10
1310973.1490666962
20
367390.42098462215
30
204
0
VERTEX
8
C-TOPO-MAJR
10
1310968.506359446
20
367386.6978949367
30
204
0
VERTEX
8
C-TOPO-MAJR
10
1310971.6257757815
20
367381.1362262855
30
204
0
VERTEX
8
C-TOPO-MAJR
10
1310972.2812862776
20
367381.033864273
30
204
0
VERTEX
8
C-TOPO-MAJR
10
1310978.5837671077
20
367381.68182886473
30
204
0
VERTEX
8
C-TOPO-MAJR
10
1310985.7740414587
20
367385.4167295209
30
204
0
VERTEX
8
C-TOPO-MAJR
10
1310987.4984474452
20
367391.36192760954
30
204
0
VERTEX
8
C-TOPO-MAJR
10
1310983.795698948
20
367393.8012271985
30
204
0
SEQEND
0
POLYLINE
8
C-TOPO-MAJR
66
1
70
0
0
VERTEX
8
C-TOPO-MAJR
10
1311147.0565272775
20
367035.2530597761
30
208
0
VERTEX
8
C-TOPO-MAJR
10
1311167.1939542028
20
367046.2494288671
30
208
0
VERTEX
8
C-TOPO-MAJR
10
1311175.0171012857
20
367055.7572838611
30
208
0
VERTEX
8
C-TOPO-MAJR
10
1311178.9052168718
20
367063.1276759548
30
208
0
VERTEX
8
C-TOPO-MAJR
10
1311181.0308687761
20
367065.8563450197
30
208
0
VERTEX
8
C-TOPO-MAJR
10
1311186.569571609
20
367072.13750045456
30
208
0
VERTEX
8
C-TOPO-MAJR
10
1311190.6414138656
20
367075.24379344244
30
208
0
VERTEX
8
C-TOPO-MAJR
10
1311193.1748733649
20
367076.2365736124
30
208
0
VERTEX
8
C-TOPO-MAJR
10
1311196.6289347094
20
367076.62600852747
30
208
0
SEQEND
0
POLYLINE
8
C-TOPO-MAJR
66
1
70
0
0
VERTEX
8
C-TOPO-MAJR
10
1311198.284771285
20
367500.5398588621
30
206
0
VERTEX
8
C-TOPO-MAJR
10
1311194.4147002778
20
367500.147143107
30
206
0
VERTEX
8
C-TOPO-MAJR
10
1311192.4005966973
20
367501.5441219475
30
206
0
VERTEX
8
C-TOPO-MAJR
10
1311190.1909554538
20
367502.32758495794
30
206
0
VERTEX
8
C-TOPO-MAJR
10
1311183.777254371
20
367502.5956290382
30
206
0
VERTEX
8
C-TOPO-MAJR
10
1311176.385208781
20
367502.9762056817
30
206
0
VERTEX
8
C-TOPO-MAJR
10
1311174.023336863
20
367506.38728810014
30
206
0
VERTEX
8
C-TOPO-MAJR
10
1311176.4367178623
20
367509.9145120291
30
206
0
VERTEX
8
C-TOPO-MAJR
10
1311178.714600452
20
367510.49193869566
30
206
0
VERTEX
8
C-TOPO-MAJR
10
1311181.5193848698
20
367510.13695253315
30
206
0
VERTEX
8
C-TOPO-MAJR
10
1311191.0479091185
20
367508.6146458706
30
206
0
VERTEX
8
C-TOPO-MAJR
10
1311191.5111627833
20
367508.5099872817
30
206
0
VERTEX
8
C-TOPO-MAJR
10
1311194.7152246176
20
367507.8200280182
30
206
0
VERTEX
8
C-TOPO-MAJR
10
1311198.030178619
20
367507.15959628706
30
206
0
VERTEX
8
C-TOPO-MAJR
10
1311198.808392278
20
367506.1805956029
30
206
0
VERTEX
8
C-TOPO-MAJR
10
1311198.284771285
20
367500.5398588621
30
206
0
SEQEND
0
POLYLINE
8
C-TOPO-MAJR
66
1
70
0
0
VERTEX
8
C-TOPO-MAJR
10
1311276.8243123703
20
367531.1421598665
30
206
0
VERTEX
8
C-TOPO-MAJR
10
1311274.380747709
20
367531.5128940359
30
206
0
VERTEX
8
C-TOPO-MAJR
10
1311271.3489296078
20
367531.57654219837
30
206
0
VERTEX
8
C-TOPO-MAJR
10
1311263.2200088599
20
367530.7537091967
30
206
0
VERTEX
8
C-TOPO-MAJR
10
1311258.5238240317
20
367529.53717619466
30
206
0
VERTEX
8
C-TOPO-MAJR
10
1311257.0963334565
20
367529.31407952507
30
206
0
VERTEX
8
C-TOPO-MAJR
10
1311255.3397752864
20
367529.06768894475
30
206
0
VERTEX
8
C-TOPO-MAJR
10
1311252.8597933603
20
367528.61887094635
30
206
0
VERTEX
8
C-TOPO-MAJR
10
1311243.5186047056
20
367528.08048619423
30
206
0
VERTEX
8
C-TOPO-MAJR
10
1311239.3125763615
20
367528.3144096138
30
206
0
VERTEX
8
C-TOPO-MAJR
10
1311235.8490006148
20
367528.97549752885
30
206
0
VERTEX
8
C-TOPO-MAJR
10
1311235.0661937825
20
367529.1831742744
30
206
0
VERTEX
8
C-TOPO-MAJR
10
1311227.5370093687
20
367531.0375012777
30
206
0
VERTEX
8
C-TOPO-MAJR
10
1311222.5967305242
20
367532.046357525
30
206
0
VERTEX
8
C-TOPO-MAJR
10
1311220.722062363
20
367532.3524592897
30
206
0
VERTEX
8
C-TOPO-MAJR
10
1311208.8287134385
20
367534.1752902915
30
206
0
VERTEX
8
C-TOPO-MAJR
10
1311204.6761627
20
367534.9508792695
30
206
0
VERTEX
8
C-TOPO-MAJR
10
1311202.2243959545
20
367535.5634108634
30
206
0
VERTEX
8
C-TOPO-MAJR
10
1311193.3579438718
20
367538.6152420341
30
206
0
VERTEX
8
C-TOPO-MAJR
10
1311188.2890563707
20
367540.9488987859
30
206
0
VERTEX
8
C-TOPO-MAJR
10
1311186.7116316976
20
367542.20381753996
30
206
0
VERTEX
8
C-TOPO-MAJR
10
1311184.7093391288
20
367545.7238236142
30
206
0
SEQEND
0
POLYLINE
8
C-TOPO-MAJR
66
1
70
0
0
VERTEX
8
C-TOPO-MAJR
10
1311078.0356679459
20
367370.28979128593
30
204
0
VERTEX
8
C-TOPO-MAJR
10
1311078.5684752858
20
367372.6109808678
30
204
0
VERTEX
8
C-TOPO-MAJR
10
1311080.867683283
20
367375.3819726964
30
204
0
VERTEX
8
C-TOPO-MAJR
10
1311087.0651774516
20
367374.9262649444
30
204
0
VERTEX
8
C-TOPO-MAJR
10
1311084.558948869
20
367368.6185347711
30
204
0
VERTEX
8
C-TOPO-MAJR
10
1311080.9720137876
20
367367.4712273601
30
204
0
VERTEX
8
C-TOPO-MAJR
10
1311078.2938695382
20
367369.67988435423
30
204
0
VERTEX
8
C-TOPO-MAJR
10
1311078.0356679459
20
367370.28979128593
30
204
0
SEQEND
0
POLYLINE
8
C-TOPO-MAJR
66
1
70
0
0
VERTEX
8
C-TOPO-MAJR
10
1311106.5500466132
20
367265.03245585546
30
204
0
VERTEX
8
C-TOPO-MAJR
10
1311104.3554972108
20
367266.01933052624
30
204
0
VERTEX
8
C-TOPO-MAJR
10
1311102.834502878
20
367267.68697811215
30
204
0
VERTEX
8
C-TOPO-MAJR
10
1311102.70819078
20
367270.6640062755
30
204
0
VERTEX
8
C-TOPO-MAJR
10
1311107.714414362
20
367273.6157720192
30
204
0
VERTEX
8
C-TOPO-MAJR
10
1311108.1976811069
20
367273.5550766048
30
204
0
VERTEX
8
C-TOPO-MAJR
10
1311109.9857352755
20
367266.70666511223
30
204
0
VERTEX
8
C-TOPO-MAJR
10
1311106.5500466132
20
367265.03245585546
30
204
0
SEQEND
0
POLYLINE
8
C-TOPO-MAJR
66
1
70
0
0
VERTEX
8
C-TOPO-MAJR
10
1311413.1288297886
20
367041.1549508619
30
206
0
VERTEX
8
C-TOPO-MAJR
10
1311415.3292846966
20
367045.66281586746
30
206
0
VERTEX
8
C-TOPO-MAJR
10
1311413.6757446935
20
367051.8603100295
30
206
0
VERTEX
8
C-TOPO-MAJR
10
1311412.2197108618
20
367055.3829407843
30
206
0
VERTEX
8
C-TOPO-MAJR
10
1311411.5684654526
20
367057.0902864533
30
206
0
VERTEX
8
C-TOPO-MAJR
10
1311406.7879631994
20
367060.7090456143
30
206
0
VERTEX
8
C-TOPO-MAJR
10
1311405.3739240298
20
367058.76187102345
30
206
0
VERTEX
8
C-TOPO-MAJR
10
1311405.1203156214
20
367057.9252585299
30
206
0
VERTEX
8
C-TOPO-MAJR
10
1311403.627536457
20
367052.5437076038
30
206
0
VERTEX
8
C-TOPO-MAJR
10
1311402.788627366
20
367046.2195732703
30
206
0
VERTEX
8
C-TOPO-MAJR
10
1311402.6288507774
20
367044.0168217692
30
206
0
VERTEX
8
C-TOPO-MAJR
10
1311400.5911251993
20
367037.3301553601
30
206
0
SEQEND
0
POLYLINE
8
C-TOPO-MAJR
66
1
70
0
0
VERTEX
8
C-TOPO-MAJR
10
1310891.852641368
20
367041.69038286596
30
190
0
VERTEX
8
C-TOPO-MAJR
10
1310891.7739013694
20
367047.7546751917
30
190
0
VERTEX
8
C-TOPO-MAJR
10
1310891.8286912846
20
367052.585046113
30
190
0
VERTEX
8
C-TOPO-MAJR
10
1310891.3693746177
20
367055.23891220114
30
190
0
VERTEX
8
C-TOPO-MAJR
10
1310890.3913581898
20
367057.73103318736
30
190
0
VERTEX
8
C-TOPO-MAJR
10
1310888.8017944505
20
367058.7681046145
30
190
0
VERTEX
8
C-TOPO-MAJR
10
1310885.6315251985
20
367056.5197495281
30
190
0
VERTEX
8
C-TOPO-MAJR
10
1310883.7942585286
20
367052.54928502016
30
190
0
VERTEX
8
C-TOPO-MAJR
10
1310882.212240704
20
367047.74975395924
30
190
0
VERTEX
8
C-TOPO-MAJR
10
1310881.181074774
20
367043.4544869561
30
190
0
SEQEND
0
POLYLINE
8
C-TOPO-MAJR
66
1
70
0
0
VERTEX
8
C-TOPO-MAJR
10
1311502.3419059417
20
367326.60877628514
30
210
0
VERTEX
8
C-TOPO-MAJR
10
1311506.6598106944
20
367325.6268228468
30
210
0
VERTEX
8
C-TOPO-MAJR
10
1311510.1128877806
20
367323.6639002797
30
210
0
VERTEX
8
C-TOPO-MAJR
10
1311510.889789113
20
367322.282669443
30
210
0
VERTEX
8
C-TOPO-MAJR
10
1311510.2582286994
20
367320.9696799521
30
210
0
VERTEX
8
C-TOPO-MAJR
10
1311505.8661771202
20
367318.48871378636
30
210
0
VERTEX
8
C-TOPO-MAJR
10
1311502.778256782
20
367320.0202067789
30
210
0
VERTEX
8
C-TOPO-MAJR
10
1311499.844207534
20
367322.1294545269
30
210
0
VERTEX
8
C-TOPO-MAJR
10
1311498.3501160373
20
367323.3646882777
30
210
0
VERTEX
8
C-TOPO-MAJR
10
1311498.482333605
20
367325.03856944863
30
210
0
VERTEX
8
C-TOPO-MAJR
10
1311500.3707812796
20
367326.332530108
30
210
0
VERTEX
8
C-TOPO-MAJR
10
1311502.3419059417
20
367326.60877628514
30
210
0
SEQEND
0
POLYLINE
8
C-TOPO-MAJR
66
1
70
0
0
VERTEX
8
C-TOPO-MAJR
10
1311500.389482026
20
367090.45111210423
30
210
0
VERTEX
8
C-TOPO-MAJR
10
1311500.3150071166
20
367091.30970619567
30
210
0
VERTEX
8
C-TOPO-MAJR
10
1311500.0686165355
20
367093.89467478474
30
210
0
VERTEX
8
C-TOPO-MAJR
10
1311501.2582466989
20
367100.5373780315
30
210
0
VERTEX
8
C-TOPO-MAJR
10
1311501.8966968583
20
367102.43468394876
30
210
0
VERTEX
8
C-TOPO-MAJR
10
1311504.7149327057
20
367113.7607767704
30
210
0
VERTEX
8
C-TOPO-MAJR
10
1311505.6322537037
20
367115.0416141096
30
210
0
VERTEX
8
C-TOPO-MAJR
10
1311519.0459407857
20
367117.8352436986
30
210
0
SEQEND
0
POLYLINE
8
C-TOPO-MAJR
66
1
70
0
0
VERTEX
8
C-TOPO-MAJR
10
1311513.5705580362
20
367045.9941800212
30
210
0
VERTEX
8
C-TOPO-MAJR
10
1311512.8054677055
20
367044.8258752881
30
210
0
VERTEX
8
C-TOPO-MAJR
10
1311510.7772565263
20
367040.593272193
30
210
0
SEQEND
0
POLYLINE
8
C-TOPO-MAJR
66
1
70
0
0
VERTEX
8
C-TOPO-MAJR
10
1311146.9544933725
20
367309.6862379493
30
206
0
VERTEX
8
C-TOPO-MAJR
10
1311145.875755364
20
367308.67672553647
30
206
0
VERTEX
8
C-TOPO-MAJR
10
1311139.0394829453
20
367307.7574360276
30
206
0
VERTEX
8
C-TOPO-MAJR
10
1311136.1986093605
20
367306.92836944707
30
206
0
VERTEX
8
C-TOPO-MAJR
10
1311133.6333257798
20
367306.6665589518
30
206
0
VERTEX
8
C-TOPO-MAJR
10
1311129.6943572906
20
367309.6012643545
30
206
0
VERTEX
8
C-TOPO-MAJR
10
1311127.6799256147
20
367311.3876781162
30
206
0
VERTEX
8
C-TOPO-MAJR
10
1311127.3780889474
20
367311.86569553055
30
206
0
VERTEX
8
C-TOPO-MAJR
10
1311126.4125396998
20
367316.06483411224
30
206
0
VERTEX
8
C-TOPO-MAJR
10
1311126.9299271184
20
367317.5261172777
30
206
0
VERTEX
8
C-TOPO-MAJR
10
1311131.1034751933
20
367317.96214002336
30
206
0
VERTEX
8
C-TOPO-MAJR
10
1311132.914495196
20
367316.8968534469
30
206
0
VERTEX
8
C-TOPO-MAJR
10
1311135.357731784
20
367315.47625261295
30
206
0
VERTEX
8
C-TOPO-MAJR
10
1311144.1972810254
20
367312.0901045252
30
206
0
VERTEX
8
C-TOPO-MAJR
10
1311146.4804129507
20
367310.90408327634
30
206
0
VERTEX
8
C-TOPO-MAJR
10
1311146.8760814501
20
367310.5782965206
30
206
0
VERTEX
8
C-TOPO-MAJR
10
1311146.9544933725
20
367309.6862379493
30
206
0
SEQEND
0
POLYLINE
8
C-TOPO-MAJR
66
1
70
0
0
VERTEX
8
C-TOPO-MAJR
10
1311253.6836106165
20
367089.93930211506
30
208
0
VERTEX
8
C-TOPO-MAJR
10
1311265.0930366146
20
367086.6847154527
30
208
0
VERTEX
8
C-TOPO-MAJR
10
1311266.5822068674
20
367086.01280078775
30
208
0
SEQEND
0
POLYLINE
8
C-TOPO-MAJR
66
1
70
0
0
VERTEX
8
C-TOPO-MAJR
10
1311319.756641203
20
367197.2904653725
30
206
0
VERTEX
8
C-TOPO-MAJR
10
1311324.6152272755
20
367198.731735455
30
206
0
VERTEX
8
C-TOPO-MAJR
10
1311324.0302547005
20
367201.2878326895
30
206
0
VERTEX
8
C-TOPO-MAJR
10
1311320.4472566214
20
367203.88953353674
30
206
0
VERTEX
8
C-TOPO-MAJR
10
1311317.3708192082
20
367203.26486286486
30
206
0
VERTEX
8
C-TOPO-MAJR
10
1311317.1050717004
20
367202.186124861
30
206
0
VERTEX
8
C-TOPO-MAJR
10
1311317.0926045296
20
367200.8419674452
30
206
0
VERTEX
8
C-TOPO-MAJR
10
1311319.756641203
20
367197.2904653725
30
206
0
SEQEND
0
POLYLINE
8
C-TOPO-MAJR
66
1
70
0
0
VERTEX
8
C-TOPO-MAJR
10
1311320.234002452
20
367050.3248800314
30
208
0
VERTEX
8
C-TOPO-MAJR
10
1311322.0059805303
20
367052.0627374506
30
208
0
VERTEX
8
C-TOPO-MAJR
10
1311323.8215936976
20
367054.5722468606
30
208
0
VERTEX
8
C-TOPO-MAJR
10
1311329.1936301936
20
367067.29170961224
30
208
0
SEQEND
0
POLYLINE
8
C-TOPO-MAJR
66
1
70
0
0
VERTEX
8
C-TOPO-MAJR
10
1311422.9897024443
20
367315.4477093656
30
208
0
VERTEX
8
C-TOPO-MAJR
10
1311419.2633319418
20
367324.0136371056
30
208
0
VERTEX
8
C-TOPO-MAJR
10
1311418.7321650337
20
367324.6110768612
30
208
0
VERTEX
8
C-TOPO-MAJR
10
1311409.8985212853
20
367329.2701882679
30
208
0
VERTEX
8
C-TOPO-MAJR
10
1311405.8499729412
20
367322.8892955286
30
208
0
VERTEX
8
C-TOPO-MAJR
10
1311409.4772622816
20
367313.4093276133
30
208
0
VERTEX
8
C-TOPO-MAJR
10
1311409.8096107077
20
367313.0028323602
30
208
0
VERTEX
8
C-TOPO-MAJR
10
1311416.9122867875
20
367310.08551536605
30
208
0
VERTEX
8
C-TOPO-MAJR
10
1311422.3227090312
20
367313.70525877224
30
208
0
VERTEX
8
C-TOPO-MAJR
10
1311422.9897024443
20
367315.4477093656
30
208
0
SEQEND
0
POLYLINE
8
C-TOPO-MAJR
66
1
70
0
0
VERTEX
8
C-TOPO-MAJR
10
1311497.5876503692
20
367140.6846074479
30
210
0
VERTEX
8
C-TOPO-MAJR
10
1311497.010879865
20
367150.210835114
30
210
0
VERTEX
8
C-TOPO-MAJR
10
1311497.0377826928
20
367160.56088003324
30
210
0
VERTEX
8
C-TOPO-MAJR
10
1311498.1562187816
20
367170.0254280214
30
210
0
SEQEND
0
POLYLINE
8
C-TOPO-MAJR
66
1
70
0
0
VERTEX
8
C-TOPO-MAJR
10
1311520.6679847743
20
367127.8440819502
30
210
0
VERTEX
8
C-TOPO-MAJR
10
1311511.0010093648
20
367127.88509235834
30
210
0
VERTEX
8
C-TOPO-MAJR
10
1311498.896374783
20
367137.7659781104
30
210
0
VERTEX
8
C-TOPO-MAJR
10
1311497.7782667805
20
367138.9841515293
30
210
0
VERTEX
8
C-TOPO-MAJR
10
1311497.6798417803
20
367139.16262886196
30
210
0
VERTEX
8
C-TOPO-MAJR
10
1311497.5876503692
20
367140.6846074479
30
210
0
SEQEND
0
POLYLINE
8
C-TOPO-MAJR
66
1
70
0
0
VERTEX
8
C-TOPO-MAJR
10
1310940.9063490268
20
367043.6615075361
30
198
0
VERTEX
8
C-TOPO-MAJR
10
1310939.8512330314
20
367047.82061993965
30
198
0
VERTEX
8
C-TOPO-MAJR
10
1310939.8679652747
20
367056.2497369451
30
198
0
VERTEX
8
C-TOPO-MAJR
10
1310941.4191432847
20
367061.29467436555
30
198
0
VERTEX
8
C-TOPO-MAJR
10
1310944.0979437076
20
367066.5341652022
30
198
0
VERTEX
8
C-TOPO-MAJR
10
1310947.2915068695
20
367074.45770577283
30
198
0
VERTEX
8
C-TOPO-MAJR
10
1310948.5588927828
20
367081.17947710917
30
198
0
VERTEX
8
C-TOPO-MAJR
10
1310950.0031156177
20
367088.0209988696
30
198
0
VERTEX
8
C-TOPO-MAJR
10
1310952.345958705
20
367093.4737438681
30
198
0
VERTEX
8
C-TOPO-MAJR
10
1310956.1533657834
20
367100.1745178701
30
198
0
VERTEX
8
C-TOPO-MAJR
10
1310957.036566113
20
367101.2562086129
30
198
0
VERTEX
8
C-TOPO-MAJR
10
1310963.2153595337
20
367105.872013029
30
198
0
VERTEX
8
C-TOPO-MAJR
10
1310966.777688362
20
367108.8795529363
30
198
0
VERTEX
8
C-TOPO-MAJR
10
1310971.30655071
20
367116.1767824487
30
198
0
VERTEX
8
C-TOPO-MAJR
10
1310971.965670118
20
367118.49764394475
30
198
0
VERTEX
8
C-TOPO-MAJR
10
1310972.2005777748
20
367120.26306036604
30
198
0
VERTEX
8
C-TOPO-MAJR
10
1310972.2271525445
20
367122.8660735322
30
198
0
VERTEX
8
C-TOPO-MAJR
10
1310971.428597693
20
367125.85458461405
30
198
0
VERTEX
8
C-TOPO-MAJR
10
1310968.271123702
20
367133.4690707086
30
198
0
VERTEX
8
C-TOPO-MAJR
10
1310967.2284748652
20
367135.9693937612
30
198
0
VERTEX
8
C-TOPO-MAJR
10
1310966.944682785
20
367137.1432759504
30
198
0
VERTEX
8
C-TOPO-MAJR
10
1310966.952884861
20
367139.85029153374
30
198
0
VERTEX
8
C-TOPO-MAJR
10
1310967.9502582084
20
367147.9949602835
30
198
0
VERTEX
8
C-TOPO-MAJR
10
1310968.280966204
20
367149.9906912108
30
198
0
VERTEX
8
C-TOPO-MAJR
10
1310969.9003855393
20
367159.89421468653
30
198
0
VERTEX
8
C-TOPO-MAJR
10
1310970.7547145232
20
367166.11237810005
30
198
0
VERTEX
8
C-TOPO-MAJR
10
1310971.4463141975
20
367171.03986169724
30
198
0
VERTEX
8
C-TOPO-MAJR
10
1310972.4597636068
20
367177.9348610296
30
198
0
VERTEX
8
C-TOPO-MAJR
10
1310972.894802117
20
367186.6835311997
30
198
0
VERTEX
8
C-TOPO-MAJR
10
1310970.1385740275
20
367195.8531322742
30
198
0
VERTEX
8
C-TOPO-MAJR
10
1310966.8836592908
20
367199.14479235443
30
198
0
VERTEX
8
C-TOPO-MAJR
10
1310966.7307724413
20
367199.1894116914
30
198
0
VERTEX
8
C-TOPO-MAJR
10
1310962.45190961
20
367198.23797002155
30
198
0
VERTEX
8
C-TOPO-MAJR
10
1310957.520160951
20
367195.3324640287
30
198
0
VERTEX
8
C-TOPO-MAJR
10
1310954.1248265302
20
367192.2963808618
30
198
0
VERTEX
8
C-TOPO-MAJR
10
1310948.8246402876
20
367188.48109978193
30
198
0
VERTEX
8
C-TOPO-MAJR
10
1310945.8256305254
20
367185.9555142884
30
198
0
VERTEX
8
C-TOPO-MAJR
10
1310944.7235986067
20
367183.6651645302
30
198
0
VERTEX
8
C-TOPO-MAJR
10
1310943.5215012832
20
367181.26523494767
30
198
0
VERTEX
8
C-TOPO-MAJR
10
1310940.1320723703
20
367177.6556621075
30
198
0
VERTEX
8
C-TOPO-MAJR
10
1310934.8627259547
20
367172.06709060754
30
198
0
VERTEX
8
C-TOPO-MAJR
10
1310929.047448868
20
367164.8436798572
30
198
0
VERTEX
8
C-TOPO-MAJR
10
1310925.6314451927
20
367160.4808276892
30
198
0
VERTEX
8
C-TOPO-MAJR
10
1310923.9834826058
20
367158.69080502307
30
198
0
VERTEX
8
C-TOPO-MAJR
10
1310920.0159708722
20
367154.5389104436
30
198
0
VERTEX
8
C-TOPO-MAJR
10
1310915.598000701
20
367149.03760911786
30
198
0
VERTEX
8
C-TOPO-MAJR
10
1310912.3877052763
20
367145.30598927726
30
198
0
VERTEX
8
C-TOPO-MAJR
10
1310905.563571959
20
367139.6206332025
30
198
0
VERTEX
8
C-TOPO-MAJR
10
1310900.0612863693
20
367135.51204560144
30
198
0
VERTEX
8
C-TOPO-MAJR
10
1310897.2502683627
20
367133.21316570335
30
198
0
VERTEX
8
C-TOPO-MAJR
10
1310892.6147789445
20
367130.66002119245
30
198
0
VERTEX
8
C-TOPO-MAJR
10
1310888.3149187793
20
367130.02189912065
30
198
0
VERTEX
8
C-TOPO-MAJR
10
1310887.5025844546
20
367129.9474242052
30
198
0
VERTEX
8
C-TOPO-MAJR
10
1310885.077392454
20
367128.5566789497
30
198
0
VERTEX
8
C-TOPO-MAJR
10
1310884.100032205
20
367126.02912494424
30
198
0
VERTEX
8
C-TOPO-MAJR
10
1310883.205020864
20
367122.4264418668
30
198
0
VERTEX
8
C-TOPO-MAJR
10
1310881.2886861209
20
367116.2292757754
30
198
0
VERTEX
8
C-TOPO-MAJR
10
1310878.8851476123
20
367109.471087202
30
198
0
VERTEX
8
C-TOPO-MAJR
10
1310875.4235403622
20
367104.45239644946
30
198
0
VERTEX
8
C-TOPO-MAJR
10
1310869.2096420322
20
367100.61808653496
30
198
0
VERTEX
8
C-TOPO-MAJR
10
1310863.956043609
20
367096.97734577913
30
198
0
VERTEX
8
C-TOPO-MAJR
10
1310860.437349867
20
367090.6945499457
30
198
0
SEQEND
0
POLYLINE
8
C-TOPO-MAJR
66
1
70
0
0
VERTEX
8
C-TOPO-MAJR
10
1311147.9479297048
20
367339.613015363
30
204
0
VERTEX
8
C-TOPO-MAJR
10
1311144.901019776
20
367339.7501541956
30
204
0
VERTEX
8
C-TOPO-MAJR
10
1311142.9111943587
20
367337.5349355276
30
204
0
VERTEX
8
C-TOPO-MAJR
10
1311142.3774027715
20
367332.403056034
30
204
0
VERTEX
8
C-TOPO-MAJR
10
1311142.5457095292
20
367331.95062911283
30
204
0
VERTEX
8
C-TOPO-MAJR
10
1311147.7212241087
20
367320.55432644265
30
204
0
VERTEX
8
C-TOPO-MAJR
10
1311148.5588208674
20
367319.30203236913
30
204
0
VERTEX
8
C-TOPO-MAJR
10
1311150.7510736976
20
367317.605185352
30
204
0
VERTEX
8
C-TOPO-MAJR
10
1311151.1073722066
20
367317.2951466214
30
204
0
VERTEX
8
C-TOPO-MAJR
10
1311152.030598699
20
367315.07927177567
30
204
0
VERTEX
8
C-TOPO-MAJR
10
1311152.1313202777
20
367311.2226521896
30
204
0
VERTEX
8
C-TOPO-MAJR
10
1311151.8068458645
20
367309.86537145055
30
204
0
VERTEX
8
C-TOPO-MAJR
10
1311151.7487751178
20
367308.57239503035
30
204
0
VERTEX
8
C-TOPO-MAJR
10
1311155.326523862
20
367308.20526978065
30
204
0
VERTEX
8
C-TOPO-MAJR
10
1311157.6434483535
20
367309.3424066134
30
204
0
VERTEX
8
C-TOPO-MAJR
10
1311158.6693649509
20
367312.909656696
30
204
0
VERTEX
8
C-TOPO-MAJR
10
1311157.139512369
20
367317.59370245173
30
204
0
VERTEX
8
C-TOPO-MAJR
10
1311156.3839364431
20
367318.88339801977
30
204
0
VERTEX
8
C-TOPO-MAJR
10
1311154.4777722755
20
367322.8049781207
30
204
0
VERTEX
8
C-TOPO-MAJR
10
1311151.0837502026
20
367333.5362558673
30
204
0
VERTEX
8
C-TOPO-MAJR
10
1311147.9479297048
20
367339.613015363
30
204
0
SEQEND
0
POLYLINE
8
C-TOPO-MAJR
66
1
70
0
0
VERTEX
8
C-TOPO-MAJR
10
1311195.7299863596
20
367118.9021707042
30
204
0
VERTEX
8
C-TOPO-MAJR
10
1311195.3330055226
20
367123.1662697733
30
204
0
VERTEX
8
C-TOPO-MAJR
10
1311194.2316297828
20
367131.74236811907
30
204
0
VERTEX
8
C-TOPO-MAJR
10
1311194.559056948
20
367134.9329785271
30
204
0
VERTEX
8
C-TOPO-MAJR
10
1311195.0272318616
20
367136.4086973652
30
204
0
VERTEX
8
C-TOPO-MAJR
10
1311195.8687656187
20
367140.1370363628
30
204
0
VERTEX
8
C-TOPO-MAJR
10
1311195.8759834433
20
367140.21872910537
30
204
0
SEQEND
0
POLYLINE
8
C-TOPO-MAJR
66
1
70
0
0
VERTEX
8
C-TOPO-MAJR
10
1311245.6846108695
20
367349.85446469084
30
206
0
VERTEX
8
C-TOPO-MAJR
10
1311236.6117943665
20
367344.9414167755
30
206
0
VERTEX
8
C-TOPO-MAJR
10
1311233.3539268633
20
367348.4040082906
30
206
0
VERTEX
8
C-TOPO-MAJR
10
1311237.9270804478
20
367355.6782719476
30
206
0
VERTEX
8
C-TOPO-MAJR
10
1311247.4700403593
20
367355.31705219403
30
206
0
VERTEX
8
C-TOPO-MAJR
10
1311245.6846108695
20
367349.85446469084
30
206
0
SEQEND
0
POLYLINE
8
C-TOPO-MAJR
66
1
70
0
0
VERTEX
8
C-TOPO-MAJR
10
1311196.6289347094
20
367076.62600852747
30
208
0
VERTEX
8
C-TOPO-MAJR
10
1311201.6266281125
20
367077.1896556839
30
208
0
VERTEX
8
C-TOPO-MAJR
10
1311214.8204993703
20
367076.1912981068
30
208
0
VERTEX
8
C-TOPO-MAJR
10
1311215.47633795
20
367076.2779121124
30
208
0
VERTEX
8
C-TOPO-MAJR
10
1311219.0468688707
20
367077.6949040206
30
208
0
VERTEX
8
C-TOPO-MAJR
10
1311229.1009826143
20
367081.0515246035
30
208
0
VERTEX
8
C-TOPO-MAJR
10
1311232.7873269483
20
367082.54069485684
30
208
0
VERTEX
8
C-TOPO-MAJR
10
1311241.3690026924
20
367085.37303827755
30
208
0
VERTEX
8
C-TOPO-MAJR
10
1311247.6911685278
20
367087.89632718556
30
208
0
VERTEX
8
C-TOPO-MAJR
10
1311253.6836106165
20
367089.93930211506
30
208
0
SEQEND
0
POLYLINE
8
C-TOPO-MAJR
66
1
70
0
0
VERTEX
8
C-TOPO-MAJR
10
1311300.634304117
20
367058.61324926926
30
208
0
VERTEX
8
C-TOPO-MAJR
10
1311300.6736741173
20
367058.4964516146
30
208
0
VERTEX
8
C-TOPO-MAJR
10
1311300.8432932
20
367055.3875339492
30
208
0
VERTEX
8
C-TOPO-MAJR
10
1311296.5706639509
20
367043.29372612084
30
208
0
SEQEND
0
POLYLINE
8
C-TOPO-MAJR
66
1
70
0
0
VERTEX
8
C-TOPO-MAJR
10
1311221.7043438598
20
367042.9410365225
30
208
0
VERTEX
8
C-TOPO-MAJR
10
1311220.2870238659
20
367043.995824444
30
208
0
VERTEX
8
C-TOPO-MAJR
10
1311215.8040931884
20
367045.06603227125
30
208
0
VERTEX
8
C-TOPO-MAJR
10
1311211.3684065337
20
367043.95448595006
30
208
0
VERTEX
8
C-TOPO-MAJR
10
1311206.5108046916
20
367035.6005000287
30
208
0
SEQEND
0
POLYLINE
8
C-TOPO-MAJR
66
1
70
0
0
VERTEX
8
C-TOPO-MAJR
10
1311168.8724285325
20
367077.2116372787
30
206
0
VERTEX
8
C-TOPO-MAJR
10
1311171.4012948715
20
367079.4442443675
30
206
0
VERTEX
8
C-TOPO-MAJR
10
1311173.5361331184
20
367081.2874165289
30
206
0
VERTEX
8
C-TOPO-MAJR
10
1311175.6460370333
20
367083.0508644321
30
206
0
VERTEX
8
C-TOPO-MAJR
10
1311177.7018071904
20
367084.381570451
30
206
0
VERTEX
8
C-TOPO-MAJR
10
1311182.3021917022
20
367086.7667362842
30
206
0
VERTEX
8
C-TOPO-MAJR
10
1311185.1903092847
20
367088.0672586113
30
206
0
VERTEX
8
C-TOPO-MAJR
10
1311192.1843897772
20
367090.0931731967
30
206
0
VERTEX
8
C-TOPO-MAJR
10
1311200.9809601111
20
367093.16895445285
30
206
0
VERTEX
8
C-TOPO-MAJR
10
1311205.5619876904
20
367096.83561376936
30
206
0
VERTEX
8
C-TOPO-MAJR
10
1311206.305424535
20
367097.46028444736
30
206
0
VERTEX
8
C-TOPO-MAJR
10
1311211.5491804474
20
367100.2972210331
30
206
0
VERTEX
8
C-TOPO-MAJR
10
1311220.2679950378
20
367104.4832362854
30
206
0
VERTEX
8
C-TOPO-MAJR
10
1311228.847046118
20
367105.80705252016
30
206
0
VERTEX
8
C-TOPO-MAJR
10
1311237.119011203
20
367105.37365444895
30
206
0
VERTEX
8
C-TOPO-MAJR
10
1311237.830952026
20
367105.3487201182
30
206
0
VERTEX
8
C-TOPO-MAJR
10
1311241.7426896202
20
367105.3175521934
30
206
0
VERTEX
8
C-TOPO-MAJR
10
1311243.7728692822
20
367105.54852286185
30
206
0
VERTEX
8
C-TOPO-MAJR
10
1311246.2708957924
20
367106.43566019455
30
206
0
VERTEX
8
C-TOPO-MAJR
10
1311253.414910371
20
367109.34805593797
30
206
0
VERTEX
8
C-TOPO-MAJR
10
1311257.5504007926
20
367110.6948380373
30
206
0
VERTEX
8
C-TOPO-MAJR
10
1311258.3118821976
20
367110.90973260085
30
206
0
VERTEX
8
C-TOPO-MAJR
10
1311259.637010776
20
367111.8070405332
30
206
0
VERTEX
8
C-TOPO-MAJR
10
1311266.205239113
20
367119.93268044834
30
206
0
VERTEX
8
C-TOPO-MAJR
10
1311276.3807436933
20
367113.16858635447
30
206
0
VERTEX
8
C-TOPO-MAJR
10
1311277.404363702
20
367113.12331086723
30
206
0
VERTEX
8
C-TOPO-MAJR
10
1311277.7399929552
20
367113.18499052076
30
206
0
VERTEX
8
C-TOPO-MAJR
10
1311284.5706879492
20
367114.4300667793
30
206
0
VERTEX
8
C-TOPO-MAJR
10
1311286.244897195
20
367115.0740943564
30
206
0
VERTEX
8
C-TOPO-MAJR
10
1311287.9240277049
20
367116.75519336975
30
206
0
VERTEX
8
C-TOPO-MAJR
10
1311289.1330147784
20
367117.3089980276
30
206
0
VERTEX
8
C-TOPO-MAJR
10
1311299.570986028
20
367116.6774376174
30
206
0
VERTEX
8
C-TOPO-MAJR
10
1311303.2632358605
20
367114.17120901984
30
206
0
VERTEX
8
C-TOPO-MAJR
10
1311306.5827830408
20
367110.9346669468
30
206
0
VERTEX
8
C-TOPO-MAJR
10
1311308.5499706974
20
367111.9107148707
30
206
0
VERTEX
8
C-TOPO-MAJR
10
1311310.2678150414
20
367116.041612122
30
206
0
VERTEX
8
C-TOPO-MAJR
10
1311312.1621682008
20
367121.32933118776
30
206
0
VERTEX
8
C-TOPO-MAJR
10
1311313.4466144545
20
367126.1377205264
30
206
0
VERTEX
8
C-TOPO-MAJR
10
1311314.6296829474
20
367130.11080969655
30
206
0
VERTEX
8
C-TOPO-MAJR
10
1311316.8291536248
20
367133.5937423499
30
206
0
VERTEX
8
C-TOPO-MAJR
10
1311323.2070936258
20
367141.1885434382
30
206
0
VERTEX
8
C-TOPO-MAJR
10
1311328.5102326171
20
367151.65144902485
30
206
0
VERTEX
8
C-TOPO-MAJR
10
1311330.9872617817
20
367163.27609769517
30
206
0
VERTEX
8
C-TOPO-MAJR
10
1311327.867517363
20
367169.3840251157
30
206
0
VERTEX
8
C-TOPO-MAJR
10
1311316.944310867
20
367176.0224632772
30
206
0
VERTEX
8
C-TOPO-MAJR
10
1311309.0824499517
20
367182.51654477895
30
206
0
VERTEX
8
C-TOPO-MAJR
10
1311308.840324457
20
367182.96634702873
30
206
0
VERTEX
8
C-TOPO-MAJR
10
1311304.3229450395
20
367190.2484846907
30
206
0
VERTEX
8
C-TOPO-MAJR
10
1311294.7622686136
20
367199.5191354435
30
206
0
VERTEX
8
C-TOPO-MAJR
10
1311293.8698819529
20
367199.8646072025
30
206
0
VERTEX
8
C-TOPO-MAJR
10
1311292.2137172841
20
367200.83114069834
30
206
0
VERTEX
8
C-TOPO-MAJR
10
1311286.316419371
20
367209.80553220335
30
206
0
VERTEX
8
C-TOPO-MAJR
10
1311285.8748191937
20
367213.48597103613
30
206
0
VERTEX
8
C-TOPO-MAJR
10
1311286.4102511988
20
367215.8540765436
30
206
0
VERTEX
8
C-TOPO-MAJR
10
1311287.665498028
20
367225.26514694456
30
206
0
VERTEX
8
C-TOPO-MAJR
10
1311290.7573553664
20
367231.3573263582
30
206
0
VERTEX
8
C-TOPO-MAJR
10
1311294.0969156108
20
367238.35173495504
30
206
0
VERTEX
8
C-TOPO-MAJR
10
1311290.9181161893
20
367245.247062361
30
206
0
VERTEX
8
C-TOPO-MAJR
10
1311286.1536900336
20
367251.8031516113
30
206
0
VERTEX
8
C-TOPO-MAJR
10
1311282.7347336193
20
367259.28607627744
30
206
0
VERTEX
8
C-TOPO-MAJR
10
1311280.3846726958
20
367271.3332962874
30
206
0
VERTEX
8
C-TOPO-MAJR
10
1311277.3256237004
20
367281.31654403056
30
206
0
VERTEX
8
C-TOPO-MAJR
10
1311267.5802363676
20
367283.03963769734
30
206
0
VERTEX
8
C-TOPO-MAJR
10
1311264.0913981986
20
367284.4379288567
30
206
0
VERTEX
8
C-TOPO-MAJR
10
1311261.6740802014
20
367288.4533407813
30
206
0
VERTEX
8
C-TOPO-MAJR
10
1311265.357471788
20
367292.2049736957
30
206
0
VERTEX
8
C-TOPO-MAJR
10
1311270.0320031135
20
367295.46480969776
30
206
0
VERTEX
8
C-TOPO-MAJR
10
1311270.5546398757
20
367301.2088927025
30
206
0
VERTEX
8
C-TOPO-MAJR
10
1311267.0572715425
20
367315.8453463532
30
206
0
VERTEX
8
C-TOPO-MAJR
10
1311265.4486789543
20
367327.497225952
30
206
0
VERTEX
8
C-TOPO-MAJR
10
1311263.4988796879
20
367350.1021676084
30
206
0
VERTEX
8
C-TOPO-MAJR
10
1311263.5707299514
20
367350.4482955329
30
206
0
VERTEX
8
C-TOPO-MAJR
10
1311263.4234205277
20
367354.95583244954
30
206
0
VERTEX
8
C-TOPO-MAJR
10
1311258.3286144526
20
367356.7967080346
30
206
0
VERTEX
8
C-TOPO-MAJR
10
1311256.334195863
20
367360.0831187751
30
206
0
VERTEX
8
C-TOPO-MAJR
10
1311256.3256656958
20
367360.94269710267
30
206
0
VERTEX
8
C-TOPO-MAJR
10
1311257.6416079472
20
367363.13265336026
30
206
0
VERTEX
8
C-TOPO-MAJR
10
1311258.0999403687
20
367366.88855136605
30
206
0
VERTEX
8
C-TOPO-MAJR
10
1311256.4208098552
20
367370.6447774454
30
206
0
VERTEX
8
C-TOPO-MAJR
10
1311251.9828266187
20
367385.38424928027
30
206
0
VERTEX
8
C-TOPO-MAJR
10
1311251.6255438735
20
367397.8606022701
30
206
0
VERTEX
8
C-TOPO-MAJR
10
1311251.3007413654
20
367404.46163894935
30
206
0
VERTEX
8
C-TOPO-MAJR
10
1311249.4388684363
20
367417.3307076913
30
206
0
VERTEX
8
C-TOPO-MAJR
10
1311249.6094717777
20
367418.11187411624
30
206
0
VERTEX
8
C-TOPO-MAJR
10
1311252.3903061114
20
367425.66369627224
30
206
0
VERTEX
8
C-TOPO-MAJR
10
1311244.960202866
20
367434.37529303366
30
206
0
VERTEX
8
C-TOPO-MAJR
10
1311242.2043028704
20
367440.91497810546
30
206
0
VERTEX
8
C-TOPO-MAJR
10
1311244.6744422845
20
367447.2364877706
30
206
0
VERTEX
8
C-TOPO-MAJR
10
1311249.0763363594
20
367452.0192866161
30
206
0
VERTEX
8
C-TOPO-MAJR
10
1311250.4270554483
20
367454.09474178014
30
206
0
VERTEX
8
C-TOPO-MAJR
10
1311247.6517985258
20
367461.38442535815
30
206
0
VERTEX
8
C-TOPO-MAJR
10
1311238.9313435305
20
367470.42180886306
30
206
0
VERTEX
8
C-TOPO-MAJR
10
1311233.757469364
20
367480.1550571092
30
206
0
VERTEX
8
C-TOPO-MAJR
10
1311233.949726199
20
367482.5116796859
30
206
0
VERTEX
8
C-TOPO-MAJR
10
1311233.661012868
20
367488.38273094187
30
206
0
VERTEX
8
C-TOPO-MAJR
10
1311229.8267029484
20
367497.51689903985
30
206
0
VERTEX
8
C-TOPO-MAJR
10
1311234.4110113638
20
367507.47324394644
30
206
0
VERTEX
8
C-TOPO-MAJR
10
1311237.3660579412
20
367508.81805752165
30
206
0
VERTEX
8
C-TOPO-MAJR
10
1311240.9736622802
20
367510.59331645374
30
206
0
VERTEX
8
C-TOPO-MAJR
10
1311242.911650534
20
367510.67304069665
30
206
0
VERTEX
8
C-TOPO-MAJR
10
1311249.684274791
20
367508.67698169575
30
206
0
VERTEX
8
C-TOPO-MAJR
10
1311250.912290702
20
367508.27212685964
30
206
0
VERTEX
8
C-TOPO-MAJR
10
1311254.9401697796
20
367506.07331235486
30
206
0
VERTEX
8
C-TOPO-MAJR
10
1311262.0116779448
20
367500.5067224559
30
206
0
VERTEX
8
C-TOPO-MAJR
10
1311267.1127176115
20
367499.4319214484
30
206
0
VERTEX
8
C-TOPO-MAJR
10
1311267.775445948
20
367499.6074460238
30
206
0
VERTEX
8
C-TOPO-MAJR
10
1311275.4847481204
20
367502.07463267935
30
206
0
VERTEX
8
C-TOPO-MAJR
10
1311283.0398511072
20
367502.67076011305
30
206
0
VERTEX
8
C-TOPO-MAJR
10
1311286.775736023
20
367502.55068160617
30
206
0
VERTEX
8
C-TOPO-MAJR
10
1311291.7114216932
20
367502.06905527826
30
206
0
VERTEX
8
C-TOPO-MAJR
10
1311295.56246386
20
367501.5375602889
30
206
0
VERTEX
8
C-TOPO-MAJR
10
1311301.285549536
20
367501.6402503689
30
206
0
VERTEX
8
C-TOPO-MAJR
10
1311305.2694654549
20
367502.63729561487
30
206
0
VERTEX
8
C-TOPO-MAJR
10
1311309.324575451
20
367505.3321721203
30
206
0
VERTEX
8
C-TOPO-MAJR
10
1311309.2779876078
20
367511.71208060824
30
206
0
VERTEX
8
C-TOPO-MAJR
10
1311309.0522662806
20
367512.35217119503
30
206
0
VERTEX
8
C-TOPO-MAJR
10
1311306.5421006868
20
367520.15760177077
30
206
0
VERTEX
8
C-TOPO-MAJR
10
1311306.1257629422
20
367521.0513007804
30
206
0
VERTEX
8
C-TOPO-MAJR
10
1311302.3610067056
20
367523.84197762137
30
206
0
VERTEX
8
C-TOPO-MAJR
10
1311301.7698005387
20
367524.02340770815
30
206
0
VERTEX
8
C-TOPO-MAJR
10
1311285.4223922903
20
367529.0388176146
30
206
0
VERTEX
8
C-TOPO-MAJR
10
1311282.1120314533
20
367529.85771360155
30
206
0
SEQEND
0
POLYLINE
8
C-TOPO-MAJR
66
1
70
0
0
VERTEX
8
C-TOPO-MAJR
10
1311334.643094369
20
367528.5483330273
30
208
0
VERTEX
8
C-TOPO-MAJR
10
1311334.1106151147
20
367530.4899301926
30
208
0
VERTEX
8
C-TOPO-MAJR
10
1311331.0125241957
20
367534.9748293611
30
208
0
VERTEX
8
C-TOPO-MAJR
10
1311321.6421361219
20
367536.7199046197
30
208
0
VERTEX
8
C-TOPO-MAJR
10
1311314.0289623684
20
367537.83505986363
30
208
0
VERTEX
8
C-TOPO-MAJR
10
1311312.9105262859
20
367537.89149019273
30
208
0
VERTEX
8
C-TOPO-MAJR
10
1311308.0785149415
20
367538.01681802707
30
208
0
VERTEX
8
C-TOPO-MAJR
10
1311280.93814928
20
367543.1995504548
30
208
0
SEQEND
0
POLYLINE
8
C-TOPO-MAJR
66
1
70
0
0
VERTEX
8
C-TOPO-MAJR
10
1311264.0759782873
20
367542.3422686884
30
208
0
VERTEX
8
C-TOPO-MAJR
10
1311255.7239608702
20
367540.0489662005
30
208
0
SEQEND
0
POLYLINE
8
C-TOPO-MAJR
66
1
70
0
0
VERTEX
8
C-TOPO-MAJR
10
1311255.7239608702
20
367540.0489662005
30
208
0
VERTEX
8
C-TOPO-MAJR
10
1311254.9014559514
20
367539.8232448748
30
208
0
VERTEX
8
C-TOPO-MAJR
10
1311252.125214785
20
367539.4219989553
30
208
0
VERTEX
8
C-TOPO-MAJR
10
1311250.3361763617
20
367539.4226551086
30
208
0
VERTEX
8
C-TOPO-MAJR
10
1311246.0586258722
20
367540.0922731911
30
208
0
VERTEX
8
C-TOPO-MAJR
10
1311241.2105384425
20
367541.5571652762
30
208
0
VERTEX
8
C-TOPO-MAJR
10
1311233.4444778631
20
367544.44856370054
30
208
0
SEQEND
0
POLYLINE
8
C-TOPO-MAJR
66
1
70
0
0
VERTEX
8
C-TOPO-MAJR
10
1311354.4927921914
20
367544.77008536493
30
208
0
VERTEX
8
C-TOPO-MAJR
10
1311351.487548862
20
367538.2973292772
30
208
0
VERTEX
8
C-TOPO-MAJR
10
1311350.6141910334
20
367530.412502523
30
208
0
VERTEX
8
C-TOPO-MAJR
10
1311350.8097286897
20
367529.599840121
30
208
0
VERTEX
8
C-TOPO-MAJR
10
1311351.9829547037
20
367526.6237961908
30
208
0
VERTEX
8
C-TOPO-MAJR
10
1311352.622061033
20
367524.78620144574
30
208
0
VERTEX
8
C-TOPO-MAJR
10
1311352.6830845322
20
367524.02340769593
30
208
0
VERTEX
8
C-TOPO-MAJR
10
1311352.7903677777
20
367522.68154686573
30
208
0
VERTEX
8
C-TOPO-MAJR
10
1311351.689976288
20
367519.726172187
30
208
0
VERTEX
8
C-TOPO-MAJR
10
1311347.8369656168
20
367516.88595477655
30
208
0
VERTEX
8
C-TOPO-MAJR
10
1311343.296948443
20
367517.2258491131
30
208
0
VERTEX
8
C-TOPO-MAJR
10
1311341.7877651146
20
367518.3708599538
30
208
0
VERTEX
8
C-TOPO-MAJR
10
1311337.5879703758
20
367524.0234077051
30
208
0
VERTEX
8
C-TOPO-MAJR
10
1311336.2831829428
20
367525.77930968924
30
208
0
VERTEX
8
C-TOPO-MAJR
10
1311334.6585142834
20
367528.4922307748
30
208
0
VERTEX
8
C-TOPO-MAJR
10
1311334.643094369
20
367528.5483330273
30
208
0
SEQEND
0
POLYLINE
8
C-TOPO-MAJR
66
1
70
0
0
VERTEX
8
C-TOPO-MAJR
10
1311314.6802077875
20
367042.39641819766
30
208
0
VERTEX
8
C-TOPO-MAJR
10
1311319.3347260288
20
367049.4426639495
30
208
0
VERTEX
8
C-TOPO-MAJR
10
1311320.234002452
20
367050.3248800314
30
208
0
SEQEND
0
POLYLINE
8
C-TOPO-MAJR
66
1
70
0
0
VERTEX
8
C-TOPO-MAJR
10
1311343.2041008698
20
367074.86256061203
30
208
0
VERTEX
8
C-TOPO-MAJR
10
1311356.778220695
20
367065.8878410304
30
208
0
VERTEX
8
C-TOPO-MAJR
10
1311363.4445459493
20
367066.12537335436
30
208
0
VERTEX
8
C-TOPO-MAJR
10
1311369.2040488773
20
367068.03022519685
30
208
0
VERTEX
8
C-TOPO-MAJR
10
1311373.62365944
20
367065.4108078613
30
208
0
VERTEX
8
C-TOPO-MAJR
10
1311385.786036695
20
367048.97875410976
30
208
0
VERTEX
8
C-TOPO-MAJR
10
1311386.7197618533
20
367044.87902477116
30
208
0
VERTEX
8
C-TOPO-MAJR
10
1311386.402177195
20
367043.448253362
30
208
0
SEQEND
0
POLYLINE
8
C-TOPO-MAJR
66
1
70
0
0
VERTEX
8
C-TOPO-MAJR
10
1311430.984765195
20
367050.0886600324
30
208
0
VERTEX
8
C-TOPO-MAJR
10
1311431.0270879492
20
367051.25499628717
30
208
0
VERTEX
8
C-TOPO-MAJR
10
1311431.1445417786
20
367055.7467851909
30
208
0
VERTEX
8
C-TOPO-MAJR
10
1311433.068422447
20
367060.9383758597
30
208
0
VERTEX
8
C-TOPO-MAJR
10
1311435.6068032018
20
367063.24841061496
30
208
0
SEQEND
0
POLYLINE
8
C-TOPO-MAJR
66
1
70
0
0
VERTEX
8
C-TOPO-MAJR
10
1311438.6671645273
20
367396.5361298607
30
208
0
VERTEX
8
C-TOPO-MAJR
10
1311436.4043737913
20
367400.00167411467
30
208
0
VERTEX
8
C-TOPO-MAJR
10
1311423.3033501166
20
367402.2493730325
30
208
0
VERTEX
8
C-TOPO-MAJR
10
1311422.4040736943
20
367398.7460991859
30
208
0
VERTEX
8
C-TOPO-MAJR
10
1311427.861411864
20
367388.16409936215
30
208
0
VERTEX
8
C-TOPO-MAJR
10
1311428.2209912085
20
367387.86784010206
30
208
0
VERTEX
8
C-TOPO-MAJR
10
1311437.2708418588
20
367389.6831251939
30
208
0
VERTEX
8
C-TOPO-MAJR
10
1311438.6671645273
20
367396.5361298607
30
208
0
SEQEND
0
POLYLINE
8
C-TOPO-MAJR
66
1
70
0
0
VERTEX
8
C-TOPO-MAJR
10
1311514.0689166123
20
367357.3140954554
30
210
0
VERTEX
8
C-TOPO-MAJR
10
1311510.926534458
20
367361.95581844443
30
210
0
VERTEX
8
C-TOPO-MAJR
10
1311509.6771931138
20
367364.59098378377
30
210
0
VERTEX
8
C-TOPO-MAJR
10
1311509.7733215385
20
367369.57621002896
30
210
0
VERTEX
8
C-TOPO-MAJR
10
1311515.8582831114
20
367378.0154976096
30
210
0
SEQEND
0
POLYLINE
8
C-TOPO-MAJR
66
1
70
0
0
VERTEX
8
C-TOPO-MAJR
10
1311513.6486418657
20
367396.5548306094
30
210
0
VERTEX
8
C-TOPO-MAJR
10
1311512.2113087857
20
367401.4255557886
30
210
0
VERTEX
8
C-TOPO-MAJR
10
1311510.9242378713
20
367404.58991951647
30
210
0
VERTEX
8
C-TOPO-MAJR
10
1311509.0439922728
20
367408.97704985575
30
210
0
VERTEX
8
C-TOPO-MAJR
10
1311507.3163054553
20
367414.8887834401
30
210
0
VERTEX
8
C-TOPO-MAJR
10
1311505.2956401946
20
367420.2690220351
30
210
0
VERTEX
8
C-TOPO-MAJR
10
1311504.5938699474
20
367421.2663953547
30
210
0
VERTEX
8
C-TOPO-MAJR
10
1311504.3628992802
20
367422.0728242023
30
210
0
VERTEX
8
C-TOPO-MAJR
10
1311504.6975442898
20
367425.6509010257
30
210
0
VERTEX
8
C-TOPO-MAJR
10
1311505.5236581173
20
367432.3093522854
30
210
0
VERTEX
8
C-TOPO-MAJR
10
1311506.9219492753
20
367434.1672881901
30
210
0
VERTEX
8
C-TOPO-MAJR
10
1311510.182113354
20
367436.6469420308
30
210
0
VERTEX
8
C-TOPO-MAJR
10
1311513.2660967053
20
367448.6738208659
30
210
0
VERTEX
8
C-TOPO-MAJR
10
1311512.817606788
20
367455.5612742761
30
210
0
VERTEX
8
C-TOPO-MAJR
10
1311512.5649826175
20
367458.81126778264
30
210
0
VERTEX
8
C-TOPO-MAJR
10
1311512.8025149514
20
367468.815840949
30
210
0
VERTEX
8
C-TOPO-MAJR
10
1311513.2001519452
20
367475.9598555239
30
210
0
VERTEX
8
C-TOPO-MAJR
10
1311512.2234478644
20
367481.75807227526
30
210
0
VERTEX
8
C-TOPO-MAJR
10
1311511.134211196
20
367486.06679070275
30
210
0
VERTEX
8
C-TOPO-MAJR
10
1311511.7516640322
20
367492.6855438672
30
210
0
VERTEX
8
C-TOPO-MAJR
10
1311513.0672782043
20
367499.72916494147
30
210
0
SEQEND
0
POLYLINE
8
C-TOPO-MAJR
66
1
70
0
0
VERTEX
8
C-TOPO-MAJR
10
1311513.6929331226
20
367506.46340344165
30
210
0
VERTEX
8
C-TOPO-MAJR
10
1311512.8484466164
20
367516.4354963582
30
210
0
VERTEX
8
C-TOPO-MAJR
10
1311511.4065203608
20
367522.9522156204
30
210
0
VERTEX
8
C-TOPO-MAJR
10
1311511.0666260403
20
367524.02340769593
30
210
0
VERTEX
8
C-TOPO-MAJR
10
1311511.017085443
20
367524.17990344897
30
210
0
VERTEX
8
C-TOPO-MAJR
10
1311509.1066562063
20
367528.9325186149
30
210
0
VERTEX
8
C-TOPO-MAJR
10
1311506.3107300363
20
367535.31833261723
30
210
0
VERTEX
8
C-TOPO-MAJR
10
1311500.5440092783
20
367542.8573595236
30
210
0
SEQEND
0
POLYLINE
8
C-TOPO-MAJR
66
1
70
0
0
VERTEX
8
C-TOPO-MAJR
10
1310908.6528046296
20
367038.39380151656
30
194
0
VERTEX
8
C-TOPO-MAJR
10
1310909.515335708
20
367047.26550294465
30
194
0
VERTEX
8
C-TOPO-MAJR
10
1310909.8719622889
20
367050.55585069983
30
194
0
VERTEX
8
C-TOPO-MAJR
10
1310910.0031956066
20
367051.9908871974
30
194
0
VERTEX
8
C-TOPO-MAJR
10
1310911.2463033618
20
367059.12276270037
30
194
0
VERTEX
8
C-TOPO-MAJR
10
1310913.146890115
20
367062.8891593611
30
194
0
VERTEX
8
C-TOPO-MAJR
10
1310916.2636817829
20
367066.898009621
30
194
0
VERTEX
8
C-TOPO-MAJR
10
1310920.2380832876
20
367072.7365806027
30
194
0
VERTEX
8
C-TOPO-MAJR
10
1310921.7259412056
20
367076.70278002234
30
194
0
VERTEX
8
C-TOPO-MAJR
10
1310923.3407673615
20
367083.4498137813
30
194
0
VERTEX
8
C-TOPO-MAJR
10
1310925.4831515325
20
367091.1804413681
30
194
0
VERTEX
8
C-TOPO-MAJR
10
1310927.0097232854
20
367096.4681604461
30
194
0
VERTEX
8
C-TOPO-MAJR
10
1310926.4565747767
20
367099.3142833618
30
194
0
VERTEX
8
C-TOPO-MAJR
10
1310921.6937890288
20
367103.0055489415
30
194
0
VERTEX
8
C-TOPO-MAJR
10
1310920.494316365
20
367104.0878958559
30
194
0
VERTEX
8
C-TOPO-MAJR
10
1310920.4031092012
20
367104.99340586376
30
194
0
VERTEX
8
C-TOPO-MAJR
10
1310921.677384862
20
367108.1407092781
30
194
0
VERTEX
8
C-TOPO-MAJR
10
1310924.987089542
20
367110.3733163668
30
194
0
VERTEX
8
C-TOPO-MAJR
10
1310929.6455447741
20
367111.68893052306
30
194
0
VERTEX
8
C-TOPO-MAJR
10
1310931.9572199543
20
367114.3943056895
30
194
0
VERTEX
8
C-TOPO-MAJR
10
1310934.9368727705
20
367124.3601650241
30
194
0
VERTEX
8
C-TOPO-MAJR
10
1310935.8236820337
20
367128.9923736065
30
194
0
VERTEX
8
C-TOPO-MAJR
10
1310937.4444137036
20
367135.55043135345
30
194
0
VERTEX
8
C-TOPO-MAJR
10
1310938.1698059537
20
367137.56322261866
30
194
0
VERTEX
8
C-TOPO-MAJR
10
1310938.052680212
20
367139.94740420044
30
194
0
VERTEX
8
C-TOPO-MAJR
10
1310936.042185525
20
367139.7246356167
30
194
0
VERTEX
8
C-TOPO-MAJR
10
1310934.6662040344
20
367138.44937569083
30
194
0
VERTEX
8
C-TOPO-MAJR
10
1310931.6147009542
20
367133.2141499547
30
194
0
VERTEX
8
C-TOPO-MAJR
10
1310930.1340608704
20
367130.22760737257
30
194
0
VERTEX
8
C-TOPO-MAJR
10
1310926.3371524548
20
367121.9559703593
30
194
0
VERTEX
8
C-TOPO-MAJR
10
1310923.1439173638
20
367117.44219985465
30
194
0
VERTEX
8
C-TOPO-MAJR
10
1310919.7554727034
20
367114.5176650241
30
194
0
VERTEX
8
C-TOPO-MAJR
10
1310918.6688606965
20
367113.53210269054
30
194
0
VERTEX
8
C-TOPO-MAJR
10
1310918.25974078
20
367113.37199802086
30
194
0
VERTEX
8
C-TOPO-MAJR
10
1310914.0793029496
20
367112.8280358524
30
194
0
VERTEX
8
C-TOPO-MAJR
10
1310903.5967123602
20
367109.66334402957
30
194
0
VERTEX
8
C-TOPO-MAJR
10
1310896.6912143629
20
367100.85561887117
30
194
0
VERTEX
8
C-TOPO-MAJR
10
1310895.101978695
20
367097.35989094677
30
194
0
VERTEX
8
C-TOPO-MAJR
10
1310891.196474695
20
367091.85334028746
30
194
0
VERTEX
8
C-TOPO-MAJR
10
1310887.722728371
20
367088.03674685815
30
194
0
VERTEX
8
C-TOPO-MAJR
10
1310883.6082352758
20
367084.22146578436
30
194
0
VERTEX
8
C-TOPO-MAJR
10
1310877.8756351995
20
367078.5889311099
30
194
0
VERTEX
8
C-TOPO-MAJR
10
1310876.0304945388
20
367075.1867069417
30
194
0
VERTEX
8
C-TOPO-MAJR
10
1310874.5360749478
20
367071.2113211982
30
194
0
VERTEX
8
C-TOPO-MAJR
10
1310872.1322083762
20
367064.0161256247
30
194
0
VERTEX
8
C-TOPO-MAJR
10
1310870.7677097872
20
367057.1027536141
30
194
0
VERTEX
8
C-TOPO-MAJR
10
1310870.1089184526
20
367054.83701011306
30
194
0
VERTEX
8
C-TOPO-MAJR
10
1310868.7749316175
20
367051.4472531025
30
194
0
VERTEX
8
C-TOPO-MAJR
10
1310868.242124284
20
367047.96432045836
30
194
0
VERTEX
8
C-TOPO-MAJR
10
1310868.283134695
20
367043.9525174534
30
194
0
VERTEX
8
C-TOPO-MAJR
10
1310868.1666651152
20
367042.32686453
30
194
0
SEQEND
0
POLYLINE
8
C-TOPO-MAJR
66
1
70
0
0
VERTEX
8
C-TOPO-MAJR
10
1311118.3407054457
20
367232.2267471935
30
204
0
VERTEX
8
C-TOPO-MAJR
10
1311116.5303416187
20
367231.8569972755
30
204
0
VERTEX
8
C-TOPO-MAJR
10
1311113.9644018647
20
367232.58468612545
30
204
0
VERTEX
8
C-TOPO-MAJR
10
1311113.7882211143
20
367236.243471437
30
204
0
VERTEX
8
C-TOPO-MAJR
10
1311116.8210234435
20
367237.9452396989
30
204
0
VERTEX
8
C-TOPO-MAJR
10
1311120.028694193
20
367236.3458334495
30
204
0
VERTEX
8
C-TOPO-MAJR
10
1311118.3407054457
20
367232.2267471935
30
204
0
SEQEND
0
POLYLINE
8
C-TOPO-MAJR
66
1
70
0
0
VERTEX
8
C-TOPO-MAJR
10
1311148.2031785343
20
367068.1181515275
30
204
0
VERTEX
8
C-TOPO-MAJR
10
1311151.0840782793
20
367075.1598041051
30
204
0
VERTEX
8
C-TOPO-MAJR
10
1311158.6086695243
20
367083.3061132688
30
204
0
VERTEX
8
C-TOPO-MAJR
10
1311159.7484310346
20
367084.13550793205
30
204
0
VERTEX
8
C-TOPO-MAJR
10
1311166.8986791945
20
367089.0646319462
30
204
0
VERTEX
8
C-TOPO-MAJR
10
1311168.9200006253
20
367091.0049167682
30
204
0
VERTEX
8
C-TOPO-MAJR
10
1311170.5797741965
20
367092.8277477669
30
204
0
VERTEX
8
C-TOPO-MAJR
10
1311173.3842305283
20
367095.02164102084
30
204
0
VERTEX
8
C-TOPO-MAJR
10
1311177.566964952
20
367097.4110719393
30
204
0
VERTEX
8
C-TOPO-MAJR
10
1311183.678829367
20
367100.2453838628
30
204
0
VERTEX
8
C-TOPO-MAJR
10
1311190.0016513728
20
367102.63875176845
30
204
0
VERTEX
8
C-TOPO-MAJR
10
1311192.4727750376
20
367104.0488539536
30
204
0
VERTEX
8
C-TOPO-MAJR
10
1311194.5311698692
20
367106.7512763598
30
204
0
VERTEX
8
C-TOPO-MAJR
10
1311196.1617440355
20
367110.42154460517
30
204
0
VERTEX
8
C-TOPO-MAJR
10
1311196.395995534
20
367111.75126636354
30
204
0
VERTEX
8
C-TOPO-MAJR
10
1311195.7299863596
20
367118.9021707042
30
204
0
SEQEND
0
POLYLINE
8
C-TOPO-MAJR
66
1
70
0
0
VERTEX
8
C-TOPO-MAJR
10
1311266.5822068674
20
367086.01280078775
30
208
0
VERTEX
8
C-TOPO-MAJR
10
1311273.9591606213
20
367082.6847234491
30
208
0
VERTEX
8
C-TOPO-MAJR
10
1311279.0290323603
20
367080.808414857
30
208
0
VERTEX
8
C-TOPO-MAJR
10
1311295.4765060323
20
367073.0426823705
30
208
0
VERTEX
8
C-TOPO-MAJR
10
1311296.0398251188
20
367072.3058072028
30
208
0
VERTEX
8
C-TOPO-MAJR
10
1311300.634304117
20
367058.61324926926
30
208
0
SEQEND
0
POLYLINE
8
C-TOPO-MAJR
66
1
70
0
0
VERTEX
8
C-TOPO-MAJR
10
1311072.9779352816
20
367042.748779698
30
200
0
VERTEX
8
C-TOPO-MAJR
10
1311076.8352110337
20
367045.22351227264
30
200
0
VERTEX
8
C-TOPO-MAJR
10
1311077.9208387828
20
367045.8842721049
30
200
0
VERTEX
8
C-TOPO-MAJR
10
1311075.5442031147
20
367051.7212026941
30
200
0
VERTEX
8
C-TOPO-MAJR
10
1311071.0753800338
20
367050.132295118
30
200
0
VERTEX
8
C-TOPO-MAJR
10
1311070.1495288752
20
367049.5302621943
30
200
0
VERTEX
8
C-TOPO-MAJR
10
1311064.4743433672
20
367046.38525536854
30
200
0
VERTEX
8
C-TOPO-MAJR
10
1311056.5140574547
20
367043.65888285555
30
200
0
SEQEND
0
POLYLINE
8
C-TOPO-MAJR
66
1
70
0
0
VERTEX
8
C-TOPO-MAJR
10
1310984.0519320308
20
367038.15955002955
30
200
0
VERTEX
8
C-TOPO-MAJR
10
1310979.5906548551
20
367044.7743661945
30
200
0
VERTEX
8
C-TOPO-MAJR
10
1310975.479770702
20
367050.704472451
30
200
0
VERTEX
8
C-TOPO-MAJR
10
1310974.2133690359
20
367053.23826002615
30
200
0
VERTEX
8
C-TOPO-MAJR
10
1310979.1720205387
20
367061.1572074502
30
200
0
VERTEX
8
C-TOPO-MAJR
10
1310979.6172296198
20
367062.4045802698
30
200
0
VERTEX
8
C-TOPO-MAJR
10
1310976.7766841166
20
367066.87635611807
30
200
0
VERTEX
8
C-TOPO-MAJR
10
1310975.3144167014
20
367070.3441969454
30
200
0
VERTEX
8
C-TOPO-MAJR
10
1310976.4033252858
20
367073.42096244986
30
200
0
VERTEX
8
C-TOPO-MAJR
10
1310979.8170323616
20
367079.43604227976
30
200
0
VERTEX
8
C-TOPO-MAJR
10
1310980.3524643728
20
367080.8559869604
30
200
0
VERTEX
8
C-TOPO-MAJR
10
1310982.2865156166
20
367092.48588495207
30
200
0
VERTEX
8
C-TOPO-MAJR
10
1310984.312102119
20
367097.63712136
30
200
0
VERTEX
8
C-TOPO-MAJR
10
1310987.1119652796
20
367102.9714282717
30
200
0
VERTEX
8
C-TOPO-MAJR
10
1310992.6014556135
20
367115.2148421117
30
200
0
VERTEX
8
C-TOPO-MAJR
10
1310992.6926627848
20
367116.6928575445
30
200
0
VERTEX
8
C-TOPO-MAJR
10
1310992.0276378635
20
367119.33163177606
30
200
0
VERTEX
8
C-TOPO-MAJR
10
1310989.993849286
20
367125.83818045084
30
200
0
VERTEX
8
C-TOPO-MAJR
10
1310987.4685918675
20
367132.184296367
30
200
0
VERTEX
8
C-TOPO-MAJR
10
1310986.3478592008
20
367136.39196511003
30
200
0
VERTEX
8
C-TOPO-MAJR
10
1310985.549304364
20
367142.82272653515
30
200
0
VERTEX
8
C-TOPO-MAJR
10
1310985.53421254
20
367144.8463445289
30
200
0
VERTEX
8
C-TOPO-MAJR
10
1310986.0620986184
20
367153.3482960298
30
200
0
VERTEX
8
C-TOPO-MAJR
10
1310986.9262701215
20
367159.7695430239
30
200
0
VERTEX
8
C-TOPO-MAJR
10
1310987.24680752
20
367164.48574094364
30
200
0
VERTEX
8
C-TOPO-MAJR
10
1310986.178240115
20
367173.487363374
30
200
0
VERTEX
8
C-TOPO-MAJR
10
1310986.1857860328
20
367175.52771361376
30
200
0
VERTEX
8
C-TOPO-MAJR
10
1310986.2199066952
20
367176.81051943434
30
200
0
VERTEX
8
C-TOPO-MAJR
10
1310986.4115073623
20
367182.2416109391
30
200
0
VERTEX
8
C-TOPO-MAJR
10
1310987.7117016157
20
367192.1789270416
30
200
0
VERTEX
8
C-TOPO-MAJR
10
1310987.8012683634
20
367192.6149497751
30
200
0
VERTEX
8
C-TOPO-MAJR
10
1310989.062092611
20
367197.90824627253
30
200
0
VERTEX
8
C-TOPO-MAJR
10
1310989.231055536
20
367204.5758838683
30
200
0
VERTEX
8
C-TOPO-MAJR
10
1310988.483681701
20
367207.49549744197
30
200
0
VERTEX
8
C-TOPO-MAJR
10
1310988.2487740328
20
367208.0880159407
30
200
0
VERTEX
8
C-TOPO-MAJR
10
1310983.5716180282
20
367213.31110261404
30
200
0
VERTEX
8
C-TOPO-MAJR
10
1310978.87313662
20
367213.9449596159
30
200
0
VERTEX
8
C-TOPO-MAJR
10
1310970.2432326179
20
367214.3193026989
30
200
0
VERTEX
8
C-TOPO-MAJR
10
1310967.7442218584
20
367214.46989294665
30
200
0
VERTEX
8
C-TOPO-MAJR
10
1310965.9259840336
20
367214.00860777526
30
200
0
VERTEX
8
C-TOPO-MAJR
10
1310964.008665039
20
367212.5105792717
30
200
0
VERTEX
8
C-TOPO-MAJR
10
1310962.2416081957
20
367210.6611735253
30
200
0
VERTEX
8
C-TOPO-MAJR
10
1310957.82888737
20
367209.6208212827
30
200
0
VERTEX
8
C-TOPO-MAJR
10
1310950.8082321067
20
367209.7477895339
30
200
0
VERTEX
8
C-TOPO-MAJR
10
1310945.5946598614
20
367208.3855875257
30
200
0
VERTEX
8
C-TOPO-MAJR
10
1310943.079573029
20
367206.2117073639
30
200
0
VERTEX
8
C-TOPO-MAJR
10
1310937.535292783
20
367199.74879378395
30
200
0
VERTEX
8
C-TOPO-MAJR
10
1310935.0730273726
20
367197.40562261635
30
200
0
VERTEX
8
C-TOPO-MAJR
10
1310933.1537398626
20
367194.4850247822
30
200
0
VERTEX
8
C-TOPO-MAJR
10
1310932.1258547804
20
367191.7927729451
30
200
0
VERTEX
8
C-TOPO-MAJR
10
1310927.088135188
20
367183.4627371122
30
200
0
VERTEX
8
C-TOPO-MAJR
10
1310921.7646550387
20
367177.4325654532
30
200
0
VERTEX
8
C-TOPO-MAJR
10
1310921.11472195
20
367176.6382756958
30
200
0
VERTEX
8
C-TOPO-MAJR
10
1310918.1203053652
20
367172.4968797927
30
200
0
VERTEX
8
C-TOPO-MAJR
10
1310916.1386820297
20
367170.87155494594
30
200
0
VERTEX
8
C-TOPO-MAJR
10
1310913.0924282772
20
367169.2212957685
30
200
0
VERTEX
8
C-TOPO-MAJR
10
1310908.7036575323
20
367165.6120510264
30
200
0
VERTEX
8
C-TOPO-MAJR
10
1310906.810616701
20
367163.2505071928
30
200
0
VERTEX
8
C-TOPO-MAJR
10
1310903.9845068709
20
367160.21015894983
30
200
0
VERTEX
8
C-TOPO-MAJR
10
1310898.664307531
20
367156.18392027525
30
200
0
VERTEX
8
C-TOPO-MAJR
10
1310890.5691793642
20
367150.3184464418
30
200
0
VERTEX
8
C-TOPO-MAJR
10
1310886.6538328629
20
367147.8486351088
30
200
0
VERTEX
8
C-TOPO-MAJR
10
1310876.8300336143
20
367144.4979200403
30
200
0
VERTEX
8
C-TOPO-MAJR
10
1310874.1965086984
20
367143.3073056295
30
200
0
VERTEX
8
C-TOPO-MAJR
10
1310867.773621288
20
367135.7879637019
30
200
0
VERTEX
8
C-TOPO-MAJR
10
1310866.492127781
20
367132.94610585924
30
200
0
VERTEX
8
C-TOPO-MAJR
10
1310862.5712038702
20
367127.70464652596
30
200
0
VERTEX
8
C-TOPO-MAJR
10
1310855.2090138602
20
367120.8270356113
30
200
0
SEQEND
0
POLYLINE
8
C-TOPO-MAJR
66
1
70
0
0
VERTEX
8
C-TOPO-MAJR
10
1310857.3832221148
20
367115.3027684393
30
200
0
VERTEX
8
C-TOPO-MAJR
10
1310862.9409537844
20
367115.6275709436
30
200
0
VERTEX
8
C-TOPO-MAJR
10
1310864.510176373
20
367112.61084470025
30
200
0
VERTEX
8
C-TOPO-MAJR
10
1310861.5252741969
20
367109.9241702887
30
200
0
VERTEX
8
C-TOPO-MAJR
10
1310860.4504731968
20
367109.14333194046
30
200
0
SEQEND
0
POLYLINE
8
C-TOPO-MAJR
66
1
70
0
0
VERTEX
8
C-TOPO-MAJR
10
1311126.422710278
20
367038.04406470904
30
204
0
VERTEX
8
C-TOPO-MAJR
10
1311126.9984965262
20
367045.00828960794
30
204
0
VERTEX
8
C-TOPO-MAJR
10
1311127.858402946
20
367047.55191969697
30
204
0
SEQEND
0
POLYLINE
8
C-TOPO-MAJR
66
1
70
0
0
VERTEX
8
C-TOPO-MAJR
10
1311127.858402946
20
367047.55191969697
30
204
0
VERTEX
8
C-TOPO-MAJR
10
1311128.0040719484
20
367047.98302120715
30
204
0
VERTEX
8
C-TOPO-MAJR
10
1311130.6021638624
20
367049.83636394376
30
204
0
VERTEX
8
C-TOPO-MAJR
10
1311137.2816124512
20
367053.0108982774
30
204
0
VERTEX
8
C-TOPO-MAJR
10
1311142.1546342017
20
367056.5571510379
30
204
0
VERTEX
8
C-TOPO-MAJR
10
1311146.6424861192
20
367063.9354171212
30
204
0
VERTEX
8
C-TOPO-MAJR
10
1311147.050293694
20
367065.3002437794
30
204
0
VERTEX
8
C-TOPO-MAJR
10
1311148.2031785343
20
367068.1181515275
30
204
0
SEQEND
0
POLYLINE
8
C-TOPO-MAJR
66
1
70
0
0
VERTEX
8
C-TOPO-MAJR
10
1311117.7882131126
20
367041.72319120774
30
202
0
VERTEX
8
C-TOPO-MAJR
10
1311117.7101292852
20
367046.8455562702
30
202
0
VERTEX
8
C-TOPO-MAJR
10
1311118.894510114
20
367053.21529419516
30
202
0
VERTEX
8
C-TOPO-MAJR
10
1311121.0838102046
20
367058.3488141118
30
202
0
VERTEX
8
C-TOPO-MAJR
10
1311123.0765883673
20
367060.6742687881
30
202
0
VERTEX
8
C-TOPO-MAJR
10
1311129.8052494447
20
367063.58403986314
30
202
0
VERTEX
8
C-TOPO-MAJR
10
1311132.3974358712
20
367066.3940736001
30
202
0
VERTEX
8
C-TOPO-MAJR
10
1311133.5591789428
20
367073.36584444874
30
202
0
VERTEX
8
C-TOPO-MAJR
10
1311134.402353117
20
367077.95966727304
30
202
0
VERTEX
8
C-TOPO-MAJR
10
1311139.2727501981
20
367084.0584083697
30
202
0
VERTEX
8
C-TOPO-MAJR
10
1311145.4042996126
20
367088.8120077809
30
202
0
VERTEX
8
C-TOPO-MAJR
10
1311146.5958982809
20
367089.9675172766
30
202
0
VERTEX
8
C-TOPO-MAJR
10
1311149.6113122045
20
367098.9445334529
30
202
0
VERTEX
8
C-TOPO-MAJR
10
1311145.6979342103
20
367105.37693527364
30
202
0
VERTEX
8
C-TOPO-MAJR
10
1311134.1303720265
20
367108.791298529
30
202
0
VERTEX
8
C-TOPO-MAJR
10
1311133.5591789447
20
367108.8165609333
30
202
0
VERTEX
8
C-TOPO-MAJR
10
1311118.632371525
20
367108.23585344205
30
202
0
VERTEX
8
C-TOPO-MAJR
10
1311101.113705777
20
367110.1600622019
30
202
0
VERTEX
8
C-TOPO-MAJR
10
1311096.8919294463
20
367111.5645869462
30
202
0
VERTEX
8
C-TOPO-MAJR
10
1311095.8984931184
20
367111.90776211047
30
202
0
VERTEX
8
C-TOPO-MAJR
10
1311094.2210030402
20
367112.22239403654
30
202
0
VERTEX
8
C-TOPO-MAJR
10
1311085.349301615
20
367112.18860144645
30
202
0
VERTEX
8
C-TOPO-MAJR
10
1311067.6078672782
20
367114.62002703967
30
202
0
VERTEX
8
C-TOPO-MAJR
10
1311058.3605104473
20
367121.9927156914
30
202
0
VERTEX
8
C-TOPO-MAJR
10
1311056.5373513626
20
367130.5176330263
30
202
0
VERTEX
8
C-TOPO-MAJR
10
1311058.5048671216
20
367141.82732169086
30
202
0
VERTEX
8
C-TOPO-MAJR
10
1311056.6469312
20
367148.1347237875
30
202
0
VERTEX
8
C-TOPO-MAJR
10
1311052.0764022893
20
367155.96607294533
30
202
0
VERTEX
8
C-TOPO-MAJR
10
1311049.751275698
20
367157.7324736058
30
202
0
VERTEX
8
C-TOPO-MAJR
10
1311039.6728837867
20
367162.97098020016
30
202
0
VERTEX
8
C-TOPO-MAJR
10
1311032.552491197
20
367172.3436648674
30
202
0
VERTEX
8
C-TOPO-MAJR
10
1311031.6128605253
20
367178.87547594646
30
202
0
VERTEX
8
C-TOPO-MAJR
10
1311032.643042203
20
367189.353801448
30
202
0
VERTEX
8
C-TOPO-MAJR
10
1311032.6341839535
20
367191.97387494607
30
202
0
VERTEX
8
C-TOPO-MAJR
10
1311033.9645618582
20
367200.02274335106
30
202
0
VERTEX
8
C-TOPO-MAJR
10
1311037.9812861183
20
367201.3065334444
30
202
0
VERTEX
8
C-TOPO-MAJR
10
1311039.0537905348
20
367201.3698535179
30
202
0
VERTEX
8
C-TOPO-MAJR
10
1311041.2680249447
20
367201.6470839586
30
202
0
VERTEX
8
C-TOPO-MAJR
10
1311044.6200523628
20
367203.1900598544
30
202
0
VERTEX
8
C-TOPO-MAJR
10
1311044.736850034
20
367206.09917478537
30
202
0
VERTEX
8
C-TOPO-MAJR
10
1311042.111527196
20
367207.8015991914
30
202
0
VERTEX
8
C-TOPO-MAJR
10
1311039.2401418635
20
367208.8491692796
30
202
0
VERTEX
8
C-TOPO-MAJR
10
1311031.764106955
20
367215.742528192
30
202
0
VERTEX
8
C-TOPO-MAJR
10
1311028.5931815307
20
367219.67099802516
30
202
0
VERTEX
8
C-TOPO-MAJR
10
1311024.6591342867
20
367223.0814242811
30
202
0
VERTEX
8
C-TOPO-MAJR
10
1311018.7785686187
20
367228.6234079505
30
202
0
VERTEX
8
C-TOPO-MAJR
10
1311019.1529117043
20
367231.3051611174
30
202
0
VERTEX
8
C-TOPO-MAJR
10
1311022.9176679535
20
367235.93901011674
30
202
0
VERTEX
8
C-TOPO-MAJR
10
1311030.6902901926
20
367247.6387898558
30
202
0
VERTEX
8
C-TOPO-MAJR
10
1311032.356953521
20
367254.3083959544
30
202
0
VERTEX
8
C-TOPO-MAJR
10
1311031.9297890312
20
367258.82905619434
30
202
0
VERTEX
8
C-TOPO-MAJR
10
1311025.9061790395
20
367269.5258852036
30
202
0
VERTEX
8
C-TOPO-MAJR
10
1311013.805481442
20
367272.79425135785
30
202
0
VERTEX
8
C-TOPO-MAJR
10
1311011.4468903653
20
367272.34051211167
30
202
0
VERTEX
8
C-TOPO-MAJR
10
1311003.6011055359
20
367268.2476725205
30
202
0
VERTEX
8
C-TOPO-MAJR
10
1310999.415418366
20
367263.94059451914
30
202
0
VERTEX
8
C-TOPO-MAJR
10
1310993.5194327782
20
367254.8969774476
30
202
0
VERTEX
8
C-TOPO-MAJR
10
1310991.320618281
20
367251.95144527353
30
202
0
VERTEX
8
C-TOPO-MAJR
10
1310988.2609131087
20
367247.98557394586
30
202
0
VERTEX
8
C-TOPO-MAJR
10
1310984.6848047785
20
367245.1414195299
30
202
0
VERTEX
8
C-TOPO-MAJR
10
1310980.5260204421
20
367243.95014894137
30
202
0
VERTEX
8
C-TOPO-MAJR
10
1310979.4200515249
20
367243.85008352663
30
202
0
VERTEX
8
C-TOPO-MAJR
10
1310977.5407901946
20
367243.90782619605
30
202
0
VERTEX
8
C-TOPO-MAJR
10
1310965.702231188
20
367246.4074931105
30
202
0
VERTEX
8
C-TOPO-MAJR
10
1310962.8059115368
20
367249.60564944375
30
202
0
VERTEX
8
C-TOPO-MAJR
10
1310961.9223831117
20
367252.44422644645
30
202
0
VERTEX
8
C-TOPO-MAJR
10
1310961.2885261117
20
367253.0160757028
30
202
0
VERTEX
8
C-TOPO-MAJR
10
1310953.1304059445
20
367252.4757224449
30
202
0
VERTEX
8
C-TOPO-MAJR
10
1310946.841704613
20
367247.66897353536
30
202
0
VERTEX
8
C-TOPO-MAJR
10
1310941.8764914523
20
367239.38421319885
30
202
0
VERTEX
8
C-TOPO-MAJR
10
1310940.7052339572
20
367234.25134945393
30
202
0
VERTEX
8
C-TOPO-MAJR
10
1310940.059237859
20
367232.4501719459
30
202
0
VERTEX
8
C-TOPO-MAJR
10
1310936.2396916975
20
367227.71068010933
30
202
0
VERTEX
8
C-TOPO-MAJR
10
1310933.7980955301
20
367226.3868638532
30
202
0
VERTEX
8
C-TOPO-MAJR
10
1310925.188860791
20
367225.6237420237
30
202
0
VERTEX
8
C-TOPO-MAJR
10
1310923.9624852797
20
367225.0361447697
30
202
0
VERTEX
8
C-TOPO-MAJR
10
1310914.976938942
20
367220.31568179524
30
202
0
VERTEX
8
C-TOPO-MAJR
10
1310896.2168058697
20
367230.583049696
30
202
0
VERTEX
8
C-TOPO-MAJR
10
1310890.7886671235
20
367233.4068629432
30
202
0
VERTEX
8
C-TOPO-MAJR
10
1310884.1036411112
20
367233.3963642852
30
202
0
VERTEX
8
C-TOPO-MAJR
10
1310881.7004306957
20
367228.03449835925
30
202
0
VERTEX
8
C-TOPO-MAJR
10
1310878.9054887837
20
367226.0686230349
30
202
0
VERTEX
8
C-TOPO-MAJR
10
1310871.9622611944
20
367227.0712457003
30
202
0
VERTEX
8
C-TOPO-MAJR
10
1310863.9150332033
20
367231.2969590235
30
202
0
VERTEX
8
C-TOPO-MAJR
10
1310858.8176024447
20
367225.73135335144
30
202
0
SEQEND
0
POLYLINE
8
C-TOPO-MAJR
66
1
70
0
0
VERTEX
8
C-TOPO-MAJR
10
1310861.1545400238
20
367408.30808795104
30
202
0
VERTEX
8
C-TOPO-MAJR
10
1310863.0308486153
20
367411.37894794106
30
202
0
VERTEX
8
C-TOPO-MAJR
10
1310864.7237586167
20
367414.0534832624
30
202
0
VERTEX
8
C-TOPO-MAJR
10
1310868.0009830398
20
367418.6870041973
30
202
0
VERTEX
8
C-TOPO-MAJR
10
1310868.6486195263
20
367419.703078284
30
202
0
VERTEX
8
C-TOPO-MAJR
10
1310871.2847691157
20
367423.805104199
30
202
0
VERTEX
8
C-TOPO-MAJR
10
1310874.5856155222
20
367428.3149376921
30
202
0
VERTEX
8
C-TOPO-MAJR
10
1310875.448146622
20
367429.72930493497
30
202
0
VERTEX
8
C-TOPO-MAJR
10
1310875.6007053643
20
367429.9553543648
30
202
0
VERTEX
8
C-TOPO-MAJR
10
1310877.1420408564
20
367431.8667678659
30
202
0
VERTEX
8
C-TOPO-MAJR
10
1310879.5829808637
20
367435.25094744476
30
202
0
VERTEX
8
C-TOPO-MAJR
10
1310879.7745815336
20
367435.5176792
30
202
0
VERTEX
8
C-TOPO-MAJR
10
1310884.5859236238
20
367442.40677302406
30
202
0
VERTEX
8
C-TOPO-MAJR
10
1310886.4267992063
20
367446.0045348598
30
202
0
VERTEX
8
C-TOPO-MAJR
10
1310889.9264641192
20
367454.59375652275
30
202
0
VERTEX
8
C-TOPO-MAJR
10
1310893.013072109
20
367460.2512255249
30
202
0
VERTEX
8
C-TOPO-MAJR
10
1310892.9871535238
20
367462.4231372053
30
202
0
VERTEX
8
C-TOPO-MAJR
10
1310883.59937703
20
367467.0819205353
30
202
0
VERTEX
8
C-TOPO-MAJR
10
1310873.8543177778
20
367469.8794871177
30
202
0
VERTEX
8
C-TOPO-MAJR
10
1310868.8809025323
20
367475.80204744893
30
202
0
VERTEX
8
C-TOPO-MAJR
10
1310868.3077409556
20
367479.95623861696
30
202
0
VERTEX
8
C-TOPO-MAJR
10
1310868.0413372752
20
367482.2902234515
30
202
0
VERTEX
8
C-TOPO-MAJR
10
1310866.9990165366
20
367493.2675636987
30
202
0
VERTEX
8
C-TOPO-MAJR
10
1310868.6089214468
20
367496.3699197055
30
202
0
VERTEX
8
C-TOPO-MAJR
10
1310871.8188887823
20
367499.82791802514
30
202
0
VERTEX
8
C-TOPO-MAJR
10
1310875.995061531
20
367505.65500611573
30
202
0
VERTEX
8
C-TOPO-MAJR
10
1310876.7316086076
20
367506.9962107835
30
202
0
VERTEX
8
C-TOPO-MAJR
10
1310877.514415457
20
367508.0539514439
30
202
0
VERTEX
8
C-TOPO-MAJR
10
1310878.891709278
20
367510.3682512813
30
202
0
VERTEX
8
C-TOPO-MAJR
10
1310881.6607326218
20
367516.14809536666
30
202
0
VERTEX
8
C-TOPO-MAJR
10
1310884.5075116984
20
367520.8665898567
30
202
0
VERTEX
8
C-TOPO-MAJR
10
1310884.7844140287
20
367521.6736748698
30
202
0
VERTEX
8
C-TOPO-MAJR
10
1310885.2443868623
20
367524.02340770204
30
202
0
VERTEX
8
C-TOPO-MAJR
10
1310886.4533739511
20
367530.20088879025
30
202
0
VERTEX
8
C-TOPO-MAJR
10
1310889.1141297757
20
367533.43677469774
30
202
0
VERTEX
8
C-TOPO-MAJR
10
1310889.7955588647
20
367534.02765278565
30
202
0
VERTEX
8
C-TOPO-MAJR
10
1310895.114773956
20
367546.4534809455
30
202
0
SEQEND
0
POLYLINE
8
C-TOPO-MAJR
66
1
70
0
0
VERTEX
8
C-TOPO-MAJR
10
1311282.1120314533
20
367529.85771360155
30
206
0
VERTEX
8
C-TOPO-MAJR
10
1311277.0654536164
20
367531.10574262036
30
206
0
VERTEX
8
C-TOPO-MAJR
10
1311276.8243123703
20
367531.1421598665
30
206
0
SEQEND
0
POLYLINE
8
C-TOPO-MAJR
66
1
70
0
0
VERTEX
8
C-TOPO-MAJR
10
1311329.1936301936
20
367067.29170961224
30
208
0
VERTEX
8
C-TOPO-MAJR
10
1311331.0669860283
20
367071.7021338622
30
208
0
VERTEX
8
C-TOPO-MAJR
10
1311331.2690853751
20
367071.9212935232
30
208
0
SEQEND
0
POLYLINE
8
C-TOPO-MAJR
66
1
70
0
0
VERTEX
8
C-TOPO-MAJR
10
1311357.0761203712
20
367432.498656365
30
208
0
VERTEX
8
C-TOPO-MAJR
10
1311360.4376621973
20
367435.38874244597
30
208
0
VERTEX
8
C-TOPO-MAJR
10
1311361.5396941106
20
367435.47207561164
30
208
0
VERTEX
8
C-TOPO-MAJR
10
1311364.3992684432
20
367432.6663069385
30
208
0
VERTEX
8
C-TOPO-MAJR
10
1311361.3143008624
20
367427.6358051938
30
208
0
VERTEX
8
C-TOPO-MAJR
10
1311360.3687646892
20
367427.1682864436
30
208
0
VERTEX
8
C-TOPO-MAJR
10
1311356.1476445226
20
367428.6830471992
30
208
0
VERTEX
8
C-TOPO-MAJR
10
1311357.0761203712
20
367432.498656365
30
208
0
SEQEND
0
POLYLINE
8
C-TOPO-MAJR
66
1
70
0
0
VERTEX
8
C-TOPO-MAJR
10
1310921.111769188
20
367039.2586291991
30
196
0
VERTEX
8
C-TOPO-MAJR
10
1310921.0222024447
20
367047.2602536019
30
196
0
VERTEX
8
C-TOPO-MAJR
10
1310921.499891784
20
367051.5263212043
30
196
0
VERTEX
8
C-TOPO-MAJR
10
1310922.4145881208
20
367056.57158669224
30
196
0
VERTEX
8
C-TOPO-MAJR
10
1310924.4585472902
20
367061.75727185886
30
196
0
VERTEX
8
C-TOPO-MAJR
10
1310928.3715971967
20
367067.8133621091
30
196
0
VERTEX
8
C-TOPO-MAJR
10
1310931.2918669537
20
367072.8609242101
30
196
0
VERTEX
8
C-TOPO-MAJR
10
1310932.6314311982
20
367077.0377531019
30
196
0
VERTEX
8
C-TOPO-MAJR
10
1310934.353212531
20
367084.87041461223
30
196
0
VERTEX
8
C-TOPO-MAJR
10
1310936.574008608
20
367092.51016311115
30
196
0
VERTEX
8
C-TOPO-MAJR
10
1310937.6310931111
20
367095.22964587057
30
196
0
VERTEX
8
C-TOPO-MAJR
10
1310940.6698009472
20
367101.13055269583
30
196
0
VERTEX
8
C-TOPO-MAJR
10
1310943.9437445318
20
367106.579032606
30
196
0
VERTEX
8
C-TOPO-MAJR
10
1310944.7606720235
20
367107.7575079541
30
196
0
VERTEX
8
C-TOPO-MAJR
10
1310950.7695182872
20
367114.6994231967
30
196
0
VERTEX
8
C-TOPO-MAJR
10
1310957.2599908675
20
367121.263386455
30
196
0
VERTEX
8
C-TOPO-MAJR
10
1310958.4145161142
20
367123.1912041163
30
196
0
VERTEX
8
C-TOPO-MAJR
10
1310958.5985708642
20
367125.52945402084
30
196
0
VERTEX
8
C-TOPO-MAJR
10
1310957.521801358
20
367129.51730693114
30
196
0
VERTEX
8
C-TOPO-MAJR
10
1310955.6254796924
20
367136.64557352057
30
196
0
VERTEX
8
C-TOPO-MAJR
10
1310955.1231841107
20
367141.2180709369
30
196
0
VERTEX
8
C-TOPO-MAJR
10
1310955.3869631102
20
367146.47527827095
30
196
0
VERTEX
8
C-TOPO-MAJR
10
1310956.5188506232
20
367152.35617202544
30
196
0
VERTEX
8
C-TOPO-MAJR
10
1310957.624163369
20
367160.64421320497
30
196
0
VERTEX
8
C-TOPO-MAJR
10
1310957.6799375345
20
367163.3909268715
30
196
0
VERTEX
8
C-TOPO-MAJR
10
1310958.2242277798
20
367169.6297595335
30
196
0
VERTEX
8
C-TOPO-MAJR
10
1310958.704869858
20
367172.3256202781
30
196
0
VERTEX
8
C-TOPO-MAJR
10
1310959.059199863
20
367178.0851231916
30
196
0
VERTEX
8
C-TOPO-MAJR
10
1310956.9558576187
20
367180.1536886051
30
196
0
VERTEX
8
C-TOPO-MAJR
10
1310953.4073082795
20
367178.2508052746
30
196
0
VERTEX
8
C-TOPO-MAJR
10
1310952.0441220317
20
367176.37548094307
30
196
0
VERTEX
8
C-TOPO-MAJR
10
1310950.7426154548
20
367174.5959569472
30
196
0
VERTEX
8
C-TOPO-MAJR
10
1310948.887960368
20
367172.86859819817
30
196
0
VERTEX
8
C-TOPO-MAJR
10
1310945.6852108634
20
367169.93586127076
30
196
0
VERTEX
8
C-TOPO-MAJR
10
1310942.5395478671
20
367166.29216778826
30
196
0
VERTEX
8
C-TOPO-MAJR
10
1310936.5021583638
20
367158.51396810735
30
196
0
VERTEX
8
C-TOPO-MAJR
10
1310935.6225669489
20
367156.97132028517
30
196
0
VERTEX
8
C-TOPO-MAJR
10
1310934.0513758594
20
367154.3112206182
30
196
0
VERTEX
8
C-TOPO-MAJR
10
1310929.1957425263
20
367149.2479105348
30
196
0
VERTEX
8
C-TOPO-MAJR
10
1310924.682300114
20
367144.07075552037
30
196
0
VERTEX
8
C-TOPO-MAJR
10
1310921.7915578561
20
367139.82634145446
30
196
0
VERTEX
8
C-TOPO-MAJR
10
1310918.3627589429
20
367135.41788568586
30
196
0
VERTEX
8
C-TOPO-MAJR
10
1310913.7426894556
20
367131.43528210605
30
196
0
VERTEX
8
C-TOPO-MAJR
10
1310908.7643529421
20
367127.32374178444
30
196
0
VERTEX
8
C-TOPO-MAJR
10
1310907.9710474506
20
367126.44939969527
30
196
0
VERTEX
8
C-TOPO-MAJR
10
1310905.397889862
20
367124.22696319397
30
196
0
VERTEX
8
C-TOPO-MAJR
10
1310902.9996007015
20
367122.8995380242
30
196
0
VERTEX
8
C-TOPO-MAJR
10
1310896.9904263702
20
367120.50223311613
30
196
0
VERTEX
8
C-TOPO-MAJR
10
1310893.5967323731
20
367118.70433644805
30
196
0
VERTEX
8
C-TOPO-MAJR
10
1310890.3559251945
20
367113.86707578844
30
196
0
VERTEX
8
C-TOPO-MAJR
10
1310890.1843376101
20
367113.40546253126
30
196
0
VERTEX
8
C-TOPO-MAJR
10
1310887.4464822074
20
367106.42319302156
30
196
0
VERTEX
8
C-TOPO-MAJR
10
1310883.1869762863
20
367099.2325906191
30
196
0
VERTEX
8
C-TOPO-MAJR
10
1310879.8864579427
20
367095.36580043036
30
196
0
VERTEX
8
C-TOPO-MAJR
10
1310876.2227513597
20
367092.2394943565
30
196
0
VERTEX
8
C-TOPO-MAJR
10
1310871.14434945
20
367087.9826131054
30
196
0
VERTEX
8
C-TOPO-MAJR
10
1310868.9064930328
20
367084.47573036357
30
196
0
VERTEX
8
C-TOPO-MAJR
10
1310867.902229949
20
367083.1371503702
30
196
0
VERTEX
8
C-TOPO-MAJR
10
1310866.8372714447
20
367080.2634684494
30
196
0
VERTEX
8
C-TOPO-MAJR
10
1310867.1227039506
20
367076.54037877324
30
196
0
VERTEX
8
C-TOPO-MAJR
10
1310866.3264456955
20
367070.75036411267
30
196
0
VERTEX
8
C-TOPO-MAJR
10
1310865.6463289512
20
367065.5617261949
30
196
0
VERTEX
8
C-TOPO-MAJR
10
1310865.4534159494
20
367061.9902110301
30
196
0
VERTEX
8
C-TOPO-MAJR
10
1310864.7795327862
20
367057.8757179513
30
196
0
VERTEX
8
C-TOPO-MAJR
10
1310863.687343372
20
367055.98070861044
30
196
0
VERTEX
8
C-TOPO-MAJR
10
1310860.4225861237
20
367051.583079604
30
196
0
SEQEND
0
POLYLINE
8
C-TOPO-MAJR
66
1
70
0
0
VERTEX
8
C-TOPO-MAJR
10
1310861.248699942
20
367047.9105147731
30
196
0
VERTEX
8
C-TOPO-MAJR
10
1310861.3648414644
20
367046.6047431063
30
196
0
VERTEX
8
C-TOPO-MAJR
10
1310861.2631356202
20
367046.2238383647
30
196
0
VERTEX
8
C-TOPO-MAJR
10
1310860.881246622
20
367045.02338143706
30
196
0
SEQEND
0
POLYLINE
8
C-TOPO-MAJR
66
1
70
0
0
VERTEX
8
C-TOPO-MAJR
10
1311136.7314166913
20
367040.3025903585
30
206
0
VERTEX
8
C-TOPO-MAJR
10
1311142.2753688681
20
367043.9390660168
30
206
0
VERTEX
8
C-TOPO-MAJR
10
1311153.6900442026
20
367051.80847285915
30
206
0
VERTEX
8
C-TOPO-MAJR
10
1311163.5450113649
20
367068.6909850199
30
206
0
VERTEX
8
C-TOPO-MAJR
10
1311163.6985543617
20
367069.2467581897
30
206
0
VERTEX
8
C-TOPO-MAJR
10
1311165.3511101087
20
367073.28972911637
30
206
0
VERTEX
8
C-TOPO-MAJR
10
1311168.311406026
20
367076.71623145585
30
206
0
VERTEX
8
C-TOPO-MAJR
10
1311168.8724285325
20
367077.2116372787
30
206
0
SEQEND
0
POLYLINE
8
C-TOPO-MAJR
66
1
70
0
0
VERTEX
8
C-TOPO-MAJR
10
1311195.8759834433
20
367140.21872910537
30
204
0
VERTEX
8
C-TOPO-MAJR
10
1311196.4311004514
20
367146.4496877777
30
204
0
VERTEX
8
C-TOPO-MAJR
10
1311197.33431386
20
367152.3368151203
30
204
0
VERTEX
8
C-TOPO-MAJR
10
1311201.9104202003
20
367159.7948054465
30
204
0
VERTEX
8
C-TOPO-MAJR
10
1311204.0055603643
20
367162.6314139495
30
204
0
VERTEX
8
C-TOPO-MAJR
10
1311204.1673054527
20
367165.58580436156
30
204
0
VERTEX
8
C-TOPO-MAJR
10
1311201.627940459
20
367166.09794244263
30
204
0
VERTEX
8
C-TOPO-MAJR
10
1311197.999338785
20
367165.33219595096
30
204
0
VERTEX
8
C-TOPO-MAJR
10
1311192.3651636983
20
367165.5218281163
30
204
0
VERTEX
8
C-TOPO-MAJR
10
1311193.2654243668
20
367169.16880244185
30
204
0
VERTEX
8
C-TOPO-MAJR
10
1311196.5846434508
20
367173.5090168525
30
204
0
VERTEX
8
C-TOPO-MAJR
10
1311202.3858129468
20
367178.55985978123
30
204
0
VERTEX
8
C-TOPO-MAJR
10
1311203.1397484462
20
367179.5195035266
30
204
0
VERTEX
8
C-TOPO-MAJR
10
1311204.7834459518
20
367184.2691659414
30
204
0
VERTEX
8
C-TOPO-MAJR
10
1311205.1134977934
20
367184.8616844463
30
204
0
VERTEX
8
C-TOPO-MAJR
10
1311209.8854698646
20
367188.21174337977
30
204
0
VERTEX
8
C-TOPO-MAJR
10
1311215.164330704
20
367190.1822118599
30
204
0
VERTEX
8
C-TOPO-MAJR
10
1311217.9340101995
20
367194.6854836852
30
204
0
VERTEX
8
C-TOPO-MAJR
10
1311213.3470771112
20
367198.6539796996
30
204
0
VERTEX
8
C-TOPO-MAJR
10
1311207.8116551123
20
367200.0470215254
30
204
0
VERTEX
8
C-TOPO-MAJR
10
1311202.262125532
20
367203.27568961785
30
204
0
VERTEX
8
C-TOPO-MAJR
10
1311196.6240134535
20
367212.15460886084
30
204
0
VERTEX
8
C-TOPO-MAJR
10
1311187.9261961957
20
367212.84817702876
30
204
0
VERTEX
8
C-TOPO-MAJR
10
1311183.4393285322
20
367213.60604951857
30
204
0
VERTEX
8
C-TOPO-MAJR
10
1311171.8442073744
20
367221.8146945288
30
204
0
VERTEX
8
C-TOPO-MAJR
10
1311167.298940865
20
367224.07682910707
30
204
0
VERTEX
8
C-TOPO-MAJR
10
1311160.1112911908
20
367226.68049844797
30
204
0
VERTEX
8
C-TOPO-MAJR
10
1311154.5578246207
20
367230.5125117678
30
204
0
VERTEX
8
C-TOPO-MAJR
10
1311155.4387283747
20
367234.8934085221
30
204
0
VERTEX
8
C-TOPO-MAJR
10
1311158.426583293
20
367237.2680756851
30
204
0
VERTEX
8
C-TOPO-MAJR
10
1311163.8261787791
20
367236.2060699486
30
204
0
VERTEX
8
C-TOPO-MAJR
10
1311174.5932176192
20
367229.88718494563
30
204
0
VERTEX
8
C-TOPO-MAJR
10
1311176.0095533703
20
367229.3944037819
30
204
0
VERTEX
8
C-TOPO-MAJR
10
1311180.6329037098
20
367229.84912726417
30
204
0
VERTEX
8
C-TOPO-MAJR
10
1311185.1483146192
20
367233.3343565336
30
204
0
VERTEX
8
C-TOPO-MAJR
10
1311183.4494991086
20
367241.0167558575
30
204
0
VERTEX
8
C-TOPO-MAJR
10
1311181.8868381905
20
367241.2569128712
30
204
0
VERTEX
8
C-TOPO-MAJR
10
1311169.5637001148
20
367240.98722836183
30
204
0
VERTEX
8
C-TOPO-MAJR
10
1311159.8147038582
20
367245.2641226898
30
204
0
VERTEX
8
C-TOPO-MAJR
10
1311157.162150109
20
367247.6693016181
30
204
0
VERTEX
8
C-TOPO-MAJR
10
1311153.6910284574
20
367255.70176586293
30
204
0
VERTEX
8
C-TOPO-MAJR
10
1311151.9466093723
20
367261.4615968715
30
204
0
VERTEX
8
C-TOPO-MAJR
10
1311148.334411869
20
367275.6712141156
30
204
0
VERTEX
8
C-TOPO-MAJR
10
1311151.4269253653
20
367283.6406863605
30
204
0
VERTEX
8
C-TOPO-MAJR
10
1311156.8199592028
20
367294.2367937833
30
204
0
VERTEX
8
C-TOPO-MAJR
10
1311149.6710233674
20
367299.9805487083
30
204
0
VERTEX
8
C-TOPO-MAJR
10
1311145.9955057793
20
367299.2377680262
30
204
0
VERTEX
8
C-TOPO-MAJR
10
1311144.141506859
20
367298.28042086336
30
204
0
VERTEX
8
C-TOPO-MAJR
10
1311137.3885676195
20
367293.6787240372
30
204
0
VERTEX
8
C-TOPO-MAJR
10
1311134.8574047051
20
367292.81848951656
30
204
0
VERTEX
8
C-TOPO-MAJR
10
1311127.725201112
20
367294.38836827636
30
204
0
VERTEX
8
C-TOPO-MAJR
10
1311123.2147114542
20
367298.4671002776
30
204
0
VERTEX
8
C-TOPO-MAJR
10
1311117.5752870378
20
367308.4090095329
30
204
0
VERTEX
8
C-TOPO-MAJR
10
1311117.389263785
20
367308.57961286977
30
204
0
VERTEX
8
C-TOPO-MAJR
10
1311114.4004246145
20
367310.18492461526
30
204
0
VERTEX
8
C-TOPO-MAJR
10
1311111.1107330287
20
367312.2751435317
30
204
0
VERTEX
8
C-TOPO-MAJR
10
1311112.6212287063
20
367313.8125420356
30
204
0
VERTEX
8
C-TOPO-MAJR
10
1311114.3626950313
20
367315.1045341922
30
204
0
VERTEX
8
C-TOPO-MAJR
10
1311115.2639399448
20
367317.749542027
30
204
0
VERTEX
8
C-TOPO-MAJR
10
1311114.5254243687
20
367319.63241228374
30
204
0
VERTEX
8
C-TOPO-MAJR
10
1311113.8548220359
20
367327.10319784743
30
204
0
VERTEX
8
C-TOPO-MAJR
10
1311115.79970003
20
367330.2800287788
30
204
0
VERTEX
8
C-TOPO-MAJR
10
1311123.917465948
20
367335.512629871
30
204
0
VERTEX
8
C-TOPO-MAJR
10
1311126.3626710272
20
367338.2718106983
30
204
0
VERTEX
8
C-TOPO-MAJR
10
1311126.6599145334
20
367342.33184194466
30
204
0
VERTEX
8
C-TOPO-MAJR
10
1311126.2560439461
20
367348.28885101626
30
204
0
VERTEX
8
C-TOPO-MAJR
10
1311125.257686371
20
367353.2557046016
30
204
0
VERTEX
8
C-TOPO-MAJR
10
1311120.8977869563
20
367358.694998191
30
204
0
VERTEX
8
C-TOPO-MAJR
10
1311115.1858561165
20
367364.6920334438
30
204
0
VERTEX
8
C-TOPO-MAJR
10
1311112.3275941126
20
367373.95874719106
30
204
0
VERTEX
8
C-TOPO-MAJR
10
1311110.7386865318
20
367386.2156124402
30
204
0
VERTEX
8
C-TOPO-MAJR
10
1311102.155698443
20
367392.77399827295
30
204
0
VERTEX
8
C-TOPO-MAJR
10
1311101.679321445
20
367392.9816750246
30
204
0
VERTEX
8
C-TOPO-MAJR
10
1311096.05498887
20
367398.1430820231
30
204
0
VERTEX
8
C-TOPO-MAJR
10
1311096.597310609
20
367402.78086802183
30
204
0
VERTEX
8
C-TOPO-MAJR
10
1311101.3938889448
20
367407.30087211146
30
204
0
VERTEX
8
C-TOPO-MAJR
10
1311101.786276618
20
367408.0810542881
30
204
0
VERTEX
8
C-TOPO-MAJR
10
1311102.3922465506
20
367414.54068702506
30
204
0
VERTEX
8
C-TOPO-MAJR
10
1311099.2951398573
20
367419.28674052627
30
204
0
VERTEX
8
C-TOPO-MAJR
10
1311095.730514446
20
367426.32445610454
30
204
0
VERTEX
8
C-TOPO-MAJR
10
1311094.0261215374
20
367431.23553552316
30
204
0
VERTEX
8
C-TOPO-MAJR
10
1311089.5221935366
20
367442.03735119494
30
204
0
VERTEX
8
C-TOPO-MAJR
10
1311093.3489575346
20
367454.70071169717
30
204
0
VERTEX
8
C-TOPO-MAJR
10
1311094.6603066165
20
367461.9136237681
30
204
0
VERTEX
8
C-TOPO-MAJR
10
1311092.5044710268
20
367465.6216216182
30
204
0
VERTEX
8
C-TOPO-MAJR
10
1311089.5248181908
20
367467.2416971192
30
204
0
VERTEX
8
C-TOPO-MAJR
10
1311083.6393312742
20
367461.2764859446
30
204
0
VERTEX
8
C-TOPO-MAJR
10
1311083.3388069514
20
367460.97989862005
30
204
0
VERTEX
8
C-TOPO-MAJR
10
1311064.3135825312
20
367448.4211966945
30
204
0
VERTEX
8
C-TOPO-MAJR
10
1311056.6203564531
20
367443.2742253627
30
204
0
VERTEX
8
C-TOPO-MAJR
10
1311047.9373029394
20
367437.147925267
30
204
0
VERTEX
8
C-TOPO-MAJR
10
1311044.375958364
20
367434.4038362749
30
204
0
VERTEX
8
C-TOPO-MAJR
10
1311033.9071472853
20
367419.6587870298
30
204
0
VERTEX
8
C-TOPO-MAJR
10
1311033.3339856954
20
367416.8986219481
30
204
0
VERTEX
8
C-TOPO-MAJR
10
1311032.4130557873
20
367414.52297052764
30
204
0
VERTEX
8
C-TOPO-MAJR
10
1311025.7404969437
20
367407.1135365225
30
204
0
VERTEX
8
C-TOPO-MAJR
10
1311024.233610194
20
367405.9862421883
30
204
0
VERTEX
8
C-TOPO-MAJR
10
1311014.1522655229
20
367398.9249046166
30
204
0
VERTEX
8
C-TOPO-MAJR
10
1311009.2136271133
20
367389.76186520373
30
204
0
VERTEX
8
C-TOPO-MAJR
10
1311005.634237956
20
367374.01944261463
30
204
0
VERTEX
8
C-TOPO-MAJR
10
1311000.1214537015
20
367362.1326553724
30
204
0
VERTEX
8
C-TOPO-MAJR
10
1310996.023364777
20
367355.47879727144
30
204
0
VERTEX
8
C-TOPO-MAJR
10
1310992.0939107016
20
367347.87120095186
30
204
0
VERTEX
8
C-TOPO-MAJR
10
1310991.0384666107
20
367345.5280297904
30
204
0
VERTEX
8
C-TOPO-MAJR
10
1310989.8094664481
20
367342.9322344514
30
204
0
VERTEX
8
C-TOPO-MAJR
10
1310989.1093366093
20
367341.49227669695
30
204
0
VERTEX
8
C-TOPO-MAJR
10
1310987.1779100446
20
367338.7609829454
30
204
0
VERTEX
8
C-TOPO-MAJR
10
1310984.8435971097
20
367337.86990861327
30
204
0
SEQEND
0
POLYLINE
8
C-TOPO-MAJR
66
1
70
0
0
VERTEX
8
C-TOPO-MAJR
10
1310931.2807121247
20
367312.5687781173
30
204
0
VERTEX
8
C-TOPO-MAJR
10
1310930.7744795338
20
367312.83452561504
30
204
0
VERTEX
8
C-TOPO-MAJR
10
1310924.1681935312
20
367320.4749302795
30
204
0
VERTEX
8
C-TOPO-MAJR
10
1310912.8959063636
20
367329.4706472016
30
204
0
VERTEX
8
C-TOPO-MAJR
10
1310909.2400737803
20
367333.86794811604
30
204
0
VERTEX
8
C-TOPO-MAJR
10
1310906.9270862872
20
367347.52933811565
30
204
0
VERTEX
8
C-TOPO-MAJR
10
1310906.958254201
20
367359.5949307825
30
204
0
VERTEX
8
C-TOPO-MAJR
10
1310904.5950699544
20
367365.1585679579
30
204
0
VERTEX
8
C-TOPO-MAJR
10
1310899.7223762826
20
367372.6332905332
30
204
0
VERTEX
8
C-TOPO-MAJR
10
1310899.4638466178
20
367375.9144519463
30
204
0
VERTEX
8
C-TOPO-MAJR
10
1310904.306684697
20
367382.2418671076
30
204
0
VERTEX
8
C-TOPO-MAJR
10
1310908.1843016078
20
367386.5446800328
30
204
0
VERTEX
8
C-TOPO-MAJR
10
1310909.5711098732
20
367389.15589527454
30
204
0
VERTEX
8
C-TOPO-MAJR
10
1310908.5120568662
20
367399.2772661108
30
204
0
VERTEX
8
C-TOPO-MAJR
10
1310898.1843216177
20
367401.9570507871
30
204
0
VERTEX
8
C-TOPO-MAJR
10
1310890.8667509495
20
367405.5508756143
30
204
0
VERTEX
8
C-TOPO-MAJR
10
1310890.0846002826
20
367405.82351286866
30
204
0
VERTEX
8
C-TOPO-MAJR
10
1310878.242432367
20
367405.88552060194
30
204
0
VERTEX
8
C-TOPO-MAJR
10
1310874.7325968698
20
367406.369115451
30
204
0
VERTEX
8
C-TOPO-MAJR
10
1310872.377614701
20
367408.3595970232
30
204
0
VERTEX
8
C-TOPO-MAJR
10
1310872.1660009418
20
367409.4918126204
30
204
0
VERTEX
8
C-TOPO-MAJR
10
1310872.6476272906
20
367414.14829936496
30
204
0
VERTEX
8
C-TOPO-MAJR
10
1310873.5596989472
20
367415.81922778476
30
204
0
VERTEX
8
C-TOPO-MAJR
10
1310879.47766612
20
367422.96685127326
30
204
0
VERTEX
8
C-TOPO-MAJR
10
1310881.3149327864
20
367425.39171519876
30
204
0
VERTEX
8
C-TOPO-MAJR
10
1310882.1016766254
20
367426.5472246944
30
204
0
VERTEX
8
C-TOPO-MAJR
10
1310885.1072480327
20
367430.18894969247
30
204
0
VERTEX
8
C-TOPO-MAJR
10
1310900.8831351185
20
367443.5458783687
30
204
0
VERTEX
8
C-TOPO-MAJR
10
1310907.0825977868
20
367446.60361502937
30
204
0
VERTEX
8
C-TOPO-MAJR
10
1310908.6541169514
20
367446.54423195217
30
204
0
VERTEX
8
C-TOPO-MAJR
10
1310915.7243127744
20
367445.6981050215
30
204
0
VERTEX
8
C-TOPO-MAJR
10
1310917.6636133543
20
367452.6318181978
30
204
0
VERTEX
8
C-TOPO-MAJR
10
1310914.804367122
20
367462.20332136954
30
204
0
VERTEX
8
C-TOPO-MAJR
10
1310914.5950499421
20
367464.0904566963
30
204
0
VERTEX
8
C-TOPO-MAJR
10
1310914.9739862022
20
367465.9464241104
30
204
0
VERTEX
8
C-TOPO-MAJR
10
1310915.8105986926
20
367467.87949111126
30
204
0
VERTEX
8
C-TOPO-MAJR
10
1310920.4155763567
20
367477.93130829517
30
204
0
VERTEX
8
C-TOPO-MAJR
10
1310921.8873581989
20
367480.25741910643
30
204
0
VERTEX
8
C-TOPO-MAJR
10
1310922.4903753598
20
367481.0612232918
30
204
0
VERTEX
8
C-TOPO-MAJR
10
1310929.120283358
20
367490.50936710753
30
204
0
VERTEX
8
C-TOPO-MAJR
10
1310931.4647668682
20
367494.40076352283
30
204
0
VERTEX
8
C-TOPO-MAJR
10
1310932.0523641198
20
367495.41027595097
30
204
0
VERTEX
8
C-TOPO-MAJR
10
1310932.6406175245
20
367495.80692869634
30
204
0
VERTEX
8
C-TOPO-MAJR
10
1310939.4030712051
20
367498.18422052765
30
204
0
VERTEX
8
C-TOPO-MAJR
10
1310942.461792117
20
367508.208478685
30
204
0
VERTEX
8
C-TOPO-MAJR
10
1310944.1077862019
20
367511.58544043667
30
204
0
VERTEX
8
C-TOPO-MAJR
10
1310946.9050247027
20
367515.445012783
30
204
0
VERTEX
8
C-TOPO-MAJR
10
1310951.246223369
20
367521.0558939423
30
204
0
VERTEX
8
C-TOPO-MAJR
10
1310951.6166294455
20
367521.713044864
30
204
0
VERTEX
8
C-TOPO-MAJR
10
1310952.7203017895
20
367524.02340769593
30
204
0
VERTEX
8
C-TOPO-MAJR
10
1310954.0483831128
20
367526.8032577748
30
204
0
VERTEX
8
C-TOPO-MAJR
10
1310956.9210807786
20
367531.07555893774
30
204
0
VERTEX
8
C-TOPO-MAJR
10
1310959.3613646124
20
367533.9079023646
30
204
0
VERTEX
8
C-TOPO-MAJR
10
1310960.8062436166
20
367535.12968470325
30
204
0
VERTEX
8
C-TOPO-MAJR
10
1310961.6500739532
20
367535.8954311858
30
204
0
VERTEX
8
C-TOPO-MAJR
10
1310964.7019051097
20
367540.3508028647
30
204
0
VERTEX
8
C-TOPO-MAJR
10
1310967.1425170251
20
367544.4420020328
30
204
0
SEQEND
0
POLYLINE
8
C-TOPO-MAJR
66
1
70
0
0
VERTEX
8
C-TOPO-MAJR
10
1310899.4592534495
20
367040.62608052563
30
192
0
VERTEX
8
C-TOPO-MAJR
10
1310900.4412068713
20
367046.63853569026
30
192
0
VERTEX
8
C-TOPO-MAJR
10
1310900.6564295397
20
367050.4905621083
30
192
0
VERTEX
8
C-TOPO-MAJR
10
1310900.2394356227
20
367054.9285453481
30
192
0
VERTEX
8
C-TOPO-MAJR
10
1310900.6600384486
20
367057.52007561404
30
192
0
VERTEX
8
C-TOPO-MAJR
10
1310906.9700651956
20
367068.600762119
30
192
0
VERTEX
8
C-TOPO-MAJR
10
1310909.9779331924
20
367072.7874335338
30
192
0
VERTEX
8
C-TOPO-MAJR
10
1310912.9785833636
20
367077.9140636877
30
192
0
VERTEX
8
C-TOPO-MAJR
10
1310914.3890136178
20
367083.40289786184
30
192
0
VERTEX
8
C-TOPO-MAJR
10
1310915.010075373
20
367088.4232290252
30
192
0
VERTEX
8
C-TOPO-MAJR
10
1310915.0560070355
20
367093.6568143627
30
192
0
VERTEX
8
C-TOPO-MAJR
10
1310914.3562052776
20
367097.3500484574
30
192
0
VERTEX
8
C-TOPO-MAJR
10
1310914.4680816934
20
367102.8054181273
30
192
0
VERTEX
8
C-TOPO-MAJR
10
1310914.7439997853
20
367104.29754111334
30
192
0
VERTEX
8
C-TOPO-MAJR
10
1310914.5940657065
20
367106.06591028266
30
192
0
VERTEX
8
C-TOPO-MAJR
10
1310912.9874416043
20
367106.4628911138
30
192
0
VERTEX
8
C-TOPO-MAJR
10
1310910.1232741107
20
367105.5659112795
30
192
0
VERTEX
8
C-TOPO-MAJR
10
1310908.283382781
20
367103.1731995303
30
192
0
VERTEX
8
C-TOPO-MAJR
10
1310904.2351625396
20
367092.4225648663
30
192
0
VERTEX
8
C-TOPO-MAJR
10
1310901.8408103674
20
367087.5091888591
30
192
0
VERTEX
8
C-TOPO-MAJR
10
1310898.6974439414
20
367083.51116537047
30
192
0
VERTEX
8
C-TOPO-MAJR
10
1310893.6577558608
20
367079.92980768875
30
192
0
VERTEX
8
C-TOPO-MAJR
10
1310888.0973995284
20
367075.8619024405
30
192
0
VERTEX
8
C-TOPO-MAJR
10
1310883.657119706
20
367071.480021447
30
192
0
VERTEX
8
C-TOPO-MAJR
10
1310879.7968911927
20
367067.1532584394
30
192
0
VERTEX
8
C-TOPO-MAJR
10
1310878.254243368
20
367064.3360068538
30
192
0
VERTEX
8
C-TOPO-MAJR
10
1310877.4917777022
20
367062.0253159391
30
192
0
VERTEX
8
C-TOPO-MAJR
10
1310876.9802957855
20
367059.7828663579
30
192
0
VERTEX
8
C-TOPO-MAJR
10
1310875.1997875373
20
367052.13458768855
30
192
0
VERTEX
8
C-TOPO-MAJR
10
1310874.8431609569
20
367050.9393801128
30
192
0
VERTEX
8
C-TOPO-MAJR
10
1310874.6810877884
20
367049.7674664508
30
192
0
VERTEX
8
C-TOPO-MAJR
10
1310874.8513630263
20
367045.6037608792
30
192
0
VERTEX
8
C-TOPO-MAJR
10
1310874.5580565268
20
367039.9918954563
30
192
0
SEQEND
0
POLYLINE
8
C-TOPO-MAJR
66
1
70
0
0
VERTEX
8
C-TOPO-MAJR
10
1311435.6068032018
20
367063.24841061496
30
208
0
VERTEX
8
C-TOPO-MAJR
10
1311435.8269471184
20
367063.448869515
30
208
0
VERTEX
8
C-TOPO-MAJR
10
1311436.9224173701
20
367064.1302986141
30
208
0
VERTEX
8
C-TOPO-MAJR
10
1311437.696694024
20
367065.10667459934
30
208
0
SEQEND
0
POLYLINE
8
C-TOPO-MAJR
66
1
70
0
0
VERTEX
8
C-TOPO-MAJR
10
1311518.711951952
20
367289.71186844894
30
210
0
VERTEX
8
C-TOPO-MAJR
10
1311512.264786374
20
367295.62557053607
30
210
0
VERTEX
8
C-TOPO-MAJR
10
1311511.1082926202
20
367295.86474327696
30
210
0
VERTEX
8
C-TOPO-MAJR
10
1311498.658514359
20
367293.86704386835
30
210
0
VERTEX
8
C-TOPO-MAJR
10
1311495.6581922856
20
367293.29060144705
30
210
0
VERTEX
8
C-TOPO-MAJR
10
1311493.9049149565
20
367293.6035929409
30
210
0
VERTEX
8
C-TOPO-MAJR
10
1311491.5332005348
20
367295.5983396198
30
210
0
VERTEX
8
C-TOPO-MAJR
10
1311493.0059666135
20
367297.3276668654
30
210
0
VERTEX
8
C-TOPO-MAJR
10
1311493.2152837743
20
367297.4746481936
30
210
0
VERTEX
8
C-TOPO-MAJR
10
1311496.003335946
20
367299.5497752656
30
210
0
VERTEX
8
C-TOPO-MAJR
10
1311508.1102671167
20
367303.5025232731
30
210
0
VERTEX
8
C-TOPO-MAJR
10
1311513.9895204552
20
367306.8368341845
30
210
0
SEQEND
0
POLYLINE
8
C-TOPO-MAJR
66
1
70
0
0
VERTEX
8
C-TOPO-MAJR
10
1311437.696694024
20
367065.10667459934
30
208
0
VERTEX
8
C-TOPO-MAJR
10
1311443.5677452788
20
367072.50954694895
30
208
0
VERTEX
8
C-TOPO-MAJR
10
1311447.0136045304
20
367077.27659777226
30
208
0
VERTEX
8
C-TOPO-MAJR
10
1311452.4945646925
20
367082.2250787038
30
208
0
VERTEX
8
C-TOPO-MAJR
10
1311453.889246951
20
367083.4284883642
30
208
0
VERTEX
8
C-TOPO-MAJR
10
1311462.463704868
20
367091.07118961116
30
208
0
VERTEX
8
C-TOPO-MAJR
10
1311471.6900643597
20
367099.9779959512
30
208
0
VERTEX
8
C-TOPO-MAJR
10
1311475.1060680228
20
367106.9189269333
30
208
0
VERTEX
8
C-TOPO-MAJR
10
1311476.152653866
20
367115.2748813605
30
208
0
VERTEX
8
C-TOPO-MAJR
10
1311475.470568617
20
367117.4861630322
30
208
0
VERTEX
8
C-TOPO-MAJR
10
1311472.885928117
20
367118.74403452507
30
208
0
VERTEX
8
C-TOPO-MAJR
10
1311469.6470894457
20
367116.85230602114
30
208
0
VERTEX
8
C-TOPO-MAJR
10
1311469.1064081122
20
367116.80243735673
30
208
0
VERTEX
8
C-TOPO-MAJR
10
1311465.082794108
20
367118.02257927845
30
208
0
VERTEX
8
C-TOPO-MAJR
10
1311462.9607511058
20
367120.6754611121
30
208
0
VERTEX
8
C-TOPO-MAJR
10
1311463.0083232038
20
367121.13641820074
30
208
0
VERTEX
8
C-TOPO-MAJR
10
1311465.1310223588
20
367127.9313521092
30
208
0
VERTEX
8
C-TOPO-MAJR
10
1311464.4023492876
20
367130.55240985553
30
208
0
VERTEX
8
C-TOPO-MAJR
10
1311462.5972347765
20
367132.84013494843
30
208
0
VERTEX
8
C-TOPO-MAJR
10
1311460.3393652828
20
367138.3558719438
30
208
0
VERTEX
8
C-TOPO-MAJR
10
1311458.9354966967
20
367144.17180520174
30
208
0
VERTEX
8
C-TOPO-MAJR
10
1311455.292131284
20
367154.5530180305
30
208
0
VERTEX
8
C-TOPO-MAJR
10
1311453.8049295323
20
367157.8302424441
30
208
0
VERTEX
8
C-TOPO-MAJR
10
1311453.371859527
20
367159.38634169067
30
208
0
VERTEX
8
C-TOPO-MAJR
10
1311453.1602457801
20
367165.1153328541
30
208
0
VERTEX
8
C-TOPO-MAJR
10
1311453.104471617
20
367179.2560526144
30
208
0
VERTEX
8
C-TOPO-MAJR
10
1311453.819693276
20
367182.51949752396
30
208
0
VERTEX
8
C-TOPO-MAJR
10
1311460.2120689554
20
367195.7123845219
30
208
0
VERTEX
8
C-TOPO-MAJR
10
1311460.8682356158
20
367197.4118561983
30
208
0
VERTEX
8
C-TOPO-MAJR
10
1311460.5693516962
20
367200.66611477785
30
208
0
VERTEX
8
C-TOPO-MAJR
10
1311456.2711319448
20
367208.4439863607
30
208
0
VERTEX
8
C-TOPO-MAJR
10
1311448.6336800226
20
367217.35997903073
30
208
0
VERTEX
8
C-TOPO-MAJR
10
1311443.3003573678
20
367221.73825112893
30
208
0
VERTEX
8
C-TOPO-MAJR
10
1311442.8124974512
20
367222.02827678266
30
208
0
VERTEX
8
C-TOPO-MAJR
10
1311433.5566104448
20
367225.8035316905
30
208
0
VERTEX
8
C-TOPO-MAJR
10
1311424.1465242794
20
367230.56631744385
30
208
0
VERTEX
8
C-TOPO-MAJR
10
1311416.9874178662
20
367238.42456943827
30
208
0
VERTEX
8
C-TOPO-MAJR
10
1311408.5858598603
20
367244.60762795195
30
208
0
VERTEX
8
C-TOPO-MAJR
10
1311406.3991844489
20
367245.0918789513
30
208
0
VERTEX
8
C-TOPO-MAJR
10
1311398.0041881124
20
367248.9173306064
30
208
0
VERTEX
8
C-TOPO-MAJR
10
1311395.1774221207
20
367251.10991152923
30
208
0
VERTEX
8
C-TOPO-MAJR
10
1311390.6623392832
20
367250.1128662802
30
208
0
VERTEX
8
C-TOPO-MAJR
10
1311387.6908885369
20
367247.8431857828
30
208
0
VERTEX
8
C-TOPO-MAJR
10
1311384.722062449
20
367246.13518394204
30
208
0
VERTEX
8
C-TOPO-MAJR
10
1311379.2532413737
20
367245.06497610867
30
208
0
VERTEX
8
C-TOPO-MAJR
10
1311373.9625695297
20
367245.6194369565
30
208
0
VERTEX
8
C-TOPO-MAJR
10
1311366.1180970317
20
367248.83826252294
30
208
0
VERTEX
8
C-TOPO-MAJR
10
1311365.5600272838
20
367252.71423903556
30
208
0
VERTEX
8
C-TOPO-MAJR
10
1311369.857918945
20
367257.6302396928
30
208
0
VERTEX
8
C-TOPO-MAJR
10
1311372.0682163585
20
367260.6433570195
30
208
0
VERTEX
8
C-TOPO-MAJR
10
1311373.4569931133
20
367262.946830104
30
208
0
VERTEX
8
C-TOPO-MAJR
10
1311380.5957583587
20
367273.28309552214
30
208
0
VERTEX
8
C-TOPO-MAJR
10
1311389.1774341096
20
367280.49502336304
30
208
0
VERTEX
8
C-TOPO-MAJR
10
1311391.7227046154
20
367281.9179207856
30
208
0
VERTEX
8
C-TOPO-MAJR
10
1311395.936935033
20
367286.9917295209
30
208
0
VERTEX
8
C-TOPO-MAJR
10
1311399.6439486132
20
367302.49038620415
30
208
0
VERTEX
8
C-TOPO-MAJR
10
1311397.9254481187
20
367308.7977882794
30
208
0
VERTEX
8
C-TOPO-MAJR
10
1311389.970083455
20
367318.056628034
30
208
0
VERTEX
8
C-TOPO-MAJR
10
1311384.503558947
20
367325.9644206131
30
208
0
VERTEX
8
C-TOPO-MAJR
10
1311384.044242289
20
367328.2731430219
30
208
0
VERTEX
8
C-TOPO-MAJR
10
1311385.373635944
20
367336.03756318346
30
208
0
VERTEX
8
C-TOPO-MAJR
10
1311392.5970466938
20
367347.1658217796
30
208
0
VERTEX
8
C-TOPO-MAJR
10
1311397.2128511148
20
367349.07198593783
30
208
0
VERTEX
8
C-TOPO-MAJR
10
1311397.8890308666
20
367349.2225762009
30
208
0
VERTEX
8
C-TOPO-MAJR
10
1311400.2643541945
20
367350.57690419804
30
208
0
VERTEX
8
C-TOPO-MAJR
10
1311402.0409254518
20
367351.78884402895
30
208
0
VERTEX
8
C-TOPO-MAJR
10
1311404.752206108
20
367352.5178451947
30
208
0
VERTEX
8
C-TOPO-MAJR
10
1311411.2538335267
20
367351.9003923684
30
208
0
VERTEX
8
C-TOPO-MAJR
10
1311408.4752957746
20
367357.15628734377
30
208
0
VERTEX
8
C-TOPO-MAJR
10
1311407.437896281
20
367358.28719061596
30
208
0
VERTEX
8
C-TOPO-MAJR
10
1311399.4720329456
20
367364.0798299418
30
208
0
VERTEX
8
C-TOPO-MAJR
10
1311396.8463820363
20
367365.7999708697
30
208
0
VERTEX
8
C-TOPO-MAJR
10
1311393.975980947
20
367373.60868227016
30
208
0
VERTEX
8
C-TOPO-MAJR
10
1311399.1898812742
20
367383.0430465941
30
208
0
VERTEX
8
C-TOPO-MAJR
10
1311405.5238581116
20
367391.68705819664
30
208
0
VERTEX
8
C-TOPO-MAJR
10
1311403.1701882905
20
367397.6476761941
30
208
0
VERTEX
8
C-TOPO-MAJR
10
1311402.3558854559
20
367398.5338292693
30
208
0
VERTEX
8
C-TOPO-MAJR
10
1311396.5990071986
20
367408.95080318785
30
208
0
VERTEX
8
C-TOPO-MAJR
10
1311402.8690077774
20
367408.9980472084
30
208
0
VERTEX
8
C-TOPO-MAJR
10
1311404.0468269542
20
367408.4819721126
30
208
0
VERTEX
8
C-TOPO-MAJR
10
1311405.115394368
20
367408.2677336932
30
208
0
VERTEX
8
C-TOPO-MAJR
10
1311406.9989207776
20
367410.4583461133
30
208
0
VERTEX
8
C-TOPO-MAJR
10
1311404.4851462792
20
367415.91601235955
30
208
0
VERTEX
8
C-TOPO-MAJR
10
1311403.2682851956
20
367416.62795320264
30
208
0
VERTEX
8
C-TOPO-MAJR
10
1311394.1849700294
20
367419.8674480298
30
208
0
VERTEX
8
C-TOPO-MAJR
10
1311388.3739580296
20
367426.12957461167
30
208
0
VERTEX
8
C-TOPO-MAJR
10
1311382.6282346207
20
367436.6436612
30
208
0
VERTEX
8
C-TOPO-MAJR
10
1311380.8083563736
20
367440.1295466105
30
208
0
VERTEX
8
C-TOPO-MAJR
10
1311378.8624941192
20
367449.4041343689
30
208
0
VERTEX
8
C-TOPO-MAJR
10
1311382.0573696138
20
367461.317168276
30
208
0
VERTEX
8
C-TOPO-MAJR
10
1311380.6584222843
20
367469.8269937727
30
208
0
VERTEX
8
C-TOPO-MAJR
10
1311376.5839553731
20
367473.0753468531
30
208
0
VERTEX
8
C-TOPO-MAJR
10
1311376.402853364
20
367473.25579269463
30
208
0
VERTEX
8
C-TOPO-MAJR
10
1311375.509154359
20
367478.42507369805
30
208
0
VERTEX
8
C-TOPO-MAJR
10
1311377.966498535
20
367480.6603054398
30
208
0
VERTEX
8
C-TOPO-MAJR
10
1311380.6636716267
20
367480.74462285073
30
208
0
VERTEX
8
C-TOPO-MAJR
10
1311387.2194327859
20
367477.5887892781
30
208
0
VERTEX
8
C-TOPO-MAJR
10
1311389.6751365322
20
367476.00119403005
30
208
0
VERTEX
8
C-TOPO-MAJR
10
1311392.8923217019
20
367470.99004920275
30
208
0
VERTEX
8
C-TOPO-MAJR
10
1311396.3568817016
20
367461.5812753629
30
208
0
VERTEX
8
C-TOPO-MAJR
10
1311397.6534670356
20
367458.61376161233
30
208
0
VERTEX
8
C-TOPO-MAJR
10
1311400.2981467745
20
367451.255508615
30
208
0
VERTEX
8
C-TOPO-MAJR
10
1311401.1820032843
20
367448.54127520137
30
208
0
VERTEX
8
C-TOPO-MAJR
10
1311404.8542400296
20
367446.3401641019
30
208
0
VERTEX
8
C-TOPO-MAJR
10
1311410.71774536
20
367447.37920403795
30
208
0
VERTEX
8
C-TOPO-MAJR
10
1311410.1232583646
20
367449.28963326925
30
208
0
VERTEX
8
C-TOPO-MAJR
10
1311407.658368288
20
367454.8581916985
30
208
0
VERTEX
8
C-TOPO-MAJR
10
1311406.9946556953
20
367461.7817342782
30
208
0
VERTEX
8
C-TOPO-MAJR
10
1311410.0290984444
20
367467.5865127065
30
208
0
VERTEX
8
C-TOPO-MAJR
10
1311418.8030310385
20
367475.3558541066
30
208
0
VERTEX
8
C-TOPO-MAJR
10
1311416.6635996168
20
367481.2961309383
30
208
0
VERTEX
8
C-TOPO-MAJR
10
1311416.36602804
20
367482.18589294545
30
208
0
VERTEX
8
C-TOPO-MAJR
10
1311418.541220529
20
367496.35712444363
30
208
0
VERTEX
8
C-TOPO-MAJR
10
1311420.8702841245
20
367498.57595202525
30
208
0
VERTEX
8
C-TOPO-MAJR
10
1311434.479180776
20
367500.4922867832
30
208
0
VERTEX
8
C-TOPO-MAJR
10
1311436.4673657755
20
367501.073978532
30
208
0
VERTEX
8
C-TOPO-MAJR
10
1311439.0178856198
20
367503.0060612815
30
208
0
VERTEX
8
C-TOPO-MAJR
10
1311442.0798873687
20
367504.0352586976
30
208
0
VERTEX
8
C-TOPO-MAJR
10
1311445.6117044513
20
367505.1103877726
30
208
0
VERTEX
8
C-TOPO-MAJR
10
1311448.0569095244
20
367510.60742403753
30
208
0
VERTEX
8
C-TOPO-MAJR
10
1311441.8151241166
20
367513.8232968651
30
208
0
VERTEX
8
C-TOPO-MAJR
10
1311438.0989242024
20
367514.9056437826
30
208
0
VERTEX
8
C-TOPO-MAJR
10
1311435.4509636124
20
367517.76554620237
30
208
0
VERTEX
8
C-TOPO-MAJR
10
1311432.7879111974
20
367524.0234076898
30
208
0
VERTEX
8
C-TOPO-MAJR
10
1311431.9867317015
20
367525.9062779374
30
208
0
VERTEX
8
C-TOPO-MAJR
10
1311431.6825984525
20
367527.0749107808
30
208
0
VERTEX
8
C-TOPO-MAJR
10
1311430.941458207
20
367528.65791286086
30
208
0
VERTEX
8
C-TOPO-MAJR
10
1311427.3952054502
20
367534.3911691217
30
208
0
VERTEX
8
C-TOPO-MAJR
10
1311425.9017701119
20
367538.5378143584
30
208
0
VERTEX
8
C-TOPO-MAJR
10
1311411.6944494545
20
367546.4656200296
30
208
0
SEQEND
0
POLYLINE
8
C-TOPO-MAJR
66
1
70
0
0
VERTEX
8
C-TOPO-MAJR
10
1311331.2690853751
20
367071.9212935232
30
208
0
VERTEX
8
C-TOPO-MAJR
10
1311335.6060189544
20
367076.6299455269
30
208
0
VERTEX
8
C-TOPO-MAJR
10
1311343.051214036
20
367074.96361027815
30
208
0
VERTEX
8
C-TOPO-MAJR
10
1311343.2041008698
20
367074.86256061203
30
208
0
SEQEND
0
POLYLINE
8
C-TOPO-MAJR
66
1
70
0
0
VERTEX
8
C-TOPO-MAJR
10
1311427.8643646187
20
367042.20120860066
30
208
0
VERTEX
8
C-TOPO-MAJR
10
1311430.954909617
20
367049.2694359443
30
208
0
VERTEX
8
C-TOPO-MAJR
10
1311430.984765195
20
367050.0886600324
30
208
0
SEQEND
0
POLYLINE
8
C-TOPO-MAJR
66
1
70
0
0
VERTEX
8
C-TOPO-MAJR
10
1311456.5749371098
20
367042.8960891119
30
210
0
VERTEX
8
C-TOPO-MAJR
10
1311467.6776051868
20
367054.8514457796
30
210
0
VERTEX
8
C-TOPO-MAJR
10
1311481.7274458662
20
367064.4875813591
30
210
0
VERTEX
8
C-TOPO-MAJR
10
1311495.8553703658
20
367073.01217061427
30
210
0
VERTEX
8
C-TOPO-MAJR
10
1311498.10635012
20
367075.4412996097
30
210
0
VERTEX
8
C-TOPO-MAJR
10
1311500.4052300204
20
367079.7933250278
30
210
0
VERTEX
8
C-TOPO-MAJR
10
1311501.0472891121
20
367082.88222961023
30
210
0
VERTEX
8
C-TOPO-MAJR
10
1311500.389482026
20
367090.45111210423
30
210
0
SEQEND
0
POLYLINE
8
C-TOPO-MAJR
66
1
70
0
0
VERTEX
8
C-TOPO-MAJR
10
1311498.1562187816
20
367170.0254280214
30
210
0
VERTEX
8
C-TOPO-MAJR
10
1311499.2444712052
20
367179.2327587098
30
210
0
VERTEX
8
C-TOPO-MAJR
10
1311503.065001618
20
367186.8784126956
30
210
0
VERTEX
8
C-TOPO-MAJR
10
1311506.1063341163
20
367188.66482645425
30
210
0
VERTEX
8
C-TOPO-MAJR
10
1311517.854014033
20
367191.3623276066
30
210
0
SEQEND
0
POLYLINE
8
C-PROP
66
1
70
1
0
VERTEX
8
C-PROP
10
1310996.2431374593
20
367385.51658809127
30
0
0
VERTEX
8
C-PROP
10
1310881.2508040685
20
367477.1559342289
30
0
0
VERTEX
8
C-PROP
10
1310951.3597389343
20
367522.2467444911
30
0
0
VERTEX
8
C-PROP
10
1310951.3594348503
20
367522.24558311503
30
0
0
VERTEX
8
C-PROP
10
1310950.318158659
20
367517.26535411057
30
0
0
VERTEX
8
C-PROP
10
1310950.317986157
20
367517.2643094621
30
0
0
VERTEX
8
C-PROP
10
1310950.317902882
20
367517.2632539429
30
0
0
VERTEX
8
C-PROP
10
1310950.1333893517
20
367512.17849209224
30
0
0
VERTEX
8
C-PROP
10
1310950.1333959042
20
367512.17743331735
30
0
0
VERTEX
8
C-PROP
10
1310950.1334922365
20
367512.1763789151
30
0
0
VERTEX
8
C-PROP
10
1310950.8110895064
20
367507.1335909657
30
0
0
VERTEX
8
C-PROP
10
1310950.8112749248
20
367507.132548532
30
0
0
VERTEX
8
C-PROP
10
1310950.8115480929
20
367507.1315255815
30
0
0
VERTEX
8
C-PROP
10
1310952.3317571185
20
367502.2758265679
30
0
0
VERTEX
8
C-PROP
10
1310952.3321160653
20
367502.2748304793
30
0
0
VERTEX
8
C-PROP
10
1310952.3325582077
20
367502.27386842034
30
0
0
VERTEX
8
C-PROP
10
1310954.6516323162
20
367497.74498957023
30
0
0
VERTEX
8
C-PROP
10
1310954.6521544664
20
367497.74406847934
30
0
0
VERTEX
8
C-PROP
10
1310954.6527528598
20
367497.74319499655
30
0
0
VERTEX
8
C-PROP
10
1310957.7039566417
20
367493.67146271013
30
0
0
VERTEX
8
C-PROP
10
1310957.7046269686
20
367493.670643127
30
0
0
VERTEX
8
C-PROP
10
1310957.705364391
20
367493.6698833586
30
0
0
VERTEX
8
C-PROP
10
1310961.4008941082
20
367490.1724688627
30
0
0
VERTEX
8
C-PROP
10
1310961.4024954687
20
367490.1710773399
30
0
0
VERTEX
8
C-PROP
10
1311033.680952754
20
367432.56162760453
30
0
0
VERTEX
8
C-PROP
10
1311033.6818140403
20
367432.56097111607
30
0
0
VERTEX
8
C-PROP
10
1311052.583712528
20
367418.79055516253
30
0
0
VERTEX
8
C-PROP
10
1311052.5855155603
20
367418.78935760196
30
0
0
VERTEX
8
C-PROP
10
1311072.6077251881
20
367406.70664643537
30
0
0
VERTEX
8
C-PROP
10
1311072.6096250927
20
367406.7056094015
30
0
0
VERTEX
8
C-PROP
10
1311093.6023532683
20
367396.40094292216
30
0
0
VERTEX
8
C-PROP
10
1311093.6043357903
20
367396.4000741956
30
0
0
VERTEX
8
C-PROP
10
1311115.410070133
20
367387.9507702506
30
0
0
VERTEX
8
C-PROP
10
1311115.4121204002
20
367387.9500763487
30
0
0
VERTEX
8
C-PROP
10
1311137.867248396
20
367381.41953164956
30
0
0
VERTEX
8
C-PROP
10
1311137.8693510199
20
367381.41901778086
30
0
0
VERTEX
8
C-PROP
10
1311160.805585813
20
367376.8561928043
30
0
0
VERTEX
8
C-PROP
10
1311160.8073243115
20
367376.85591023555
30
0
0
VERTEX
8
C-PROP
10
1311175.3680915039
20
367375.0132194648
30
0
0
VERTEX
8
C-PROP
10
1311175.3687671667
20
367375.0131432792
30
0
0
VERTEX
8
C-PROP
10
1311235.5235192922
20
367369.05757479783
30
0
0
VERTEX
8
C-PROP
10
1311235.5254380947
20
367369.057459121
30
0
0
VERTEX
8
C-PROP
10
1311240.134153486
20
367368.9572331692
30
0
0
VERTEX
8
C-PROP
10
1311240.1351130598
20
367368.9572492199
30
0
0
VERTEX
8
C-PROP
10
1311240.136068561
20
367368.95733897807
30
0
0
VERTEX
8
C-PROP
10
1311244.7056909068
20
367369.5646729175
30
0
0
VERTEX
8
C-PROP
10
1311244.7066366835
20
367369.5648358521
30
0
0
VERTEX
8
C-PROP
10
1311244.7075671372
20
367369.5650709988
30
0
0
VERTEX
8
C-PROP
10
1311249.1301109584
20
367370.8656128254
30
0
0
VERTEX
8
C-PROP
10
1311249.131020589
20
367370.86591879424
30
0
0
VERTEX
8
C-PROP
10
1311249.1319040058
20
367370.8662937718
30
0
0
VERTEX
8
C-PROP
10
1311253.3028594728
20
367372.8293101772
30
0
0
VERTEX
8
C-PROP
10
1311253.3037114583
20
367372.8297519486
30
0
0
VERTEX
8
C-PROP
10
1311253.304526966
20
367372.8302578975
30
0
0
VERTEX
8
C-PROP
10
1311257.1253295683
20
367375.4093605295
30
0
0
VERTEX
8
C-PROP
10
1311257.1261037753
20
367375.4099276635
30
0
0
VERTEX
8
C-PROP
10
1311257.1268321027
20
367375.41055262845
30
0
0
VERTEX
8
C-PROP
10
1311260.5071918482
20
367378.54479430383
30
0
0
VERTEX
8
C-PROP
10
1311260.5078699843
20
367378.5454734002
30
0
0
VERTEX
8
C-PROP
10
1311260.5084939178
20
367378.5462026109
30
0
0
VERTEX
8
C-PROP
10
1311263.368528993
20
367382.1615175704
30
0
0
VERTEX
8
C-PROP
10
1311263.369095032
20
367382.16229258076
30
0
0
VERTEX
8
C-PROP
10
1311263.3695998269
20
367382.16310880415
30
0
0
VERTEX
8
C-PROP
10
1311265.6421290555
20
367386.17477749404
30
0
0
VERTEX
8
C-PROP
10
1311265.6422684032
20
367386.17502187705
30
0
0
VERTEX
8
C-PROP
10
1311270.566100456
20
367394.7540899151
30
0
0
VERTEX
8
C-PROP
10
1311270.568300657
20
367394.75758131227
30
0
0
VERTEX
8
C-PROP
10
1311270.570781286
20
367394.76087937487
30
0
0
VERTEX
8
C-PROP
10
1311276.8352589158
20
367402.4108335041
30
0
0
VERTEX
8
C-PROP
10
1311276.838003075
20
367402.4139157646
30
0
0
VERTEX
8
C-PROP
10
1311276.8409920696
20
367402.4167612258
30
0
0
VERTEX
8
C-PROP
10
1311284.2776935815
20
367408.9329678483
30
0
0
VERTEX
8
C-PROP
10
1311284.28090705
20
367408.93555712607
30
0
0
VERTEX
8
C-PROP
10
1311284.2843231012
20
367408.9378725814
30
0
0
VERTEX
8
C-PROP
10
1311292.690949583
20
367414.1430727993
30
0
0
VERTEX
8
C-PROP
10
1311292.6945449454
20
367414.1450986588
30
0
0
VERTEX
8
C-PROP
10
1311292.698295127
20
367414.1468211215
30
0
0
VERTEX
8
C-PROP
10
1311301.8461630167
20
367417.8994190489
30
0
0
VERTEX
8
C-PROP
10
1311301.8500424696
20
367417.90082638105
30
0
0
VERTEX
8
C-PROP
10
1311301.854024766
20
367417.9019089954
30
0
0
VERTEX
8
C-PROP
10
1311311.494286677
20
367420.0998235571
30
0
0
VERTEX
8
C-PROP
10
1311311.4983446884
20
367420.10057407856
30
0
0
VERTEX
8
C-PROP
10
1311311.5024507705
20
367420.1009873944
30
0
0
VERTEX
8
C-PROP
10
1311321.3728748462
20
367420.6844298084
30
0
0
VERTEX
8
C-PROP
10
1311321.3769910668
20
367420.68450333626
30
0
0
VERTEX
8
C-PROP
10
1311321.3810993836
20
367420.6842379827
30
0
0
VERTEX
8
C-PROP
10
1311331.1624624883
20
367419.6466763113
30
0
0
VERTEX
8
C-PROP
10
1311331.166523743
20
367419.6460760253
30
0
0
VERTEX
8
C-PROP
10
1311331.1705220614
20
367419.6451445842
30
0
0
VERTEX
8
C-PROP
10
1311340.6505676517
20
367417.0220620568
30
0
0
VERTEX
8
C-PROP
10
1311340.6544760787
20
367417.0208057399
30
0
0
VERTEX
8
C-PROP
10
1311340.6582682647
20
367417.019233017
30
0
0
VERTEX
8
C-PROP
10
1311349.5817709651
20
367412.88124728855
30
0
0
VERTEX
8
C-PROP
10
1311349.585421345
20
367412.8793687623
30
0
0
VERTEX
8
C-PROP
10
1311349.5889053086
20
367412.8771970971
30
0
0
VERTEX
8
C-PROP
10
1311357.7156340475
20
367407.3357075563
30
0
0
VERTEX
8
C-PROP
10
1311357.7189281075
20
367407.33325739275
30
0
0
VERTEX
8
C-PROP
10
1311357.7220100567
20
367407.3305452491
30
0
0
VERTEX
8
C-PROP
10
1311364.8331838462
20
367400.5347352381
30
0
0
VERTEX
8
C-PROP
10
1311364.8360329065
20
367400.53177939856
30
0
0
VERTEX
8
C-PROP
10
1311364.8386298711
20
367400.5285997904
30
0
0
VERTEX
8
C-PROP
10
1311370.742807638
20
367392.6614204226
30
0
0
VERTEX
8
C-PROP
10
1311370.7451349988
20
367392.6580384817
30
0
0
VERTEX
8
C-PROP
10
1311370.7471770658
20
367392.65447700786
30
0
0
VERTEX
8
C-PROP
10
1311375.2854114808
20
367383.9277218982
30
0
0
VERTEX
8
C-PROP
10
1311375.2871544869
20
367383.92400490167
30
0
0
VERTEX
8
C-PROP
10
1311375.2885866812
20
367383.92015744117
30
0
0
VERTEX
8
C-PROP
10
1311378.3387031942
20
367374.5687609891
30
0
0
VERTEX
8
C-PROP
10
1311378.3398149216
20
367374.56480900286
30
0
0
VERTEX
8
C-PROP
10
1311378.340598687
20
367374.5607791338
30
0
0
VERTEX
8
C-PROP
10
1311379.8204665119
20
367364.83661075286
30
0
0
VERTEX
8
C-PROP
10
1311379.8209251144
20
367364.83241096244
30
0
0
VERTEX
8
C-PROP
10
1311379.8210275348
20
367364.828187449
30
0
0
VERTEX
8
C-PROP
10
1311379.6335445687
20
367354.4221573692
30
0
0
VERTEX
8
C-PROP
10
1311379.6332776956
20
367354.41782136296
30
0
0
VERTEX
8
C-PROP
10
1311379.6326354549
20
367354.4135248879
30
0
0
VERTEX
8
C-PROP
10
1311377.64828668
20
367344.19684907515
30
0
0
VERTEX
8
C-PROP
10
1311377.6472739198
20
367344.1926245647
30
0
0
VERTEX
8
C-PROP
10
1311377.6458982856
20
367344.1885039092
30
0
0
VERTEX
8
C-PROP
10
1311373.9244868057
20
367334.46897710377
30
0
0
VERTEX
8
C-PROP
10
1311373.9227586817
20
367334.46499140956
30
0
0
VERTEX
8
C-PROP
10
1311373.9206911132
20
367334.461170764
30
0
0
VERTEX
8
C-PROP
10
1311368.5743746464
20
367325.5317248148
30
0
0
VERTEX
8
C-PROP
10
1311368.5719832415
20
367325.5280980596
30
0
0
VERTEX
8
C-PROP
10
1311368.5692860524
20
367325.5246925725
30
0
0
VERTEX
8
C-PROP
10
1311361.7591944973
20
367317.65444748587
30
0
0
VERTEX
8
C-PROP
10
1311361.7562118848
20
367317.6512889745
30
0
0
VERTEX
8
C-PROP
10
1311361.7529663641
20
367317.64840128203
30
0
0
VERTEX
8
C-PROP
10
1311353.6843455879
20
367311.07455435017
30
0
0
VERTEX
8
C-PROP
10
1311353.6808616593
20
367311.07195927546
30
0
0
VERTEX
8
C-PROP
10
1311353.6771656224
20
367311.06967640837
30
0
0
VERTEX
8
C-PROP
10
1311344.5931916605
20
367305.99035344244
30
0
0
VERTEX
8
C-PROP
10
1311344.589311416
20
367305.98840001604
30
0
0
VERTEX
8
C-PROP
10
1311344.5852762556
20
367305.9867907765
30
0
0
VERTEX
8
C-PROP
10
1311334.7597263567
20
367302.55507489527
30
0
0
VERTEX
8
C-PROP
10
1311334.755566741
20
367302.55382199044
30
0
0
VERTEX
8
C-PROP
10
1311334.751314071
20
367302.55293487845
30
0
0
VERTEX
8
C-PROP
10
1311324.480315458
20
367300.8722528118
30
0
0
VERTEX
8
C-PROP
10
1311324.4760018361
20
367300.87173818925
30
0
0
VERTEX
8
C-PROP
10
1311324.4716598252
20
367300.871599941
30
0
0
VERTEX
8
C-PROP
10
1311314.0625837594
20
367300.992630267
30
0
0
VERTEX
8
C-PROP
10
1311314.0582438856
20
367300.99286965927
30
0
0
VERTEX
8
C-PROP
10
1311297.14279154
20
367302.6658805636
30
0
0
VERTEX
8
C-PROP
10
1311169.4668083568
20
367315.2940444759
30
0
0
VERTEX
8
C-PROP
10
1311169.464958856
20
367315.2942622562
30
0
0
VERTEX
8
C-PROP
10
1311145.1149211214
20
367318.6223431891
30
0
0
VERTEX
8
C-PROP
10
1311145.1112526436
20
367318.6229845646
30
0
0
VERTEX
8
C-PROP
10
1311121.077506169
20
367323.75400523323
30
0
0
VERTEX
8
C-PROP
10
1311121.0736499191
20
367323.75499049696
30
0
0
VERTEX
8
C-PROP
10
1311094.1924084458
20
367331.77547364903
30
0
0
VERTEX
8
C-PROP
10
1311094.1884042316
20
367331.7768556283
30
0
0
VERTEX
8
C-PROP
10
1311068.082634921
20
367342.04383697914
30
0
0
VERTEX
8
C-PROP
10
1311068.0787620528
20
367342.0455529304
30
0
0
VERTEX
8
C-PROP
10
1311042.93571457
20
367354.4853785172
30
0
0
VERTEX
8
C-PROP
10
1311042.932000845
20
367354.4874161244
30
0
0
VERTEX
8
C-PROP
10
1311018.9321378805
20
367369.01079985744
30
0
0
VERTEX
8
C-PROP
10
1311018.9286099535
20
367369.0131444958
30
0
0
VERTEX
8
C-PROP
10
1310996.243453488
20
367385.5163807963
30
0
0
VERTEX
8
C-PROP
10
1310996.2431374593
20
367385.51658809127
30
0
0
SEQEND
0
POLYLINE
8
C-PVMT
66
1
70
1
0
VERTEX
8
C-PVMT
10
1310866.3747342243
20
367448.02281490614
30
0
0
VERTEX
8
C-PVMT
10
1310943.5459129626
20
367545.0804128059
30
0
0
VERTEX
8
C-PVMT
10
1310941.5954846712
20
367542.45536952093
30
0
0
VERTEX
8
C-PVMT
10
1310939.821173556
20
367539.7090829568
30
0
0
VERTEX
8
C-PVMT
10
1310938.2316421284
20
367536.85561117204
30
0
0
VERTEX
8
C-PVMT
10
1310936.8292031705
20
367533.89844790834
30
0
0
VERTEX
8
C-PVMT
10
1310935.6243379142
20
367530.85894637584
30
0
0
VERTEX
8
C-PVMT
10
1310934.6216030885
20
367527.7503398978
30
0
0
VERTEX
8
C-PVMT
10
1310933.8232800986
20
367524.5797011246
30
0
0
VERTEX
8
C-PVMT
10
1310933.2334037898
20
367521.36043171
30
0
0
VERTEX
8
C-PVMT
10
1310932.8559459348
20
367518.1159846144
30
0
0
VERTEX
8
C-PVMT
10
1310932.6910711958
20
367514.8505464939
30
0
0
VERTEX
8
C-PVMT
10
1310932.7399684158
20
367511.58131433395
30
0
0
VERTEX
8
C-PVMT
10
1310933.0027974895
20
367508.3190190531
30
0
0
VERTEX
8
C-PVMT
10
1310933.4779096758
20
367505.0841251988
30
0
0
VERTEX
8
C-PVMT
10
1310934.1626396314
20
367501.89037250704
30
0
0
VERTEX
8
C-PVMT
10
1310935.0554294686
20
367498.7450273558
30
0
0
VERTEX
8
C-PVMT
10
1310936.1518809942
20
367495.66475725325
30
0
0
VERTEX
8
C-PVMT
10
1310937.4486986334
20
367492.6597757866
30
0
0
VERTEX
8
C-PVMT
10
1310938.936164051
20
367489.75179400883
30
0
0
VERTEX
8
C-PVMT
10
1310940.6120896619
20
367486.9443853879
30
0
0
VERTEX
8
C-PVMT
10
1310942.4679160323
20
367484.2525127441
30
0
0
VERTEX
8
C-PVMT
10
1310944.497818076
20
367481.6851897618
30
0
0
VERTEX
8
C-PVMT
10
1310946.6867927765
20
367479.2608751877
30
0
0
VERTEX
8
C-PVMT
10
1310949.0318027392
20
367476.9824551005
30
0
0
VERTEX
8
C-PVMT
10
1310951.5225943485
20
367474.8605991452
30
0
0
VERTEX
8
C-PVMT
10
1311021.6959499624
20
367418.93825862784
30
0
0
VERTEX
8
C-PVMT
10
1311042.1950756933
20
367404.02527934144
30
0
0
VERTEX
8
C-PVMT
10
1311063.151532724
20
367391.34320298856
30
0
0
VERTEX
8
C-PVMT
10
1311085.1061206216
20
367380.4805312049
30
0
0
VERTEX
8
C-PVMT
10
1311107.9053808707
20
367371.51377859263
30
0
0
VERTEX
8
C-PVMT
10
1311131.477173329
20
367364.4805625974
30
0
0
VERTEX
8
C-PVMT
10
1311152.35722951
20
367360.0226661847
30
0
0
VERTEX
8
C-PVMT
10
1311173.7224264608
20
367357.08327908156
30
0
0
VERTEX
8
C-PVMT
10
1311276.680098265
20
367367.94131188205
30
0
0
VERTEX
8
C-PVMT
10
1311277.5114906854
20
367371.43223047093
30
0
0
VERTEX
8
C-PVMT
10
1311278.8044163724
20
367375.34587640903
30
0
0
VERTEX
8
C-PVMT
10
1311280.4744447812
20
367379.11340012995
30
0
0
VERTEX
8
C-PVMT
10
1311282.5059893145
20
367382.69963883824
30
0
0
VERTEX
8
C-PVMT
10
1311284.2554694517
20
367385.24961495557
30
0
0
VERTEX
8
C-PVMT
10
1311286.8702615402
20
367388.43570087827
30
0
0
VERTEX
8
C-PVMT
10
1311289.784299117
20
367391.34973845555
30
0
0
VERTEX
8
C-PVMT
10
1311292.9703850474
20
367393.9645305506
30
0
0
VERTEX
8
C-PVMT
10
1311296.3974235505
20
367396.2544406774
30
0
0
VERTEX
8
C-PVMT
10
1311299.106599868
20
367397.7455552178
30
0
0
VERTEX
8
C-PVMT
10
1311302.8746960417
20
367399.4158044461
30
0
0
VERTEX
8
C-PVMT
10
1311306.787769529
20
367400.7085093145
30
0
0
VERTEX
8
C-PVMT
10
1311310.8092990562
20
367401.61160482385
30
0
0
VERTEX
8
C-PVMT
10
1311314.8999826608
20
367402.11617285793
30
0
0
VERTEX
8
C-PVMT
10
1311317.990306774
20
367402.2299962351
30
0
0
VERTEX
8
C-PVMT
10
1311322.1070248254
20
367402.02772470395
30
0
0
VERTEX
8
C-PVMT
10
1311326.1840936767
20
367401.4229182343
30
0
0
VERTEX
8
C-PVMT
10
1311331.16434062
20
367400.1102762411
30
0
0
VERTEX
8
C-PVMT
10
1311335.0098532008
20
367398.62693061767
30
0
0
VERTEX
8
C-PVMT
10
1311338.691455303
20
367396.77380155626
30
0
0
VERTEX
8
C-PVMT
10
1311342.174192685
20
367394.56838243164
30
0
0
VERTEX
8
C-PVMT
10
1311345.423489242
20
367392.0325683215
30
0
0
VERTEX
8
C-PVMT
10
1311348.4085862925
20
367389.1904781003
30
0
0
VERTEX
8
C-PVMT
10
1311351.7245305483
20
367385.24961495557
30
0
0
VERTEX
8
C-PVMT
10
1311354.0144406788
20
367381.82257644716
30
0
0
VERTEX
8
C-PVMT
10
1311355.9576780673
20
367378.1870350013
30
0
0
VERTEX
8
C-PVMT
10
1311357.5349505458
20
367374.37908372236
30
0
0
VERTEX
8
C-PVMT
10
1311358.9694185758
20
367369.43255057244
30
0
0
VERTEX
8
C-PVMT
10
1311359.6740991643
20
367365.3715523636
30
0
0
VERTEX
8
C-PVMT
10
1311359.97735415
20
367361.260424831
30
0
0
VERTEX
8
C-PVMT
10
1311359.8761728574
20
367357.139982654
30
0
0
VERTEX
8
C-PVMT
10
1311359.1830379327
20
367352.03650808684
30
0
0
VERTEX
8
C-PVMT
10
1311358.4685093146
20
367349.027769529
30
0
0
VERTEX
8
C-PVMT
10
1311357.175804448
20
367345.11469604704
30
0
0
VERTEX
8
C-PVMT
10
1311355.9574157477
20
367342.2724103704
30
0
0
VERTEX
8
C-PVMT
10
1311354.5334991387
20
367339.52801085566
30
0
0
VERTEX
8
C-PVMT
10
1311352.9115501519
20
367336.89579723164
30
0
0
VERTEX
8
C-PVMT
10
1311350.4566307517
20
367333.5857215997
30
0
0
VERTEX
8
C-PVMT
10
1311348.4081632192
20
367331.26907753194
30
0
0
VERTEX
8
C-PVMT
10
1311345.423489242
20
367328.42743167846
30
0
0
VERTEX
8
C-PVMT
10
1311343.0096149526
20
367326.4954694494
30
0
0
VERTEX
8
C-PVMT
10
1311340.4596388391
20
367324.7459893152
30
0
0
VERTEX
8
C-PVMT
10
1311337.7883906192
20
367323.1891656042
30
0
0
VERTEX
8
C-PVMT
10
1311334.0629861436
20
367321.4271805113
30
0
0
VERTEX
8
C-PVMT
10
1311331.1649232132
20
367320.3499162217
30
0
0
VERTEX
8
C-PVMT
10
1311328.1948690584
20
367319.4886164773
30
0
0
VERTEX
8
C-PVMT
10
1311324.1529828324
20
367318.68463531934
30
0
0
VERTEX
8
C-PVMT
10
1311321.0794054484
20
367318.34378200624
30
0
0
VERTEX
8
C-PVMT
10
1311317.989693226
20
367318.23000376485
30
0
0
VERTEX
8
C-PVMT
10
1311313.8735857753
20
367318.4322151571
30
0
0
VERTEX
8
C-PVMT
10
1311310.809903575
20
367318.8482902821
30
0
0
VERTEX
8
C-PVMT
10
1311307.7851309415
20
367319.4886164773
30
0
0
VERTEX
8
C-PVMT
10
1311304.8150767868
20
367320.3499162217
30
0
0
VERTEX
8
C-PVMT
10
1311301.9170138563
20
367321.4271805113
30
0
0
VERTEX
8
C-PVMT
10
1311299.1060518257
20
367322.7147206435
30
0
0
VERTEX
8
C-PVMT
10
1311296.3974235505
20
367324.20555932255
30
0
0
VERTEX
8
C-PVMT
10
1311293.805807315
20
367325.8916175683
30
0
0
VERTEX
8
C-PVMT
10
1311291.345247313
20
367327.76375848526
30
0
0
VERTEX
8
C-PVMT
10
1311288.2917347727
20
367330.53130093176
30
0
0
VERTEX
8
C-PVMT
10
1311286.1874316798
20
367332.79651075654
30
0
0
VERTEX
8
C-PVMT
10
1311284.2554694517
20
367335.2103850444
30
0
0
VERTEX
8
C-PVMT
10
1311282.5059893145
20
367337.7603611617
30
0
0
VERTEX
8
C-PVMT
10
1311280.9491656017
20
367340.43160938553
30
0
0
VERTEX
8
C-PVMT
10
1311279.1952829848
20
367344.0715384134
30
0
0
VERTEX
8
C-PVMT
10
1311174.782334699
20
367333.0620223606
30
0
0
VERTEX
8
C-PVMT
10
1311171.8875630086
20
367333.10808006825
30
0
0
VERTEX
8
C-PVMT
10
1311147.7757030881
20
367336.4597923187
30
0
0
VERTEX
8
C-PVMT
10
1311125.0755636108
20
367341.3451069996
30
0
0
VERTEX
8
C-PVMT
10
1311099.5932652592
20
367348.9932654112
30
0
0
VERTEX
8
C-PVMT
10
1311074.9214875994
20
367358.742690279
30
0
0
VERTEX
8
C-PVMT
10
1311051.1634776657
20
367370.545438353
30
0
0
VERTEX
8
C-PVMT
10
1311028.4888675378
20
367384.3174054945
30
0
0
VERTEX
8
C-PVMT
10
1311006.9453379617
20
367400.0044437969
30
0
0
VERTEX
8
C-PVMT
10
1310936.6713680918
20
367456.00693124585
30
0
0
VERTEX
8
C-PVMT
10
1310934.0446312365
20
367457.9629683819
30
0
0
VERTEX
8
C-PVMT
10
1310931.2961929527
20
367459.74244852265
30
0
0
VERTEX
8
C-PVMT
10
1310928.4371820474
20
367461.33823021204
30
0
0
VERTEX
8
C-PVMT
10
1310925.4828602164
20
367462.7421626745
30
0
0
VERTEX
8
C-PVMT
10
1310922.439984785
20
367463.9510347407
30
0
0
VERTEX
8
C-PVMT
10
1310919.321367062
20
367464.95906559884
30
0
0
VERTEX
8
C-PVMT
10
1310916.146607956
20
367465.75991964625
30
0
0
VERTEX
8
C-PVMT
10
1310912.9294785825
20
367466.3507854587
30
0
0
VERTEX
8
C-PVMT
10
1310909.6773373643
20
367466.7303115704
30
0
0
VERTEX
8
C-PVMT
10
1310906.4073293752
20
367466.89617391786
30
0
0
VERTEX
8
C-PVMT
10
1310903.1334770427
20
367466.84766125126
30
0
0
VERTEX
8
C-PVMT
10
1310899.8698192823
20
367466.5849816021
30
0
0
VERTEX
8
C-PVMT
10
1310896.6303512927
20
367466.1092613918
30
0
0
VERTEX
8
C-PVMT
10
1310893.4257873783
20
367465.4217493232
30
0
0
VERTEX
8
C-PVMT
10
1310890.276268636
20
367464.5267664984
30
0
0
VERTEX
8
C-PVMT
10
1310887.1920786717
20
367463.4275691381
30
0
0
VERTEX
8
C-PVMT
10
1310884.1894046434
20
367462.13026713254
30
0
0
VERTEX
8
C-PVMT
10
1310881.2751144583
20
367460.63782775315
30
0
0
VERTEX
8
C-PVMT
10
1310878.4619979586
20
367458.9560791793
30
0
0
VERTEX
8
C-PVMT
10
1310875.7677359348
20
367457.09559141245
30
0
0
VERTEX
8
C-PVMT
10
1310873.2010180985
20
367455.062755434
30
0
0
VERTEX
8
C-PVMT
10
1310870.7752060543
20
367452.8685631541
30
0
0
VERTEX
8
C-PVMT
10
1310868.4958482836
20
367450.518033277
30
0
0
VERTEX
8
C-PVMT
10
1310866.3747342243
20
367448.02281490614
30
0
0
SEQEND
0
POLYLINE
8
C-PROP
66
1
70
0
0
VERTEX
8
C-PROP
10
1310899.9475179845
20
367500.61724043166
30
0
0
VERTEX
8
C-PROP
10
1311014.4242381945
20
367409.38879520673
30
0
0
VERTEX
8
C-PROP
10
1311035.5487384326
20
367394.02092151856
30
0
0
VERTEX
8
C-PROP
10
1311057.3758190873
20
367380.8121942114
30
0
0
VERTEX
8
C-PROP
10
1311080.242518211
20
367369.4984373485
30
0
0
VERTEX
8
C-PROP
10
1311103.9847936882
20
367360.16080497234
30
0
0
VERTEX
8
C-PROP
10
1311128.5061012807
20
367352.8442781071
30
0
0
VERTEX
8
C-PROP
10
1311150.2816746994
20
367348.1952133378
30
0
0
VERTEX
8
C-PROP
10
1311173.5246473595
20
367344.9958870737
30
0
0
VERTEX
8
C-PROP
10
1311317.99
20
367360.23
30
0
0
SEQEND
0
POLYLINE
8
C-UTIL
66
1
70
0
0
VERTEX
8
C-UTIL
10
1311635.2794564557
20
367335.0504874981
30
0
0
VERTEX
8
C-UTIL
10
1311520.7363415489
20
367325.387293026
30
0
0
VERTEX
8
C-UTIL
10
1311487.623167343
20
367323.3639446744
30
0
0
VERTEX
8
C-UTIL
10
1311465.4355556697
20
367349.9012583227
30
0
0
VERTEX
8
C-UTIL
10
1311380.6763776038
20
367343.8708030637
30
0
0
VERTEX
8
C-UTIL
10
1311318.130960156
20
367354.23165604234
30
0
0
VERTEX
8
C-UTIL
10
1311173.954104361
20
367339.0112762523
30
0
0
VERTEX
8
C-UTIL
10
1311149.2511962866
20
367342.28436617
30
0
0
VERTEX
8
C-UTIL
10
1311127.004714622
20
367347.0351612981
30
0
0
VERTEX
8
C-UTIL
10
1311102.0276371373
20
367354.48898531415
30
0
0
VERTEX
8
C-UTIL
10
1311077.8119505746
20
367364.0127887118
30
0
0
VERTEX
8
C-UTIL
10
1311054.489647923
20
367375.5519645576
30
0
0
VERTEX
8
C-UTIL
10
1311032.2251915077
20
367389.0255200494
30
0
0
VERTEX
8
C-UTIL
10
1311010.8027625862
20
367404.60497723176
30
0
0
VERTEX
8
C-UTIL
10
1310995.0440246095
20
367417.1610099102
30
0
0
SEQEND
0
POLYLINE
8
C-UTIL
66
1
70
0
0
VERTEX
8
C-UTIL
10
1311634.270684523
20
367347.00801145536
30
0
0
VERTEX
8
C-UTIL
10
1311519.7275696162
20
367337.34481698327
30
0
0
VERTEX
8
C-UTIL
10
1311492.5947522842
20
367334.28563608066
30
0
0
VERTEX
8
C-UTIL
10
1311467.7051621128
20
367361.68467406655
30
0
0
VERTEX
8
C-UTIL
10
1311381.0345721897
20
367355.865455899
30
0
0
VERTEX
8
C-UTIL
10
1311317.849039844
20
367366.2283439576
30
0
0
VERTEX
8
C-UTIL
10
1311173.095190358
20
367350.9804978951
30
0
0
VERTEX
8
C-UTIL
10
1311151.3121531121
20
367354.10606050555
30
0
0
VERTEX
8
C-UTIL
10
1311130.0074879394
20
367358.6533949161
30
0
0
VERTEX
8
C-UTIL
10
1311105.941950239
20
367365.83262463054
30
0
0
VERTEX
8
C-UTIL
10
1311082.6730858474
20
367374.9840859852
30
0
0
VERTEX
8
C-UTIL
10
1311060.2619902515
20
367386.0724238652
30
0
0
VERTEX
8
C-UTIL
10
1311038.8722853574
20
367399.01632298774
30
0
0
VERTEX
8
C-UTIL
10
1311018.0457138028
20
367414.1726131817
30
0
0
VERTEX
8
C-UTIL
10
1311002.5227101757
20
367426.54553239135
30
0
0
SEQEND
0
POLYLINE
8
C-MISC
66
1
70
0
0
VERTEX
8
C-MISC
10
1311205.1899214308
20
367874.1480934918
30
0
0
VERTEX
8
C-MISC
10
1310620.1743829907
20
367138.378550915
30
0
0
SEQEND
0
POLYLINE
8
C-MISC
66
1
70
0
0
VERTEX
8
C-MISC
10
1311195.6405720485
20
367881.7408483524
30
0
0
VERTEX
8
C-MISC
10
1310610.6250336084
20
367145.9713057756
30
0
0
SEQEND
0
POLYLINE
8
C-MISC
66
1
70
0
0
VERTEX
8
C-MISC
10
1311185.7781292438
20
367889.5825459953
30
0
0
VERTEX
8
C-MISC
10
1310600.7625908037
20
367153.8130034185
30
0
0
SEQEND
0
POLYLINE
8
C-MISC
66
1
70
0
0
VERTEX
8
C-MISC
10
1311147.1110915805
20
367920.3269796112
30
0
0
VERTEX
8
C-MISC
10
1310562.0955531404
20
367184.5574370344
30
0
0
SEQEND
0
POLYLINE
8
C-MISC
66
1
70
0
0
VERTEX
8
C-MISC
10
1311125.1945520143
20
367937.75297437323
30
0
0
VERTEX
8
C-MISC
10
1310540.1790135743
20
367201.9834317964
30
0
0
SEQEND
0
POLYLINE
8
C-MISC
66
1
70
0
0
VERTEX
8
C-MISC
10
1311109.0702407623
20
367950.5735276625
30
0
0
VERTEX
8
C-MISC
10
1310524.0547023222
20
367214.8039850857
30
0
0
SEQEND
0
POLYLINE
8
C-MISC
66
1
70
0
0
VERTEX
8
C-MISC
10
1309300.7413222878
20
365424.98397060717
30
0
0
VERTEX
8
C-MISC
10
1309308.9913057762
20
365455.9839086084
30
0
0
VERTEX
8
C-MISC
10
1309314.4916228622
20
365476.9838666143
30
0
0
VERTEX
8
C-MISC
10
1309380.9914898714
20
365702.2340722832
30
0
0
VERTEX
8
C-MISC
10
1309394.9914618686
20
365736.23400427256
30
0
0
VERTEX
8
C-MISC
10
1309413.9914238777
20
365770.4839357803
30
0
0
VERTEX
8
C-MISC
10
1309446.2413593624
20
365814.233848268
30
0
0
VERTEX
8
C-MISC
10
1309747.4914130378
20
366141.9838489509
30
0
0
VERTEX
8
C-MISC
10
1309854.4915271178
20
366259.2339425192
30
0
0
VERTEX
8
C-MISC
10
1310263.9913642788
20
366729.7339857799
30
0
0
VERTEX
8
C-MISC
10
1310435.491349365
20
366936.4839003605
30
0
0
VERTEX
8
C-MISC
10
1310896.4914116182
20
367507.7340701934
30
0
0
VERTEX
8
C-MISC
10
1311044.7414432014
20
367691.48403079214
30
0
0
VERTEX
8
C-MISC
10
1311064.2414042
20
367684.984043779
30
0
0
VERTEX
8
C-MISC
10
1311066.24140019
20
367682.7340482787
30
0
0
VERTEX
8
C-MISC
10
1311067.2413981964
20
367681.4840507755
30
0
0
VERTEX
8
C-MISC
10
1311092.9913466934
20
367667.98407778284
30
0
0
VERTEX
8
C-MISC
10
1311104.991322707
20
367661.73376219306
30
0
0
VERTEX
8
C-MISC
10
1311137.4915857862
20
367648.4837886974
30
0
0
VERTEX
8
C-MISC
10
1311156.2415482784
20
367643.23379918135
30
0
0
VERTEX
8
C-MISC
10
1311175.491509779
20
367639.23380719306
30
0
0
VERTEX
8
C-MISC
10
1311214.2414322877
20
367635.9838137018
30
0
0
VERTEX
8
C-MISC
10
1311244.9913707755
20
367637.73381019285
30
0
0
VERTEX
8
C-MISC
10
1311282.7416233716
20
367643.7337981937
30
0
0
VERTEX
8
C-MISC
10
1311308.4915718653
20
367650.9837836947
30
0
0
VERTEX
8
C-MISC
10
1311366.24145637
20
367671.7340702803
30
0
0
VERTEX
8
C-MISC
10
1311419.7413493665
20
367683.4840467727
30
0
0
VERTEX
8
C-MISC
10
1311469.7415774583
20
367687.4840387824
30
0
0
VERTEX
8
C-MISC
10
1311521.741473445
20
367687.2340392824
30
0
0
VERTEX
8
C-MISC
10
1311524.2414684542
20
367687.2340392824
30
0
0
VERTEX
8
C-MISC
10
1311529.2414584598
20
367688.73403627955
30
0
0
VERTEX
8
C-MISC
10
1311557.7414014484
20
367686.7340402762
30
0
0
VERTEX
8
C-MISC
10
1311576.4913639538
20
367685.48404276685
30
0
0
VERTEX
8
C-MISC
10
1311581.2413544466
20
367684.48404476367
30
0
0
VERTEX
8
C-MISC
10
1311618.491608033
20
367675.4840627808
30
0
0
VERTEX
8
C-MISC
10
1311643.491558025
20
367668.2340772706
30
0
0
VERTEX
8
C-MISC
10
1311651.4915420308
20
367665.73408228555
30
0
0
VERTEX
8
C-MISC
10
1311653.7415375372
20
367664.48408478237
30
0
0
VERTEX
8
C-MISC
10
1311662.741519541
20
367659.7337661928
30
0
0
VERTEX
8
C-MISC
10
1311701.7414415262
20
367641.9838016843
30
0
0
SEQEND
0
POLYLINE
8
C-MISC
66
1
70
0
0
VERTEX
8
C-MISC
10
1309276.5822181217
20
365431.4134096098
30
0
0
VERTEX
8
C-MISC
10
1309284.8195536537
20
365462.36582195706
30
0
0
VERTEX
8
C-MISC
10
1309290.3074098842
20
365483.3182049885
30
0
0
VERTEX
8
C-MISC
10
1309290.5146959673
20
365484.06249477825
30
0
0
VERTEX
8
C-MISC
10
1309357.0145629765
20
365709.31270044716
30
0
0
VERTEX
8
C-MISC
10
1309357.87453741
20
365711.7528174155
30
0
0
VERTEX
8
C-MISC
10
1309371.8745094072
20
365745.75274940487
30
0
0
VERTEX
8
C-MISC
10
1309373.1300071543
20
365748.36152659886
30
0
0
VERTEX
8
C-MISC
10
1309392.1299691633
20
365782.6114581066
30
0
0
VERTEX
8
C-MISC
10
1309393.8679185947
20
365785.31783395744
30
0
0
VERTEX
8
C-MISC
10
1309426.1178540795
20
365829.06774644513
30
0
0
VERTEX
8
C-MISC
10
1309427.8352525176
20
365831.15174502897
30
0
0
VERTEX
8
C-MISC
10
1309729.0551025092
20
366158.8688851122
30
0
0
VERTEX
8
C-MISC
10
1309835.8268421893
20
366275.86872736085
30
0
0
VERTEX
8
C-MISC
10
1310244.9389247482
20
366745.9232550426
30
0
0
VERTEX
8
C-MISC
10
1310416.1420668322
20
366952.3153138172
30
0
0
VERTEX
8
C-MISC
10
1310877.0353740738
20
367523.4331977279
30
0
0
VERTEX
8
C-MISC
10
1311025.284459155
20
367707.18198517535
30
0
0
VERTEX
8
C-MISC
10
1311026.9688631806
20
367709.0662775031
30
0
0
VERTEX
8
C-MISC
10
1311028.8349107797
20
367710.7708715474
30
0
0
VERTEX
8
C-MISC
10
1311030.8635301264
20
367712.2783456085
30
0
0
VERTEX
8
C-MISC
10
1311033.0339878397
20
367713.57329263934
30
0
0
VERTEX
8
C-MISC
10
1311035.3241008888
20
367714.64247771254
30
0
0
VERTEX
8
C-MISC
10
1311037.7104633122
20
367715.47497328714
30
0
0
VERTEX
8
C-MISC
10
1311040.168685438
20
367716.06227089267
30
0
0
VERTEX
8
C-MISC
10
1311042.673643157
20
367716.3983680897
30
0
0
VERTEX
8
C-MISC
10
1311045.1997347001
20
367716.4798298172
30
0
0
VERTEX
8
C-MISC
10
1311047.721142303
20
367716.3058235007
30
0
0
VERTEX
8
C-MISC
10
1311050.2120960723
20
367715.87812756095
30
0
0
VERTEX
8
C-MISC
10
1311052.6471373667
20
367715.20111323847
30
0
0
VERTEX
8
C-MISC
10
1311072.1470983652
20
367708.70112622535
30
0
0
VERTEX
8
C-MISC
10
1311074.5774586464
20
367707.74730317836
30
0
0
VERTEX
8
C-MISC
10
1311076.8950909493
20
367706.5452174867
30
0
0
VERTEX
8
C-MISC
10
1311079.0747185103
20
367705.10797944217
30
0
0
VERTEX
8
C-MISC
10
1311081.092569685
20
367703.45126397564
30
0
0
VERTEX
8
C-MISC
10
1311082.9266372097
20
367701.5931397019
30
0
0
VERTEX
8
C-MISC
10
1311083.1013964587
20
367701.3965355459
30
0
0
VERTEX
8
C-MISC
10
1311104.569889486
20
367690.141209109
30
0
0
VERTEX
8
C-MISC
10
1311115.5075010655
20
367684.44423737406
30
0
0
VERTEX
8
C-MISC
10
1311145.6073476
20
367672.17288535973
30
0
0
VERTEX
8
C-MISC
10
1311162.1618708905
20
367667.53761882224
30
0
0
VERTEX
8
C-MISC
10
1311179.0925179233
20
367664.01956230635
30
0
0
VERTEX
8
C-MISC
10
1311214.5775752154
20
367661.04339621955
30
0
0
VERTEX
8
C-MISC
10
1311242.3122328257
20
367662.62179136067
30
0
0
VERTEX
8
C-MISC
10
1311277.3735153915
20
367668.1943971109
30
0
0
VERTEX
8
C-MISC
10
1311300.8675617327
20
367674.8092256949
30
0
0
VERTEX
8
C-MISC
10
1311357.7877792378
20
367695.2614021083
30
0
0
VERTEX
8
C-MISC
10
1311360.8786189712
20
367696.1520958973
30
0
0
VERTEX
8
C-MISC
10
1311414.3785119676
20
367707.9020723897
30
0
0
VERTEX
8
C-MISC
10
1311417.7477318032
20
367708.4044297756
30
0
0
VERTEX
8
C-MISC
10
1311467.747959895
20
367712.4044217853
30
0
0
VERTEX
8
C-MISC
10
1311469.861768377
20
367712.48374986363
30
0
0
VERTEX
8
C-MISC
10
1311520.5916374894
20
367712.23985626205
30
0
0
VERTEX
8
C-MISC
10
1311522.0577613404
20
367712.67969341605
30
0
0
VERTEX
8
C-MISC
10
1311524.2483287707
20
367713.23033510015
30
0
0
VERTEX
8
C-MISC
10
1311526.479654455
20
367713.58101675287
30
0
0
VERTEX
8
C-MISC
10
1311528.7335243786
20
367713.7288758063
30
0
0
VERTEX
8
C-MISC
10
1311530.9915405004
20
367713.6727053068
30
0
0
VERTEX
8
C-MISC
10
1311559.447935309
20
367711.67576531606
30
0
0
VERTEX
8
C-MISC
10
1311578.1543392288
20
367710.42867171246
30
0
0
VERTEX
8
C-MISC
10
1311581.6416260032
20
367709.94778738666
30
0
0
VERTEX
8
C-MISC
10
1311586.391616496
20
367708.94778938347
30
0
0
VERTEX
8
C-MISC
10
1311587.1126330108
20
367708.7848284552
30
0
0
VERTEX
8
C-MISC
10
1311624.3628865972
20
367699.7848464723
30
0
0
VERTEX
8
C-MISC
10
1311625.4547193001
20
367699.49479124707
30
0
0
VERTEX
8
C-MISC
10
1311650.454669292
20
367692.2448057369
30
0
0
VERTEX
8
C-MISC
10
1311650.9484328076
20
367692.09607673576
30
0
0
VERTEX
8
C-MISC
10
1311658.9484168135
20
367689.5960817507
30
0
0
VERTEX
8
C-MISC
10
1311661.3418199897
20
367688.71172411693
30
0
0
VERTEX
8
C-MISC
10
1311663.6326153076
20
367687.58801419
30
0
0
VERTEX
8
C-MISC
10
1311665.648241365
20
367686.46822193614
30
0
0
VERTEX
8
C-MISC
10
1311673.763788931
20
367682.1847204302
30
0
0
VERTEX
8
C-MISC
10
1311712.0975033892
20
367664.73796575796
30
0
0
SEQEND
0
POLYLINE
8
C-MISC
66
1
70
0
0
VERTEX
8
C-MISC
10
1309324.900426454
20
365418.5545316045
30
0
0
VERTEX
8
C-MISC
10
1309333.1504099423
20
365449.55446960573
30
0
0
VERTEX
8
C-MISC
10
1309333.1755187542
20
365449.6495702342
30
0
0
VERTEX
8
C-MISC
10
1309338.577943984
20
365470.2757816288
30
0
0
VERTEX
8
C-MISC
10
1309404.601645523
20
365693.9131063271
30
0
0
VERTEX
8
C-MISC
10
1309417.5563208526
20
365725.3744606952
30
0
0
VERTEX
8
C-MISC
10
1309435.0711311863
20
365756.9472108942
30
0
0
VERTEX
8
C-MISC
10
1309465.562525326
20
365798.3115052774
30
0
0
VERTEX
8
C-MISC
10
1309765.8975198825
20
366125.0659521899
30
0
0
VERTEX
8
C-MISC
10
1309765.9578096783
20
366125.1317809734
30
0
0
VERTEX
8
C-MISC
10
1309872.9579237583
20
366242.3818745417
30
0
0
VERTEX
8
C-MISC
10
1309873.3493328649
20
366242.82104629686
30
0
0
VERTEX
8
C-MISC
10
1310282.849170026
20
366713.3210895576
30
0
0
VERTEX
8
C-MISC
10
1310283.2330798076
20
366713.7728961083
30
0
0
VERTEX
8
C-MISC
10
1310454.7330648939
20
366920.5228106888
30
0
0
VERTEX
8
C-MISC
10
1310454.9464413368
20
366920.78360111563
30
0
0
VERTEX
8
C-MISC
10
1310915.9483956646
20
367492.03611581016
30
0
0
VERTEX
8
C-MISC
10
1311052.5237458202
20
367661.31577762094
30
0
0
VERTEX
8
C-MISC
10
1311053.412019278
20
367660.65742649965
30
0
0
VERTEX
8
C-MISC
10
1311055.6331915297
20
367659.3424713833
30
0
0
VERTEX
8
C-MISC
10
1311081.3831400266
20
367645.8424983906
30
0
0
VERTEX
8
C-MISC
10
1311081.442509374
20
367645.8114740437
30
0
0
VERTEX
8
C-MISC
10
1311093.4424853877
20
367639.56115845393
30
0
0
VERTEX
8
C-MISC
10
1311095.5533259418
20
367638.58372510754
30
0
0
VERTEX
8
C-MISC
10
1311128.053589021
20
367625.3337516119
30
0
0
VERTEX
8
C-MISC
10
1311130.7508376264
20
367624.40968821064
30
0
0
VERTEX
8
C-MISC
10
1311149.5008001185
20
367619.1596986946
30
0
0
VERTEX
8
C-MISC
10
1311151.1553868724
20
367618.7566473423
30
0
0
VERTEX
8
C-MISC
10
1311170.4053483729
20
367614.756655354
30
0
0
VERTEX
8
C-MISC
10
1311173.4020716213
20
367614.32127524255
30
0
0
VERTEX
8
C-MISC
10
1311212.15199413
20
367611.07128175127
30
0
0
VERTEX
8
C-MISC
10
1311215.6618980567
20
367611.02420078416
30
0
0
VERTEX
8
C-MISC
10
1311246.4118365445
20
367612.7741972752
30
0
0
VERTEX
8
C-MISC
10
1311248.915589272
20
367613.04372090194
30
0
0
VERTEX
8
C-MISC
10
1311286.6658418681
20
367619.0437089028
30
0
0
VERTEX
8
C-MISC
10
1311289.51702842
20
367619.6694285483
30
0
0
VERTEX
8
C-MISC
10
1311315.2669769137
20
367626.9194140493
30
0
0
VERTEX
8
C-MISC
10
1311316.9452489975
20
367627.45645186666
30
0
0
VERTEX
8
C-MISC
10
1311373.178423316
20
367647.66176470375
30
0
0
VERTEX
8
C-MISC
10
1311423.436729331
20
367658.6998038689
30
0
0
VERTEX
8
C-MISC
10
1311470.679970308
20
367662.4792383562
30
0
0
VERTEX
8
C-MISC
10
1311521.6212825263
20
367662.2343282012
30
0
0
VERTEX
8
C-MISC
10
1311521.741473445
20
367662.2340392824
30
0
0
VERTEX
8
C-MISC
10
1311524.2414684542
20
367662.2340392824
30
0
0
VERTEX
8
C-MISC
10
1311526.66645613
20
367662.3519285446
30
0
0
VERTEX
8
C-MISC
10
1311529.0685734055
20
367662.7044845007
30
0
0
VERTEX
8
C-MISC
10
1311531.4251655736
20
367663.2883821459
30
0
0
VERTEX
8
C-MISC
10
1311532.0490041727
20
367663.4755337251
30
0
0
VERTEX
8
C-MISC
10
1311555.9913194077
20
367661.79537124897
30
0
0
VERTEX
8
C-MISC
10
1311556.0784261734
20
367661.7894113306
30
0
0
VERTEX
8
C-MISC
10
1311573.0677746707
20
367660.6567880893
30
0
0
VERTEX
8
C-MISC
10
1311575.729379396
20
367660.0964502498
30
0
0
VERTEX
8
C-MISC
10
1311612.0711355158
20
367651.31596907676
30
0
0
VERTEX
8
C-MISC
10
1311636.2807979984
20
367644.2951669447
30
0
0
VERTEX
8
C-MISC
10
1311641.589691534
20
367642.63613772596
30
0
0
VERTEX
8
C-MISC
10
1311641.6004642604
20
367642.6301528779
30
0
0
VERTEX
8
C-MISC
10
1311642.0719416689
20
367642.374798673
30
0
0
VERTEX
8
C-MISC
10
1311651.0719236727
20
367637.6244800834
30
0
0
VERTEX
8
C-MISC
10
1311652.385457678
20
367636.9796021191
30
0
0
VERTEX
8
C-MISC
10
1311691.3853796632
20
367619.2296376106
30
0
0
SEQEND
0
POLYLINE
8
C-MISC
66
1
70
0
0
VERTEX
8
C-MISC
10
1311557.7414014484
20
367686.7340402762
30
0
0
VERTEX
8
C-MISC
10
1311541.9914329436
20
367613.2338591956
30
0
0
VERTEX
8
C-MISC
10
1311543.9914289548
20
367567.7339501955
30
0
0
VERTEX
8
C-MISC
10
1311562.7413914395
20
367521.9840416984
30
0
0
VERTEX
8
C-MISC
10
1311601.9913129427
20
367468.2338211052
30
0
0
VERTEX
8
C-MISC
10
1311624.9915950377
20
367408.2339411031
30
0
0
VERTEX
8
C-MISC
10
1311637.4915700383
20
367366.7340241066
30
0
0
VERTEX
8
C-MISC
10
1311645.741553531
20
367310.7338080253
30
0
0
VERTEX
8
C-MISC
10
1311641.4915620342
20
367267.23389503465
30
0
0
VERTEX
8
C-MISC
10
1311628.9915870375
20
367209.2340110267
30
0
0
VERTEX
8
C-MISC
10
1311499.7415174488
20
366913.48394636647
30
0
0
SEQEND
0
POLYLINE
8
C-MISC
66
1
70
0
0
VERTEX
8
C-MISC
10
1311582.1864665903
20
367681.49583541165
30
0
0
VERTEX
8
C-MISC
10
1311567.1080656594
20
367611.1296503311
30
0
0
VERTEX
8
C-MISC
10
1311568.7760171618
20
367573.18375386245
30
0
0
VERTEX
8
C-MISC
10
1311584.7223455952
20
367534.2747124556
30
0
0
VERTEX
8
C-MISC
10
1311622.1812943225
20
367482.977112864
30
0
0
VERTEX
8
C-MISC
10
1311623.4017676667
20
367481.1408900408
30
0
0
VERTEX
8
C-MISC
10
1311624.4557098283
20
367479.2042756339
30
0
0
VERTEX
8
C-MISC
10
1311625.3349232122
20
367477.18233269046
30
0
0
VERTEX
8
C-MISC
10
1311648.3352053072
20
367417.18245268834
30
0
0
VERTEX
8
C-MISC
10
1311648.9292997676
20
367415.44409313105
30
0
0
VERTEX
8
C-MISC
10
1311661.429274768
20
367373.94417613454
30
0
0
VERTEX
8
C-MISC
10
1311662.2246157527
20
367370.377710384
30
0
0
VERTEX
8
C-MISC
10
1311670.4745992455
20
367314.37749430275
30
0
0
VERTEX
8
C-MISC
10
1311670.7340885822
20
367311.34470222256
30
0
0
VERTEX
8
C-MISC
10
1311670.6230820804
20
367308.3028540879
30
0
0
VERTEX
8
C-MISC
10
1311666.3730905836
20
367264.80294109724
30
0
0
VERTEX
8
C-MISC
10
1311665.9304392065
20
367261.9668956461
30
0
0
VERTEX
8
C-MISC
10
1311653.4304642098
20
367203.96701163816
30
0
0
VERTEX
8
C-MISC
10
1311652.7835438948
20
367201.55659030715
30
0
0
VERTEX
8
C-MISC
10
1311651.8995172435
20
367199.22268076154
30
0
0
VERTEX
8
C-MISC
10
1311522.6494476548
20
366903.4726161013
30
0
0
SEQEND
0
POLYLINE
8
C-MISC
66
1
70
0
0
VERTEX
8
C-MISC
10
1311533.2963363065
20
367691.97224514076
30
0
0
VERTEX
8
C-MISC
10
1311517.5463678017
20
367618.47206406016
30
0
0
VERTEX
8
C-MISC
10
1311517.1898898343
20
367616.377656167
30
0
0
VERTEX
8
C-MISC
10
1311517.012523491
20
367614.2605444212
30
0
0
VERTEX
8
C-MISC
10
1311517.0155496744
20
367612.13601816667
30
0
0
VERTEX
8
C-MISC
10
1311519.0155456855
20
367566.63610916655
30
0
0
VERTEX
8
C-MISC
10
1311519.2029817416
20
367564.4885095846
30
0
0
VERTEX
8
C-MISC
10
1311519.5747374028
20
367562.36504214484
30
0
0
VERTEX
8
C-MISC
10
1311520.1280484034
20
367560.28149632673
30
0
0
VERTEX
8
C-MISC
10
1311520.8588004857
20
367558.2533647645
30
0
0
VERTEX
8
C-MISC
10
1311539.6087629704
20
367512.5034562674
30
0
0
VERTEX
8
C-MISC
10
1311540.9208472094
20
367509.78306429903
30
0
0
VERTEX
8
C-MISC
10
1311542.5514100597
20
367507.2407499396
30
0
0
VERTEX
8
C-MISC
10
1311579.8388439403
20
367456.17802880093
30
0
0
VERTEX
8
C-MISC
10
1311601.318981004
20
367400.1436879641
30
0
0
VERTEX
8
C-MISC
10
1311613.0255241583
20
367361.27796469675
30
0
0
VERTEX
8
C-MISC
10
1311620.5623872257
20
367310.1183519877
30
0
0
VERTEX
8
C-MISC
10
1311616.7498193556
20
367271.0955984733
30
0
0
VERTEX
8
C-MISC
10
1311605.080483314
20
367216.94987921935
30
0
0
VERTEX
8
C-MISC
10
1311476.8335872428
20
366923.4952766316
30
0
0
SEQEND
0
POLYLINE
8
L-PLNT-TREE
66
1
70
1
0
VERTEX
8
L-PLNT-TREE
10
1310981.6695612506
20
367557.732611568
30
0
0
VERTEX
8
L-PLNT-TREE
10
1310981.0986577445
20
367560.60273731075
30
0
0
VERTEX
8
L-PLNT-TREE
10
1310979.4728621095
20
367563.0359124269
30
0
0
VERTEX
8
L-PLNT-TREE
10
1310977.0396869932
20
367564.6617080618
30
0
0
VERTEX
8
L-PLNT-TREE
10
1310974.1695612506
20
367565.232611568
30
0
0
VERTEX
8
L-PLNT-TREE
10
1310971.299435508
20
367564.6617080618
30
0
0
VERTEX
8
L-PLNT-TREE
10
1310968.8662603917
20
367563.0359124269
30
0
0
VERTEX
8
L-PLNT-TREE
10
1310967.2404647567
20
367560.60273731075
30
0
0
VERTEX
8
L-PLNT-TREE
10
1310966.6695612506
20
367557.732611568
30
0
0
VERTEX
8
L-PLNT-TREE
10
1310967.2404647567
20
367554.86248582526
30
0
0
VERTEX
8
L-PLNT-TREE
10
1310968.8662603917
20
367552.4293107091
30
0
0
VERTEX
8
L-PLNT-TREE
10
1310971.299435508
20
367550.8035150742
30
0
0
VERTEX
8
L-PLNT-TREE
10
1310974.1695612506
20
367550.232611568
30
0
0
VERTEX
8
L-PLNT-TREE
10
1310977.0396869932
20
367550.8035150742
30
0
0
VERTEX
8
L-PLNT-TREE
10
1310979.4728621095
20
367552.4293107091
30
0
0
VERTEX
8
L-PLNT-TREE
10
1310981.0986577445
20
367554.86248582526
30
0
0
VERTEX
8
L-PLNT-TREE
10
1310981.6695612506
20
367557.732611568
30
0
0
SEQEND
0
POLYLINE
8
L-PLNT-TREE
66
1
70
1
0
VERTEX
8
L-PLNT-TREE
10
1310996.0175130689
20
367468.99396064575
30
0
0
VERTEX
8
L-PLNT-TREE
10
1310995.4466095627
20
367471.8640863885
30
0
0
VERTEX
8
L-PLNT-TREE
10
1310993.8208139278
20
367474.29726150463
30
0
0
VERTEX
8
L-PLNT-TREE
10
1310991.3876388115
20
367475.92305713956
30
0
0
VERTEX
8
L-PLNT-TREE
10
1310988.5175130689
20
367476.49396064575
30
0
0
VERTEX
8
L-PLNT-TREE
10
1310985.6473873262
20
367475.92305713956
30
0
0
VERTEX
8
L-PLNT-TREE
10
1310983.21421221
20
367474.29726150463
30
0
0
VERTEX
8
L-PLNT-TREE
10
1310981.588416575
20
367471.8640863885
30
0
0
VERTEX
8
L-PLNT-TREE
10
1310981.0175130689
20
367468.99396064575
30
0
0
VERTEX
8
L-PLNT-TREE
10
1310981.588416575
20
367466.123834903
30
0
0
VERTEX
8
L-PLNT-TREE
10
1310983.21421221
20
367463.69065978687
30
0
0
VERTEX
8
L-PLNT-TREE
10
1310985.6473873262
20
367462.06486415194
30
0
0
VERTEX
8
L-PLNT-TREE
10
1310988.5175130689
20
367461.49396064575
30
0
0
VERTEX
8
L-PLNT-TREE
10
1310991.3876388115
20
367462.06486415194
30
0
0
VERTEX
8
L-PLNT-TREE
10
1310993.8208139278
20
367463.69065978687
30
0
0
VERTEX
8
L-PLNT-TREE
10
1310995.4466095627
20
367466.123834903
30
0
0
VERTEX
8
L-PLNT-TREE
10
1310996.0175130689
20
367468.99396064575
30
0
0
SEQEND
0
POLYLINE
8
L-PLNT-TREE
66
1
70
1
0
VERTEX
8
L-PLNT-TREE
10
1311037.2539995816
20
367438.7609408161
30
0
0
VERTEX
8
L-PLNT-TREE
10
1311036.6830960754
20
367441.6310665588
30
0
0
VERTEX
8
L-PLNT-TREE
10
1311035.0573004405
20
367444.06424167496
30
0
0
VERTEX
8
L-PLNT-TREE
10
1311032.6241253242
20
367445.6900373099
30
0
0
VERTEX
8
L-PLNT-TREE
10
1311029.7539995816
20
367446.2609408161
30
0
0
VERTEX
8
L-PLNT-TREE
10
1311026.883873839
20
367445.6900373099
30
0
0
VERTEX
8
L-PLNT-TREE
10
1311024.4506987226
20
367444.06424167496
30
0
0
VERTEX
8
L-PLNT-TREE
10
1311022.8249030877
20
367441.6310665588
30
0
0
VERTEX
8
L-PLNT-TREE
10
1311022.2539995816
20
367438.7609408161
30
0
0
VERTEX
8
L-PLNT-TREE
10
1311022.8249030877
20
367435.89081507333
30
0
0
VERTEX
8
L-PLNT-TREE
10
1311024.4506987226
20
367433.4576399572
30
0
0
VERTEX
8
L-PLNT-TREE
10
1311026.883873839
20
367431.83184432227
30
0
0
VERTEX
8
L-PLNT-TREE
10
1311029.7539995816
20
367431.2609408161
30
0
0
VERTEX
8
L-PLNT-TREE
10
1311032.6241253242
20
367431.83184432227
30
0
0
VERTEX
8
L-PLNT-TREE
10
1311035.0573004405
20
367433.4576399572
30
0
0
VERTEX
8
L-PLNT-TREE
10
1311036.6830960754
20
367435.89081507333
30
0
0
VERTEX
8
L-PLNT-TREE
10
1311037.2539995816
20
367438.7609408161
30
0
0
SEQEND
0
POLYLINE
8
L-PLNT-TREE
66
1
70
1
0
VERTEX
8
L-PLNT-TREE
10
1311078.195983632
20
367407.6328797486
30
0
0
VERTEX
8
L-PLNT-TREE
10
1311077.6250801259
20
367410.50300549134
30
0
0
VERTEX
8
L-PLNT-TREE
10
1311075.999284491
20
367412.9361806075
30
0
0
VERTEX
8
L-PLNT-TREE
10
1311073.5661093746
20
367414.5619762424
30
0
0
VERTEX
8
L-PLNT-TREE
10
1311070.695983632
20
367415.1328797486
30
0
0
VERTEX
8
L-PLNT-TREE
10
1311067.8258578894
20
367414.5619762424
30
0
0
VERTEX
8
L-PLNT-TREE
10
1311065.392682773
20
367412.9361806075
30
0
0
VERTEX
8
L-PLNT-TREE
10
1311063.7668871381
20
367410.50300549134
30
0
0
VERTEX
8
L-PLNT-TREE
10
1311063.195983632
20
367407.6328797486
30
0
0
VERTEX
8
L-PLNT-TREE
10
1311063.7668871381
20
367404.76275400585
30
0
0
VERTEX
8
L-PLNT-TREE
10
1311065.392682773
20
367402.3295788897
30
0
0
VERTEX
8
L-PLNT-TREE
10
1311067.8258578894
20
367400.7037832548
30
0
0
VERTEX
8
L-PLNT-TREE
10
1311070.695983632
20
367400.1328797486
30
0
0
VERTEX
8
L-PLNT-TREE
10
1311073.5661093746
20
367400.7037832548
30
0
0
VERTEX
8
L-PLNT-TREE
10
1311075.999284491
20
367402.3295788897
30
0
0
VERTEX
8
L-PLNT-TREE
10
1311077.6250801259
20
367404.76275400585
30
0
0
VERTEX
8
L-PLNT-TREE
10
1311078.195983632
20
367407.6328797486
30
0
0
SEQEND
0
POLYLINE
8
L-PLNT-TREE
66
1
70
1
0
VERTEX
8
L-PLNT-TREE
10
1311124.4551593899
20
367388.4440843166
30
0
0
VERTEX
8
L-PLNT-TREE
10
1311123.8842558837
20
367391.31421005935
30
0
0
VERTEX
8
L-PLNT-TREE
10
1311122.2584602488
20
367393.7473851755
30
0
0
VERTEX
8
L-PLNT-TREE
10
1311119.8252851325
20
367395.3731808104
30
0
0
VERTEX
8
L-PLNT-TREE
10
1311116.9551593899
20
367395.9440843166
30
0
0
VERTEX
8
L-PLNT-TREE
10
1311114.0850336473
20
367395.3731808104
30
0
0
VERTEX
8
L-PLNT-TREE
10
1311111.651858531
20
367393.7473851755
30
0
0
VERTEX
8
L-PLNT-TREE
10
1311110.026062896
20
367391.31421005935
30
0
0
VERTEX
8
L-PLNT-TREE
10
1311109.4551593899
20
367388.4440843166
30
0
0
VERTEX
8
L-PLNT-TREE
10
1311110.026062896
20
367385.57395857386
30
0
0
VERTEX
8
L-PLNT-TREE
10
1311111.651858531
20
367383.1407834577
30
0
0
VERTEX
8
L-PLNT-TREE
10
1311114.0850336473
20
367381.5149878228
30
0
0
VERTEX
8
L-PLNT-TREE
10
1311116.9551593899
20
367380.9440843166
30
0
0
VERTEX
8
L-PLNT-TREE
10
1311119.8252851325
20
367381.5149878228
30
0
0
VERTEX
8
L-PLNT-TREE
10
1311122.2584602488
20
367383.1407834577
30
0
0
VERTEX
8
L-PLNT-TREE
10
1311123.8842558837
20
367385.57395857386
30
0
0
VERTEX
8
L-PLNT-TREE
10
1311124.4551593899
20
367388.4440843166
30
0
0
SEQEND
0
POLYLINE
8
L-PLNT-TREE
66
1
70
1
0
VERTEX
8
L-PLNT-TREE
10
1310958.9451936584
20
367424.15539486276
30
0
0
VERTEX
8
L-PLNT-TREE
10
1310958.3742901522
20
367427.0255206055
30
0
0
VERTEX
8
L-PLNT-TREE
10
1310956.7484945173
20
367429.45869572164
30
0
0
VERTEX
8
L-PLNT-TREE
10
1310954.315319401
20
367431.08449135657
30
0
0
VERTEX
8
L-PLNT-TREE
10
1310951.4451936584
20
367431.65539486276
30
0
0
VERTEX
8
L-PLNT-TREE
10
1310948.5750679157
20
367431.08449135657
30
0
0
VERTEX
8
L-PLNT-TREE
10
1310946.1418927994
20
367429.45869572164
30
0
0
VERTEX
8
L-PLNT-TREE
10
1310944.5160971645
20
367427.0255206055
30
0
0
VERTEX
8
L-PLNT-TREE
10
1310943.9451936584
20
367424.15539486276
30
0
0
VERTEX
8
L-PLNT-TREE
10
1310944.5160971645
20
367421.28526912
30
0
0
VERTEX
8
L-PLNT-TREE
10
1310946.1418927994
20
367418.8520940039
30
0
0
VERTEX
8
L-PLNT-TREE
10
1310948.5750679157
20
367417.22629836894
30
0
0
VERTEX
8
L-PLNT-TREE
10
1310951.4451936584
20
367416.65539486276
30
0
0
VERTEX
8
L-PLNT-TREE
10
1310954.315319401
20
367417.22629836894
30
0
0
VERTEX
8
L-PLNT-TREE
10
1310956.7484945173
20
367418.8520940039
30
0
0
VERTEX
8
L-PLNT-TREE
10
1310958.3742901522
20
367421.28526912
30
0
0
VERTEX
8
L-PLNT-TREE
10
1310958.9451936584
20
367424.15539486276
30
0
0
SEQEND
0
POLYLINE
8
L-PLNT-TREE
66
1
70
1
0
VERTEX
8
L-PLNT-TREE
10
1311038.1301974235
20
367366.35833152395
30
0
0
VERTEX
8
L-PLNT-TREE
10
1311037.5592939174
20
367369.2284572667
30
0
0
VERTEX
8
L-PLNT-TREE
10
1311035.9334982825
20
367371.66163238283
30
0
0
VERTEX
8
L-PLNT-TREE
10
1311033.5003231661
20
367373.28742801776
30
0
0
VERTEX
8
L-PLNT-TREE
10
1311030.6301974235
20
367373.85833152395
30
0
0
VERTEX
8
L-PLNT-TREE
10
1311027.7600716809
20
367373.28742801776
30
0
0
VERTEX
8
L-PLNT-TREE
10
1311025.3268965646
20
367371.66163238283
30
0
0
VERTEX
8
L-PLNT-TREE
10
1311023.7011009296
20
367369.2284572667
30
0
0
VERTEX
8
L-PLNT-TREE
10
1311023.1301974235
20
367366.35833152395
30
0
0
VERTEX
8
L-PLNT-TREE
10
1311023.7011009296
20
367363.4882057812
30
0
0
VERTEX
8
L-PLNT-TREE
10
1311025.3268965646
20
367361.05503066507
30
0
0
VERTEX
8
L-PLNT-TREE
10
1311027.7600716809
20
367359.42923503014
30
0
0
VERTEX
8
L-PLNT-TREE
10
1311030.6301974235
20
367358.85833152395
30
0
0
VERTEX
8
L-PLNT-TREE
10
1311033.5003231661
20
367359.42923503014
30
0
0
VERTEX
8
L-PLNT-TREE
10
1311035.9334982825
20
367361.05503066507
30
0
0
VERTEX
8
L-PLNT-TREE
10
1311037.5592939174
20
367363.4882057812
30
0
0
VERTEX
8
L-PLNT-TREE
10
1311038.1301974235
20
367366.35833152395
30
0
0
SEQEND
0
POLYLINE
8
L-PLNT-TREE
66
1
70
1
0
VERTEX
8
L-PLNT-TREE
10
1311141.0853142496
20
367325.9353708197
30
0
0
VERTEX
8
L-PLNT-TREE
10
1311140.5144107435
20
367328.80549656245
30
0
0
VERTEX
8
L-PLNT-TREE
10
1311138.8886151086
20
367331.2386716786
30
0
0
VERTEX
8
L-PLNT-TREE
10
1311136.4554399922
20
367332.8644673135
30
0
0
VERTEX
8
L-PLNT-TREE
10
1311133.5853142496
20
367333.4353708197
30
0
0
VERTEX
8
L-PLNT-TREE
10
1311130.715188507
20
367332.8644673135
30
0
0
VERTEX
8
L-PLNT-TREE
10
1311128.2820133907
20
367331.2386716786
30
0
0
VERTEX
8
L-PLNT-TREE
10
1311126.6562177557
20
367328.80549656245
30
0
0
VERTEX
8
L-PLNT-TREE
10
1311126.0853142496
20
367325.9353708197
30
0
0
VERTEX
8
L-PLNT-TREE
10
1311126.6562177557
20
367323.06524507696
30
0
0
VERTEX
8
L-PLNT-TREE
10
1311128.2820133907
20
367320.6320699608
30
0
0
VERTEX
8
L-PLNT-TREE
10
1311130.715188507
20
367319.0062743259
30
0
0
VERTEX
8
L-PLNT-TREE
10
1311133.5853142496
20
367318.4353708197
30
0
0
VERTEX
8
L-PLNT-TREE
10
1311136.4554399922
20
367319.0062743259
30
0
0
VERTEX
8
L-PLNT-TREE
10
1311138.8886151086
20
367320.6320699608
30
0
0
VERTEX
8
L-PLNT-TREE
10
1311140.5144107435
20
367323.06524507696
30
0
0
VERTEX
8
L-PLNT-TREE
10
1311141.0853142496
20
367325.9353708197
30
0
0
SEQEND
0
POLYLINE
8
L-PLNT-TREE
66
1
70
1
0
VERTEX
8
L-PLNT-TREE
10
1311184.0938183067
20
367376.75625665777
30
0
0
VERTEX
8
L-PLNT-TREE
10
1311183.5229148006
20
367379.6263824005
30
0
0
VERTEX
8
L-PLNT-TREE
10
1311181.8971191656
20
367382.05955751665
30
0
0
VERTEX
8
L-PLNT-TREE
10
1311179.4639440493
20
367383.6853531516
30
0
0
VERTEX
8
L-PLNT-TREE
10
1311176.5938183067
20
367384.25625665777
30
0
0
VERTEX
8
L-PLNT-TREE
10
1311173.723692564
20
367383.6853531516
30
0
0
VERTEX
8
L-PLNT-TREE
10
1311171.2905174477
20
367382.05955751665
30
0
0
VERTEX
8
L-PLNT-TREE
10
1311169.6647218128
20
367379.6263824005
30
0
0
VERTEX
8
L-PLNT-TREE
10
1311169.0938183067
20
367376.75625665777
30
0
0
VERTEX
8
L-PLNT-TREE
10
1311169.6647218128
20
367373.886130915
30
0
0
VERTEX
8
L-PLNT-TREE
10
1311171.2905174477
20
367371.4529557989
30
0
0
VERTEX
8
L-PLNT-TREE
10
1311173.723692564
20
367369.82716016396
30
0
0
VERTEX
8
L-PLNT-TREE
10
1311176.5938183067
20
367369.25625665777
30
0
0
VERTEX
8
L-PLNT-TREE
10
1311179.4639440493
20
367369.82716016396
30
0
0
VERTEX
8
L-PLNT-TREE
10
1311181.8971191656
20
367371.4529557989
30
0
0
VERTEX
8
L-PLNT-TREE
10
1311183.5229148006
20
367373.886130915
30
0
0
VERTEX
8
L-PLNT-TREE
10
1311184.0938183067
20
367376.75625665777
30
0
0
SEQEND
0
POLYLINE
8
L-PLNT-TREE
66
1
70
1
0
VERTEX
8
L-PLNT-TREE
10
1311236.2626508512
20
367370.4029214843
30
0
0
VERTEX
8
L-PLNT-TREE
10
1311235.691747345
20
367373.27304722706
30
0
0
VERTEX
8
L-PLNT-TREE
10
1311234.06595171
20
367375.7062223432
30
0
0
VERTEX
8
L-PLNT-TREE
10
1311231.6327765938
20
367377.33201797813
30
0
0
VERTEX
8
L-PLNT-TREE
10
1311228.7626508512
20
367377.9029214843
30
0
0
VERTEX
8
L-PLNT-TREE
10
1311225.8925251085
20
367377.33201797813
30
0
0
VERTEX
8
L-PLNT-TREE
10
1311223.4593499922
20
367375.7062223432
30
0
0
VERTEX
8
L-PLNT-TREE
10
1311221.8335543573
20
367373.27304722706
30
0
0
VERTEX
8
L-PLNT-TREE
10
1311221.2626508512
20
367370.4029214843
30
0
0
VERTEX
8
L-PLNT-TREE
10
1311221.8335543573
20
367367.5327957416
30
0
0
VERTEX
8
L-PLNT-TREE
10
1311223.4593499922
20
367365.09962062543
30
0
0
VERTEX
8
L-PLNT-TREE
10
1311225.8925251085
20
367363.4738249905
30
0
0
VERTEX
8
L-PLNT-TREE
10
1311228.7626508512
20
367362.9029214843
30
0
0
VERTEX
8
L-PLNT-TREE
10
1311231.6327765938
20
367363.4738249905
30
0
0
VERTEX
8
L-PLNT-TREE
10
1311234.06595171
20
367365.09962062543
30
0
0
VERTEX
8
L-PLNT-TREE
10
1311235.691747345
20
367367.5327957416
30
0
0
VERTEX
8
L-PLNT-TREE
10
1311236.2626508512
20
367370.4029214843
30
0
0
SEQEND
0
POLYLINE
8
L-PLNT-TREE
66
1
70
1
0
VERTEX
8
L-PLNT-TREE
10
1311280.8590057392
20
367395.9027517575
30
0
0
VERTEX
8
L-PLNT-TREE
10
1311280.288102233
20
367398.7728775002
30
0
0
VERTEX
8
L-PLNT-TREE
10
1311278.6623065982
20
367401.20605261636
30
0
0
VERTEX
8
L-PLNT-TREE
10
1311276.2291314818
20
367402.8318482513
30
0
0
VERTEX
8
L-PLNT-TREE
10
1311273.3590057392
20
367403.4027517575
30
0
0
VERTEX
8
L-PLNT-TREE
10
1311270.4888799966
20
367402.8318482513
30
0
0
VERTEX
8
L-PLNT-TREE
10
1311268.0557048803
20
367401.20605261636
30
0
0
VERTEX
8
L-PLNT-TREE
10
1311266.4299092453
20
367398.7728775002
30
0
0
VERTEX
8
L-PLNT-TREE
10
1311265.8590057392
20
367395.9027517575
30
0
0
VERTEX
8
L-PLNT-TREE
10
1311266.4299092453
20
367393.0326260147
30
0
0
VERTEX
8
L-PLNT-TREE
10
1311268.0557048803
20
367390.5994508986
30
0
0
VERTEX
8
L-PLNT-TREE
10
1311270.4888799966
20
367388.97365526366
30
0
0
VERTEX
8
L-PLNT-TREE
10
1311273.3590057392
20
367388.4027517575
30
0
0
VERTEX
8
L-PLNT-TREE
10
1311276.2291314818
20
367388.97365526366
30
0
0
VERTEX
8
L-PLNT-TREE
10
1311278.6623065982
20
367390.5994508986
30
0
0
VERTEX
8
L-PLNT-TREE
10
1311280.288102233
20
367393.0326260147
30
0
0
VERTEX
8
L-PLNT-TREE
10
1311280.8590057392
20
367395.9027517575
30
0
0
SEQEND
0
POLYLINE
8
L-PLNT-TREE
66
1
70
1
0
VERTEX
8
L-PLNT-TREE
10
1311361.2604702963
20
367408.728595702
30
0
0
VERTEX
8
L-PLNT-TREE
10
1311360.6895667901
20
367411.5987214447
30
0
0
VERTEX
8
L-PLNT-TREE
10
1311359.0637711552
20
367414.03189656086
30
0
0
VERTEX
8
L-PLNT-TREE
10
1311356.630596039
20
367415.6576921958
30
0
0
VERTEX
8
L-PLNT-TREE
10
1311353.7604702963
20
367416.228595702
30
0
0
VERTEX
8
L-PLNT-TREE
10
1311350.8903445536
20
367415.6576921958
30
0
0
VERTEX
8
L-PLNT-TREE
10
1311348.4571694373
20
367414.03189656086
30
0
0
VERTEX
8
L-PLNT-TREE
10
1311346.8313738024
20
367411.5987214447
30
0
0
VERTEX
8
L-PLNT-TREE
10
1311346.2604702963
20
367408.728595702
30
0
0
VERTEX
8
L-PLNT-TREE
10
1311346.8313738024
20
367405.85846995923
30
0
0
VERTEX
8
L-PLNT-TREE
10
1311348.4571694373
20
367403.4252948431
30
0
0
VERTEX
8
L-PLNT-TREE
10
1311350.8903445536
20
367401.79949920817
30
0
0
VERTEX
8
L-PLNT-TREE
10
1311353.7604702963
20
367401.228595702
30
0
0
VERTEX
8
L-PLNT-TREE
10
1311356.630596039
20
367401.79949920817
30
0
0
VERTEX
8
L-PLNT-TREE
10
1311359.0637711552
20
367403.4252948431
30
0
0
VERTEX
8
L-PLNT-TREE
10
1311360.6895667901
20
367405.85846995923
30
0
0
VERTEX
8
L-PLNT-TREE
10
1311361.2604702963
20
367408.728595702
30
0
0
SEQEND
0
POLYLINE
8
L-PLNT-TREE
66
1
70
1
0
VERTEX
8
L-PLNT-TREE
10
1311383.2401116493
20
367349.81619454944
30
0
0
VERTEX
8
L-PLNT-TREE
10
1311382.6692081431
20
367352.6863202922
30
0
0
VERTEX
8
L-PLNT-TREE
10
1311381.0434125082
20
367355.1194954083
30
0
0
VERTEX
8
L-PLNT-TREE
10
1311378.610237392
20
367356.74529104325
30
0
0
VERTEX
8
L-PLNT-TREE
10
1311375.7401116493
20
367357.31619454944
30
0
0
VERTEX
8
L-PLNT-TREE
10
1311372.8699859066
20
367356.74529104325
30
0
0
VERTEX
8
L-PLNT-TREE
10
1311370.4368107903
20
367355.1194954083
30
0
0
VERTEX
8
L-PLNT-TREE
10
1311368.8110151554
20
367352.6863202922
30
0
0
VERTEX
8
L-PLNT-TREE
10
1311368.2401116493
20
367349.81619454944
30
0
0
VERTEX
8
L-PLNT-TREE
10
1311368.8110151554
20
367346.9460688067
30
0
0
VERTEX
8
L-PLNT-TREE
10
1311370.4368107903
20
367344.51289369055
30
0
0
VERTEX
8
L-PLNT-TREE
10
1311372.8699859066
20
367342.8870980556
30
0
0
VERTEX
8
L-PLNT-TREE
10
1311375.7401116493
20
367342.31619454944
30
0
0
VERTEX
8
L-PLNT-TREE
10
1311378.610237392
20
367342.8870980556
30
0
0
VERTEX
8
L-PLNT-TREE
10
1311381.0434125082
20
367344.51289369055
30
0
0
VERTEX
8
L-PLNT-TREE
10
1311382.6692081431
20
367346.9460688067
30
0
0
VERTEX
8
L-PLNT-TREE
10
1311383.2401116493
20
367349.81619454944
30
0
0
SEQEND
0
POLYLINE
8
L-PLNT-TREE
66
1
70
1
0
VERTEX
8
L-PLNT-TREE
10
1311353.6018636695
20
367308.87997742486
30
0
0
VERTEX
8
L-PLNT-TREE
10
1311353.0309601633
20
367311.7501031676
30
0
0
VERTEX
8
L-PLNT-TREE
10
1311351.4051645284
20
367314.18327828374
30
0
0
VERTEX
8
L-PLNT-TREE
10
1311348.971989412
20
367315.8090739187
30
0
0
VERTEX
8
L-PLNT-TREE
10
1311346.1018636695
20
367316.37997742486
30
0
0
VERTEX
8
L-PLNT-TREE
10
1311343.2317379268
20
367315.8090739187
30
0
0
VERTEX
8
L-PLNT-TREE
10
1311340.7985628105
20
367314.18327828374
30
0
0
VERTEX
8
L-PLNT-TREE
10
1311339.1727671756
20
367311.7501031676
30
0
0
VERTEX
8
L-PLNT-TREE
10
1311338.6018636695
20
367308.87997742486
30
0
0
VERTEX
8
L-PLNT-TREE
10
1311339.1727671756
20
367306.0098516821
30
0
0
VERTEX
8
L-PLNT-TREE
10
1311340.7985628105
20
367303.576676566
30
0
0
VERTEX
8
L-PLNT-TREE
10
1311343.2317379268
20
367301.95088093105
30
0
0
VERTEX
8
L-PLNT-TREE
10
1311346.1018636695
20
367301.37997742486
30
0
0
VERTEX
8
L-PLNT-TREE
10
1311348.971989412
20
367301.95088093105
30
0
0
VERTEX
8
L-PLNT-TREE
10
1311351.4051645284
20
367303.576676566
30
0
0
VERTEX
8
L-PLNT-TREE
10
1311353.0309601633
20
367306.0098516821
30
0
0
VERTEX
8
L-PLNT-TREE
10
1311353.6018636695
20
367308.87997742486
30
0
0
SEQEND
0
POLYLINE
8
L-PLNT-TREE
66
1
70
1
0
VERTEX
8
L-PLNT-TREE
10
1311189.6878224653
20
367317.18449408334
30
0
0
VERTEX
8
L-PLNT-TREE
10
1311189.1169189592
20
367320.0546198261
30
0
0
VERTEX
8
L-PLNT-TREE
10
1311187.4911233243
20
367322.4877949422
30
0
0
VERTEX
8
L-PLNT-TREE
10
1311185.057948208
20
367324.11359057715
30
0
0
VERTEX
8
L-PLNT-TREE
10
1311182.1878224653
20
367324.68449408334
30
0
0
VERTEX
8
L-PLNT-TREE
10
1311179.3176967227
20
367324.11359057715
30
0
0
VERTEX
8
L-PLNT-TREE
10
1311176.8845216064
20
367322.4877949422
30
0
0
VERTEX
8
L-PLNT-TREE
10
1311175.2587259714
20
367320.0546198261
30
0
0
VERTEX
8
L-PLNT-TREE
10
1311174.6878224653
20
367317.18449408334
30
0
0
VERTEX
8
L-PLNT-TREE
10
1311175.2587259714
20
367314.3143683406
30
0
0
VERTEX
8
L-PLNT-TREE
10
1311176.8845216064
20
367311.88119322446
30
0
0
VERTEX
8
L-PLNT-TREE
10
1311179.3176967227
20
367310.2553975895
30
0
0
VERTEX
8
L-PLNT-TREE
10
1311182.1878224653
20
367309.68449408334
30
0
0
VERTEX
8
L-PLNT-TREE
10
1311185.057948208
20
367310.2553975895
30
0
0
VERTEX
8
L-PLNT-TREE
10
1311187.4911233243
20
367311.88119322446
30
0
0
VERTEX
8
L-PLNT-TREE
10
1311189.1169189592
20
367314.3143683406
30
0
0
VERTEX
8
L-PLNT-TREE
10
1311189.6878224653
20
367317.18449408334
30
0
0
SEQEND
0
POLYLINE
8
L-PLNT-TREE
66
1
70
1
0
VERTEX
8
L-PLNT-TREE
10
1311237.3883691318
20
367310.51589551417
30
0
0
VERTEX
8
L-PLNT-TREE
10
1311236.8174656257
20
367313.3860212569
30
0
0
VERTEX
8
L-PLNT-TREE
10
1311235.1916699908
20
367315.81919637305
30
0
0
VERTEX
8
L-PLNT-TREE
10
1311232.7584948745
20
367317.444992008
30
0
0
VERTEX
8
L-PLNT-TREE
10
1311229.8883691318
20
367318.01589551417
30
0
0
VERTEX
8
L-PLNT-TREE
10
1311227.0182433892
20
367317.444992008
30
0
0
VERTEX
8
L-PLNT-TREE
10
1311224.585068273
20
367315.81919637305
30
0
0
VERTEX
8
L-PLNT-TREE
10
1311222.959272638
20
367313.3860212569
30
0
0
VERTEX
8
L-PLNT-TREE
10
1311222.3883691318
20
367310.51589551417
30
0
0
VERTEX
8
L-PLNT-TREE
10
1311222.959272638
20
367307.6457697714
30
0
0
VERTEX
8
L-PLNT-TREE
10
1311224.585068273
20
367305.2125946553
30
0
0
VERTEX
8
L-PLNT-TREE
10
1311227.0182433892
20
367303.58679902036
30
0
0
VERTEX
8
L-PLNT-TREE
10
1311229.8883691318
20
367303.01589551417
30
0
0
VERTEX
8
L-PLNT-TREE
10
1311232.7584948745
20
367303.58679902036
30
0
0
VERTEX
8
L-PLNT-TREE
10
1311235.1916699908
20
367305.2125946553
30
0
0
VERTEX
8
L-PLNT-TREE
10
1311236.8174656257
20
367307.6457697714
30
0
0
VERTEX
8
L-PLNT-TREE
10
1311237.3883691318
20
367310.51589551417
30
0
0
SEQEND
0
POINT
8
C-PROP
10
1310954.585724227
20
367498.06338794297
30
0
0
POINT
8
C-PROP
10
1311162.727022739
20
367379.68225042074
30
0
0
POINT
8
C-PROP
10
1311320.9442138842
20
367419.0304149424
30
0
0
POINT
8
C-PROP
10
1311297.5483743255
20
367304.9674429157
30
0
0
POINT
8
C-PROP
10
1311019.4375684098
20
367371.2314627679
30
0
0
POLYLINE
8
C-PROP
66
1
70
0
0
VERTEX
8
C-PROP
10
1310946.3194447742
20
367489.2366869955
30
0
0
VERTEX
8
C-PROP
10
1311026.5451891602
20
367425.3034269061
30
0
0
VERTEX
8
C-PROP
10
1311046.628824085
20
367410.69277286733
30
0
0
VERTEX
8
C-PROP
10
1311067.0050312495
20
367398.36204626906
30
0
0
VERTEX
8
C-PROP
10
1311088.3516889827
20
367387.8003602942
30
0
0
VERTEX
8
C-PROP
10
1311110.5157199926
20
367379.0834378684
30
0
0
VERTEX
8
C-PROP
10
1311133.461068855
20
367372.237136514
30
0
0
VERTEX
8
C-PROP
10
1311153.7378952408
20
367367.9080528489
30
0
0
VERTEX
8
C-PROP
10
1311173.8442085069
20
367365.14047844923
30
0
0
VERTEX
8
C-PROP
10
1311220.4125044078
20
367370.0511830962
30
0
0
SEQEND
0
POLYLINE
8
C-PROP
66
1
70
0
0
VERTEX
8
C-PROP
10
1311255.5741476766
20
367373.7590371556
30
0
0
VERTEX
8
C-PROP
10
1311268.1582757025
20
367375.08605449175
30
0
0
SEQEND
0
POLYLINE
8
C-PROP
66
1
70
0
0
VERTEX
8
C-PROP
10
1310921.4983966623
20
367457.8689550371
30
0
0
VERTEX
8
C-PROP
10
1311001.9597622503
20
367393.7479244049
30
0
0
VERTEX
8
C-PROP
10
1311002.658500526
20
367393.2157492005
30
0
0
VERTEX
8
C-PROP
10
1311023.7830007642
20
367377.8478755123
30
0
0
VERTEX
8
C-PROP
10
1311025.1940621182
20
367376.91008640087
30
0
0
VERTEX
8
C-PROP
10
1311047.0211427729
20
367363.7013590937
30
0
0
VERTEX
8
C-PROP
10
1311048.5066276204
20
367362.8863067097
30
0
0
VERTEX
8
C-PROP
10
1311071.3733267442
20
367351.57254984684
30
0
0
VERTEX
8
C-PROP
10
1311072.9224696725
20
367350.8861594279
30
0
0
VERTEX
8
C-PROP
10
1311096.6647451497
20
367341.5485270517
30
0
0
VERTEX
8
C-PROP
10
1311098.266427281
20
367340.9957251229
30
0
0
VERTEX
8
C-PROP
10
1311122.7877348736
20
367333.6791982577
30
0
0
VERTEX
8
C-PROP
10
1311124.3302312498
20
367333.2850830959
30
0
0
VERTEX
8
C-PROP
10
1311146.1058046685
20
367328.63601832656
30
0
0
VERTEX
8
C-PROP
10
1311147.554448749
20
367328.3820298829
30
0
0
VERTEX
8
C-PROP
10
1311170.797421409
20
367325.18270361883
30
0
0
VERTEX
8
C-PROP
10
1311173.207419831
20
367324.99840306456
30
0
0
VERTEX
8
C-PROP
10
1311175.622051408
20
367325.1061687183
30
0
0
VERTEX
8
C-PROP
10
1311272.3529069494
20
367335.30659913184
30
0
0
SEQEND
0
POLYLINE
8
C-PROP
66
1
70
0
0
VERTEX
8
C-PROP
10
1311369.99
20
367360.23
30
0
0
VERTEX
8
C-PROP
10
1311369.9860844957
20
367359.5918800091
30
0
0
VERTEX
8
C-PROP
10
1311369.9743385722
20
367358.9538561168
30
0
0
VERTEX
8
C-PROP
10
1311369.9547639985
20
367358.31602440705
30
0
0
VERTEX
8
C-PROP
10
1311369.9273637226
20
367357.67848093493
30
0
0
VERTEX
8
C-PROP
10
1311369.8921418707
20
367357.04132171226
30
0
0
VERTEX
8
C-PROP
10
1311369.8491037472
20
367356.4046426928
30
0
0
VERTEX
8
C-PROP
10
1311369.7982558336
20
367355.76853975805
30
0
0
VERTEX
8
C-PROP
10
1311369.739605787
20
367355.13310870284
30
0
0
VERTEX
8
C-PROP
10
1311369.67316244
20
367354.4984452207
30
0
0
VERTEX
8
C-PROP
10
1311369.5989357992
20
367353.8646448896
30
0
0
VERTEX
8
C-PROP
10
1311369.5169370421
20
367353.2318031576
30
0
0
VERTEX
8
C-PROP
10
1311369.4271785181
20
367352.6000153283
30
0
0
VERTEX
8
C-PROP
10
1311369.3296737443
20
367351.9693765466
30
0
0
VERTEX
8
C-PROP
10
1311369.2244374042
20
367351.33998178446
30
0
0
VERTEX
8
C-PROP
10
1311369.1114853465
20
367350.7119258263
30
0
0
VERTEX
8
C-PROP
10
1311368.990834581
20
367350.0853032551
30
0
0
VERTEX
8
C-PROP
10
1311368.8625032774
20
367349.460208438
30
0
0
VERTEX
8
C-PROP
10
1311368.726510762
20
367348.83673551184
30
0
0
VERTEX
8
C-PROP
10
1311368.5828775147
20
367348.21497836936
30
0
0
VERTEX
8
C-PROP
10
1311368.4316251662
20
367347.595030645
30
0
0
VERTEX
8
C-PROP
10
1311368.2727764943
20
367346.97698570054
30
0
0
VERTEX
8
C-PROP
10
1311368.1063554212
20
367346.3609366113
30
0
0
VERTEX
8
C-PROP
10
1311367.9323870095
20
367345.74697615195
30
0
0
VERTEX
8
C-PROP
10
1311367.750897458
20
367345.13519678276
30
0
0
VERTEX
8
C-PROP
10
1311367.5619140984
20
367344.5256906354
30
0
0
VERTEX
8
C-PROP
10
1311367.3654653907
20
367343.91854949924
30
0
0
VERTEX
8
C-PROP
10
1311367.1615809198
20
367343.31386480754
30
0
0
VERTEX
8
C-PROP
10
1311366.9502913896
20
367342.7117276236
30
0
0
VERTEX
8
C-PROP
10
1311366.7316286194
20
367342.112228627
30
0
0
VERTEX
8
C-PROP
10
1311366.5056255395
20
367341.5154581002
30
0
0
VERTEX
8
C-PROP
10
1311366.2723161846
20
367340.9215059145
30
0
0
VERTEX
8
C-PROP
10
1311366.0317356905
20
367340.330461517
30
0
0
VERTEX
8
C-PROP
10
1311365.7839202879
20
367339.7424139168
30
0
0
VERTEX
8
C-PROP
10
1311365.5289072965
20
367339.1574516717
30
0
0
VERTEX
8
C-PROP
10
1311365.2667351207
20
367338.5756628749
30
0
0
VERTEX
8
C-PROP
10
1311364.9974432425
20
367337.99713514163
30
0
0
VERTEX
8
C-PROP
10
1311364.721072216
20
367337.42195559596
30
0
0
VERTEX
8
C-PROP
10
1311364.4376636622
20
367336.8502108579
30
0
0
VERTEX
8
C-PROP
10
1311364.147260261
20
367336.2819870302
30
0
0
VERTEX
8
C-PROP
10
1311363.849905746
20
367335.717369685
30
0
0
VERTEX
8
C-PROP
10
1311363.5456448982
20
367335.1564438519
30
0
0
VERTEX
8
C-PROP
10
1311363.2345235376
20
367334.59929400403
30
0
0
VERTEX
8
C-PROP
10
1311362.9165885183
20
367334.0460040462
30
0
0
VERTEX
8
C-PROP
10
1311362.59188772
20
367333.49665730196
30
0
0
VERTEX
8
C-PROP
10
1311362.2604700415
20
367332.9513365007
30
0
0
VERTEX
8
C-PROP
10
1311361.922385393
20
367332.4101237659
30
0
0
VERTEX
8
C-PROP
10
1311361.5776846888
20
367331.873100602
30
0
0
VERTEX
8
C-PROP
10
1311361.2264198398
20
367331.34034788294
30
0
0
VERTEX
8
C-PROP
10
1311360.8686437448
20
367330.81194583926
30
0
0
VERTEX
8
C-PROP
10
1311360.5044102839
20
367330.28797404625
30
0
0
VERTEX
8
C-PROP
10
1311360.1337743092
20
367329.76851141226
30
0
0
VERTEX
8
C-PROP
10
1311359.756791637
20
367329.2536361664
30
0
0
VERTEX
8
C-PROP
10
1311359.3735190397
20
367328.743425847
30
0
0
VERTEX
8
C-PROP
10
1311358.9840142366
20
367328.2379572898
30
0
0
VERTEX
8
C-PROP
10
1311358.5883358857
20
367327.73730661656
30
0
0
VERTEX
8
C-PROP
10
1311358.1865435748
20
367327.2415492235
30
0
0
VERTEX
8
C-PROP
10
1311357.7786978125
20
367326.7507597697
30
0
0
VERTEX
8
C-PROP
10
1311357.3648600182
20
367326.2650121664
30
0
0
VERTEX
8
C-PROP
10
1311356.9450925153
20
367325.7843795653
30
0
0
VERTEX
8
C-PROP
10
1311356.5194585184
20
367325.30893434794
30
0
0
VERTEX
8
C-PROP
10
1311356.088022127
20
367324.8387481146
30
0
0
VERTEX
8
C-PROP
10
1311355.6508483135
20
367324.37389167363
30
0
0
VERTEX
8
C-PROP
10
1311355.2080029147
20
367323.9144350307
30
0
0
VERTEX
8
C-PROP
10
1311354.7595526217
20
367323.4604473783
30
0
0
VERTEX
8
C-PROP
10
1311354.3055649693
20
367323.01199708524
30
0
0
VERTEX
8
C-PROP
10
1311353.8461083262
20
367322.5691516865
30
0
0
VERTEX
8
C-PROP
10
1311353.3812518853
20
367322.13197787304
30
0
0
VERTEX
8
C-PROP
10
1311352.911065652
20
367321.70054148155
30
0
0
VERTEX
8
C-PROP
10
1311352.4356204346
20
367321.27490748477
30
0
0
VERTEX
8
C-PROP
10
1311351.9549878335
20
367320.85513998166
30
0
0
VERTEX
8
C-PROP
10
1311351.4692402303
20
367320.4413021876
30
0
0
VERTEX
8
C-PROP
10
1311350.9784507765
20
367320.0334564251
30
0
0
VERTEX
8
C-PROP
10
1311350.4826933835
20
367319.63166411425
30
0
0
VERTEX
8
C-PROP
10
1311349.9820427103
20
367319.2359857634
30
0
0
VERTEX
8
C-PROP
10
1311349.476574153
20
367318.8464809603
30
0
0
VERTEX
8
C-PROP
10
1311348.9663638335
20
367318.463208363
30
0
0
VERTEX
8
C-PROP
10
1311348.4514885878
20
367318.08622569084
30
0
0
VERTEX
8
C-PROP
10
1311347.9320259537
20
367317.7155897161
30
0
0
VERTEX
8
C-PROP
10
1311347.4080541607
20
367317.3513562552
30
0
0
VERTEX
8
C-PROP
10
1311346.879652117
20
367316.99358016026
30
0
0
VERTEX
8
C-PROP
10
1311346.346899398
20
367316.6423153111
30
0
0
VERTEX
8
C-PROP
10
1311345.809876234
20
367316.29761460697
30
0
0
VERTEX
8
C-PROP
10
1311345.2686634993
20
367315.9595299585
30
0
0
VERTEX
8
C-PROP
10
1311344.723342698
20
367315.62811228
30
0
0
VERTEX
8
C-PROP
10
1311344.1739959538
20
367315.30341148167
30
0
0
VERTEX
8
C-PROP
10
1311343.620705996
20
367314.98547646235
30
0
0
VERTEX
8
C-PROP
10
1311343.0635561482
20
367314.67435510183
30
0
0
VERTEX
8
C-PROP
10
1311342.502630315
20
367314.37009425386
30
0
0
VERTEX
8
C-PROP
10
1311341.93801297
20
367314.07273973903
30
0
0
VERTEX
8
C-PROP
10
1311341.369789142
20
367313.78233633784
30
0
0
VERTEX
8
C-PROP
10
1311340.798044404
20
367313.4989277839
30
0
0
VERTEX
8
C-PROP
10
1311340.2228648583
20
367313.22255675757
30
0
0
VERTEX
8
C-PROP
10
1311339.6443371251
20
367312.9532648793
30
0
0
VERTEX
8
C-PROP
10
1311339.0625483282
20
367312.6910927034
30
0
0
VERTEX
8
C-PROP
10
1311338.477586083
20
367312.4360797121
30
0
0
VERTEX
8
C-PROP
10
1311337.889538483
20
367312.18826430937
30
0
0
VERTEX
8
C-PROP
10
1311337.2984940854
20
367311.9476838154
30
0
0
VERTEX
8
C-PROP
10
1311336.7045418997
20
367311.7143744606
30
0
0
VERTEX
8
C-PROP
10
1311336.107771373
20
367311.48837138055
30
0
0
VERTEX
8
C-PROP
10
1311335.5082723764
20
367311.2697086105
30
0
0
VERTEX
8
C-PROP
10
1311334.9061351924
20
367311.0584190802
30
0
0
VERTEX
8
C-PROP
10
1311334.3014505007
20
367310.8545346091
30
0
0
VERTEX
8
C-PROP
10
1311333.6943093645
20
367310.6580859016
30
0
0
VERTEX
8
C-PROP
10
1311333.0848032173
20
367310.4691025419
30
0
0
VERTEX
8
C-PROP
10
1311332.473023848
20
367310.28761299036
30
0
0
VERTEX
8
C-PROP
10
1311331.8590633888
20
367310.1136445786
30
0
0
VERTEX
8
C-PROP
10
1311331.2430142993
20
367309.94722350565
30
0
0
VERTEX
8
C-PROP
10
1311330.624969355
20
367309.7883748339
30
0
0
VERTEX
8
C-PROP
10
1311330.0050216306
20
367309.6371224853
30
0
0
VERTEX
8
C-PROP
10
1311329.383264488
20
367309.49348923797
30
0
0
VERTEX
8
C-PROP
10
1311328.759791562
20
367309.35749672254
30
0
0
VERTEX
8
C-PROP
10
1311328.1346967448
20
367309.229165419
30
0
0
VERTEX
8
C-PROP
10
1311327.5080741737
20
367309.1085146536
30
0
0
VERTEX
8
C-PROP
10
1311326.8800182156
20
367308.9955625958
30
0
0
VERTEX
8
C-PROP
10
1311326.2506234534
20
367308.89032625576
30
0
0
VERTEX
8
C-PROP
10
1311325.6199846717
20
367308.7928214818
30
0
0
VERTEX
8
C-PROP
10
1311324.9881968424
20
367308.70306295773
30
0
0
VERTEX
8
C-PROP
10
1311324.3553551103
20
367308.6210642008
30
0
0
VERTEX
8
C-PROP
10
1311323.7215547792
20
367308.54683755984
30
0
0
VERTEX
8
C-PROP
10
1311323.086891297
20
367308.48039421305
30
0
0
VERTEX
8
C-PROP
10
1311322.4514602418
20
367308.42174416647
30
0
0
VERTEX
8
C-PROP
10
1311321.8153573072
20
367308.3708962527
30
0
0
VERTEX
8
C-PROP
10
1311321.1786782877
20
367308.32785812917
30
0
0
VERTEX
8
C-PROP
10
1311320.541519065
20
367308.2926362773
30
0
0
VERTEX
8
C-PROP
10
1311319.903975593
20
367308.2652360014
30
0
0
VERTEX
8
C-PROP
10
1311319.266143883
20
367308.2456614278
30
0
0
VERTEX
8
C-PROP
10
1311318.628119991
20
367308.23391550436
30
0
0
VERTEX
8
C-PROP
10
1311317.99
20
367308.23
30
0
0
VERTEX
8
C-PROP
10
1311317.351880009
20
367308.23391550436
30
0
0
VERTEX
8
C-PROP
10
1311316.7138561169
20
367308.2456614278
30
0
0
VERTEX
8
C-PROP
10
1311316.076024407
20
367308.2652360014
30
0
0
VERTEX
8
C-PROP
10
1311315.438480935
20
367308.2926362773
30
0
0
VERTEX
8
C-PROP
10
1311314.8013217123
20
367308.32785812917
30
0
0
VERTEX
8
C-PROP
10
1311314.1646426928
20
367308.3708962527
30
0
0
VERTEX
8
C-PROP
10
1311313.5285397582
20
367308.42174416647
30
0
0
VERTEX
8
C-PROP
10
1311312.893108703
20
367308.48039421305
30
0
0
VERTEX
8
C-PROP
10
1311312.2584452208
20
367308.54683755984
30
0
0
VERTEX
8
C-PROP
10
1311311.6246448897
20
367308.6210642008
30
0
0
VERTEX
8
C-PROP
10
1311310.9918031576
20
367308.70306295773
30
0
0
VERTEX
8
C-PROP
10
1311310.3600153283
20
367308.7928214818
30
0
0
VERTEX
8
C-PROP
10
1311309.7293765466
20
367308.89032625576
30
0
0
VERTEX
8
C-PROP
10
1311309.0999817844
20
367308.9955625958
30
0
0
VERTEX
8
C-PROP
10
1311308.4719258263
20
367309.1085146536
30
0
0
VERTEX
8
C-PROP
10
1311307.8453032551
20
367309.229165419
30
0
0
VERTEX
8
C-PROP
10
1311307.2202084379
20
367309.35749672254
30
0
0
VERTEX
8
C-PROP
10
1311306.596735512
20
367309.49348923797
30
0
0
VERTEX
8
C-PROP
10
1311305.9749783694
20
367309.6371224853
30
0
0
VERTEX
8
C-PROP
10
1311305.355030645
20
367309.7883748339
30
0
0
VERTEX
8
C-PROP
10
1311304.7369857007
20
367309.94722350565
30
0
0
VERTEX
8
C-PROP
10
1311304.1209366112
20
367310.1136445786
30
0
0
VERTEX
8
C-PROP
10
1311303.506976152
20
367310.28761299036
30
0
0
VERTEX
8
C-PROP
10
1311302.8951967827
20
367310.4691025419
30
0
0
VERTEX
8
C-PROP
10
1311302.2856906354
20
367310.6580859016
30
0
0
VERTEX
8
C-PROP
10
1311301.6785494993
20
367310.8545346091
30
0
0
VERTEX
8
C-PROP
10
1311301.0738648076
20
367311.0584190802
30
0
0
VERTEX
8
C-PROP
10
1311300.4717276236
20
367311.2697086105
30
0
0
VERTEX
8
C-PROP
10
1311299.872228627
20
367311.48837138055
30
0
0
VERTEX
8
C-PROP
10
1311299.2754581003
20
367311.7143744606
30
0
0
VERTEX
8
C-PROP
10
1311298.6815059145
20
367311.9476838154
30
0
0
VERTEX
8
C-PROP
10
1311298.090461517
20
367312.18826430937
30
0
0
VERTEX
8
C-PROP
10
1311297.5024139169
20
367312.4360797121
30
0
0
VERTEX
8
C-PROP
10
1311296.9174516718
20
367312.6910927034
30
0
0
VERTEX
8
C-PROP
10
1311296.3356628749
20
367312.9532648793
30
0
0
VERTEX
8
C-PROP
10
1311295.7571351416
20
367313.22255675757
30
0
0
VERTEX
8
C-PROP
10
1311295.181955596
20
367313.4989277839
30
0
0
VERTEX
8
C-PROP
10
1311294.610210858
20
367313.78233633784
30
0
0
VERTEX
8
C-PROP
10
1311294.04198703
20
367314.07273973903
30
0
0
VERTEX
8
C-PROP
10
1311293.477369685
20
367314.37009425386
30
0
0
VERTEX
8
C-PROP
10
1311292.9164438518
20
367314.67435510183
30
0
0
VERTEX
8
C-PROP
10
1311292.359294004
20
367314.98547646235
30
0
0
VERTEX
8
C-PROP
10
1311291.8060040462
20
367315.30341148167
30
0
0
VERTEX
8
C-PROP
10
1311291.256657302
20
367315.62811228
30
0
0
VERTEX
8
C-PROP
10
1311290.7113365007
20
367315.9595299585
30
0
0
VERTEX
8
C-PROP
10
1311290.170123766
20
367316.29761460697
30
0
0
VERTEX
8
C-PROP
10
1311289.633100602
20
367316.6423153111
30
0
0
VERTEX
8
C-PROP
10
1311289.100347883
20
367316.99358016026
30
0
0
VERTEX
8
C-PROP
10
1311288.5719458393
20
367317.3513562552
30
0
0
VERTEX
8
C-PROP
10
1311288.0479740463
20
367317.7155897161
30
0
0
VERTEX
8
C-PROP
10
1311287.5285114122
20
367318.08622569084
30
0
0
VERTEX
8
C-PROP
10
1311287.0136361665
20
367318.463208363
30
0
0
VERTEX
8
C-PROP
10
1311286.503425847
20
367318.8464809603
30
0
0
VERTEX
8
C-PROP
10
1311285.9979572897
20
367319.2359857634
30
0
0
VERTEX
8
C-PROP
10
1311285.4973066165
20
367319.63166411425
30
0
0
VERTEX
8
C-PROP
10
1311285.0015492234
20
367320.0334564251
30
0
0
VERTEX
8
C-PROP
10
1311284.5107597697
20
367320.4413021876
30
0
0
VERTEX
8
C-PROP
10
1311284.0250121665
20
367320.85513998166
30
0
0
VERTEX
8
C-PROP
10
1311283.5443795654
20
367321.27490748477
30
0
0
VERTEX
8
C-PROP
10
1311283.068934348
20
367321.70054148155
30
0
0
VERTEX
8
C-PROP
10
1311282.5987481147
20
367322.13197787304
30
0
0
VERTEX
8
C-PROP
10
1311282.1338916738
20
367322.5691516865
30
0
0
VERTEX
8
C-PROP
10
1311281.6744350307
20
367323.01199708524
30
0
0
VERTEX
8
C-PROP
10
1311281.2204473782
20
367323.4604473783
30
0
0
VERTEX
8
C-PROP
10
1311280.7719970853
20
367323.9144350307
30
0
0
VERTEX
8
C-PROP
10
1311280.3291516865
20
367324.37389167363
30
0
0
VERTEX
8
C-PROP
10
1311279.891977873
20
367324.8387481146
30
0
0
VERTEX
8
C-PROP
10
1311279.4605414816
20
367325.30893434794
30
0
0
VERTEX
8
C-PROP
10
1311279.0349074847
20
367325.7843795653
30
0
0
VERTEX
8
C-PROP
10
1311278.6151399817
20
367326.2650121664
30
0
0
VERTEX
8
C-PROP
10
1311278.2013021875
20
367326.7507597697
30
0
0
VERTEX
8
C-PROP
10
1311277.7934564252
20
367327.2415492235
30
0
0
VERTEX
8
C-PROP
10
1311277.3916641143
20
367327.73730661656
30
0
0
VERTEX
8
C-PROP
10
1311276.9959857634
20
367328.2379572898
30
0
0
VERTEX
8
C-PROP
10
1311276.6064809603
20
367328.743425847
30
0
0
VERTEX
8
C-PROP
10
1311276.223208363
20
367329.2536361664
30
0
0
VERTEX
8
C-PROP
10
1311275.8462256908
20
367329.76851141226
30
0
0
VERTEX
8
C-PROP
10
1311275.475589716
20
367330.28797404625
30
0
0
VERTEX
8
C-PROP
10
1311275.1113562551
20
367330.81194583926
30
0
0
VERTEX
8
C-PROP
10
1311274.7535801602
20
367331.34034788294
30
0
0
VERTEX
8
C-PROP
10
1311274.4023153111
20
367331.873100602
30
0
0
VERTEX
8
C-PROP
10
1311274.057614607
20
367332.4101237659
30
0
0
VERTEX
8
C-PROP
10
1311273.7195299584
20
367332.9513365007
30
0
0
VERTEX
8
C-PROP
10
1311273.38811228
20
367333.49665730196
30
0
0
VERTEX
8
C-PROP
10
1311273.0634114817
20
367334.0460040462
30
0
0
VERTEX
8
C-PROP
10
1311272.7454764624
20
367334.59929400403
30
0
0
VERTEX
8
C-PROP
10
1311272.4343551018
20
367335.1564438519
30
0
0
VERTEX
8
C-PROP
10
1311272.3529069494
20
367335.30659913184
30
0
0
SEQEND
0
POLYLINE
8
C-PROP
66
1
70
0
0
VERTEX
8
C-PROP
10
1311268.1582757025
20
367375.08605449175
30
0
0
VERTEX
8
C-PROP
10
1311268.229102542
20
367375.3248032172
30
0
0
VERTEX
8
C-PROP
10
1311268.4180859015
20
367375.9343093646
30
0
0
VERTEX
8
C-PROP
10
1311268.6145346093
20
367376.5414505007
30
0
0
VERTEX
8
C-PROP
10
1311268.8184190802
20
367377.1461351924
30
0
0
VERTEX
8
C-PROP
10
1311269.0297086104
20
367377.74827237637
30
0
0
VERTEX
8
C-PROP
10
1311269.2483713806
20
367378.34777137294
30
0
0
VERTEX
8
C-PROP
10
1311269.4743744605
20
367378.9445418998
30
0
0
VERTEX
8
C-PROP
10
1311269.7076838154
20
367379.5384940855
30
0
0
VERTEX
8
C-PROP
10
1311269.9482643094
20
367380.129538483
30
0
0
VERTEX
8
C-PROP
10
1311270.1960797121
20
367380.71758608316
30
0
0
VERTEX
8
C-PROP
10
1311270.4510927035
20
367381.30254832824
30
0
0
VERTEX
8
C-PROP
10
1311270.7132648793
20
367381.88433712506
30
0
0
VERTEX
8
C-PROP
10
1311270.9825567575
20
367382.46286485833
30
0
0
VERTEX
8
C-PROP
10
1311271.258927784
20
367383.038044404
30
0
0
VERTEX
8
C-PROP
10
1311271.5423363377
20
367383.60978914204
30
0
0
VERTEX
8
C-PROP
10
1311271.832739739
20
367384.1780129698
30
0
0
VERTEX
8
C-PROP
10
1311272.130094254
20
367384.74263031496
30
0
0
VERTEX
8
C-PROP
10
1311272.4343551018
20
367385.3035561481
30
0
0
VERTEX
8
C-PROP
10
1311272.7454764624
20
367385.86070599593
30
0
0
VERTEX
8
C-PROP
10
1311273.0634114817
20
367386.41399595374
30
0
0
VERTEX
8
C-PROP
10
1311273.38811228
20
367386.963342698
30
0
0
VERTEX
8
C-PROP
10
1311273.7195299584
20
367387.50866349926
30
0
0
VERTEX
8
C-PROP
10
1311274.057614607
20
367388.0498762341
30
0
0
VERTEX
8
C-PROP
10
1311274.4023153111
20
367388.58689939795
30
0
0
VERTEX
8
C-PROP
10
1311274.7535801602
20
367389.119652117
30
0
0
VERTEX
8
C-PROP
10
1311275.1113562551
20
367389.6480541607
30
0
0
VERTEX
8
C-PROP
10
1311275.475589716
20
367390.1720259537
30
0
0
VERTEX
8
C-PROP
10
1311275.8462256908
20
367390.6914885877
30
0
0
VERTEX
8
C-PROP
10
1311276.223208363
20
367391.20636383357
30
0
0
VERTEX
8
C-PROP
10
1311276.6064809603
20
367391.716574153
30
0
0
VERTEX
8
C-PROP
10
1311276.9959857634
20
367392.2220427102
30
0
0
VERTEX
8
C-PROP
10
1311277.3916641143
20
367392.7226933834
30
0
0
VERTEX
8
C-PROP
10
1311277.7934564252
20
367393.2184507765
30
0
0
VERTEX
8
C-PROP
10
1311278.2013021875
20
367393.70924023027
30
0
0
VERTEX
8
C-PROP
10
1311278.6151399817
20
367394.19498783356
30
0
0
VERTEX
8
C-PROP
10
1311279.0349074847
20
367394.6756204347
30
0
0
VERTEX
8
C-PROP
10
1311279.4605414816
20
367395.151065652
30
0
0
VERTEX
8
C-PROP
10
1311279.891977873
20
367395.6212518854
30
0
0
VERTEX
8
C-PROP
10
1311280.3291516865
20
367396.08610832633
30
0
0
VERTEX
8
C-PROP
10
1311280.7719970853
20
367396.54556496924
30
0
0
VERTEX
8
C-PROP
10
1311281.2204473782
20
367396.9995526217
30
0
0
VERTEX
8
C-PROP
10
1311281.6744350307
20
367397.4480029147
30
0
0
VERTEX
8
C-PROP
10
1311282.1338916738
20
367397.89084831346
30
0
0
VERTEX
8
C-PROP
10
1311282.5987481147
20
367398.3280221269
30
0
0
VERTEX
8
C-PROP
10
1311283.068934348
20
367398.7594585184
30
0
0
VERTEX
8
C-PROP
10
1311283.5443795654
20
367399.1850925152
30
0
0
VERTEX
8
C-PROP
10
1311284.0250121665
20
367399.6048600183
30
0
0
VERTEX
8
C-PROP
10
1311284.5107597697
20
367400.01869781234
30
0
0
VERTEX
8
C-PROP
10
1311285.0015492234
20
367400.42654357484
30
0
0
VERTEX
8
C-PROP
10
1311285.4973066165
20
367400.8283358857
30
0
0
VERTEX
8
C-PROP
10
1311285.9979572897
20
367401.2240142366
30
0
0
VERTEX
8
C-PROP
10
1311286.503425847
20
367401.61351903965
30
0
0
VERTEX
8
C-PROP
10
1311287.0136361665
20
367401.996791637
30
0
0
VERTEX
8
C-PROP
10
1311287.5285114122
20
367402.3737743091
30
0
0
VERTEX
8
C-PROP
10
1311288.0479740463
20
367402.74441028386
30
0
0
VERTEX
8
C-PROP
10
1311288.5719458393
20
367403.1086437448
30
0
0
VERTEX
8
C-PROP
10
1311289.100347883
20
367403.4664198397
30
0
0
VERTEX
8
C-PROP
10
1311289.633100602
20
367403.81768468884
30
0
0
VERTEX
8
C-PROP
10
1311290.170123766
20
367404.162385393
30
0
0
VERTEX
8
C-PROP
10
1311290.7113365007
20
367404.5004700415
30
0
0
VERTEX
8
C-PROP
10
1311291.256657302
20
367404.83188772
30
0
0
VERTEX
8
C-PROP
10
1311291.8060040462
20
367405.1565885183
30
0
0
VERTEX
8
C-PROP
10
1311292.359294004
20
367405.4745235376
30
0
0
VERTEX
8
C-PROP
10
1311292.9164438518
20
367405.78564489813
30
0
0
VERTEX
8
C-PROP
10
1311293.477369685
20
367406.0899057461
30
0
0
VERTEX
8
C-PROP
10
1311294.04198703
20
367406.38726026093
30
0
0
VERTEX
8
C-PROP
10
1311294.610210858
20
367406.6776636621
30
0
0
VERTEX
8
C-PROP
10
1311295.181955596
20
367406.96107221604
30
0
0
VERTEX
8
C-PROP
10
1311295.7571351416
20
367407.2374432424
30
0
0
VERTEX
8
C-PROP
10
1311296.3356628749
20
367407.50673512067
30
0
0
VERTEX
8
C-PROP
10
1311296.9174516718
20
367407.7689072966
30
0
0
VERTEX
8
C-PROP
10
1311297.5024139169
20
367408.02392028784
30
0
0
VERTEX
8
C-PROP
10
1311298.090461517
20
367408.2717356906
30
0
0
VERTEX
8
C-PROP
10
1311298.6815059145
20
367408.5123161846
30
0
0
VERTEX
8
C-PROP
10
1311299.2754581003
20
367408.7456255394
30
0
0
VERTEX
8
C-PROP
10
1311299.872228627
20
367408.9716286194
30
0
0
VERTEX
8
C-PROP
10
1311300.4717276236
20
367409.1902913895
30
0
0
VERTEX
8
C-PROP
10
1311301.0738648076
20
367409.40158091974
30
0
0
VERTEX
8
C-PROP
10
1311301.6785494993
20
367409.60546539084
30
0
0
VERTEX
8
C-PROP
10
1311302.2856906354
20
367409.8019140984
30
0
0
VERTEX
8
C-PROP
10
1311302.8951967827
20
367409.99089745805
30
0
0
VERTEX
8
C-PROP
10
1311303.506976152
20
367410.1723870096
30
0
0
VERTEX
8
C-PROP
10
1311304.1209366112
20
367410.34635542135
30
0
0
VERTEX
8
C-PROP
10
1311304.7369857007
20
367410.5127764943
30
0
0
VERTEX
8
C-PROP
10
1311305.355030645
20
367410.6716251661
30
0
0
VERTEX
8
C-PROP
10
1311305.9749783694
20
367410.82287751464
30
0
0
VERTEX
8
C-PROP
10
1311306.596735512
20
367410.966510762
30
0
0
VERTEX
8
C-PROP
10
1311307.2202084379
20
367411.1025032774
30
0
0
VERTEX
8
C-PROP
10
1311307.8453032551
20
367411.23083458096
30
0
0
VERTEX
8
C-PROP
10
1311308.4719258263
20
367411.3514853464
30
0
0
VERTEX
8
C-PROP
10
1311309.0999817844
20
367411.4644374042
30
0
0
VERTEX
8
C-PROP
10
1311309.7293765466
20
367411.5696737442
30
0
0
VERTEX
8
C-PROP
10
1311310.3600153283
20
367411.66717851814
30
0
0
VERTEX
8
C-PROP
10
1311310.9918031576
20
367411.7569370422
30
0
0
VERTEX
8
C-PROP
10
1311311.6246448897
20
367411.83893579914
30
0
0
VERTEX
8
C-PROP
10
1311312.2584452208
20
367411.9131624401
30
0
0
VERTEX
8
C-PROP
10
1311312.893108703
20
367411.9796057869
30
0
0
VERTEX
8
C-PROP
10
1311313.5285397582
20
367412.0382558335
30
0
0
VERTEX
8
C-PROP
10
1311314.1646426928
20
367412.0891037473
30
0
0
VERTEX
8
C-PROP
10
1311314.8013217123
20
367412.1321418708
30
0
0
VERTEX
8
C-PROP
10
1311315.438480935
20
367412.16736372263
30
0
0
VERTEX
8
C-PROP
10
1311316.076024407
20
367412.19476399856
30
0
0
VERTEX
8
C-PROP
10
1311316.7138561169
20
367412.2143385722
30
0
0
VERTEX
8
C-PROP
10
1311317.351880009
20
367412.2260844956
30
0
0
VERTEX
8
C-PROP
10
1311317.99
20
367412.23
30
0
0
VERTEX
8
C-PROP
10
1311318.628119991
20
367412.2260844956
30
0
0
VERTEX
8
C-PROP
10
1311319.266143883
20
367412.2143385722
30
0
0
VERTEX
8
C-PROP
10
1311319.903975593
20
367412.19476399856
30
0
0
VERTEX
8
C-PROP
10
1311320.541519065
20
367412.16736372263
30
0
0
VERTEX
8
C-PROP
10
1311321.1786782877
20
367412.1321418708
30
0
0
VERTEX
8
C-PROP
10
1311321.8153573072
20
367412.0891037473
30
0
0
VERTEX
8
C-PROP
10
1311322.4514602418
20
367412.0382558335
30
0
0
VERTEX
8
C-PROP
10
1311323.086891297
20
367411.9796057869
30
0
0
VERTEX
8
C-PROP
10
1311323.7215547792
20
367411.9131624401
30
0
0
VERTEX
8
C-PROP
10
1311324.3553551103
20
367411.83893579914
30
0
0
VERTEX
8
C-PROP
10
1311324.9881968424
20
367411.7569370422
30
0
0
VERTEX
8
C-PROP
10
1311325.6199846717
20
367411.66717851814
30
0
0
VERTEX
8
C-PROP
10
1311326.2506234534
20
367411.5696737442
30
0
0
VERTEX
8
C-PROP
10
1311326.8800182156
20
367411.4644374042
30
0
0
VERTEX
8
C-PROP
10
1311327.5080741737
20
367411.3514853464
30
0
0
VERTEX
8
C-PROP
10
1311328.1346967448
20
367411.23083458096
30
0
0
VERTEX
8
C-PROP
10
1311328.759791562
20
367411.1025032774
30
0
0
VERTEX
8
C-PROP
10
1311329.383264488
20
367410.966510762
30
0
0
VERTEX
8
C-PROP
10
1311330.0050216306
20
367410.82287751464
30
0
0
VERTEX
8
C-PROP
10
1311330.624969355
20
367410.6716251661
30
0
0
VERTEX
8
C-PROP
10
1311331.2430142993
20
367410.5127764943
30
0
0
VERTEX
8
C-PROP
10
1311331.8590633888
20
367410.34635542135
30
0
0
VERTEX
8
C-PROP
10
1311332.473023848
20
367410.1723870096
30
0
0
VERTEX
8
C-PROP
10
1311333.0848032173
20
367409.99089745805
30
0
0
VERTEX
8
C-PROP
10
1311333.6943093645
20
367409.8019140984
30
0
0
VERTEX
8
C-PROP
10
1311334.3014505007
20
367409.60546539084
30
0
0
VERTEX
8
C-PROP
10
1311334.9061351924
20
367409.40158091974
30
0
0
VERTEX
8
C-PROP
10
1311335.5082723764
20
367409.1902913895
30
0
0
VERTEX
8
C-PROP
10
1311336.107771373
20
367408.9716286194
30
0
0
VERTEX
8
C-PROP
10
1311336.7045418997
20
367408.7456255394
30
0
0
VERTEX
8
C-PROP
10
1311337.2984940854
20
367408.5123161846
30
0
0
VERTEX
8
C-PROP
10
1311337.889538483
20
367408.2717356906
30
0
0
VERTEX
8
C-PROP
10
1311338.477586083
20
367408.02392028784
30
0
0
VERTEX
8
C-PROP
10
1311339.0625483282
20
367407.7689072966
30
0
0
VERTEX
8
C-PROP
10
1311339.6443371251
20
367407.50673512067
30
0
0
VERTEX
8
C-PROP
10
1311340.2228648583
20
367407.2374432424
30
0
0
VERTEX
8
C-PROP
10
1311340.798044404
20
367406.96107221604
30
0
0
VERTEX
8
C-PROP
10
1311341.369789142
20
367406.6776636621
30
0
0
VERTEX
8
C-PROP
10
1311341.93801297
20
367406.38726026093
30
0
0
VERTEX
8
C-PROP
10
1311342.502630315
20
367406.0899057461
30
0
0
VERTEX
8
C-PROP
10
1311343.0635561482
20
367405.78564489813
30
0
0
VERTEX
8
C-PROP
10
1311343.620705996
20
367405.4745235376
30
0
0
VERTEX
8
C-PROP
10
1311344.1739959538
20
367405.1565885183
30
0
0
VERTEX
8
C-PROP
10
1311344.723342698
20
367404.83188772
30
0
0
VERTEX
8
C-PROP
10
1311345.2686634993
20
367404.5004700415
30
0
0
VERTEX
8
C-PROP
10
1311345.809876234
20
367404.162385393
30
0
0
VERTEX
8
C-PROP
10
1311346.346899398
20
367403.81768468884
30
0
0
VERTEX
8
C-PROP
10
1311346.879652117
20
367403.4664198397
30
0
0
VERTEX
8
C-PROP
10
1311347.4080541607
20
367403.1086437448
30
0
0
VERTEX
8
C-PROP
10
1311347.9320259537
20
367402.74441028386
30
0
0
VERTEX
8
C-PROP
10
1311348.4514885878
20
367402.3737743091
30
0
0
VERTEX
8
C-PROP
10
1311348.9663638335
20
367401.996791637
30
0
0
VERTEX
8
C-PROP
10
1311349.476574153
20
367401.61351903965
30
0
0
VERTEX
8
C-PROP
10
1311349.9820427103
20
367401.2240142366
30
0
0
VERTEX
8
C-PROP
10
1311350.4826933835
20
367400.8283358857
30
0
0
VERTEX
8
C-PROP
10
1311350.9784507765
20
367400.42654357484
30
0
0
VERTEX
8
C-PROP
10
1311351.4692402303
20
367400.01869781234
30
0
0
VERTEX
8
C-PROP
10
1311351.9549878335
20
367399.6048600183
30
0
0
VERTEX
8
C-PROP
10
1311352.4356204346
20
367399.1850925152
30
0
0
VERTEX
8
C-PROP
10
1311352.911065652
20
367398.7594585184
30
0
0
VERTEX
8
C-PROP
10
1311353.3812518853
20
367398.3280221269
30
0
0
VERTEX
8
C-PROP
10
1311353.8461083262
20
367397.89084831346
30
0
0
VERTEX
8
C-PROP
10
1311354.3055649693
20
367397.4480029147
30
0
0
VERTEX
8
C-PROP
10
1311354.7595526217
20
367396.9995526217
30
0
0
VERTEX
8
C-PROP
10
1311355.2080029147
20
367396.54556496924
30
0
0
VERTEX
8
C-PROP
10
1311355.6508483135
20
367396.08610832633
30
0
0
VERTEX
8
C-PROP
10
1311356.088022127
20
367395.6212518854
30
0
0
VERTEX
8
C-PROP
10
1311356.5194585184
20
367395.151065652
30
0
0
VERTEX
8
C-PROP
10
1311356.9450925153
20
367394.6756204347
30
0
0
VERTEX
8
C-PROP
10
1311357.3648600182
20
367394.19498783356
30
0
0
VERTEX
8
C-PROP
10
1311357.7786978125
20
367393.70924023027
30
0
0
VERTEX
8
C-PROP
10
1311358.1865435748
20
367393.2184507765
30
0
0
VERTEX
8
C-PROP
10
1311358.5883358857
20
367392.7226933834
30
0
0
VERTEX
8
C-PROP
10
1311358.9840142366
20
367392.2220427102
30
0
0
VERTEX
8
C-PROP
10
1311359.3735190397
20
367391.716574153
30
0
0
VERTEX
8
C-PROP
10
1311359.756791637
20
367391.20636383357
30
0
0
VERTEX
8
C-PROP
10
1311360.1337743092
20
367390.6914885877
30
0
0
VERTEX
8
C-PROP
10
1311360.5044102839
20
367390.1720259537
30
0
0
VERTEX
8
C-PROP
10
1311360.8686437448
20
367389.6480541607
30
0
0
VERTEX
8
C-PROP
10
1311361.2264198398
20
367389.119652117
30
0
0
VERTEX
8
C-PROP
10
1311361.5776846888
20
367388.58689939795
30
0
0
VERTEX
8
C-PROP
10
1311361.922385393
20
367388.0498762341
30
0
0
VERTEX
8
C-PROP
10
1311362.2604700415
20
367387.50866349926
30
0
0
VERTEX
8
C-PROP
10
1311362.59188772
20
367386.963342698
30
0
0
VERTEX
8
C-PROP
10
1311362.9165885183
20
367386.41399595374
30
0
0
VERTEX
8
C-PROP
10
1311363.2345235376
20
367385.86070599593
30
0
0
VERTEX
8
C-PROP
10
1311363.5456448982
20
367385.3035561481
30
0
0
VERTEX
8
C-PROP
10
1311363.849905746
20
367384.74263031496
30
0
0
VERTEX
8
C-PROP
10
1311364.147260261
20
367384.1780129698
30
0
0
VERTEX
8
C-PROP
10
1311364.4376636622
20
367383.60978914204
30
0
0
VERTEX
8
C-PROP
10
1311364.721072216
20
367383.038044404
30
0
0
VERTEX
8
C-PROP
10
1311364.9974432425
20
367382.46286485833
30
0
0
VERTEX
8
C-PROP
10
1311365.2667351207
20
367381.88433712506
30
0
0
VERTEX
8
C-PROP
10
1311365.5289072965
20
367381.30254832824
30
0
0
VERTEX
8
C-PROP
10
1311365.7839202879
20
367380.71758608316
30
0
0
VERTEX
8
C-PROP
10
1311366.0317356905
20
367380.129538483
30
0
0
VERTEX
8
C-PROP
10
1311366.2723161846
20
367379.5384940855
30
0
0
VERTEX
8
C-PROP
10
1311366.5056255395
20
367378.9445418998
30
0
0
VERTEX
8
C-PROP
10
1311366.7316286194
20
367378.34777137294
30
0
0
VERTEX
8
C-PROP
10
1311366.9502913896
20
367377.74827237637
30
0
0
VERTEX
8
C-PROP
10
1311367.1615809198
20
367377.1461351924
30
0
0
VERTEX
8
C-PROP
10
1311367.3654653907
20
367376.5414505007
30
0
0
VERTEX
8
C-PROP
10
1311367.5619140984
20
367375.9343093646
30
0
0
VERTEX
8
C-PROP
10
1311367.750897458
20
367375.3248032172
30
0
0
VERTEX
8
C-PROP
10
1311367.9323870095
20
367374.713023848
30
0
0
VERTEX
8
C-PROP
10
1311368.1063554212
20
367374.09906338865
30
0
0
VERTEX
8
C-PROP
10
1311368.2727764943
20
367373.4830142994
30
0
0
VERTEX
8
C-PROP
10
1311368.4316251662
20
367372.86496935494
30
0
0
VERTEX
8
C-PROP
10
1311368.5828775147
20
367372.2450216306
30
0
0
VERTEX
8
C-PROP
10
1311368.726510762
20
367371.6232644881
30
0
0
VERTEX
8
C-PROP
10
1311368.8625032774
20
367370.999791562
30
0
0
VERTEX
8
C-PROP
10
1311368.990834581
20
367370.37469674484
30
0
0
VERTEX
8
C-PROP
10
1311369.1114853465
20
367369.74807417364
30
0
0
VERTEX
8
C-PROP
10
1311369.2244374042
20
367369.1200182155
30
0
0
VERTEX
8
C-PROP
10
1311369.3296737443
20
367368.49062345334
30
0
0
VERTEX
8
C-PROP
10
1311369.4271785181
20
367367.85998467164
30
0
0
VERTEX
8
C-PROP
10
1311369.5169370421
20
367367.22819684236
30
0
0
VERTEX
8
C-PROP
10
1311369.5989357992
20
367366.59535511036
30
0
0
VERTEX
8
C-PROP
10
1311369.67316244
20
367365.96155477926
30
0
0
VERTEX
8
C-PROP
10
1311369.739605787
20
367365.3268912971
30
0
0
VERTEX
8
C-PROP
10
1311369.7982558336
20
367364.6914602419
30
0
0
VERTEX
8
C-PROP
10
1311369.8491037472
20
367364.05535730714
30
0
0
VERTEX
8
C-PROP
10
1311369.8921418707
20
367363.4186782877
30
0
0
VERTEX
8
C-PROP
10
1311369.9273637226
20
367362.781519065
30
0
0
VERTEX
8
C-PROP
10
1311369.9547639985
20
367362.1439755929
30
0
0
VERTEX
8
C-PROP
10
1311369.9743385722
20
367361.50614388316
30
0
0
VERTEX
8
C-PROP
10
1311369.9860844957
20
367360.86811999086
30
0
0
VERTEX
8
C-PROP
10
1311369.99
20
367360.23
30
0
0
SEQEND
0
POLYLINE
8
C-PROP
66
1
70
0
0
VERTEX
8
C-PROP
10
1311013.9117547271
20
367435.3399124762
30
0
0
VERTEX
8
C-PROP
10
1311032.5435983904
20
367420.86131373997
30
0
0
SEQEND
0
POLYLINE
8
C-PROP
66
1
70
0
0
VERTEX
8
C-PROP
10
1311281.902533699
20
367398.2185551274
30
0
0
VERTEX
8
C-PROP
10
1311301.3972216295
20
367409.92981427506
30
0
0
SEQEND
0
POLYLINE
8
C-PROP
66
1
70
0
0
VERTEX
8
C-PROP
10
1311339.907244053
20
367407.8353091235
30
0
0
VERTEX
8
C-PROP
10
1311358.4083170427
20
367393.5912559936
30
0
0
SEQEND
0
POLYLINE
8
C-PROP
66
1
70
0
0
VERTEX
8
C-PROP
10
1311366.7911574724
20
367340.6869515808
30
0
0
VERTEX
8
C-PROP
10
1311346.6404884844
20
367316.15475919016
30
0
0
SEQEND
0
POLYLINE
8
C-PROP
66
1
70
0
0
VERTEX
8
C-PROP
10
1311233.1564880742
20
367331.17327124014
30
0
0
VERTEX
8
C-PROP
10
1311258.6262976273
20
367333.8591052332
30
0
0
SEQEND
0
POLYLINE
8
C-PROP
66
1
70
0
0
VERTEX
8
C-PROP
10
1311075.447984878
20
367349.89289605804
30
0
0
VERTEX
8
C-PROP
10
1311097.43485285
20
367341.2456503286
30
0
0
SEQEND
0
POINT
8
C-TOPO-SPOT
10
1311060.1777172037
20
367507.7091041452
30
0
0
POINT
8
C-TOPO-SPOT
10
1311109.8230945808
20
367498.9622642571
30
0
0
POINT
8
C-TOPO-SPOT
10
1311095.4122761125
20
367488.47763346025
30
0
0
POINT
8
C-TOPO-SPOT
10
1311056.2803641628
20
367475.36458944157
30
0
0
POINT
8
C-TOPO-SPOT
10
1311047.393387971
20
367461.92167009576
30
0
0
POINT
8
C-TOPO-SPOT
10
1311121.927294302
20
367451.0364182415
30
0
0
POINT
8
C-TOPO-SPOT
10
1311151.6889544996
20
367460.09063528915
30
0
0
POINT
8
C-TOPO-SPOT
10
1311128.6862389944
20
367436.9091450756
30
0
0
POINT
8
C-TOPO-SPOT
10
1311124.2600516768
20
367425.7182461396
30
0
0
POINT
8
C-TOPO-SPOT
10
1311103.4130489158
20
367422.95584561676
30
0
0
POINT
8
C-TOPO-SPOT
10
1311059.3407273032
20
367454.5187400658
30
0
0
POINT
8
C-TOPO-SPOT
10
1311043.775543384
20
367434.345710658
30
0
0
POINT
8
C-TOPO-SPOT
10
1311234.2813100503
20
367484.24770908937
30
0
0
POINT
8
C-TOPO-SPOT
10
1311228.371076571
20
367471.5612301396
30
0
0
POINT
8
C-TOPO-SPOT
10
1311197.8846940706
20
367457.28978382197
30
0
0
POINT
8
C-TOPO-SPOT
10
1311264.902061928
20
367463.8065104635
30
0
0
POINT
8
C-TOPO-SPOT
10
1311264.9522341848
20
367450.84513660043
30
0
0
POINT
8
C-TOPO-SPOT
10
1311275.4385950593
20
367435.98737420584
30
0
0
POINT
8
C-TOPO-SPOT
10
1311232.3032186287
20
367417.9423762973
30
0
0
POINT
8
C-TOPO-SPOT
10
1311227.1494255455
20
367402.27915463515
30
0
0
POINT
8
C-TOPO-SPOT
10
1311300.814436422
20
367423.4220007036
30
0
0
POINT
8
C-TOPO-SPOT
10
1311355.4134945476
20
367482.0348966211
30
0
0
POINT
8
C-TOPO-SPOT
10
1311401.1490262623
20
367482.65888517775
30
0
0
POINT
8
C-TOPO-SPOT
10
1311386.30279772
20
367469.19289812766
30
0
0
POINT
8
C-TOPO-SPOT
10
1311386.386418148
20
367447.59060835594
30
0
0
POINT
8
C-TOPO-SPOT
10
1311372.24761113
20
367443.811289839
30
0
0
POINT
8
C-TOPO-SPOT
10
1311427.3533945968
20
367448.4941053667
30
0
0
POINT
8
C-TOPO-SPOT
10
1311445.2052004822
20
367455.2674673743
30
0
0
POINT
8
C-TOPO-SPOT
10
1311445.3436067079
20
367419.5119532693
30
0
0
POINT
8
C-TOPO-SPOT
10
1311437.2101874491
20
367403.837197755
30
0
0
POINT
8
C-TOPO-SPOT
10
1311462.528359551
20
367406.16995512974
30
0
0
POINT
8
C-TOPO-SPOT
10
1311396.976583692
20
367405.91621038265
30
0
0
POINT
8
C-TOPO-SPOT
10
1311395.5415564019
20
367391.75721912336
30
0
0
POINT
8
C-TOPO-SPOT
10
1311413.4366142326
20
367387.3569829731
30
0
0
POINT
8
C-TOPO-SPOT
10
1311432.818601688
20
367383.7074202927
30
0
0
POINT
8
C-TOPO-SPOT
10
1311418.0386927954
20
367353.1085827341
30
0
0
POINT
8
C-TOPO-SPOT
10
1311443.736717865
20
367334.2871476486
30
0
0
POINT
8
C-TOPO-SPOT
10
1311444.3151477058
20
367300.3211393267
30
0
0
POINT
8
C-TOPO-SPOT
10
1311381.3566068194
20
367284.434160933
30
0
0
POINT
8
C-TOPO-SPOT
10
1311402.2428246778
20
367277.0658324594
30
0
0
POINT
8
C-TOPO-SPOT
10
1311459.2449966762
20
367292.18483660504
30
0
0
POINT
8
C-TOPO-SPOT
10
1311428.0713768927
20
367263.01237594726
30
0
0
POINT
8
C-TOPO-SPOT
10
1311193.3035567463
20
367293.6881225505
30
0
0
POINT
8
C-TOPO-SPOT
10
1311197.0869121114
20
367278.5064463711
30
0
0
POINT
8
C-TOPO-SPOT
10
1311236.595793566
20
367271.2102044734
30
0
0
POINT
8
C-TOPO-SPOT
10
1311159.95692344
20
367248.5660114652
30
0
0
POINT
8
C-TOPO-SPOT
10
1311180.8373743724
20
367242.68749607936
30
0
0
POINT
8
C-TOPO-SPOT
10
1311079.9145580728
20
367335.4115465512
30
0
0
POINT
8
C-TOPO-SPOT
10
1311100.7517570595
20
367340.7066293232
30
0
0
POINT
8
C-TOPO-SPOT
10
1311069.5435357196
20
367320.4730471917
30
0
0
POINT
8
C-TOPO-SPOT
10
1311059.053325457
20
367259.349188728
30
0
0
POINT
8
C-TOPO-SPOT
10
1311108.2546423706
20
367249.8557122182
30
0
0
POLYLINE
8
C-PVMT
66
1
70
1
0
VERTEX
8
C-PVMT
10
1311053.9571811743
20
367683.94383940013
30
0
0
VERTEX
8
C-PVMT
10
1311001.114288267
20
367598.20220033743
30
0
0
VERTEX
8
C-PVMT
10
1310953.1928026713
20
367537.9317165306
30
0
0
VERTEX
8
C-PVMT
10
1310943.8
20
367545.4
30
0
0
VERTEX
8
C-PVMT
10
1311053.9571811743
20
367683.94383940013
30
0
0
SEQEND
0
POLYLINE
8
C-PVMT
66
1
70
1
0
VERTEX
8
C-PVMT
10
1310866.6277374823
20
367448.34103906434
30
0
0
VERTEX
8
C-PVMT
10
1310876.0205401536
20
367440.8727555949
30
0
0
VERTEX
8
C-PVMT
10
1310828.7214115139
20
367381.38500534405
30
0
0
VERTEX
8
C-PVMT
10
1310757.092913264
20
367310.5799332202
30
0
0
VERTEX
8
C-PVMT
10
1310866.6277374823
20
367448.34103906434
30
0
0
SEQEND
0
POLYLINE
8
C-PVMT
66
1
70
1
0
VERTEX
8
C-PVMT
10
1310943.5459129626
20
367545.0804128059
30
0
0
VERTEX
8
C-PVMT
10
1310941.5954846712
20
367542.45536952093
30
0
0
VERTEX
8
C-PVMT
10
1310939.821173556
20
367539.7090829568
30
0
0
VERTEX
8
C-PVMT
10
1310938.2316421284
20
367536.85561117204
30
0
0
VERTEX
8
C-PVMT
10
1310936.8292031705
20
367533.89844790834
30
0
0
VERTEX
8
C-PVMT
10
1310935.6243379142
20
367530.85894637584
30
0
0
VERTEX
8
C-PVMT
10
1310934.6216030885
20
367527.7503398978
30
0
0
VERTEX
8
C-PVMT
10
1310933.8232800986
20
367524.5797011246
30
0
0
VERTEX
8
C-PVMT
10
1310933.2334037898
20
367521.36043171
30
0
0
VERTEX
8
C-PVMT
10
1310932.8559459348
20
367518.1159846144
30
0
0
VERTEX
8
C-PVMT
10
1310932.6910711958
20
367514.8505464939
30
0
0
VERTEX
8
C-PVMT
10
1310932.7399684158
20
367511.58131433395
30
0
0
VERTEX
8
C-PVMT
10
1310933.0027974895
20
367508.3190190531
30
0
0
VERTEX
8
C-PVMT
10
1310933.4779096758
20
367505.0841251988
30
0
0
VERTEX
8
C-PVMT
10
1310934.1626396314
20
367501.89037250704
30
0
0
VERTEX
8
C-PVMT
10
1310935.0554294686
20
367498.7450273558
30
0
0
VERTEX
8
C-PVMT
10
1310936.1518809942
20
367495.66475725325
30
0
0
VERTEX
8
C-PVMT
10
1310937.4486986334
20
367492.6597757866
30
0
0
VERTEX
8
C-PVMT
10
1310938.936164051
20
367489.75179400883
30
0
0
VERTEX
8
C-PVMT
10
1310940.6120896619
20
367486.9443853879
30
0
0
VERTEX
8
C-PVMT
10
1310942.4679160323
20
367484.2525127441
30
0
0
VERTEX
8
C-PVMT
10
1310944.497818076
20
367481.6851897618
30
0
0
VERTEX
8
C-PVMT
10
1310946.6867927765
20
367479.2608751877
30
0
0
VERTEX
8
C-PVMT
10
1310949.0318027392
20
367476.9824551005
30
0
0
VERTEX
8
C-PVMT
10
1310951.5225943485
20
367474.8605991452
30
0
0
VERTEX
8
C-PVMT
10
1310953.129365949
20
367473.5801355307
30
0
0
VERTEX
8
C-PVMT
10
1310938.192773519
20
367454.79449812864
30
0
0
VERTEX
8
C-PVMT
10
1310936.6713680918
20
367456.00693124585
30
0
0
VERTEX
8
C-PVMT
10
1310934.0446312365
20
367457.9629683819
30
0
0
VERTEX
8
C-PVMT
10
1310931.2961929527
20
367459.74244852265
30
0
0
VERTEX
8
C-PVMT
10
1310928.4371820474
20
367461.33823021204
30
0
0
VERTEX
8
C-PVMT
10
1310925.4828602164
20
367462.7421626745
30
0
0
VERTEX
8
C-PVMT
10
1310922.439984785
20
367463.9510347407
30
0
0
VERTEX
8
C-PVMT
10
1310919.321367062
20
367464.95906559884
30
0
0
VERTEX
8
C-PVMT
10
1310916.146607956
20
367465.75991964625
30
0
0
VERTEX
8
C-PVMT
10
1310912.9294785825
20
367466.3507854587
30
0
0
VERTEX
8
C-PVMT
10
1310909.6773373643
20
367466.7303115704
30
0
0
VERTEX
8
C-PVMT
10
1310906.4073293752
20
367466.89617391786
30
0
0
VERTEX
8
C-PVMT
10
1310903.1334770427
20
367466.84766125126
30
0
0
VERTEX
8
C-PVMT
10
1310899.8698192823
20
367466.5849816021
30
0
0
VERTEX
8
C-PVMT
10
1310896.6303512927
20
367466.1092613918
30
0
0
VERTEX
8
C-PVMT
10
1310893.4257873783
20
367465.4217493232
30
0
0
VERTEX
8
C-PVMT
10
1310890.276268636
20
367464.5267664984
30
0
0
VERTEX
8
C-PVMT
10
1310887.1920786717
20
367463.4275691381
30
0
0
VERTEX
8
C-PVMT
10
1310884.1894046434
20
367462.13026713254
30
0
0
VERTEX
8
C-PVMT
10
1310881.2751144583
20
367460.63782775315
30
0
0
VERTEX
8
C-PVMT
10
1310878.4619979586
20
367458.9560791793
30
0
0
VERTEX
8
C-PVMT
10
1310875.7677359348
20
367457.09559141245
30
0
0
VERTEX
8
C-PVMT
10
1310873.2010180985
20
367455.062755434
30
0
0
VERTEX
8
C-PVMT
10
1310870.7752060543
20
367452.8685631541
30
0
0
VERTEX
8
C-PVMT
10
1310868.4958482836
20
367450.518033277
30
0
0
VERTEX
8
C-PVMT
10
1310866.3747342243
20
367448.02281490614
30
0
0
VERTEX
8
C-PVMT
10
1310943.5459129626
20
367545.0804128059
30
0
0
SEQEND
0
POLYLINE
8
V-PROP-ESMT
66
1
70
1
0
VERTEX
8
V-PROP-ESMT
10
1311491.0136261391
20
367313.8525137589
30
0
0
VERTEX
8
V-PROP-ESMT
10
1311521.1565511147
20
367316.39545967255
30
0
0
VERTEX
8
V-PROP-ESMT
10
1311519.3073600503
20
367346.3366503367
30
0
0
VERTEX
8
V-PROP-ESMT
10
1311489.2042934878
20
367343.7970669961
30
0
0
VERTEX
8
V-PROP-ESMT
10
1311491.0136261391
20
367313.8525137589
30
0
0
SEQEND
0
POLYLINE
8
V-PROP-ESMT
66
1
70
1
0
VERTEX
8
V-PROP-ESMT
10
1311521.1565511147
20
367316.39545967255
30
0
0
VERTEX
8
V-PROP-ESMT
10
1311627.4489744913
20
367325.36260151106
30
0
0
VERTEX
8
V-PROP-ESMT
10
1311622.1719598924
20
367355.01461088785
30
0
0
VERTEX
8
V-PROP-ESMT
10
1311519.3073600503
20
367346.3366503367
30
0
0
VERTEX
8
V-PROP-ESMT
10
1311521.1565511147
20
367316.39545967255
30
0
0
SEQEND
0
POLYLINE
8
V-PROP-ESMT
66
1
70
1
0
VERTEX
8
V-PROP-ESMT
10
1311380.1433526678
20
367334.7831139175
30
0
0
VERTEX
8
V-PROP-ESMT
10
1311374.406789911
20
367335.7286491355
30
0
0
VERTEX
8
V-PROP-ESMT
10
1311377.6474560443
20
367344.1925724403
30
0
0
VERTEX
8
V-PROP-ESMT
10
1311379.6334660903
20
367354.4178015221
30
0
0
VERTEX
8
V-PROP-ESMT
10
1311379.8211038434
20
367364.8324228667
30
0
0
VERTEX
8
V-PROP-ESMT
10
1311473.185418046
20
367371.28600818024
30
0
0
VERTEX
8
V-PROP-ESMT
10
1311488.6658495984
20
367352.7083424889
30
0
0
VERTEX
8
V-PROP-ESMT
10
1311490.0660297351
20
367329.53528549726
30
0
0
VERTEX
8
V-PROP-ESMT
10
1311477.5888884957
20
367319.1383102188
30
0
0
VERTEX
8
V-PROP-ESMT
10
1311459.9552997365
20
367340.29992420896
30
0
0
VERTEX
8
V-PROP-ESMT
10
1311380.1433526678
20
367334.7831139175
30
0
0
SEQEND
0
ENDSEC
0
EOF
