{
 "type": "FeatureCollection",
 "features": [
  {
   "type": "Feature",
   "geometry": {
    "type": "Polygon",
    "coordinates": [
     [
      [
       -76.93925312059912,
       38.98028060285852
      ],
      [
       -76.93919386124811,
       38.98059705161522
      ],
      [
       -76.93975576198098,
       38.980671311604894
      ],
      [
       -76.93968710345345,
       38.98098994654283
      ],
      [
       -76.93968385799319,
       38.98100499940766
      ],
      [
       -76.93847221054799,
       38.98085272298602
      ],
      [
       -76.93812103741945,
       38.980803292475905
      ],
      [
       -76.93801571624111,
       38.98078226736891
      ],
      [
       -76.93801662036122,
       38.97969783103025
      ],
      [
       -76.93814827710422,
       38.97972239228754
      ],
      [
       -76.9392151258489,
       38.97986664268436
      ],
      [
       -76.93917892088032,
       38.98005650098138
      ],
      [
       -76.93927053122573,
       38.98018764254329
      ],
      [
       -76.93925312059912,
       38.98028060285852
      ]
     ]
    ]
   },
   "properties": {
    "id": "parcel",
    "kind": "Parcel",
    "sourceId": "gis1",
    "reliabilityLevel": 1,
    "revision": 1,
    "engineeringGeometry": {
     "crs": "EPSG:2248",
     "crsName": "NAD83 / Maryland State Plane (US survey feet)",
     "datum": "NAD83",
     "unit": "usSurveyFoot",
     "coordinates": [
      [
       1329601.9612184612,
       478407.54081343865
      ],
      [
       1329618.7302137893,
       478522.80403436656
      ],
      [
       1329458.980533279,
       478549.7439411031
      ],
      [
       1329478.4214392893,
       478665.80506069586
      ],
      [
       1329479.3404007081,
       478671.28798935865
      ],
      [
       1329823.811496531,
       478616.0581129371
      ],
      [
       1329923.65151995,
       478598.12278136064
      ],
      [
       1329953.596341947,
       478590.48565752094
      ],
      [
       1329953.6074967738,
       478195.5290983591
      ],
      [
       1329916.1748288702,
       478204.4490280194
      ],
      [
       1329612.8624433768,
       478256.7819286155
      ],
      [
       1329623.1084858791,
       478325.9359897742
      ],
      [
       1329597.0343910267,
       478373.6809730146
      ],
      [
       1329601.9612184612,
       478407.54081343865
      ]
     ]
    }
   }
  },
  {
   "type": "Feature",
   "geometry": {
    "type": "LineString",
    "coordinates": [
     [
      -76.93887735290268,
      38.980344528508844
     ],
     [
      -76.93887843303266,
      38.98033929349472
     ],
     [
      -76.93887723578851,
      38.98032633183922
     ]
    ]
   },
   "properties": {
    "id": "ct-0",
    "kind": "Contour",
    "sourceId": "contours",
    "reliabilityLevel": 1,
    "revision": 1,
    "engineeringGeometry": {
     "crs": "EPSG:2248",
     "crsName": "NAD83 / Maryland State Plane (US survey feet)",
     "datum": "NAD83",
     "unit": "usSurveyFoot",
     "coordinates": [
      [
       1329708.765794869,
       478430.8941131813,
       102
      ],
      [
       1329708.4600211955,
       478428.98729285435,
       102
      ],
      [
       1329708.8035244492,
       478424.26682985853,
       102
      ]
     ]
    },
    "elevationFt": 102,
    "weight": "intermediate",
    "hidden": true
   }
  },
  {
   "type": "Feature",
   "geometry": {
    "type": "LineString",
    "coordinates": [
     [
      -76.9388775098896,
      38.98036871476608
     ],
     [
      -76.93887443130795,
      38.98036396762586
     ],
     [
      -76.9388722550129,
      38.98035949480704
     ],
     [
      -76.93887499836212,
      38.980346033453046
     ],
     [
      -76.93887614538053,
      38.98033951209984
     ],
     [
      -76.93887443086354,
      38.98031739872113
     ],
     [
      -76.93887275086668,
      38.98029809772734
     ],
     [
      -76.9388733847794,
      38.98029640090965
     ],
     [
      -76.93887593827257,
      38.98029437629499
     ],
     [
      -76.93887701483524,
      38.980291953645924
     ]
    ]
   },
   "properties": {
    "id": "ct-1",
    "kind": "Contour",
    "sourceId": "contours",
    "reliabilityLevel": 1,
    "revision": 1,
    "engineeringGeometry": {
     "crs": "EPSG:2248",
     "crsName": "NAD83 / Maryland State Plane (US survey feet)",
     "datum": "NAD83",
     "unit": "usSurveyFoot",
     "coordinates": [
      [
       1329708.7152700361,
       478439.7028226032,
       98
      ],
      [
       1329709.5915806084,
       478437.9744796151,
       98
      ],
      [
       1329710.2113300397,
       478436.34587394365,
       98
      ],
      [
       1329709.4347567838,
       478431.4426685147,
       98
      ],
      [
       1329709.1102823734,
       478429.0673452045,
       98
      ],
      [
       1329709.6030635373,
       478421.01388359786,
       98
      ],
      [
       1329710.085346039,
       478413.984698184,
       98
      ],
      [
       1329709.9055563658,
       478413.36658919207,
       98
      ],
      [
       1329709.1801641127,
       478412.62872975774,
       98
      ],
      [
       1329708.874718529,
       478411.7461856114,
       98
      ]
     ]
    },
    "elevationFt": 98,
    "weight": "intermediate",
    "hidden": false
   }
  },
  {
   "type": "Feature",
   "geometry": {
    "type": "LineString",
    "coordinates": [
     [
      -76.93887591174268,
      38.98012080585501
     ],
     [
      -76.93887577814118,
      38.980120484191644
     ],
     [
      -76.9388607102568,
      38.98010808550597
     ],
     [
      -76.93885734089926,
      38.9801046263888
     ],
     [
      -76.93885167825633,
      38.980097200653084
     ]
    ]
   },
   "properties": {
    "id": "ct-2",
    "kind": "Contour",
    "sourceId": "contours",
    "reliabilityLevel": 1,
    "revision": 1,
    "engineeringGeometry": {
     "crs": "EPSG:2248",
     "crsName": "NAD83 / Maryland State Plane (US survey feet)",
     "datum": "NAD83",
     "unit": "usSurveyFoot",
     "coordinates": [
      [
       1329709.2300327863,
       478349.4136331089,
       92
      ],
      [
       1329709.268090454,
       478349.29650735616,
       92
      ],
      [
       1329713.5544992082,
       478344.7837211151,
       92
      ],
      [
       1329714.5131587083,
       478343.5245372758,
       92
      ],
      [
       1329716.1247040275,
       478340.8211306152,
       92
      ]
     ]
    },
    "elevationFt": 92,
    "weight": "intermediate",
    "hidden": false
   }
  },
  {
   "type": "Feature",
   "geometry": {
    "type": "LineString",
    "coordinates": [
     [
      -76.93807975835487,
      38.979774682097464
     ],
     [
      -76.93804884037702,
      38.97974873105012
     ],
     [
      -76.93801438625968,
      38.97973203316892
     ],
     [
      -76.93798425230848,
      38.97974148934098
     ],
     [
      -76.93798015178051,
      38.979744113964514
     ],
     [
      -76.93796804550925,
      38.979754329174945
     ],
     [
      -76.93794865415248,
      38.97978083729565
     ],
     [
      -76.93793140211068,
      38.97979189654496
     ]
    ]
   },
   "properties": {
    "id": "ct-3",
    "kind": "Contour",
    "sourceId": "contours",
    "reliabilityLevel": 1,
    "revision": 1,
    "engineeringGeometry": {
     "crs": "EPSG:2248",
     "crsName": "NAD83 / Maryland State Plane (US survey feet)",
     "datum": "NAD83",
     "unit": "usSurveyFoot",
     "coordinates": [
      [
       1329935.6400130359,
       478223.5064046117,
       90
      ],
      [
       1329944.4355991133,
       478214.0608854429,
       90
      ],
      [
       1329954.2341359558,
       478207.9860944469,
       90
      ],
      [
       1329962.798095206,
       478211.4358906849,
       90
      ],
      [
       1329963.9631191227,
       478212.3925816914,
       90
      ],
      [
       1329967.4020886219,
       478216.11534327257,
       90
      ],
      [
       1329972.9079831236,
       478225.77346044383,
       90
      ],
      [
       1329977.8095481235,
       478229.8046203509,
       90
      ]
     ]
    },
    "elevationFt": 90,
    "weight": "index",
    "hidden": false
   }
  },
  {
   "type": "Feature",
   "geometry": {
    "type": "LineString",
    "coordinates": [
     [
      -76.93915170165606,
      38.980889687879774
     ],
     [
      -76.93915138891336,
      38.98088830585598
     ],
     [
      -76.93915418074675,
      38.980854521074676
     ],
     [
      -76.93915204112507,
      38.98085031312232
     ],
     [
      -76.93915072475761,
      38.980849736812175
     ],
     [
      -76.93911712303994,
      38.98083405042583
     ],
     [
      -76.93911258131993,
      38.980830266410344
     ],
     [
      -76.93911369667812,
      38.98080000116965
     ],
     [
      -76.93911699293234,
      38.980787765217144
     ],
     [
      -76.93911790608634,
      38.98078478307048
     ],
     [
      -76.93911840294255,
      38.98078140074208
     ],
     [
      -76.93908128648054,
      38.98073251541867
     ],
     [
      -76.93897651220483,
      38.980681813876345
     ],
     [
      -76.9389759884795,
      38.980674787190424
     ],
     [
      -76.93897580690248,
      38.98067253504034
     ],
     [
      -76.93897451034047,
      38.980670400316164
     ],
     [
      -76.93896916093242,
      38.980663709821336
     ],
     [
      -76.93896669547344,
      38.98065861078224
     ],
     [
      -76.93896607801035,
      38.98064379734074
     ],
     [
      -76.93896753711431,
      38.98063941560245
     ],
     [
      -76.93897078583288,
      38.98062475821889
     ],
     [
      -76.93896631204805,
      38.980613099245794
     ],
     [
      -76.93895367376955,
      38.98060170265459
     ],
     [
      -76.93894692994957,
      38.98059528978487
     ],
     [
      -76.93894631649795,
      38.98058792254106
     ],
     [
      -76.93894743541725,
      38.98058186509617
     ],
     [
      -76.93894673886739,
      38.98056911179328
     ],
     [
      -76.93894853592816,
      38.980559576628
     ],
     [
      -76.93894849868724,
      38.980553202390965
     ],
     [
      -76.9389461359308,
      38.9805454324673
     ],
     [
      -76.93893748874643,
      38.980512344358154
     ],
     [
      -76.93893616237273,
      38.98050863948489
     ],
     [
      -76.93893357801623,
      38.98050088295749
     ],
     [
      -76.93893283152326,
      38.98049388858444
     ],
     [
      -76.93892871085606,
      38.98045671310495
     ],
     [
      -76.93891337361451,
      38.98045147312016
     ],
     [
      -76.93890872700743,
      38.98044756923232
     ],
     [
      -76.938907583425,
      38.98044066203129
     ],
     [
      -76.93890409909919,
      38.980435318335644
     ],
     [
      -76.93890063185715,
      38.98043158712057
     ],
     [
      -76.93889740549666,
      38.98042285736894
     ],
     [
      -76.9388866344098,
      38.98040498933813
     ],
     [
      -76.9388862533124,
      38.98040392076387
     ],
     [
      -76.93888717146082,
      38.98040050352426
     ],
     [
      -76.93888712231211,
      38.98039860006126
     ],
     [
      -76.9388827722528,
      38.980379972388576
     ],
     [
      -76.93888377374618,
      38.98037761095617
     ],
     [
      -76.93889531490625,
      38.98036689089653
     ],
     [
      -76.93889547791129,
      38.980366571189855
     ],
     [
      -76.93889551108491,
      38.98036422456535
     ],
     [
      -76.9388904861145,
      38.98033857823442
     ],
     [
      -76.93888939559564,
      38.98030210067116
     ],
     [
      -76.9388891973082,
      38.98029511469135
     ],
     [
      -76.9388871498317,
      38.98027097518955
     ],
     [
      -76.93889044192096,
      38.98026092103132
     ],
     [
      -76.93890046548552,
      38.980235291570324
     ],
     [
      -76.93889962239105,
      38.980229248414425
     ],
     [
      -76.93890339119594,
      38.98020565424597
     ],
     [
      -76.93890388014141,
      38.98019939108443
     ],
     [
      -76.93890374200627,
      38.980196280473194
     ],
     [
      -76.93890149139403,
      38.98016138414676
     ],
     [
      -76.93889923993753,
      38.980154392590045
     ],
     [
      -76.93889092649702,
      38.98013864097314
     ],
     [
      -76.93888947025297,
      38.980135657589855
     ],
     [
      -76.93888959585188,
      38.98013185348316
     ],
     [
      -76.93888968993903,
      38.98011903843517
     ],
     [
      -76.93889007388196,
      38.980107367582804
     ],
     [
      -76.93889143732778,
      38.9800826371213
     ],
     [
      -76.93889126121569,
      38.980082092031836
     ],
     [
      -76.93889118638361,
      38.980081875795385
     ],
     [
      -76.93889862894835,
      38.98004860691315
     ],
     [
      -76.9388986765822,
      38.980048239402564
     ],
     [
      -76.93889798304389,
      38.98001045675317
     ],
     [
      -76.9388975576248,
      38.98000993315319
     ],
     [
      -76.93889748607592,
      38.980009925909194
     ],
     [
      -76.93889709737604,
      38.98000965005454
     ],
     [
      -76.9388981157027,
      38.98000649410532
     ],
     [
      -76.93889975759282,
      38.98000563107457
     ],
     [
      -76.93891462226324,
      38.97999927002578
     ],
     [
      -76.93892233239804,
      38.97999581399412
     ],
     [
      -76.93892961091362,
      38.979993681044505
     ],
     [
      -76.93894895699653,
      38.97999810247127
     ],
     [
      -76.93895898477426,
      38.980002514527875
     ],
     [
      -76.93896804824409,
      38.98000361285607
     ],
     [
      -76.93896866455297,
      38.980003598764476
     ],
     [
      -76.9389806567371,
      38.980005195873865
     ],
     [
      -76.9389815521602,
      38.98000539362109
     ],
     [
      -76.93898183020046,
      38.98000551177388
     ],
     [
      -76.93899946752211,
      38.980014770617174
     ],
     [
      -76.9390014911803,
      38.980015539173166
     ],
     [
      -76.9390067885815,
      38.98001686704544
     ],
     [
      -76.93900995741586,
      38.980017291183614
     ],
     [
      -76.9390460034735,
      38.98001909540487
     ],
     [
      -76.93904776225023,
      38.980019204420124
     ],
     [
      -76.93905081084371,
      38.98001987802228
     ],
     [
      -76.93908174279858,
      38.980034094699676
     ],
     [
      -76.93908381322652,
      38.980034157033955
     ],
     [
      -76.93909335639626,
      38.98002899308598
     ],
     [
      -76.93909487872779,
      38.98002892901954
     ],
     [
      -76.93909948208898,
      38.98002939804258
     ],
     [
      -76.93913120522005,
      38.98003076038518
     ],
     [
      -76.93913205809783,
      38.98003077524226
     ],
     [
      -76.9391343603834,
      38.98003097732374
     ],
     [
      -76.93914833917367,
      38.98003349609011
     ],
     [
      -76.93915600133222,
      38.980034855813905
     ],
     [
      -76.93915955218998,
      38.980035268436055
     ],
     [
      -76.93917043103079,
      38.98003508312032
     ],
     [
      -76.93918198064934,
      38.98003326766413
     ],
     [
      -76.93918274937147,
      38.98003317167592
     ],
     [
      -76.93918386070929,
      38.98003325873276
     ],
     [
      -76.93921812114208,
      38.980040735351004
     ],
     [
      -76.9392196006801,
      38.980040778458516
     ],
     [
      -76.93922200817957,
      38.98004075899071
     ]
    ]
   },
   "properties": {
    "id": "ct-4",
    "kind": "Contour",
    "sourceId": "contours",
    "reliabilityLevel": 1,
    "revision": 1,
    "engineeringGeometry": {
     "crs": "EPSG:2248",
     "crsName": "NAD83 / Maryland State Plane (US survey feet)",
     "datum": "NAD83",
     "unit": "usSurveyFoot",
     "coordinates": [
      [
       1329630.643903863,
       478629.39141961373,
       106
      ],
      [
       1329630.7331425387,
       478628.8881397828,
       106
      ],
      [
       1329629.9477110323,
       478616.5830462648,
       106
      ],
      [
       1329630.556961788,
       478615.0508971037,
       106
      ],
      [
       1329630.9313048713,
       478614.8412518615,
       106
      ],
      [
       1329640.487060037,
       478609.1345703574,
       106
      ],
      [
       1329641.7790521954,
       478607.75727653236,
       106
      ],
      [
       1329641.469341531,
       478596.73433268454,
       106
      ],
      [
       1329640.5352882869,
       478592.27732060093,
       106
      ],
      [
       1329640.276430541,
       478591.19103669014,
       106
      ],
      [
       1329640.1360108668,
       478589.9590837763,
       106
      ],
      [
       1329650.698981868,
       478572.1618752747,
       106
      ],
      [
       1329680.4955102052,
       478553.71604602487,
       106
      ],
      [
       1329680.6461004405,
       478551.156996024,
       106
      ],
      [
       1329680.698265699,
       478550.3367876938,
       106
      ],
      [
       1329681.0673594417,
       478549.5595582682,
       106
      ],
      [
       1329682.5896661135,
       478547.12386761425,
       106
      ],
      [
       1329683.2917644512,
       478545.2672440132,
       106
      ],
      [
       1329683.4708979574,
       478539.87224168103,
       106
      ],
      [
       1329683.057184872,
       478538.27611627465,
       106
      ],
      [
       1329682.1372392077,
       478532.93721618585,
       106
      ],
      [
       1329683.4118429583,
       478528.69181785936,
       106
      ],
      [
       1329687.0073081958,
       478524.5435321783,
       106
      ],
      [
       1329688.9259395294,
       478522.2092192731,
       106
      ],
      [
       1329689.1021202751,
       478519.52615376597,
       106
      ],
      [
       1329688.78551987,
       478517.3197933543,
       106
      ],
      [
       1329688.986634952,
       478512.67511759896,
       106
      ],
      [
       1329688.4781057814,
       478509.20202743803,
       106
      ],
      [
       1329688.49024486,
       478506.8805097734,
       106
      ],
      [
       1329689.163799952,
       478504.05111911596,
       106
      ],
      [
       1329691.6300023624,
       478492.0019306032,
       106
      ],
      [
       1329692.0079543772,
       478490.65285193356,
       106
      ],
      [
       1329692.74450146,
       478487.8283825147,
       106
      ],
      [
       1329692.9584117804,
       478485.28114352433,
       106
      ],
      [
       1329694.1388556142,
       478471.74245668156,
       106
      ],
      [
       1329698.500067364,
       478469.83694868884,
       106
      ],
      [
       1329699.8219151169,
       478468.41601978126,
       106
      ],
      [
       1329700.1486861247,
       478465.9006048538,
       106
      ],
      [
       1329701.140482038,
       478463.9550706799,
       106
      ],
      [
       1329702.1270286124,
       478462.59680568334,
       106
      ],
      [
       1329703.0463181103,
       478459.41800627974,
       106
      ],
      [
       1329706.1125849476,
       478452.9124418625,
       106
      ],
      [
       1329706.2211805417,
       478452.523335021,
       106
      ],
      [
       1329705.9610104535,
       478451.2785868636,
       106
      ],
      [
       1329705.9754461192,
       478450.5853467662,
       106
      ],
      [
       1329707.216585367,
       478443.8018957702,
       106
      ],
      [
       1329706.9324652108,
       478442.9416612863,
       106
      ],
      [
       1329703.6542565327,
       478439.0351730235,
       106
      ],
      [
       1329703.6079967918,
       478438.9187034547,
       106
      ],
      [
       1329703.5991385407,
       478438.0640463627,
       106
      ],
      [
       1329705.033846957,
       478428.7244981047,
       106
      ],
      [
       1329705.3527439535,
       478415.4394196939,
       106
      ],
      [
       1329705.4108147025,
       478412.89513344853,
       106
      ],
      [
       1329705.9987400295,
       478404.1038124412,
       106
      ],
      [
       1329705.0653429471,
       478400.4414181885,
       106
      ],
      [
       1329702.2221727804,
       478391.1051507674,
       106
      ],
      [
       1329702.463314041,
       478388.904367766,
       106
      ],
      [
       1329701.397699365,
       478380.31055293814,
       106
      ],
      [
       1329701.2602324402,
       478378.029389513,
       106
      ],
      [
       1329701.300258622,
       478376.89651778387,
       106
      ],
      [
       1329701.9485512762,
       478364.1875536902,
       106
      ],
      [
       1329702.590282287,
       478361.6416270218,
       106
      ],
      [
       1329704.9574035415,
       478355.90640226734,
       106
      ],
      [
       1329705.3721008715,
       478354.82011836267,
       106
      ],
      [
       1329705.3373240365,
       478353.4346224407,
       106
      ],
      [
       1329705.3137020338,
       478348.7673089493,
       106
      ],
      [
       1329705.2074030316,
       478344.5166612832,
       106
      ],
      [
       1329704.8258421237,
       478335.5094614487,
       106
      ],
      [
       1329704.8760388605,
       478335.31097103306,
       106
      ],
      [
       1329704.8973642886,
       478335.2322310324,
       106
      ],
      [
       1329702.7897569542,
       478323.11414502055,
       106
      ],
      [
       1329702.7763055388,
       478322.9802870249,
       106
      ],
      [
       1329702.9826699463,
       478309.21981586504,
       106
      ],
      [
       1329703.1037327005,
       478309.0291994483,
       106
      ],
      [
       1329703.1240738737,
       478309.0265747677,
       106
      ],
      [
       1329703.2346379587,
       478308.9261812763,
       106
      ],
      [
       1329702.9459246246,
       478307.77657726756,
       106
      ],
      [
       1329702.4793901218,
       478307.46194536285,
       106
      ],
      [
       1329698.2553172098,
       478305.14239619183,
       106
      ],
      [
       1329696.0643766967,
       478303.8822281042,
       106
      ],
      [
       1329693.9958112824,
       478303.1040144365,
       106
      ],
      [
       1329688.495166123,
       478304.71063851,
       106
      ],
      [
       1329685.6434657858,
       478306.31562219106,
       106
      ],
      [
       1329683.066699279,
       478306.7139153594,
       106
      ],
      [
       1329682.8915027857,
       478306.7086660106,
       106
      ],
      [
       1329679.4820607863,
       478307.2880611952,
       106
      ],
      [
       1329679.227468114,
       478307.3599114362,
       106
      ],
      [
       1329679.1484000364,
       478307.4028903593,
       106
      ],
      [
       1329674.1323339478,
       478310.7716500263,
       106
      ],
      [
       1329673.556875779,
       478311.05117701594,
       106
      ],
      [
       1329672.0506452045,
       478311.5337876075,
       106
      ],
      [
       1329671.1497283722,
       478311.6876586953,
       106
      ],
      [
       1329660.9023735318,
       478312.3379198603,
       106
      ],
      [
       1329660.4023745386,
       478312.37728985155,
       106
      ],
      [
       1329659.5355783636,
       478312.622040021,
       106
      ],
      [
       1329650.7390080346,
       478317.7939456927,
       106
      ],
      [
       1329650.1504265396,
       478317.8162553551,
       106
      ],
      [
       1329647.4388177814,
       478315.9337131964,
       106
      ],
      [
       1329647.0060758733,
       478315.91009119374,
       106
      ],
      [
       1329645.697351454,
       478316.0800383651,
       106
      ],
      [
       1329636.678996785,
       478316.5701948421,
       106
      ],
      [
       1329636.436543211,
       478316.575444194,
       106
      ],
      [
       1329635.7820169467,
       478316.64860676613,
       106
      ],
      [
       1329631.8076154585,
       478317.56330311316,
       106
      ],
      [
       1329629.6291421207,
       478318.0570685252,
       106
      ],
      [
       1329628.6196297049,
       478318.20667453075,
       106
      ],
      [
       1329625.5271162093,
       478318.13712085085,
       106
      ],
      [
       1329622.2443143723,
       478317.4737363503,
       106
      ],
      [
       1329622.0258108694,
       478317.4386314413,
       106
      ],
      [
       1329621.7098666285,
       478317.4701274459,
       106
      ],
      [
       1329611.9687443667,
       478320.18665744807,
       106
      ],
      [
       1329611.5481415351,
       478320.20207735384,
       106
      ],
      [
       1329610.8637597088,
       478320.19453143777,
       106
      ]
     ]
    },
    "elevationFt": 106,
    "weight": "intermediate",
    "hidden": true
   }
  },
  {
   "type": "Feature",
   "geometry": {
    "type": "LineString",
    "coordinates": [
     [
      -76.93887745371624,
      38.98036020106617
     ],
     [
      -76.93887596034321,
      38.980357442868964
     ],
     [
      -76.93887498828825,
      38.980355085810096
     ],
     [
      -76.93887642690795,
      38.980349020425244
     ],
     [
      -76.93887735290268,
      38.980344528508844
     ]
    ]
   },
   "properties": {
    "id": "ct-5",
    "kind": "Contour",
    "sourceId": "contours",
    "reliabilityLevel": 1,
    "revision": 1,
    "engineeringGeometry": {
     "crs": "EPSG:2248",
     "crsName": "NAD83 / Maryland State Plane (US survey feet)",
     "datum": "NAD83",
     "unit": "usSurveyFoot",
     "coordinates": [
      [
       1329708.733314617,
       478436.60210703174,
       102
      ],
      [
       1329709.1585106212,
       478435.5978439433,
       102
      ],
      [
       1329709.4354129536,
       478434.73957794986,
       102
      ],
      [
       1329709.0279334432,
       478432.53026477795,
       102
      ],
      [
       1329708.765794869,
       478430.8941131813,
       102
      ]
     ]
    },
    "elevationFt": 102,
    "weight": "intermediate",
    "hidden": false
   }
  },
  {
   "type": "Feature",
   "geometry": {
    "type": "LineString",
    "coordinates": [
     [
      -76.93885049301042,
      38.97985240878887
     ],
     [
      -76.9388565534411,
      38.97985622063401
     ],
     [
      -76.93890097707083,
      38.97987287483072
     ]
    ]
   },
   "properties": {
    "id": "ct-6",
    "kind": "Contour",
    "sourceId": "contours",
    "reliabilityLevel": 1,
    "revision": 1,
    "engineeringGeometry": {
     "crs": "EPSG:2248",
     "crsName": "NAD83 / Maryland State Plane (US survey feet)",
     "datum": "NAD83",
     "unit": "usSurveyFoot",
     "coordinates": [
      [
       1329716.521356788,
       478251.66710943246,
       92
      ],
      [
       1329714.7976069546,
       478253.05424577434,
       92
      ],
      [
       1329702.1650862836,
       478259.1113202607,
       92
      ]
     ]
    },
    "elevationFt": 92,
    "weight": "intermediate",
    "hidden": true
   }
  },
  {
   "type": "Feature",
   "geometry": {
    "type": "LineString",
    "coordinates": [
     [
      -76.93922704966835,
      38.98001738437213
     ],
     [
      -76.93923028565868,
      38.980005376291224
     ],
     [
      -76.9392306264412,
      38.980000942621146
     ],
     [
      -76.93923094340336,
      38.97999872766393
     ],
     [
      -76.93923450727969,
      38.979983873154836
     ],
     [
      -76.93923478396,
      38.97998287969168
     ],
     [
      -76.9392387849493,
      38.97996837042443
     ],
     [
      -76.93923909112844,
      38.97996661938502
     ],
     [
      -76.93923988360618,
      38.979961672480854
     ],
     [
      -76.93924129017056,
      38.979952549683645
     ],
     [
      -76.93924148863297,
      38.97995124899939
     ],
     [
      -76.93924836729134,
      38.97991588538936
     ],
     [
      -76.93924921687909,
      38.97991163575119
     ],
     [
      -76.93924910861013,
      38.97991002682637
     ],
     [
      -76.93924843250316,
      38.97989895987348
     ],
     [
      -76.93926136147343,
      38.97987252565299
     ],
     [
      -76.93926191773052,
      38.97987120083232
     ],
     [
      -76.93926190880248,
      38.979870843201226
     ],
     [
      -76.93925893350251,
      38.97986271984234
     ],
     [
      -76.93925828552942,
      38.979861971823304
     ],
     [
      -76.93925416616605,
      38.979861015713034
     ],
     [
      -76.9392089935704,
      38.9798550342036
     ],
     [
      -76.939207572083,
      38.97985459116097
     ],
     [
      -76.93920289959448,
      38.97985264205528
     ],
     [
      -76.93919826735596,
      38.979852214459086
     ],
     [
      -76.93917270959825,
      38.97985081480417
     ],
     [
      -76.9391696366615,
      38.979850273613394
     ],
     [
      -76.93915598872748,
      38.979846882124846
     ],
     [
      -76.9391266294667,
      38.9798426203714
     ],
     [
      -76.9391217262087,
      38.97984196382225
     ],
     [
      -76.93910080802533,
      38.97983916488705
     ],
     [
      -76.93909408217442,
      38.979838802857465
     ],
     [
      -76.93907844704495,
      38.97984195209642
     ],
     [
      -76.93907216601566,
      38.97984101827515
     ],
     [
      -76.93905351912969,
      38.97983146795077
     ],
     [
      -76.93904783240639,
      38.97982925797263
     ],
     [
      -76.93904503261734,
      38.979829159224664
     ],
     [
      -76.93904300138733,
      38.9798291527611
     ],
     [
      -76.9390023105719,
      38.97982413468496
     ],
     [
      -76.93899740161434,
      38.97982339795446
     ],
     [
      -76.93899603145852,
      38.979823662081586
     ],
     [
      -76.93898603154305,
      38.9798298680349
     ],
     [
      -76.938976735119,
      38.97982993705221
     ],
     [
      -76.9389461201524,
      38.97982304059389
     ],
     [
      -76.9389421233396,
      38.97982184131452
     ],
     [
      -76.93892672479912,
      38.97981421952459
     ],
     [
      -76.93892496780326,
      38.97981338534648
     ],
     [
      -76.93892341474839,
      38.9798129440333
     ],
     [
      -76.93890120103471,
      38.9798108848618
     ],
     [
      -76.938900233898,
      38.97981087534835
     ],
     [
      -76.93889879017635,
      38.97981079261929
     ],
     [
      -76.93889433440914,
      38.9798104957225
     ],
     [
      -76.93887563740381,
      38.97982442797916
     ],
     [
      -76.93884597066726,
      38.97984092904754
     ],
     [
      -76.93884340712863,
      38.979847952319304
     ],
     [
      -76.93885049301042,
      38.97985240878887
     ]
    ]
   },
   "properties": {
    "id": "ct-7",
    "kind": "Contour",
    "sourceId": "contours",
    "reliabilityLevel": 1,
    "revision": 1,
    "engineeringGeometry": {
     "crs": "EPSG:2248",
     "crsName": "NAD83 / Maryland State Plane (US survey feet)",
     "datum": "NAD83",
     "unit": "usSurveyFoot",
     "coordinates": [
      [
       1329609.4362691194,
       478311.68044084974,
       92
      ],
      [
       1329608.5192761975,
       478307.30643385206,
       92
      ],
      [
       1329608.4234758778,
       478305.69160768774,
       92
      ],
      [
       1329608.3339091192,
       478304.8848507849,
       92
      ],
      [
       1329607.3243966952,
       478299.4741004367,
       92
      ],
      [
       1329607.2459847953,
       478299.1122245359,
       92
      ],
      [
       1329606.1121287888,
       478293.82713010174,
       92
      ],
      [
       1329606.0255147768,
       478293.1893361005,
       92
      ],
      [
       1329605.8014338727,
       478291.38750244223,
       92
      ],
      [
       1329605.403796865,
       478288.0646744463,
       92
      ],
      [
       1329605.3476946193,
       478287.59092211415,
       92
      ],
      [
       1329603.4008481198,
       478274.71004234644,
       92
      ],
      [
       1329603.1603630232,
       478273.1621451876,
       92
      ],
      [
       1329603.191530953,
       478272.5761883536,
       92
      ],
      [
       1329603.3864124531,
       478268.5456845968,
       92
      ],
      [
       1329599.7174565345,
       478258.91578260844,
       92
      ],
      [
       1329599.55964845,
       478258.4331720352,
       92
      ],
      [
       1329599.5622731145,
       478258.30292295007,
       92
      ],
      [
       1329600.410040449,
       478255.3449236153,
       92
      ],
      [
       1329600.5944232917,
       478255.07261444064,
       92
      ],
      [
       1329601.7656807853,
       478254.7251741911,
       92
      ],
      [
       1329614.608502865,
       478252.55523102265,
       92
      ],
      [
       1329615.012701537,
       478252.3941421016,
       92
      ],
      [
       1329616.341439038,
       478251.6851540371,
       92
      ],
      [
       1329617.658365524,
       478251.53029869177,
       92
      ],
      [
       1329624.9240990398,
       478251.0253784409,
       92
      ],
      [
       1329625.7977849522,
       478250.828856522,
       92
      ],
      [
       1329629.6783546228,
       478249.59624744864,
       92
      ],
      [
       1329638.0254507798,
       478248.04966261174,
       92
      ],
      [
       1329639.419476865,
       478247.8114741039,
       92
      ],
      [
       1329645.3666434586,
       478246.7960561888,
       92
      ],
      [
       1329647.2787131171,
       478246.6654790301,
       92
      ],
      [
       1329651.7226018722,
       478247.81541110633,
       92
      ],
      [
       1329653.5083594474,
       478247.4765010396,
       92
      ],
      [
       1329658.8114984478,
       478244.0017704465,
       92
      ],
      [
       1329660.4286211971,
       478243.1979662764,
       92
      ],
      [
       1329661.2245513683,
       478243.1625332724,
       92
      ],
      [
       1329661.8019780372,
       478243.1605647788,
       92
      ],
      [
       1329673.3705244458,
       478241.3406865281,
       92
      ],
      [
       1329674.766190964,
       478241.0732986134,
       92
      ],
      [
       1329675.155625861,
       478241.1697551177,
       92
      ],
      [
       1329677.9968275412,
       478243.4318896837,
       92
      ],
      [
       1329680.639538794,
       478243.4587925172,
       92
      ],
      [
       1329689.344245791,
       478240.952892033,
       92
      ],
      [
       1329690.4807264488,
       478240.51686926594,
       92
      ],
      [
       1329694.8599827867,
       478237.74390894064,
       92
      ],
      [
       1329695.3596537132,
       478237.4404318595,
       92
      ],
      [
       1329695.8012538708,
       478237.27999909176,
       92
      ],
      [
       1329702.1165299518,
       478236.53426569223,
       92
      ],
      [
       1329702.3914637896,
       478236.53098486445,
       92
      ],
      [
       1329702.8018960329,
       478236.50112928293,
       92
      ],
      [
       1329704.0686257917,
       478236.39384603186,
       92
      ],
      [
       1329709.380294946,
       478241.47159178794,
       92
      ],
      [
       1329717.8097400314,
       478247.48699968844,
       92
      ],
      [
       1329718.536772695,
       478250.04539351456,
       92
      ],
      [
       1329716.521356788,
       478251.66710943246,
       92
      ]
     ]
    },
    "elevationFt": 92,
    "weight": "intermediate",
    "hidden": false
   }
  },
  {
   "type": "Feature",
   "geometry": {
    "type": "LineString",
    "coordinates": [
     [
      -76.93833526443174,
      38.97972942825797
     ],
     [
      -76.93833886088046,
      38.97972514584319
     ],
     [
      -76.93835070420283,
      38.97972264960216
     ],
     [
      -76.93839316721375,
      38.979721471181115
     ],
     [
      -76.93842320694337,
      38.97971947456369
     ],
     [
      -76.93844342590376,
      38.97971265697391
     ],
     [
      -76.93844797219535,
      38.97969900109866
     ],
     [
      -76.93843469059941,
      38.97968443501767
     ],
     [
      -76.93841326677044,
      38.97967254279263
     ],
     [
      -76.93840662173514,
      38.979665494862736
     ],
     [
      -76.93841990843805,
      38.97963942035033
     ]
    ]
   },
   "properties": {
    "id": "ct-8",
    "kind": "Contour",
    "sourceId": "contours",
    "reliabilityLevel": 1,
    "revision": 1,
    "engineeringGeometry": {
     "crs": "EPSG:2248",
     "crsName": "NAD83 / Maryland State Plane (US survey feet)",
     "datum": "NAD83",
     "unit": "usSurveyFoot",
     "coordinates": [
      [
       1329863.0174548682,
       478206.9755977796,
       92
      ],
      [
       1329861.9961314485,
       478205.4152334508,
       92
      ],
      [
       1329858.6299964425,
       478204.5038179469,
       92
      ],
      [
       1329846.5591544495,
       478204.0664828487,
       92
      ],
      [
       1329838.0201295295,
       478203.33354470186,
       92
      ],
      [
       1329832.2740780376,
       478200.8466730278,
       92
      ],
      [
       1329830.9850386204,
       478195.87227353867,
       92
      ],
      [
       1329834.7642305344,
       478190.569790696,
       92
      ],
      [
       1329840.8573941945,
       478186.2426996056,
       92
      ],
      [
       1329842.7481384575,
       478183.67708794615,
       92
      ],
      [
       1329838.9774767014,
       478174.17809119314,
       92
      ]
     ]
    },
    "elevationFt": 92,
    "weight": "intermediate",
    "hidden": false
   }
  },
  {
   "type": "Feature",
   "geometry": {
    "type": "LineString",
    "coordinates": [
     [
      -76.93887748447843,
      38.980364702490746
     ],
     [
      -76.93887517960765,
      38.98036077550302
     ],
     [
      -76.93887362222769,
      38.98035729030889
     ],
     [
      -76.93887574258841,
      38.98034758956196
     ],
     [
      -76.93887729151561,
      38.980339401897666
     ],
     [
      -76.93887497543598,
      38.980312217476474
     ],
     [
      -76.93887368548525,
      38.98029835134691
     ],
     [
      -76.93887423701504,
      38.980297167954774
     ],
     [
      -76.93887703828045,
      38.98029556685603
     ]
    ]
   },
   "properties": {
    "id": "ct-9",
    "kind": "Contour",
    "sourceId": "contours",
    "reliabilityLevel": 1,
    "revision": 1,
    "engineeringGeometry": {
     "crs": "EPSG:2248",
     "crsName": "NAD83 / Maryland State Plane (US survey feet)",
     "datum": "NAD83",
     "unit": "usSurveyFoot",
     "coordinates": [
      [
       1329708.7234721167,
       478438.2415394409,
       100
      ],
      [
       1329709.3796387867,
       478436.81175226474,
       100
      ],
      [
       1329709.8232074485,
       478435.54272594827,
       100
      ],
      [
       1329709.2228149471,
       478432.0092684405,
       100
      ],
      [
       1329708.7844956175,
       478429.0269909436,
       100
      ],
      [
       1329709.4495205397,
       478419.1267482803,
       100
      ],
      [
       1329709.8195985358,
       478414.07688961824,
       100
      ],
      [
       1329709.6631027895,
       478413.64578811417,
       100
      ],
      [
       1329708.8671726126,
       478413.06212785037,
       100
      ]
     ]
    },
    "elevationFt": 100,
    "weight": "index",
    "hidden": false
   }
  },
  {
   "type": "Feature",
   "geometry": {
    "type": "LineString",
    "coordinates": [
     [
      -76.9386652717994,
      38.98103112680865
     ],
     [
      -76.9386705145838,
      38.98102760464109
     ],
     [
      -76.93867970599669,
      38.9810183129766
     ],
     [
      -76.93868410966728,
      38.98100144829275
     ],
     [
      -76.93868537530314,
      38.98098452971593
     ],
     [
      -76.93868769224613,
      38.980966391076244
     ],
     [
      -76.93869467442909,
      38.98095332651022
     ],
     [
      -76.9386959618414,
      38.980951336368236
     ],
     [
      -76.93870317245303,
      38.98093032216646
     ],
     [
      -76.93871166185983,
      38.98091464600515
     ],
     [
      -76.93872147949654,
      38.98090587534051
     ],
     [
      -76.93872498180772,
      38.98090105237227
     ],
     [
      -76.93871810645028,
      38.98088788235423
     ],
     [
      -76.93871120740845,
      38.98088078206266
     ],
     [
      -76.93871173414078,
      38.98087220831391
     ],
     [
      -76.93872714382104,
      38.98084832568479
     ],
     [
      -76.93873549788974,
      38.980819564108614
     ],
     [
      -76.93873822885219,
      38.98079908264593
     ],
     [
      -76.9387411841461,
      38.98078749511728
     ],
     [
      -76.93874931086495,
      38.98076273126927
     ],
     [
      -76.93875185907828,
      38.98075076067768
     ],
     [
      -76.93875306119504,
      38.98073655263984
     ],
     [
      -76.93875985703208,
      38.98072138094878
     ],
     [
      -76.93876093417629,
      38.98071963662033
     ],
     [
      -76.93876031294594,
      38.980698512916845
     ],
     [
      -76.93875777260321,
      38.9806905879552
     ],
     [
      -76.93875941110062,
      38.98067623601403
     ],
     [
      -76.93876230019985,
      38.98066511507574
     ],
     [
      -76.9387612106954,
      38.9806543848128
     ],
     [
      -76.9387568853364,
      38.980643294328196
     ],
     [
      -76.9387566226148,
      38.980637436144214
     ],
     [
      -76.93875749717444,
      38.98062297570423
     ],
     [
      -76.93875721136283,
      38.98059967038469
     ],
     [
      -76.9387569061632,
      38.98058415176164
     ],
     [
      -76.93876008544817,
      38.980571101414164
     ],
     [
      -76.93876173731361,
      38.98056536314108
     ],
     [
      -76.9387602670453,
      38.980539751096366
     ],
     [
      -76.93875491140305,
      38.98052020765757
     ],
     [
      -76.93875219741902,
      38.98051155654191
     ],
     [
      -76.9387480764075,
      38.98048563052332
     ],
     [
      -76.93874830177987,
      38.98047317677478
     ],
     [
      -76.93874862956098,
      38.98046242383208
     ],
     [
      -76.93874202925518,
      38.98044886660478
     ],
     [
      -76.9387225121661,
      38.98043380994791
     ],
     [
      -76.93871806113478,
      38.98042796218066
     ],
     [
      -76.93871550843222,
      38.98041161272206
     ],
     [
      -76.93871375864674,
      38.98037688691137
     ],
     [
      -76.93871210282158,
      38.98035502669225
     ],
     [
      -76.938705740143,
      38.980340288609234
     ],
     [
      -76.93868709367631,
      38.98031540263047
     ],
     [
      -76.9386783589976,
      38.98029564302012
     ],
     [
      -76.93867460819057,
      38.980268732593224
     ],
     [
      -76.93867088993888,
      38.980244228279204
     ],
     [
      -76.93866974088891,
      38.98024236297469
     ],
     [
      -76.93866103559965,
      38.980232721413365
     ],
     [
      -76.93865257094266,
      38.98021303040486
     ],
     [
      -76.93865087626634,
      38.980208170480864
     ],
     [
      -76.93862948256665,
      38.9801905517857
     ],
     [
      -76.9385982309924,
      38.98017359992506
     ],
     [
      -76.93858022131135,
      38.980157173884315
     ],
     [
      -76.93856348268342,
      38.980141665545446
     ],
     [
      -76.93853719168158,
      38.9801232073967
     ],
     [
      -76.93851360403548,
      38.98010160679354
     ],
     [
      -76.93849570962776,
      38.98008939574742
     ],
     [
      -76.93848266937896,
      38.98008794306953
     ],
     [
      -76.93847934071827,
      38.98008816562339
     ],
     [
      -76.93844825966899,
      38.980087668231214
     ],
     [
      -76.9384410953651,
      38.980085818675754
     ],
     [
      -76.93843518771114,
      38.98008417967298
     ],
     [
      -76.93842513994369,
      38.980082890711834
     ],
     [
      -76.93839680887402,
      38.98007604215519
     ],
     [
      -76.93838000564949,
      38.98007123912744
     ],
     [
      -76.93835706731727,
      38.980063577257326
     ],
     [
      -76.93835005877236,
      38.98006045311495
     ],
     [
      -76.93834230171299,
      38.980056744844674
     ],
     [
      -76.93831921649021,
      38.980045460683336
     ],
     [
      -76.9383038416904,
      38.98003843246611
     ],
     [
      -76.93828242467306,
      38.98003190281656
     ],
     [
      -76.93823573968679,
      38.980022473587404
     ],
     [
      -76.93822479064312,
      38.980021098554886
     ],
     [
      -76.93820538774617,
      38.98001968572465
     ],
     [
      -76.93819164997667,
      38.980016095895316
     ],
     [
      -76.9381857549358,
      38.98001323447072
     ],
     [
      -76.93817848161275,
      38.980010684902716
     ],
     [
      -76.93817462062815,
      38.980009900047236
     ],
     [
      -76.93813676782423,
      38.97999946382362
     ]
    ]
   },
   "properties": {
    "id": "ct-10",
    "kind": "Contour",
    "sourceId": "contours",
    "reliabilityLevel": 1,
    "revision": 1,
    "engineeringGeometry": {
     "crs": "EPSG:2248",
     "crsName": "NAD83 / Maryland State Plane (US survey feet)",
     "datum": "NAD83",
     "unit": "usSurveyFoot",
     "coordinates": [
      [
       1329768.8864095313,
       478680.9966313691,
       88
      ],
      [
       1329767.3969112013,
       478679.7128412697,
       88
      ],
      [
       1329764.786352123,
       478676.32702126773,
       88
      ],
      [
       1329763.538651195,
       478670.1839889413,
       88
      ],
      [
       1329763.1830088669,
       478664.02192777715,
       88
      ],
      [
       1329762.528810705,
       478657.4153136938,
       88
      ],
      [
       1329760.547187373,
       478652.65580877126,
       88
      ],
      [
       1329760.1817025398,
       478651.93074461713,
       88
      ],
      [
       1329758.137087205,
       478644.27590428304,
       88
      ],
      [
       1329755.7276432088,
       478638.56495768763,
       88
      ],
      [
       1329752.9389348712,
       478635.36876986024,
       88
      ],
      [
       1329751.944514287,
       478633.61155552056,
       88
      ],
      [
       1329753.9021875411,
       478628.8162895235,
       88
      ],
      [
       1329755.8651101121,
       478626.23164902336,
       88
      ],
      [
       1329755.717472628,
       478623.1089518569,
       88
      ],
      [
       1329751.3428094473,
       478614.4078537749,
       88
      ],
      [
       1329748.9750320294,
       478603.9311686781,
       88
      ],
      [
       1329748.2037081223,
       478596.4712098704,
       88
      ],
      [
       1329747.366439445,
       478592.25041778275,
       88
      ],
      [
       1329745.062310202,
       478583.2297665239,
       88
      ],
      [
       1329744.3408549544,
       478578.8695390089,
       88
      ],
      [
       1329744.00260104,
       478573.6946806136,
       88
      ],
      [
       1329742.074455283,
       478568.16778877325,
       88
      ],
      [
       1329741.7686816128,
       478567.53229136363,
       88
      ],
      [
       1329741.9504397768,
       478559.83906527754,
       88
      ],
      [
       1329742.6745197002,
       478556.9532442818,
       88
      ],
      [
       1329742.2122502911,
       478551.7258925293,
       88
      ],
      [
       1329741.393682369,
       478547.6750475915,
       88
      ],
      [
       1329741.7060177021,
       478543.7672470313,
       88
      ],
      [
       1329742.9382987006,
       478539.7288692757,
       88
      ],
      [
       1329743.0144140348,
       478537.59534335946,
       88
      ],
      [
       1329742.76933579,
       478532.32862160663,
       88
      ],
      [
       1329742.8562778663,
       478523.84077768953,
       88
      ],
      [
       1329742.9468288734,
       478518.1888861099,
       88
      ],
      [
       1329742.0462401211,
       478513.43528669875,
       88
      ],
      [
       1329741.5780651998,
       478511.34506777616,
       88
      ],
      [
       1329742.0022769552,
       478502.0173305256,
       88
      ],
      [
       1329743.5295048605,
       478494.9005468547,
       88
      ],
      [
       1329744.3031253642,
       478491.7502906923,
       88
      ],
      [
       1329745.4809445427,
       478482.308708526,
       88
      ],
      [
       1329745.4199210347,
       478477.77295644477,
       88
      ],
      [
       1329745.3293700346,
       478473.8566256835,
       88
      ],
      [
       1329747.2089594605,
       478468.92028386355,
       88
      ],
      [
       1329752.7607856193,
       478463.4403079396,
       88
      ],
      [
       1329754.0275153646,
       478461.3113751945,
       88
      ],
      [
       1329754.7571726989,
       478455.35731885565,
       88
      ],
      [
       1329755.2630771985,
       478442.7103625289,
       88
      ],
      [
       1329755.7391261118,
       478434.74909235036,
       88
      ],
      [
       1329757.551458448,
       478429.3826332778,
       88
      ],
      [
       1329762.8582063753,
       478420.3226120277,
       88
      ],
      [
       1329765.3460622823,
       478413.12774452474,
       88
      ],
      [
       1329766.4188947775,
       478403.3275672823,
       88
      ],
      [
       1329767.4818847864,
       478394.4037006043,
       88
      ],
      [
       1329767.8089838768,
       478393.7245681091,
       88
      ],
      [
       1329770.2860130363,
       478390.21473261004,
       88
      ],
      [
       1329772.6970974526,
       478383.04479944386,
       88
      ],
      [
       1329773.1800361292,
       478381.27511794347,
       88
      ],
      [
       1329779.265981952,
       478374.8624011077,
       88
      ],
      [
       1329788.154087544,
       478368.69443444134,
       88
      ],
      [
       1329793.2777649672,
       478362.7154437718,
       88
      ],
      [
       1329798.0398945336,
       478357.07044193655,
       88
      ],
      [
       1329805.5182260417,
       478350.3529356916,
       88
      ],
      [
       1329812.2288425427,
       478342.49041860277,
       88
      ],
      [
       1329817.3187273731,
       478338.04652985465,
       88
      ],
      [
       1329821.0260690257,
       478337.5199561161,
       88
      ],
      [
       1329821.9722613692,
       478337.6016488618,
       88
      ],
      [
       1329830.8078736179,
       478337.42645236605,
       88
      ],
      [
       1329832.8449430312,
       478336.75420959695,
       88
      ],
      [
       1329834.5247296982,
       478336.15841026435,
       88
      ],
      [
       1329837.3813512917,
       478335.6908915263,
       88
      ],
      [
       1329845.4367813712,
       478333.2020513465,
       88
      ],
      [
       1329850.214658959,
       478331.45599185483,
       88
      ],
      [
       1329856.7372837018,
       478328.66990819405,
       88
      ],
      [
       1329858.7303899475,
       478327.533427533,
       88
      ],
      [
       1329860.9364222875,
       478326.1843488542,
       88
      ],
      [
       1329867.5016978672,
       478322.07904209924,
       88
      ],
      [
       1329871.8740644562,
       478319.52228868695,
       88
      ],
      [
       1329877.9639472798,
       478317.1482776926,
       88
      ],
      [
       1329891.2375427918,
       478313.7230876995,
       88
      ],
      [
       1329894.3503974485,
       478313.22440101526,
       88
      ],
      [
       1329899.8664625431,
       478312.7135752683,
       88
      ],
      [
       1329903.7726226996,
       478311.40878786205,
       88
      ],
      [
       1329905.449128542,
       478310.3677794263,
       88
      ],
      [
       1329907.5173658638,
       478309.440615943,
       88
      ],
      [
       1329908.6151327041,
       478309.1555115248,
       88
      ],
      [
       1329919.3782345315,
       478305.36188394483,
       88
      ]
     ]
    },
    "elevationFt": 88,
    "weight": "intermediate",
    "hidden": false
   }
  },
  {
   "type": "Feature",
   "geometry": {
    "type": "LineString",
    "coordinates": [
     [
      -76.93813676782423,
      38.97999946382362
     ],
     [
      -76.93811034148253,
      38.97999217840532
     ],
     [
      -76.9380703024108,
      38.97997290213502
     ],
     [
      -76.93806770792659,
      38.97997161708951
     ]
    ]
   },
   "properties": {
    "id": "ct-11",
    "kind": "Contour",
    "sourceId": "contours",
    "reliabilityLevel": 1,
    "revision": 1,
    "engineeringGeometry": {
     "crs": "EPSG:2248",
     "crsName": "NAD83 / Maryland State Plane (US survey feet)",
     "datum": "NAD83",
     "unit": "usSurveyFoot",
     "coordinates": [
      [
       1329919.3782345315,
       478305.36188394483,
       88
      ],
      [
       1329926.8923271135,
       478302.7135952822,
       88
      ],
      [
       1329938.2791153614,
       478295.70081401325,
       88
      ],
      [
       1329939.0169747884,
       478295.23329527833,
       88
      ]
     ]
    },
    "elevationFt": 88,
    "weight": "intermediate",
    "hidden": true
   }
  },
  {
   "type": "Feature",
   "geometry": {
    "type": "LineString",
    "coordinates": [
     [
      -76.93849319700296,
      38.98102944198848
     ],
     [
      -76.93849471417829,
      38.98102869150071
     ],
     [
      -76.93849993686445,
      38.98102038416339
     ],
     [
      -76.93850475614441,
      38.98100610146088
     ],
     [
      -76.93850624519393,
      38.9810031700679
     ],
     [
      -76.9385182055781,
      38.98098830198159
     ],
     [
      -76.93852061044646,
      38.98098735648173
     ],
     [
      -76.93855104914773,
      38.98099308008659
     ],
     [
      -76.93857024771971,
      38.980998875251224
     ],
     [
      -76.93859468521183,
      38.98100563794373
     ],
     [
      -76.93859986821859,
      38.981005860465366
     ],
     [
      -76.93860813241932,
      38.98100379111113
     ],
     [
      -76.93861394506105,
      38.98099657947803
     ],
     [
      -76.93860977664716,
      38.98098818973573
     ],
     [
      -76.93859533194409,
      38.980974349129056
     ],
     [
      -76.93858319158225,
      38.9809570262516
     ],
     [
      -76.938583285134,
      38.98093820272233
     ],
     [
      -76.9385934445889,
      38.98090378223957
     ],
     [
      -76.93859378678691,
      38.980884365198904
     ],
     [
      -76.9385914311179,
      38.980855012475466
     ],
     [
      -76.93859521617529,
      38.98084753583757
     ],
     [
      -76.93860105681708,
      38.98084264023324
     ],
     [
      -76.93860931765754,
      38.98083105369148
     ],
     [
      -76.93861685834973,
      38.98079799747773
     ],
     [
      -76.93861882926105,
      38.98079035053231
     ],
     [
      -76.93862231424872,
      38.980782862926134
     ],
     [
      -76.93862790840637,
      38.980772019963354
     ],
     [
      -76.93863492177077,
      38.98075088224887
     ],
     [
      -76.9386358894339,
      38.980734213943954
     ],
     [
      -76.93863768008727,
      38.98072011071131
     ],
     [
      -76.93864493996347,
      38.98069683006952
     ],
     [
      -76.93864601641764,
      38.98067846557331
     ],
     [
      -76.93864487051052,
      38.980664901293174
     ],
     [
      -76.93864843091852,
      38.980652915019796
     ],
     [
      -76.93865552056184,
      38.980638335328834
     ],
     [
      -76.93865803796808,
      38.98062730698283
     ],
     [
      -76.93866070450979,
      38.980610620650985
     ],
     [
      -76.93866382710591,
      38.98058702525227
     ],
     [
      -76.93866348494184,
      38.98057022744209
     ],
     [
      -76.93866185809132,
      38.98054689799741
     ],
     [
      -76.9386586338284,
      38.98052771600088
     ],
     [
      -76.93864793319915,
      38.980493749392316
     ],
     [
      -76.9386449461217,
      38.98047924999328
     ],
     [
      -76.93864341417024,
      38.98047036978546
     ],
     [
      -76.9386409377792,
      38.98046727866622
     ],
     [
      -76.93861411440712,
      38.98044367115715
     ],
     [
      -76.93860540883156,
      38.980431663132066
     ],
     [
      -76.93860245247785,
      38.980427060180425
     ],
     [
      -76.93859962350237,
      38.980421964545826
     ],
     [
      -76.93858875969208,
      38.98038991029102
     ],
     [
      -76.93857877081743,
      38.98036978608282
     ],
     [
      -76.93857177802265,
      38.980360394942124
     ],
     [
      -76.9385630482466,
      38.98034702665945
     ],
     [
      -76.93854983392656,
      38.98032387309084
     ],
     [
      -76.93853400309128,
      38.980304891654775
     ],
     [
      -76.93851231899133,
      38.98027874109876
     ],
     [
      -76.93850857648243,
      38.98027572227757
     ],
     [
      -76.93848626616249,
      38.98026643207676
     ],
     [
      -76.93844480139032,
      38.980247282201994
     ],
     [
      -76.93842626557941,
      38.980230704522796
     ],
     [
      -76.93840827320703,
      38.980219651869376
     ],
     [
      -76.93835654860824,
      38.98020824453168
     ],
     [
      -76.9383361051521,
      38.98020357740487
     ],
     [
      -76.93832741765787,
      38.98019876873925
     ],
     [
      -76.93829917350416,
      38.98017147334195
     ],
     [
      -76.93826789555995,
      38.98015175585477
     ],
     [
      -76.93825298086875,
      38.980143818043395
     ],
     [
      -76.93824585734696,
      38.98014018847281
     ],
     [
      -76.93820025109994,
      38.980127105163476
     ],
     [
      -76.938192250508,
      38.98012474438469
     ],
     [
      -76.93816261391459,
      38.98010884542123
     ],
     [
      -76.93815669440403,
      38.98010491560712
     ],
     [
      -76.93813479652361,
      38.980096584932674
     ],
     [
      -76.93812208247678,
      38.98009561432698
     ],
     [
      -76.93808548356596,
      38.98009515715843
     ],
     [
      -76.93806323726794,
      38.98009598945008
     ],
     [
      -76.9380554562739,
      38.980095929478246
     ],
     [
      -76.93803869077018,
      38.98009024001232
     ],
     [
      -76.93802574784442,
      38.98008703703739
     ],
     [
      -76.93801592662906,
      38.980090665749756
     ],
     [
      -76.93799904141027,
      38.9801005379191
     ],
     [
      -76.93795878711862,
      38.98012692958178
     ],
     [
      -76.93795166342812,
      38.980138091494446
     ],
     [
      -76.93794993132644,
      38.98014313247757
     ],
     [
      -76.93794600556876,
      38.980155758120965
     ],
     [
      -76.93794201778792,
      38.98016936382576
     ]
    ]
   },
   "properties": {
    "id": "ct-12",
    "kind": "Contour",
    "sourceId": "contours",
    "reliabilityLevel": 1,
    "revision": 1,
    "engineeringGeometry": {
     "crs": "EPSG:2248",
     "crsName": "NAD83 / Maryland State Plane (US survey feet)",
     "datum": "NAD83",
     "unit": "usSurveyFoot",
     "coordinates": [
      [
       1329817.802322203,
       478680.41592385643,
       86
      ],
      [
       1329817.3712207046,
       478680.1423023568,
       86
      ],
      [
       1329815.8886121218,
       478677.1157335996,
       86
      ],
      [
       1329814.5221450278,
       478671.9129881011,
       86
      ],
      [
       1329814.0995737007,
       478670.8450768441,
       86
      ],
      [
       1329810.7032550394,
       478665.4277648649,
       86
      ],
      [
       1329810.01985745,
       478665.08294927754,
       86
      ],
      [
       1329801.3656752845,
       478667.1616852632,
       86
      ],
      [
       1329795.9066967017,
       478669.268636444,
       86
      ],
      [
       1329788.958219781,
       478671.7269648585,
       86
      ],
      [
       1329787.4847975324,
       478671.80701718415,
       86
      ],
      [
       1329785.1360489582,
       478671.0517693566,
       86
      ],
      [
       1329783.4854616919,
       478668.42414993944,
       86
      ],
      [
       1329784.6724671992,
       478665.36936602375,
       86
      ],
      [
       1329788.7820390314,
       478660.33131835994,
       86
      ],
      [
       1329792.237412703,
       478654.02457243804,
       86
      ],
      [
       1329792.215431124,
       478647.16894310294,
       86
      ],
      [
       1329789.335843691,
       478634.63091043505,
       86
      ],
      [
       1329789.2433241997,
       478627.5590741931,
       86
      ],
      [
       1329789.9201601117,
       478616.86913494655,
       86
      ],
      [
       1329788.8460152855,
       478614.1453871019,
       86
      ],
      [
       1329787.1868978771,
       478612.36126994406,
       86
      ],
      [
       1329784.8414301223,
       478608.1398216847,
       86
      ],
      [
       1329782.7059357034,
       478596.09916336386,
       86
      ],
      [
       1329782.147537872,
       478593.31373585947,
       86
      ],
      [
       1329781.1586946973,
       478590.5860510276,
       86
      ],
      [
       1329779.5710994615,
       478586.63592769153,
       86
      ],
      [
       1329777.5825863732,
       478578.93613993766,
       86
      ],
      [
       1329777.3115895397,
       478572.8652859503,
       86
      ],
      [
       1329776.8060131222,
       478567.7284851876,
       86
      ],
      [
       1329774.7479463608,
       478559.2481871988,
       86
      ],
      [
       1329774.4464377898,
       478552.559552287,
       86
      ],
      [
       1329774.775505359,
       478547.619601526,
       86
      ],
      [
       1329773.7663210358,
       478543.2534685241,
       86
      ],
      [
       1329771.7545140327,
       478537.94212744036,
       86
      ],
      [
       1329771.0415889472,
       478533.92507511715,
       86
      ],
      [
       1329770.2876534532,
       478527.8473313548,
       86
      ],
      [
       1329769.4057654557,
       478519.2531884319,
       86
      ],
      [
       1329769.507143194,
       478513.1354185251,
       86
      ],
      [
       1329769.9753181175,
       478504.63904444664,
       86
      ],
      [
       1329770.8965761203,
       478497.6534941184,
       86
      ],
      [
       1329773.9467668661,
       478485.2847524318,
       86
      ],
      [
       1329774.799455444,
       478480.0045792668,
       86
      ],
      [
       1329775.2371186167,
       478476.7706618591,
       86
      ],
      [
       1329775.9418416158,
       478475.64533601847,
       86
      ],
      [
       1329783.572731867,
       478467.0525054359,
       86
      ],
      [
       1329786.050417198,
       478462.68079502374,
       86
      ],
      [
       1329786.8919509498,
       478461.0049453592,
       86
      ],
      [
       1329787.6973955284,
       478459.1496341015,
       86
      ],
      [
       1329790.7935179467,
       478447.4774133614,
       86
      ],
      [
       1329793.6380004608,
       478440.15000019694,
       86
      ],
      [
       1329795.628153949,
       478436.7310437674,
       86
      ],
      [
       1329798.11305712,
       478431.86392752326,
       86
      ],
      [
       1329801.8751887067,
       478423.4338262847,
       86
      ],
      [
       1329806.3801009478,
       478416.5237351019,
       86
      ],
      [
       1329812.5506922838,
       478407.00374101766,
       86
      ],
      [
       1329813.615322699,
       478405.904989937,
       86
      ],
      [
       1329819.959798201,
       478402.52573160885,
       86
      ],
      [
       1329831.7517693578,
       478395.5592101,
       86
      ],
      [
       1329837.0250527842,
       478389.5251014568,
       86
      ],
      [
       1329842.1424966145,
       478385.5031278522,
       86
      ],
      [
       1329856.849160117,
       478381.35845110606,
       86
      ],
      [
       1329862.6618125436,
       478379.66258835857,
       86
      ],
      [
       1329865.1326081157,
       478377.9129199381,
       86
      ],
      [
       1329873.168353198,
       478367.9772442708,
       86
      ],
      [
       1329882.0646608735,
       478360.80206178024,
       86
      ],
      [
       1329886.3064502897,
       478357.9139441928,
       86
      ],
      [
       1329888.332364868,
       478356.5934087705,
       86
      ],
      [
       1329901.3001867076,
       478351.83718469104,
       86
      ],
      [
       1329903.5751165235,
       478350.9789186854,
       86
      ],
      [
       1329912.003905459,
       478345.1941533706,
       86
      ],
      [
       1329913.6876291174,
       478343.7640381117,
       86
      ],
      [
       1329919.9146507822,
       478340.7341885237,
       86
      ],
      [
       1329923.5291448662,
       478340.38313935447,
       86
      ],
      [
       1329933.9333235284,
       478340.2236908595,
       86
      ],
      [
       1329940.257129788,
       478340.5311049523,
       86
      ],
      [
       1329942.4690676178,
       478340.51076378045,
       86
      ],
      [
       1329947.2364465427,
       478338.4418702689,
       86
      ],
      [
       1329950.916557281,
       478337.27783062105,
       86
      ],
      [
       1329953.707562208,
       478338.60131877306,
       86
      ],
      [
       1329958.5051247869,
       478342.2000648602,
       86
      ],
      [
       1329969.9417817008,
       478351.8197962764,
       86
      ],
      [
       1329971.964087367,
       478355.8863891966,
       86
      ],
      [
       1329972.4552281173,
       478357.7226716044,
       86
      ],
      [
       1329973.5680867839,
       478362.32174378366,
       86
      ],
      [
       1329974.6983338718,
       478367.27777058847,
       86
      ]
     ]
    },
    "elevationFt": 86,
    "weight": "intermediate",
    "hidden": false
   }
  },
  {
   "type": "Feature",
   "geometry": {
    "type": "LineString",
    "coordinates": [
     [
      -76.93887755074715,
      38.98037490163424
     ],
     [
      -76.9388808046442,
      38.98037036048841
     ],
     [
      -76.93887748447843,
      38.980364702490746
     ]
    ]
   },
   "properties": {
    "id": "ct-13",
    "kind": "Contour",
    "sourceId": "contours",
    "reliabilityLevel": 1,
    "revision": 1,
    "engineeringGeometry": {
     "crs": "EPSG:2248",
     "crsName": "NAD83 / Maryland State Plane (US survey feet)",
     "datum": "NAD83",
     "unit": "usSurveyFoot",
     "coordinates": [
      [
       1329708.7021467062,
       478441.9560989344,
       100
      ],
      [
       1329707.7782640294,
       478440.30157469306,
       100
      ],
      [
       1329708.7234721167,
       478438.2415394409,
       100
      ]
     ]
    },
    "elevationFt": 100,
    "weight": "index",
    "hidden": true
   }
  },
  {
   "type": "Feature",
   "geometry": {
    "type": "LineString",
    "coordinates": [
     [
      -76.93887755967529,
      38.980376602391225
     ],
     [
      -76.9388826471093,
      38.9803697894291
     ],
     [
      -76.93887745371624,
      38.98036020106617
     ]
    ]
   },
   "properties": {
    "id": "ct-14",
    "kind": "Contour",
    "sourceId": "contours",
    "reliabilityLevel": 1,
    "revision": 1,
    "engineeringGeometry": {
     "crs": "EPSG:2248",
     "crsName": "NAD83 / Maryland State Plane (US survey feet)",
     "datum": "NAD83",
     "unit": "usSurveyFoot",
     "coordinates": [
      [
       1329708.6991939526,
       478442.57552027574,
       102
      ],
      [
       1329707.2546430363,
       478440.09324176976,
       102
      ],
      [
       1329708.733314617,
       478436.60210703174,
       102
      ]
     ]
    },
    "elevationFt": 102,
    "weight": "intermediate",
    "hidden": true
   }
  },
  {
   "type": "Feature",
   "geometry": {
    "type": "LineString",
    "coordinates": [
     [
      -76.93887757099743,
      38.980378203158146
     ],
     [
      -76.93887763110824,
      38.980378090586804
     ],
     [
      -76.9388844976548,
      38.98036921657239
     ],
     [
      -76.93887742332421,
      38.980355268147925
     ]
    ]
   },
   "properties": {
    "id": "ct-15",
    "kind": "Contour",
    "sourceId": "contours",
    "reliabilityLevel": 1,
    "revision": 1,
    "engineeringGeometry": {
     "crs": "EPSG:2248",
     "crsName": "NAD83 / Maryland State Plane (US survey feet)",
     "datum": "NAD83",
     "unit": "usSurveyFoot",
     "coordinates": [
      [
       1329708.6955850387,
       478443.1585243495,
       104
      ],
      [
       1329708.6785247058,
       478443.11751393223,
       104
      ],
      [
       1329706.7287254448,
       478439.8842526962,
       104
      ],
      [
       1329708.7431571195,
       478434.8055226948,
       104
      ]
     ]
    },
    "elevationFt": 104,
    "weight": "intermediate",
    "hidden": true
   }
  },
  {
   "type": "Feature",
   "geometry": {
    "type": "LineString",
    "coordinates": [
     [
      -76.93887762890722,
      38.98038738346741
     ],
     [
      -76.9388766758289,
      38.98038308514667
     ],
     [
      -76.93887633691996,
      38.98037857995776
     ],
     [
      -76.93887694266614,
      38.98037742902354
     ],
     [
      -76.93887755967529,
      38.980376602391225
     ]
    ]
   },
   "properties": {
    "id": "ct-16",
    "kind": "Contour",
    "sourceId": "contours",
    "reliabilityLevel": 1,
    "revision": 1,
    "engineeringGeometry": {
     "crs": "EPSG:2248",
     "crsName": "NAD83 / Maryland State Plane (US survey feet)",
     "datum": "NAD83",
     "unit": "usSurveyFoot",
     "coordinates": [
      [
       1329708.67688429,
       478446.50202160917,
       102
      ],
      [
       1329708.948865366,
       478444.93673603266,
       102
      ],
      [
       1329709.0463061165,
       478443.2959912802,
       102
      ],
      [
       1329708.8743904503,
       478442.87670077133,
       102
      ],
      [
       1329708.6991939526,
       478442.57552027574,
       102
      ]
     ]
    },
    "elevationFt": 102,
    "weight": "intermediate",
    "hidden": false
   }
  },
  {
   "type": "Feature",
   "geometry": {
    "type": "LineString",
    "coordinates": [
     [
      -76.93887742332421,
      38.980355268147925
     ],
     [
      -76.93887677119629,
      38.98035398143302
     ],
     [
      -76.93887633816786,
      38.980352908327475
     ],
     [
      -76.9388770305829,
      38.98035028369342
     ],
     [
      -76.93887738160159,
      38.98034874437176
     ]
    ]
   },
   "properties": {
    "id": "ct-17",
    "kind": "Contour",
    "sourceId": "contours",
    "reliabilityLevel": 1,
    "revision": 1,
    "engineeringGeometry": {
     "crs": "EPSG:2248",
     "crsName": "NAD83 / Maryland State Plane (US survey feet)",
     "datum": "NAD83",
     "unit": "usSurveyFoot",
     "coordinates": [
      [
       1329708.7431571195,
       478434.8055226948,
       104
      ],
      [
       1329708.9288522894,
       478434.3370196901,
       104
      ],
      [
       1329709.0522116246,
       478433.94627244386,
       104
      ],
      [
       1329708.8560177784,
       478432.99023759685,
       104
      ],
      [
       1329708.756608528,
       478432.42954318546,
       104
      ]
     ]
    },
    "elevationFt": 104,
    "weight": "intermediate",
    "hidden": false
   }
  },
  {
   "type": "Feature",
   "geometry": {
    "type": "LineString",
    "coordinates": [
     [
      -76.93887716366307,
      38.98031488775623
     ],
     [
      -76.93887596799755,
      38.980302777378455
     ],
     [
      -76.93887556626204,
      38.98029886039358
     ],
     [
      -76.93887576158316,
      38.980298539802924
     ],
     [
      -76.93887705567418,
      38.980298162133906
     ]
    ]
   },
   "properties": {
    "id": "ct-18",
    "kind": "Contour",
    "sourceId": "contours",
    "reliabilityLevel": 1,
    "revision": 1,
    "engineeringGeometry": {
     "crs": "EPSG:2248",
     "crsName": "NAD83 / Maryland State Plane (US survey feet)",
     "datum": "NAD83",
     "unit": "usSurveyFoot",
     "coordinates": [
      [
       1329708.8268183717,
       478420.0988591834,
       104
      ],
      [
       1329709.169665453,
       478415.68843493646,
       104
      ],
      [
       1329709.284822702,
       478414.2619286125,
       104
      ],
      [
       1329709.2293766066,
       478414.1451309426,
       104
      ],
      [
       1329708.8615951932,
       478414.00733594137,
       104
      ]
     ]
    },
    "elevationFt": 104,
    "weight": "intermediate",
    "hidden": false
   }
  },
  {
   "type": "Feature",
   "geometry": {
    "type": "LineString",
    "coordinates": [
     [
      -76.93887784090823,
      38.98042008972941
     ],
     [
      -76.93887708777618,
      38.980414115083065
     ],
     [
      -76.93887725764762,
      38.980401754990574
     ],
     [
      -76.93887713343736,
      38.98039990283528
     ],
     [
      -76.93887489036022,
      38.98038851887379
     ],
     [
      -76.93887428259808,
      38.980378566272584
     ],
     [
      -76.93887549774372,
      38.98037604190303
     ],
     [
      -76.93887753735476,
      38.98037302341298
     ]
    ]
   },
   "properties": {
    "id": "ct-19",
    "kind": "Contour",
    "sourceId": "contours",
    "reliabilityLevel": 1,
    "revision": 1,
    "engineeringGeometry": {
     "crs": "EPSG:2248",
     "crsName": "NAD83 / Maryland State Plane (US survey feet)",
     "datum": "NAD83",
     "unit": "usSurveyFoot",
     "coordinates": [
      [
       1329708.6086429525,
       478458.4137432035,
       98
      ],
      [
       1329708.8241937011,
       478456.23789452977,
       98
      ],
      [
       1329708.778918201,
       478451.736263103,
       98
      ],
      [
       1329708.8146792771,
       478451.0617237789,
       98
      ],
      [
       1329709.45509796,
       478446.9160627692,
       98
      ],
      [
       1329709.6302944566,
       478443.291398106,
       98
      ],
      [
       1329709.2854788753,
       478442.37178051437,
       98
      ],
      [
       1329708.7064117913,
       478441.27204518835,
       98
      ]
     ]
    },
    "elevationFt": 98,
    "weight": "intermediate",
    "hidden": false
   }
  },
  {
   "type": "Feature",
   "geometry": {
    "type": "LineString",
    "coordinates": [
     [
      -76.93887589343836,
      38.98011792681753
     ],
     [
      -76.93887168682848,
      38.98011238005812
     ],
     [
      -76.93886618497321,
      38.98009914500448
     ]
    ]
   },
   "properties": {
    "id": "ct-20",
    "kind": "Contour",
    "sourceId": "contours",
    "reliabilityLevel": 1,
    "revision": 1,
    "engineeringGeometry": {
     "crs": "EPSG:2248",
     "crsName": "NAD83 / Maryland State Plane (US survey feet)",
     "datum": "NAD83",
     "unit": "usSurveyFoot",
     "coordinates": [
      [
       1329709.2359382843,
       478348.36507876316,
       96
      ],
      [
       1329710.4331143657,
       478346.3457258516,
       96
      ],
      [
       1329712.00036846,
       478341.52650976914,
       96
      ]
     ]
    },
    "elevationFt": 96,
    "weight": "intermediate",
    "hidden": false
   }
  },
  {
   "type": "Feature",
   "geometry": {
    "type": "LineString",
    "coordinates": [
     [
      -76.93887704740172,
      38.98029704240761
     ],
     [
      -76.93888055139826,
      38.98029558941091
     ],
     [
      -76.93888223161089,
      38.980293113027855
     ],
     [
      -76.93888104401618,
      38.98027293849386
     ],
     [
      -76.93888089763699,
      38.98027002155505
     ],
     [
      -76.93888099549471,
      38.980268958635946
     ],
     [
      -76.93888288848622,
      38.98026195393083
     ],
     [
      -76.93889437763727,
      38.98023380293402
     ],
     [
      -76.9388951097084,
      38.9802293451473
     ],
     [
      -76.93889601854711,
      38.98021255609758
     ],
     [
      -76.93889666510898,
      38.98019745324993
     ],
     [
      -76.93889636935388,
      38.98018972944567
     ],
     [
      -76.93889496482109,
      38.98016412734411
     ],
     [
      -76.93889140650802,
      38.9801481791298
     ],
     [
      -76.9388850954941,
      38.98013373475089
     ],
     [
      -76.93888436669393,
      38.9801303427744
     ],
     [
      -76.93888319294123,
      38.980119598054145
     ],
     [
      -76.93888251226183,
      38.98011661687769
     ],
     [
      -76.93888103414896,
      38.98008934641433
     ],
     [
      -76.93887983306072,
      38.98008625236304
     ],
     [
      -76.93887939212507,
      38.98008498107243
     ],
     [
      -76.93888119627454,
      38.98006314157981
     ],
     [
      -76.93888074230313,
      38.980058230960495
     ],
     [
      -76.93887369697865,
      38.98003606885277
     ],
     [
      -76.93886419607621,
      38.98002961399946
     ],
     [
      -76.93886305595629,
      38.98002944494973
     ],
     [
      -76.93885640647112,
      38.98002480223904
     ],
     [
      -76.9388736590875,
      38.979971266381895
     ],
     [
      -76.93890125804107,
      38.97996379046585
     ],
     [
      -76.93892168795252,
      38.97996537217077
     ],
     [
      -76.9389321645152,
      38.97997535604974
     ],
     [
      -76.93893848228244,
      38.97998460809052
     ],
     [
      -76.93894419141617,
      38.97998761261082
     ],
     [
      -76.93894821565863,
      38.979990483830456
     ],
     [
      -76.93895971338478,
      38.97999939445984
     ],
     [
      -76.93896649159171,
      38.980000629421205
     ],
     [
      -76.93896940217763,
      38.98000073363381
     ],
     [
      -76.93897840758834,
      38.980002244507496
     ],
     [
      -76.93898277151176,
      38.98000333677921
     ],
     [
      -76.93898412483011,
      38.980003870771995
     ],
     [
      -76.93899677234154,
      38.98000975703642
     ],
     [
      -76.93900156059006,
      38.980011304443956
     ],
     [
      -76.93900167943823,
      38.98001133423309
     ]
    ]
   },
   "properties": {
    "id": "ct-21",
    "kind": "Contour",
    "sourceId": "contours",
    "reliabilityLevel": 1,
    "revision": 1,
    "engineeringGeometry": {
     "crs": "EPSG:2248",
     "crsName": "NAD83 / Maryland State Plane (US survey feet)",
     "datum": "NAD83",
     "unit": "usSurveyFoot",
     "coordinates": [
      [
       1329708.8642198746,
       478413.5995283633,
       102
      ],
      [
       1329707.8684869504,
       478413.06967377866,
       102
      ],
      [
       1329707.3914537886,
       478412.1674446138,
       102
      ],
      [
       1329707.7339727895,
       478404.82001836336,
       102
      ],
      [
       1329707.77629554,
       478403.7576845319,
       102
      ],
      [
       1329707.748736524,
       478403.370546184,
       102
      ],
      [
       1329707.2123202824,
       478400.81904211146,
       102
      ],
      [
       1329703.9531404562,
       478390.56414137146,
       102
      ],
      [
       1329703.7461198706,
       478388.9404569386,
       102
      ],
      [
       1329703.4918552928,
       478382.8256397828,
       102
      ],
      [
       1329703.3117375353,
       478377.32499460434,
       102
      ],
      [
       1329703.3976953756,
       478374.51200811623,
       102
      ],
      [
       1329703.8032063656,
       478365.1878797854,
       102
      ],
      [
       1329704.8186242844,
       478359.3801486121,
       102
      ],
      [
       1329706.6161928806,
       478354.12064468034,
       102
      ],
      [
       1329706.82419771,
       478352.88541095395,
       102
      ],
      [
       1329707.1604831207,
       478348.97236101737,
       102
      ],
      [
       1329707.3547084387,
       478347.8867332783,
       102
      ],
      [
       1329707.7815448632,
       478337.9549946165,
       102
      ],
      [
       1329708.1237357827,
       478336.8283564357,
       102
      ],
      [
       1329708.2493917022,
       478336.3654308535,
       102
      ],
      [
       1329707.741846781,
       478328.4110504316,
       102
      ],
      [
       1329707.8720958624,
       478326.62266818545,
       102
      ],
      [
       1329709.8802939446,
       478318.55247435725,
       102
      ],
      [
       1329712.5827163723,
       478316.2033976905,
       102
      ],
      [
       1329712.9068627036,
       478316.1420461045,
       102
      ],
      [
       1329714.7982631174,
       478314.45241694804,
       102
      ],
      [
       1329709.90686871,
       478294.951143599,
       102
      ],
      [
       1329702.0630523665,
       478292.2231306935,
       102
      ],
      [
       1329696.2549931232,
       478292.79530802346,
       102
      ],
      [
       1329693.2743560344,
       478296.4294871085,
       102
      ],
      [
       1329691.476131285,
       478299.79791868664,
       102
      ],
      [
       1329689.8524468732,
       478300.891092354,
       102
      ],
      [
       1329688.707764115,
       478301.9360377678,
       102
      ],
      [
       1329685.4371013597,
       478305.17914152995,
       102
      ],
      [
       1329683.5099398587,
       478305.62763143034,
       102
      ],
      [
       1329682.682513693,
       478305.6650329371,
       102
      ],
      [
       1329680.122151371,
       478306.2135882705,
       102
      ],
      [
       1329678.8813401994,
       478306.61056910775,
       102
      ],
      [
       1329678.4964984478,
       478306.8047944381,
       102
      ],
      [
       1329674.899720872,
       478308.9461943715,
       102
      ],
      [
       1329673.5381750294,
       478309.50885727955,
       102
      ],
      [
       1329673.504382464,
       478309.51968403254,
       102
      ]
     ]
    },
    "elevationFt": 102,
    "weight": "intermediate",
    "hidden": true
   }
  },
  {
   "type": "Feature",
   "geometry": {
    "type": "LineString",
    "coordinates": [
     [
      -76.93880783904832,
      38.981051507817185
     ],
     [
      -76.93881572246958,
      38.9810453079799
     ],
     [
      -76.93882970003368,
      38.98103737454452
     ],
     [
      -76.93884860518139,
      38.981026048485596
     ],
     [
      -76.93885449297113,
      38.981024039127306
     ],
     [
      -76.93887567741633,
      38.98101821377433
     ],
     [
      -76.93888623477912,
      38.98101086497989
     ],
     [
      -76.9388893681321,
      38.98099080891271
     ],
     [
      -76.9388881963164,
      38.9809750970625
     ],
     [
      -76.93889992089153,
      38.98095113681651
     ],
     [
      -76.93890734458235,
      38.98094267386769
     ],
     [
      -76.9389130388861,
      38.98092940953417
     ],
     [
      -76.93890846313012,
      38.9809155227733
     ],
     [
      -76.9389049803479,
      38.98090565965459
     ],
     [
      -76.93890566345368,
      38.980889668617515
     ],
     [
      -76.9389070506326,
      38.980884381516354
     ],
     [
      -76.93891512393724,
      38.98086398031094
     ],
     [
      -76.93891617343441,
      38.98086082708086
     ],
     [
      -76.93892091908202,
      38.98084212488907
     ],
     [
      -76.93892180776304,
      38.980838082463556
     ],
     [
      -76.93892924880593,
      38.98079185255508
     ],
     [
      -76.93892948297172,
      38.980790648278195
     ],
     [
      -76.93893039363171,
      38.98078654550899
     ],
     [
      -76.93893913514854,
      38.980747300352384
     ],
     [
      -76.93893932249276,
      38.980746861749815
     ],
     [
      -76.93894643627905,
      38.98073637358822
     ],
     [
      -76.93894696233535,
      38.98073528927298
     ],
     [
      -76.93894729806289,
      38.980734085949905
     ],
     [
      -76.93895189310213,
      38.98070929682258
     ],
     [
      -76.93895194318429,
      38.98070607190552
     ],
     [
      -76.93894811619714,
      38.98069249451833
     ],
     [
      -76.93894176532277,
      38.98067601066203
     ],
     [
      -76.93894021843242,
      38.98067104722531
     ],
     [
      -76.93893433720794,
      38.98064657962709
     ],
     [
      -76.93893351263019,
      38.98064450820644
     ],
     [
      -76.9389224019742,
      38.98062150441537
     ],
     [
      -76.93892228295158,
      38.980616291295476
     ],
     [
      -76.93892212254804,
      38.98061492196202
     ],
     [
      -76.93892046928289,
      38.98060884325157
     ],
     [
      -76.93891999391188,
      38.980607347638575
     ],
     [
      -76.93891551401643,
      38.98059475000358
     ],
     [
      -76.93891430142426,
      38.980586215882035
     ],
     [
      -76.93891415493492,
      38.980583425058434
     ],
     [
      -76.93890935854364,
      38.980553641372694
     ],
     [
      -76.9389094604143,
      38.98055193616955
     ],
     [
      -76.93890955165534,
      38.980550513819026
     ],
     [
      -76.93890816424084,
      38.9805480070071
     ],
     [
      -76.93890743504933,
      38.98054641127014
     ],
     [
      -76.9388998485617,
      38.98051731345364
     ],
     [
      -76.93889901272571,
      38.98051491502837
     ],
     [
      -76.93889650628469,
      38.98051051320271
     ],
     [
      -76.93888873112543,
      38.98049283140609
     ],
     [
      -76.93888802505859,
      38.9804884962809
     ],
     [
      -76.93888783429821,
      38.98048619007646
     ],
     [
      -76.93888199213569,
      38.98046062349198
     ],
     [
      -76.93888119507211,
      38.98045473530168
     ],
     [
      -76.93888097414528,
      38.98045126972332
     ],
     [
      -76.93888001527993,
      38.98044968017191
     ],
     [
      -76.93886921330933,
      38.98043417948414
     ],
     [
      -76.93886951411923,
      38.98042793784448
     ],
     [
      -76.93887019343921,
      38.98042443490204
     ],
     [
      -76.93887219952332,
      38.980399960611756
     ],
     [
      -76.9388721766944,
      38.98039966513012
     ],
     [
      -76.93887187253968,
      38.98039769847637
     ],
     [
      -76.93887119880631,
      38.9803785466444
     ],
     [
      -76.93887295615882,
      38.98037359934661
     ],
     [
      -76.93887340707909,
      38.98037265101652
     ],
     [
      -76.938872572135,
      38.98037190650099
     ],
     [
      -76.93886818225818,
      38.98036606507708
     ],
     [
      -76.93887256061743,
      38.98034093712864
     ],
     [
      -76.93887273236983,
      38.980339838215336
     ],
     [
      -76.93887250508011,
      38.9803357186366
     ],
     [
      -76.93886992277919,
      38.98029733145118
     ],
     [
      -76.93887009577244,
      38.9802934408905
     ],
     [
      -76.93887023590452,
      38.98029287704901
     ],
     [
      -76.93887332760372,
      38.980283674964376
     ],
     [
      -76.93887332674214,
      38.98028198862478
     ],
     [
      -76.93887217212946,
      38.98027180242455
     ],
     [
      -76.93887281950273,
      38.98026786797152
     ],
     [
      -76.93887670827408,
      38.98024435854413
     ]
    ]
   },
   "properties": {
    "id": "ct-22",
    "kind": "Contour",
    "sourceId": "contours",
    "reliabilityLevel": 1,
    "revision": 1,
    "engineeringGeometry": {
     "crs": "EPSG:2248",
     "crsName": "NAD83 / Maryland State Plane (US survey feet)",
     "datum": "NAD83",
     "unit": "usSurveyFoot",
     "coordinates": [
      [
       1329728.3540102858,
       478688.39228586707,
       92
      ],
      [
       1329726.114513455,
       478686.132775951,
       92
      ],
      [
       1329722.1430647066,
       478683.24072135193,
       92
      ],
      [
       1329716.7716843616,
       478679.1121206985,
       92
      ],
      [
       1329715.098459373,
       478678.379182518,
       92
      ],
      [
       1329709.0778021151,
       478676.25353060366,
       92
      ],
      [
       1329706.0784642883,
       478673.57505827985,
       92
      ],
      [
       1329705.1926392855,
       478666.2699547778,
       92
      ],
      [
       1329705.529580872,
       478660.5478533588,
       92
      ],
      [
       1329702.202487776,
       478651.8191962747,
       92
      ],
      [
       1329700.0942242928,
       478648.735541032,
       92
      ],
      [
       1329698.4787419587,
       478643.90352969064,
       92
      ],
      [
       1329699.7828731996,
       478638.84678128414,
       92
      ],
      [
       1329700.77532528,
       478635.25525303336,
       92
      ],
      [
       1329700.585036948,
       478629.4311176938,
       92
      ],
      [
       1329700.1919931113,
       478627.5052685139,
       92
      ],
      [
       1329697.9019714568,
       478620.0735248617,
       92
      ],
      [
       1329697.604399873,
       478618.92490510433,
       92
      ],
      [
       1329696.2599143686,
       478612.112582769,
       92
      ],
      [
       1329696.0082744441,
       478610.64014477393,
       92
      ],
      [
       1329693.9042760395,
       478593.8015957663,
       92
      ],
      [
       1329693.8380032037,
       478593.3629483523,
       92
      ],
      [
       1329693.5801297002,
       478591.86852878064,
       92
      ],
      [
       1329691.104740941,
       478577.5736098589,
       92
      ],
      [
       1329691.0515914538,
       478577.4138332751,
       92
      ],
      [
       1329689.0319104472,
       478573.5926466961,
       92
      ],
      [
       1329688.8826325387,
       478573.1976343585,
       92
      ],
      [
       1329688.787488373,
       478572.7593150334,
       92
      ],
      [
       1329687.4872941189,
       478563.7301336009,
       92
      ],
      [
       1329687.47384271,
       478562.5555952767,
       92
      ],
      [
       1329688.5650478734,
       478557.6113794427,
       92
      ],
      [
       1329690.3744274506,
       478551.6090948563,
       92
      ],
      [
       1329690.8153714463,
       478549.80168377556,
       92
      ],
      [
       1329692.493189619,
       478540.8915966169,
       92
      ],
      [
       1329692.7280972882,
       478540.1373330285,
       92
      ],
      [
       1329695.8921329495,
       478531.76136552135,
       92
      ],
      [
       1329695.9272378685,
       478529.8627472853,
       92
      ],
      [
       1329695.9731695368,
       478529.36406060716,
       92
      ],
      [
       1329696.4446252915,
       478527.1504823469,
       92
      ],
      [
       1329696.5801237023,
       478526.6058640251,
       92
      ],
      [
       1329697.8566959498,
       478522.0186028655,
       92
      ],
      [
       1329698.203480035,
       478518.9106694515,
       92
      ],
      [
       1329698.2458027923,
       478517.8942672698,
       92
      ],
      [
       1329699.6165349393,
       478507.04783226724,
       92
      ],
      [
       1329699.5879917,
       478506.42677051807,
       92
      ],
      [
       1329699.5624012062,
       478505.90872693784,
       92
      ],
      [
       1329699.9574135365,
       478504.99599911197,
       92
      ],
      [
       1329700.1650902885,
       478504.41496351955,
       92
      ],
      [
       1329702.3287998769,
       478493.8188560936,
       92
      ],
      [
       1329702.5669883618,
       478492.9454982589,
       92
      ],
      [
       1329703.2805696232,
       478491.34281120007,
       92
      ],
      [
       1329705.495132111,
       478484.9045038589,
       92
      ],
      [
       1329705.6969033717,
       478483.3257668641,
       92
      ],
      [
       1329705.7516932925,
       478482.4858735367,
       92
      ],
      [
       1329707.4186847028,
       478473.1755246916,
       92
      ],
      [
       1329707.6467026132,
       478471.0311720163,
       92
      ],
      [
       1329707.7103507803,
       478469.76903544116,
       92
      ],
      [
       1329707.9833161174,
       478469.19029643736,
       92
      ],
      [
       1329711.057785033,
       478463.546935019,
       92
      ],
      [
       1329710.9737956892,
       478461.2736456111,
       92
      ],
      [
       1329710.7815388744,
       478459.9977295197,
       92
      ],
      [
       1329710.2172355328,
       478451.0837053646,
       92
      ],
      [
       1329710.2237971998,
       478450.97609401855,
       92
      ],
      [
       1329710.310739292,
       478450.25988812075,
       92
      ],
      [
       1329710.5069331215,
       478443.2848364352,
       92
      ],
      [
       1329710.0085745293,
       478441.48267469724,
       92
      ],
      [
       1329709.8806220447,
       478441.1372029505,
       92
      ],
      [
       1329710.1181543765,
       478440.86620611,
       92
      ],
      [
       1329711.3674956993,
       478438.73956994433,
       92
      ],
      [
       1329710.1289811158,
       478429.58702918334,
       92
      ],
      [
       1329710.0804247838,
       478429.1867675275,
       92
      ],
      [
       1329710.1460414482,
       478427.6864424353,
       92
      ],
      [
       1329710.8894782837,
       478413.70615543664,
       92
      ],
      [
       1329710.8412500361,
       478412.2891635254,
       92
      ],
      [
       1329710.801551953,
       478412.0837833501,
       92
      ],
      [
       1329709.9249132848,
       478408.7317559322,
       92
      ],
      [
       1329709.925569455,
       478408.1175839366,
       92
      ],
      [
       1329710.2562774548,
       478404.4079456787,
       92
      ],
      [
       1329710.0732069612,
       478402.9748776931,
       92
      ],
      [
       1329708.9734716262,
       478394.4119027042,
       92
      ]
     ]
    },
    "elevationFt": 92,
    "weight": "intermediate",
    "hidden": false
   }
  },
  {
   "type": "Feature",
   "geometry": {
    "type": "LineString",
    "coordinates": [
     [
      -76.93866675356585,
      38.97982860203476
     ],
     [
      -76.93865514304245,
      38.97983281629796
     ],
     [
      -76.93863945653261,
      38.979833960220866
     ],
     [
      -76.9386347618443,
      38.9798323461867
     ]
    ]
   },
   "properties": {
    "id": "ct-23",
    "kind": "Contour",
    "sourceId": "contours",
    "reliabilityLevel": 1,
    "revision": 1,
    "engineeringGeometry": {
     "crs": "EPSG:2248",
     "crsName": "NAD83 / Maryland State Plane (US survey feet)",
     "datum": "NAD83",
     "unit": "usSurveyFoot",
     "coordinates": [
      [
       1329768.7594412863,
       478243.0316280156,
       94
      ],
      [
       1329772.0589753713,
       478244.5686984367,
       94
      ],
      [
       1329776.5179559588,
       478244.9883170131,
       94
      ],
      [
       1329777.8529270445,
       478244.4013759429,
       94
      ]
     ]
    },
    "elevationFt": 94,
    "weight": "intermediate",
    "hidden": true
   }
  },
  {
   "type": "Feature",
   "geometry": {
    "type": "LineString",
    "coordinates": [
     [
      -76.93862271990962,
      38.97982289654772
     ],
     [
      -76.93860156613985,
      38.97980556533428
     ],
     [
      -76.93860267004071,
      38.9797941876273
     ],
     [
      -76.93863223032106,
      38.979790112507395
     ],
     [
      -76.93866194265347,
      38.97979441510719
     ],
     [
      -76.93867918313525,
      38.979810067827835
     ],
     [
      -76.93867956910199,
      38.9798229047479
     ],
     [
      -76.9386784876165,
      38.9798243427941
     ],
     [
      -76.93866675356585,
      38.97982860203476
     ]
    ]
   },
   "properties": {
    "id": "ct-24",
    "kind": "Contour",
    "sourceId": "contours",
    "reliabilityLevel": 1,
    "revision": 1,
    "engineeringGeometry": {
     "crs": "EPSG:2248",
     "crsName": "NAD83 / Maryland State Plane (US survey feet)",
     "datum": "NAD83",
     "unit": "usSurveyFoot",
     "coordinates": [
      [
       1329781.2784451323,
       478240.9620783538,
       94
      ],
      [
       1329787.2961496264,
       478234.65402011294,
       94
      ],
      [
       1329786.9851266134,
       478230.5099995293,
       94
      ],
      [
       1329778.5829124588,
       478229.0201731043,
       94
      ],
      [
       1329770.1354227818,
       478230.5815216875,
       94
      ],
      [
       1329765.2305769469,
       478236.27901686775,
       94
      ],
      [
       1329765.1177162817,
       478240.9542043549,
       94
      ],
      [
       1329765.4248022852,
       478241.4781534465,
       94
      ],
      [
       1329768.7594412863,
       478243.0316280156,
       94
      ]
     ]
    },
    "elevationFt": 94,
    "weight": "intermediate",
    "hidden": false
   }
  },
  {
   "type": "Feature",
   "geometry": {
    "type": "LineString",
    "coordinates": [
     [
      -76.93806770792659,
      38.97997161708951
     ],
     [
      -76.9380363572377,
      38.97995609643194
     ],
     [
      -76.9379955587665,
      38.979963384081756
     ],
     [
      -76.93795692078922,
      38.97997729660963
     ],
     [
      -76.9379309727917,
      38.9799906186148
     ]
    ]
   },
   "properties": {
    "id": "ct-25",
    "kind": "Contour",
    "sourceId": "contours",
    "reliabilityLevel": 1,
    "revision": 1,
    "engineeringGeometry": {
     "crs": "EPSG:2248",
     "crsName": "NAD83 / Maryland State Plane (US survey feet)",
     "datum": "NAD83",
     "unit": "usSurveyFoot",
     "coordinates": [
      [
       1329939.0169747884,
       478295.23329527833,
       88
      ],
      [
       1329947.9329674514,
       478289.5866530231,
       88
      ],
      [
       1329959.5290728605,
       478292.2487211928,
       88
      ],
      [
       1329970.5093658702,
       478297.323186112,
       88
      ],
      [
       1329977.8823826155,
       478302.1801317718,
       88
      ]
     ]
    },
    "elevationFt": 88,
    "weight": "intermediate",
    "hidden": false
   }
  },
  {
   "type": "Feature",
   "geometry": {
    "type": "LineString",
    "coordinates": [
     [
      -76.93887753735476,
      38.98037302341298
     ],
     [
      -76.9388789494814,
      38.98037093424349
     ],
     [
      -76.9388775098896,
      38.98036871476608
     ]
    ]
   },
   "properties": {
    "id": "ct-26",
    "kind": "Contour",
    "sourceId": "contours",
    "reliabilityLevel": 1,
    "revision": 1,
    "engineeringGeometry": {
     "crs": "EPSG:2248",
     "crsName": "NAD83 / Maryland State Plane (US survey feet)",
     "datum": "NAD83",
     "unit": "usSurveyFoot",
     "coordinates": [
      [
       1329708.7064117913,
       478441.27204518835,
       98
      ],
      [
       1329708.3054939478,
       478440.51089186774,
       98
      ],
      [
       1329708.7152700361,
       478439.7028226032,
       98
      ]
     ]
    },
    "elevationFt": 98,
    "weight": "intermediate",
    "hidden": true
   }
  },
  {
   "type": "Feature",
   "geometry": {
    "type": "LineString",
    "coordinates": [
     [
      -76.93887758723244,
      38.98038080384032
     ],
     [
      -76.9388775205408,
      38.98038051554236
     ],
     [
      -76.93887736638912,
      38.980378586801514
     ],
     [
      -76.93887757099743,
      38.980378203158146
     ]
    ]
   },
   "properties": {
    "id": "ct-27",
    "kind": "Contour",
    "sourceId": "contours",
    "reliabilityLevel": 1,
    "revision": 1,
    "engineeringGeometry": {
     "crs": "EPSG:2248",
     "crsName": "NAD83 / Maryland State Plane (US survey feet)",
     "datum": "NAD83",
     "unit": "usSurveyFoot",
     "coordinates": [
      [
       1329708.6903357056,
       478444.10570093413,
       104
      ],
      [
       1329708.7093645346,
       478444.0007142655,
       104
      ],
      [
       1329708.7536557824,
       478443.2982878627,
       104
      ],
      [
       1329708.6955850387,
       478443.1585243495,
       104
      ]
     ]
    },
    "elevationFt": 104,
    "weight": "intermediate",
    "hidden": false
   }
  },
  {
   "type": "Feature",
   "geometry": {
    "type": "LineString",
    "coordinates": [
     [
      -76.93887670827408,
      38.98024435854413
     ],
     [
      -76.93887839742938,
      38.98023414680535
     ],
     [
      -76.93887931609987,
      38.98023011880851
     ],
     [
      -76.93887938572088,
      38.98022968284687
     ],
     [
      -76.93887938590277,
      38.980228125325375
     ],
     [
      -76.93887862695308,
      38.980192608210935
     ],
     [
      -76.93887832348787,
      38.980173693488
     ],
     [
      -76.93887826912072,
      38.98017114683517
     ],
     [
      -76.93887681917263,
      38.98013660675133
     ],
     [
      -76.93887672693032,
      38.980135159982595
     ],
     [
      -76.93887625611224,
      38.98012163479143
     ],
     [
      -76.93887591174268,
      38.98012080585501
     ]
    ]
   },
   "properties": {
    "id": "ct-28",
    "kind": "Contour",
    "sourceId": "contours",
    "reliabilityLevel": 1,
    "revision": 1,
    "engineeringGeometry": {
     "crs": "EPSG:2248",
     "crsName": "NAD83 / Maryland State Plane (US survey feet)",
     "datum": "NAD83",
     "unit": "usSurveyFoot",
     "coordinates": [
      [
       1329708.9734716262,
       478394.4119027042,
       92
      ],
      [
       1329708.4957822778,
       478390.6924219416,
       92
      ],
      [
       1329708.2356121927,
       478389.2252332832,
       92
      ],
      [
       1329708.2159271967,
       478389.0664409293,
       92
      ],
      [
       1329708.2162552907,
       478388.49918485933,
       92
      ],
      [
       1329708.4406642856,
       478375.56384327443,
       92
      ],
      [
       1329708.5315433727,
       478368.67507751787,
       92
      ],
      [
       1329708.5476194462,
       478367.74758594565,
       92
      ],
      [
       1329708.9682222896,
       478355.1682147777,
       92
      ],
      [
       1329708.9947970393,
       478354.64131293807,
       92
      ],
      [
       1329709.131935864,
       478349.7154697731,
       92
      ],
      [
       1329709.2300327863,
       478349.4136331089,
       92
      ]
     ]
    },
    "elevationFt": 92,
    "weight": "intermediate",
    "hidden": true
   }
  },
  {
   "type": "Feature",
   "geometry": {
    "type": "LineString",
    "coordinates": [
     [
      -76.93887701483524,
      38.980291953645924
     ],
     [
      -76.93887833538653,
      38.980288983424394
     ],
     [
      -76.93887781154221,
      38.9802767283653
     ],
     [
      -76.9388774173608,
      38.98027073228662
     ],
     [
      -76.93887761777701,
      38.980268508261325
     ],
     [
      -76.93888138917436,
      38.98025266657108
     ],
     [
      -76.938888356715,
      38.980232329646284
     ],
     [
      -76.93888881157262,
      38.98022948058324
     ],
     [
      -76.93888912177627,
      38.9802190113895
     ],
     [
      -76.93888944315388,
      38.98019551360966
     ],
     [
      -76.93888905551877,
      38.98018322979528
     ],
     [
      -76.93888834703922,
      38.98016690922877
     ],
     [
      -76.93888505857174,
      38.98014314291907
     ],
     [
      -76.93888233329083,
      38.9801342053384
     ],
     [
      -76.9388811900305,
      38.980126931502205
     ],
     [
      -76.93887916004675,
      38.98012008058904
     ],
     [
      -76.93887586994536,
      38.98011436945823
     ]
    ]
   },
   "properties": {
    "id": "ct-29",
    "kind": "Contour",
    "sourceId": "contours",
    "reliabilityLevel": 1,
    "revision": 1,
    "engineeringGeometry": {
     "crs": "EPSG:2248",
     "crsName": "NAD83 / Maryland State Plane (US survey feet)",
     "datum": "NAD83",
     "unit": "usSurveyFoot",
     "coordinates": [
      [
       1329708.874718529,
       478411.7461856114,
       98
      ],
      [
       1329708.5000473682,
       478410.66416677367,
       98
      ],
      [
       1329708.6519499563,
       478406.20092111116,
       98
      ],
      [
       1329708.7654667974,
       478404.01719843247,
       98
      ],
      [
       1329708.7090364485,
       478403.20716068655,
       98
      ],
      [
       1329707.6407971177,
       478397.436831017,
       98
      ],
      [
       1329705.6650792826,
       478390.02870936133,
       98
      ],
      [
       1329705.5364706195,
       478388.99098176556,
       98
      ],
      [
       1329705.450840874,
       478385.1779972773,
       98
      ],
      [
       1329705.365211111,
       478376.6199435148,
       98
      ],
      [
       1329705.4783998693,
       478372.1461991974,
       98
      ],
      [
       1329705.6837800425,
       478366.2023134521,
       98
      ],
      [
       1329706.6243949512,
       478357.54714702896,
       98
      ],
      [
       1329707.4012962852,
       478354.2925603666,
       98
      ],
      [
       1329707.7280672926,
       478351.64361552626,
       98
      ],
      [
       1329708.306806278,
       478349.1488698503,
       98
      ],
      [
       1329709.2434841942,
       478347.0694776838,
       98
      ]
     ]
    },
    "elevationFt": 98,
    "weight": "intermediate",
    "hidden": true
   }
  },
  {
   "type": "Feature",
   "geometry": {
    "type": "LineString",
    "coordinates": [
     [
      -76.93887586994536,
      38.98011436945823
     ],
     [
      -76.93887560835068,
      38.98011391530715
     ],
     [
      -76.93887199643072,
      38.98009992364997
     ]
    ]
   },
   "properties": {
    "id": "ct-30",
    "kind": "Contour",
    "sourceId": "contours",
    "reliabilityLevel": 1,
    "revision": 1,
    "engineeringGeometry": {
     "crs": "EPSG:2248",
     "crsName": "NAD83 / Maryland State Plane (US survey feet)",
     "datum": "NAD83",
     "unit": "usSurveyFoot",
     "coordinates": [
      [
       1329709.2434841942,
       478347.0694776838,
       98
      ],
      [
       1329709.3179591123,
       478346.9041236989,
       98
      ],
      [
       1329710.3481407873,
       478341.80898952205,
       98
      ]
     ]
    },
    "elevationFt": 98,
    "weight": "intermediate",
    "hidden": false
   }
  },
  {
   "type": "Feature",
   "geometry": {
    "type": "LineString",
    "coordinates": [
     [
      -76.93887590353908,
      38.9801196059555
     ],
     [
      -76.93886703961068,
      38.98011056157156
     ],
     [
      -76.93886153612266,
      38.98010192071025
     ],
     [
      -76.93885922991939,
      38.98009821262111
     ]
    ]
   },
   "properties": {
    "id": "ct-31",
    "kind": "Contour",
    "sourceId": "contours",
    "reliabilityLevel": 1,
    "revision": 1,
    "engineeringGeometry": {
     "crs": "EPSG:2248",
     "crsName": "NAD83 / Maryland State Plane (US survey feet)",
     "datum": "NAD83",
     "unit": "usSurveyFoot",
     "coordinates": [
      [
       1329709.2326574496,
       478348.97662610875,
       94
      ],
      [
       1329711.7546340392,
       478345.6843098752,
       94
      ],
      [
       1329713.3212319617,
       478342.5383187767,
       94
      ],
      [
       1329713.9777266954,
       478341.1882558526,
       94
      ]
     ]
    },
    "elevationFt": 94,
    "weight": "intermediate",
    "hidden": false
   }
  },
  {
   "type": "Feature",
   "geometry": {
    "type": "LineString",
    "coordinates": [
     [
      -76.93887703828045,
      38.98029556685603
     ],
     [
      -76.93887811906508,
      38.98029494945687
     ],
     [
      -76.93888025178897,
      38.98029101487915
     ],
     [
      -76.93887942084721,
      38.980274841983814
     ],
     [
      -76.93887915115015,
      38.980270378268756
     ],
     [
      -76.93887931413684,
      38.980268734353395
     ],
     [
      -76.93888216752899,
      38.980257489980026
     ],
     [
      -76.93889136256045,
      38.98023306538695
     ],
     [
      -76.93889196237171,
      38.980229412866215
     ],
     [
      -76.93889251760709,
      38.98021583326137
     ],
     [
      -76.93889306278531,
      38.98019648568645
     ],
     [
      -76.9388927078232,
      38.98018647556442
     ],
     [
      -76.93889167555717,
      38.98016551018931
     ],
     [
      -76.93888810336725,
      38.98014555781285
     ],
     [
      -76.9388837980782,
      38.980133955675235
     ],
     [
      -76.9388827812448,
      38.98012864029266
     ],
     [
      -76.93888100220478,
      38.9801198599495
     ],
     [
      -76.93887916183392,
      38.98011530623208
     ],
     [
      -76.93887593590924,
      38.98009263445365
     ],
     [
      -76.93887412071427,
      38.98008833207878
     ],
     [
      -76.93887344016258,
      38.98008654809504
     ],
     [
      -76.93887316019561,
      38.98006984129932
     ],
     [
      -76.93887140913279,
      38.98006343013295
     ],
     [
      -76.93886290894119,
      38.98004744690484
     ],
     [
      -76.93884752337809,
      38.98003944946872
     ],
     [
      -76.93884582703309,
      38.98003921256634
     ],
     [
      -76.93883605177692,
      38.98003238102362
     ],
     [
      -76.93886142329733,
      38.97995364080363
     ],
     [
      -76.93890192489745,
      38.97994520504913
     ],
     [
      -76.93891888601418,
      38.979948926196975
     ],
     [
      -76.9389354512238,
      38.97996617027951
     ],
     [
      -76.93894259073112,
      38.97998214288322
     ],
     [
      -76.9389461482368,
      38.97998556786497
     ],
     [
      -76.93895130852756,
      38.979990665609385
     ],
     [
      -76.93896005625938,
      38.97999792719929
     ],
     [
      -76.93896567581972,
      38.97999906426725
     ],
     [
      -76.93896976924908,
      38.97999931232782
     ],
     [
      -76.93897721557363,
      38.98000068095895
     ],
     [
      -76.93898338176376,
      38.98000230925936
     ],
     [
      -76.93898529235305,
      38.980003037219674
     ],
     [
      -76.93899551981465,
      38.98000742685673
     ],
     [
      -76.93900159587619,
      38.98000918212513
     ],
     [
      -76.93900210242408,
      38.980009308504435
     ]
    ]
   },
   "properties": {
    "id": "ct-32",
    "kind": "Contour",
    "sourceId": "contours",
    "reliabilityLevel": 1,
    "revision": 1,
    "engineeringGeometry": {
     "crs": "EPSG:2248",
     "crsName": "NAD83 / Maryland State Plane (US survey feet)",
     "datum": "NAD83",
     "unit": "usSurveyFoot",
     "coordinates": [
      [
       1329708.8671726126,
       478413.06212785037,
       100
      ],
      [
       1329708.5600866235,
       478412.8370627055,
       100
      ],
      [
       1329707.954772875,
       478411.4036666066,
       100
      ],
      [
       1329708.194929868,
       478405.5135865405,
       100
      ],
      [
       1329708.272685615,
       478403.8879336048,
       100
      ],
      [
       1329708.2267539478,
       478403.2891815272,
       100
      ],
      [
       1329707.4183566263,
       478399.19338919723,
       100
      ],
      [
       1329704.8104221907,
       478390.296097279,
       100
      ],
      [
       1329704.6408031117,
       478388.9657193551,
       100
      ],
      [
       1329704.4862758613,
       478384.0198631164,
       100
      ],
      [
       1329704.3360137013,
       478376.97328927263,
       100
      ],
      [
       1329704.4393599476,
       478373.32762727817,
       100
      ],
      [
       1329704.737915781,
       478365.6921438554,
       100
      ],
      [
       1329705.758254956,
       478358.42608228006,
       100
      ],
      [
       1329706.9849585444,
       478354.20135319297,
       100
      ],
      [
       1329707.2753122796,
       478352.2656615176,
       100
      ],
      [
       1329707.783185292,
       478349.06816136825,
       100
      ],
      [
       1329708.3074624473,
       478347.4100281828,
       100
      ],
      [
       1329709.2300327898,
       478339.15348302614,
       100
      ],
      [
       1329709.7470921255,
       478337.5868851155,
       100
      ],
      [
       1329709.9409893733,
       478336.93728011596,
       100
      ],
      [
       1329710.0246506175,
       478330.8526466183,
       100
      ],
      [
       1329710.523993442,
       478328.518005606,
       100
      ],
      [
       1329712.9442642035,
       478322.6984634406,
       100
      ],
      [
       1329717.3199116136,
       478319.7886923533,
       100
      ],
      [
       1329717.8021941155,
       478319.7027345285,
       100
      ],
      [
       1329720.5827003682,
       478317.21651902917,
       100
      ],
      [
       1329713.3894732841,
       478288.53416169935,
       100
      ],
      [
       1329701.8780133708,
       478285.45411535795,
       100
      ],
      [
       1329697.0555164486,
       478286.8061467848,
       100
      ],
      [
       1329692.3422712767,
       478293.08336519275,
       100
      ],
      [
       1329690.3088107852,
       478298.89929843537,
       100
      ],
      [
       1329689.2966736974,
       478300.1460151017,
       100
      ],
      [
       1329687.8285007959,
       478302.00165444525,
       100
      ],
      [
       1329685.3399887057,
       478304.64469377423,
       100
      ],
      [
       1329683.7422228744,
       478305.0577506859,
       100
      ],
      [
       1329682.5785112828,
       478305.1473174365,
       100
      ],
      [
       1329680.4613895349,
       478305.6443636916,
       100
      ],
      [
       1329678.708112213,
       478306.2362260156,
       100
      ],
      [
       1329678.164806202,
       478306.50098926807,
       100
      ],
      [
       1329675.256347443,
       478308.09777086444,
       100
      ],
      [
       1329673.528660625,
       478308.73589294543,
       100
      ],
      [
       1329673.3846320307,
       478308.78182461654,
       100
      ]
     ]
    },
    "elevationFt": 100,
    "weight": "index",
    "hidden": true
   }
  },
  {
   "type": "Feature",
   "geometry": {
    "type": "LineString",
    "coordinates": [
     [
      -76.93886618497321,
      38.98009914500448
     ],
     [
      -76.93886611241473,
      38.98009896930623
     ],
     [
      -76.93886269024831,
      38.980092493307936
     ],
     [
      -76.93886132844905,
      38.98008973698082
     ],
     [
      -76.9388586379636,
      38.98008194976769
     ],
     [
      -76.93885155117124,
      38.98007449265942
     ],
     [
      -76.93884334630147,
      38.98006807901906
     ],
     [
      -76.93881415949286,
      38.980059131200264
     ],
     [
      -76.9388113968851,
      38.980058731591555
     ],
     [
      -76.938795346992,
      38.98004753858449
     ],
     [
      -76.93883696210659,
      38.979918407664776
     ],
     [
      -76.9389032124997,
      38.979909316061494
     ],
     [
      -76.9389128296902,
      38.97991338739677
     ],
     [
      -76.93894202232092,
      38.97994780954739
     ],
     [
      -76.93894939844928,
      38.97997587220992
     ]
    ]
   },
   "properties": {
    "id": "ct-33",
    "kind": "Contour",
    "sourceId": "contours",
    "reliabilityLevel": 1,
    "revision": 1,
    "engineeringGeometry": {
     "crs": "EPSG:2248",
     "crsName": "NAD83 / Maryland State Plane (US survey feet)",
     "datum": "NAD83",
     "unit": "usSurveyFoot",
     "coordinates": [
      [
       1329712.00036846,
       478341.52650976914,
       96
      ],
      [
       1329712.0210376955,
       478341.4625335209,
       96
      ],
      [
       1329712.995445211,
       478339.1045986131,
       96
      ],
      [
       1329713.3832397014,
       478338.1009916963,
       96
      ],
      [
       1329714.1499704577,
       478335.26536744775,
       96
      ],
      [
       1329716.166370616,
       478332.5508059391,
       96
      ],
      [
       1329718.5003554462,
       478330.2164930126,
       96
      ],
      [
       1329726.7995514516,
       478326.96321869054,
       96
      ],
      [
       1329727.5849829644,
       478326.8182058652,
       96
      ],
      [
       1329732.150262532,
       478322.7447231914,
       96
      ],
      [
       1329720.3517297048,
       478275.7067595188,
       96
      ],
      [
       1329701.5207306177,
       478272.3829472746,
       96
      ],
      [
       1329698.7858279408,
       478273.8639154402,
       96
      ],
      [
       1329690.478757948,
       478286.39505836065,
       96
      ],
      [
       1329688.3750876132,
       478296.61419802613,
       96
      ]
     ]
    },
    "elevationFt": 96,
    "weight": "intermediate",
    "hidden": true
   }
  },
  {
   "type": "Feature",
   "geometry": {
    "type": "LineString",
    "coordinates": [
     [
      -76.93922483827643,
      38.9800283372217
     ],
     [
      -76.93922691844973,
      38.980027798710076
     ],
     [
      -76.93922860914181,
      38.98002654564399
     ],
     [
      -76.939229356956,
      38.98001848727668
     ],
     [
      -76.93923181228335,
      38.98000569057062
     ],
     [
      -76.9392325664192,
      38.98000239845711
     ],
     [
      -76.9392340373272,
      38.97999632047271
     ],
     [
      -76.93923756047755,
      38.979984561167676
     ],
     [
      -76.93923861322087,
      38.979981629538145
     ],
     [
      -76.93924141282156,
      38.97996977527073
     ],
     [
      -76.9392413697692,
      38.97996477208151
     ],
     [
      -76.93924161396761,
      38.97996126710893
     ],
     [
      -76.93924293076981,
      38.97995454765888
     ],
     [
      -76.93924375097014,
      38.97995092587861
     ],
     [
      -76.93924944105846,
      38.97992484192219
     ],
     [
      -76.93925218047488,
      38.979911829165694
     ],
     [
      -76.93925218747864,
      38.97990632154192
     ],
     [
      -76.9392523010305,
      38.97989767280619
     ],
     [
      -76.93926152565281,
      38.97987759466526
     ],
     [
      -76.93926406097425,
      38.97987113258201
     ],
     [
      -76.93926412012878,
      38.97986943276106
     ],
     [
      -76.93926188158684,
      38.97986350689038
     ],
     [
      -76.93925836592113,
      38.97985972881751
     ],
     [
      -76.9392382387093,
      38.979855089037
     ],
     [
      -76.93921387422486,
      38.97985107312228
     ],
     [
      -76.93921206621192,
      38.9798491579352
     ],
     [
      -76.93921096555003,
      38.97984738274324
     ],
     [
      -76.93920129693562,
      38.9798467606542
     ],
     [
      -76.93919296070061,
      38.97984686441909
     ],
     [
      -76.93917932213351,
      38.97984601956274
     ],
     [
      -76.93916376667894,
      38.97984371617724
     ],
     [
      -76.93915680272319,
      38.979842420775505
     ],
     [
      -76.9391420357486,
      38.979839859261276
     ],
     [
      -76.93912050202037,
      38.97983618170758
     ],
     [
      -76.9391097887386,
      38.979834442047604
     ],
     [
      -76.9390895211246,
      38.97983070479222
     ],
     [
      -76.93907071368736,
      38.97982535582214
     ],
     [
      -76.93905751286891,
      38.97982142045833
     ],
     [
      -76.93904498403849,
      38.9798211887237
     ],
     [
      -76.93903716388739,
      38.97982241517101
     ],
     [
      -76.9390212756664,
      38.979821918642614
     ],
     [
      -76.93899826930037,
      38.979818245703505
     ],
     [
      -76.93899036585285,
      38.97981835778703
     ],
     [
      -76.93898497567513,
      38.97981891798915
     ],
     [
      -76.9389668920239,
      38.97981474405219
     ],
     [
      -76.93895413786603,
      38.9798134888561
     ],
     [
      -76.93894348440485,
      38.97981333015519
     ],
     [
      -76.93893678975832,
      38.97981157456072
     ],
     [
      -76.9389269531549,
      38.97980767156654
     ],
     [
      -76.93891871309198,
      38.97980464320298
     ],
     [
      -76.93890953872621,
      38.979803693448616
     ],
     [
      -76.93890095167,
      38.979804244770364
     ],
     [
      -76.93888915958956,
      38.97980351885254
     ],
     [
      -76.93887476735833,
      38.9798013772835
     ],
     [
      -76.93886700950634,
      38.97979993911963
     ],
     [
      -76.93886555553706,
      38.979799694236796
     ],
     [
      -76.93884096020686,
      38.97979709691881
     ],
     [
      -76.93882730097762,
      38.97979613760612
     ],
     [
      -76.93882494449531,
      38.97979589134989
     ],
     [
      -76.938800639112,
      38.97979164476942
     ],
     [
      -76.93879536511265,
      38.979791312308656
     ],
     [
      -76.93879021549726,
      38.97979128258902
     ],
     [
      -76.93876512652187,
      38.979786983343324
     ],
     [
      -76.93876084426111,
      38.97978623522036
     ],
     [
      -76.93875660466688,
      38.97978552855732
     ],
     [
      -76.93874988604911,
      38.97978347296576
     ],
     [
      -76.93874802893691,
      38.979772905347595
     ],
     [
      -76.93876829241837,
      38.97977066750569
     ],
     [
      -76.93878764383679,
      38.97977148297052
     ],
     [
      -76.93879621104365,
      38.97976716440785
     ],
     [
      -76.93880122689735,
      38.97973883977422
     ],
     [
      -76.938798316953,
      38.97970440972352
     ],
     [
      -76.93879261517878,
      38.979674061639074
     ],
     [
      -76.93878921733902,
      38.97967019893632
     ],
     [
      -76.93877934196674,
      38.97966175035989
     ],
     [
      -76.93877047328156,
      38.979631460971376
     ]
    ]
   },
   "properties": {
    "id": "ct-34",
    "kind": "Contour",
    "sourceId": "contours",
    "reliabilityLevel": 1,
    "revision": 1,
    "engineeringGeometry": {
     "crs": "EPSG:2248",
     "crsName": "NAD83 / Maryland State Plane (US survey feet)",
     "datum": "NAD83",
     "unit": "usSurveyFoot",
     "coordinates": [
      [
       1329610.0622521178,
       478315.66993419226,
       94
      ],
      [
       1329609.4710459504,
       478315.4734122764,
       94
      ],
      [
       1329608.990731952,
       478315.01672027307,
       94
      ],
      [
       1329608.780102447,
       478312.0816867814,
       94
      ],
      [
       1329608.0852219574,
       478307.4206068628,
       94
      ],
      [
       1329607.871639699,
       478306.2214622846,
       94
      ],
      [
       1329607.4549738774,
       478304.0075559416,
       94
      ],
      [
       1329606.4562881982,
       478299.7240999398,
       94
      ],
      [
       1329606.1577323668,
       478298.65618868585,
       94
      ],
      [
       1329605.364754959,
       478294.3382839407,
       94
      ],
      [
       1329605.3782063657,
       478292.51610910747,
       94
      ],
      [
       1329605.3096369475,
       478291.2395368566,
       94
      ],
      [
       1329604.9369342893,
       478288.79203518905,
       94
      ],
      [
       1329604.7046512787,
       478287.472812107,
       94
      ],
      [
       1329603.0934340328,
       478277.9718468604,
       94
      ],
      [
       1329602.3178450305,
       478273.23202694725,
       94
      ],
      [
       1329602.3171888725,
       478271.2261254356,
       94
      ],
      [
       1329602.287005204,
       478268.07619734993,
       94
      ],
      [
       1329599.6695563635,
       478260.76190753316,
       94
      ],
      [
       1329598.9503976982,
       478258.4079096156,
       94
      ],
      [
       1329598.9339935235,
       478257.78881635703,
       94
      ],
      [
       1329599.5717875331,
       478255.6310122696,
       94
      ],
      [
       1329600.5721136136,
       478254.2556869259,
       94
      ],
      [
       1329606.2948712064,
       478252.5696666953,
       94
      ],
      [
       1329613.2220226931,
       478251.11166436074,
       94
      ],
      [
       1329613.7364573767,
       478250.414487267,
       94
      ],
      [
       1329614.0497769502,
       478249.76816310745,
       94
      ],
      [
       1329616.7984591231,
       478249.5434260148,
       94
      ],
      [
       1329619.1682050372,
       478249.58279601816,
       94
      ],
      [
       1329623.0454938659,
       478249.27767852927,
       94
      ],
      [
       1329627.4680571987,
       478248.4417221891,
       94
      ],
      [
       1329629.448040124,
       478247.97125069384,
       94
      ],
      [
       1329633.646522537,
       478247.04113443807,
       94
      ],
      [
       1329639.7688856267,
       478245.7058352786,
       94
      ],
      [
       1329642.814811287,
       478245.0742748623,
       94
      ],
      [
       1329648.5772669567,
       478243.71699410497,
       94
      ],
      [
       1329653.92502528,
       478241.7724441855,
       94
      ],
      [
       1329657.6786266987,
       478240.34167277324,
       94
      ],
      [
       1329661.2402993676,
       478240.2596519387,
       94
      ],
      [
       1329663.4630639527,
       478240.70781377156,
       94
      ],
      [
       1329667.9797871986,
       478240.5299926075,
       94
      ],
      [
       1329674.5207846148,
       478239.19666194165,
       94
      ],
      [
       1329676.7674992816,
       478239.2389846809,
       94
      ],
      [
       1329678.2996484526,
       478239.44403678563,
       94
      ],
      [
       1329683.4413704565,
       478237.92730752716,
       94
      ],
      [
       1329687.067347455,
       478237.4725840174,
       94
      ],
      [
       1329690.095884711,
       478237.41680984467,
       94
      ],
      [
       1329691.9994242033,
       478236.7786877606,
       94
      ],
      [
       1329694.796662703,
       478235.3590711841,
       94
      ],
      [
       1329697.1398338645,
       478234.2576954473,
       94
      ],
      [
       1329699.748096375,
       478233.9135360164,
       94
      ],
      [
       1329702.1890363668,
       478234.11596343754,
       94
      ],
      [
       1329705.541391865,
       478233.8538248809,
       94
      ],
      [
       1329709.6332471985,
       478233.0765954401,
       94
      ],
      [
       1329711.8389514526,
       478232.55428677157,
       94
      ],
      [
       1329712.2523364522,
       478232.46537618956,
       94
      ],
      [
       1329719.2447765295,
       478231.52410511934,
       94
      ],
      [
       1329723.1279708773,
       478231.1773210262,
       94
      ],
      [
       1329723.7979170368,
       478231.08808235533,
       94
      ],
      [
       1329730.7083362937,
       478229.54609068955,
       94
      ],
      [
       1329732.2076771252,
       478229.426012201,
       94
      ],
      [
       1329733.6715849468,
       478229.4161696933,
       94
      ],
      [
       1329740.8047727905,
       478227.8551491837,
       94
      ],
      [
       1329742.0222900389,
       478227.58349619596,
       94
      ],
      [
       1329743.2276682062,
       478227.32693501597,
       94
      ],
      [
       1329745.1380974485,
       478226.5795611781,
       94
      ],
      [
       1329745.6686082024,
       478222.73114368896,
       94
      ],
      [
       1329739.9087772048,
       478221.9122476989,
       94
      ],
      [
       1329734.4074758694,
       478222.20555419265,
       94
      ],
      [
       1329731.973097532,
       478220.6310822801,
       94
      ],
      [
       1329730.5541371251,
       478210.31417376705,
       94
      ],
      [
       1329731.3897653609,
       478197.77515685087,
       94
      ],
      [
       1329733.0180429528,
       478186.7233416913,
       94
      ],
      [
       1329733.9849045437,
       478185.3171765178,
       94
      ],
      [
       1329736.794282119,
       478182.2420514486,
       94
      ],
      [
       1329739.322820361,
       478171.2122178534,
       94
      ]
     ]
    },
    "elevationFt": 94,
    "weight": "intermediate",
    "hidden": false
   }
  },
  {
   "type": "Feature",
   "geometry": {
    "type": "LineString",
    "coordinates": [
     [
      -76.938325477413,
      38.981034990110665
     ],
     [
      -76.93832200196329,
      38.981023409110925
     ],
     [
      -76.93830936460711,
      38.98101231512779
     ],
     [
      -76.9383025514956,
      38.98100464193479
     ],
     [
      -76.93830884651112,
      38.98099619374256
     ],
     [
      -76.93831142272622,
      38.9809879678933
     ],
     [
      -76.93831075609364,
      38.98098477682987
     ],
     [
      -76.93831003365115,
      38.98098206137103
     ],
     [
      -76.93831055258096,
      38.980977224230145
     ],
     [
      -76.93831610490261,
      38.980965452513075
     ],
     [
      -76.93832069429331,
      38.980962125494976
     ],
     [
      -76.93832932084469,
      38.98096144631998
     ],
     [
      -76.93834221017747,
      38.98096409612766
     ],
     [
      -76.93835673484355,
      38.98096549195067
     ],
     [
      -76.93836820030664,
      38.98096376391051
     ],
     [
      -76.93837620149846,
      38.98096020897841
     ],
     [
      -76.93838174153801,
      38.98095862194627
     ],
     [
      -76.93839252793448,
      38.9809587339255
     ],
     [
      -76.9383974978494,
      38.98095846359416
     ],
     [
      -76.93843057920431,
      38.98095115552836
     ],
     [
      -76.93844414445748,
      38.9809302230591
     ],
     [
      -76.93844765154623,
      38.98091588471789
     ],
     [
      -76.93845311411432,
      38.98091045113117
     ],
     [
      -76.93846218975081,
      38.98089758676219
     ],
     [
      -76.93846606878387,
      38.980880204738206
     ],
     [
      -76.93846321036351,
      38.9808704392235
     ],
     [
      -76.93845062445651,
      38.98085323410517
     ],
     [
      -76.93845066247783,
      38.98085063705502
     ],
     [
      -76.93846757130876,
      38.9808189018817
     ],
     [
      -76.93847232682137,
      38.98081430298411
     ],
     [
      -76.93849156920173,
      38.98080271051644
     ],
     [
      -76.93850195738011,
      38.98078947479476
     ],
     [
      -76.93850612695161,
      38.980779110326175
     ],
     [
      -76.93851095068683,
      38.98076766881806
     ],
     [
      -76.93851218627181,
      38.980765555238115
     ],
     [
      -76.9385141931642,
      38.98076169717118
     ],
     [
      -76.93852276889817,
      38.98073828931209
     ],
     [
      -76.93852987320577,
      38.98071344026438
     ],
     [
      -76.93853163614527,
      38.98069536439313
     ],
     [
      -76.93853490016754,
      38.980683141952156
     ],
     [
      -76.9385420369518,
      38.980668799209084
     ],
     [
      -76.93854563029068,
      38.98065478160222
     ],
     [
      -76.93855028155005,
      38.980638562941735
     ],
     [
      -76.93855218716607,
      38.98063436611172
     ],
     [
      -76.93855555102576,
      38.98062413724185
     ],
     [
      -76.9385627428222,
      38.98060621465904
     ],
     [
      -76.93856871986195,
      38.98059034441139
     ],
     [
      -76.93856891838239,
      38.980571590299164
     ],
     [
      -76.93856549557499,
      38.98056452425396
     ],
     [
      -76.93855453262177,
      38.98054973149915
     ],
     [
      -76.93854777348307,
      38.9805303494615
     ],
     [
      -76.93854680637787,
      38.98051155780293
     ],
     [
      -76.93854605280768,
      38.9804994314397
     ],
     [
      -76.93854063381738,
      38.98048382455052
     ],
     [
      -76.9385334025925,
      38.98047789153887
     ],
     [
      -76.9385239255737,
      38.98047047549379
     ],
     [
      -76.9385191885672,
      38.98046034506006
     ],
     [
      -76.93851635180216,
      38.9804482320146
     ],
     [
      -76.9385124554594,
      38.980434892393006
     ],
     [
      -76.93851074667022,
      38.98043168006356
     ],
     [
      -76.93849587706283,
      38.98041419899709
     ],
     [
      -76.93847436266823,
      38.980394651550505
     ],
     [
      -76.93844892122635,
      38.98037462820085
     ],
     [
      -76.93843027757246,
      38.9803599367876
     ],
     [
      -76.9384178636433,
      38.98035351189377
     ],
     [
      -76.93839743594653,
      38.98034658282156
     ],
     [
      -76.93838506446016,
      38.98034046422608
     ],
     [
      -76.93834650108786,
      38.980317358533284
     ],
     [
      -76.93832982753752,
      38.980308016323804
     ],
     [
      -76.93832404870625,
      38.980305532412196
     ],
     [
      -76.93831540600729,
      38.98030362531776
     ],
     [
      -76.93829666385192,
      38.98030144535073
     ],
     [
      -76.93826338713704,
      38.98030145571562
     ],
     [
      -76.93824912574631,
      38.980300060920605
     ],
     [
      -76.93822732354461,
      38.98029311037398
     ],
     [
      -76.93819493033456,
      38.98028045382406
     ],
     [
      -76.9381881855908,
      38.98027921072827
     ],
     [
      -76.93816824338194,
      38.98027278813461
     ],
     [
      -76.93815652830591,
      38.980267032893266
     ],
     [
      -76.93812393281813,
      38.98026273224357
     ],
     [
      -76.93812131034868,
      38.980264421699424
     ],
     [
      -76.93809743873499,
      38.980281500367134
     ],
     [
      -76.93805987771083,
      38.98027779341565
     ],
     [
      -76.93804291843662,
      38.98026527831801
     ],
     [
      -76.9380262784836,
      38.980250541058695
     ],
     [
      -76.93801106685488,
      38.98024431552228
     ],
     [
      -76.93798604529134,
      38.98025658226634
     ],
     [
      -76.93797804566682,
      38.98027033808391
     ],
     [
      -76.93796189397086,
      38.980287353255875
     ],
     [
      -76.93794727723778,
      38.98029907600865
     ],
     [
      -76.93794297367714,
      38.98030553171968
     ]
    ]
   },
   "properties": {
    "id": "ct-35",
    "kind": "Contour",
    "sourceId": "contours",
    "reliabilityLevel": 1,
    "revision": 1,
    "engineeringGeometry": {
     "crs": "EPSG:2248",
     "crsName": "NAD83 / Maryland State Plane (US survey feet)",
     "datum": "NAD83",
     "unit": "usSurveyFoot",
     "coordinates": [
      [
       1329865.4784079469,
       478682.46874128137,
       84
      ],
      [
       1329866.4692196215,
       478678.2515581012,
       84
      ],
      [
       1329870.0643567867,
       478674.2135084375,
       84
      ],
      [
       1329872.003001198,
       478671.42020694044,
       84
      ],
      [
       1329870.2156032012,
       478668.342129111,
       84
      ],
      [
       1329869.4852897052,
       478665.34574402415,
       84
      ],
      [
       1329869.6755780426,
       478664.1836728638,
       84
      ],
      [
       1329869.8816143726,
       478663.19482969027,
       84
      ],
      [
       1329869.7352892049,
       478661.43302219175,
       84
      ],
      [
       1329868.1598330422,
       478657.14464494225,
       84
      ],
      [
       1329866.8560298632,
       478655.93204894266,
       84
      ],
      [
       1329864.403935026,
       478655.68303368485,
       84
      ],
      [
       1329860.739244208,
       478656.6456301874,
       84
      ],
      [
       1329856.6099873765,
       478657.15120660694,
       84
      ],
      [
       1329853.3511356204,
       478656.51964619063,
       84
      ],
      [
       1329851.0775181183,
       478655.22338893346,
       84
      ],
      [
       1329849.503046193,
       478654.64432185603,
       84
      ],
      [
       1329846.4367793633,
       478654.683035697,
       84
      ],
      [
       1329845.0240525245,
       478654.58362644166,
       84
      ],
      [
       1329835.6218403722,
       478651.9156527789,
       84
      ],
      [
       1329831.7707982066,
       478644.2893557044,
       84
      ],
      [
       1329830.7773618689,
       478639.0665971169,
       84
      ],
      [
       1329829.2258557803,
       478637.0866141812,
       84
      ],
      [
       1329826.6490892887,
       478632.39961568656,
       84
      ],
      [
       1329825.5506662847,
       478626.06826353504,
       84
      ],
      [
       1329826.3656252911,
       478622.512168276,
       84
      ],
      [
       1329829.9476391212,
       478616.2484012833,
       84
      ],
      [
       1329829.9374685397,
       478615.3025370237,
       84
      ],
      [
       1329825.138593618,
       478603.7412084452,
       84
      ],
      [
       1329823.7878745347,
       478602.06535876845,
       84
      ],
      [
       1329818.320693865,
       478597.8396454422,
       84
      ],
      [
       1329815.370896613,
       478593.01714850747,
       84
      ],
      [
       1329814.1881562034,
       478589.2415655199,
       84
      ],
      [
       1329812.8197206263,
       478585.07359486306,
       84
      ],
      [
       1329812.4689995318,
       478584.30358328,
       84
      ],
      [
       1329811.8994468746,
       478582.89807427814,
       84
      ],
      [
       1329809.4673651163,
       478574.37118843436,
       84
      ],
      [
       1329807.4539176926,
       478565.31969735783,
       84
      ],
      [
       1329806.9571995428,
       478558.7360491055,
       84
      ],
      [
       1329806.0323326164,
       478554.2839582849,
       84
      ],
      [
       1329804.0070742064,
       478549.05890310265,
       84
      ],
      [
       1329802.9890316245,
       478543.95294219116,
       84
      ],
      [
       1329801.6707927876,
       478538.04514561535,
       84
      ],
      [
       1329801.1301114527,
       478536.516277282,
       84
      ],
      [
       1329800.1763731996,
       478532.7902348638,
       84
      ],
      [
       1329798.1363510373,
       478526.26137652673,
       84
      ],
      [
       1329796.4411444515,
       478520.4802201011,
       84
      ],
      [
       1329796.3893072885,
       478513.64985319175,
       84
      ],
      [
       1329797.3640428602,
       478511.0770236929,
       84
      ],
      [
       1329800.484115377,
       478505.6915357857,
       84
      ],
      [
       1329802.4102926226,
       478498.63380711223,
       84
      ],
      [
       1329802.6898196233,
       478491.78998878464,
       84
      ],
      [
       1329802.9070107944,
       478487.37365902634,
       84
      ],
      [
       1329804.4512990408,
       478481.6905995249,
       84
      ],
      [
       1329806.5083815267,
       478479.5311550327,
       84
      ],
      [
       1329809.2042422802,
       478476.83201343595,
       84
      ],
      [
       1329810.5533209557,
       478473.14337253064,
       84
      ],
      [
       1329811.3627025299,
       478468.7322921121,
       84
      ],
      [
       1329812.4735926972,
       478463.87469027756,
       84
      ],
      [
       1329812.9601402862,
       478462.705073195,
       84
      ],
      [
       1329817.191431027,
       478456.3412407784,
       84
      ],
      [
       1329823.3121536986,
       478449.22609751526,
       84
      ],
      [
       1329830.5493439566,
       478441.938382437,
       84
      ],
      [
       1329835.8528110364,
       478436.5912802665,
       84
      ],
      [
       1329839.3833157807,
       478434.2536865367,
       84
      ],
      [
       1329845.192031197,
       478431.734006527,
       84
      ],
      [
       1329848.7103968686,
       478429.50796110905,
       84
      ],
      [
       1329859.6785507952,
       478421.1001695268,
       84
      ],
      [
       1329864.4206672905,
       478417.7008981005,
       84
      ],
      [
       1329866.064036696,
       478416.7973566046,
       84
      ],
      [
       1329868.521380868,
       478416.1044446114,
       84
      ],
      [
       1329873.8497822846,
       478415.31409185956,
       84
      ],
      [
       1329883.3094090358,
       478415.32426243176,
       84
      ],
      [
       1329887.3638628698,
       478414.8190141072,
       84
      ],
      [
       1329893.5633255334,
       478412.29178818455,
       84
      ],
      [
       1329902.7749212803,
       478407.68845093535,
       84
      ],
      [
       1329904.692568373,
       478407.2370082564,
       84
      ],
      [
       1329910.3631607005,
       478404.9017110938,
       84
      ],
      [
       1329913.6948469616,
       478402.80788327596,
       84
      ],
      [
       1329922.9618887848,
       478401.24784702994,
       84
      ],
      [
       1329923.7069660402,
       478401.86365944246,
       84
      ],
      [
       1329930.4887766242,
       478408.08838452375,
       84
      ],
      [
       1329941.1672329584,
       478406.745539436,
       84
      ],
      [
       1329945.9913702977,
       478402.19075852016,
       84
      ],
      [
       1329950.7252847077,
       478396.82659603615,
       84
      ],
      [
       1329955.0510634435,
       478394.5621648509,
       84
      ],
      [
       1329962.160957363,
       478399.03459684335,
       84
      ],
      [
       1329964.4316221124,
       478404.04606977786,
       84
      ],
      [
       1329969.0188832856,
       478410.2461886112,
       84
      ],
      [
       1329973.1711059483,
       478414.51848978334,
       84
      ],
      [
       1329974.3928882927,
       478416.87051918585,
       84
      ]
     ]
    },
    "elevationFt": 84,
    "weight": "intermediate",
    "hidden": false
   }
  },
  {
   "type": "Feature",
   "geometry": {
    "type": "LineString",
    "coordinates": [
     [
      -76.93914707410332,
      38.980910722370574
     ],
     [
      -76.93914229129025,
      38.98090814172912
     ],
     [
      -76.93913516816308,
      38.98089445003075
     ],
     [
      -76.93913453318955,
      38.98087036802319
     ],
     [
      -76.93912759181252,
      38.98086143996607
     ],
     [
      -76.93912435684094,
      38.98086003209906
     ],
     [
      -76.9390420819268,
      38.98082161872917
     ],
     [
      -76.93903066520573,
      38.980812288368625
     ],
     [
      -76.93903194116953,
      38.98079668769555
     ],
     [
      -76.93904161561522,
      38.98076905821818
     ],
     [
      -76.93904365612731,
      38.98076229320672
     ],
     [
      -76.93904473719036,
      38.98075461155908
     ],
     [
      -76.93902514124773,
      38.980729028806095
     ],
     [
      -76.93897307776435,
      38.98069366690366
     ],
     [
      -76.93897221259256,
      38.98067969920503
     ],
     [
      -76.93897184811875,
      38.98067538858089
     ],
     [
      -76.9389693679602,
      38.98067128133944
     ],
     [
      -76.93895643780793,
      38.98065703799845
     ],
     [
      -76.9389545451335,
      38.980654239057
     ],
     [
      -76.93895693277908,
      38.98064643377852
     ],
     [
      -76.93896314218222,
      38.98063809991026
     ],
     [
      -76.93896560167502,
      38.98063129998656
     ],
     [
      -76.93895775512304,
      38.9806120453223
     ],
     [
      -76.93895255416936,
      38.98060720789526
     ],
     [
      -76.93893935389413,
      38.9805957434475
     ],
     [
      -76.93893816579191,
      38.98058152334953
     ],
     [
      -76.93894280947798,
      38.980574032735134
     ],
     [
      -76.9389435735739,
      38.980568567846035
     ],
     [
      -76.93894370345585,
      38.980563803465415
     ],
     [
      -76.93894236488686,
      38.98055277940586
     ],
     [
      -76.9389372052933,
      38.98053739427296
     ],
     [
      -76.9389316086559,
      38.980518888463564
     ],
     [
      -76.93893099185715,
      38.980516775713525
     ],
     [
      -76.93892657960673,
      38.98050066580839
     ],
     [
      -76.93892464811792,
      38.980486604767364
     ],
     [
      -76.9389213960158,
      38.980466160711494
     ],
     [
      -76.93891336471847,
      38.980461849686186
     ],
     [
      -76.93890435897823,
      38.98045258092686
     ],
     [
      -76.93890541994962,
      38.9804400771684
     ],
     [
      -76.93890387772463,
      38.98043775764647
     ],
     [
      -76.93889601435141,
      38.980432779198495
     ],
     [
      -76.9388924726429,
      38.98042840565807
     ],
     [
      -76.93888459448748,
      38.98041375237125
     ],
     [
      -76.93888236657686,
      38.980406213126976
     ],
     [
      -76.93888231346395,
      38.98040354936801
     ],
     [
      -76.93888209248854,
      38.98040014054138
     ],
     [
      -76.93887758723244,
      38.98038080384032
     ]
    ]
   },
   "properties": {
    "id": "ct-36",
    "kind": "Contour",
    "sourceId": "contours",
    "reliabilityLevel": 1,
    "revision": 1,
    "engineeringGeometry": {
     "crs": "EPSG:2248",
     "crsName": "NAD83 / Maryland State Plane (US survey feet)",
     "datum": "NAD83",
     "unit": "usSurveyFoot",
     "coordinates": [
      [
       1329631.954268708,
       478637.0531497014,
       104
      ],
      [
       1329633.31450221,
       478636.1141751862,
       104
      ],
      [
       1329635.3427133688,
       478631.1289489379,
       104
      ],
      [
       1329635.5290646954,
       478622.3582971974,
       104
      ],
      [
       1329637.504454443,
       478619.107975608,
       104
      ],
      [
       1329638.4244001163,
       478618.59583753,
       104
      ],
      [
       1329661.8219911116,
       478604.6211279446,
       104
      ],
      [
       1329665.0696880296,
       478601.22513736744,
       104
      ],
      [
       1329664.7107648693,
       478595.5430621021,
       104
      ],
      [
       1329661.9673320304,
       478585.4784496961,
       104
      ],
      [
       1329661.3889211228,
       478583.0142157795,
       104
      ],
      [
       1329661.083475524,
       478580.2163211052,
       104
      ],
      [
       1329666.6602360294,
       478570.90269143844,
       104
      ],
      [
       1329681.4689334463,
       478558.0336226965,
       104
      ],
      [
       1329681.7182767745,
       478552.9466906135,
       104
      ],
      [
       1329681.8229353693,
       478551.37681185675,
       104
      ],
      [
       1329682.5289706974,
       478549.8814080276,
       104
      ],
      [
       1329686.208097201,
       478544.6963790235,
       104
      ],
      [
       1329686.7468100295,
       478543.67735218874,
       104
      ],
      [
       1329686.0699741235,
       478540.8341820211,
       104
      ],
      [
       1329684.3068542902,
       478537.79777077754,
       104
      ],
      [
       1329683.6093491144,
       478535.32074160513,
       104
      ],
      [
       1329685.8445808708,
       478528.3096007837,
       104
      ],
      [
       1329687.3242367096,
       478526.54877753655,
       104
      ],
      [
       1329691.0794785316,
       478522.3758856075,
       104
      ],
      [
       1329691.4206852,
       478517.19709018833,
       104
      ],
      [
       1329690.1024463733,
       478514.4680930192,
       104
      ],
      [
       1329689.8865675326,
       478512.4776114531,
       104
      ],
      [
       1329689.8508064577,
       478510.7423786869,
       104
      ],
      [
       1329690.234007792,
       478506.7276229401,
       104
      ],
      [
       1329691.7044772771,
       478501.12527193903,
       104
      ],
      [
       1329693.2999465314,
       478494.3864402708,
       104
      ],
      [
       1329693.4757992001,
       478493.61708485027,
       104
      ],
      [
       1329694.7339987892,
       478487.7506267654,
       104
      ],
      [
       1329695.2864911212,
       478482.6299021076,
       104
      ],
      [
       1329696.2159512043,
       478475.18470703403,
       104
      ],
      [
       1329698.5000673663,
       478473.6161406084,
       104
      ],
      [
       1329701.0623982071,
       478470.2421315986,
       104
      ],
      [
       1329700.763842374,
       478465.68800685136,
       104
      ],
      [
       1329701.2028178726,
       478464.84352034674,
       104
      ],
      [
       1329703.4393619597,
       478463.03184419294,
       104
      ],
      [
       1329704.4472339586,
       478461.43965578295,
       104
      ],
      [
       1329706.6903396996,
       478456.1043646077,
       104
      ],
      [
       1329707.3255090392,
       478453.3589632723,
       104
      ],
      [
       1329707.3412570334,
       478452.38882085367,
       104
      ],
      [
       1329707.4049051998,
       478451.14735352097,
       104
      ],
      [
       1329708.6903357056,
       478444.10570093413,
       104
      ]
     ]
    },
    "elevationFt": 104,
    "weight": "intermediate",
    "hidden": true
   }
  },
  {
   "type": "Feature",
   "geometry": {
    "type": "LineString",
    "coordinates": [
     [
      -76.93887683670242,
      38.980264164989244
     ],
     [
      -76.93888052126846,
      38.98024729541553
     ],
     [
      -76.93888533702254,
      38.98023159119579
     ],
     [
      -76.93888566539003,
      38.98022954830262
     ],
     [
      -76.93888580448774,
      38.98022211659196
     ],
     [
      -76.93888584198447,
      38.980194546046626
     ],
     [
      -76.93888544242452,
      38.98018001917856
     ],
     [
      -76.93888501621147,
      38.980168310068464
     ],
     [
      -76.93888217754956,
      38.98014085782924
     ],
     [
      -76.93888069651548,
      38.980134483737956
     ],
     [
      -76.93887956883559,
      38.98012519206806
     ],
     [
      -76.9388776618513,
      38.98012025906972
     ],
     [
      -76.93887589343836,
      38.98011792681753
     ]
    ]
   },
   "properties": {
    "id": "ct-37",
    "kind": "Contour",
    "sourceId": "contours",
    "reliabilityLevel": 1,
    "revision": 1,
    "engineeringGeometry": {
     "crs": "EPSG:2248",
     "crsName": "NAD83 / Maryland State Plane (US survey feet)",
     "datum": "NAD83",
     "unit": "usSurveyFoot",
     "coordinates": [
      [
       1329708.932133113,
       478401.62547094066,
       96
      ],
      [
       1329707.8888281113,
       478395.4807981973,
       96
      ],
      [
       1329706.523673368,
       478389.76033718,
       96
      ],
      [
       1329706.4308257836,
       478389.0162441882,
       96
      ],
      [
       1329706.3930962058,
       478386.3095566815,
       96
      ],
      [
       1329706.3891592047,
       478376.2682382045,
       96
      ],
      [
       1329706.5062849522,
       478370.9775663632,
       96
      ],
      [
       1329706.6303004452,
       478366.7131391807,
       96
      ],
      [
       1329707.443947119,
       478356.7154557832,
       96
      ],
      [
       1329707.8665184565,
       478354.3942661983,
       96
      ],
      [
       1329708.1893524567,
       478351.0104146869,
       96
      ],
      [
       1329708.7326584563,
       478349.21415844193,
       96
      ],
      [
       1329709.2359382843,
       478348.36507876316,
       96
      ]
     ]
    },
    "elevationFt": 96,
    "weight": "intermediate",
    "hidden": true
   }
  },
  {
   "type": "Feature",
   "geometry": {
    "type": "LineString",
    "coordinates": [
     [
      -76.93891177548565,
      38.980545320839994
     ],
     [
      -76.93891113362893,
      38.980544166551574
     ],
     [
      -76.93890908147853,
      38.980540268522994
     ],
     [
      -76.93890349640155,
      38.98051905664854
     ],
     [
      -76.93890163541914,
      38.98051295350702
     ],
     [
      -76.93889556851467,
      38.98050451053464
     ],
     [
      -76.93888964330078,
      38.9804923427363
     ],
     [
      -76.93888905999707,
      38.98048885624969
     ],
     [
      -76.93888859532412,
      38.9804829628282
     ],
     [
      -76.93888415284432,
      38.98046174344222
     ],
     [
      -76.93888382075568,
      38.980457358967136
     ],
     [
      -76.93888411819962,
      38.98044965799375
     ],
     [
      -76.9388816538562,
      38.98044596513671
     ],
     [
      -76.93887283936003,
      38.98043440928733
     ],
     [
      -76.93887227028546,
      38.980429136477724
     ],
     [
      -76.93887277390503,
      38.9804205717236
     ],
     [
      -76.93887387941093,
      38.98040055693321
     ],
     [
      -76.93887383048083,
      38.980399744366025
     ],
     [
      -76.93887292901076,
      38.98039448219243
     ],
     [
      -76.93887223289273,
      38.98037855258983
     ],
     [
      -76.9388738913784,
      38.98037449885593
     ],
     [
      -76.93887525762476,
      38.980372078159924
     ],
     [
      -76.93887310614159,
      38.98036962499747
     ],
     [
      -76.93886953907223,
      38.98036387678832
     ],
     [
      -76.93887339585591,
      38.98034268335858
     ],
     [
      -76.93887387388762,
      38.98033972891165
     ],
     [
      -76.9388732044095,
      38.98032907003344
     ],
     [
      -76.93887087124482,
      38.98029758778041
     ],
     [
      -76.93887137124325,
      38.980294588303806
     ],
     [
      -76.93887203246221,
      38.98029334911808
     ],
     [
      -76.93887484043167,
      38.980285278317766
     ],
     [
      -76.93887475120381,
      38.980280317443246
     ],
     [
      -76.93887391861642,
      38.98027144571095
     ],
     [
      -76.93887423775188,
      38.98026805698458
     ],
     [
      -76.93887677859497,
      38.980255215290185
     ]
    ]
   },
   "properties": {
    "id": "ct-38",
    "kind": "Contour",
    "sourceId": "contours",
    "reliabilityLevel": 1,
    "revision": 1,
    "engineeringGeometry": {
     "crs": "EPSG:2248",
     "crsName": "NAD83 / Maryland State Plane (US survey feet)",
     "datum": "NAD83",
     "unit": "usSurveyFoot",
     "coordinates": [
      [
       1329698.9314969436,
       478504.0169984339,
       94
      ],
      [
       1329699.1142393602,
       478503.596723689,
       94
      ],
      [
       1329699.698555781,
       478502.1774351861,
       94
      ],
      [
       1329701.291400367,
       478494.45304118743,
       94
      ],
      [
       1329701.8219111296,
       478492.23060468613,
       94
      ],
      [
       1329703.548613695,
       478489.15679194196,
       94
      ],
      [
       1329705.235946283,
       478484.72635462123,
       94
      ],
      [
       1329705.4026126293,
       478483.4566721117,
       94
      ],
      [
       1329705.536142539,
       478481.3103509275,
       94
      ],
      [
       1329706.8041846144,
       478473.583004193,
       94
      ],
      [
       1329706.899656879,
       478471.9862226089,
       94
      ],
      [
       1329706.8169798693,
       478469.18143818714,
       94
      ],
      [
       1329707.5184220404,
       478467.8369526977,
       94
      ],
      [
       1329710.0269472038,
       478463.62994009885,
       94
      ],
      [
       1329710.19000462,
       478461.7096683629,
       94
      ],
      [
       1329710.0489287805,
       478458.59025203035,
       94
      ],
      [
       1329709.7395462096,
       478451.3005684493,
       94
      ],
      [
       1329709.7536537938,
       478451.0046372812,
       94
      ],
      [
       1329710.0111992005,
       478449.08830251714,
       94
      ],
      [
       1329710.2129704505,
       478443.2868049441,
       94
      ],
      [
       1329709.742498946,
       478441.81010186375,
       94
      ],
      [
       1329709.3547044485,
       478440.9282138647,
       94
      ],
      [
       1329709.9669079455,
       478440.0351710267,
       94
      ],
      [
       1329710.982325862,
       478437.9423274389,
       94
      ],
      [
       1329709.8911207046,
       478430.22285468184,
       94
      ],
      [
       1329709.7559503757,
       478429.1467413646,
       94
      ],
      [
       1329709.9488633727,
       478425.2648593529,
       94
      ],
      [
       1329710.619793788,
       478413.7993311039,
       94
      ],
      [
       1329710.4783898708,
       478412.7068136112,
       94
      ],
      [
       1329710.2907261983,
       478412.25537095364,
       94
      ],
      [
       1329709.494467957,
       478409.3154161868,
       94
      ],
      [
       1329709.5210427034,
       478407.5086612777,
       94
      ],
      [
       1329709.7598873666,
       478404.2776966027,
       94
      ],
      [
       1329709.6699925389,
       478403.0434471033,
       94
      ],
      [
       1329708.950833874,
       478398.36596302444,
       94
      ]
     ]
    },
    "elevationFt": 94,
    "weight": "intermediate",
    "hidden": false
   }
  },
  {
   "type": "Feature",
   "geometry": {
    "type": "LineString",
    "coordinates": [
     [
      -76.93887738160159,
      38.98034874437176
     ],
     [
      -76.93887956185438,
      38.98033918508515
     ],
     [
      -76.93887716366307,
      38.98031488775623
     ]
    ]
   },
   "properties": {
    "id": "ct-39",
    "kind": "Contour",
    "sourceId": "contours",
    "reliabilityLevel": 1,
    "revision": 1,
    "engineeringGeometry": {
     "crs": "EPSG:2248",
     "crsName": "NAD83 / Maryland State Plane (US survey feet)",
     "datum": "NAD83",
     "unit": "usSurveyFoot",
     "coordinates": [
      [
       1329708.756608528,
       478432.42954318546,
       104
      ],
      [
       1329708.139155697,
       478428.9475947743,
       104
      ],
      [
       1329708.8268183717,
       478420.0988591834,
       104
      ]
     ]
    },
    "elevationFt": 104,
    "weight": "intermediate",
    "hidden": true
   }
  },
  {
   "type": "Feature",
   "geometry": {
    "type": "LineString",
    "coordinates": [
     [
      -76.93887705567418,
      38.980298162133906
     ],
     [
      -76.93888335065908,
      38.98029632504381
     ],
     [
      -76.93888427254556,
      38.98029527606762
     ],
     [
      -76.93888270646448,
      38.980270989082506
     ],
     [
      -76.93888264874113,
      38.980269663942885
     ],
     [
      -76.93888269416277,
      38.98026918472918
     ],
     [
      -76.93888356122474,
      38.98026612148595
     ],
     [
      -76.9388973973299,
      38.980234541384206
     ],
     [
      -76.93889820280084,
      38.98022927830077
     ],
     [
      -76.93889963614691,
      38.98020916909429
     ],
     [
      -76.93890026627868,
      38.980198420812705
     ],
     [
      -76.93890004933768,
      38.98019299865037
     ],
     [
      -76.93889823561204,
      38.98016275259651
     ],
     [
      -76.9388950302769,
      38.98015105284435
     ],
     [
      -76.93888628440773,
      38.98013353178637
     ],
     [
      -76.93888591409294,
      38.980132003798325
     ],
     [
      -76.93888580151068,
      38.98011928593117
     ],
     [
      -76.93888570924344,
      38.9801178679887
     ],
     [
      -76.93888621553005,
      38.980086005269676
     ],
     [
      -76.938885550024,
      38.980084171748636
     ],
     [
      -76.93888530830125,
      38.98008342393989
     ],
     [
      -76.93888971049748,
      38.98005604304538
     ],
     [
      -76.93888980181647,
      38.98005318388327
     ],
     [
      -76.93888533636401,
      38.98002379402559
     ],
     [
      -76.93888088724486,
      38.98001976772762
     ],
     [
      -76.93888027101848,
      38.980019685430754
     ],
     [
      -76.93887676000685,
      38.98001722345034
     ],
     [
      -76.93888588796759,
      38.979988882046264
     ],
     [
      -76.93890055569038,
      38.97998339109064
     ],
     [
      -76.9389242912383,
      38.97998064246768
     ],
     [
      -76.93892888012171,
      38.979984532812836
     ],
     [
      -76.93893335538071,
      38.97998768532503
     ],
     [
      -76.93894267470627,
      38.97998919816704
     ],
     [
      -76.93894471887009,
      38.97999027841924
     ],
     [
      -76.93895937166731,
      38.9800008581177
     ],
     [
      -76.93896727855942,
      38.980002137808356
     ],
     [
      -76.93896903394503,
      38.98000216304657
     ],
     [
      -76.93897954541994,
      38.98000373776366
     ],
     [
      -76.93898216010331,
      38.98000436700093
     ],
     [
      -76.9389829792476,
      38.980004689922644
     ],
     [
      -76.9389980905489,
      38.98001220886134
     ],
     [
      -76.93900152530388,
      38.980013426762746
     ],
     [
      -76.93901067546746,
      38.98001571782156
     ],
     [
      -76.93901597682081,
      38.98001647367334
     ],
     [
      -76.93904442558157,
      38.980018000984295
     ],
     [
      -76.93904745151112,
      38.98001818542823
     ],
     [
      -76.93905279639617,
      38.98001932144799
     ],
     [
      -76.93908002914583,
      38.98003115262244
     ],
     [
      -76.93908355249448,
      38.98003134272946
     ],
     [
      -76.93909226682669,
      38.9800277430781
     ],
     [
      -76.9390950251864,
      38.98002771208489
     ],
     [
      -76.93910305709704,
      38.9800285603377
     ],
     [
      -76.93913036249243,
      38.98002967175333
     ],
     [
      -76.93913172548548,
      38.98002969047914
     ],
     [
      -76.9391317774198,
      38.980029691407054
     ]
    ]
   },
   "properties": {
    "id": "ct-40",
    "kind": "Contour",
    "sourceId": "contours",
    "reliabilityLevel": 1,
    "revision": 1,
    "engineeringGeometry": {
     "crs": "EPSG:2248",
     "crsName": "NAD83 / Maryland State Plane (US survey feet)",
     "datum": "NAD83",
     "unit": "usSurveyFoot",
     "coordinates": [
      [
       1329708.8615951932,
       478414.00733594137,
       104
      ],
      [
       1329707.0725567928,
       478413.3370616995,
       104
      ],
      [
       1329706.8107462795,
       478412.9548445993,
       104
      ],
      [
       1329707.2618608759,
       478404.10971794336,
       104
      ],
      [
       1329707.2785931139,
       478403.627107364,
       104
      ],
      [
       1329707.2657978677,
       478403.4525670247,
       104
      ],
      [
       1329707.020063457,
       478402.3367556152,
       104
      ],
      [
       1329703.0945463772,
       478390.83251352527,
       104
      ],
      [
       1329702.866856529,
       478388.9155226018,
       104
      ],
      [
       1329702.4642982872,
       478381.5913902681,
       104
      ],
      [
       1329702.2877894419,
       478377.67669993907,
       104
      ],
      [
       1329702.350781455,
       478375.7019663492,
       104
      ],
      [
       1329702.873746289,
       478364.686568442,
       104
      ],
      [
       1329703.7877864486,
       478360.42607826507,
       104
      ],
      [
       1329706.278267036,
       478354.046497866,
       104
      ],
      [
       1329706.3839098664,
       478353.4900685215,
       104
      ],
      [
       1329706.4190147796,
       478348.8581880341,
       104
      ],
      [
       1329706.4455895403,
       478348.3417848555,
       104
      ],
      [
       1329706.3094349466,
       478336.73714927427,
       104
      ],
      [
       1329706.4990671263,
       478336.0694996823,
       104
      ],
      [
       1329706.5679646109,
       478335.79719052295,
       104
      ],
      [
       1329705.3232164527,
       478325.824113355,
       104
      ],
      [
       1329705.2979540336,
       478324.7827768549,
       104
      ],
      [
       1329706.574526279,
       478314.0797142881,
       104
      ],
      [
       1329707.840271784,
       478312.6141660283,
       104
      ],
      [
       1329708.0154682861,
       478312.5843104407,
       104
      ],
      [
       1329709.0141539546,
       478311.6883148669,
       104
      ],
      [
       1329706.4262326243,
       478301.36451661563,
       104
      ],
      [
       1329702.25793387,
       478299.3618959409,
       104
      ],
      [
       1329695.5112282038,
       478298.3563205244,
       104
      ],
      [
       1329694.2057846177,
       478299.7723281904,
       104
      ],
      [
       1329692.9328212836,
       478300.9196356075,
       104
      ],
      [
       1329690.2832202897,
       478301.46884710644,
       104
      ],
      [
       1329689.7018566218,
       478301.86189093516,
       104
      ],
      [
       1329685.533885948,
       478305.71227695764,
       104
      ],
      [
       1329683.285858958,
       478306.17684293847,
       104
      ],
      [
       1329682.786844207,
       478306.1857011826,
       104
      ],
      [
       1329679.7983331238,
       478306.7572223653,
       104
      ],
      [
       1329679.0548962704,
       478306.9858964513,
       104
      ],
      [
       1329678.8219571244,
       478307.10335028067,
       104
      ],
      [
       1329674.5243935406,
       478309.8389091236,
       104
      ],
      [
       1329673.5476894479,
       478310.2818215954,
       104
      ],
      [
       1329670.945988624,
       478311.1144971078,
       104
      ],
      [
       1329669.4387737804,
       478311.388774776,
       104
      ],
      [
       1329661.3511915342,
       478311.9396266889,
       104
      ],
      [
       1329660.490957028,
       478312.00622760854,
       104
      ],
      [
       1329658.9712750292,
       478312.41895643435,
       104
      ],
      [
       1329651.2268679573,
       478316.72275361716,
       104
      ],
      [
       1329650.2252295322,
       478316.79132303345,
       104
      ],
      [
       1329647.748856541,
       478315.47866161,
       104
      ],
      [
       1329646.9647373683,
       478315.4668505995,
       104
      ],
      [
       1329644.6812773645,
       478315.77426468924,
       104
      ],
      [
       1329636.9188257,
       478316.1738701826,
       104
      ],
      [
       1329636.5313592814,
       478316.1804318504,
       104
      ],
      [
       1329636.5165955434,
       478316.1807599545,
       104
      ]
     ]
    },
    "elevationFt": 104,
    "weight": "intermediate",
    "hidden": true
   }
  },
  {
   "type": "Feature",
   "geometry": {
    "type": "LineString",
    "coordinates": [
     [
      -76.93887677859497,
      38.980255215290185
     ],
     [
      -76.9388795431562,
      38.98024123777576
     ],
     [
      -76.93888232194588,
      38.98023085364856
     ],
     [
      -76.93888253190349,
      38.980229615127655
     ],
     [
      -76.93888255650154,
      38.980225156971386
     ],
     [
      -76.93888222812227,
      38.98019357577425
     ],
     [
      -76.93888186162111,
      38.980176837404954
     ],
     [
      -76.93888164843943,
      38.98016972530201
     ],
     [
      -76.93887945222733,
      38.98013869623332
     ],
     [
      -76.93887884619708,
      38.98013479895959
     ],
     [
      -76.93887793265199,
      38.98012343551044
     ],
     [
      -76.93887666228393,
      38.98012037925751
     ],
     [
      -76.93887590353908,
      38.9801196059555
     ]
    ]
   },
   "properties": {
    "id": "ct-41",
    "kind": "Contour",
    "sourceId": "contours",
    "reliabilityLevel": 1,
    "revision": 1,
    "engineeringGeometry": {
     "crs": "EPSG:2248",
     "crsName": "NAD83 / Maryland State Plane (US survey feet)",
     "datum": "NAD83",
     "unit": "usSurveyFoot",
     "coordinates": [
      [
       1329708.950833874,
       478398.36596302444,
       94
      ],
      [
       1329708.1683551176,
       478393.2747658532,
       94
      ],
      [
       1329707.3809551084,
       478389.492293112,
       94
      ],
      [
       1329707.3215720325,
       478389.0411785067,
       94
      ],
      [
       1329707.315666544,
       478387.4174941105,
       94
      ],
      [
       1329707.4167162015,
       478375.9155486,
       94
      ],
      [
       1329707.5249837032,
       478369.8194321992,
       94
      ],
      [
       1329707.5873195354,
       478367.2292142704,
       94
      ],
      [
       1329708.2192080317,
       478355.92871195107,
       94
      ],
      [
       1329708.3924360368,
       478354.50942343904,
       94
      ],
      [
       1329708.6549026952,
       478350.3709802687,
       94
      ],
      [
       1329709.016778614,
       478349.25812160416,
       94
      ],
      [
       1329709.2326574496,
       478348.97662610875,
       94
      ]
     ]
    },
    "elevationFt": 94,
    "weight": "intermediate",
    "hidden": true
   }
  },
  {
   "type": "Feature",
   "geometry": {
    "type": "LineString",
    "coordinates": [
     [
      -76.9388776780311,
      38.98039469726844
     ],
     [
      -76.93887580103176,
      38.98038574571821
     ],
     [
      -76.93887531668373,
      38.98037857311878
     ],
     [
      -76.93887623000762,
      38.98037674402623
     ],
     [
      -76.93887755074715,
      38.98037490163424
     ]
    ]
   },
   "properties": {
    "id": "ct-42",
    "kind": "Contour",
    "sourceId": "contours",
    "reliabilityLevel": 1,
    "revision": 1,
    "engineeringGeometry": {
     "crs": "EPSG:2248",
     "crsName": "NAD83 / Maryland State Plane (US survey feet)",
     "datum": "NAD83",
     "unit": "usSurveyFoot",
     "coordinates": [
      [
       1329708.6611362798,
       478449.1657301867,
       100
      ],
      [
       1329709.1968963684,
       478445.9058941877,
       100
      ],
      [
       1329709.3363317868,
       478443.29369468545,
       100
      ],
      [
       1329709.0771459474,
       478442.6273574399,
       100
      ],
      [
       1329708.7021467062,
       478441.9560989344,
       100
      ]
     ]
    },
    "elevationFt": 100,
    "weight": "index",
    "hidden": false
   }
  },
  {
   "type": "Feature",
   "geometry": {
    "type": "LineString",
    "coordinates": [
     [
      -76.93888267519806,
      38.98044199304465
     ],
     [
      -76.93887645733194,
      38.98043463908622
     ],
     [
      -76.93887564136924,
      38.980430602075614
     ],
     [
      -76.93887503889002,
      38.980417181311815
     ],
     [
      -76.93887556160685,
      38.980401153255826
     ],
     [
      -76.93887548311321,
      38.98039982360131
     ],
     [
      -76.93887393109203,
      38.98039143613553
     ],
     [
      -76.93887325312895,
      38.980378559428814
     ],
     [
      -76.93887472857972,
      38.980375302826886
     ],
     [
      -76.93887709893583,
      38.98037150710008
     ],
     [
      -76.93887373628849,
      38.98036693727335
     ],
     [
      -76.93887090513302,
      38.980361672289604
     ],
     [
      -76.93887421035818,
      38.980344385437434
     ],
     [
      -76.93887501655958,
      38.98033961960855
     ],
     [
      -76.9388738409071,
      38.98032301503929
     ],
     [
      -76.93887180355591,
      38.98029784049795
     ],
     [
      -76.93887244489798,
      38.98029555544716
     ],
     [
      -76.93887391671277,
      38.98029384465424
     ],
     [
      -76.93887652967983,
      38.980287068233544
     ],
     [
      -76.93887626115513,
      38.98027854721587
     ],
     [
      -76.93887567087395,
      38.9802710890003
     ],
     [
      -76.93887593641914,
      38.98026828397876
     ],
     [
      -76.93887683670242,
      38.980264164989244
     ]
    ]
   },
   "properties": {
    "id": "ct-43",
    "kind": "Contour",
    "sourceId": "contours",
    "reliabilityLevel": 1,
    "revision": 1,
    "engineeringGeometry": {
     "crs": "EPSG:2248",
     "crsName": "NAD83 / Maryland State Plane (US survey feet)",
     "datum": "NAD83",
     "unit": "usSurveyFoot",
     "coordinates": [
      [
       1329707.2290525406,
       478466.3901052081,
       96
      ],
      [
       1329708.9984059453,
       478463.7129451879,
       96
      ],
      [
       1329709.2313451138,
       478462.24280378444,
       96
      ],
      [
       1329709.4058854545,
       478457.3550182704,
       96
      ],
      [
       1329709.2612007086,
       478451.51743152784,
       96
      ],
      [
       1329709.2838384546,
       478451.0331805438,
       96
      ],
      [
       1329709.7270790285,
       478447.9787246865,
       96
      ],
      [
       1329709.922944784,
       478443.2891015266,
       96
      ],
      [
       1329709.5043104622,
       478442.102752195,
       96
      ],
      [
       1329708.8314115354,
       478440.7198809291,
       96
      ],
      [
       1329709.7884306198,
       478439.05617035483,
       96
      ],
      [
       1329710.5945313734,
       478437.1391794527,
       96
      ],
      [
       1329709.6591657836,
       478430.842604106,
       96
      ],
      [
       1329709.4311478713,
       478429.1067152018,
       96
      ],
      [
       1329709.7694017915,
       478423.05948319874,
       96
      ],
      [
       1329710.3547024527,
       478413.8911944431,
       96
      ],
      [
       1329710.1729442915,
       478413.05884701345,
       96
      ],
      [
       1329709.754966129,
       478412.43548870017,
       96
      ],
      [
       1329709.0138258594,
       478409.9669896983,
       96
      ],
      [
       1329709.0922377848,
       478406.8636494309,
       96
      ],
      [
       1329709.2618568626,
       478404.1474475176,
       96
      ],
      [
       1329709.1870538748,
       478403.1257960359,
       96
      ],
      [
       1329708.932133113,
       478401.62547094066,
       96
      ]
     ]
    },
    "elevationFt": 96,
    "weight": "intermediate",
    "hidden": false
   }
  },
  {
   "type": "Feature",
   "geometry": {
    "type": "LineString",
    "coordinates": [
     [
      -76.9387370937496,
      38.98104139418648
     ],
     [
      -76.93874702895894,
      38.981031470529246
     ],
     [
      -76.93876117676085,
      38.981020181629
     ],
     [
      -76.9387738140424,
      38.98100324017855
     ],
     [
      -76.93877936797018,
      38.98099354213283
     ],
     [
      -76.93879124626027,
      38.980974750895406
     ],
     [
      -76.93879959446062,
      38.98096087089324
     ],
     [
      -76.93881085503754,
      38.9809410190629
     ],
     [
      -76.93882678804812,
      38.98091920948643
     ],
     [
      -76.93882730011302,
      38.98091560556502
     ],
     [
      -76.9388248538572,
      38.98091099387808
     ],
     [
      -76.93882241316854,
      38.98090258703046
     ],
     [
      -76.93882488576466,
      38.98088055151275
     ],
     [
      -76.9388283886025,
      38.9808737611462
     ],
     [
      -76.9388375410782,
      38.98086003560231
     ],
     [
      -76.93884903312608,
      38.98083671121963
     ],
     [
      -76.93885157953474,
      38.98082951678395
     ],
     [
      -76.93885642946832,
      38.98081707356126
     ],
     [
      -76.93886935754755,
      38.980785315529694
     ],
     [
      -76.93887216747086,
      38.98075077497406
     ],
     [
      -76.93887187754244,
      38.98072953343677
     ],
     [
      -76.93887440952554,
      38.98072165797143
     ],
     [
      -76.93888689060145,
      38.98069836022515
     ],
     [
      -76.93889130840118,
      38.98067974344073
     ],
     [
      -76.93889102789637,
      38.980670384653024
     ],
     [
      -76.93888767579558,
      38.98065484642204
     ],
     [
      -76.93888281811985,
      38.98063731478565
     ],
     [
      -76.93888265048717,
      38.980608045184795
     ],
     [
      -76.93888424803822,
      38.98060103311914
     ],
     [
      -76.9388839664403,
      38.98059025913906
     ],
     [
      -76.9388828268422,
      38.98058543464092
     ],
     [
      -76.9388761791121,
      38.98057061174165
     ],
     [
      -76.93885827511085,
      38.980545161363956
     ],
     [
      -76.93885245789048,
      38.98053088299391
     ],
     [
      -76.93885260814716,
      38.9805185219907
     ],
     [
      -76.93885455732297,
      38.9805052322795
     ],
     [
      -76.9388553067599,
      38.9804953380406
     ],
     [
      -76.93885476251867,
      38.980492060564956
     ],
     [
      -76.93884809062278,
      38.98047179308188
     ],
     [
      -76.93884043640516,
      38.980457100273206
     ],
     [
      -76.93883194039134,
      38.98044292589728
     ],
     [
      -76.9388293545651,
      38.98042479820087
     ],
     [
      -76.93883030105572,
      38.9804206350958
     ],
     [
      -76.93883074826762,
      38.98040518622915
     ],
     [
      -76.93882828386455,
      38.98039081322307
     ],
     [
      -76.93882552309283,
      38.98037616170775
     ],
     [
      -76.9388250040399,
      38.98036505700107
     ],
     [
      -76.93882504927117,
      38.98034463628632
     ],
     [
      -76.93882293605772,
      38.98031777626619
     ],
     [
      -76.93882800852042,
      38.980300172349324
     ],
     [
      -76.93884410003162,
      38.98028311829108
     ],
     [
      -76.93884476024215,
      38.98028170975036
     ],
     [
      -76.93884505223538,
      38.980277674219536
     ],
     [
      -76.93884601938433,
      38.98027364264503
     ],
     [
      -76.93884636945255,
      38.980271866406675
     ],
     [
      -76.93884366545079,
      38.98026099567194
     ],
     [
      -76.93883201936822,
      38.98023665296866
     ],
     [
      -76.93882865921081,
      38.980219783315235
     ],
     [
      -76.93882594745183,
      38.98019778922307
     ],
     [
      -76.93882388665651,
      38.980189190697835
     ],
     [
      -76.93881861890982,
      38.98018019773653
     ],
     [
      -76.9388005084763,
      38.9801573929548
     ],
     [
      -76.9387927933059,
      38.980142500127585
     ],
     [
      -76.93879085445838,
      38.98013704733668
     ],
     [
      -76.93878275119228,
      38.98012386676869
     ],
     [
      -76.93877003323182,
      38.9801126610891
     ],
     [
      -76.93875129121459,
      38.980094251080516
     ],
     [
      -76.93875046751188,
      38.98009386059318
     ],
     [
      -76.93873318603754,
      38.980090886034844
     ],
     [
      -76.93871184532298,
      38.98008816518045
     ],
     [
      -76.93869797157244,
      38.98008295115687
     ],
     [
      -76.93868454673407,
      38.980079125534054
     ],
     [
      -76.9386811645365,
      38.98007852831739
     ],
     [
      -76.9386572500574,
      38.98007457558037
     ],
     [
      -76.93864838395014,
      38.98007346201767
     ],
     [
      -76.9386383233418,
      38.98007099929669
     ],
     [
      -76.93863753300847,
      38.98007072593292
     ],
     [
      -76.93862582547618,
      38.980066926427405
     ]
    ]
   },
   "properties": {
    "id": "ct-44",
    "kind": "Contour",
    "sourceId": "contours",
    "reliabilityLevel": 1,
    "revision": 1,
    "engineeringGeometry": {
     "crs": "EPSG:2248",
     "crsName": "NAD83 / Maryland State Plane (US survey feet)",
     "datum": "NAD83",
     "unit": "usSurveyFoot",
     "coordinates": [
      [
       1329748.4671590305,
       478684.7223456892,
       90
      ],
      [
       1329745.6453142911,
       478681.1062111966,
       90
      ],
      [
       1329741.6262934445,
       478676.99204619747,
       90
      ],
      [
       1329738.0380460313,
       478670.81948636007,
       90
      ],
      [
       1329736.461605625,
       478667.28635693504,
       90
      ],
      [
       1329733.0895651295,
       478660.4402420249,
       90
      ],
      [
       1329730.719819197,
       478655.38349360926,
       90
      ],
      [
       1329727.5236313583,
       478648.1512246179,
       90
      ],
      [
       1329722.9996902868,
       478640.2050462868,
       90
      ],
      [
       1329722.855005526,
       478638.8923848603,
       90
      ],
      [
       1329723.5515264575,
       478637.213254368,
       90
      ],
      [
       1329724.2473912043,
       478634.15190877847,
       90
      ],
      [
       1329723.5498860334,
       478626.12600619224,
       90
      ],
      [
       1329722.5557935385,
       478623.65225785674,
       90
      ],
      [
       1329719.9573735448,
       478618.6516116997,
       90
      ],
      [
       1329716.696225211,
       478610.1545814313,
       90
      ],
      [
       1329715.9741137864,
       478607.5338517586,
       90
      ],
      [
       1329714.598460369,
       478603.0010524406,
       90
      ],
      [
       1329710.9311448631,
       478591.432177943,
       90
      ],
      [
       1329710.1407921144,
       478578.85182252066,
       90
      ],
      [
       1329710.2283903637,
       478571.11561751453,
       90
      ],
      [
       1329709.5105440326,
       478568.2468568628,
       90
      ],
      [
       1329705.9682282796,
       478559.7593410224,
       90
      ],
      [
       1329704.7169184503,
       478552.97818660585,
       90
      ],
      [
       1329704.798939289,
       478549.5697288679,
       90
      ],
      [
       1329705.755630284,
       478543.91127560526,
       90
      ],
      [
       1329707.1407981159,
       478537.5271020259,
       90
      ],
      [
       1329707.1955880348,
       478526.8670183487,
       90
      ],
      [
       1329706.743161125,
       478524.31288959866,
       90
      ],
      [
       1329706.8258381174,
       478520.3890129366,
       90
      ],
      [
       1329707.1509687002,
       478518.6321266828,
       90
      ],
      [
       1329709.0443376158,
       478513.2348277773,
       90
      ],
      [
       1329714.1401279557,
       478503.9690982814,
       90
      ],
      [
       1329715.7972768696,
       478498.76996169344,
       90
      ],
      [
       1329715.7575787904,
       478494.26800219313,
       90
      ],
      [
       1329715.2067268637,
       478489.42746069963,
       90
      ],
      [
       1329714.9960973652,
       478485.82379337086,
       90
      ],
      [
       1329715.1516088664,
       478484.6302261876,
       90
      ],
      [
       1329717.0531798752,
       478477.2499915984,
       90
      ],
      [
       1329719.2326374417,
       478471.90026478405,
       90
      ],
      [
       1329721.6512677786,
       478466.73951394815,
       90
      ],
      [
       1329722.3907676153,
       478460.1378211003,
       90
      ],
      [
       1329722.1227235324,
       478458.62141995213,
       90
      ],
      [
       1329721.9993641952,
       478452.9947907707,
       90
      ],
      [
       1329722.7034310396,
       478447.760549286,
       90
      ],
      [
       1329723.4918152816,
       478442.424930031,
       90
      ],
      [
       1329723.6420774583,
       478438.3806467793,
       90
      ],
      [
       1329723.6342034456,
       478430.9433256924,
       90
      ],
      [
       1329724.241485703,
       478421.1611930179,
       90
      ],
      [
       1329722.8038245458,
       478414.7488042679,
       90
      ],
      [
       1329718.233623695,
       478408.5345778569,
       90
      ],
      [
       1329718.0462881182,
       478408.0214555213,
       90
      ],
      [
       1329717.9642672786,
       478406.5516421915,
       90
      ],
      [
       1329717.6903177046,
       478405.0831411958,
       90
      ],
      [
       1329717.5912365299,
       478404.4361608616,
       90
      ],
      [
       1329718.3625604496,
       478400.477507355,
       90
      ],
      [
       1329721.6791548708,
       478391.6140080116,
       90
      ],
      [
       1329722.638470522,
       478385.47064761765,
       90
      ],
      [
       1329723.4147157012,
       478377.4608211027,
       90
      ],
      [
       1329724.0026410313,
       478374.32959377195,
       90
      ],
      [
       1329725.5023099459,
       478371.05532211857,
       90
      ],
      [
       1329730.6561710357,
       478362.7531733613,
       90
      ],
      [
       1329732.8530170268,
       478357.3306120332,
       90
      ],
      [
       1329733.4055093678,
       478355.34505169035,
       90
      ],
      [
       1329735.7122632829,
       478350.5461767705,
       90
      ],
      [
       1329739.3303662832,
       478346.46744477237,
       90
      ],
      [
       1329744.6627047057,
       478339.76601459866,
       90
      ],
      [
       1329744.8969561982,
       478339.6239545336,
       90
      ],
      [
       1329749.8103322063,
       478338.5439041864,
       90
      ],
      [
       1329755.8775772892,
       478337.5570295248,
       90
      ],
      [
       1329759.8227793707,
       478335.660707859,
       90
      ],
      [
       1329763.6400289508,
       478334.2699626065,
       90
      ],
      [
       1329764.6016412065,
       478334.053099531,
       90
      ],
      [
       1329771.4008402035,
       478332.61806301825,
       90
      ],
      [
       1329773.9215044482,
       478332.21419243957,
       90
      ],
      [
       1329776.7820630362,
       478331.319181105,
       90
      ],
      [
       1329777.0068001107,
       478331.2197718619,
       90
      ],
      [
       1329780.3358616943,
       478329.8382129577,
       90
      ]
     ]
    },
    "elevationFt": 90,
    "weight": "index",
    "hidden": false
   }
  },
  {
   "type": "Feature",
   "geometry": {
    "type": "LineString",
    "coordinates": [
     [
      -76.93885167825633,
      38.980097200653084
     ],
     [
      -76.93885126093595,
      38.98009665363581
     ],
     [
      -76.93884815470912,
      38.98009320456498
     ],
     [
      -76.93884653764049,
      38.98009203805549
     ],
     [
      -76.93882868298567,
      38.98008723183997
     ],
     [
      -76.93882586640639,
      38.98008651421312
     ],
     [
      -76.93878079789897,
      38.98007881112175
     ],
     [
      -76.938776950553,
      38.98007825960627
     ],
     [
      -76.93875330298889,
      38.98006319358458
     ],
     [
      -76.93874910529031,
      38.97995868429333
     ],
     [
      -76.93874530240825,
      38.97993998123132
     ],
     [
      -76.93873311503197,
      38.979941258519396
     ],
     [
      -76.93873112586432,
      38.97994065032316
     ],
     [
      -76.93871429603736,
      38.979941292800014
     ],
     [
      -76.93865114521962,
      38.97995879689973
     ],
     [
      -76.93864383103833,
      38.979958113842905
     ],
     [
      -76.93859971493355,
      38.97993415494237
     ],
     [
      -76.93858696288628,
      38.97992641648947
     ],
     [
      -76.93857876182663,
      38.97992098562948
     ],
     [
      -76.93853793361619,
      38.97989593933792
     ],
     [
      -76.93851359267492,
      38.97988606884569
     ],
     [
      -76.938511402993,
      38.97988511552534
     ],
     [
      -76.93850350055855,
      38.97988270707579
     ],
     [
      -76.93849388961404,
      38.979878116836495
     ],
     [
      -76.93840873032957,
      38.979765588142506
     ],
     [
      -76.93840742760538,
      38.97976394525737
     ],
     [
      -76.93840611954835,
      38.979763131125985
     ],
     [
      -76.93835093183759,
      38.979750343702555
     ],
     [
      -76.93834837837989,
      38.97974966493817
     ],
     [
      -76.93834367806174,
      38.979747902253585
     ],
     [
      -76.93832969976778,
      38.97974090720511
     ],
     [
      -76.93832803109943,
      38.97973803900778
     ],
     [
      -76.93833526443174,
      38.97972942825797
     ]
    ]
   },
   "properties": {
    "id": "ct-45",
    "kind": "Contour",
    "sourceId": "contours",
    "reliabilityLevel": 1,
    "revision": 1,
    "engineeringGeometry": {
     "crs": "EPSG:2248",
     "crsName": "NAD83 / Maryland State Plane (US survey feet)",
     "datum": "NAD83",
     "unit": "usSurveyFoot",
     "coordinates": [
      [
       1329716.1247040275,
       478340.8211306152,
       92
      ],
      [
       1329716.2434702031,
       478340.6219840371,
       92
      ],
      [
       1329717.1273266913,
       478339.36640911136,
       92
      ],
      [
       1329717.587299539,
       478338.94186927815,
       92
      ],
      [
       1329722.6640610364,
       478337.1948255259,
       92
      ],
      [
       1329723.464912459,
       478336.9339992821,
       92
      ],
      [
       1329736.2785351258,
       478334.13708885614,
       92
      ],
      [
       1329737.3723649494,
       478333.93695802055,
       92
      ],
      [
       1329744.0984013665,
       478328.45435744664,
       92
      ],
      [
       1329745.3172309545,
       478290.3924256959,
       92
      ],
      [
       1329746.402858704,
       478283.5814157009,
       92
      ],
      [
       1329749.867090626,
       478284.048934442,
       92
      ],
      [
       1329750.4327062778,
       478283.8278062751,
       92
      ],
      [
       1329755.2168174568,
       478284.06501053163,
       92
      ],
      [
       1329773.164616199,
       478290.45213685895,
       92
      ],
      [
       1329775.244008374,
       478290.20476202416,
       92
      ],
      [
       1329787.790899288,
       478281.48725976975,
       92
      ],
      [
       1329791.4178605422,
       478278.6713205214,
       92
      ],
      [
       1329793.7505330418,
       478276.69494652684,
       92
      ],
      [
       1329805.3630426223,
       478267.58079152094,
       92
      ],
      [
       1329812.2849447874,
       478263.99057560734,
       92
      ],
      [
       1329812.9076469503,
       478263.64379151724,
       92
      ],
      [
       1329815.1546896938,
       478262.76813710004,
       92
      ],
      [
       1329817.8879519517,
       478261.09819294687,
       92
      ],
      [
       1329842.1241239642,
       478220.13108327385,
       92
      ],
      [
       1329842.494858115,
       478219.5329873527,
       92
      ],
      [
       1329842.8669046154,
       478219.23672811093,
       92
      ],
      [
       1329858.5584742909,
       478214.59008386196,
       92
      ],
      [
       1329859.2845226969,
       478214.34336518665,
       92
      ],
      [
       1329860.6211342071,
       478213.7022903576,
       92
      ],
      [
       1329864.5965199445,
       478211.1573479528,
       92
      ],
      [
       1329865.0715846228,
       478210.1130586862,
       92
      ],
      [
       1329863.0174548682,
       478206.9755977796,
       92
      ]
     ]
    },
    "elevationFt": 92,
    "weight": "intermediate",
    "hidden": true
   }
  },
  {
   "type": "Feature",
   "geometry": {
    "type": "LineString",
    "coordinates": [
     [
      -76.93862582547618,
      38.980066926427405
     ],
     [
      -76.93862361596388,
      38.98006620911418
     ],
     [
      -76.93856463668466,
      38.98003605285045
     ],
     [
      -76.93854053186993,
      38.980021311742256
     ],
     [
      -76.93852472203358,
      38.98001151419775
     ],
     [
      -76.93851241119037,
      38.98000605865234
     ],
     [
      -76.93845994061405,
      38.97999128909891
     ],
     [
      -76.9384553431956,
      38.97998929225925
     ],
     [
      -76.93843876064659,
      38.979984230819966
     ],
     [
      -76.9384167129422,
      38.97997699641998
     ],
     [
      -76.93838495286506,
      38.97994232776206
     ],
     [
      -76.93837650312777,
      38.97993086845422
     ],
     [
      -76.93836787710548,
      38.97992574363507
     ],
     [
      -76.93834636911745,
      38.97991901036323
     ],
     [
      -76.93832260440703,
      38.9799101148248
     ],
     [
      -76.93827873931079,
      38.979893655280826
     ],
     [
      -76.93814823124787,
      38.97982840103254
     ],
     [
      -76.93810709975676,
      38.97980994484562
     ],
     [
      -76.93810473459304,
      38.97980773748012
     ],
     [
      -76.93810573545497,
      38.97980080888463
     ],
     [
      -76.93810522572669,
      38.97979637566829
     ],
     [
      -76.93808311206124,
      38.97977749714104
     ],
     [
      -76.93807975835487,
      38.979774682097464
     ]
    ]
   },
   "properties": {
    "id": "ct-46",
    "kind": "Contour",
    "sourceId": "contours",
    "reliabilityLevel": 1,
    "revision": 1,
    "engineeringGeometry": {
     "crs": "EPSG:2248",
     "crsName": "NAD83 / Maryland State Plane (US survey feet)",
     "datum": "NAD83",
     "unit": "usSurveyFoot",
     "coordinates": [
      [
       1329780.3358616943,
       478329.8382129577,
       90
      ],
      [
       1329780.9641412948,
       478329.57738668943,
       90
      ],
      [
       1329797.737729788,
       478318.6056238525,
       90
      ],
      [
       1329804.5936872042,
       478313.2414613746,
       90
      ],
      [
       1329809.0903973766,
       478309.67617977643,
       90
      ],
      [
       1329812.59137462,
       478307.6916036911,
       90
      ],
      [
       1329827.510964201,
       478302.32251994405,
       90
      ],
      [
       1329828.8183762878,
       478301.5961434344,
       90
      ],
      [
       1329833.5335899508,
       478299.755924021,
       90
      ],
      [
       1329839.8029343649,
       478297.12535187113,
       90
      ],
      [
       1329848.8399897753,
       478284.50497027364,
       90
      ],
      [
       1329851.2448406261,
       478280.3330626143,
       90
      ],
      [
       1329853.6982477903,
       478278.4682369408,
       90
      ],
      [
       1329859.8140491988,
       478276.0200790955,
       90
      ],
      [
       1329866.5719097098,
       478272.7848493566,
       90
      ],
      [
       1329879.0456380364,
       478266.7986408599,
       90
      ],
      [
       1329916.1617055372,
       478243.0578746927,
       90
      ],
      [
       1329927.8588606229,
       478236.34397736436,
       90
      ],
      [
       1329928.5317595247,
       478235.540501274,
       90
      ],
      [
       1329928.2489517003,
       478233.016884274,
       90
      ],
      [
       1329928.3949487777,
       478231.4023861833,
       90
      ],
      [
       1329934.6859467002,
       478224.53100886283,
       90
      ],
      [
       1329935.6400130359,
       478223.5064046117,
       90
      ]
     ]
    },
    "elevationFt": 90,
    "weight": "index",
    "hidden": true
   }
  },
  {
   "type": "Feature",
   "geometry": {
    "type": "LineString",
    "coordinates": [
     [
      -76.93893290549701,
      38.98062034333535
     ],
     [
      -76.93893531448015,
      38.980611882269855
     ],
     [
      -76.93892871013128,
      38.98060029154616
     ],
     [
      -76.9389272649837,
      38.980596467702355
     ],
     [
      -76.93893000932137,
      38.98057511874947
     ],
     [
      -76.93893945814965,
      38.980568359409254
     ],
     [
      -76.93893958089653,
      38.980567881136736
     ],
     [
      -76.93893957668146,
      38.98056741270704
     ],
     [
      -76.93893621493048,
      38.98055235461036
     ],
     [
      -76.93892667281699,
      38.98052791482686
     ],
     [
      -76.93892574011558,
      38.98052542086404
     ],
     [
      -76.93892567341122,
      38.980525146979275
     ],
     [
      -76.93891959158358,
      38.980500449565135
     ],
     [
      -76.93891466681104,
      38.980477720150525
     ],
     [
      -76.93891408348419,
      38.98047560561619
     ],
     [
      -76.93891335344456,
      38.980474999882404
     ],
     [
      -76.93889999210334,
      38.980457591721084
     ],
     [
      -76.93890390724758,
      38.98043966830576
     ],
     [
      -76.9389037262469,
      38.98043943940239
     ],
     [
      -76.93888889069476,
      38.980434617657934
     ],
     [
      -76.93888762989715,
      38.98043385220109
     ],
     [
      -76.93888586696511,
      38.9804291570955
     ],
     [
      -76.9388807209975,
      38.980408675114944
     ],
     [
      -76.93888062665299,
      38.980402951241466
     ],
     [
      -76.9388804421644,
      38.98040006130746
     ],
     [
      -76.93887762890722,
      38.98038738346741
     ]
    ]
   },
   "properties": {
    "id": "ct-47",
    "kind": "Contour",
    "sourceId": "contours",
    "reliabilityLevel": 1,
    "revision": 1,
    "engineeringGeometry": {
     "crs": "EPSG:2248",
     "crsName": "NAD83 / Maryland State Plane (US survey feet)",
     "datum": "NAD83",
     "unit": "usSurveyFoot",
     "coordinates": [
      [
       1329692.9065746216,
       478531.3364976053,
       102
      ],
      [
       1329692.2238331952,
       478528.25448277034,
       102
      ],
      [
       1329694.1040787783,
       478524.0343468574,
       102
      ],
      [
       1329694.5158233594,
       478522.6419611941,
       102
      ],
      [
       1329693.7408905332,
       478514.86605811096,
       102
      ],
      [
       1329691.0565126974,
       478512.402480366,
       102
      ],
      [
       1329691.0217358703,
       478512.22826810024,
       102
      ],
      [
       1329691.0230482048,
       478512.05766477564,
       102
      ],
      [
       1329691.9823638625,
       478506.5740799442,
       102
      ],
      [
       1329694.700862379,
       478497.6748195294,
       102
      ],
      [
       1329694.9666098652,
       478496.7666848593,
       102
      ],
      [
       1329694.985638705,
       478496.6669475243,
       102
      ],
      [
       1329696.7205433669,
       478487.67319910496,
       102
      ],
      [
       1329698.1260523673,
       478479.3959846907,
       102
      ],
      [
       1329698.2923906185,
       478478.6259730954,
       102
      ],
      [
       1329698.500067367,
       478478.4055011002,
       102
      ],
      [
       1329702.3025532048,
       478472.0679153607,
       102
      ],
      [
       1329701.193959627,
       478465.5393851033,
       102
      ],
      [
       1329701.2454686968,
       478465.4560519406,
       102
      ],
      [
       1329705.4639642027,
       478463.70277461264,
       102
      ],
      [
       1329705.8225592815,
       478463.42423185,
       102
      ],
      [
       1329706.324854856,
       478461.7145895984,
       102
      ],
      [
       1329707.7926997077,
       478454.2559431188,
       102
      ],
      [
       1329707.8209148645,
       478452.17130161874,
       102
      ],
      [
       1329707.8740643708,
       478451.1188102828,
       102
      ],
      [
       1329708.67688429,
       478446.50202160917,
       102
      ]
     ]
    },
    "elevationFt": 102,
    "weight": "intermediate",
    "hidden": true
   }
  },
  {
   "type": "Feature",
   "geometry": {
    "type": "LineString",
    "coordinates": [
     [
      -76.93887723578851,
      38.98032633183922
     ],
     [
      -76.93887548510355,
      38.980307364112825
     ],
     [
      -76.93887461664302,
      38.980298603162915
     ],
     [
      -76.93887502928372,
      38.980297880018355
     ],
     [
      -76.93887704740172,
      38.98029704240761
     ]
    ]
   },
   "properties": {
    "id": "ct-48",
    "kind": "Contour",
    "sourceId": "contours",
    "reliabilityLevel": 1,
    "revision": 1,
    "engineeringGeometry": {
     "crs": "EPSG:2248",
     "crsName": "NAD83 / Maryland State Plane (US survey feet)",
     "datum": "NAD83",
     "unit": "usSurveyFoot",
     "coordinates": [
      [
       1329708.8035244492,
       478424.26682985853,
       102
      ],
      [
       1329709.3058200325,
       478417.3590352918,
       102
      ],
      [
       1329709.5548352858,
       478414.1684248502,
       102
      ],
      [
       1329709.4377095406,
       478413.9049739411,
       102
      ],
      [
       1329708.8642198746,
       478413.5995283633,
       102
      ]
     ]
    },
    "elevationFt": 102,
    "weight": "intermediate",
    "hidden": false
   }
  },
  {
   "type": "Feature",
   "geometry": {
    "type": "LineString",
    "coordinates": [
     [
      -76.93887199643072,
      38.98009992364997
     ],
     [
      -76.93887094506125,
      38.9800958531856
     ],
     [
      -76.9388683979774,
      38.980090415392056
     ],
     [
      -76.93886743163588,
      38.98008812950089
     ],
     [
      -76.93886562304898,
      38.98007612599992
     ],
     [
      -76.93886171685986,
      38.980068829099494
     ],
     [
      -76.93885282439216,
      38.98005808394699
     ],
     [
      -76.93883083220021,
      38.980049295735775
     ],
     [
      -76.93882861196147,
      38.98004897208022
     ],
     [
      -76.9388157005415,
      38.980039958905614
     ],
     [
      -76.93884919558035,
      38.97993602874048
     ],
     [
      -76.93890257401547,
      38.979927116876944
     ],
     [
      -76.93891592560425,
      38.97993155319412
     ],
     [
      -76.93893873677276,
      38.97995698991351
     ],
     [
      -76.93894633544632,
      38.97997989638574
     ],
     [
      -76.9389484412052,
      38.97998317197394
     ],
     [
      -76.93895407133722,
      38.979990827397806
     ],
     [
      -76.93896039797914,
      38.97999646083899
     ],
     [
      -76.93896483930622,
      38.979997461267885
     ],
     [
      -76.93897013400922,
      38.97999789462395
     ],
     [
      -76.93897599935113,
      38.97999908406727
     ],
     [
      -76.93898399201815,
      38.98000127903708
     ],
     [
      -76.93898645756776,
      38.98000220366617
     ],
     [
      -76.93899433988203,
      38.980005230937394
     ],
     [
      -76.93900163115313,
      38.98000707061612
     ],
     [
      -76.93900252309237,
      38.98000729358439
     ]
    ]
   },
   "properties": {
    "id": "ct-49",
    "kind": "Contour",
    "sourceId": "contours",
    "reliabilityLevel": 1,
    "revision": 1,
    "engineeringGeometry": {
     "crs": "EPSG:2248",
     "crsName": "NAD83 / Maryland State Plane (US survey feet)",
     "datum": "NAD83",
     "unit": "usSurveyFoot",
     "coordinates": [
      [
       1329710.3481407873,
       478341.80898952205,
       98
      ],
      [
       1329710.6480089591,
       478340.3267090376,
       98
      ],
      [
       1329711.373401209,
       478338.3467261202,
       98
      ],
      [
       1329711.6486631143,
       478337.51437869057,
       98
      ],
      [
       1329712.1657224547,
       478333.14299635816,
       98
      ],
      [
       1329713.2779249493,
       478330.4861775281,
       98
      ],
      [
       1329715.8084316992,
       478326.57443994406,
       98
      ],
      [
       1329722.062356203,
       478323.3779240155,
       98
      ],
      [
       1329722.693588534,
       478323.2604701953,
       98
      ],
      [
       1329726.3661533683,
       478319.9802930306,
       98
      ],
      [
       1329716.869781287,
       478282.122101023,
       98
      ],
      [
       1329701.6978956116,
       478278.8662020173,
       98
      ],
      [
       1329697.90131528,
       478280.47938777687,
       98
      ],
      [
       1329691.4105146206,
       478289.7392117767,
       98
      ],
      [
       1329689.2448365425,
       478298.0804024484,
       98
      ],
      [
       1329688.645428279,
       478299.2729853742,
       98
      ],
      [
       1329687.0430692842,
       478302.06005326496,
       98
      ],
      [
       1329685.243204113,
       478304.11057410436,
       98
      ],
      [
       1329683.9804113645,
       478304.4740904374,
       98
      ],
      [
       1329682.475165038,
       478304.6309142824,
       98
      ],
      [
       1329680.8075174536,
       478305.0630000103,
       98
      ],
      [
       1329678.5348841958,
       478305.8608986904,
       98
      ],
      [
       1329677.833770116,
       478306.1971841133,
       98
      ],
      [
       1329675.5923047801,
       478307.29823177046,
       98
      ],
      [
       1329673.5191462003,
       478307.96686560765,
       98
      ],
      [
       1329673.265537782,
       478308.0479021847,
       98
      ]
     ]
    },
    "elevationFt": 98,
    "weight": "intermediate",
    "hidden": true
   }
  },
  {
   "type": "Feature",
   "geometry": {
    "type": "LineString",
    "coordinates": [
     [
      -76.93885922991939,
      38.98009821262111
     ],
     [
      -76.93885696866566,
      38.980094575720415
     ],
     [
      -76.93885502440114,
      38.98009139660309
     ],
     [
      -76.93885225229175,
      38.980087273892046
     ],
     [
      -76.9388406615047,
      38.98008055940825
     ],
     [
      -76.93883438687416,
      38.9800775284634
     ],
     [
      -76.9387974683058,
      38.980068977462516
     ],
     [
      -76.93879416563877,
      38.980068500100074
     ],
     [
      -76.9387749934389,
      38.980055117358965
     ],
     [
      -76.93882473555583,
      38.979900795599605
     ],
     [
      -76.93890384506864,
      38.979891683696636
     ],
     [
      -76.93890962468619,
      38.97989458105764
     ],
     [
      -76.93894531133982,
      38.97993861837308
     ],
     [
      -76.93894981306863,
      38.97995936665995
     ]
    ]
   },
   "properties": {
    "id": "ct-50",
    "kind": "Contour",
    "sourceId": "contours",
    "reliabilityLevel": 1,
    "revision": 1,
    "engineeringGeometry": {
     "crs": "EPSG:2248",
     "crsName": "NAD83 / Maryland State Plane (US survey feet)",
     "datum": "NAD83",
     "unit": "usSurveyFoot",
     "coordinates": [
      [
       1329713.9777266954,
       478341.1882558526,
       94
      ],
      [
       1329714.62142621,
       478339.86411152285,
       94
      ],
      [
       1329715.1749027837,
       478338.70663352136,
       94
      ],
      [
       1329715.963943197,
       478337.2056522789,
       94
      ],
      [
       1329719.2605245407,
       478334.7624156844,
       94
      ],
      [
       1329721.0449697853,
       478333.65972761344,
       94
      ],
      [
       1329731.5419960308,
       478330.55245035584,
       94
      ],
      [
       1329732.4809705322,
       478330.3792223568,
       94
      ],
      [
       1329737.9343717047,
       478325.5088252665,
       94
      ],
      [
       1329723.831709623,
       478269.29469885776,
       94
      ],
      [
       1329701.345206035,
       478265.96104411496,
       94
      ],
      [
       1329699.7015085355,
       478267.0151758587,
       94
      ],
      [
       1329689.5460170268,
       478283.04696793295,
       94
      ],
      [
       1329688.2612427,
       478290.6027271098,
       94
      ]
     ]
    },
    "elevationFt": 94,
    "weight": "intermediate",
    "hidden": true
   }
  },
  {
   "type": "Feature",
   "geometry": {
    "type": "LineString",
    "coordinates": [
     [
      -76.9386347618443,
      38.9798323461867
     ],
     [
      -76.93863339609264,
      38.97983151491189
     ],
     [
      -76.93863252178342,
      38.97983092621623
     ],
     [
      -76.93862271990962,
      38.97982289654772
     ]
    ]
   },
   "properties": {
    "id": "ct-51",
    "kind": "Contour",
    "sourceId": "contours",
    "reliabilityLevel": 1,
    "revision": 1,
    "engineeringGeometry": {
     "crs": "EPSG:2248",
     "crsName": "NAD83 / Maryland State Plane (US survey feet)",
     "datum": "NAD83",
     "unit": "usSurveyFoot",
     "coordinates": [
      [
       1329777.8529270445,
       478244.4013759429,
       94
      ],
      [
       1329778.2413777066,
       478244.09888309485,
       94
      ],
      [
       1329778.4900648745,
       478243.88464469684,
       94
      ],
      [
       1329781.2784451323,
       478240.9620783538,
       94
      ]
     ]
    },
    "elevationFt": 94,
    "weight": "intermediate",
    "hidden": true
   }
  },
  {
   "type": "Feature",
   "geometry": {
    "type": "Polygon",
    "coordinates": [
     [
      [
       -76.93801600045161,
       38.980441377966386
      ],
      [
       -76.93801571624111,
       38.98078226736891
      ],
      [
       -76.93812103741945,
       38.980803292475905
      ],
      [
       -76.93847221054799,
       38.98085272298602
      ],
      [
       -76.93901409597056,
       38.98092082724484
      ],
      [
       -76.93907874104141,
       38.98058183714246
      ],
      [
       -76.93801600045161,
       38.980441377966386
      ]
     ]
    ]
   },
   "properties": {
    "id": "buildable-envelope",
    "kind": "ProposedFeature",
    "sourceId": "gis1",
    "reliabilityLevel": 1,
    "revision": 1,
    "engineeringGeometry": {
     "crs": "EPSG:2248",
     "crsName": "NAD83 / Maryland State Plane (US survey feet)",
     "datum": "NAD83",
     "unit": "usSurveyFoot",
     "coordinates": [
      [
       1329953.5998484346,
       478466.3322048303
      ],
      [
       1329953.596341947,
       478590.48565752094
      ],
      [
       1329923.65151995,
       478598.12278136064
      ],
      [
       1329823.811496531,
       478616.0581129371
      ],
      [
       1329669.7534109235,
       478640.7586150489
      ],
      [
       1329651.4591964334,
       478517.2846759729
      ],
      [
       1329953.5998484346,
       478466.3322048303
      ]
     ]
    },
    "label": "Buildable envelope",
    "setbacks": {
     "frontFt": 0,
     "sideFt": 0,
     "rearFt": 0,
     "maxFt": 0,
     "source": "Subtitle 27, Sec. 27-4204"
    }
   }
  },
  {
   "type": "Feature",
   "geometry": {
    "type": "Polygon",
    "coordinates": [
     [
      [
       -76.93801934197889,
       38.98065277834387
      ],
      [
       -76.93801928172851,
       38.980725048312976
      ],
      [
       -76.93817966046484,
       38.980725129658644
      ],
      [
       -76.93817972055254,
       38.98065285968944
      ],
      [
       -76.93801934197889,
       38.98065277834387
      ]
     ]
    ]
   },
   "properties": {
    "id": "proposed-building",
    "kind": "Building",
    "sourceId": "gis1",
    "reliabilityLevel": 1,
    "revision": 1,
    "engineeringGeometry": {
     "crs": "EPSG:2248",
     "crsName": "NAD83 / Maryland State Plane (US survey feet)",
     "datum": "NAD83",
     "unit": "usSurveyFoot",
     "coordinates": [
      [
       1329952.597673928,
       478543.3244925623
      ],
      [
       1329952.5969305378,
       478569.6455405809
      ],
      [
       1329907.0060407603,
       478569.64425294945
      ],
      [
       1329907.0067841504,
       478543.3232049308
      ],
      [
       1329952.597673928,
       478543.3244925623
      ]
     ]
    },
    "areaSqFt": 1200.0000000024058,
    "estimated": true,
    "address": "7300 BALTIMORE AVENUE",
    "lotLabel": "7300 BALTIMORE AVENUE",
    "garageSlabElevFt": null,
    "basementElevFt": null,
    "finishedFloorElevFt": null,
    "subFloorElevFt": null,
    "heightFt": 20,
    "storeys": 2
   }
  },
  {
   "type": "Feature",
   "geometry": {
    "type": "Polygon",
    "coordinates": [
     [
      [
       -76.9380158078103,
       38.98067243728084
      ],
      [
       -76.93801578034,
       38.980705385802814
      ],
      [
       -76.938043922575,
       38.980705400093576
      ],
      [
       -76.9380439500323,
       38.98067245157159
      ],
      [
       -76.9380158078103,
       38.98067243728084
      ]
     ]
    ]
   },
   "properties": {
    "id": "driveway",
    "kind": "Pavement",
    "sourceId": "gis1",
    "reliabilityLevel": 1,
    "revision": 1,
    "engineeringGeometry": {
     "crs": "EPSG:2248",
     "crsName": "NAD83 / Maryland State Plane (US survey feet)",
     "datum": "NAD83",
     "unit": "usSurveyFoot",
     "coordinates": [
      [
       1329953.5974716914,
       478550.48504481715
      ],
      [
       1329953.5971327734,
       478562.4850448124
      ],
      [
       1329945.5971327766,
       478562.484818867
      ],
      [
       1329945.5974716947,
       478550.4848188718
      ],
      [
       1329953.5974716914,
       478550.48504481715
      ]
     ]
    },
    "label": "PROPOSED DRIVEWAY  12' WIDE",
    "areaSqFt": 96,
    "note": "Longitudinal pitch 1% min to 12.5% max, lateral 1/8\" in 12\" to 1/2\" in 12\" away from the building. PGC Code Sec. 32-151, Table 4 — Site Slope Limitations.",
    "improvement": "Driveway",
    "impervious": true
   }
  },
  {
   "type": "Feature",
   "geometry": {
    "type": "Polygon",
    "coordinates": [
     [
      [
       -76.938021068454,
       38.980691659932035
      ],
      [
       -76.9380034795605,
       38.980691650997656
      ],
      [
       -76.93800345712177,
       38.980718558957186
      ],
      [
       -76.9380210460219,
       38.980718567891564
      ],
      [
       -76.938021068454,
       38.980691659932035
      ]
     ]
    ]
   },
   "properties": {
    "id": "walk",
    "kind": "Pavement",
    "sourceId": "gis1",
    "reliabilityLevel": 1,
    "revision": 1,
    "engineeringGeometry": {
     "crs": "EPSG:2248",
     "crsName": "NAD83 / Maryland State Plane (US survey feet)",
     "datum": "NAD83",
     "unit": "usSurveyFoot",
     "coordinates": [
      [
       1329952.0972739898,
       478557.4850024496
      ],
      [
       1329957.097273988,
       478557.48514366546
      ],
      [
       1329957.096997205,
       478567.28514366155
      ],
      [
       1329952.0969972068,
       478567.2850024457
      ],
      [
       1329952.0972739898,
       478557.4850024496
      ]
     ]
    },
    "label": "CONCRETE WALK  5' WIDE",
    "areaSqFt": 49.000000002735106,
    "note": "Leadwalk from the edge of the driveway to the stoop, 10 ft. Lateral pitch 48:1 max, longitudinal 12:1 max. PGC Code Sec. 32-151, Table 4 — Site Slope Limitations.",
    "improvement": "Walk",
    "impervious": true
   }
  },
  {
   "type": "Feature",
   "geometry": {
    "type": "Polygon",
    "coordinates": [
     [
      [
       -76.93800524989786,
       38.98067792334038
      ],
      [
       -76.93800523158107,
       38.98069988902171
      ],
      [
       -76.93801930269748,
       38.980699896169206
      ],
      [
       -76.93801932100993,
       38.98067793048789
      ],
      [
       -76.93800524989786,
       38.98067792334038
      ]
     ]
    ]
   },
   "properties": {
    "id": "stoop",
    "kind": "Pavement",
    "sourceId": "gis1",
    "reliabilityLevel": 1,
    "revision": 1,
    "engineeringGeometry": {
     "crs": "EPSG:2248",
     "crsName": "NAD83 / Maryland State Plane (US survey feet)",
     "datum": "NAD83",
     "unit": "usSurveyFoot",
     "coordinates": [
      [
       1329956.5974152042,
       478552.48512954585
      ],
      [
       1329956.5971892588,
       478560.4851295427
      ],
      [
       1329952.5971892604,
       478560.48501657
      ],
      [
       1329952.5974152058,
       478552.48501657316
      ],
      [
       1329956.5974152042,
       478552.48512954585
      ]
     ]
    },
    "label": "CONCRETE STOOP  8' x 4'",
    "areaSqFt": 32,
    "note": "Front concrete stoop at the entrance, met by the leadwalk. Riser count and handrail per the architectural plans and the building code.",
    "improvement": "Stoop",
    "impervious": true
   }
  },
  {
   "type": "Feature",
   "geometry": {
    "type": "Polygon",
    "coordinates": [
     [
      [
       -76.93801662036122,
       38.97969783103025
      ],
      [
       -76.93801571624111,
       38.98078226736891
      ],
      [
       -76.93802626959062,
       38.98078227272875
      ],
      [
       -76.93802717355013,
       38.97969783639001
      ],
      [
       -76.93801662036122,
       38.97969783103025
      ]
     ]
    ]
   },
   "properties": {
    "id": "sidewalk",
    "kind": "Pavement",
    "sourceId": "gis1",
    "reliabilityLevel": 1,
    "revision": 1,
    "engineeringGeometry": {
     "crs": "EPSG:2248",
     "crsName": "NAD83 / Maryland State Plane (US survey feet)",
     "datum": "NAD83",
     "unit": "usSurveyFoot",
     "coordinates": [
      [
       1329953.6074967738,
       478195.5290983591
      ],
      [
       1329953.596341947,
       478590.48565752094
      ],
      [
       1329950.5963419483,
       478590.4855727914
      ],
      [
       1329950.607496775,
       478195.5290136296
      ],
      [
       1329953.6074967738,
       478195.5290983591
      ]
     ]
    },
    "label": "CONCRETE SIDEWALK  3' WIDE",
    "areaSqFt": 1184.8696779608727,
    "note": "Public sidewalk across the frontage, inside the front property line. Whether it is to be built, reconstructed or waived is a DPW&T determination at street construction permit.",
    "improvement": "Sidewalk",
    "impervious": true
   }
  },
  {
   "type": "Feature",
   "geometry": {
    "type": "Polygon",
    "coordinates": [
     [
      [
       -76.93800254944269,
       38.97969782388242
      ],
      [
       -76.93800164510843,
       38.98078226022097
      ],
      [
       -76.93801571624111,
       38.98078226736891
      ],
      [
       -76.93801662036122,
       38.97969783103025
      ],
      [
       -76.93800254944269,
       38.97969782388242
      ]
     ]
    ]
   },
   "properties": {
    "id": "verge",
    "kind": "Surface",
    "sourceId": "gis1",
    "reliabilityLevel": 1,
    "revision": 1,
    "engineeringGeometry": {
     "crs": "EPSG:2248",
     "crsName": "NAD83 / Maryland State Plane (US survey feet)",
     "datum": "NAD83",
     "unit": "usSurveyFoot",
     "coordinates": [
      [
       1329957.6074967722,
       478195.5292113318
      ],
      [
       1329957.5963419455,
       478590.48577049363
      ],
      [
       1329953.596341947,
       478590.48565752094
      ],
      [
       1329953.6074967738,
       478195.5290983591
      ],
      [
       1329957.6074967722,
       478195.5292113318
      ]
     ]
    },
    "label": "PLANTING STRIP  4' WIDE  (STREET TREES)",
    "areaSqFt": 1579.8262372612953,
    "note": "Landscaped strip between the sidewalk and the curb, in the strip dedicated to public use. Street tree species, spacing and clear distances are set by the Landscape Manual and by DPW&T; this shows the STRIP, not a planting schedule.",
    "improvement": "Verge",
    "impervious": false
   }
  },
  {
   "type": "Feature",
   "geometry": {
    "type": "Polygon",
    "coordinates": [
     [
      [
       -76.93799727284824,
       38.97969782120155
      ],
      [
       -76.93799636843366,
       38.98078225754006
      ],
      [
       -76.93800164510843,
       38.98078226022097
      ],
      [
       -76.93800254944269,
       38.97969782388242
      ],
      [
       -76.93799727284824,
       38.97969782120155
      ]
     ]
    ]
   },
   "properties": {
    "id": "curb",
    "kind": "Pavement",
    "sourceId": "gis1",
    "reliabilityLevel": 1,
    "revision": 1,
    "engineeringGeometry": {
     "crs": "EPSG:2248",
     "crsName": "NAD83 / Maryland State Plane (US survey feet)",
     "datum": "NAD83",
     "unit": "usSurveyFoot",
     "coordinates": [
      [
       1329959.1074967717,
       478195.52925369656
      ],
      [
       1329959.096341945,
       478590.4858128584
      ],
      [
       1329957.5963419455,
       478590.48577049363
      ],
      [
       1329957.6074967722,
       478195.5292113318
      ],
      [
       1329959.1074967717,
       478195.52925369656
      ]
     ]
    },
    "label": "CURB AND GUTTER",
    "areaSqFt": 592.4348390698433,
    "note": "Curb and gutter at the street face of the planting strip, 4 ft outside the front property line, where the frontage meets the travelled way. Depressed through every driveway apron per DPW&T STD. 300.01 note 6.",
    "improvement": "Sidewalk",
    "impervious": true
   }
  },
  {
   "type": "Feature",
   "geometry": {
    "type": "Polygon",
    "coordinates": [
     [
      [
       -76.93799642568361,
       38.980713613104435
      ],
      [
       -76.93799646690249,
       38.98066419032147
      ],
      [
       -76.93802636114356,
       38.98067244264066
      ],
      [
       -76.93802633367812,
       38.98070539116263
      ],
      [
       -76.93799642568361,
       38.980713613104435
      ]
     ]
    ]
   },
   "properties": {
    "id": "apron",
    "kind": "Pavement",
    "sourceId": "gis1",
    "reliabilityLevel": 1,
    "revision": 1,
    "engineeringGeometry": {
     "crs": "EPSG:2248",
     "crsName": "NAD83 / Maryland State Plane (US survey feet)",
     "datum": "NAD83",
     "unit": "usSurveyFoot",
     "coordinates": [
      [
       1329959.0970480416,
       478565.4852001486
      ],
      [
       1329959.097556419,
       478547.4852001558
      ],
      [
       1329950.5974716926,
       478550.48496008763
      ],
      [
       1329950.5971327745,
       478562.48496008286
      ],
      [
       1329959.0970480416,
       478565.4852001486
      ]
     ]
    },
    "label": "PROPOSED 18' DRIVEWAY APRON  PER DPW&T STANDARD",
    "areaSqFt": 127.5,
    "note": "Driveway apron at the front property line, at street level, between the curb and the driveway. DPW&T standard detail governs the depression, jointing and curb cut; the depressed curb section applies here per STD. 300.01 note 6.",
    "improvement": "Apron",
    "impervious": true
   }
  },
  {
   "type": "Feature",
   "geometry": {
    "type": "Polygon",
    "coordinates": [
     [
      [
       -76.93817966046484,
       38.980725129658644
      ],
      [
       -76.93817972055254,
       38.98065285968944
      ],
      [
       -76.93802717355013,
       38.97969783639001
      ],
      [
       -76.93799727284824,
       38.97969782120155
      ],
      [
       -76.93799646690249,
       38.98066419032147
      ],
      [
       -76.93799636843366,
       38.98078225754006
      ],
      [
       -76.93800164510843,
       38.98078226022097
      ],
      [
       -76.93802626959062,
       38.98078227272875
      ],
      [
       -76.93817966046484,
       38.980725129658644
      ]
     ]
    ]
   },
   "properties": {
    "id": "lod",
    "kind": "LimitOfDisturbance",
    "sourceId": "gis1",
    "reliabilityLevel": 1,
    "revision": 1,
    "engineeringGeometry": {
     "crs": "EPSG:2248",
     "crsName": "NAD83 / Maryland State Plane (US survey feet)",
     "datum": "NAD83",
     "unit": "usSurveyFoot",
     "coordinates": [
      [
       1329907.0060407603,
       478569.64425294945
      ],
      [
       1329907.0067841504,
       478543.3232049308
      ],
      [
       1329950.607496775,
       478195.5290136296
      ],
      [
       1329959.1074967717,
       478195.52925369656
      ],
      [
       1329959.097556419,
       478547.4852001558
      ],
      [
       1329959.096341945,
       478590.4858128584
      ],
      [
       1329957.5963419455,
       478590.48577049363
      ],
      [
       1329950.5963419483,
       478590.4855727914
      ],
      [
       1329907.0060407603,
       478569.64425294945
      ]
     ]
    },
    "note": "Limits of disturbance — proposed work plus a 10 ft working margin, clipped to the property line."
   }
  },
  {
   "type": "Feature",
   "geometry": {
    "type": "Point",
    "coordinates": [
     -76.93894751788548,
     38.980413845074864
    ]
   },
   "properties": {
    "id": "ffe-71",
    "kind": "SpotElevation",
    "sourceId": "design",
    "reliabilityLevel": 1,
    "revision": 1,
    "engineeringGeometry": {
     "crs": "EPSG:2248",
     "crsName": "NAD83 / Maryland State Plane (US survey feet)",
     "datum": "NAD83",
     "unit": "usSurveyFoot",
     "coordinates": [
      [
       1329688.8030020243,
       478456.1261587146
      ]
     ]
    },
    "label": "FFE",
    "note": "Finished floor elevation to be set above the adjacent grade per code."
   }
  },
  {
   "type": "Feature",
   "geometry": {
    "type": "LineString",
    "coordinates": [
     [
      -76.93797942181631,
      38.98065275806179
     ],
     [
      -76.93816916722217,
      38.980652854343454
     ]
    ]
   },
   "properties": {
    "id": "util-72",
    "kind": "Utility",
    "sourceId": "design",
    "reliabilityLevel": 1,
    "revision": 1,
    "engineeringGeometry": {
     "crs": "EPSG:2248",
     "crsName": "NAD83 / Maryland State Plane (US survey feet)",
     "datum": "NAD83",
     "unit": "usSurveyFoot",
     "coordinates": [
      [
       1329963.9457966436,
       478543.3248130692
      ],
      [
       1329910.0067841492,
       478543.32328966033
      ]
     ]
    },
    "type": "Water service (WHC)",
    "size": "1\" COPPER FROM EX. 8\" MAIN",
    "sizeAtHouse": "1\" COPPER",
    "from": "frontage",
    "note": "Record information. Field verification required before excavation — call Miss Utility."
   }
  },
  {
   "type": "Feature",
   "geometry": {
    "type": "LineString",
    "coordinates": [
     [
      -76.93797942181631,
      38.98065275806179
     ],
     [
      -76.93813398945431,
      38.9806528365166
     ]
    ]
   },
   "properties": {
    "id": "util-73",
    "kind": "Utility",
    "sourceId": "design",
    "reliabilityLevel": 1,
    "revision": 1,
    "engineeringGeometry": {
     "crs": "EPSG:2248",
     "crsName": "NAD83 / Maryland State Plane (US survey feet)",
     "datum": "NAD83",
     "unit": "usSurveyFoot",
     "coordinates": [
      [
       1329963.9457966436,
       478543.32481306925
      ],
      [
       1329920.0067841453,
       478543.3235720921
      ]
     ]
    },
    "type": "Sanitary lateral (SHC)",
    "size": "4\" PVC TO EX. 8\" MAIN",
    "sizeAtHouse": "4\" PVC",
    "from": "frontage",
    "note": "Record information. Field verification required before excavation — call Miss Utility."
   }
  },
  {
   "type": "Feature",
   "geometry": {
    "type": "Polygon",
    "coordinates": [
     [
      [
       -76.93819098338076,
       38.979742122063236
      ],
      [
       -76.93807505824,
       38.97974206074175
      ],
      [
       -76.93807497960286,
       38.979832544301054
      ],
      [
       -76.93819090489083,
       38.97983260562261
      ],
      [
       -76.93819098338076,
       38.979742122063236
      ]
     ]
    ]
   },
   "properties": {
    "id": "swm-74",
    "kind": "SWMPractice",
    "sourceId": "design",
    "reliabilityLevel": 1,
    "revision": 1,
    "engineeringGeometry": {
     "crs": "EPSG:2248",
     "crsName": "NAD83 / Maryland State Plane (US survey feet)",
     "datum": "NAD83",
     "unit": "usSurveyFoot",
     "coordinates": [
      [
       1329904.0296778767,
       478211.6264738502
      ],
      [
       1329936.9841919835,
       478211.6264738502
      ],
      [
       1329936.9841919835,
       478244.58098795684
      ],
      [
       1329904.0296778767,
       478244.58098795684
      ],
      [
       1329904.0296778767,
       478211.6264738502
      ]
     ]
    },
    "practice": "Environmental Site Design — micro-bioretention",
    "requiredVolumeCf": 869,
    "footprintSqFt": 1086,
    "pondingDepthFt": 2
   }
  },
  {
   "type": "Feature",
   "geometry": {
    "type": "Polygon",
    "coordinates": [
     [
      [
       -76.93925312059912,
       38.98028060285852
      ],
      [
       -76.93919386124811,
       38.98059705161522
      ],
      [
       -76.93975576198098,
       38.980671311604894
      ],
      [
       -76.93968710345345,
       38.98098994654283
      ],
      [
       -76.93968385799319,
       38.98100499940766
      ],
      [
       -76.93847221054799,
       38.98085272298602
      ],
      [
       -76.93812103741945,
       38.980803292475905
      ],
      [
       -76.93801571624111,
       38.98078226736891
      ],
      [
       -76.93801662036122,
       38.97969783103025
      ],
      [
       -76.93814827710422,
       38.97972239228754
      ],
      [
       -76.9392151258489,
       38.97986664268436
      ],
      [
       -76.93917892088032,
       38.98005650098138
      ],
      [
       -76.93927053122573,
       38.98018764254329
      ],
      [
       -76.93925312059912,
       38.98028060285852
      ]
     ]
    ]
   },
   "properties": {
    "id": "da-75",
    "kind": "DrainageArea",
    "sourceId": "design",
    "reliabilityLevel": 1,
    "revision": 1,
    "engineeringGeometry": {
     "crs": "EPSG:2248",
     "crsName": "NAD83 / Maryland State Plane (US survey feet)",
     "datum": "NAD83",
     "unit": "usSurveyFoot",
     "coordinates": [
      [
       1329601.9612184612,
       478407.54081343865
      ],
      [
       1329618.7302137893,
       478522.80403436656
      ],
      [
       1329458.980533279,
       478549.7439411031
      ],
      [
       1329478.4214392893,
       478665.80506069586
      ],
      [
       1329479.3404007081,
       478671.28798935865
      ],
      [
       1329823.811496531,
       478616.0581129371
      ],
      [
       1329923.65151995,
       478598.12278136064
      ],
      [
       1329953.596341947,
       478590.48565752094
      ],
      [
       1329953.6074967738,
       478195.5290983591
      ],
      [
       1329916.1748288702,
       478204.4490280194
      ],
      [
       1329612.8624433768,
       478256.7819286155
      ],
      [
       1329623.1084858791,
       478325.9359897742
      ],
      [
       1329597.0343910267,
       478373.6809730146
      ],
      [
       1329601.9612184612,
       478407.54081343865
      ]
     ]
    },
    "areaAcres": 3.5136,
    "percentImpervious": 2,
    "compositeC": 0.264
   }
  },
  {
   "type": "Feature",
   "geometry": {
    "type": "Polygon",
    "coordinates": [
     [
      [
       -76.93817969858053,
       38.98068119829692
      ],
      [
       -76.938074165237,
       38.980681142467695
      ],
      [
       -76.93807412705623,
       38.98072507382939
      ],
      [
       -76.93817966046484,
       38.980725129658644
      ],
      [
       -76.93817969858053,
       38.98068119829692
      ]
     ]
    ]
   },
   "properties": {
    "id": "sce-77",
    "kind": "ProposedFeature",
    "sourceId": "design",
    "reliabilityLevel": 1,
    "revision": 1,
    "engineeringGeometry": {
     "crs": "EPSG:2248",
     "crsName": "NAD83 / Maryland State Plane (US survey feet)",
     "datum": "NAD83",
     "unit": "usSurveyFoot",
     "coordinates": [
      [
       1329907.0060407603,
       478553.64425294945
      ],
      [
       1329937.0060407603,
       478553.64425294945
      ],
      [
       1329937.0060407603,
       478569.64425294945
      ],
      [
       1329907.0060407603,
       478569.64425294945
      ],
      [
       1329907.0060407603,
       478553.64425294945
      ]
     ]
    },
    "type": "Stabilized construction entrance",
    "note": "Mountable berm, washrack where required."
   }
  },
  {
   "type": "Feature",
   "geometry": {
    "type": "Polygon",
    "coordinates": [
     [
      [
       -76.93801655696103,
       38.97977447256892
      ],
      [
       -76.93798137962753,
       38.9797744539207
      ],
      [
       -76.93798135572911,
       38.97980191102685
      ],
      [
       -76.93801653307617,
       38.9798019296751
      ],
      [
       -76.93801655696103,
       38.97977447256892
      ]
     ]
    ]
   },
   "properties": {
    "id": "street-tree-79",
    "kind": "Tree",
    "sourceId": "design",
    "reliabilityLevel": 1,
    "revision": 1,
    "engineeringGeometry": {
     "crs": "EPSG:2248",
     "crsName": "NAD83 / Maryland State Plane (US survey feet)",
     "datum": "NAD83",
     "unit": "usSurveyFoot",
     "coordinates": [
      [
       1329953.6065672028,
       478223.4422861718
      ],
      [
       1329963.6065672028,
       478223.4422861718
      ],
      [
       1329963.6065672028,
       478233.4422861718
      ],
      [
       1329953.6065672028,
       478233.4422861718
      ],
      [
       1329953.6065672028,
       478223.4422861718
      ]
     ]
    }
   }
  },
  {
   "type": "Feature",
   "geometry": {
    "type": "Polygon",
    "coordinates": [
     [
      [
       -76.93801648161858,
       38.97986484227154
      ],
      [
       -76.93798130424045,
       38.979864823623295
      ],
      [
       -76.93798128034199,
       38.97989228072893
      ],
      [
       -76.93801645773365,
       38.979892299377205
      ],
      [
       -76.93801648161858,
       38.97986484227154
      ]
     ]
    ]
   },
   "properties": {
    "id": "street-tree-80",
    "kind": "Tree",
    "sourceId": "design",
    "reliabilityLevel": 1,
    "revision": 1,
    "engineeringGeometry": {
     "crs": "EPSG:2248",
     "crsName": "NAD83 / Maryland State Plane (US survey feet)",
     "datum": "NAD83",
     "unit": "usSurveyFoot",
     "coordinates": [
      [
       1329953.605637634,
       478256.3553327686
      ],
      [
       1329963.605637634,
       478256.3553327686
      ],
      [
       1329963.605637634,
       478266.3553327686
      ],
      [
       1329953.605637634,
       478266.3553327686
      ],
      [
       1329953.605637634,
       478256.3553327686
      ]
     ]
    }
   }
  },
  {
   "type": "Feature",
   "geometry": {
    "type": "Polygon",
    "coordinates": [
     [
      [
       -76.93801640627593,
       38.979955211972495
      ],
      [
       -76.9379812288532,
       38.979955193324216
      ],
      [
       -76.93798120495465,
       38.97998265042938
      ],
      [
       -76.93801638239096,
       38.97998266907765
      ],
      [
       -76.93801640627593,
       38.979955211972495
      ]
     ]
    ]
   },
   "properties": {
    "id": "street-tree-81",
    "kind": "Tree",
    "sourceId": "design",
    "reliabilityLevel": 1,
    "revision": 1,
    "engineeringGeometry": {
     "crs": "EPSG:2248",
     "crsName": "NAD83 / Maryland State Plane (US survey feet)",
     "datum": "NAD83",
     "unit": "usSurveyFoot",
     "coordinates": [
      [
       1329953.604708065,
       478289.2683793654
      ],
      [
       1329963.604708065,
       478289.2683793654
      ],
      [
       1329963.604708065,
       478299.2683793654
      ],
      [
       1329953.604708065,
       478299.2683793654
      ],
      [
       1329953.604708065,
       478289.2683793654
      ]
     ]
    }
   }
  },
  {
   "type": "Feature",
   "geometry": {
    "type": "Polygon",
    "coordinates": [
     [
      [
       -76.9380163309331,
       38.98004558167179
      ],
      [
       -76.93798115346576,
       38.98004556302349
      ],
      [
       -76.93798112956715,
       38.98007302012814
      ],
      [
       -76.93801630704806,
       38.98007303877644
      ],
      [
       -76.9380163309331,
       38.98004558167179
      ]
     ]
    ]
   },
   "properties": {
    "id": "street-tree-82",
    "kind": "Tree",
    "sourceId": "design",
    "reliabilityLevel": 1,
    "revision": 1,
    "engineeringGeometry": {
     "crs": "EPSG:2248",
     "crsName": "NAD83 / Maryland State Plane (US survey feet)",
     "datum": "NAD83",
     "unit": "usSurveyFoot",
     "coordinates": [
      [
       1329953.6037784962,
       478322.18142596225
      ],
      [
       1329963.6037784962,
       478322.18142596225
      ],
      [
       1329963.6037784962,
       478332.18142596225
      ],
      [
       1329953.6037784962,
       478332.18142596225
      ],
      [
       1329953.6037784962,
       478322.18142596225
      ]
     ]
    }
   }
  },
  {
   "type": "Feature",
   "geometry": {
    "type": "Polygon",
    "coordinates": [
     [
      [
       -76.93801625559007,
       38.98013595136943
      ],
      [
       -76.93798107807811,
       38.98013593272111
      ],
      [
       -76.93798105417946,
       38.98016338982524
      ],
      [
       -76.93801623170498,
       38.98016340847358
      ],
      [
       -76.93801625559007,
       38.98013595136943
      ]
     ]
    ]
   },
   "properties": {
    "id": "street-tree-83",
    "kind": "Tree",
    "sourceId": "design",
    "reliabilityLevel": 1,
    "revision": 1,
    "engineeringGeometry": {
     "crs": "EPSG:2248",
     "crsName": "NAD83 / Maryland State Plane (US survey feet)",
     "datum": "NAD83",
     "unit": "usSurveyFoot",
     "coordinates": [
      [
       1329953.6028489273,
       478355.09447255905
      ],
      [
       1329963.6028489273,
       478355.09447255905
      ],
      [
       1329963.6028489273,
       478365.09447255905
      ],
      [
       1329953.6028489273,
       478365.09447255905
      ],
      [
       1329953.6028489273,
       478355.09447255905
      ]
     ]
    }
   }
  },
  {
   "type": "Feature",
   "geometry": {
    "type": "Polygon",
    "coordinates": [
     [
      [
       -76.93801618024686,
       38.980226321065416
      ],
      [
       -76.93798100269026,
       38.980226302417066
      ],
      [
       -76.93798097879156,
       38.9802537595207
      ],
      [
       -76.9380161563617,
       38.98025377816906
      ],
      [
       -76.93801618024686,
       38.980226321065416
      ]
     ]
    ]
   },
   "properties": {
    "id": "street-tree-84",
    "kind": "Tree",
    "sourceId": "design",
    "reliabilityLevel": 1,
    "revision": 1,
    "engineeringGeometry": {
     "crs": "EPSG:2248",
     "crsName": "NAD83 / Maryland State Plane (US survey feet)",
     "datum": "NAD83",
     "unit": "usSurveyFoot",
     "coordinates": [
      [
       1329953.6019193584,
       478388.00751915586
      ],
      [
       1329963.6019193584,
       478388.00751915586
      ],
      [
       1329963.6019193584,
       478398.00751915586
      ],
      [
       1329953.6019193584,
       478398.00751915586
      ],
      [
       1329953.6019193584,
       478388.00751915586
      ]
     ]
    }
   }
  },
  {
   "type": "Feature",
   "geometry": {
    "type": "Polygon",
    "coordinates": [
     [
      [
       -76.93801610490345,
       38.98031669075971
      ],
      [
       -76.93798092730225,
       38.98031667211135
      ],
      [
       -76.93798090340348,
       38.98034412921447
      ],
      [
       -76.93801608101822,
       38.980344147862844
      ],
      [
       -76.93801610490345,
       38.98031669075971
      ]
     ]
    ]
   },
   "properties": {
    "id": "street-tree-85",
    "kind": "Tree",
    "sourceId": "design",
    "reliabilityLevel": 1,
    "revision": 1,
    "engineeringGeometry": {
     "crs": "EPSG:2248",
     "crsName": "NAD83 / Maryland State Plane (US survey feet)",
     "datum": "NAD83",
     "unit": "usSurveyFoot",
     "coordinates": [
      [
       1329953.6009897895,
       478420.92056575266
      ],
      [
       1329963.6009897895,
       478420.92056575266
      ],
      [
       1329963.6009897895,
       478430.92056575266
      ],
      [
       1329953.6009897895,
       478430.92056575266
      ],
      [
       1329953.6009897895,
       478420.92056575266
      ]
     ]
    }
   }
  },
  {
   "type": "Feature",
   "geometry": {
    "type": "Polygon",
    "coordinates": [
     [
      [
       -76.93801602955985,
       38.98040706045236
      ],
      [
       -76.93798085191403,
       38.98040704180398
      ],
      [
       -76.9379808280152,
       38.98043449890659
      ],
      [
       -76.93801600567457,
       38.980434517555004
      ],
      [
       -76.93801602955985,
       38.98040706045236
      ]
     ]
    ]
   },
   "properties": {
    "id": "street-tree-86",
    "kind": "Tree",
    "sourceId": "design",
    "reliabilityLevel": 1,
    "revision": 1,
    "engineeringGeometry": {
     "crs": "EPSG:2248",
     "crsName": "NAD83 / Maryland State Plane (US survey feet)",
     "datum": "NAD83",
     "unit": "usSurveyFoot",
     "coordinates": [
      [
       1329953.6000602206,
       478453.8336123495
      ],
      [
       1329963.6000602206,
       478453.8336123495
      ],
      [
       1329963.6000602206,
       478463.8336123495
      ],
      [
       1329953.6000602206,
       478463.8336123495
      ],
      [
       1329953.6000602206,
       478453.8336123495
      ]
     ]
    }
   }
  },
  {
   "type": "Feature",
   "geometry": {
    "type": "Polygon",
    "coordinates": [
     [
      [
       -76.93801595421606,
       38.98049743014334
      ],
      [
       -76.93798077652563,
       38.98049741149494
      ],
      [
       -76.93798075262673,
       38.98052486859705
      ],
      [
       -76.93801593033072,
       38.980524887245465
      ],
      [
       -76.93801595421606,
       38.98049743014334
      ]
     ]
    ]
   },
   "properties": {
    "id": "street-tree-87",
    "kind": "Tree",
    "sourceId": "design",
    "reliabilityLevel": 1,
    "revision": 1,
    "engineeringGeometry": {
     "crs": "EPSG:2248",
     "crsName": "NAD83 / Maryland State Plane (US survey feet)",
     "datum": "NAD83",
     "unit": "usSurveyFoot",
     "coordinates": [
      [
       1329953.5991306517,
       478486.74665894633
      ],
      [
       1329963.5991306517,
       478486.74665894633
      ],
      [
       1329963.5991306517,
       478496.74665894633
      ],
      [
       1329953.5991306517,
       478496.74665894633
      ],
      [
       1329953.5991306517,
       478486.74665894633
      ]
     ]
    }
   }
  },
  {
   "type": "Feature",
   "geometry": {
    "type": "Polygon",
    "coordinates": [
     [
      [
       -76.93801587887208,
       38.98058779983267
      ],
      [
       -76.93798070113704,
       38.98058778118425
      ],
      [
       -76.93798067723807,
       38.98061523828585
      ],
      [
       -76.93801585498667,
       38.980615256934286
      ],
      [
       -76.93801587887208,
       38.98058779983267
      ]
     ]
    ]
   },
   "properties": {
    "id": "street-tree-88",
    "kind": "Tree",
    "sourceId": "design",
    "reliabilityLevel": 1,
    "revision": 1,
    "engineeringGeometry": {
     "crs": "EPSG:2248",
     "crsName": "NAD83 / Maryland State Plane (US survey feet)",
     "datum": "NAD83",
     "unit": "usSurveyFoot",
     "coordinates": [
      [
       1329953.5982010828,
       478519.65970554313
      ],
      [
       1329963.5982010828,
       478519.65970554313
      ],
      [
       1329963.5982010828,
       478529.65970554313
      ],
      [
       1329953.5982010828,
       478529.65970554313
      ],
      [
       1329953.5982010828,
       478519.65970554313
      ]
     ]
    }
   }
  },
  {
   "type": "Feature",
   "geometry": {
    "type": "Polygon",
    "coordinates": [
     [
      [
       -76.9380158035279,
       38.980678169520324
      ],
      [
       -76.93798062574824,
       38.98067815087187
      ],
      [
       -76.93798060184922,
       38.98070560797297
      ],
      [
       -76.93801577964244,
       38.98070562662144
      ],
      [
       -76.9380158035279,
       38.980678169520324
      ]
     ]
    ]
   },
   "properties": {
    "id": "street-tree-89",
    "kind": "Tree",
    "sourceId": "design",
    "reliabilityLevel": 1,
    "revision": 1,
    "engineeringGeometry": {
     "crs": "EPSG:2248",
     "crsName": "NAD83 / Maryland State Plane (US survey feet)",
     "datum": "NAD83",
     "unit": "usSurveyFoot",
     "coordinates": [
      [
       1329953.597271514,
       478552.57275213994
      ],
      [
       1329963.597271514,
       478552.57275213994
      ],
      [
       1329963.597271514,
       478562.57275213994
      ],
      [
       1329953.597271514,
       478562.57275213994
      ],
      [
       1329953.597271514,
       478552.57275213994
      ]
     ]
    }
   }
  },
  {
   "type": "Feature",
   "geometry": {
    "type": "Polygon",
    "coordinates": [
     [
      [
       -76.93825076446382,
       38.980731230145786
      ],
      [
       -76.93820855109672,
       38.98073120785118
      ],
      [
       -76.93820852252328,
       38.98076415637218
      ],
      [
       -76.9382507359099,
       38.98076417866681
      ],
      [
       -76.93825076446382,
       38.980731230145786
      ]
     ]
    ]
   },
   "properties": {
    "id": "tree-91",
    "kind": "Tree",
    "sourceId": "design",
    "reliabilityLevel": 1,
    "revision": 1,
    "engineeringGeometry": {
     "crs": "EPSG:2248",
     "crsName": "NAD83 / Maryland State Plane (US survey feet)",
     "datum": "NAD83",
     "unit": "usSurveyFoot",
     "coordinates": [
      [
       1329886.7918012792,
       478571.8523967171
      ],
      [
       1329898.7918012792,
       478571.8523967171
      ],
      [
       1329898.7918012792,
       478583.8523967171
      ],
      [
       1329886.7918012792,
       478583.8523967171
      ],
      [
       1329886.7918012792,
       478571.8523967171
      ]
     ]
    }
   }
  },
  {
   "type": "Feature",
   "geometry": {
    "type": "Polygon",
    "coordinates": [
     [
      [
       -76.93827344362592,
       38.98066534504444
      ],
      [
       -76.93823123029784,
       38.980665322758014
      ],
      [
       -76.93823120173492,
       38.98069827127947
      ],
      [
       -76.93827341508252,
       38.98069829356592
      ],
      [
       -76.93827344362592,
       38.98066534504444
      ]
     ]
    ]
   },
   "properties": {
    "id": "tree-92",
    "kind": "Tree",
    "sourceId": "design",
    "reliabilityLevel": 1,
    "revision": 1,
    "engineeringGeometry": {
     "crs": "EPSG:2248",
     "crsName": "NAD83 / Maryland State Plane (US survey feet)",
     "datum": "NAD83",
     "unit": "usSurveyFoot",
     "coordinates": [
      [
       1329880.3610206607,
       478547.8523967171
      ],
      [
       1329892.3610206607,
       478547.8523967171
      ],
      [
       1329892.3610206607,
       478559.8523967171
      ],
      [
       1329880.3610206607,
       478559.8523967171
      ],
      [
       1329880.3610206607,
       478547.8523967171
      ]
     ]
    }
   }
  }
 ],
 "kealee": {
  "siteId": "7300 BALTIMORE AVENUE",
  "modelRevision": 8,
  "geoJsonCrs": "EPSG:4326 (RFC 7946, longitude first)",
  "sourceCrs": "EPSG:2248",
  "sourceCrsName": "NAD83 / Maryland State Plane (US survey feet)",
  "horizontalDatum": "NAD83",
  "verticalDatum": "NAVD88 (feet)",
  "transformer": "registry (proj4 + arcgis-geometry-service (https://sampleserver6.arcgisonline.com/arcgis/rest/services/Utilities/Geometry/GeometryServer))",
  "note": "Geometry is WGS84 per RFC 7946. Original engineering coordinates are preserved per feature under properties.engineeringGeometry."
 }
}