{
 "type": "FeatureCollection",
 "features": [
  {
   "type": "Feature",
   "geometry": {
    "type": "Polygon",
    "coordinates": [
     [
      [
       -77.07271108387141,
       38.83138167477544
      ],
      [
       -77.07287083572537,
       38.83129781068805
      ],
      [
       -77.07311407786997,
       38.83128282273456
      ],
      [
       -77.07321733648112,
       38.83134317554535
      ],
      [
       -77.07325648864088,
       38.83136599266638
      ],
      [
       -77.07327045833705,
       38.83137413393878
      ],
      [
       -77.0733001898677,
       38.83139149484565
      ],
      [
       -77.07292011547813,
       38.83149123056053
      ],
      [
       -77.0728239104306,
       38.83152580675266
      ],
      [
       -77.07273704876629,
       38.8314148437632
      ],
      [
       -77.07271807635487,
       38.831390608199534
      ],
      [
       -77.07271108387141,
       38.83138167477544
      ]
     ]
    ]
   },
   "properties": {
    "id": "parcel",
    "kind": "Parcel",
    "sourceId": "gis1",
    "reliabilityLevel": 1,
    "revision": 1,
    "engineeringGeometry": {
     "crs": "EPSG:2248",
     "crsName": "NAD83 / Maryland State Plane (US survey feet)",
     "datum": "NAD83",
     "unit": "usSurveyFoot",
     "coordinates": [
      [
       1291620.4256410508,
       424181.1611340698
      ],
      [
       1291574.8934164678,
       424150.6545842683
      ],
      [
       1291505.5975889692,
       424145.25145867455
      ],
      [
       1291476.2003278367,
       424167.25519359997
      ],
      [
       1291465.053877979,
       424175.5740104741
      ],
      [
       1291461.076767875,
       424178.54221056955
      ],
      [
       1291452.6123468396,
       424184.8717560108
      ],
      [
       1291560.9115510825,
       424221.1082417163
      ],
      [
       1291588.3270847693,
       424233.67882316
      ],
      [
       1291613.0387549233,
       424193.2469883398
      ],
      [
       1291618.436313131,
       424184.41622435424
      ],
      [
       1291620.4256410508,
       424181.1611340698
      ]
     ]
    }
   }
  },
  {
   "type": "Feature",
   "geometry": {
    "type": "LineString",
    "coordinates": [
     [
      -77.07264033692411,
      38.83128617672821
     ],
     [
      -77.07264117026608,
      38.83128823139236
     ],
     [
      -77.0726419858498,
      38.83129028606757
     ],
     [
      -77.07264278367526,
      38.831292340753805
     ],
     [
      -77.07264356374247,
      38.831294395451096
     ],
     [
      -77.07264422374247,
      38.831296103793406
     ],
     [
      -77.07264476367524,
      38.831297465780715
     ],
     [
      -77.07264518354076,
      38.83129848141302
     ],
     [
      -77.07264548333903,
      38.831299150690356
     ],
     [
      -77.07264586445122,
      38.8312999989808
     ],
     [
      -77.07264632687733,
      38.83130102628437
     ],
     [
      -77.07264687061738,
      38.831302232601075
     ],
     [
      -77.07264749567136,
      38.8313036179309
     ],
     [
      -77.07264822568767,
      38.831305170561365
     ],
     [
      -77.0726490606663,
      38.83130689049246
     ],
     [
      -77.07265000060727,
      38.83130877772421
     ],
     [
      -77.07265104551058,
      38.831310832256584
     ],
     [
      -77.07265206993368,
      38.831312849339675
     ],
     [
      -77.07265307387657,
      38.83131482897346
     ],
     [
      -77.0726540573392,
      38.83131677115796
     ],
     [
      -77.0726550203216,
      38.83131867589317
     ],
     [
      -77.07265576253216,
      38.83132014189417
     ],
     [
      -77.07265628397084,
      38.83132116916095
     ],
     [
      -77.07265658463763,
      38.83132175769355
     ],
     [
      -77.0726566645325,
      38.83132190749195
     ],
     [
      -77.07265700870158,
      38.83132253345949
     ],
     [
      -77.07265761714486,
      38.8313236355962
     ],
     [
      -77.07265848986238,
      38.83132521390203
     ],
     [
      -77.07265962685418,
      38.831327268377
     ],
     [
      -77.07266071585349,
      38.83132932288184
     ],
     [
      -77.07266175686034,
      38.83133137741654
     ],
     [
      -77.07266274987472,
      38.831333431981115
     ],
     [
      -77.07266369489663,
      38.83133548657555
     ],
     [
      -77.07266452142862,
      38.83133730618937
     ],
     [
      -77.0726652294707,
      38.831338890822536
     ],
     [
      -77.07266581902283,
      38.831340240475065
     ],
     [
      -77.07266629008501,
      38.83134135514695
     ],
     [
      -77.07266674501139,
      38.831342426142
     ],
     [
      -77.07266718380194,
      38.83134345346021
     ],
     [
      -77.07266760645669,
      38.83134443710157
     ],
     [
      -77.07266801297564,
      38.83134537706608
     ],
     [
      -77.0726684707074,
      38.83134659573999
     ],
     [
      -77.072668979652,
      38.831348093123324
     ],
     [
      -77.07266953980941,
      38.83134986921604
     ],
     [
      -77.07267015117968,
      38.83135192401818
     ],
     [
      -77.07267064973546,
      38.831353978890554
     ],
     [
      -77.0726710354767,
      38.83135603383319
     ],
     [
      -77.07267130840344,
      38.83135808884603
     ],
     [
      -77.07267146851565,
      38.83136014392915
     ],
     [
      -77.0726714609111,
      38.83136219911669
     ],
     [
      -77.07267128558978,
      38.83136425440867
     ],
     [
      -77.07267094255171,
      38.83136630980506
     ],
     [
      -77.07267043179684,
      38.831368365305885
     ],
     [
      -77.07266988410834,
      38.83137028184268
     ],
     [
      -77.07266929948622,
      38.831372059415415
     ],
     [
      -77.0726686779305,
      38.83137369802413
     ],
     [
      -77.07266801944114,
      38.831375197668784
     ],
     [
      -77.07266745932353,
      38.83137646143056
     ],
     [
      -77.07266699757766,
      38.83137748930945
     ],
     [
      -77.07266663420354,
      38.83137828130549
     ],
     [
      -77.07266636920117,
      38.8313788374186
     ],
     [
      -77.07266583779993,
      38.831379768506274
     ],
     [
      -77.07266503999978,
      38.83138107456846
     ],
     [
      -77.07266397580071,
      38.831382755605176
     ],
     [
      -77.07266264520267,
      38.831384811616395
     ],
     [
      -77.07266139008455,
      38.831386493091465
     ],
     [
      -77.07266021044637,
      38.83138780003038
     ],
     [
      -77.07265910628816,
      38.83138873243315
     ],
     [
      -77.07265807760992,
      38.83138929029977
     ],
     [
      -77.07265664934724,
      38.83138982877641
     ],
     [
      -77.07265482150011,
      38.83139034786308
     ],
     [
      -77.07265259406854,
      38.83139084755973
     ],
     [
      -77.0726499670525,
      38.83139132786638
     ],
     [
      -77.07264734002305,
      38.831391795014945
     ],
     [
      -77.07264471298016,
      38.83139224900543
     ],
     [
      -77.07264208592387,
      38.83139268983784
     ],
     [
      -77.07263945885417,
      38.831393117512185
     ]
    ]
   },
   "properties": {
    "id": "ct-0",
    "kind": "Contour",
    "sourceId": "contours",
    "reliabilityLevel": 1,
    "revision": 1,
    "engineeringGeometry": {
     "crs": "EPSG:2248",
     "crsName": "NAD83 / Maryland State Plane (US survey feet)",
     "datum": "NAD83",
     "unit": "usSurveyFoot",
     "coordinates": [
      [
       1291640.5513535195,
       424146.36522939824,
       162
      ],
      [
       1291640.3145579943,
       424147.1137156059,
       162
      ],
      [
       1291640.0828212132,
       424147.8622018135,
       162
      ],
      [
       1291639.856143176,
       424148.6106880212,
       162
      ],
      [
       1291639.634523883,
       424149.35917422886,
       162
      ],
      [
       1291639.4470073099,
       424149.9814926494,
       162
      ],
      [
       1291639.293593457,
       424150.4776432828,
       162
      ],
      [
       1291639.1742823245,
       424150.84762612905,
       162
      ],
      [
       1291639.0890739127,
       424151.0914411882,
       162
      ],
      [
       1291638.9807538001,
       424151.40047026967,
       162
      ],
      [
       1291638.8493219872,
       424151.7747133735,
       162
      ],
      [
       1291638.694778474,
       424152.2141704997,
       162
      ],
      [
       1291638.5171232605,
       424152.71884164825,
       162
      ],
      [
       1291638.309616334,
       424153.28446656157,
       162
      ],
      [
       1291638.0722576948,
       424153.91104523966,
       162
      ],
      [
       1291637.8050473423,
       424154.59857768257,
       162
      ],
      [
       1291637.5079852773,
       424155.34706389025,
       162
      ],
      [
       1291637.216746496,
       424156.08190663235,
       162
      ],
      [
       1291636.9313309991,
       424156.80310590885,
       162
      ],
      [
       1291636.6517387861,
       424157.5106617198,
       162
      ],
      [
       1291636.3779698573,
       424158.2045740651,
       162
      ],
      [
       1291636.1669641808,
       424158.7386517897,
       162
      ],
      [
       1291636.0187217572,
       424159.1128948935,
       162
      ],
      [
       1291635.9332425862,
       424159.32730337663,
       162
      ],
      [
       1291635.9105266677,
       424159.381877239,
       162
      ],
      [
       1291635.812666024,
       424159.60992918763,
       162
      ],
      [
       1291635.6396606546,
       424160.01145922265,
       162
      ],
      [
       1291635.3915105597,
       424160.58646734396,
       162
      ],
      [
       1291635.0682157394,
       424161.3349535516,
       162
      ],
      [
       1291634.7585923695,
       424162.0834397592,
       162
      ],
      [
       1291634.4626404499,
       424162.831925967,
       162
      ],
      [
       1291634.1803599803,
       424163.58041217463,
       162
      ],
      [
       1291633.9117509609,
       424164.32889838226,
       162
      ],
      [
       1291633.676827584,
       424164.99177907594,
       162
      ],
      [
       1291633.4755898495,
       424165.56905425555,
       162
      ],
      [
       1291633.3080377574,
       424166.0607239212,
       162
      ],
      [
       1291633.1741713076,
       424166.4667880729,
       162
      ],
      [
       1291633.0448887425,
       424166.8569417007,
       162
      ],
      [
       1291632.9201900621,
       424167.2311848045,
       162
      ],
      [
       1291632.8000752665,
       424167.5895173844,
       162
      ],
      [
       1291632.684544356,
       424167.93193944043,
       162
      ],
      [
       1291632.5545054595,
       424168.3758775344,
       162
      ],
      [
       1291632.4099585775,
       424168.9213316662,
       162
      ],
      [
       1291632.2509037098,
       424169.56830183597,
       162
      ],
      [
       1291632.0773408562,
       424170.3167880437,
       162
      ],
      [
       1291631.9359150424,
       424171.0652742514,
       162
      ],
      [
       1291631.8266262682,
       424171.813760459,
       162
      ],
      [
       1291631.7494745334,
       424172.5622466667,
       162
      ],
      [
       1291631.7044598376,
       424173.3107328744,
       162
      ],
      [
       1291631.7072219579,
       424174.05921908206,
       162
      ],
      [
       1291631.7577608936,
       424174.8077052897,
       162
      ],
      [
       1291631.8560766447,
       424175.55619149737,
       162
      ],
      [
       1291632.002169211,
       424176.30467770505,
       162
      ],
      [
       1291632.1587426092,
       424177.00254560326,
       162
      ],
      [
       1291632.325796839,
       424177.64979519206,
       162
      ],
      [
       1291632.5033319006,
       424178.2464264714,
       162
      ],
      [
       1291632.6913477934,
       424178.7924394414,
       162
      ],
      [
       1291632.8512725479,
       424179.2525674783,
       162
      ],
      [
       1291632.9831061636,
       424179.62681058206,
       162
      ],
      [
       1291633.0868486406,
       424179.91516875284,
       162
      ],
      [
       1291633.162499979,
       424180.1176419906,
       162
      ],
      [
       1291633.3141479613,
       424180.4566184708,
       162
      ],
      [
       1291633.5417925876,
       424180.93209819344,
       162
      ],
      [
       1291633.8454338582,
       424181.54408115864,
       162
      ],
      [
       1291634.225071773,
       424182.2925673663,
       162
      ],
      [
       1291634.5830994477,
       424182.9046666979,
       162
      ],
      [
       1291634.9195168824,
       424183.38037915336,
       162
      ],
      [
       1291635.234324077,
       424183.7197047327,
       162
      ],
      [
       1291635.5275210314,
       424183.92264343594,
       162
      ],
      [
       1291635.9345402995,
       424184.1184298272,
       162
      ],
      [
       1291636.4553818807,
       424184.3070639065,
       162
      ],
      [
       1291637.0900457753,
       424184.48854567384,
       162
      ],
      [
       1291637.8385319826,
       424184.6628751292,
       162
      ],
      [
       1291638.5870181904,
       424184.8324125046,
       162
      ],
      [
       1291639.3355043982,
       424184.9971578,
       162
      ],
      [
       1291640.083990606,
       424185.15711101546,
       162
      ],
      [
       1291640.8324768133,
       424185.31227215094,
       162
      ]
     ]
    },
    "elevationFt": 162,
    "weight": "intermediate",
    "hidden": false
   }
  },
  {
   "type": "Feature",
   "geometry": {
    "type": "LineString",
    "coordinates": [
     [
      -77.07267504657769,
      38.831226554817455
     ],
     [
      -77.0726738026874,
      38.83122861077488
     ],
     [
      -77.07267256600937,
      38.83123066672777
     ],
     [
      -77.07267133654352,
      38.83123272267617
     ],
     [
      -77.0726701142899,
      38.831234778620065
     ],
     [
      -77.07266889924851,
      38.83123683455945
     ],
     [
      -77.07266797648819,
      38.831238454663385
     ],
     [
      -77.07266734600898,
      38.83123963893189
     ],
     [
      -77.07266700781092,
      38.83124038736495
     ],
     [
      -77.07266696189402,
      38.83124069996258
     ],
     [
      -77.07266689644723,
      38.83124137008357
     ],
     [
      -77.07266681147058,
      38.831242397727884
     ],
     [
      -77.07266670696407,
      38.83124378289557
     ],
     [
      -77.07266658292768,
      38.831245525586596
     ],
     [
      -77.07266652160246,
      38.83124707786772
     ],
     [
      -77.0726665229884,
      38.8312484397389
     ],
     [
      -77.07266658708552,
      38.831249611200164
     ],
     [
      -77.07266671389382,
      38.83125059225149
     ],
     [
      -77.07266688293586,
      38.831251596507094
     ],
     [
      -77.07266709421168,
      38.83125262396697
     ],
     [
      -77.07266734772122,
      38.83125367463112
     ],
     [
      -77.07266764346454,
      38.83125474849952
     ],
     [
      -77.07266821750508,
      38.83125606747723
     ],
     [
      -77.07266906984287,
      38.83125763156421
     ],
     [
      -77.07267020047796,
      38.83125944076048
     ],
     [
      -77.07267160941035,
      38.83126149506603
     ],
     [
      -77.07267287556454,
      38.83126354946047
     ],
     [
      -77.07267399894052,
      38.831265603943805
     ],
     [
      -77.07267497953828,
      38.831267658516026
     ],
     [
      -77.07267581735779,
      38.83126971317715
     ],
     [
      -77.07267645504346,
      38.83127176796289
     ],
     [
      -77.07267689259525,
      38.83127382287326
     ],
     [
      -77.07267713001315,
      38.83127587790825
     ],
     [
      -77.07267716729714,
      38.83127793306785
     ],
     [
      -77.07267714684087,
      38.831279988263425
     ],
     [
      -77.0726770686443,
      38.83128204349496
     ],
     [
      -77.07267693270744,
      38.83128409876243
     ],
     [
      -77.07267673903029,
      38.831286154065864
     ],
     [
      -77.07267656569391,
      38.83128820935663
     ],
     [
      -77.0726764126983,
      38.831290264634745
     ],
     [
      -77.07267628004348,
      38.83129231990018
     ],
     [
      -77.07267616772944,
      38.831294375152936
     ],
     [
      -77.07267614870544,
      38.83129643034759
     ],
     [
      -77.07267622297151,
      38.831298485484176
     ],
     [
      -77.07267639052763,
      38.83130054056266
     ],
     [
      -77.07267665137383,
      38.831302595583054
     ],
     [
      -77.07267687375138,
      38.831304250703155
     ],
     [
      -77.07267705766023,
      38.83130550592293
     ],
     [
      -77.07267720310043,
      38.831306361242405
     ],
     [
      -77.07267731007195,
      38.83130681666157
     ],
     [
      -77.07267747319612,
      38.8313075580986
     ],
     [
      -77.07267769247296,
      38.831308585553465
     ],
     [
      -77.07267796790248,
      38.83130989902617
     ],
     [
      -77.07267829948466,
      38.831311498516726
     ],
     [
      -77.07267872703976,
      38.83131321181896
     ],
     [
      -77.07267925056777,
      38.831315038932864
     ],
     [
      -77.07267987006873,
      38.831316979858435
     ],
     [
      -77.07268058554263,
      38.831319034595715
     ],
     [
      -77.07268136350575,
      38.83132108929405
     ],
     [
      -77.07268220395811,
      38.83132314395348
     ],
     [
      -77.07268310689972,
      38.831325198573964
     ],
     [
      -77.07268407233056,
      38.83132725315555
     ],
     [
      -77.07268495197228,
      38.831329149714755
     ],
     [
      -77.07268574582486,
      38.83133088825157
     ],
     [
      -77.07268645388827,
      38.83133246876602
     ],
     [
      -77.07268707616252,
      38.83133389125811
     ],
     [
      -77.07268761368104,
      38.831335116158854
     ],
     [
      -77.0726880664438,
      38.831336143468285
     ],
     [
      -77.07268843445082,
      38.83133697318638
     ],
     [
      -77.07268871770208,
      38.831337605313145
     ],
     [
      -77.07268911897073,
      38.831338593086315
     ],
     [
      -77.07268963825676,
      38.8313399365059
     ],
     [
      -77.07269027556022,
      38.83134163557186
     ],
     [
      -77.07269103088109,
      38.83134369028423
     ],
     [
      -77.07269171617476,
      38.83134574504023
     ],
     [
      -77.07269233144125,
      38.83134779983981
     ],
     [
      -77.07269287668052,
      38.831349854683026
     ],
     [
      -77.0726933518926,
      38.83135190956985
     ],
     [
      -77.07269379108966,
      38.8313539644791
     ],
     [
      -77.07269419427173,
      38.831356019410784
     ],
     [
      -77.0726945614388,
      38.831358074364886
     ],
     [
      -77.07269489259086,
      38.83136012934143
     ],
     [
      -77.07269525721539,
      38.83136218429712
     ],
     [
      -77.07269565531237,
      38.831364239231974
     ],
     [
      -77.07269608688182,
      38.83136629414595
     ],
     [
      -77.07269655192376,
      38.83136834903908
     ],
     [
      -77.07269698256567,
      38.831370112503535
     ],
     [
      -77.07269737880759,
      38.831371584539255
     ],
     [
      -77.07269774064949,
      38.8313727651463
     ],
     [
      -77.07269806809137,
      38.83137365432465
     ],
     [
      -77.07269844202189,
      38.83137461257858
     ],
     [
      -77.07269886244103,
      38.831375639908096
     ],
     [
      -77.07269932934881,
      38.8313767363132
     ],
     [
      -77.07269984274521,
      38.83137790179391
     ],
     [
      -77.07270047562663,
      38.83137928954576
     ],
     [
      -77.07270122799304,
      38.83138089956874
     ],
     [
      -77.07270209984445,
      38.83138273186287
     ],
     [
      -77.07270309118093,
      38.831384786428124
     ],
     [
      -77.07270409204486,
      38.83138684098745
     ],
     [
      -77.07270510243626,
      38.83138889554081
     ],
     [
      -77.07270612235514,
      38.83139095008825
     ],
     [
      -77.0727071518015,
      38.831393004629724
     ],
     [
      -77.07270794869653,
      38.83139467935091
     ],
     [
      -77.07270851304023,
      38.831395974251755
     ],
     [
      -77.07270884483255,
      38.83139688933231
     ],
     [
      -77.07270894407348,
      38.83139742459259
     ],
     [
      -77.07270908772875,
      38.8313982059598
     ],
     [
      -77.07270927579836,
      38.83139923343405
     ],
     [
      -77.07270950828233,
      38.83140050701527
     ],
     [
      -77.07270978518065,
      38.83140202670347
     ],
     [
      -77.07270992435015,
      38.83140349394335
     ],
     [
      -77.0727099257908,
      38.83140490873488
     ],
     [
      -77.07270978950264,
      38.8314062710781
     ],
     [
      -77.07270951548563,
      38.83140758097296
     ],
     [
      -77.07270924304163,
      38.83140874980047
     ],
     [
      -77.07270897217066,
      38.83140977756061
     ],
     [
      -77.07270870287272,
      38.83141066425339
     ],
     [
      -77.0727084351478,
      38.83141140987881
     ],
     [
      -77.07270783244819,
      38.83141248314395
     ],
     [
      -77.07270689477384,
      38.83141388404879
     ],
     [
      -77.07270562212477,
      38.83141561259337
     ],
     [
      -77.0727040145009,
      38.83141766877762
     ],
     [
      -77.07270262162085,
      38.831419371905184
     ],
     [
      -77.07270144348468,
      38.83142072197607
     ],
     [
      -77.07270048009237,
      38.83142171899026
     ],
     [
      -77.07269973144399,
      38.831422362947805
     ],
     [
      -77.07269851338154,
      38.83142314089405
     ],
     [
      -77.07269682590501,
      38.83142405282903
     ],
     [
      -77.07269466901438,
      38.831425098752696
     ],
     [
      -77.07269204270959,
      38.83142627866504
     ],
     [
      -77.07268982433796,
      38.83142722210787
     ],
     [
      -77.07268801389951,
      38.83142792908124
     ],
     [
      -77.0726866113943,
      38.83142839958515
     ],
     [
      -77.07268561682233,
      38.83142863361961
     ],
     [
      -77.07268446281758,
      38.83142890561861
     ],
     [
      -77.07268314938003,
      38.83142921558213
     ],
     [
      -77.07268167650969,
      38.83142956351015
     ],
     [
      -77.07268004420655,
      38.831429949402676
     ],
     [
      -77.0726781633551,
      38.83143048687063
     ],
     [
      -77.07267603395537,
      38.83143117591398
     ],
     [
      -77.0726736560073,
      38.83143201653274
     ],
     [
      -77.07267102951086,
      38.831433008726854
     ],
     [
      -77.07266877761826,
      38.831433922985035
     ],
     [
      -77.07266690032951,
      38.83143475930726
     ],
     [
      -77.07266539764463,
      38.831435517693606
     ],
     [
      -77.07266426956365,
      38.83143619814404
     ],
     [
      -77.07266304906713,
      38.83143695165872
     ],
     [
      -77.07266173615504,
      38.83143777823764
     ],
     [
      -77.07266033082743,
      38.83143867788079
     ],
     [
      -77.07265883308423,
      38.831439650588194
     ],
     [
      -77.07265733460834,
      38.831440651204254
     ],
     [
      -77.07265583539973,
      38.831441679728954
     ],
     [
      -77.07265433545841,
      38.83144273616231
     ],
     [
      -77.07265283478436,
      38.83144382050431
     ],
     [
      -77.0726514280583,
      38.831444841951985
     ],
     [
      -77.07265011528023,
      38.831445800505335
     ],
     [
      -77.07264889645015,
      38.83144669616434
     ],
     [
      -77.07264777156807,
      38.83144752892903
     ],
     [
      -77.07264661544787,
      38.8314484594766
     ],
     [
      -77.0726454280895,
      38.831449487807056
     ],
     [
      -77.07264420949299,
      38.831450613920396
     ],
     [
      -77.07264295965832,
      38.831451837816616
     ],
     [
      -77.0726416785243,
      38.8314530985928
     ],
     [
      -77.07264036609092,
      38.83145439624897
     ]
    ]
   },
   "properties": {
    "id": "ct-1",
    "kind": "Contour",
    "sourceId": "contours",
    "reliabilityLevel": 1,
    "revision": 1,
    "engineeringGeometry": {
     "crs": "EPSG:2248",
     "crsName": "NAD83 / Maryland State Plane (US survey feet)",
     "datum": "NAD83",
     "unit": "usSurveyFoot",
     "coordinates": [
      [
       1291630.6464595883,
       424124.65912937577,
       164
      ],
      [
       1291631.0013982747,
       424125.40761558345,
       164
      ],
      [
       1291631.3542824204,
       424126.15610179113,
       164
      ],
      [
       1291631.705112026,
       424126.90458799875,
       164
      ],
      [
       1291632.0538870913,
       424127.65307420644,
       164
      ],
      [
       1291632.4006076164,
       424128.4015604142,
       164
      ],
      [
       1291632.663940712,
       424128.9913840478,
       164
      ],
      [
       1291632.8438863782,
       424129.42254510743,
       164
      ],
      [
       1291632.940444615,
       424129.69504359295,
       164
      ],
      [
       1291632.9536154221,
       424129.80887950445,
       164
      ],
      [
       1291632.9724532797,
       424130.0529190121,
       164
      ],
      [
       1291632.9969581875,
       424130.42716211587,
       164
      ],
      [
       1291633.0271301458,
       424130.9316088159,
       164
      ],
      [
       1291633.0629691544,
       424131.5662591121,
       164
      ],
      [
       1291633.0808886588,
       424132.1315773887,
       164
      ],
      [
       1291633.0808886588,
       424132.6275636457,
       164
      ],
      [
       1291633.0629691544,
       424133.05421788315,
       164
      ],
      [
       1291633.0271301458,
       424133.4115401011,
       164
      ],
      [
       1291632.9792668915,
       424133.777322762,
       164
      ],
      [
       1291632.9193793915,
       424134.1515658658,
       164
      ],
      [
       1291632.8474676458,
       424134.53426941263,
       164
      ],
      [
       1291632.7635316544,
       424134.92543340236,
       164
      ],
      [
       1291632.600389214,
       424135.40592794656,
       164
      ],
      [
       1291632.3580403249,
       424135.9757530454,
       164
      ],
      [
       1291632.0364849865,
       424136.63490869856,
       164
      ],
      [
       1291631.6357231992,
       424137.3833949062,
       164
      ],
      [
       1291631.275634158,
       424138.13188111386,
       164
      ],
      [
       1291630.9562178627,
       424138.8803673215,
       164
      ],
      [
       1291630.6774743134,
       424139.62885352917,
       164
      ],
      [
       1291630.4394035102,
       424140.3773397369,
       164
      ],
      [
       1291630.2583441404,
       424141.1258259446,
       164
      ],
      [
       1291630.1342962042,
       424141.8743121522,
       164
      ],
      [
       1291630.0672597014,
       424142.6227983599,
       164
      ],
      [
       1291630.0572346323,
       424143.3712845676,
       164
      ],
      [
       1291630.06365783,
       424144.11977077526,
       164
      ],
      [
       1291630.0865292945,
       424144.8682569829,
       164
      ],
      [
       1291630.125849026,
       424145.61674319056,
       164
      ],
      [
       1291630.1816170246,
       424146.36522939824,
       164
      ],
      [
       1291630.231590617,
       424147.1137156059,
       164
      ],
      [
       1291630.2757698032,
       424147.8622018135,
       164
      ],
      [
       1291630.3141545835,
       424148.6106880212,
       164
      ],
      [
       1291630.3467449574,
       424149.35917422886,
       164
      ],
      [
       1291630.3527601347,
       424150.10766043654,
       164
      ],
      [
       1291630.332200115,
       424150.8561466442,
       164
      ],
      [
       1291630.2850648984,
       424151.6046328519,
       164
      ],
      [
       1291630.2113544852,
       424152.3531190596,
       164
      ],
      [
       1291630.1484865462,
       424152.9559550659,
       164
      ],
      [
       1291630.0964610819,
       424153.41314087075,
       164
      ],
      [
       1291630.0552780917,
       424153.72467647423,
       164
      ],
      [
       1291630.024937576,
       424153.89056187624,
       164
      ],
      [
       1291629.9786840002,
       424154.16062612925,
       164
      ],
      [
       1291629.9165173639,
       424154.53486923303,
       164
      ],
      [
       1291629.8384376676,
       424155.01329118776,
       164
      ],
      [
       1291629.744444911,
       424155.5958919934,
       164
      ],
      [
       1291629.623145729,
       424156.21996414947,
       164
      ],
      [
       1291629.4745401219,
       424156.8855076561,
       164
      ],
      [
       1291629.298628089,
       424157.59252251324,
       164
      ],
      [
       1291629.0954096303,
       424158.341008721,
       164
      ],
      [
       1291628.8743901113,
       424159.08949492866,
       164
      ],
      [
       1291628.635569531,
       424159.8379811363,
       164
      ],
      [
       1291628.3789478901,
       424160.58646734396,
       164
      ],
      [
       1291628.1045251882,
       424161.3349535516,
       164
      ],
      [
       1291627.854495089,
       424162.02586942975,
       164
      ],
      [
       1291627.6288575926,
       424162.65921497846,
       164
      ],
      [
       1291627.4276126989,
       424163.2349901976,
       164
      ],
      [
       1291627.250760408,
       424163.7531950873,
       164
      ],
      [
       1291627.0979948537,
       424164.19941908406,
       164
      ],
      [
       1291626.9693160367,
       424164.57366218785,
       164
      ],
      [
       1291626.8647239562,
       424164.8759243988,
       164
      ],
      [
       1291626.7842186128,
       424165.1062057168,
       164
      ],
      [
       1291626.6701972655,
       424165.4660382572,
       164
      ],
      [
       1291626.5226599143,
       424165.95542202005,
       164
      ],
      [
       1291626.3416065595,
       424166.5743570053,
       164
      ],
      [
       1291626.127037201,
       424167.322843213,
       164
      ],
      [
       1291625.9324162318,
       424168.07132942067,
       164
      ],
      [
       1291625.7577436522,
       424168.8198156283,
       164
      ],
      [
       1291625.6030194617,
       424169.56830183597,
       164
      ],
      [
       1291625.4682436606,
       424170.3167880437,
       164
      ],
      [
       1291625.3437273193,
       424171.0652742514,
       164
      ],
      [
       1291625.2294704374,
       424171.813760459,
       164
      ],
      [
       1291625.1254730152,
       424172.5622466667,
       164
      ],
      [
       1291625.031735053,
       424173.3107328744,
       164
      ],
      [
       1291624.9284619272,
       424174.05921908206,
       164
      ],
      [
       1291624.815653638,
       424174.8077052897,
       164
      ],
      [
       1291624.6933101858,
       424175.55619149737,
       164
      ],
      [
       1291624.56143157,
       424176.30467770505,
       164
      ],
      [
       1291624.4392678267,
       424176.94701938936,
       164
      ],
      [
       1291624.3268189556,
       424177.4832165503,
       164
      ],
      [
       1291624.224084957,
       424177.913269188,
       164
      ],
      [
       1291624.1310658306,
       424178.2371773025,
       164
      ],
      [
       1291624.024823717,
       424178.5862529116,
       164
      ],
      [
       1291623.905358617,
       424178.9604960154,
       164
      ],
      [
       1291623.7726705295,
       424179.35990661394,
       164
      ],
      [
       1291623.626759455,
       424179.7844847073,
       164
      ],
      [
       1291623.4468756611,
       424180.29003982915,
       164
      ],
      [
       1291623.2330191478,
       424180.8765719796,
       164
      ],
      [
       1291622.9851899147,
       424181.54408115864,
       164
      ],
      [
       1291622.703387962,
       424182.2925673663,
       164
      ],
      [
       1291622.4188719727,
       424183.041053574,
       164
      ],
      [
       1291622.1316419467,
       424183.7895397817,
       164
      ],
      [
       1291621.841697884,
       424184.5380259894,
       164
      ],
      [
       1291621.5490397846,
       424185.28651219705,
       164
      ],
      [
       1291621.3225174397,
       424185.8966171881,
       164
      ],
      [
       1291621.1621308492,
       424186.3683409627,
       164
      ],
      [
       1291621.0678800135,
       424186.7016835206,
       164
      ],
      [
       1291621.0397649321,
       424186.8966448619,
       164
      ],
      [
       1291620.9990691156,
       424187.1812470845,
       164
      ],
      [
       1291620.9457925637,
       424187.5554901883,
       164
      ],
      [
       1291620.8799352762,
       424188.01937417337,
       164
      ],
      [
       1291620.8014972536,
       424188.5728990398,
       164
      ],
      [
       1291620.7622782423,
       424189.1072912639,
       164
      ],
      [
       1291620.7622782423,
       424189.62255084567,
       164
      ],
      [
       1291620.8014972536,
       424190.11867778515,
       164
      ],
      [
       1291620.8799352762,
       424190.5956720824,
       164
      ],
      [
       1291620.9578842763,
       424191.02129078296,
       164
      ],
      [
       1291621.0353442538,
       424191.39553388674,
       164
      ],
      [
       1291621.1123152087,
       424191.7184013939,
       164
      ],
      [
       1291621.1887971412,
       424191.9898933043,
       164
      ],
      [
       1291621.3607969119,
       424192.380633789,
       164
      ],
      [
       1291621.6283145207,
       424192.8906228481,
       164
      ],
      [
       1291621.9913499681,
       424193.51986048144,
       164
      ],
      [
       1291622.4499032535,
       424194.26834668906,
       164
      ],
      [
       1291622.8471809651,
       424194.8883003283,
       164
      ],
      [
       1291623.1831831029,
       424195.3797213989,
       164
      ],
      [
       1291623.4579096665,
       424195.7426099011,
       164
      ],
      [
       1291623.6713606564,
       424195.97696583485,
       164
      ],
      [
       1291624.0185704506,
       424196.26001323515,
       164
      ],
      [
       1291624.4995390493,
       424196.591752102,
       164
      ],
      [
       1291625.1142664526,
       424196.97218243545,
       164
      ],
      [
       1291625.86275266,
       424197.40130423545,
       164
      ],
      [
       1291626.4949641272,
       424197.7443977039,
       164
      ],
      [
       1291627.0109008541,
       424198.00146284094,
       164
      ],
      [
       1291627.4105628405,
       424198.1724996464,
       164
      ],
      [
       1291627.6939500864,
       424198.2575081203,
       164
      ],
      [
       1291628.0227652611,
       424198.3563069055,
       164
      ],
      [
       1291628.397008365,
       424198.4688960019,
       164
      ],
      [
       1291628.8166793978,
       424198.5952754095,
       164
      ],
      [
       1291629.2817783598,
       424198.73544512835,
       164
      ],
      [
       1291629.817724133,
       424198.93076141627,
       164
      ],
      [
       1291630.424516718,
       424199.1812242733,
       164
      ],
      [
       1291631.102156114,
       424199.4868336993,
       164
      ],
      [
       1291631.8506423214,
       424199.84758969443,
       164
      ],
      [
       1291632.4923941614,
       424200.18004681414,
       164
      ],
      [
       1291633.027411634,
       424200.48420505854,
       164
      ],
      [
       1291633.455694739,
       424200.7600644276,
       164
      ],
      [
       1291633.7772434764,
       424201.0076249214,
       164
      ],
      [
       1291634.1251393966,
       424201.28177405853,
       164
      ],
      [
       1291634.4993825005,
       424201.58251183893,
       164
      ],
      [
       1291634.8999727876,
       424201.90983826277,
       164
      ],
      [
       1291635.3269102583,
       424202.26375333,
       164
      ],
      [
       1291635.7540645308,
       424202.6278324155,
       164
      ],
      [
       1291636.1814356057,
       424203.0020755193,
       164
      ],
      [
       1291636.609023483,
       424203.38648264145,
       164
      ],
      [
       1291637.0368281621,
       424203.781053782,
       164
      ],
      [
       1291637.437852054,
       424204.15274045884,
       164
      ],
      [
       1291637.8120951578,
       424204.5015426721,
       164
      ],
      [
       1291638.1595574738,
       424204.8274604218,
       164
      ],
      [
       1291638.480239002,
       424205.1304937079,
       164
      ],
      [
       1291638.8098475323,
       424205.46913190285,
       164
      ],
      [
       1291639.1483830647,
       424205.84337500663,
       164
      ],
      [
       1291639.4958455996,
       424206.25322301936,
       164
      ],
      [
       1291639.8522351363,
       424206.698675941,
       164
      ],
      [
       1291640.2175514568,
       424207.15755325445,
       164
      ],
      [
       1291640.5917945607,
       424207.6298549599,
       164
      ]
     ]
    },
    "elevationFt": 164,
    "weight": "intermediate",
    "hidden": false
   }
  },
  {
   "type": "Feature",
   "geometry": {
    "type": "LineString",
    "coordinates": [
     [
      -77.0727247691533,
      38.83122652384473
     ],
     [
      -77.07272572716865,
      38.83122857843062
     ],
     [
      -77.0727266196531,
      38.83123039205381
     ],
     [
      -77.07272744660665,
      38.83123196471432
     ],
     [
      -77.0727282080293,
      38.83123329641216
     ],
     [
      -77.07272890392103,
      38.8312343871473
     ],
     [
      -77.07272958966202,
      38.83123544610009
     ],
     [
      -77.07273026525225,
      38.831236473270515
     ],
     [
      -77.07273093069175,
      38.831237468658564
     ],
     [
      -77.07273158598048,
      38.83123843226424
     ],
     [
      -77.07273226876111,
      38.831239668644976
     ],
     [
      -77.07273297903366,
      38.831241177800806
     ],
     [
      -77.07273371679813,
      38.83124295973166
     ],
     [
      -77.07273448205453,
      38.831245014437606
     ],
     [
      -77.07273500308932,
      38.83124706929573
     ],
     [
      -77.07273527990247,
      38.83124912430605
     ],
     [
      -77.072735312494,
      38.83125117946859
     ],
     [
      -77.07273510086384,
      38.831253234783325
     ],
     [
      -77.07273470825277,
      38.831255290210834
     ],
     [
      -77.07273413466076,
      38.83125734575115
     ],
     [
      -77.07273338008781,
      38.831259401404225
     ],
     [
      -77.0727324445339,
      38.8312614571701
     ],
     [
      -77.07273167646444,
      38.831263117627245
     ],
     [
      -77.07273107587946,
      38.83126438277563
     ],
     [
      -77.07273064277899,
      38.8312652526153
     ],
     [
      -77.07273037716303,
      38.831265727146246
     ],
     [
      -77.07272995313235,
      38.8312664783889
     ],
     [
      -77.07272937068693,
      38.83126750634327
     ],
     [
      -77.07272862982676,
      38.83126881100938
     ],
     [
      -77.07272773055183,
      38.83127039238718
     ],
     [
      -77.07272679603464,
      38.83127209237829
     ],
     [
      -77.07272582627523,
      38.83127391098271
     ],
     [
      -77.07272482127357,
      38.831275848200434
     ],
     [
      -77.07272378102962,
      38.83127790403146
     ],
     [
      -77.07272283019331,
      38.831279854304334
     ],
     [
      -77.07272196876464,
      38.831281699019094
     ],
     [
      -77.0727211967436,
      38.83128343817569
     ],
     [
      -77.07272051413022,
      38.83128507177414
     ],
     [
      -77.07271996228586,
      38.831286402500254
     ],
     [
      -77.07271954121052,
      38.83128743035404
     ],
     [
      -77.0727192509042,
      38.831288155335486
     ],
     [
      -77.07271909136695,
      38.83128857744459
     ],
     [
      -77.07271877525832,
      38.83128940794451
     ],
     [
      -77.07271830257832,
      38.8312906468353
     ],
     [
      -77.07271767332695,
      38.83129229411691
     ],
     [
      -77.07271688750416,
      38.83129434978936
     ],
     [
      -77.07271610219968,
      38.83129640546146
     ],
     [
      -77.07271531741348,
      38.83129846113324
     ],
     [
      -77.07271453314557,
      38.831300516804696
     ],
     [
      -77.07271374939597,
      38.83130257247583
     ],
     [
      -77.07271302128085,
      38.83130462811228
     ],
     [
      -77.07271234880021,
      38.83130668371407
     ],
     [
      -77.07271173195407,
      38.831308739281205
     ],
     [
      -77.07271117074241,
      38.83131079481367
     ],
     [
      -77.07271076209305,
      38.831312850251074
     ],
     [
      -77.07271050600599,
      38.83131490559343
     ],
     [
      -77.07271040248123,
      38.83131696084075
     ],
     [
      -77.0727104515188,
      38.831319015993024
     ],
     [
      -77.07271059866308,
      38.83132107108417
     ],
     [
      -77.07271084391407,
      38.831323126114185
     ],
     [
      -77.07271118727176,
      38.83132518108309
     ],
     [
      -77.07271162873619,
      38.83132723599088
     ],
     [
      -77.07271210259714,
      38.83132929087847
     ],
     [
      -77.07271260885456,
      38.83133134574588
     ],
     [
      -77.0727131475085,
      38.831333400593095
     ],
     [
      -77.07271371855894,
      38.831335455420124
     ],
     [
      -77.07271423346572,
      38.83133751028215
     ],
     [
      -77.07271469222883,
      38.83133956517913
     ],
     [
      -77.07271509484826,
      38.8313416201111
     ],
     [
      -77.07271544132402,
      38.83134367507804
     ],
     [
      -77.07271575228175,
      38.83134573006711
     ],
     [
      -77.07271602772146,
      38.8313477850783
     ],
     [
      -77.07271626764312,
      38.83134984011163
     ],
     [
      -77.07271647204676,
      38.831351895167074
     ],
     [
      -77.07271672022227,
      38.83135395019528
     ],
     [
      -77.07271701216963,
      38.831356005196184
     ],
     [
      -77.07271734788888,
      38.83135806016981
     ],
     [
      -77.07271772738001,
      38.831360115116176
     ],
     [
      -77.07271809163419,
      38.831361871754176
     ],
     [
      -77.0727184406514,
      38.831363330083825
     ],
     [
      -77.07271877443165,
      38.831364490105116
     ],
     [
      -77.07271909297495,
      38.831365351818064
     ],
     [
      -77.07271944948972,
      38.83136629634734
     ],
     [
      -77.07271984397599,
      38.831367323692945
     ],
     [
      -77.07272027643373,
      38.831368433854884
     ],
     [
      -77.07272074686297,
      38.831369626833144
     ],
     [
      -77.07272134539338,
      38.83137103520945
     ],
     [
      -77.07272207202493,
      38.831372658983774
     ],
     [
      -77.07272292675768,
      38.831374498156144
     ],
     [
      -77.07272390959163,
      38.83137655272652
     ],
     [
      -77.07272491607998,
      38.83137860728217
     ],
     [
      -77.07272594622269,
      38.83138066182304
     ],
     [
      -77.0727270000198,
      38.83138271634918
     ],
     [
      -77.0727280774713,
      38.83138477086058
     ],
     [
      -77.07272891115299,
      38.831386356540456
     ],
     [
      -77.07272950106488,
      38.831387473388816
     ],
     [
      -77.07272984720693,
      38.83138812140569
     ],
     [
      -77.07272994957911,
      38.831388300591044
     ],
     [
      -77.07273027883686,
      38.831388903806136
     ],
     [
      -77.07273083498022,
      38.83138993105096
     ],
     [
      -77.07273161800917,
      38.8313913823255
     ],
     [
      -77.07273262792378,
      38.83139325762979
     ],
     [
      -77.07273357593012,
      38.83139517778491
     ],
     [
      -77.07273446202818,
      38.83139714279092
     ],
     [
      -77.07273528621798,
      38.83139915264778
     ],
     [
      -77.0727360484995,
      38.83140120735551
     ],
     [
      -77.07273670501888,
      38.83140326212914
     ],
     [
      -77.07273725577613,
      38.8314053169687
     ],
     [
      -77.07273770077123,
      38.83140737187414
     ],
     [
      -77.07273804000418,
      38.83140942684552
     ],
     [
      -77.0727383051962,
      38.83141148186302
     ],
     [
      -77.07273849634728,
      38.831413536926675
     ],
     [
      -77.07273861345746,
      38.83141559203648
     ],
     [
      -77.0727386565267,
      38.831417647192424
     ],
     [
      -77.07273870717937,
      38.83141970234365
     ],
     [
      -77.0727387654155,
      38.83142175749013
     ],
     [
      -77.0727388312351,
      38.83142381263189
     ],
     [
      -77.07273890463813,
      38.83142586776894
     ],
     [
      -77.07273897072263,
      38.83142792291054
     ],
     [
      -77.07273902948856,
      38.83142997805669
     ],
     [
      -77.07273908093593,
      38.8314320332074
     ],
     [
      -77.07273912506477,
      38.83143408836269
     ],
     [
      -77.07273909252655,
      38.831436143565746
     ],
     [
      -77.07273898332129,
      38.8314381988166
     ],
     [
      -77.07273879744896,
      38.83144025411521
     ],
     [
      -77.07273853490958,
      38.83144230946162
     ],
     [
      -77.07273815044765,
      38.83144436488401
     ],
     [
      -77.07273764406318,
      38.83144642038239
     ],
     [
      -77.07273701575616,
      38.83144847595674
     ],
     [
      -77.07273626552657,
      38.831450531607075
     ],
     [
      -77.07273541616823,
      38.83145258731918
     ],
     [
      -77.07273446768114,
      38.83145464309305
     ],
     [
      -77.07273342006532,
      38.83145669892871
     ],
     [
      -77.0727322733207,
      38.83145875482612
     ],
     [
      -77.07273138982465,
      38.831460323459694
     ],
     [
      -77.07273076957718,
      38.8314614048294
     ],
     [
      -77.07273041257832,
      38.831461998935275
     ],
     [
      -77.07273031882808,
      38.8314621057773
     ],
     [
      -77.07272959208318,
      38.831462622405496
     ],
     [
      -77.07272823234355,
      38.83146354881987
     ],
     [
      -77.07272623960918,
      38.83146488502037
     ],
     [
      -77.07272361387999,
      38.831466631007
     ],
     [
      -77.07272149674296,
      38.8314679916012
     ],
     [
      -77.07271988819814,
      38.83146896680307
     ],
     [
      -77.0727187882456,
      38.831469556612554
     ],
     [
      -77.07271819688535,
      38.83146976102971
     ],
     [
      -77.07271724454188,
      38.83147007294498
     ],
     [
      -77.07271593121517,
      38.83147049235835
     ],
     [
      -77.07271425690524,
      38.83147101926982
     ],
     [
      -77.07271222161204,
      38.831471653679365
     ],
     [
      -77.07271003847272,
      38.83147233329225
     ],
     [
      -77.07270770748727,
      38.83147305810845
     ],
     [
      -77.07270522865568,
      38.83147382812793
     ],
     [
      -77.07270260197797,
      38.83147464335073
     ],
     [
      -77.07270030839794,
      38.83147540708305
     ],
     [
      -77.07269834791568,
      38.83147611932486
     ],
     [
      -77.07269672053118,
      38.83147678007622
     ],
     [
      -77.07269542624444,
      38.831477389337124
     ],
     [
      -77.0726941225603,
      38.83147802423506
     ],
     [
      -77.0726928094788,
      38.83147868477006
     ],
     [
      -77.07269148699991,
      38.83147937094212
     ],
     [
      -77.07269015512364,
      38.831480082751206
     ],
     [
      -77.0726886721613,
      38.8314809529603
     ],
     [
      -77.07268703811293,
      38.83148198156938
     ],
     [
      -77.07268525297849,
      38.83148316857844
     ],
     [
      -77.07268331675796,
      38.831484513987455
     ],
     [
      -77.07268169224746,
      38.83148565514964
     ],
     [
      -77.07268037944701,
      38.83148659206499
     ],
     [
      -77.07267937835664,
      38.83148732473349
     ],
     [
      -77.0726786889764,
      38.83148785315519
     ],
     [
      -77.07267776176361,
      38.83148863152448
     ],
     [
      -77.07267659671827,
      38.831489659841324
     ],
     [
      -77.07267519384035,
      38.83149093810579
     ],
     [
      -77.07267355312983,
      38.83149246631783
     ],
     [
      -77.07267207656308,
      38.83149388447122
     ],
     [
      -77.07267076414013,
      38.83149519256599
     ],
     [
      -77.07266961586099,
      38.83149639060216
     ],
     [
      -77.07266863172566,
      38.83149747857971
     ],
     [
      -77.0726677245192,
      38.831498536622675
     ],
     [
      -77.07266689424169,
      38.831499564731004
     ],
     [
      -77.07266614089305,
      38.831500562904736
     ],
     [
      -77.07266546447333,
      38.83150153114385
     ],
     [
      -77.07266454948234,
      38.8315027713727
     ],
     [
      -77.07266339592009,
      38.83150428359127
     ],
     [
      -77.07266200378653,
      38.83150606779955
     ],
     [
      -77.07266037308163,
      38.83150812399754
     ],
     [
      -77.07265907079574,
      38.83150973442084
     ],
     [
      -77.07265809692888,
      38.831510899069436
     ],
     [
      -77.07265745148108,
      38.831511617943335
     ],
     [
      -77.07265713445237,
      38.83151189104257
     ],
     [
      -77.07265624007135,
      38.8315123590464
     ],
     [
      -77.07265476833798,
      38.83151302195482
     ],
     [
      -77.07265271925223,
      38.83151387976782
     ],
     [
      -77.07265009281407,
      38.831514932485334
     ],
     [
      -77.07264746626566,
      38.83151587691242
     ],
     [
      -77.07264483960701,
      38.831516713049055
     ],
     [
      -77.07264221283812,
      38.83151744089525
     ],
     [
      -77.07263958595902,
      38.831518060450996
     ]
    ]
   },
   "properties": {
    "id": "ct-2",
    "kind": "Contour",
    "sourceId": "contours",
    "reliabilityLevel": 1,
    "revision": 1,
    "engineeringGeometry": {
     "crs": "EPSG:2248",
     "crsName": "NAD83 / Maryland State Plane (US survey feet)",
     "datum": "NAD83",
     "unit": "usSurveyFoot",
     "coordinates": [
      [
       1291616.48215725,
       424124.65912937577,
       166
      ],
      [
       1291616.2098469404,
       424125.40761558345,
       166
      ],
      [
       1291615.9561342811,
       424126.06832964736,
       166
      ],
      [
       1291615.7210192732,
       424126.6412715675,
       166
      ],
      [
       1291615.5045019155,
       424127.12644134386,
       166
      ],
      [
       1291615.3065822087,
       424127.52383897646,
       166
      ],
      [
       1291615.1115448934,
       424127.90965934464,
       166
      ],
      [
       1291614.9193899692,
       424128.2839024485,
       166
      ],
      [
       1291614.730117436,
       424128.646568288,
       166
      ],
      [
       1291614.5437272945,
       424128.997656863,
       166
      ],
      [
       1291614.3495847883,
       424129.4480948463,
       166
      ],
      [
       1291614.147689918,
       424129.99788223766,
       166
      ],
      [
       1291613.9380426835,
       424130.64701903716,
       166
      ],
      [
       1291613.7206430847,
       424131.3955052448,
       166
      ],
      [
       1291613.5728140636,
       424132.1439914524,
       166
      ],
      [
       1291613.49455562,
       424132.8924776602,
       166
      ],
      [
       1291613.485867754,
       424133.6409638679,
       166
      ],
      [
       1291613.5467504659,
       424134.38945007545,
       166
      ],
      [
       1291613.6591885767,
       424135.13793628314,
       166
      ],
      [
       1291613.8231820867,
       424135.88642249093,
       166
      ],
      [
       1291614.038730996,
       424136.63490869856,
       166
      ],
      [
       1291614.3058353043,
       424137.3833949062,
       166
      ],
      [
       1291614.525114216,
       424137.98794987646,
       166
      ],
      [
       1291614.6965677303,
       424138.4485736093,
       166
      ],
      [
       1291614.8201958477,
       424138.7652661048,
       166
      ],
      [
       1291614.8959985683,
       424138.9380273628,
       166
      ],
      [
       1291615.017008592,
       424139.21152954374,
       166
      ],
      [
       1291615.183225919,
       424139.5857726476,
       166
      ],
      [
       1291615.3946505496,
       424140.06075667427,
       166
      ],
      [
       1291615.6512824835,
       424140.636481624,
       166
      ],
      [
       1291615.9179881455,
       424141.2553968881,
       166
      ],
      [
       1291616.1947675357,
       424141.9175024667,
       166
      ],
      [
       1291616.4816206542,
       424142.6227983599,
       166
      ],
      [
       1291616.7785475012,
       424143.3712845676,
       166
      ],
      [
       1291617.049974493,
       424144.08134737634,
       166
      ],
      [
       1291617.2959016298,
       424144.75298678613,
       166
      ],
      [
       1291617.5163289118,
       424145.38620279694,
       166
      ],
      [
       1291617.7112563392,
       424145.98099540884,
       166
      ],
      [
       1291617.8688442179,
       424146.46551326674,
       166
      ],
      [
       1291617.9890925481,
       424146.8397563705,
       166
      ],
      [
       1291618.07200133,
       424147.10372472036,
       166
      ],
      [
       1291618.1175705637,
       424147.2574183161,
       166
      ],
      [
       1291618.2078601625,
       424147.55981006485,
       166
      ],
      [
       1291618.3428701265,
       424148.0108999665,
       166
      ],
      [
       1291618.5226004557,
       424148.6106880212,
       166
      ],
      [
       1291618.74705115,
       424149.35917422886,
       166
      ],
      [
       1291618.9713541865,
       424150.10766043654,
       166
      ],
      [
       1291619.195509565,
       424150.8561466442,
       166
      ],
      [
       1291619.4195172857,
       424151.6046328519,
       166
      ],
      [
       1291619.6433773488,
       424152.3531190596,
       166
      ],
      [
       1291619.8513890095,
       424153.10160526726,
       166
      ],
      [
       1291620.0435522678,
       424153.8500914749,
       166
      ],
      [
       1291620.2198671242,
       424154.59857768257,
       166
      ],
      [
       1291620.3803335782,
       424155.34706389025,
       166
      ],
      [
       1291620.4973401718,
       424156.09555009793,
       166
      ],
      [
       1291620.570886905,
       424156.84403630556,
       166
      ],
      [
       1291620.600973778,
       424157.59252251324,
       166
      ],
      [
       1291620.5876007904,
       424158.341008721,
       166
      ],
      [
       1291620.5462805154,
       424159.08949492866,
       166
      ],
      [
       1291620.4770129533,
       424159.8379811363,
       166
      ],
      [
       1291620.3797981034,
       424160.58646734396,
       166
      ],
      [
       1291620.2546359662,
       424161.3349535516,
       166
      ],
      [
       1291620.120245168,
       424162.0834397592,
       166
      ],
      [
       1291619.9766257093,
       424162.831925967,
       166
      ],
      [
       1291619.8237775895,
       424163.58041217463,
       166
      ],
      [
       1291619.661700809,
       424164.32889838226,
       166
      ],
      [
       1291619.5156174693,
       424165.07738458994,
       166
      ],
      [
       1291619.3855275707,
       424165.8258707976,
       166
      ],
      [
       1291619.2714311134,
       424166.5743570053,
       166
      ],
      [
       1291619.1733280972,
       424167.322843213,
       166
      ],
      [
       1291619.0853429693,
       424168.07132942067,
       166
      ],
      [
       1291619.0074757296,
       424168.8198156283,
       166
      ],
      [
       1291618.9397263788,
       424169.56830183597,
       166
      ],
      [
       1291618.8820949162,
       424170.3167880437,
       166
      ],
      [
       1291618.8119943356,
       424171.0652742514,
       166
      ],
      [
       1291618.7294246373,
       424171.813760459,
       166
      ],
      [
       1291618.6343858207,
       424172.5622466667,
       166
      ],
      [
       1291618.5268778864,
       424173.3107328744,
       166
      ],
      [
       1291618.4236239041,
       424173.95057337295,
       166
      ],
      [
       1291618.3246238735,
       424174.48176816246,
       166
      ],
      [
       1291618.229877795,
       424174.90431724285,
       166
      ],
      [
       1291618.139385669,
       424175.2182206141,
       166
      ],
      [
       1291618.0381007907,
       424175.56229385163,
       166
      ],
      [
       1291617.9260231603,
       424175.93653695553,
       166
      ],
      [
       1291617.8031527782,
       424176.3409499256,
       166
      ],
      [
       1291617.6694896438,
       424176.775532762,
       166
      ],
      [
       1291617.4993973586,
       424177.28859144123,
       166
      ],
      [
       1291617.2928759228,
       424177.8801259631,
       166
      ],
      [
       1291617.0499253357,
       424178.550136328,
       166
      ],
      [
       1291616.7705455981,
       424179.29862253566,
       166
      ],
      [
       1291616.4844275462,
       424180.04710874334,
       166
      ],
      [
       1291616.1915711802,
       424180.79559495096,
       166
      ],
      [
       1291615.8919765004,
       424181.54408115864,
       166
      ],
      [
       1291615.5856435064,
       424182.2925673663,
       166
      ],
      [
       1291615.3486161756,
       424182.87025241,
       166
      ],
      [
       1291615.1808945078,
       424183.27713628975,
       166
      ],
      [
       1291615.082478503,
       424183.5132190055,
       166
      ],
      [
       1291615.0533681614,
       424183.5785005572,
       166
      ],
      [
       1291614.959748913,
       424183.7982628851,
       166
      ],
      [
       1291614.8016207577,
       424184.1725059889,
       166
      ],
      [
       1291614.5789836957,
       424184.7012298688,
       166
      ],
      [
       1291614.2918377272,
       424185.3844345247,
       166
      ],
      [
       1291614.0223403338,
       424186.0839595685,
       166
      ],
      [
       1291613.770491516,
       424186.7998050003,
       166
      ],
      [
       1291613.5362912738,
       424187.53197082004,
       166
      ],
      [
       1291613.3197396067,
       424188.2804570278,
       166
      ],
      [
       1291613.133315979,
       424189.02894323546,
       166
      ],
      [
       1291612.9770203908,
       424189.7774294431,
       166
      ],
      [
       1291612.8508528417,
       424190.52591565077,
       166
      ],
      [
       1291612.7548133319,
       424191.2744018584,
       166
      ],
      [
       1291612.6798655596,
       424192.022888066,
       166
      ],
      [
       1291612.6260095253,
       424192.7713742738,
       166
      ],
      [
       1291612.5932452283,
       424193.51986048144,
       166
      ],
      [
       1291612.581572669,
       424194.26834668906,
       166
      ],
      [
       1291612.5677398439,
       424195.01683289674,
       166
      ],
      [
       1291612.5517467526,
       424195.76531910436,
       166
      ],
      [
       1291612.5335933953,
       424196.51380531205,
       166
      ],
      [
       1291612.513279772,
       424197.2622915198,
       166
      ],
      [
       1291612.495050955,
       424198.01077772747,
       166
      ],
      [
       1291612.478906945,
       424198.7592639351,
       166
      ],
      [
       1291612.4648477416,
       424199.5077501428,
       166
      ],
      [
       1291612.4528733445,
       424200.25623635045,
       166
      ],
      [
       1291612.4627387663,
       424201.00472255814,
       166
      ],
      [
       1291612.4944440066,
       424201.7532087658,
       166
      ],
      [
       1291612.547989066,
       424202.5016949735,
       166
      ],
      [
       1291612.6233739438,
       424203.2501811812,
       166
      ],
      [
       1291612.733490373,
       424203.99866738886,
       166
      ],
      [
       1291612.8783383537,
       424204.7471535965,
       166
      ],
      [
       1291613.0579178855,
       424205.49563980417,
       166
      ],
      [
       1291613.2722289683,
       424206.24412601185,
       166
      ],
      [
       1291613.5147784192,
       424206.99261221953,
       166
      ],
      [
       1291613.785566238,
       424207.7410984271,
       166
      ],
      [
       1291614.0845924248,
       424208.4895846348,
       166
      ],
      [
       1291614.4118569796,
       424209.23807084246,
       166
      ],
      [
       1291614.6639896978,
       424209.8091579977,
       166
      ],
      [
       1291614.8409905797,
       424210.20284610044,
       166
      ],
      [
       1291614.9428596254,
       424210.41913515073,
       166
      ],
      [
       1291614.9695968349,
       424210.4580251486,
       166
      ],
      [
       1291615.1767712939,
       424210.6460133472,
       166
      ],
      [
       1291615.5643830025,
       424210.9830997464,
       166
      ],
      [
       1291616.1324319607,
       424211.4692843463,
       166
      ],
      [
       1291616.880918168,
       424212.104567147,
       166
      ],
      [
       1291617.4844121789,
       424212.5996075997,
       166
      ],
      [
       1291617.9429139933,
       424212.95440570463,
       166
      ],
      [
       1291618.2564236107,
       424213.16896146163,
       166
      ],
      [
       1291618.4249410313,
       424213.24327487085,
       166
      ],
      [
       1291618.6963212937,
       424213.3566565877,
       166
      ],
      [
       1291619.0705643976,
       424213.50910661207,
       166
      ],
      [
       1291619.547670343,
       424213.7006249442,
       166
      ],
      [
       1291620.1276391298,
       424213.9312115839,
       166
      ],
      [
       1291620.7497372718,
       424214.17822749354,
       166
      ],
      [
       1291621.413964769,
       424214.441672673,
       166
      ],
      [
       1291622.1203216217,
       424214.72154712246,
       166
      ],
      [
       1291622.8688078295,
       424215.017850842,
       166
      ],
      [
       1291623.5223910522,
       424215.29547759367,
       166
      ],
      [
       1291624.0810712902,
       424215.55442737753,
       166
      ],
      [
       1291624.5448485431,
       424215.79470019386,
       166
      ],
      [
       1291624.913722811,
       424216.0162960425,
       166
      ],
      [
       1291625.285281497,
       424216.2472266355,
       166
      ],
      [
       1291625.659524601,
       424216.48749197304,
       166
      ],
      [
       1291626.0364521227,
       424216.73709205503,
       166
      ],
      [
       1291626.4160640622,
       424216.99602688145,
       166
      ],
      [
       1291626.8387611187,
       424217.3126158466,
       166
      ],
      [
       1291627.3045432917,
       424217.6868589504,
       166
      ],
      [
       1291627.8134105818,
       424218.11875619297,
       166
      ],
      [
       1291628.3653629886,
       424218.60830757424,
       166
      ],
      [
       1291628.8284607437,
       424219.0235440879,
       166
      ],
      [
       1291629.2027038475,
       424219.3644657339,
       166
      ],
      [
       1291629.4880923,
       424219.6310725123,
       166
      ],
      [
       1291629.684626101,
       424219.8233644232,
       166
      ],
      [
       1291629.9489826313,
       424220.1066319305,
       166
      ],
      [
       1291630.2811618904,
       424220.4808750343,
       166
      ],
      [
       1291630.6811638789,
       424220.94609373464,
       166
      ],
      [
       1291631.1489885964,
       424221.5022880315,
       166
      ],
      [
       1291631.570022507,
       424222.01843681664,
       166
      ],
      [
       1291631.9442656108,
       424222.4945400902,
       166
      ],
      [
       1291632.2717179079,
       424222.93059785204,
       166
      ],
      [
       1291632.552379398,
       424223.3266101022,
       166
      ],
      [
       1291632.8111178242,
       424223.71173777926,
       166
      ],
      [
       1291633.0479331864,
       424224.08598088304,
       166
      ],
      [
       1291633.2628254844,
       424224.44933941367,
       166
      ],
      [
       1291633.4557947186,
       424224.8018133712,
       166
      ],
      [
       1291633.716803478,
       424225.2532903912,
       166
      ],
      [
       1291634.0458517624,
       424225.8037704737,
       166
      ],
      [
       1291634.4429395718,
       424226.45325361885,
       166
      ],
      [
       1291634.9080669065,
       424227.2017398266,
       166
      ],
      [
       1291635.279509817,
       424227.7879518203,
       166
      ],
      [
       1291635.5572683038,
       424228.21188959986,
       166
      ],
      [
       1291635.7413423667,
       424228.47355316556,
       166
      ],
      [
       1291635.8317320053,
       424228.57294251723,
       166
      ],
      [
       1291636.0866457867,
       424228.7431841492,
       166
      ],
      [
       1291636.5060837097,
       424228.98427806166,
       166
      ],
      [
       1291637.0900457753,
       424229.2962242543,
       166
      ],
      [
       1291637.8385319826,
       424229.67902272724,
       166
      ],
      [
       1291638.5870181904,
       424230.022382415,
       166
      ],
      [
       1291639.3355043982,
       424230.32630331756,
       166
      ],
      [
       1291640.083990606,
       424230.5907854349,
       166
      ],
      [
       1291640.8324768133,
       424230.81582876696,
       166
      ]
     ]
    },
    "elevationFt": 166,
    "weight": "intermediate",
    "hidden": false
   }
  },
  {
   "type": "Feature",
   "geometry": {
    "type": "LineString",
    "coordinates": [
     [
      -77.07280236837015,
      38.83122749654323
     ],
     [
      -77.07280160960461,
      38.831229143768105
     ],
     [
      -77.07280094046482,
      38.83123089304489
     ],
     [
      -77.0728003609508,
      38.83123274437359
     ],
     [
      -77.07279987106254,
      38.83123469775417
     ],
     [
      -77.07279947080005,
      38.8312367531867
     ],
     [
      -77.07279880494,
      38.8312387957873
     ],
     [
      -77.07279787348237,
      38.83124082555599
     ],
     [
      -77.07279667642716,
      38.83124284249277
     ],
     [
      -77.07279521377433,
      38.8312448465976
     ],
     [
      -77.07279410385242,
      38.83124636268187
     ],
     [
      -77.0727933466615,
      38.83124739074555
     ],
     [
      -77.07279294220156,
      38.831247930788685
     ],
     [
      -77.07279289047267,
      38.831247982811256
     ],
     [
      -77.0727922082011,
      38.831248467652735
     ],
     [
      -77.07279089538683,
      38.831249385313136
     ],
     [
      -77.07278895202982,
      38.83125073579241
     ],
     [
      -77.07278637813002,
      38.83125251909055
     ],
     [
      -77.07278438757983,
      38.8312539249741
     ],
     [
      -77.07278298037934,
      38.83125495344309
     ],
     [
      -77.07278215652859,
      38.831255604497535
     ],
     [
      -77.07278191602761,
      38.83125587813748
     ],
     [
      -77.07278142202229,
      38.831256597358724
     ],
     [
      -77.0727806745126,
      38.83125776216128
     ],
     [
      -77.07277967349853,
      38.83125937254511
     ],
     [
      -77.07277841898005,
      38.83126142851027
     ],
     [
      -77.07277721235761,
      38.83126348444553
     ],
     [
      -77.07277605363124,
      38.831265540350905
     ],
     [
      -77.07277494280093,
      38.831267596226404
     ],
     [
      -77.0727738798667,
      38.83126965207204
     ],
     [
      -77.07277306641608,
      38.83127121283046
     ],
     [
      -77.0727725024491,
      38.83127227850166
     ],
     [
      -77.0727721879658,
      38.83127284908568
     ],
     [
      -77.07277212296617,
      38.83127292458249
     ],
     [
      -77.07277174289104,
      38.83127347634335
     ],
     [
      -77.07277104774037,
      38.8312745043682
     ],
     [
      -77.07277003751416,
      38.831276008657085
     ],
     [
      -77.07276871221237,
      38.831277989209944
     ],
     [
      -77.07276739354062,
      38.83127981780961
     ],
     [
      -77.07276608149891,
      38.83128149445601
     ],
     [
      -77.0727647760873,
      38.83128301914919
     ],
     [
      -77.07276347730574,
      38.83128439188915
     ],
     [
      -77.07276235893714,
      38.83128559234721
     ],
     [
      -77.07276142098152,
      38.83128662052337
     ],
     [
      -77.07276066343887,
      38.831287476417664
     ],
     [
      -77.07276008630923,
      38.831288160030084
     ],
     [
      -77.0727592833175,
      38.83128918676587
     ],
     [
      -77.0727582544637,
      38.83129055662499
     ],
     [
      -77.07275699974775,
      38.83129226960748
     ],
     [
      -77.07275551916968,
      38.83129432571327
     ],
     [
      -77.07275426733014,
      38.83129620592859
     ],
     [
      -77.07275324422919,
      38.83129791025341
     ],
     [
      -77.07275244986687,
      38.83129943868774
     ],
     [
      -77.07275188424319,
      38.83130079123161
     ],
     [
      -77.07275138709382,
      38.83130198143284
     ],
     [
      -77.0727509584188,
      38.83130300929146
     ],
     [
      -77.07275059821811,
      38.831303874807475
     ],
     [
      -77.07275030649178,
      38.831304577980895
     ],
     [
      -77.07274997144852,
      38.8313056192291
     ],
     [
      -77.07274959308832,
      38.83130699855214
     ],
     [
      -77.07274917141117,
      38.83130871595
     ],
     [
      -77.07274870641709,
      38.83131077142266
     ],
     [
      -77.07274823465202,
      38.83131282689953
     ],
     [
      -77.072747756116,
      38.831314882380646
     ],
     [
      -77.07274727080902,
      38.83131693786597
     ],
     [
      -77.07274677873106,
      38.83131899335551
     ],
     [
      -77.07274636534383,
      38.83132104879599
     ],
     [
      -77.07274603064737,
      38.83132310418742
     ],
     [
      -77.07274577464165,
      38.83132515952981
     ],
     [
      -77.07274559732666,
      38.83132721482314
     ],
     [
      -77.07274546959717,
      38.831329270085575
     ],
     [
      -77.07274539145315,
      38.8313313253171
     ],
     [
      -77.07274536289464,
      38.83133338051771
     ],
     [
      -77.0727453839216,
      38.83133543568743
     ],
     [
      -77.0727454237125,
      38.831337490845435
     ],
     [
      -77.07274548226735,
      38.831339545991746
     ],
     [
      -77.07274555958611,
      38.831341601126375
     ],
     [
      -77.07274565566883,
      38.831343656249295
     ],
     [
      -77.0727457707483,
      38.831345711360385
     ],
     [
      -77.07274590482456,
      38.831347766459615
     ],
     [
      -77.07274605789759,
      38.831349821547015
     ],
     [
      -77.07274622996741,
      38.83135187662258
     ],
     [
      -77.07274644102591,
      38.83135393167384
     ],
     [
      -77.07274669107309,
      38.83135598670078
     ],
     [
      -77.07274698010897,
      38.831358041703425
     ],
     [
      -77.07274730813354,
      38.83136009668177
     ],
     [
      -77.0727476694609,
      38.83136215163934
     ],
     [
      -77.07274806409102,
      38.83136420657618
     ],
     [
      -77.0727484920239,
      38.83136626149224
     ],
     [
      -77.07274895325958,
      38.83136831638753
     ],
     [
      -77.07274939073866,
      38.83137011951903
     ],
     [
      -77.07274980446118,
      38.83137167088671
     ],
     [
      -77.07275019442707,
      38.83137297049056
     ],
     [
      -77.07275056063638,
      38.83137401833063
     ],
     [
      -77.07275093138898,
      38.83137505592937
     ],
     [
      -77.07275130668488,
      38.831376083286834
     ],
     [
      -77.07275168652404,
      38.831377100403
     ],
     [
      -77.07275207090652,
      38.83137810727787
     ],
     [
      -77.07275265198534,
      38.83137937604721
     ],
     [
      -77.07275342976057,
      38.83138090671101
     ],
     [
      -77.07275440423219,
      38.83138269926928
     ],
     [
      -77.07275557540022,
      38.831384753721984
     ],
     [
      -77.0727566360521,
      38.83138680824357
     ],
     [
      -77.0727575861878,
      38.831388862834054
     ],
     [
      -77.07275842580732,
      38.83139091749343
     ],
     [
      -77.07275915491063,
      38.8313929722217
     ],
     [
      -77.0727597276226,
      38.83139502704745
     ],
     [
      -77.07276014394319,
      38.83139708197071
     ],
     [
      -77.0727604038724,
      38.83139913699144
     ],
     [
      -77.0727605074102,
      38.83140119210969
     ],
     [
      -77.07276052797292,
      38.83140324727965
     ],
     [
      -77.07276046556052,
      38.83140530250137
     ],
     [
      -77.07276032017302,
      38.83140735777479
     ],
     [
      -77.07276009181038,
      38.83140941309996
     ],
     [
      -77.07275993563336,
      38.83141146838011
     ],
     [
      -77.07275985164192,
      38.83141352361526
     ],
     [
      -77.0727598398361,
      38.831415578805405
     ],
     [
      -77.07275990021587,
      38.83141763395055
     ],
     [
      -77.07276004441178,
      38.83141968904345
     ],
     [
      -77.07276027242382,
      38.83142174408409
     ],
     [
      -77.07276058425201,
      38.831423799072454
     ],
     [
      -77.07276097989634,
      38.83142585400859
     ],
     [
      -77.07276128295919,
      38.83142741414777
     ],
     [
      -77.07276149344057,
      38.83142847948998
     ],
     [
      -77.07276161134044,
      38.83142905003524
     ],
     [
      -77.07276163665881,
      38.83142912578355
     ],
     [
      -77.07276180745673,
      38.83142967735481
     ],
     [
      -77.07276212373424,
      38.83143070474901
     ],
     [
      -77.0727625854913,
      38.831432207966195
     ],
     [
      -77.07276319272799,
      38.83143418700629
     ],
     [
      -77.07276384905086,
      38.831436184956814
     ],
     [
      -77.07276455445994,
      38.831438201817754
     ],
     [
      -77.07276530895524,
      38.83144023758911
     ],
     [
      -77.07276611253673,
      38.831442292270886
     ],
     [
      -77.07276691659818,
      38.831444346952345
     ],
     [
      -77.0727677211396,
      38.831446401633514
     ],
     [
      -77.07276852616097,
      38.83144845631436
     ],
     [
      -77.07276933166231,
      38.8314505109949
     ],
     [
      -77.07277004046854,
      38.83145237804247
     ],
     [
      -77.07277065257965,
      38.83145405745701
     ],
     [
      -77.07277116799561,
      38.83145554923857
     ],
     [
      -77.07277158671644,
      38.83145685338714
     ],
     [
      -77.07277194846739,
      38.8314580191621
     ],
     [
      -77.07277225324847,
      38.83145904656345
     ],
     [
      -77.07277250105967,
      38.8314599355912
     ],
     [
      -77.07277269190098,
      38.83146068624532
     ],
     [
      -77.07277291990023,
      38.83146176297869
     ],
     [
      -77.0727731850574,
      38.8314631657913
     ],
     [
      -77.07277348737253,
      38.83146489468315
     ],
     [
      -77.07277382684559,
      38.831466949654256
     ],
     [
      -77.07277411307476,
      38.83146900465855
     ],
     [
      -77.07277434605996,
      38.831471059696035
     ],
     [
      -77.07277452580125,
      38.83147311476673
     ],
     [
      -77.07277465229859,
      38.83147516987063
     ],
     [
      -77.07277468686381,
      38.83147722503184
     ],
     [
      -77.07277462949688,
      38.831479280250385
     ],
     [
      -77.0727744801978,
      38.831481335526234
     ],
     [
      -77.07277423896656,
      38.831483390859425
     ],
     [
      -77.07277395614868,
      38.831485166383324
     ],
     [
      -77.07277363174413,
      38.8314866620979
     ],
     [
      -77.07277326575291,
      38.831487878003195
     ],
     [
      -77.07277285817503,
      38.831488814099195
     ],
     [
      -77.07277230795766,
      38.831489796158905
     ],
     [
      -77.07277161510078,
      38.83149082418229
     ],
     [
      -77.0727707796044,
      38.83149189816938
     ],
     [
      -77.0727698014685,
      38.83149301812017
     ],
     [
      -77.07276865632676,
      38.83149436638605
     ],
     [
      -77.07276734417917,
      38.83149594296702
     ],
     [
      -77.07276586502572,
      38.83149774786308
     ],
     [
      -77.07276421886637,
      38.831499781074236
     ],
     [
      -77.07276297870466,
      38.83150131173551
     ],
     [
      -77.07276214454066,
      38.83150233984695
     ],
     [
      -77.0727617163744,
      38.83150286540856
     ],
     [
      -77.07276169420588,
      38.8315028884203
     ],
     [
      -77.07276102666034,
      38.83150330809548
     ],
     [
      -77.07275971373775,
      38.83150412443403
     ],
     [
      -77.07275775543806,
      38.831505337435964
     ],
     [
      -77.07275515176121,
      38.83150694710123
     ],
     [
      -77.07275271514813,
      38.83150826643691
     ],
     [
      -77.07275044559886,
      38.83150929544302
     ],
     [
      -77.07274834311342,
      38.83151003411957
     ],
     [
      -77.07274640769185,
      38.83151048246655
     ],
     [
      -77.0727447832583,
      38.8315108583216
     ],
     [
      -77.07274346981279,
      38.83151116168475
     ],
     [
      -77.07274246735531,
      38.831511392556024
     ],
     [
      -77.07274177588587,
      38.8315115509354
     ],
     [
      -77.07274060061204,
      38.83151187147245
     ],
     [
      -77.07273894153377,
      38.83151235416714
     ],
     [
      -77.07273679865106,
      38.831512999019445
     ],
     [
      -77.07273417196389,
      38.83151380602936
     ],
     [
      -77.0727315850977,
      38.83151468463653
     ],
     [
      -77.0727290380525,
      38.83151563484094
     ],
     [
      -77.07272653082828,
      38.831516656642606
     ],
     [
      -77.07272406342503,
      38.83151775004153
     ],
     [
      -77.07272217314333,
      38.83151858866014
     ],
     [
      -77.07272085998324,
      38.83151917249848
     ],
     [
      -77.07272012394473,
      38.83151950155656
     ],
     [
      -77.07271996502789,
      38.83151957583439
     ],
     [
      -77.07271918938005,
      38.831520041165106
     ],
     [
      -77.07271779700122,
      38.83152089754868
     ],
     [
      -77.07271578789131,
      38.83152214498508
     ],
     [
      -77.07271316205028,
      38.8315237834743
     ],
     [
      -77.07271108988299,
      38.831525098442896
     ],
     [
      -77.07270957138948,
      38.831526089890886
     ],
     [
      -77.07270860656979,
      38.83152675781828
     ],
     [
      -77.07270819542397,
      38.831527102225124
     ],
     [
      -77.07270734848345,
      38.83152787466146
     ],
     [
      -77.07270606574822,
      38.83152907512729
     ],
     [
      -77.07270434721823,
      38.8315307036226
     ],
     [
      -77.07270219289343,
      38.831532760147354
     ],
     [
      -77.07270056226722,
      38.831534318376185
     ],
     [
      -77.07269945533966,
      38.83153537830918
     ],
     [
      -77.0726988721108,
      38.83153593994627
     ],
     [
      -77.0726988125807,
      38.83153600328751
     ],
     [
      -77.07269829510206,
      38.8315365490576
     ],
     [
      -77.07269731967489,
      38.83153757725656
     ],
     [
      -77.07269588629912,
      38.831539087884366
     ],
     [
      -77.07269399497468,
      38.831541080941
     ],
     [
      -77.07269239309741,
      38.831542728265745
     ],
     [
      -77.07269108066733,
      38.831544029858605
     ],
     [
      -77.07269005768443,
      38.831544985719596
     ],
     [
      -77.07268932414878,
      38.83154559584874
     ],
     [
      -77.07268811738544,
      38.8315463147556
     ],
     [
      -77.07268643739438,
      38.831547142440186
     ],
     [
      -77.0726842841756,
      38.83154807890244
     ],
     [
      -77.07268165772904,
      38.83154912414236
     ],
     [
      -77.07267903103532,
      38.83154992665002
     ],
     [
      -77.0726764040945,
      38.8315504864254
     ],
     [
      -77.07267377690657,
      38.83155080346851
     ],
     [
      -77.0726711494716,
      38.831550877779335
     ],
     [
      -77.07266858104744,
      38.83155101619253
     ],
     [
      -77.07266607163406,
      38.83155121870804
     ],
     [
      -77.0726636212315,
      38.831551485325924
     ],
     [
      -77.07266122983971,
      38.83155181604617
     ],
     [
      -77.07265937736054,
      38.831552074165785
     ],
     [
      -77.072658063794,
      38.83155225968481
     ],
     [
      -77.07265728914007,
      38.83155237260326
     ],
     [
      -77.07265705339879,
      38.83155241292115
     ],
     [
      -77.07265621994512,
      38.83155266914964
     ],
     [
      -77.07265478877902,
      38.83155314128875
     ],
     [
      -77.0726527599005,
      38.83155382933845
     ],
     [
      -77.07265013330952,
      38.8315547332987
     ],
     [
      -77.07264762986777,
      38.831555689772536
     ],
     [
      -77.07264524957526,
      38.831556698759954
     ],
     [
      -77.072642992432,
      38.831557760260964
     ],
     [
      -77.07264085843796,
      38.8315588742756
     ]
    ]
   },
   "properties": {
    "id": "ct-3",
    "kind": "Contour",
    "sourceId": "contours",
    "reliabilityLevel": 1,
    "revision": 1,
    "engineeringGeometry": {
     "crs": "EPSG:2248",
     "crsName": "NAD83 / Maryland State Plane (US survey feet)",
     "datum": "NAD83",
     "unit": "usSurveyFoot",
     "coordinates": [
      [
       1291594.3770267246,
       424125.0310004041,
       168
      ],
      [
       1291594.5936519853,
       424125.63073820045,
       168
      ],
      [
       1291594.7847755067,
       424126.2676630996,
       168
      ],
      [
       1291594.9503972894,
       424126.9417751016,
       168
      ],
      [
       1291595.0905173335,
       424127.65307420644,
       168
      ],
      [
       1291595.2051356388,
       424128.4015604142,
       168
      ],
      [
       1291595.3954100283,
       424129.14531297615,
       168
      ],
      [
       1291595.6613405016,
       424129.8843318924,
       168
      ],
      [
       1291596.0029270595,
       424130.61861716304,
       168
      ],
      [
       1291596.4201697018,
       424131.34816878795,
       168
      ],
      [
       1291596.7367894163,
       424131.90006615233,
       168
      ],
      [
       1291596.9527862032,
       424132.2743092561,
       168
      ],
      [
       1291597.0681600627,
       424132.4708980994,
       168
      ],
      [
       1291597.0829109943,
       424132.4898326822,
       168
      ],
      [
       1291597.2774080122,
       424132.6662542892,
       168
      ],
      [
       1291597.651651116,
       424133.0001629206,
       168
      ],
      [
       1291598.205640306,
       424133.49155857635,
       168
      ],
      [
       1291598.9393755817,
       424134.14044125634,
       168
      ],
      [
       1291599.5068245602,
       424134.6520041482,
       168
      ],
      [
       1291599.9079872414,
       424135.0262472521,
       168
      ],
      [
       1291600.1428636252,
       424135.26317056787,
       168
      ],
      [
       1291600.2114537116,
       424135.3627740955,
       168
      ],
      [
       1291600.3523880276,
       424135.6245982932,
       168
      ],
      [
       1291600.5656665734,
       424136.0486431609,
       168
      ],
      [
       1291600.8512893487,
       424136.63490869856,
       168
      ],
      [
       1291601.2092563538,
       424137.3833949062,
       168
      ],
      [
       1291601.553579357,
       424138.13188111386,
       168
      ],
      [
       1291601.8842583583,
       424138.8803673215,
       168
      ],
      [
       1291602.2012933579,
       424139.62885352917,
       168
      ],
      [
       1291602.5046843558,
       424140.3773397369,
       168
      ],
      [
       1291602.7368621337,
       424140.9455745832,
       168
      ],
      [
       1291602.8978266916,
       424141.333558068,
       168
      ],
      [
       1291602.98757803,
       424141.5412901915,
       168
      ],
      [
       1291603.0061161488,
       424141.5687709536,
       168
      ],
      [
       1291603.114546919,
       424141.76963288663,
       168
      ],
      [
       1291603.312870341,
       424142.1438759904,
       168
      ],
      [
       1291603.6010864147,
       424142.69150026515,
       168
      ],
      [
       1291603.97919514,
       424143.41250571073,
       168
      ],
      [
       1291604.3553710547,
       424144.07817214134,
       168
      ],
      [
       1291604.7296141584,
       424144.6884995571,
       168
      ],
      [
       1291605.1019244515,
       424145.2434879579,
       168
      ],
      [
       1291605.4723019337,
       424145.7431373438,
       168
      ],
      [
       1291605.7912358372,
       424146.1800835887,
       168
      ],
      [
       1291606.0587261617,
       424146.5543266925,
       168
      ],
      [
       1291606.2747729071,
       424146.86586665525,
       168
      ],
      [
       1291606.4393760741,
       424147.1147034771,
       168
      ],
      [
       1291606.6684193062,
       424147.48845264537,
       168
      ],
      [
       1291606.9619026035,
       424147.98711416,
       168
      ],
      [
       1291607.3198259664,
       424148.6106880212,
       168
      ],
      [
       1291607.7421893945,
       424149.35917422886,
       168
      ],
      [
       1291608.0993418687,
       424150.0436540285,
       168
      ],
      [
       1291608.3912833892,
       424150.66412742005,
       168
      ],
      [
       1291608.6180139557,
       424151.2205944036,
       168
      ],
      [
       1291608.7795335685,
       424151.7130549791,
       168
      ],
      [
       1291608.921500038,
       424152.14640681876,
       168
      ],
      [
       1291609.043913364,
       424152.52064992266,
       168
      ],
      [
       1291609.1467735467,
       424152.8357842907,
       168
      ],
      [
       1291609.2300805864,
       424153.09180992283,
       168
      ],
      [
       1291609.3258252717,
       424153.4709506989,
       168
      ],
      [
       1291609.4340076027,
       424153.9732066188,
       168
      ],
      [
       1291609.5546275796,
       424154.59857768257,
       168
      ],
      [
       1291609.6876852023,
       424155.34706389025,
       168
      ],
      [
       1291609.8226716365,
       424156.09555009793,
       168
      ],
      [
       1291609.9595868825,
       424156.84403630556,
       168
      ],
      [
       1291610.0984309402,
       424157.59252251324,
       168
      ],
      [
       1291610.2392038093,
       424158.341008721,
       168
      ],
      [
       1291610.3575603361,
       424159.08949492866,
       168
      ],
      [
       1291610.45350052,
       424159.8379811363,
       168
      ],
      [
       1291610.5270243618,
       424160.58646734396,
       168
      ],
      [
       1291610.5781318608,
       424161.3349535516,
       168
      ],
      [
       1291610.6151141291,
       424162.0834397592,
       168
      ],
      [
       1291610.637971167,
       424162.831925967,
       168
      ],
      [
       1291610.6467029736,
       424163.58041217463,
       168
      ],
      [
       1291610.64130955,
       424164.32889838226,
       168
      ],
      [
       1291610.6305709165,
       424165.07738458994,
       168
      ],
      [
       1291610.6144870738,
       424165.8258707976,
       168
      ],
      [
       1291610.5930580215,
       424166.5743570053,
       168
      ],
      [
       1291610.56628376,
       424167.322843213,
       168
      ],
      [
       1291610.534097962,
       424168.07132942067,
       168
      ],
      [
       1291610.4965006278,
       424168.8198156283,
       168
      ],
      [
       1291610.4534917576,
       424169.56830183597,
       168
      ],
      [
       1291610.405071351,
       424170.3167880437,
       168
      ],
      [
       1291610.3455443918,
       424171.0652742514,
       168
      ],
      [
       1291610.2749108798,
       424171.813760459,
       168
      ],
      [
       1291610.1931708148,
       424172.5622466667,
       168
      ],
      [
       1291610.1003241972,
       424173.3107328744,
       168
      ],
      [
       1291609.9979907554,
       424174.05921908206,
       168
      ],
      [
       1291609.8861704895,
       424174.8077052897,
       168
      ],
      [
       1291609.7648633993,
       424175.55619149737,
       168
      ],
      [
       1291609.6340694851,
       424176.30467770505,
       168
      ],
      [
       1291609.5099699479,
       424176.9614675322,
       168
      ],
      [
       1291609.3925647875,
       424177.52656097885,
       168
      ],
      [
       1291609.281854004,
       424177.9999580451,
       168
      ],
      [
       1291609.1778375972,
       424178.38165873074,
       168
      ],
      [
       1291609.072523993,
       424178.7596306255,
       168
      ],
      [
       1291608.965913191,
       424179.1338737294,
       168
      ],
      [
       1291608.8580051912,
       424179.50438804226,
       168
      ],
      [
       1291608.7487999932,
       424179.8711735642,
       168
      ],
      [
       1291608.5836387384,
       424180.3333842576,
       168
      ],
      [
       1291608.3625214258,
       424180.8910201224,
       168
      ],
      [
       1291608.085448056,
       424181.54408115864,
       168
      ],
      [
       1291607.752418629,
       424182.2925673663,
       168
      ],
      [
       1291607.4508715179,
       424183.041053574,
       168
      ],
      [
       1291607.1808067234,
       424183.7895397817,
       168
      ],
      [
       1291606.942224245,
       424184.5380259894,
       168
      ],
      [
       1291606.7351240832,
       424185.28651219705,
       168
      ],
      [
       1291606.572574506,
       424186.03499840474,
       168
      ],
      [
       1291606.4545755142,
       424186.78348461236,
       168
      ],
      [
       1291606.381127107,
       424187.53197082004,
       168
      ],
      [
       1291606.3522292848,
       424188.2804570278,
       168
      ],
      [
       1291606.346968242,
       424189.02894323546,
       168
      ],
      [
       1291606.3653439786,
       424189.7774294431,
       168
      ],
      [
       1291606.4073564943,
       424190.52591565077,
       168
      ],
      [
       1291606.4730057896,
       424191.2744018584,
       168
      ],
      [
       1291606.5180918681,
       424192.022888066,
       168
      ],
      [
       1291606.5426147303,
       424192.7713742738,
       168
      ],
      [
       1291606.5465743758,
       424193.51986048144,
       168
      ],
      [
       1291606.5299708047,
       424194.26834668906,
       168
      ],
      [
       1291606.489490882,
       424195.01683289674,
       168
      ],
      [
       1291606.4251346074,
       424195.76531910436,
       168
      ],
      [
       1291606.3369019812,
       424196.51380531205,
       168
      ],
      [
       1291606.2247930032,
       424197.2622915198,
       168
      ],
      [
       1291606.1389136836,
       424197.83055439126,
       168
      ],
      [
       1291606.079264022,
       424198.21859392634,
       168
      ],
      [
       1291606.045844019,
       424198.42641012534,
       168
      ],
      [
       1291606.038653674,
       424198.45400298806,
       168
      ],
      [
       1291605.9901593244,
       424198.6549209713,
       168
      ],
      [
       1291605.9003609703,
       424199.02916407515,
       168
      ],
      [
       1291605.7692586111,
       424199.5767322996,
       168
      ],
      [
       1291605.5968522474,
       424200.29762564454,
       168
      ],
      [
       1291605.410468413,
       424201.0254172052,
       168
      ],
      [
       1291605.210107108,
       424201.7601069815,
       168
      ],
      [
       1291604.9957683326,
       424202.5016949735,
       168
      ],
      [
       1291604.7674520866,
       424203.2501811812,
       168
      ],
      [
       1291604.5389991296,
       424203.99866738886,
       168
      ],
      [
       1291604.310409462,
       424204.7471535965,
       168
      ],
      [
       1291604.0816830834,
       424205.49563980417,
       168
      ],
      [
       1291603.852819994,
       424206.24412601185,
       168
      ],
      [
       1291603.65144755,
       424206.92425536405,
       168
      ],
      [
       1291603.477565751,
       424207.5360278607,
       168
      ],
      [
       1291603.3311745974,
       424208.079443502,
       168
      ],
      [
       1291603.2122740892,
       424208.55450228794,
       168
      ],
      [
       1291603.1095621646,
       424208.97915323277,
       168
      ],
      [
       1291603.0230388236,
       424209.35339633655,
       168
      ],
      [
       1291602.9527040666,
       424209.6772315994,
       168
      ],
      [
       1291602.8985578935,
       424209.9506590212,
       168
      ],
      [
       1291602.8339213775,
       424210.3428511395,
       168
      ],
      [
       1291602.7587945187,
       424210.85380795423,
       168
      ],
      [
       1291602.6731773168,
       424211.48352946545,
       168
      ],
      [
       1291602.5770697722,
       424212.23201567313,
       168
      ],
      [
       1291602.4961295992,
       424212.9805018808,
       168
      ],
      [
       1291602.430356798,
       424213.72898808843,
       168
      ],
      [
       1291602.3797513684,
       424214.4774742961,
       168
      ],
      [
       1291602.3443133105,
       424215.22596050386,
       168
      ],
      [
       1291602.3350635585,
       424215.97444671154,
       168
      ],
      [
       1291602.3520021131,
       424216.72293291916,
       168
      ],
      [
       1291602.3951289735,
       424217.47141912684,
       168
      ],
      [
       1291602.4644441402,
       424218.2199053345,
       168
      ],
      [
       1291602.5455246675,
       424218.86647709867,
       168
      ],
      [
       1291602.6383705554,
       424219.4111344194,
       168
      ],
      [
       1291602.7429818038,
       424219.85387729655,
       168
      ],
      [
       1291602.859358413,
       424220.1947057303,
       168
      ],
      [
       1291603.01638142,
       424220.5522414991,
       168
      ],
      [
       1291603.214050825,
       424220.9264846029,
       168
      ],
      [
       1291603.452366628,
       424221.3174350418,
       168
      ],
      [
       1291603.7313288292,
       424221.7250928158,
       168
      ],
      [
       1291604.0579314816,
       424222.2158637672,
       168
      ],
      [
       1291604.4321745855,
       424222.78974789614,
       168
      ],
      [
       1291604.854058141,
       424223.4467452025,
       168
      ],
      [
       1291605.3235821472,
       424224.18685568636,
       168
      ],
      [
       1291605.677305582,
       424224.7440324802,
       168
      ],
      [
       1291605.915228445,
       424225.1182755841,
       168
      ],
      [
       1291606.0373507366,
       424225.3095849979,
       168
      ],
      [
       1291606.0436724564,
       424225.3179607217,
       168
      ],
      [
       1291606.2339548683,
       424225.470652532,
       168
      ],
      [
       1291606.6081979722,
       424225.76766042877,
       168
      ],
      [
       1291607.166401768,
       424226.2089844121,
       168
      ],
      [
       1291607.9085662556,
       424226.794624482,
       168
      ],
      [
       1291608.603055769,
       424227.2745660688,
       168
      ],
      [
       1291609.2498703084,
       424227.64880917256,
       168
      ],
      [
       1291609.8490098733,
       424227.9173537934,
       168
      ],
      [
       1291610.4004744636,
       424228.0801999313,
       168
      ],
      [
       1291610.8633283107,
       424228.2167155191,
       168
      ],
      [
       1291611.2375714146,
       424228.3269005568,
       168
      ],
      [
       1291611.523203775,
       424228.41075504455,
       168
      ],
      [
       1291611.7202253924,
       424228.4682789822,
       168
      ],
      [
       1291612.0551131573,
       424228.58475002827,
       168
      ],
      [
       1291612.5278670697,
       424228.7601681828,
       168
      ],
      [
       1291613.13848713,
       424228.9945334457,
       168
      ],
      [
       1291613.8869733373,
       424229.287845817,
       168
      ],
      [
       1291614.6241366847,
       424229.60724257014,
       168
      ],
      [
       1291615.349977172,
       424229.9527237052,
       168
      ],
      [
       1291616.064494799,
       424230.324289222,
       168
      ],
      [
       1291616.7676895652,
       424230.72193912073,
       168
      ],
      [
       1291617.3064085003,
       424231.02693042334,
       168
      ],
      [
       1291617.6806516042,
       424231.2392631299,
       168
      ],
      [
       1291617.8904188767,
       424231.35893724044,
       168
      ],
      [
       1291617.935710318,
       424231.3859527549,
       168
      ],
      [
       1291618.1568004505,
       424231.5552476178,
       168
      ],
      [
       1291618.5536892752,
       424231.86682182946,
       168
      ],
      [
       1291619.1263767912,
       424232.32067538955,
       168
      ],
      [
       1291619.8748629987,
       424232.91680829815,
       168
      ],
      [
       1291620.4655329194,
       424233.3952424258,
       168
      ],
      [
       1291620.8983865532,
       424233.7559777724,
       168
      ],
      [
       1291621.1734238998,
       424233.999014338,
       168
      ],
      [
       1291621.2906449595,
       424234.1243521226,
       168
      ],
      [
       1291621.5321329343,
       424234.405477013,
       168
      ],
      [
       1291621.8978878236,
       424234.8423890091,
       168
      ],
      [
       1291622.3879096282,
       424235.435088111,
       168
      ],
      [
       1291623.0021983476,
       424236.18357431865,
       168
      ],
      [
       1291623.4671589942,
       424236.7507027306,
       168
      ],
      [
       1291623.7827915682,
       424237.13647334697,
       168
      ],
      [
       1291623.9490960694,
       424237.3408861676,
       168
      ],
      [
       1291623.9660724981,
       424237.3639411925,
       168
      ],
      [
       1291624.1136424483,
       424237.5625902569,
       168
      ],
      [
       1291624.39180592,
       424237.9368333608,
       168
      ],
      [
       1291624.8005629133,
       424238.4866705041,
       168
      ],
      [
       1291625.339913428,
       424239.21210168675,
       168
      ],
      [
       1291625.7967102374,
       424239.81168489327,
       168
      ],
      [
       1291626.170953341,
       424240.2854201235,
       168
      ],
      [
       1291626.4626427395,
       424240.63330737763,
       168
      ],
      [
       1291626.6717784323,
       424240.85534665553,
       168
      ],
      [
       1291627.015751754,
       424241.11689484253,
       168
      ],
      [
       1291627.494562704,
       424241.41795193864,
       168
      ],
      [
       1291628.108211283,
       424241.75851794385,
       168
      ],
      [
       1291628.856697491,
       424242.1385928582,
       168
      ],
      [
       1291629.6051836987,
       424242.4302659841,
       168
      ],
      [
       1291630.3536699065,
       424242.6335373215,
       168
      ],
      [
       1291631.102156114,
       424242.7484068705,
       168
      ],
      [
       1291631.8506423214,
       424242.77487463114,
       168
      ],
      [
       1291632.5823369883,
       424242.82470151526,
       168
      ],
      [
       1291633.2972401148,
       424242.89788752294,
       168
      ],
      [
       1291633.9953517006,
       424242.99443265423,
       168
      ],
      [
       1291634.6766717457,
       424243.11433690914,
       168
      ],
      [
       1291635.2044533202,
       424243.20792262536,
       168
      ],
      [
       1291635.5786964241,
       424243.2751898031,
       168
      ],
      [
       1291635.7994010574,
       424243.3161384422,
       168
      ],
      [
       1291635.8665672196,
       424243.3307685427,
       168
      ],
      [
       1291636.1040633935,
       424243.42389658384,
       168
      ],
      [
       1291636.5118895788,
       424243.59552256565,
       168
      ],
      [
       1291637.0900457753,
       424243.84564648813,
       168
      ],
      [
       1291637.8385319826,
       424244.1742683512,
       168
      ],
      [
       1291638.5519524678,
       424244.5220433096,
       168
      ],
      [
       1291639.2303072298,
       424244.8889713632,
       168
      ],
      [
       1291639.8735962694,
       424245.275052512,
       168
      ],
      [
       1291640.4818195861,
       424245.6802867561,
       168
      ]
     ]
    },
    "elevationFt": 168,
    "weight": "intermediate",
    "hidden": false
   }
  },
  {
   "type": "Feature",
   "geometry": {
    "type": "LineString",
    "coordinates": [
     [
      -77.07290466753037,
      38.83122729297694
     ],
     [
      -77.07290204167461,
      38.831228902176846
     ],
     [
      -77.07290004719438,
      38.831230123947925
     ],
     [
      -77.07289868408972,
      38.831230958290206
     ],
     [
      -77.07289795236068,
      38.83123140520368
     ],
     [
      -77.07289785200732,
      38.831231464688415
     ],
     [
      -77.07289714530776,
      38.83123183908329
     ],
     [
      -77.07289583226203,
      38.83123252838832
     ],
     [
      -77.07289391287007,
      38.83123353260348
     ],
     [
      -77.07289138713185,
      38.831234851728716
     ],
     [
      -77.07288910443164,
      38.83123602572397
     ],
     [
      -77.07288706476952,
      38.83123705458921
     ],
     [
      -77.07288526814548,
      38.831237938324456
     ],
     [
      -77.07288371455955,
      38.831238676929736
     ],
     [
      -77.07288228123558,
      38.83123938304785
     ],
     [
      -77.07288096817356,
      38.831240056678816
     ],
     [
      -77.07287977537352,
      38.83124069782263
     ],
     [
      -77.07287870283544,
      38.83124130647929
     ],
     [
      -77.07287724185922,
      38.83124205901606
     ],
     [
      -77.07287539244481,
      38.83124295543293
     ],
     [
      -77.07287315459222,
      38.8312439957299
     ],
     [
      -77.07287052830138,
      38.8312451799069
     ],
     [
      -77.07286843312616,
      38.83124613428265
     ],
     [
      -77.0728668690666,
      38.831246858857135
     ],
     [
      -77.07286583612273,
      38.831247353630374
     ],
     [
      -77.07286533429456,
      38.831247618602404
     ],
     [
      -77.07286442690221,
      38.831248139739365
     ],
     [
      -77.07286311394564,
      38.831248917041194
     ],
     [
      -77.07286139542487,
      38.83124995050794
     ],
     [
      -77.07285927133982,
      38.83125124013955
     ],
     [
      -77.07285738235933,
      38.83125239926727
     ],
     [
      -77.0728557284834,
      38.83125342789113
     ],
     [
      -77.07285430971208,
      38.83125432601113
     ],
     [
      -77.07285312604537,
      38.831255093627284
     ],
     [
      -77.07285187782735,
      38.83125595796139
     ],
     [
      -77.07285056505798,
      38.83125691901342
     ],
     [
      -77.07284918773729,
      38.83125797678343
     ],
     [
      -77.07284774586523,
      38.831259131271366
     ],
     [
      -77.07284634625259,
      38.83126022273465
     ],
     [
      -77.0728449888993,
      38.831261251173274
     ],
     [
      -77.07284367380544,
      38.83126221658725
     ],
     [
      -77.07284240097098,
      38.83126311897655
     ],
     [
      -77.07284110817929,
      38.83126406085063
     ],
     [
      -77.07283979543034,
      38.83126504220947
     ],
     [
      -77.07283846272416,
      38.831266063053064
     ],
     [
      -77.07283711006073,
      38.831267123381416
     ],
     [
      -77.07283576585242,
      38.83126816775812
     ],
     [
      -77.07283443009925,
      38.83126919618315
     ],
     [
      -77.0728331028012,
      38.8312702086565
     ],
     [
      -77.07283178395828,
      38.831271205178176
     ],
     [
      -77.07283046822656,
      38.831272257217094
     ],
     [
      -77.07282915560603,
      38.83127336477323
     ],
     [
      -77.07282784609671,
      38.831274527846624
     ],
     [
      -77.07282653969857,
      38.831275746437235
     ],
     [
      -77.07282538678956,
      38.83127686984006
     ],
     [
      -77.07282438736972,
      38.83127789805511
     ],
     [
      -77.072823541439,
      38.83127883108236
     ],
     [
      -77.07282284899749,
      38.83127966892182
     ],
     [
      -77.0728220782545,
      38.831280811254004
     ],
     [
      -77.07282122921005,
      38.83128225807888
     ],
     [
      -77.07282030186414,
      38.83128400939647
     ],
     [
      -77.07281929621672,
      38.83128606520678
     ],
     [
      -77.07281832131864,
      38.831288120997876
     ],
     [
      -77.07281737716993,
      38.83129017676979
     ],
     [
      -77.07281646377058,
      38.831292232522486
     ],
     [
      -77.07281558112057,
      38.831294288256004
     ],
     [
      -77.07281490871783,
      38.83129584319751
     ],
     [
      -77.07281444656235,
      38.83129689734698
     ],
     [
      -77.07281419465414,
      38.83129745070445
     ],
     [
      -77.07281415299325,
      38.8312975032699
     ],
     [
      -77.07281374815246,
      38.83129804358792
     ],
     [
      -77.07281298013177,
      38.831299071658485
     ],
     [
      -77.07281184893114,
      38.83130058748161
     ],
     [
      -77.07281035455053,
      38.831302591057266
     ],
     [
      -77.07280895121386,
      38.83130430782674
     ],
     [
      -77.07280763892115,
      38.83130573779005
     ],
     [
      -77.07280641767244,
      38.8313068809472
     ],
     [
      -77.07280528746774,
      38.83130773729821
     ],
     [
      -77.07280401374247,
      38.83130867971145
     ],
     [
      -77.0728025964966,
      38.83130970818693
     ],
     [
      -77.07280103573015,
      38.831310822724646
     ],
     [
      -77.07279933144311,
      38.83131202332461
     ],
     [
      -77.07279782291995,
      38.83131310998572
     ],
     [
      -77.0727965101607,
      38.83131408270802
     ],
     [
      -77.07279539316539,
      38.8313149414915
     ],
     [
      -77.07279447193402,
      38.831315686336175
     ],
     [
      -77.07279344200704,
      38.831316572909294
     ],
     [
      -77.07279230338445,
      38.83131760121086
     ],
     [
      -77.07279105606622,
      38.831318771240895
     ],
     [
      -77.07278970005237,
      38.83132008299937
     ],
     [
      -77.07278849848389,
      38.83132158072902
     ],
     [
      -77.07278745136081,
      38.831323264429855
     ],
     [
      -77.07278655868315,
      38.83132513410188
     ],
     [
      -77.07278582045087,
      38.831327189745096
     ],
     [
      -77.0727851419868,
      38.83132924535103
     ],
     [
      -77.07278452329096,
      38.831331300919686
     ],
     [
      -77.07278396436335,
      38.83133335645106
     ],
     [
      -77.07278346520395,
      38.83133541194516
     ],
     [
      -77.07278308371777,
      38.83133697866499
     ],
     [
      -77.07278281990477,
      38.83133805661055
     ],
     [
      -77.072782673765,
      38.83133864578179
     ],
     [
      -77.07278264529843,
      38.83133874617878
     ],
     [
      -77.07278246544084,
      38.831339310276256
     ],
     [
      -77.07278213419218,
      38.83134033807423
     ],
     [
      -77.07278165155246,
      38.83134182957271
     ],
     [
      -77.07278101752165,
      38.83134378477167
     ],
     [
      -77.07278044737114,
      38.83134576502562
     ],
     [
      -77.07277994110098,
      38.83134777033452
     ],
     [
      -77.07277949871111,
      38.83134980069839
     ],
     [
      -77.07277912020159,
      38.83135185611724
     ],
     [
      -77.07277888081082,
      38.831353911449334
     ],
     [
      -77.0727787805388,
      38.831355966694666
     ],
     [
      -77.07277881938556,
      38.83135802185324
     ],
     [
      -77.07277899735111,
      38.83136007692507
     ],
     [
      -77.07277934151283,
      38.83136210698149
     ],
     [
      -77.07277985187075,
      38.831364112022484
     ],
     [
      -77.07278052842486,
      38.83136609204806
     ],
     [
      -77.0727813711752,
      38.83136804705822
     ],
     [
      -77.07278201542924,
      38.83136953821999
     ],
     [
      -77.07278246118695,
      38.83137056553342
     ],
     [
      -77.07278270844832,
      38.83137112899847
     ],
     [
      -77.07278275721333,
      38.83137122861518
     ],
     [
      -77.0727830406648,
      38.83137181696944
     ],
     [
      -77.07278355880275,
      38.83137289406128
     ],
     [
      -77.07278431162722,
      38.831374459890675
     ],
     [
      -77.07278529913819,
      38.83137651445764
     ],
     [
      -77.07278612578388,
      38.83137856912488
     ],
     [
      -77.07278679156427,
      38.83138062389247
     ],
     [
      -77.07278729647933,
      38.83138267876039
     ],
     [
      -77.07278764052906,
      38.83138473372862
     ],
     [
      -77.07278781407483,
      38.83138678880318
     ],
     [
      -77.0727878171166,
      38.83138884398408
     ],
     [
      -77.07278764965437,
      38.83139089927132
     ],
     [
      -77.07278731168815,
      38.83139295466489
     ],
     [
      -77.07278689130808,
      38.831395010109844
     ],
     [
      -77.0727863885142,
      38.831397065606225
     ],
     [
      -77.07278580330649,
      38.83139912115397
     ],
     [
      -77.07278513568492,
      38.83140117675314
     ],
     [
      -77.0727845438522,
      38.83140315771307
     ],
     [
      -77.07278402780831,
      38.83140506403379
     ],
     [
      -77.07278358755327,
      38.831406895715304
     ],
     [
      -77.07278322308709,
      38.83140865275759
     ],
     [
      -77.07278293599963,
      38.83141004513983
     ],
     [
      -77.07278272629088,
      38.831411072862004
     ],
     [
      -77.07278259396088,
      38.831411735924114
     ],
     [
      -77.07278253900962,
      38.83141203432618
     ],
     [
      -77.07278248661743,
      38.83141277193037
     ],
     [
      -77.07278243678434,
      38.83141394873673
     ],
     [
      -77.07278238951032,
      38.83141556474525
     ],
     [
      -77.0727823447954,
      38.83141761995593
     ],
     [
      -77.07278233696059,
      38.831419342934076
     ],
     [
      -77.07278236600588,
      38.83142073367971
     ],
     [
      -77.07278243193132,
      38.83142179219281
     ],
     [
      -77.07278253473687,
      38.8314225184734
     ],
     [
      -77.07278266678479,
      38.83142339535911
     ],
     [
      -77.07278282807505,
      38.831424422849906
     ],
     [
      -77.07278301860767,
      38.83142560094583
     ],
     [
      -77.07278323838266,
      38.83142692964686
     ],
     [
      -77.07278356702524,
      38.83142843986618
     ],
     [
      -77.07278400453544,
      38.83143013160377
     ],
     [
      -77.07278455091325,
      38.831432004859636
     ],
     [
      -77.0727852061587,
      38.83143405963378
     ],
     [
      -77.07278584585492,
      38.83143611441762
     ],
     [
      -77.07278647000192,
      38.83143816921116
     ],
     [
      -77.07278707859966,
      38.831440224014386
     ],
     [
      -77.07278767164819,
      38.831442278827296
     ],
     [
      -77.07278823652285,
      38.831444333657785
     ],
     [
      -77.07278877322368,
      38.83144638850585
     ],
     [
      -77.07278928175064,
      38.83144844337147
     ],
     [
      -77.07278976210375,
      38.83145049825466
     ],
     [
      -77.07279023839823,
      38.83145255314039
     ],
     [
      -77.07279071063407,
      38.83145460802862
     ],
     [
      -77.07279117881127,
      38.83145666291941
     ],
     [
      -77.07279164292984,
      38.831458717812716
     ],
     [
      -77.07279204743593,
      38.83146049672874
     ],
     [
      -77.07279239232953,
      38.83146199966748
     ],
     [
      -77.07279267761065,
      38.831463226628905
     ],
     [
      -77.07279290327926,
      38.83146417761308
     ],
     [
      -77.0727931437485,
      38.83146516682124
     ],
     [
      -77.07279339901838,
      38.831466194253416
     ],
     [
      -77.07279366908887,
      38.831467259909594
     ],
     [
      -77.07279395395999,
      38.83146836378977
     ],
     [
      -77.07279431048696,
      38.8314697054065
     ],
     [
      -77.07279473866976,
      38.83147128475974
     ],
     [
      -77.07279523850842,
      38.83147310184952
     ],
     [
      -77.07279581000294,
      38.83147515667586
     ],
     [
      -77.07279638932376,
      38.83147721149726
     ],
     [
      -77.07279697647088,
      38.83147926631381
     ],
     [
      -77.07279757144431,
      38.831481321125466
     ],
     [
      -77.07279817424404,
      38.83148337593223
     ],
     [
      -77.07279873510019,
      38.83148543076517
     ],
     [
      -77.07279925401275,
      38.83148748562426
     ],
     [
      -77.0727997309817,
      38.83148954050951
     ],
     [
      -77.07280016600707,
      38.83149159542092
     ],
     [
      -77.0728005867594,
      38.831493650341244
     ],
     [
      -77.07280099323869,
      38.83149570527045
     ],
     [
      -77.07280138544495,
      38.831497760208556
     ],
     [
      -77.07280176337814,
      38.83149981515556
     ],
     [
      -77.07280211211129,
      38.83150187012081
     ],
     [
      -77.07280243164433,
      38.83150392510424
     ],
     [
      -77.07280272197733,
      38.831505980105895
     ],
     [
      -77.07280298311022,
      38.83150803512575
     ],
     [
      -77.07280319896122,
      38.831510090173865
     ],
     [
      -77.07280336953032,
      38.83151214525024
     ],
     [
      -77.0728034948175,
      38.83151420035483
     ],
     [
      -77.07280357482279,
      38.831516255487685
     ],
     [
      -77.07280352697708,
      38.83151831070029
     ],
     [
      -77.07280335128036,
      38.83152036599264
     ],
     [
      -77.07280304773262,
      38.831522421364745
     ],
     [
      -77.07280261633386,
      38.8315244768166
     ],
     [
      -77.07280205316498,
      38.831526532350644
     ],
     [
      -77.07280135822593,
      38.831528587966886
     ],
     [
      -77.07280053151673,
      38.83153064366533
     ],
     [
      -77.07279957303737,
      38.83153269944595
     ],
     [
      -77.07279855327232,
      38.83153470127144
     ],
     [
      -77.07279747222158,
      38.83153664914181
     ],
     [
      -77.07279632988516,
      38.83153854305706
     ],
     [
      -77.07279512626305,
      38.83154038301718
     ],
     [
      -77.07279417345039,
      38.83154181701184
     ],
     [
      -77.07279347144723,
      38.83154284504107
     ],
     [
      -77.07279302025357,
      38.83154346710485
     ],
     [
      -77.07279281986945,
      38.83154368320319
     ],
     [
      -77.07279206331016,
      38.83154429188485
     ],
     [
      -77.07279075057569,
      38.83154529314982
     ],
     [
      -77.07278888166599,
      38.83154668699809
     ],
     [
      -77.07278645658099,
      38.83154847342961
     ],
     [
      -77.07278436346512,
      38.8315498809902
     ],
     [
      -77.07278260231843,
      38.83155090967986
     ],
     [
      -77.07278117314097,
      38.831551559498614
     ],
     [
      -77.07278007593277,
      38.831551830446486
     ],
     [
      -77.07277887060226,
      38.83155211430806
     ],
     [
      -77.07277755714941,
      38.8315524110833
     ],
     [
      -77.07277613557423,
      38.83155272077223
     ],
     [
      -77.07277460587675,
      38.83155304337485
     ],
     [
      -77.07277280188285,
      38.83155343931032
     ],
     [
      -77.0727707235926,
      38.831553908578606
     ],
     [
      -77.07276837100595,
      38.831554451179734
     ],
     [
      -77.07276574412289,
      38.83155506711366
     ],
     [
      -77.07276311732167,
      38.83155576340774
     ],
     [
      -77.07276049060228,
      38.83155654006201
     ],
     [
      -77.07275786396471,
      38.83155739707645
     ],
     [
      -77.07275523740898,
      38.83155833445106
     ],
     [
      -77.07275317664882,
      38.831559083413765
     ],
     [
      -77.07275168168425,
      38.83155964396459
     ],
     [
      -77.07275075251532,
      38.83156001610357
     ],
     [
      -77.07275038914203,
      38.83156019983072
     ],
     [
      -77.07274955093963,
      38.831560646990546
     ],
     [
      -77.07274823790812,
      38.83156135758305
     ],
     [
      -77.07274645004745,
      38.83156233160822
     ],
     [
      -77.0727441873576,
      38.83156356906601
     ],
     [
      -77.0727421797842,
      38.8315647021367
     ],
     [
      -77.07274042732728,
      38.831565730820316
     ],
     [
      -77.07273892998687,
      38.831566655116845
     ],
     [
      -77.07273768776295,
      38.831567475026326
     ],
     [
      -77.07273641025047,
      38.8315683535321
     ],
     [
      -77.07273509744941,
      38.83156929063417
     ],
     [
      -77.07273374935978,
      38.83157028633256
     ],
     [
      -77.07273236598155,
      38.831571340627235
     ],
     [
      -77.07273105178272,
      38.83157238195818
     ],
     [
      -77.07272980676328,
      38.83157341032541
     ],
     [
      -77.07272863092322,
      38.8315744257289
     ],
     [
      -77.07272752426256,
      38.831575428168684
     ],
     [
      -77.0727263146848,
      38.831576548378735
     ],
     [
      -77.0727250021899,
      38.831577786359
     ],
     [
      -77.07272358677788,
      38.83157914210952
     ],
     [
      -77.0727220684487,
      38.83158061563025
     ],
     [
      -77.07272076674492,
      38.83158186652436
     ]
    ]
   },
   "properties": {
    "id": "ct-4",
    "kind": "Contour",
    "sourceId": "contours",
    "reliabilityLevel": 1,
    "revision": 1,
    "engineeringGeometry": {
     "crs": "EPSG:2248",
     "crsName": "NAD83 / Maryland State Plane (US survey feet)",
     "datum": "NAD83",
     "unit": "usSurveyFoot",
     "coordinates": [
      [
       1291565.235369839,
       424124.9801193817,
       170
      ],
      [
       1291565.9838560463,
       424125.5655837014,
       170
      ],
      [
       1291566.552371854,
       424126.01009223587,
       170
      ],
      [
       1291566.9409172619,
       424126.3136449851,
       170
      ],
      [
       1291567.1494922698,
       424126.4762419489,
       170
      ],
      [
       1291567.1780968774,
       424126.4978831273,
       170
      ],
      [
       1291567.3795207334,
       424126.63407491066,
       170
      ],
      [
       1291567.753763837,
       424126.8848172991,
       170
      ],
      [
       1291568.3008261889,
       424127.25011029246,
       170
      ],
      [
       1291569.020707789,
       424127.7299538908,
       170
      ],
      [
       1291569.6713137873,
       424128.15699724184,
       170
      ],
      [
       1291570.252644184,
       424128.5312403457,
       170
      ],
      [
       1291570.7646989792,
       424128.8526832023,
       170
      ],
      [
       1291571.2074781724,
       424129.12132581166,
       170
      ],
      [
       1291571.6159893211,
       424129.3781641352,
       170
      ],
      [
       1291571.990232425,
       424129.623198173,
       170
      ],
      [
       1291572.330207484,
       424129.856427925,
       170
      ],
      [
       1291572.6359144982,
       424130.0778533911,
       170
      ],
      [
       1291573.0523163108,
       424130.35159086564,
       170
      ],
      [
       1291573.5794129216,
       424130.6776403485,
       170
      ],
      [
       1291574.217204331,
       424131.05600183964,
       170
      ],
      [
       1291574.9656905388,
       424131.48667533917,
       170
      ],
      [
       1291575.5628129423,
       424131.8337772743,
       170
      ],
      [
       1291576.0085715414,
       424132.09730764496,
       170
      ],
      [
       1291576.3029663365,
       424132.27726645133,
       170
      ],
      [
       1291576.445997327,
       424132.37365369336,
       170
      ],
      [
       1291576.7046343745,
       424132.5632425632,
       170
      ],
      [
       1291577.0788774784,
       424132.846033061,
       170
      ],
      [
       1291577.5687266388,
       424133.22202518664,
       170
      ],
      [
       1291578.1741818553,
       424133.69121894013,
       170
      ],
      [
       1291578.7126257434,
       424134.1129373688,
       170
      ],
      [
       1291579.184058302,
       424134.4871804727,
       170
      ],
      [
       1291579.5884795324,
       424134.81394825166,
       170
      ],
      [
       1291579.9258894334,
       424135.09324070584,
       170
      ],
      [
       1291580.281715936,
       424135.4077426316,
       170
      ],
      [
       1291580.65595904,
       424135.75745402905,
       170
      ],
      [
       1291581.048618745,
       424136.14237489813,
       170
      ],
      [
       1291581.4596950514,
       424136.5625052388,
       170
      ],
      [
       1291581.8587147524,
       424136.9596919611,
       170
      ],
      [
       1291582.2456778479,
       424137.3339350649,
       170
      ],
      [
       1291582.6205843375,
       424137.68523455027,
       170
      ],
      [
       1291582.9834342217,
       424138.0135904173,
       170
      ],
      [
       1291583.3519807155,
       424138.35632188444,
       170
      ],
      [
       1291583.7262238194,
       424138.7134289519,
       170
      ],
      [
       1291584.1061635332,
       424139.08491161966,
       170
      ],
      [
       1291584.4917998568,
       424139.47076988756,
       170
      ],
      [
       1291584.875022953,
       424139.8508205734,
       170
      ],
      [
       1291585.2558328216,
       424140.22506367724,
       170
      ],
      [
       1291585.6342294628,
       424140.593499199,
       170
      ],
      [
       1291586.0102128766,
       424140.9561271388,
       170
      ],
      [
       1291586.3853261354,
       424141.3389748599,
       170
      ],
      [
       1291586.759569239,
       424141.74204236234,
       170
      ],
      [
       1291587.132942188,
       424142.1653296461,
       170
      ],
      [
       1291587.5054449819,
       424142.60883671115,
       170
      ],
      [
       1291587.834196234,
       424143.01771179563,
       170
      ],
      [
       1291588.119195944,
       424143.3919548995,
       170
      ],
      [
       1291588.3604441117,
       424143.7315660227,
       170
      ],
      [
       1291588.5579407378,
       424144.03654516523,
       170
      ],
      [
       1291588.7778312603,
       424144.45240107406,
       170
      ],
      [
       1291589.02011568,
       424144.97913374915,
       170
      ],
      [
       1291589.2847939965,
       424145.61674319056,
       170
      ],
      [
       1291589.5718662094,
       424146.36522939824,
       170
      ],
      [
       1291589.850178949,
       424147.1137156059,
       170
      ],
      [
       1291590.119732215,
       424147.8622018135,
       170
      ],
      [
       1291590.3805260076,
       424148.6106880212,
       170
      ],
      [
       1291590.6325603265,
       424149.35917422886,
       170
      ],
      [
       1291590.824556828,
       424149.92532253003,
       170
      ],
      [
       1291590.9565155124,
       424150.30913292465,
       170
      ],
      [
       1291591.0284363793,
       424150.5106054128,
       170
      ],
      [
       1291591.040319429,
       424150.5297399945,
       170
      ],
      [
       1291591.1558018269,
       424150.7264288373,
       170
      ],
      [
       1291591.374883573,
       424151.1006719411,
       170
      ],
      [
       1291591.697564667,
       424151.652469306,
       170
      ],
      [
       1291592.1238451095,
       424152.38182093203,
       170
      ],
      [
       1291592.5241068825,
       424153.00674003153,
       170
      ],
      [
       1291592.8983499864,
       424153.5272266044,
       170
      ],
      [
       1291593.246574421,
       424153.9432806508,
       170
      ],
      [
       1291593.5687801861,
       424154.2549021706,
       170
      ],
      [
       1291593.9318950886,
       424154.59783448244,
       170
      ],
      [
       1291594.3359191285,
       424154.9720775863,
       170
      ],
      [
       1291594.7808523057,
       424155.3776314821,
       170
      ],
      [
       1291595.2666946198,
       424155.81449617,
       170
      ],
      [
       1291595.696737329,
       424156.2099094463,
       170
      ],
      [
       1291596.0709804327,
       424156.5638713111,
       170
      ],
      [
       1291596.3894239313,
       424156.8763817644,
       170
      ],
      [
       1291596.652067825,
       424157.14744080626,
       170
      ],
      [
       1291596.945716564,
       424157.4700918791,
       170
      ],
      [
       1291597.2703701486,
       424157.8443349829,
       170
      ],
      [
       1291597.6260285787,
       424158.2701701177,
       170
      ],
      [
       1291598.0126918545,
       424158.74759728357,
       170
      ],
      [
       1291598.3554128683,
       424159.2927892099,
       170
      ],
      [
       1291598.6541916202,
       424159.90574589674,
       170
      ],
      [
       1291598.9090281099,
       424160.58646734396,
       170
      ],
      [
       1291599.1199223376,
       424161.3349535516,
       170
      ],
      [
       1291599.3137906082,
       424162.0834397592,
       170
      ],
      [
       1291599.4906329212,
       424162.831925967,
       170
      ],
      [
       1291599.6504492771,
       424163.58041217463,
       170
      ],
      [
       1291599.793239676,
       424164.32889838226,
       170
      ],
      [
       1291599.9023670512,
       424164.89940242795,
       170
      ],
      [
       1291599.9778314033,
       424165.29192431155,
       170
      ],
      [
       1291600.019632732,
       424165.5064640332,
       170
      ],
      [
       1291600.0277710373,
       424165.5430215929,
       170
      ],
      [
       1291600.0791701465,
       424165.74842192465,
       170
      ],
      [
       1291600.1738300598,
       424166.12266502844,
       170
      ],
      [
       1291600.311750777,
       424166.66575090436,
       170
      ],
      [
       1291600.4929322982,
       424167.3776795524,
       170
      ],
      [
       1291600.655923757,
       424168.0987475904,
       170
      ],
      [
       1291600.8007251532,
       424168.8289550182,
       170
      ],
      [
       1291600.9273364872,
       424169.56830183597,
       170
      ],
      [
       1291601.0357577587,
       424170.3167880437,
       170
      ],
      [
       1291601.1045488054,
       424171.0652742514,
       170
      ],
      [
       1291601.1337096274,
       424171.813760459,
       170
      ],
      [
       1291601.1232402246,
       424172.5622466667,
       170
      ],
      [
       1291601.0731405967,
       424173.3107328744,
       170
      ],
      [
       1291600.9756900847,
       424174.0501463505,
       170
      ],
      [
       1291600.8308886886,
       424174.78048709506,
       170
      ],
      [
       1291600.638736408,
       424175.5017551081,
       170
      ],
      [
       1291600.3992332427,
       424176.2139503896,
       170
      ],
      [
       1291600.2161402283,
       424176.75716958224,
       170
      ],
      [
       1291600.0894573645,
       424177.1314126861,
       170
      ],
      [
       1291600.0191846509,
       424177.3366797011,
       170
      ],
      [
       1291600.0053220878,
       424177.3729706273,
       170
      ],
      [
       1291599.9247472752,
       424177.5873103738,
       170
      ],
      [
       1291599.7774602133,
       424177.9796989407,
       170
      ],
      [
       1291599.563460902,
       424178.550136328,
       170
      ],
      [
       1291599.282749341,
       424179.29862253566,
       170
      ],
      [
       1291599.047862851,
       424180.04710874334,
       170
      ],
      [
       1291598.8588014317,
       424180.79559495096,
       170
      ],
      [
       1291598.7155650828,
       424181.54408115864,
       170
      ],
      [
       1291598.6181538047,
       424182.2925673663,
       170
      ],
      [
       1291598.5693133143,
       424183.041053574,
       170
      ],
      [
       1291598.5690436119,
       424183.7895397817,
       170
      ],
      [
       1291598.6173446972,
       424184.5380259894,
       170
      ],
      [
       1291598.7142165701,
       424185.28651219705,
       170
      ],
      [
       1291598.834565329,
       424186.03499840474,
       170
      ],
      [
       1291598.9783909735,
       424186.78348461236,
       170
      ],
      [
       1291599.1456935038,
       424187.53197082004,
       170
      ],
      [
       1291599.3364729201,
       424188.2804570278,
       170
      ],
      [
       1291599.5056410104,
       424189.0017772616,
       170
      ],
      [
       1291599.6531977747,
       424189.6959315215,
       170
      ],
      [
       1291599.7791432133,
       424190.36291980755,
       170
      ],
      [
       1291599.8834773262,
       424191.0027421197,
       170
      ],
      [
       1291599.965663005,
       424191.5097748277,
       170
      ],
      [
       1291600.0257002495,
       424191.88401793153,
       170
      ],
      [
       1291600.06358906,
       424192.12547143124,
       170
      ],
      [
       1291600.0793294364,
       424192.2341353267,
       170
      ],
      [
       1291600.0944683463,
       424192.50275480025,
       170
      ],
      [
       1291600.10900579,
       424192.93132985185,
       170
      ],
      [
       1291600.1229417669,
       424193.51986048144,
       170
      ],
      [
       1291600.1362762775,
       424194.26834668906,
       170
      ],
      [
       1291600.1390084387,
       424194.89584402554,
       170
      ],
      [
       1291600.1311382507,
       424195.40235249087,
       170
      ],
      [
       1291600.112665713,
       424195.787872085,
       170
      ],
      [
       1291600.0835908258,
       424196.052402808,
       170
      ],
      [
       1291600.0462295278,
       424196.3717897214,
       170
      ],
      [
       1291600.0005818184,
       424196.7460328252,
       170
      ],
      [
       1291599.946647698,
       424197.1751321195,
       170
      ],
      [
       1291599.8844271665,
       424197.6590876042,
       170
      ],
      [
       1291599.7912467057,
       424198.20917576965,
       170
      ],
      [
       1291599.6671063155,
       424198.82539661584,
       170
      ],
      [
       1291599.5120059964,
       424199.5077501428,
       170
      ],
      [
       1291599.325945748,
       424200.25623635045,
       170
      ],
      [
       1291599.1443149545,
       424201.00472255814,
       170
      ],
      [
       1291598.9671136157,
       424201.7532087658,
       170
      ],
      [
       1291598.7943417316,
       424202.5016949735,
       170
      ],
      [
       1291598.625999302,
       424203.2501811812,
       170
      ],
      [
       1291598.465682647,
       424203.99866738886,
       170
      ],
      [
       1291598.3133917665,
       424204.7471535965,
       170
      ],
      [
       1291598.1691266603,
       424205.49563980417,
       170
      ],
      [
       1291598.0328873286,
       424206.24412601185,
       170
      ],
      [
       1291597.8978041708,
       424206.99261221953,
       170
      ],
      [
       1291597.7638771874,
       424207.7410984271,
       170
      ],
      [
       1291597.6311063773,
       424208.4895846348,
       170
      ],
      [
       1291597.4994917414,
       424209.23807084246,
       170
      ],
      [
       1291597.3847785066,
       424209.88603410724,
       170
      ],
      [
       1291597.2869666736,
       424210.43347442907,
       170
      ],
      [
       1291597.2060562414,
       424210.88039180805,
       170
      ],
      [
       1291597.1420472108,
       424211.22678624414,
       170
      ],
      [
       1291597.0738330944,
       424211.5871050141,
       170
      ],
      [
       1291597.001413893,
       424211.96134811797,
       170
      ],
      [
       1291596.9247896057,
       424212.34951555566,
       170
      ],
      [
       1291596.8439602328,
       424212.75160732726,
       170
      ],
      [
       1291596.7427876303,
       424213.24029770785,
       170
      ],
      [
       1291596.6212717984,
       424213.8155866974,
       170
      ],
      [
       1291596.4794127368,
       424214.4774742961,
       170
      ],
      [
       1291596.3172104456,
       424215.22596050386,
       170
      ],
      [
       1291596.1527787196,
       424215.97444671154,
       170
      ],
      [
       1291595.986117558,
       424216.72293291916,
       170
      ],
      [
       1291595.817226962,
       424217.47141912684,
       170
      ],
      [
       1291595.6461069307,
       424218.2199053345,
       170
      ],
      [
       1291595.4869351939,
       424218.9683915422,
       170
      ],
      [
       1291595.3397117513,
       424219.7168777499,
       170
      ],
      [
       1291595.2044366035,
       424220.46536395757,
       170
      ],
      [
       1291595.0811097499,
       424221.2138501652,
       170
      ],
      [
       1291594.9618488005,
       424221.9623363728,
       170
      ],
      [
       1291594.8466537548,
       424222.7108225806,
       170
      ],
      [
       1291594.7355246134,
       424223.45930878824,
       170
      ],
      [
       1291594.6284613756,
       424224.20779499586,
       170
      ],
      [
       1291594.5297162384,
       424224.95628120354,
       170
      ],
      [
       1291594.4392892015,
       424225.70476741117,
       170
      ],
      [
       1291594.357180265,
       424226.45325361885,
       170
      ],
      [
       1291594.2833894289,
       424227.2017398266,
       170
      ],
      [
       1291594.2224978479,
       424227.95022603427,
       170
      ],
      [
       1291594.1745055218,
       424228.6987122419,
       170
      ],
      [
       1291594.139412451,
       424229.4471984496,
       170
      ],
      [
       1291594.117218635,
       424230.19568465726,
       170
      ],
      [
       1291594.1314451525,
       424230.94417086494,
       170
      ],
      [
       1291594.182092003,
       424231.69265707256,
       170
      ],
      [
       1291594.2691591869,
       424232.44114328024,
       170
      ],
      [
       1291594.3926467036,
       424233.1896294879,
       170
      ],
      [
       1291594.5536709703,
       424233.9381156956,
       170
      ],
      [
       1291594.752231986,
       424234.6866019033,
       170
      ],
      [
       1291594.9883297514,
       424235.435088111,
       170
      ],
      [
       1291595.2619642662,
       424236.18357431865,
       170
      ],
      [
       1291595.553041254,
       424236.91239645,
       170
      ],
      [
       1291595.8615607147,
       424237.6215545051,
       170
      ],
      [
       1291596.1875226484,
       424238.31104848394,
       170
      ],
      [
       1291596.530927055,
       424238.98087838636,
       170
      ],
      [
       1291596.802766664,
       424239.50291488954,
       170
      ],
      [
       1291597.0030414755,
       424239.8771579934,
       170
      ],
      [
       1291597.1317514894,
       424240.1036076979,
       170
      ],
      [
       1291597.1888967056,
       424240.18226400303,
       170
      ],
      [
       1291597.4045908656,
       424240.40377065196,
       170
      ],
      [
       1291597.7788339695,
       424240.7681276448,
       170
      ],
      [
       1291598.311626017,
       424241.27533498127,
       170
      ],
      [
       1291599.0029670084,
       424241.92539266165,
       170
      ],
      [
       1291599.5996315135,
       424242.43754305376,
       170
      ],
      [
       1291600.1016195328,
       424242.81178615754,
       170
      ],
      [
       1291600.5089310657,
       424243.0481219732,
       170
      ],
      [
       1291600.8215661123,
       424243.1465505004,
       170
      ],
      [
       1291601.1650051875,
       424243.24965757225,
       170
      ],
      [
       1291601.5392482914,
       424243.35744318867,
       170
      ],
      [
       1291601.9442954238,
       424243.4699073496,
       170
      ],
      [
       1291602.380146585,
       424243.58705005504,
       170
      ],
      [
       1291602.8941565074,
       424243.73083789647,
       170
      ],
      [
       1291603.486325192,
       424243.90127087384,
       170
      ],
      [
       1291604.156652638,
       424244.09834898723,
       170
      ],
      [
       1291604.9051388453,
       424244.3220722366,
       170
      ],
      [
       1291605.653625053,
       424244.57506225683,
       170
      ],
      [
       1291606.4021112607,
       424244.8573190478,
       170
      ],
      [
       1291607.1505974685,
       424245.1688426096,
       170
      ],
      [
       1291607.8990836763,
       424245.50963294227,
       170
      ],
      [
       1291608.4863397563,
       424245.7819331718,
       170
      ],
      [
       1291608.9123657092,
       424245.98574329825,
       170
      ],
      [
       1291609.1771615345,
       424246.1210633216,
       170
      ],
      [
       1291609.2807272328,
       424246.18789324176,
       170
      ],
      [
       1291609.5196316335,
       424246.3505560978,
       170
      ],
      [
       1291609.8938747374,
       424246.6090518896,
       170
      ],
      [
       1291610.4034565443,
       424246.9633806172,
       170
      ],
      [
       1291611.0483770538,
       424247.4135422807,
       170
      ],
      [
       1291611.6205934733,
       424247.82574466435,
       170
      ],
      [
       1291612.1201058028,
       424248.19998776814,
       170
      ],
      [
       1291612.546914042,
       424248.5362715922,
       170
      ],
      [
       1291612.9010181916,
       424248.83459613647,
       170
      ],
      [
       1291613.2651918181,
       424249.15425312606,
       170
      ],
      [
       1291613.6394349218,
       424249.49524256104,
       170
      ],
      [
       1291614.0237475028,
       424249.8575644414,
       170
      ],
      [
       1291614.4181295615,
       424250.2412187672,
       170
      ],
      [
       1291614.7928010565,
       424250.620167482,
       170
      ],
      [
       1291615.147761988,
       424250.9944105858,
       170
      ],
      [
       1291615.4830123563,
       424251.3639480787,
       170
      ],
      [
       1291615.7985521613,
       424251.7287799606,
       170
      ],
      [
       1291616.1434436156,
       424252.13647976366,
       170
      ],
      [
       1291616.5176867195,
       424252.58704748785,
       170
      ],
      [
       1291616.9212814728,
       424253.0804831332,
       170
      ],
      [
       1291617.3542278756,
       424253.6167866997,
       170
      ],
      [
       1291617.7254006714,
       424254.07206003484,
       170
      ]
     ]
    },
    "elevationFt": 170,
    "weight": "index",
    "hidden": false
   }
  },
  {
   "type": "Feature",
   "geometry": {
    "type": "LineString",
    "coordinates": [
     [
      -77.07297823746235,
      38.831227261763196
     ],
     [
      -77.07297561168082,
      38.831228941957356
     ],
     [
      -77.07297363848544,
      38.83123020494539
     ],
     [
      -77.07297231787629,
      38.83123105072732
     ],
     [
      -77.07297164985344,
      38.831231479303185
     ],
     [
      -77.07297163441689,
      38.831231490672955
     ],
     [
      -77.07297097028234,
      38.83123194495249
     ],
     [
      -77.07296965744976,
      38.83123284214177
     ],
     [
      -77.07296769591909,
      38.83123418224076
     ],
     [
      -77.07296508569029,
      38.831235965249434
     ],
     [
      -77.07296303868378,
      38.83123737101326
     ],
     [
      -77.07296155489962,
      38.83123839953228
     ],
     [
      -77.0729606343379,
      38.83123905080652
     ],
     [
      -77.07296027699861,
      38.83123932483599
     ],
     [
      -77.07295944187733,
      38.83123987598561
     ],
     [
      -77.07295812897404,
      38.83124070425536
     ],
     [
      -77.0729563382887,
      38.831241809645256
     ],
     [
      -77.07295406982128,
      38.83124319215524
     ],
     [
      -77.07295210236602,
      38.83124439772674
     ],
     [
      -77.07295043592296,
      38.83124542635981
     ],
     [
      -77.07294907049211,
      38.83124627805441
     ],
     [
      -77.07294800607352,
      38.83124695281061
     ],
     [
      -77.07294681740488,
      38.83124769693143
     ],
     [
      -77.0729455044862,
      38.83124851041691
     ],
     [
      -77.07294406731745,
      38.83124939326702
     ],
     [
      -77.07294250589865,
      38.83125034548178
     ],
     [
      -77.07294093056055,
      38.83125133588147
     ],
     [
      -77.07293934130314,
      38.83125236446612
     ],
     [
      -77.07293773812646,
      38.831253431235744
     ],
     [
      -77.07293612103044,
      38.83125453619031
     ],
     [
      -77.07293465608481,
      38.83125555597699
     ],
     [
      -77.07293334328956,
      38.83125649059574
     ],
     [
      -77.07293218264472,
      38.83125734004664
     ],
     [
      -77.0729311741503,
      38.831258104329656
     ],
     [
      -77.07292996509508,
      38.83125900070727
     ],
     [
      -77.0729285554791,
      38.83126002917954
     ],
     [
      -77.0729269453023,
      38.8312611897464
     ],
     [
      -77.07292513456468,
      38.83126248240788
     ],
     [
      -77.07292357280082,
      38.831263598732306
     ],
     [
      -77.07292226001077,
      38.83126453871964
     ],
     [
      -77.07292119619454,
      38.83126530236996
     ],
     [
      -77.07292038135215,
      38.831265889683216
     ],
     [
      -77.07291921053033,
      38.831266697612506
     ],
     [
      -77.07291768372912,
      38.831267726157854
     ],
     [
      -77.07291580094844,
      38.831268975319205
     ],
     [
      -77.07291356218829,
      38.83127044509656
     ],
     [
      -77.07291178636358,
      38.83127160156533
     ],
     [
      -77.07291047347435,
      38.83127244472552
     ],
     [
      -77.07290962352064,
      38.831272974577146
     ],
     [
      -77.0729092365025,
      38.83127319112022
     ],
     [
      -77.07290828975516,
      38.83127373683661
     ],
     [
      -77.07290678327861,
      38.83127461172629
     ],
     [
      -77.07290471707283,
      38.83127581578927
     ],
     [
      -77.07290209113773,
      38.831277349025484
     ],
     [
      -77.07289998573698,
      38.83127857585892
     ],
     [
      -77.07289840087063,
      38.83127949628962
     ],
     [
      -77.07289733653873,
      38.831280110317614
     ],
     [
      -77.0728967927413,
      38.83128041794287
     ],
     [
      -77.07289586426883,
      38.83128086700867
     ],
     [
      -77.07289455112132,
      38.831281457514955
     ],
     [
      -77.07289285329875,
      38.83128218946174
     ],
     [
      -77.0728907708011,
      38.83128306284899
     ],
     [
      -77.07288861730501,
      38.83128401403294
     ],
     [
      -77.07288639281046,
      38.831285043013594
     ],
     [
      -77.07288409731744,
      38.831286149790934
     ],
     [
      -77.07288173082597,
      38.831287334364966
     ],
     [
      -77.07287989103612,
      38.83128825111615
     ],
     [
      -77.07287857794798,
      38.83128890004452
     ],
     [
      -77.07287779156154,
      38.831289281150056
     ],
     [
      -77.07287753187686,
      38.83128939443279
     ],
     [
      -77.07287668068496,
      38.83128991724391
     ],
     [
      -77.07287523798585,
      38.83129084958339
     ],
     [
      -77.07287320377947,
      38.83129219145118
     ],
     [
      -77.07287057806573,
      38.83129394284731
     ],
     [
      -77.07286854919901,
      38.83129530450794
     ],
     [
      -77.07286711717941,
      38.83129627643315
     ],
     [
      -77.07286628200696,
      38.831296858622935
     ],
     [
      -77.07286604368167,
      38.83129705107731
     ],
     [
      -77.07286526810061,
      38.83129759505717
     ],
     [
      -77.07286395526378,
      38.831298490562524
     ],
     [
      -77.07286210517113,
      38.831299737593326
     ],
     [
      -77.0728597178226,
      38.83130133614958
     ],
     [
      -77.0728577760598,
      38.83130264969039
     ],
     [
      -77.07285627988283,
      38.83130367821581
     ],
     [
      -77.0728552292917,
      38.831304421725825
     ],
     [
      -77.07285462428644,
      38.83130488022046
     ],
     [
      -77.07285366541579,
      38.831305606755464
     ],
     [
      -77.07285235267975,
      38.83130660133077
     ],
     [
      -77.07285068607827,
      38.831307863946414
     ],
     [
      -77.0728486656113,
      38.83130939460234
     ],
     [
      -77.07284697973661,
      38.83131067414774
     ],
     [
      -77.07284562845422,
      38.83131170258256
     ],
     [
      -77.07284461176414,
      38.83131247990687
     ],
     [
      -77.0728439296664,
      38.83131300612064
     ],
     [
      -77.07284293232155,
      38.83131383725697
     ],
     [
      -77.07284161972953,
      38.83131497331584
     ],
     [
      -77.07283999189032,
      38.83131641429723
     ],
     [
      -77.0728380488039,
      38.83131816020115
     ],
     [
      -77.0728364766521,
      38.83131954732362
     ],
     [
      -77.07283527543501,
      38.83132057566467
     ],
     [
      -77.07283444515264,
      38.83132124522434
     ],
     [
      -77.072833985805,
      38.83132155600259
     ],
     [
      -77.07283316323998,
      38.831322303180315
     ],
     [
      -77.07283197745753,
      38.831323486757505
     ],
     [
      -77.07283042845764,
      38.83132510673415
     ],
     [
      -77.07282851624022,
      38.83132716311022
     ],
     [
      -77.07282701905571,
      38.831329057691626
     ],
     [
      -77.07282593690411,
      38.831330790478354
     ],
     [
      -77.07282526978548,
      38.831332361470395
     ],
     [
      -77.07282501769986,
      38.8313337706678
     ],
     [
      -77.07282480040412,
      38.83133498911914
     ],
     [
      -77.07282461789829,
      38.83133601682443
     ],
     [
      -77.07282447018235,
      38.83133685378366
     ],
     [
      -77.07282435725632,
      38.83133749999684
     ],
     [
      -77.0728243010541,
      38.8313380787949
     ],
     [
      -77.07282430157564,
      38.83133859017787
     ],
     [
      -77.072824358821,
      38.831339034145735
     ],
     [
      -77.07282447279013,
      38.83133941069849
     ],
     [
      -77.0728247286068,
      38.8313401126465
     ],
     [
      -77.07282512627104,
      38.831341139989775
     ],
     [
      -77.07282566578283,
      38.831342492728304
     ],
     [
      -77.07282634714221,
      38.831344170862074
     ],
     [
      -77.07282710701215,
      38.831345943102825
     ],
     [
      -77.07282794539266,
      38.831347809450556
     ],
     [
      -77.07282886228379,
      38.831349769905245
     ],
     [
      -77.0728298576855,
      38.8313518244669
     ],
     [
      -77.07283072684054,
      38.83135387910736
     ],
     [
      -77.07283146974883,
      38.83135593382654
     ],
     [
      -77.07283208641041,
      38.83135798862453
     ],
     [
      -77.07283257682525,
      38.831360043501306
     ],
     [
      -77.07283289691846,
      38.831362098484355
     ],
     [
      -77.07283304669002,
      38.83136415357371
     ],
     [
      -77.0728330261399,
      38.83136620876933
     ],
     [
      -77.07283283526812,
      38.83136826407124
     ],
     [
      -77.0728324809821,
      38.83137031947514
     ],
     [
      -77.07283196328181,
      38.83137237498101
     ],
     [
      -77.07283128216727,
      38.831374430588866
     ],
     [
      -77.07283043763844,
      38.83137648629867
     ],
     [
      -77.07282952427214,
      38.83137846954895
     ],
     [
      -77.07282854206832,
      38.831380380339695
     ],
     [
      -77.07282749102701,
      38.83138221867091
     ],
     [
      -77.07282637114822,
      38.83138398454256
     ],
     [
      -77.07282548795507,
      38.83138538147582
     ],
     [
      -77.07282484144763,
      38.83138640947061
     ],
     [
      -77.07282443162586,
      38.83138706852701
     ],
     [
      -77.07282425848983,
      38.83138735864495
     ],
     [
      -77.07282384155504,
      38.83138809020827
     ],
     [
      -77.07282318082143,
      38.83138926321691
     ],
     [
      -77.07282227628905,
      38.8313908776709
     ],
     [
      -77.07282112795781,
      38.831392933570186
     ],
     [
      -77.07282001135162,
      38.831394989449684
     ],
     [
      -77.07281892647045,
      38.831397045309366
     ],
     [
      -77.07281787331434,
      38.83139910114926
     ],
     [
      -77.07281685188326,
      38.831401156969335
     ],
     [
      -77.07281601593013,
      38.83140284552049
     ],
     [
      -77.072815365455,
      38.831404166802734
     ],
     [
      -77.07281490045786,
      38.831405120816044
     ],
     [
      -77.07281462093873,
      38.83140570756045
     ],
     [
      -77.07281428107684,
      38.831406514853185
     ],
     [
      -77.07281388087219,
      38.83140754269425
     ],
     [
      -77.07281342032478,
      38.83140879108369
     ],
     [
      -77.07281289943457,
      38.83141026002144
     ],
     [
      -77.0728124102861,
      38.83141187558188
     ],
     [
      -77.07281195287935,
      38.831413637765046
     ],
     [
      -77.07281152721431,
      38.83141554657089
     ],
     [
      -77.072811133291,
      38.83141760199941
     ],
     [
      -77.0728107981159,
      38.831419657391315
     ],
     [
      -77.07281052168898,
      38.83142171274656
     ],
     [
      -77.07281030401026,
      38.831423768065136
     ],
     [
      -77.07281014507974,
      38.831425823347075
     ],
     [
      -77.07281003949913,
      38.83142787859573
     ],
     [
      -77.07280998726841,
      38.831429933811094
     ],
     [
      -77.07280998838759,
      38.83143198899319
     ],
     [
      -77.07281004285667,
      38.83143404414199
     ],
     [
      -77.07281012210166,
      38.83143609927534
     ],
     [
      -77.07281022612256,
      38.831438154393226
     ],
     [
      -77.07281035491938,
      38.83144020949566
     ],
     [
      -77.07281050849214,
      38.83144226458263
     ],
     [
      -77.07281068564338,
      38.83144431965488
     ],
     [
      -77.07281088637308,
      38.83144637471244
     ],
     [
      -77.07281111068127,
      38.83144842975528
     ],
     [
      -77.07281135856793,
      38.83145048478341
     ],
     [
      -77.07281164110054,
      38.831452539789915
     ],
     [
      -77.07281195827909,
      38.831454594774826
     ],
     [
      -77.07281231010357,
      38.831456649738115
     ],
     [
      -77.072812696574,
      38.831458704679775
     ],
     [
      -77.07281304803034,
      38.83146049018451
     ],
     [
      -77.07281336447255,
      38.8314620062523
     ],
     [
      -77.07281364590065,
      38.831463252883175
     ],
     [
      -77.07281389231463,
      38.831464230077124
     ],
     [
      -77.07281415183961,
      38.831465232384744
     ],
     [
      -77.07281442447562,
      38.83146625980603
     ],
     [
      -77.07281471022267,
      38.83146731234099
     ],
     [
      -77.07281500908073,
      38.831468389989645
     ],
     [
      -77.07281539389858,
      38.83146971192157
     ],
     [
      -77.07281586467622,
      38.831471278136796
     ],
     [
      -77.07281642141368,
      38.83147308863529
     ],
     [
      -77.07281706411096,
      38.83147514341708
     ],
     [
      -77.07281771496211,
      38.83147719819376
     ],
     [
      -77.07281837396711,
      38.831479252965366
     ],
     [
      -77.07281904112598,
      38.83148130773188
     ],
     [
      -77.0728197164387,
      38.831483362493294
     ],
     [
      -77.07282040692328,
      38.83148541724524
     ],
     [
      -77.07282111257973,
      38.83148747198772
     ],
     [
      -77.07282183340803,
      38.831489526720716
     ],
     [
      -77.07282256940819,
      38.831491581444254
     ],
     [
      -77.07282319207567,
      38.83149328035595
     ],
     [
      -77.07282370141044,
      38.83149462345579
     ],
     [
      -77.07282409741248,
      38.83149561074377
     ],
     [
      -77.07282438008178,
      38.83149624221993
     ],
     [
      -77.07282477821019,
      38.83149707159347
     ],
     [
      -77.07282529179771,
      38.83149809886438
     ],
     [
      -77.07282592084435,
      38.83149932403266
     ],
     [
      -77.07282666535012,
      38.83150074709834
     ],
     [
      -77.07282735718383,
      38.83150232810999
     ],
     [
      -77.07282799634548,
      38.83150406706764
     ],
     [
      -77.07282858283509,
      38.8315059639713
     ],
     [
      -77.07282911665263,
      38.83150801882095
     ],
     [
      -77.0728295343395,
      38.83151007374307
     ],
     [
      -77.0728298358957,
      38.83151212873764
     ],
     [
      -77.07283002132122,
      38.8315141838047
     ],
     [
      -77.07283009061607,
      38.83151623894422
     ],
     [
      -77.07283012425468,
      38.83151829410598
     ],
     [
      -77.07283012223705,
      38.831520349289995
     ],
     [
      -77.07283008456318,
      38.83152240449625
     ],
     [
      -77.07283001123307,
      38.83152445972476
     ],
     [
      -77.07282992240964,
      38.831526514962945
     ],
     [
      -77.07282981809288,
      38.83152857021081
     ],
     [
      -77.07282969828282,
      38.83153062546831
     ],
     [
      -77.07282956297942,
      38.8315326807355
     ],
     [
      -77.07282943088404,
      38.83153473600068
     ],
     [
      -77.0728293019967,
      38.83153679126385
     ],
     [
      -77.07282917631738,
      38.831538846525035
     ],
     [
      -77.07282905384609,
      38.83154090178421
     ],
     [
      -77.0728289655793,
      38.83154295702203
     ],
     [
      -77.072828911517,
      38.831545012238514
     ],
     [
      -77.07282889165921,
      38.831547067433654
     ],
     [
      -77.07282890600595,
      38.83154912260745
     ],
     [
      -77.07282895668615,
      38.83155117775858
     ],
     [
      -77.07282904369984,
      38.83155323288701
     ],
     [
      -77.07282916704703,
      38.831555287992785
     ],
     [
      -77.07282932672773,
      38.831557343075886
     ],
     [
      -77.07282943276017,
      38.831559398192475
     ],
     [
      -77.07282948514438,
      38.831561453342516
     ],
     [
      -77.07282948388034,
      38.83156350852605
     ],
     [
      -77.07282942896805,
      38.83156556374307
     ],
     [
      -77.07282924939403,
      38.83156761903786
     ],
     [
      -77.07282894515825,
      38.83156967441045
     ],
     [
      -77.07282851626073,
      38.83157172986082
     ],
     [
      -77.07282796270145,
      38.83157378538898
     ],
     [
      -77.07282740735947,
      38.83157558760329
     ],
     [
      -77.07282685023485,
      38.831577136503725
     ],
     [
      -77.07282629132756,
      38.83157843209031
     ],
     [
      -77.0728257306376,
      38.83157947436304
     ],
     [
      -77.07282506087608,
      38.83158050953808
     ],
     [
      -77.07282428204297,
      38.83158153761542
     ]
    ]
   },
   "properties": {
    "id": "ct-5",
    "kind": "Contour",
    "sourceId": "contours",
    "reliabilityLevel": 1,
    "revision": 1,
    "engineeringGeometry": {
     "crs": "EPSG:2248",
     "crsName": "NAD83 / Maryland State Plane (US survey feet)",
     "datum": "NAD83",
     "unit": "usSurveyFoot",
     "coordinates": [
      [
       1291544.2777560244,
       424124.9854970804,
       172
      ],
      [
       1291545.0262422317,
       424125.59681653144,
       172
      ],
      [
       1291545.5887070536,
       424126.056340444,
       172
      ],
      [
       1291545.96515049,
       424126.36406881793,
       172
      ],
      [
       1291546.1555725406,
       424126.5200016532,
       172
      ],
      [
       1291546.1599732055,
       424126.5241389499,
       172
      ],
      [
       1291546.3492950897,
       424126.6894338101,
       172
      ],
      [
       1291546.7235381934,
       424127.0158862338,
       172
      ],
      [
       1291547.2827025168,
       424127.50349622115,
       172
      ],
      [
       1291548.0267880596,
       424128.1522637719,
       172
      ],
      [
       1291548.610320646,
       424128.6637690992,
       172
      ],
      [
       1291549.0333002761,
       424129.03801220306,
       172
      ],
      [
       1291549.2957269498,
       424129.2749930834,
       172
      ],
      [
       1291549.397600667,
       424129.37471174035,
       172
      ],
      [
       1291549.6356590777,
       424129.57524724404,
       172
      ],
      [
       1291550.0099021816,
       424129.8765995944,
       172
      ],
      [
       1291550.5203299788,
       424130.27876879164,
       172
      ],
      [
       1291551.1669424688,
       424130.7817548357,
       172
      ],
      [
       1291551.727755194,
       424131.2203694096,
       172
      ],
      [
       1291552.202768154,
       424131.5946125134,
       172
      ],
      [
       1291552.5919813486,
       424131.90448414715,
       172
      ],
      [
       1291552.8953947774,
       424132.14998431085,
       172
      ],
      [
       1291553.234223044,
       424132.42071841494,
       172
      ],
      [
       1291553.608466148,
       424132.71668645955,
       172
      ],
      [
       1291554.018124089,
       424133.0378884446,
       172
      ],
      [
       1291554.4631968676,
       424133.38432437007,
       172
      ],
      [
       1291554.912245885,
       424133.74466388475,
       172
      ],
      [
       1291555.3652711413,
       424134.11890698865,
       172
      ],
      [
       1291555.8222726365,
       424134.50705368165,
       172
      ],
      [
       1291556.2832503705,
       424134.90910396376,
       172
      ],
      [
       1291556.7008607895,
       424135.2801712054,
       172
      ],
      [
       1291557.0751038934,
       424135.6202554066,
       172
      ],
      [
       1291557.4059796822,
       424135.9293565672,
       172
      ],
      [
       1291557.6934881555,
       424136.2074746872,
       172
      ],
      [
       1291558.0381680652,
       424136.53365529916,
       172
      ],
      [
       1291558.4400194106,
       424136.907898403,
       172
      ],
      [
       1291558.899042192,
       424137.3302039987,
       172
      ],
      [
       1291559.4152364093,
       424137.8005720863,
       172
      ],
      [
       1291559.8604550697,
       424138.20677585684,
       172
      ],
      [
       1291560.2346981736,
       424138.54881531035,
       172
      ],
      [
       1291560.5379657208,
       424138.8266904469,
       172
      ],
      [
       1291560.7702577112,
       424139.0404012663,
       172
      ],
      [
       1291561.104020406,
       424139.33437822794,
       172
      ],
      [
       1291561.5392538053,
       424139.7086213318,
       172
      ],
      [
       1291562.0759579088,
       424140.16313057777,
       172
      ],
      [
       1291562.7141327164,
       424140.697905966,
       172
      ],
      [
       1291563.2203416722,
       424141.11868144124,
       172
      ],
      [
       1291563.594584776,
       424141.4254570035,
       172
      ],
      [
       1291563.8368620279,
       424141.61823265266,
       172
      ],
      [
       1291563.9471734276,
       424141.6970083889,
       172
      ],
      [
       1291564.2170285294,
       424141.89553987875,
       172
      ],
      [
       1291564.6464273334,
       424142.21382712235,
       172
      ],
      [
       1291565.235369839,
       424142.6518701197,
       172
      ],
      [
       1291565.9838560463,
       424143.20966887067,
       172
      ],
      [
       1291566.5839704499,
       424143.6559958641,
       172
      ],
      [
       1291567.035713049,
       424143.9908510998,
       172
      ],
      [
       1291567.3390838439,
       424144.2142345779,
       172
      ],
      [
       1291567.4940828346,
       424144.3261462984,
       172
      ],
      [
       1291567.7587038819,
       424144.48948236817,
       172
      ],
      [
       1291568.1329469858,
       424144.7042427873,
       172
      ],
      [
       1291568.6168121463,
       424144.9704275558,
       172
      ],
      [
       1291569.2102993634,
       424145.2880366735,
       172
      ],
      [
       1291569.8240342466,
       424145.6339627843,
       172
      ],
      [
       1291570.4580167956,
       424146.0082058882,
       172
      ],
      [
       1291571.112247011,
       424146.410765985,
       172
      ],
      [
       1291571.7867248922,
       424146.84164307493,
       172
      ],
      [
       1291572.3110853848,
       424147.17510036496,
       172
      ],
      [
       1291572.6853284887,
       424147.41113785515,
       172
      ],
      [
       1291572.9094542037,
       424147.54975554557,
       172
      ],
      [
       1291572.9834625302,
       424147.5909534361,
       172
      ],
      [
       1291573.2260903267,
       424147.7811647763,
       172
      ],
      [
       1291573.6373375936,
       424148.1203895662,
       172
      ],
      [
       1291574.217204331,
       424148.6086278056,
       172
      ],
      [
       1291574.9656905388,
       424149.24587949447,
       172
      ],
      [
       1291575.5440418837,
       424149.74132741825,
       172
      ],
      [
       1291575.9522583657,
       424150.09497157694,
       172
      ],
      [
       1291576.190339985,
       424150.3068119702,
       172
      ],
      [
       1291576.2582867416,
       424150.37684859824,
       172
      ],
      [
       1291576.4793816719,
       424150.5747867043,
       172
      ],
      [
       1291576.8536247755,
       424150.9006262884,
       172
      ],
      [
       1291577.381016053,
       424151.35436735046,
       172
      ],
      [
       1291578.061555504,
       424151.9360098906,
       172
      ],
      [
       1291578.6150797857,
       424152.41395271255,
       172
      ],
      [
       1291579.0415888974,
       424152.78819581633,
       172
      ],
      [
       1291579.3410828398,
       424153.0587392021,
       172
      ],
      [
       1291579.513561613,
       424153.22558286967,
       172
      ],
      [
       1291579.7869225512,
       424153.4899648984,
       172
      ],
      [
       1291580.161165655,
       424153.85188528826,
       172
      ],
      [
       1291580.6362909242,
       424154.3113440392,
       172
      ],
      [
       1291581.2122983593,
       424154.86834115133,
       172
      ],
      [
       1291581.6929187966,
       424155.33396125934,
       172
      ],
      [
       1291582.078152236,
       424155.7082043632,
       172
      ],
      [
       1291582.3679986782,
       424155.99107046286,
       172
      ],
      [
       1291582.562458123,
       424156.1825595584,
       172
      ],
      [
       1291582.8468093975,
       424156.4850281022,
       172
      ],
      [
       1291583.2210525014,
       424156.8984760941,
       172
      ],
      [
       1291583.6851874348,
       424157.4229035343,
       172
      ],
      [
       1291584.2392141977,
       424158.0583104227,
       172
      ],
      [
       1291584.687469984,
       424158.56313541875,
       172
      ],
      [
       1291585.0299547934,
       424158.9373785226,
       172
      ],
      [
       1291585.266668626,
       424159.18103973416,
       172
      ],
      [
       1291585.3976114825,
       424159.29411905346,
       172
      ],
      [
       1291585.6321494498,
       424159.5660500949,
       172
      ],
      [
       1291585.9702825283,
       424159.99683285836,
       172
      ],
      [
       1291586.4120107181,
       424160.58646734396,
       172
      ],
      [
       1291586.957334019,
       424161.3349535516,
       172
      ],
      [
       1291587.3843815075,
       424162.02460935985,
       172
      ],
      [
       1291587.6931531832,
       424162.6554347689,
       172
      ],
      [
       1291587.8836490465,
       424163.22742977843,
       172
      ],
      [
       1291587.9558690973,
       424163.7405943885,
       172
      ],
      [
       1291588.0181232681,
       424164.1842982455,
       172
      ],
      [
       1291588.0704115594,
       424164.55854134937,
       172
      ],
      [
       1291588.1127339713,
       424164.86332370003,
       172
      ],
      [
       1291588.1450905034,
       424165.0986452975,
       172
      ],
      [
       1291588.1612687695,
       424165.3094275782,
       172
      ],
      [
       1291588.1612687695,
       424165.495670542,
       172
      ],
      [
       1291588.1450905034,
       424165.65737418894,
       172
      ],
      [
       1291588.1127339713,
       424165.79453851917,
       172
      ],
      [
       1291588.040064437,
       424166.0502422362,
       172
      ],
      [
       1291587.9270819009,
       424166.42448533996,
       172
      ],
      [
       1291587.7737863627,
       424166.91726783063,
       172
      ],
      [
       1291587.5801778222,
       424167.5285897082,
       172
      ],
      [
       1291587.3642316423,
       424168.17420266825,
       172
      ],
      [
       1291587.1259478228,
       424168.8541067108,
       172
      ],
      [
       1291586.8653263636,
       424169.56830183597,
       172
      ],
      [
       1291586.5823672642,
       424170.3167880437,
       172
      ],
      [
       1291586.3353715898,
       424171.0652742514,
       172
      ],
      [
       1291586.1243393398,
       424171.813760459,
       172
      ],
      [
       1291585.9492705143,
       424172.5622466667,
       172
      ],
      [
       1291585.810165113,
       424173.3107328744,
       172
      ],
      [
       1291585.7195785777,
       424174.05921908206,
       172
      ],
      [
       1291585.6775109083,
       424174.8077052897,
       172
      ],
      [
       1291585.6839621048,
       424175.55619149737,
       172
      ],
      [
       1291585.7389321672,
       424176.30467770505,
       172
      ],
      [
       1291585.8404533952,
       424177.05316391273,
       172
      ],
      [
       1291585.9885257883,
       424177.8016501203,
       172
      ],
      [
       1291586.1831493473,
       424178.550136328,
       172
      ],
      [
       1291586.4243240717,
       424179.29862253566,
       172
      ],
      [
       1291586.6850871784,
       424180.02070373984,
       172
      ],
      [
       1291586.9654386677,
       424180.7163799404,
       172
      ],
      [
       1291587.265378539,
       424181.38565113745,
       172
      ],
      [
       1291587.5849067927,
       424182.0285173309,
       172
      ],
      [
       1291587.836904189,
       424182.5370719796,
       172
      ],
      [
       1291588.021370728,
       424182.9113150834,
       172
      ],
      [
       1291588.13830641,
       424183.1512466424,
       172
      ],
      [
       1291588.1877112347,
       424183.2568666566,
       172
      ],
      [
       1291588.3066942436,
       424183.5232032191,
       172
      ],
      [
       1291588.4952554363,
       424183.9502563301,
       172
      ],
      [
       1291588.753394813,
       424184.5380259894,
       172
      ],
      [
       1291589.0811123739,
       424185.28651219705,
       172
      ],
      [
       1291589.3997925336,
       424186.03499840474,
       172
      ],
      [
       1291589.7094352923,
       424186.78348461236,
       172
      ],
      [
       1291590.0100406501,
       424187.53197082004,
       172
      ],
      [
       1291590.3016086067,
       424188.2804570278,
       172
      ],
      [
       1291590.5402335408,
       424188.89522807166,
       172
      ],
      [
       1291590.7259154515,
       424189.37628395174,
       172
      ],
      [
       1291590.8586543398,
       424189.7236246681,
       172
      ],
      [
       1291590.9384502056,
       424189.9372502206,
       172
      ],
      [
       1291591.0354997213,
       424190.2311845488,
       172
      ],
      [
       1291591.1498028873,
       424190.6054276526,
       172
      ],
      [
       1291591.281359704,
       424191.0599795321,
       172
      ],
      [
       1291591.430170171,
       424191.59484018723,
       172
      ],
      [
       1291591.569981095,
       424192.18310723046,
       172
      ],
      [
       1291591.7007924758,
       424192.8247806619,
       172
      ],
      [
       1291591.8226043137,
       424193.51986048144,
       172
      ],
      [
       1291591.9354166088,
       424194.26834668906,
       172
      ],
      [
       1291592.0314935427,
       424195.01683289674,
       172
      ],
      [
       1291592.110835116,
       424195.76531910436,
       172
      ],
      [
       1291592.173441328,
       424196.51380531205,
       172
      ],
      [
       1291592.2193121794,
       424197.2622915198,
       172
      ],
      [
       1291592.2499854683,
       424198.01077772747,
       172
      ],
      [
       1291592.2654611948,
       424198.7592639351,
       172
      ],
      [
       1291592.265739359,
       424199.5077501428,
       172
      ],
      [
       1291592.250819961,
       424200.25623635045,
       172
      ],
      [
       1291592.228842753,
       424201.00472255814,
       172
      ],
      [
       1291592.1998077352,
       424201.7532087658,
       172
      ],
      [
       1291592.1637149074,
       424202.5016949735,
       172
      ],
      [
       1291592.1205642696,
       424203.2501811812,
       172
      ],
      [
       1291592.0706969341,
       424203.99866738886,
       172
      ],
      [
       1291592.0141129005,
       424204.7471535965,
       172
      ],
      [
       1291591.9508121687,
       424205.49563980417,
       172
      ],
      [
       1291591.8807947391,
       424206.24412601185,
       172
      ],
      [
       1291591.8009078733,
       424206.99261221953,
       172
      ],
      [
       1291591.7111515717,
       424207.7410984271,
       172
      ],
      [
       1291591.611525834,
       424208.4895846348,
       172
      ],
      [
       1291591.5020306604,
       424209.23807084246,
       172
      ],
      [
       1291591.4024315367,
       424209.8884216537,
       172
      ],
      [
       1291591.3127284625,
       424210.44063706853,
       172
      ],
      [
       1291591.2329214385,
       424210.8947170869,
       172
      ],
      [
       1291591.1630104647,
       424211.2506617089,
       172
      ],
      [
       1291591.0893719106,
       424211.61575557175,
       172
      ],
      [
       1291591.0120057764,
       424211.9899986756,
       172
      ],
      [
       1291590.9309120623,
       424212.37339102034,
       172
      ],
      [
       1291590.8460907678,
       424212.76593260607,
       172
      ],
      [
       1291590.7368534626,
       424213.2474603473,
       172
      ],
      [
       1291590.603200147,
       424213.8179742439,
       172
      ],
      [
       1291590.44513082,
       424214.4774742961,
       172
      ],
      [
       1291590.262645482,
       424215.22596050386,
       172
      ],
      [
       1291590.0778374006,
       424215.97444671154,
       172
      ],
      [
       1291589.890706575,
       424216.72293291916,
       172
      ],
      [
       1291589.701253006,
       424217.47141912684,
       172
      ],
      [
       1291589.509476693,
       424218.2199053345,
       172
      ],
      [
       1291589.313378451,
       424218.9683915422,
       172
      ],
      [
       1291589.1129582792,
       424219.7168777499,
       172
      ],
      [
       1291588.9082161784,
       424220.46536395757,
       172
      ],
      [
       1291588.6991521483,
       424221.2138501652,
       172
      ],
      [
       1291588.5222693176,
       424221.8327259112,
       172
      ],
      [
       1291588.3775676861,
       424222.32199119567,
       172
      ],
      [
       1291588.2650472543,
       424222.6816460185,
       172
      ],
      [
       1291588.1847080216,
       424222.9116903798,
       172
      ],
      [
       1291588.0715359866,
       424223.21383411234,
       172
      ],
      [
       1291587.9255311491,
       424223.5880772161,
       172
      ],
      [
       1291587.7466935092,
       424224.03441969125,
       172
      ],
      [
       1291587.535023067,
       424224.5528615377,
       172
      ],
      [
       1291587.3384029674,
       424225.12881447445,
       172
      ],
      [
       1291587.1568332105,
       424225.76227850147,
       172
      ],
      [
       1291586.9903137968,
       424226.45325361885,
       172
      ],
      [
       1291586.8388447259,
       424227.2017398266,
       172
      ],
      [
       1291586.720457282,
       424227.95022603427,
       172
      ],
      [
       1291586.6351514654,
       424228.6987122419,
       172
      ],
      [
       1291586.582927276,
       424229.4471984496,
       172
      ],
      [
       1291586.5637847134,
       424230.19568465726,
       172
      ],
      [
       1291586.5547993805,
       424230.94417086494,
       172
      ],
      [
       1291586.5559712772,
       424231.69265707256,
       172
      ],
      [
       1291586.5673004035,
       424232.44114328024,
       172
      ],
      [
       1291586.5887867594,
       424233.1896294879,
       172
      ],
      [
       1291586.6146866258,
       424233.9381156956,
       172
      ],
      [
       1291586.6450000026,
       424234.6866019033,
       172
      ],
      [
       1291586.6797268898,
       424235.435088111,
       172
      ],
      [
       1291586.7188672875,
       424236.18357431865,
       172
      ],
      [
       1291586.7570938272,
       424236.93206052633,
       172
      ],
      [
       1291586.7944065086,
       424237.6805467339,
       172
      ],
      [
       1291586.8308053322,
       424238.4290329416,
       172
      ],
      [
       1291586.8662902978,
       424239.17751914926,
       172
      ],
      [
       1291586.8920315846,
       424239.92600535695,
       172
      ],
      [
       1291586.9080291926,
       424240.67449156457,
       172
      ],
      [
       1291586.914283122,
       424241.42297777225,
       172
      ],
      [
       1291586.9107933722,
       424242.17146397993,
       172
      ],
      [
       1291586.896953472,
       424242.9199501876,
       172
      ],
      [
       1291586.8727634214,
       424243.66843639524,
       172
      ],
      [
       1291586.8382232203,
       424244.4169226029,
       172
      ],
      [
       1291586.7933328683,
       424245.16540881066,
       172
      ],
      [
       1291586.7637250405,
       424245.91389501834,
       172
      ],
      [
       1291586.749399736,
       424246.66238122596,
       172
      ],
      [
       1291586.750356956,
       424247.41086743365,
       172
      ],
      [
       1291586.7665966996,
       424248.15935364127,
       172
      ],
      [
       1291586.81834824,
       424248.9078398489,
       172
      ],
      [
       1291586.905611577,
       424249.6563260567,
       172
      ],
      [
       1291587.0283867111,
       424250.4048122644,
       172
      ],
      [
       1291587.1866736417,
       424251.15329847194,
       172
      ],
      [
       1291587.3453947857,
       424251.8095287664,
       172
      ],
      [
       1291587.5045501431,
       424252.3735031475,
       172
      ],
      [
       1291587.6641397136,
       424252.8452216153,
       172
      ],
      [
       1291587.8241634972,
       424253.22468416987,
       172
      ],
      [
       1291588.015255894,
       424253.60153699905,
       172
      ],
      [
       1291588.2374169035,
       424253.97578010283,
       172
      ]
     ]
    },
    "elevationFt": 172,
    "weight": "intermediate",
    "hidden": false
   }
  },
  {
   "type": "Feature",
   "geometry": {
    "type": "LineString",
    "coordinates": [
     [
      -77.0730807099754,
      38.83122732362593
     ],
     [
      -77.0730780837095,
      38.831228528205784
     ],
     [
      -77.07307545715085,
      38.83122944681478
     ],
     [
      -77.07307283029948,
      38.831230079452936
     ],
     [
      -77.07307020315542,
      38.83123042612028
     ],
     [
      -77.0730680547382,
      38.831230717631506
     ],
     [
      -77.07306638504782,
      38.83123095398663
     ],
     [
      -77.0730651940843,
      38.831231135185696
     ],
     [
      -77.07306448184762,
      38.831231261228695
     ],
     [
      -77.07306346906853,
      38.831231533338226
     ],
     [
      -77.07306215574698,
      38.83123195151427
     ],
     [
      -77.07306054188297,
      38.83123251575679
     ],
     [
      -77.07305862747647,
      38.83123322606582
     ],
     [
      -77.07305690969208,
      38.831234095492114
     ],
     [
      -77.07305538852978,
      38.831235124035736
     ],
     [
      -77.07305406398955,
      38.83123631169666
     ],
     [
      -77.07305293607139,
      38.83123765847491
     ],
     [
      -77.07305171590221,
      38.83123898155254
     ],
     [
      -77.07305040348197,
      38.83124028092949
     ],
     [
      -77.07304899881069,
      38.8312415566058
     ],
     [
      -77.07304750188834,
      38.83124280858144
     ],
     [
      -77.07304610747403,
      38.83124394876926
     ],
     [
      -77.0730448155678,
      38.83124497716926
     ],
     [
      -77.07304362616964,
      38.83124589378142
     ],
     [
      -77.07304253927953,
      38.83124669860576
     ],
     [
      -77.07304133929486,
      38.83124742874059
     ],
     [
      -77.0730400262156,
      38.83124808418586
     ],
     [
      -77.07303860004173,
      38.8312486649416
     ],
     [
      -77.0730370607733,
      38.831249171007784
     ],
     [
      -77.07303524961091,
      38.83124971072886
     ],
     [
      -77.07303316655454,
      38.83125028410482
     ],
     [
      -77.07303081160421,
      38.83125089113564
     ],
     [
      -77.07302818475989,
      38.83125153182131
     ],
     [
      -77.07302555788793,
      38.83125214554108
     ],
     [
      -77.07302293098836,
      38.83125273229495
     ],
     [
      -77.07302030406117,
      38.831253292082934
     ],
     [
      -77.07301767710636,
      38.83125382490501
     ],
     [
      -77.0730153361019,
      38.83125431971836
     ],
     [
      -77.07301328104778,
      38.831254776523004
     ],
     [
      -77.073011511944,
      38.83125519531893
     ],
     [
      -77.07301002879058,
      38.831255576106194
     ],
     [
      -77.07300863050924,
      38.83125593306575
     ],
     [
      -77.07300731709996,
      38.83125626619757
     ],
     [
      -77.07300608856276,
      38.831256575501676
     ],
     [
      -77.07300494489766,
      38.831256860978066
     ],
     [
      -77.07300343059565,
      38.83125738983419
     ],
     [
      -77.07300154565675,
      38.83125816207004
     ],
     [
      -77.0729992900809,
      38.83125917768561
     ],
     [
      -77.0729966638681,
      38.83126043668085
     ],
     [
      -77.07299449729953,
      38.8312615093177
     ],
     [
      -77.07299279037527,
      38.831262395596184
     ],
     [
      -77.07299154309531,
      38.831263095516306
     ],
     [
      -77.0729907554597,
      38.83126360907811
     ],
     [
      -77.07298970521992,
      38.831264309068295
     ],
     [
      -77.07298839237599,
      38.83126519548689
     ],
     [
      -77.07298681692782,
      38.83126626833384
     ],
     [
      -77.07298497887545,
      38.83126752760917
     ],
     [
      -77.07298326626973,
      38.8312686715388
     ],
     [
      -77.07298167911068,
      38.83126970012271
     ],
     [
      -77.07298021739831,
      38.83127061336093
     ],
     [
      -77.07297888113263,
      38.83127141125347
     ],
     [
      -77.0729775565272,
      38.8312722040329
     ],
     [
      -77.07297624358203,
      38.83127299169925
     ],
     [
      -77.07297494229711,
      38.83127377425249
     ],
     [
      -77.07297365267245,
      38.83127455169262
     ],
     [
      -77.07297206304735,
      38.83127545479914
     ],
     [
      -77.0729701734218,
      38.83127648357202
     ],
     [
      -77.07296798379576,
      38.83127763801125
     ],
     [
      -77.07296549416925,
      38.831278918116794
     ],
     [
      -77.07296359282385,
      38.831279893898895
     ],
     [
      -77.07296227975964,
      38.83128056535757
     ],
     [
      -77.07296155497664,
      38.831280932492845
     ],
     [
      -77.07296141847488,
      38.83128099530473
     ],
     [
      -77.07296065951432,
      38.831281327155956
     ],
     [
      -77.07295927809497,
      38.83128192804655
     ],
     [
      -77.07295727421679,
      38.831282797976485
     ],
     [
      -77.07295464787974,
      38.83128393694568
     ],
     [
      -77.07295225612557,
      38.83128500521855
     ],
     [
      -77.07295009895428,
      38.83128600279505
     ],
     [
      -77.07294817636591,
      38.831286929675244
     ],
     [
      -77.07294648836046,
      38.8312877858591
     ],
     [
      -77.07294498782171,
      38.831288546022364
     ],
     [
      -77.0729436747497,
      38.83128921016501
     ],
     [
      -77.0729425491444,
      38.83128977828707
     ],
     [
      -77.07294161100586,
      38.83129025038855
     ],
     [
      -77.07294025083957,
      38.83129091074753
     ],
     [
      -77.07293846864546,
      38.831291759363985
     ],
     [
      -77.07293626442356,
      38.83129279623793
     ],
     [
      -77.07293363817382,
      38.83129402136932
     ],
     [
      -77.07293142043154,
      38.83129503041719
     ],
     [
      -77.0729296111968,
      38.83129582338161
     ],
     [
      -77.07292821046958,
      38.831296400262545
     ],
     [
      -77.07292721824993,
      38.83129676106006
     ],
     [
      -77.07292606555399,
      38.83129722462601
     ],
     [
      -77.07292475238175,
      38.83129779096044
     ],
     [
      -77.07292327873319,
      38.83129846006333
     ],
     [
      -77.0729216446083,
      38.83129923193464
     ],
     [
      -77.07291976242226,
      38.83130008795228
     ],
     [
      -77.07291763217506,
      38.83130102811617
     ],
     [
      -77.07291525386667,
      38.831302052426366
     ],
     [
      -77.07291262749708,
      38.83130316088281
     ],
     [
      -77.07291054409278,
      38.83130403667532
     ],
     [
      -77.07290900365379,
      38.83130467980389
     ],
     [
      -77.07290800618016,
      38.83130509026861
     ],
     [
      -77.07290755167189,
      38.831305268069435
     ],
     [
      -77.07290669579594,
      38.83130591553748
     ],
     [
      -77.07290543855224,
      38.8313070326727
     ],
     [
      -77.0729037799408,
      38.831308619475124
     ],
     [
      -77.07290171996154,
      38.8313106759447
     ],
     [
      -77.07290034564986,
      38.83131273198596
     ],
     [
      -77.07289965700579,
      38.831314787598934
     ],
     [
      -77.07289965402943,
      38.831316842783615
     ],
     [
      -77.07290033672082,
      38.83131889754003
     ],
     [
      -77.072901131699,
      38.831320952226264
     ],
     [
      -77.07290203896396,
      38.83132300684237
     ],
     [
      -77.07290305851575,
      38.831325061388334
     ],
     [
      -77.07290419035435,
      38.831327115864156
     ],
     [
      -77.07290513813732,
      38.83132917045492
     ],
     [
      -77.07290590186464,
      38.83133122516065
     ],
     [
      -77.07290648153631,
      38.83133327998137
     ],
     [
      -77.07290687715226,
      38.83133533491704
     ],
     [
      -77.07290701420787,
      38.83133739001425
     ],
     [
      -77.07290689270307,
      38.83133944527296
     ],
     [
      -77.07290651263786,
      38.83134150069321
     ],
     [
      -77.0729058740122,
      38.83134355627496
     ],
     [
      -77.07290502348641,
      38.83134561198907
     ],
     [
      -77.07290396106048,
      38.831347667835544
     ],
     [
      -77.07290268673437,
      38.83134972381436
     ],
     [
      -77.07290120050806,
      38.831351779925534
     ],
     [
      -77.07290003950851,
      38.83135337517291
     ],
     [
      -77.07289920373579,
      38.83135450955653
     ],
     [
      -77.0728986931899,
      38.83135518307638
     ],
     [
      -77.07289850787087,
      38.83135539573245
     ],
     [
      -77.07289796732617,
      38.83135601613596
     ],
     [
      -77.07289707155579,
      38.831357044286875
     ],
     [
      -77.0728958205597,
      38.83135848018518
     ],
     [
      -77.07289421433785,
      38.831360323830864
     ],
     [
      -77.07289275522798,
      38.831362104748436
     ],
     [
      -77.07289144323013,
      38.83136382293791
     ],
     [
      -77.0728902783443,
      38.83136547839928
     ],
     [
      -77.07288926057049,
      38.831367071132554
     ],
     [
      -77.07288841600821,
      38.831368381504525
     ],
     [
      -77.07288774465749,
      38.831369409515204
     ],
     [
      -77.07288724651836,
      38.831370155164585
     ],
     [
      -77.0728869215908,
      38.831370618452674
     ],
     [
      -77.07288632791287,
      38.831371479933004
     ],
     [
      -77.07288546548459,
      38.831372739605584
     ],
     [
      -77.0728843343059,
      38.8313743974704
     ],
     [
      -77.07288293437676,
      38.83137645352744
     ],
     [
      -77.07288165979737,
      38.83137837422819
     ],
     [
      -77.07288051056776,
      38.831380159572674
     ],
     [
      -77.07287948668792,
      38.83138180956087
     ],
     [
      -77.07287858815788,
      38.831383324192785
     ],
     [
      -77.0728778301938,
      38.83138459549721
     ],
     [
      -77.07287721279573,
      38.83138562347415
     ],
     [
      -77.07287673596363,
      38.831386408123564
     ],
     [
      -77.07287639969758,
      38.83138694944551
     ],
     [
      -77.07287586230008,
      38.83138786941072
     ],
     [
      -77.07287512377114,
      38.83138916801924
     ],
     [
      -77.07287418411074,
      38.831390845271066
     ],
     [
      -77.07287304331886,
      38.83139290116617
     ],
     [
      -77.07287204859563,
      38.83139495697005
     ],
     [
      -77.07287119994106,
      38.831397012682736
     ],
     [
      -77.07287049735518,
      38.83139906830421
     ],
     [
      -77.07286994083799,
      38.831401123834475
     ],
     [
      -77.07286940797404,
      38.83140317934998
     ],
     [
      -77.07286889876335,
      38.831405234850685
     ],
     [
      -77.07286841320591,
      38.83140729033665
     ],
     [
      -77.07286795130176,
      38.831409345807835
     ],
     [
      -77.07286757365404,
      38.8314109612298
     ],
     [
      -77.07286728026281,
      38.83141213660256
     ],
     [
      -77.07286707112807,
      38.831412871926105
     ],
     [
      -77.07286694624982,
      38.83141316720043
     ],
     [
      -77.0728666061306,
      38.83141382880667
     ],
     [
      -77.07286605077044,
      38.831414856744814
     ],
     [
      -77.0728652801693,
      38.831416251014815
     ],
     [
      -77.07286429432713,
      38.83141801161672
     ],
     [
      -77.07286319451057,
      38.83141984608886
     ],
     [
      -77.07286198071961,
      38.83142175443124
     ],
     [
      -77.07286065295423,
      38.831423736643835
     ],
     [
      -77.0728592112144,
      38.83142579272668
     ],
     [
      -77.07285808098474,
      38.831427415700624
     ],
     [
      -77.07285726226525,
      38.83142860556568
     ],
     [
      -77.07285675505595,
      38.831429362321856
     ],
     [
      -77.07285655935691,
      38.83142968596915
     ],
     [
      -77.0728560553026,
      38.83143036184208
     ],
     [
      -77.07285524289298,
      38.83143138994061
     ],
     [
      -77.07285412212808,
      38.831432770264755
     ],
     [
      -77.07285269300782,
      38.831434502814496
     ],
     [
      -77.07285132250068,
      38.83143628021911
     ],
     [
      -77.07285001060664,
      38.831438102478614
     ],
     [
      -77.07284875732572,
      38.831439969592985
     ],
     [
      -77.0728475626579,
      38.83144188156227
     ],
     [
      -77.0728466487552,
      38.83144335154019
     ],
     [
      -77.07284601561767,
      38.831444379526744
     ],
     [
      -77.0728456632453,
      38.83144496552198
     ],
     [
      -77.07284559163814,
      38.831445109525866
     ],
     [
      -77.07284539847882,
      38.83144573141152
     ],
     [
      -77.07284508376732,
      38.83144683117895
     ],
     [
      -77.07284464750364,
      38.831448408828116
     ],
     [
      -77.07284408968778,
      38.831450464359065
     ],
     [
      -77.07284367476576,
      38.83145251980081
     ],
     [
      -77.07284340273759,
      38.831454575153366
     ],
     [
      -77.07284327360331,
      38.831456630416746
     ],
     [
      -77.07284328736289,
      38.83145868559094
     ],
     [
      -77.07284342533353,
      38.8314607406876
     ],
     [
      -77.07284368751522,
      38.83146279570673
     ],
     [
      -77.07284407390797,
      38.831464850648345
     ],
     [
      -77.07284458451183,
      38.83146690551243
     ],
     [
      -77.07284499540289,
      38.831468509413256
     ],
     [
      -77.07284530658116,
      38.83146966235084
     ],
     [
      -77.07284551804663,
      38.83147036432517
     ],
     [
      -77.07284562979929,
      38.831470615336244
     ],
     [
      -77.07284596050827,
      38.831471254465924
     ],
     [
      -77.07284651017356,
      38.83147228171424
     ],
     [
      -77.0728472787952,
      38.83147369708115
     ],
     [
      -77.0728482663732,
      38.83147550056667
     ],
     [
      -77.07284934127705,
      38.831477366767885
     ],
     [
      -77.07285050350673,
      38.83147929568478
     ],
     [
      -77.07285175306228,
      38.831481287317345
     ],
     [
      -77.07285308994369,
      38.83148334166563
     ],
     [
      -77.07285416955581,
      38.83148508321876
     ],
     [
      -77.0728549918986,
      38.83148651197679
     ],
     [
      -77.07285555697204,
      38.83148762793971
     ],
     [
      -77.0728558647761,
      38.83148843110752
     ],
     [
      -77.07285620799618,
      38.83148934636894
     ],
     [
      -77.0728565866323,
      38.83149037372395
     ],
     [
      -77.07285700068445,
      38.83149151317257
     ],
     [
      -77.07285745015264,
      38.8314927647148
     ],
     [
      -77.07285781054885,
      38.83149421715263
     ],
     [
      -77.07285808187311,
      38.83149587048603
     ],
     [
      -77.07285826412539,
      38.831497724715035
     ],
     [
      -77.0728583573057,
      38.83149977983962
     ],
     [
      -77.07285847086611,
      38.83150183495151
     ],
     [
      -77.07285860480664,
      38.83150389005064
     ],
     [
      -77.07285875912727,
      38.831505945137074
     ],
     [
      -77.07285893382802,
      38.831508000210775
     ],
     [
      -77.07285901099671,
      38.831510055345355
     ],
     [
      -77.07285899063335,
      38.83151211054083
     ],
     [
      -77.07285887273792,
      38.83151416579719
     ],
     [
      -77.07285865731042,
      38.83151622111443
     ],
     [
      -77.07285837250194,
      38.83151810620251
     ],
     [
      -77.07285801831246,
      38.83151982106144
     ],
     [
      -77.072857594742,
      38.831521365691195
     ],
     [
      -77.07285710179055,
      38.83152274009181
     ],
     [
      -77.07285667561617,
      38.831523941199976
     ],
     [
      -77.07285631621883,
      38.83152496901571
     ],
     [
      -77.07285602359858,
      38.83152582353899
     ],
     [
      -77.07285579775542,
      38.83152650476986
     ],
     [
      -77.07285543682016,
      38.83152752960826
     ],
     [
      -77.07285494079281,
      38.831528898054216
     ],
     [
      -77.07285430967335,
      38.83153061010771
     ],
     [
      -77.07285354346175,
      38.83153266576876
     ],
     [
      -77.07285285792076,
      38.83153472137944
     ],
     [
      -77.0728522530504,
      38.83153677693976
     ],
     [
      -77.07285172885064,
      38.83153883244974
     ],
     [
      -77.0728512853215,
      38.831540887909334
     ],
     [
      -77.07285097426593,
      38.83154294328623
     ],
     [
      -77.07285079568389,
      38.83154499858046
     ],
     [
      -77.07285074957544,
      38.83154705379198
     ],
     [
      -77.07285083594054,
      38.831549108920825
     ],
     [
      -77.07285100553254,
      38.831551163997716
     ],
     [
      -77.07285125835145,
      38.83155321902264
     ],
     [
      -77.07285159439725,
      38.83155527399562
     ],
     [
      -77.07285201366997,
      38.83155732891666
     ],
     [
      -77.07285241786732,
      38.8315593838471
     ],
     [
      -77.07285280698933,
      38.83156143878693
     ],
     [
      -77.072853181036,
      38.83156349373618
     ],
     [
      -77.0728535400073,
      38.83156554869486
     ],
     [
      -77.07285385616984,
      38.83156760368024
     ],
     [
      -77.07285412952362,
      38.831569658692345
     ],
     [
      -77.07285436006863,
      38.83157171373118
     ],
     [
      -77.07285454780488,
      38.83157376879671
     ],
     [
      -77.07285470302278,
      38.83157582388256
     ],
     [
      -77.07285482572239,
      38.8315778789887
     ],
     [
      -77.07285491590366,
      38.831579934115155
     ],
     [
      -77.07285497356662,
      38.83158198926189
     ]
    ]
   },
   "properties": {
    "id": "ct-6",
    "kind": "Contour",
    "sourceId": "contours",
    "reliabilityLevel": 1,
    "revision": 1,
    "engineeringGeometry": {
     "crs": "EPSG:2248",
     "crsName": "NAD83 / Maryland State Plane (US survey feet)",
     "datum": "NAD83",
     "unit": "usSurveyFoot",
     "coordinates": [
      [
       1291515.0867939251,
       424125.0313795166,
       174
      ],
      [
       1291515.835280133,
       424125.4694819115,
       174
      ],
      [
       1291516.5837663403,
       424125.803435268,
       174
      ],
      [
       1291517.332252548,
       424126.0332395859,
       174
      ],
      [
       1291518.0807387556,
       424126.1588948651,
       174
      ],
      [
       1291518.6928356749,
       424126.26457176905,
       174
      ],
      [
       1291519.1685433055,
       424126.35027029755,
       174
      ],
      [
       1291519.5078616478,
       424126.41599045065,
       174
      ],
      [
       1291519.7107907014,
       424126.4617322284,
       174
      ],
      [
       1291519.9993767804,
       424126.5606021001,
       174
      ],
      [
       1291520.3736198843,
       424126.712600066,
       174
      ],
      [
       1291520.833520013,
       424126.9177261259,
       174
      ],
      [
       1291521.379077167,
       424127.1759802798,
       174
      ],
      [
       1291521.8686696568,
       424127.49222890876,
       174
      ],
      [
       1291522.3022974825,
       424127.8664720126,
       174
      ],
      [
       1291522.6799606443,
       424128.2987095913,
       174
      ],
      [
       1291523.0016591419,
       424128.78894164506,
       174
      ],
      [
       1291523.3496299428,
       424129.2705210294,
       174
      ],
      [
       1291523.7238730465,
       424129.7434477445,
       174
      ],
      [
       1291524.1243884533,
       424130.20772179024,
       174
      ],
      [
       1291524.5511761636,
       424130.6633431665,
       174
      ],
      [
       1291524.948730186,
       424131.0782754066,
       174
      ],
      [
       1291525.3170505208,
       424131.4525185105,
       174
      ],
      [
       1291525.656137168,
       424131.78607247805,
       174
      ],
      [
       1291525.965990127,
       424132.0789373094,
       174
      ],
      [
       1291526.3080381588,
       424132.3445748526,
       174
      ],
      [
       1291526.6822812627,
       424132.58298510767,
       174
      ],
      [
       1291527.0887194388,
       424132.79416807473,
       174
      ],
      [
       1291527.527352687,
       424132.9781237536,
       174
      ],
      [
       1291528.043449175,
       424133.17427439895,
       174
      ],
      [
       1291528.637008903,
       424133.38262001064,
       174
      ],
      [
       1291529.308031871,
       424133.60316058865,
       174
      ],
      [
       1291530.0565180783,
       424133.835896133,
       174
      ],
      [
       1291530.805004286,
       424134.0588108613,
       174
      ],
      [
       1291531.553490494,
       424134.2719047736,
       174
      ],
      [
       1291532.3019767015,
       424134.4751778698,
       174
      ],
      [
       1291533.050462909,
       424134.6686301499,
       174
      ],
      [
       1291533.7174804104,
       424134.8483050361,
       174
      ],
      [
       1291534.3030292052,
       424135.0142025282,
       174
      ],
      [
       1291534.8071092938,
       424135.16632262646,
       174
      ],
      [
       1291535.229720676,
       424135.3046653307,
       174
      ],
      [
       1291535.6281479192,
       424135.43434945313,
       174
      ],
      [
       1291536.002391023,
       424135.5553749938,
       174
      ],
      [
       1291536.3524499878,
       424135.6677419527,
       174
      ],
      [
       1291536.6783248133,
       424135.77145032975,
       174
      ],
      [
       1291537.1098524842,
       424135.9637118295,
       174
      ],
      [
       1291537.6470330008,
       424136.24452645204,
       174
      ],
      [
       1291538.289866363,
       424136.61389419716,
       174
      ],
      [
       1291539.0383525703,
       424137.071815065,
       174
      ],
      [
       1291539.655847323,
       424137.4619699566,
       174
      ],
      [
       1291540.1423506206,
       424137.78435887187,
       174
      ],
      [
       1291540.4978624631,
       424138.0389818109,
       174
      ],
      [
       1291540.7223828507,
       424138.2258387736,
       174
      ],
      [
       1291541.0217645965,
       424138.48053211515,
       174
      ],
      [
       1291541.3960077001,
       424138.8030618355,
       174
      ],
      [
       1291541.8451121622,
       424139.1934279347,
       174
      ],
      [
       1291542.3690779824,
       424139.6516304127,
       174
      ],
      [
       1291542.857274678,
       424140.0678532036,
       174
      ],
      [
       1291543.3097022497,
       424140.44209630747,
       174
      ],
      [
       1291543.7263606966,
       424140.7743597242,
       174
      ],
      [
       1291544.107250019,
       424141.0646434539,
       174
      ],
      [
       1291544.4848162322,
       424141.35306768253,
       174
      ],
      [
       1291544.8590593361,
       424141.63963240996,
       174
      ],
      [
       1291545.2299793307,
       424141.92433763633,
       174
      ],
      [
       1291545.5975762156,
       424142.2071833617,
       174
      ],
      [
       1291546.0506696745,
       424142.53572777624,
       174
      ],
      [
       1291546.5892597071,
       424142.90997088,
       174
      ],
      [
       1291547.2133463135,
       424143.32991267316,
       174
      ],
      [
       1291547.922929494,
       424143.79555315553,
       174
      ],
      [
       1291548.464842636,
       424144.1504946824,
       174
      ],
      [
       1291548.8390857396,
       424144.39473725384,
       174
      ],
      [
       1291549.0456588052,
       424144.5282808698,
       174
      ],
      [
       1291549.0845618327,
       424144.55112553027,
       174
      ],
      [
       1291549.3008606553,
       424144.67181111814,
       174
      ],
      [
       1291549.6945552728,
       424144.89033763355,
       174
      ],
      [
       1291550.2656456856,
       424145.2067050762,
       174
      ],
      [
       1291551.014131893,
       424145.6209134463,
       174
      ],
      [
       1291551.6957727664,
       424146.0094280181,
       174
      ],
      [
       1291552.3105683057,
       424146.3722487917,
       174
      ],
      [
       1291552.8585185106,
       424146.70937576704,
       174
      ],
      [
       1291553.3396233812,
       424147.0208089441,
       174
      ],
      [
       1291553.7672973685,
       424147.2973146284,
       174
      ],
      [
       1291554.1415404724,
       424147.5388928201,
       174
      ],
      [
       1291554.4623526926,
       424147.74554351903,
       174
      ],
      [
       1291554.7297340299,
       424147.9172667251,
       174
      ],
      [
       1291555.1173915844,
       424148.15745621704,
       174
      ],
      [
       1291555.625325357,
       424148.4661119947,
       174
      ],
      [
       1291556.253535347,
       424148.8432340581,
       174
      ],
      [
       1291557.0020215544,
       424149.2888224072,
       174
      ],
      [
       1291557.6340749045,
       424149.65580733214,
       174
      ],
      [
       1291558.149695397,
       424149.9441888328,
       174
      ],
      [
       1291558.5488830318,
       424150.1539669094,
       174
      ],
      [
       1291558.8316378093,
       424150.28514156176,
       174
      ],
      [
       1291559.1601367497,
       424150.4537074035,
       174
      ],
      [
       1291559.5343798534,
       424150.65966443485,
       174
      ],
      [
       1291559.9543671208,
       424150.90301265544,
       174
      ],
      [
       1291560.420098551,
       424151.1837520655,
       174
      ],
      [
       1291560.956518676,
       424151.4950806545,
       174
      ],
      [
       1291561.563627495,
       424151.8369984225,
       174
      ],
      [
       1291562.241425008,
       424152.20950536954,
       174
      ],
      [
       1291562.9899112158,
       424152.6126014954,
       174
      ],
      [
       1291563.5836573036,
       424152.9310862578,
       174
      ],
      [
       1291564.0226632713,
       424153.16495965666,
       174
      ],
      [
       1291564.306929119,
       424153.3142216919,
       174
      ],
      [
       1291564.436454847,
       424153.3788723636,
       174
      ],
      [
       1291564.6804532427,
       424153.61448191927,
       174
      ],
      [
       1291565.0389243062,
       424154.0210503589,
       174
      ],
      [
       1291565.511868038,
       424154.59857768257,
       174
      ],
      [
       1291566.0992844375,
       424155.34706389025,
       174
      ],
      [
       1291566.4913772307,
       424156.09555009793,
       174
      ],
      [
       1291566.688146417,
       424156.84403630556,
       174
      ],
      [
       1291566.6895919968,
       424157.59252251324,
       174
      ],
      [
       1291566.4957139702,
       424158.341008721,
       174
      ],
      [
       1291566.269849238,
       424159.08949492866,
       174
      ],
      [
       1291566.0119978003,
       424159.8379811363,
       174
      ],
      [
       1291565.7221596574,
       424160.58646734396,
       174
      ],
      [
       1291565.4003348087,
       424161.3349535516,
       174
      ],
      [
       1291565.1309412108,
       424162.0834397592,
       174
      ],
      [
       1291564.9139788635,
       424162.831925967,
       174
      ],
      [
       1291564.749447767,
       424163.58041217463,
       174
      ],
      [
       1291564.6373479213,
       424164.32889838226,
       174
      ],
      [
       1291564.5989031887,
       424165.07738458994,
       174
      ],
      [
       1291564.6341135695,
       424165.8258707976,
       174
      ],
      [
       1291564.7429790637,
       424166.5743570053,
       174
      ],
      [
       1291564.925499671,
       424167.322843213,
       174
      ],
      [
       1291565.1683834437,
       424168.07132942067,
       174
      ],
      [
       1291565.471630382,
       424168.8198156283,
       174
      ],
      [
       1291565.8352404854,
       424169.56830183597,
       174
      ],
      [
       1291566.2592137542,
       424170.3167880437,
       174
      ],
      [
       1291566.590406937,
       424170.8975042031,
       174
      ],
      [
       1291566.8288200342,
       424171.3104503141,
       174
      ],
      [
       1291566.974453045,
       424171.55562637676,
       174
      ],
      [
       1291567.0273059704,
       424171.63303239114,
       174
      ],
      [
       1291567.1814691673,
       424171.85885695025,
       174
      ],
      [
       1291567.4369426365,
       424172.2331000541,
       174
      ],
      [
       1291567.7937263774,
       424172.75576170266,
       174
      ],
      [
       1291568.2518203906,
       424173.42684189597,
       174
      ],
      [
       1291568.667988949,
       424174.0751103284,
       174
      ],
      [
       1291569.0422320527,
       424174.7005669998,
       174
      ],
      [
       1291569.3745497018,
       424175.3032119104,
       174
      ],
      [
       1291569.6649418967,
       424175.8830450602,
       174
      ],
      [
       1291569.905909915,
       424176.360083187,
       174
      ],
      [
       1291570.0974537567,
       424176.7343262908,
       174
      ],
      [
       1291570.239573422,
       424177.0057743717,
       174
      ],
      [
       1291570.3322689105,
       424177.17442742956,
       174
      ],
      [
       1291570.501637987,
       424177.4880387749,
       174
      ],
      [
       1291570.7476806515,
       424177.9466084078,
       174
      ],
      [
       1291571.0703969041,
       424178.550136328,
       174
      ],
      [
       1291571.4697867446,
       424179.29862253566,
       174
      ],
      [
       1291571.8334293447,
       424179.99784124806,
       174
      ],
      [
       1291572.161324704,
       424180.64779246505,
       174
      ],
      [
       1291572.4534728231,
       424181.2484761868,
       174
      ],
      [
       1291572.7098737017,
       424181.7998924134,
       174
      ],
      [
       1291572.926161383,
       424182.2627220785,
       174
      ],
      [
       1291573.1023358677,
       424182.6369651823,
       174
      ],
      [
       1291573.238397155,
       424182.92262172484,
       174
      ],
      [
       1291573.3343452453,
       424183.11969170603,
       174
      ],
      [
       1291573.4876988837,
       424183.45461574383,
       174
      ],
      [
       1291573.6984580702,
       424183.9273938383,
       174
      ],
      [
       1291573.9666228048,
       424184.5380259894,
       174
      ],
      [
       1291574.2921930877,
       424185.28651219705,
       174
      ],
      [
       1291574.5761533657,
       424186.03499840474,
       174
      ],
      [
       1291574.8185036387,
       424186.78348461236,
       174
      ],
      [
       1291575.0192439072,
       424187.53197082004,
       174
      ],
      [
       1291575.1783741708,
       424188.2804570278,
       174
      ],
      [
       1291575.3307664192,
       424189.02894323546,
       174
      ],
      [
       1291575.4764206524,
       424189.7774294431,
       174
      ],
      [
       1291575.6153368705,
       424190.52591565077,
       174
      ],
      [
       1291575.7475150733,
       424191.2744018584,
       174
      ],
      [
       1291575.8555635675,
       424191.8626437355,
       174
      ],
      [
       1291575.9394823532,
       424192.2906412822,
       174
      ],
      [
       1291575.9992714298,
       424192.55839449825,
       174
      ],
      [
       1291576.034930798,
       424192.66590338375,
       174
      ],
      [
       1291576.1320114231,
       424192.9067793785,
       174
      ],
      [
       1291576.2905133052,
       424193.28102248226,
       174
      ],
      [
       1291576.5104364443,
       424193.7886326952,
       174
      ],
      [
       1291576.7917808401,
       424194.4296100174,
       174
      ],
      [
       1291577.1056140885,
       424195.0974645609,
       174
      ],
      [
       1291577.4519361896,
       424195.7921963257,
       174
      ],
      [
       1291577.830747143,
       424196.51380531205,
       174
      ],
      [
       1291578.2420469485,
       424197.2622915198,
       174
      ],
      [
       1291578.5644823045,
       424197.85311269213,
       174
      ],
      [
       1291578.7980532101,
       424198.2862688291,
       174
      ],
      [
       1291578.942759666,
       424198.5617599307,
       174
      ],
      [
       1291578.998601672,
       424198.6795859969,
       174
      ],
      [
       1291579.1423858732,
       424198.92562058195,
       174
      ],
      [
       1291579.37411227,
       424199.29986368574,
       174
      ],
      [
       1291579.6937808625,
       424199.80231530836,
       174
      ],
      [
       1291580.10139165,
       424200.43297544995,
       174
      ],
      [
       1291580.4923185958,
       424201.07998482184,
       174
      ],
      [
       1291580.8665616997,
       424201.7433434243,
       174
      ],
      [
       1291581.2241209615,
       424202.42305125715,
       174
      ],
      [
       1291581.5649963818,
       424203.11910832056,
       174
      ],
      [
       1291581.8257630134,
       424203.6542584042,
       174
      ],
      [
       1291582.006420857,
       424204.02850150806,
       174
      ],
      [
       1291582.1069699125,
       424204.241837632,
       174
      ],
      [
       1291582.1274101804,
       424204.29426677636,
       174
      ],
      [
       1291582.1826153528,
       424204.52071018645,
       174
      ],
      [
       1291582.2725854306,
       424204.92116786237,
       174
      ],
      [
       1291582.3973204133,
       424205.49563980417,
       174
      ],
      [
       1291582.556820301,
       424206.24412601185,
       174
      ],
      [
       1291582.6756146215,
       424206.99261221953,
       174
      ],
      [
       1291582.753703374,
       424207.7410984271,
       174
      ],
      [
       1291582.7910865592,
       424208.4895846348,
       174
      ],
      [
       1291582.7877641767,
       424209.23807084246,
       174
      ],
      [
       1291582.749058328,
       424209.98655705014,
       174
      ],
      [
       1291582.6749690133,
       424210.73504325777,
       174
      ],
      [
       1291582.5654962324,
       424211.48352946545,
       174
      ],
      [
       1291582.4206399852,
       424212.23201567313,
       174
      ],
      [
       1291582.3040574184,
       424212.8162408917,
       174
      ],
      [
       1291582.2157485322,
       424213.23620512115,
       174
      ],
      [
       1291582.1557133258,
       424213.49190836155,
       174
      ],
      [
       1291582.1239518002,
       424213.5833506128,
       174
      ],
      [
       1291582.029929976,
       424213.81619329035,
       174
      ],
      [
       1291581.8736478537,
       424214.1904363942,
       174
      ],
      [
       1291581.6551054332,
       424214.70607992425,
       174
      ],
      [
       1291581.3743027141,
       424215.36312388076,
       174
      ],
      [
       1291581.0686421231,
       424216.0430284,
       174
      ],
      [
       1291580.7381236602,
       424216.74579348194,
       174
      ],
      [
       1291580.382747325,
       424217.47141912684,
       174
      ],
      [
       1291580.002513118,
       424218.2199053345,
       174
      ],
      [
       1291579.6954751422,
       424218.85441480426,
       174
      ],
      [
       1291579.4616333977,
       424219.3749475361,
       174
      ],
      [
       1291579.3009878849,
       424219.7815035299,
       174
      ],
      [
       1291579.213538603,
       424220.0740827858,
       174
      ],
      [
       1291579.1160331045,
       424220.4074939657,
       174
      ],
      [
       1291579.0084713888,
       424220.7817370695,
       174
      ],
      [
       1291578.8908534565,
       424221.1968120973,
       174
      ],
      [
       1291578.7631793066,
       424221.65271904913,
       174
      ],
      [
       1291578.6609370734,
       424222.1817708148,
       174
      ],
      [
       1291578.5841267563,
       424222.78396739456,
       174
      ],
      [
       1291578.5327483553,
       424223.45930878824,
       174
      ],
      [
       1291578.506801871,
       424224.20779499586,
       174
      ],
      [
       1291578.4750497984,
       424224.95628120354,
       174
      ],
      [
       1291578.4374921378,
       424225.70476741117,
       174
      ],
      [
       1291578.3941288893,
       424226.45325361885,
       174
      ],
      [
       1291578.3449600525,
       424227.2017398266,
       174
      ],
      [
       1291578.3235747344,
       424227.95022603427,
       174
      ],
      [
       1291578.3299729342,
       424228.6987122419,
       174
      ],
      [
       1291578.3641546522,
       424229.4471984496,
       174
      ],
      [
       1291578.4261198884,
       424230.19568465726,
       174
      ],
      [
       1291578.507799874,
       424230.8821585722,
       174
      ],
      [
       1291578.6091946093,
       424231.5066201945,
       174
      ],
      [
       1291578.7303040943,
       424232.069069524,
       174
      ],
      [
       1291578.8711283288,
       424232.5695065608,
       174
      ],
      [
       1291578.992879724,
       424233.0068466312,
       174
      ],
      [
       1291579.0955582797,
       424233.381089735,
       174
      ],
      [
       1291579.179163996,
       424233.6922358724,
       174
      ],
      [
       1291579.2436968724,
       424233.9402850432,
       174
      ],
      [
       1291579.3468126594,
       424234.31344347325,
       174
      ],
      [
       1291579.4885113565,
       424234.8117111625,
       174
      ],
      [
       1291579.668792964,
       424235.435088111,
       174
      ],
      [
       1291579.8876574815,
       424236.18357431865,
       174
      ],
      [
       1291580.0835417223,
       424236.93206052633,
       174
      ],
      [
       1291580.256445686,
       424237.6805467339,
       174
      ],
      [
       1291580.4063693732,
       424238.4290329416,
       174
      ],
      [
       1291580.5333127836,
       424239.17751914926,
       174
      ],
      [
       1291580.6225190628,
       424239.92600535695,
       174
      ],
      [
       1291580.673988211,
       424240.67449156457,
       174
      ],
      [
       1291580.6877202282,
       424241.42297777225,
       174
      ],
      [
       1291580.6637151144,
       424242.17146397993,
       174
      ],
      [
       1291580.6160015464,
       424242.9199501876,
       174
      ],
      [
       1291580.5445795238,
       424243.66843639524,
       174
      ],
      [
       1291580.4494490472,
       424244.4169226029,
       174
      ],
      [
       1291580.3306101162,
       424245.16540881066,
       174
      ],
      [
       1291580.2160656364,
       424245.91389501834,
       174
      ],
      [
       1291580.1058156076,
       424246.66238122596,
       174
      ],
      [
       1291579.99986003,
       424247.41086743365,
       174
      ],
      [
       1291579.8981989033,
       424248.15935364127,
       174
      ],
      [
       1291579.8087325122,
       424248.9078398489,
       174
      ],
      [
       1291579.7314608563,
       424249.6563260567,
       174
      ],
      [
       1291579.6663839358,
       424250.4048122644,
       174
      ],
      [
       1291579.6135017509,
       424251.15329847194,
       174
      ],
      [
       1291579.5698829065,
       424251.9017846796,
       174
      ],
      [
       1291579.5355274028,
       424252.6502708874,
       174
      ],
      [
       1291579.5104352399,
       424253.39875709504,
       174
      ],
      [
       1291579.4946064174,
       424254.14724330266,
       174
      ]
     ]
    },
    "elevationFt": 174,
    "weight": "intermediate",
    "hidden": false
   }
  },
  {
   "type": "Feature",
   "geometry": {
    "type": "LineString",
    "coordinates": [
     [
      -77.07323028322016,
      38.83122620775211
     ],
     [
      -77.0732288213244,
      38.831228263852225
     ],
     [
      -77.07322755528568,
      38.8312299173445
     ],
     [
      -77.07322648510399,
      38.83123116822894
     ],
     [
      -77.07322561077936,
      38.831232016505545
     ],
     [
      -77.07322493231182,
      38.83123246217432
     ],
     [
      -77.07322376698788,
      38.831233187912815
     ],
     [
      -77.07322211480754,
      38.831234193721045
     ],
     [
      -77.07321997577074,
      38.83123547959897
     ],
     [
      -77.07321734987742,
      38.83123704554656
     ],
     [
      -77.07321535769495,
      38.831238231431385
     ],
     [
      -77.07321399922336,
      38.831239037253454
     ],
     [
      -77.0732132744627,
      38.83123946301283
     ],
     [
      -77.073213183413,
      38.83123950870948
     ],
     [
      -77.0732124812513,
      38.83123976362612
     ],
     [
      -77.0732111679776,
      38.8312402277628
     ],
     [
      -77.07320924359186,
      38.83124090111941
     ],
     [
      -77.07320670809406,
      38.831241783695994
     ],
     [
      -77.07320414982004,
      38.83124266430709
     ],
     [
      -77.07320156876979,
      38.8312435429527
     ],
     [
      -77.07319896494333,
      38.831244419632824
     ],
     [
      -77.07319633834065,
      38.83124529434745
     ],
     [
      -77.07319415835269,
      38.83124602579746
     ],
     [
      -77.07319242497947,
      38.831246613982884
     ],
     [
      -77.07319113822098,
      38.83124705890371
     ],
     [
      -77.07319029807728,
      38.831247360560006
     ],
     [
      -77.07318922137475,
      38.831247749624566
     ],
     [
      -77.0731879081134,
      38.83124822609743
     ],
     [
      -77.07318635829319,
      38.831248789978574
     ],
     [
      -77.07318457191414,
      38.831249441267985
     ],
     [
      -77.07318257552738,
      38.83125019555891
     ],
     [
      -77.07318036913291,
      38.83125105285131
     ],
     [
      -77.0731779527307,
      38.83125201314522
     ],
     [
      -77.07317532632075,
      38.83125307644059
     ],
     [
      -77.07317312738692,
      38.83125395989698
     ],
     [
      -77.07317135592926,
      38.831254663514436
     ],
     [
      -77.07317001194775,
      38.831255187292925
     ],
     [
      -77.07316909544248,
      38.831255531232514
     ],
     [
      -77.073167980552,
      38.83125593458872
     ],
     [
      -77.0731666672763,
      38.83125639736153
     ],
     [
      -77.0731651556154,
      38.831256919550945
     ],
     [
      -77.07316344556928,
      38.83125750115697
     ],
     [
      -77.07316150630666,
      38.831258080787805
     ],
     [
      -77.07315933782755,
      38.83125865844343
     ],
     [
      -77.07315694013194,
      38.83125923412387
     ],
     [
      -77.0731543132198,
      38.831259807829056
     ],
     [
      -77.07315168622068,
      38.831260296654484
     ],
     [
      -77.07314905913458,
      38.83126070060008
     ],
     [
      -77.07314643196149,
      38.831261019665895
     ],
     [
      -77.07314380470142,
      38.831261253851906
     ],
     [
      -77.07314117743756,
      38.83126148436258
     ],
     [
      -77.07313855016994,
      38.831261711197904
     ],
     [
      -77.07313592289853,
      38.8312619343579
     ],
     [
      -77.07313329562335,
      38.83126215384252
     ],
     [
      -77.0731308462749,
      38.83126243180917
     ],
     [
      -77.07312857485323,
      38.83126276825783
     ],
     [
      -77.07312648135829,
      38.83126316318849
     ],
     [
      -77.0731245657901,
      38.83126361660118
     ],
     [
      -77.07312295128077,
      38.83126398957514
     ],
     [
      -77.07312163783031,
      38.83126428211037
     ],
     [
      -77.07312062543872,
      38.831264494206884
     ],
     [
      -77.07311991410603,
      38.831264625864705
     ],
     [
      -77.07311872391818,
      38.831264906952406
     ],
     [
      -77.07311705487523,
      38.83126533746998
     ],
     [
      -77.0731149069771,
      38.83126591741739
     ],
     [
      -77.0731122802238,
      38.83126664679464
     ],
     [
      -77.07310965353088,
      38.831267435211295
     ],
     [
      -77.07310702689836,
      38.83126828266736
     ],
     [
      -77.07310440032622,
      38.83126918916289
     ],
     [
      -77.07310177381446,
      38.83127015469779
     ],
     [
      -77.07309964448544,
      38.831270937036116
     ],
     [
      -77.07309801233924,
      38.83127153617786
     ],
     [
      -77.07309687737585,
      38.83127195212306
     ],
     [
      -77.0730962395953,
      38.83127218487174
     ],
     [
      -77.07309526405419,
      38.831272520323175
     ],
     [
      -77.07309395075254,
      38.83127295847733
     ],
     [
      -77.07309229969029,
      38.83127349933423
     ],
     [
      -77.07309031086746,
      38.831274142893854
     ],
     [
      -77.07308816254285,
      38.831274789342196
     ],
     [
      -77.07308585471642,
      38.831275438679235
     ],
     [
      -77.07308338738822,
      38.83127609090499
     ],
     [
      -77.07308076055821,
      38.83127674601941
     ],
     [
      -77.0730781336905,
      38.83127736435242
     ],
     [
      -77.0730755067851,
      38.831277945903935
     ],
     [
      -77.07307287984203,
      38.831278490674016
     ],
     [
      -77.07307025286127,
      38.83127899866263
     ],
     [
      -77.07306764857354,
      38.83127944331484
     ],
     [
      -77.0730650669788,
      38.83127982463064
     ],
     [
      -77.0730625080771,
      38.83128014261005
     ],
     [
      -77.07305997186845,
      38.83128039725304
     ],
     [
      -77.07305804695635,
      38.83128059046363
     ],
     [
      -77.07305673334083,
      38.83128072224183
     ],
     [
      -77.07305603102192,
      38.831280792587684
     ],
     [
      -77.0730559399996,
      38.8312808015012
     ],
     [
      -77.07305581246302,
      38.8312808060093
     ],
     [
      -77.07305564841221,
      38.831280806111984
     ],
     [
      -77.07305544784714,
      38.83128080180926
     ],
     [
      -77.07305521076782,
      38.83128079310113
     ],
     [
      -77.07305443532658,
      38.83128076292714
     ],
     [
      -77.07305312152342,
      38.831280711287285
     ],
     [
      -77.07305126935832,
      38.831280638181546
     ],
     [
      -77.07304887883129,
      38.83128054360989
     ],
     [
      -77.07304642899584,
      38.83128040912067
     ],
     [
      -77.07304391985195,
      38.83128023471388
     ],
     [
      -77.07304135139965,
      38.831280020389514
     ],
     [
      -77.07303872363894,
      38.83127976614757
     ],
     [
      -77.0730360959778,
      38.831279609240745
     ],
     [
      -77.07303346841624,
      38.831279549669055
     ],
     [
      -77.07303084095423,
      38.83127958743247
     ],
     [
      -77.07302821359175,
      38.83127972253101
     ],
     [
      -77.07302602979928,
      38.83127987861329
     ],
     [
      -77.07302428957681,
      38.83128005567933
     ],
     [
      -77.07302299292432,
      38.83128025372914
     ],
     [
      -77.07302213984183,
      38.83128047276276
     ],
     [
      -77.07302105661644,
      38.83128076909566
     ],
     [
      -77.0730197432482,
      38.83128114272788
     ],
     [
      -77.07301819973705,
      38.83128159365936
     ],
     [
      -77.073016426083,
      38.83128212189015
     ],
     [
      -77.07301443921845,
      38.831282763707804
     ],
     [
      -77.07301223914338,
      38.831283519112326
     ],
     [
      -77.07300982585775,
      38.83128438810373
     ],
     [
      -77.07300719936158,
      38.831285370681975
     ],
     [
      -77.07300501906695,
      38.831286244528876
     ],
     [
      -77.07300328497391,
      38.83128700964444
     ],
     [
      -77.07300199708246,
      38.83128766602867
     ],
     [
      -77.07300115539262,
      38.831288213681624
     ],
     [
      -77.07300007812313,
      38.831288928326984
     ],
     [
      -77.07299876527397,
      38.83128980996474
     ],
     [
      -77.07299721684511,
      38.83129085859484
     ],
     [
      -77.07299543283655,
      38.831292074217345
     ],
     [
      -77.07299379433465,
      38.83129319629118
     ],
     [
      -77.07299230133944,
      38.83129422481633
     ],
     [
      -77.07299095385092,
      38.83129515979286
     ],
     [
      -77.07298975186912,
      38.831296001220714
     ],
     [
      -77.07298849449606,
      38.83129690439446
     ],
     [
      -77.07298718173173,
      38.83129786931409
     ],
     [
      -77.07298581357614,
      38.83129889597962
     ],
     [
      -77.07298439002928,
      38.83129998439103
     ],
     [
      -77.07298300884449,
      38.831301042811035
     ],
     [
      -77.07298167002178,
      38.831302071239655
     ],
     [
      -77.07298037356115,
      38.83130306967689
     ],
     [
      -77.0729791194626,
      38.831304038122724
     ],
     [
      -77.07297793972197,
      38.83130527840236
     ],
     [
      -77.0729768343392,
      38.83130679051579
     ],
     [
      -77.07297580331432,
      38.831308574463
     ],
     [
      -77.07297484664731,
      38.831310630244
     ],
     [
      -77.07297402594067,
      38.83131237262742
     ],
     [
      -77.07297334119438,
      38.83131380161327
     ],
     [
      -77.0729727924085,
      38.831314917201546
     ],
     [
      -77.07297237958304,
      38.831315719392265
     ],
     [
      -77.07297191474987,
      38.83131663444491
     ],
     [
      -77.07297139790904,
      38.83131766235947
     ],
     [
      -77.0729708290605,
      38.83131880313595
     ],
     [
      -77.07297020820428,
      38.831320056774345
     ],
     [
      -77.07296932764017,
      38.831321511058285
     ],
     [
      -77.07296818736815,
      38.83132316598772
     ],
     [
      -77.07296678738821,
      38.83132502156266
     ],
     [
      -77.0729651277003,
      38.83132707778311
     ],
     [
      -77.07296379718706,
      38.83132876352178
     ],
     [
      -77.07296279584853,
      38.83133007877869
     ],
     [
      -77.07296212368475,
      38.83133102355387
     ],
     [
      -77.07296178069572,
      38.831331597847296
     ],
     [
      -77.07296125797839,
      38.8313323990093
     ],
     [
      -77.07296055553276,
      38.83133342703983
     ],
     [
      -77.07295967335877,
      38.83133468193893
     ],
     [
      -77.07295861145643,
      38.831336163706546
     ],
     [
      -77.07295765993094,
      38.83133778892494
     ],
     [
      -77.07295681878227,
      38.83133955759406
     ],
     [
      -77.07295608801046,
      38.83134146971395
     ],
     [
      -77.07295546761549,
      38.83134352528455
     ],
     [
      -77.0729549578829,
      38.831345580786014
     ],
     [
      -77.07295455881268,
      38.83134763621827
     ],
     [
      -77.07295427040488,
      38.831349691581366
     ],
     [
      -77.07295409265946,
      38.831351746875285
     ],
     [
      -77.07295389060725,
      38.8313538021844
     ],
     [
      -77.07295366424825,
      38.83135585750871
     ],
     [
      -77.07295341358245,
      38.83135791284821
     ],
     [
      -77.07295313860988,
      38.83135996820289
     ],
     [
      -77.07295281148876,
      38.83136178060313
     ],
     [
      -77.07295243221915,
      38.83136335004896
     ],
     [
      -77.07295200080105,
      38.8313646765403
     ],
     [
      -77.07295151723444,
      38.83136576007723
     ],
     [
      -77.0729509445428,
      38.831366815848234
     ],
     [
      -77.07295028272613,
      38.831367843853315
     ],
     [
      -77.07294953178442,
      38.83136884409247
     ],
     [
      -77.07294869171767,
      38.83136981656569
     ],
     [
      -77.07294761536622,
      38.83137084892067
     ],
     [
      -77.07294630273005,
      38.831371941157414
     ],
     [
      -77.07294475380914,
      38.831373093275914
     ],
     [
      -77.0729429686035,
      38.83137430527615
     ],
     [
      -77.07294137942706,
      38.83137542550729
     ],
     [
      -77.07293998627983,
      38.83137645396937
     ],
     [
      -77.07293878916187,
      38.8313773906624
     ],
     [
      -77.07293778807315,
      38.831378235586364
     ],
     [
      -77.0729366312259,
      38.83137921921766
     ],
     [
      -77.07293531862017,
      38.831380341556304
     ],
     [
      -77.0729338502559,
      38.831381602602264
     ],
     [
      -77.07293222613306,
      38.83138300235557
     ],
     [
      -77.07293087072759,
      38.83138421636745
     ],
     [
      -77.07292978403949,
      38.83138524463791
     ],
     [
      -77.07292896606876,
      38.83138608716695
     ],
     [
      -77.07292841681542,
      38.83138674395459
     ],
     [
      -77.0729276069161,
      38.83138775058968
     ],
     [
      -77.07292653637074,
      38.83138910707224
     ],
     [
      -77.07292520517933,
      38.831390813402216
     ],
     [
      -77.07292361334183,
      38.83139286957965
     ],
     [
      -77.07292229873995,
      38.831394594922756
     ],
     [
      -77.07292126137376,
      38.83139598943154
     ],
     [
      -77.07292050124326,
      38.831397053106
     ],
     [
      -77.07292001834851,
      38.83139778594615
     ],
     [
      -77.07291943786834,
      38.831398666373744
     ],
     [
      -77.07291875980275,
      38.831399694388786
     ],
     [
      -77.07291798415172,
      38.83140086999128
     ],
     [
      -77.07291711091526,
      38.83140219318122
     ],
     [
      -77.0729160958453,
      38.83140369959437
     ],
     [
      -77.07291493894185,
      38.83140538923072
     ],
     [
      -77.07291364020486,
      38.831407262090266
     ],
     [
      -77.07291219963435,
      38.83140931817305
     ],
     [
      -77.07291104173999,
      38.83141095372058
     ],
     [
      -77.0729101665218,
      38.83141216873292
     ],
     [
      -77.07290957397983,
      38.83141296321004
     ],
     [
      -77.07290926411409,
      38.831413337151965
     ],
     [
      -77.07290870510376,
      38.831414038171054
     ],
     [
      -77.07290789694878,
      38.83141506626729
     ],
     [
      -77.07290683964916,
      38.8314164214407
     ],
     [
      -77.07290553320486,
      38.83141810369125
     ],
     [
      -77.07290422392266,
      38.83141974442555
     ],
     [
      -77.07290291180254,
      38.83142134364363
     ],
     [
      -77.07290159684455,
      38.83142290134549
     ],
     [
      -77.07290027904864,
      38.8314244175311
     ],
     [
      -77.07289917351481,
      38.83142568969859
     ],
     [
      -77.07289828024311,
      38.831426717847926
     ],
     [
      -77.07289759923353,
      38.83142750197913
     ],
     [
      -77.0728971304861,
      38.83142804209222
     ],
     [
      -77.07289658985289,
      38.83142896109083
     ],
     [
      -77.07289597733391,
      38.83143025897495
     ],
     [
      -77.07289529292913,
      38.831431935744575
     ],
     [
      -77.07289453663856,
      38.83143399139973
     ],
     [
      -77.07289406463242,
      38.83143604687733
     ],
     [
      -77.07289387691078,
      38.83143810217736
     ],
     [
      -77.07289397347365,
      38.83144015729982
     ],
     [
      -77.07289435432105,
      38.83144221224473
     ],
     [
      -77.07289474903789,
      38.83144426718099
     ],
     [
      -77.07289515762417,
      38.831446322108576
     ],
     [
      -77.07289558007989,
      38.83144837702749
     ],
     [
      -77.07289601640507,
      38.83145043193776
     ],
     [
      -77.07289634863632,
      38.83145248691301
     ],
     [
      -77.07289657677362,
      38.8314545419533
     ],
     [
      -77.072896700817,
      38.8314565970586
     ],
     [
      -77.07289672076641,
      38.831458652228925
     ],
     [
      -77.07289676629807,
      38.83146070738325
     ],
     [
      -77.07289683741199,
      38.831462762521625
     ],
     [
      -77.07289693410816,
      38.831464817644
     ],
     [
      -77.0728970563866,
      38.831466872750404
     ],
     [
      -77.07289721743827,
      38.831468583421625
     ],
     [
      -77.07289741726318,
      38.831469949657716
     ],
     [
      -77.07289765586134,
      38.83147097145862
     ],
     [
      -77.07289793323274,
      38.83147164882439
     ],
     [
      -77.0728982907743,
      38.83147250116623
     ],
     [
      -77.07289872848607,
      38.83147352848423
     ],
     [
      -77.072899246368,
      38.83147473077833
     ],
     [
      -77.07289984442012,
      38.83147610804854
     ],
     [
      -77.07290041160759,
      38.83147765472278
     ],
     [
      -77.07290094793042,
      38.83147937080106
     ],
     [
      -77.0729014533886,
      38.831481256283354
     ],
     [
      -77.07290192798212,
      38.831483311169684
     ],
     [
      -77.07290226399147,
      38.83148536614256
     ],
     [
      -77.07290246141669,
      38.83148742120201
     ],
     [
      -77.07290252025771,
      38.831489476348025
     ],
     [
      -77.07290244051455,
      38.83149153158058
     ],
     [
      -77.07290223876186,
      38.8314935868894
     ],
     [
      -77.07290191499963,
      38.83149564227439
     ],
     [
      -77.07290146922787,
      38.8314976977356
     ],
     [
      -77.07290090144656,
      38.83149975327301
     ],
     [
      -77.07290037141587,
      38.831501452056095
     ],
     [
      -77.07289987913583,
      38.83150279408479
     ],
     [
      -77.07289942460648,
      38.831503779359146
     ],
     [
      -77.07289900782777,
      38.83150440787916
     ],
     [
      -77.0728985025239,
      38.83150523612031
     ],
     [
      -77.07289790869484,
      38.83150626408261
     ],
     [
      -77.0728972263406,
      38.831507491766025
     ],
     [
      -77.07289645546116,
      38.8315089191706
     ],
     [
      -77.07289555799227,
      38.83151050371914
     ],
     [
      -77.07289453393392,
      38.83151224541167
     ],
     [
      -77.07289338328609,
      38.83151414424817
     ],
     [
      -77.07289210604877,
      38.831516200228634
     ],
     [
      -77.07289100440681,
      38.83151798240692
     ],
     [
      -77.07289007836029,
      38.831519490783016
     ],
     [
      -77.07288932790917,
      38.831520725356924
     ],
     [
      -77.07288875305352,
      38.83152168612867
     ],
     [
      -77.07288816396962,
      38.831522680498615
     ],
     [
      -77.07288756065748,
      38.83152370846679
     ],
     [
      -77.0728869431171,
      38.83152477003314
     ],
     [
      -77.07288631134846,
      38.831525865197726
     ],
     [
      -77.07288560587584,
      38.8315272005115
     ],
     [
      -77.07288482669925,
      38.831528775974476
     ],
     [
      -77.07288397381868,
      38.83153059158666
     ],
     [
      -77.07288304723409,
      38.83153264734806
     ],
     [
      -77.07288221826772,
      38.83153470304848
     ],
     [
      -77.07288148691964,
      38.83153675868792
     ],
     [
      -77.07288085318979,
      38.83153881426642
     ],
     [
      -77.07288031707822,
      38.83154086978395
     ],
     [
      -77.07287982653934,
      38.83154292527301
     ],
     [
      -77.07287938157316,
      38.83154498073362
     ],
     [
      -77.0728789821797,
      38.831547036165766
     ],
     [
      -77.07287862835894,
      38.831549091569464
     ],
     [
      -77.0728783203336,
      38.83155092050972
     ],
     [
      -77.0728780581037,
      38.8315525229866
     ],
     [
      -77.0728778416692,
      38.831553899000035
     ],
     [
      -77.07287767103014,
      38.83155504855007
     ],
     [
      -77.07287751439154,
      38.831556137165315
     ],
     [
      -77.0728773717534,
      38.831557164845755
     ],
     [
      -77.07287724311576,
      38.83155813159139
     ],
     [
      -77.07287712847857,
      38.831559037402236
     ],
     [
      -77.07287700975267,
      38.8315602305765
     ],
     [
      -77.07287688693808,
      38.83156171111418
     ],
     [
      -77.07287676003479,
      38.83156347901531
     ],
     [
      -77.0728766290428,
      38.83156553427984
     ],
     [
      -77.07287651227452,
      38.8315675895355
     ],
     [
      -77.07287640972996,
      38.83156964478227
     ],
     [
      -77.07287632140914,
      38.83157170002015
     ],
     [
      -77.07287624731205,
      38.83157375524916
     ],
     [
      -77.0728761878249,
      38.831575810469054
     ],
     [
      -77.0728761429477,
      38.83157786567981
     ],
     [
      -77.07287611268045,
      38.83157992088143
     ],
     [
      -77.07287609702314,
      38.831581976073956
     ]
    ]
   },
   "properties": {
    "id": "ct-7",
    "kind": "Contour",
    "sourceId": "contours",
    "reliabilityLevel": 1,
    "revision": 1,
    "engineeringGeometry": {
     "crs": "EPSG:2248",
     "crsName": "NAD83 / Maryland State Plane (US survey feet)",
     "datum": "NAD83",
     "unit": "usSurveyFoot",
     "coordinates": [
      [
       1291472.4780700444,
       424124.65912937577,
       176
      ],
      [
       1291472.8951157657,
       424125.40761558345,
       176
      ],
      [
       1291473.25625076,
       424126.0095190061,
       176
      ],
      [
       1291473.5614750283,
       424126.46483964386,
       176
      ],
      [
       1291473.8107885695,
       424126.7735774966,
       176
      ],
      [
       1291474.0041913847,
       424126.9357325643,
       176
      ],
      [
       1291474.3363650476,
       424127.19977623364,
       176
      ],
      [
       1291474.8073095588,
       424127.5657085044,
       176
      ],
      [
       1291475.4170249184,
       424128.0335293767,
       176
      ],
      [
       1291476.1655111262,
       424128.6032388506,
       176
      ],
      [
       1291476.7333633688,
       424129.03467637254,
       176
      ],
      [
       1291477.1205816462,
       424129.32784194243,
       176
      ],
      [
       1291477.3271659585,
       424129.48273556045,
       176
      ],
      [
       1291477.3531163055,
       424129.49935722654,
       176
      ],
      [
       1291477.553213031,
       424129.59203604475,
       176
      ],
      [
       1291477.927456135,
       424129.7607720151,
       176
      ],
      [
       1291478.475845617,
       424130.00556513754,
       176
      ],
      [
       1291479.1983814775,
       424130.3264154122,
       176
      ],
      [
       1291479.9274049248,
       424130.64654468594,
       176
      ],
      [
       1291480.662915959,
       424130.9659529588,
       176
      ],
      [
       1291481.4049145798,
       424131.2846402309,
       176
      ],
      [
       1291482.1534007876,
       424131.602606502,
       176
      ],
      [
       1291482.7746196338,
       424131.8684986209,
       176
      ],
      [
       1291483.2685711184,
       424132.08231658745,
       176
      ],
      [
       1291483.635255241,
       424132.24406040163,
       176
      ],
      [
       1291483.8746720024,
       424132.35373006354,
       176
      ],
      [
       1291484.181501935,
       424132.4951793174,
       176
      ],
      [
       1291484.555745039,
       424132.66840816324,
       176
      ],
      [
       1291484.997401314,
       424132.8734166011,
       176
      ],
      [
       1291485.50647076,
       424133.110204631,
       176
      ],
      [
       1291486.0753943967,
       424133.3844572905,
       176
      ],
      [
       1291486.7041722238,
       424133.6961745797,
       176
      ],
      [
       1291487.3928042413,
       424134.04535649845,
       176
      ],
      [
       1291488.141290449,
       424134.43200304685,
       176
      ],
      [
       1291488.7679505784,
       424134.7532508655,
       176
      ],
      [
       1291489.2727846294,
       424135.0090999544,
       176
      ],
      [
       1291489.6557926023,
       424135.1995503135,
       176
      ],
      [
       1291489.9169744966,
       424135.32460194296,
       176
      ],
      [
       1291490.2346869959,
       424135.4712474821,
       176
      ],
      [
       1291490.6089300998,
       424135.63948693103,
       176
      ],
      [
       1291491.0397038083,
       424135.82932028966,
       176
      ],
      [
       1291491.5270081214,
       424136.04074755806,
       176
      ],
      [
       1291492.0796079081,
       424136.2514031544,
       176
      ],
      [
       1291492.6975031686,
       424136.4612870786,
       176
      ],
      [
       1291493.3806939027,
       424136.6703993308,
       176
      ],
      [
       1291494.12918011,
       424136.8787399108,
       176
      ],
      [
       1291494.8776663179,
       424137.05616774026,
       176
      ],
      [
       1291495.6261525257,
       424137.2026828192,
       176
      ],
      [
       1291496.3746387335,
       424137.31828514754,
       176
      ],
      [
       1291497.1231249408,
       424137.40297472524,
       176
      ],
      [
       1291497.8716111486,
       424137.4863257839,
       176
      ],
      [
       1291498.6200973564,
       424137.5683383234,
       176
      ],
      [
       1291499.3685835642,
       424137.64901234384,
       176
      ],
      [
       1291500.1170697715,
       424137.72834784514,
       176
      ],
      [
       1291500.8148877006,
       424137.8290227911,
       176
      ],
      [
       1291501.462037351,
       424137.9510371819,
       176
      ],
      [
       1291502.0585187227,
       424138.09439101734,
       176
      ],
      [
       1291502.6043318158,
       424138.25908429746,
       176
      ],
      [
       1291503.0643599143,
       424138.3945509428,
       176
      ],
      [
       1291503.438603018,
       424138.5007909534,
       176
      ],
      [
       1291503.7270611273,
       424138.5778043291,
       176
      ],
      [
       1291503.9297342417,
       424138.62559107004,
       176
      ],
      [
       1291504.2688606298,
       424138.7276900891,
       176
      ],
      [
       1291504.744440291,
       424138.8841013862,
       176
      ],
      [
       1291505.3564732254,
       424139.09482496127,
       176
      ],
      [
       1291506.1049594327,
       424139.3598608145,
       176
      ],
      [
       1291506.8534456403,
       424139.6463985326,
       176
      ],
      [
       1291507.601931848,
       424139.95443811564,
       176
      ],
      [
       1291508.350418056,
       424140.2839795636,
       176
      ],
      [
       1291509.0989042637,
       424140.63502287643,
       176
      ],
      [
       1291509.7057064283,
       424140.9194604362,
       176
      ],
      [
       1291510.1708245496,
       424141.13729224296,
       176
      ],
      [
       1291510.4942586278,
       424141.28851829673,
       176
      ],
      [
       1291510.6760086627,
       424141.37313859735,
       176
      ],
      [
       1291510.954005232,
       424141.4950856315,
       176
      ],
      [
       1291511.328248336,
       424141.65435939905,
       176
      ],
      [
       1291511.7987379741,
       424141.85095989995,
       176
      ],
      [
       1291512.3654741468,
       424142.0848871344,
       176
      ],
      [
       1291512.9776478284,
       424142.3198300586,
       176
      ],
      [
       1291513.6352590183,
       424142.55578867253,
       176
      ],
      [
       1291514.3383077173,
       424142.7927629765,
       176
      ],
      [
       1291515.0867939251,
       424143.03075297025,
       176
      ],
      [
       1291515.835280133,
       424143.2553473748,
       176
      ],
      [
       1291516.5837663403,
       424143.4665461902,
       176
      ],
      [
       1291517.332252548,
       424143.6643494164,
       176
      ],
      [
       1291518.0807387556,
       424143.8487570535,
       176
      ],
      [
       1291518.8227420172,
       424144.01010311686,
       176
      ],
      [
       1291519.5582623328,
       424144.14838760666,
       176
      ],
      [
       1291520.2872997024,
       424144.2636105228,
       176
      ],
      [
       1291521.0098541258,
       424144.3557718653,
       176
      ],
      [
       1291521.5582528897,
       424144.4256992474,
       176
      ],
      [
       1291521.9324959936,
       424144.473392669,
       176
      ],
      [
       1291522.1325834375,
       424144.4988521302,
       176
      ],
      [
       1291522.1585152214,
       424144.50207763084,
       176
      ],
      [
       1291522.1948473975,
       424144.50369038124,
       176
      ],
      [
       1291522.2415799652,
       424144.50369038124,
       176
      ],
      [
       1291522.2987129246,
       424144.50207763084,
       176
      ],
      [
       1291522.366246276,
       424144.4988521302,
       176
      ],
      [
       1291522.5871345035,
       424144.4876861546,
       176
      ],
      [
       1291522.9613776072,
       424144.4685797042,
       176
      ],
      [
       1291523.4889755873,
       424144.4415327789,
       176
      ],
      [
       1291524.169928444,
       424144.4065453788,
       176
      ],
      [
       1291524.8677646383,
       424144.35700672044,
       176
      ],
      [
       1291525.5824841703,
       424144.29291680385,
       176
      ],
      [
       1291526.3140870403,
       424144.2142756291,
       176
      ],
      [
       1291527.0625732476,
       424144.121083196,
       176
      ],
      [
       1291527.8110594554,
       424144.06333972,
       176
      ],
      [
       1291528.5595456632,
       424144.04104520095,
       176
      ],
      [
       1291529.308031871,
       424144.05419963895,
       176
      ],
      [
       1291530.0565180783,
       424144.10280303395,
       176
      ],
      [
       1291530.678652285,
       424144.1591496897,
       176
      ],
      [
       1291531.1744344905,
       424144.2232396063,
       176
      ],
      [
       1291531.5438646947,
       424144.29507278366,
       176
      ],
      [
       1291531.7869428978,
       424144.37464922183,
       176
      ],
      [
       1291532.0956035512,
       424144.4823251991,
       176
      ],
      [
       1291532.4698466551,
       424144.61810071545,
       176
      ],
      [
       1291532.9096722093,
       424144.7819757709,
       176
      ],
      [
       1291533.4150802137,
       424144.9739503655,
       176
      ],
      [
       1291533.9812577688,
       424145.20724410564,
       176
      ],
      [
       1291534.6082048751,
       424145.48185699136,
       176
      ],
      [
       1291535.295921532,
       424145.79778902273,
       176
      ],
      [
       1291536.0444077398,
       424146.1550401997,
       176
      ],
      [
       1291536.6657545161,
       424146.47279369144,
       176
      ],
      [
       1291537.159961861,
       424146.751049498,
       176
      ],
      [
       1291537.5270297746,
       424146.98980761936,
       176
      ],
      [
       1291537.7669582572,
       424147.1890680555,
       176
      ],
      [
       1291538.0740440502,
       424147.449092535,
       176
      ],
      [
       1291538.448287154,
       424147.7698810579,
       176
      ],
      [
       1291538.8896875686,
       424148.1514336242,
       176
      ],
      [
       1291539.3982452939,
       424148.5937502339,
       176
      ],
      [
       1291539.8653258309,
       424149.00203009066,
       176
      ],
      [
       1291540.2909291794,
       424149.3762731945,
       176
      ],
      [
       1291540.6750553397,
       424149.7164795454,
       176
      ],
      [
       1291541.0177043115,
       424150.02264914336,
       176
      ],
      [
       1291541.3761503492,
       424150.3512936402,
       176
      ],
      [
       1291541.750393453,
       424150.7024130358,
       176
      ],
      [
       1291542.140433623,
       424151.07600733027,
       176
      ],
      [
       1291542.546270859,
       424151.47207652364,
       176
      ],
      [
       1291542.940031829,
       424151.8572326722,
       176
      ],
      [
       1291543.3217165333,
       424152.231475776,
       176
      ],
      [
       1291543.6913249716,
       424152.5948058351,
       176
      ],
      [
       1291544.048857144,
       424152.9472228495,
       176
      ],
      [
       1291544.3852864034,
       424153.3986571622,
       176
      ],
      [
       1291544.70061275,
       424153.9491087732,
       176
      ],
      [
       1291544.994836183,
       424154.59857768257,
       176
      ],
      [
       1291545.2679567032,
       424155.34706389025,
       176
      ],
      [
       1291545.5022554721,
       424155.9814433989,
       176
      ],
      [
       1291545.6977324898,
       424156.5017162085,
       176
      ],
      [
       1291545.854387756,
       424156.9078823192,
       176
      ],
      [
       1291545.9722212711,
       424157.19994173077,
       176
      ],
      [
       1291546.1049028644,
       424157.5330929885,
       176
      ],
      [
       1291546.2524325368,
       424157.9073360923,
       176
      ],
      [
       1291546.4148102875,
       424158.32267104223,
       176
      ],
      [
       1291546.592036117,
       424158.7790978384,
       176
      ],
      [
       1291546.8433023128,
       424159.30853948736,
       176
      ],
      [
       1291547.1686088745,
       424159.91099598916,
       176
      ],
      [
       1291547.5679558027,
       424160.58646734396,
       176
      ],
      [
       1291548.0413430966,
       424161.3349535516,
       176
      ],
      [
       1291548.4208518383,
       424161.94858730707,
       176
      ],
      [
       1291548.7064820272,
       424162.4273686104,
       176
      ],
      [
       1291548.8982336638,
       424162.77129746147,
       176
      ],
      [
       1291548.996106748,
       424162.98037386045,
       176
      ],
      [
       1291549.1452443558,
       424163.27203361184,
       176
      ],
      [
       1291549.345646487,
       424163.6462767156,
       176
      ],
      [
       1291549.5973131424,
       424164.1031031719,
       176
      ],
      [
       1291549.9002443217,
       424164.6425129807,
       176
      ],
      [
       1291550.1717746332,
       424165.2341918891,
       176
      ],
      [
       1291550.4119040773,
       424165.87813989737,
       176
      ],
      [
       1291550.620632654,
       424166.5743570053,
       176
      ],
      [
       1291550.7979603629,
       424167.322843213,
       176
      ],
      [
       1291550.943764097,
       424168.07132942067,
       176
      ],
      [
       1291551.0580438562,
       424168.8198156283,
       176
      ],
      [
       1291551.1407996402,
       424169.56830183597,
       176
      ],
      [
       1291551.1920314496,
       424170.3167880437,
       176
      ],
      [
       1291551.250187437,
       424171.0652742514,
       176
      ],
      [
       1291551.315267603,
       424171.813760459,
       176
      ],
      [
       1291551.3872719472,
       424172.5622466667,
       176
      ],
      [
       1291551.4662004702,
       424173.3107328744,
       176
      ],
      [
       1291551.5599136092,
       424173.9707245475,
       176
      ],
      [
       1291551.6684113645,
       424174.54222168605,
       176
      ],
      [
       1291551.7916937359,
       424175.02522429003,
       176
      ],
      [
       1291551.9297607234,
       424175.41973235947,
       176
      ],
      [
       1291552.0932083058,
       424175.8041079461,
       176
      ],
      [
       1291552.282036483,
       424176.17835104995,
       176
      ],
      [
       1291552.4962452552,
       424176.542461671,
       176
      ],
      [
       1291552.7358346223,
       424176.89643980924,
       176
      ],
      [
       1291553.0427508578,
       424177.27217276976,
       176
      ],
      [
       1291553.4169939617,
       424177.6696605527,
       176
      ],
      [
       1291553.858563934,
       424178.088903158,
       176
      ],
      [
       1291554.3674607743,
       424178.5299005855,
       176
      ],
      [
       1291554.8204888657,
       424178.9375208512,
       176
      ],
      [
       1291555.2176482077,
       424179.31176395505,
       176
      ],
      [
       1291555.5589388004,
       424179.652629897,
       176
      ],
      [
       1291555.844360644,
       424179.96011867706,
       176
      ],
      [
       1291556.1741931175,
       424180.3180884567,
       176
      ],
      [
       1291556.5484362212,
       424180.7265392359,
       176
      ],
      [
       1291556.9670899552,
       424181.18547101476,
       176
      ],
      [
       1291557.4301543199,
       424181.6948837932,
       176
      ],
      [
       1291557.8166162388,
       424182.13671173435,
       176
      ],
      [
       1291558.1264757123,
       424182.51095483813,
       176
      ],
      [
       1291558.3597327406,
       424182.81761310465,
       176
      ],
      [
       1291558.5163873236,
       424183.05668653396,
       176
      ],
      [
       1291558.7473928228,
       424183.4231131578,
       176
      ],
      [
       1291559.052749238,
       424183.91689297627,
       176
      ],
      [
       1291559.4324565695,
       424184.5380259894,
       176
      ],
      [
       1291559.8865148167,
       424185.28651219705,
       176
      ],
      [
       1291560.2615018466,
       424185.9145734652,
       176
      ],
      [
       1291560.557417659,
       424186.42220979376,
       176
      ],
      [
       1291560.774262254,
       424186.80942118284,
       176
      ],
      [
       1291560.912035631,
       424187.0762076324,
       176
      ],
      [
       1291561.0776506837,
       424187.39672240906,
       176
      ],
      [
       1291561.2711074117,
       424187.77096551284,
       176
      ],
      [
       1291561.492405815,
       424188.1989369438,
       176
      ],
      [
       1291561.741545894,
       424188.680636702,
       176
      ],
      [
       1291562.0311427636,
       424189.22903307254,
       176
      ],
      [
       1291562.3611964239,
       424189.8441260555,
       176
      ],
      [
       1291562.7317068751,
       424190.52591565077,
       176
      ],
      [
       1291563.1426741173,
       424191.2744018584,
       176
      ],
      [
       1291563.4729942705,
       424191.86979578447,
       176
      ],
      [
       1291563.7226673348,
       424192.31209742907,
       176
      ],
      [
       1291563.8916933103,
       424192.6013067921,
       176
      ],
      [
       1291563.9800721973,
       424192.7374238735,
       176
      ],
      [
       1291564.1395189737,
       424192.99260396615,
       176
      ],
      [
       1291564.3700336395,
       424193.36684706993,
       176
      ],
      [
       1291564.6716161952,
       424193.86015318497,
       176
      ],
      [
       1291565.0442666402,
       424194.47252231126,
       176
      ],
      [
       1291565.4177134149,
       424195.06977081485,
       176
      ],
      [
       1291565.7919565188,
       424195.65189869585,
       176
      ],
      [
       1291566.166995952,
       424196.21890595433,
       176
      ],
      [
       1291566.5428317143,
       424196.7707925901,
       176
      ],
      [
       1291566.8581303153,
       424197.23385745997,
       176
      ],
      [
       1291567.112891755,
       424197.6081005638,
       176
      ],
      [
       1291567.307116033,
       424197.8935219016,
       176
      ],
      [
       1291567.44080315,
       424198.0901214735,
       176
      ],
      [
       1291567.595078237,
       424198.4246927043,
       176
      ],
      [
       1291567.769941294,
       424198.89723559405,
       176
      ],
      [
       1291567.9653923218,
       424199.5077501428,
       176
      ],
      [
       1291568.18143132,
       424200.25623635045,
       176
      ],
      [
       1291568.3164873896,
       424201.00472255814,
       176
      ],
      [
       1291568.37056053,
       424201.7532087658,
       176
      ],
      [
       1291568.3436507422,
       424202.5016949735,
       176
      ],
      [
       1291568.2357580254,
       424203.2501811812,
       176
      ],
      [
       1291568.1239143852,
       424203.99866738886,
       176
      ],
      [
       1291568.0081198215,
       424204.7471535965,
       176
      ],
      [
       1291567.8883743344,
       424205.49563980417,
       176
      ],
      [
       1291567.7646779239,
       424206.24412601185,
       176
      ],
      [
       1291567.6706343126,
       424206.99261221953,
       176
      ],
      [
       1291567.6062435005,
       424207.7410984271,
       176
      ],
      [
       1291567.5715054877,
       424208.4895846348,
       176
      ],
      [
       1291567.566420274,
       424209.23807084246,
       176
      ],
      [
       1291567.554047555,
       424209.98655705014,
       176
      ],
      [
       1291567.53438733,
       424210.73504325777,
       176
      ],
      [
       1291567.5074395996,
       424211.48352946545,
       176
      ],
      [
       1291567.4732043638,
       424212.23201567313,
       176
      ],
      [
       1291567.4278238025,
       424212.85506931844,
       176
      ],
      [
       1291567.3712979155,
       424213.3526904015,
       176
      ],
      [
       1291567.303626703,
       424213.7248789221,
       176
      ],
      [
       1291567.224810165,
       424213.9716348804,
       176
      ],
      [
       1291567.1232068026,
       424214.2821344115,
       176
      ],
      [
       1291566.9988166154,
       424214.6563775153,
       176
      ],
      [
       1291566.8516396042,
       424215.09436419193,
       176
      ],
      [
       1291566.6816757685,
       424215.5960944413,
       176
      ],
      [
       1291566.5205534818,
       424216.15951368026,
       176
      ],
      [
       1291566.3682727437,
       424216.78462190874,
       176
      ],
      [
       1291566.2248335548,
       424217.47141912684,
       176
      ],
      [
       1291566.0902359148,
       424218.2199053345,
       176
      ],
      [
       1291565.9951161393,
       424218.9683915422,
       176
      ],
      [
       1291565.9394742285,
       424219.7168777499,
       176
      ],
      [
       1291565.9233101823,
       424220.46536395757,
       176
      ],
      [
       1291565.9466240003,
       424221.2138501652,
       176
      ],
      [
       1291566.004694129,
       424221.9623363728,
       176
      ],
      [
       1291566.0975205682,
       424222.7108225806,
       176
      ],
      [
       1291566.2251033178,
       424223.45930878824,
       176
      ],
      [
       1291566.3874423779,
       424224.20779499586,
       176
      ],
      [
       1291566.5389238223,
       424224.8263618279,
       176
      ],
      [
       1291566.6795476512,
       424225.3150092841,
       176
      ],
      [
       1291566.8093138642,
       424225.67373736476,
       176
      ],
      [
       1291566.9282224618,
       424225.9025460697,
       176
      ],
      [
       1291567.0724068945,
       424226.20407197415,
       176
      ],
      [
       1291567.241867163,
       424226.578315078,
       176
      ],
      [
       1291567.4366032667,
       424227.0252753813,
       176
      ],
      [
       1291567.6566152056,
       424227.54495288397,
       176
      ],
      [
       1291567.9127337786,
       424228.12183256296,
       176
      ],
      [
       1291568.2049589853,
       424228.75591441814,
       176
      ],
      [
       1291568.533290826,
       424229.4471984496,
       176
      ],
      [
       1291568.8977293007,
       424230.19568465726,
       176
      ],
      [
       1291569.212067105,
       424230.84449356544,
       176
      ],
      [
       1291569.4763042396,
       424231.3936251742,
       176
      ],
      [
       1291569.6904407036,
       424231.8430794834,
       176
      ],
      [
       1291569.8544764977,
       424232.19285649323,
       176
      ],
      [
       1291570.0225751894,
       424232.5548665501,
       176
      ],
      [
       1291570.1947367787,
       424232.92910965387,
       176
      ],
      [
       1291570.3709612656,
       424233.31558580475,
       176
      ],
      [
       1291570.55124865,
       424233.71429500263,
       176
      ],
      [
       1291570.7526015588,
       424234.20044845296,
       176
      ],
      [
       1291570.9750199912,
       424234.77404615574,
       176
      ],
      [
       1291571.2185039476,
       424235.435088111,
       176
      ],
      [
       1291571.4830534281,
       424236.18357431865,
       176
      ],
      [
       1291571.7197948343,
       424236.93206052633,
       176
      ],
      [
       1291571.9287281663,
       424237.6805467339,
       176
      ],
      [
       1291572.1098534241,
       424238.4290329416,
       176
      ],
      [
       1291572.2631706076,
       424239.17751914926,
       176
      ],
      [
       1291572.4035056985,
       424239.92600535695,
       176
      ],
      [
       1291572.530858697,
       424240.67449156457,
       176
      ],
      [
       1291572.6452296022,
       424241.42297777225,
       176
      ],
      [
       1291572.7466184152,
       424242.17146397993,
       176
      ],
      [
       1291572.8348958616,
       424242.83748387825,
       176
      ],
      [
       1291572.910061941,
       424243.4210374672,
       176
      ],
      [
       1291572.972116654,
       424243.92212474684,
       176
      ],
      [
       1291573.02106,
       424244.34074571717,
       176
      ],
      [
       1291573.065997383,
       424244.7371777542,
       176
      ],
      [
       1291573.1069288033,
       424245.11142085807,
       176
      ],
      [
       1291573.1438542602,
       424245.46347502864,
       176
      ],
      [
       1291573.1767737542,
       424245.79334026604,
       176
      ],
      [
       1291573.2109415242,
       424246.22786074603,
       176
      ],
      [
       1291573.2463575706,
       424246.7670364685,
       176
      ],
      [
       1291573.2830218931,
       424247.41086743365,
       176
      ],
      [
       1291573.3209344915,
       424248.15935364127,
       176
      ],
      [
       1291573.3547952424,
       424248.9078398489,
       176
      ],
      [
       1291573.3846041458,
       424249.6563260567,
       176
      ],
      [
       1291573.4103612013,
       424250.4048122644,
       176
      ],
      [
       1291573.4320664092,
       424251.15329847194,
       176
      ],
      [
       1291573.4496097509,
       424251.9017846796,
       176
      ],
      [
       1291573.462991227,
       424252.6502708874,
       176
      ],
      [
       1291573.4722108366,
       424253.39875709504,
       176
      ],
      [
       1291573.4772685803,
       424254.14724330266,
       176
      ]
     ]
    },
    "elevationFt": 176,
    "weight": "intermediate",
    "hidden": false
   }
  },
  {
   "type": "Feature",
   "geometry": {
    "type": "LineString",
    "coordinates": [
     [
      -77.0733353692842,
      38.83122614176802
     ],
     [
      -77.07333415082566,
      38.83122819771649
     ],
     [
      -77.0733330305646,
      38.831230214043124
     ],
     [
      -77.07333200850101,
      38.831232190747905
     ],
     [
      -77.07333108463492,
      38.83123412783086
     ],
     [
      -77.07333025896632,
      38.83123602529198
     ],
     [
      -77.07332962248827,
      38.83123748795877
     ],
     [
      -77.07332917520078,
      38.831238515831224
     ],
     [
      -77.07332891710385,
      38.83123910890935
     ],
     [
      -77.07332884819752,
      38.831239267193176
     ],
     [
      -77.07332858071081,
      38.83123989983734
     ],
     [
      -77.07332811464372,
      38.831241006841864
     ],
     [
      -77.07332744999621,
      38.83124258820671
     ],
     [
      -77.07332658676827,
      38.83124464393194
     ],
     [
      -77.07332551658831,
      38.83124668614051
     ],
     [
      -77.07332423945628,
      38.83124871483245
     ],
     [
      -77.07332275537217,
      38.831250730007724
     ],
     [
      -77.07332106433599,
      38.83125273166637
     ],
     [
      -77.07331978240667,
      38.83125424656555
     ],
     [
      -77.07331890958432,
      38.831255274705306
     ],
     [
      -77.07331844586892,
      38.831255816085616
     ],
     [
      -77.07331839126051,
      38.8312558707065
     ],
     [
      -77.07331770758259,
      38.831256386152326
     ],
     [
      -77.07331639483512,
      38.83125736242307
     ],
     [
      -77.07331445301803,
      38.831258799518686
     ],
     [
      -77.07331188213126,
      38.831260697439156
     ],
     [
      -77.07330984978766,
      38.831262160664245
     ],
     [
      -77.0733083559873,
      38.831263189193976
     ],
     [
      -77.07330740073019,
      38.831263783028355
     ],
     [
      -77.07330698401638,
      38.83126394216741
     ],
     [
      -77.07330611903004,
      38.83126426093444
     ],
     [
      -77.07330480577113,
      38.83126473932945
     ],
     [
      -77.07330304423962,
      38.83126537735241
     ],
     [
      -77.07330083443554,
      38.8312661750033
     ],
     [
      -77.07329852023537,
      38.831266800493374
     ],
     [
      -77.07329610163913,
      38.83126725382265
     ],
     [
      -77.07329357864684,
      38.8312675349911
     ],
     [
      -77.07329095125853,
      38.83126764399871
     ],
     [
      -77.07328832388986,
      38.8312677721465
     ],
     [
      -77.07328569654082,
      38.83126791943449
     ],
     [
      -77.07328306921141,
      38.831268085862675
     ],
     [
      -77.07328044190164,
      38.83126827143106
     ],
     [
      -77.07327781476832,
      38.83126862894468
     ],
     [
      -77.0732751878114,
      38.83126915840357
     ],
     [
      -77.0732725610309,
      38.83126985980771
     ],
     [
      -77.07326993442679,
      38.8312707331571
     ],
     [
      -77.07326792149237,
      38.83127141218188
     ],
     [
      -77.0732665222277,
      38.83127189688206
     ],
     [
      -77.07326573663276,
      38.83127218725766
     ],
     [
      -77.07326556470761,
      38.83127228330871
     ],
     [
      -77.07326482226448,
      38.831272715844165
     ],
     [
      -77.07326350930332,
      38.83127348486401
     ],
     [
      -77.07326162582412,
      38.831274590368274
     ],
     [
      -77.07325917182682,
      38.83127603235686
     ],
     [
      -77.0732570179083,
      38.83127726772868
     ],
     [
      -77.0732551640686,
      38.8312782964837
     ],
     [
      -77.07325361030772,
      38.83127911862198
     ],
     [
      -77.07325235662572,
      38.83127973414349
     ],
     [
      -77.07325107326628,
      38.8312803896505
     ],
     [
      -77.07324976022942,
      38.831281085142976
     ],
     [
      -77.07324841751512,
      38.831281820620944
     ],
     [
      -77.07324704512337,
      38.831282596084364
     ],
     [
      -77.07324535921873,
      38.83128343540603
     ],
     [
      -77.07324335980117,
      38.83128433858592
     ],
     [
      -77.07324104687065,
      38.831285305624
     ],
     [
      -77.07323842042717,
      38.83128633652024
     ],
     [
      -77.07323579370403,
      38.83128709481276
     ],
     [
      -77.07323316670124,
      38.83128758050153
     ],
     [
      -77.07323053941884,
      38.831287793586554
     ],
     [
      -77.07322791185686,
      38.83128773406782
     ],
     [
      -77.0732252842192,
      38.831287600758834
     ],
     [
      -77.0732226565059,
      38.831287393659615
     ],
     [
      -77.07322002871693,
      38.83128711277009
     ],
     [
      -77.07321740085233,
      38.831286758090336
     ],
     [
      -77.07321477314014,
      38.83128655201736
     ],
     [
      -77.07321214558031,
      38.83128649455113
     ],
     [
      -77.07320951817286,
      38.83128658569171
     ],
     [
      -77.07320689091776,
      38.83128682543903
     ],
     [
      -77.07320454481695,
      38.831287113167384
     ],
     [
      -77.07320247987037,
      38.83128744887675
     ],
     [
      -77.07320069607809,
      38.831287832567185
     ],
     [
      -77.07319919344008,
      38.83128826423868
     ],
     [
      -77.07319778543433,
      38.83128866396618
     ],
     [
      -77.07319647206084,
      38.831289031749705
     ],
     [
      -77.07319525331965,
      38.83128936758927
     ],
     [
      -77.07319412921075,
      38.83128967148482
     ],
     [
      -77.07319262939147,
      38.83129003371183
     ],
     [
      -77.07319075386182,
      38.831290454270274
     ],
     [
      -77.07318850262179,
      38.83129093316012
     ],
     [
      -77.07318587567136,
      38.831291470381345
     ],
     [
      -77.07318324870496,
      38.83129199207807
     ],
     [
      -77.07318062172264,
      38.831292498250235
     ],
     [
      -77.07317799472436,
      38.83129298889788
     ],
     [
      -77.07317536771014,
      38.83129346402099
     ],
     [
      -77.07317279413652,
      38.83129400647714
     ],
     [
      -77.07317027400354,
      38.8312946162663
     ],
     [
      -77.07316780731117,
      38.83129529338851
     ],
     [
      -77.07316539405939,
      38.83129603784375
     ],
     [
      -77.07316353076797,
      38.8312966148241
     ],
     [
      -77.07316221743692,
      38.83129702432961
     ],
     [
      -77.07316145406628,
      38.83129726636026
     ],
     [
      -77.07316124065603,
      38.831297340916116
     ],
     [
      -77.07316042399292,
      38.83129766023758
     ],
     [
      -77.0731590040769,
      38.831298224324684
     ],
     [
      -77.07315698090795,
      38.83129903317741
     ],
     [
      -77.07315435448605,
      38.8313000867957
     ],
     [
      -77.07315172803114,
      38.831301108290546
     ],
     [
      -77.07314910154325,
      38.83130209766196
     ],
     [
      -77.0731464750224,
      38.83130305490994
     ],
     [
      -77.07314384846856,
      38.831303980034484
     ],
     [
      -77.07314187259381,
      38.83130467520915
     ],
     [
      -77.07314054739817,
      38.831305140434026
     ],
     [
      -77.07313987288168,
      38.83130537570911
     ],
     [
      -77.07313984904435,
      38.831305381034404
     ],
     [
      -77.0731391804009,
      38.831305530748224
     ],
     [
      -77.07313786695136,
      38.831305824850574
     ],
     [
      -77.07313590869568,
      38.83130626334141
     ],
     [
      -77.07313330563383,
      38.831306846220734
     ],
     [
      -77.07313069659885,
      38.831307416992466
     ],
     [
      -77.07312808159074,
      38.831307975656614
     ],
     [
      -77.07312546060948,
      38.831308522213185
     ],
     [
      -77.07312283365509,
      38.8313090566622
     ],
     [
      -77.07312020664469,
      38.83130953645948
     ],
     [
      -77.0731175795783,
      38.831309961605015
     ],
     [
      -77.07311495245591,
      38.83131033209883
     ],
     [
      -77.07311232527755,
      38.83131064794092
     ],
     [
      -77.07310969802693,
      38.83131089324625
     ],
     [
      -77.07310707070407,
      38.83131106801486
     ],
     [
      -77.07310444330898,
      38.83131117224673
     ],
     [
      -77.07310181584168,
      38.831311205941866
     ],
     [
      -77.07309918835271,
      38.831311218477445
     ],
     [
      -77.07309656084209,
      38.83131120985352
     ],
     [
      -77.07309393330979,
      38.83131118007002
     ],
     [
      -77.07309130575584,
      38.831311129127
     ],
     [
      -77.07308867823639,
      38.83131111187347
     ],
     [
      -77.07308605075141,
      38.831311128309444
     ],
     [
      -77.07308342330091,
      38.83131117843489
     ],
     [
      -77.07308079588489,
      38.83131126224985
     ],
     [
      -77.07307816848895,
      38.831311365678474
     ],
     [
      -77.07307554111306,
      38.83131148872077
     ],
     [
      -77.07307291375724,
      38.83131163137674
     ],
     [
      -77.07307028642148,
      38.831311793646385
     ],
     [
      -77.07306765904242,
      38.8313119136108
     ],
     [
      -77.07306503162006,
      38.831311991270006
     ],
     [
      -77.0730624041544,
      38.83131202662396
     ],
     [
      -77.07305977664547,
      38.8313120196727
     ],
     [
      -77.07305714912542,
      38.831312001868994
     ],
     [
      -77.07305452159427,
      38.83131197321279
     ],
     [
      -77.07305189405201,
      38.83131193370415
     ],
     [
      -77.07304926649866,
      38.83131188334302
     ],
     [
      -77.0730466390247,
      38.83131191056433
     ],
     [
      -77.07304401163007,
      38.831312015368106
     ],
     [
      -77.0730413843148,
      38.83131219775432
     ],
     [
      -77.0730387570789,
      38.83131245772298
     ],
     [
      -77.0730365488212,
      38.83131270458764
     ],
     [
      -77.07303475954174,
      38.83131293834835
     ],
     [
      -77.07303338924052,
      38.83131315900509
     ],
     [
      -77.07303243791755,
      38.83131336655791
     ],
     [
      -77.07303130559123,
      38.831313676306614
     ],
     [
      -77.07302999226162,
      38.831314088251204
     ],
     [
      -77.07302849792866,
      38.83131460239168
     ],
     [
      -77.07302682259237,
      38.831315218728015
     ],
     [
      -77.07302490940589,
      38.83131586797944
     ],
     [
      -77.07302275836919,
      38.831316550145885
     ],
     [
      -77.0730203694823,
      38.83131726522738
     ],
     [
      -77.07301774274517,
      38.83131801322391
     ],
     [
      -77.07301511594132,
      38.831318696023985
     ],
     [
      -77.07301248907076,
      38.831319313627574
     ],
     [
      -77.0730098621335,
      38.83131986603473
     ],
     [
      -77.07300723512952,
      38.831320353245395
     ],
     [
      -77.07300515851993,
      38.831320770713475
     ],
     [
      -77.07300363230475,
      38.83132111843897
     ],
     [
      -77.07300265648395,
      38.83132139642194
     ],
     [
      -77.07300223105759,
      38.83132160466234
     ],
     [
      -77.07300136196397,
      38.831322193061716
     ],
     [
      -77.07300004920307,
      38.83132316162005
     ],
     [
      -77.07299829277487,
      38.83132451033732
     ],
     [
      -77.07299609267928,
      38.83132623921353
     ],
     [
      -77.07299437477296,
      38.831327617833765
     ],
     [
      -77.07299313905594,
      38.83132864619802
     ],
     [
      -77.07299238552827,
      38.83132932430633
     ],
     [
      -77.07299211418997,
      38.831329652158715
     ],
     [
      -77.07299163523892,
      38.83133041201597
     ],
     [
      -77.07299094867514,
      38.83133160387811
     ],
     [
      -77.07299005449859,
      38.8313332277451
     ],
     [
      -77.07298895270925,
      38.83133528361697
     ],
     [
      -77.07298818001689,
      38.831337339283024
     ],
     [
      -77.07298773642161,
      38.83133939474324
     ],
     [
      -77.07298762192337,
      38.83134144999767
     ],
     [
      -77.07298783652223,
      38.831343505046284
     ],
     [
      -77.07298814143809,
      38.83134556003842
     ],
     [
      -77.07298853667096,
      38.831347614974064
     ],
     [
      -77.07298902222084,
      38.8313496698532
     ],
     [
      -77.07298959808773,
      38.83135172467588
     ],
     [
      -77.07299011990192,
      38.83135377953236
     ],
     [
      -77.07299058766344,
      38.83135583442264
     ],
     [
      -77.07299100137224,
      38.83135788934671
     ],
     [
      -77.07299136102836,
      38.83135994430459
     ],
     [
      -77.07299168913684,
      38.831361906416525
     ],
     [
      -77.0729919856977,
      38.83136377568251
     ],
     [
      -77.0729922507109,
      38.831365552102554
     ],
     [
      -77.07299248417648,
      38.83136723567664
     ],
     [
      -77.07299268062255,
      38.83136859120953
     ],
     [
      -77.07299284004911,
      38.831369618701224
     ],
     [
      -77.07299296245614,
      38.83137031815173
     ],
     [
      -77.07299304784367,
      38.83137068956102
     ],
     [
      -77.07299320935846,
      38.83137148185275
     ],
     [
      -77.07299344700056,
      38.83137269502688
     ],
     [
      -77.07299376076992,
      38.83137432908341
     ],
     [
      -77.0729941506666,
      38.83137638402238
     ],
     [
      -77.07299451251123,
      38.83137843897886
     ],
     [
      -77.07299484630381,
      38.83138049395289
     ],
     [
      -77.07299515204437,
      38.831382548944475
     ],
     [
      -77.07299542973287,
      38.8313846039536
     ],
     [
      -77.07299569558249,
      38.83138665897013
     ],
     [
      -77.0729959495932,
      38.83138871399406
     ],
     [
      -77.07299619176503,
      38.8313907690254
     ],
     [
      -77.07299642209794,
      38.83139282406414
     ],
     [
      -77.07299665435173,
      38.831394879101666
     ],
     [
      -77.07299688852636,
      38.831396934138
     ],
     [
      -77.07299712462185,
      38.83139898917314
     ],
     [
      -77.0729973626382,
      38.83140104420706
     ],
     [
      -77.07299752916477,
      38.83140309928571
     ],
     [
      -77.07299762420156,
      38.83140515440905
     ],
     [
      -77.07299764774858,
      38.83140720957712
     ],
     [
      -77.0729975998058,
      38.83140926478991
     ],
     [
      -77.07299746632509,
      38.83141132005619
     ],
     [
      -77.07299724730646,
      38.831413375375966
     ],
     [
      -77.07299694274987,
      38.831415430749246
     ],
     [
      -77.07299655265535,
      38.83141748617602
     ],
     [
      -77.07299606776945,
      38.83141928208127
     ],
     [
      -77.07299548809219,
      38.83142081846496
     ],
     [
      -77.07299481362358,
      38.83142209532713
     ],
     [
      -77.0729940443636,
      38.831423112667736
     ],
     [
      -77.07299281078492,
      38.83142411320548
     ],
     [
      -77.07299111288755,
      38.831425096940336
     ],
     [
      -77.07298895067144,
      38.83142606387229
     ],
     [
      -77.07298632413661,
      38.831427014001314
     ],
     [
      -77.07298369736543,
      38.831427732989674
     ],
     [
      -77.07298107035797,
      38.83142822083738
     ],
     [
      -77.07297844311424,
      38.831428477544435
     ],
     [
      -77.07297581563425,
      38.83142850311082
     ],
     [
      -77.07297318808202,
      38.83142845798032
     ],
     [
      -77.07297056045753,
      38.83142834215295
     ],
     [
      -77.07296793276082,
      38.83142815562868
     ],
     [
      -77.07296530499187,
      38.83142789840754
     ],
     [
      -77.07296303276757,
      38.83142778687442
     ],
     [
      -77.07296111608795,
      38.83142782102933
     ],
     [
      -77.07295955495296,
      38.831428000872286
     ],
     [
      -77.07295834936261,
      38.83142832640332
     ],
     [
      -77.07295708991522,
      38.83142870873936
     ],
     [
      -77.07295577661085,
      38.83142914788042
     ],
     [
      -77.07295440944947,
      38.831429643826475
     ],
     [
      -77.07295298843106,
      38.83143019657756
     ],
     [
      -77.07295157845591,
      38.83143098718599
     ],
     [
      -77.07295017952403,
      38.831432015651814
     ],
     [
      -77.07294879163538,
      38.83143328197498
     ],
     [
      -77.07294741478997,
      38.83143478615552
     ],
     [
      -77.07294625908692,
      38.83143642816355
     ],
     [
      -77.07294532452627,
      38.83143820799903
     ],
     [
      -77.07294461110803,
      38.831440125662
     ],
     [
      -77.0729441188322,
      38.83144218115247
     ],
     [
      -77.07294421815335,
      38.83144405418948
     ],
     [
      -77.07294490907158,
      38.83144574477307
     ],
     [
      -77.07294619158691,
      38.83144725290321
     ],
     [
      -77.07294806569934,
      38.83144857857987
     ],
     [
      -77.07295012818342,
      38.83144959533619
     ],
     [
      -77.07295237903912,
      38.831450303172176
     ],
     [
      -77.07295481826644,
      38.83145070208779
     ],
     [
      -77.07295744586533,
      38.83145079208305
     ],
     [
      -77.07296007334675,
      38.831450767114184
     ],
     [
      -77.07296270071069,
      38.831450627181205
     ],
     [
      -77.07296532795715,
      38.83145037228412
     ],
     [
      -77.07296795508611,
      38.831450002422905
     ],
     [
      -77.0729704736447,
      38.83144997591314
     ],
     [
      -77.07297288363297,
      38.83145029275481
     ],
     [
      -77.07297518505095,
      38.83145095294794
     ],
     [
      -77.07297737789867,
      38.83145195649251
     ],
     [
      -77.07297904351499,
      38.83145322293348
     ],
     [
      -77.07298018189991,
      38.83145475227089
     ],
     [
      -77.0729807930534,
      38.83145654450473
     ],
     [
      -77.07298087697542,
      38.831458599635035
     ],
     [
      -77.07298061327629,
      38.831460654982706
     ],
     [
      -77.07298000195593,
      38.83146271054775
     ],
     [
      -77.07297904301433,
      38.83146476633016
     ],
     [
      -77.07297773645146,
      38.83146682232992
     ],
     [
      -77.0729765155721,
      38.8314686459169
     ],
     [
      -77.0729753803762,
      38.83147023709112
     ],
     [
      -77.07297433086386,
      38.831471595852555
     ],
     [
      -77.07297336703503,
      38.83147272220124
     ],
     [
      -77.07297246507869,
      38.83147379943388
     ],
     [
      -77.07297162499482,
      38.831474827550515
     ],
     [
      -77.07297084678342,
      38.83147580655115
     ],
     [
      -77.0729701304445,
      38.83147673643576
     ],
     [
      -77.07296915938738,
      38.83147794791613
     ],
     [
      -77.07296793361206,
      38.83147944099225
     ],
     [
      -77.07296645311848,
      38.83148121566413
     ],
     [
      -77.07296471790663,
      38.831483271931724
     ],
     [
      -77.07296337332185,
      38.83148486367498
     ],
     [
      -77.07296241936422,
      38.831485990893924
     ],
     [
      -77.07296185603379,
      38.83148665358854
     ],
     [
      -77.07296168333052,
      38.83148685175887
     ],
     [
      -77.07296104486728,
      38.83148746498487
     ],
     [
      -77.07295994064403,
      38.831488493266534
     ],
     [
      -77.0729583706607,
      38.83148993660388
     ],
     [
      -77.07295633491728,
      38.83149179499688
     ],
     [
      -77.07295466076222,
      38.831493305397
     ],
     [
      -77.0729533481956,
      38.83149446780425
     ],
     [
      -77.07295239721745,
      38.83149528221866
     ],
     [
      -77.07295180782779,
      38.831495748640215
     ],
     [
      -77.07295091553765,
      38.831496496020236
     ],
     [
      -77.072949720347,
      38.831497524358674
     ],
     [
      -77.07294822225582,
      38.83149883365554
     ],
     [
      -77.07294642126408,
      38.83150042391082
     ],
     [
      -77.07294486450489,
      38.831501819984105
     ],
     [
      -77.0729435519783,
      38.8315030218754
     ],
     [
      -77.0729424836843,
      38.83150402958475
     ],
     [
      -77.07294165962294,
      38.83150484311213
     ],
     [
      -77.07294078718849,
      38.83150576395924
     ],
     [
      -77.07293986638095,
      38.8315067921261
     ],
     [
      -77.07293889720032,
      38.831507927612684
     ],
     [
      -77.07293787964657,
      38.83150917041902
     ],
     [
      -77.07293671476098,
      38.83151054423677
     ],
     [
      -77.07293540254352,
      38.83151204906594
     ],
     [
      -77.07293394299418,
      38.83151368490652
     ],
     [
      -77.07293233611291,
      38.831515451758506
     ],
     [
      -77.07293107906268,
      38.831516849263615
     ],
     [
      -77.07293017184351,
      38.8315178774219
     ],
     [
      -77.0729296144554,
      38.83151853623337
     ],
     [
      -77.07292940689842,
      38.83151882569798
     ],
     [
      -77.07292884820771,
      38.83151955684398
     ],
     [
      -77.07292793838323,
      38.83152072967135
     ],
     [
      -77.07292667742496,
      38.83152234418007
     ],
     [
      -77.07292506533284,
      38.831524400370114
     ],
     [
      -77.0729236551499,
      38.83152618967368
     ],
     [
      -77.07292244687618,
      38.83152771209071
     ],
     [
      -77.07292144051168,
      38.83152896762125
     ],
     [
      -77.07292063605644,
      38.831529956265285
     ],
     [
      -77.0729198401581,
      38.83153096462895
     ],
     [
      -77.07291905281664,
      38.83153199271224
     ],
     [
      -77.0729182740321,
      38.83153304051518
     ],
     [
      -77.07291750380448,
      38.83153410803775
     ],
     [
      -77.07291658506996,
      38.83153542268844
     ],
     [
      -77.07291551782855,
      38.83153698446725
     ],
     [
      -77.07291430208022,
      38.83153879337419
     ],
     [
      -77.07291293782497,
      38.83154084940925
     ],
     [
      -77.07291179239625,
      38.83154260901697
     ],
     [
      -77.0729108657941,
      38.83154407219738
     ],
     [
      -77.07291015801854,
      38.83154523895049
     ],
     [
      -77.0729096690696,
      38.831546109276296
     ],
     [
      -77.07290916779358,
      38.83154705839529
     ],
     [
      -77.07290865419051,
      38.831548086307514
     ],
     [
      -77.07290812826038,
      38.83154919301296
     ],
     [
      -77.07290759000317,
      38.8315503785116
     ],
     [
      -77.07290700548023,
      38.83155178154421
     ],
     [
      -77.07290637469156,
      38.831553402110835
     ],
     [
      -77.07290569763715,
      38.83155524021143
     ],
     [
      -77.072904974317,
      38.83155729584601
     ],
     [
      -77.07290431646925,
      38.831559351439694
     ],
     [
      -77.07290372409392,
      38.83156140699246
     ],
     [
      -77.07290319719104,
      38.831563462504334
     ],
     [
      -77.07290273576058,
      38.831565517975314
     ],
     [
      -77.07290232163452,
      38.83156757341673
     ],
     [
      -77.07290195481283,
      38.8315696288286
     ],
     [
      -77.07290163529554,
      38.83157168421093
     ],
     [
      -77.07290136308265,
      38.8315737395637
     ],
     [
      -77.07290113925698,
      38.83157579488625
     ],
     [
      -77.07290096381851,
      38.83157785017858
     ],
     [
      -77.07290083676726,
      38.83157990544067
     ],
     [
      -77.07290075810324,
      38.831581960672544
     ]
    ]
   },
   "properties": {
    "id": "ct-8",
    "kind": "Contour",
    "sourceId": "contours",
    "reliabilityLevel": 1,
    "revision": 1,
    "engineeringGeometry": {
     "crs": "EPSG:2248",
     "crsName": "NAD83 / Maryland State Plane (US survey feet)",
     "datum": "NAD83",
     "unit": "usSurveyFoot",
     "coordinates": [
      [
       1291442.5425572572,
       424124.65912937577,
       178
      ],
      [
       1291442.8902567097,
       424125.40761558345,
       178
      ],
      [
       1291443.2099713872,
       424126.14169421064,
       178
      ],
      [
       1291443.5017012898,
       424126.8613652573,
       178
      ],
      [
       1291443.7654464177,
       424127.5666287235,
       178
      ],
      [
       1291444.0012067708,
       424128.2574846092,
       178
      ],
      [
       1291444.1829458866,
       424128.79003410396,
       178
      ],
      [
       1291444.310663765,
       424129.1642772078,
       178
      ],
      [
       1291444.3843604065,
       424129.3802139207,
       178
      ],
      [
       1291444.4040358106,
       424129.4378442427,
       178
      ],
      [
       1291444.480418861,
       424129.66818853613,
       178
      ],
      [
       1291444.6135095572,
       424130.0712468009,
       178
      ],
      [
       1291444.8033079,
       424130.64701903716,
       178
      ],
      [
       1291445.0498138892,
       424131.3955052448,
       178
      ],
      [
       1291445.3552695846,
       424132.1390214189,
       178
      ],
      [
       1291445.719674986,
       424132.8775675596,
       178
      ],
      [
       1291446.1430300942,
       424133.6111436666,
       178
      ],
      [
       1291446.625334909,
       424134.3397497401,
       178
      ],
      [
       1291446.9909565377,
       424134.8911743288,
       178
      ],
      [
       1291447.2398949806,
       424135.2654174326,
       178
      ],
      [
       1291447.3721502377,
       424135.4624790516,
       178
      ],
      [
       1291447.3877223092,
       424135.4823591858,
       178
      ],
      [
       1291447.5826298967,
       424135.6699252791,
       178
      ],
      [
       1291447.9568730006,
       424136.0251773316,
       178
      ],
      [
       1291448.5104516207,
       424136.5481153432,
       178
      ],
      [
       1291449.243365757,
       424137.2387393139,
       178
      ],
      [
       1291449.8227399234,
       424137.7711728512,
       178
      ],
      [
       1291450.2485741195,
       424138.1454159551,
       178
      ],
      [
       1291450.5208683456,
       424138.3614686255,
       178
      ],
      [
       1291450.6396226017,
       424138.4193308623,
       178
      ],
      [
       1291450.8861212817,
       424138.535226182,
       178
      ],
      [
       1291451.2603643856,
       424138.70915458456,
       178
      ],
      [
       1291451.7623519131,
       424138.94111606985,
       178
      ],
      [
       1291452.392083865,
       424139.23111063807,
       178
      ],
      [
       1291453.0515043805,
       424139.4583813292,
       178
      ],
      [
       1291453.74061346,
       424139.6229281433,
       178
      ],
      [
       1291454.4594111037,
       424139.7247510805,
       178
      ],
      [
       1291455.2078973115,
       424139.7638501407,
       178
      ],
      [
       1291455.9563835193,
       424139.8099199787,
       178
      ],
      [
       1291456.7048697271,
       424139.8629605946,
       178
      ],
      [
       1291457.4533559347,
       424139.9229719882,
       178
      ],
      [
       1291458.201842142,
       424139.9899541596,
       178
      ],
      [
       1291458.9503283496,
       424140.1195579022,
       178
      ],
      [
       1291459.6988145574,
       424140.3117832161,
       178
      ],
      [
       1291460.4473007652,
       424140.56663010106,
       178
      ],
      [
       1291461.195786973,
       424140.8840985573,
       178
      ],
      [
       1291461.7694025664,
       424141.1309353874,
       178
      ],
      [
       1291462.1681475453,
       424141.3071405913,
       178
      ],
      [
       1291462.3920219103,
       424141.4127141691,
       178
      ],
      [
       1291462.4410256613,
       424141.4476561209,
       178
      ],
      [
       1291462.6526490888,
       424141.60501339834,
       178
      ],
      [
       1291463.0268921927,
       424141.8847860016,
       178
      ],
      [
       1291463.563754973,
       424142.28697393055,
       178
      ],
      [
       1291464.2632374298,
       424142.81157718535,
       178
      ],
      [
       1291464.8771771607,
       424143.26100036467,
       178
      ],
      [
       1291465.4055741658,
       424143.63524346845,
       178
      ],
      [
       1291465.8484284447,
       424143.93430649675,
       178
      ],
      [
       1291466.2057399978,
       424144.1581894497,
       178
      ],
      [
       1291466.5715173264,
       424144.39662811474,
       178
      ],
      [
       1291466.94576043,
       424144.6496224919,
       178
      ],
      [
       1291467.3284693093,
       424144.9171725812,
       178
      ],
      [
       1291467.719643964,
       424145.1992783826,
       178
      ],
      [
       1291468.2001465068,
       424145.5045693454,
       178
      ],
      [
       1291468.769976938,
       424145.8330454697,
       178
      ],
      [
       1291469.4291352574,
       424146.18470675545,
       178
      ],
      [
       1291470.1776214647,
       424146.5595532026,
       178
      ],
      [
       1291470.9261076725,
       424146.835118833,
       178
      ],
      [
       1291471.6745938803,
       424147.0114036468,
       178
      ],
      [
       1291472.4230800879,
       424147.0884076437,
       178
      ],
      [
       1291473.1715662954,
       424147.0661308239,
       178
      ],
      [
       1291473.9200525032,
       424147.01698000485,
       178
      ],
      [
       1291474.6685387106,
       424146.9409551866,
       178
      ],
      [
       1291475.4170249184,
       424146.83805636904,
       178
      ],
      [
       1291476.1655111262,
       424146.70828355226,
       178
      ],
      [
       1291476.913997334,
       424146.6326325552,
       178
      ],
      [
       1291477.6624835418,
       424146.6111033777,
       178
      ],
      [
       1291478.4109697493,
       424146.64369602,
       178
      ],
      [
       1291479.1594559567,
       424146.7304104819,
       178
      ],
      [
       1291479.827864823,
       424146.8346636118,
       178
      ],
      [
       1291480.4161963474,
       424146.95645540964,
       178
      ],
      [
       1291480.9244505307,
       424147.0957858754,
       178
      ],
      [
       1291481.3526273724,
       424147.25265500916,
       178
      ],
      [
       1291481.7538373452,
       424147.3979119423,
       178
      ],
      [
       1291482.128080449,
       424147.53155667486,
       178
      ],
      [
       1291482.475356684,
       424147.65358920686,
       178
      ],
      [
       1291482.7956660502,
       424147.7640095382,
       178
      ],
      [
       1291483.2230196267,
       424147.89558805013,
       178
      ],
      [
       1291483.7574174134,
       424148.04832474235,
       178
      ],
      [
       1291484.3988594108,
       424148.2222196152,
       178
      ],
      [
       1291485.147345618,
       424148.41727266856,
       178
      ],
      [
       1291485.8958318257,
       424148.6066717917,
       178
      ],
      [
       1291486.6443180335,
       424148.7904169847,
       178
      ],
      [
       1291487.3928042413,
       424148.96850824764,
       178
      ],
      [
       1291488.141290449,
       424149.1409455804,
       178
      ],
      [
       1291488.8745728773,
       424149.3379174525,
       178
      ],
      [
       1291489.5926515267,
       424149.55942386406,
       178
      ],
      [
       1291490.2955263967,
       424149.8054648149,
       178
      ],
      [
       1291490.983197488,
       424150.0760403051,
       178
      ],
      [
       1291491.514154585,
       424150.285747948,
       178
      ],
      [
       1291491.888397689,
       424150.43458774354,
       178
      ],
      [
       1291492.1059267994,
       424150.52255969186,
       178
      ],
      [
       1291492.166741916,
       424150.5496637929,
       178
      ],
      [
       1291492.3994748057,
       424150.6657724639,
       178
      ],
      [
       1291492.8041254678,
       424150.8708857048,
       178
      ],
      [
       1291493.3806939027,
       424151.1650035158,
       178
      ],
      [
       1291494.12918011,
       424151.5481258967,
       178
      ],
      [
       1291494.8776663179,
       424151.919549113,
       178
      ],
      [
       1291495.6261525257,
       424152.2792731648,
       178
      ],
      [
       1291496.3746387335,
       424152.6272980519,
       178
      ],
      [
       1291497.1231249408,
       424152.9636237744,
       178
      ],
      [
       1291497.686187597,
       424153.2163515671,
       178
      ],
      [
       1291498.0638267016,
       424153.38548143,
       178
      ],
      [
       1291498.2560422546,
       424153.47101336304,
       178
      ],
      [
       1291498.2628342565,
       424153.47294736624,
       178
      ],
      [
       1291498.4533518092,
       424153.5273197072,
       178
      ],
      [
       1291498.8275949128,
       424153.6341303859,
       178
      ],
      [
       1291499.3855635677,
       424153.7933794023,
       178
      ],
      [
       1291500.1272577741,
       424154.0050667565,
       178
      ],
      [
       1291500.8706499806,
       424154.2123432569,
       178
      ],
      [
       1291501.6157401872,
       424154.4152089036,
       178
      ],
      [
       1291502.3625283944,
       424154.61366369657,
       178
      ],
      [
       1291503.1110146022,
       424154.8077076358,
       178
      ],
      [
       1291503.85950081,
       424154.9818477259,
       178
      ],
      [
       1291504.6079870178,
       424155.136083967,
       178
      ],
      [
       1291505.3564732254,
       424155.27041635895,
       178
      ],
      [
       1291506.1049594327,
       424155.3848449017,
       178
      ],
      [
       1291506.8534456403,
       424155.4735843603,
       178
      ],
      [
       1291507.601931848,
       424155.5366347347,
       178
      ],
      [
       1291508.350418056,
       424155.57399602485,
       178
      ],
      [
       1291509.0989042637,
       424155.5856682308,
       178
      ],
      [
       1291509.8473904715,
       424155.58963426616,
       178
      ],
      [
       1291510.5958766793,
       424155.58589413104,
       178
      ],
      [
       1291511.3443628869,
       424155.57444782543,
       178
      ],
      [
       1291512.0928490942,
       424155.5552953493,
       178
      ],
      [
       1291512.8413353018,
       424155.5484124305,
       178
      ],
      [
       1291513.5898215096,
       424155.55379906914,
       178
      ],
      [
       1291514.3383077173,
       424155.57145526516,
       178
      ],
      [
       1291515.0867939251,
       424155.60138101847,
       178
      ],
      [
       1291515.835280133,
       424155.63844998827,
       178
      ],
      [
       1291516.5837663403,
       424155.6826621745,
       178
      ],
      [
       1291517.332252548,
       424155.7340175772,
       178
      ],
      [
       1291518.0807387556,
       424155.7925161964,
       178
      ],
      [
       1291518.8292249632,
       424155.8356074989,
       178
      ],
      [
       1291519.577711171,
       424155.86329148477,
       178
      ],
      [
       1291520.3261973788,
       424155.87556815404,
       178
      ],
      [
       1291521.0746835861,
       424155.87243750674,
       178
      ],
      [
       1291521.823169794,
       424155.8653544696,
       178
      ],
      [
       1291522.5716560017,
       424155.85431904264,
       178
      ],
      [
       1291523.3201422095,
       424155.83933122596,
       178
      ],
      [
       1291524.0686284169,
       424155.82039101946,
       178
      ],
      [
       1291524.8171146247,
       424155.8297059501,
       178
      ],
      [
       1291525.5656008325,
       424155.86727601785,
       178
      ],
      [
       1291526.3140870403,
       424155.93310122273,
       178
      ],
      [
       1291527.0625732476,
       424156.02718156483,
       178
      ],
      [
       1291527.6917029384,
       424156.11658501666,
       178
      ],
      [
       1291528.201476112,
       424156.20131157816,
       178
      ],
      [
       1291528.5918927686,
       424156.2813612494,
       178
      ],
      [
       1291528.8629529083,
       424156.3567340303,
       178
      ],
      [
       1291529.18560453,
       424156.46928474185,
       178
      ],
      [
       1291529.5598476338,
       424156.61901338404,
       178
      ],
      [
       1291529.9856822197,
       424156.8059199569,
       178
      ],
      [
       1291530.463108288,
       424157.0300044603,
       178
      ],
      [
       1291531.0082993908,
       424157.2660222566,
       178
      ],
      [
       1291531.6212555286,
       424157.51397334575,
       178
      ],
      [
       1291532.3019767015,
       424157.77385772776,
       178
      ],
      [
       1291533.050462909,
       424158.0456754026,
       178
      ],
      [
       1291533.7989491168,
       424158.2937488939,
       178
      ],
      [
       1291534.5474353242,
       424158.5180782014,
       178
      ],
      [
       1291535.295921532,
       424158.71866332524,
       178
      ],
      [
       1291536.0444077398,
       424158.89550426544,
       178
      ],
      [
       1291536.6360849414,
       424159.0470707428,
       178
      ],
      [
       1291537.070953137,
       424159.17336275754,
       178
      ],
      [
       1291537.3490123267,
       424159.2743803095,
       178
      ],
      [
       1291537.4702625102,
       424159.3501233987,
       178
      ],
      [
       1291537.718009154,
       424159.56421721284,
       178
      ],
      [
       1291538.0922522577,
       424159.9166617518,
       178
      ],
      [
       1291538.5929918217,
       424160.4074570157,
       178
      ],
      [
       1291539.2202278457,
       424161.03660300456,
       178
      ],
      [
       1291539.710002498,
       424161.53829755087,
       178
      ],
      [
       1291540.0623157783,
       424161.91254065477,
       178
      ],
      [
       1291540.277167687,
       424162.1593323161,
       178
      ],
      [
       1291540.3545582236,
       424162.27867253486,
       178
      ],
      [
       1291540.4912163743,
       424162.5552992509,
       178
      ],
      [
       1291540.687142139,
       424162.9892124642,
       178
      ],
      [
       1291540.9423355178,
       424163.58041217463,
       178
      ],
      [
       1291541.2567965111,
       424164.32889838226,
       178
      ],
      [
       1291541.477508876,
       424165.07738458994,
       178
      ],
      [
       1291541.6044726125,
       424165.8258707976,
       178
      ],
      [
       1291541.6376877208,
       424166.5743570053,
       178
      ],
      [
       1291541.577154201,
       424167.322843213,
       178
      ],
      [
       1291541.4908924303,
       424168.07132942067,
       178
      ],
      [
       1291541.3789024088,
       424168.8198156283,
       178
      ],
      [
       1291541.241184136,
       424169.56830183597,
       178
      ],
      [
       1291541.0777376122,
       424170.3167880437,
       178
      ],
      [
       1291540.929688877,
       424171.0652742514,
       178
      ],
      [
       1291540.7970379307,
       424171.813760459,
       178
      ],
      [
       1291540.679784773,
       424172.5622466667,
       178
      ],
      [
       1291540.577929404,
       424173.3107328744,
       178
      ],
      [
       1291540.4850338479,
       424174.0253979167,
       178
      ],
      [
       1291540.4010981051,
       424174.7062417935,
       178
      ],
      [
       1291540.326122175,
       424175.353264505,
       178
      ],
      [
       1291540.2601060576,
       424175.96646605106,
       178
      ],
      [
       1291540.204540011,
       424176.460188376,
       178
      ],
      [
       1291540.1594240349,
       424176.83443147986,
       178
      ],
      [
       1291540.1247581292,
       424177.0891953626,
       178
      ],
      [
       1291540.1005422946,
       424177.2244800241,
       178
      ],
      [
       1291540.0547629604,
       424177.51306507224,
       178
      ],
      [
       1291539.987420127,
       424177.95495050686,
       178
      ],
      [
       1291539.8985137946,
       424178.550136328,
       178
      ],
      [
       1291539.7880439633,
       424179.29862253566,
       178
      ],
      [
       1291539.6855652109,
       424180.04710874334,
       178
      ],
      [
       1291539.5910775373,
       424180.79559495096,
       178
      ],
      [
       1291539.5045809427,
       424181.54408115864,
       178
      ],
      [
       1291539.4260754269,
       424182.2925673663,
       178
      ],
      [
       1291539.3509424143,
       424183.041053574,
       178
      ],
      [
       1291539.2791819042,
       424183.7895397817,
       178
      ],
      [
       1291539.210793897,
       424184.5380259894,
       178
      ],
      [
       1291539.145778393,
       424185.28651219705,
       178
      ],
      [
       1291539.080215706,
       424186.03499840474,
       178
      ],
      [
       1291539.014105836,
       424186.78348461236,
       178
      ],
      [
       1291538.9474487836,
       424187.53197082004,
       178
      ],
      [
       1291538.880244548,
       424188.2804570278,
       178
      ],
      [
       1291538.8334053168,
       424189.02894323546,
       178
      ],
      [
       1291538.8069310891,
       424189.7774294431,
       178
      ],
      [
       1291538.800821866,
       424190.52591565077,
       178
      ],
      [
       1291538.8150776462,
       424191.2744018584,
       178
      ],
      [
       1291538.8537002634,
       424192.022888066,
       178
      ],
      [
       1291538.9166897167,
       424192.7713742738,
       178
      ],
      [
       1291539.0040460066,
       424193.51986048144,
       178
      ],
      [
       1291539.115769133,
       424194.26834668906,
       178
      ],
      [
       1291539.2544194814,
       424194.92229499615,
       178
      ],
      [
       1291539.4199970518,
       424195.48170540255,
       178
      ],
      [
       1291539.6125018448,
       424195.9465779084,
       178
      ],
      [
       1291539.8319338595,
       424196.31691251363,
       178
      ],
      [
       1291540.1836294224,
       424196.6810218479,
       178
      ],
      [
       1291540.6675885338,
       424197.0389059112,
       178
      ],
      [
       1291541.2838111934,
       424197.39056470356,
       178
      ],
      [
       1291542.0322974012,
       424197.735998225,
       178
      ],
      [
       1291542.780783609,
       424197.9972515649,
       178
      ],
      [
       1291543.5292698168,
       424198.1743247233,
       178
      ],
      [
       1291544.2777560244,
       424198.26721770025,
       178
      ],
      [
       1291545.0262422317,
       424198.2759304957,
       178
      ],
      [
       1291545.7747284393,
       424198.25889588165,
       178
      ],
      [
       1291546.523214647,
       424198.21611385816,
       178
      ],
      [
       1291547.2717008549,
       424198.14758442517,
       178
      ],
      [
       1291548.0201870627,
       424198.0533075828,
       178
      ],
      [
       1291548.6674332237,
       424198.012170483,
       178
      ],
      [
       1291549.2134393384,
       424198.02417312586,
       178
      ],
      [
       1291549.6582054067,
       424198.0893155112,
       178
      ],
      [
       1291550.0017314283,
       424198.20759763924,
       178
      ],
      [
       1291550.360615991,
       424198.3465555819,
       178
      ],
      [
       1291550.734859095,
       424198.50618933927,
       178
      ],
      [
       1291551.1244607398,
       424198.6864989113,
       178
      ],
      [
       1291551.5294209258,
       424198.887484298,
       178
      ],
      [
       1291551.9313044834,
       424199.1750985433,
       178
      ],
      [
       1291552.3301114135,
       424199.5493416471,
       178
      ],
      [
       1291552.7258417152,
       424200.01021360955,
       178
      ],
      [
       1291553.1184953887,
       424200.5577144305,
       178
      ],
      [
       1291553.4481932982,
       424201.1554615982,
       178
      ],
      [
       1291553.7149354436,
       424201.8034551125,
       178
      ],
      [
       1291553.9187218247,
       424202.5016949735,
       178
      ],
      [
       1291554.0595524416,
       424203.2501811812,
       178
      ],
      [
       1291554.0318043316,
       424203.9323535169,
       178
      ],
      [
       1291553.8354774949,
       424204.5482119808,
       178
      ],
      [
       1291553.4705719312,
       424205.09775657277,
       178
      ],
      [
       1291552.9370876404,
       424205.5809872928,
       178
      ],
      [
       1291552.3498528707,
       424205.9517538253,
       178
      ],
      [
       1291551.7088676214,
       424206.21005617036,
       178
      ],
      [
       1291551.014131893,
       424206.35589432786,
       178
      ],
      [
       1291550.2656456856,
       424206.3892682978,
       178
      ],
      [
       1291549.5171594778,
       424206.3807729684,
       178
      ],
      [
       1291548.76867327,
       424206.33040833974,
       178
      ],
      [
       1291548.0201870622,
       424206.2381744116,
       178
      ],
      [
       1291547.2717008549,
       424206.10407118395,
       178
      ],
      [
       1291546.5542425504,
       424206.0949899496,
       178
      ],
      [
       1291545.8678121492,
       424206.21093070845,
       178
      ],
      [
       1291545.2124096514,
       424206.4518934605,
       178
      ],
      [
       1291544.5880350568,
       424206.81787820556,
       178
      ],
      [
       1291544.1139270784,
       424207.2794883164,
       178
      ],
      [
       1291543.7900857166,
       424207.8367237928,
       178
      ],
      [
       1291543.6165109708,
       424208.4895846348,
       178
      ],
      [
       1291543.5932028412,
       424209.23807084246,
       178
      ],
      [
       1291543.668920061,
       424209.98655705014,
       178
      ],
      [
       1291543.8436626303,
       424210.73504325777,
       178
      ],
      [
       1291544.117430549,
       424211.48352946545,
       178
      ],
      [
       1291544.4902238173,
       424212.23201567313,
       178
      ],
      [
       1291544.8385411324,
       424212.8958779497,
       178
      ],
      [
       1291545.1623824947,
       424213.4751162953,
       178
      ],
      [
       1291545.4617479036,
       424213.96973070974,
       178
      ],
      [
       1291545.7366373595,
       424214.3797211931,
       178
      ],
      [
       1291545.993887179,
       424214.7718379867,
       178
      ],
      [
       1291546.2334973621,
       424215.14608109056,
       178
      ],
      [
       1291546.4554679089,
       424215.50245050463,
       178
      ],
      [
       1291546.6597988193,
       424215.8409462289,
       178
      ],
      [
       1291546.9367721102,
       424216.28193957405,
       178
      ],
      [
       1291547.2863877816,
       424216.82543054,
       178
      ],
      [
       1291547.7086458334,
       424217.47141912684,
       178
      ],
      [
       1291548.2035462658,
       424218.2199053345,
       178
      ],
      [
       1291548.5870353065,
       424218.7993032937,
       178
      ],
      [
       1291548.859112955,
       424219.20961300435,
       178
      ],
      [
       1291549.0197792118,
       424219.4508344665,
       178
      ],
      [
       1291549.0690340765,
       424219.52296768007,
       178
      ],
      [
       1291549.251088664,
       424219.7461558388,
       178
      ],
      [
       1291549.5659429738,
       424220.1203989426,
       178
      ],
      [
       1291550.0135970062,
       424220.6456969916,
       178
      ],
      [
       1291550.594050761,
       424221.32204998564,
       178
      ],
      [
       1291551.0713991905,
       424221.87174822774,
       178
      ],
      [
       1291551.4456422944,
       424222.29479171796,
       178
      ],
      [
       1291551.7167800725,
       424222.5911804563,
       178
      ],
      [
       1291551.8848125255,
       424222.7609144427,
       178
      ],
      [
       1291552.139212603,
       424223.0329029878,
       178
      ],
      [
       1291552.4799803055,
       424223.4071460917,
       178
      ],
      [
       1291552.9071156331,
       424223.88364375423,
       178
      ],
      [
       1291553.4206185853,
       424224.4623959755,
       178
      ],
      [
       1291553.8644916136,
       424224.9704837933,
       178
      ],
      [
       1291554.2387347175,
       424225.4079072077,
       178
      ],
      [
       1291554.543347897,
       424225.7746662186,
       178
      ],
      [
       1291554.7783311522,
       424226.07076082606,
       178
      ],
      [
       1291555.0271254464,
       424226.4059296817,
       178
      ],
      [
       1291555.2897307796,
       424226.78017278557,
       178
      ],
      [
       1291555.5661471514,
       424227.1934901376,
       178
      ],
      [
       1291555.8563745618,
       424227.64588173776,
       178
      ],
      [
       1291556.188609819,
       424228.1459534439,
       178
      ],
      [
       1291556.5628529228,
       424228.693705256,
       178
      ],
      [
       1291556.9791038735,
       424229.28913717397,
       178
      ],
      [
       1291557.4373626704,
       424229.9322491979,
       178
      ],
      [
       1291557.7958592682,
       424230.44092676183,
       178
      ],
      [
       1291558.054593666,
       424230.8151698656,
       178
      ],
      [
       1291558.2135658646,
       424231.05497850943,
       178
      ],
      [
       1291558.2727758635,
       424231.1603526932,
       178
      ],
      [
       1291558.4321401778,
       424231.42650488287,
       178
      ],
      [
       1291558.691658807,
       424231.8534350785,
       178
      ],
      [
       1291559.0513317517,
       424232.44114328024,
       178
      ],
      [
       1291559.5111590114,
       424233.1896294879,
       178
      ],
      [
       1291559.9133916935,
       424233.8409630548,
       178
      ],
      [
       1291560.258029798,
       424234.3951439808,
       178
      ],
      [
       1291560.5450733246,
       424234.852172266,
       178
      ],
      [
       1291560.7745222733,
       424235.2120479103,
       178
      ],
      [
       1291561.0015393882,
       424235.57910728443,
       178
      ],
      [
       1291561.2261246685,
       424235.9533503883,
       178
      ],
      [
       1291561.448278115,
       424236.3347772219,
       178
      ],
      [
       1291561.6679997272,
       424236.72338778514,
       178
      ],
      [
       1291561.9300976654,
       424237.2019672595,
       178
      ],
      [
       1291562.2345719298,
       424237.77051564504,
       178
      ],
      [
       1291562.5814225203,
       424238.4290329416,
       178
      ],
      [
       1291562.9706494368,
       424239.17751914926,
       178
      ],
      [
       1291563.297454044,
       424239.81809795665,
       178
      ],
      [
       1291563.5618363419,
       424240.35076936363,
       178
      ],
      [
       1291563.76379633,
       424240.7755333704,
       178
      ],
      [
       1291563.903334009,
       424241.0923899768,
       178
      ],
      [
       1291564.0464061545,
       424241.43793983187,
       178
      ],
      [
       1291564.193012766,
       424241.8121829357,
       178
      ],
      [
       1291564.3431538444,
       424242.21511928824,
       178
      ],
      [
       1291564.496829389,
       424242.6467488895,
       178
      ],
      [
       1291564.663747693,
       424243.1575926424,
       178
      ],
      [
       1291564.8439087565,
       424243.74765054684,
       178
      ],
      [
       1291565.0373125796,
       424244.4169226029,
       178
      ],
      [
       1291565.2439591622,
       424245.16540881066,
       178
      ],
      [
       1291565.4319549133,
       424245.91389501834,
       178
      ],
      [
       1291565.601299833,
       424246.66238122596,
       178
      ],
      [
       1291565.7519939214,
       424247.41086743365,
       178
      ],
      [
       1291565.8840371785,
       424248.15935364127,
       178
      ],
      [
       1291566.0026050508,
       424248.9078398489,
       178
      ],
      [
       1291566.1076975388,
       424249.6563260567,
       178
      ],
      [
       1291566.199314642,
       424250.4048122644,
       178
      ],
      [
       1291566.2774563606,
       424251.15329847194,
       178
      ],
      [
       1291566.3418142418,
       424251.9017846796,
       178
      ],
      [
       1291566.3923882851,
       424252.6502708874,
       178
      ],
      [
       1291566.4291784912,
       424253.39875709504,
       178
      ],
      [
       1291566.4521848597,
       424254.14724330266,
       178
      ]
     ]
    },
    "elevationFt": 178,
    "weight": "intermediate",
    "hidden": false
   }
  },
  {
   "type": "Feature",
   "geometry": {
    "type": "LineString",
    "coordinates": [
     [
      -77.07337072932988,
      38.83128973277161
     ],
     [
      -77.07336942097515,
      38.83129076118553
     ],
     [
      -77.0733675940334,
      38.83129223432864
     ],
     [
      -77.07336524850459,
      38.83129415220094
     ],
     [
      -77.073363419408,
      38.83129563980455
     ],
     [
      -77.0733621067437,
      38.83129669713954
     ],
     [
      -77.07336131051176,
      38.83129732420589
     ],
     [
      -77.07336103071219,
      38.831297521003634
     ],
     [
      -77.07336020630042,
      38.83129813362848
     ],
     [
      -77.07335883727644,
      38.83129916208042
     ],
     [
      -77.07335692364016,
      38.83130060635941
     ],
     [
      -77.07335446539156,
      38.83130246646547
     ],
     [
      -77.07335257989108,
      38.8313038825166
     ],
     [
      -77.07335126713882,
      38.83130485451282
     ],
     [
      -77.0733505271348,
      38.8313053824542
     ],
     [
      -77.07335035987907,
      38.831305466340666
     ],
     [
      -77.07334957790675,
      38.831305864989965
     ],
     [
      -77.07334818121782,
      38.83130657840207
     ],
     [
      -77.07334616981225,
      38.831307606576935
     ],
     [
      -77.07334354369,
      38.83130894951457
     ],
     [
      -77.07334125534588,
      38.8313101144466
     ],
     [
      -77.07333930477995,
      38.83131110137306
     ],
     [
      -77.07333769199224,
      38.83131191029397
     ],
     [
      -77.07333641698274,
      38.831312541209336
     ],
     [
      -77.0733351228704,
      38.83131311750776
     ],
     [
      -77.07333380965525,
      38.83131363918921
     ],
     [
      -77.07333247733726,
      38.831314106253735
     ],
     [
      -77.07333112591645,
      38.8313145187013
     ],
     [
      -77.07332945564173,
      38.83131499006496
     ],
     [
      -77.07332746651312,
      38.83131552034472
     ],
     [
      -77.07332515853058,
      38.83131610954052
     ],
     [
      -77.07332253169412,
      38.831316757652374
     ],
     [
      -77.07331990489052,
      38.83131743782547
     ],
     [
      -77.07331727811982,
      38.83131815005983
     ],
     [
      -77.07331465138195,
      38.831318894355434
     ],
     [
      -77.07331202467697,
      38.83131967071229
     ],
     [
      -77.07330990773664,
      38.83132030867617
     ],
     [
      -77.07330830056102,
      38.83132080824711
     ],
     [
      -77.07330720315012,
      38.831321169425145
     ],
     [
      -77.07330661550394,
      38.83132139221028
     ],
     [
      -77.07330566505284,
      38.83132174471174
     ],
     [
      -77.07330435179679,
      38.83132222692954
     ],
     [
      -77.07330267573579,
      38.83132283886364
     ],
     [
      -77.07330063686982,
      38.83132358051406
     ],
     [
      -77.07329845117535,
      38.831324458815445
     ],
     [
      -77.07329611865235,
      38.8313254737678
     ],
     [
      -77.07329363930084,
      38.8313266253711
     ],
     [
      -77.07329101312075,
      38.83132791362537
     ],
     [
      -77.07328902283967,
      38.831328886880954
     ],
     [
      -77.07328766845761,
      38.83132954513792
     ],
     [
      -77.07328694997463,
      38.831329888396276
     ],
     [
      -77.07328686739073,
      38.831329916656045
     ],
     [
      -77.07328616946653,
      38.83133016789785
     ],
     [
      -77.07328485620198,
      38.83133064212171
     ],
     [
      -77.07328292759709,
      38.8313313393276
     ],
     [
      -77.07328038365182,
      38.83133225951547
     ],
     [
      -77.07327781884537,
      38.831332977150055
     ],
     [
      -77.0732752331778,
      38.83133349223135
     ],
     [
      -77.0732726266491,
      38.83133380475934
     ],
     [
      -77.07326999925932,
      38.831333914734024
     ],
     [
      -77.07326737176416,
      38.83133392202552
     ],
     [
      -77.07326474416364,
      38.83133382663384
     ],
     [
      -77.07326211645777,
      38.831333628558944
     ],
     [
      -77.07325948864657,
      38.83133332780087
     ],
     [
      -77.07325686080598,
      38.83133299837914
     ],
     [
      -77.07325423293601,
      38.83133264029375
     ],
     [
      -77.07325160503666,
      38.831332253544694
     ],
     [
      -77.07324897710794,
      38.831331838131995
     ],
     [
      -77.07324673440272,
      38.83133144988145
     ],
     [
      -77.07324487692102,
      38.831331088793114
     ],
     [
      -77.07324340466283,
      38.831330754866975
     ],
     [
      -77.07324231762814,
      38.83133044810306
     ],
     [
      -77.07324111706009,
      38.831330124043234
     ],
     [
      -77.07323980295871,
      38.83132978268748
     ],
     [
      -77.073238375324,
      38.83132942403579
     ],
     [
      -77.07323683415594,
      38.83132904808819
     ],
     [
      -77.07323502134304,
      38.83132870640098
     ],
     [
      -77.07323293688529,
      38.83132839897419
     ],
     [
      -77.07323058078269,
      38.83132812580776
     ],
     [
      -77.07322795303526,
      38.831327886901704
     ],
     [
      -77.07322532547254,
      38.831327828080546
     ],
     [
      -77.07322269809445,
      38.83132794934432
     ],
     [
      -77.07322007090106,
      38.831328250693
     ],
     [
      -77.07321744389228,
      38.83132873212659
     ],
     [
      -77.07321534248716,
      38.831329127705
     ],
     [
      -77.07321376668571,
      38.83132943742831
     ],
     [
      -77.07321271648793,
      38.831329661296515
     ],
     [
      -77.07321219189384,
      38.831329799309614
     ],
     [
      -77.07321127292435,
      38.831330066476355
     ],
     [
      -77.07320995957944,
      38.83133046279665
     ],
     [
      -77.07320825185911,
      38.83133098827058
     ],
     [
      -77.07320614976334,
      38.831331642898085
     ],
     [
      -77.07320391652128,
      38.83133233426732
     ],
     [
      -77.07320155213294,
      38.831333062378356
     ],
     [
      -77.07319905659831,
      38.83133382723112
     ],
     [
      -77.0731964299174,
      38.83133462882564
     ],
     [
      -77.07319402890545,
      38.83133538077345
     ],
     [
      -77.07319185356249,
      38.83133608307464
     ],
     [
      -77.07318990388855,
      38.831336735729174
     ],
     [
      -77.0731881798836,
      38.83133733873706
     ],
     [
      -77.07318666124178,
      38.83133787083832
     ],
     [
      -77.07318534796308,
      38.83133833203298
     ],
     [
      -77.07318424004752,
      38.831338722321
     ],
     [
      -77.07318333749511,
      38.831339041702456
     ],
     [
      -77.07318200382365,
      38.831339396909236
     ],
     [
      -77.0731802390331,
      38.83133978794133
     ],
     [
      -77.07317804312349,
      38.83134021479876
     ],
     [
      -77.07317541609478,
      38.83134067748145
     ],
     [
      -77.07317278892144,
      38.83134099906142
     ],
     [
      -77.07317016160349,
      38.83134117953863
     ],
     [
      -77.07316753414091,
      38.8313412189131
     ],
     [
      -77.07316490653378,
      38.83134111718485
     ],
     [
      -77.07316227888089,
      38.83134097081591
     ],
     [
      -77.07315965118228,
      38.83134077980629
     ],
     [
      -77.07315702343796,
      38.83134054415601
     ],
     [
      -77.07315439564792,
      38.83134026386503
     ],
     [
      -77.07315176796007,
      38.83134008330867
     ],
     [
      -77.0731491403744,
      38.83134000248686
     ],
     [
      -77.07314651289092,
      38.83134002139963
     ],
     [
      -77.0731438855096,
      38.831340140047004
     ],
     [
      -77.07314125832879,
      38.831340454455564
     ],
     [
      -77.07313863134847,
      38.831340964625376
     ],
     [
      -77.07313600456862,
      38.83134167055639
     ],
     [
      -77.07313337798922,
      38.831342572248616
     ],
     [
      -77.07313087446403,
      38.83134340975168
     ],
     [
      -77.07312849399304,
      38.831344183065596
     ],
     [
      -77.07312623657629,
      38.83134489219038
     ],
     [
      -77.07312410221375,
      38.83134553712604
     ],
     [
      -77.07312237836457,
      38.83134606258012
     ],
     [
      -77.07312106502877,
      38.831346468552645
     ],
     [
      -77.07312016220634,
      38.83134675504365
     ],
     [
      -77.07311966989731,
      38.83134692205312
     ],
     [
      -77.07311864386237,
      38.83134711821851
     ],
     [
      -77.07311708410151,
      38.831347343539804
     ],
     [
      -77.07311499061473,
      38.83134759801696
     ],
     [
      -77.073112363402,
      38.83134788164997
     ],
     [
      -77.07310973614412,
      38.83134812120062
     ],
     [
      -77.07310710884109,
      38.8313483166689
     ],
     [
      -77.07310448149292,
      38.831348468054806
     ],
     [
      -77.07310185409959,
      38.831348575358334
     ],
     [
      -77.07309922684044,
      38.83134881372746
     ],
     [
      -77.07309659971544,
      38.83134918316216
     ],
     [
      -77.0730939727246,
      38.831349683662445
     ],
     [
      -77.07309134586787,
      38.83135031522833
     ],
     [
      -77.07308882963837,
      38.83135100697368
     ],
     [
      -77.07308642403608,
      38.831351758898506
     ],
     [
      -77.07308412906102,
      38.83135257100287
     ],
     [
      -77.07308194471317,
      38.831353443286716
     ],
     [
      -77.0730801959343,
      38.83135414412666
     ],
     [
      -77.07307888272442,
      38.83135467352273
     ],
     [
      -77.07307800508356,
      38.83135503147493
     ],
     [
      -77.07307756301172,
      38.83135521798326
     ],
     [
      -77.07307657505169,
      38.83135581681402
     ],
     [
      -77.07307504120344,
      38.831356827967156
     ],
     [
      -77.07307296146688,
      38.831358251442694
     ],
     [
      -77.07307033584199,
      38.83136008724056
     ],
     [
      -77.07306835924963,
      38.83136147279288
     ],
     [
      -77.07306703168987,
      38.83136240809964
     ],
     [
      -77.07306635316276,
      38.8313628931609
     ],
     [
      -77.07306632366834,
      38.831362927976656
     ],
     [
      -77.07306620907994,
      38.83136346794205
     ],
     [
      -77.07306600939756,
      38.831364513057125
     ],
     [
      -77.07306572462119,
      38.83136606332183
     ],
     [
      -77.0730653547508,
      38.831368118736194
     ],
     [
      -77.07306517805316,
      38.831369982054184
     ],
     [
      -77.07306519452828,
      38.83137165327579
     ],
     [
      -77.07306540417619,
      38.83137313240102
     ],
     [
      -77.07306580699687,
      38.83137441942988
     ],
     [
      -77.07306616850008,
      38.831375576639765
     ],
     [
      -77.0730664886858,
      38.83137660403072
     ],
     [
      -77.07306676755401,
      38.83137750160272
     ],
     [
      -77.07306700510473,
      38.831378269355774
     ],
     [
      -77.07306740838744,
      38.83137935882533
     ],
     [
      -77.07306797740216,
      38.831380770011386
     ],
     [
      -77.0730687121489,
      38.83138250291393
     ],
     [
      -77.07306961262766,
      38.831384557532964
     ],
     [
      -77.07307038358428,
      38.83138661223309
     ],
     [
      -77.07307102501869,
      38.83138866701431
     ],
     [
      -77.07307153693093,
      38.831390721876595
     ],
     [
      -77.07307191932097,
      38.83139277681999
     ],
     [
      -77.07307190317337,
      38.8313948320129
     ],
     [
      -77.07307148848813,
      38.83139688745532
     ],
     [
      -77.07307067526517,
      38.83139894314727
     ],
     [
      -77.0730694635045,
      38.83140099908874
     ],
     [
      -77.0730684793548,
      38.831402601530435
     ],
     [
      -77.0730677228161,
      38.831403750472404
     ],
     [
      -77.07306719388845,
      38.83140444591462
     ],
     [
      -77.07306689257183,
      38.831404687857095
     ],
     [
      -77.07306602166834,
      38.831405323074954
     ],
     [
      -77.07306458117796,
      38.83140635156815
     ],
     [
      -77.0730625711006,
      38.83140777333669
     ],
     [
      -77.07305999143624,
      38.83140958838053
     ],
     [
      -77.07305804520516,
      38.83141096260016
     ],
     [
      -77.07305673240742,
      38.83141189599561
     ],
     [
      -77.07305605304309,
      38.83141238856691
     ],
     [
      -77.07305600711217,
      38.83141244031407
     ],
     [
      -77.07305544889621,
      38.8314129803184
     ],
     [
      -77.07305437839518,
      38.831414008579856
     ],
     [
      -77.07305279560904,
      38.83141552509849
     ],
     [
      -77.07305070053773,
      38.83141752987424
     ],
     [
      -77.07304899696034,
      38.83141934820784
     ],
     [
      -77.07304768487691,
      38.83142098009931
     ],
     [
      -77.07304676428747,
      38.83142242554868
     ],
     [
      -77.07304623519207,
      38.831423684555936
     ],
     [
      -77.07304573354294,
      38.83142482800365
     ],
     [
      -77.07304525934006,
      38.83142585589185
     ],
     [
      -77.07304481258349,
      38.831426768220496
     ],
     [
      -77.07304439327318,
      38.83142756498961
     ],
     [
      -77.07304396198522,
      38.83142867643523
     ],
     [
      -77.07304351871959,
      38.831430102557384
     ],
     [
      -77.07304306347628,
      38.83143184335606
     ],
     [
      -77.07304259625529,
      38.83143389883126
     ],
     [
      -77.07304205627602,
      38.83143595435199
     ],
     [
      -77.07304144353853,
      38.831438009918244
     ],
     [
      -77.07304075804277,
      38.83144006553003
     ],
     [
      -77.07303999978872,
      38.83144212118736
     ],
     [
      -77.07303918701315,
      38.83144399546258
     ],
     [
      -77.07303831971603,
      38.83144568835571
     ],
     [
      -77.07303739789741,
      38.83144719986676
     ],
     [
      -77.07303642155725,
      38.831448529995704
     ],
     [
      -77.07303552979721,
      38.83144970910841
     ],
     [
      -77.07303472261734,
      38.831450737204925
     ],
     [
      -77.07303400001759,
      38.831451614285214
     ],
     [
      -77.073033361998,
      38.8314523403493
     ],
     [
      -77.07303238669729,
      38.83145327616724
     ],
     [
      -77.07303107411545,
      38.83145442173902
     ],
     [
      -77.07302942425245,
      38.83145577706462
     ],
     [
      -77.07302743710825,
      38.83145734214404
     ],
     [
      -77.07302578249852,
      38.83145863889304
     ],
     [
      -77.0730244604233,
      38.83145966731165
     ],
     [
      -77.07302347088259,
      38.83146042739986
     ],
     [
      -77.07302281387645,
      38.8314609191577
     ],
     [
      -77.0730218291213,
      38.831461775938415
     ],
     [
      -77.07302051661709,
      38.83146299774197
     ],
     [
      -77.07301887636379,
      38.83146458456839
     ],
     [
      -77.07301690836137,
      38.83146653641763
     ],
     [
      -77.07301541303079,
      38.831468026457834
     ],
     [
      -77.0730143903721,
      38.831469054689
     ],
     [
      -77.07301384038533,
      38.83146962111117
     ],
     [
      -77.07301376307052,
      38.831469725724304
     ],
     [
      -77.07301348484228,
      38.83147031811763
     ],
     [
      -77.07301300570059,
      38.83147139829116
     ],
     [
      -77.07301232564546,
      38.83147296624486
     ],
     [
      -77.07301144467685,
      38.83147502197876
     ],
     [
      -77.07301071097915,
      38.83147707762052
     ],
     [
      -77.0730101245524,
      38.83147913317014
     ],
     [
      -77.07300968539658,
      38.83148118862762
     ],
     [
      -77.07300939351175,
      38.831483243993
     ],
     [
      -77.07300918487594,
      38.83148529930629
     ],
     [
      -77.07300905948917,
      38.831487354567486
     ],
     [
      -77.07300901735144,
      38.83148940977661
     ],
     [
      -77.07300905846277,
      38.83149146493366
     ],
     [
      -77.07300895072005,
      38.83149352018383
     ],
     [
      -77.07300869412325,
      38.831495575527114
     ],
     [
      -77.07300828867237,
      38.8314976309635
     ],
     [
      -77.07300773436741,
      38.83149968649302
     ],
     [
      -77.07300710500516,
      38.83150149678786
     ],
     [
      -77.0730064005856,
      38.83150306184806
     ],
     [
      -77.07300562110876,
      38.831504381673604
     ],
     [
      -77.07300476657461,
      38.83150545626447
     ],
     [
      -77.07300381677217,
      38.83150650768244
     ],
     [
      -77.07300277170143,
      38.83150753592753
     ],
     [
      -77.07300163136236,
      38.831508540999714
     ],
     [
      -77.07300039575496,
      38.83150952289899
     ],
     [
      -77.07299912164342,
      38.831510570846255
     ],
     [
      -77.07299780902771,
      38.83151168484146
     ],
     [
      -77.07299645790785,
      38.831512864884665
     ],
     [
      -77.0729950682838,
      38.83151411097583
     ],
     [
      -77.07299387476985,
      38.831515248128994
     ],
     [
      -77.07299287736602,
      38.831516276344175
     ],
     [
      -77.07299207607232,
      38.831517195621366
     ],
     [
      -77.07299147088878,
      38.83151800596059
     ],
     [
      -77.07299062341623,
      38.83151912775684
     ],
     [
      -77.07298953365466,
      38.831520561010095
     ],
     [
      -77.07298820160406,
      38.831522305720405
     ],
     [
      -77.07298662726437,
      38.831524361887695
     ],
     [
      -77.07298533539091,
      38.83152604628439
     ],
     [
      -77.07298432598374,
      38.831527358910506
     ],
     [
      -77.07298359904286,
      38.83152829976601
     ],
     [
      -77.0729831545683,
      38.83152886885096
     ],
     [
      -77.0729825099632,
      38.83152966745323
     ],
     [
      -77.07298166522752,
      38.831530695572845
     ],
     [
      -77.07298062036124,
      38.831531953209804
     ],
     [
      -77.07297937536434,
      38.831533440364055
     ],
     [
      -77.07297809678342,
      38.8315349618296
     ],
     [
      -77.07297678461843,
      38.83153651760637
     ],
     [
      -77.07297543886943,
      38.83153810769441
     ],
     [
      -77.07297405953636,
      38.8315397320937
     ],
     [
      -77.07297289599731,
      38.83154105838531
     ],
     [
      -77.0729719482523,
      38.83154208656927
     ],
     [
      -77.07297121630134,
      38.831542816645545
     ],
     [
      -77.07297070014447,
      38.83154324861417
     ],
     [
      -77.0729698688598,
      38.831544086664024
     ],
     [
      -77.07296872244734,
      38.831545330795116
     ],
     [
      -77.07296726090703,
      38.83154698100742
     ],
     [
      -77.07296548423886,
      38.83154903730092
     ],
     [
      -77.0729640688059,
      38.83155068122077
     ],
     [
      -77.07296301460822,
      38.83155191276699
     ],
     [
      -77.07296232164586,
      38.831552731939595
     ],
     [
      -77.07296198991885,
      38.831553138738585
     ],
     [
      -77.07296140781858,
      38.83155385619397
     ],
     [
      -77.07296057534504,
      38.83155488430577
     ],
     [
      -77.0729594924982,
      38.831556223073946
     ],
     [
      -77.07295815927804,
      38.831557872498514
     ],
     [
      -77.07295683650563,
      38.83155939737051
     ],
     [
      -77.0729555241809,
      38.83156079768991
     ],
     [
      -77.0729542223039,
      38.83156207345671
     ],
     [
      -77.07295293087465,
      38.831563224670944
     ],
     [
      -77.07295176400959,
      38.83156431439951
     ],
     [
      -77.0729507217087,
      38.83156534264239
     ],
     [
      -77.07294980397201,
      38.831566309399584
     ],
     [
      -77.07294901079952,
      38.83156721467111
     ],
     [
      -77.07294802694159,
      38.83156840766355
     ],
     [
      -77.07294685239822,
      38.83156988837694
     ],
     [
      -77.07294548716936,
      38.83157165681122
     ],
     [
      -77.07294393125497,
      38.83157371296642
     ],
     [
      -77.07294269577311,
      38.83157555242778
     ],
     [
      -77.0729417807238,
      38.831577175195314
     ],
     [
      -77.07294118610704,
      38.83157858126899
     ],
     [
      -77.0729409119229,
      38.83157977064888
     ],
     [
      -77.07294065441369,
      38.83158087920977
     ]
    ]
   },
   "properties": {
    "id": "ct-9",
    "kind": "Contour",
    "sourceId": "contours",
    "reliabilityLevel": 1,
    "revision": 1,
    "engineeringGeometry": {
     "crs": "EPSG:2248",
     "crsName": "NAD83 / Maryland State Plane (US survey feet)",
     "datum": "NAD83",
     "unit": "usSurveyFoot",
     "coordinates": [
      [
       1291432.4882805806,
       424147.8267144443,
       180
      ],
      [
       1291432.861287633,
       424148.2009575482,
       180
      ],
      [
       1291433.38215275,
       424148.73704984016,
       180
      ],
      [
       1291434.0508759315,
       424149.43499132025,
       180
      ],
      [
       1291434.5723590744,
       424149.976349579,
       180
      ],
      [
       1291434.946602178,
       424150.3611246164,
       180
      ],
      [
       1291435.173605243,
       424150.58931643254,
       180
      ],
      [
       1291435.2533682692,
       424150.6609250273,
       180
      ],
      [
       1291435.4883945803,
       424150.8838508766,
       180
      ],
      [
       1291435.8786841761,
       424151.2580939805,
       180
      ],
      [
       1291436.4242370573,
       424151.78365433885,
       180
      ],
      [
       1291437.1250532235,
       424152.4605319517,
       180
      ],
      [
       1291437.6625828585,
       424152.97581833915,
       180
      ],
      [
       1291438.0368259624,
       424153.3295135012,
       180
      ],
      [
       1291438.247782535,
       424153.5216174378,
       180
      ],
      [
       1291438.2954525766,
       424153.5521301489,
       180
      ],
      [
       1291438.5183266597,
       424153.69713703153,
       180
      ],
      [
       1291438.9164047842,
       424153.9566380856,
       180
      ],
      [
       1291439.4896869506,
       424154.3306333112,
       180
      ],
      [
       1291440.238173158,
       424154.81912270817,
       180
      ],
      [
       1291440.8903857074,
       424155.2428607808,
       180
      ],
      [
       1291441.446324598,
       424155.6018475292,
       180
      ],
      [
       1291441.9059898306,
       424155.896082953,
       180
      ],
      [
       1291442.2693814049,
       424156.1255670525,
       180
      ],
      [
       1291442.6381987436,
       424156.33515559504,
       180
      ],
      [
       1291443.0124418475,
       424156.5248485807,
       180
      ],
      [
       1291443.3921107163,
       424156.6946460095,
       180
      ],
      [
       1291443.7772053499,
       424156.8445478813,
       180
      ],
      [
       1291444.253147877,
       424157.0158337125,
       180
      ],
      [
       1291444.8199382976,
       424157.208503503,
       180
      ],
      [
       1291445.4775766118,
       424157.42255725287,
       180
      ],
      [
       1291446.2260628194,
       424157.65799496206,
       180
      ],
      [
       1291446.9745490272,
       424157.90510922985,
       180
      ],
      [
       1291447.7230352345,
       424158.1639000562,
       180
      ],
      [
       1291448.4715214423,
       424158.4343674411,
       180
      ],
      [
       1291449.22000765,
       424158.7165113845,
       180
      ],
      [
       1291449.823238708,
       424158.9483700129,
       180
      ],
      [
       1291450.2812146163,
       424159.1299433261,
       180
      ],
      [
       1291450.593935375,
       424159.2612313244,
       180
      ],
      [
       1291450.761400984,
       424159.34223400766,
       180
      ],
      [
       1291451.0322553404,
       424159.47039567214,
       180
      ],
      [
       1291451.4064984443,
       424159.64571631805,
       180
      ],
      [
       1291451.8841302956,
       424159.86819594516,
       180
      ],
      [
       1291452.4651508941,
       424160.1378345536,
       180
      ],
      [
       1291453.088037895,
       424160.45720711915,
       180
      ],
      [
       1291453.7527912983,
       424160.8263136418,
       180
      ],
      [
       1291454.4594111037,
       424161.24515412166,
       180
      ],
      [
       1291455.2078973115,
       424161.7137285586,
       180
      ],
      [
       1291455.7751453693,
       424162.0677276769,
       180
      ],
      [
       1291456.1611552774,
       424162.3071514765,
       180
      ],
      [
       1291456.3659270352,
       424162.4319999574,
       180
      ],
      [
       1291456.3894606435,
       424162.4422731197,
       180
      ],
      [
       1291456.5883489994,
       424162.5336143893,
       180
      ],
      [
       1291456.9625921033,
       424162.7060237663,
       180
      ],
      [
       1291457.512189955,
       424162.95950125065,
       180
      ],
      [
       1291458.2371425545,
       424163.2940468423,
       180
      ],
      [
       1291458.9679785562,
       424163.55481889617,
       180
      ],
      [
       1291459.7046979596,
       424163.74181741214,
       180
      ],
      [
       1291460.4473007652,
       424163.8550423903,
       180
      ],
      [
       1291461.195786973,
       424163.8944938305,
       180
      ],
      [
       1291461.9442731806,
       424163.89654861746,
       180
      ],
      [
       1291462.6927593881,
       424163.8612067511,
       180
      ],
      [
       1291463.441245596,
       424163.78846823133,
       180
      ],
      [
       1291464.1897318033,
       424163.67833305825,
       180
      ],
      [
       1291464.938218011,
       424163.5577587547,
       180
      ],
      [
       1291465.6867042189,
       424163.4267453208,
       180
      ],
      [
       1291466.4351904267,
       424163.2852927564,
       180
      ],
      [
       1291467.183676634,
       424163.13340106164,
       180
      ],
      [
       1291467.822433695,
       424162.9914897496,
       180
      ],
      [
       1291468.3514616094,
       424162.8595588201,
       180
      ],
      [
       1291468.770760377,
       424162.73760827334,
       180
      ],
      [
       1291469.0803299975,
       424162.6256381093,
       180
      ],
      [
       1291469.4222363597,
       424162.50734292244,
       180
      ],
      [
       1291469.7964794636,
       424162.3827227129,
       180
      ],
      [
       1291470.203059309,
       424162.2517774806,
       180
      ],
      [
       1291470.641975896,
       424162.1145072255,
       180
      ],
      [
       1291471.158284888,
       424161.98965235037,
       180
      ],
      [
       1291471.7519862854,
       424161.8772128551,
       180
      ],
      [
       1291472.4230800879,
       424161.7771887396,
       180
      ],
      [
       1291473.1715662954,
       424161.68958000414,
       180
      ],
      [
       1291473.9200525032,
       424161.6675572599,
       180
      ],
      [
       1291474.6685387106,
       424161.7111205071,
       180
      ],
      [
       1291475.4170249184,
       424161.8202697457,
       180
      ],
      [
       1291476.1655111262,
       424161.9950049756,
       180
      ],
      [
       1291476.7642456186,
       424162.13859233825,
       180
      ],
      [
       1291477.2132283957,
       424162.2510318335,
       180
      ],
      [
       1291477.5124594572,
       424162.3323234615,
       180
      ],
      [
       1291477.6619388035,
       424162.38246722217,
       180
      ],
      [
       1291477.9238000286,
       424162.4795579172,
       180
      ],
      [
       1291478.2980431325,
       424162.6235955467,
       180
      ],
      [
       1291478.7846681152,
       424162.8145801106,
       180
      ],
      [
       1291479.3836749762,
       424163.05251160887,
       180
      ],
      [
       1291480.020051674,
       424163.30379431107,
       180
      ],
      [
       1291480.6937982086,
       424163.56842821726,
       180
      ],
      [
       1291481.4049145798,
       424163.8464133273,
       180
      ],
      [
       1291482.1534007876,
       424164.13774964126,
       180
      ],
      [
       1291482.8375870604,
       424164.4110564756,
       180
      ],
      [
       1291483.4574733982,
       424164.66633383033,
       180
      ],
      [
       1291484.0130598014,
       424164.90358170535,
       180
      ],
      [
       1291484.5043462696,
       424165.12280010065,
       180
      ],
      [
       1291484.9371110557,
       424165.3162416063,
       180
      ],
      [
       1291485.3113541596,
       424165.48390622233,
       180
      ],
      [
       1291485.627075581,
       424165.62579394854,
       180
      ],
      [
       1291485.8842753207,
       424165.74190478504,
       180
      ],
      [
       1291486.264296677,
       424165.87096456264,
       180
      ],
      [
       1291486.7671396506,
       424166.0129732812,
       180
      ],
      [
       1291487.3928042413,
       424166.16793094075,
       180
      ],
      [
       1291488.141290449,
       424166.3358375414,
       180
      ],
      [
       1291488.8897766566,
       424166.45235529356,
       180
      ],
      [
       1291489.6382628642,
       424166.5174841973,
       180
      ],
      [
       1291490.386749072,
       424166.53122425254,
       180
      ],
      [
       1291491.1352352793,
       424166.4935754594,
       180
      ],
      [
       1291491.8837214871,
       424166.43966879026,
       180
      ],
      [
       1291492.632207695,
       424166.3695042451,
       180
      ],
      [
       1291493.3806939027,
       424166.28308182396,
       180
      ],
      [
       1291494.12918011,
       424166.1804015268,
       180
      ],
      [
       1291494.8776663179,
       424166.11404405744,
       180
      ],
      [
       1291495.6261525257,
       424166.08400941576,
       180
      ],
      [
       1291496.3746387335,
       424166.0902976018,
       180
      ],
      [
       1291497.1231249408,
       424166.13290861563,
       180
      ],
      [
       1291497.8716111486,
       424166.24681484804,
       180
      ],
      [
       1291498.6200973564,
       424166.432016299,
       180
      ],
      [
       1291499.3685835642,
       424166.6885129685,
       180
      ],
      [
       1291500.1170697715,
       424167.0163048566,
       180
      ],
      [
       1291500.830483278,
       424167.3207475124,
       180
      ],
      [
       1291501.5088240833,
       424167.6018409359,
       180
      ],
      [
       1291502.1520921872,
       424167.8595851271,
       180
      ],
      [
       1291502.7602875899,
       424168.09398008604,
       180
      ],
      [
       1291503.2515068431,
       424168.2849542042,
       180
      ],
      [
       1291503.6257499468,
       424168.4325074819,
       180
      ],
      [
       1291503.883016901,
       424168.5366399187,
       180
      ],
      [
       1291504.0233077062,
       424168.59735151485,
       180
      ],
      [
       1291504.315647362,
       424168.6685597548,
       180
      ],
      [
       1291504.7600358683,
       424168.75026463845,
       180
      ],
      [
       1291505.3564732254,
       424168.84246616584,
       180
      ],
      [
       1291506.1049594327,
       424168.945164337,
       180
      ],
      [
       1291506.8534456403,
       424169.03180796467,
       180
      ],
      [
       1291507.601931848,
       424169.10239704873,
       180
      ],
      [
       1291508.350418056,
       424169.15693158936,
       180
      ],
      [
       1291509.0989042637,
       424169.19541158644,
       180
      ],
      [
       1291509.8473904715,
       424169.28162499564,
       180
      ],
      [
       1291510.5958766793,
       424169.4155718171,
       180
      ],
      [
       1291511.3443628869,
       424169.5972520506,
       180
      ],
      [
       1291512.0928490942,
       424169.8266656963,
       180
      ],
      [
       1291512.8098389073,
       424170.07802162995,
       180
      ],
      [
       1291513.4953323256,
       424170.3513198516,
       180
      ],
      [
       1291514.1493293492,
       424170.6465603612,
       180
      ],
      [
       1291514.771829978,
       424170.9637431588,
       180
      ],
      [
       1291515.2702018444,
       424171.21858638054,
       180
      ],
      [
       1291515.6444449483,
       424171.4110900265,
       180
      ],
      [
       1291515.8945592896,
       424171.54125409655,
       180
      ],
      [
       1291516.0205448684,
       424171.6090785908,
       180
      ],
      [
       1291516.3021556044,
       424171.8269441448,
       180
      ],
      [
       1291516.7393914976,
       424172.1948507584,
       180
      ],
      [
       1291517.332252548,
       424172.71279843175,
       180
      ],
      [
       1291518.0807387556,
       424173.3807871648,
       180
      ],
      [
       1291518.644206437,
       424173.8849469597,
       180
      ],
      [
       1291519.022655592,
       424174.22527781635,
       180
      ],
      [
       1291519.216086221,
       424174.4017797349,
       180
      ],
      [
       1291519.2244983234,
       424174.4144527153,
       180
      ],
      [
       1291519.2572980493,
       424174.6110790025,
       180
      ],
      [
       1291519.3144853984,
       424174.9916585965,
       180
      ],
      [
       1291519.3960603708,
       424175.55619149737,
       180
      ],
      [
       1291519.5020229663,
       424176.30467770505,
       180
      ],
      [
       1291519.5529012387,
       424176.98324751836,
       180
      ],
      [
       1291519.548695187,
       424177.5919009374,
       180
      ],
      [
       1291519.4894048125,
       424178.130637962,
       180
      ],
      [
       1291519.3750301143,
       424178.5994585923,
       180
      ],
      [
       1291519.2723875185,
       424179.02099045936,
       180
      ],
      [
       1291519.1814770256,
       424179.39523356326,
       180
      ],
      [
       1291519.102298635,
       424179.7221879038,
       180
      ],
      [
       1291519.0348523469,
       424180.00185348117,
       180
      ],
      [
       1291518.9202884603,
       424180.3987242161,
       180
      ],
      [
       1291518.758606975,
       424180.91280010855,
       180
      ],
      [
       1291518.5498078912,
       424181.54408115864,
       180
      ],
      [
       1291518.293891209,
       424182.2925673663,
       180
      ],
      [
       1291518.0748710018,
       424183.041053574,
       180
      ],
      [
       1291517.8927472695,
       424183.7895397817,
       180
      ],
      [
       1291517.7475200128,
       424184.5380259894,
       180
      ],
      [
       1291517.6391892307,
       424185.28651219705,
       180
      ],
      [
       1291517.6443882564,
       424186.03499840474,
       180
      ],
      [
       1291517.7631170892,
       424186.78348461236,
       180
      ],
      [
       1291517.9953757292,
       424187.53197082004,
       180
      ],
      [
       1291518.3411641766,
       424188.2804570278,
       180
      ],
      [
       1291518.6219818383,
       424188.8638330362,
       180
      ],
      [
       1291518.8378287144,
       424189.28209884535,
       180
      ],
      [
       1291518.988704805,
       424189.53525445523,
       180
      ],
      [
       1291519.0746101097,
       424189.6232998659,
       180
      ],
      [
       1291519.3228858344,
       424189.85444412316,
       180
      ],
      [
       1291519.733531979,
       424190.22868722695,
       180
      ],
      [
       1291520.3065485433,
       424190.7460291774,
       180
      ],
      [
       1291521.0419355272,
       424191.40646997443,
       180
      ],
      [
       1291521.5967505714,
       424191.90650946123,
       180
      ],
      [
       1291521.9709936753,
       424192.2461476379,
       180
      ],
      [
       1291522.164664839,
       424192.4253845044,
       180
      ],
      [
       1291522.1777640623,
       424192.4442200606,
       180
      ],
      [
       1291522.3369380296,
       424192.64075939066,
       180
      ],
      [
       1291522.6421867406,
       424193.01500249456,
       180
      ],
      [
       1291523.0935101951,
       424193.5669493722,
       180
      ],
      [
       1291523.690908393,
       424194.29660002346,
       180
      ],
      [
       1291524.176729044,
       424194.95843873214,
       180
      ],
      [
       1291524.5509721478,
       424195.5524654981,
       180
      ],
      [
       1291524.8136377046,
       424196.0786803213,
       180
      ],
      [
       1291524.9647257142,
       424196.53708320187,
       180
      ],
      [
       1291525.107961543,
       424196.953406194,
       180
      ],
      [
       1291525.2433451908,
       424197.32764929783,
       180
      ],
      [
       1291525.3708766573,
       424197.65981251333,
       180
      ],
      [
       1291525.4905559432,
       424197.9498958405,
       180
      ],
      [
       1291525.6137389506,
       424198.3545798878,
       180
      ],
      [
       1291525.7404256798,
       424198.8738646552,
       180
      ],
      [
       1291525.8706161303,
       424199.5077501428,
       180
      ],
      [
       1291526.0043103027,
       424200.25623635045,
       180
      ],
      [
       1291526.158730804,
       424201.00472255814,
       180
      ],
      [
       1291526.3338776343,
       424201.7532087658,
       180
      ],
      [
       1291526.5297507937,
       424202.5016949735,
       180
      ],
      [
       1291526.7463502823,
       424203.2501811812,
       180
      ],
      [
       1291526.978428214,
       424203.93259660894,
       180
      ],
      [
       1291527.2259845887,
       424204.54894125677,
       180
      ],
      [
       1291527.4890194067,
       424205.0992151247,
       180
      ],
      [
       1291527.7675326676,
       424205.58341821266,
       180
      ],
      [
       1291528.0219079508,
       424206.0126413086,
       180
      ],
      [
       1291528.2521452557,
       424206.38688441244,
       180
      ],
      [
       1291528.4582445826,
       424206.7061475242,
       180
      ],
      [
       1291528.6402059316,
       424206.97043064376,
       180
      ],
      [
       1291528.918308158,
       424207.3110280919,
       180
      ],
      [
       1291529.2925512618,
       424207.72793986835,
       180
      ],
      [
       1291529.762935243,
       424208.2211659732,
       180
      ],
      [
       1291530.329460102,
       424208.7907064065,
       180
      ],
      [
       1291530.8011791587,
       424209.2625981751,
       180
      ],
      [
       1291531.1780924133,
       424209.6368412789,
       180
      ],
      [
       1291531.4601998662,
       424209.913435718,
       180
      ],
      [
       1291531.647501517,
       424210.0923814924,
       180
      ],
      [
       1291531.9282738944,
       424210.4041918968,
       180
      ],
      [
       1291532.3025169983,
       424210.8488669312,
       180
      ],
      [
       1291532.7702308286,
       424211.4264065957,
       180
      ],
      [
       1291533.3314153852,
       424212.1368108901,
       180
      ],
      [
       1291533.7578175012,
       424212.67913458927,
       180
      ],
      [
       1291534.0494371764,
       424213.0533776931,
       180
      ],
      [
       1291534.2062744107,
       424213.25954020163,
       180
      ],
      [
       1291534.2283292045,
       424213.29762211477,
       180
      ],
      [
       1291534.30775938,
       424213.5133051016,
       180
      ],
      [
       1291534.444564938,
       424213.90658916207,
       180
      ],
      [
       1291534.6387458781,
       424214.4774742961,
       180
      ],
      [
       1291534.8903022006,
       424215.22596050386,
       180
      ],
      [
       1291535.0999060841,
       424215.97444671154,
       180
      ],
      [
       1291535.2675575293,
       424216.72293291916,
       180
      ],
      [
       1291535.3932565353,
       424217.47141912684,
       180
      ],
      [
       1291535.4770031027,
       424218.2199053345,
       180
      ],
      [
       1291535.5370348804,
       424218.9683915422,
       180
      ],
      [
       1291535.5733518684,
       424219.7168777499,
       180
      ],
      [
       1291535.585954067,
       424220.46536395757,
       180
      ],
      [
       1291535.5748414763,
       424221.2138501652,
       180
      ],
      [
       1291535.6061322794,
       424221.9623363728,
       180
      ],
      [
       1291535.6798264764,
       424222.7108225806,
       180
      ],
      [
       1291535.795924068,
       424223.45930878824,
       180
      ],
      [
       1291535.9544250537,
       424224.20779499586,
       180
      ],
      [
       1291536.1342358254,
       424224.86695099814,
       180
      ],
      [
       1291536.3353563831,
       424225.43677679496,
       180
      ],
      [
       1291536.5577867269,
       424225.91727238643,
       180
      ],
      [
       1291536.8015268566,
       424226.30843777244,
       180
      ],
      [
       1291537.072398868,
       424226.6911420174,
       180
      ],
      [
       1291537.3704027606,
       424227.0653851212,
       180
      ],
      [
       1291537.695538535,
       424227.4311670839,
       180
      ],
      [
       1291538.0478061908,
       424227.7884879056,
       180
      ],
      [
       1291538.4110615707,
       424228.16985426843,
       180
      ],
      [
       1291538.7853046744,
       424228.5752661724,
       180
      ],
      [
       1291539.1705355023,
       424229.0047236175,
       180
      ],
      [
       1291539.566754054,
       424229.4582266038,
       180
      ],
      [
       1291539.9070759066,
       424229.87209964887,
       180
      ],
      [
       1291540.1915010605,
       424230.2463427527,
       180
      ],
      [
       1291540.420029515,
       424230.5809559153,
       180
      ],
      [
       1291540.5926612704,
       424230.87593913666,
       180
      ],
      [
       1291540.834403438,
       424231.28429810464,
       180
      ],
      [
       1291541.1452560178,
       424231.80603281915,
       180
      ],
      [
       1291541.5252190097,
       424232.44114328024,
       180
      ],
      [
       1291541.9742924143,
       424233.1896294879,
       180
      ],
      [
       1291542.3427927294,
       424233.8027832346,
       180
      ],
      [
       1291542.6307199553,
       424234.28060452035,
       180
      ],
      [
       1291542.8380740923,
       424234.623093345,
       180
      ],
      [
       1291542.9648551405,
       424234.8302497088,
       180
      ],
      [
       1291543.1487132532,
       424235.12094944256,
       180
      ],
      [
       1291543.38964843,
       424235.49519254634,
       180
      ],
      [
       1291543.6876606715,
       424235.95297902025,
       180
      ],
      [
       1291544.0427499774,
       424236.49430886423,
       180
      ],
      [
       1291544.4074161823,
       424237.04812703514,
       180
      ],
      [
       1291544.7816592862,
       424237.61443353305,
       180
      ],
      [
       1291545.1654792891,
       424238.19322835794,
       180
      ],
      [
       1291545.5588761906,
       424238.7845115099,
       180
      ],
      [
       1291545.8907140861,
       424239.26727463776,
       180
      ],
      [
       1291546.1609929756,
       424239.64151774155,
       180
      ],
      [
       1291546.3697128587,
       424239.90724082134,
       180
      ],
      [
       1291546.5168737357,
       424240.06444387714,
       180
      ],
      [
       1291546.753921757,
       424240.36946772086,
       180
      ],
      [
       1291547.0808569225,
       424240.82231235254,
       180
      ],
      [
       1291547.4976792324,
       424241.42297777225,
       180
      ],
      [
       1291548.0043886865,
       424242.17146397993,
       180
      ],
      [
       1291548.4080747464,
       424242.7698482397,
       180
      ],
      [
       1291548.7087374115,
       424243.2181305516,
       180
      ],
      [
       1291548.9063766827,
       424243.51631091564,
       180
      ],
      [
       1291549.0009925594,
       424243.66438933177,
       180
      ],
      [
       1291549.1670214718,
       424243.9255500917,
       180
      ],
      [
       1291549.4044634204,
       424244.29979319556,
       180
      ],
      [
       1291549.7133184052,
       424244.7871186433,
       180
      ],
      [
       1291550.0935864258,
       424245.38752643485,
       180
      ],
      [
       1291550.470841988,
       424245.9425752462,
       180
      ],
      [
       1291550.845085092,
       424246.45226507727,
       180
      ],
      [
       1291551.2163157375,
       424246.91659592814,
       180
      ],
      [
       1291551.5845339242,
       424247.3355677988,
       180
      ],
      [
       1291551.9172502172,
       424247.73217528604,
       180
      ],
      [
       1291552.214464616,
       424248.1064183898,
       180
      ],
      [
       1291552.4761771208,
       424248.4582971103,
       180
      ],
      [
       1291552.7023877315,
       424248.7878114473,
       180
      ],
      [
       1291552.9830016934,
       424249.22206875193,
       180
      ],
      [
       1291553.3180190064,
       424249.76106902433,
       180
      ],
      [
       1291553.7074396703,
       424250.4048122644,
       180
      ],
      [
       1291554.1512636857,
       424251.15329847194,
       180
      ],
      [
       1291554.5037445924,
       424251.8229389227,
       180
      ],
      [
       1291554.7648823909,
       424252.4137336165,
       180
      ],
      [
       1291554.934677081,
       424252.9256825532,
       180
      ],
      [
       1291555.0131286627,
       424253.358785733,
       180
      ],
      [
       1291555.0868066247,
       424253.76245887484,
       180
      ]
     ]
    },
    "elevationFt": 180,
    "weight": "index",
    "hidden": false
   }
  },
  {
   "type": "Feature",
   "geometry": {
    "type": "LineString",
    "coordinates": [
     [
      -77.07300411547975,
      38.831581524014446
     ],
     [
      -77.07300487148323,
      38.83158030106105
     ],
     [
      -77.0730057445911,
      38.83157888314532
     ],
     [
      -77.0730066695761,
      38.83157730574382
     ],
     [
      -77.07300764643823,
      38.831575568856586
     ],
     [
      -77.0730086751775,
      38.83157367248361
     ],
     [
      -77.07300975579389,
      38.83157161662486
     ],
     [
      -77.07301073350921,
      38.83156977567695
     ],
     [
      -77.0730116083235,
      38.83156814963985
     ],
     [
      -77.07301238023675,
      38.831566738513544
     ],
     [
      -77.07301304924898,
      38.83156554229805
     ],
     [
      -77.07301367006605,
      38.83156443021552
     ],
     [
      -77.07301424268792,
      38.83156340226592
     ],
     [
      -77.07301476711461,
      38.83156245844926
     ],
     [
      -77.07301524334613,
      38.83156159876553
     ],
     [
      -77.07301593572333,
      38.83156043999734
     ],
     [
      -77.07301684424615,
      38.831558982144685
     ],
     [
      -77.07301796891463,
      38.83155722520757
     ],
     [
      -77.07301930972866,
      38.83155516918593
     ],
     [
      -77.0730205168931,
      38.83155331722427
     ],
     [
      -77.07302159040795,
      38.83155166932253
     ],
     [
      -77.0730225302732,
      38.831550225480754
     ],
     [
      -77.07302333648894,
      38.83154898569892
     ],
     [
      -77.07302407635808,
      38.83154785180161
     ],
     [
      -77.07302474988067,
      38.83154682378881
     ],
     [
      -77.07302535705672,
      38.83154590166054
     ],
     [
      -77.07302589788621,
      38.83154508541682
     ],
     [
      -77.07302664640856,
      38.831543959223744
     ],
     [
      -77.07302760262378,
      38.831542523081396
     ],
     [
      -77.07302876653182,
      38.831540776989705
     ],
     [
      -77.07303013813265,
      38.831538720948714
     ],
     [
      -77.0730313445987,
      38.83153691484413
     ],
     [
      -77.07303238593,
      38.83153535867596
     ],
     [
      -77.07303326212654,
      38.83153405244422
     ],
     [
      -77.07303397318839,
      38.83153299614893
     ],
     [
      -77.07303466239877,
      38.83153195399679
     ],
     [
      -77.07303532975772,
      38.831530925987764
     ],
     [
      -77.0730359752652,
      38.83152991212193
     ],
     [
      -77.07303659892126,
      38.83152891239925
     ],
     [
      -77.07303733359323,
      38.831527648644496
     ],
     [
      -77.07303817928108,
      38.83152612085767
     ],
     [
      -77.07303913598481,
      38.83152432903878
     ],
     [
      -77.07304020370441,
      38.83152227318782
     ],
     [
      -77.07304116741228,
      38.83152021740195
     ],
     [
      -77.07304202710849,
      38.83151816168116
     ],
     [
      -77.07304278279298,
      38.83151610602547
     ],
     [
      -77.0730434344658,
      38.83151405043485
     ],
     [
      -77.0730439844536,
      38.831511994907885
     ],
     [
      -77.07304443275639,
      38.831509939444544
     ],
     [
      -77.07304477937417,
      38.831507884044846
     ],
     [
      -77.07304502430696,
      38.831505828708785
     ],
     [
      -77.07304518304412,
      38.831503773426675
     ],
     [
      -77.07304525558567,
      38.83150171819852
     ],
     [
      -77.07304524193161,
      38.83149966302428
     ],
     [
      -77.07304514208197,
      38.83149760790402
     ],
     [
      -77.07304507226334,
      38.83149555276495
     ],
     [
      -77.07304503247579,
      38.83149349760709
     ],
     [
      -77.07304502271927,
      38.83149144243041
     ],
     [
      -77.0730450429938,
      38.83148938723496
     ],
     [
      -77.07304508456954,
      38.83148733548433
     ],
     [
      -77.07304514744649,
      38.83148528717852
     ],
     [
      -77.07304523162465,
      38.83148324231755
     ],
     [
      -77.073045337104,
      38.8314812009014
     ],
     [
      -77.07304541634282,
      38.83147966638106
     ],
     [
      -77.07304546934108,
      38.831478638756494
     ],
     [
      -77.0730454960988,
      38.83147811802774
     ],
     [
      -77.07304549661598,
      38.83147810419477
     ],
     [
      -77.07304564273615,
      38.83147757993314
     ],
     [
      -77.07304593445926,
      38.831476545242865
     ],
     [
      -77.07304637178535,
      38.831475000123895
     ],
     [
      -77.07304695471439,
      38.83147294457628
     ],
     [
      -77.07304769781221,
      38.83147088892843
     ],
     [
      -77.07304860107884,
      38.8314688331803
     ],
     [
      -77.07304966451423,
      38.83146677733192
     ],
     [
      -77.07305088811839,
      38.83146472138326
     ],
     [
      -77.07305200960599,
      38.83146291095092
     ],
     [
      -77.07305302897707,
      38.83146134603484
     ],
     [
      -77.07305394623165,
      38.83146002663506
     ],
     [
      -77.07305476136973,
      38.83145895275157
     ],
     [
      -77.07305550818648,
      38.83145790180177
     ],
     [
      -77.07305618668194,
      38.831456873785676
     ],
     [
      -77.07305679685606,
      38.83145586870327
     ],
     [
      -77.0730573387089,
      38.83145488655457
     ],
     [
      -77.07305805435468,
      38.83145363595375
     ],
     [
      -77.07305894379336,
      38.83145211690083
     ],
     [
      -77.07306000702494,
      38.8314503293958
     ],
     [
      -77.07306124404938,
      38.83144827343864
     ],
     [
      -77.0730623827542,
      38.831446297779586
     ],
     [
      -77.07306342313935,
      38.831444402418676
     ],
     [
      -77.07306436520487,
      38.83144258735587
     ],
     [
      -77.07306520895077,
      38.8314408525912
     ],
     [
      -77.07306588387748,
      38.83143947125473
     ],
     [
      -77.07306638998502,
      38.83143844334649
     ],
     [
      -77.0730667272734,
      38.831437768866486
     ],
     [
      -77.07306689574263,
      38.83143744781467
     ],
     [
      -77.0730671581769,
      38.83143669314494
     ],
     [
      -77.0730675145762,
      38.831435504857254
     ],
     [
      -77.07306796494052,
      38.83143388295162
     ],
     [
      -77.07306850926985,
      38.83143182742805
     ],
     [
      -77.07306905334512,
      38.831429771904645
     ],
     [
      -77.07306959716638,
      38.831427716381384
     ],
     [
      -77.07307014073359,
      38.831425660858265
     ],
     [
      -77.07307068404675,
      38.83142360533532
     ],
     [
      -77.07307143276556,
      38.83142159390337
     ],
     [
      -77.07307238689,
      38.83141962656243
     ],
     [
      -77.07307354642002,
      38.83141770331249
     ],
     [
      -77.07307491135563,
      38.83141582415353
     ],
     [
      -77.07307597544619,
      38.83141437053941
     ],
     [
      -77.0730767386917,
      38.83141334247011
     ],
     [
      -77.07307720109218,
      38.83141273994566
     ],
     [
      -77.07307736264768,
      38.831412562966065
     ],
     [
      -77.0730780824164,
      38.83141191606085
     ],
     [
      -77.07307936039832,
      38.831410799230014
     ],
     [
      -77.07308119659339,
      38.831409212473545
     ],
     [
      -77.07308359100153,
      38.83140715579138
     ],
     [
      -77.07308540409333,
      38.831405585817464
     ],
     [
      -77.07308663586888,
      38.8314045025518
     ],
     [
      -77.0730872863282,
      38.83140390599441
     ],
     [
      -77.07308735547136,
      38.831403796145295
     ],
     [
      -77.07308806377445,
      38.831403293106604
     ],
     [
      -77.07308941123745,
      38.831402396878374
     ],
     [
      -77.07309139786032,
      38.83140110746056
     ],
     [
      -77.07309402364301,
      38.831399424853096
     ],
     [
      -77.07309656402725,
      38.831398096436324
     ],
     [
      -77.07309901901311,
      38.83139712221022
     ],
     [
      -77.07310138860065,
      38.83139650217483
     ],
     [
      -77.07310367278984,
      38.831396236330114
     ],
     [
      -77.07310547168122,
      38.83139602580816
     ],
     [
      -77.07310678527479,
      38.831395870609
     ],
     [
      -77.07310761357053,
      38.83139577073264
     ],
     [
      -77.07310795656848,
      38.83139572617909
     ],
     [
      -77.07310887059991,
      38.83139560168932
     ],
     [
      -77.07311035566484,
      38.831395397263314
     ],
     [
      -77.07311241176323,
      38.83139511290105
     ],
     [
      -77.0731150388951,
      38.83139474860248
     ],
     [
      -77.07311766598148,
      38.83139433991959
     ],
     [
      -77.07312029302237,
      38.8313938868524
     ],
     [
      -77.0731229200178,
      38.83139338940088
     ],
     [
      -77.07312554696773,
      38.831392847565056
     ],
     [
      -77.07312817389327,
      38.8313922819508
     ],
     [
      -77.0731308007944,
      38.831391692558164
     ],
     [
      -77.07313342767115,
      38.83139107938711
     ],
     [
      -77.07313605452349,
      38.83139044243767
     ],
     [
      -77.07313868144888,
      38.83138987685258
     ],
     [
      -77.07314130844733,
      38.83138938263185
     ],
     [
      -77.07314393551886,
      38.83138895977546
     ],
     [
      -77.07314656266345,
      38.83138860828341
     ],
     [
      -77.07314889537486,
      38.83138831372412
     ],
     [
      -77.07315093365312,
      38.83138807609759
     ],
     [
      -77.07315267749821,
      38.831387895403836
     ],
     [
      -77.07315412691017,
      38.83138777164284
     ],
     [
      -77.07315550843335,
      38.83138765221795
     ],
     [
      -77.07315682206774,
      38.83138753712912
     ],
     [
      -77.07315806781335,
      38.83138742637636
     ],
     [
      -77.0731592456702,
      38.83138731995968
     ],
     [
      -77.07316078581883,
      38.831387122871156
     ],
     [
      -77.0731626882592,
      38.83138683511081
     ],
     [
      -77.07316495299135,
      38.83138645667858
     ],
     [
      -77.07316758001524,
      38.83138598757449
     ],
     [
      -77.07317020695356,
      38.83138543502258
     ],
     [
      -77.07317283380634,
      38.83138479902287
     ],
     [
      -77.07317546057355,
      38.83138407957533
     ],
     [
      -77.0731780872552,
      38.83138327667997
     ],
     [
      -77.07318058380467,
      38.83138250397856
     ],
     [
      -77.07318295022199,
      38.83138176147112
     ],
     [
      -77.07318518650716,
      38.831381049157606
     ],
     [
      -77.07318729266018,
      38.83138036703807
     ],
     [
      -77.07318900240136,
      38.831379819745386
     ],
     [
      -77.07319031573074,
      38.83137940727953
     ],
     [
      -77.07319123264833,
      38.831379129640524
     ],
     [
      -77.07319175315412,
      38.83137898682842
     ],
     [
      -77.07319280028875,
      38.831378761879925
     ],
     [
      -77.0731943740522,
      38.831378454795
     ],
     [
      -77.07319647444449,
      38.831378065573666
     ],
     [
      -77.07319910146553,
      38.83137759421586
     ],
     [
      -77.07320172853954,
      38.83137717454342
     ],
     [
      -77.0732043556665,
      38.831376806556335
     ],
     [
      -77.07320698284644,
      38.83137649025463
     ],
     [
      -77.07320961007933,
      38.831376225638266
     ],
     [
      -77.0732122371825,
      38.8313758345139
     ],
     [
      -77.07321486415593,
      38.83137531688154
     ],
     [
      -77.0732174909996,
      38.83137467274119
     ],
     [
      -77.07322011771349,
      38.83137390209284
     ],
     [
      -77.07322245326161,
      38.831373221122696
     ],
     [
      -77.07322449764396,
      38.83137262983079
     ],
     [
      -77.07322625086057,
      38.83137212821714
     ],
     [
      -77.07322771291146,
      38.83137171628175
     ],
     [
      -77.07322910061977,
      38.83137132199158
     ],
     [
      -77.0732304139855,
      38.83137094534666
     ],
     [
      -77.07323165300866,
      38.83137058634698
     ],
     [
      -77.07323281768923,
      38.83137024499253
     ],
     [
      -77.07323434796224,
      38.831369878391904
     ],
     [
      -77.07323624382765,
      38.831369486545114
     ],
     [
      -77.07323850528547,
      38.831369069452116
     ],
     [
      -77.07324113233568,
      38.83136862711289
     ],
     [
      -77.07324375931913,
      38.83136811970253
     ],
     [
      -77.07324638623577,
      38.831367547221056
     ],
     [
      -77.07324901308563,
      38.83136690966843
     ],
     [
      -77.07325163986867,
      38.83136620704469
     ],
     [
      -77.07325393401332,
      38.83136553665008
     ],
     [
      -77.07325589551955,
      38.83136489848468
     ],
     [
      -77.07325752438742,
      38.83136429254843
     ],
     [
      -77.07325882061691,
      38.831363718841395
     ],
     [
      -77.0732601253649,
      38.83136319546682
     ],
     [
      -77.07326143863142,
      38.831362722424714
     ],
     [
      -77.07326276041645,
      38.831362299715074
     ],
     [
      -77.07326409072,
      38.83136192733788
     ],
     [
      -77.07326574513048,
      38.83136145988188
     ],
     [
      -77.0732677236479,
      38.831360897347054
     ],
     [
      -77.07327002627223,
      38.831360239733385
     ],
     [
      -77.07327265300344,
      38.83135948704087
     ],
     [
      -77.07327527974056,
      38.8313587401385
     ],
     [
      -77.07327790648355,
      38.83135799902626
     ],
     [
      -77.07328053323243,
      38.83135726370418
     ],
     [
      -77.0732831599872,
      38.83135653417223
     ],
     [
      -77.07328529119904,
      38.83135593574339
     ],
     [
      -77.07328692686798,
      38.83135546841766
     ],
     [
      -77.07328806699401,
      38.83135513219508
     ],
     [
      -77.07328871157716,
      38.83135492707566
     ],
     [
      -77.07328969053547,
      38.831354620771094
     ],
     [
      -77.07329100386892,
      38.831354213281365
     ],
     [
      -77.07329265157749,
      38.831353704606464
     ],
     [
      -77.07329463366118,
      38.831353094746355
     ],
     [
      -77.07329677686317,
      38.83135240689006
     ],
     [
      -77.07329908118349,
      38.831351641037536
     ],
     [
      -77.07330154662209,
      38.831350797188776
     ],
     [
      -77.07330417317898,
      38.83134987534378
     ],
     [
      -77.07330672345822,
      38.831349052002444
     ],
     [
      -77.07330919745979,
      38.831348327164726
     ],
     [
      -77.07331159518375,
      38.831347700830676
     ],
     [
      -77.0733139166301,
      38.831347173000296
     ],
     [
      -77.0733157340751,
      38.831346759161335
     ],
     [
      -77.07331704751877,
      38.83134645931387
     ],
     [
      -77.07331785696114,
      38.83134627345784
     ],
     [
      -77.0733181624022,
      38.83134620159334
     ],
     [
      -77.07331904819411,
      38.83134598733756
     ],
     [
      -77.07332051433687,
      38.83134563069049
     ],
     [
      -77.07332256083045,
      38.83134513165213
     ],
     [
      -77.07332518767481,
      38.83134449022244
     ],
     [
      -77.07332781447082,
      38.831343801733205
     ],
     [
      -77.07333044121842,
      38.83134306618443
     ],
     [
      -77.07333306791766,
      38.8313422835761
     ],
     [
      -77.07333569456848,
      38.83134145390822
     ],
     [
      -77.07333829800571,
      38.83134070233088
     ],
     [
      -77.0733408782293,
      38.831340028844075
     ],
     [
      -77.07334343523931,
      38.83133943344782
     ],
     [
      -77.0733459690357,
      38.83133891614209
     ],
     [
      -77.07334789267202,
      38.831338523558486
     ],
     [
      -77.07334920614827,
      38.83133825569705
     ],
     [
      -77.07334990946445,
      38.831338112557795
     ],
     [
      -77.07335000262061,
      38.83133809414072
     ],
     [
      -77.07335066078507,
      38.831338084547795
     ],
     [
      -77.0733518839578,
      38.83133808377904
     ],
     [
      -77.07335367213882,
      38.83133809183443
     ],
     [
      -77.07335602532815,
      38.83133810871393
     ],
     [
      -77.07335785880349,
      38.8313381220088
     ],
     [
      -77.07335917256488,
      38.83133813171906
     ],
     [
      -77.07335996661227,
      38.83133813784474
     ],
     [
      -77.0733602409457,
      38.83133814038583
     ],
     [
      -77.07336045432089,
      38.83133814160848
     ],
     [
      -77.07336060673786,
      38.83133814151268
     ],
     [
      -77.0733606981966,
      38.83133814009842
     ],
     [
      -77.0733607286971,
      38.83133813736571
     ],
     [
      -77.0733614007656,
      38.83133808009395
     ],
     [
      -77.07336271440212,
      38.831337968283094
     ],
     [
      -77.07336466960665,
      38.83133780193316
     ],
     [
      -77.07336726637917,
      38.831337581044075
     ],
     [
      -77.07336987057988,
      38.83133716783594
     ],
     [
      -77.07337248220875,
      38.83133656230874
     ]
    ]
   },
   "properties": {
    "id": "ct-10",
    "kind": "Contour",
    "sourceId": "contours",
    "reliabilityLevel": 1,
    "revision": 1,
    "engineeringGeometry": {
     "crs": "EPSG:2248",
     "crsName": "NAD83 / Maryland State Plane (US survey feet)",
     "datum": "NAD83",
     "unit": "usSurveyFoot",
     "coordinates": [
      [
       1291537.009155886,
       424254.0117438842,
       182
      ],
      [
       1291536.7934407399,
       424253.5665232408,
       182
      ],
      [
       1291536.5443098655,
       424253.05032505793,
       182
      ],
      [
       1291536.2803545436,
       424252.4760548688,
       182
      ],
      [
       1291536.0015747747,
       424251.84371267346,
       182
      ],
      [
       1291535.7079705582,
       424251.15329847194,
       182
      ],
      [
       1291535.399541894,
       424250.4048122644,
       182
      ],
      [
       1291535.1204887289,
       424249.7345719464,
       182
      ],
      [
       1291534.870811062,
       424249.142577518,
       182
      ],
      [
       1291534.6505088941,
       424248.62882897945,
       182
      ],
      [
       1291534.4595822245,
       424248.1933263307,
       182
      ],
      [
       1291534.2824091818,
       424247.7884534543,
       182
      ],
      [
       1291534.1189897652,
       424247.4142103505,
       182
      ],
      [
       1291533.9693239755,
       424247.07059701916,
       182
      ],
      [
       1291533.8334118123,
       424246.75761346036,
       182
      ],
      [
       1291533.6358401647,
       424246.33575423935,
       182
      ],
      [
       1291533.3766090332,
       424245.8050193561,
       182
      ],
      [
       1291533.0557184177,
       424245.16540881066,
       182
      ],
      [
       1291532.6731683179,
       424244.4169226029,
       182
      ],
      [
       1291532.3287497568,
       424243.74272345036,
       182
      ],
      [
       1291532.022462735,
       424243.14281135297,
       182
      ],
      [
       1291531.7543072514,
       424242.6171863107,
       182
      ],
      [
       1291531.524283307,
       424242.16584832355,
       182
      ],
      [
       1291531.3131900271,
       424241.75305777806,
       182
      ],
      [
       1291531.121027412,
       424241.3788146742,
       182
      ],
      [
       1291530.9477954614,
       424241.043119012,
       182
      ],
      [
       1291530.7934941757,
       424240.7459707915,
       182
      ],
      [
       1291530.5799381197,
       424240.3359880742,
       182
      ],
      [
       1291530.3071272937,
       424239.8131708602,
       182
      ],
      [
       1291529.975061697,
       424239.17751914926,
       182
      ],
      [
       1291529.58374133,
       424238.4290329416,
       182
      ],
      [
       1291529.2395349161,
       424237.7715345704,
       182
      ],
      [
       1291528.942442455,
       424237.20502403565,
       182
      ],
      [
       1291528.692463947,
       424236.7295013373,
       182
      ],
      [
       1291528.489599392,
       424236.3449664755,
       182
      ],
      [
       1291528.2929636692,
       424235.96557749267,
       182
      ],
      [
       1291528.1025567786,
       424235.5913343888,
       182
      ],
      [
       1291527.91837872,
       424235.222237164,
       182
      ],
      [
       1291527.7404294936,
       424234.8582858182,
       182
      ],
      [
       1291527.530778755,
       424234.3982007569,
       182
      ],
      [
       1291527.2894265037,
       424233.84198198013,
       182
      ],
      [
       1291527.0163727405,
       424233.1896294879,
       182
      ],
      [
       1291526.711617465,
       424232.44114328024,
       182
      ],
      [
       1291526.4364915136,
       424231.69265707256,
       182
      ],
      [
       1291526.1909948864,
       424230.94417086494,
       182
      ],
      [
       1291525.9751275838,
       424230.19568465726,
       182
      ],
      [
       1291525.7888896056,
       424229.4471984496,
       182
      ],
      [
       1291525.63161817,
       424228.6987122419,
       182
      ],
      [
       1291525.5033132774,
       424227.95022603427,
       182
      ],
      [
       1291525.4039749273,
       424227.2017398266,
       182
      ],
      [
       1291525.3336031202,
       424226.45325361885,
       182
      ],
      [
       1291525.2877854696,
       424225.70476741117,
       182
      ],
      [
       1291525.2665219759,
       424224.95628120354,
       182
      ],
      [
       1291525.269812639,
       424224.20779499586,
       182
      ],
      [
       1291525.2976574588,
       424223.45930878824,
       182
      ],
      [
       1291525.3169474686,
       424222.7108225806,
       182
      ],
      [
       1291525.3276826679,
       424221.9623363728,
       182
      ],
      [
       1291525.329863057,
       424221.2138501652,
       182
      ],
      [
       1291525.3234886357,
       424220.46536395757,
       182
      ],
      [
       1291525.3110472402,
       424219.7181371928,
       182
      ],
      [
       1291525.2925388701,
       424218.9721698708,
       182
      ],
      [
       1291525.2679635258,
       424218.2274619917,
       182
      ],
      [
       1291525.2373212068,
       424217.48401355546,
       182
      ],
      [
       1291525.2143016285,
       424216.9251677854,
       182
      ],
      [
       1291525.198904791,
       424216.5509246816,
       182
      ],
      [
       1291525.1911306935,
       424216.36128424393,
       182
      ],
      [
       1291525.1909793364,
       424216.3562464725,
       182
      ],
      [
       1291525.1492019764,
       424216.165346592,
       182
      ],
      [
       1291525.065798613,
       424215.7885846025,
       182
      ],
      [
       1291524.9407692463,
       424215.22596050386,
       182
      ],
      [
       1291524.774113876,
       424214.4774742961,
       182
      ],
      [
       1291524.5618319064,
       424213.72898808843,
       182
      ],
      [
       1291524.303923337,
       424212.9805018808,
       182
      ],
      [
       1291524.000388168,
       424212.23201567313,
       182
      ],
      [
       1291523.6512263995,
       424211.48352946545,
       182
      ],
      [
       1291523.3312256448,
       424210.82443565794,
       182
      ],
      [
       1291523.0403859045,
       424210.2547342506,
       182
      ],
      [
       1291522.7787071783,
       424209.77442524343,
       182
      ],
      [
       1291522.546189466,
       424209.38350863644,
       182
      ],
      [
       1291522.3331408193,
       424209.000928781,
       182
      ],
      [
       1291522.1395612378,
       424208.6266856772,
       182
      ],
      [
       1291521.9654507213,
       424208.260779325,
       182
      ],
      [
       1291521.81080927,
       424207.90320972423,
       182
      ],
      [
       1291521.606581952,
       424207.4479109718,
       182
      ],
      [
       1291521.3527687672,
       424206.89488306775,
       182
      ],
      [
       1291521.0493697154,
       424206.24412601185,
       182
      ],
      [
       1291520.6963847966,
       424205.49563980417,
       182
      ],
      [
       1291520.3714311481,
       424204.77637531585,
       182
      ],
      [
       1291520.07450877,
       424204.086332547,
       182
      ],
      [
       1291519.8056176617,
       424203.42551149754,
       182
      ],
      [
       1291519.564757824,
       424202.7939121674,
       182
      ],
      [
       1291519.3720917762,
       424202.29099095054,
       182
      ],
      [
       1291519.227619519,
       424201.91674784676,
       182
      ],
      [
       1291519.131341052,
       424201.671182856,
       182
      ],
      [
       1291519.0832563753,
       424201.5542959784,
       182
      ],
      [
       1291519.0082778912,
       424201.2795092683,
       182
      ],
      [
       1291518.9064055996,
       424200.8468227256,
       182
      ],
      [
       1291518.7776395006,
       424200.25623635045,
       182
      ],
      [
       1291518.6219795942,
       424199.5077501428,
       182
      ],
      [
       1291518.4663920456,
       424198.7592639351,
       182
      ],
      [
       1291518.310876855,
       424198.01077772747,
       182
      ],
      [
       1291518.1554340222,
       424197.2622915198,
       182
      ],
      [
       1291518.0000635474,
       424196.51380531205,
       182
      ],
      [
       1291517.7861929038,
       424195.78142364253,
       182
      ],
      [
       1291517.5138220917,
       424195.06514651113,
       182
      ],
      [
       1291517.1829511106,
       424194.3649739179,
       182
      ],
      [
       1291516.7935799612,
       424193.68090586277,
       182
      ],
      [
       1291516.4900332948,
       424193.15175028326,
       182
      ],
      [
       1291516.2723111121,
       424192.7775071795,
       182
      ],
      [
       1291516.1404134126,
       424192.55817655125,
       182
      ],
      [
       1291516.094340196,
       424192.4937583987,
       182
      ],
      [
       1291515.8891141722,
       424192.2583232324,
       182
      ],
      [
       1291515.5247353406,
       424191.8518710523,
       182
      ],
      [
       1291515.001203701,
       424191.2744018584,
       182
      ],
      [
       1291514.3185192535,
       424190.52591565077,
       182
      ],
      [
       1291513.8015737818,
       424189.95455332706,
       182
      ],
      [
       1291513.450367286,
       424189.5603148875,
       182
      ],
      [
       1291513.264899766,
       424189.3432003318,
       182
      ],
      [
       1291513.245171222,
       424189.3032096601,
       182
      ],
      [
       1291513.0432532618,
       424189.12016730045,
       182
      ],
      [
       1291512.659145886,
       424188.7940732529,
       182
      ],
      [
       1291512.0928490942,
       424188.3249275174,
       182
      ],
      [
       1291511.3443628869,
       424187.7127300939,
       182
      ],
      [
       1291510.6203070208,
       424187.2295074982,
       182
      ],
      [
       1291509.9206814968,
       424186.87525973015,
       182
      ],
      [
       1291509.2454863144,
       424186.6499867899,
       182
      ],
      [
       1291508.5947214738,
       424186.5536886774,
       182
      ],
      [
       1291508.0822175017,
       424186.4774281165,
       182
      ],
      [
       1291507.707974398,
       424186.42120510724,
       182
      ],
      [
       1291507.4719921625,
       424186.38501964975,
       182
      ],
      [
       1291507.3742707951,
       424186.3688717439,
       182
      ],
      [
       1291507.1138582178,
       424186.3237417804,
       182
      ],
      [
       1291506.6907544304,
       424186.24962975935,
       182
      ],
      [
       1291506.1049594327,
       424186.14653568063,
       182
      ],
      [
       1291505.3564732254,
       424186.0144595443,
       182
      ],
      [
       1291504.6079870178,
       424185.8662188952,
       182
      ],
      [
       1291503.85950081,
       424185.70181373326,
       182
      ],
      [
       1291503.1110146022,
       424185.52124405856,
       182
      ],
      [
       1291502.3625283944,
       424185.3245098711,
       182
      ],
      [
       1291501.6140421869,
       424185.11911573773,
       182
      ],
      [
       1291500.8655559793,
       424184.90506165853,
       182
      ],
      [
       1291500.1170697715,
       424184.6823476335,
       182
      ],
      [
       1291499.3685835642,
       424184.4509736628,
       182
      ],
      [
       1291498.6200973564,
       424184.24559023196,
       182
      ],
      [
       1291497.8716111486,
       424184.0661973412,
       182
      ],
      [
       1291497.1231249408,
       424183.91279499047,
       182
      ],
      [
       1291496.3746387335,
       424183.78538317967,
       182
      ],
      [
       1291495.710043074,
       424183.6786387725,
       182
      ],
      [
       1291495.1293379632,
       424183.59256176895,
       182
      ],
      [
       1291494.6325234007,
       424183.527152169,
       182
      ],
      [
       1291494.219599387,
       424183.48240997246,
       182
      ],
      [
       1291493.8260158282,
       424183.4392314572,
       182
      ],
      [
       1291493.4517727243,
       424183.3976166231,
       182
      ],
      [
       1291493.0968700754,
       424183.3575654701,
       182
      ],
      [
       1291492.7613078817,
       424183.3190779983,
       182
      ],
      [
       1291492.3225146844,
       424183.24765106244,
       182
      ],
      [
       1291491.7804904836,
       424183.1432846627,
       182
      ],
      [
       1291491.1352352793,
       424183.005978799,
       182
      ],
      [
       1291490.386749072,
       424182.83573347144,
       182
      ],
      [
       1291489.6382628642,
       424182.63509691437,
       182
      ],
      [
       1291488.8897766566,
       424182.4040691278,
       182
      ],
      [
       1291488.141290449,
       424182.1426501117,
       182
      ],
      [
       1291487.3928042413,
       424181.85083986603,
       182
      ],
      [
       1291486.6813970385,
       424181.5699963912,
       182
      ],
      [
       1291486.0070688413,
       424181.3001196871,
       182
      ],
      [
       1291485.3698196488,
       424181.0412097537,
       182
      ],
      [
       1291484.7696494614,
       424180.79326659115,
       182
      ],
      [
       1291484.2824428158,
       424180.594336094,
       182
      ],
      [
       1291483.908199712,
       424180.44441826234,
       182
      ],
      [
       1291483.6469201497,
       424180.3435130962,
       182
      ],
      [
       1291483.4986041295,
       424180.2916205956,
       182
      ],
      [
       1291483.2002455625,
       424180.20993475633,
       182
      ],
      [
       1291482.7518444485,
       424180.0984555784,
       182
      ],
      [
       1291482.1534007876,
       424179.95718306187,
       182
      ],
      [
       1291481.4049145798,
       424179.78611720674,
       182
      ],
      [
       1291480.656428372,
       424179.6338749075,
       182
      ],
      [
       1291479.9079421642,
       424179.5004561643,
       182
      ],
      [
       1291479.1594559567,
       424179.38586097705,
       182
      ],
      [
       1291478.4109697493,
       424179.29008934577,
       182
      ],
      [
       1291477.6624835418,
       424179.14824419294,
       182
      ],
      [
       1291476.913997334,
       424178.96032551856,
       182
      ],
      [
       1291476.1655111262,
       424178.7263333227,
       182
      ],
      [
       1291475.4170249184,
       424178.4462676053,
       182
      ],
      [
       1291474.75150808,
       424178.1987956914,
       182
      ],
      [
       1291474.1689606109,
       424177.98391758115,
       182
      ],
      [
       1291473.6693825107,
       424177.8016332744,
       182
      ],
      [
       1291473.2527737801,
       424177.6519427712,
       182
      ],
      [
       1291472.8573478628,
       424177.508661582,
       182
      ],
      [
       1291472.483104759,
       424177.371789707,
       182
      ],
      [
       1291472.1300444687,
       424177.2413271458,
       182
      ],
      [
       1291471.7981669917,
       424177.11727389856,
       182
      ],
      [
       1291471.362137332,
       424176.9841096886,
       182
      ],
      [
       1291470.82195549,
       424176.8418345158,
       182
      ],
      [
       1291470.1776214647,
       424176.6904483802,
       182
      ],
      [
       1291469.4291352574,
       424176.5299512818,
       182
      ],
      [
       1291468.6806490496,
       424176.34575564374,
       182
      ],
      [
       1291467.9321628418,
       424176.13786146604,
       182
      ],
      [
       1291467.183676634,
       424175.9062687487,
       182
      ],
      [
       1291466.4351904267,
       424175.6509774917,
       182
      ],
      [
       1291465.7814709593,
       424175.40734789765,
       182
      ],
      [
       1291465.2225182322,
       424175.1753799666,
       182
      ],
      [
       1291464.7583322455,
       424174.9550736986,
       182
      ],
      [
       1291464.3889129993,
       424174.7464290935,
       182
      ],
      [
       1291464.0170818241,
       424174.5561172448,
       182
      ],
      [
       1291463.6428387202,
       424174.38413815264,
       182
      ],
      [
       1291463.2661836878,
       424174.2304918168,
       182
      ],
      [
       1291462.8871167263,
       424174.09517823736,
       182
      ],
      [
       1291462.4156949534,
       424173.92531158624,
       182
      ],
      [
       1291461.851918369,
       424173.72089186346,
       182
      ],
      [
       1291461.195786973,
       424173.4819190689,
       182
      ],
      [
       1291460.4473007652,
       424173.20839320257,
       182
      ],
      [
       1291459.6988145574,
       424172.93697609776,
       182
      ],
      [
       1291458.9503283496,
       424172.6676677543,
       182
      ],
      [
       1291458.201842142,
       424172.4004681723,
       182
      ],
      [
       1291457.4533559347,
       424172.13537735166,
       182
      ],
      [
       1291456.84607134,
       424171.9179202508,
       182
      ],
      [
       1291456.379988358,
       424171.7480968699,
       182
      ],
      [
       1291456.055106989,
       424171.6259072087,
       182
      ],
      [
       1291455.871427233,
       424171.55135126726,
       182
      ],
      [
       1291455.5924658033,
       424171.4400207254,
       182
      ],
      [
       1291455.2182226994,
       424171.291915583,
       182
      ],
      [
       1291454.7486979216,
       424171.10703584005,
       182
      ],
      [
       1291454.1838914698,
       424170.8853814967,
       182
      ],
      [
       1291453.573165079,
       424170.6353582288,
       182
      ],
      [
       1291452.9165187492,
       424170.3569660365,
       182
      ],
      [
       1291452.2139524806,
       424170.0502049197,
       182
      ],
      [
       1291451.4654662733,
       424169.7150748786,
       182
      ],
      [
       1291450.7387377617,
       424169.41580189194,
       182
      ],
      [
       1291450.0337669465,
       424169.15238595975,
       182
      ],
      [
       1291449.3505538276,
       424168.92482708214,
       182
      ],
      [
       1291448.6890984045,
       424168.7331252591,
       182
      ],
      [
       1291448.1712491412,
       424168.5828231975,
       182
      ],
      [
       1291447.7970060376,
       424168.4739208974,
       182
      ],
      [
       1291447.566369093,
       424168.40641835885,
       182
      ],
      [
       1291447.4793383083,
       424168.3803155817,
       182
      ],
      [
       1291447.2269436675,
       424168.30248747347,
       182
      ],
      [
       1291446.8091851715,
       424168.17293403397,
       182
      ],
      [
       1291446.2260628194,
       424167.9916552633,
       182
      ],
      [
       1291445.4775766118,
       424167.75865116145,
       182
      ],
      [
       1291444.7290904042,
       424167.5085082439,
       182
      ],
      [
       1291443.9806041964,
       424167.24122651055,
       182
      ],
      [
       1291443.2321179886,
       424166.95680596144,
       182
      ],
      [
       1291442.4836317813,
       424166.6552465965,
       182
      ],
      [
       1291441.7417811758,
       424166.3821220818,
       182
      ],
      [
       1291441.0065661727,
       424166.1374324175,
       182
      ],
      [
       1291440.277986772,
       424165.92117760336,
       182
      ],
      [
       1291439.556042973,
       424165.7333576395,
       182
      ],
      [
       1291439.0079495218,
       424165.59082114755,
       182
      ],
      [
       1291438.6337064179,
       424165.4935681274,
       182
      ],
      [
       1291438.4333136615,
       424165.4415985791,
       182
      ],
      [
       1291438.4067712526,
       424165.43491250277,
       182
      ],
      [
       1291438.219279774,
       424165.43156946456,
       182
      ],
      [
       1291437.8708392263,
       424165.43156946456,
       182
      ],
      [
       1291437.361449609,
       424165.43491250277,
       182
      ],
      [
       1291436.6911109225,
       424165.4415985792,
       182
      ],
      [
       1291436.1688200273,
       424165.44686019956,
       182
      ],
      [
       1291435.7945769234,
       424165.4506973638,
       182
      ],
      [
       1291435.5683816108,
       424165.45311007195,
       182
      ],
      [
       1291435.49023409,
       424165.4540983242,
       182
      ],
      [
       1291435.42945111,
       424165.4545924502,
       182
      ],
      [
       1291435.3860326714,
       424165.4545924502,
       182
      ],
      [
       1291435.359978774,
       424165.4540983241,
       182
      ],
      [
       1291435.3512894185,
       424165.45311007195,
       182
      ],
      [
       1291435.1598231886,
       424165.4324058637,
       182
      ],
      [
       1291434.7855800847,
       424165.3919856993,
       182
      ],
      [
       1291434.2285601068,
       424165.3318495788,
       182
      ],
      [
       1291433.488763255,
       424165.2519975022,
       182
      ],
      [
       1291432.7467940643,
       424165.10210560774,
       182
      ],
      [
       1291432.0026525347,
       424164.8821738955,
       182
      ]
     ]
    },
    "elevationFt": 182,
    "weight": "intermediate",
    "hidden": false
   }
  },
  {
   "type": "Feature",
   "geometry": {
    "type": "LineString",
    "coordinates": [
     [
      -77.07304938849045,
      38.83158186773911
     ],
     [
      -77.0730514306526,
      38.83157981127816
     ],
     [
      -77.07305306292028,
      38.8315781473816
     ],
     [
      -77.07305428529355,
      38.83157687604943
     ],
     [
      -77.07305509777247,
      38.831575997281675
     ],
     [
      -77.07305550035704,
      38.831575511078334
     ],
     [
      -77.07305614055916,
      38.83157475390624
     ],
     [
      -77.07305701837876,
      38.83157372576538
     ],
     [
      -77.07305813381586,
      38.83157242665576
     ],
     [
      -77.07305948687042,
      38.83157085657737
     ],
     [
      -77.07306081936262,
      38.83156917934373
     ],
     [
      -77.07306213129243,
      38.83156739495486
     ],
     [
      -77.07306342265987,
      38.83156550341072
     ],
     [
      -77.07306469346493,
      38.83156350471137
     ],
     [
      -77.07306565887897,
      38.83156199135939
     ],
     [
      -77.07306631890204,
      38.8315609633548
     ],
     [
      -77.07306667353413,
      38.83156042069764
     ],
     [
      -77.07306672277531,
      38.83156036338788
     ],
     [
      -77.07306702050441,
      38.8315598064466
     ],
     [
      -77.07306756672142,
      38.83155874987379
     ],
     [
      -77.07306836142634,
      38.83155719366947
     ],
     [
      -77.0730694046191,
      38.8315551378336
     ],
     [
      -77.07307032556797,
      38.83155308207426
     ],
     [
      -77.0730711242729,
      38.831551026391466
     ],
     [
      -77.07307180073394,
      38.83154897078518
     ],
     [
      -77.0730723549511,
      38.83154691525542
     ],
     [
      -77.07307289485185,
      38.831544859734656
     ],
     [
      -77.0730734204362,
      38.83154280422281
     ],
     [
      -77.07307393170417,
      38.83154074871997
     ],
     [
      -77.07307442865576,
      38.83153869322607
     ],
     [
      -77.07307492046176,
      38.83153686605965
     ],
     [
      -77.07307540712222,
      38.83153526722074
     ],
     [
      -77.0730758886371,
      38.83153389670929
     ],
     [
      -77.07307636500644,
      38.83153275452535
     ],
     [
      -77.0730768577949,
      38.831531669478274
     ],
     [
      -77.07307736700247,
      38.83153064156805
     ],
     [
      -77.07307789262917,
      38.83152967079471
     ],
     [
      -77.07307843467497,
      38.831528757158225
     ],
     [
      -77.073079215107,
      38.83152755790105
     ],
     [
      -77.07308023392523,
      38.83152607302318
     ],
     [
      -77.07308149112963,
      38.83152430252462
     ],
     [
      -77.07308298672015,
      38.831522246405356
     ],
     [
      -77.07308425488381,
      38.83152047214211
     ],
     [
      -77.07308529562061,
      38.83151897973493
     ],
     [
      -77.07308610893058,
      38.831517769183776
     ],
     [
      -77.07308669481375,
      38.8315168404887
     ],
     [
      -77.07308740222909,
      38.831515862085915
     ],
     [
      -77.0730882311766,
      38.83151483397541
     ],
     [
      -77.07308918165624,
      38.83151375615722
     ],
     [
      -77.07309025366803,
      38.831512628631295
     ],
     [
      -77.07309144582337,
      38.83151135381876
     ],
     [
      -77.0730927581222,
      38.83150993171958
     ],
     [
      -77.07309419056456,
      38.83150836233376
     ],
     [
      -77.0730957431504,
      38.83150664566129
     ],
     [
      -77.07309702897368,
      38.83150527321025
     ],
     [
      -77.07309804803441,
      38.83150424498061
     ],
     [
      -77.07309880033264,
      38.83150356097239
     ],
     [
      -77.07309928586838,
      38.83150322118562
     ],
     [
      -77.07309952808602,
      38.83150251382669
     ],
     [
      -77.07309952698556,
      38.83150143889562
     ],
     [
      -77.07309928256703,
      38.83149999639241
     ],
     [
      -77.07309879483043,
      38.83149818631704
     ],
     [
      -77.07309842023894,
      38.83149676756555
     ],
     [
      -77.07309815879253,
      38.83149574013792
     ],
     [
      -77.0730980104912,
      38.83149510403415
     ],
     [
      -77.07309797533496,
      38.831494859254235
     ],
     [
      -77.07309775863452,
      38.83149416199282
     ],
     [
      -77.07309736038982,
      38.83149301224991
     ],
     [
      -77.07309678060095,
      38.831491410025464
     ],
     [
      -77.0730960192679,
      38.83148935531953
     ],
     [
      -77.07309507155881,
      38.8314873007303
     ],
     [
      -77.07309393747369,
      38.831485246257806
     ],
     [
      -77.07309261701258,
      38.83148319190201
     ],
     [
      -77.07309111017547,
      38.83148113766293
     ],
     [
      -77.07308989781502,
      38.83147952562204
     ],
     [
      -77.07308897993114,
      38.83147835577938
     ],
     [
      -77.07308835652387,
      38.83147762813497
     ],
     [
      -77.07308802759312,
      38.83147734268877
     ],
     [
      -77.07308733815127,
      38.83147668649874
     ],
     [
      -77.07308628819833,
      38.83147565956486
     ],
     [
      -77.07308487773432,
      38.83147426188711
     ],
     [
      -77.0730831067593,
      38.831472493465505
     ],
     [
      -77.07308156367391,
      38.83147090482757
     ],
     [
      -77.07308024847815,
      38.831469495973266
     ],
     [
      -77.07307916117198,
      38.831468266902654
     ],
     [
      -77.07307830175536,
      38.83146721761572
     ],
     [
      -77.07307755556981,
      38.83146617937472
     ],
     [
      -77.07307692261529,
      38.831465152179646
     ],
     [
      -77.0730764028918,
      38.831464136030505
     ],
     [
      -77.07307599639935,
      38.83146313092731
     ],
     [
      -77.07307579144755,
      38.83146186324165
     ],
     [
      -77.07307578803635,
      38.831460332973535
     ],
     [
      -77.07307598616576,
      38.83145854012297
     ],
     [
      -77.07307638583578,
      38.83145648468993
     ],
     [
      -77.07307668650925,
      38.83145494160044
     ],
     [
      -77.07307688818625,
      38.83145391085446
     ],
     [
      -77.07307699086672,
      38.83145339245199
     ],
     [
      -77.07307699455072,
      38.83145338639306
     ],
     [
      -77.0730773812922,
      38.83145286932691
     ],
     [
      -77.07307815109111,
      38.83145184125351
     ],
     [
      -77.07307930394745,
      38.831450302172854
     ],
     [
      -77.07308083986118,
      38.83144825208497
     ],
     [
      -77.07308226386796,
      38.83144641928896
     ],
     [
      -77.07308357596784,
      38.831444803784805
     ],
     [
      -77.07308477616085,
      38.83144340557253
     ],
     [
      -77.07308586444698,
      38.83144222465215
     ],
     [
      -77.0730870021085,
      38.831441120024586
     ],
     [
      -77.07308818914542,
      38.83144009168982
     ],
     [
      -77.07308942555773,
      38.83143913964789
     ],
     [
      -77.07309071134544,
      38.83143826389877
     ],
     [
      -77.07309201063137,
      38.831437352693996
     ],
     [
      -77.07309332341553,
      38.83143640603359
     ],
     [
      -77.07309464969794,
      38.831435423917526
     ],
     [
      -77.07309598947855,
      38.831434406345835
     ],
     [
      -77.07309765098917,
      38.831433446458796
     ],
     [
      -77.07309963422983,
      38.83143254425643
     ],
     [
      -77.0731019392005,
      38.83143169973873
     ],
     [
      -77.07310456590116,
      38.831430912905645
     ],
     [
      -77.073106905649,
      38.831430259233606
     ],
     [
      -77.07310895844404,
      38.83142973872262
     ],
     [
      -77.0731107242863,
      38.83142935137273
     ],
     [
      -77.07311220317578,
      38.83142909718393
     ],
     [
      -77.07311359938505,
      38.8314288607034
     ],
     [
      -77.07311491291411,
      38.83142864193115
     ],
     [
      -77.07311614376293,
      38.83142844086717
     ],
     [
      -77.07311729193157,
      38.83142825751147
     ],
     [
      -77.07311880989157,
      38.831428078017495
     ],
     [
      -77.07312069764295,
      38.831427902385194
     ],
     [
      -77.0731229551857,
      38.831427730614585
     ],
     [
      -77.07312558251984,
      38.83142756270562
     ],
     [
      -77.07312820982834,
      38.8314273697928
     ],
     [
      -77.07313083711124,
      38.83142715187611
     ],
     [
      -77.0731334643685,
      38.83142690895555
     ],
     [
      -77.07313609160013,
      38.83142664103113
     ],
     [
      -77.07313871882819,
      38.83142636962454
     ],
     [
      -77.07314134605265,
      38.83142609473577
     ],
     [
      -77.07314397327353,
      38.83142581636484
     ],
     [
      -77.07314660049082,
      38.831425534511716
     ],
     [
      -77.07314922766804,
      38.831425213578385
     ],
     [
      -77.07315185480522,
      38.83142485356485
     ],
     [
      -77.07315448190234,
      38.831424454471055
     ],
     [
      -77.07315710895936,
      38.83142401629709
     ],
     [
      -77.07315973598939,
      38.83142355178429
     ],
     [
      -77.07316236299239,
      38.83142306093265
     ],
     [
      -77.07316498996836,
      38.83142254374217
     ],
     [
      -77.07316761691732,
      38.83142200021288
     ],
     [
      -77.0731697987717,
      38.831421547085895
     ],
     [
      -77.07317153553157,
      38.83142118436124
     ],
     [
      -77.07317282719693,
      38.831420912038936
     ],
     [
      -77.0731736737678,
      38.83142073011901
     ],
     [
      -77.0731747538048,
      38.83142051732764
     ],
     [
      -77.07317606730803,
      38.831420273664826
     ],
     [
      -77.07317761427738,
      38.83141999913056
     ],
     [
      -77.07317939471294,
      38.83141969372485
     ],
     [
      -77.07318138679689,
      38.831419348424596
     ],
     [
      -77.07318359052924,
      38.831418963229844
     ],
     [
      -77.07318600591,
      38.831418538140575
     ],
     [
      -77.07318863293915,
      38.83141807315676
     ],
     [
      -77.07319125994624,
      38.831417586690094
     ],
     [
      -77.07319388693128,
      38.831417078740586
     ],
     [
      -77.07319651389426,
      38.83141654930823
     ],
     [
      -77.07319914083517,
      38.831415998393034
     ],
     [
      -77.07320176774353,
      38.83141541575238
     ],
     [
      -77.07320439461931,
      38.83141480138628
     ],
     [
      -77.07320702146252,
      38.831414155294766
     ],
     [
      -77.07320964827315,
      38.831413477477795
     ],
     [
      -77.07321167980116,
      38.83141295354648
     ],
     [
      -77.07321311604657,
      38.831412583500864
     ],
     [
      -77.07321395700941,
      38.831412367340945
     ],
     [
      -77.07321420268967,
      38.831412305066785
     ],
     [
      -77.07321498223331,
      38.83141210533777
     ],
     [
      -77.07321629564032,
      38.831411768153934
     ],
     [
      -77.0732181429107,
      38.83141129351522
     ],
     [
      -77.07322052404442,
      38.831410681421616
     ],
     [
      -77.07322296670472,
      38.83141015768006
     ],
     [
      -77.07322547089161,
      38.83140972229054
     ],
     [
      -77.07322803660512,
      38.831409375253074
     ],
     [
      -77.07323066384522,
      38.83140911656762
     ],
     [
      -77.07323329110872,
      38.83140888069979
     ],
     [
      -77.07323591839561,
      38.83140866764956
     ],
     [
      -77.07323854570588,
      38.831408477416936
     ],
     [
      -77.07324117303953,
      38.83140831000191
     ],
     [
      -77.07324380038173,
      38.83140815090759
     ],
     [
      -77.07324642773243,
      38.83140800013399
     ],
     [
      -77.07324905509167,
      38.83140785768109
     ],
     [
      -77.07325168245943,
      38.83140772354889
     ],
     [
      -77.07325430988347,
      38.83140764429623
     ],
     [
      -77.07325693736382,
      38.831407619923105
     ],
     [
      -77.07325956490048,
      38.83140765042955
     ],
     [
      -77.07326219249344,
      38.83140773581551
     ],
     [
      -77.07326482011848,
      38.83140785246822
     ],
     [
      -77.07326744777563,
      38.83140800038766
     ],
     [
      -77.07327007546486,
      38.83140817957384
     ],
     [
      -77.0732727031862,
      38.83140839002676
     ],
     [
      -77.07327533093554,
      38.83140862775264
     ],
     [
      -77.0732779587129,
      38.83140889275144
     ],
     [
      -77.07328058651824,
      38.8314091850232
     ],
     [
      -77.0732832143516,
      38.831409504567894
     ],
     [
      -77.07328584210437,
      38.831409745566816
     ],
     [
      -77.07328846977656,
      38.83140990801996
     ],
     [
      -77.07329109736811,
      38.83140999192734
     ],
     [
      -77.07329372487905,
      38.83140999728892
     ],
     [
      -77.07329635228133,
      38.831409896785296
     ],
     [
      -77.07329897957493,
      38.831409690416386
     ],
     [
      -77.07330160675983,
      38.83140937818223
     ],
     [
      -77.07330423383601,
      38.83140896008283
     ],
     [
      -77.07330686102281,
      38.83140864974792
     ],
     [
      -77.07330948832022,
      38.83140844717745
     ],
     [
      -77.07331211572829,
      38.831408352371476
     ],
     [
      -77.07331474324697,
      38.83140836532997
     ],
     [
      -77.0733173709246,
      38.83140853308443
     ],
     [
      -77.07331999876119,
      38.831408855634834
     ],
     [
      -77.07332262675675,
      38.83140933298122
     ],
     [
      -77.07332525491132,
      38.83140996512355
     ],
     [
      -77.073327479049,
      38.83141051571851
     ],
     [
      -77.07332929916977,
      38.83141098476611
     ],
     [
      -77.07333071527363,
      38.831411372266324
     ],
     [
      -77.07333172736055,
      38.83141167821923
     ],
     [
      -77.07333289048032,
      38.83141202585592
     ],
     [
      -77.07333420463291,
      38.83141241517635
     ],
     [
      -77.07333566981836,
      38.831412846180584
     ],
     [
      -77.07333728603666,
      38.831413318868556
     ],
     [
      -77.07333915526367,
      38.83141385531696
     ],
     [
      -77.07334127749938,
      38.83141445552573
     ],
     [
      -77.0733436527438,
      38.831415119494906
     ],
     [
      -77.07334628099696,
      38.831415847224434
     ],
     [
      -77.07334890927119,
      38.8314165954188
     ],
     [
      -77.0733515375665,
      38.831417364078014
     ],
     [
      -77.07335416588289,
      38.831418153202044
     ],
     [
      -77.07335679422036,
      38.83141896279094
     ],
     [
      -77.0733588620377,
      38.83141958013615
     ],
     [
      -77.07336036933486,
      38.83142000523772
     ],
     [
      -77.07336131611186,
      38.8314202380957
     ],
     [
      -77.07336170236863,
      38.83142027871007
     ],
     [
      -77.07336255246271,
      38.831420385875646
     ],
     [
      -77.0733638663941,
      38.83142055959241
     ],
     [
      -77.07336564416283,
      38.83142079986035
     ],
     [
      -77.07336788576887,
      38.83142110667943
     ],
     [
      -77.0733698027691,
      38.83142125958844
     ],
     [
      -77.07337139516348,
      38.831421258587376
     ]
    ]
   },
   "properties": {
    "id": "ct-11",
    "kind": "Contour",
    "sourceId": "contours",
    "reliabilityLevel": 1,
    "revision": 1,
    "engineeringGeometry": {
     "crs": "EPSG:2248",
     "crsName": "NAD83 / Maryland State Plane (US survey feet)",
     "datum": "NAD83",
     "unit": "usSurveyFoot",
     "coordinates": [
      [
       1291524.1125585916,
       424254.14724330266,
       184
      ],
      [
       1291523.5302186867,
       424253.39875709504,
       184
      ],
      [
       1291523.0647577625,
       424252.79314724053,
       184
      ],
      [
       1291522.7161758184,
       424252.3304137392,
       184
      ],
      [
       1291522.484472855,
       424252.01055659103,
       184
      ],
      [
       1291522.369648872,
       424251.833575796,
       184
      ],
      [
       1291522.1870569836,
       424251.5579638466,
       184
      ],
      [
       1291521.9366971897,
       424251.1837207427,
       184
      ],
      [
       1291521.61856949,
       424250.71084648446,
       184
      ],
      [
       1291521.232673885,
       424250.13934107183,
       184
      ],
      [
       1291520.8526045308,
       424249.5288056287,
       184
      ],
      [
       1291520.4783614269,
       424248.87924015516,
       184
      ],
      [
       1291520.1099445736,
       424248.1906446512,
       184
      ],
      [
       1291519.747353971,
       424247.4630191167,
       184
      ],
      [
       1291519.47190007,
       424246.9120847976,
       184
      ],
      [
       1291519.2835828708,
       424246.5378416938,
       184
      ],
      [
       1291519.1824023728,
       424246.34028980526,
       184
      ],
      [
       1291519.1683585767,
       424246.319429132,
       184
      ],
      [
       1291519.083383595,
       424246.11666207516,
       184
      ],
      [
       1291518.9274774287,
       424245.73198863474,
       184
      ],
      [
       1291518.7006400768,
       424245.16540881066,
       184
      ],
      [
       1291518.4028715396,
       424244.4169226029,
       184
      ],
      [
       1291518.13992604,
       424243.66843639524,
       184
      ],
      [
       1291517.9118035785,
       424242.9199501876,
       184
      ],
      [
       1291517.7185041546,
       424242.17146397993,
       184
      ],
      [
       1291517.5600277688,
       424241.42297777225,
       184
      ],
      [
       1291517.405629618,
       424240.67449156457,
       184
      ],
      [
       1291517.2553097033,
       424239.92600535695,
       184
      ],
      [
       1291517.1090680237,
       424239.17751914926,
       184
      ],
      [
       1291516.9669045797,
       424238.4290329416,
       184
      ],
      [
       1291516.8262734858,
       424237.7637011719,
       184
      ],
      [
       1291516.6871747414,
       424237.1815238402,
       184
      ],
      [
       1291516.5496083472,
       424236.68250094645,
       184
      ],
      [
       1291516.4135743033,
       424236.26663249073,
       184
      ],
      [
       1291516.2728796764,
       424235.87157671095,
       184
      ],
      [
       1291516.1275244674,
       424235.49733360717,
       184
      ],
      [
       1291515.9775086758,
       424235.14390317927,
       184
      ],
      [
       1291515.8228323022,
       424234.81128542736,
       184
      ],
      [
       1291515.600164704,
       424234.3747005615,
       184
      ],
      [
       1291515.309505882,
       424233.83414858166,
       184
      ],
      [
       1291514.9508558356,
       424233.1896294879,
       184
      ],
      [
       1291514.5242145648,
       424232.44114328024,
       184
      ],
      [
       1291514.1624414711,
       424231.7952556249,
       184
      ],
      [
       1291513.8655365543,
       424231.251966522,
       184
      ],
      [
       1291513.6334998142,
       424230.8112759714,
       184
      ],
      [
       1291513.4663312507,
       424230.47318397317,
       184
      ],
      [
       1291513.2645278939,
       424230.1170164221,
       184
      ],
      [
       1291513.0280897436,
       424229.7427733183,
       184
      ],
      [
       1291512.7570167996,
       424229.35045466165,
       184
      ],
      [
       1291512.4513090623,
       424228.9400604522,
       184
      ],
      [
       1291512.1113336417,
       424228.47605267225,
       184
      ],
      [
       1291511.737090538,
       424227.95843132155,
       184
      ],
      [
       1291511.3285797508,
       424227.38719640044,
       184
      ],
      [
       1291510.8858012806,
       424226.7623479087,
       184
      ],
      [
       1291510.5191145795,
       424226.26280211087,
       184
      ],
      [
       1291510.2285196478,
       424225.8885590071,
       184
      ],
      [
       1291510.0140164858,
       424225.63961859717,
       184
      ],
      [
       1291509.8756050928,
       424225.51598088123,
       184
      ],
      [
       1291509.8063993964,
       424225.2584199196,
       184
      ],
      [
       1291509.8063993964,
       424224.8669357122,
       184
      ],
      [
       1291509.8756050928,
       424224.3415282591,
       184
      ],
      [
       1291510.0140164858,
       424223.68219756027,
       184
      ],
      [
       1291510.120310883,
       424223.1654106589,
       184
      ],
      [
       1291510.194488285,
       424222.791167555,
       184
      ],
      [
       1291510.2365486915,
       424222.55946824874,
       184
      ],
      [
       1291510.2464921023,
       424222.4703127399,
       184
      ],
      [
       1291510.3080192232,
       424222.2163245564,
       184
      ],
      [
       1291510.4211300542,
       424221.79750369815,
       184
      ],
      [
       1291510.585824595,
       424221.2138501652,
       184
      ],
      [
       1291510.8021028456,
       424220.46536395757,
       184
      ],
      [
       1291511.0714732278,
       424219.7168777499,
       184
      ],
      [
       1291511.3939357414,
       424218.9683915422,
       184
      ],
      [
       1291511.7694903864,
       424218.2199053345,
       184
      ],
      [
       1291512.1981371627,
       424217.47141912684,
       184
      ],
      [
       1291512.5430266876,
       424216.88404623495,
       184
      ],
      [
       1291512.8041589605,
       424216.4577866589,
       184
      ],
      [
       1291512.9815339819,
       424216.19264039857,
       184
      ],
      [
       1291513.0751517513,
       424216.0886074541,
       184
      ],
      [
       1291513.2713585782,
       424215.84946942993,
       184
      ],
      [
       1291513.5701544622,
       424215.4752263261,
       184
      ],
      [
       1291513.9715394035,
       424214.9658781426,
       184
      ],
      [
       1291514.475513402,
       424214.3214248794,
       184
      ],
      [
       1291514.914621953,
       424213.7424998112,
       184
      ],
      [
       1291515.2888650568,
       424213.2291029381,
       184
      ],
      [
       1291515.5982427134,
       424212.78123426,
       184
      ],
      [
       1291515.8427549226,
       424212.39889377693,
       184
      ],
      [
       1291516.0550147418,
       424212.0206019834,
       184
      ],
      [
       1291516.2350221712,
       424211.6463588796,
       184
      ],
      [
       1291516.3827772103,
       424211.27616446535,
       184
      ],
      [
       1291516.4982798598,
       424210.9100187408,
       184
      ],
      [
       1291516.5562939867,
       424210.4482878955,
       184
      ],
      [
       1291516.5568195914,
       424209.89097192936,
       184
      ],
      [
       1291516.4998566739,
       424209.23807084246,
       184
      ],
      [
       1291516.3854052343,
       424208.4895846348,
       184
      ],
      [
       1291516.299303852,
       424207.92766853154,
       184
      ],
      [
       1291516.2415525273,
       424207.55232253263,
       184
      ],
      [
       1291516.2121512603,
       424207.36354663817,
       184
      ],
      [
       1291516.211100051,
       424207.36134084815,
       184
      ],
      [
       1291516.1007799883,
       424207.1731164012,
       184
      ],
      [
       1291515.8811910725,
       424206.7988732974,
       184
      ],
      [
       1291515.5523333035,
       424206.2386115367,
       184
      ],
      [
       1291515.1142066813,
       424205.492331119,
       184
      ],
      [
       1291514.7080218182,
       424204.8251616862,
       184
      ],
      [
       1291514.3337787145,
       424204.23710323824,
       184
      ],
      [
       1291513.9914773698,
       424203.728155775,
       184
      ],
      [
       1291513.6811177842,
       424203.29831929656,
       184
      ],
      [
       1291513.3567150836,
       424202.89627950545,
       184
      ],
      [
       1291513.0182692679,
       424202.5220364017,
       184
      ],
      [
       1291512.665780337,
       424202.1755899851,
       184
      ],
      [
       1291512.2992482914,
       424201.85694025585,
       184
      ],
      [
       1291511.9288607165,
       424201.52538086084,
       184
      ],
      [
       1291511.5546176126,
       424201.1809118,
       184
      ],
      [
       1291511.1765189797,
       424200.8235330734,
       184
      ],
      [
       1291510.794564818,
       424200.45324468095,
       184
      ],
      [
       1291510.3209776445,
       424200.1040381219,
       184
      ],
      [
       1291509.75575746,
       424199.7759133961,
       184
      ],
      [
       1291509.0989042637,
       424199.46887050365,
       184
      ],
      [
       1291508.350418056,
       424199.18290944456,
       184
      ],
      [
       1291507.6837136662,
       424198.94537946116,
       184
      ],
      [
       1291507.0987910945,
       424198.7562805535,
       184
      ],
      [
       1291506.5956503411,
       424198.61561272165,
       184
      ],
      [
       1291506.1742914058,
       424198.5233759655,
       184
      ],
      [
       1291505.776490386,
       424198.43756960763,
       184
      ],
      [
       1291505.4022472822,
       424198.35819364816,
       184
      ],
      [
       1291505.0515620941,
       424198.285248087,
       184
      ],
      [
       1291504.724434822,
       424198.2187329242,
       184
      ],
      [
       1291504.2919678162,
       424198.1537085522,
       184
      ],
      [
       1291503.7541610762,
       424198.09017497103,
       184
      ],
      [
       1291503.1110146022,
       424198.02813218074,
       184
      ],
      [
       1291502.3625283944,
       424197.96758018126,
       184
      ],
      [
       1291501.6140421869,
       424197.89792192855,
       184
      ],
      [
       1291500.8655559793,
       424197.8191574227,
       184
      ],
      [
       1291500.1170697715,
       424197.73128666356,
       184
      ],
      [
       1291499.3685835642,
       424197.6343096512,
       184
      ],
      [
       1291498.6200973564,
       424197.53606447094,
       184
      ],
      [
       1291497.8716111486,
       424197.4365511227,
       184
      ],
      [
       1291497.1231249408,
       424197.33576960646,
       184
      ],
      [
       1291496.3746387335,
       424197.23371992225,
       184
      ],
      [
       1291495.6261525257,
       424197.1174374517,
       184
      ],
      [
       1291494.8776663179,
       424196.98692219483,
       184
      ],
      [
       1291494.12918011,
       424196.8421741517,
       184
      ],
      [
       1291493.3806939027,
       424196.6831933223,
       184
      ],
      [
       1291492.632207695,
       424196.5146200525,
       184
      ],
      [
       1291491.8837214871,
       424196.33645434235,
       184
      ],
      [
       1291491.1352352793,
       424196.14869619196,
       184
      ],
      [
       1291490.386749072,
       424195.95134560124,
       184
      ],
      [
       1291489.7650813968,
       424195.78681742604,
       184
      ],
      [
       1291489.2702322537,
       424195.65511166636,
       184
      ],
      [
       1291488.9022016434,
       424195.5562283222,
       184
      ],
      [
       1291488.6609895653,
       424195.4901673935,
       184
      ],
      [
       1291488.3532619746,
       424195.4129165698,
       184
      ],
      [
       1291487.9790188707,
       424195.3244758511,
       184
      ],
      [
       1291487.538260254,
       424195.2248452373,
       184
      ],
      [
       1291487.0309861242,
       424195.11402472836,
       184
      ],
      [
       1291486.4634089752,
       424194.988723204,
       184
      ],
      [
       1291485.8355288063,
       424194.8489406642,
       184
      ],
      [
       1291485.147345618,
       424194.69467710884,
       184
      ],
      [
       1291484.3988594108,
       424194.525932538,
       184
      ],
      [
       1291483.6503732032,
       424194.3493640496,
       184
      ],
      [
       1291482.9018869954,
       424194.1649716437,
       184
      ],
      [
       1291482.1534007876,
       424193.97275532025,
       184
      ],
      [
       1291481.4049145798,
       424193.7727150793,
       184
      ],
      [
       1291480.656428372,
       424193.56112062174,
       184
      ],
      [
       1291479.9079421642,
       424193.3379719476,
       184
      ],
      [
       1291479.1594559567,
       424193.103269057,
       184
      ],
      [
       1291478.4109697493,
       424192.8570119499,
       184
      ],
      [
       1291477.832104076,
       424192.6666631745,
       184
      ],
      [
       1291477.422858937,
       424192.53222273104,
       184
      ],
      [
       1291477.1832343324,
       424192.4536906194,
       184
      ],
      [
       1291477.1132302617,
       424192.4310668396,
       184
      ],
      [
       1291476.8911066747,
       424192.35850473994,
       184
      ],
      [
       1291476.516863571,
       424192.23600432026,
       184
      ],
      [
       1291475.9905009503,
       424192.0635655808,
       184
      ],
      [
       1291475.312018813,
       424191.8411885215,
       184
      ],
      [
       1291474.616035658,
       424191.6510028641,
       184
      ],
      [
       1291473.9025514857,
       424191.49300860876,
       184
      ],
      [
       1291473.1715662954,
       424191.3672057554,
       184
      ],
      [
       1291472.4230800879,
       424191.2735943041,
       184
      ],
      [
       1291471.6745938803,
       424191.1882929256,
       184
      ],
      [
       1291470.9261076725,
       424191.1113016199,
       184
      ],
      [
       1291470.1776214647,
       424191.04262038716,
       184
      ],
      [
       1291469.4291352574,
       424190.9822492273,
       184
      ],
      [
       1291468.6806490496,
       424190.92490844545,
       184
      ],
      [
       1291467.9321628418,
       424190.8705980417,
       184
      ],
      [
       1291467.183676634,
       424190.819318016,
       184
      ],
      [
       1291466.4351904267,
       424190.77106836846,
       184
      ],
      [
       1291465.6867042189,
       424190.74280558096,
       184
      ],
      [
       1291464.938218011,
       424190.73452965345,
       184
      ],
      [
       1291464.1897318033,
       424190.74624058604,
       184
      ],
      [
       1291463.441245596,
       424190.7779383788,
       184
      ],
      [
       1291462.6927593881,
       424190.82102337375,
       184
      ],
      [
       1291461.9442731806,
       424190.87549557106,
       184
      ],
      [
       1291461.195786973,
       424190.9413549707,
       184
      ],
      [
       1291460.4473007652,
       424191.0186015726,
       184
      ],
      [
       1291459.6988145574,
       424191.1057808575,
       184
      ],
      [
       1291458.9503283496,
       424191.20289282536,
       184
      ],
      [
       1291458.201842142,
       424191.3099374763,
       184
      ],
      [
       1291457.4533559347,
       424191.4269148101,
       184
      ],
      [
       1291456.7048697271,
       424191.5152862106,
       184
      ],
      [
       1291455.9563835193,
       424191.57505167753,
       184
      ],
      [
       1291455.2078973115,
       424191.606211211,
       184
      ],
      [
       1291454.4594111037,
       424191.60876481107,
       184
      ],
      [
       1291453.710924896,
       424191.5727628694,
       184
      ],
      [
       1291452.9624386881,
       424191.49820538604,
       184
      ],
      [
       1291452.2139524806,
       424191.3850923609,
       184
      ],
      [
       1291451.4654662733,
       424191.23342379386,
       184
      ],
      [
       1291450.7169800657,
       424191.1210024989,
       184
      ],
      [
       1291449.968493858,
       424191.04782847606,
       184
      ],
      [
       1291449.22000765,
       424191.01390172506,
       184
      ],
      [
       1291448.4715214423,
       424191.019222246,
       184
      ],
      [
       1291447.7230352345,
       424191.08091865794,
       184
      ],
      [
       1291446.9745490272,
       424191.19899096084,
       184
      ],
      [
       1291446.2260628194,
       424191.3734391546,
       184
      ],
      [
       1291445.4775766118,
       424191.6042632393,
       184
      ],
      [
       1291444.8441571195,
       424191.8052957906,
       184
      ],
      [
       1291444.3258043425,
       424191.9765368084,
       184
      ],
      [
       1291443.922518281,
       424192.11798629275,
       184
      ],
      [
       1291443.6342989348,
       424192.2296442436,
       184
      ],
      [
       1291443.3030677098,
       424192.3565177603,
       184
      ],
      [
       1291442.928824606,
       424192.49860684294,
       184
      ],
      [
       1291442.5115696231,
       424192.65591149137,
       184
      ],
      [
       1291442.0513027618,
       424192.8284317058,
       184
      ],
      [
       1291441.5189810637,
       424193.0242310179,
       184
      ],
      [
       1291440.914604529,
       424193.24330942787,
       184
      ],
      [
       1291440.238173158,
       424193.4856669356,
       184
      ],
      [
       1291439.4896869506,
       424193.7513035411,
       184
      ],
      [
       1291438.7412007428,
       424194.0243933537,
       184
      ],
      [
       1291437.992714535,
       424194.30493637343,
       184
      ],
      [
       1291437.2442283272,
       424194.5929326002,
       184
      ],
      [
       1291436.4957421198,
       424194.8883820339,
       184
      ],
      [
       1291435.9068726117,
       424195.1136890978,
       184
      ],
      [
       1291435.477619803,
       424195.2688537917,
       184
      ],
      [
       1291435.207983694,
       424195.35387611564,
       184
      ],
      [
       1291435.097964285,
       424195.3687560696,
       184
      ],
      [
       1291434.8558330284,
       424195.4079797878,
       184
      ],
      [
       1291434.4815899245,
       424195.4715472702,
       184
      ],
      [
       1291433.9752349732,
       424195.55945851683,
       184
      ],
      [
       1291433.336768175,
       424195.67171352764,
       184
      ],
      [
       1291432.7907253862,
       424195.7278410331,
       184
      ],
      [
       1291432.3371066074,
       424195.7278410331,
       184
      ]
     ]
    },
    "elevationFt": 184,
    "weight": "intermediate",
    "hidden": false
   }
  },
  {
   "type": "Feature",
   "geometry": {
    "type": "LineString",
    "coordinates": [
     [
      -77.07313491149961,
      38.831581814178755
     ],
     [
      -77.07313520155635,
      38.83157975881426
     ],
     [
      -77.07313540613868,
      38.831577703503314
     ],
     [
      -77.07313552524657,
      38.83157564824595
     ],
     [
      -77.0731355588801,
      38.831573593042116
     ],
     [
      -77.0731355070392,
      38.831571537891854
     ],
     [
      -77.07313538416615,
      38.831569482786115
     ],
     [
      -77.07313519026094,
      38.831567427724885
     ],
     [
      -77.07313492532359,
      38.83156537270814
     ],
     [
      -77.07313458935407,
      38.83156331773593
     ],
     [
      -77.0731344053904,
      38.83156126266846
     ],
     [
      -77.07313437343258,
      38.83155920750574
     ],
     [
      -77.07313449348058,
      38.83155715224776
     ],
     [
      -77.07313476553439,
      38.83155509689454
     ],
     [
      -77.07313519290072,
      38.83155304144398
     ],
     [
      -77.07313577557956,
      38.83155098589611
     ],
     [
      -77.0731365135709,
      38.831548930250904
     ],
     [
      -77.07313740687472,
      38.831546874508355
     ],
     [
      -77.07313816438936,
      38.83154500087982
     ],
     [
      -77.07313878611485,
      38.83154330936532
     ],
     [
      -77.07313927205121,
      38.83154179996485
     ],
     [
      -77.07313962219843,
      38.83154047267842
     ],
     [
      -77.07313992135607,
      38.83153929516174
     ],
     [
      -77.07314016952412,
      38.83153826741485
     ],
     [
      -77.0731403667026,
      38.83153738943771
     ],
     [
      -77.07314051289151,
      38.831536661230366
     ],
     [
      -77.0731405856125,
      38.83153593253371
     ],
     [
      -77.07314058486558,
      38.83153520334775
     ],
     [
      -77.07314051065075,
      38.8315344736725
     ],
     [
      -77.073140362968,
      38.83153374350793
     ],
     [
      -77.07314018047637,
      38.831532864698055
     ],
     [
      -77.07313996317583,
      38.83153183724285
     ],
     [
      -77.0731397110664,
      38.83153066114234
     ],
     [
      -77.0731394241481,
      38.831529336396486
     ],
     [
      -77.0731389641023,
      38.83152782919486
     ],
     [
      -77.07313833092903,
      38.831526139537445
     ],
     [
      -77.07313752462831,
      38.83152426742425
     ],
     [
      -77.07313654520016,
      38.831522212855255
     ],
     [
      -77.07313557819252,
      38.831520158278465
     ],
     [
      -77.0731346236054,
      38.83151810369388
     ],
     [
      -77.07313368143879,
      38.831516049101516
     ],
     [
      -77.07313275169268,
      38.83151399450134
     ],
     [
      -77.07313194493389,
      38.83151225477417
     ],
     [
      -77.0731312611624,
      38.83151082991998
     ],
     [
      -77.07313070037819,
      38.83150971993877
     ],
     [
      -77.07313026258124,
      38.83150892483057
     ],
     [
      -77.07312977680998,
      38.83150801364801
     ],
     [
      -77.07312924306441,
      38.83150698639106
     ],
     [
      -77.07312866134453,
      38.831505843059745
     ],
     [
      -77.07312803165037,
      38.83150458365406
     ],
     [
      -77.07312736341306,
      38.83150312542689
     ],
     [
      -77.07312665663267,
      38.83150146837823
     ],
     [
      -77.07312591130915,
      38.83149961250808
     ],
     [
      -77.07312512744252,
      38.831497557816455
     ],
     [
      -77.07312431997407,
      38.83149550313961
     ],
     [
      -77.07312348890378,
      38.83149344847754
     ],
     [
      -77.07312263423164,
      38.83149139383024
     ],
     [
      -77.07312175595766,
      38.83148933919773
     ],
     [
      -77.07312101175634,
      38.83148760009787
     ],
     [
      -77.07312040162763,
      38.831486176530646
     ],
     [
      -77.07311992557155,
      38.831485068496086
     ],
     [
      -77.07311958358804,
      38.83148427599415
     ],
     [
      -77.07311919652844,
      38.83148336608284
     ],
     [
      -77.07311876439273,
      38.8314823387622
     ],
     [
      -77.07311828718095,
      38.831481194032165
     ],
     [
      -77.07311776489306,
      38.83147993189281
     ],
     [
      -77.0731172826522,
      38.83147847154928
     ],
     [
      -77.07311684045837,
      38.83147681300163
     ],
     [
      -77.07311643831153,
      38.83147495624984
     ],
     [
      -77.07311607621175,
      38.83147290129391
     ],
     [
      -77.07311602448283,
      38.83147096766209
     ],
     [
      -77.07311628312475,
      38.83146915535438
     ],
     [
      -77.07311685213747,
      38.83146746437077
     ],
     [
      -77.07311773152102,
      38.83146589471124
     ],
     [
      -77.07311864151653,
      38.831464595791154
     ],
     [
      -77.07311958212402,
      38.83146356761047
     ],
     [
      -77.07312055334349,
      38.831462810169214
     ],
     [
      -77.07312155517495,
      38.83146232346735
     ],
     [
      -77.0731227127174,
      38.83146183587618
     ],
     [
      -77.07312402597083,
      38.831461347395674
     ],
     [
      -77.07312549493523,
      38.83146085802584
     ],
     [
      -77.0731271196106,
      38.831460367766674
     ],
     [
      -77.07312899492041,
      38.831459928281014
     ],
     [
      -77.07313112086466,
      38.83145953956888
     ],
     [
      -77.07313349744334,
      38.83145920163022
     ],
     [
      -77.07313612465646,
      38.83145891446507
     ],
     [
      -77.07313875197313,
      38.83145872842405
     ],
     [
      -77.07314137939338,
      38.83145864350727
     ],
     [
      -77.07314400691722,
      38.831458659714635
     ],
     [
      -77.07314663454463,
      38.8314587770462
     ],
     [
      -77.07314926226081,
      38.83145898101465
     ],
     [
      -77.07315189006577,
      38.83145927161997
     ],
     [
      -77.07315451795952,
      38.83145964886221
     ],
     [
      -77.07315714594206,
      38.8314601127413
     ],
     [
      -77.07315934490155,
      38.83146050807154
     ],
     [
      -77.073161114838,
      38.831460834852905
     ],
     [
      -77.0731624557514,
      38.83146109308543
     ],
     [
      -77.07316336764173,
      38.83146128276916
     ],
     [
      -77.07316448061226,
      38.831461522578614
     ],
     [
      -77.07316579466303,
      38.83146181251384
     ],
     [
      -77.073167309794,
      38.83146215257479
     ],
     [
      -77.0731690260052,
      38.83146254276151
     ],
     [
      -77.07317097013109,
      38.8314629238255
     ],
     [
      -77.07317314217164,
      38.83146329576678
     ],
     [
      -77.07317554212686,
      38.831463658585335
     ],
     [
      -77.07317816999675,
      38.83146401228113
     ],
     [
      -77.073180797758,
      38.831464259940645
     ],
     [
      -77.07318342541059,
      38.831464401563856
     ],
     [
      -77.07318605295451,
      38.83146443715076
     ],
     [
      -77.07318868038973,
      38.831464366701375
     ],
     [
      -77.07319130769791,
      38.831464172308415
     ],
     [
      -77.07319393487903,
      38.831463853971876
     ],
     [
      -77.07319656193307,
      38.83146341169179
     ],
     [
      -77.07319918886002,
      38.831462845468124
     ],
     [
      -77.07320125194728,
      38.831462392435014
     ],
     [
      -77.0732027511949,
      38.8314620525925
     ],
     [
      -77.07320368660288,
      38.8314618259406
     ],
     [
      -77.07320405817121,
      38.83146171247933
     ],
     [
      -77.07320490064431,
      38.831461472457306
     ],
     [
      -77.07320621402214,
      38.83146110587454
     ],
     [
      -77.0732079983047,
      38.83146061273098
     ],
     [
      -77.07321025349196,
      38.831459993026606
     ],
     [
      -77.07321260174567,
      38.83145951505392
     ],
     [
      -77.07321504306583,
      38.83145917881288
     ],
     [
      -77.07321757745248,
      38.831458984303474
     ],
     [
      -77.0732202049056,
      38.831458931525724
     ],
     [
      -77.07322283240568,
      38.83145892455351
     ],
     [
      -77.07322545995275,
      38.83145896338681
     ],
     [
      -77.0732280875468,
      38.831459048025664
     ],
     [
      -77.07323071518782,
      38.831459178470034
     ],
     [
      -77.07323334269047,
      38.83145917398461
     ],
     [
      -77.07323597005472,
      38.83145903456938
     ],
     [
      -77.07323859728058,
      38.83145876022432
     ],
     [
      -77.073241224368,
      38.831458350949475
     ],
     [
      -77.07324385145992,
      38.831457946080384
     ],
     [
      -77.07324647855633,
      38.83145754561706
     ],
     [
      -77.07324910565724,
      38.8314571495595
     ],
     [
      -77.07325173276261,
      38.83145675790769
     ],
     [
      -77.07325435996947,
      38.83145646518803
     ],
     [
      -77.07325698727782,
      38.83145627140053
     ],
     [
      -77.07325961468764,
      38.83145617654519
     ],
     [
      -77.07326224219896,
      38.831456180622006
     ],
     [
      -77.07326486985538,
      38.83145632611087
     ],
     [
      -77.0732674976569,
      38.83145661301179
     ],
     [
      -77.07327012560357,
      38.83145704132476
     ],
     [
      -77.07327275369538,
      38.83145761104977
     ],
     [
      -77.07327523094867,
      38.83145822748924
     ],
     [
      -77.07327755736341,
      38.831458890643184
     ],
     [
      -77.07327973293964,
      38.8314596005116
     ],
     [
      -77.07328175767732,
      38.83146035709451
     ],
     [
      -77.07328342717695,
      38.8314609828132
     ],
     [
      -77.07328474143848,
      38.83146147766771
     ],
     [
      -77.07328570046194,
      38.83146184165804
     ],
     [
      -77.07328630424729,
      38.83146207478416
     ],
     [
      -77.07328741436909,
      38.83146264513502
     ],
     [
      -77.07328903082735,
      38.83146355271057
     ],
     [
      -77.07329115362212,
      38.83146479751079
     ],
     [
      -77.07329378275348,
      38.83146637953565
     ],
     [
      -77.07329583779638,
      38.83146762550239
     ],
     [
      -77.07329731875075,
      38.83146853541108
     ],
     [
      -77.07329822561657,
      38.83146910926171
     ],
     [
      -77.07329855839377,
      38.83146934705429
     ],
     [
      -77.07329938218348,
      38.831469976562765
     ],
     [
      -77.07330069698564,
      38.83147099778711
     ],
     [
      -77.07330250280036,
      38.83147241072733
     ],
     [
      -77.07330479962765,
      38.831474215383366
     ],
     [
      -77.07330661796992,
      38.8314756310863
     ],
     [
      -77.07330795782711,
      38.83147665783609
     ],
     [
      -77.07330881919917,
      38.831477295632816
     ],
     [
      -77.07330920208608,
      38.83147754447645
     ],
     [
      -77.07331005082338,
      38.83147807492452
     ],
     [
      -77.07331136541109,
      38.83147888697703
     ],
     [
      -77.07331314584926,
      38.83147998063394
     ],
     [
      -77.07331539213791,
      38.831481355895235
     ],
     [
      -77.07331773382893,
      38.831482482232026
     ],
     [
      -77.07332017092227,
      38.8314833596443
     ],
     [
      -77.07332270341793,
      38.831483988132035
     ],
     [
      -77.07332533131587,
      38.83148436769527
     ],
     [
      -77.07332795890466,
      38.8314844461913
     ],
     [
      -77.07333058618427,
      38.83148422362012
     ],
     [
      -77.07333321315465,
      38.83148369998176
     ],
     [
      -77.0733358398158,
      38.8314828752762
     ],
     [
      -77.07333846657063,
      38.83148214187673
     ],
     [
      -77.07334109341923,
      38.83148149978337
     ],
     [
      -77.07334372036155,
      38.831480948996095
     ],
     [
      -77.07334634739763,
      38.83148048951496
     ],
     [
      -77.07334897484051,
      38.831480426090955
     ],
     [
      -77.07335160269025,
      38.831480758724105
     ],
     [
      -77.07335423094689,
      38.831481487414415
     ],
     [
      -77.07335685961047,
      38.83148261216189
     ],
     [
      -77.07335899308565,
      38.83148356856611
     ],
     [
      -77.07336063137234,
      38.83148435662712
     ],
     [
      -77.07336177447056,
      38.831484976344925
     ],
     [
      -77.07336242238028,
      38.83148542771956
     ],
     [
      -77.0733632125178,
      38.83148627985501
     ],
     [
      -77.07336414488313,
      38.83148753275127
     ],
     [
      -77.07336521947632,
      38.831489186408334
     ],
     [
      -77.07336643629736,
      38.83149124082618
     ],
     [
      -77.07336754063294,
      38.83149315311314
     ],
     [
      -77.07336853248303,
      38.8314949232692
     ],
     [
      -77.07336941184762,
      38.83149655129437
     ],
     [
      -77.0733701787267,
      38.83149803718863
     ],
     [
      -77.07337085977599,
      38.831499293744365
     ]
    ]
   },
   "properties": {
    "id": "ct-12",
    "kind": "Contour",
    "sourceId": "contours",
    "reliabilityLevel": 1,
    "revision": 1,
    "engineeringGeometry": {
     "crs": "EPSG:2248",
     "crsName": "NAD83 / Maryland State Plane (US survey feet)",
     "datum": "NAD83",
     "unit": "usSurveyFoot",
     "coordinates": [
      [
       1291499.7500286875,
       424254.14724330266,
       186
      ],
      [
       1291499.6668019688,
       424253.39875709504,
       186
      ],
      [
       1291499.6079239345,
       424252.6502708874,
       186
      ],
      [
       1291499.5733945845,
       424251.9017846796,
       186
      ],
      [
       1291499.5632139186,
       424251.15329847194,
       186
      ],
      [
       1291499.577381937,
       424250.4048122644,
       186
      ],
      [
       1291499.611784553,
       424249.6563260567,
       186
      ],
      [
       1291499.6664217657,
       424248.9078398489,
       186
      ],
      [
       1291499.7412935758,
       424248.15935364127,
       186
      ],
      [
       1291499.8363999834,
       424247.41086743365,
       186
      ],
      [
       1291499.8882052053,
       424246.66238122596,
       186
      ],
      [
       1291499.8967092417,
       424245.91389501834,
       186
      ],
      [
       1291499.861912093,
       424245.16540881066,
       186
      ],
      [
       1291499.783813759,
       424244.4169226029,
       186
      ],
      [
       1291499.6614722684,
       424243.66843639524,
       186
      ],
      [
       1291499.4948876211,
       424242.9199501876,
       186
      ],
      [
       1291499.2840598177,
       424242.17146397993,
       186
      ],
      [
       1291499.0289888578,
       424241.42297777225,
       186
      ],
      [
       1291498.8126526277,
       424240.740785497,
       186
      ],
      [
       1291498.6350511268,
       424240.12488715415,
       186
      ],
      [
       1291498.4961843558,
       424239.57528274367,
       186
      ],
      [
       1291498.3960523147,
       424239.0919722656,
       186
      ],
      [
       1291498.3104891288,
       424238.6631954747,
       186
      ],
      [
       1291498.2394947982,
       424238.2889523709,
       186
      ],
      [
       1291498.1830693232,
       424237.9692429541,
       186
      ],
      [
       1291498.1412127032,
       424237.7040672245,
       186
      ],
      [
       1291498.1202843934,
       424237.43869652564,
       186
      ],
      [
       1291498.1202843934,
       424237.1731308574,
       186
      ],
      [
       1291498.1412127032,
       424236.90737021994,
       186
      ],
      [
       1291498.1830693232,
       424236.6414146132,
       186
      ],
      [
       1291498.2347984144,
       424236.3213152578,
       186
      ],
      [
       1291498.296399977,
       424235.947072154,
       186
      ],
      [
       1291498.3678740116,
       424235.51868530165,
       186
      ],
      [
       1291498.4492205174,
       424235.0361547008,
       186
      ],
      [
       1291498.5798317904,
       424234.48713519826,
       186
      ],
      [
       1291498.7597078304,
       424233.8716267939,
       186
      ],
      [
       1291498.9888486369,
       424233.1896294879,
       186
      ],
      [
       1291499.2672542105,
       424232.44114328024,
       186
      ],
      [
       1291499.542121625,
       424231.69265707256,
       186
      ],
      [
       1291499.8134508808,
       424230.94417086494,
       186
      ],
      [
       1291500.0812419774,
       424230.19568465726,
       186
      ],
      [
       1291500.345494915,
       424229.4471984496,
       186
      ],
      [
       1291500.574804916,
       424228.8134153136,
       186
      ],
      [
       1291500.76917198,
       424228.2943352493,
       186
      ],
      [
       1291500.928596107,
       424227.8899582566,
       186
      ],
      [
       1291501.0530772975,
       424227.60028433567,
       186
      ],
      [
       1291501.1911908437,
       424227.26832582324,
       186
      ],
      [
       1291501.3429367456,
       424226.89408271946,
       186
      ],
      [
       1291501.5083150037,
       424226.4775550242,
       186
      ],
      [
       1291501.687325618,
       424226.0187427375,
       186
      ],
      [
       1291501.8772578342,
       424225.4875119705,
       186
      ],
      [
       1291502.0781116523,
       424224.8838627233,
       186
      ],
      [
       1291502.2898870725,
       424224.20779499586,
       186
      ],
      [
       1291502.512584095,
       424223.45930878824,
       186
      ],
      [
       1291502.742004482,
       424222.7108225806,
       186
      ],
      [
       1291502.9781482334,
       424221.9623363728,
       186
      ],
      [
       1291503.2210153493,
       424221.2138501652,
       186
      ],
      [
       1291503.4706058297,
       424220.46536395757,
       186
      ],
      [
       1291503.6820957125,
       424219.83182358823,
       186
      ],
      [
       1291503.8554849983,
       424219.3132290574,
       186
      ],
      [
       1291503.9907736864,
       424218.9095803649,
       186
      ],
      [
       1291504.0879617773,
       424218.62087751075,
       186
      ],
      [
       1291504.1979562435,
       424218.2894045318,
       186
      ],
      [
       1291504.3207570845,
       424217.9151614279,
       186
      ],
      [
       1291504.4563643008,
       424217.4981481992,
       186
      ],
      [
       1291504.6047778924,
       424217.0383648457,
       186
      ],
      [
       1291504.7417256609,
       424216.5064057786,
       186
      ],
      [
       1291504.8672076068,
       424215.902270998,
       186
      ],
      [
       1291504.98122373,
       424215.22596050386,
       186
      ],
      [
       1291505.0837740304,
       424214.4774742961,
       186
      ],
      [
       1291505.0979457828,
       424213.7732444717,
       186
      ],
      [
       1291505.0237389868,
       424213.1132710306,
       186
      ],
      [
       1291504.861153643,
       424212.4975539727,
       186
      ],
      [
       1291504.6101897515,
       424211.92609329807,
       186
      ],
      [
       1291504.3505845321,
       424211.45324140886,
       186
      ],
      [
       1291504.0823379853,
       424211.078998305,
       186
      ],
      [
       1291503.805450111,
       424210.8033639866,
       186
      ],
      [
       1291503.5199209086,
       424210.62633845356,
       186
      ],
      [
       1291503.1900347557,
       424210.4490245673,
       186
      ],
      [
       1291502.815791652,
       424210.271422328,
       186
      ],
      [
       1291502.3971915974,
       424210.0935317355,
       186
      ],
      [
       1291501.9342345917,
       424209.91535278986,
       186
      ],
      [
       1291501.3998952855,
       424209.7557224827,
       186
      ],
      [
       1291500.7941736788,
       424209.6146408139,
       186
      ],
      [
       1291500.1170697715,
       424209.4921077837,
       186
      ],
      [
       1291499.3685835642,
       424209.38812339184,
       186
      ],
      [
       1291498.6200973564,
       424209.320967913,
       186
      ],
      [
       1291497.8716111486,
       424209.2906413473,
       186
      ],
      [
       1291497.1231249408,
       424209.29714369454,
       186
      ],
      [
       1291496.3746387335,
       424209.3404749548,
       186
      ],
      [
       1291495.6261525257,
       424209.41535893246,
       186
      ],
      [
       1291494.8776663179,
       424209.5217956275,
       186
      ],
      [
       1291494.12918011,
       424209.65978503996,
       186
      ],
      [
       1291493.3806939027,
       424209.8293271698,
       186
      ],
      [
       1291492.7544015632,
       424209.973806254,
       186
      ],
      [
       1291492.2503030915,
       424210.0932222926,
       186
      ],
      [
       1291491.8683984883,
       424210.1875752856,
       186
      ],
      [
       1291491.608687753,
       424210.2568652329,
       186
      ],
      [
       1291491.2917108336,
       424210.3444566152,
       186
      ],
      [
       1291490.9174677297,
       424210.4503494325,
       186
      ],
      [
       1291490.4859584416,
       424210.57454368466,
       186
      ],
      [
       1291489.997182969,
       424210.7170393719,
       186
      ],
      [
       1291489.443479813,
       424210.85626466887,
       186
      ],
      [
       1291488.8248489727,
       424210.99221957556,
       186
      ],
      [
       1291488.141290449,
       424211.12490409205,
       186
      ],
      [
       1291487.3928042413,
       424211.2543182183,
       186
      ],
      [
       1291486.6443180335,
       424211.3451145078,
       186
      ],
      [
       1291485.8958318257,
       424211.39729296055,
       186
      ],
      [
       1291485.147345618,
       424211.4108535764,
       186
      ],
      [
       1291484.3988594108,
       424211.3857963554,
       186
      ],
      [
       1291483.6503732032,
       424211.3155995639,
       186
      ],
      [
       1291482.9018869954,
       424211.2002632018,
       186
      ],
      [
       1291482.1534007876,
       424211.03978726914,
       186
      ],
      [
       1291481.4049145798,
       424210.8341717659,
       186
      ],
      [
       1291480.8170798891,
       424210.6696508661,
       186
      ],
      [
       1291480.3898967155,
       424210.5462245699,
       186
      ],
      [
       1291480.1233650593,
       424210.4638928771,
       186
      ],
      [
       1291480.01748492,
       424210.42265578784,
       186
      ],
      [
       1291479.7774232985,
       424210.3354335445,
       186
      ],
      [
       1291479.4031801946,
       424210.20222614706,
       186
      ],
      [
       1291478.8947556084,
       424210.0230335955,
       186
      ],
      [
       1291478.2521495402,
       424209.7978558899,
       186
      ],
      [
       1291477.5830734372,
       424209.624317349,
       186
      ],
      [
       1291476.887527299,
       424209.5024179728,
       186
      ],
      [
       1291476.1655111262,
       424209.4321577613,
       186
      ],
      [
       1291475.4170249184,
       424209.41353671445,
       186
      ],
      [
       1291474.6685387106,
       424209.4115978214,
       186
      ],
      [
       1291473.9200525032,
       424209.42634108226,
       186
      ],
      [
       1291473.1715662954,
       424209.4577664968,
       186
      ],
      [
       1291472.4230800879,
       424209.5058740651,
       186
      ],
      [
       1291471.6745938803,
       424209.50484093395,
       186
      ],
      [
       1291470.9261076725,
       424209.4546671032,
       186
      ],
      [
       1291470.1776214647,
       424209.3553525729,
       186
      ],
      [
       1291469.4291352574,
       424209.20689734316,
       186
      ],
      [
       1291468.6806490496,
       424209.0600466896,
       186
      ],
      [
       1291467.9321628418,
       424208.91480061214,
       186
      ],
      [
       1291467.183676634,
       424208.77115911094,
       186
      ],
      [
       1291466.4351904267,
       424208.62912218587,
       186
      ],
      [
       1291465.6867042189,
       424208.5231158496,
       186
      ],
      [
       1291464.938218011,
       424208.45314010204,
       186
      ],
      [
       1291464.1897318033,
       424208.41919494316,
       186
      ],
      [
       1291463.441245596,
       424208.421280373,
       186
      ],
      [
       1291462.6927593881,
       424208.4748673445,
       186
      ],
      [
       1291461.9442731806,
       424208.5799558576,
       186
      ],
      [
       1291461.195786973,
       424208.73654591234,
       186
      ],
      [
       1291460.4473007652,
       424208.94463750866,
       186
      ],
      [
       1291459.7417969217,
       424209.1697077841,
       186
      ],
      [
       1291459.0792754428,
       424209.41175673855,
       186
      ],
      [
       1291458.4597363279,
       424209.6707843722,
       186
      ],
      [
       1291457.8831795773,
       424209.9467906849,
       186
      ],
      [
       1291457.40777965,
       424210.1750557528,
       186
      ],
      [
       1291457.0335365462,
       424210.355579576,
       186
      ],
      [
       1291456.7604502656,
       424210.4883621544,
       186
      ],
      [
       1291456.5885208088,
       424210.573403488,
       186
      ],
      [
       1291456.272452164,
       424210.7813759914,
       186
      ],
      [
       1291455.8122443317,
       424211.1122796646,
       186
      ],
      [
       1291455.2078973115,
       424211.56611450756,
       186
      ],
      [
       1291454.4594111037,
       424212.1428805203,
       186
      ],
      [
       1291453.8743646466,
       424212.5971247452,
       186
      ],
      [
       1291453.4527579397,
       424212.92884718225,
       186
      ],
      [
       1291453.1945909837,
       424213.1380478314,
       186
      ],
      [
       1291453.099863778,
       424213.22472669266,
       186
      ],
      [
       1291452.8653786234,
       424213.4541786242,
       186
      ],
      [
       1291452.4911355197,
       424213.82640362595,
       186
      ],
      [
       1291451.9771344666,
       424214.34140169795,
       186
      ],
      [
       1291451.3233754646,
       424214.9991728404,
       186
      ],
      [
       1291450.8058065958,
       424215.51517996343,
       186
      ],
      [
       1291450.42442786,
       424215.8894230672,
       186
      ],
      [
       1291450.1792392577,
       424216.12190215185,
       186
      ],
      [
       1291450.0702407884,
       424216.2126172172,
       186
      ],
      [
       1291449.828620002,
       424216.4059976324,
       186
      ],
      [
       1291449.454376898,
       424216.70204339747,
       186
      ],
      [
       1291448.947511477,
       424217.10075451236,
       186
      ],
      [
       1291448.3080237384,
       424217.602130977,
       186
      ],
      [
       1291447.641286383,
       424218.0128723527,
       186
      ],
      [
       1291446.9472994097,
       424218.3329786395,
       186
      ],
      [
       1291446.2260628194,
       424218.5624498373,
       186
      ],
      [
       1291445.4775766118,
       424218.701285946,
       186
      ],
      [
       1291444.7290904042,
       424218.7304749972,
       186
      ],
      [
       1291443.9806041964,
       424218.65001699066,
       186
      ],
      [
       1291443.2321179886,
       424218.4599119265,
       186
      ],
      [
       1291442.4836317813,
       424218.1601598046,
       186
      ],
      [
       1291441.7351455735,
       424217.8936609032,
       186
      ],
      [
       1291440.9866593657,
       424217.6604152222,
       186
      ],
      [
       1291440.238173158,
       424217.4604227616,
       186
      ],
      [
       1291439.4896869506,
       424217.2936835214,
       186
      ],
      [
       1291438.7412007428,
       424217.27118622273,
       186
      ],
      [
       1291437.992714535,
       424217.3929308655,
       186
      ],
      [
       1291437.2442283272,
       424217.6589174498,
       186
      ],
      [
       1291436.4957421198,
       424218.0691459757,
       186
      ],
      [
       1291435.8882687236,
       424218.41795148765,
       186
      ],
      [
       1291435.4218081394,
       424218.7053339857,
       186
      ],
      [
       1291435.0963603668,
       424218.93129346997,
       186
      ],
      [
       1291434.9119254057,
       424219.0958299404,
       186
      ],
      [
       1291434.687091962,
       424219.40635384514,
       186
      ],
      [
       1291434.4218600355,
       424219.8628651842,
       186
      ],
      [
       1291434.116229626,
       424220.46536395757,
       186
      ],
      [
       1291433.7702007336,
       424221.2138501652,
       186
      ],
      [
       1291433.4561734758,
       424221.9105473351,
       186
      ],
      [
       1291433.1741478522,
       424222.5554554673,
       186
      ],
      [
       1291432.9241238635,
       424223.1485745618,
       186
      ],
      [
       1291432.706101509,
       424223.68990461854,
       186
      ],
      [
       1291432.5124619654,
       424224.14769119886,
       186
      ]
     ]
    },
    "elevationFt": 186,
    "weight": "intermediate",
    "hidden": false
   }
  },
  {
   "type": "Feature",
   "geometry": {
    "type": "LineString",
    "coordinates": [
     [
      -77.07316214332839,
      38.83158179711118
     ],
     [
      -77.07316237960482,
      38.8315797417803
     ],
     [
      -77.07316252560432,
      38.831577686506044
     ],
     [
      -77.07316258132691,
      38.83157563128838
     ],
     [
      -77.0731625467726,
      38.83157357612727
     ],
     [
      -77.07316242194138,
      38.831571521022795
     ],
     [
      -77.07316226331137,
      38.83156975978676
     ],
     [
      -77.07316207088262,
      38.83156829241918
     ],
     [
      -77.07316184465508,
      38.83156711892004
     ],
     [
      -77.07316158462876,
      38.83156623928936
     ],
     [
      -77.07316130602229,
      38.83156528577148
     ],
     [
      -77.07316100883561,
      38.83156425836642
     ],
     [
      -77.07316069306879,
      38.83156315707414
     ],
     [
      -77.07316035872178,
      38.831561981894644
     ],
     [
      -77.07315999624566,
      38.83156058678438
     ],
     [
      -77.07315960564043,
      38.83155897174333
     ],
     [
      -77.07315918690611,
      38.83155713677147
     ],
     [
      -77.07315874004269,
      38.831555081868835
     ],
     [
      -77.0731583958327,
      38.83155302690185
     ],
     [
      -77.07315815427621,
      38.83155097187051
     ],
     [
      -77.07315801537314,
      38.83154891677484
     ],
     [
      -77.07315797912351,
      38.831546861614804
     ],
     [
      -77.0731579692839,
      38.83154480643821
     ],
     [
      -77.0731579858543,
      38.83154275124509
     ],
     [
      -77.07315802883468,
      38.83154069603538
     ],
     [
      -77.0731580982251,
      38.831538640809136
     ],
     [
      -77.0731581324461,
      38.83153658560492
     ],
     [
      -77.0731581314977,
      38.83153453042278
     ],
     [
      -77.07315809537991,
      38.83153247526264
     ],
     [
      -77.07315802409272,
      38.83153042012459
     ],
     [
      -77.07315794157383,
      38.83152836499356
     ],
     [
      -77.07315784782321,
      38.83152630986955
     ],
     [
      -77.07315774284089,
      38.8315242547526
     ],
     [
      -77.07315762662685,
      38.83152219964269
     ],
     [
      -77.07315775095371,
      38.83152014438198
     ],
     [
      -77.07315811582143,
      38.83151808897051
     ],
     [
      -77.07315872122997,
      38.83151603340826
     ],
     [
      -77.07315956717936,
      38.831513977695224
     ],
     [
      -77.07316022057081,
      38.83151242007829
     ],
     [
      -77.07316068140436,
      38.831511360557464
     ],
     [
      -77.07316094968,
      38.831510799132744
     ],
     [
      -77.0731610253978,
      38.831510735804144
     ],
     [
      -77.07316126811776,
      38.83151070401143
     ],
     [
      -77.07316167783989,
      38.83151070375458
     ],
     [
      -77.0731622545642,
      38.831510735033625
     ],
     [
      -77.07316299829067,
      38.831510797848544
     ],
     [
      -77.07316402707049,
      38.83151086759888
     ],
     [
      -77.07316534090364,
      38.83151094428466
     ],
     [
      -77.07316693979013,
      38.831511027905876
     ],
     [
      -77.07316882372996,
      38.83151111846247
     ],
     [
      -77.07317089368838,
      38.83151130958129
     ],
     [
      -77.07317314966538,
      38.83151160126235
     ],
     [
      -77.073175591661,
      38.831511993505615
     ],
     [
      -77.07317821967526,
      38.83151248631108
     ],
     [
      -77.0731808477315,
      38.83151302006252
     ],
     [
      -77.07318347582975,
      38.83151359475992
     ],
     [
      -77.07318610397,
      38.83151421040328
     ],
     [
      -77.07318873215227,
      38.83151486699262
     ],
     [
      -77.07319136033486,
      38.83151552383358
     ],
     [
      -77.07319398851774,
      38.8315161809262
     ],
     [
      -77.07319661670094,
      38.83151683827043
     ],
     [
      -77.07319924488445,
      38.83151749586634
     ],
     [
      -77.07320145384544,
      38.83151802679159
     ],
     [
      -77.07320324358393,
      38.831518431046284
     ],
     [
      -77.07320461409988,
      38.83151870863038
     ],
     [
      -77.07320556539328,
      38.83151885954391
     ],
     [
      -77.0732066980284,
      38.83151904333021
     ],
     [
      -77.07320801200527,
      38.83151925998928
     ],
     [
      -77.07320950732385,
      38.83151950952107
     ],
     [
      -77.07321118398418,
      38.831519791925636
     ],
     [
      -77.07321278091837,
      38.83151993265203
     ],
     [
      -77.07321429812639,
      38.831519931700264
     ],
     [
      -77.0732157356082,
      38.83151978907036
     ],
     [
      -77.07321709336387,
      38.8315195047623
     ],
     [
      -77.07321842898725,
      38.83151923406924
     ],
     [
      -77.07321974247834,
      38.831518976991184
     ],
     [
      -77.0732210338372,
      38.83151873352813
     ],
     [
      -77.07322230306377,
      38.831518503680066
     ],
     [
      -77.07322391185261,
      38.83151832303839
     ],
     [
      -77.07322586020366,
      38.83151819160308
     ],
     [
      -77.07322814811697,
      38.83151810937411
     ],
     [
      -77.07323077559252,
      38.83151807635147
     ],
     [
      -77.07323305117777,
      38.83151811649956
     ],
     [
      -77.07323497487269,
      38.83151822981835
     ],
     [
      -77.07323654667732,
      38.83151841630789
     ],
     [
      -77.07323776659166,
      38.83151867596818
     ],
     [
      -77.0732390335851,
      38.83151896072277
     ],
     [
      -77.07324034765765,
      38.83151927057163
     ],
     [
      -77.07324170880929,
      38.831519605514785
     ],
     [
      -77.07324311704005,
      38.83151996555221
     ],
     [
      -77.07324483024121,
      38.83152038249944
     ],
     [
      -77.07324684841278,
      38.831520856356455
     ],
     [
      -77.07324917155478,
      38.83152138712323
     ],
     [
      -77.0732517996672,
      38.83152197479978
     ],
     [
      -77.07325428061212,
      38.83152269147101
     ],
     [
      -77.07325661438954,
      38.83152353713695
     ],
     [
      -77.07325880099947,
      38.831524511797646
     ],
     [
      -77.0732608404419,
      38.83152561545305
     ],
     [
      -77.0732625174355,
      38.831526552187974
     ],
     [
      -77.07326383198023,
      38.83152732200244
     ],
     [
      -77.07326478407607,
      38.83152792489643
     ],
     [
      -77.07326537372302,
      38.831528360869974
     ],
     [
      -77.07326637056886,
      38.831529092211724
     ],
     [
      -77.07326777461365,
      38.831530118921684
     ],
     [
      -77.07326958585742,
      38.83153144099984
     ],
     [
      -77.07327180430018,
      38.83153305844618
     ],
     [
      -77.07327357086926,
      38.83153432532902
     ],
     [
      -77.0732748855646,
      38.83153524164838
     ],
     [
      -77.07327574838615,
      38.831535807404286
     ],
     [
      -77.07327615933391,
      38.83153602259673
     ],
     [
      -77.07327712466261,
      38.83153641820756
     ],
     [
      -77.07327864437228,
      38.83153699423678
     ],
     [
      -77.07328071846293,
      38.83153775068435
     ],
     [
      -77.07328334693457,
      38.83153868755025
     ],
     [
      -77.07328597533277,
      38.83153955275029
     ],
     [
      -77.07328860365746,
      38.8315403462845
     ],
     [
      -77.07329123190864,
      38.831541068152845
     ],
     [
      -77.07329386008632,
      38.831541718355346
     ],
     [
      -77.07329613248187,
      38.83154226815875
     ],
     [
      -77.07329804909526,
      38.831542717563075
     ],
     [
      -77.0732996099265,
      38.83154306656834
     ],
     [
      -77.07330081497555,
      38.83154331517452
     ],
     [
      -77.07330207450038,
      38.831543558999975
     ],
     [
      -77.07330338850096,
      38.83154379804466
     ],
     [
      -77.07330475697731,
      38.8315440323086
     ],
     [
      -77.0733061799294,
      38.83154426179179
     ],
     [
      -77.07330790412814,
      38.83154453817661
     ],
     [
      -77.07330992957351,
      38.83154486146306
     ],
     [
      -77.07331225626552,
      38.831545231651106
     ],
     [
      -77.07331488420421,
      38.831545648740736
     ],
     [
      -77.07331751210188,
      38.831546025877316
     ],
     [
      -77.07332013995857,
      38.831546363060845
     ],
     [
      -77.07332276777424,
      38.831546660291345
     ],
     [
      -77.07332539554892,
      38.831546917568794
     ],
     [
      -77.07332802316618,
      38.83154702155614
     ],
     [
      -77.07333065062603,
      38.83154697225342
     ],
     [
      -77.07333327792844,
      38.83154676966061
     ],
     [
      -77.0733359050734,
      38.83154641377772
     ],
     [
      -77.07333808088696,
      38.831546008283
     ],
     [
      -77.07333980536907,
      38.831545553176525
     ],
     [
      -77.0733410785198,
      38.83154504845827
     ],
     [
      -77.07334190033912,
      38.831544494128266
     ],
     [
      -77.07334296773728,
      38.83154383817258
     ],
     [
      -77.07334428071428,
      38.83154308059119
     ],
     [
      -77.07334583927013,
      38.83154222138411
     ],
     [
      -77.0733476434048,
      38.83154126055132
     ],
     [
      -77.07334965352214,
      38.83154067505549
     ],
     [
      -77.07335186962219,
      38.8315404648966
     ],
     [
      -77.07335429170496,
      38.831540630074656
     ],
     [
      -77.07335691977052,
      38.831541170589624
     ],
     [
      -77.07335903281854,
      38.831541680269595
     ],
     [
      -77.07336063084905,
      38.831542159114626
     ],
     [
      -77.07336171386201,
      38.83154260712471
     ],
     [
      -77.07336228185743,
      38.83154302429989
     ],
     [
      -77.0733632232707,
      38.83154375651438
     ],
     [
      -77.0733645381019,
      38.83154480376819
     ],
     [
      -77.07336622635104,
      38.831546166061294
     ],
     [
      -77.07336828801814,
      38.83154784339368
     ],
     [
      -77.07336997623878,
      38.83154919544227
     ],
     [
      -77.0733712910129,
      38.83155022220711
     ]
    ]
   },
   "properties": {
    "id": "ct-13",
    "kind": "Contour",
    "sourceId": "contours",
    "reliabilityLevel": 1,
    "revision": 1,
    "engineeringGeometry": {
     "crs": "EPSG:2248",
     "crsName": "NAD83 / Maryland State Plane (US survey feet)",
     "datum": "NAD83",
     "unit": "usSurveyFoot",
     "coordinates": [
      [
       1291491.9926280743,
       424254.14724330266,
       188
      ],
      [
       1291491.924721272,
       424253.39875709504,
       188
      ],
      [
       1291491.882531222,
       424252.6502708874,
       188
      ],
      [
       1291491.8660579247,
       424251.9017846796,
       188
      ],
      [
       1291491.8753013797,
       424251.15329847194,
       188
      ],
      [
       1291491.9102615868,
       424250.4048122644,
       188
      ],
      [
       1291491.9549356606,
       424249.7633436085,
       188
      ],
      [
       1291492.0093236011,
       424249.22889250447,
       188
      ],
      [
       1291492.073425408,
       424248.80145895237,
       188
      ],
      [
       1291492.147241081,
       424248.48104295204,
       188
      ],
      [
       1291492.226328034,
       424248.13371339993,
       188
      ],
      [
       1291492.3106862656,
       424247.75947029615,
       188
      ],
      [
       1291492.400315777,
       424247.3583136405,
       188
      ],
      [
       1291492.4952165675,
       424246.93024343316,
       188
      ],
      [
       1291492.5980661728,
       424246.42206922575,
       188
      ],
      [
       1291492.7088645927,
       424245.83379101823,
       188
      ],
      [
       1291492.8276118275,
       424245.16540881066,
       188
      ],
      [
       1291492.954307877,
       424244.4169226029,
       188
      ],
      [
       1291493.051761522,
       424243.66843639524,
       188
      ],
      [
       1291493.119972762,
       424242.9199501876,
       188
      ],
      [
       1291493.1589415974,
       424242.17146397993,
       188
      ],
      [
       1291493.1686680282,
       424241.42297777225,
       188
      ],
      [
       1291493.1708711623,
       424240.67449156457,
       188
      ],
      [
       1291493.1655509996,
       424239.92600535695,
       188
      ],
      [
       1291493.1527075402,
       424239.17751914926,
       188
      ],
      [
       1291493.1323407844,
       424238.4290329416,
       188
      ],
      [
       1291493.1219925722,
       424237.6805467339,
       188
      ],
      [
       1291493.1216629043,
       424236.93206052633,
       188
      ],
      [
       1291493.1313517801,
       424236.18357431865,
       188
      ],
      [
       1291493.1510591996,
       424235.435088111,
       188
      ],
      [
       1291493.173966148,
       424234.6866019033,
       188
      ],
      [
       1291493.2000726243,
       424233.9381156956,
       188
      ],
      [
       1291493.2293786292,
       424233.1896294879,
       188
      ],
      [
       1291493.2618841627,
       424232.44114328024,
       188
      ],
      [
       1291493.2258679091,
       424231.69265707256,
       188
      ],
      [
       1291493.121329869,
       424230.94417086494,
       188
      ],
      [
       1291492.948270042,
       424230.19568465726,
       188
      ],
      [
       1291492.7066884283,
       424229.4471984496,
       188
      ],
      [
       1291492.5201052544,
       424228.8800721334,
       188
      ],
      [
       1291492.3885205206,
       424228.4943057087,
       188
      ],
      [
       1291492.3119342267,
       424228.2898991754,
       188
      ],
      [
       1291492.2903463724,
       424228.26685253356,
       188
      ],
      [
       1291492.2211945967,
       424228.25532921264,
       188
      ],
      [
       1291492.1044788994,
       424228.25532921264,
       188
      ],
      [
       1291491.9401992809,
       424228.26685253356,
       188
      ],
      [
       1291491.7283557404,
       424228.2898991754,
       188
      ],
      [
       1291491.4353124185,
       424228.31553674536,
       188
      ],
      [
       1291491.0610693148,
       424228.3437652435,
       188
      ],
      [
       1291490.605626429,
       424228.3745846697,
       188
      ],
      [
       1291490.0689837616,
       424228.40799502406,
       188
      ],
      [
       1291489.479380209,
       424228.47807207267,
       188
      ],
      [
       1291488.8368157716,
       424228.58481581544,
       188
      ],
      [
       1291488.141290449,
       424228.7282262524,
       188
      ],
      [
       1291487.3928042413,
       424228.90830338356,
       188
      ],
      [
       1291486.6443180335,
       424229.1032928403,
       188
      ],
      [
       1291485.8958318257,
       424229.3131946227,
       188
      ],
      [
       1291485.147345618,
       424229.5380087307,
       188
      ],
      [
       1291484.3988594108,
       424229.77773516433,
       188
      ],
      [
       1291483.6503732032,
       424230.0175532651,
       188
      ],
      [
       1291482.9018869954,
       424230.257463033,
       188
      ],
      [
       1291482.1534007876,
       424230.49746446806,
       188
      ],
      [
       1291481.4049145798,
       424230.73755757016,
       188
      ],
      [
       1291480.775813328,
       424230.9314221934,
       188
      ],
      [
       1291480.2660970325,
       424231.0790583377,
       188
      ],
      [
       1291479.8757656927,
       424231.180466003,
       188
      ],
      [
       1291479.604819309,
       424231.2356451893,
       188
      ],
      [
       1291479.282224565,
       424231.30283788353,
       188
      ],
      [
       1291478.9079814614,
       424231.38204408553,
       188
      ],
      [
       1291478.4820899975,
       424231.47326379543,
       188
      ],
      [
       1291478.0045501736,
       424231.5764970132,
       188
      ],
      [
       1291477.5496801855,
       424231.6281136221,
       188
      ],
      [
       1291477.1174800335,
       424231.628113622,
       188
      ],
      [
       1291476.707949717,
       424231.5764970131,
       188
      ],
      [
       1291476.3210892365,
       424231.47326379543,
       188
      ],
      [
       1291475.9405374443,
       424231.3749840348,
       188
      ],
      [
       1291475.5662943404,
       424231.2816577314,
       188
      ],
      [
       1291475.198359925,
       424231.1932848851,
       188
      ],
      [
       1291474.8367341978,
       424231.10986549594,
       188
      ],
      [
       1291474.3783933504,
       424231.0444443913,
       188
      ],
      [
       1291473.823337383,
       424230.99702157103,
       188
      ],
      [
       1291473.1715662954,
       424230.9675970352,
       188
      ],
      [
       1291472.4230800879,
       424230.95617078396,
       188
      ],
      [
       1291471.77485659,
       424230.97131250554,
       188
      ],
      [
       1291471.2268958017,
       424231.0130222001,
       188
      ],
      [
       1291470.7791977234,
       424231.0812998676,
       188
      ],
      [
       1291470.4317623547,
       424231.17614550807,
       188
      ],
      [
       1291470.0709231184,
       424231.28014111286,
       188
      ],
      [
       1291469.6966800145,
       424231.39328668197,
       188
      ],
      [
       1291469.309033043,
       424231.5155822153,
       188
      ],
      [
       1291468.907982204,
       424231.64702771284,
       188
      ],
      [
       1291468.420072523,
       424231.79926915455,
       188
      ],
      [
       1291467.8453039995,
       424231.9723065403,
       188
      ],
      [
       1291467.183676634,
       424232.1661398701,
       188
      ],
      [
       1291466.4351904267,
       424232.3807691439,
       188
      ],
      [
       1291465.7286648406,
       424232.6423439584,
       188
      ],
      [
       1291465.0640998762,
       424232.95086431346,
       188
      ],
      [
       1291464.4414955336,
       424233.306330209,
       188
      ],
      [
       1291463.8608518122,
       424233.7087416452,
       188
      ],
      [
       1291463.3834083998,
       424234.0502787126,
       188
      ],
      [
       1291463.009165296,
       424234.3309414111,
       188
      ],
      [
       1291462.738122501,
       424234.5507297408,
       188
      ],
      [
       1291462.570280014,
       424234.7096437017,
       188
      ],
      [
       1291462.2865270497,
       424234.9762222341,
       188
      ],
      [
       1291461.8868636077,
       424235.3504653379,
       188
      ],
      [
       1291461.3712896877,
       424235.83237301325,
       188
      ],
      [
       1291460.7398052902,
       424236.4219452599,
       188
      ],
      [
       1291460.2369415397,
       424236.88374091184,
       188
      ],
      [
       1291459.8626984358,
       424237.21775996906,
       188
      ],
      [
       1291459.6170759788,
       424237.42400243133,
       188
      ],
      [
       1291459.5000741687,
       424237.5024682988,
       188
      ],
      [
       1291459.2252012591,
       424237.6467683123,
       188
      ],
      [
       1291458.7924572504,
       424237.856902472,
       188
      ],
      [
       1291458.201842142,
       424238.1328707776,
       188
      ],
      [
       1291457.4533559347,
       424238.4746732294,
       188
      ],
      [
       1291456.7048697271,
       424238.79037538066,
       188
      ],
      [
       1291455.9563835193,
       424239.07997723145,
       188
      ],
      [
       1291455.2078973115,
       424239.34347878175,
       188
      ],
      [
       1291454.4594111037,
       424239.5808800316,
       188
      ],
      [
       1291453.8122454935,
       424239.78163512866,
       188
      ],
      [
       1291453.266400481,
       424239.9457440728,
       188
      ],
      [
       1291452.821876066,
       424240.07320686424,
       188
      ],
      [
       1291452.4786722488,
       424240.16402350285,
       188
      ],
      [
       1291452.119948788,
       424240.25311148365,
       188
      ],
      [
       1291451.7457056842,
       424240.3404708066,
       188
      ],
      [
       1291451.355942937,
       424240.42610147165,
       188
      ],
      [
       1291450.950660547,
       424240.5100034789,
       188
      ],
      [
       1291450.4595772023,
       424240.61105572095,
       188
      ],
      [
       1291449.8826929035,
       424240.7292581978,
       188
      ],
      [
       1291449.22000765,
       424240.86461090937,
       188
      ],
      [
       1291448.4715214423,
       424241.0171138558,
       188
      ],
      [
       1291447.7230352345,
       424241.15506613493,
       188
      ],
      [
       1291446.9745490272,
       424241.2784677468,
       188
      ],
      [
       1291446.2260628194,
       424241.3873186915,
       188
      ],
      [
       1291445.4775766118,
       424241.48161896894,
       188
      ],
      [
       1291444.7290904042,
       424241.52009183005,
       188
      ],
      [
       1291443.9806041964,
       424241.50273727474,
       188
      ],
      [
       1291443.2321179886,
       424241.4295553032,
       188
      ],
      [
       1291442.4836317813,
       424241.3005459153,
       188
      ],
      [
       1291441.8636996518,
       424241.1533649136,
       188
      ],
      [
       1291441.3723216003,
       424240.98801229807,
       188
      ],
      [
       1291441.0094976272,
       424240.80448806874,
       188
      ],
      [
       1291440.7752277325,
       424240.6027922255,
       188
      ],
      [
       1291440.4709712332,
       424240.36414107645,
       188
      ],
      [
       1291440.0967281293,
       424240.0885346215,
       188
      ],
      [
       1291439.652498421,
       424239.77597286063,
       188
      ],
      [
       1291439.1382821081,
       424239.4264557939,
       188
      ],
      [
       1291438.5654983218,
       424239.2136815298,
       188
      ],
      [
       1291437.9341470613,
       424239.13765006844,
       188
      ],
      [
       1291437.2442283272,
       424239.1983614098,
       188
      ],
      [
       1291436.4957421198,
       424239.39581555384,
       188
      ],
      [
       1291435.8939574596,
       424239.5819218926,
       188
      ],
      [
       1291435.4388743471,
       424239.75668042595,
       188
      ],
      [
       1291435.1304927822,
       424239.920091154,
       188
      ],
      [
       1291434.9688127646,
       424240.0721540767,
       188
      ],
      [
       1291434.700851204,
       424240.33903806645,
       188
      ],
      [
       1291434.3266081004,
       424240.7207431232,
       188
      ],
      [
       1291433.8460834534,
       424241.21726924693,
       188
      ],
      [
       1291433.2592772627,
       424241.82861643774,
       188
      ],
      [
       1291432.7787577738,
       424242.32141158497,
       188
      ],
      [
       1291432.4045249862,
       424242.69565468875,
       188
      ]
     ]
    },
    "elevationFt": 188,
    "weight": "intermediate",
    "hidden": false
   }
  },
  {
   "type": "Feature",
   "geometry": {
    "type": "LineString",
    "coordinates": [
     [
      -77.07319191690037,
      38.83158146234994
     ],
     [
      -77.0731925037896,
      38.831580268412715
     ],
     [
      -77.07319312910897,
      38.83157924042919
     ],
     [
      -77.07319379285849,
      38.831578378399364
     ],
     [
      -77.07319449503814,
      38.83157768232322
     ],
     [
      -77.07319550254797,
      38.831576887608364
     ],
     [
      -77.07319681538799,
      38.83157599425476
     ],
     [
      -77.07319843355813,
      38.83157500226241
     ],
     [
      -77.07320035705843,
      38.831573911631295
     ],
     [
      -77.07320245634423,
      38.831572881761325
     ],
     [
      -77.07320473141556,
      38.83157191265247
     ],
     [
      -77.07320718227238,
      38.83157100430474
     ],
     [
      -77.07320980891471,
      38.831570156718094
     ],
     [
      -77.07321197647727,
      38.83156949094936
     ],
     [
      -77.07321368496008,
      38.83156900699862
     ],
     [
      -77.07321493436316,
      38.831568704865845
     ],
     [
      -77.07321572468652,
      38.83156858455106
     ],
     [
      -77.07321677666148,
      38.83156846145616
     ],
     [
      -77.07321809028805,
      38.831568335581125
     ],
     [
      -77.07321966556621,
      38.83156820692593
     ],
     [
      -77.07322150249597,
      38.83156807549061
     ],
     [
      -77.07322295314242,
      38.83156800943903
     ],
     [
      -77.07322401750555,
      38.83156800877125
     ],
     [
      -77.07322469558538,
      38.83156807348729
     ],
     [
      -77.0732249873819,
      38.83156820358712
     ],
     [
      -77.0732257686548,
      38.83156881460481
     ],
     [
      -77.07322703940407,
      38.831569906540345
     ],
     [
      -77.07322879962979,
      38.831571479393695
     ],
     [
      -77.073231049332,
      38.831573533164864
     ],
     [
      -77.07323275869531,
      38.831575096380575
     ],
     [
      -77.07323392771966,
      38.831576169040815
     ],
     [
      -77.07323455640498,
      38.83157675114562
     ],
     [
      -77.07323464475125,
      38.83157684269501
     ],
     [
      -77.07323536828639,
      38.83157729896807
     ],
     [
      -77.07323672701045,
      38.83157811996479
     ],
     [
      -77.07323872092346,
      38.8315793056851
     ],
     [
      -77.07324135002547,
      38.83158085612905
     ]
    ]
   },
   "properties": {
    "id": "ct-14",
    "kind": "Contour",
    "sourceId": "contours",
    "reliabilityLevel": 1,
    "revision": 1,
    "engineeringGeometry": {
     "crs": "EPSG:2248",
     "crsName": "NAD83 / Maryland State Plane (US survey feet)",
     "datum": "NAD83",
     "unit": "usSurveyFoot",
     "coordinates": [
      [
       1291483.5110809507,
       424254.03212386166,
       190
      ],
      [
       1291483.3435481011,
       424253.59743255924,
       190
      ],
      [
       1291483.165116303,
       424253.22318945534,
       190
      ],
      [
       1291482.975785556,
       424252.90939455014,
       190
      ],
      [
       1291482.7755558607,
       424252.6560478435,
       190
      ],
      [
       1291482.4883194612,
       424252.3668471974,
       190
      ],
      [
       1291482.1140763573,
       424252.04179261194,
       190
      ],
      [
       1291481.6528265493,
       424251.6808840871,
       190
      ],
      [
       1291481.1045700368,
       424251.2841216228,
       190
      ],
      [
       1291480.5062561007,
       424250.90952819237,
       190
      ],
      [
       1291479.8578847405,
       424250.55710379593,
       190
      ],
      [
       1291479.1594559567,
       424250.2268484333,
       190
      ],
      [
       1291478.4109697493,
       424249.9187621046,
       190
      ],
      [
       1291477.7933124262,
       424249.6767880044,
       190
      ],
      [
       1291477.3064839873,
       424249.50092613266,
       190
      ],
      [
       1291476.9504844327,
       424249.3911764895,
       190
      ],
      [
       1291476.7253137627,
       424249.34753907484,
       190
      ],
      [
       1291476.4256068757,
       424249.30294893513,
       190
      ],
      [
       1291476.0513637718,
       424249.2574060705,
       190
      ],
      [
       1291475.6025844512,
       424249.2109104808,
       190
      ],
      [
       1291475.0792689135,
       424249.1634621661,
       190
      ],
      [
       1291474.666011101,
       424249.1397380088,
       190
      ],
      [
       1291474.3628110145,
       424249.1397380088,
       190
      ],
      [
       1291474.1696686533,
       424249.1634621661,
       190
      ],
      [
       1291474.0865840174,
       424249.2109104808,
       190
      ],
      [
       1291473.8642051518,
       424249.43361826875,
       190
      ],
      [
       1291473.502532056,
       424249.83158552996,
       190
      ],
      [
       1291473.0015647304,
       424250.4048122644,
       190
      ],
      [
       1291472.3613031746,
       424251.153298472,
       190
      ],
      [
       1291471.8748220038,
       424251.7230036204,
       190
      ],
      [
       1291471.542121218,
       424252.11392770964,
       190
      ],
      [
       1291471.3632008168,
       424252.32607073965,
       190
      ],
      [
       1291471.338060801,
       424252.35943271033,
       190
      ],
      [
       1291471.1320842367,
       424252.52577018586,
       190
      ],
      [
       1291470.7452711246,
       424252.8250831661,
       190
      ],
      [
       1291470.1776214647,
       424253.2573716511,
       190
      ],
      [
       1291469.4291352574,
       424253.8226356409,
       190
      ]
     ]
    },
    "elevationFt": 190,
    "weight": "index",
    "hidden": false
   }
  },
  {
   "type": "Feature",
   "geometry": {
    "type": "Polygon",
    "coordinates": [
     [
      [
       -77.0728261241497,
       38.83137088586587
      ],
      [
       -77.07282686252553,
       38.83137182911758
      ],
      [
       -77.07289208403395,
       38.831455143495276
      ],
      [
       -77.07290069330745,
       38.83145288434483
      ],
      [
       -77.07310408961634,
       38.83137978313349
      ],
      [
       -77.07301884276319,
       38.83133000531166
      ],
      [
       -77.07288872456596,
       38.83133802281099
      ],
      [
       -77.0728261241497,
       38.83137088586587
      ]
     ]
    ]
   },
   "properties": {
    "id": "buildable-envelope",
    "kind": "ProposedFeature",
    "sourceId": "gis1",
    "reliabilityLevel": 1,
    "revision": 1,
    "engineeringGeometry": {
     "crs": "EPSG:2248",
     "crsName": "NAD83 / Maryland State Plane (US survey feet)",
     "datum": "NAD83",
     "unit": "usSurveyFoot",
     "coordinates": [
      [
       1291587.6514625512,
       424177.25799560756
      ],
      [
       1291587.4413985307,
       424177.601690458
      ],
      [
       1291568.8862451212,
       424207.95915473584
      ],
      [
       1291566.4331028003,
       424207.1383430109
      ],
      [
       1291508.4711833328,
       424180.56162057235
      ],
      [
       1291532.7405984777,
       424162.41337802296
      ],
      [
       1291569.8091843745,
       424165.30368516577
      ],
      [
       1291587.6514625512,
       424177.25799560756
      ]
     ]
    },
    "label": "Buildable envelope",
    "setbacks": {
     "frontFt": 30,
     "sideFt": 15,
     "rearFt": 30,
     "maxFt": 30,
     "source": "Alexandria Zoning Ordinance §3-306 (Municode, Supp. 103, 2026-08-14)"
    }
   }
  },
  {
   "type": "Feature",
   "geometry": {
    "type": "Polygon",
    "coordinates": [
     [
      [
       -77.0728422632095,
       38.83138099925366
      ],
      [
       -77.0728824976304,
       38.83143239737833
      ],
      [
       -77.07297862308906,
       38.83138636076963
      ],
      [
       -77.0729383886249,
       38.83133496267774
      ],
      [
       -77.0728422632095,
       38.83138099925366
      ]
     ]
    ]
   },
   "properties": {
    "id": "proposed-building",
    "kind": "Building",
    "sourceId": "gis1",
    "reliabilityLevel": 1,
    "revision": 1,
    "engineeringGeometry": {
     "crs": "EPSG:2248",
     "crsName": "NAD83 / Maryland State Plane (US survey feet)",
     "datum": "NAD83",
     "unit": "usSurveyFoot",
     "coordinates": [
      [
       1291583.0569342452,
       424180.94490356545
      ],
      [
       1291571.6104673252,
       424199.6729643112
      ],
      [
       1291544.2142251895,
       424182.92856222985
      ],
      [
       1291555.6606921095,
       424164.2005014841
      ],
      [
       1291583.0569342452,
       424180.94490356545
      ]
     ]
    },
    "areaSqFt": 704.7427314370871,
    "estimated": true,
    "address": "2904 EDGEHILL DR",
    "lotLabel": "2904 EDGEHILL DR",
    "garageSlabElevFt": null,
    "basementElevFt": null,
    "finishedFloorElevFt": null,
    "subFloorElevFt": null,
    "heightFt": 20,
    "storeys": 2
   }
  },
  {
   "type": "Feature",
   "geometry": {
    "type": "Polygon",
    "coordinates": [
     [
      [
       -77.07275558739202,
       38.83143852629736
      ],
      [
       -77.07277758433486,
       38.831466626702785
      ],
      [
       -77.07287337893555,
       38.831420748558934
      ],
      [
       -77.07285138196914,
       38.831392648171345
      ],
      [
       -77.07275558739202,
       38.83143852629736
      ]
     ]
    ]
   },
   "properties": {
    "id": "driveway",
    "kind": "Pavement",
    "sourceId": "gis1",
    "reliabilityLevel": 1,
    "revision": 1,
    "engineeringGeometry": {
     "crs": "EPSG:2248",
     "crsName": "NAD83 / Maryland State Plane (US survey feet)",
     "datum": "NAD83",
     "unit": "usSurveyFoot",
     "coordinates": [
      [
       1291607.7646104791,
       424201.8762447054
      ],
      [
       1291601.5065970009,
       424212.11525184993
      ],
      [
       1291574.2046833804,
       424195.42845496075
      ],
      [
       1291580.462696859,
       424185.18944781634
      ],
      [
       1291607.7646104791,
       424201.8762447054
      ]
     ]
    },
    "label": "PROPOSED DRIVEWAY  12' WIDE",
    "areaSqFt": 383.9706884585321,
    "note": "Longitudinal pitch 1% min to 12.5% max, lateral 1/8\" in 12\" to 1/2\" in 12\" away from the building. PGC Code Sec. 32-151, Table 4 — Site Slope Limitations.",
    "improvement": "Driveway",
    "impervious": true
   }
  },
  {
   "type": "Feature",
   "geometry": {
    "type": "Polygon",
    "coordinates": [
     [
      [
       -77.07286571042832,
       38.83140832316638
      ],
      [
       -77.07285074138929,
       38.83141549217781
      ],
      [
       -77.07286870562015,
       38.8314384408101
      ],
      [
       -77.07288367466218,
       38.8314312717964
      ],
      [
       -77.07286571042832,
       38.83140832316638
      ]
     ]
    ]
   },
   "properties": {
    "id": "walk",
    "kind": "Pavement",
    "sourceId": "gis1",
    "reliabilityLevel": 1,
    "revision": 1,
    "engineeringGeometry": {
     "crs": "EPSG:2248",
     "crsName": "NAD83 / Maryland State Plane (US survey feet)",
     "datum": "NAD83",
     "unit": "usSurveyFoot",
     "coordinates": [
      [
       1291576.3855658069,
       424190.90145196434
      ],
      [
       1291580.6518154622,
       424193.5089630151
      ],
      [
       1291575.5410938025,
       424201.8708123391
      ],
      [
       1291571.2748441473,
       424199.26330128836
      ],
      [
       1291576.3855658069,
       424190.90145196434
      ]
     ]
    },
    "label": "CONCRETE WALK  5' WIDE",
    "areaSqFt": 49.00000000093132,
    "note": "Leadwalk from the edge of the driveway to the stoop, 10 ft. Lateral pitch 48:1 max, longitudinal 12:1 max. PGC Code Sec. 32-151, Table 4 — Site Slope Limitations.",
    "improvement": "Walk",
    "impervious": true
   }
  },
  {
   "type": "Feature",
   "geometry": {
    "type": "Polygon",
    "coordinates": [
     [
      [
       -77.07284307287372,
       38.83140306678991
      ],
      [
       -77.07285773754654,
       38.83142180036852
      ],
      [
       -77.0728697127785,
       38.83141606515879
      ],
      [
       -77.07285504810372,
       38.831397331581684
      ],
      [
       -77.07284307287372,
       38.83140306678991
      ]
     ]
    ]
   },
   "properties": {
    "id": "stoop",
    "kind": "Pavement",
    "sourceId": "gis1",
    "reliabilityLevel": 1,
    "revision": 1,
    "engineeringGeometry": {
     "crs": "EPSG:2248",
     "crsName": "NAD83 / Maryland State Plane (US survey feet)",
     "datum": "NAD83",
     "unit": "usSurveyFoot",
     "coordinates": [
      [
       1291582.8327015475,
       424188.98196225497
      ],
      [
       1291578.6606838661,
       424195.80796170316
      ],
      [
       1291575.247684142,
       424193.7219528625
      ],
      [
       1291579.4197018235,
       424186.8959534143
      ],
      [
       1291582.8327015475,
       424188.98196225497
      ]
     ]
    },
    "label": "CONCRETE STOOP  8' x 4'",
    "areaSqFt": 32,
    "note": "Front concrete stoop at the entrance, met by the leadwalk. Riser count and handrail per the architectural plans and the building code.",
    "improvement": "Stoop",
    "impervious": true
   }
  },
  {
   "type": "Feature",
   "geometry": {
    "type": "Polygon",
    "coordinates": [
     [
      [
       -77.07271108387141,
       38.83138167477544
      ],
      [
       -77.0728239104306,
       38.83152580675266
      ],
      [
       -77.07283289186988,
       38.831521505348164
      ],
      [
       -77.07272006529935,
       38.83137737337953
      ],
      [
       -77.07271108387141,
       38.83138167477544
      ]
     ]
    ]
   },
   "properties": {
    "id": "sidewalk",
    "kind": "Pavement",
    "sourceId": "gis1",
    "reliabilityLevel": 1,
    "revision": 1,
    "engineeringGeometry": {
     "crs": "EPSG:2248",
     "crsName": "NAD83 / Maryland State Plane (US survey feet)",
     "datum": "NAD83",
     "unit": "usSurveyFoot",
     "coordinates": [
      [
       1291620.4256410508,
       424181.1611340698
      ],
      [
       1291588.3270847693,
       424233.67882316
      ],
      [
       1291585.7673349762,
       424232.11431652954
      ],
      [
       1291617.8658912578,
       424179.5966274393
      ],
      [
       1291620.4256410508,
       424181.1611340698
      ]
     ]
    },
    "label": "CONCRETE SIDEWALK  3' WIDE",
    "areaSqFt": 184.6505479067564,
    "note": "Public sidewalk across the frontage, inside the front property line. Whether it is to be built, reconstructed or waived is a DPW&T determination at street construction permit.",
    "improvement": "Sidewalk",
    "impervious": true
   }
  },
  {
   "type": "Feature",
   "geometry": {
    "type": "Polygon",
    "coordinates": [
     [
      [
       -77.07269910863248,
       38.8313874099689
      ],
      [
       -77.07281193517656,
       38.831531541957574
      ],
      [
       -77.0728239104306,
       38.83152580675266
      ],
      [
       -77.07271108387141,
       38.83138167477544
      ],
      [
       -77.07269910863248,
       38.8313874099689
      ]
     ]
    ]
   },
   "properties": {
    "id": "verge",
    "kind": "Surface",
    "sourceId": "gis1",
    "reliabilityLevel": 1,
    "revision": 1,
    "engineeringGeometry": {
     "crs": "EPSG:2248",
     "crsName": "NAD83 / Maryland State Plane (US survey feet)",
     "datum": "NAD83",
     "unit": "usSurveyFoot",
     "coordinates": [
      [
       1291623.8386407748,
       424183.24714291043
      ],
      [
       1291591.7400844933,
       424235.76483200066
      ],
      [
       1291588.3270847693,
       424233.67882316
      ],
      [
       1291620.4256410508,
       424181.1611340698
      ],
      [
       1291623.8386407748,
       424183.24714291043
      ]
     ]
    },
    "label": "PLANTING STRIP  4' WIDE  (STREET TREES)",
    "areaSqFt": 246.20073054730892,
    "note": "Landscaped strip between the sidewalk and the curb, in the strip dedicated to public use. Street tree species, spacing and clear distances are set by the Landscape Manual and by DPW&T; this shows the STRIP, not a planting schedule.",
    "improvement": "Verge",
    "impervious": false
   }
  },
  {
   "type": "Feature",
   "geometry": {
    "type": "Polygon",
    "coordinates": [
     [
      [
       -77.07269461791739,
       38.83138956066614
      ],
      [
       -77.07280744445579,
       38.83153369265909
      ],
      [
       -77.07281193517656,
       38.831531541957574
      ],
      [
       -77.07269910863248,
       38.8313874099689
      ],
      [
       -77.07269461791739,
       38.83138956066614
      ]
     ]
    ]
   },
   "properties": {
    "id": "curb",
    "kind": "Pavement",
    "sourceId": "gis1",
    "reliabilityLevel": 1,
    "revision": 1,
    "engineeringGeometry": {
     "crs": "EPSG:2248",
     "crsName": "NAD83 / Maryland State Plane (US survey feet)",
     "datum": "NAD83",
     "unit": "usSurveyFoot",
     "coordinates": [
      [
       1291625.1185156715,
       424184.0293962257
      ],
      [
       1291593.01995939,
       424236.5470853159
      ],
      [
       1291591.7400844933,
       424235.76483200066
      ],
      [
       1291623.8386407748,
       424183.24714291043
      ],
      [
       1291625.1185156715,
       424184.0293962257
      ]
     ]
    },
    "label": "CURB AND GUTTER",
    "areaSqFt": 92.32527396082878,
    "note": "Curb and gutter at the street face of the planting strip, 4 ft outside the front property line, where the frontage meets the travelled way. Depressed through every driveway apron per DPW&T STD. 300.01 note 6.",
    "improvement": "Sidewalk",
    "impervious": true
   }
  },
  {
   "type": "Feature",
   "geometry": {
    "type": "Polygon",
    "coordinates": [
     [
      [
       -77.07276661759315,
       38.83148153768781
      ],
      [
       -77.07273362218496,
       38.83143938707506
      ],
      [
       -77.07276456883143,
       38.83143422490702
      ],
      [
       -77.07278656577648,
       38.83146232531078
      ],
      [
       -77.07276661759315,
       38.83148153768781
      ]
     ]
    ]
   },
   "properties": {
    "id": "apron",
    "kind": "Pavement",
    "sourceId": "gis1",
    "reliabilityLevel": 1,
    "revision": 1,
    "engineeringGeometry": {
     "crs": "EPSG:2248",
     "crsName": "NAD83 / Maryland State Plane (US survey feet)",
     "datum": "NAD83",
     "unit": "usSurveyFoot",
     "coordinates": [
      [
       1291604.6349719057,
       424217.5432598136
      ],
      [
       1291614.0219921235,
       424202.1847490969
      ],
      [
       1291605.2048586933,
       424200.3117413359
      ],
      [
       1291598.9468452148,
       424210.55074848037
      ],
      [
       1291604.6349719057,
       424217.5432598136
      ]
     ]
    },
    "label": "PROPOSED 18' DRIVEWAY APRON  PER CITY OF ALEXANDRIA STANDARD",
    "areaSqFt": 127.49999999813735,
    "note": "Driveway apron at the front property line, at street level, between the curb and the driveway. The city of alexandria standard govern the depression, jointing and curb cut.",
    "improvement": "Apron",
    "impervious": true
   }
  },
  {
   "type": "Feature",
   "geometry": {
    "type": "Polygon",
    "coordinates": [
     [
      [
       -77.07297862308906,
       38.83138636076963
      ],
      [
       -77.0729383886249,
       38.83133496267774
      ],
      [
       -77.07272006529935,
       38.83137737337953
      ],
      [
       -77.07269461791739,
       38.83138956066614
      ],
      [
       -77.07280744445579,
       38.83153369265909
      ],
      [
       -77.07281193517656,
       38.831531541957574
      ],
      [
       -77.07283289186988,
       38.831521505348164
      ],
      [
       -77.07297862308906,
       38.83138636076963
      ]
     ]
    ]
   },
   "properties": {
    "id": "lod",
    "kind": "LimitOfDisturbance",
    "sourceId": "gis1",
    "reliabilityLevel": 1,
    "revision": 1,
    "engineeringGeometry": {
     "crs": "EPSG:2248",
     "crsName": "NAD83 / Maryland State Plane (US survey feet)",
     "datum": "NAD83",
     "unit": "usSurveyFoot",
     "coordinates": [
      [
       1291544.2142251895,
       424182.92856222985
      ],
      [
       1291555.6606921095,
       424164.2005014841
      ],
      [
       1291617.8658912578,
       424179.5966274393
      ],
      [
       1291625.1185156715,
       424184.0293962257
      ],
      [
       1291593.01995939,
       424236.5470853159
      ],
      [
       1291591.7400844933,
       424235.76483200066
      ],
      [
       1291585.7673349762,
       424232.11431652954
      ],
      [
       1291544.2142251895,
       424182.92856222985
      ]
     ]
    },
    "note": "Limits of disturbance — proposed work plus a 10 ft working margin, clipped to the property line."
   }
  },
  {
   "type": "Feature",
   "geometry": {
    "type": "Polygon",
    "coordinates": [
     [
      [
       -77.07272863046802,
       38.831382019088565
      ],
      [
       -77.07288242909844,
       38.83130811857625
      ],
      [
       -77.07310121310435,
       38.83129216231728
      ],
      [
       -77.07320021677236,
       38.83134620411898
      ],
      [
       -77.07323901198036,
       38.831367264288986
      ],
      [
       -77.07325293170062,
       38.83137487341093
      ],
      [
       -77.07328264069645,
       38.83139124321143
      ],
      [
       -77.07292635340795,
       38.831478397908185
      ],
      [
       -77.0728350955511,
       38.83151522646674
      ],
      [
       -77.07275439776942,
       38.83141276116658
      ],
      [
       -77.07273562517415,
       38.83139034197986
      ],
      [
       -77.07272863046802,
       38.831382019088565
      ]
     ]
    ]
   },
   "properties": {
    "id": "grade-40",
    "kind": "ProposedFeature",
    "sourceId": "design",
    "reliabilityLevel": 1,
    "revision": 1,
    "engineeringGeometry": {
     "crs": "EPSG:2248",
     "crsName": "NAD83 / Maryland State Plane (US survey feet)",
     "datum": "NAD83",
     "unit": "usSurveyFoot",
     "coordinates": [
      [
       1291615.4273152146,
       424181.29051272327
      ],
      [
       1291571.5938539566,
       424154.41129655886
      ],
      [
       1291509.2650498822,
       424148.6499481113
      ],
      [
       1291481.0780348617,
       424168.3542723862
      ],
      [
       1291470.0327539374,
       424176.033133759
      ],
      [
       1291466.0697242478,
       424178.80751541536
      ],
      [
       1291457.6114317223,
       424184.776098619
      ],
      [
       1291559.1308472587,
       424216.43608012964
      ],
      [
       1291585.1377582478,
       424229.8280834468
      ],
      [
       1291608.0960146294,
       424192.49245643994
      ],
      [
       1291613.437177606,
       424184.32325122115
      ],
      [
       1291615.4273152146,
       424181.29051272327
      ]
     ]
    },
    "type": "Graded area",
    "proposed": true,
    "contourIntervalFt": 2,
    "note": "Positive drainage away from structure at 2% minimum for the first 10 ft."
   }
  },
  {
   "type": "Feature",
   "geometry": {
    "type": "Point",
    "coordinates": [
     -77.07297089220602,
     38.831386772669084
    ]
   },
   "properties": {
    "id": "ffe-41",
    "kind": "SpotElevation",
    "sourceId": "design",
    "reliabilityLevel": 1,
    "revision": 1,
    "engineeringGeometry": {
     "crs": "EPSG:2248",
     "crsName": "NAD83 / Maryland State Plane (US survey feet)",
     "datum": "NAD83",
     "unit": "usSurveyFoot",
     "coordinates": [
      [
       1291546.4166093313,
       424183.0768132755
      ]
     ]
    },
    "label": "FFE",
    "note": "Finished floor elevation to be set above the adjacent grade per code."
   }
  },
  {
   "type": "Feature",
   "geometry": {
    "type": "LineString",
    "coordinates": [
     [
      -77.0726796597663,
      38.83146735712767
     ],
     [
      -77.07284709133694,
      38.831387167029376
     ]
    ]
   },
   "properties": {
    "id": "util-42",
    "kind": "Utility",
    "sourceId": "design",
    "reliabilityLevel": 1,
    "revision": 1,
    "engineeringGeometry": {
     "crs": "EPSG:2248",
     "crsName": "NAD83 / Maryland State Plane (US survey feet)",
     "datum": "NAD83",
     "unit": "usSurveyFoot",
     "coordinates": [
      [
       1291629.402138725,
       424212.3590446269
      ],
      [
       1291581.6833582148,
       424183.19227085495
      ]
     ]
    },
    "type": "Water service (WHC)",
    "size": "1\" COPPER FROM EX. 8\" MAIN",
    "sizeAtHouse": "1\" COPPER",
    "from": "frontage",
    "note": "Record information. Field verification required before excavation — call Miss Utility."
   }
  },
  {
   "type": "Feature",
   "geometry": {
    "type": "LineString",
    "coordinates": [
     [
      -77.07269696112162,
      38.831489458063864
     ],
     [
      -77.07286439213382,
      38.83140926822399
     ]
    ]
   },
   "properties": {
    "id": "util-43",
    "kind": "Utility",
    "sourceId": "design",
    "reliabilityLevel": 1,
    "revision": 1,
    "engineeringGeometry": {
     "crs": "EPSG:2248",
     "crsName": "NAD83 / Maryland State Plane (US survey feet)",
     "datum": "NAD83",
     "unit": "usSurveyFoot",
     "coordinates": [
      [
       1291624.479989558,
       424220.41200782306
      ],
      [
       1291576.7613774391,
       424191.2453369756
      ]
     ]
    },
    "type": "Sanitary lateral (SHC)",
    "size": "4\" PVC TO EX. 8\" MAIN",
    "sizeAtHouse": "4\" PVC",
    "from": "frontage",
    "note": "Record information. Field verification required before excavation — call Miss Utility."
   }
  },
  {
   "type": "Feature",
   "geometry": {
    "type": "Polygon",
    "coordinates": [
     [
      [
       -77.07309303222942,
       38.83129931063195
      ],
      [
       -77.0730496107531,
       38.831299337817825
      ],
      [
       -77.07304964549925,
       38.83133330129112
      ],
      [
       -77.07309306699622,
       38.831333274105255
      ],
      [
       -77.07309303222942,
       38.83129931063195
      ]
     ]
    ]
   },
   "properties": {
    "id": "swm-44",
    "kind": "SWMPractice",
    "sourceId": "design",
    "reliabilityLevel": 1,
    "revision": 1,
    "engineeringGeometry": {
     "crs": "EPSG:2248",
     "crsName": "NAD83 / Maryland State Plane (US survey feet)",
     "datum": "NAD83",
     "unit": "usSurveyFoot",
     "coordinates": [
      [
       1291511.5975889692,
       424151.25145867455
      ],
      [
       1291523.966905846,
       424151.25145867455
      ],
      [
       1291523.966905846,
       424163.6207755514
      ],
      [
       1291511.5975889692,
       424163.6207755514
      ],
      [
       1291511.5975889692,
       424151.25145867455
      ]
     ]
    },
    "practice": "Environmental Site Design — micro-bioretention",
    "requiredVolumeCf": 122,
    "footprintSqFt": 153,
    "pondingDepthFt": 2
   }
  },
  {
   "type": "Feature",
   "geometry": {
    "type": "Polygon",
    "coordinates": [
     [
      [
       -77.07271108387141,
       38.83138167477544
      ],
      [
       -77.07287083572537,
       38.83129781068805
      ],
      [
       -77.07311407786997,
       38.83128282273456
      ],
      [
       -77.07321733648112,
       38.83134317554535
      ],
      [
       -77.07325648864088,
       38.83136599266638
      ],
      [
       -77.07327045833705,
       38.83137413393878
      ],
      [
       -77.0733001898677,
       38.83139149484565
      ],
      [
       -77.07292011547813,
       38.83149123056053
      ],
      [
       -77.0728239104306,
       38.83152580675266
      ],
      [
       -77.07273704876629,
       38.8314148437632
      ],
      [
       -77.07271807635487,
       38.831390608199534
      ],
      [
       -77.07271108387141,
       38.83138167477544
      ]
     ]
    ]
   },
   "properties": {
    "id": "da-45",
    "kind": "DrainageArea",
    "sourceId": "design",
    "reliabilityLevel": 1,
    "revision": 1,
    "engineeringGeometry": {
     "crs": "EPSG:2248",
     "crsName": "NAD83 / Maryland State Plane (US survey feet)",
     "datum": "NAD83",
     "unit": "usSurveyFoot",
     "coordinates": [
      [
       1291620.4256410508,
       424181.1611340698
      ],
      [
       1291574.8934164678,
       424150.6545842683
      ],
      [
       1291505.5975889692,
       424145.25145867455
      ],
      [
       1291476.2003278367,
       424167.25519359997
      ],
      [
       1291465.053877979,
       424175.5740104741
      ],
      [
       1291461.076767875,
       424178.54221056955
      ],
      [
       1291452.6123468396,
       424184.8717560108
      ],
      [
       1291560.9115510825,
       424221.1082417163
      ],
      [
       1291588.3270847693,
       424233.67882316
      ],
      [
       1291613.0387549233,
       424193.2469883398
      ],
      [
       1291618.436313131,
       424184.41622435424
      ],
      [
       1291620.4256410508,
       424181.1611340698
      ]
     ]
    },
    "areaAcres": 0.1911,
    "percentImpervious": 14,
    "compositeC": 0.348
   }
  },
  {
   "type": "Feature",
   "geometry": {
    "type": "Polygon",
    "coordinates": [
     [
      [
       -77.07297857818776,
       38.83134242822473
      ],
      [
       -77.07287326557503,
       38.83134249402893
      ],
      [
       -77.07287331041151,
       38.831386426573864
      ],
      [
       -77.07297862308906,
       38.83138636076963
      ],
      [
       -77.07297857818776,
       38.83134242822473
      ]
     ]
    ]
   },
   "properties": {
    "id": "sce-47",
    "kind": "ProposedFeature",
    "sourceId": "design",
    "reliabilityLevel": 1,
    "revision": 1,
    "engineeringGeometry": {
     "crs": "EPSG:2248",
     "crsName": "NAD83 / Maryland State Plane (US survey feet)",
     "datum": "NAD83",
     "unit": "usSurveyFoot",
     "coordinates": [
      [
       1291544.2142251895,
       424166.92856222985
      ],
      [
       1291574.2142251895,
       424166.92856222985
      ],
      [
       1291574.2142251895,
       424182.92856222985
      ],
      [
       1291544.2142251895,
       424182.92856222985
      ],
      [
       1291544.2142251895,
       424166.92856222985
      ]
     ]
    },
    "type": "Stabilized construction entrance",
    "note": "Mountable berm, washrack where required."
   }
  },
  {
   "type": "Feature",
   "geometry": {
    "type": "Polygon",
    "coordinates": [
     [
      [
       -77.07273013182207,
       38.83139615534858
      ],
      [
       -77.07269502759135,
       38.831396177219155
      ],
      [
       -77.07269505554564,
       38.83142363505958
      ],
      [
       -77.07273015978986,
       38.831423613189
      ],
      [
       -77.07273013182207,
       38.83139615534858
      ]
     ]
    ]
   },
   "properties": {
    "id": "street-tree-49",
    "kind": "Tree",
    "sourceId": "design",
    "reliabilityLevel": 1,
    "revision": 1,
    "engineeringGeometry": {
     "crs": "EPSG:2248",
     "crsName": "NAD83 / Maryland State Plane (US survey feet)",
     "datum": "NAD83",
     "unit": "usSurveyFoot",
     "coordinates": [
      [
       1291615.0037324787,
       424186.43920117186
      ],
      [
       1291625.0037324787,
       424186.43920117186
      ],
      [
       1291625.0037324787,
       424196.43920117186
      ],
      [
       1291615.0037324787,
       424196.43920117186
      ],
      [
       1291615.0037324787,
       424186.43920117186
      ]
     ]
    }
   }
  },
  {
   "type": "Feature",
   "geometry": {
    "type": "Polygon",
    "coordinates": [
     [
      [
       -77.07285807941979,
       38.83144778517486
      ],
      [
       -77.07281595431252,
       38.83144781146445
      ],
      [
       -77.07281598791347,
       38.83148076087265
      ],
      [
       -77.0728581130402,
       38.831480734583046
      ],
      [
       -77.07285807941979,
       38.83144778517486
      ]
     ]
    ]
   },
   "properties": {
    "id": "tree-50",
    "kind": "Tree",
    "sourceId": "design",
    "reliabilityLevel": 1,
    "revision": 1,
    "engineeringGeometry": {
     "crs": "EPSG:2248",
     "crsName": "NAD83 / Maryland State Plane (US survey feet)",
     "datum": "NAD83",
     "unit": "usSurveyFoot",
     "coordinates": [
      [
       1291578.5708488293,
       424205.27156224474
      ],
      [
       1291590.5708488293,
       424205.27156224474
      ],
      [
       1291590.5708488293,
       424217.27156224474
      ],
      [
       1291578.5708488293,
       424217.27156224474
      ],
      [
       1291578.5708488293,
       424205.27156224474
      ]
     ]
    }
   }
  }
 ],
 "kealee": {
  "siteId": "2904 EDGEHILL DR",
  "modelRevision": 8,
  "geoJsonCrs": "EPSG:4326 (RFC 7946, longitude first)",
  "sourceCrs": "EPSG:2248",
  "sourceCrsName": "NAD83 / Maryland State Plane (US survey feet)",
  "horizontalDatum": "NAD83",
  "verticalDatum": "NAVD88 (feet)",
  "transformer": "registry (proj4 + arcgis-geometry-service (https://sampleserver6.arcgisonline.com/arcgis/rest/services/Utilities/Geometry/GeometryServer))",
  "note": "Geometry is WGS84 per RFC 7946. Original engineering coordinates are preserved per feature under properties.engineeringGeometry."
 }
}