{
 "type": "FeatureCollection",
 "features": [
  {
   "type": "Feature",
   "geometry": {
    "type": "Polygon",
    "coordinates": [
     [
      [
       -77.53002149216798,
       39.03870173354026
      ],
      [
       -77.53002914474544,
       39.03863335369076
      ],
      [
       -77.53000666177066,
       39.03826310944305
      ],
      [
       -77.53051561704606,
       39.038330480344975
      ],
      [
       -77.53038132664572,
       39.03877150849992
      ],
      [
       -77.53031388631916,
       39.0387613789718
      ],
      [
       -77.53024558120414,
       39.03875579253237
      ],
      [
       -77.53017691353796,
       39.03875479025786
      ],
      [
       -77.53016831558588,
       39.03875442223983
      ],
      [
       -77.53015989891675,
       39.03875300398883
      ],
      [
       -77.53015187311622,
       39.03875057082111
      ],
      [
       -77.53014443803679,
       39.0387471833256
      ],
      [
       -77.53013777882116,
       39.03874292585518
      ],
      [
       -77.53011251529132,
       39.03872696626408
      ],
      [
       -77.53008415933016,
       39.03871456230469
      ],
      [
       -77.53005352509801,
       39.03870607012067
      ],
      [
       -77.53002149216798,
       39.03870173354026
      ]
     ]
    ]
   },
   "properties": {
    "id": "parcel",
    "kind": "Parcel",
    "sourceId": "gis1",
    "reliabilityLevel": 1,
    "revision": 1,
    "engineeringGeometry": {
     "crs": "EPSG:2248",
     "crsName": "NAD83 / Maryland State Plane (US survey feet)",
     "datum": "NAD83",
     "unit": "usSurveyFoot",
     "coordinates": [
      [
       1161787.5103003564,
       500116.1940218128
      ],
      [
       1161785.1921108565,
       500091.3025111112
      ],
      [
       1161790.795154849,
       499956.42145872884
      ],
      [
       1161646.376251837,
       499981.797838985
      ],
      [
       1161685.4527163955,
       500142.1998676217
      ],
      [
       1161704.586612193,
       500138.39937976736
      ],
      [
       1161723.9757535006,
       500136.2520848011
      ],
      [
       1161743.4775711866,
       500135.7737718689
      ],
      [
       1161745.9189017462,
       500135.6255555816
      ],
      [
       1161748.3065204606,
       500135.09514079697
      ],
      [
       1161750.580972716,
       500134.19573548913
      ],
      [
       1161752.685621881,
       500132.9497359457
      ],
      [
       1161754.5680596277,
       500131.3881690728
      ],
      [
       1161761.7100034396,
       500125.5339709231
      ],
      [
       1161769.737825617,
       500120.9696452909
      ],
      [
       1161778.4210293512,
       500117.8262442187
      ],
      [
       1161787.5103003564,
       500116.1940218128
      ]
     ]
    }
   }
  },
  {
   "type": "Feature",
   "geometry": {
    "type": "LineString",
    "coordinates": [
     [
      -77.53055391993836,
      39.03820453352633
     ],
     [
      -77.53055466244415,
      39.03820658529705
     ],
     [
      -77.53055539472504,
      39.03820863711412
     ],
     [
      -77.53055611678103,
      39.03821068897752
     ],
     [
      -77.530556740755,
      39.03821246022821
     ],
     [
      -77.53055726664694,
      39.03821395086623
     ],
     [
      -77.53055769445683,
      39.03821516089154
     ],
     [
      -77.53055802418467,
      39.03821609030417
     ],
     [
      -77.53055836851769,
      39.03821706798107
     ],
     [
      -77.5305587274559,
      39.038218093922225
     ],
     [
      -77.53055910099928,
      39.038219168127654
     ],
     [
      -77.53055948914785,
      39.03822029059736
     ],
     [
      -77.53055997864521,
      39.038221645334474
     ],
     [
      -77.53056056949141,
      39.03822323233901
     ],
     [
      -77.53056126168644,
      39.03822505161094
     ],
     [
      -77.5305620552303,
      39.038227103150255
     ],
     [
      -77.53056278288948,
      39.03822915498822
     ],
     [
      -77.53056344466393,
      39.03823120712481
     ],
     [
      -77.53056404055367,
      39.03823325956002
     ],
     [
      -77.5305645705587,
      39.03823531229387
     ],
     [
      -77.53056503914611,
      39.038237365306124
     ],
     [
      -77.53056544631589,
      39.03823941859673
     ],
     [
      -77.53056579206806,
      39.03824147216574
     ],
     [
      -77.5305660764026,
      39.03824352601313
     ],
     [
      -77.53056640762026,
      39.03824557964801
     ],
     [
      -77.53056678572104,
      39.0382476330704
     ],
     [
      -77.53056721070494,
      39.03824968628026
     ],
     [
      -77.53056768257198,
      39.038251739277605
     ],
     [
      -77.53056809697264,
      39.038253452147394
     ],
     [
      -77.53056845390692,
      39.03825482488962
     ],
     [
      -77.53056875337481,
      39.03825585750427
     ],
     [
      -77.5305689953763,
      39.03825654999137
     ],
     [
      -77.53056932340509,
      39.038257409080536
     ],
     [
      -77.53056973746122,
      39.03825843477181
     ],
     [
      -77.53057023754468,
      39.03825962706521
     ],
     [
      -77.53057082365548,
      39.0382609859607
     ],
     [
      -77.53057138097726,
      39.03826251838267
     ],
     [
      -77.53057190951003,
      39.03826422433115
     ],
     [
      -77.53057240925381,
      39.038266103806116
     ],
     [
      -77.53057288020858,
      39.03826815680758
     ],
     [
      -77.53057331193207,
      39.03827020998686
     ],
     [
      -77.5305737044243,
      39.03827226334397
     ],
     [
      -77.53057405768524,
      39.03827431687892
     ],
     [
      -77.5305743717149,
      39.03827637059166
     ],
     [
      -77.53057472780958,
      39.03827842411375
     ],
     [
      -77.53057512596928,
      39.03828047744517
     ],
     [
      -77.53057556619399,
      39.03828253058592
     ],
     [
      -77.53057604848371,
      39.038284583535976
     ],
     [
      -77.53057658232451,
      39.038286636252366
     ],
     [
      -77.53057716771634,
      39.03828868873507
     ],
     [
      -77.53057780465925,
      39.03829074098412
     ],
     [
      -77.53057849315321,
      39.03829279299948
     ],
     [
      -77.53057905146167,
      39.038294436734766
     ],
     [
      -77.5305794795846,
      39.03829567219001
     ],
     [
      -77.53057977752201,
      39.03829649936516
     ],
     [
      -77.53057994527386,
      39.03829691826027
     ],
     [
      -77.53058023438575,
      39.03829764056155
     ],
     [
      -77.53058064485772,
      39.03829866626904
     ],
     [
      -77.53058117668975,
      39.03829999538274
     ],
     [
      -77.53058182988188,
      39.03830162790259
     ],
     [
      -77.53058250240892,
      39.03830336524869
     ],
     [
      -77.53058319427086,
      39.03830520742103
     ],
     [
      -77.53058390546771,
      39.03830715441956
     ],
     [
      -77.53058463599949,
      39.03830920624433
     ],
     [
      -77.53058527808723,
      39.03831125847001
     ],
     [
      -77.53058583173095,
      39.03831331109659
     ],
     [
      -77.53058629693064,
      39.03831536412405
     ]
    ]
   },
   "properties": {
    "id": "ct-0",
    "kind": "Contour",
    "sourceId": "contours",
    "reliabilityLevel": 1,
    "revision": 1,
    "engineeringGeometry": {
     "crs": "EPSG:2248",
     "crsName": "NAD83 / Maryland State Plane (US survey feet)",
     "datum": "NAD83",
     "unit": "usSurveyFoot",
     "coordinates": [
      [
       1161635.2302782843,
       499935.9908915613,
       362
      ],
      [
       1161635.023722928,
       499936.73937776894,
       362
      ],
      [
       1161634.8200719235,
       499937.4878639766,
       362
      ],
      [
       1161634.6193252709,
       499938.23635018425,
       362
      ],
      [
       1161634.4458434698,
       499938.882474571,
       362
      ],
      [
       1161634.2996265204,
       499939.4262371368,
       362
      ],
      [
       1161634.1806744225,
       499939.8676378817,
       362
      ],
      [
       1161634.0889871763,
       499940.20667680574,
       362
      ],
      [
       1161633.9932536995,
       499940.5633178196,
       362
      ],
      [
       1161633.8934739917,
       499940.9375609235,
       362
      ],
      [
       1161633.7896480528,
       499941.32940611726,
       362
      ],
      [
       1161633.681775883,
       499941.7388534009,
       362
      ],
      [
       1161633.5456086637,
       499942.2330604156,
       362
      ],
      [
       1161633.381146395,
       499942.81202716136,
       362
      ],
      [
       1161633.1883890769,
       499943.475753638,
       362
      ],
      [
       1161632.9673367094,
       499944.22423984564,
       362
      ],
      [
       1161632.7649986066,
       499944.9727260533,
       362
      ],
      [
       1161632.5813747686,
       499945.72121226095,
       362
      ],
      [
       1161632.4164651958,
       499946.46969846863,
       362
      ],
      [
       1161632.2702698875,
       499947.21818467637,
       362
      ],
      [
       1161632.141519982,
       499947.96667088405,
       362
      ],
      [
       1161632.0302154794,
       499948.7151570917,
       362
      ],
      [
       1161631.9363563792,
       499949.46364329936,
       362
      ],
      [
       1161631.859942682,
       499950.21212950704,
       362
      ],
      [
       1161631.7702120538,
       499950.9606157147,
       362
      ],
      [
       1161631.6671644943,
       499951.70910192234,
       362
      ],
      [
       1161631.5508000043,
       499952.45758813,
       362
      ],
      [
       1161631.421118583,
       499953.2060743377,
       362
      ],
      [
       1161631.3070397063,
       499953.83059029083,
       362
      ],
      [
       1161631.2085633741,
       499954.3311359895,
       362
      ],
      [
       1161631.1256895862,
       499954.70771143376,
       362
      ],
      [
       1161631.0584183424,
       499954.96031662344,
       362
      ],
      [
       1161630.9670649222,
       499955.2737407703,
       362
      ],
      [
       1161630.8516293261,
       499955.6479838741,
       362
      ],
      [
       1161630.7121115534,
       499956.08304593497,
       362
      ],
      [
       1161630.5485116045,
       499956.5789269529,
       362
      ],
      [
       1161630.393456088,
       499957.1379592683,
       362
      ],
      [
       1161630.2469450035,
       499957.76014288113,
       362
      ],
      [
       1161630.1089783513,
       499958.44547779136,
       362
      ],
      [
       1161629.9795561314,
       499959.19396399905,
       362
      ],
      [
       1161629.861277378,
       499959.9424502067,
       362
      ],
      [
       1161629.7541420907,
       499960.69093641435,
       362
      ],
      [
       1161629.65815027,
       499961.43942262203,
       362
      ],
      [
       1161629.5733019158,
       499962.1879088297,
       362
      ],
      [
       1161629.4765051983,
       499962.9363950374,
       362
      ],
      [
       1161629.3677601174,
       499963.684881245,
       362
      ],
      [
       1161629.2470666734,
       499964.4333674527,
       362
      ],
      [
       1161629.1144248662,
       499965.18185366044,
       362
      ],
      [
       1161628.9671402352,
       499965.9303398681,
       362
      ],
      [
       1161628.8052127806,
       499966.67882607575,
       362
      ],
      [
       1161628.6286425027,
       499967.4273122834,
       362
      ],
      [
       1161628.4374294016,
       499968.17579849105,
       362
      ],
      [
       1161628.2823293814,
       499968.7753730654,
       362
      ],
      [
       1161628.1633424428,
       499969.22603600635,
       362
      ],
      [
       1161628.0804685857,
       499969.52778731403,
       362
      ],
      [
       1161628.0337078099,
       499969.68062698835,
       362
      ],
      [
       1161627.9531187112,
       499969.94416837743,
       362
      ],
      [
       1161627.8387012896,
       499970.3184114813,
       362
      ],
      [
       1161627.6904555452,
       499970.8033562999,
       362
      ],
      [
       1161627.5083814776,
       499971.3990028332,
       362
      ],
      [
       1161627.321037517,
       499972.03285928513,
       362
      ],
      [
       1161627.1284236629,
       499972.7049256557,
       362
      ],
      [
       1161626.9305399158,
       499973.41520194476,
       362
      ],
      [
       1161626.7273862753,
       499974.16368815245,
       362
      ],
      [
       1161626.5493547418,
       499974.9121743601,
       362
      ],
      [
       1161626.3964453156,
       499975.66066056775,
       362
      ],
      [
       1161626.2686579963,
       499976.40914677543,
       362
      ]
     ]
    },
    "elevationFt": 362,
    "weight": "intermediate",
    "hidden": false
   }
  },
  {
   "type": "Feature",
   "geometry": {
    "type": "LineString",
    "coordinates": [
     [
      -77.53051816657849,
      39.03820532535301
     ],
     [
      -77.53051892085392,
      39.03820695721993
     ],
     [
      -77.53051979270516,
      39.038208798479275
     ],
     [
      -77.53052078213229,
      39.038210849131076
     ],
     [
      -77.53052171405702,
      39.0382129000435
     ],
     [
      -77.5305225884794,
      39.038214951216524
     ],
     [
      -77.53052340539942,
      39.03821700265015
     ],
     [
      -77.53052416481705,
      39.03821905434442
     ],
     [
      -77.53052483906653,
      39.038220993107096
     ],
     [
      -77.53052542814784,
      39.03822281893817
     ],
     [
      -77.53052593206097,
      39.0382245318377
     ],
     [
      -77.5305263508059,
      39.038226131805615
     ],
     [
      -77.53052669499884,
      39.03822744496259
     ],
     [
      -77.53052696463975,
      39.038228471308564
     ],
     [
      -77.53052715972865,
      39.03822921084356
     ],
     [
      -77.53052728026555,
      39.038229663567634
     ],
     [
      -77.53052757033942,
      39.03823051598972
     ],
     [
      -77.53052802995033,
      39.03823176810986
     ],
     [
      -77.53052865909827,
      39.03823341992806
     ],
     [
      -77.53052945778327,
      39.038235471444324
     ],
     [
      -77.53053023231236,
      39.038237523070045
     ],
     [
      -77.5305309826855,
      39.03823957480523
     ],
     [
      -77.53053170890274,
      39.03824162664992
     ],
     [
      -77.53053241096406,
      39.038243678604054
     ],
     [
      -77.53053309834814,
      39.03824573062474
     ],
     [
      -77.53053377105498,
      39.03824778271195
     ],
     [
      -77.53053442908461,
      39.038249834865645
     ],
     [
      -77.53053507243699,
      39.03825188708588
     ],
     [
      -77.5305356503278,
      39.03825393960282
     ],
     [
      -77.53053616275703,
      39.03825599241644
     ],
     [
      -77.53053660972465,
      39.038258045526774
     ],
     [
      -77.53053699123069,
      39.0382600989338
     ],
     [
      -77.53053729140426,
      39.03826172580335
     ],
     [
      -77.5305375102454,
      39.03826292613544
     ],
     [
      -77.53053764775406,
      39.03826369993006
     ],
     [
      -77.53053770393024,
      39.038264047187226
     ],
     [
      -77.5305378111492,
      39.03826473424119
     ],
     [
      -77.53053796941096,
      39.03826576109197
     ],
     [
      -77.53053817871549,
      39.038267127739545
     ],
     [
      -77.53053843906281,
      39.038268834183945
     ],
     [
      -77.53053875930586,
      39.038270627234816
     ],
     [
      -77.53053913944463,
      39.038272506892135
     ],
     [
      -77.53053957947913,
      39.03827447315593
     ],
     [
      -77.53054007940936,
      39.038276526026195
     ],
     [
      -77.53054058993268,
      39.03827857884841
     ],
     [
      -77.5305411110491,
      39.038280631622634
     ],
     [
      -77.53054164275862,
      39.03828268434886
     ],
     [
      -77.53054218506122,
      39.038284737027055
     ],
     [
      -77.53054272046765,
      39.03828678973649
     ],
     [
      -77.5305432489779,
      39.038288842477186
     ],
     [
      -77.53054377059196,
      39.03829089524914
     ],
     [
      -77.53054428530984,
      39.03829294805234
     ],
     [
      -77.53054479792412,
      39.03829500086508
     ],
     [
      -77.53054530843481,
      39.038297053687344
     ],
     [
      -77.53054581684191,
      39.03829910651915
     ],
     [
      -77.5305463231454,
      39.03830115936048
     ],
     [
      -77.53054680278827,
      39.03830321232265
     ],
     [
      -77.53054725577049,
      39.03830526540565
     ],
     [
      -77.53054768209206,
      39.0383073186095
     ],
     [
      -77.53054808175298,
      39.038309371934176
     ],
     [
      -77.53054838179823,
      39.03831091419266
     ],
     [
      -77.53054858222777,
      39.03831194538492
     ],
     [
      -77.53054868304159,
      39.038312465510955
     ],
     [
      -77.53054868423972,
      39.03831247457081
     ],
     [
      -77.53054875041786,
      39.03831299258752
     ],
     [
      -77.53054888157604,
      39.03831401956112
     ],
     [
      -77.53054907771426,
      39.03831555549161
     ],
     [
      -77.53054933883251,
      39.038317600378974
     ],
     [
      -77.53054955723017,
      39.038319647726276
     ],
     [
      -77.53054973290723,
      39.038321697533526
     ],
     [
      -77.53054986586366,
      39.038323749800746
     ],
     [
      -77.5305499560995,
      39.03832580452791
     ],
     [
      -77.53055004171532,
      39.038327859275995
     ],
     [
      -77.53055012271115,
      39.03832991404504
     ],
     [
      -77.53055019908695,
      39.038331968835024
     ],
     [
      -77.53055027084274,
      39.03833402364594
     ],
     [
      -77.53055038943616,
      39.03833607824456
     ],
     [
      -77.53055055486718,
      39.038338132630884
     ],
     [
      -77.53055076713582,
      39.03834018680493
     ],
     [
      -77.53055102624208,
      39.03834224076665
     ],
     [
      -77.53055131234173,
      39.038344294606055
     ],
     [
      -77.53055162543475,
      39.03834634832307
     ],
     [
      -77.53055196552118,
      39.03834840191775
     ],
     [
      -77.53055233260099,
      39.03835045539007
     ],
     [
      -77.53055281149337,
      39.03835250835561
     ],
     [
      -77.53055340219832,
      39.03835456081434
     ],
     [
      -77.53055410471586,
      39.038356612766236
     ],
     [
      -77.53055491904598,
      39.03835866421135
     ],
     [
      -77.53055574920275,
      39.038360683004804
     ],
     [
      -77.53055659518617,
      39.03836266914663
     ],
     [
      -77.53055745699622,
      39.03836462263679
     ],
     [
      -77.5305583346329,
      39.03836654347531
     ],
     [
      -77.53055900889585,
      39.03836801661142
     ],
     [
      -77.53055947978504,
      39.03836904204511
     ],
     [
      -77.53055974730044,
      39.038369619776404
     ],
     [
      -77.53055981144203,
      39.038369749805284
     ],
     [
      -77.53056006061924,
      39.038370360199615
     ],
     [
      -77.53056049483206,
      39.03837145095935
     ],
     [
      -77.53056111408051,
      39.03837302208452
     ],
     [
      -77.53056191836461,
      39.0383750735751
     ],
     [
      -77.53056267101978,
      39.03837712529972
     ],
     [
      -77.53056337204603,
      39.038379177258335
     ],
     [
      -77.53056402144335,
      39.03838122945094
     ],
     [
      -77.53056461921173,
      39.038383281877586
     ],
     [
      -77.53056518088613,
      39.03838533446782
     ],
     [
      -77.53056570646653,
      39.03838738722166
     ],
     [
      -77.53056619595293,
      39.0383894401391
     ],
     [
      -77.53056664934532,
      39.03839149322013
     ],
     [
      -77.5305670821121,
      39.03839354639466
     ],
     [
      -77.53056749425325,
      39.03839559966267
     ],
     [
      -77.53056788576878,
      39.03839765302419
     ],
     [
      -77.53056825665867,
      39.038399706479176
     ],
     [
      -77.53056859663175,
      39.0384017600743
     ],
     [
      -77.530568905688,
      39.03840381380956
     ],
     [
      -77.53056918382744,
      39.03840586768495
     ],
     [
      -77.53056943105007,
      39.03840792170048
     ],
     [
      -77.53056966258197,
      39.0384097811177
     ],
     [
      -77.53056987842315,
      39.038411445936596
     ],
     [
      -77.53057007857362,
      39.038412916157164
     ],
     [
      -77.53057026303337,
      39.03841419177942
     ],
     [
      -77.53057043143758,
      39.03841534302929
     ],
     [
      -77.53057058378627,
      39.0384163699068
     ],
     [
      -77.53057072007944,
      39.03841727241192
     ],
     [
      -77.53057084031708,
      39.038418050544685
     ],
     [
      -77.53057100395455,
      39.03841914759531
     ],
     [
      -77.53057121099188,
      39.038420563563804
     ],
     [
      -77.53057146142906,
      39.03842229845016
     ],
     [
      -77.5305717552661,
      39.038424352254395
     ],
     [
      -77.530572040942,
      39.03842640609562
     ],
     [
      -77.53057231845678,
      39.03842845997384
     ],
     [
      -77.53057258781043,
      39.038430513889026
     ],
     [
      -77.53057284900292,
      39.03843256784123
     ],
     [
      -77.53057318444456,
      39.03843462145685
     ],
     [
      -77.53057359413532,
      39.03843667473595
     ],
     [
      -77.53057407807523,
      39.038438727678454
     ],
     [
      -77.53057463626426,
      39.03844078028443
     ],
     [
      -77.53057521589936,
      39.03844283279319
     ],
     [
      -77.53057581698049,
      39.03844488520473
     ],
     [
      -77.53057643950766,
      39.038446937519055
     ],
     [
      -77.53057708348088,
      39.03844898973617
     ],
     [
      -77.530577731762,
      39.038451041933754
     ],
     [
      -77.53057838435103,
      39.03845309411181
     ],
     [
      -77.53057904124799,
      39.038455146270316
     ],
     [
      -77.53057970245284,
      39.038457198409304
     ],
     [
      -77.53058024457096,
      39.038458938938106
     ],
     [
      -77.53058066760231,
      39.038460367856715
     ],
     [
      -77.53058097154688,
      39.038461485165136
     ],
     [
      -77.53058115640466,
      39.03846229086339
     ],
     [
      -77.53058136989642,
      39.03846320694777
     ],
     [
      -77.53058161202217,
      39.0384642334183
     ],
     [
      -77.53058188278192,
      39.038465370274984
     ],
     [
      -77.53058218217564,
      39.03846661751782
     ],
     [
      -77.53058246527435,
      39.03846806646856
     ],
     [
      -77.53058273207806,
      39.03846971712719
     ],
     [
      -77.53058298258678,
      39.03847156949373
     ],
     [
      -77.53058321680051,
      39.03847362356818
     ],
     [
      -77.53058343658755,
      39.038475677708014
     ],
     [
      -77.53058364194787,
      39.03847773191325
     ],
     [
      -77.53058383288148,
      39.03847978618386
     ],
     [
      -77.53058400938839,
      39.03848184051987
     ],
     [
      -77.53058425470795,
      39.03848389454398
     ],
     [
      -77.53058456884017,
      39.03848594825616
     ],
     [
      -77.53058495178506,
      39.03848800165641
     ],
     [
      -77.53058540354262,
      39.03849005474475
     ],
     [
      -77.53058587917857,
      39.03849210772484
     ],
     [
      -77.53058637869295,
      39.03849416059669
     ],
     [
      -77.53058690208574,
      39.038496213360325
     ],
     [
      -77.53058744935694,
      39.03849826601568
     ]
    ]
   },
   "properties": {
    "id": "ct-1",
    "kind": "Contour",
    "sourceId": "contours",
    "reliabilityLevel": 1,
    "revision": 1,
    "engineeringGeometry": {
     "crs": "EPSG:2248",
     "crsName": "NAD83 / Maryland State Plane (US survey feet)",
     "datum": "NAD83",
     "unit": "usSurveyFoot",
     "coordinates": [
      [
       1161645.387195086,
       499936.2202577154,
       364
      ],
      [
       1161645.1764076848,
       499936.81583315367,
       364
      ],
      [
       1161644.9326677239,
       499937.4878639766,
       364
      ],
      [
       1161644.6559752026,
       499938.23635018425,
       364
      ],
      [
       1161644.3956159865,
       499938.9848363919,
       364
      ],
      [
       1161644.1515900753,
       499939.73332259967,
       364
      ],
      [
       1161643.923897469,
       499940.48180880735,
       364
      ],
      [
       1161643.7125381674,
       499941.2302950149,
       364
      ],
      [
       1161643.5251306654,
       499941.9375106469,
       364
      ],
      [
       1161643.3616749626,
       499942.6034557031,
       364
      ],
      [
       1161643.2221710593,
       499943.22813018353,
       364
      ],
      [
       1161643.1066189555,
       499943.8115340882,
       364
      ],
      [
       1161643.0116352371,
       499944.2903575925,
       364
      ],
      [
       1161642.9372199043,
       499944.6646006963,
       364
      ],
      [
       1161642.8833729571,
       499944.9342633997,
       364
      ],
      [
       1161642.8500943955,
       499945.0993457027,
       364
      ],
      [
       1161642.7695072433,
       499945.41027898184,
       364
      ],
      [
       1161642.6416115004,
       499945.8670632371,
       364
      ],
      [
       1161642.4664071673,
       499946.46969846863,
       364
      ],
      [
       1161642.2438942434,
       499947.21818467637,
       364
      ],
      [
       1161642.0282427117,
       499947.96667088405,
       364
      ],
      [
       1161641.8194525721,
       499948.7151570917,
       364
      ],
      [
       1161641.6175238246,
       499949.46364329936,
       364
      ],
      [
       1161641.4224564692,
       499950.21212950704,
       364
      ],
      [
       1161641.2315581245,
       499950.9606157147,
       364
      ],
      [
       1161641.0448287907,
       499951.70910192234,
       364
      ],
      [
       1161640.8622684677,
       499952.45758813,
       364
      ],
      [
       1161640.6838771559,
       499953.2060743377,
       364
      ],
      [
       1161640.5240799142,
       499953.9545605454,
       364
      ],
      [
       1161640.3828767433,
       499954.70304675295,
       364
      ],
      [
       1161640.2602676428,
       499955.45153296064,
       364
      ],
      [
       1161640.1562526128,
       499956.2000191683,
       364
      ],
      [
       1161640.0744360841,
       499956.7930250078,
       364
      ],
      [
       1161640.014818057,
       499957.23055047914,
       364
      ],
      [
       1161639.9773985308,
       499957.5125955823,
       364
      ],
      [
       1161639.9621775062,
       499957.63916031725,
       364
      ],
      [
       1161639.9331777373,
       499957.8895642367,
       364
      ],
      [
       1161639.8903992241,
       499958.26380734047,
       364
      ],
      [
       1161639.833841967,
       499958.7618896288,
       364
      ],
      [
       1161639.763505966,
       499959.3838111015,
       364
      ],
      [
       1161639.6763407607,
       499960.0373737579,
       364
      ],
      [
       1161639.5723463506,
       499960.7225775981,
       364
      ],
      [
       1161639.4515227368,
       499961.43942262203,
       364
      ],
      [
       1161639.3138699185,
       499962.1879088297,
       364
      ],
      [
       1161639.1732081906,
       499962.9363950374,
       364
      ],
      [
       1161639.0295375527,
       499963.684881245,
       364
      ],
      [
       1161638.8828580054,
       499964.4333674527,
       364
      ],
      [
       1161638.7331695487,
       499965.18185366044,
       364
      ],
      [
       1161638.5854399279,
       499965.9303398681,
       364
      ],
      [
       1161638.4396691436,
       499966.67882607575,
       364
      ],
      [
       1161638.2958571957,
       499967.4273122834,
       364
      ],
      [
       1161638.154004084,
       499968.17579849105,
       364
      ],
      [
       1161638.0127484968,
       499968.9242846987,
       364
      ],
      [
       1161637.8720904342,
       499969.6727709065,
       364
      ],
      [
       1161637.7320298958,
       499970.4212571141,
       364
      ],
      [
       1161637.5925668823,
       499971.1697433217,
       364
      ],
      [
       1161637.4606767031,
       499971.9182295294,
       364
      ],
      [
       1161637.3363593593,
       499972.6667157371,
       364
      ],
      [
       1161637.21961485,
       499973.41520194476,
       364
      ],
      [
       1161637.1104431758,
       499974.16368815245,
       364
      ],
      [
       1161637.028484137,
       499974.72587820736,
       364
      ],
      [
       1161636.9737377341,
       499975.10177210945,
       364
      ],
      [
       1161636.946203967,
       499975.29136985884,
       364
      ],
      [
       1161636.9458828354,
       499975.2946714554,
       364
      ],
      [
       1161636.9281823696,
       499975.4834438056,
       364
      ],
      [
       1161636.893102569,
       499975.85768690944,
       364
      ],
      [
       1161636.8406434339,
       499976.41740076686,
       364
      ],
      [
       1161636.7708049645,
       499977.16258537804,
       364
      ],
      [
       1161636.713105875,
       499977.9085953883,
       364
      ],
      [
       1161636.667546166,
       499978.6554307976,
       364
      ],
      [
       1161636.6341258371,
       499979.40309160616,
       364
      ],
      [
       1161636.6128448881,
       499980.15157781384,
       364
      ],
      [
       1161636.5928762308,
       499980.9000640215,
       364
      ],
      [
       1161636.5742198648,
       499981.64855022915,
       364
      ],
      [
       1161636.5568757907,
       499982.3970364368,
       364
      ],
      [
       1161636.540844008,
       499983.1455226445,
       364
      ],
      [
       1161636.5115082352,
       499983.8940088522,
       364
      ],
      [
       1161636.4688684726,
       499984.64249505976,
       364
      ],
      [
       1161636.4129247195,
       499985.39098126744,
       364
      ],
      [
       1161636.3436769764,
       499986.1394674751,
       364
      ],
      [
       1161636.2667619013,
       499986.8879536828,
       364
      ],
      [
       1161636.1821794938,
       499987.6364398904,
       364
      ],
      [
       1161636.0899297546,
       499988.3849260981,
       364
      ],
      [
       1161635.9900126832,
       499989.1334123058,
       364
      ],
      [
       1161635.8583358189,
       499989.8818985135,
       364
      ],
      [
       1161635.6948991618,
       499990.63038472115,
       364
      ],
      [
       1161635.4997027116,
       499991.37887092883,
       364
      ],
      [
       1161635.2727464687,
       499992.1273571365,
       364
      ],
      [
       1161635.0412257991,
       499992.8639776537,
       364
      ],
      [
       1161634.805140703,
       499993.58873248025,
       364
      ],
      [
       1161634.5644911805,
       499994.30162161635,
       364
      ],
      [
       1161634.319277231,
       499995.002645062,
       364
      ],
      [
       1161634.1308809584,
       499995.5402783367,
       364
      ],
      [
       1161633.9993023616,
       499995.9145214405,
       364
      ],
      [
       1161633.9245414413,
       499996.12537437346,
       364
      ],
      [
       1161633.9065981973,
       499996.17283713556,
       364
      ],
      [
       1161633.8371151118,
       499996.3955557591,
       364
      ],
      [
       1161633.7160921851,
       499996.7935302439,
       364
      ],
      [
       1161633.5435294171,
       499997.36676059023,
       364
      ],
      [
       1161633.3194268078,
       499998.11524679785,
       364
      ],
      [
       1161633.1099891434,
       499998.8637330055,
       364
      ],
      [
       1161632.915216424,
       499999.6122192133,
       364
      ],
      [
       1161632.7351086496,
       500000.3607054209,
       364
      ],
      [
       1161632.56966582,
       500001.1091916285,
       364
      ],
      [
       1161632.4144753132,
       500001.8576778362,
       364
      ],
      [
       1161632.2695371285,
       500002.6061640438,
       364
      ],
      [
       1161632.1348512664,
       500003.3546502515,
       364
      ],
      [
       1161632.010417727,
       500004.10313645925,
       364
      ],
      [
       1161631.8918427965,
       500004.85162266693,
       364
      ],
      [
       1161631.7791264753,
       500005.60010887455,
       364
      ],
      [
       1161631.6722687632,
       500006.34859508224,
       364
      ],
      [
       1161631.5712696603,
       500007.0970812899,
       364
      ],
      [
       1161631.4790523238,
       500007.8455674976,
       364
      ],
      [
       1161631.395616754,
       500008.5940537053,
       364
      ],
      [
       1161631.3209629508,
       500009.34253991296,
       364
      ],
      [
       1161631.2550909142,
       500010.09102612064,
       364
      ],
      [
       1161631.193263675,
       500010.7686131845,
       364
      ],
      [
       1161631.1354812342,
       500011.37530110456,
       364
      ],
      [
       1161631.0817435908,
       500011.9110898808,
       364
      ],
      [
       1161631.032050745,
       500012.3759795132,
       364
      ],
      [
       1161630.9866549664,
       500012.7955458814,
       364
      ],
      [
       1161630.945556254,
       500013.1697889852,
       364
      ],
      [
       1161630.9087546084,
       500013.49870882474,
       364
      ],
      [
       1161630.8762500298,
       500013.7823053999,
       364
      ],
      [
       1161630.8320934502,
       500014.1821243833,
       364
      ],
      [
       1161630.77628487,
       500014.6981657747,
       364
      ],
      [
       1161630.7088242895,
       500015.33042957424,
       364
      ],
      [
       1161630.629711708,
       500016.0789157819,
       364
      ],
      [
       1161630.5529172579,
       500016.8274019896,
       364
      ],
      [
       1161630.478440938,
       500017.5758881972,
       364
      ],
      [
       1161630.4062827493,
       500018.3243744049,
       364
      ],
      [
       1161630.336442691,
       500019.0728606126,
       364
      ],
      [
       1161630.2455125696,
       500019.8213468203,
       364
      ],
      [
       1161630.1334923848,
       500020.56983302796,
       364
      ],
      [
       1161630.0003821368,
       500021.31831923564,
       364
      ],
      [
       1161629.8461818253,
       500022.0668054433,
       364
      ],
      [
       1161629.6858898907,
       500022.815291651,
       364
      ],
      [
       1161629.5195063327,
       500023.5637778586,
       364
      ],
      [
       1161629.3470311514,
       500024.3122640663,
       364
      ],
      [
       1161629.1684643473,
       500025.06075027405,
       364
      ],
      [
       1161628.9886739147,
       500025.8092364817,
       364
      ],
      [
       1161628.8076598537,
       500026.55772268935,
       364
      ],
      [
       1161628.6254221648,
       500027.30620889703,
       364
      ],
      [
       1161628.4419608475,
       500028.05469510466,
       364
      ],
      [
       1161628.2916647203,
       500028.68949543184,
       364
      ],
      [
       1161628.1745337837,
       500029.21060987853,
       364
      ],
      [
       1161628.090568037,
       500029.61803844466,
       364
      ],
      [
       1161628.0397674807,
       500029.91178113036,
       364
      ],
      [
       1161627.9810675425,
       500030.24577402516,
       364
      ],
      [
       1161627.9144682218,
       500030.62001712894,
       364
      ],
      [
       1161627.839969519,
       500031.0345104418,
       364
      ],
      [
       1161627.7575714346,
       500031.4892539638,
       364
      ],
      [
       1161627.680228682,
       500032.0174331572,
       364
      ],
      [
       1161627.607941262,
       500032.6190480221,
       364
      ],
      [
       1161627.540709174,
       500033.2940985583,
       364
      ],
      [
       1161627.4785324181,
       500034.04258476605,
       364
      ],
      [
       1161627.4204534919,
       500034.79107097373,
       364
      ],
      [
       1161627.3664723951,
       500035.53955718136,
       364
      ],
      [
       1161627.3165891278,
       500036.28804338904,
       364
      ],
      [
       1161627.2708036895,
       500037.0365295967,
       364
      ],
      [
       1161627.205472401,
       500037.7850158044,
       364
      ],
      [
       1161627.1205952622,
       500038.533502012,
       364
      ],
      [
       1161627.0161722726,
       500039.2819882197,
       364
      ],
      [
       1161626.892203433,
       500040.0304744274,
       364
      ],
      [
       1161626.7614520718,
       500040.77896063507,
       364
      ],
      [
       1161626.6239181892,
       500041.52744684275,
       364
      ],
      [
       1161626.4796017848,
       500042.27593305043,
       364
      ],
      [
       1161626.3285028592,
       500043.0244192581,
       364
      ]
     ]
    },
    "elevationFt": 364,
    "weight": "intermediate",
    "hidden": false
   }
  },
  {
   "type": "Feature",
   "geometry": {
    "type": "LineString",
    "coordinates": [
     [
      -77.53047795744926,
      39.038204877810145
     ],
     [
      -77.53047890849193,
      39.03820692863625
     ],
     [
      -77.530479855767,
      39.038208979479435
     ],
     [
      -77.53048079927447,
      39.03821103033969
     ],
     [
      -77.53048166529862,
      39.03821290654035
     ],
     [
      -77.53048245383943,
      39.03821460808145
     ],
     [
      -77.53048316489688,
      39.03821613496296
     ],
     [
      -77.53048379847097,
      39.03821748718491
     ],
     [
      -77.53048436190828,
      39.038218675962106
     ],
     [
      -77.53048485520881,
      39.03821970129457
     ],
     [
      -77.53048527837257,
      39.03822056318228
     ],
     [
      -77.53048563139954,
      39.038221261625246
     ],
     [
      -77.5304860495867,
      39.038222298546216
     ],
     [
      -77.53048653293406,
      39.03822367394521
     ],
     [
      -77.53048708144163,
      39.03822538782222
     ],
     [
      -77.53048769510944,
      39.03822744017725
     ],
     [
      -77.53048823147617,
      39.038229492882614
     ],
     [
      -77.53048869054184,
      39.038231545938295
     ],
     [
      -77.53048907230642,
      39.038233599344316
     ],
     [
      -77.53048937676992,
      39.03823565310066
     ],
     [
      -77.53048975059605,
      39.03823770654266
     ],
     [
      -77.53049019378481,
      39.03823975967029
     ],
     [
      -77.5304907063362,
      39.038241812483555
     ],
     [
      -77.53049128825025,
      39.03824386498247
     ],
     [
      -77.53049189712033,
      39.03824591735921
     ],
     [
      -77.53049253294644,
      39.038247969613806
     ],
     [
      -77.53049319572858,
      39.03825002174619
     ],
     [
      -77.53049388546677,
      39.03825207375641
     ],
     [
      -77.53049444357141,
      39.0382537619829
     ],
     [
      -77.53049487004249,
      39.038255086425664
     ],
     [
      -77.53049516488001,
      39.03825604708466
     ],
     [
      -77.53049532808393,
      39.03825664395993
     ],
     [
      -77.5304955542096,
      39.03825745552659
     ],
     [
      -77.53049584325697,
      39.03825848178471
     ],
     [
      -77.53049619522609,
      39.038259722734225
     ],
     [
      -77.53049661011694,
      39.03826117837514
     ],
     [
      -77.53049711925381,
      39.03826278299266
     ],
     [
      -77.53049772263674,
      39.03826453658677
     ],
     [
      -77.53049842026569,
      39.03826643915749
     ],
     [
      -77.53049921214073,
      39.03826849070478
     ],
     [
      -77.53049996388329,
      39.038270542433956
     ],
     [
      -77.5305006754934,
      39.038272594345
     ],
     [
      -77.53050134697105,
      39.03827464643795
     ],
     [
      -77.53050197831624,
      39.038276698712764
     ],
     [
      -77.53050257415478,
      39.038278751148496
     ],
     [
      -77.53050313448665,
      39.038280803745145
     ],
     [
      -77.53050365931189,
      39.03828285650273
     ],
     [
      -77.53050414863046,
      39.03828490942123
     ],
     [
      -77.53050461045842,
      39.03828696246432
     ],
     [
      -77.53050504479577,
      39.03828901563198
     ],
     [
      -77.5305054516425,
      39.038291068924245
     ],
     [
      -77.53050583099862,
      39.03829312234111
     ],
     [
      -77.53050611562703,
      39.03829466315732
     ],
     [
      -77.53050630552772,
      39.03829569137289
     ],
     [
      -77.5305064007007,
      39.03829620698782
     ],
     [
      -77.53050640114594,
      39.03829621000212
     ],
     [
      -77.53050648159727,
      39.03829672492971
     ],
     [
      -77.5305066420547,
      39.03829775177056
     ],
     [
      -77.53050688251824,
      39.0382992905247
     ],
     [
      -77.53050720298789,
      39.03830134119211
     ],
     [
      -77.53050752491863,
      39.038303392606984
     ],
     [
      -77.53050784831046,
      39.03830544476932
     ],
     [
      -77.5305081731634,
      39.038307497679085
     ],
     [
      -77.53050849947743,
      39.03830955133634
     ],
     [
      -77.53050880983331,
      39.03831160506589
     ],
     [
      -77.530509104231,
      39.038313658867786
     ],
     [
      -77.53050938267054,
      39.03831571274199
     ],
     [
      -77.53050964515194,
      39.03831776668853
     ],
     [
      -77.53050992917547,
      39.03831982053742
     ],
     [
      -77.53051023474114,
      39.03832187428869
     ],
     [
      -77.530510561849,
      39.03832392794231
     ],
     [
      -77.530510910499,
      39.0383259814983
     ],
     [
      -77.53051135950896,
      39.03832803459943
     ],
     [
      -77.53051190887889,
      39.038330087245726
     ],
     [
      -77.53051255860878,
      39.03833213943714
     ],
     [
      -77.53051330869864,
      39.038334191173696
     ],
     [
      -77.53051404150096,
      39.03833624298859
     ],
     [
      -77.53051475701575,
      39.03833829488183
     ],
     [
      -77.53051545524299,
      39.038340346853445
     ],
     [
      -77.5305161361827,
      39.03834239890338
     ],
     [
      -77.53051665669479,
      39.03834397875694
     ],
     [
      -77.5305170167793,
      39.0383450864141
     ],
     [
      -77.53051721643618,
      39.038345721874876
     ],
     [
      -77.53051725566543,
      39.03834588513929
     ],
     [
      -77.53051739970822,
      39.038346479991596
     ],
     [
      -77.53051764856454,
      39.03834750643177
     ],
     [
      -77.53051800223444,
      39.03834896445984
     ],
     [
      -77.53051846071789,
      39.038350854075794
     ],
     [
      -77.53051892209496,
      39.038352784539185
     ],
     [
      -77.53051938636561,
      39.03835475585002
     ],
     [
      -77.53051985352991,
      39.03835676800827
     ],
     [
      -77.53052032358781,
      39.03835882101397
     ],
     [
      -77.53052078829377,
      39.03836087404392
     ],
     [
      -77.53052124764781,
      39.03836292709812
     ],
     [
      -77.53052170164992,
      39.03836498017657
     ],
     [
      -77.53052215030009,
      39.038367033279286
     ],
     [
      -77.53052256069294,
      39.03836908655539
     ],
     [
      -77.53052293282846,
      39.03837114000488
     ],
     [
      -77.53052326670664,
      39.03837319362777
     ],
     [
      -77.53052356232747,
      39.038375247424035
     ],
     [
      -77.53052382381092,
      39.03837730137506
     ],
     [
      -77.53052405115695,
      39.038379355480764
     ],
     [
      -77.53052424436555,
      39.03838140974122
     ],
     [
      -77.53052440343673,
      39.038383464156375
     ],
     [
      -77.53052456635302,
      39.038385518554115
     ],
     [
      -77.53052473311443,
      39.03838757293443
     ],
     [
      -77.53052490372092,
      39.03838962729731
     ],
     [
      -77.53052507817254,
      39.03839168164276
     ],
     [
      -77.5305252746149,
      39.03839373588855
     ],
     [
      -77.53052549304803,
      39.03839579003464
     ],
     [
      -77.53052573347195,
      39.03839784408108
     ],
     [
      -77.5305259958866,
      39.03839989802785
     ],
     [
      -77.5305263107505,
      39.0384019517369
     ],
     [
      -77.53052667806362,
      39.03840400520822
     ],
     [
      -77.53052709782598,
      39.03840605844183
     ],
     [
      -77.53052757003759,
      39.038408111437725
     ],
     [
      -77.53052792833554,
      39.03840968892885
     ],
     [
      -77.53052817271981,
      39.038410790915265
     ],
     [
      -77.5305283031904,
      39.03841141739691
     ],
     [
      -77.53052831974729,
      39.03841156837383
     ],
     [
      -77.53052838151999,
      39.03841215740388
     ],
     [
      -77.5305284885085,
      39.03841318448701
     ],
     [
      -77.53052864071279,
      39.03841464962327
     ],
     [
      -77.53052883813291,
      39.03841655281265
     ],
     [
      -77.53052906177716,
      39.03841849364615
     ],
     [
      -77.53052931164554,
      39.038420472123775
     ],
     [
      -77.53052958773804,
      39.038422488245544
     ],
     [
      -77.53052989005471,
      39.038424542011434
     ],
     [
      -77.53053020105028,
      39.038426595737995
     ],
     [
      -77.5305305207248,
      39.038428649425214
     ],
     [
      -77.53053084907823,
      39.0384307030731
     ],
     [
      -77.53053118611061,
      39.038432756681644
     ],
     [
      -77.53053157437958,
      39.038434810057964
     ],
     [
      -77.53053201388515,
      39.038436863202044
     ],
     [
      -77.53053250462733,
      39.0384389161139
     ],
     [
      -77.53053304660612,
      39.03844096879355
     ],
     [
      -77.53053356855264,
      39.038443021563964
     ],
     [
      -77.53053407046689,
      39.03844507442519
     ],
     [
      -77.53053455234884,
      39.038447127377175
     ],
     [
      -77.53053501419852,
      39.03844918042
     ],
     [
      -77.5305354621007,
      39.03845123352602
     ],
     [
      -77.53053589605541,
      39.03845328669524
     ],
     [
      -77.53053631606262,
      39.03845533992768
     ],
     [
      -77.53053672212235,
      39.038457393223325
     ],
     [
      -77.53053708000047,
      39.03845944673737
     ],
     [
      -77.53053738969699,
      39.03846150046978
     ],
     [
      -77.5305376512119,
      39.038463554420574
     ],
     [
      -77.53053786454521,
      39.03846560858975
     ],
     [
      -77.53053806336666,
      39.038467662824694
     ],
     [
      -77.53053824767628,
      39.038469717125416
     ],
     [
      -77.53053841747403,
      39.03847177149189
     ],
     [
      -77.53053857275997,
      39.038473825924164
     ],
     [
      -77.53053872614312,
      39.038475583348486
     ],
     [
      -77.5305388776235,
      39.03847704376489
     ],
     [
      -77.53053902720112,
      39.03847820717335
     ],
     [
      -77.53053917487595,
      39.03847907357386
     ],
     [
      -77.53053933987563,
      39.03848002014495
     ],
     [
      -77.53053952220013,
      39.038481046886616
     ],
     [
      -77.53053972184945,
      39.03848215379887
     ],
     [
      -77.5305399388236,
      39.03848334088166
     ],
     [
      -77.53054020861144,
      39.03848474449256
     ],
     [
      -77.530540531213,
      39.03848636463153
     ],
     [
      -77.53054090662827,
      39.038488201298584
     ],
     [
      -77.53054133485728,
      39.03849025449372
     ],
     [
      -77.53054176769898,
      39.03849230766796
     ],
     [
      -77.53054220515341,
      39.038494360821296
     ],
     [
      -77.53054264722059,
      39.03849641395371
     ],
     [
      -77.53054309390048,
      39.03849846706522
     ],
     [
      -77.53054355810372,
      39.038500520097294
     ],
     [
      -77.53054403983033,
      39.03850257304994
     ],
     [
      -77.53054453908031,
      39.03850462592317
     ],
     [
      -77.53054505585364,
      39.03850667871696
     ],
     [
      -77.53054561879628,
      39.0385087313015
     ],
     [
      -77.53054622790823,
      39.03851078367675
     ],
     [
      -77.53054688318947,
      39.038512835842745
     ],
     [
      -77.53054758464005,
      39.038514887799465
     ],
     [
      -77.5305482118452,
      39.03851674034528
     ],
     [
      -77.5305487648049,
      39.03851839348015
     ],
     [
      -77.53054924351919,
      39.03851984720414
     ],
     [
      -77.530549647988,
      39.0385211015172
     ],
     [
      -77.5305500225324,
      39.03852224167674
     ],
     [
      -77.53055036715236,
      39.03852326768276
     ],
     [
      -77.53055068184788,
      39.03852417953527
     ],
     [
      -77.53055096661897,
      39.03852497723426
     ],
     [
      -77.53055130864779,
      39.03852608871031
     ],
     [
      -77.53055170793432,
      39.03852751396344
     ],
     [
      -77.5305521644786,
      39.038529252993605
     ],
     [
      -77.53055267828061,
      39.03853130580081
     ],
     [
      -77.53055314196035,
      39.03853335883522
     ],
     [
      -77.53055355551778,
      39.0385354120968
     ],
     [
      -77.5305539189529,
      39.03853746558556
     ],
     [
      -77.5305542322657,
      39.038539519301494
     ],
     [
      -77.53055458678028,
      39.03854157283069
     ],
     [
      -77.53055498249662,
      39.03854362617314
     ],
     [
      -77.53055541941475,
      39.03854567932882
     ],
     [
      -77.53055589753465,
      39.03854773229776
     ],
     [
      -77.53055642232748,
      39.03854978505514
     ],
     [
      -77.53055699379325,
      39.03855183760096
     ],
     [
      -77.53055761193198,
      39.038553889935244
     ],
     [
      -77.53055827674366,
      39.03855594205795
     ],
     [
      -77.53055889093466,
      39.038557978064006
     ],
     [
      -77.530559454505,
      39.03855999795341
     ],
     [
      -77.53055996745468,
      39.03856200172616
     ],
     [
      -77.53056042978368,
      39.03856398938225
     ],
     [
      -77.53056077987684,
      39.03856549645524
     ],
     [
      -77.53056101773412,
      39.03856652294515
     ],
     [
      -77.53056114335554,
      39.03856706885196
     ],
     [
      -77.5305611567411,
      39.03856713417567
     ],
     [
      -77.53056116418198,
      39.0385672672209
     ],
     [
      -77.53056116567817,
      39.03856746798761
     ],
     [
      -77.53056116122968,
      39.03856773647585
     ],
     [
      -77.53056115083652,
      39.03856807268558
     ],
     [
      -77.53056112747764,
      39.03856875465678
     ],
     [
      -77.53056109115305,
      39.038569782389466
     ],
     [
      -77.53056104186274,
      39.0385711558836
     ],
     [
      -77.53056097960672,
      39.038572875139224
     ],
     [
      -77.53056082453914,
      39.03857467885616
     ],
     [
      -77.53056057665995,
      39.03857656703445
     ],
     [
      -77.53056023596919,
      39.03857853967406
     ],
     [
      -77.53055980246683,
      39.03858059677503
     ],
     [
      -77.5305594099639,
      39.038582653690135
     ],
     [
      -77.53055905846041,
      39.03858471041942
     ],
     [
      -77.53055874795635,
      39.03858676696288
     ],
     [
      -77.53055847845174,
      39.03858882332049
     ],
     [
      -77.53055833494811,
      39.03859087910696
     ],
     [
      -77.53055831744551,
      39.03859293432233
     ],
     [
      -77.53055842594392,
      39.03859498896659
     ],
     [
      -77.53055866044336,
      39.03859704303974
     ],
     [
      -77.5305589382028,
      39.0385990969168
     ],
     [
      -77.53055925922222,
      39.03860115059777
     ],
     [
      -77.53055962350162,
      39.03860320408265
     ],
     [
      -77.530560031041,
      39.03860525737147
     ],
     [
      -77.53056036497121,
      39.03860731099391
     ],
     [
      -77.5305606252922,
      39.03860936495001
     ],
     [
      -77.53056081200398,
      39.03861141923974
     ],
     [
      -77.53056092510654,
      39.03861347386311
     ],
     [
      -77.53056103588816,
      39.038615159337574
     ],
     [
      -77.53056114434878,
      39.038616475663126
     ],
     [
      -77.53056125048843,
      39.03861742283977
     ],
     [
      -77.53056135430711,
      39.03861800086751
     ],
     [
      -77.53056150566823,
      39.0386188032146
     ],
     [
      -77.53056170457174,
      39.03861982988106
     ],
     [
      -77.53056195101769,
      39.03862108086687
     ],
     [
      -77.53056224500605,
      39.03862255617206
     ],
     [
      -77.53056256879475,
      39.038624175966724
     ],
     [
      -77.53056292238374,
      39.038625940250895
     ],
     [
      -77.53056330577307,
      39.038627849024586
     ],
     [
      -77.53056371896272,
      39.03862990228775
     ],
     [
      -77.53056409021279,
      39.03863195574101
     ],
     [
      -77.5305644195233,
      39.03863400938438
     ],
     [
      -77.53056470689422,
      39.038636063217844
     ],
     [
      -77.53056495232555,
      39.03863811724141
     ],
     [
      -77.5305651381172,
      39.03864017153529
     ],
     [
      -77.53056526426916,
      39.038642226099505
     ],
     [
      -77.53056533078143,
      39.03864428093405
     ],
     [
      -77.53056533765398,
      39.038646336038916
     ],
     [
      -77.53056528950873,
      39.03864839139315
     ],
     [
      -77.53056518634564,
      39.03865044699677
     ],
     [
      -77.53056502816474,
      39.03865250284978
     ],
     [
      -77.53056481496603,
      39.03865455895215
     ],
     [
      -77.53056458143242,
      39.03865661514669
     ],
     [
      -77.53056432756394,
      39.03865867143341
     ],
     [
      -77.53056405336056,
      39.03866072781229
     ],
     [
      -77.53056375882231,
      39.03866278428335
     ],
     [
      -77.53056349400985,
      39.03866484061966
     ],
     [
      -77.53056325892324,
      39.03866689682123
     ],
     [
      -77.5305630535624,
      39.03866895288807
     ],
     [
      -77.5305628779274,
      39.038671008820174
     ],
     [
      -77.53056274021246,
      39.03867306458039
     ],
     [
      -77.53056264041759,
      39.038675120168726
     ],
     [
      -77.53056257854277,
      39.038677175585185
     ],
     [
      -77.53056255458803,
      39.03867923082978
     ],
     [
      -77.53056255639291,
      39.0386812859576
     ],
     [
      -77.53056258395739,
      39.038683340968646
     ],
     [
      -77.5305626372815,
      39.03868539586295
     ],
     [
      -77.53056271636522,
      39.03868745064049
     ],
     [
      -77.53056281826728,
      39.0386895053146
     ],
     [
      -77.53056294298773,
      39.03869155988529
     ],
     [
      -77.53056309052651,
      39.03869361435252
     ],
     [
      -77.53056326088367,
      39.03869566871636
     ],
     [
      -77.53056345765593,
      39.03869772296045
     ],
     [
      -77.5305636808433,
      39.03869977708481
     ],
     [
      -77.5305639304458,
      39.03870183108944
     ],
     [
      -77.53056420646342,
      39.03870388497432
     ],
     [
      -77.53056444080572,
      39.03870593904812
     ],
     [
      -77.53056463347268,
      39.038707993310815
     ],
     [
      -77.53056478446432,
      39.03871004776241
     ],
     [
      -77.53056489378062,
      39.03871210240288
     ],
     [
      -77.5305649846231,
      39.03871415712713
     ],
     [
      -77.53056505699175,
      39.038716211935096
     ],
     [
      -77.53056511088654,
      39.038718266826784
     ],
     [
      -77.53056514630754,
      39.03872032180222
     ],
     [
      -77.53056516003622,
      39.038722376875974
     ],
     [
      -77.53056515207258,
      39.03872443204805
     ],
     [
      -77.53056512241665,
      39.03872648731845
     ],
     [
      -77.5305650710684,
      39.03872854268718
     ],
     [
      -77.53056501919673,
      39.03873059805828
     ],
     [
      -77.53056496680165,
      39.03873265343173
     ],
     [
      -77.53056491388314,
      39.03873470880759
     ],
     [
      -77.53056486044123,
      39.038736764185785
     ],
     [
      -77.53056477085849,
      39.03873881972782
     ],
     [
      -77.53056464513489,
      39.03874087543365
     ],
     [
      -77.53056448327044,
      39.038742931303304
     ],
     [
      -77.53056428526514,
      39.03874498733678
     ],
     [
      -77.5305640448379,
      39.03874690314863
     ],
     [
      -77.53056376198867,
      39.03874867873885
     ],
     [
      -77.53056343671751,
      39.038750314107475
     ],
     [
      -77.53056306902437,
      39.038751809254485
     ],
     [
      -77.53056275599558,
      39.03875307119752
     ],
     [
      -77.53056249763115,
      39.038754099936575
     ],
     [
      -77.53056229393111,
      39.038754895471655
     ],
     [
      -77.53056214489541,
      39.03875545780278
     ],
     [
      -77.53056190538814,
      39.038756393914056
     ],
     [
      -77.53056157540924,
      39.0387577038055
     ],
     [
      -77.53056115495873,
      39.038759387477135
     ],
     [
      -77.53056064403657,
      39.03876144492893
     ],
     [
      -77.53056018577404,
      39.038763502142025
     ],
     [
      -77.53055978017112,
      39.03876555911642
     ],
     [
      -77.53055942722781,
      39.03876761585215
     ],
     [
      -77.53055912694413,
      39.038769672349176
     ],
     [
      -77.53055883194497,
      39.03877172882227
     ],
     [
      -77.53055854223035,
      39.03877378527139
     ],
     [
      -77.53055825780027,
      39.03877584169655
     ],
     [
      -77.5305579786547,
      39.03877789809777
     ],
     [
      -77.53055769806242,
      39.03877995450554
     ],
     [
      -77.53055741602344,
      39.03878201091987
     ],
     [
      -77.53055713253777,
      39.03878406734074
     ],
     [
      -77.53055684760538,
      39.03878612376819
     ],
     [
      -77.53055657080846,
      39.03878818015874
     ],
     [
      -77.53055630214698,
      39.038790236512426
     ],
     [
      -77.53055604162097,
      39.03879229282924
     ],
     [
      -77.5305557892304,
      39.03879434910917
     ],
     [
      -77.53055555534667,
      39.0387964053052
     ],
     [
      -77.5305553399698,
      39.03879846141737
     ],
     [
      -77.53055514309972,
      39.03880051744565
     ],
     [
      -77.53055496473651,
      39.038802573390036
     ],
     [
      -77.5305547646394,
      39.03880462943294
     ],
     [
      -77.5305545428084,
      39.03880668557435
     ],
     [
      -77.53055429924349,
      39.03880874181427
     ],
     [
      -77.5305540339447,
      39.03881079815269
     ],
     [
      -77.5305537629087,
      39.03881284738175
     ],
     [
      -77.53055348613549,
      39.03881488950144
     ],
     [
      -77.53055320362509,
      39.03881692451176
     ],
     [
      -77.53055291537748,
      39.03881895241268
     ],
     [
      -77.53055269808333,
      39.03882048047878
     ],
     [
      -77.53055255174263,
      39.03882150871005
     ],
     [
      -77.5305524763554,
      39.038822037106485
     ],
     [
      -77.53055247192162,
      39.03882206566808
     ],
     [
      -77.53055235093709,
      39.03882260140656
     ],
     [
      -77.53055211340178,
      39.03882364432191
     ],
     [
      -77.53055175931568,
      39.03882519441415
     ],
     [
      -77.53055128867878,
      39.03882725168327
     ]
    ]
   },
   "properties": {
    "id": "ct-2",
    "kind": "Contour",
    "sourceId": "contours",
    "reliabilityLevel": 1,
    "revision": 1,
    "engineeringGeometry": {
     "crs": "EPSG:2248",
     "crsName": "NAD83 / Maryland State Plane (US survey feet)",
     "datum": "NAD83",
     "unit": "usSurveyFoot",
     "coordinates": [
      [
       1161656.8070874966,
       499935.9908915613,
       366
      ],
      [
       1161656.5412975473,
       499936.73937776894,
       366
      ],
      [
       1161656.276577782,
       499937.4878639766,
       366
      ],
      [
       1161656.0129282002,
       499938.23635018425,
       366
      ],
      [
       1161655.7709170324,
       499938.92109700985,
       366
      ],
      [
       1161655.5505442785,
       499939.54210445343,
       366
      ],
      [
       1161655.3518099382,
       499940.0993725149,
       366
      ],
      [
       1161655.1747140118,
       499940.59290119435,
       366
      ],
      [
       1161655.0171935346,
       499941.026787086,
       366
      ],
      [
       1161654.8792485066,
       499941.40103018977,
       366
      ],
      [
       1161654.7608789278,
       499941.7156305058,
       366
      ],
      [
       1161654.6620847979,
       499941.97058803414,
       366
      ],
      [
       1161654.5454992033,
       499942.3489277322,
       366
      ],
      [
       1161654.4111221442,
       499942.8506496002,
       366
      ],
      [
       1161654.25895362,
       499943.475753638,
       366
      ],
      [
       1161654.0889936308,
       499944.22423984564,
       366
      ],
      [
       1161653.9409906701,
       499944.9727260533,
       366
      ],
      [
       1161653.8149447378,
       499945.72121226095,
       366
      ],
      [
       1161653.7108558335,
       499946.46969846863,
       366
      ],
      [
       1161653.6287239576,
       499947.21818467637,
       366
      ],
      [
       1161653.5268899482,
       499947.96667088405,
       366
      ],
      [
       1161653.4053538053,
       499948.7151570917,
       366
      ],
      [
       1161653.2641155291,
       499949.46364329936,
       366
      ],
      [
       1161653.1031751195,
       499950.21212950704,
       366
      ],
      [
       1161652.934577982,
       499950.9606157147,
       366
      ],
      [
       1161652.758324117,
       499951.70910192234,
       366
      ],
      [
       1161652.574413524,
       499952.45758813,
       366
      ],
      [
       1161652.3828462032,
       499953.2060743377,
       366
      ],
      [
       1161652.2278975921,
       499953.8218522399,
       366
      ],
      [
       1161652.1095676906,
       499954.3049218367,
       366
      ],
      [
       1161652.0278564983,
       499954.65528312814,
       366
      ],
      [
       1161651.9827640157,
       499954.8729361141,
       366
      ],
      [
       1161651.9202539027,
       499955.16888415895,
       366
      ],
      [
       1161651.8403261593,
       499955.54312726285,
       366
      ],
      [
       1161651.742980786,
       499955.9956654256,
       366
      ],
      [
       1161651.6282177826,
       499956.52649864723,
       366
      ],
      [
       1161651.4870008489,
       499957.1117451154,
       366
      ],
      [
       1161651.3193299852,
       499957.7514048302,
       366
      ],
      [
       1161651.1252051916,
       499958.44547779136,
       366
      ],
      [
       1161650.9046264677,
       499959.19396399905,
       366
      ],
      [
       1161650.6954471925,
       499959.9424502067,
       366
      ],
      [
       1161650.4976673662,
       499960.69093641435,
       366
      ],
      [
       1161650.311286988,
       499961.43942262203,
       366
      ],
      [
       1161650.1363060581,
       499962.1879088297,
       366
      ],
      [
       1161649.9714106352,
       499962.9363950374,
       366
      ],
      [
       1161649.8166007183,
       499963.684881245,
       366
      ],
      [
       1161649.6718763083,
       499964.4333674527,
       366
      ],
      [
       1161649.5372374046,
       499965.18185366044,
       366
      ],
      [
       1161649.4104070864,
       499965.9303398681,
       366
      ],
      [
       1161649.2913853533,
       499966.67882607575,
       366
      ],
      [
       1161649.180172206,
       499967.4273122834,
       366
      ],
      [
       1161649.076767644,
       499968.17579849105,
       366
      ],
      [
       1161648.9991842012,
       499968.73743778444,
       366
      ],
      [
       1161648.9474218776,
       499969.11223016365,
       366
      ],
      [
       1161648.9214806734,
       499969.3001756285,
       366
      ],
      [
       1161648.9213605884,
       499969.3012741791,
       366
      ],
      [
       1161648.8995993985,
       499969.4889450063,
       366
      ],
      [
       1161648.8561971039,
       499969.8631881102,
       366
      ],
      [
       1161648.7911537047,
       499970.4240034906,
       366
      ],
      [
       1161648.7044692005,
       499971.17139114765,
       366
      ],
      [
       1161648.6173712807,
       499971.91905344237,
       366
      ],
      [
       1161648.5298599456,
       499972.66699037474,
       366
      ],
      [
       1161648.4419351947,
       499973.41520194476,
       366
      ],
      [
       1161648.3535970277,
       499974.16368815245,
       366
      ],
      [
       1161648.2697917046,
       499974.9121743601,
       366
      ],
      [
       1161648.1905192253,
       499975.66066056775,
       366
      ],
      [
       1161648.115779589,
       499976.40914677543,
       366
      ],
      [
       1161648.0455727964,
       499977.1576329832,
       366
      ],
      [
       1161647.9692470636,
       499977.90611919085,
       366
      ],
      [
       1161647.8868023916,
       499978.6546053985,
       366
      ],
      [
       1161647.7982387794,
       499979.40309160616,
       366
      ],
      [
       1161647.7035562277,
       499980.15157781384,
       366
      ],
      [
       1161647.5803669307,
       499980.9000640215,
       366
      ],
      [
       1161647.428670888,
       499981.64855022915,
       366
      ],
      [
       1161647.2484681003,
       499982.3970364368,
       366
      ],
      [
       1161647.0397585675,
       499983.1455226445,
       366
      ],
      [
       1161646.8359594871,
       499983.8940088522,
       366
      ],
      [
       1161646.6370708593,
       499984.64249505976,
       366
      ],
      [
       1161646.4430926845,
       499985.39098126744,
       366
      ],
      [
       1161646.2540249627,
       499986.1394674751,
       366
      ],
      [
       1161646.1095249366,
       499986.71571365546,
       366
      ],
      [
       1161646.009592607,
       499987.11971980834,
       366
      ],
      [
       1161645.9542279735,
       499987.35148593393,
       366
      ],
      [
       1161645.943431036,
       499987.4110120322,
       366
      ],
      [
       1161645.9037768254,
       499987.62789663323,
       366
      ],
      [
       1161645.8352653407,
       499988.0021397371,
       366
      ],
      [
       1161645.7378965828,
       499988.5337413437,
       366
      ],
      [
       1161645.611670551,
       499989.22270145314,
       366
      ],
      [
       1161645.4847090947,
       499989.9265430871,
       366
      ],
      [
       1161645.357012214,
       499990.6452662457,
       366
      ],
      [
       1161645.2285799088,
       499991.37887092883,
       366
      ],
      [
       1161645.0994121793,
       499992.1273571365,
       366
      ],
      [
       1161644.9717646462,
       499992.8758433442,
       366
      ],
      [
       1161644.8456373096,
       499993.6243295518,
       366
      ],
      [
       1161644.7210301694,
       499994.3728157595,
       366
      ],
      [
       1161644.5979432256,
       499995.12130196724,
       366
      ],
      [
       1161644.4857230892,
       499995.8697881749,
       366
      ],
      [
       1161644.38436976,
       499996.61827438255,
       366
      ],
      [
       1161644.293883238,
       499997.36676059023,
       366
      ],
      [
       1161644.2142635232,
       499998.11524679785,
       366
      ],
      [
       1161644.1443403699,
       499998.8637330055,
       366
      ],
      [
       1161644.0841137778,
       499999.6122192133,
       366
      ],
      [
       1161644.0335837475,
       500000.3607054209,
       366
      ],
      [
       1161643.9927502784,
       500001.1091916285,
       366
      ],
      [
       1161643.9508246302,
       500001.8576778362,
       366
      ],
      [
       1161643.9078068025,
       500002.6061640438,
       366
      ],
      [
       1161643.8636967957,
       500003.3546502515,
       366
      ],
      [
       1161643.8184946096,
       500004.10313645925,
       366
      ],
      [
       1161643.7670460637,
       500004.85162266693,
       366
      ],
      [
       1161643.7093511587,
       500005.60010887455,
       366
      ],
      [
       1161643.6454098937,
       500006.34859508224,
       366
      ],
      [
       1161643.5752222692,
       500007.0970812899,
       366
      ],
      [
       1161643.4901367195,
       500007.8455674976,
       366
      ],
      [
       1161643.3901532446,
       500008.5940537053,
       366
      ],
      [
       1161643.2752718441,
       500009.34253991296,
       366
      ],
      [
       1161643.1454925186,
       500010.09102612064,
       366
      ],
      [
       1161643.0470622287,
       500010.6661441614,
       366
      ],
      [
       1161642.9799809745,
       500011.06789403537,
       366
      ],
      [
       1161642.9442487562,
       500011.2962757424,
       366
      ],
      [
       1161642.9398655735,
       500011.3512892825,
       366
      ],
      [
       1161642.9235667014,
       500011.5659176045,
       366
      ],
      [
       1161642.8953521396,
       500011.9401607084,
       366
      ],
      [
       1161642.8552218885,
       500012.474018594,
       366
      ],
      [
       1161642.8031759476,
       500013.16749126156,
       366
      ],
      [
       1161642.7437611138,
       500013.87471731415,
       366
      ],
      [
       1161642.6769773862,
       500014.5956967516,
       366
      ],
      [
       1161642.6028247657,
       500015.33042957424,
       366
      ],
      [
       1161642.5213032514,
       500016.0789157819,
       366
      ],
      [
       1161642.437316539,
       500016.8274019896,
       366
      ],
      [
       1161642.350864628,
       500017.5758881972,
       366
      ],
      [
       1161642.2619475187,
       500018.3243744049,
       366
      ],
      [
       1161642.1705652103,
       500019.0728606126,
       366
      ],
      [
       1161642.0646294253,
       500019.8213468203,
       366
      ],
      [
       1161641.9441401628,
       500020.56983302796,
       366
      ],
      [
       1161641.8090974235,
       500021.31831923564,
       366
      ],
      [
       1161641.6595012068,
       500022.0668054433,
       366
      ],
      [
       1161641.5155950598,
       500022.815291651,
       366
      ],
      [
       1161641.377378982,
       500023.5637778586,
       366
      ],
      [
       1161641.244852974,
       500024.3122640663,
       366
      ],
      [
       1161641.118017035,
       500025.06075027405,
       366
      ],
      [
       1161640.9951428124,
       500025.8092364817,
       366
      ],
      [
       1161640.876230305,
       500026.55772268935,
       366
      ],
      [
       1161640.7612795138,
       500027.30620889703,
       366
      ],
      [
       1161640.6502904382,
       500028.05469510466,
       366
      ],
      [
       1161640.5529870908,
       500028.8031813123,
       366
      ],
      [
       1161640.4693694715,
       500029.5516675201,
       366
      ],
      [
       1161640.3994375805,
       500030.3001537277,
       366
      ],
      [
       1161640.3431914176,
       500031.0486399353,
       366
      ],
      [
       1161640.2910672678,
       500031.797126143,
       366
      ],
      [
       1161640.243065131,
       500032.54561235063,
       366
      ],
      [
       1161640.1991850073,
       500033.2940985583,
       366
      ],
      [
       1161640.1594268966,
       500034.04258476605,
       366
      ],
      [
       1161640.1195805785,
       500034.68289672746,
       366
      ],
      [
       1161640.079646053,
       500035.21503444266,
       366
      ],
      [
       1161640.03962332,
       500035.6389979116,
       366
      ],
      [
       1161639.9995123795,
       500035.9547871343,
       366
      ],
      [
       1161639.954650279,
       500036.2998032976,
       366
      ],
      [
       1161639.905037018,
       500036.6740464014,
       366
      ],
      [
       1161639.8506725966,
       500037.07751644583,
       366
      ],
      [
       1161639.7915570154,
       500037.5102134308,
       366
      ],
      [
       1161639.7178988191,
       500038.02185772144,
       366
      ],
      [
       1161639.6296980074,
       500038.6124493177,
       366
      ],
      [
       1161639.5269545808,
       500039.2819882197,
       366
      ],
      [
       1161639.409668539,
       500040.0304744274,
       366
      ],
      [
       1161639.2910722857,
       500040.77896063507,
       366
      ],
      [
       1161639.1711658207,
       500041.52744684275,
       366
      ],
      [
       1161639.0499491445,
       500042.27593305043,
       366
      ],
      [
       1161638.9274222567,
       500043.0244192581,
       366
      ],
      [
       1161638.7999179638,
       500043.7729054658,
       366
      ],
      [
       1161638.6674362666,
       500044.52139167336,
       366
      ],
      [
       1161638.5299771642,
       500045.26987788104,
       366
      ],
      [
       1161638.3875406575,
       500046.0183640887,
       366
      ],
      [
       1161638.2319900286,
       500046.7668502964,
       366
      ],
      [
       1161638.063325278,
       500047.51533650403,
       366
      ],
      [
       1161637.8815464051,
       500048.2638227117,
       366
      ],
      [
       1161637.6866534106,
       500049.0123089194,
       366
      ],
      [
       1161637.5124266157,
       500049.68804656214,
       366
      ],
      [
       1161637.3588660206,
       500050.2910356398,
       366
      ],
      [
       1161637.2259716257,
       500050.8212761526,
       366
      ],
      [
       1161637.113743431,
       500051.2787681004,
       366
      ],
      [
       1161637.0097731883,
       500051.6946356262,
       366
      ],
      [
       1161636.9140608981,
       500052.06887873006,
       366
      ],
      [
       1161636.8266065607,
       500052.4014974119,
       366
      ],
      [
       1161636.747410176,
       500052.6924916718,
       366
      ],
      [
       1161636.652614785,
       500053.09785891866,
       366
      ],
      [
       1161636.5422203871,
       500053.6175991524,
       366
      ],
      [
       1161636.416226983,
       500054.2517123731,
       366
      ],
      [
       1161636.2746345731,
       500055.0001985808,
       366
      ],
      [
       1161636.1472791226,
       500055.7486847885,
       366
      ],
      [
       1161636.034160632,
       500056.49717099615,
       366
      ],
      [
       1161635.9352791011,
       500057.24565720384,
       366
      ],
      [
       1161635.8506345304,
       500057.99414341146,
       366
      ],
      [
       1161635.7542868406,
       500058.7426296191,
       366
      ],
      [
       1161635.6462360313,
       500059.4911158269,
       366
      ],
      [
       1161635.526482103,
       500060.2396020345,
       366
      ],
      [
       1161635.3950250554,
       500060.9880882421,
       366
      ],
      [
       1161635.2503108382,
       500061.7365744498,
       366
      ],
      [
       1161635.0923394514,
       500062.48506065743,
       366
      ],
      [
       1161634.9211108948,
       500063.2335468651,
       366
      ],
      [
       1161634.7366251685,
       500063.98203307285,
       366
      ],
      [
       1161634.566483357,
       500064.724565987,
       366
      ],
      [
       1161634.4106854596,
       500065.46114560746,
       366
      ],
      [
       1161634.2692314773,
       500066.1917719344,
       366
      ],
      [
       1161634.1421214095,
       500066.91644496785,
       366
      ],
      [
       1161634.045872937,
       500067.4659030364,
       366
      ],
      [
       1161633.9804860596,
       500067.8401461402,
       366
      ],
      [
       1161633.9459607776,
       500068.0391742793,
       366
      ],
      [
       1161633.9422970912,
       500068.06298745354,
       366
      ],
      [
       1161633.940465248,
       500068.11145517253,
       366
      ],
      [
       1161633.940465248,
       500068.1845774362,
       366
      ],
      [
       1161633.9422970912,
       500068.2823542445,
       366
      ],
      [
       1161633.9459607776,
       500068.4047855976,
       366
      ],
      [
       1161633.9540390612,
       500068.653122826,
       366
      ],
      [
       1161633.9665319417,
       500069.0273659298,
       366
      ],
      [
       1161633.9834394194,
       500069.52751490904,
       366
      ],
      [
       1161634.004761494,
       500070.15356976376,
       366
      ],
      [
       1161634.05262404,
       500070.81023245666,
       366
      ],
      [
       1161634.1270270576,
       500071.49750298774,
       366
      ],
      [
       1161634.2279705463,
       500072.2153813571,
       366
      ],
      [
       1161634.3554545066,
       500072.9638675648,
       366
      ],
      [
       1161634.4712928147,
       500073.7123537725,
       366
      ],
      [
       1161634.5754854702,
       500074.46083998017,
       366
      ],
      [
       1161634.668032474,
       500075.20932618785,
       366
      ],
      [
       1161634.748933825,
       500075.9578123955,
       366
      ],
      [
       1161634.7940453389,
       500076.7062986032,
       366
      ],
      [
       1161634.8033670154,
       500077.45478481083,
       366
      ],
      [
       1161634.7768988544,
       500078.2032710185,
       366
      ],
      [
       1161634.7146408563,
       500078.9517572262,
       366
      ],
      [
       1161634.6400951233,
       500079.7002434339,
       366
      ],
      [
       1161634.5532616558,
       500080.4487296415,
       366
      ],
      [
       1161634.4541404538,
       500081.1972158492,
       366
      ],
      [
       1161634.3427315173,
       500081.9457020569,
       366
      ],
      [
       1161634.252230836,
       500082.6941882646,
       366
      ],
      [
       1161634.1826384105,
       500083.44267447223,
       366
      ],
      [
       1161634.1339542405,
       500084.1911606799,
       366
      ],
      [
       1161634.1061783258,
       500084.93964688753,
       366
      ],
      [
       1161634.0782802557,
       500085.5536842125,
       366
      ],
      [
       1161634.0502600302,
       500086.03327265475,
       366
      ],
      [
       1161634.0221176492,
       500086.37841221434,
       366
      ],
      [
       1161633.9938531122,
       500086.5891028913,
       366
      ],
      [
       1161633.9525597238,
       500086.88156978163,
       366
      ],
      [
       1161633.898237483,
       500087.2558128854,
       366
      ],
      [
       1161633.8308863905,
       500087.71183220274,
       366
      ],
      [
       1161633.750506446,
       500088.24962773354,
       366
      ],
      [
       1161633.6619680403,
       500088.8400959335,
       366
      ],
      [
       1161633.565271174,
       500089.4832368028,
       366
      ],
      [
       1161633.4604158467,
       500090.17905034125,
       366
      ],
      [
       1161633.3474020585,
       500090.92753654893,
       366
      ],
      [
       1161633.2463009567,
       500091.6760227566,
       366
      ],
      [
       1161633.1571125407,
       500092.42450896424,
       366
      ],
      [
       1161633.0798368114,
       500093.1729951719,
       366
      ],
      [
       1161633.014473768,
       500093.92148137966,
       366
      ],
      [
       1161632.9660510144,
       500094.66996758734,
       366
      ],
      [
       1161632.9345685502,
       500095.41845379496,
       366
      ],
      [
       1161632.9200263757,
       500096.16694000264,
       366
      ],
      [
       1161632.9224244908,
       500096.9154262103,
       366
      ],
      [
       1161632.9404500753,
       500097.663912418,
       366
      ],
      [
       1161632.9741031295,
       500098.41239862563,
       366
      ],
      [
       1161633.0233836528,
       500099.1608848333,
       366
      ],
      [
       1161633.088291646,
       500099.909371041,
       366
      ],
      [
       1161633.1589756315,
       500100.6578572487,
       366
      ],
      [
       1161633.2354356097,
       500101.40634345624,
       366
      ],
      [
       1161633.3176715807,
       500102.1548296639,
       366
      ],
      [
       1161633.405683544,
       500102.9033158716,
       366
      ],
      [
       1161633.4852520723,
       500103.6518020793,
       366
      ],
      [
       1161633.556377166,
       500104.4002882869,
       366
      ],
      [
       1161633.6190588244,
       500105.1487744946,
       366
      ],
      [
       1161633.6732970478,
       500105.8972607023,
       366
      ],
      [
       1161633.7167643134,
       500106.64574690996,
       366
      ],
      [
       1161633.7494606213,
       500107.39423311764,
       366
      ],
      [
       1161633.7713859712,
       500108.1427193253,
       366
      ],
      [
       1161633.7825403635,
       500108.891205533,
       366
      ],
      [
       1161633.7863779005,
       500109.6396917407,
       366
      ],
      [
       1161633.7828985823,
       500110.3881779483,
       366
      ],
      [
       1161633.772102409,
       500111.136664156,
       366
      ],
      [
       1161633.7539893806,
       500111.8851503637,
       366
      ],
      [
       1161633.7293949449,
       500112.6336365714,
       366
      ],
      [
       1161633.6983191022,
       500113.38212277903,
       366
      ],
      [
       1161633.6607618523,
       500114.1306089867,
       366
      ],
      [
       1161633.6167231952,
       500114.87909519434,
       366
      ],
      [
       1161633.5651814963,
       500115.62758140196,
       366
      ],
      [
       1161633.5061367557,
       500116.37606760976,
       366
      ],
      [
       1161633.4395889733,
       500117.1245538174,
       366
      ],
      [
       1161633.3655381496,
       500117.873040025,
       366
      ],
      [
       1161633.3033249383,
       500118.6215262327,
       366
      ],
      [
       1161633.2529493403,
       500119.3700124403,
       366
      ],
      [
       1161633.2144113546,
       500120.118498648,
       366
      ],
      [
       1161633.1877109823,
       500120.86698485573,
       366
      ],
      [
       1161633.1662579828,
       500121.6154710634,
       366
      ],
      [
       1161633.1500523565,
       500122.36395727104,
       366
      ],
      [
       1161633.1390941034,
       500123.1124434787,
       366
      ],
      [
       1161633.1333832236,
       500123.8609296864,
       366
      ],
      [
       1161633.133833903,
       500124.6094158941,
       366
      ],
      [
       1161633.1404461416,
       500125.35790210176,
       366
      ],
      [
       1161633.15321994,
       500126.10638830945,
       366
      ],
      [
       1161633.1721552974,
       500126.8548745171,
       366
      ],
      [
       1161633.1912393267,
       500127.6033607248,
       366
      ],
      [
       1161633.2104720278,
       500128.35184693243,
       366
      ],
      [
       1161633.2298534005,
       500129.1003331401,
       366
      ],
      [
       1161633.2493834454,
       500129.8488193478,
       366
      ],
      [
       1161633.279179058,
       500130.5973055555,
       366
      ],
      [
       1161633.319240239,
       500131.34579176304,
       366
      ],
      [
       1161633.3695669882,
       500132.0942779707,
       366
      ],
      [
       1161633.4301593055,
       500132.8427641784,
       366
      ],
      [
       1161633.5025040763,
       500133.54011125606,
       366
      ],
      [
       1161633.5866013009,
       500134.1863192037,
       366
      ],
      [
       1161633.6824509788,
       500134.78138802137,
       366
      ],
      [
       1161633.79005311,
       500135.32531770895,
       366
      ],
      [
       1161633.8816350792,
       500135.7844041047,
       366
      ],
      [
       1161633.9571968857,
       500136.15864720853,
       366
      ],
      [
       1161634.0167385298,
       500136.4480470205,
       366
      ],
      [
       1161634.0602600113,
       500136.65260354045,
       366
      ],
      [
       1161634.1302696802,
       500136.9931424824,
       366
      ],
      [
       1161634.2267675367,
       500137.4696638463,
       366
      ],
      [
       1161634.3497535803,
       500138.08216763206,
       366
      ],
      [
       1161634.4992278111,
       500138.8306538398,
       366
      ],
      [
       1161634.6337444219,
       500139.5791400475,
       366
      ],
      [
       1161634.7533034126,
       500140.3276262551,
       366
      ],
      [
       1161634.857904783,
       500141.0761124628,
       366
      ],
      [
       1161634.9475485333,
       500141.8245986705,
       366
      ],
      [
       1161635.0356912434,
       500142.57308487815,
       366
      ],
      [
       1161635.1223329133,
       500143.32157108583,
       366
      ],
      [
       1161635.2074735435,
       500144.0700572935,
       366
      ],
      [
       1161635.291113133,
       500144.81854350114,
       366
      ],
      [
       1161635.3751636455,
       500145.56702970876,
       366
      ],
      [
       1161635.4596250798,
       500146.31551591656,
       366
      ],
      [
       1161635.5444974366,
       500147.0640021242,
       366
      ],
      [
       1161635.6297807156,
       500147.8124883318,
       366
      ],
      [
       1161635.7127531688,
       500148.5609745395,
       366
      ],
      [
       1161635.793414796,
       500149.3094607471,
       366
      ],
      [
       1161635.8717655975,
       500150.0579469548,
       366
      ],
      [
       1161635.9478055735,
       500150.80643316254,
       366
      ],
      [
       1161636.0185888044,
       500151.5549193702,
       366
      ],
      [
       1161636.0841152905,
       500152.30340557784,
       366
      ],
      [
       1161636.1443850321,
       500153.0518917855,
       366
      ],
      [
       1161636.199398029,
       500153.8003779932,
       366
      ],
      [
       1161636.260584387,
       500154.5488642009,
       366
      ],
      [
       1161636.3279441067,
       500155.2973504085,
       366
      ],
      [
       1161636.4014771876,
       500156.0458366162,
       366
      ],
      [
       1161636.4811836297,
       500156.7943228239,
       366
      ],
      [
       1161636.5625045768,
       500157.5402103083,
       366
      ],
      [
       1161636.6454400285,
       500158.28349906945,
       366
      ],
      [
       1161636.729989985,
       500159.0241891073,
       366
      ],
      [
       1161636.8161544462,
       500159.76228042186,
       366
      ],
      [
       1161636.881107741,
       500160.3184476311,
       366
      ],
      [
       1161636.924849869,
       500160.6926907349,
       366
      ],
      [
       1161636.9473808305,
       500160.8850097334,
       366
      ],
      [
       1161636.9487006254,
       500160.8954046264,
       366
      ],
      [
       1161636.98419829,
       500161.0903223482,
       366
      ],
      [
       1161637.0538738235,
       500161.4697628985,
       366
      ],
      [
       1161637.1577272266,
       500162.0337262775,
       366
      ],
      [
       1161637.2957584993,
       500162.7822124852,
       366
      ]
     ]
    },
    "elevationFt": 366,
    "weight": "intermediate",
    "hidden": false
   }
  },
  {
   "type": "Feature",
   "geometry": {
    "type": "LineString",
    "coordinates": [
     [
      -77.53043257406755,
      39.03820540176421
     ],
     [
      -77.53043300503886,
      39.038206268235804
     ],
     [
      -77.53043360985936,
      39.03820752949011
     ],
     [
      -77.53043438852905,
      39.03820918552716
     ],
     [
      -77.53043534104796,
      39.038211236346925
     ],
     [
      -77.53043629245397,
      39.03821328717173
     ],
     [
      -77.53043724274707,
      39.038215338001564
     ],
     [
      -77.53043819192726,
      39.03821738883645
     ],
     [
      -77.53043913999456,
      39.038219439676354
     ],
     [
      -77.53043998127268,
      39.038221291984684
     ],
     [
      -77.53044071576163,
      39.03822294576146
     ],
     [
      -77.53044134346139,
      39.03822440100664
     ],
     [
      -77.53044186437195,
      39.038225657720275
     ],
     [
      -77.53044232926656,
      39.03822679893469
     ],
     [
      -77.5304427381452,
      39.03822782464988
     ],
     [
      -77.53044309100785,
      39.03822873486586
     ],
     [
      -77.53044338785456,
      39.03822952958262
     ],
     [
      -77.53044374643456,
      39.03823063878819
     ],
     [
      -77.53044416674786,
      39.038232062482564
     ],
     [
      -77.53044464879449,
      39.038233800665715
     ],
     [
      -77.53044519257446,
      39.03823585333766
     ],
     [
      -77.53044579565096,
      39.038237905740914
     ],
     [
      -77.530446458024,
      39.03823995787542
     ],
     [
      -77.5304471796936,
      39.038242009741225
     ],
     [
      -77.53044796065973,
      39.03824406133829
     ],
     [
      -77.5304488127197,
      39.038246111754084
     ],
     [
      -77.5304497358735,
      39.038248160988545
     ],
     [
      -77.53045073012116,
      39.03825020904169
     ],
     [
      -77.53045179546267,
      39.038252255913534
     ],
     [
      -77.53045259483586,
      39.03825379192487
     ],
     [
      -77.5304531282407,
      39.038254817075696
     ],
     [
      -77.53045339567717,
      39.03825533136604
     ],
     [
      -77.53045339714524,
      39.03825533479589
     ],
     [
      -77.53045357976403,
      39.03825585032972
     ],
     [
      -77.53045394353356,
      39.038256877967534
     ],
     [
      -77.53045448845384,
      39.038258417709365
     ],
     [
      -77.53045521452486,
      39.03826046955517
     ],
     [
      -77.53045591454655,
      39.038262521519
     ],
     [
      -77.53045658851887,
      39.03826457360089
     ],
     [
      -77.53045723644186,
      39.03826662580084
     ],
     [
      -77.53045785831547,
      39.038268678118804
     ],
     [
      -77.53045846793223,
      39.03827073049232
     ],
     [
      -77.53045906529215,
      39.038272782921375
     ],
     [
      -77.5304596503952,
      39.038274835406
     ],
     [
      -77.53046022324139,
      39.038276887946125
     ],
     [
      -77.53046079200982,
      39.03827894050476
     ],
     [
      -77.53046135670047,
      39.038280993081855
     ],
     [
      -77.53046191731335,
      39.038283045677424
     ],
     [
      -77.53046247384846,
      39.03828509829148
     ],
     [
      -77.53046294724788,
      39.038286852833885
     ],
     [
      -77.5304633375116,
      39.0382883093047
     ],
     [
      -77.53046364463961,
      39.03828946770385
     ],
     [
      -77.53046386863191,
      39.0382903280314
     ],
     [
      -77.53046411749047,
      39.03829127135896
     ],
     [
      -77.5304643912153,
      39.03829229768656
     ],
     [
      -77.5304646898064,
      39.038293407014194
     ],
     [
      -77.53046501326376,
      39.038294599341874
     ],
     [
      -77.53046538532766,
      39.03829600678492
     ],
     [
      -77.53046580599806,
      39.038297629343354
     ],
     [
      -77.53046627527499,
      39.03829946701716
     ],
     [
      -77.53046679315844,
      39.038301519806346
     ],
     [
      -77.5304673081868,
      39.03830357260848
     ],
     [
      -77.53046782036006,
      39.03830562542353
     ],
     [
      -77.53046832967824,
      39.03830767825153
     ],
     [
      -77.53046883614131,
      39.038309731092454
     ],
     [
      -77.53046936189415,
      39.03831178384596
     ],
     [
      -77.53046990693674,
      39.03831383651205
     ],
     [
      -77.53047047126911,
      39.03831588909071
     ],
     [
      -77.53047105489125,
      39.038317941581944
     ],
     [
      -77.53047164127534,
      39.038319994060664
     ],
     [
      -77.53047223042135,
      39.03832204652687
     ],
     [
      -77.5304728223293,
      39.038324098980546
     ],
     [
      -77.5304734169992,
      39.03832615142171
     ],
     [
      -77.53047390886185,
      39.03832783469568
     ],
     [
      -77.53047429791722,
      39.03832914880249
     ],
     [
      -77.53047458416535,
      39.03833009374212
     ],
     [
      -77.53047476760618,
      39.038330669514565
     ],
     [
      -77.530475022384,
      39.03833147044587
     ],
     [
      -77.53047534849883,
      39.038332496536015
     ],
     [
      -77.53047574595067,
      39.038333747785
     ],
     [
      -77.53047621473952,
      39.038335224192835
     ],
     [
      -77.53047677382744,
      39.03833684434238
     ],
     [
      -77.5304774232144,
      39.038338608233644
     ],
     [
      -77.53047816290044,
      39.03834051586662
     ],
     [
      -77.53047899288555,
      39.0383425672413
     ],
     [
      -77.53047981494414,
      39.03834461865192
     ],
     [
      -77.5304806290762,
      39.03834667009841
     ],
     [
      -77.53048143528171,
      39.03834872158086
     ],
     [
      -77.5304822335607,
      39.038350773099204
     ],
     [
      -77.53048291132883,
      39.03835282516371
     ],
     [
      -77.53048346858608,
      39.03835487777437
     ],
     [
      -77.53048390533247,
      39.038356930931165
     ],
     [
      -77.53048422156795,
      39.038358984634115
     ],
     [
      -77.53048444089558,
      39.03836103877627
     ],
     [
      -77.53048456331534,
      39.03836309335759
     ],
     [
      -77.53048458882724,
      39.038365148378105
     ],
     [
      -77.53048451743123,
      39.03836720383781
     ],
     [
      -77.53048444993011,
      39.038369259279854
     ],
     [
      -77.53048438632385,
      39.038371314704264
     ],
     [
      -77.53048432661247,
      39.038373370111
     ],
     [
      -77.53048427079592,
      39.03837542550008
     ],
     [
      -77.53048428990134,
      39.03837748054962
     ],
     [
      -77.53048438392872,
      39.03837953525962
     ],
     [
      -77.53048455287805,
      39.03838158963006
     ],
     [
      -77.53048479674935,
      39.038383643660964
     ],
     [
      -77.53048503340204,
      39.03838541723021
     ],
     [
      -77.53048526283612,
      39.03838691033781
     ],
     [
      -77.5304854850516,
      39.038388122983754
     ],
     [
      -77.53048570004846,
      39.03838905516804
     ],
     [
      -77.53048592104494,
      39.03839003452983
     ],
     [
      -77.53048614804108,
      39.03839106106915
     ],
     [
      -77.53048638103685,
      39.03839213478598
     ],
     [
      -77.53048662003226,
      39.038393255680305
     ],
     [
      -77.53048690092676,
      39.03839460967441
     ],
     [
      -77.53048722372031,
      39.03839619676829
     ],
     [
      -77.53048758841294,
      39.03839801696195
     ],
     [
      -77.53048799500466,
      39.03840007025538
     ],
     [
      -77.53048841605901,
      39.038402123483266
     ],
     [
      -77.530488851576,
      39.0384041766456
     ],
     [
      -77.5304893015556,
      39.03840622974239
     ],
     [
      -77.53048976599786,
      39.03840828277363
     ],
     [
      -77.53049022377341,
      39.038410335835074
     ],
     [
      -77.53049067488229,
      39.03841238892674
     ],
     [
      -77.53049111932447,
      39.038414442048634
     ],
     [
      -77.53049155709996,
      39.038416495200714
     ],
     [
      -77.5304919755631,
      39.03841854844032
     ],
     [
      -77.53049237471389,
      39.03842060176745
     ],
     [
      -77.53049275455231,
      39.0384226551821
     ],
     [
      -77.53049311507839,
      39.038424708684275
     ],
     [
      -77.5304934475727,
      39.038426762313485
     ],
     [
      -77.53049375203524,
      39.038428816069754
     ],
     [
      -77.53049402846602,
      39.038430869953054
     ],
     [
      -77.53049427686503,
      39.038432923963384
     ],
     [
      -77.53049449453185,
      39.03843497811301
     ],
     [
      -77.53049468146648,
      39.03843703240191
     ],
     [
      -77.53049483766893,
      39.038439086830074
     ],
     [
      -77.53049496313918,
      39.03844114139755
     ],
     [
      -77.53049508148335,
      39.038443195997296
     ],
     [
      -77.53049519270144,
      39.03844525062935
     ],
     [
      -77.53049529679343,
      39.03844730529368
     ],
     [
      -77.53049539375935,
      39.03844935999033
     ],
     [
      -77.53049547495007,
      39.03845141475846
     ],
     [
      -77.53049554036562,
      39.03845346959809
     ],
     [
      -77.530495590006,
      39.03845552450921
     ],
     [
      -77.53049562387116,
      39.03845757949182
     ],
     [
      -77.5304956156208,
      39.03845963466532
     ],
     [
      -77.53049556525488,
      39.038461690029656
     ],
     [
      -77.53049547277342,
      39.03846374558489
     ],
     [
      -77.53049533817641,
      39.03846580133098
     ],
     [
      -77.5304951989928,
      39.03846785709787
     ],
     [
      -77.53049505522262,
      39.03846991288554
     ],
     [
      -77.53049490686587,
      39.03847196869399
     ],
     [
      -77.53049475392253,
      39.03847402452323
     ],
     [
      -77.53049461805489,
      39.03847608027507
     ],
     [
      -77.530494499263,
      39.03847813594953
     ],
     [
      -77.5304943975468,
      39.03848019154661
     ],
     [
      -77.53049431290633,
      39.038482247066284
     ],
     [
      -77.53049420989518,
      39.038484302669225
     ],
     [
      -77.53049408851332,
      39.03848635835542
     ],
     [
      -77.53049394876079,
      39.03848841412486
     ],
     [
      -77.53049379063755,
      39.03849046997757
     ],
     [
      -77.53049372279763,
      39.0384925254211
     ],
     [
      -77.53049374524103,
      39.03849458045546
     ],
     [
      -77.53049385796778,
      39.03849663508066
     ],
     [
      -77.53049406097787,
      39.038498689296674
     ],
     [
      -77.53049431038069,
      39.03850074330243
     ],
     [
      -77.53049460617626,
      39.03850279709794
     ],
     [
      -77.53049494836458,
      39.03850485068319
     ],
     [
      -77.53049533694566,
      39.03850690405818
     ],
     [
      -77.5304957266758,
      39.038508767432354
     ],
     [
      -77.530496117555,
      39.03851044080572
     ],
     [
      -77.5304965095833,
      39.038511924178266
     ],
     [
      -77.53049690276065,
      39.038513217550026
     ],
     [
      -77.53049726396875,
      39.038514377273835
     ],
     [
      -77.53049759320766,
      39.03851540334974
     ],
     [
      -77.5304978904773,
      39.03851629577768
     ],
     [
      -77.53049815577772,
      39.03851705455771
     ],
     [
      -77.53049849356441,
      39.03851813679765
     ],
     [
      -77.53049890383735,
      39.03851954249747
     ],
     [
      -77.53049938659656,
      39.03852127165719
     ],
     [
      -77.53049994184207,
      39.03852332427682
     ],
     [
      -77.53050042381216,
      39.03852537722852
     ],
     [
      -77.53050083250686,
      39.03852743051233
     ],
     [
      -77.53050116792615,
      39.03852948412822
     ],
     [
      -77.53050143007,
      39.0385315380762
     ],
     [
      -77.53050171127765,
      39.0385335919378
     ],
     [
      -77.53050201154909,
      39.03853564571299
     ],
     [
      -77.5305023308843,
      39.03853769940177
     ],
     [
      -77.53050266928331,
      39.038539753004144
     ],
     [
      -77.5305030155433,
      39.03854180657089
     ],
     [
      -77.53050336966429,
      39.03854386010202
     ],
     [
      -77.53050373164626,
      39.0385459135975
     ],
     [
      -77.53050410148924,
      39.03854796705738
     ],
     [
      -77.5305044329389,
      39.03855002069126
     ],
     [
      -77.53050472599519,
      39.03855207449912
     ],
     [
      -77.53050498065814,
      39.038554128481
     ],
     [
      -77.53050519692773,
      39.03855618263687
     ],
     [
      -77.53050537994258,
      39.038558236943466
     ],
     [
      -77.53050552970271,
      39.038560291400785
     ],
     [
      -77.53050564620807,
      39.0385623460088
     ],
     [
      -77.5305057294587,
      39.038564400767555
     ],
     [
      -77.530505823224,
      39.038566455478616
     ],
     [
      -77.53050592750402,
      39.03856851014207
     ],
     [
      -77.53050604229871,
      39.03857056475783
     ],
     [
      -77.53050616760808,
      39.038572619325954
     ],
     [
      -77.53050631219459,
      39.03857467380671
     ],
     [
      -77.5305064760582,
      39.038576728200084
     ],
     [
      -77.53050665919896,
      39.03857878250609
     ],
     [
      -77.53050686161684,
      39.03858083672475
     ],
     [
      -77.53050702780543,
      39.03858289110758
     ],
     [
      -77.53050715776467,
      39.03858494565462
     ],
     [
      -77.53050725149461,
      39.03858700036586
     ],
     [
      -77.53050730899523,
      39.03858905524129
     ],
     [
      -77.53050731641213,
      39.0385911103437
     ],
     [
      -77.53050727374529,
      39.03859316567311
     ],
     [
      -77.53050718099472,
      39.038595221229514
     ],
     [
      -77.53050703816044,
      39.0385972770129
     ],
     [
      -77.53050694796207,
      39.038599332557716
     ],
     [
      -77.53050691039965,
      39.03860138786399
     ],
     [
      -77.53050692547315,
      39.038603442931695
     ],
     [
      -77.53050699318258,
      39.03860549776086
     ],
     [
      -77.53050706203884,
      39.038607552584814
     ],
     [
      -77.53050713204189,
      39.03860960740357
     ],
     [
      -77.53050720319175,
      39.03861166221713
     ],
     [
      -77.5305072754884,
      39.0386137170255
     ],
     [
      -77.53050727740496,
      39.038615772152845
     ],
     [
      -77.5305072089414,
      39.03861782759916
     ],
     [
      -77.53050707009773,
      39.03861988336443
     ],
     [
      -77.53050686087391,
      39.0386219394487
     ],
     [
      -77.53050672700114,
      39.03862399519145
     ],
     [
      -77.53050666847939,
      39.0386260505927
     ],
     [
      -77.53050668530867,
      39.03862810565244
     ],
     [
      -77.53050677748898,
      39.03863016037069
     ],
     [
      -77.53050692432622,
      39.03863221484121
     ],
     [
      -77.53050712582036,
      39.03863426906403
     ],
     [
      -77.53050738197143,
      39.03863632303911
     ],
     [
      -77.53050769277942,
      39.038638376766485
     ],
     [
      -77.53050797957734,
      39.03864028294063
     ],
     [
      -77.53050824236519,
      39.03864204156156
     ],
     [
      -77.53050848114296,
      39.038643652629254
     ],
     [
      -77.53050869591064,
      39.038645116143734
     ],
     [
      -77.53050887857754,
      39.03864636134376
     ],
     [
      -77.5305090291436,
      39.03864738822937
     ],
     [
      -77.53050914760885,
      39.038648196800544
     ],
     [
      -77.5305092339733,
      39.0386487870573
     ],
     [
      -77.53050934842504,
      39.03864974330871
     ],
     [
      -77.53050949096405,
      39.03865106555479
     ],
     [
      -77.53050966159033,
      39.03865275379552
     ],
     [
      -77.53050986030391,
      39.038654808030905
     ],
     [
      -77.53051002520655,
      39.03865686241954
     ],
     [
      -77.53051015629823,
      39.03865891696141
     ],
     [
      -77.530510253579,
      39.038660971656526
     ],
     [
      -77.5305103170488,
      39.038663026504864
     ],
     [
      -77.53051038328003,
      39.03866508134068
     ],
     [
      -77.53051045227275,
      39.03866713616399
     ],
     [
      -77.53051052402692,
      39.03866919097479
     ],
     [
      -77.53051059854255,
      39.038671245773074
     ],
     [
      -77.53051071537993,
      39.038673300379536
     ],
     [
      -77.53051087453908,
      39.038675354794194
     ],
     [
      -77.53051107601999,
      39.03867740901703
     ],
     [
      -77.53051131982266,
      39.038679463048055
     ],
     [
      -77.53051154119008,
      39.03868151718077
     ],
     [
      -77.53051174012221,
      39.038683571415156
     ],
     [
      -77.53051191661906,
      39.038685625751214
     ],
     [
      -77.53051207068066,
      39.03868768018897
     ],
     [
      -77.53051225903086,
      39.03868973447132
     ],
     [
      -77.5305124816697,
      39.03869178859827
     ],
     [
      -77.53051273859718,
      39.038693842569806
     ],
     [
      -77.5305130298133,
      39.038695896385924
     ],
     [
      -77.53051317837323,
      39.0386979508486
     ],
     [
      -77.53051318427691,
      39.038700005957836
     ],
     [
      -77.5305130475244,
      39.038702061713614
     ],
     [
      -77.5305127681156,
      39.03870411811594
     ],
     [
      -77.5305124315823,
      39.03870617477716
     ],
     [
      -77.53051203792442,
      39.0387082316973
     ],
     [
      -77.53051158714203,
      39.038710288876324
     ],
     [
      -77.53051107923508,
      39.03871234631425
     ],
     [
      -77.53051065053269,
      39.03871411871223
     ],
     [
      -77.53051030103488,
      39.038715606070255
     ],
     [
      -77.53051003074164,
      39.03871680838836
     ],
     [
      -77.530509839653,
      39.038717725666515
     ],
     [
      -77.53050963545742,
      39.03871869858202
     ],
     [
      -77.53050941815489,
      39.038719727134854
     ],
     [
      -77.53050918774542,
      39.03872081132506
     ],
     [
      -77.53050894422901,
      39.03872195115259
     ],
     [
      -77.53050872245657,
      39.038723319984605
     ],
     [
      -77.53050852242808,
      39.0387249178211
     ],
     [
      -77.53050834414353,
      39.038726744662064
     ],
     [
      -77.53050818760295,
      39.038728800507506
     ],
     [
      -77.53050807621906,
      39.03873085614829
     ],
     [
      -77.53050800999189,
      39.03873291158441
     ],
     [
      -77.53050798892141,
      39.03873496681589
     ],
     [
      -77.53050801300763,
      39.03873702184268
     ],
     [
      -77.53050804982861,
      39.03873907681178
     ],
     [
      -77.53050809938433,
      39.03874113172314
     ],
     [
      -77.53050816167477,
      39.038743186576795
     ],
     [
      -77.5305082367,
      39.03874524137275
     ],
     [
      -77.53050831118556,
      39.038747296171124
     ],
     [
      -77.53050838513148,
      39.03874935097195
     ],
     [
      -77.53050845853777,
      39.03875140577521
     ],
     [
      -77.53050853140441,
      39.03875346058094
     ],
     [
      -77.53050859742308,
      39.03875551541769
     ],
     [
      -77.53050865659378,
      39.03875757028548
     ],
     [
      -77.53050870891651,
      39.038759625184284
     ],
     [
      -77.53050875439128,
      39.038761680114156
     ],
     [
      -77.53050875483831,
      39.038763735248075
     ],
     [
      -77.53050871025755,
      39.038765790586076
     ],
     [
      -77.53050862064904,
      39.03876784612817
     ],
     [
      -77.53050848601278,
      39.03876990187432
     ],
     [
      -77.53050816526638,
      39.03877195846395
     ],
     [
      -77.53050765840983,
      39.03877401589707
     ],
     [
      -77.53050696544315,
      39.03877607417366
     ],
     [
      -77.5305060863663,
      39.03877813329373
     ],
     [
      -77.53050528568433,
      39.0387801920585
     ],
     [
      -77.53050456339727,
      39.038782250467975
     ],
     [
      -77.53050391950511,
      39.03878430852213
     ],
     [
      -77.53050335400785,
      39.03878636622099
     ],
     [
      -77.53050283330016,
      39.038788423716845
     ],
     [
      -77.53050235738202,
      39.03879048100973
     ],
     [
      -77.53050192625345,
      39.03879253809959
     ],
     [
      -77.53050153991443,
      39.038794594986484
     ],
     [
      -77.53050122206498,
      39.038796651562954
     ],
     [
      -77.53050097270513,
      39.038798707829024
     ],
     [
      -77.53050079183485,
      39.03880076378468
     ],
     [
      -77.53050067945418,
      39.03880281942995
     ],
     [
      -77.53050054499263,
      39.03880477249751
     ],
     [
      -77.53050038845018,
      39.03880662298736
     ],
     [
      -77.53050020982685,
      39.03880837089952
     ],
     [
      -77.53050000912265,
      39.03881001623396
     ],
     [
      -77.53049984561038,
      39.038811352971415
     ],
     [
      -77.53049971929006,
      39.03881238111188
     ],
     [
      -77.53049963016169,
      39.03881310065535
     ],
     [
      -77.53049957822526,
      39.03881351160183
     ],
     [
      -77.53049939854952,
      39.03881433423345
     ],
     [
      -77.53049909113446,
      39.0388155685502
     ],
     [
      -77.53049865598007,
      39.03881721455209
     ],
     [
      -77.53049809308634,
      39.0388192722391
     ],
     [
      -77.53049750874794,
      39.03882133002332
     ],
     [
      -77.53049690296493,
      39.03882338790469
     ],
     [
      -77.53049627573726,
      39.03882544588326
     ],
     [
      -77.53049562706495,
      39.038827503959034
     ]
    ]
   },
   "properties": {
    "id": "ct-3",
    "kind": "Contour",
    "sourceId": "contours",
    "reliabilityLevel": 1,
    "revision": 1,
    "engineeringGeometry": {
     "crs": "EPSG:2248",
     "crsName": "NAD83 / Maryland State Plane (US survey feet)",
     "datum": "NAD83",
     "unit": "usSurveyFoot",
     "coordinates": [
      [
       1161669.6987099145,
       499936.1068125844,
       368
      ],
      [
       1161669.5781322033,
       499936.4230951767,
       368
      ],
      [
       1161669.4090105253,
       499936.88344564073,
       368
      ],
      [
       1161669.1913448805,
       499937.4878639766,
       368
      ],
      [
       1161668.925135269,
       499938.23635018425,
       368
      ],
      [
       1161668.6592417895,
       499938.9848363919,
       368
      ],
      [
       1161668.3936644415,
       499939.73332259967,
       368
      ],
      [
       1161668.1284032254,
       499940.48180880735,
       368
      ],
      [
       1161667.8634581412,
       499941.2302950149,
       368
      ],
      [
       1161667.6284248861,
       499941.9062992366,
       368
      ],
      [
       1161667.4233034602,
       499942.5098214722,
       368
      ],
      [
       1161667.2480938635,
       499943.04086172185,
       368
      ],
      [
       1161667.1027960964,
       499943.49941998534,
       368
      ],
      [
       1161666.9731644506,
       499943.91582066903,
       368
      ],
      [
       1161666.859198927,
       499944.2900637728,
       368
      ],
      [
       1161666.7608995251,
       499944.6221492968,
       368
      ],
      [
       1161666.678266245,
       499944.912077241,
       368
      ],
      [
       1161666.578764036,
       499945.316644751,
       368
      ],
      [
       1161666.4623928987,
       499945.8358518268,
       368
      ],
      [
       1161666.3291528325,
       499946.46969846863,
       368
      ],
      [
       1161666.179043838,
       499947.21818467637,
       368
      ],
      [
       1161666.012091942,
       499947.96667088405,
       368
      ],
      [
       1161665.8282971443,
       499948.7151570917,
       368
      ],
      [
       1161665.6276594454,
       499949.46364329936,
       368
      ],
      [
       1161665.410178845,
       499950.21212950704,
       368
      ],
      [
       1161665.1725025617,
       499950.960302819,
       368
      ],
      [
       1161664.9146305951,
       499951.70816323516,
       368
      ],
      [
       1161664.6365629456,
       499952.4557107556,
       368
      ],
      [
       1161664.3382996132,
       499953.2029453803,
       368
      ],
      [
       1161664.1144996816,
       499953.7636842446,
       368
      ],
      [
       1161663.9651631515,
       499954.13792734843,
       368
      ],
      [
       1161663.8902900224,
       499954.3256746918,
       368
      ],
      [
       1161663.8898802944,
       499954.3269262747,
       368
      ],
      [
       1161663.8391010505,
       499954.5149865139,
       368
      ],
      [
       1161663.7379522906,
       499954.88985540916,
       368
      ],
      [
       1161663.5864340146,
       499955.45153296064,
       368
      ],
      [
       1161663.3845462226,
       499956.2000191683,
       368
      ],
      [
       1161663.1900576395,
       499956.948505376,
       368
      ],
      [
       1161663.0029682657,
       499957.6969915837,
       368
      ],
      [
       1161662.8232781005,
       499958.44547779136,
       368
      ],
      [
       1161662.650987144,
       499959.19396399905,
       368
      ],
      [
       1161662.4821777001,
       499959.9424502067,
       368
      ],
      [
       1161662.3168497689,
       499960.69093641435,
       368
      ],
      [
       1161662.1550033498,
       499961.43942262203,
       368
      ],
      [
       1161661.9966384429,
       499962.1879088297,
       368
      ],
      [
       1161661.8394318165,
       499962.9363950374,
       368
      ],
      [
       1161661.6833834706,
       499963.684881245,
       368
      ],
      [
       1161661.5284934053,
       499964.4333674527,
       368
      ],
      [
       1161661.3747616205,
       499965.18185366044,
       368
      ],
      [
       1161661.244012522,
       499965.8216441516,
       368
      ],
      [
       1161661.1362461094,
       499966.3527389262,
       368
      ],
      [
       1161661.0514623835,
       499966.7751379843,
       368
      ],
      [
       1161660.9896613434,
       499967.0888413259,
       368
      ],
      [
       1161660.9209730558,
       499967.4328145486,
       368
      ],
      [
       1161660.84539752,
       499967.8070576525,
       368
      ],
      [
       1161660.762934737,
       499968.2115706374,
       368
      ],
      [
       1161660.6735847057,
       499968.6463535035,
       368
      ],
      [
       1161660.5708839588,
       499969.15956220496,
       368
      ],
      [
       1161660.454832496,
       499969.7511967418,
       368
      ],
      [
       1161660.325430317,
       499970.4212571141,
       368
      ],
      [
       1161660.1826774224,
       499971.1697433217,
       368
      ],
      [
       1161660.0407355123,
       499971.9182295294,
       368
      ],
      [
       1161659.8996045864,
       499972.6667157371,
       368
      ],
      [
       1161659.759284645,
       499973.41520194476,
       368
      ],
      [
       1161659.6197756885,
       499974.16368815245,
       368
      ],
      [
       1161659.474787576,
       499974.9121743601,
       368
      ],
      [
       1161659.3243203077,
       499975.66066056775,
       368
      ],
      [
       1161659.1683738837,
       499976.40914677543,
       368
      ],
      [
       1161659.0069483041,
       499977.1576329832,
       368
      ],
      [
       1161658.844738219,
       499977.90611919085,
       368
      ],
      [
       1161658.6817436279,
       499978.6546053985,
       368
      ],
      [
       1161658.5179645317,
       499979.40309160616,
       368
      ],
      [
       1161658.3534009294,
       499980.15157781384,
       368
      ],
      [
       1161658.217256942,
       499980.76544263936,
       368
      ],
      [
       1161658.1095325695,
       499981.24468608276,
       368
      ],
      [
       1161658.0302278115,
       499981.58930814406,
       368
      ],
      [
       1161657.979342668,
       499981.7993088232,
       368
      ],
      [
       1161657.9086718122,
       499982.0914307147,
       368
      ],
      [
       1161657.8182152435,
       499982.4656738186,
       368
      ],
      [
       1161657.7079729626,
       499982.92203813477,
       368
      ],
      [
       1161657.5779449693,
       499983.4605236632,
       368
      ],
      [
       1161657.4225730645,
       499984.0515093615,
       368
      ],
      [
       1161657.2418572481,
       499984.6949952296,
       368
      ],
      [
       1161657.0357975205,
       499985.39098126744,
       368
      ],
      [
       1161656.804393882,
       499986.1394674751,
       368
      ],
      [
       1161656.5752417487,
       499986.8879536828,
       368
      ],
      [
       1161656.3483411209,
       499987.6364398904,
       368
      ],
      [
       1161656.1236919987,
       499988.3849260981,
       368
      ],
      [
       1161655.901294382,
       499989.1334123058,
       368
      ],
      [
       1161655.7131272838,
       499989.8818985135,
       368
      ],
      [
       1161655.559190704,
       499990.63038472115,
       368
      ],
      [
       1161655.4394846428,
       499991.37887092883,
       368
      ],
      [
       1161655.3540091002,
       499992.1273571365,
       368
      ],
      [
       1161655.296059751,
       499992.8758433442,
       368
      ],
      [
       1161655.265636595,
       499993.6243295518,
       368
      ],
      [
       1161655.2627396323,
       499994.3728157595,
       368
      ],
      [
       1161655.287368863,
       499995.12130196724,
       368
      ],
      [
       1161655.3108917756,
       499995.8697881749,
       368
      ],
      [
       1161655.3333083703,
       499996.61827438255,
       368
      ],
      [
       1161655.3546186474,
       499997.36676059023,
       368
      ],
      [
       1161655.3748226063,
       499998.11524679785,
       368
      ],
      [
       1161655.3737453683,
       499998.8637330055,
       368
      ],
      [
       1161655.3513869327,
       499999.6122192133,
       368
      ],
      [
       1161655.3077473002,
       500000.3607054209,
       368
      ],
      [
       1161655.2428264706,
       500001.1091916285,
       368
      ],
      [
       1161655.1793624044,
       500001.7555210196,
       368
      ],
      [
       1161655.1173551017,
       500002.2996935939,
       368
      ],
      [
       1161655.0568045622,
       500002.7417093516,
       368
      ],
      [
       1161654.9977107863,
       500003.08156829263,
       368
      ],
      [
       1161654.9370127514,
       500003.43861931504,
       368
      ],
      [
       1161654.8747104574,
       500003.8128624189,
       368
      ],
      [
       1161654.8108039047,
       500004.2042976041,
       368
      ],
      [
       1161654.745293093,
       500004.6129248708,
       368
      ],
      [
       1161654.6683748146,
       500005.1065168727,
       368
      ],
      [
       1161654.5800490698,
       500005.6850736098,
       368
      ],
      [
       1161654.4803158583,
       500006.34859508224,
       368
      ],
      [
       1161654.36917518,
       500007.0970812899,
       368
      ],
      [
       1161654.2539264737,
       500007.8455674976,
       368
      ],
      [
       1161654.1345697395,
       500008.5940537053,
       368
      ],
      [
       1161654.0111049768,
       500009.34253991296,
       368
      ],
      [
       1161653.8835321856,
       500010.09102612064,
       368
      ],
      [
       1161653.7578530402,
       500010.8395123283,
       368
      ],
      [
       1161653.6340675403,
       500011.58799853595,
       368
      ],
      [
       1161653.5121756857,
       500012.33648474363,
       368
      ],
      [
       1161653.3921774768,
       500013.0849709513,
       368
      ],
      [
       1161653.2776648467,
       500013.833457159,
       368
      ],
      [
       1161653.168637796,
       500014.58194336656,
       368
      ],
      [
       1161653.0650963243,
       500015.33042957424,
       368
      ],
      [
       1161652.9670404317,
       500016.0789157819,
       368
      ],
      [
       1161652.8769468185,
       500016.8274019896,
       368
      ],
      [
       1161652.7948154842,
       500017.5758881972,
       368
      ],
      [
       1161652.7206464293,
       500018.3243744049,
       368
      ],
      [
       1161652.6544396533,
       500019.0728606126,
       368
      ],
      [
       1161652.5969621947,
       500019.8213468203,
       368
      ],
      [
       1161652.5482140528,
       500020.56983302796,
       368
      ],
      [
       1161652.5081952284,
       500021.31831923564,
       368
      ],
      [
       1161652.476905721,
       500022.0668054433,
       368
      ],
      [
       1161652.4476403415,
       500022.815291651,
       368
      ],
      [
       1161652.4203990898,
       500023.5637778586,
       368
      ],
      [
       1161652.3951819658,
       500024.3122640663,
       368
      ],
      [
       1161652.3719889699,
       500025.06075027405,
       368
      ],
      [
       1161652.3532768306,
       500025.8092364817,
       368
      ],
      [
       1161652.339045548,
       500026.55772268935,
       368
      ],
      [
       1161652.3292951225,
       500027.30620889703,
       368
      ],
      [
       1161652.3240255541,
       500028.05469510466,
       368
      ],
      [
       1161652.330718677,
       500028.8031813123,
       368
      ],
      [
       1161652.3493744913,
       500029.5516675201,
       368
      ],
      [
       1161652.379992997,
       500030.3001537277,
       368
      ],
      [
       1161652.4225741946,
       500031.0486399353,
       368
      ],
      [
       1161652.4664581828,
       500031.797126143,
       368
      ],
      [
       1161652.5116449618,
       500032.54561235063,
       368
      ],
      [
       1161652.5581345316,
       500033.2940985583,
       368
      ],
      [
       1161652.6059268923,
       500034.04258476605,
       368
      ],
      [
       1161652.648868987,
       500034.79107097373,
       368
      ],
      [
       1161652.6869608166,
       500035.53955718136,
       368
      ],
      [
       1161652.72020238,
       500036.28804338904,
       368
      ],
      [
       1161652.7485936778,
       500037.0365295967,
       368
      ],
      [
       1161652.782203067,
       500037.7850158044,
       368
      ],
      [
       1161652.8210305478,
       500038.533502012,
       368
      ],
      [
       1161652.86507612,
       500039.2819882197,
       368
      ],
      [
       1161652.9143397836,
       500040.0304744274,
       368
      ],
      [
       1161652.9379589707,
       500040.77896063507,
       368
      ],
      [
       1161652.9359336812,
       500041.52744684275,
       368
      ],
      [
       1161652.9082639152,
       500042.27593305043,
       368
      ],
      [
       1161652.8549496732,
       500043.0244192581,
       368
      ],
      [
       1161652.788457836,
       500043.7729054658,
       368
      ],
      [
       1161652.7087884042,
       500044.52139167336,
       368
      ],
      [
       1161652.6159413778,
       500045.26987788104,
       368
      ],
      [
       1161652.5099167568,
       500046.0183640887,
       368
      ],
      [
       1161652.4031636326,
       500046.6976533768,
       368
      ],
      [
       1161652.2956820054,
       500047.3077457452,
       368
      ],
      [
       1161652.187471875,
       500047.848641194,
       368
      ],
      [
       1161652.0785332415,
       500048.3203397232,
       368
      ],
      [
       1161651.9783921193,
       500048.74331053975,
       368
      ],
      [
       1161651.8870485083,
       500049.1175536436,
       368
      ],
      [
       1161651.8045024085,
       500049.4430690347,
       368
      ],
      [
       1161651.73075382,
       500049.7198567132,
       368
      ],
      [
       1161651.637101218,
       500050.114569024,
       368
      ],
      [
       1161651.523544603,
       500050.627205967,
       368
      ],
      [
       1161651.3900839752,
       500051.2577675424,
       368
      ],
      [
       1161651.2367193345,
       500052.0062537501,
       368
      ],
      [
       1161651.1041681615,
       500052.7547399578,
       368
      ],
      [
       1161650.9924304567,
       500053.5032261654,
       368
      ],
      [
       1161650.90150622,
       500054.2517123731,
       368
      ],
      [
       1161650.8313954512,
       500055.0001985808,
       368
      ],
      [
       1161650.7558697294,
       500055.7486847885,
       368
      ],
      [
       1161650.6749290542,
       500056.49717099615,
       368
      ],
      [
       1161650.588573426,
       500057.24565720384,
       368
      ],
      [
       1161650.4968028446,
       500057.99414341146,
       368
      ],
      [
       1161650.4027993986,
       500058.7426296191,
       368
      ],
      [
       1161650.3065630884,
       500059.4911158269,
       368
      ],
      [
       1161650.2080939137,
       500060.2396020345,
       368
      ],
      [
       1161650.1073918743,
       500060.9880882421,
       368
      ],
      [
       1161650.017595247,
       500061.7365744498,
       368
      ],
      [
       1161649.9387040315,
       500062.48506065743,
       368
      ],
      [
       1161649.8707182275,
       500063.2335468651,
       368
      ],
      [
       1161649.8136378352,
       500063.98203307285,
       368
      ],
      [
       1161649.7660032613,
       500064.73051928054,
       368
      ],
      [
       1161649.7278145053,
       500065.47900548816,
       368
      ],
      [
       1161649.699071568,
       500066.22749169584,
       368
      ],
      [
       1161649.6797744487,
       500066.9759779035,
       368
      ],
      [
       1161649.6574906956,
       500067.7244641112,
       368
      ],
      [
       1161649.6322203085,
       500068.4729503188,
       368
      ],
      [
       1161649.6039632875,
       500069.2214365265,
       368
      ],
      [
       1161649.5727196326,
       500069.9699227342,
       368
      ],
      [
       1161649.5360004269,
       500070.7184089419,
       368
      ],
      [
       1161649.4938056697,
       500071.46689514944,
       368
      ],
      [
       1161649.4461353617,
       500072.2153813571,
       368
      ],
      [
       1161649.3929895028,
       500072.9638675649,
       368
      ],
      [
       1161649.350134368,
       500073.7123537726,
       368
      ],
      [
       1161649.317569958,
       500074.46083998017,
       368
      ],
      [
       1161649.2952962727,
       500075.20932618785,
       368
      ],
      [
       1161649.2833133116,
       500075.9578123955,
       368
      ],
      [
       1161649.2855563338,
       500076.7062986032,
       368
      ],
      [
       1161649.302025339,
       500077.45478481083,
       368
      ],
      [
       1161649.3327203274,
       500078.2032710185,
       368
      ],
      [
       1161649.3776412986,
       500078.9517572262,
       368
      ],
      [
       1161649.4076113482,
       500079.7002434339,
       368
      ],
      [
       1161649.4226304756,
       500080.4487296415,
       368
      ],
      [
       1161649.4226986812,
       500081.1972158492,
       368
      ],
      [
       1161649.4078159654,
       500081.9457020569,
       368
      ],
      [
       1161649.3926075073,
       500082.6941882646,
       368
      ],
      [
       1161649.3770733073,
       500083.44267447223,
       368
      ],
      [
       1161649.3612133656,
       500084.1911606799,
       368
      ],
      [
       1161649.3450276824,
       500084.93964688753,
       368
      ],
      [
       1161649.3488330431,
       500085.68813309516,
       368
      ],
      [
       1161649.3726294478,
       500086.43661930296,
       368
      ],
      [
       1161649.416416897,
       500087.18510551064,
       368
      ],
      [
       1161649.4801953903,
       500087.9335917182,
       368
      ],
      [
       1161649.5225708815,
       500088.6820779259,
       368
      ],
      [
       1161649.543543371,
       500089.4305641337,
       368
      ],
      [
       1161649.5431128584,
       500090.1790503413,
       368
      ],
      [
       1161649.521279344,
       500090.92753654893,
       368
      ],
      [
       1161649.4839208706,
       500091.6760227566,
       368
      ],
      [
       1161649.431037438,
       500092.42450896424,
       368
      ],
      [
       1161649.3626290464,
       500093.1729951719,
       368
      ],
      [
       1161649.2786956958,
       500093.92148137966,
       368
      ],
      [
       1161649.2012697323,
       500094.6161886641,
       368
      ],
      [
       1161649.1303511558,
       500095.2571170254,
       368
      ],
      [
       1161649.0659399666,
       500095.8442664634,
       368
      ],
      [
       1161649.008036164,
       500096.37763697817,
       368
      ],
      [
       1161648.958788022,
       500096.83144378755,
       368
      ],
      [
       1161648.91819554,
       500097.20568689134,
       368
      ],
      [
       1161648.886258718,
       500097.5003662897,
       368
      ],
      [
       1161648.8629775562,
       500097.71548198257,
       368
      ],
      [
       1161648.8324932875,
       500098.0639403041,
       368
      ],
      [
       1161648.794805912,
       500098.54574125435,
       368
      ],
      [
       1161648.7499154296,
       500099.1608848333,
       368
      ],
      [
       1161648.6978218404,
       500099.909371041,
       368
      ],
      [
       1161648.6553320412,
       500100.6578572487,
       368
      ],
      [
       1161648.6224460322,
       500101.40634345624,
       368
      ],
      [
       1161648.5991638133,
       500102.1548296639,
       368
      ],
      [
       1161648.585485384,
       500102.9033158716,
       368
      ],
      [
       1161648.571022582,
       500103.6518020793,
       368
      ],
      [
       1161648.5557754068,
       500104.4002882869,
       368
      ],
      [
       1161648.5397438582,
       500105.1487744946,
       368
      ],
      [
       1161648.5229279364,
       500105.8972607023,
       368
      ],
      [
       1161648.4940907864,
       500106.64574690996,
       368
      ],
      [
       1161648.4532324083,
       500107.39423311764,
       368
      ],
      [
       1161648.4003528021,
       500108.1427193253,
       368
      ],
      [
       1161648.3354519675,
       500108.891205533,
       368
      ],
      [
       1161648.2769237347,
       500109.6396917407,
       368
      ],
      [
       1161648.2247681026,
       500110.3881779483,
       368
      ],
      [
       1161648.1789850723,
       500111.136664156,
       368
      ],
      [
       1161648.1395746435,
       500111.8851503637,
       368
      ],
      [
       1161648.090424749,
       500112.6336365714,
       368
      ],
      [
       1161648.0315353896,
       500113.38212277903,
       368
      ],
      [
       1161647.9629065646,
       500114.1306089867,
       368
      ],
      [
       1161647.8845382747,
       500114.87909519434,
       368
      ],
      [
       1161647.8466905737,
       500115.62758140196,
       368
      ],
      [
       1161647.8493634616,
       500116.37606760976,
       368
      ],
      [
       1161647.8925569388,
       500117.1245538174,
       368
      ],
      [
       1161647.9762710049,
       500117.873040025,
       368
      ],
      [
       1161648.0762109237,
       500118.6215262327,
       368
      ],
      [
       1161648.192376695,
       500119.3700124403,
       368
      ],
      [
       1161648.3247683193,
       500120.118498648,
       368
      ],
      [
       1161648.4733857962,
       500120.86698485573,
       368
      ],
      [
       1161648.5989031817,
       500121.5117894672,
       368
      ],
      [
       1161648.7013204764,
       500122.05291248235,
       368
      ],
      [
       1161648.7806376796,
       500122.4903539013,
       368
      ],
      [
       1161648.8368547922,
       500122.82411372405,
       368
      ],
      [
       1161648.8969124774,
       500123.17811518733,
       368
      ],
      [
       1161648.9608107358,
       500123.5523582911,
       368
      ],
      [
       1161649.0285495666,
       500123.9468430355,
       368
      ],
      [
       1161649.1001289703,
       500124.36156942055,
       368
      ],
      [
       1161649.166017045,
       500124.8597357612,
       368
      ],
      [
       1161649.2262137907,
       500125.4413420574,
       368
      ],
      [
       1161649.2807192076,
       500126.10638830945,
       368
      ],
      [
       1161649.3295332952,
       500126.8548745171,
       368
      ],
      [
       1161649.3655209152,
       500127.6033607248,
       368
      ],
      [
       1161649.3886820674,
       500128.35184693243,
       368
      ],
      [
       1161649.3990167514,
       500129.1003331401,
       368
      ],
      [
       1161649.396524968,
       500129.8488193478,
       368
      ],
      [
       1161649.3904159646,
       500130.5973055555,
       368
      ],
      [
       1161649.3806897418,
       500131.34579176304,
       368
      ],
      [
       1161649.3673462993,
       500132.0942779707,
       368
      ],
      [
       1161649.350385637,
       500132.8427641784,
       368
      ],
      [
       1161649.3335782576,
       500133.5912503861,
       368
      ],
      [
       1161649.3169241606,
       500134.3397365937,
       368
      ],
      [
       1161649.300423346,
       500135.0882228014,
       368
      ],
      [
       1161649.2840758143,
       500135.8367090091,
       368
      ],
      [
       1161649.2696734036,
       500136.58519521676,
       368
      ],
      [
       1161649.257216114,
       500137.3336814244,
       368
      ],
      [
       1161649.246703946,
       500138.08216763206,
       368
      ],
      [
       1161649.2381368987,
       500138.8306538398,
       368
      ],
      [
       1161649.2423596866,
       500139.5791400475,
       368
      ],
      [
       1161649.2593723098,
       500140.3276262551,
       368
      ],
      [
       1161649.2891747677,
       500141.0761124628,
       368
      ],
      [
       1161649.3317670606,
       500141.8245986705,
       368
      ],
      [
       1161649.4272226873,
       500142.57308487815,
       368
      ],
      [
       1161649.5755416476,
       500143.32157108583,
       368
      ],
      [
       1161649.7767239416,
       500144.0700572935,
       368
      ],
      [
       1161650.030769569,
       500144.81854350114,
       368
      ],
      [
       1161650.26254764,
       500145.56702970876,
       368
      ],
      [
       1161650.4720581537,
       500146.31551591656,
       368
      ],
      [
       1161650.6593011108,
       500147.0640021242,
       368
      ],
      [
       1161650.824276511,
       500147.8124883318,
       368
      ],
      [
       1161650.9765297319,
       500148.5609745395,
       368
      ],
      [
       1161651.116060773,
       500149.3094607471,
       368
      ],
      [
       1161651.2428696349,
       500150.0579469548,
       368
      ],
      [
       1161651.3569563173,
       500150.80643316254,
       368
      ],
      [
       1161651.4515889941,
       500151.5549193702,
       368
      ],
      [
       1161651.5267676653,
       500152.30340557784,
       368
      ],
      [
       1161651.5824923308,
       500153.0518917855,
       368
      ],
      [
       1161651.6187629905,
       500153.8003779932,
       368
      ],
      [
       1161651.6610882548,
       500154.5114686707,
       368
      ],
      [
       1161651.7094681237,
       500155.1851638179,
       368
      ],
      [
       1161651.7639025971,
       500155.8214634349,
       368
      ],
      [
       1161651.8243916747,
       500156.4203675217,
       368
      ],
      [
       1161651.8736638466,
       500156.906941117,
       368
      ],
      [
       1161651.9117191127,
       500157.28118422086,
       368
      ],
      [
       1161651.9385574728,
       500157.5430968332,
       368
      ],
      [
       1161651.9541789268,
       500157.6926789541,
       368
      ],
      [
       1161652.006953961,
       500157.99198709667,
       368
      ],
      [
       1161652.0968825752,
       500158.4410212609,
       368
      ],
      [
       1161652.2239647694,
       500159.0397814469,
       368
      ],
      [
       1161652.3882005434,
       500159.7882676546,
       368
      ],
      [
       1161652.5585275106,
       500160.5367538623,
       368
      ],
      [
       1161652.7349456707,
       500161.28524006985,
       368
      ],
      [
       1161652.9174550239,
       500162.0337262775,
       368
      ],
      [
       1161653.10605557,
       500162.7822124852,
       368
      ]
     ]
    },
    "elevationFt": 368,
    "weight": "intermediate",
    "hidden": false
   }
  },
  {
   "type": "Feature",
   "geometry": {
    "type": "LineString",
    "coordinates": [
     [
      -77.53037787438892,
      39.038206479954766
     ],
     [
      -77.53037834617615,
      39.03820762643175
     ],
     [
      -77.5303787152003,
      39.03820847120054
     ],
     [
      -77.5303791407413,
      39.038209406276856
     ],
     [
      -77.53037962279915,
      39.038210431660694
     ],
     [
      -77.53038016137386,
      39.03821154735205
     ],
     [
      -77.53038075646542,
      39.03821275335091
     ],
     [
      -77.53038141941349,
      39.03821417065254
     ],
     [
      -77.53038215021807,
      39.03821579925691
     ],
     [
      -77.5303829488792,
      39.038217639164024
     ],
     [
      -77.53038381539686,
      39.03821969037388
     ],
     [
      -77.53038464028316,
      39.03822174177239
     ],
     [
      -77.5303854235381,
      39.038223793359506
     ],
     [
      -77.53038616516169,
      39.038225845135266
     ],
     [
      -77.53038686515391,
      39.03822789709967
     ],
     [
      -77.53038752123285,
      39.038229812126254
     ],
     [
      -77.53038813339853,
      39.03823159021508
     ],
     [
      -77.5303887016509,
      39.03823323136609
     ],
     [
      -77.53038922598999,
      39.03823473557933
     ],
     [
      -77.53038967117348,
      39.0382360006407
     ],
     [
      -77.53039003720139,
      39.038237026550256
     ],
     [
      -77.53039032407366,
      39.038237813307944
     ],
     [
      -77.53039053179035,
      39.0382383609138
     ],
     [
      -77.53039090640468,
      39.038239284410686
     ],
     [
      -77.53039144791668,
      39.038240583798604
     ],
     [
      -77.53039215632637,
      39.03824225907754
     ],
     [
      -77.53039303163378,
      39.0382443102475
     ],
     [
      -77.53039401306448,
      39.03824636093657
     ],
     [
      -77.53039510061848,
      39.038248411144785
     ],
     [
      -77.53039629429577,
      39.038250460872085
     ],
     [
      -77.5303975940964,
      39.03825251011852
     ],
     [
      -77.53039864144328,
      39.03825414771907
     ],
     [
      -77.53039943633642,
      39.03825537367375
     ],
     [
      -77.53039997877579,
      39.03825618798256
     ],
     [
      -77.53040026876137,
      39.038256590645524
     ],
     [
      -77.53040076945713,
      39.03825730414925
     ],
     [
      -77.53040148086313,
      39.03825832849375
     ],
     [
      -77.53040240297938,
      39.038259663679
     ],
     [
      -77.53040353580589,
      39.038261309705
     ],
     [
      -77.53040468002929,
      39.03826305667359
     ],
     [
      -77.53040583564959,
      39.03826490458479
     ],
     [
      -77.53040700266678,
      39.03826685343855
     ],
     [
      -77.53040818108089,
      39.03826890323491
     ],
     [
      -77.53040915438002,
      39.03827065792529
     ],
     [
      -77.53040992256419,
      39.03827211750972
     ],
     [
      -77.53041048563334,
      39.0382732819882
     ],
     [
      -77.53041084358748,
      39.03827415136073
     ],
     [
      -77.530411232739,
      39.03827509887866
     ],
     [
      -77.5304116530879,
      39.038276124541966
     ],
     [
      -77.53041210463418,
      39.038277228350665
     ],
     [
      -77.53041258737785,
      39.03827841030478
     ],
     [
      -77.53041313068073,
      39.03827980973312
     ],
     [
      -77.5304137345428,
      39.03828142663565
     ],
     [
      -77.53041439896411,
      39.0382832610124
     ],
     [
      -77.53041512394462,
      39.03828531286338
     ],
     [
      -77.53041585278092,
      39.03828736469688
     ],
     [
      -77.53041658547299,
      39.038289416512896
     ],
     [
      -77.53041732202081,
      39.03829146831144
     ],
     [
      -77.53041806242443,
      39.038293520092495
     ],
     [
      -77.53041877701399,
      39.03829557199053
     ],
     [
      -77.53041946578948,
      39.03829762400554
     ],
     [
      -77.5304201287509,
      39.038299676137505
     ],
     [
      -77.53042076589828,
      39.03830172838644
     ],
     [
      -77.53042127058256,
      39.03830335872952
     ],
     [
      -77.53042164280373,
      39.03830456716674
     ],
     [
      -77.53042188256175,
      39.03830535369811
     ],
     [
      -77.53042198985663,
      39.0383057183236
     ],
     [
      -77.5304221814376,
      39.03830641379534
     ],
     [
      -77.53042245730464,
      39.03830744011332
     ],
     [
      -77.53042281745778,
      39.03830879727755
     ],
     [
      -77.53042326189698,
      39.038310485288044
     ],
     [
      -77.53042381444808,
      39.03831226408653
     ],
     [
      -77.53042447511108,
      39.03831413367305
     ],
     [
      -77.53042524388597,
      39.03831609404757
     ],
     [
      -77.53042612077279,
      39.03831814521009
     ],
     [
      -77.53042708585822,
      39.03832019597294
     ],
     [
      -77.53042813914229,
      39.038322246336115
     ],
     [
      -77.53042928062499,
      39.038324296299585
     ],
     [
      -77.53043051030633,
      39.03832634586337
     ],
     [
      -77.53043146500366,
      39.03832796485694
     ],
     [
      -77.53043214471694,
      39.038329153280294
     ],
     [
      -77.53043254944616,
      39.03832991113343
     ],
     [
      -77.53043267919129,
      39.03833023841637
     ],
     [
      -77.53043292127253,
      39.03833091503884
     ],
     [
      -77.53043327568993,
      39.03833194100084
     ],
     [
      -77.53043374244344,
      39.038333316302385
     ],
     [
      -77.53043432153312,
      39.038335040943444
     ],
     [
      -77.53043487868477,
      39.03833684765164
     ],
     [
      -77.53043541389843,
      39.038338736426965
     ],
     [
      -77.53043592717407,
      39.03834070726945
     ],
     [
      -77.53043641851168,
      39.03834276017904
     ],
     [
      -77.5304369420432,
      39.03834481294273
     ],
     [
      -77.53043749776857,
      39.038346865560555
     ],
     [
      -77.53043808568785,
      39.03834891803247
     ],
     [
      -77.53043870580102,
      39.03835097035848
     ],
     [
      -77.53043926815839,
      39.03835302294623
     ],
     [
      -77.53043977275998,
      39.038355075795685
     ],
     [
      -77.53044021960578,
      39.03835712890689
     ],
     [
      -77.53044060869578,
      39.0383591822798
     ],
     [
      -77.53044092418563,
      39.03836123598625
     ],
     [
      -77.53044116607532,
      39.038363290026226
     ],
     [
      -77.53044133436484,
      39.03836534439972
     ],
     [
      -77.53044142905416,
      39.03836739910676
     ],
     [
      -77.53044154160436,
      39.03836945373285
     ],
     [
      -77.5304416720154,
      39.038371508278
     ],
     [
      -77.53044182028731,
      39.03837356274221
     ],
     [
      -77.53044198642006,
      39.03837561712547
     ],
     [
      -77.53044220306987,
      39.03837767127981
     ],
     [
      -77.53044247023678,
      39.03837972520523
     ],
     [
      -77.53044278792078,
      39.03838177890172
     ],
     [
      -77.53044315612186,
      39.03838383236928
     ],
     [
      -77.5304434403438,
      39.03838540941475
     ],
     [
      -77.53044364058663,
      39.038386510038116
     ],
     [
      -77.53044375685029,
      39.03838713423939
     ],
     [
      -77.53044378913478,
      39.03838728201857
     ],
     [
      -77.53044392946332,
      39.038387869129416
     ],
     [
      -77.53044417783586,
      39.038388895571934
     ],
     [
      -77.53044453425244,
      39.03839036134613
     ],
     [
      -77.53044499871308,
      39.038392266451986
     ],
     [
      -77.53044546884487,
      39.03839420851351
     ],
     [
      -77.53044594464781,
      39.038396187530694
     ],
     [
      -77.53044642612191,
      39.03839820350355
     ],
     [
      -77.53044691326718,
      39.03840025643207
     ],
     [
      -77.53044731109031,
      39.03840230976539
     ],
     [
      -77.53044761959129,
      39.038404363503474
     ],
     [
      -77.5304478387701,
      39.03840641764632
     ],
     [
      -77.53044796862676,
      39.03840847219396
     ],
     [
      -77.53044807734913,
      39.03841052683737
     ],
     [
      -77.53044816493724,
      39.038412581576544
     ],
     [
      -77.53044823139109,
      39.038414636411524
     ],
     [
      -77.53044827671067,
      39.038416691342256
     ],
     [
      -77.53044843108957,
      39.038418745778756
     ],
     [
      -77.53044869452779,
      39.03842079972103
     ],
     [
      -77.53044906702534,
      39.03842285316911
     ],
     [
      -77.53044954858225,
      39.038424906122934
     ],
     [
      -77.53044991089406,
      39.038426959617134
     ],
     [
      -77.53045015396076,
      39.03842901365173
     ],
     [
      -77.53045027778232,
      39.03843106822669
     ],
     [
      -77.53045028235877,
      39.038433123342074
     ],
     [
      -77.53045027896452,
      39.03843517849355
     ],
     [
      -77.53045026759962,
      39.03843723368114
     ],
     [
      -77.53045024826402,
      39.03843928890487
     ],
     [
      -77.53045022095775,
      39.03844134416471
     ],
     [
      -77.53045022963924,
      39.03844339926145
     ],
     [
      -77.5304502743085,
      39.03844545419512
     ],
     [
      -77.53045035496552,
      39.0384475089657
     ],
     [
      -77.53045047161031,
      39.0384495635732
     ],
     [
      -77.53045058370294,
      39.038451618201314
     ],
     [
      -77.53045069124343,
      39.03845367285006
     ],
     [
      -77.53045079423177,
      39.038455727519434
     ],
     [
      -77.53045089266793,
      39.03845778220943
     ],
     [
      -77.53045095820308,
      39.038459837048535
     ],
     [
      -77.53045099083718,
      39.03846189203675
     ],
     [
      -77.53045099057022,
      39.03846394717403
     ],
     [
      -77.53045095740222,
      39.03846600246042
     ],
     [
      -77.53045091153152,
      39.03846805780439
     ],
     [
      -77.53045085295807,
      39.0384701132059
     ],
     [
      -77.53045078168192,
      39.03847216866498
     ],
     [
      -77.53045069770303,
      39.03847422418163
     ],
     [
      -77.53045061070445,
      39.03847627971195
     ],
     [
      -77.53045052068614,
      39.038478335255995
     ],
     [
      -77.53045042764813,
      39.038480390813696
     ],
     [
      -77.5304503315904,
      39.03848244638506
     ],
     [
      -77.53045022932338,
      39.03848450198458
     ],
     [
      -77.53045012084702,
      39.03848655761224
     ],
     [
      -77.53045000616137,
      39.03848861326803
     ],
     [
      -77.5304498852664,
      39.038490668951965
     ],
     [
      -77.53044983705053,
      39.038492724306536
     ],
     [
      -77.53044986151373,
      39.03849477933176
     ],
     [
      -77.53044995865604,
      39.038496834027605
     ],
     [
      -77.53045012847743,
      39.03849888839409
     ],
     [
      -77.53045034678536,
      39.03850094254085
     ],
     [
      -77.53045061357983,
      39.03850299646788
     ],
     [
      -77.53045092886086,
      39.038505050175196
     ],
     [
      -77.53045129262844,
      39.03850710366277
     ],
     [
      -77.53045165645229,
      39.03850915715008
     ],
     [
      -77.53045202033245,
      39.03851121063714
     ],
     [
      -77.5304523842689,
      39.03851326412395
     ],
     [
      -77.53045274826164,
      39.038515317610496
     ],
     [
      -77.53045307367938,
      39.03851737127185
     ],
     [
      -77.53045336052212,
      39.03851942510801
     ],
     [
      -77.53045360878984,
      39.038521479118984
     ],
     [
      -77.53045381848257,
      39.03852353330479
     ],
     [
      -77.53045405183951,
      39.03852558738333
     ],
     [
      -77.5304543088607,
      39.038527641354634
     ],
     [
      -77.53045458954612,
      39.03852969521869
     ],
     [
      -77.53045489389577,
      39.03853174897551
     ],
     [
      -77.53045513061309,
      39.03853337047919
     ],
     [
      -77.53045529969808,
      39.03853455972973
     ],
     [
      -77.5304554011507,
      39.03853531672714
     ],
     [
      -77.53045543497099,
      39.038535641471405
     ],
     [
      -77.5304555034207,
      39.03853631739398
     ],
     [
      -77.53045560649983,
      39.038537344494884
     ],
     [
      -77.53045574420838,
      39.0385387227741
     ],
     [
      -77.53045591654637,
      39.03854045223163
     ],
     [
      -77.5304560720034,
      39.03854226299004
     ],
     [
      -77.53045621057946,
      39.038544155049316
     ],
     [
      -77.53045633227454,
      39.03854612840949
     ],
     [
      -77.53045643708866,
      39.038548183070546
     ],
     [
      -77.53045655953191,
      39.03855023765171
     ],
     [
      -77.5304566996043,
      39.03855229215298
     ],
     [
      -77.53045685730584,
      39.03855434657437
     ],
     [
      -77.5304570326365,
      39.03855640091585
     ],
     [
      -77.53045716475879,
      39.03855845545314
     ],
     [
      -77.53045725367265,
      39.03856051018626
     ],
     [
      -77.53045729937813,
      39.03856256511517
     ],
     [
      -77.53045730187519,
      39.0385646202399
     ],
     [
      -77.53045723109116,
      39.038566675696714
     ],
     [
      -77.53045708702608,
      39.03856873148562
     ],
     [
      -77.53045686967991,
      39.03857078760662
     ],
     [
      -77.53045657905265,
      39.03857284405971
     ],
     [
      -77.53045635358234,
      39.03857490021751
     ],
     [
      -77.53045619326895,
      39.03857695608005
     ],
     [
      -77.53045609811248,
      39.038579011647315
     ],
     [
      -77.53045606811297,
      39.038581066919306
     ],
     [
      -77.5304560766133,
      39.038583122016796
     ],
     [
      -77.53045612361348,
      39.03858517693984
     ],
     [
      -77.5304562091135,
      39.0385872316884
     ],
     [
      -77.53045633311339,
      39.0385892862625
     ],
     [
      -77.53045644782569,
      39.03859134087869
     ],
     [
      -77.5304565532504,
      39.03859339553694
     ],
     [
      -77.53045664938753,
      39.0385954502373
     ],
     [
      -77.53045673623707,
      39.038597504979755
     ],
     [
      -77.5304567515961,
      39.03859956004617
     ],
     [
      -77.53045669546466,
      39.03860161543657
     ],
     [
      -77.5304565678427,
      39.038603671150945
     ],
     [
      -77.53045636873024,
      39.03860572718929
     ],
     [
      -77.53045621781429,
      39.03860741602771
     ],
     [
      -77.53045611509488,
      39.03860873766617
     ],
     [
      -77.53045606057202,
      39.03860969210469
     ],
     [
      -77.53045605424569,
      39.038610279343274
     ],
     [
      -77.53045604630776,
      39.0386110867682
     ],
     [
      -77.53045603675824,
      39.03861211437948
     ],
     [
      -77.5304560255971,
      39.038613362177124
     ],
     [
      -77.53045601282437,
      39.03861483016111
     ],
     [
      -77.5304560088786,
      39.03861644490758
     ],
     [
      -77.5304560137598,
      39.03861820641651
     ],
     [
      -77.53045602746793,
      39.03862011468792
     ],
     [
      -77.53045605000305,
      39.03862216972182
     ],
     [
      -77.5304560724958,
      39.038623908228985
     ],
     [
      -77.53045609494617,
      39.03862533020939
     ],
     [
      -77.53045611735416,
      39.03862643566309
     ],
     [
      -77.53045613971979,
      39.03862722459006
     ],
     [
      -77.5304561655838,
      39.038628132771
     ],
     [
      -77.53045619494617,
      39.038629160205936
     ],
     [
      -77.53045622780692,
      39.038630306894866
     ],
     [
      -77.53045626416603,
      39.0386315728378
     ],
     [
      -77.5304563885729,
      39.03863303563879
     ],
     [
      -77.53045660102754,
      39.03863469529786
     ],
     [
      -77.53045690152993,
      39.03863655181498
     ],
     [
      -77.53045729008011,
      39.03863860519017
     ],
     [
      -77.53045769837506,
      39.038640658475884
     ],
     [
      -77.53045812641477,
      39.038642711672125
     ],
     [
      -77.53045857419926,
      39.038644764778866
     ],
     [
      -77.5304590417285,
      39.038646817796135
     ],
     [
      -77.53045945704014,
      39.038648871050036
     ],
     [
      -77.53045982013415,
      39.03865092454057
     ],
     [
      -77.53046013101057,
      39.03865297826775
     ],
     [
      -77.53046038966934,
      39.038655032231574
     ],
     [
      -77.5304605587366,
      39.03865708660138
     ],
     [
      -77.53046063821235,
      39.03865914137722
     ],
     [
      -77.53046062809655,
      39.03866119655907
     ],
     [
      -77.53046052838923,
      39.03866325214691
     ],
     [
      -77.53046034532142,
      39.03866530811252
     ],
     [
      -77.53046007889314,
      39.038667364455904
     ],
     [
      -77.5304597291044,
      39.03866942117707
     ],
     [
      -77.53045929595515,
      39.038671478275994
     ],
     [
      -77.53045896639883,
      39.03867353490546
     ],
     [
      -77.53045874043544,
      39.03867559106547
     ],
     [
      -77.530458618065,
      39.03867764675601
     ],
     [
      -77.53045859928751,
      39.038679701977095
     ],
     [
      -77.53045852188046,
      39.03868175746388
     ],
     [
      -77.53045838584386,
      39.03868381321635
     ],
     [
      -77.53045819117766,
      39.03868586923451
     ],
     [
      -77.53045793788192,
      39.03868792551837
     ],
     [
      -77.53045769160758,
      39.03868961357117
     ],
     [
      -77.53045745235468,
      39.03869093339291
     ],
     [
      -77.53045722012321,
      39.038691884983564
     ],
     [
      -77.53045699491318,
      39.03869246834319
     ],
     [
      -77.53045669831077,
      39.038693274640835
     ],
     [
      -77.53045633031597,
      39.038694303876476
     ],
     [
      -77.53045589092878,
      39.038695556050136
     ],
     [
      -77.53045538014916,
      39.03869703116182
     ],
     [
      -77.53045490349308,
      39.038698651703626
     ],
     [
      -77.53045446096053,
      39.03870041767553
     ],
     [
      -77.53045405255148,
      39.03870232907756
     ],
     [
      -77.53045367826597,
      39.038704385909696
     ],
     [
      -77.53045336598747,
      39.03870644246083
     ],
     [
      -77.53045311571599,
      39.03870849873096
     ],
     [
      -77.53045292745153,
      39.0387105547201
     ],
     [
      -77.5304528011941,
      39.03871261042822
     ],
     [
      -77.53045272194969,
      39.03871466592331
     ],
     [
      -77.53045268971826,
      39.03871672120535
     ],
     [
      -77.53045270449987,
      39.03871877627432
     ],
     [
      -77.53045276629447,
      39.03872083113026
     ],
     [
      -77.53045282771046,
      39.038722885987895
     ],
     [
      -77.53045288874787,
      39.03872494084727
     ],
     [
      -77.53045294940667,
      39.038726995708366
     ],
     [
      -77.53045300968684,
      39.03872905057115
     ],
     [
      -77.53045304537387,
      39.03873110554539
     ],
     [
      -77.53045305646779,
      39.03873316063107
     ],
     [
      -77.53045304296856,
      39.03873521582821
     ],
     [
      -77.5304530048762,
      39.03873727113679
     ],
     [
      -77.53045295958138,
      39.038739326478016
     ],
     [
      -77.53045290708411,
      39.038741381851885
     ],
     [
      -77.5304528473844,
      39.03874343725837
     ],
     [
      -77.53045278048224,
      39.03874549269752
     ],
     [
      -77.53045271446058,
      39.03874754813268
     ],
     [
      -77.53045264931943,
      39.038749603563815
     ],
     [
      -77.5304525850588,
      39.03875165899099
     ],
     [
      -77.53045252167865,
      39.03875371441416
     ],
     [
      -77.53045239365497,
      39.03875577013028
     ],
     [
      -77.53045220098771,
      39.038757826139346
     ],
     [
      -77.53045194367688,
      39.03875988244135
     ],
     [
      -77.53045162172248,
      39.03876193903631
     ],
     [
      -77.5304512038406,
      39.03876399606596
     ],
     [
      -77.53045069003126,
      39.03876605353034
     ],
     [
      -77.53045008029443,
      39.03876811142943
     ],
     [
      -77.5304493746301,
      39.038770169763225
     ],
     [
      -77.53044874797824,
      39.03877209896183
     ],
     [
      -77.53044820033882,
      39.03877389902523
     ],
     [
      -77.5304477317119,
      39.03877556995346
     ],
     [
      -77.53044734209746,
      39.0387771117465
     ],
     [
      -77.5304470127287,
      39.038778397036786
     ],
     [
      -77.53044674360565,
      39.03877942582434
     ],
     [
      -77.53044653472833,
      39.038780198109144
     ],
     [
      -77.53044638609668,
      39.038780713891185
     ],
     [
      -77.53044619486715,
      39.038781614873145
     ],
     [
      -77.53044596103969,
      39.038782901055
     ],
     [
      -77.5304456846143,
      39.03878457243673
     ],
     [
      -77.530445365591,
      39.038786629018375
     ],
     [
      -77.53044514950378,
      39.03878868513353
     ],
     [
      -77.53044503635262,
      39.03879074078224
     ],
     [
      -77.53044502613753,
      39.03879279596447
     ],
     [
      -77.53044511885852,
      39.038794850680226
     ],
     [
      -77.53044514520127,
      39.03879690569677
     ],
     [
      -77.53044510516575,
      39.03879896101412
     ],
     [
      -77.53044499875199,
      39.038801016632284
     ],
     [
      -77.53044482595995,
      39.038803072551254
     ],
     [
      -77.53044450748554,
      39.03880512913039
     ],
     [
      -77.53044404332873,
      39.03880718636971
     ],
     [
      -77.53044343348955,
      39.03880924426922
     ],
     [
      -77.53044267796794,
      39.03881130282886
     ],
     [
      -77.53044186561735,
      39.038813361646056
     ],
     [
      -77.53044099643772,
      39.03881542072077
     ],
     [
      -77.53044007042905,
      39.038817480053
     ],
     [
      -77.53043908759138,
      39.03881953964274
     ],
     [
      -77.53043828455131,
      39.03882125190174
     ],
     [
      -77.53043766130885,
      39.03882261683003
     ],
     [
      -77.53043721786406,
      39.03882363442757
     ],
     [
      -77.53043695421694,
      39.03882430469438
     ],
     [
      -77.53043662215148,
      39.03882515451919
     ],
     [
      -77.53043622166771,
      39.038826183901975
     ]
    ]
   },
   "properties": {
    "id": "ct-4",
    "kind": "Contour",
    "sourceId": "contours",
    "reliabilityLevel": 1,
    "revision": 1,
    "engineeringGeometry": {
     "crs": "EPSG:2248",
     "crsName": "NAD83 / Maryland State Plane (US survey feet)",
     "datum": "NAD83",
     "unit": "usSurveyFoot",
     "coordinates": [
      [
       1161685.2376685042,
       499936.40922017186,
       370
      ],
      [
       1161685.1060899128,
       499936.82754878246,
       370
      ],
      [
       1161685.0030613192,
       499937.13582486066,
       370
      ],
      [
       1161684.8841710023,
       499937.47708445165,
       370
      ],
      [
       1161684.7494189618,
       499937.8513275555,
       370
      ],
      [
       1161684.598805198,
       499938.2585541722,
       370
      ],
      [
       1161684.4323297108,
       499938.6987643016,
       370
      ],
      [
       1161684.2470276628,
       499939.21604345064,
       370
      ],
      [
       1161684.0428990545,
       499939.8103916192,
       370
      ],
      [
       1161683.8199438853,
       499940.48180880735,
       370
      ],
      [
       1161683.5781621558,
       499941.2302950149,
       370
      ],
      [
       1161683.3482056397,
       499941.9787812226,
       370
      ],
      [
       1161683.1300743371,
       499942.7272674304,
       370
      ],
      [
       1161682.9237682482,
       499943.475753638,
       370
      ],
      [
       1161682.7292873727,
       499944.22423984564,
       370
      ],
      [
       1161682.5469896873,
       499944.9227804686,
       370
      ],
      [
       1161682.3768751917,
       499945.5713755068,
       370
      ],
      [
       1161682.2189438865,
       499946.1700249603,
       370
      ],
      [
       1161682.0731957713,
       499946.71872882906,
       370
      ],
      [
       1161681.9494246307,
       499947.1802023154,
       370
      ],
      [
       1161681.8476304647,
       499947.5544454192,
       370
      ],
      [
       1161681.7678132732,
       499947.84145814064,
       370
      ],
      [
       1161681.7099730563,
       499948.0412404795,
       370
      ],
      [
       1161681.6055233295,
       499948.3781987856,
       370
      ],
      [
       1161681.4544640926,
       499948.8523330589,
       370
      ],
      [
       1161681.2567953458,
       499949.46364329936,
       370
      ],
      [
       1161681.0125170886,
       499950.21212950704,
       370
      ],
      [
       1161680.738095013,
       499950.9606157147,
       370
      ],
      [
       1161680.433529119,
       499951.70910192234,
       370
      ],
      [
       1161680.098819406,
       499952.45758813,
       370
      ],
      [
       1161679.7339658742,
       499953.2060743377,
       370
      ],
      [
       1161679.4399471749,
       499953.804221372,
       370
      ],
      [
       1161679.216763308,
       499954.2520292329,
       370
      ],
      [
       1161679.0644142735,
       499954.54949792044,
       370
      ],
      [
       1161678.982900071,
       499954.6966274347,
       370
      ],
      [
       1161678.8421944003,
       499954.9573137437,
       370
      ],
      [
       1161678.6422972614,
       499955.33155684755,
       370
      ],
      [
       1161678.383208654,
       499955.8193567462,
       370
      ],
      [
       1161678.0649285777,
       499956.42071343964,
       370
      ],
      [
       1161677.7436249992,
       499957.05885251163,
       370
      ],
      [
       1161677.4192979173,
       499957.73377396225,
       370
      ],
      [
       1161677.091947333,
       499958.44547779136,
       370
      ],
      [
       1161676.7615732457,
       499959.19396399905,
       370
      ],
      [
       1161676.4888346693,
       499959.83463330404,
       370
      ],
      [
       1161676.2737316033,
       499960.3674857062,
       370
      ],
      [
       1161676.1162640483,
       499960.7925212058,
       370
      ],
      [
       1161676.0164320038,
       499961.1097398026,
       370
      ],
      [
       1161675.9079041583,
       499961.4554706529,
       370
      ],
      [
       1161675.7906805116,
       499961.82971375674,
       370
      ],
      [
       1161675.6647610639,
       499962.23246911407,
       370
      ],
      [
       1161675.5301458153,
       499962.66373672494,
       370
      ],
      [
       1161675.3787898056,
       499963.174308985,
       370
      ],
      [
       1161675.2106930348,
       499963.7641858942,
       370
      ],
      [
       1161675.025855503,
       499964.4333674527,
       370
      ],
      [
       1161674.8242772105,
       499965.18185366044,
       370
      ],
      [
       1161674.6216037162,
       499965.9303398681,
       370
      ],
      [
       1161674.41783502,
       499966.67882607575,
       370
      ],
      [
       1161674.2129711227,
       499967.4273122834,
       370
      ],
      [
       1161674.0070120236,
       499968.17579849105,
       370
      ],
      [
       1161673.8083852953,
       499968.9242846987,
       370
      ],
      [
       1161673.6170909381,
       499969.6727709065,
       370
      ],
      [
       1161673.4331289516,
       499970.4212571141,
       370
      ],
      [
       1161673.2564993359,
       499971.1697433217,
       370
      ],
      [
       1161673.1166011363,
       499971.76435164723,
       370
      ],
      [
       1161673.0134343528,
       499972.2050820906,
       370
      ],
      [
       1161672.9469989853,
       499972.49193465174,
       370
      ],
      [
       1161672.9172950336,
       499972.62490933074,
       370
      ],
      [
       1161672.8643509704,
       499972.8785182222,
       370
      ],
      [
       1161672.7881667954,
       499973.252761326,
       370
      ],
      [
       1161672.6887425086,
       499973.74763864226,
       370
      ],
      [
       1161672.5660781106,
       499974.36315017095,
       370
      ],
      [
       1161672.4128982243,
       499975.01190536935,
       370
      ],
      [
       1161672.2292028498,
       499975.69390423753,
       370
      ],
      [
       1161672.014991988,
       499976.40914677543,
       370
      ],
      [
       1161671.770265638,
       499977.1576329832,
       370
      ],
      [
       1161671.5004869145,
       499977.90611919085,
       370
      ],
      [
       1161671.2056558174,
       499978.6546053985,
       370
      ],
      [
       1161670.885772347,
       499979.40309160616,
       370
      ],
      [
       1161670.5408365028,
       499980.15157781384,
       370
      ],
      [
       1161670.273094716,
       499980.74279533786,
       370
      ],
      [
       1161670.0825469864,
       499981.17674417817,
       370
      ],
      [
       1161669.969193314,
       499981.4534243349,
       370
      ],
      [
       1161669.9330336985,
       499981.5728358079,
       370
      ],
      [
       1161669.8657059204,
       499981.81966309634,
       370
      ],
      [
       1161669.7672099792,
       499982.19390620023,
       370
      ],
      [
       1161669.637545875,
       499982.69556511944,
       370
      ],
      [
       1161669.4767136083,
       499983.324639854,
       370
      ],
      [
       1161669.322286196,
       499983.98356745695,
       370
      ],
      [
       1161669.1742636391,
       499984.67234792805,
       370
      ],
      [
       1161669.032645937,
       499985.39098126744,
       370
      ],
      [
       1161668.89743309,
       499986.1394674751,
       370
      ],
      [
       1161668.7530757398,
       499986.8879536828,
       370
      ],
      [
       1161668.5995738865,
       499987.6364398904,
       370
      ],
      [
       1161668.4369275302,
       499988.3849260981,
       370
      ],
      [
       1161668.265136671,
       499989.1334123058,
       370
      ],
      [
       1161668.1097510618,
       499989.8818985135,
       370
      ],
      [
       1161667.9707707025,
       499990.63038472115,
       370
      ],
      [
       1161667.8481955938,
       499991.37887092883,
       370
      ],
      [
       1161667.742025735,
       499992.1273571365,
       370
      ],
      [
       1161667.6567616358,
       499992.8758433442,
       370
      ],
      [
       1161667.592403296,
       499993.6243295518,
       370
      ],
      [
       1161667.5489507152,
       499994.3728157595,
       370
      ],
      [
       1161667.5264038944,
       499995.12130196724,
       370
      ],
      [
       1161667.4987837912,
       499995.8697881749,
       370
      ],
      [
       1161667.4660904058,
       499996.61827438255,
       370
      ],
      [
       1161667.4283237385,
       499997.36676059023,
       370
      ],
      [
       1161667.385483789,
       499998.11524679785,
       370
      ],
      [
       1161667.3282947247,
       499998.8637330055,
       370
      ],
      [
       1161667.2567565455,
       499999.6122192133,
       370
      ],
      [
       1161667.1708692515,
       500000.3607054209,
       370
      ],
      [
       1161667.0706328426,
       500001.1091916285,
       370
      ],
      [
       1161666.993241237,
       500001.68402500096,
       370
      ],
      [
       1161666.9386944342,
       500002.085205538,
       370
      ],
      [
       1161666.906992435,
       500002.3127332399,
       370
      ],
      [
       1161666.8981352388,
       500002.3666081066,
       370
      ],
      [
       1161666.8595194768,
       500002.58066709177,
       370
      ],
      [
       1161666.7911451487,
       500002.9549101956,
       370
      ],
      [
       1161666.6930122543,
       500003.48933741805,
       370
      ],
      [
       1161666.5651207936,
       500004.1839487591,
       370
      ],
      [
       1161666.4356967404,
       500004.89202881686,
       370
      ],
      [
       1161666.3047400948,
       500005.6135775912,
       370
      ],
      [
       1161666.1722508562,
       500006.34859508224,
       370
      ],
      [
       1161666.038229025,
       500007.0970812899,
       370
      ],
      [
       1161665.929578691,
       500007.8455674976,
       370
      ],
      [
       1161665.846299854,
       500008.5940537053,
       370
      ],
      [
       1161665.7883925147,
       500009.34253991296,
       370
      ],
      [
       1161665.7558566725,
       500010.09102612064,
       370
      ],
      [
       1161665.7293239099,
       500010.8395123283,
       370
      ],
      [
       1161665.7087942264,
       500011.58799853595,
       370
      ],
      [
       1161665.6942676227,
       500012.33648474363,
       370
      ],
      [
       1161665.6857440982,
       500013.0849709513,
       370
      ],
      [
       1161665.6462428507,
       500013.833457159,
       370
      ],
      [
       1161665.57576388,
       500014.58194336656,
       370
      ],
      [
       1161665.4743071864,
       500015.33042957424,
       370
      ],
      [
       1161665.3418727694,
       500016.0789157819,
       370
      ],
      [
       1161665.2433092983,
       500016.8274019896,
       370
      ],
      [
       1161665.1786167724,
       500017.5758881972,
       370
      ],
      [
       1161665.1477951922,
       500018.3243744049,
       370
      ],
      [
       1161665.150844558,
       500019.0728606126,
       370
      ],
      [
       1161665.1561579516,
       500019.8213468203,
       370
      ],
      [
       1161665.1637353734,
       500020.56983302796,
       370
      ],
      [
       1161665.1735768237,
       500021.31831923564,
       370
      ],
      [
       1161665.185682302,
       500022.0668054433,
       370
      ],
      [
       1161665.1875656503,
       500022.815291651,
       370
      ],
      [
       1161665.1792268679,
       500023.5637778586,
       370
      ],
      [
       1161665.1606659554,
       500024.3122640663,
       370
      ],
      [
       1161665.1318829125,
       500025.06075027405,
       370
      ],
      [
       1161665.1043928857,
       500025.8092364817,
       370
      ],
      [
       1161665.078195875,
       500026.55772268935,
       370
      ],
      [
       1161665.0532918808,
       500027.30620889703,
       370
      ],
      [
       1161665.0296809028,
       500028.05469510466,
       370
      ],
      [
       1161665.0154152876,
       500028.8031813123,
       370
      ],
      [
       1161665.0104950352,
       500029.5516675201,
       370
      ],
      [
       1161665.0149201462,
       500030.3001537277,
       370
      ],
      [
       1161665.0286906199,
       500031.0486399353,
       370
      ],
      [
       1161665.046069231,
       500031.797126143,
       370
      ],
      [
       1161665.0670559788,
       500032.54561235063,
       370
      ],
      [
       1161665.0916508636,
       500033.2940985583,
       370
      ],
      [
       1161665.1198538854,
       500034.04258476605,
       370
      ],
      [
       1161665.1489146384,
       500034.79107097373,
       370
      ],
      [
       1161665.1788331228,
       500035.53955718136,
       370
      ],
      [
       1161665.2096093388,
       500036.28804338904,
       370
      ],
      [
       1161665.241243286,
       500037.0365295967,
       370
      ],
      [
       1161665.2746409508,
       500037.7850158044,
       370
      ],
      [
       1161665.3098023334,
       500038.533502012,
       370
      ],
      [
       1161665.3467274336,
       500039.2819882197,
       370
      ],
      [
       1161665.3854162516,
       500040.0304744274,
       370
      ],
      [
       1161665.40346098,
       500040.77896063507,
       370
      ],
      [
       1161665.400861619,
       500041.52744684275,
       370
      ],
      [
       1161665.3776181682,
       500042.27593305043,
       370
      ],
      [
       1161665.3337306282,
       500043.0244192581,
       370
      ],
      [
       1161665.276070761,
       500043.7729054658,
       370
      ],
      [
       1161665.2046385673,
       500044.52139167336,
       370
      ],
      [
       1161665.1194340466,
       500045.26987788104,
       370
      ],
      [
       1161665.0204571993,
       500046.0183640887,
       370
      ],
      [
       1161664.9214643687,
       500046.7668502964,
       370
      ],
      [
       1161664.8224555547,
       500047.51533650403,
       370
      ],
      [
       1161664.7234307579,
       500048.2638227117,
       370
      ],
      [
       1161664.6243899777,
       500049.0123089194,
       370
      ],
      [
       1161664.5363062131,
       500049.7607951271,
       370
      ],
      [
       1161664.4591794643,
       500050.5092813347,
       370
      ],
      [
       1161664.393009731,
       500051.2577675424,
       370
      ],
      [
       1161664.337797013,
       500052.0062537501,
       370
      ],
      [
       1161664.2758626097,
       500052.7547399578,
       370
      ],
      [
       1161664.2072065207,
       500053.5032261654,
       370
      ],
      [
       1161664.1318287458,
       500054.2517123731,
       370
      ],
      [
       1161664.0497292848,
       500055.0001985808,
       370
      ],
      [
       1161663.9859249718,
       500055.5911453803,
       370
      ],
      [
       1161663.9404158061,
       500056.0245527716,
       370
      ],
      [
       1161663.9132017887,
       500056.30042075465,
       370
      ],
      [
       1161663.904282919,
       500056.4187493294,
       370
      ],
      [
       1161663.886271297,
       500056.66503516876,
       370
      ],
      [
       1161663.8591669234,
       500057.03927827266,
       370
      ],
      [
       1161663.8229697975,
       500057.541478641,
       370
      ],
      [
       1161663.7776799197,
       500058.17163627374,
       370
      ],
      [
       1161663.737356883,
       500058.83137605025,
       370
      ],
      [
       1161663.7020006878,
       500059.5206979706,
       370
      ],
      [
       1161663.6716113337,
       500060.2396020345,
       370
      ],
      [
       1161663.6461888207,
       500060.9880882421,
       370
      ],
      [
       1161663.6157588551,
       500061.7365744498,
       370
      ],
      [
       1161663.5803214365,
       500062.48506065743,
       370
      ],
      [
       1161663.5398765653,
       500063.2335468651,
       370
      ],
      [
       1161663.4944242411,
       500063.98203307285,
       370
      ],
      [
       1161663.461245014,
       500064.73051928054,
       370
      ],
      [
       1161663.4403388838,
       500065.47900548816,
       370
      ],
      [
       1161663.4317058502,
       500066.22749169584,
       370
      ],
      [
       1161663.4353459137,
       500066.9759779035,
       370
      ],
      [
       1161663.459801034,
       500067.7244641112,
       370
      ],
      [
       1161663.505071212,
       500068.4729503188,
       370
      ],
      [
       1161663.5711564468,
       500069.2214365265,
       370
      ],
      [
       1161663.6580567388,
       500069.9699227342,
       370
      ],
      [
       1161663.7264495858,
       500070.7184089419,
       370
      ],
      [
       1161663.7763349875,
       500071.46689514944,
       370
      ],
      [
       1161663.8077129442,
       500072.2153813571,
       370
      ],
      [
       1161663.8205834562,
       500072.9638675648,
       370
      ],
      [
       1161663.822518315,
       500073.7123537725,
       370
      ],
      [
       1161663.8135175204,
       500074.46083998017,
       370
      ],
      [
       1161663.793581073,
       500075.20932618785,
       370
      ],
      [
       1161663.7627089722,
       500075.9578123955,
       370
      ],
      [
       1161663.7344749568,
       500076.7062986032,
       370
      ],
      [
       1161663.7088790264,
       500077.45478481083,
       370
      ],
      [
       1161663.685921181,
       500078.2032710185,
       370
      ],
      [
       1161663.665601421,
       500078.9517572262,
       370
      ],
      [
       1161663.665588108,
       500079.7002434339,
       370
      ],
      [
       1161663.6858812426,
       500080.4487296415,
       370
      ],
      [
       1161663.7264808244,
       500081.1972158492,
       370
      ],
      [
       1161663.7873868535,
       500081.9457020569,
       370
      ],
      [
       1161663.833826295,
       500082.56053258036,
       370
      ],
      [
       1161663.8657991495,
       500083.0417074197,
       370
      ],
      [
       1161663.8833054162,
       500083.3892265747,
       370
      ],
      [
       1161663.8863450952,
       500083.6030900455,
       370
      ],
      [
       1161663.8903085093,
       500083.8971433328,
       370
      ],
      [
       1161663.895195658,
       500084.2713864366,
       370
      ],
      [
       1161663.9010065417,
       500084.725819357,
       370
      ],
      [
       1161663.90774116,
       500085.26044209383,
       370
      ],
      [
       1161663.9122792152,
       500085.84853069833,
       370
      ],
      [
       1161663.9146207073,
       500086.4900851706,
       370
      ],
      [
       1161663.9147656362,
       500087.1851055106,
       370
      ],
      [
       1161663.9127140022,
       500087.9335917182,
       370
      ],
      [
       1161663.9100045306,
       500088.5667979462,
       370
      ],
      [
       1161663.9066372213,
       500089.08472419437,
       370
      ],
      [
       1161663.9026120747,
       500089.48737046286,
       370
      ],
      [
       1161663.8979290905,
       500089.7747367516,
       370
      ],
      [
       1161663.8925048292,
       500090.10554144793,
       370
      ],
      [
       1161663.8863392905,
       500090.4797845518,
       370
      ],
      [
       1161663.879432475,
       500090.89746606315,
       370
      ],
      [
       1161663.8717843818,
       500091.35858598206,
       370
      ],
      [
       1161663.8395443233,
       500091.89154747315,
       370
      ],
      [
       1161663.7827122994,
       500092.4963505365,
       370
      ],
      [
       1161663.7012883099,
       500093.1729951719,
       370
      ],
      [
       1161663.5952723548,
       500093.92148137966,
       370
      ],
      [
       1161663.4836480275,
       500094.66996758734,
       370
      ],
      [
       1161663.3664153279,
       500095.41845379496,
       370
      ],
      [
       1161663.2435742563,
       500096.16694000264,
       370
      ],
      [
       1161663.1151248121,
       500096.9154262103,
       370
      ],
      [
       1161663.001507465,
       500097.663912418,
       370
      ],
      [
       1161662.9027222148,
       500098.41239862563,
       370
      ],
      [
       1161662.8187690612,
       500099.1608848333,
       370
      ],
      [
       1161662.7496480048,
       500099.909371041,
       370
      ],
      [
       1161662.705974864,
       500100.6578572487,
       370
      ],
      [
       1161662.6877496394,
       500101.40634345624,
       370
      ],
      [
       1161662.6949723307,
       500102.1548296639,
       370
      ],
      [
       1161662.7276429376,
       500102.9033158716,
       370
      ],
      [
       1161662.7839915624,
       500103.6518020793,
       370
      ],
      [
       1161662.8640182056,
       500104.4002882869,
       370
      ],
      [
       1161662.9677228665,
       500105.1487744946,
       370
      ],
      [
       1161663.0951055456,
       500105.8972607023,
       370
      ],
      [
       1161663.1930632982,
       500106.64574690996,
       370
      ],
      [
       1161663.2615961249,
       500107.39423311764,
       370
      ],
      [
       1161663.3007040252,
       500108.1427193253,
       370
      ],
      [
       1161663.3103869993,
       500108.891205533,
       370
      ],
      [
       1161663.336723329,
       500109.6396917407,
       370
      ],
      [
       1161663.379713014,
       500110.3881779483,
       370
      ],
      [
       1161663.4393560546,
       500111.136664156,
       370
      ],
      [
       1161663.5156524505,
       500111.8851503637,
       370
      ],
      [
       1161663.5891752206,
       500112.4995373894,
       370
      ],
      [
       1161663.659924365,
       500112.979825233,
       370
      ],
      [
       1161663.7278998834,
       500113.3260138946,
       370
      ],
      [
       1161663.7931017755,
       500113.5381033741,
       370
      ],
      [
       1161663.8790533436,
       500113.83126966585,
       370
      ],
      [
       1161663.9857545872,
       500114.2055127697,
       370
      ],
      [
       1161664.1132055065,
       500114.66083268565,
       370
      ],
      [
       1161664.2614061013,
       500115.1972294138,
       370
      ],
      [
       1161664.400222225,
       500115.78664851177,
       370
      ],
      [
       1161664.5296538775,
       500116.4290899796,
       370
      ],
      [
       1161664.6497010589,
       500117.1245538174,
       370
      ],
      [
       1161664.7603637693,
       500117.873040025,
       370
      ],
      [
       1161664.8534137788,
       500118.6215262327,
       370
      ],
      [
       1161664.928851088,
       500119.3700124403,
       370
      ],
      [
       1161664.9866756964,
       500120.118498648,
       370
      ],
      [
       1161665.0268876045,
       500120.86698485573,
       370
      ],
      [
       1161665.0537457708,
       500121.6154710634,
       370
      ],
      [
       1161665.067250195,
       500122.36395727104,
       370
      ],
      [
       1161665.0674008774,
       500123.1124434787,
       370
      ],
      [
       1161665.054197818,
       500123.8609296864,
       370
      ],
      [
       1161665.0411023006,
       500124.6094158941,
       370
      ],
      [
       1161665.0281143254,
       500125.35790210176,
       370
      ],
      [
       1161665.015233892,
       500126.10638830945,
       370
      ],
      [
       1161665.0024610006,
       500126.8548745171,
       370
      ],
      [
       1161664.9966736296,
       500127.6033607248,
       370
      ],
      [
       1161664.997871779,
       500128.35184693243,
       370
      ],
      [
       1161665.006055449,
       500129.1003331401,
       370
      ],
      [
       1161665.0212246394,
       500129.8488193478,
       370
      ],
      [
       1161665.038439637,
       500130.5973055555,
       370
      ],
      [
       1161665.057700442,
       500131.34579176304,
       370
      ],
      [
       1161665.0790070542,
       500132.0942779707,
       370
      ],
      [
       1161665.1023594742,
       500132.8427641784,
       370
      ],
      [
       1161665.1254617902,
       500133.5912503861,
       370
      ],
      [
       1161665.1483140027,
       500134.3397365937,
       370
      ],
      [
       1161665.1709161117,
       500135.0882228014,
       370
      ],
      [
       1161665.1932681168,
       500135.8367090091,
       370
      ],
      [
       1161665.2339816962,
       500136.58519521676,
       370
      ],
      [
       1161665.29305685,
       500137.3336814244,
       370
      ],
      [
       1161665.3704935778,
       500138.08216763206,
       370
      ],
      [
       1161665.46629188,
       500138.8306538398,
       370
      ],
      [
       1161665.5893377357,
       500139.5791400475,
       370
      ],
      [
       1161665.7396311448,
       500140.3276262551,
       370
      ],
      [
       1161665.9171721078,
       500141.0761124628,
       370
      ],
      [
       1161666.1219606244,
       500141.8245986705,
       370
      ],
      [
       1161666.3040336398,
       500142.5261838916,
       370
      ],
      [
       1161666.4633911536,
       500143.1808681261,
       370
      ],
      [
       1161666.6000331664,
       500143.788651374,
       370
      ],
      [
       1161666.7139596776,
       500144.3495336353,
       370
      ],
      [
       1161666.810231544,
       500144.81709631794,
       370
      ],
      [
       1161666.8888487653,
       500145.1913394217,
       370
      ],
      [
       1161666.9498113412,
       500145.47226294683,
       370
      ],
      [
       1161666.9931192724,
       500145.6598668932,
       370
      ],
      [
       1161667.0493416353,
       500145.9876914049,
       370
      ],
      [
       1161667.1184784304,
       500146.4557364819,
       370
      ],
      [
       1161667.2005296578,
       500147.0640021242,
       370
      ],
      [
       1161667.295495317,
       500147.8124883318,
       370
      ],
      [
       1161667.3612226776,
       500148.5609745395,
       370
      ],
      [
       1161667.397711739,
       500149.3094607471,
       370
      ],
      [
       1161667.4049625015,
       500150.0579469548,
       370
      ],
      [
       1161667.382974965,
       500150.80643316254,
       370
      ],
      [
       1161667.3798417225,
       500151.5549193702,
       370
      ],
      [
       1161667.395562774,
       500152.30340557784,
       370
      ],
      [
       1161667.4301381195,
       500153.0518917855,
       370
      ],
      [
       1161667.4835677587,
       500153.8003779932,
       370
      ],
      [
       1161667.5783774792,
       500154.5488642009,
       370
      ],
      [
       1161667.7145672804,
       500155.2973504085,
       370
      ],
      [
       1161667.8921371629,
       500156.0458366162,
       370
      ],
      [
       1161668.1110871267,
       500156.7943228239,
       370
      ],
      [
       1161668.3461789696,
       500157.54280903155,
       370
      ],
      [
       1161668.5974126922,
       500158.29129523924,
       370
      ],
      [
       1161668.8647882943,
       500159.0397814469,
       370
      ],
      [
       1161669.1483057765,
       500159.7882676546,
       370
      ],
      [
       1161669.380019655,
       500160.4105517876,
       370
      ],
      [
       1161669.5599299306,
       500160.906633846,
       370
      ],
      [
       1161669.688036603,
       500161.2765138298,
       370
      ],
      [
       1161669.764339672,
       500161.52019173896,
       370
      ],
      [
       1161669.8604558255,
       500161.8291522454,
       370
      ],
      [
       1161669.9763850628,
       500162.2033953493,
       370
      ]
     ]
    },
    "elevationFt": 370,
    "weight": "index",
    "hidden": false
   }
  },
  {
   "type": "Feature",
   "geometry": {
    "type": "LineString",
    "coordinates": [
     [
      -77.53033307792096,
      39.03820553430909
     ],
     [
      -77.53033379117954,
      39.03820758621371
     ],
     [
      -77.5303345238118,
      39.03820963803052
     ],
     [
      -77.53033527581773,
      39.03821168975958
     ],
     [
      -77.53033588721777,
      39.038213386745376
     ],
     [
      -77.53033635801191,
      39.03821472898796
     ],
     [
      -77.53033668820011,
      39.03821571648733
     ],
     [
      -77.53033687778237,
      39.03821634924345
     ],
     [
      -77.5303371321149,
      39.03821717868273
     ],
     [
      -77.53033745119767,
      39.03821820480513
     ],
     [
      -77.5303378350307,
      39.03821942761067
     ],
     [
      -77.53033828361403,
      39.03822084709933
     ],
     [
      -77.53033869945212,
      39.038222425140155
     ],
     [
      -77.53033908254498,
      39.03822416173307
     ],
     [
      -77.53033943289263,
      39.03822605687813
     ],
     [
      -77.53033975049505,
      39.038228110575325
     ],
     [
      -77.53034001966074,
      39.03823016449197
     ],
     [
      -77.53034024038973,
      39.038232218628075
     ],
     [
      -77.53034041268202,
      39.03823427298362
     ],
     [
      -77.53034053653758,
      39.03823632755863
     ],
     [
      -77.53034066256434,
      39.03823838212381
     ],
     [
      -77.53034079076232,
      39.038240436679146
     ],
     [
      -77.53034092113153,
      39.03824249122464
     ],
     [
      -77.53034105367195,
      39.0382445457603
     ],
     [
      -77.53034120475445,
      39.03824660021194
     ],
     [
      -77.53034137437905,
      39.03824865457959
     ],
     [
      -77.53034156254573,
      39.03825070886321
     ],
     [
      -77.53034176925452,
      39.038252763062815
     ],
     [
      -77.53034204767869,
      39.038254816937496
     ],
     [
      -77.53034239781822,
      39.03825687048725
     ],
     [
      -77.53034281967317,
      39.03825892371207
     ],
     [
      -77.5303433132435,
      39.03826097661196
     ],
     [
      -77.53034386718902,
      39.038263029238294
     ],
     [
      -77.53034448150969,
      39.038265081591085
     ],
     [
      -77.53034515620554,
      39.03826713367033
     ],
     [
      -77.53034589127657,
      39.03826918547601
     ],
     [
      -77.53034651365533,
      39.038270881694494
     ],
     [
      -77.53034702334183,
      39.0382722223258
     ],
     [
      -77.53034742033603,
      39.038273207369905
     ],
     [
      -77.53034770463792,
      39.03827383682683
     ],
     [
      -77.53034812068432,
      39.03827466409836
     ],
     [
      -77.53034866847521,
      39.03827568918449
     ],
     [
      -77.53034934801066,
      39.0382769120852
     ],
     [
      -77.53035015929063,
      39.03827833280051
     ],
     [
      -77.5303510961764,
      39.038279910632944
     ],
     [
      -77.53035215866798,
      39.038281645582565
     ],
     [
      -77.53035334676538,
      39.038283537649306
     ],
     [
      -77.53035466046862,
      39.03828558683322
     ],
     [
      -77.53035578166879,
      39.03828738016098
     ],
     [
      -77.53035671036584,
      39.03828891763257
     ],
     [
      -77.53035744655979,
      39.03829019924805
     ],
     [
      -77.53035799025058,
      39.03829122500738
     ],
     [
      -77.5303585215897,
      39.038292250495346
     ],
     [
      -77.53035904057718,
      39.038293275711915
     ],
     [
      -77.53035954721298,
      39.0382943006571
     ],
     [
      -77.5303600414971,
      39.03829532533092
     ],
     [
      -77.53036059856589,
      39.038296606775944
     ],
     [
      -77.53036121841937,
      39.038298144992176
     ],
     [
      -77.53036190105757,
      39.03829993997962
     ],
     [
      -77.53036264648046,
      39.03830199173829
     ],
     [
      -77.53036334040364,
      39.038304043730285
     ],
     [
      -77.5303639828271,
      39.03830609595563
     ],
     [
      -77.53036457375083,
      39.03830814841431
     ],
     [
      -77.53036511317485,
      39.038310201106334
     ],
     [
      -77.53036569860447,
      39.0383122535899
     ],
     [
      -77.53036633003968,
      39.038314305865
     ],
     [
      -77.53036700748049,
      39.038316357931656
     ],
     [
      -77.5303677309269,
      39.03831840978985
     ],
     [
      -77.53036832071278,
      39.038320039341436
     ],
     [
      -77.53036877683813,
      39.03832124658642
     ],
     [
      -77.53036909930293,
      39.0383220315248
     ],
     [
      -77.53036928810715,
      39.03832239415658
     ],
     [
      -77.53036966181183,
      39.03832308799099
     ],
     [
      -77.530370220417,
      39.038324113027976
     ],
     [
      -77.53037096392262,
      39.03832546926759
     ],
     [
      -77.53037189232876,
      39.038327156709855
     ],
     [
      -77.53037283079968,
      39.03832893497828
     ],
     [
      -77.53037377933536,
      39.03833080407291
     ],
     [
      -77.53037473793583,
      39.03833276399375
     ],
     [
      -77.53037570660109,
      39.038334814740786
     ],
     [
      -77.53037662790001,
      39.038336797008306
     ],
     [
      -77.53037750183258,
      39.0383387107963
     ],
     [
      -77.53037832839878,
      39.0383405561048
     ],
     [
      -77.53037910759863,
      39.038342332933766
     ],
     [
      -77.53037972063551,
      39.03834373411987
     ],
     [
      -77.53038016750942,
      39.03834475966308
     ],
     [
      -77.53038044822034,
      39.038345409563455
     ],
     [
      -77.53038056276827,
      39.03834568382094
     ],
     [
      -77.53038094024524,
      39.038346401976966
     ],
     [
      -77.53038158065122,
      39.03834756403155
     ],
     [
      -77.53038248398632,
      39.03834916998464
     ],
     [
      -77.53038365025051,
      39.03835121983625
     ],
     [
      -77.53038477159267,
      39.0383532698914
     ],
     [
      -77.53038584801281,
      39.038355320150096
     ],
     [
      -77.53038687951093,
      39.038357370612324
     ],
     [
      -77.530387866087,
      39.0383594212781
     ],
     [
      -77.53038870990292,
      39.03836146751467
     ],
     [
      -77.53038941095866,
      39.03836350932204
     ],
     [
      -77.53038996925423,
      39.03836554670019
     ],
     [
      -77.53039038478958,
      39.038367579649154
     ],
     [
      -77.53039069750086,
      39.03836910943215
     ],
     [
      -77.53039090738801,
      39.03837013604917
     ],
     [
      -77.53039101445107,
      39.03837065950022
     ],
     [
      -77.53039101869001,
      39.03837067978529
     ],
     [
      -77.53039104629778,
      39.03837120867244
     ],
     [
      -77.53039109727439,
      39.03837224616164
     ],
     [
      -77.53039117161983,
      39.03837379225292
     ],
     [
      -77.5303912693341,
      39.03837584694628
     ],
     [
      -77.53039136998332,
      39.03837790162634
     ],
     [
      -77.53039147356752,
      39.0383799562931
     ],
     [
      -77.53039158008669,
      39.038382010946535
     ],
     [
      -77.5303916895408,
      39.03838406558669
     ],
     [
      -77.53039183089189,
      39.03838612008232
     ],
     [
      -77.53039200413997,
      39.038388174433415
     ],
     [
      -77.53039220928503,
      39.03839022863996
     ],
     [
      -77.53039244632707,
      39.03839228270197
     ],
     [
      -77.53039271280956,
      39.03839433663058
     ],
     [
      -77.53039300873253,
      39.03839639042582
     ],
     [
      -77.53039333409596,
      39.03839844408763
     ],
     [
      -77.53039368889986,
      39.03840049761603
     ],
     [
      -77.53039402472798,
      39.038402551230426
     ],
     [
      -77.53039434158028,
      39.038404604930804
     ],
     [
      -77.5303946394568,
      39.03840665871716
     ],
     [
      -77.53039491835753,
      39.03840871258949
     ],
     [
      -77.53039519585039,
      39.03841076646821
     ],
     [
      -77.53039547193538,
      39.038412820353294
     ],
     [
      -77.53039574661253,
      39.038414874244765
     ],
     [
      -77.53039601988179,
      39.038416928142624
     ],
     [
      -77.53039638465027,
      39.03841898162586
     ],
     [
      -77.53039684091799,
      39.03842103469449
     ],
     [
      -77.5303973886849,
      39.03842308734852
     ],
     [
      -77.53039802795107,
      39.03842513958793
     ],
     [
      -77.53039869788364,
      39.03842715435493
     ],
     [
      -77.5303993984826,
      39.0384291316495
     ],
     [
      -77.53040012974797,
      39.038431071471656
     ],
     [
      -77.53040089167976,
      39.03843297382139
     ],
     [
      -77.53040147701411,
      39.03843443785424
     ],
     [
      -77.530401885751,
      39.03843546357017
     ],
     [
      -77.53040211789043,
      39.038436050969196
     ],
     [
      -77.5304021734324,
      39.038436200051365
     ],
     [
      -77.5304023573509,
      39.03843682500237
     ],
     [
      -77.53040266964591,
      39.0384379258222
     ],
     [
      -77.53040311031751,
      39.03843950251092
     ],
     [
      -77.53040367936566,
      39.038441555068474
     ],
     [
      -77.53040417432068,
      39.03844360796176
     ],
     [
      -77.53040459518255,
      39.038445661190785
     ],
     [
      -77.53040494195126,
      39.03844771475556
     ],
     [
      -77.53040521462681,
      39.038449768656065
     ],
     [
      -77.53040542623418,
      39.038451822833274
     ],
     [
      -77.53040557677338,
      39.03845387728723
     ],
     [
      -77.53040566624436,
      39.03845593201789
     ],
     [
      -77.53040569464716,
      39.03845798702526
     ],
     [
      -77.53040573454143,
      39.03846004198057
     ],
     [
      -77.53040578592717,
      39.03846209688381
     ],
     [
      -77.5304058488044,
      39.03846415173497
     ],
     [
      -77.53040592317312,
      39.03846620653405
     ],
     [
      -77.53040602210825,
      39.038468261221844
     ],
     [
      -77.53040614560983,
      39.038470315798286
     ],
     [
      -77.53040629367784,
      39.038472370263406
     ],
     [
      -77.5304064663123,
      39.03847442461722
     ],
     [
      -77.53040661552627,
      39.03847647907715
     ],
     [
      -77.53040674131975,
      39.038478533643215
     ],
     [
      -77.53040684369276,
      39.038480588315394
     ],
     [
      -77.53040692264526,
      39.0384826430937
     ],
     [
      -77.53040697505473,
      39.03848469799229
     ],
     [
      -77.53040700092114,
      39.038486753011156
     ],
     [
      -77.53040700024452,
      39.038488808150284
     ],
     [
      -77.53040697302484,
      39.03849086340969
     ],
     [
      -77.53040693384622,
      39.03849291872329
     ],
     [
      -77.53040688270863,
      39.03849497409107
     ],
     [
      -77.53040681961208,
      39.038497029513074
     ],
     [
      -77.53040674455659,
      39.03849908498922
     ],
     [
      -77.53040670991315,
      39.03850114028226
     ],
     [
      -77.53040671568179,
      39.03850319539218
     ],
     [
      -77.53040676186251,
      39.03850525031899
     ],
     [
      -77.53040684845531,
      39.038507305062666
     ],
     [
      -77.53040698981961,
      39.03850935955816
     ],
     [
      -77.5304071859554,
      39.038511413805445
     ],
     [
      -77.53040743686269,
      39.03851346780457
     ],
     [
      -77.53040774254147,
      39.03851552155549
     ],
     [
      -77.53040804317467,
      39.03851757532928
     ],
     [
      -77.53040833876229,
      39.03851962912591
     ],
     [
      -77.53040862930432,
      39.03852168294542
     ],
     [
      -77.53040891480076,
      39.038523736787795
     ],
     [
      -77.53040914978676,
      39.03852579085905
     ],
     [
      -77.53040933426236,
      39.038527845159166
     ],
     [
      -77.5304094682275,
      39.03852989968818
     ],
     [
      -77.53040955168225,
      39.03853195444604
     ],
     [
      -77.53040962555455,
      39.03853400924737
     ],
     [
      -77.53040968984445,
      39.03853606409209
     ],
     [
      -77.53040974455192,
      39.03853811898024
     ],
     [
      -77.53040978967695,
      39.0385401739118
     ],
     [
      -77.53040983639234,
      39.03854222883617
     ],
     [
      -77.53040988469805,
      39.03854428375332
     ],
     [
      -77.53040993459408,
      39.03854633866326
     ],
     [
      -77.53040998608043,
      39.038548393565996
     ],
     [
      -77.53041004853995,
      39.038550448419024
     ],
     [
      -77.53041012197262,
      39.03855250322231
     ],
     [
      -77.53041020637843,
      39.03855455797587
     ],
     [
      -77.53041030175741,
      39.03855661267971
     ],
     [
      -77.53041036172577,
      39.038558667544
     ],
     [
      -77.53041038628352,
      39.038560722568754
     ],
     [
      -77.53041037543066,
      39.03856277775398
     ],
     [
      -77.53041032916718,
      39.03856483309965
     ],
     [
      -77.53041022528281,
      39.03856688870641
     ],
     [
      -77.53041006377751,
      39.0385689445743
     ],
     [
      -77.53040984465129,
      39.03857100070325
     ],
     [
      -77.53040956790416,
      39.038573057093345
     ],
     [
      -77.53040935204575,
      39.03857511320749
     ],
     [
      -77.53040919707607,
      39.038577169045745
     ],
     [
      -77.53040910299515,
      39.03857922460808
     ],
     [
      -77.53040906980297,
      39.03858127989452
     ],
     [
      -77.53040912699798,
      39.03858333477137
     ],
     [
      -77.5304092745802,
      39.03858538923865
     ],
     [
      -77.53040951254962,
      39.03858744329635
     ],
     [
      -77.53040984090626,
      39.03858949694446
     ],
     [
      -77.53041001717285,
      39.03859155128176
     ],
     [
      -77.5304100413494,
      39.03859360630823
     ],
     [
      -77.5304099134359,
      39.038595662023866
     ],
     [
      -77.53040963343233,
      39.03859771842868
     ],
     [
      -77.53040934433382,
      39.038599774874704
     ],
     [
      -77.53040904614042,
      39.03860183136195
     ],
     [
      -77.53040873885209,
      39.03860388789038
     ],
     [
      -77.53040842246884,
      39.03860594446006
     ],
     [
      -77.53040808973714,
      39.03860800110379
     ],
     [
      -77.53040774065695,
      39.038610057821614
     ],
     [
      -77.53040737522832,
      39.038612114613485
     ],
     [
      -77.53040699345122,
      39.03861417147946
     ],
     [
      -77.53040660386478,
      39.03861622838082
     ],
     [
      -77.53040620646897,
      39.038618285317554
     ],
     [
      -77.53040580126383,
      39.038620342289676
     ],
     [
      -77.53040538824933,
      39.03862239929719
     ],
     [
      -77.53040499952976,
      39.038624427188445
     ],
     [
      -77.53040463510509,
      39.038626425963464
     ],
     [
      -77.53040429497534,
      39.038628395622254
     ],
     [
      -77.53040397914053,
      39.038630336164786
     ],
     [
      -77.53040373777783,
      39.03863182059817
     ],
     [
      -77.53040357088727,
      39.038632848922404
     ],
     [
      -77.53040347846887,
      39.03863342113748
     ],
     [
      -77.5304034605226,
      39.03863353724341
     ],
     [
      -77.53040338996136,
      39.0386341383656
     ],
     [
      -77.53040326678513,
      39.03863522450407
     ],
     [
      -77.5304030909939,
      39.038636795658775
     ],
     [
      -77.53040286258769,
      39.03863885182975
     ],
     [
      -77.53040266894845,
      39.038640907843174
     ],
     [
      -77.53040251007621,
      39.03864296369908
     ],
     [
      -77.53040238597096,
      39.038645019397435
     ],
     [
      -77.53040229663272,
      39.03864707493824
     ],
     [
      -77.53040225232088,
      39.03864913027502
     ],
     [
      -77.53040225303546,
      39.03865118540778
     ],
     [
      -77.53040229877648,
      39.038653240336515
     ],
     [
      -77.53040238954392,
      39.03865529506122
     ],
     [
      -77.53040253375893,
      39.03865726657053
     ],
     [
      -77.5304027314215,
      39.03865915486451
     ],
     [
      -77.53040298253163,
      39.0386609599431
     ],
     [
      -77.53040328708934,
      39.038662681806336
     ],
     [
      -77.53040353050703,
      39.038664056108985
     ],
     [
      -77.53040371278472,
      39.038665082851026
     ],
     [
      -77.5304038339224,
      39.03866576203246
     ],
     [
      -77.53040389392007,
      39.03866609365331
     ],
     [
      -77.53040408352106,
      39.038666855497695
     ],
     [
      -77.53040440272541,
      39.03866804756563
     ],
     [
      -77.53040485153308,
      39.03866966985711
     ],
     [
      -77.53040542994414,
      39.03867172237215
     ],
     [
      -77.53040589854062,
      39.03867377538478
     ],
     [
      -77.53040625732253,
      39.03867582889499
     ],
     [
      -77.53040650628984,
      39.038677882902824
     ],
     [
      -77.53040664544254,
      39.03867993740827
     ],
     [
      -77.53040665065122,
      39.03868199252065
     ],
     [
      -77.53040652191585,
      39.038684048239965
     ],
     [
      -77.53040625923643,
      39.038686104566224
     ],
     [
      -77.53040586261292,
      39.03868816149943
     ],
     [
      -77.53040548436236,
      39.03869002005596
     ],
     [
      -77.53040512448472,
      39.03869168023579
     ],
     [
      -77.53040478298,
      39.03869314203892
     ],
     [
      -77.53040445984821,
      39.03869440546538
     ],
     [
      -77.53040415888526,
      39.03869555159426
     ],
     [
      -77.53040388009113,
      39.03869658042554
     ],
     [
      -77.53040362346582,
      39.03869749195924
     ],
     [
      -77.53040338900935,
      39.03869828619535
     ],
     [
      -77.53040316665727,
      39.03869939586718
     ],
     [
      -77.53040295640956,
      39.038700820974725
     ],
     [
      -77.53040275826625,
      39.03870256151798
     ],
     [
      -77.53040257222732,
      39.03870461749693
     ],
     [
      -77.53040239178772,
      39.03870667345052
     ],
     [
      -77.53040221694746,
      39.03870872937875
     ],
     [
      -77.53040204770656,
      39.0387107852816
     ],
     [
      -77.53040188406499,
      39.03871284115907
     ],
     [
      -77.5304016754761,
      39.0387148972402
     ],
     [
      -77.53040142193991,
      39.03871695352502
     ],
     [
      -77.53040112345639,
      39.03871901001349
     ],
     [
      -77.53040078002556,
      39.03872106670563
     ],
     [
      -77.53040040637872,
      39.03872312353468
     ],
     [
      -77.53040000251583,
      39.03872518050065
     ],
     [
      -77.53039956843695,
      39.03872723760353
     ],
     [
      -77.53039910414203,
      39.03872929484332
     ],
     [
      -77.5303986290027,
      39.038731352132274
     ],
     [
      -77.53039814301896,
      39.03873340947033
     ],
     [
      -77.53039764619079,
      39.038735466857545
     ],
     [
      -77.53039713851823,
      39.038737524293886
     ],
     [
      -77.5303966454675,
      39.03873958166397
     ],
     [
      -77.53039616703863,
      39.03874163896777
     ],
     [
      -77.53039570323163,
      39.038743696205344
     ],
     [
      -77.53039525404648,
      39.03874575337666
     ],
     [
      -77.53039487251039,
      39.03874763302471
     ],
     [
      -77.53039455862334,
      39.03874933514953
     ],
     [
      -77.53039431238535,
      39.0387508597511
     ],
     [
      -77.53039413379643,
      39.03875220682943
     ],
     [
      -77.53039397858653,
      39.038753394451255
     ],
     [
      -77.53039384675563,
      39.03875442261657
     ],
     [
      -77.53039373830374,
      39.03875529132538
     ],
     [
      -77.53039365323087,
      39.03875600057772
     ],
     [
      -77.530393543354,
      39.03875704650973
     ],
     [
      -77.53039340867309,
      39.03875842912139
     ],
     [
      -77.53039324918821,
      39.03876014841272
     ],
     [
      -77.53039306489929,
      39.03876220438371
     ],
     [
      -77.53039282189211,
      39.03876426062076
     ],
     [
      -77.53039252016667,
      39.03876631712388
     ],
     [
      -77.530392159723,
      39.03876837389306
     ],
     [
      -77.53039174056102,
      39.038770430928295
     ],
     [
      -77.53039130164478,
      39.03877248805306
     ],
     [
      -77.53039084297427,
      39.0387745452673
     ],
     [
      -77.53039036454946,
      39.03877660257108
     ],
     [
      -77.53038986637038,
      39.03877865996434
     ],
     [
      -77.53038929060578,
      39.03878071770917
     ],
     [
      -77.53038863725565,
      39.03878277580553
     ],
     [
      -77.53038790631997,
      39.03878483425345
     ],
     [
      -77.53038709779877,
      39.038786893052915
     ],
     [
      -77.53038635077043,
      39.0387888008038
     ],
     [
      -77.53038566523497,
      39.03879055750613
     ],
     [
      -77.53038504119245,
      39.0387921631599
     ],
     [
      -77.5303844786428,
      39.038793617765094
     ],
     [
      -77.53038399836977,
      39.03879485975336
     ],
     [
      -77.53038360037336,
      39.0387958891247
     ],
     [
      -77.53038328465357,
      39.038796705879086
     ],
     [
      -77.5303830512104,
      39.03879731001656
     ],
     [
      -77.5303827980273,
      39.038798277257534
     ],
     [
      -77.5303825251043,
      39.03879960760199
     ],
     [
      -77.53038223244133,
      39.038801301049936
     ],
     [
      -77.53038192003842,
      39.0388033576014
     ],
     [
      -77.5303816196167,
      39.03880541409857
     ],
     [
      -77.53038133117619,
      39.038807470541435
     ],
     [
      -77.53038105471686,
      39.03880952693002
     ],
     [
      -77.53038079023872,
      39.03881158326432
     ],
     [
      -77.53038047862522,
      39.038813639812176
     ],
     [
      -77.53038011987638,
      39.03881569657361
     ],
     [
      -77.53037971399218,
      39.03881775354863
     ],
     [
      -77.53037926097258,
      39.03881981073721
     ],
     [
      -77.53037876057829,
      39.03882186814045
     ],
     [
      -77.53037821280923,
      39.03882392575834
     ],
     [
      -77.53037761766544,
      39.03882598359089
     ],
     [
      -77.5303769751469,
      39.038828041638105
     ]
    ]
   },
   "properties": {
    "id": "ct-5",
    "kind": "Contour",
    "sourceId": "contours",
    "reliabilityLevel": 1,
    "revision": 1,
    "engineeringGeometry": {
     "crs": "EPSG:2248",
     "crsName": "NAD83 / Maryland State Plane (US survey feet)",
     "datum": "NAD83",
     "unit": "usSurveyFoot",
     "coordinates": [
      [
       1161697.959476456,
       499935.9908915613,
       372
      ],
      [
       1161697.7612268364,
       499936.73937776894,
       372
      ],
      [
       1161697.5574742237,
       499937.4878639766,
       372
      ],
      [
       1161697.348218618,
       499938.23635018425,
       372
      ],
      [
       1161697.1781495728,
       499938.855405926,
       372
      ],
      [
       1161697.0472670875,
       499939.34503120196,
       372
      ],
      [
       1161696.9555711627,
       499939.7052260119,
       372
      ],
      [
       1161696.9030617985,
       499939.935990356,
       372
      ],
      [
       1161696.8325771866,
       499940.23849408,
       372
      ],
      [
       1161696.7441173277,
       499940.6127371838,
       372
      ],
      [
       1161696.6376822214,
       499941.0587196675,
       372
      ],
      [
       1161696.5132718678,
       499941.5764415312,
       372
      ],
      [
       1161696.398497812,
       499942.15185448073,
       372
      ],
      [
       1161696.2933600545,
       499942.78495851636,
       372
      ],
      [
       1161696.1978585946,
       499943.475753638,
       372
      ],
      [
       1161696.1119934327,
       499944.22423984564,
       372
      ],
      [
       1161696.0398865046,
       499944.9727260533,
       372
      ],
      [
       1161695.98153781,
       499945.72121226095,
       372
      ],
      [
       1161695.9369473492,
       499946.46969846863,
       372
      ],
      [
       1161695.9061151221,
       499947.21818467637,
       372
      ],
      [
       1161695.8746661725,
       499947.96667088405,
       372
      ],
      [
       1161695.842600501,
       499948.7151570917,
       372
      ],
      [
       1161695.8099181068,
       499949.46364329936,
       372
      ],
      [
       1161695.7766189899,
       499950.21212950704,
       372
      ],
      [
       1161695.7380530809,
       499950.9606157147,
       372
      ],
      [
       1161695.6942203795,
       499951.70910192234,
       372
      ],
      [
       1161695.6451208855,
       499952.45758813,
       372
      ],
      [
       1161695.590754599,
       499953.2060743377,
       372
      ],
      [
       1161695.5160178933,
       499953.9545605454,
       372
      ],
      [
       1161695.4209107687,
       499954.70304675295,
       372
      ],
      [
       1161695.3054332244,
       499955.45153296064,
       372
      ],
      [
       1161695.169585261,
       499956.2000191683,
       372
      ],
      [
       1161695.0165880215,
       499956.948505376,
       372
      ],
      [
       1161694.8464415055,
       499957.6969915837,
       372
      ],
      [
       1161694.6591457133,
       499958.44547779136,
       372
      ],
      [
       1161694.454700645,
       499959.19396399905,
       372
      ],
      [
       1161694.281511836,
       499959.8127584234,
       372
      ],
      [
       1161694.1395792868,
       499960.3018610644,
       372
      ],
      [
       1161694.0289029968,
       499960.6612719222,
       372
      ],
      [
       1161693.9494829667,
       499960.8909909966,
       372
      ],
      [
       1161693.8330613468,
       499961.19297208573,
       372
      ],
      [
       1161693.6796381378,
       499961.56721518957,
       372
      ],
      [
       1161693.4892133393,
       499962.01372030814,
       372
      ],
      [
       1161693.2617869517,
       499962.5324874414,
       372
      ],
      [
       1161692.9990164894,
       499963.1086843432,
       372
      ],
      [
       1161692.7009019528,
       499963.74231101363,
       372
      ],
      [
       1161692.3674433415,
       499964.4333674527,
       372
      ],
      [
       1161691.9986406558,
       499965.18185366044,
       372
      ],
      [
       1161691.6839743578,
       499965.836838702,
       372
      ],
      [
       1161691.423444448,
       499966.39832257736,
       372
      ],
      [
       1161691.2170509258,
       499966.86630528665,
       372
      ],
      [
       1161691.0647937916,
       499967.24078682973,
       372
      ],
      [
       1161690.9160444015,
       499967.6151491532,
       372
      ],
      [
       1161690.7708027554,
       499967.98939225706,
       372
      ],
      [
       1161690.6290688533,
       499968.36351614125,
       372
      ],
      [
       1161690.4908426953,
       499968.7375208058,
       372
      ],
      [
       1161690.3353267694,
       499969.20514585613,
       372
      ],
      [
       1161690.162521075,
       499969.7663912922,
       372
      ],
      [
       1161689.9724256129,
       499970.4212571141,
       372
      ],
      [
       1161689.7650403825,
       499971.1697433217,
       372
      ],
      [
       1161689.572283409,
       499971.9182295294,
       372
      ],
      [
       1161689.394154692,
       499972.6667157371,
       372
      ],
      [
       1161689.2306542322,
       499973.41520194476,
       372
      ],
      [
       1161689.081782029,
       499974.16368815245,
       372
      ],
      [
       1161688.9198421696,
       499974.9121743601,
       372
      ],
      [
       1161688.744834654,
       499975.66066056775,
       372
      ],
      [
       1161688.5567594818,
       499976.40914677543,
       372
      ],
      [
       1161688.3556166533,
       499977.1576329832,
       372
      ],
      [
       1161688.1915445852,
       499977.7520934021,
       372
      ],
      [
       1161688.0645432768,
       499978.19252803223,
       372
      ],
      [
       1161687.974612729,
       499978.4789368736,
       372
      ],
      [
       1161687.9217529416,
       499978.61131992616,
       372
      ],
      [
       1161687.8170756742,
       499978.8646330044,
       372
      ],
      [
       1161687.6605809268,
       499979.23887610825,
       372
      ],
      [
       1161687.4522686999,
       499979.7340492377,
       372
      ],
      [
       1161687.1921389934,
       499980.35015239276,
       372
      ],
      [
       1161686.9293427337,
       499980.999351311,
       372
      ],
      [
       1161686.6638799207,
       499981.6816459923,
       372
      ],
      [
       1161686.3957505547,
       499982.3970364368,
       372
      ],
      [
       1161686.1249546357,
       499983.1455226445,
       372
      ],
      [
       1161685.867467551,
       499983.8689902616,
       372
      ],
      [
       1161685.6232893006,
       499984.56743928813,
       372
      ],
      [
       1161685.3924198842,
       499985.2408697242,
       372
      ],
      [
       1161685.174859302,
       499985.8892815695,
       372
      ],
      [
       1161685.003700032,
       499986.4006090442,
       372
      ],
      [
       1161684.8789420743,
       499986.774852148,
       372
      ],
      [
       1161684.8005854283,
       499987.0120108811,
       372
      ],
      [
       1161684.7686300946,
       499987.1120852433,
       372
      ],
      [
       1161684.6629328993,
       499987.37426256685,
       372
      ],
      [
       1161684.4834938427,
       499987.7985428518,
       372
      ],
      [
       1161684.2303129244,
       499988.3849260981,
       372
      ],
      [
       1161683.9033901445,
       499989.1334123058,
       372
      ],
      [
       1161683.589227259,
       499989.8818985135,
       372
      ],
      [
       1161683.2878242675,
       499990.63038472115,
       372
      ],
      [
       1161682.9991811707,
       499991.37887092883,
       372
      ],
      [
       1161682.7232979678,
       499992.1273571365,
       372
      ],
      [
       1161682.487954343,
       499992.8739946257,
       372
      ],
      [
       1161682.293150296,
       499993.6187833964,
       372
      ],
      [
       1161682.1388858268,
       499994.36172344856,
       372
      ],
      [
       1161682.0251609352,
       499995.10281478224,
       372
      ],
      [
       1161681.939576996,
       499995.66048200097,
       372
      ],
      [
       1161681.8821340087,
       499996.0347251048,
       372
      ],
      [
       1161681.8528319732,
       499996.22554409376,
       372
      ],
      [
       1161681.8516708896,
       499996.2329389677,
       372
      ],
      [
       1161681.8449484655,
       499996.42560667515,
       372
      ],
      [
       1161681.8326647007,
       499996.803547216,
       372
      ],
      [
       1161681.8148195953,
       499997.36676059023,
       372
      ],
      [
       1161681.7914131493,
       499998.11524679785,
       372
      ],
      [
       1161681.7671730444,
       499998.8637330055,
       372
      ],
      [
       1161681.74209928,
       499999.6122192133,
       372
      ],
      [
       1161681.7161918571,
       500000.3607054209,
       372
      ],
      [
       1161681.689450775,
       500001.1091916285,
       372
      ],
      [
       1161681.653649523,
       500001.8576778362,
       372
      ],
      [
       1161681.6087881008,
       500002.6061640438,
       372
      ],
      [
       1161681.5548665083,
       500003.3546502515,
       372
      ],
      [
       1161681.491884746,
       500004.10313645925,
       372
      ],
      [
       1161681.4205405768,
       500004.85162266693,
       372
      ],
      [
       1161681.3408340006,
       500005.60010887455,
       372
      ],
      [
       1161681.252765018,
       500006.34859508224,
       372
      ],
      [
       1161681.1563336286,
       500007.0970812899,
       372
      ],
      [
       1161681.06529222,
       500007.8455674976,
       372
      ],
      [
       1161680.9796407926,
       500008.5940537053,
       372
      ],
      [
       1161680.8993793456,
       500009.34253991296,
       372
      ],
      [
       1161680.8245078796,
       500010.09102612064,
       372
      ],
      [
       1161680.7500363137,
       500010.8395123283,
       372
      ],
      [
       1161680.675964648,
       500011.58799853595,
       372
      ],
      [
       1161680.6022928827,
       500012.33648474363,
       372
      ],
      [
       1161680.5290210173,
       500013.0849709513,
       372
      ],
      [
       1161680.429759289,
       500013.833457159,
       372
      ],
      [
       1161680.3045076972,
       500014.58194336656,
       372
      ],
      [
       1161680.1532662422,
       500015.33042957424,
       372
      ],
      [
       1161679.9760349242,
       500016.0789157819,
       372
      ],
      [
       1161679.7900139869,
       500016.8138050425,
       372
      ],
      [
       1161679.5952034302,
       500017.5350973559,
       372
      ],
      [
       1161679.3916032545,
       500018.24279272225,
       372
      ],
      [
       1161679.1792134598,
       500018.9368911414,
       372
      ],
      [
       1161679.016056016,
       500019.47106190294,
       372
      ],
      [
       1161678.9021309235,
       500019.8453050068,
       372
      ],
      [
       1161678.837438182,
       500020.0596204529,
       372
      ],
      [
       1161678.8219777916,
       500020.1140082414,
       372
      ],
      [
       1161678.7710609534,
       500020.3419206347,
       372
      ],
      [
       1161678.6846876673,
       500020.74335763266,
       372
      ],
      [
       1161678.5628579333,
       500021.3183192356,
       372
      ],
      [
       1161678.4055717518,
       500022.0668054433,
       372
      ],
      [
       1161678.2693313374,
       500022.815291651,
       372
      ],
      [
       1161678.1541366912,
       500023.5637778586,
       372
      ],
      [
       1161678.0599878123,
       500024.3122640663,
       372
      ],
      [
       1161677.9868847008,
       500025.060750274,
       372
      ],
      [
       1161677.931127681,
       500025.80923648167,
       372
      ],
      [
       1161677.8927167528,
       500026.55772268935,
       372
      ],
      [
       1161677.8716519158,
       500027.30620889703,
       372
      ],
      [
       1161677.8679331706,
       500028.05469510466,
       372
      ],
      [
       1161677.860950334,
       500028.8031813123,
       372
      ],
      [
       1161677.8507034057,
       500029.5516675201,
       372
      ],
      [
       1161677.8371923864,
       500030.3001537277,
       372
      ],
      [
       1161677.820417276,
       500031.0486399353,
       372
      ],
      [
       1161677.7966642058,
       500031.797126143,
       372
      ],
      [
       1161677.7659331765,
       500032.54561235063,
       372
      ],
      [
       1161677.7282241879,
       500033.2940985583,
       372
      ],
      [
       1161677.6835372394,
       500034.04258476605,
       372
      ],
      [
       1161677.6455027533,
       500034.79107097373,
       372
      ],
      [
       1161677.6141207295,
       500035.53955718136,
       372
      ],
      [
       1161677.5893911673,
       500036.28804338904,
       372
      ],
      [
       1161677.5713140673,
       500037.0365295967,
       372
      ],
      [
       1161677.5607763724,
       500037.7850158044,
       372
      ],
      [
       1161677.5577780828,
       500038.533502012,
       372
      ],
      [
       1161677.5623191984,
       500039.2819882197,
       372
      ],
      [
       1161677.574399719,
       500040.0304744274,
       372
      ],
      [
       1161677.5898771144,
       500040.77896063507,
       372
      ],
      [
       1161677.6087513843,
       500041.52744684264,
       372
      ],
      [
       1161677.631022529,
       500042.2759330503,
       372
      ],
      [
       1161677.656690548,
       500043.0244192581,
       372
      ],
      [
       1161677.6708797433,
       500043.7729054658,
       372
      ],
      [
       1161677.6735901148,
       500044.52139167336,
       372
      ],
      [
       1161677.6648216622,
       500045.26987788104,
       372
      ],
      [
       1161677.644574386,
       500046.0183640887,
       372
      ],
      [
       1161677.6087695784,
       500046.7668502964,
       372
      ],
      [
       1161677.5574072397,
       500047.51533650403,
       372
      ],
      [
       1161677.4904873695,
       500048.2638227117,
       372
      ],
      [
       1161677.4080099682,
       500049.0123089194,
       372
      ],
      [
       1161677.3269657427,
       500049.7607951271,
       372
      ],
      [
       1161677.247354693,
       500050.5092813347,
       372
      ],
      [
       1161677.1691768193,
       500051.2577675424,
       372
      ],
      [
       1161677.0924321213,
       500052.0062537501,
       372
      ],
      [
       1161677.0300346245,
       500052.7547399578,
       372
      ],
      [
       1161676.981984329,
       500053.5032261654,
       372
      ],
      [
       1161676.9482812344,
       500054.2517123731,
       372
      ],
      [
       1161676.9289253405,
       500055.00019858073,
       372
      ],
      [
       1161676.91229128,
       500055.74868478836,
       372
      ],
      [
       1161676.898379052,
       500056.49717099615,
       372
      ],
      [
       1161676.887188657,
       500057.24565720384,
       372
      ],
      [
       1161676.878720095,
       500057.9941434114,
       372
      ],
      [
       1161676.8697998093,
       500058.7426296191,
       372
      ],
      [
       1161676.8604278008,
       500059.4911158269,
       372
      ],
      [
       1161676.8506040687,
       500060.2396020345,
       372
      ],
      [
       1161676.840328613,
       500060.9880882421,
       372
      ],
      [
       1161676.826936299,
       500061.7365744498,
       372
      ],
      [
       1161676.8104271262,
       500062.48506065743,
       372
      ],
      [
       1161676.7908010946,
       500063.2335468651,
       372
      ],
      [
       1161676.7680582043,
       500063.98203307285,
       372
      ],
      [
       1161676.755373492,
       500064.73051928054,
       372
      ],
      [
       1161676.7527469578,
       500065.47900548816,
       372
      ],
      [
       1161676.7601786014,
       500066.22749169584,
       372
      ],
      [
       1161676.777668423,
       500066.9759779035,
       372
      ],
      [
       1161676.8115251246,
       500067.7244641112,
       372
      ],
      [
       1161676.861748706,
       500068.4729503188,
       372
      ],
      [
       1161676.928339168,
       500069.2214365265,
       372
      ],
      [
       1161677.0112965098,
       500069.9699227342,
       372
      ],
      [
       1161677.0769587618,
       500070.7184089419,
       372
      ],
      [
       1161677.1253259243,
       500071.46689514944,
       372
      ],
      [
       1161677.156397997,
       500072.2153813571,
       372
      ],
      [
       1161677.1701749796,
       500072.9638675648,
       372
      ],
      [
       1161677.1582780168,
       500073.7123537725,
       372
      ],
      [
       1161677.1207071082,
       500074.46083998017,
       372
      ],
      [
       1161677.0574622534,
       500075.20932618785,
       372
      ],
      [
       1161676.9685434524,
       500075.9578123955,
       372
      ],
      [
       1161676.9228249239,
       500076.7062986032,
       372
      ],
      [
       1161676.9203066677,
       500077.45478481083,
       372
      ],
      [
       1161676.9609886832,
       500078.2032710185,
       372
      ],
      [
       1161677.0448709708,
       500078.9517572262,
       372
      ],
      [
       1161677.13133661,
       500079.7002434339,
       372
      ],
      [
       1161677.2203856006,
       500080.4487296415,
       372
      ],
      [
       1161677.312017943,
       500081.1972158492,
       372
      ],
      [
       1161677.4062336371,
       500081.9457020569,
       372
      ],
      [
       1161677.505093008,
       500082.6941882646,
       372
      ],
      [
       1161677.608596056,
       500083.44267447223,
       372
      ],
      [
       1161677.716742781,
       500084.1911606799,
       372
      ],
      [
       1161677.8295331835,
       500084.93964688753,
       372
      ],
      [
       1161677.9445417766,
       500085.68813309516,
       372
      ],
      [
       1161678.0617685607,
       500086.43661930296,
       372
      ],
      [
       1161678.1812135356,
       500087.1851055106,
       372
      ],
      [
       1161678.3028767016,
       500087.9335917182,
       372
      ],
      [
       1161678.4175776585,
       500088.6715138051,
       372
      ],
      [
       1161678.525316406,
       500089.3988717712,
       372
      ],
      [
       1161678.6260929445,
       500090.1156656165,
       372
      ],
      [
       1161678.7199072738,
       500090.82189534116,
       372
      ],
      [
       1161678.7916037822,
       500091.3621317554,
       372
      ],
      [
       1161678.8411824699,
       500091.7363748592,
       372
      ],
      [
       1161678.8686433367,
       500091.9446246526,
       372
      ],
      [
       1161678.873986383,
       500091.98688113573,
       372
      ],
      [
       1161678.895300236,
       500092.20569504995,
       372
      ],
      [
       1161678.9325848958,
       500092.6010663954,
       372
      ],
      [
       1161678.9858403627,
       500093.1729951719,
       372
      ],
      [
       1161679.0550666368,
       500093.92148137966,
       372
      ],
      [
       1161679.114417558,
       500094.66996758734,
       372
      ],
      [
       1161679.1638931266,
       500095.41845379496,
       372
      ],
      [
       1161679.203493343,
       500096.16694000264,
       372
      ],
      [
       1161679.2332182066,
       500096.9154262103,
       372
      ],
      [
       1161679.250153594,
       500097.663912418,
       372
      ],
      [
       1161679.254299505,
       500098.41239862563,
       372
      ],
      [
       1161679.2456559397,
       500099.1608848333,
       372
      ],
      [
       1161679.2242228978,
       500099.909371041,
       372
      ],
      [
       1161679.1874328312,
       500100.6276381876,
       372
      ],
      [
       1161679.1352857393,
       500101.31568627304,
       372
      ],
      [
       1161679.0677816225,
       500101.9735152975,
       372
      ],
      [
       1161678.9849204805,
       500102.60112526093,
       372
      ],
      [
       1161678.9186897147,
       500103.1020517945,
       372
      ],
      [
       1161678.8690893245,
       500103.4762948983,
       372
      ],
      [
       1161678.8361193105,
       500103.7238545724,
       372
      ],
      [
       1161678.8197796724,
       500103.84473081667,
       372
      ],
      [
       1161678.7675386644,
       500104.12250955176,
       372
      ],
      [
       1161678.6793962868,
       500104.55719077773,
       372
      ],
      [
       1161678.5553525393,
       500105.1487744946,
       372
      ],
      [
       1161678.3954074224,
       500105.8972607023,
       372
      ],
      [
       1161678.2666544525,
       500106.64574690996,
       372
      ],
      [
       1161678.16909363,
       500107.39423311764,
       372
      ],
      [
       1161678.102724955,
       500108.1427193253,
       372
      ],
      [
       1161678.0675484277,
       500108.891205533,
       372
      ],
      [
       1161678.0704178575,
       500109.6396917407,
       372
      ],
      [
       1161678.1113332447,
       500110.3881779483,
       372
      ],
      [
       1161678.1902945894,
       500111.136664156,
       372
      ],
      [
       1161678.307301892,
       500111.8851503637,
       372
      ],
      [
       1161678.4186708638,
       500112.5614175551,
       372
      ],
      [
       1161678.524401505,
       500113.1654657301,
       372
      ],
      [
       1161678.6244938162,
       500113.69729488884,
       372
      ],
      [
       1161678.7189477966,
       500114.1569050313,
       372
      ],
      [
       1161678.806856859,
       500114.57383165444,
       372
      ],
      [
       1161678.8882210026,
       500114.9480747582,
       372
      ],
      [
       1161678.9630402282,
       500115.27963434276,
       372
      ],
      [
       1161679.0313145355,
       500115.56851040805,
       372
      ],
      [
       1161679.0968182795,
       500115.9722890089,
       372
      ],
      [
       1161679.1595514598,
       500116.4909701453,
       372
      ],
      [
       1161679.219514077,
       500117.1245538174,
       372
      ],
      [
       1161679.2767061312,
       500117.873040025,
       372
      ],
      [
       1161679.332307726,
       500118.6215262327,
       372
      ],
      [
       1161679.3863188617,
       500119.3700124403,
       372
      ],
      [
       1161679.4387395382,
       500120.118498648,
       372
      ],
      [
       1161679.4895697557,
       500120.86698485573,
       372
      ],
      [
       1161679.5531669632,
       500121.6154710634,
       372
      ],
      [
       1161679.629531161,
       500122.36395727104,
       372
      ],
      [
       1161679.7186623486,
       500123.1124434787,
       372
      ],
      [
       1161679.820560526,
       500123.8609296864,
       372
      ],
      [
       1161679.9310413618,
       500124.6094158941,
       372
      ],
      [
       1161680.0501048556,
       500125.35790210176,
       372
      ],
      [
       1161680.177751007,
       500126.10638830945,
       372
      ],
      [
       1161680.3139798166,
       500126.8548745171,
       372
      ],
      [
       1161680.4532889035,
       500127.6033607248,
       372
      ],
      [
       1161680.5956782673,
       500128.35184693243,
       372
      ],
      [
       1161680.7411479084,
       500129.1003331401,
       372
      ],
      [
       1161680.8896978267,
       500129.8488193478,
       372
      ],
      [
       1161681.0340944943,
       500130.5973055555,
       372
      ],
      [
       1161681.1743379112,
       500131.34579176304,
       372
      ],
      [
       1161681.3104280778,
       500132.0942779707,
       372
      ],
      [
       1161681.4423649935,
       500132.8427641784,
       372
      ],
      [
       1161681.5547116324,
       500133.5267075683,
       372
      ],
      [
       1161681.6474679941,
       500134.1461081404,
       372
      ],
      [
       1161681.7206340788,
       500134.7009658948,
       372
      ],
      [
       1161681.7742098868,
       500135.1912808314,
       372
      ],
      [
       1161681.8208078423,
       500135.62355985167,
       372
      ],
      [
       1161681.8604279459,
       500135.99780295545,
       372
      ],
      [
       1161681.893070197,
       500136.3140101429,
       372
      ],
      [
       1161681.9187345959,
       500136.572181414,
       372
      ],
      [
       1161681.9521566087,
       500136.9529314192,
       372
      ],
      [
       1161681.9933362354,
       500137.4562601585,
       372
      ],
      [
       1161682.042273476,
       500138.08216763206,
       372
      ],
      [
       1161682.0989683303,
       500138.8306538398,
       372
      ],
      [
       1161682.1723417107,
       500139.5791400475,
       372
      ],
      [
       1161682.2623936168,
       500140.3276262551,
       372
      ],
      [
       1161682.3691240489,
       500141.0761124628,
       372
      ],
      [
       1161682.4925330072,
       500141.8245986705,
       372
      ],
      [
       1161682.6215530285,
       500142.57308487815,
       372
      ],
      [
       1161682.7561841134,
       500143.32157108583,
       372
      ],
      [
       1161682.8964262614,
       500144.0700572935,
       372
      ],
      [
       1161683.042279473,
       500144.81854350114,
       372
      ],
      [
       1161683.2101703226,
       500145.56702970876,
       372
      ],
      [
       1161683.400098811,
       500146.31551591656,
       372
      ],
      [
       1161683.6120649371,
       500147.0640021242,
       372
      ],
      [
       1161683.8460687017,
       500147.8124883318,
       372
      ],
      [
       1161684.0622867802,
       500148.50606371317,
       372
      ],
      [
       1161684.2607191727,
       500149.1447282682,
       372
      ],
      [
       1161684.4413658788,
       500149.7284819969,
       372
      ],
      [
       1161684.6042268989,
       500150.2573248993,
       372
      ],
      [
       1161684.743268684,
       500150.7088679024,
       372
      ],
      [
       1161684.8584912342,
       500151.0831110062,
       372
      ],
      [
       1161684.9498945496,
       500151.3800542108,
       372
      ],
      [
       1161685.0174786297,
       500151.59969751607,
       372
      ],
      [
       1161685.0914378497,
       500151.951551547,
       372
      ],
      [
       1161685.1717722092,
       500152.43561630347,
       372
      ],
      [
       1161685.2584817081,
       500153.0518917855,
       372
      ],
      [
       1161685.3515663466,
       500153.8003779932,
       372
      ],
      [
       1161685.4412478046,
       500154.5488642009,
       372
      ],
      [
       1161685.527526082,
       500155.2973504085,
       372
      ],
      [
       1161685.6104011787,
       500156.0458366162,
       372
      ],
      [
       1161685.689873095,
       500156.7943228239,
       372
      ],
      [
       1161685.782733481,
       500157.54280903155,
       372
      ],
      [
       1161685.8889823372,
       500158.29129523924,
       372
      ],
      [
       1161686.0086196633,
       500159.0397814469,
       372
      ],
      [
       1161686.1416454595,
       500159.7882676546,
       372
      ],
      [
       1161686.2881277155,
       500160.5367538623,
       372
      ],
      [
       1161686.4480664313,
       500161.28524006985,
       372
      ],
      [
       1161686.621461607,
       500162.0337262775,
       372
      ],
      [
       1161686.8083132426,
       500162.7822124852,
       372
      ]
     ]
    },
    "elevationFt": 372,
    "weight": "intermediate",
    "hidden": false
   }
  },
  {
   "type": "Feature",
   "geometry": {
    "type": "LineString",
    "coordinates": [
     [
      -77.53028939736141,
      39.03820573220555
     ],
     [
      -77.53028982996408,
      39.038207785381886
     ],
     [
      -77.53029030057941,
      39.03820983838602
     ],
     [
      -77.53029080920743,
      39.03821189121792
     ],
     [
      -77.53029137192088,
      39.0382139438048
     ],
     [
      -77.53029198871974,
      39.03821599614664
     ],
     [
      -77.53029265960402,
      39.038218048243465
     ],
     [
      -77.53029338457371,
      39.038220100095245
     ],
     [
      -77.53029396468038,
      39.03822173169841
     ],
     [
      -77.53029439992397,
      39.038222943052894
     ],
     [
      -77.53029469030449,
      39.038223734158755
     ],
     [
      -77.5302948358219,
      39.03822410501596
     ],
     [
      -77.53029509914968,
      39.03822480336529
     ],
     [
      -77.53029548028779,
      39.03822582920665
     ],
     [
      -77.53029597923627,
      39.03822718254011
     ],
     [
      -77.53029659599513,
      39.038228863365646
     ],
     [
      -77.53029717273496,
      39.03823063725158
     ],
     [
      -77.5302977094558,
      39.038232504197936
     ],
     [
      -77.53029820615762,
      39.038234464204734
     ],
     [
      -77.53029866284044,
      39.03823651727193
     ],
     [
      -77.5302991025378,
      39.03823857041609
     ],
     [
      -77.5302995252497,
      39.038240623637186
     ],
     [
      -77.53029993097614,
      39.03824267693522
     ],
     [
      -77.53030031971711,
      39.038244730310225
     ],
     [
      -77.53030072163709,
      39.03824678362552
     ],
     [
      -77.5303011367361,
      39.038248836881095
     ],
     [
      -77.53030156501413,
      39.03825089007697
     ],
     [
      -77.53030200647117,
      39.03825294321312
     ],
     [
      -77.53030242640332,
      39.038254996446796
     ],
     [
      -77.53030282481059,
      39.038257049778
     ],
     [
      -77.53030320169294,
      39.0382591032067
     ],
     [
      -77.5303035570504,
      39.03826115673292
     ],
     [
      -77.53030383493645,
      39.038263210610125
     ],
     [
      -77.53030403535107,
      39.038265264838294
     ],
     [
      -77.53030415829426,
      39.038267319417464
     ],
     [
      -77.53030420376601,
      39.038269374347614
     ],
     [
      -77.5303042333455,
      39.03827142934976
     ],
     [
      -77.53030424703279,
      39.03827348442391
     ],
     [
      -77.53030424482779,
      39.038275539570044
     ],
     [
      -77.53030422673058,
      39.038277594788184
     ],
     [
      -77.53030428494165,
      39.038279649660616
     ],
     [
      -77.53030441946105,
      39.03828170418731
     ],
     [
      -77.53030463028877,
      39.03828375836831
     ],
     [
      -77.53030491742481,
      39.038285812203604
     ],
     [
      -77.53030517938936,
      39.03828752590249
     ],
     [
      -77.53030541618239,
      39.038288899464966
     ],
     [
      -77.53030562780388,
      39.03828993289104
     ],
     [
      -77.53030581425388,
      39.03829062618073
     ],
     [
      -77.53030605783466,
      39.038291485928426
     ],
     [
      -77.53030635854626,
      39.038292512134134
     ],
     [
      -77.53030671638867,
      39.03829370479784
     ],
     [
      -77.53030713136188,
      39.03829506391956
     ],
     [
      -77.53030759276211,
      39.03829659636453
     ],
     [
      -77.5303081005894,
      39.038298302132766
     ],
     [
      -77.53030865484374,
      39.03830018122426
     ],
     [
      -77.53030925552511,
      39.038302233639
     ],
     [
      -77.53030983680856,
      39.03830428614164
     ],
     [
      -77.53031039869404,
      39.03830633873213
     ],
     [
      -77.5303109411816,
      39.03830839141051
     ],
     [
      -77.53031146427118,
      39.03831044417677
     ],
     [
      -77.53031196410315,
      39.038312497048395
     ],
     [
      -77.53031244067752,
      39.03831455002541
     ],
     [
      -77.53031289399426,
      39.03831660310777
     ],
     [
      -77.5303133240534,
      39.03831865629549
     ],
     [
      -77.5303137065874,
      39.038320709698525
     ],
     [
      -77.53031404159631,
      39.03832276331689
     ],
     [
      -77.5303143290801,
      39.03832481715056
     ],
     [
      -77.53031456903875,
      39.038326871199544
     ],
     [
      -77.53031478698315,
      39.03832892534826
     ],
     [
      -77.53031498291324,
      39.03833097959673
     ],
     [
      -77.53031515682908,
      39.03833303394491
     ],
     [
      -77.53031530873061,
      39.03833508839284
     ],
     [
      -77.53031551622885,
      39.03833707111832
     ],
     [
      -77.53031577932379,
      39.038338982121346
     ],
     [
      -77.53031609801543,
      39.038340821401924
     ],
     [
      -77.53031647230377,
      39.03834258896004
     ],
     [
      -77.53031676767291,
      39.03834398603281
     ],
     [
      -77.53031698412282,
      39.03834501262024
     ],
     [
      -77.5303171216535,
      39.0383456687223
     ],
     [
      -77.53031718026494,
      39.038345954339015
     ],
     [
      -77.53031741733145,
      39.03834668146067
     ],
     [
      -77.53031783285306,
      39.03834785008731
     ],
     [
      -77.53031842682978,
      39.0383494602189
     ],
     [
      -77.53031919926161,
      39.038351511855446
     ],
     [
      -77.5303200363558,
      39.03835356319902
     ],
     [
      -77.53032093811235,
      39.03835561424963
     ],
     [
      -77.53032190453129,
      39.03835766500727
     ],
     [
      -77.53032293561259,
      39.03835971547196
     ],
     [
      -77.530323914026,
      39.03836174544892
     ],
     [
      -77.53032483977152,
      39.03836375493815
     ],
     [
      -77.53032571284913,
      39.038365743939686
     ],
     [
      -77.53032653325883,
      39.03836771245351
     ],
     [
      -77.53032715707978,
      39.038369209526614
     ],
     [
      -77.53032758431195,
      39.03837023515902
     ],
     [
      -77.5303278149553,
      39.03837078935073
     ],
     [
      -77.53032784900985,
      39.03837087210175
     ],
     [
      -77.53032799615006,
      39.03837144739809
     ],
     [
      -77.53032825637598,
      39.03837251523981
     ],
     [
      -77.53032862968757,
      39.03837407562687
     ],
     [
      -77.53032911608489,
      39.038376128559264
     ],
     [
      -77.53032957660699,
      39.03837818160891
     ],
     [
      -77.53033001125384,
      39.038380234775765
     ],
     [
      -77.53033042002548,
      39.03838228805984
     ],
     [
      -77.5303308029219,
      39.03838434146115
     ],
     [
      -77.53033124422959,
      39.03838639459785
     ],
     [
      -77.5303317439486,
      39.03838844746987
     ],
     [
      -77.5303323020789,
      39.03839050007724
     ],
     [
      -77.53033291862056,
      39.038392552419985
     ],
     [
      -77.53033359135719,
      39.03839460450811
     ],
     [
      -77.53033432028884,
      39.03839665634163
     ],
     [
      -77.53033510541555,
      39.03839870792053
     ],
     [
      -77.53033594673724,
      39.038400759244816
     ],
     [
      -77.53033666332811,
      39.038402520848145
     ],
     [
      -77.53033725518813,
      39.03840399273049
     ],
     [
      -77.53033772231727,
      39.03840517489187
     ],
     [
      -77.53033806471552,
      39.03840606733226
     ],
     [
      -77.53033842844714,
      39.03840702646417
     ],
     [
      -77.53033881351213,
      39.03840805228757
     ],
     [
      -77.53033921991046,
      39.0384091448025
     ],
     [
      -77.53033964764217,
      39.038410304008906
     ],
     [
      -77.53034013388614,
      39.038411686448164
     ],
     [
      -77.53034067864239,
      39.03841329212021
     ],
     [
      -77.53034128191094,
      39.03841512102511
     ],
     [
      -77.53034194369175,
      39.03841717316279
     ],
     [
      -77.53034257187322,
      39.038419225452735
     ],
     [
      -77.53034316645532,
      39.0384212778949
     ],
     [
      -77.53034372743805,
      39.038423330489294
     ],
     [
      -77.53034425482142,
      39.038425383235904
     ],
     [
      -77.5303448082211,
      39.038427435864655
     ],
     [
      -77.53034538763714,
      39.03842948837551
     ],
     [
      -77.53034599306953,
      39.038431540768485
     ],
     [
      -77.53034662451824,
      39.03843359304361
     ],
     [
      -77.53034721220784,
      39.03843563785409
     ],
     [
      -77.53034775613831,
      39.03843767519999
     ],
     [
      -77.53034825630965,
      39.03843970508127
     ],
     [
      -77.53034871272183,
      39.038441727497954
     ],
     [
      -77.53034905666806,
      39.03844325196592
     ],
     [
      -77.53034928814829,
      39.038444278485166
     ],
     [
      -77.53034940716252,
      39.038444807055676
     ],
     [
      -77.53034941371074,
      39.038444837677474
     ],
     [
      -77.53034949117563,
      39.03844537409912
     ],
     [
      -77.53034963955717,
      39.03844641632059
     ],
     [
      -77.53034985885537,
      39.038447964341906
     ],
     [
      -77.53035014907027,
      39.03845001816307
     ],
     [
      -77.53035049942356,
      39.03845207171175
     ],
     [
      -77.5303509099153,
      39.03845412498793
     ],
     [
      -77.53035138054545,
      39.038456177991655
     ],
     [
      -77.53035191131406,
      39.038458230722874
     ],
     [
      -77.53035250427813,
      39.03846028317231
     ],
     [
      -77.53035315943771,
      39.03846233533994
     ],
     [
      -77.53035387679277,
      39.03846438722576
     ],
     [
      -77.53035465634336,
      39.038466438829765
     ],
     [
      -77.53035542883468,
      39.038468490465775
     ],
     [
      -77.53035619426677,
      39.038470542133744
     ],
     [
      -77.53035695263961,
      39.038472593833696
     ],
     [
      -77.53035770395319,
      39.03847464556562
     ],
     [
      -77.53035835551981,
      39.03847665900836
     ],
     [
      -77.53035890733948,
      39.03847863416192
     ],
     [
      -77.53035935941216,
      39.03848057102627
     ],
     [
      -77.53035971173787,
      39.03848246960143
     ],
     [
      -77.53035998402873,
      39.038483932237504
     ],
     [
      -77.53036017628477,
      39.03848495893443
     ],
     [
      -77.53036028850596,
      39.03848554969224
     ],
     [
      -77.53036032069231,
      39.03848570451093
     ],
     [
      -77.53036033903813,
      39.03848608430805
     ],
     [
      -77.53036034354346,
      39.038486689083605
     ],
     [
      -77.53036033420827,
      39.03848751883758
     ],
     [
      -77.53036031103255,
      39.03848857357001
     ],
     [
      -77.53036028827117,
      39.03848961477086
     ],
     [
      -77.53036026592403,
      39.03849064244013
     ],
     [
      -77.53036024399123,
      39.038491656577854
     ],
     [
      -77.53036022247271,
      39.038492657184
     ],
     [
      -77.5303601818675,
      39.0384939215335
     ],
     [
      -77.53036012217561,
      39.038495449626325
     ],
     [
      -77.53036004339702,
      39.038497241462466
     ],
     [
      -77.53035994553176,
      39.03849929704195
     ],
     [
      -77.53035982536646,
      39.03850135272245
     ],
     [
      -77.53035968290118,
      39.038503408504006
     ],
     [
      -77.53035951813587,
      39.03850546438662
     ],
     [
      -77.53035933107053,
      39.038507520370246
     ],
     [
      -77.53035919005966,
      39.03850957614521
     ],
     [
      -77.53035909510326,
      39.03851163171149
     ],
     [
      -77.53035904620131,
      39.03851368706911
     ],
     [
      -77.53035904335384,
      39.038515742218074
     ],
     [
      -77.53035910660591,
      39.038517797067534
     ],
     [
      -77.5303592359575,
      39.03851985161748
     ],
     [
      -77.53035943140866,
      39.03852190586797
     ],
     [
      -77.53035969295934,
      39.03852395981894
     ],
     [
      -77.53035992064389,
      39.038525823979434
     ],
     [
      -77.53036011446228,
      39.03852749834944
     ],
     [
      -77.53036027441453,
      39.03852898292896
     ],
     [
      -77.53036040050063,
      39.03853027771801
     ],
     [
      -77.5303605124638,
      39.03853143867489
     ],
     [
      -77.53036061030407,
      39.0385324657996
     ],
     [
      -77.53036069402141,
      39.038533359092156
     ],
     [
      -77.53036076361582,
      39.038534118552526
     ],
     [
      -77.53036084145911,
      39.03853520181561
     ],
     [
      -77.53036092755127,
      39.03853660888143
     ],
     [
      -77.53036102189229,
      39.038538339749934
     ],
     [
      -77.5303611244822,
      39.03854039442115
     ],
     [
      -77.53036127827376,
      39.03854244886037
     ],
     [
      -77.53036148326699,
      39.038544503067584
     ],
     [
      -77.5303617394619,
      39.038546557042814
     ],
     [
      -77.53036204685847,
      39.038548610786044
     ],
     [
      -77.53036235060179,
      39.03855066454584
     ],
     [
      -77.53036265069187,
      39.03855271832218
     ],
     [
      -77.53036294712871,
      39.03855477211507
     ],
     [
      -77.53036323991228,
      39.03855682592451
     ],
     [
      -77.53036340395339,
      39.03855888031727
     ],
     [
      -77.53036343925203,
      39.03856093529336
     ],
     [
      -77.53036334580817,
      39.03856299085279
     ],
     [
      -77.53036312362183,
      39.03856504699553
     ],
     [
      -77.53036284771048,
      39.038567103381695
     ],
     [
      -77.53036251807411,
      39.03856916001129
     ],
     [
      -77.53036213471276,
      39.0385712168843
     ],
     [
      -77.53036169762638,
      39.03857327400075
     ],
     [
      -77.53036136370777,
      39.03857503398891
     ],
     [
      -77.53036113295693,
      39.0385764968488
     ],
     [
      -77.53036100537389,
      39.03857766258043
     ],
     [
      -77.53036098095866,
      39.03857853118377
     ],
     [
      -77.53036095544762,
      39.03857947932973
     ],
     [
      -77.53036092884076,
      39.038580507018295
     ],
     [
      -77.53036090113811,
      39.03858161424945
     ],
     [
      -77.53036087233964,
      39.038582801023246
     ],
     [
      -77.53036086104923,
      39.03858381172449
     ],
     [
      -77.53036086726686,
      39.038584646353215
     ],
     [
      -77.53036089099257,
      39.03858530490941
     ],
     [
      -77.53036093222633,
      39.03858578739308
     ],
     [
      -77.53036100169173,
      39.03858654219759
     ],
     [
      -77.5303610993888,
      39.03858756932295
     ],
     [
      -77.53036122531752,
      39.038588868769146
     ],
     [
      -77.5303613794779,
      39.03859044053616
     ],
     [
      -77.53036157243952,
      39.038592132795
     ],
     [
      -77.53036180420237,
      39.038593945545664
     ],
     [
      -77.53036207476647,
      39.03859587878815
     ],
     [
      -77.53036238413182,
      39.03859793252245
     ],
     [
      -77.53036250913624,
      39.038599756018726
     ],
     [
      -77.53036244977972,
      39.038601349277016
     ],
     [
      -77.53036220606222,
      39.03860271229729
     ],
     [
      -77.53036177798379,
      39.038603845079564
     ],
     [
      -77.53036137326005,
      39.03860492611866
     ],
     [
      -77.53036099189102,
      39.038605955414624
     ],
     [
      -77.53036063387667,
      39.038606932967454
     ],
     [
      -77.53036029921704,
      39.038607858777105
     ],
     [
      -77.53035984062471,
      39.03860906785897
     ],
     [
      -77.5303592580997,
      39.03861056021301
     ],
     [
      -77.53035855164194,
      39.03861233583926
     ],
     [
      -77.53035772125143,
      39.038614394737685
     ],
     [
      -77.53035695209115,
      39.03861645335868
     ],
     [
      -77.53035624416108,
      39.038618511702246
     ],
     [
      -77.53035559746125,
      39.03862056976838
     ],
     [
      -77.53035501199162,
      39.03862262755707
     ],
     [
      -77.53035447060928,
      39.03862468514601
     ],
     [
      -77.53035397331425,
      39.0386267425352
     ],
     [
      -77.5303535201065,
      39.03862879972462
     ],
     [
      -77.53035311098606,
      39.038630856714285
     ],
     [
      -77.53035274713758,
      39.03863291349883
     ],
     [
      -77.53035242856112,
      39.03863497007826
     ],
     [
      -77.53035215525665,
      39.03863702645255
     ],
     [
      -77.53035192722416,
      39.03863908262173
     ],
     [
      -77.53035171466298,
      39.03864106676732
     ],
     [
      -77.53035151757314,
      39.03864297888934
     ],
     [
      -77.5303513359546,
      39.038644818987784
     ],
     [
      -77.5303511698074,
      39.03864658706263
     ],
     [
      -77.53035103776887,
      39.038647985105925
     ],
     [
      -77.53035093983904,
      39.03864901311761
     ],
     [
      -77.5303508760179,
      39.03864967109774
     ],
     [
      -77.53035084630547,
      39.03864995904628
     ],
     [
      -77.53035077851764,
      39.03865068899785
     ],
     [
      -77.53035067265441,
      39.03865186095245
     ],
     [
      -77.53035052871576,
      39.038653474910085
     ],
     [
      -77.53035034670171,
      39.03865553087074
     ],
     [
      -77.53035020183992,
      39.03865758666308
     ],
     [
      -77.53035009413036,
      39.03865964228707
     ],
     [
      -77.53035002357308,
      39.03866169774274
     ],
     [
      -77.53034999016802,
      39.03866375303008
     ],
     [
      -77.5303499717725,
      39.038665808249405
     ],
     [
      -77.53034996838649,
      39.038667863400725
     ],
     [
      -77.53034998001,
      39.03866991848403
     ],
     [
      -77.53035000664303,
      39.03867197349935
     ],
     [
      -77.53035000288166,
      39.03867402865236
     ],
     [
      -77.53034996872584,
      39.03867608394308
     ],
     [
      -77.53034990417562,
      39.03867813937154
     ],
     [
      -77.53034980923098,
      39.0386801949377
     ],
     [
      -77.53034967590409,
      39.03868225067774
     ],
     [
      -77.53034950419499,
      39.0386843065917
     ],
     [
      -77.53034929410362,
      39.03868636267956
     ],
     [
      -77.53034904563,
      39.03868841894132
     ],
     [
      -77.5303487356469,
      39.03869047548178
     ],
     [
      -77.5303483641543,
      39.038692532300914
     ],
     [
      -77.53034793115219,
      39.03869458939872
     ],
     [
      -77.53034743664058,
      39.038696646775236
     ],
     [
      -77.53034693836594,
      39.03869870416879
     ],
     [
      -77.53034643632826,
      39.038700761579406
     ],
     [
      -77.53034593052753,
      39.03870281900703
     ],
     [
      -77.53034542096377,
      39.038704876451725
     ],
     [
      -77.53034491733247,
      39.03870693386954
     ],
     [
      -77.53034441963364,
      39.03870899126048
     ],
     [
      -77.53034392786728,
      39.03871104862452
     ],
     [
      -77.53034344203338,
      39.03871310596169
     ],
     [
      -77.53034296669982,
      39.038715147352455
     ],
     [
      -77.5303425018666,
      39.038717172796815
     ],
     [
      -77.53034204753371,
      39.03871918229482
     ],
     [
      -77.53034160370117,
      39.038721175846405
     ],
     [
      -77.53034126718707,
      39.03872268692538
     ],
     [
      -77.53034103799145,
      39.038723715531795
     ],
     [
      -77.53034091611428,
      39.03872426166562
     ],
     [
      -77.5303409015556,
      39.03872432532684
     ],
     [
      -77.53034079334306,
      39.03872488729758
     ],
     [
      -77.53034059147663,
      39.038725947577795
     ],
     [
      -77.53034029595632,
      39.0387275061675
     ],
     [
      -77.53033990678212,
      39.0387295630667
     ],
     [
      -77.53033952322615,
      39.03873161994045
     ],
     [
      -77.5303391452884,
      39.03873367678874
     ],
     [
      -77.53033877296888,
      39.03873573361157
     ],
     [
      -77.53033840626756,
      39.03873779040894
     ],
     [
      -77.53033800392298,
      39.03873984736779
     ],
     [
      -77.53033756593511,
      39.03874190448815
     ],
     [
      -77.53033709230394,
      39.038743961769974
     ],
     [
      -77.5303365830295,
      39.03874601921331
     ],
     [
      -77.5303360357711,
      39.03874807682873
     ],
     [
      -77.5303354505288,
      39.03875013461622
     ],
     [
      -77.53033482730254,
      39.038752192575814
     ],
     [
      -77.53033416609235,
      39.038754250707505
     ],
     [
      -77.53033352373392,
      39.038756308753776
     ],
     [
      -77.53033290022726,
      39.038758366714625
     ],
     [
      -77.5303322955724,
      39.03876042459006
     ],
     [
      -77.53033170976933,
      39.03876248238009
     ],
     [
      -77.5303312627288,
      39.0387640465621
     ],
     [
      -77.53033095445082,
      39.03876511713608
     ],
     [
      -77.53033078493542,
      39.038765694102075
     ],
     [
      -77.53033075418261,
      39.03876577746006
     ],
     [
      -77.53033056778031,
      39.0387663336979
     ],
     [
      -77.53033022572852,
      39.03876736281559
     ],
     [
      -77.5303297280272,
      39.03876886481313
     ],
     [
      -77.53032907467636,
      39.038770839690514
     ],
     [
      -77.5303284613057,
      39.03877283519142
     ],
     [
      -77.53032788791525,
      39.03877485131586
     ],
     [
      -77.53032735450502,
      39.03877688806381
     ],
     [
      -77.53032686107497,
      39.038778945435276
     ],
     [
      -77.5303263331554,
      39.03878100296303
     ],
     [
      -77.5303257707463,
      39.038783060647
     ],
     [
      -77.53032517384766,
      39.038785118487255
     ],
     [
      -77.53032454245947,
      39.038787176483744
     ],
     [
      -77.53032389592549,
      39.03878923454886
     ],
     [
      -77.53032323424573,
      39.038791292682596
     ],
     [
      -77.53032255742018,
      39.03879335088494
     ],
     [
      -77.53032186544883,
      39.03879540915591
     ],
     [
      -77.53032132096963,
      39.038797032062924
     ],
     [
      -77.53032092398263,
      39.03879821960598
     ],
     [
      -77.53032067448781,
      39.038798971785134
     ],
     [
      -77.5303205724852,
      39.03879928860032
     ],
     [
      -77.53032036923608,
      39.03879996148167
     ],
     [
      -77.53032006474045,
      39.03880099042918
     ],
     [
      -77.53031965899828,
      39.03880237544282
     ],
     [
      -77.53031915200958,
      39.03880411652261
     ],
     [
      -77.53031866820182,
      39.038805936585646
     ],
     [
      -77.53031820757495,
      39.03880783563192
     ],
     [
      -77.53031777012902,
      39.03880981366143
     ],
     [
      -77.53031735586401,
      39.0388118706742
     ],
     [
      -77.53031690817778,
      39.03881392783838
     ],
     [
      -77.53031642707035,
      39.03881598515396
     ],
     [
      -77.53031591254168,
      39.03881804262095
     ],
     [
      -77.5303153645918,
      39.03882010023937
     ],
     [
      -77.53031475794378,
      39.03882215812372
     ],
     [
      -77.53031409259764,
      39.03882421627399
     ],
     [
      -77.53031336855334,
      39.03882627469017
     ],
     [
      -77.5303125858109,
      39.038828333372315
     ]
    ]
   },
   "properties": {
    "id": "ct-6",
    "kind": "Contour",
    "sourceId": "contours",
    "reliabilityLevel": 1,
    "revision": 1,
    "engineeringGeometry": {
     "crs": "EPSG:2248",
     "crsName": "NAD83 / Maryland State Plane (US survey feet)",
     "datum": "NAD83",
     "unit": "usSurveyFoot",
     "coordinates": [
      [
       1161710.3667459732,
       499935.9908915613,
       374
      ],
      [
       1161710.248215068,
       499936.73937776894,
       374
      ],
      [
       1161710.1188868356,
       499937.4878639766,
       374
      ],
      [
       1161709.9787612762,
       499938.23635018425,
       374
      ],
      [
       1161709.823273006,
       499938.9848363919,
       374
      ],
      [
       1161709.652422024,
       499939.73332259967,
       374
      ],
      [
       1161709.4662083308,
       499940.48180880735,
       374
      ],
      [
       1161709.2646319265,
       499941.2302950149,
       374
      ],
      [
       1161709.103312733,
       499941.82548649923,
       374
      ],
      [
       1161708.98225075,
       499942.26738326007,
       374
      ],
      [
       1161708.9014459779,
       499942.55598529754,
       374
      ],
      [
       1161708.8608984165,
       499942.6912926116,
       374
      ],
      [
       1161708.7875813558,
       499942.94606782054,
       374
      ],
      [
       1161708.6814947962,
       499943.3203109244,
       374
      ],
      [
       1161708.542638737,
       499943.8140219231,
       374
      ],
      [
       1161708.3710131783,
       499944.4272008167,
       374
      ],
      [
       1161708.2109513485,
       499945.07420653885,
       374
      ],
      [
       1161708.0624532476,
       499945.7550390895,
       374
      ],
      [
       1161707.925518875,
       499946.46969846863,
       374
      ],
      [
       1161707.8001482314,
       499947.21818467637,
       374
      ],
      [
       1161707.6796022374,
       499947.96667088405,
       374
      ],
      [
       1161707.563880893,
       499948.7151570917,
       374
      ],
      [
       1161707.4529841985,
       499949.46364329936,
       374
      ],
      [
       1161707.3469121538,
       499950.21212950704,
       374
      ],
      [
       1161707.2370966761,
       499950.9606157147,
       374
      ],
      [
       1161707.123537766,
       499951.70910192234,
       374
      ],
      [
       1161707.006235423,
       499952.45758813,
       374
      ],
      [
       1161706.8851896473,
       499953.2060743377,
       374
      ],
      [
       1161706.7702579254,
       499953.9545605454,
       374
      ],
      [
       1161706.661440257,
       499954.70304675295,
       374
      ],
      [
       1161706.5587366426,
       499955.45153296064,
       374
      ],
      [
       1161706.4621470817,
       499956.2000191683,
       374
      ],
      [
       1161706.387562922,
       499956.948505376,
       374
      ],
      [
       1161706.334984163,
       499957.6969915837,
       374
      ],
      [
       1161706.304410805,
       499958.44547779136,
       374
      ],
      [
       1161706.295842848,
       499959.19396399905,
       374
      ],
      [
       1161706.2917890088,
       499959.9424502067,
       374
      ],
      [
       1161706.292249287,
       499960.69093641435,
       374
      ],
      [
       1161706.297223683,
       499961.43942262203,
       374
      ],
      [
       1161706.3067121967,
       499962.1879088297,
       374
      ],
      [
       1161706.2945256955,
       499962.9363950374,
       374
      ],
      [
       1161706.2606641795,
       499963.684881245,
       374
      ],
      [
       1161706.2051276488,
       499964.4333674527,
       374
      ],
      [
       1161706.1279161035,
       499965.18185366044,
       374
      ],
      [
       1161706.0571345354,
       499965.8064197274,
       374
      ],
      [
       1161705.9927829448,
       499966.30706565356,
       374
      ],
      [
       1161705.934861332,
       499966.68379143905,
       374
      ],
      [
       1161705.8833696966,
       499966.9365970838,
       374
      ],
      [
       1161705.8160030572,
       499967.2501214581,
       374
      ],
      [
       1161705.7327614136,
       499967.624364562,
       374
      ],
      [
       1161705.633644766,
       499968.05932639533,
       374
      ],
      [
       1161705.5186531146,
       499968.5550069582,
       374
      ],
      [
       1161705.3908412415,
       499969.1138889323,
       374
      ],
      [
       1161705.2502091466,
       499969.73597231763,
       374
      ],
      [
       1161705.0967568308,
       499970.4212571141,
       374
      ],
      [
       1161704.9304842935,
       499971.1697433217,
       374
      ],
      [
       1161704.769721659,
       499971.9182295294,
       374
      ],
      [
       1161704.6144689275,
       499972.6667157371,
       374
      ],
      [
       1161704.464726099,
       499973.41520194476,
       374
      ],
      [
       1161704.3204931733,
       499974.16368815245,
       374
      ],
      [
       1161704.1828664679,
       499974.9121743601,
       374
      ],
      [
       1161704.0518459824,
       499975.66066056775,
       374
      ],
      [
       1161703.9274317173,
       499976.40914677543,
       374
      ],
      [
       1161703.809623672,
       499977.1576329832,
       374
      ],
      [
       1161703.7053149096,
       499977.90611919085,
       374
      ],
      [
       1161703.61450543,
       499978.6546053985,
       374
      ],
      [
       1161703.537195233,
       499979.40309160616,
       374
      ],
      [
       1161703.4733843186,
       499980.15157781384,
       374
      ],
      [
       1161703.4158264552,
       499980.9000640215,
       374
      ],
      [
       1161703.364521643,
       499981.64855022915,
       374
      ],
      [
       1161703.3194698815,
       499982.3970364368,
       374
      ],
      [
       1161703.280671171,
       499983.1455226445,
       374
      ],
      [
       1161703.2259292824,
       499983.86797907716,
       374
      ],
      [
       1161703.1552442156,
       499984.56440573477,
       374
      ],
      [
       1161703.0686159707,
       499985.23480261746,
       374
      ],
      [
       1161702.966044548,
       499985.8791697252,
       374
      ],
      [
       1161702.8851051237,
       499986.38847483095,
       374
      ],
      [
       1161702.825797698,
       499986.76271793473,
       374
      ],
      [
       1161702.7881222717,
       499987.00189903664,
       374
      ],
      [
       1161702.7720788438,
       499987.10601813666,
       374
      ],
      [
       1161702.7062819744,
       499987.37122901354,
       374
      ],
      [
       1161702.5907316632,
       499987.79753166734,
       374
      ],
      [
       1161702.42542791,
       499988.3849260981,
       374
      ],
      [
       1161702.2103707148,
       499989.1334123058,
       374
      ],
      [
       1161701.976946514,
       499989.8818985135,
       374
      ],
      [
       1161701.7251553077,
       499990.63038472115,
       374
      ],
      [
       1161701.4549970953,
       499991.37887092883,
       374
      ],
      [
       1161701.1664718774,
       499992.1273571365,
       374
      ],
      [
       1161700.8928628722,
       499992.8682947594,
       374
      ],
      [
       1161700.6341700796,
       499993.60168379766,
       374
      ],
      [
       1161700.3903934998,
       499994.32752425113,
       374
      ],
      [
       1161700.1615331327,
       499995.0458161199,
       374
      ],
      [
       1161699.9875134556,
       499995.5920836061,
       374
      ],
      [
       1161699.8683344678,
       499995.96632670995,
       374
      ],
      [
       1161699.8039961695,
       499996.16854543134,
       374
      ],
      [
       1161699.794498561,
       499996.1987397703,
       374
      ],
      [
       1161699.7539227568,
       499996.40850707644,
       374
      ],
      [
       1161699.6822687574,
       499996.7978473497,
       374
      ],
      [
       1161699.5795365623,
       499997.36676059023,
       374
      ],
      [
       1161699.445726172,
       499998.11524679785,
       374
      ],
      [
       1161699.3192655146,
       499998.8637330055,
       374
      ],
      [
       1161699.20015459,
       499999.6122192133,
       374
      ],
      [
       1161699.0883933986,
       500000.3607054209,
       374
      ],
      [
       1161698.9839819402,
       500001.1091916285,
       374
      ],
      [
       1161698.862979059,
       500001.8576778362,
       374
      ],
      [
       1161698.725384755,
       500002.6061640438,
       374
      ],
      [
       1161698.5711990283,
       500003.3546502515,
       374
      ],
      [
       1161698.4004218788,
       500004.10313645925,
       374
      ],
      [
       1161698.2136828376,
       500004.85162266693,
       374
      ],
      [
       1161698.0109819046,
       500005.60010887455,
       374
      ],
      [
       1161697.7923190799,
       500006.34859508224,
       374
      ],
      [
       1161697.5576943639,
       500007.0970812899,
       374
      ],
      [
       1161697.3578846054,
       500007.739844506,
       374
      ],
      [
       1161697.192889805,
       500008.27688473056,
       374
      ],
      [
       1161697.0627099625,
       500008.7082019635,
       374
      ],
      [
       1161696.9673450785,
       500009.0337962049,
       374
      ],
      [
       1161696.8660618812,
       500009.3837148775,
       374
      ],
      [
       1161696.758860371,
       500009.7579579813,
       374
      ],
      [
       1161696.6457405481,
       500010.15652551636,
       374
      ],
      [
       1161696.5267024129,
       500010.57941748266,
       374
      ],
      [
       1161696.3915170683,
       500011.08370800933,
       374
      ],
      [
       1161696.2401845152,
       500011.66939709627,
       374
      ],
      [
       1161696.0727047534,
       500012.33648474363,
       374
      ],
      [
       1161695.8890777826,
       500013.0849709513,
       374
      ],
      [
       1161695.7149945449,
       500013.833457159,
       374
      ],
      [
       1161695.5504550396,
       500014.58194336656,
       374
      ],
      [
       1161695.395459267,
       500015.33042957424,
       374
      ],
      [
       1161695.2500072273,
       500016.0789157819,
       374
      ],
      [
       1161695.0971653936,
       500016.8274019896,
       374
      ],
      [
       1161694.9369337657,
       500017.5758881972,
       374
      ],
      [
       1161694.769312344,
       500018.3243744049,
       374
      ],
      [
       1161694.5943011288,
       500019.0728606126,
       374
      ],
      [
       1161694.4317032555,
       500019.81855598325,
       374
      ],
      [
       1161694.2815187247,
       500020.5614605169,
       374
      ],
      [
       1161694.1437475362,
       500021.3015742135,
       374
      ],
      [
       1161694.0183896902,
       500022.0388970731,
       374
      ],
      [
       1161693.9239225225,
       500022.5946800548,
       374
      ],
      [
       1161693.8603460328,
       500022.96892315865,
       374
      ],
      [
       1161693.8276602216,
       500023.1616263846,
       374
      ],
      [
       1161693.8258650887,
       500023.1727897327,
       374
      ],
      [
       1161693.8049973603,
       500023.3682837957,
       374
      ],
      [
       1161693.7650570371,
       500023.7481085735,
       374
      ],
      [
       1161693.7060441182,
       500024.3122640663,
       374
      ],
      [
       1161693.6279586041,
       500025.06075027405,
       374
      ],
      [
       1161693.532791102,
       500025.8092364817,
       374
      ],
      [
       1161693.4205416122,
       500026.55772268935,
       374
      ],
      [
       1161693.2912101343,
       500027.30620889703,
       374
      ],
      [
       1161693.1447966686,
       500028.05469510466,
       374
      ],
      [
       1161692.9807169214,
       500028.8031813123,
       374
      ],
      [
       1161692.7989708933,
       500029.5516675201,
       374
      ],
      [
       1161692.5995585837,
       500030.3001537277,
       374
      ],
      [
       1161692.3824799925,
       500031.0486399353,
       374
      ],
      [
       1161692.1674065553,
       500031.797126143,
       374
      ],
      [
       1161691.954338272,
       500032.54561235063,
       374
      ],
      [
       1161691.7432751423,
       500033.2940985583,
       374
      ],
      [
       1161691.5342171662,
       500034.04258476605,
       374
      ],
      [
       1161691.3534098023,
       500034.776961347,
       374
      ],
      [
       1161691.2008530502,
       500035.49722830096,
       374
      ],
      [
       1161691.0765469102,
       500036.2033856282,
       374
      ],
      [
       1161690.9804913823,
       500036.8954333287,
       374
      ],
      [
       1161690.906246122,
       500037.4285787308,
       374
      ],
      [
       1161690.8538111297,
       500037.8028218346,
       374
      ],
      [
       1161690.823186405,
       500038.01816264016,
       374
      ],
      [
       1161690.8143719486,
       500038.0746011473,
       374
      ],
      [
       1161690.8099647202,
       500038.21295457816,
       374
      ],
      [
       1161690.8099647202,
       500038.4332229326,
       374
      ],
      [
       1161690.8143719486,
       500038.7354062107,
       374
      ],
      [
       1161690.823186405,
       500039.11950441235,
       374
      ],
      [
       1161690.8318545553,
       500039.4986750651,
       374
      ],
      [
       1161690.840376399,
       500039.8729181689,
       374
      ],
      [
       1161690.8487519359,
       500040.2422337238,
       374
      ],
      [
       1161690.8569811662,
       500040.6066217299,
       374
      ],
      [
       1161690.8711897447,
       500041.06703428633,
       374
      ],
      [
       1161690.8913776707,
       500041.6234713931,
       374
      ],
      [
       1161690.9175449451,
       500042.2759330503,
       374
      ],
      [
       1161690.9496915676,
       500043.0244192581,
       374
      ],
      [
       1161690.9881723814,
       500043.7729054658,
       374
      ],
      [
       1161691.0329873865,
       500044.52139167336,
       374
      ],
      [
       1161691.0841365831,
       500045.26987788104,
       374
      ],
      [
       1161691.141619971,
       500046.0183640887,
       374
      ],
      [
       1161691.1860218467,
       500046.7668502964,
       374
      ],
      [
       1161691.21734221,
       500047.51533650403,
       374
      ],
      [
       1161691.2355810609,
       500048.2638227117,
       374
      ],
      [
       1161691.2407383996,
       500049.0123089194,
       374
      ],
      [
       1161691.2271205415,
       500049.7607951271,
       374
      ],
      [
       1161691.1947274865,
       500050.5092813347,
       374
      ],
      [
       1161691.1435592347,
       500051.2577675424,
       374
      ],
      [
       1161691.0736157862,
       500052.0062537501,
       374
      ],
      [
       1161691.012889917,
       500052.6855618557,
       374
      ],
      [
       1161690.9613816277,
       500053.29569185904,
       374
      ],
      [
       1161690.9190909173,
       500053.8366437603,
       374
      ],
      [
       1161690.8860177866,
       500054.3084175595,
       374
      ],
      [
       1161690.8566728744,
       500054.73142601096,
       374
      ],
      [
       1161690.8310561809,
       500055.10566911474,
       374
      ],
      [
       1161690.8091677062,
       500055.43114687095,
       374
      ],
      [
       1161690.79100745,
       500055.7078592795,
       374
      ],
      [
       1161690.7711893774,
       500056.10251513775,
       374
      ],
      [
       1161690.7497134882,
       500056.6151144459,
       374
      ],
      [
       1161690.7265797823,
       500057.24565720384,
       374
      ],
      [
       1161690.70178826,
       500057.9941434114,
       374
      ],
      [
       1161690.662453202,
       500058.7426296191,
       374
      ],
      [
       1161690.6085746093,
       500059.4911158269,
       374
      ],
      [
       1161690.5401524808,
       500060.2396020345,
       374
      ],
      [
       1161690.4571868167,
       500060.9880882421,
       374
      ],
      [
       1161690.375258843,
       500061.7365744498,
       374
      ],
      [
       1161690.294368559,
       500062.48506065743,
       374
      ],
      [
       1161690.214515965,
       500063.2335468651,
       374
      ],
      [
       1161690.1357010603,
       500063.98203307285,
       374
      ],
      [
       1161690.093454706,
       500064.73051928054,
       374
      ],
      [
       1161690.0877769017,
       500065.47900548816,
       374
      ],
      [
       1161690.1186676477,
       500066.22749169584,
       374
      ],
      [
       1161690.1861269434,
       500066.9759779035,
       374
      ],
      [
       1161690.2688465072,
       500067.7244641112,
       374
      ],
      [
       1161690.3668263392,
       500068.4729503188,
       374
      ],
      [
       1161690.480066439,
       500069.2214365265,
       374
      ],
      [
       1161690.6085668067,
       500069.9699227342,
       374
      ],
      [
       1161690.7071352531,
       500070.61036425154,
       374
      ],
      [
       1161690.7757717785,
       500071.14276107843,
       374
      ],
      [
       1161690.814476383,
       500071.5671132151,
       374
      ],
      [
       1161690.8232490658,
       500071.88342066144,
       374
      ],
      [
       1161690.8325013034,
       500072.22869593656,
       374
      ],
      [
       1161690.8422330949,
       500072.60293904034,
       374
      ],
      [
       1161690.852444441,
       500073.00614997296,
       374
      ],
      [
       1161690.8631353416,
       500073.4383287343,
       374
      ],
      [
       1161690.8684807918,
       500073.80641028704,
       374
      ],
      [
       1161690.8684807918,
       500074.1103946312,
       374
      ],
      [
       1161690.8631353416,
       500074.3502817668,
       374
      ],
      [
       1161690.852444441,
       500074.5260716938,
       374
      ],
      [
       1161690.8343109929,
       500074.80108820926,
       374
      ],
      [
       1161690.808734997,
       500075.17533131305,
       374
      ],
      [
       1161690.7757164533,
       500075.6488010053,
       374
      ],
      [
       1161690.735255362,
       500076.221497286,
       374
      ],
      [
       1161690.6840283393,
       500076.8381410484,
       374
      ],
      [
       1161690.6220353853,
       500077.49873229256,
       374
      ],
      [
       1161690.5492765,
       500078.2032710185,
       374
      ],
      [
       1161690.4657516838,
       500078.9517572262,
       374
      ],
      [
       1161690.4341045483,
       500079.6160858872,
       374
      ],
      [
       1161690.454335094,
       500080.1962570016,
       374
      ],
      [
       1161690.5264433208,
       500080.6922705693,
       374
      ],
      [
       1161690.6504292286,
       500081.1041265904,
       374
      ],
      [
       1161690.7676721092,
       500081.4971761529,
       374
      ],
      [
       1161690.8781719627,
       500081.8714192567,
       374
      ],
      [
       1161690.9819287886,
       500082.22685590194,
       374
      ],
      [
       1161691.0789425876,
       500082.56348608853,
       374
      ],
      [
       1161691.2117569158,
       500083.0030802804,
       374
      ],
      [
       1161691.3803717731,
       500083.5456384775,
       374
      ],
      [
       1161691.5847871602,
       500084.1911606799,
       374
      ],
      [
       1161691.8250030763,
       500084.93964688753,
       374
      ],
      [
       1161692.047826909,
       500085.68813309516,
       374
      ],
      [
       1161692.2532586583,
       500086.43661930296,
       374
      ],
      [
       1161692.4412983241,
       500087.1851055106,
       374
      ],
      [
       1161692.6119459062,
       500087.9335917182,
       374
      ],
      [
       1161692.7700707538,
       500088.6820779259,
       374
      ],
      [
       1161692.9156728669,
       500089.43056413357,
       374
      ],
      [
       1161693.048752245,
       500090.17905034125,
       374
      ],
      [
       1161693.1693088883,
       500090.92753654893,
       374
      ],
      [
       1161693.2770062953,
       500091.6760227566,
       374
      ],
      [
       1161693.3718444656,
       500092.42450896424,
       374
      ],
      [
       1161693.4538233993,
       500093.1729951719,
       374
      ],
      [
       1161693.5229430965,
       500093.92148137966,
       374
      ],
      [
       1161693.5875160117,
       500094.643761931,
       374
      ],
      [
       1161693.647542145,
       500095.339836826,
       374
      ],
      [
       1161693.7030214968,
       500096.0097060647,
       374
      ],
      [
       1161693.7539540664,
       500096.6533696471,
       374
      ],
      [
       1161693.7944156483,
       500097.16232299025,
       374
      ],
      [
       1161693.8244062425,
       500097.53656609403,
       374
      ],
      [
       1161693.8439258486,
       500097.77609895857,
       374
      ],
      [
       1161693.8529744665,
       500097.88092158386,
       374
      ],
      [
       1161693.8737730354,
       500098.14666010474,
       374
      ],
      [
       1161693.9063215544,
       500098.5733145212,
       374
      ],
      [
       1161693.950620024,
       500099.1608848333,
       374
      ],
      [
       1161694.006668444,
       500099.909371041,
       374
      ],
      [
       1161694.0521639963,
       500100.6578572487,
       374
      ],
      [
       1161694.0871066814,
       500101.40634345624,
       374
      ],
      [
       1161694.1114964988,
       500102.1548296639,
       374
      ],
      [
       1161694.1253334486,
       500102.9033158716,
       374
      ],
      [
       1161694.134907039,
       500103.6518020793,
       374
      ],
      [
       1161694.1402172702,
       500104.4002882869,
       374
      ],
      [
       1161694.1412641418,
       500105.1487744946,
       374
      ],
      [
       1161694.138047654,
       500105.8972607023,
       374
      ],
      [
       1161694.1434645085,
       500106.64574690996,
       374
      ],
      [
       1161694.1575147058,
       500107.39423311764,
       374
      ],
      [
       1161694.1801982454,
       500108.1427193253,
       374
      ],
      [
       1161694.2115151277,
       500108.891205533,
       374
      ],
      [
       1161694.25373424,
       500109.6396917407,
       374
      ],
      [
       1161694.3068555822,
       500110.3881779483,
       374
      ],
      [
       1161694.3708791544,
       500111.136664156,
       374
      ],
      [
       1161694.4458049566,
       500111.8851503637,
       374
      ],
      [
       1161694.5382021344,
       500112.6336365714,
       374
      ],
      [
       1161694.6480706881,
       500113.38212277903,
       374
      ],
      [
       1161694.7754106172,
       500114.1306089867,
       374
      ],
      [
       1161694.920221922,
       500114.87909519434,
       374
      ],
      [
       1161695.0661020852,
       500115.62758140196,
       374
      ],
      [
       1161695.2130511065,
       500116.37606760976,
       374
      ],
      [
       1161695.3610689866,
       500117.1245538174,
       374
      ],
      [
       1161695.510155725,
       500117.873040025,
       374
      ],
      [
       1161695.6575573767,
       500118.6215262327,
       374
      ],
      [
       1161695.8032739419,
       500119.3700124403,
       374
      ],
      [
       1161695.94730542,
       500120.118498648,
       374
      ],
      [
       1161696.0896518119,
       500120.86698485573,
       374
      ],
      [
       1161696.2289820025,
       500121.60968067014,
       374
      ],
      [
       1161696.3652959927,
       500122.3465860912,
       374
      ],
      [
       1161696.4985937816,
       500123.07770111907,
       374
      ],
      [
       1161696.6288753697,
       500123.80302575364,
       374
      ],
      [
       1161696.7276540254,
       500124.3528096229,
       374
      ],
      [
       1161696.7949297484,
       500124.72705272667,
       374
      ],
      [
       1161696.8307025395,
       500124.92575506517,
       374
      ],
      [
       1161696.834972398,
       500124.94891663827,
       374
      ],
      [
       1161696.866897485,
       500125.15340937,
       374
      ],
      [
       1161696.9264778004,
       500125.53923326044,
       374
      ],
      [
       1161697.0137133442,
       500126.10638830945,
       374
      ],
      [
       1161697.1286041168,
       500126.8548745171,
       374
      ],
      [
       1161697.2418990629,
       500127.6033607248,
       374
      ],
      [
       1161697.353598183,
       500128.35184693243,
       374
      ],
      [
       1161697.4637014768,
       500129.1003331401,
       374
      ],
      [
       1161697.5722089442,
       500129.8488193478,
       374
      ],
      [
       1161697.6908406466,
       500130.5973055555,
       374
      ],
      [
       1161697.8195965835,
       500131.34579176304,
       374
      ],
      [
       1161697.9584767555,
       500132.0942779707,
       374
      ],
      [
       1161698.1074811623,
       500132.8427641784,
       374
      ],
      [
       1161698.2672746459,
       500133.5912503861,
       374
      ],
      [
       1161698.4378572062,
       500134.3397365937,
       374
      ],
      [
       1161698.6192288434,
       500135.0882228014,
       374
      ],
      [
       1161698.8113895576,
       500135.8367090091,
       374
      ],
      [
       1161698.9981955388,
       500136.58519521676,
       374
      ],
      [
       1161699.1796467872,
       500137.3336814244,
       374
      ],
      [
       1161699.355743303,
       500138.08216763206,
       374
      ],
      [
       1161699.5264850857,
       500138.8306538398,
       374
      ],
      [
       1161699.6567692244,
       500139.3995956116,
       374
      ],
      [
       1161699.7465957184,
       500139.78899294755,
       374
      ],
      [
       1161699.7959645684,
       500139.9988458476,
       374
      ],
      [
       1161699.8048757738,
       500140.02915431175,
       374
      ],
      [
       1161699.8589972174,
       500140.23143009574,
       374
      ],
      [
       1161699.958328899,
       500140.60567319964,
       374
      ],
      [
       1161700.1028708182,
       500141.15188362333,
       374
      ],
      [
       1161700.2926229753,
       500141.8700613668,
       374
      ],
      [
       1161700.4710630334,
       500142.5958162264,
       374
      ],
      [
       1161700.6381909922,
       500143.32914820185,
       374
      ],
      [
       1161700.794006852,
       500144.0700572935,
       374
      ],
      [
       1161700.9385106124,
       500144.81854350114,
       374
      ],
      [
       1161701.0928108844,
       500145.56702970876,
       374
      ],
      [
       1161701.2569076677,
       500146.31551591656,
       374
      ],
      [
       1161701.4308009627,
       500147.0640021242,
       374
      ],
      [
       1161701.6144907689,
       500147.8124883318,
       374
      ],
      [
       1161701.8024826243,
       500148.5609745395,
       374
      ],
      [
       1161701.9947765283,
       500149.3094607471,
       374
      ],
      [
       1161702.1913724816,
       500150.0579469548,
       374
      ],
      [
       1161702.3922704838,
       500150.80643316254,
       374
      ],
      [
       1161702.550354606,
       500151.39660198474,
       374
      ],
      [
       1161702.6656248476,
       500151.8284534215,
       374
      ],
      [
       1161702.7380812094,
       500152.10198747274,
       374
      ],
      [
       1161702.767723691,
       500152.2172041385,
       374
      ],
      [
       1161702.826876942,
       500152.46193402336,
       374
      ],
      [
       1161702.9155409625,
       500152.8361771272,
       374
      ],
      [
       1161703.0337157524,
       500153.33993345,
       374
      ],
      [
       1161703.1814013124,
       500153.97320299194,
       374
      ],
      [
       1161703.322669815,
       500154.63527670025,
       374
      ],
      [
       1161703.4575212612,
       500155.326154575,
       374
      ],
      [
       1161703.5859556505,
       500156.0458366162,
       374
      ],
      [
       1161703.707972983,
       500156.7943228239,
       374
      ],
      [
       1161703.8394833757,
       500157.54280903155,
       374
      ],
      [
       1161703.9804868284,
       500158.29129523924,
       374
      ],
      [
       1161704.130983341,
       500159.0397814469,
       374
      ],
      [
       1161704.2909729138,
       500159.7882676546,
       374
      ],
      [
       1161704.4676352772,
       500160.5367538623,
       374
      ],
      [
       1161704.6609704308,
       500161.28524006985,
       374
      ],
      [
       1161704.8709783754,
       500162.0337262775,
       374
      ],
      [
       1161705.09765911,
       500162.7822124852,
       374
      ]
     ]
    },
    "elevationFt": 374,
    "weight": "intermediate",
    "hidden": false
   }
  },
  {
   "type": "Feature",
   "geometry": {
    "type": "LineString",
    "coordinates": [
     [
      -77.53024345221857,
      39.03820594034419
     ],
     [
      -77.53024379016288,
      39.038207993949484
     ],
     [
      -77.53024418662221,
      39.038210047289716
     ],
     [
      -77.53024464159652,
      39.03821210036487
     ],
     [
      -77.530245219062,
      39.03821415288514
     ],
     [
      -77.53024591901858,
      39.038216204850514
     ],
     [
      -77.53024674146633,
      39.03821825626102
     ],
     [
      -77.53024768640525,
      39.038220307116624
     ],
     [
      -77.53024863440618,
      39.038222272275185
     ],
     [
      -77.53024958546912,
      39.038224151736685
     ],
     [
      -77.53025053959408,
      39.03822594550113
     ],
     [
      -77.53025149678102,
      39.03822765356854
     ],
     [
      -77.53025225758314,
      39.038229020107835
     ],
     [
      -77.53025282200039,
      39.0382300451191
     ],
     [
      -77.53025319003277,
      39.038230728602294
     ],
     [
      -77.53025336168024,
      39.03823107055741
     ],
     [
      -77.53025367560349,
      39.03823183996889
     ],
     [
      -77.53025413180252,
      39.038233036836694
     ],
     [
      -77.53025473027735,
      39.03823466116087
     ],
     [
      -77.530255471028,
      39.0382367129414
     ],
     [
      -77.53025618332322,
      39.03823876485082
     ],
     [
      -77.53025686716303,
      39.038240816889136
     ],
     [
      -77.53025752254744,
      39.03824286905637
     ],
     [
      -77.53025814947642,
      39.03824492135247
     ],
     [
      -77.53025869225993,
      39.03824697402978
     ],
     [
      -77.53025915089795,
      39.03824902708828
     ],
     [
      -77.53025952539049,
      39.03825108052794
     ],
     [
      -77.53025981573752,
      39.03825313434879
     ],
     [
      -77.53026003215237,
      39.03825518850457
     ],
     [
      -77.53026017463506,
      39.03825724299526
     ],
     [
      -77.53026024318555,
      39.03825929782087
     ],
     [
      -77.53026023780384,
      39.0382613529814
     ],
     [
      -77.53026027006044,
      39.038263407971435
     ],
     [
      -77.53026033995533,
      39.03826546279096
     ],
     [
      -77.53026044748854,
      39.03826751743998
     ],
     [
      -77.53026059266006,
      39.03826957191848
     ],
     [
      -77.53026085125852,
      39.038271625883155
     ],
     [
      -77.53026122328399,
      39.03827367933398
     ],
     [
      -77.53026170873642,
      39.03827573227099
     ],
     [
      -77.53026230761586,
      39.038277784694124
     ],
     [
      -77.53026279779453,
      39.03827942234226
     ],
     [
      -77.53026317927244,
      39.03828064521539
     ],
     [
      -77.53026345204957,
      39.03828145331349
     ],
     [
      -77.53026361612591,
      39.03828184663658
     ],
     [
      -77.53026389818689,
      39.03828255617605
     ],
     [
      -77.53026429823255,
      39.03828358193185
     ],
     [
      -77.53026481626289,
      39.03828492390401
     ],
     [
      -77.5302654522779,
      39.038286582092546
     ],
     [
      -77.53026605595508,
      39.03828833894417
     ],
     [
      -77.53026662729445,
      39.03829019445885
     ],
     [
      -77.53026716629596,
      39.03829214863663
     ],
     [
      -77.53026767295965,
      39.03829420147751
     ],
     [
      -77.5302680633358,
      39.03829625484518
     ],
     [
      -77.5302683374244,
      39.03829830873965
     ],
     [
      -77.53026849522544,
      39.038300363160936
     ],
     [
      -77.53026853673893,
      39.038302418108984
     ],
     [
      -77.53026848296896,
      39.03830447348873
     ],
     [
      -77.53026833391553,
      39.03830652930008
     ],
     [
      -77.53026808957863,
      39.038308585543106
     ],
     [
      -77.53026774995824,
      39.038310642217766
     ],
     [
      -77.53026742667835,
      39.03831269881841
     ],
     [
      -77.53026711973897,
      39.03831475534503
     ],
     [
      -77.53026682914007,
      39.038316811797614
     ],
     [
      -77.53026655488169,
      39.03831886817616
     ],
     [
      -77.53026638130552,
      39.03832092409862
     ],
     [
      -77.53026630841158,
      39.03832297956496
     ],
     [
      -77.53026633619987,
      39.03832503457521
     ],
     [
      -77.53026646467043,
      39.038327089129325
     ],
     [
      -77.53026664094082,
      39.03832914346692
     ],
     [
      -77.53026686501107,
      39.03833119758798
     ],
     [
      -77.53026713688118,
      39.03833325149248
     ],
     [
      -77.53026745655113,
      39.03833530518044
     ],
     [
      -77.53026774320611,
      39.03833735901797
     ],
     [
      -77.53026799684609,
      39.03833941300505
     ],
     [
      -77.53026821747108,
      39.03834146714173
     ],
     [
      -77.53026840508107,
      39.038343521427926
     ],
     [
      -77.53026857081802,
      39.03834557581324
     ],
     [
      -77.53026871468192,
      39.038347630297615
     ],
     [
      -77.5302688366728,
      39.0383496848811
     ],
     [
      -77.53026893679062,
      39.038351739563645
     ],
     [
      -77.53026906683264,
      39.038353794110655
     ],
     [
      -77.5302692267989,
      39.03835584852208
     ],
     [
      -77.53026941668936,
      39.03835790279795
     ],
     [
      -77.53026963650403,
      39.03835995693826
     ],
     [
      -77.53026989741664,
      39.03836201089239
     ],
     [
      -77.53027019942716,
      39.03836406466034
     ],
     [
      -77.5302705425356,
      39.038366118242095
     ],
     [
      -77.53027092674198,
      39.03836817163771
     ],
     [
      -77.53027128247543,
      39.03837022516225
     ],
     [
      -77.5302716097359,
      39.0383722788158
     ],
     [
      -77.53027190852346,
      39.03837433259834
     ],
     [
      -77.53027217883806,
      39.03837638650986
     ],
     [
      -77.53027241811914,
      39.03837844056198
     ],
     [
      -77.5302726263667,
      39.038380494754676
     ],
     [
      -77.5302728035807,
      39.03838254908797
     ],
     [
      -77.53027294976117,
      39.03838460356182
     ],
     [
      -77.53027314822843,
      39.038386657798846
     ],
     [
      -77.53027339898249,
      39.03838871179897
     ],
     [
      -77.53027370202335,
      39.03839076556223
     ],
     [
      -77.53027405735101,
      39.038392819088614
     ],
     [
      -77.53027436591748,
      39.038394488349866
     ],
     [
      -77.53027462772273,
      39.03839577334598
     ],
     [
      -77.53027484276676,
      39.038396674076964
     ],
     [
      -77.53027501104955,
      39.0383971905428
     ],
     [
      -77.53027531899264,
      39.0383979615459
     ],
     [
      -77.530275766596,
      39.038398987086175
     ],
     [
      -77.53027635385966,
      39.03840026716371
     ],
     [
      -77.53027708078363,
      39.03840180177848
     ],
     [
      -77.53027781530112,
      39.03840346566586
     ],
     [
      -77.53027855741213,
      39.038405258825904
     ],
     [
      -77.53027930711667,
      39.03840718125859
     ],
     [
      -77.53028006441475,
      39.038409232963936
     ],
     [
      -77.5302807566831,
      39.03841128496384
     ],
     [
      -77.5302813839217,
      39.038413337258376
     ],
     [
      -77.53028194613057,
      39.03841538984753
     ],
     [
      -77.53028244330967,
      39.038417442731244
     ],
     [
      -77.53028299370312,
      39.03841946053964
     ],
     [
      -77.53028359731093,
      39.038421443272746
     ],
     [
      -77.53028425413306,
      39.03842339093053
     ],
     [
      -77.53028496416957,
      39.03842530351301
     ],
     [
      -77.53028551181978,
      39.038426772715574
     ],
     [
      -77.53028589708371,
      39.03842779853825
     ],
     [
      -77.53028611996133,
      39.03842838098104
     ],
     [
      -77.53028618045262,
      39.03842852004393
     ],
     [
      -77.53028651923941,
      39.03842913679585
     ],
     [
      -77.53028713632168,
      39.038430231236774
     ],
     [
      -77.53028803169946,
      39.03843180336671
     ],
     [
      -77.53028920537281,
      39.03843385318566
     ],
     [
      -77.53029029061143,
      39.03843590340524
     ],
     [
      -77.5302912874153,
      39.03843795402544
     ],
     [
      -77.5302921957844,
      39.03844000504628
     ],
     [
      -77.53029301571874,
      39.03844205646776
     ],
     [
      -77.53029372551805,
      39.03844410838819
     ],
     [
      -77.5302943251823,
      39.03844616080755
     ],
     [
      -77.5302948147115,
      39.038448213725864
     ],
     [
      -77.53029519410562,
      39.03845026714315
     ],
     [
      -77.53029551327644,
      39.03845232083325
     ],
     [
      -77.53029577222397,
      39.038454374796174
     ],
     [
      -77.53029597094816,
      39.03845642903194
     ],
     [
      -77.53029610944904,
      39.03845848354054
     ],
     [
      -77.53029621819998,
      39.038460538183934
     ],
     [
      -77.53029629720096,
      39.0384625929621
     ],
     [
      -77.53029634645199,
      39.03846464787504
     ],
     [
      -77.53029636595306,
      39.03846670292274
     ],
     [
      -77.53029639289434,
      39.03846875793676
     ],
     [
      -77.53029642727581,
      39.038470812917055
     ],
     [
      -77.5302964690975,
      39.038472867863646
     ],
     [
      -77.53029651835938,
      39.03847492277653
     ],
     [
      -77.5302965787603,
      39.03847668510112
     ],
     [
      -77.53029665030024,
      39.03847815483741
     ],
     [
      -77.53029673297924,
      39.03847933198538
     ],
     [
      -77.53029682679725,
      39.038480216545075
     ],
     [
      -77.5302969299341,
      39.03848117235419
     ],
     [
      -77.5302970423898,
      39.03848219941275
     ],
     [
      -77.53029716416434,
      39.03848329772075
     ],
     [
      -77.5302972952577,
      39.03848446727818
     ],
     [
      -77.53029749958314,
      39.038485857750025
     ],
     [
      -77.53029777714062,
      39.03848746913628
     ],
     [
      -77.53029812793017,
      39.03848930143692
     ],
     [
      -77.53029855195182,
      39.03849135465198
     ],
     [
      -77.53029902436992,
      39.038493407647785
     ],
     [
      -77.5302995451845,
      39.03849546042432
     ],
     [
      -77.53030011439556,
      39.03849751298162
     ],
     [
      -77.5303007320031,
      39.03849956531965
     ],
     [
      -77.53030134937767,
      39.03850161765871
     ],
     [
      -77.53030196651925,
      39.038503669998846
     ],
     [
      -77.53030258342788,
      39.03850572234002
     ],
     [
      -77.53030320010353,
      39.03850777468225
     ],
     [
      -77.53030378429446,
      39.038509827171644
     ],
     [
      -77.53030433600065,
      39.03851187980821
     ],
     [
      -77.53030485522214,
      39.038513932591925
     ],
     [
      -77.53030534195888,
      39.038515985522835
     ],
     [
      -77.53030580555294,
      39.03851803855858
     ],
     [
      -77.5303062460043,
      39.03852009169916
     ],
     [
      -77.53030666331296,
      39.03852214494459
     ],
     [
      -77.53030705747894,
      39.03852419829488
     ],
     [
      -77.53030736602268,
      39.038525792637486
     ],
     [
      -77.53030758894418,
      39.03852692797244
     ],
     [
      -77.53030772624342,
      39.03852760429974
     ],
     [
      -77.53030777792041,
      39.03852782161936
     ],
     [
      -77.53030793216233,
      39.038528443481454
     ],
     [
      -77.53030818896917,
      39.03852946988602
     ],
     [
      -77.53030854834097,
      39.03853090083303
     ],
     [
      -77.5303090102777,
      39.038532736322516
     ],
     [
      -77.53030937133423,
      39.038534626657466
     ],
     [
      -77.5303096315105,
      39.038536571837895
     ],
     [
      -77.53030979080654,
      39.038538571863796
     ],
     [
      -77.53030984922232,
      39.038540626735184
     ],
     [
      -77.53030983453635,
      39.038542681937756
     ],
     [
      -77.53030974674864,
      39.03854473747151
     ],
     [
      -77.53030958585916,
      39.038546793336444
     ],
     [
      -77.53030935186791,
      39.03854884953256
     ],
     [
      -77.53030917489161,
      39.03855090547038
     ],
     [
      -77.53030905493029,
      39.0385529611499
     ],
     [
      -77.53030899198389,
      39.038555016571095
     ],
     [
      -77.53030898605245,
      39.03855707173399
     ],
     [
      -77.53030900724261,
      39.038559126774004
     ],
     [
      -77.53030905555431,
      39.038561181691165
     ],
     [
      -77.53030913098762,
      39.03856323648543
     ],
     [
      -77.5303092335425,
      39.03856529115683
     ],
     [
      -77.53030926462016,
      39.03856734615204
     ],
     [
      -77.53030922422062,
      39.03856940147111
     ],
     [
      -77.53030911234387,
      39.03857145711398
     ],
     [
      -77.5303089289899,
      39.038573513080685
     ],
     [
      -77.53030876484854,
      39.03857515252763
     ],
     [
      -77.53030861991982,
      39.03857637545484
     ],
     [
      -77.53030849420372,
      39.03857718186229
     ],
     [
      -77.53030838770029,
      39.03857757175
     ],
     [
      -77.53030819473177,
      39.03857828111084
     ],
     [
      -77.5303079152982,
      39.03857930994481
     ],
     [
      -77.53030754939954,
      39.038580658251924
     ],
     [
      -77.5303070970358,
      39.038582326032156
     ],
     [
      -77.53030662209225,
      39.03858409126601
     ],
     [
      -77.53030612456885,
      39.03858595395344
     ],
     [
      -77.53030560446565,
      39.03858791409447
     ],
     [
      -77.53030506178261,
      39.03858997168908
     ],
     [
      -77.5303045886016,
      39.03859202896881
     ],
     [
      -77.53030418492261,
      39.03859408593367
     ],
     [
      -77.53030385074565,
      39.03859614258364
     ],
     [
      -77.53030358607073,
      39.03859819891875
     ],
     [
      -77.53030333392303,
      39.03860025519708
     ],
     [
      -77.53030309430251,
      39.038602311418686
     ],
     [
      -77.53030286720919,
      39.03860436758352
     ],
     [
      -77.53030265264306,
      39.03860642369159
     ],
     [
      -77.5303024246248,
      39.038608479860606
     ],
     [
      -77.53030218315439,
      39.03861053609058
     ],
     [
      -77.53030192823181,
      39.03861259238149
     ],
     [
      -77.53030165985709,
      39.03861464873333
     ],
     [
      -77.53030139062537,
      39.038616705089076
     ],
     [
      -77.53030112053665,
      39.03861876144868
     ],
     [
      -77.53030084959092,
      39.03862081781217
     ],
     [
      -77.53030057778818,
      39.03862287417955
     ],
     [
      -77.53030030497605,
      39.0386249305515
     ],
     [
      -77.53030003115454,
      39.03862698692801
     ],
     [
      -77.53029975632364,
      39.03862904330911
     ],
     [
      -77.53029948048335,
      39.038631099694754
     ],
     [
      -77.53029921597523,
      39.03863297909102
     ],
     [
      -77.53029896279929,
      39.03863468149788
     ],
     [
      -77.53029872095553,
      39.038636206915335
     ],
     [
      -77.53029849044394,
      39.038637555343406
     ],
     [
      -77.53029828507471,
      39.03863874374968
     ],
     [
      -77.53029810484784,
      39.038639772134175
     ],
     [
      -77.53029794976332,
      39.03864064049688
     ],
     [
      -77.53029781982117,
      39.038641348837814
     ],
     [
      -77.53029762101811,
      39.03864239433663
     ],
     [
      -77.53029735335411,
      39.03864377699335
     ],
     [
      -77.53029701682921,
      39.03864549680799
     ],
     [
      -77.53029661144336,
      39.038647553780535
     ],
     [
      -77.5302962149421,
      39.03864961071282
     ],
     [
      -77.53029582732542,
      39.038651667604846
     ],
     [
      -77.53029544859334,
      39.03865372445662
     ],
     [
      -77.53029507874585,
      39.03865578126816
     ],
     [
      -77.53029471430624,
      39.03865783805518
     ],
     [
      -77.53029435527452,
      39.0386598948177
     ],
     [
      -77.53029400165067,
      39.03866195155572
     ],
     [
      -77.53029365343471,
      39.03866400826922
     ],
     [
      -77.53029330599954,
      39.03866606497921
     ],
     [
      -77.53029295934512,
      39.038668121685646
     ],
     [
      -77.53029261347146,
      39.038670178388536
     ],
     [
      -77.5302922683786,
      39.03867223508791
     ],
     [
      -77.5302919249941,
      39.03867429177953
     ],
     [
      -77.53029158331802,
      39.0386763484634
     ],
     [
      -77.53029124335033,
      39.03867840513952
     ],
     [
      -77.53029090509105,
      39.03868046180793
     ],
     [
      -77.53029056141891,
      39.03868251850085
     ],
     [
      -77.5302902123339,
      39.03868457521828
     ],
     [
      -77.53028985783605,
      39.038686631960225
     ],
     [
      -77.53028949792534,
      39.0386886887267
     ],
     [
      -77.53028917038317,
      39.0386905974738
     ],
     [
      -77.53028887520952,
      39.03869235820151
     ],
     [
      -77.53028861240443,
      39.03869397090984
     ],
     [
      -77.53028838196789,
      39.03869543559878
     ],
     [
      -77.53028818697598,
      39.03869668208864
     ],
     [
      -77.53028802742874,
      39.03869771037943
     ],
     [
      -77.53028790332614,
      39.03869852047112
     ],
     [
      -77.53028781466821,
      39.038699112363716
     ],
     [
      -77.53028767232603,
      39.03870007041078
     ],
     [
      -77.53028747629956,
      39.038701394612296
     ],
     [
      -77.53028722658885,
      39.03870308496826
     ],
     [
      -77.53028692319387,
      39.0387051414787
     ],
     [
      -77.53028660647203,
      39.038707198049494
     ],
     [
      -77.53028627642337,
      39.03870925468067
     ],
     [
      -77.53028593304784,
      39.038711311372204
     ],
     [
      -77.53028557634548,
      39.03871336812412
     ],
     [
      -77.53028518466049,
      39.03871542503452
     ],
     [
      -77.53028475799289,
      39.03871748210339
     ],
     [
      -77.53028429634267,
      39.03871953933075
     ],
     [
      -77.53028379970984,
      39.03872159671656
     ],
     [
      -77.53028328641462,
      39.03872365417787
     ],
     [
      -77.53028275645701,
      39.03872571171466
     ],
     [
      -77.53028220983703,
      39.03872776932694
     ],
     [
      -77.53028164655466,
      39.03872982701469
     ],
     [
      -77.53028106999253,
      39.0387318847626
     ],
     [
      -77.53028048015062,
      39.038733942570666
     ],
     [
      -77.53027987702896,
      39.038736000438895
     ],
     [
      -77.53027926062752,
      39.03873805836728
     ],
     [
      -77.53027876700689,
      39.038739730157424
     ],
     [
      -77.53027839616713,
      39.038741015809336
     ],
     [
      -77.53027814810821,
      39.038741915323016
     ],
     [
      -77.53027802283016,
      39.03874242869844
     ],
     [
      -77.5302778421073,
      39.03874319970511
     ],
     [
      -77.53027760593965,
      39.03874422834296
     ],
     [
      -77.53027731432718,
      39.03874551461203
     ],
     [
      -77.53027696726991,
      39.0387470585123
     ],
     [
      -77.53027665558778,
      39.03874873045429
     ],
     [
      -77.5302763792808,
      39.038750530437994
     ],
     [
      -77.53027613834897,
      39.03875245846342
     ],
     [
      -77.53027593279226,
      39.03875451453056
     ],
     [
      -77.53027572131366,
      39.03875657062453
     ],
     [
      -77.53027550391315,
      39.03875862674533
     ],
     [
      -77.53027528059071,
      39.03876068289294
     ],
     [
      -77.53027505134638,
      39.0387627390674
     ],
     [
      -77.53027473254572,
      39.03876479564755
     ],
     [
      -77.53027432418875,
      39.03876685263341
     ],
     [
      -77.53027382627545,
      39.03876891002498
     ],
     [
      -77.5302732388058,
      39.03877096782224
     ],
     [
      -77.53027249958694,
      39.03877297941792
     ],
     [
      -77.53027160861888,
      39.038774944812054
     ],
     [
      -77.53027056590157,
      39.03877686400458
     ],
     [
      -77.53026937143504,
      39.038778736995546
     ],
     [
      -77.53026844482538,
      39.03878018876711
     ],
     [
      -77.53026778607264,
      39.03878121931932
     ],
     [
      -77.53026739517684,
      39.038781828652134
     ],
     [
      -77.53026727213798,
      39.038782016765595
     ],
     [
      -77.53026685713668,
      39.038782673096634
     ],
     [
      -77.53026615017293,
      39.038783797645245
     ],
     [
      -77.53026515124671,
      39.038785390411455
     ],
     [
      -77.53026386035798,
      39.038787451395216
     ],
     [
      -77.53026262045499,
      39.03878951214801
     ],
     [
      -77.53026143153777,
      39.03879157266981
     ],
     [
      -77.53026029360632,
      39.03879363296063
     ],
     [
      -77.53025920666063,
      39.03879569302047
     ],
     [
      -77.53025836629763,
      39.038797292403565
     ],
     [
      -77.53025777251736,
      39.03879843110992
     ],
     [
      -77.53025742531982,
      39.038799109139525
     ],
     [
      -77.53025732470503,
      39.03879932649242
     ],
     [
      -77.53025706033144,
      39.03879994992255
     ],
     [
      -77.53025663219897,
      39.03880097942998
     ],
     [
      -77.53025604030766,
      39.03880241501463
     ],
     [
      -77.53025528465747,
      39.03880425667656
     ],
     [
      -77.53025455296289,
      39.03880615245425
     ],
     [
      -77.53025384522394,
      39.03880810234765
     ],
     [
      -77.53025316144061,
      39.03881010635682
     ],
     [
      -77.5302525016129,
      39.03881216448176
     ],
     [
      -77.530251863504,
      39.03881422250828
     ],
     [
      -77.53025124711391,
      39.03881628043641
     ],
     [
      -77.53025065244262,
      39.038818338266175
     ],
     [
      -77.53025007949014,
      39.038820395997526
     ],
     [
      -77.53024952414266,
      39.03882245364914
     ],
     [
      -77.53024898640015,
      39.038824511220966
     ],
     [
      -77.53024846626263,
      39.038826568713084
     ],
     [
      -77.53024796373012,
      39.03882862612544
     ]
    ]
   },
   "properties": {
    "id": "ct-7",
    "kind": "Contour",
    "sourceId": "contours",
    "reliabilityLevel": 1,
    "revision": 1,
    "engineeringGeometry": {
     "crs": "EPSG:2248",
     "crsName": "NAD83 / Maryland State Plane (US survey feet)",
     "datum": "NAD83",
     "unit": "usSurveyFoot",
     "coordinates": [
      [
       1161723.4172602687,
       499935.9908915613,
       376
      ],
      [
       1161723.3256162698,
       499936.73937776894,
       376
      ],
      [
       1161723.21735135,
       499937.4878639766,
       376
      ],
      [
       1161723.0924655101,
       499938.23635018425,
       376
      ],
      [
       1161722.932786618,
       499938.9848363919,
       376
      ],
      [
       1161722.7383146742,
       499939.73332259967,
       376
      ],
      [
       1161722.5090496785,
       499940.48180880735,
       376
      ],
      [
       1161722.244991631,
       499941.2302950149,
       376
      ],
      [
       1161721.9798825854,
       499941.9475751773,
       376
      ],
      [
       1161721.713722541,
       499942.6336492944,
       376
      ],
      [
       1161721.4465114987,
       499943.28851736605,
       376
      ],
      [
       1161721.1782494583,
       499943.91217939236,
       376
      ],
      [
       1161720.965045269,
       499944.41113195743,
       376
      ],
      [
       1161720.806898931,
       499944.7853750613,
       376
      ],
      [
       1161720.703810445,
       499945.0349087039,
       376
      ],
      [
       1161720.6557798102,
       499945.15973288513,
       376
      ],
      [
       1161720.5682420414,
       499945.44047257304,
       376
      ],
      [
       1161720.4411971385,
       499945.87712776754,
       376
      ],
      [
       1161720.2746451015,
       499946.46969846863,
       376
      ],
      [
       1161720.0685859304,
       499947.21818467637,
       376
      ],
      [
       1161719.8706094013,
       499947.96667088405,
       376
      ],
      [
       1161719.680715514,
       499948.7151570917,
       376
      ],
      [
       1161719.4989042687,
       499949.46364329936,
       376
      ],
      [
       1161719.3251756653,
       499950.21212950704,
       376
      ],
      [
       1161719.175348208,
       499950.9606157147,
       376
      ],
      [
       1161719.0494218965,
       499951.70910192234,
       376
      ],
      [
       1161718.9473967312,
       499952.45758813,
       376
      ],
      [
       1161718.8692727122,
       499953.2060743377,
       376
      ],
      [
       1161718.8121487899,
       499953.9545605454,
       376
      ],
      [
       1161718.7760249646,
       499954.70304675295,
       376
      ],
      [
       1161718.7609012364,
       499955.45153296064,
       376
      ],
      [
       1161718.7667776055,
       499956.2000191683,
       376
      ],
      [
       1161718.7619629912,
       499956.948505376,
       376
      ],
      [
       1161718.7464573933,
       499957.6969915837,
       376
      ],
      [
       1161718.720260812,
       499958.44547779136,
       376
      ],
      [
       1161718.6833732473,
       499959.19396399905,
       376
      ],
      [
       1161718.6142672873,
       499959.9424502067,
       376
      ],
      [
       1161718.512942932,
       499960.69093641435,
       376
      ],
      [
       1161718.3794001816,
       499961.43942262203,
       376
      ],
      [
       1161718.2136390354,
       499962.1879088297,
       376
      ],
      [
       1161718.0778753166,
       499962.785153499,
       376
      ],
      [
       1161717.9721090246,
       499963.23115662974,
       376
      ],
      [
       1161717.8963401602,
       499963.52591822215,
       376
      ],
      [
       1161717.8505687227,
       499963.6694382761,
       376
      ],
      [
       1161717.7719544056,
       499963.92831985495,
       376
      ],
      [
       1161717.6604972086,
       499964.3025629588,
       376
      ],
      [
       1161717.516197132,
       499964.7921675876,
       376
      ],
      [
       1161717.3390541757,
       499965.39713374135,
       376
      ],
      [
       1161717.1713050539,
       499966.0379799086,
       376
      ],
      [
       1161717.0129497666,
       499966.71470608923,
       376
      ],
      [
       1161716.8639883138,
       499967.4273122834,
       376
      ],
      [
       1161716.7244206956,
       499968.17579849105,
       376
      ],
      [
       1161716.6178840026,
       499968.9242846987,
       376
      ],
      [
       1161716.5443782355,
       499969.6727709065,
       376
      ],
      [
       1161716.5039033934,
       499970.4212571141,
       376
      ],
      [
       1161716.4964594769,
       499971.1697433217,
       376
      ],
      [
       1161716.5160803667,
       499971.9182295294,
       376
      ],
      [
       1161716.5627660626,
       499972.6667157371,
       376
      ],
      [
       1161716.6365165648,
       499973.41520194476,
       376
      ],
      [
       1161716.7373318733,
       499974.16368815245,
       376
      ],
      [
       1161716.8335057376,
       499974.9121743601,
       376
      ],
      [
       1161716.9250381577,
       499975.66066056775,
       376
      ],
      [
       1161717.0119291337,
       499976.40914677543,
       376
      ],
      [
       1161717.0941786657,
       499977.1576329832,
       376
      ],
      [
       1161717.1478299005,
       499977.90611919085,
       376
      ],
      [
       1161717.1728828382,
       499978.6546053985,
       376
      ],
      [
       1161717.169337479,
       499979.40309160616,
       376
      ],
      [
       1161717.1371938228,
       499980.15157781384,
       376
      ],
      [
       1161717.091472857,
       499980.9000640215,
       376
      ],
      [
       1161717.0321745814,
       499981.64855022915,
       376
      ],
      [
       1161716.9592989967,
       499982.3970364368,
       376
      ],
      [
       1161716.8728461026,
       499983.1455226445,
       376
      ],
      [
       1161716.7957709576,
       499983.8940088522,
       376
      ],
      [
       1161716.7280735625,
       499984.64249505976,
       376
      ],
      [
       1161716.6697539163,
       499985.39098126744,
       376
      ],
      [
       1161716.6208120198,
       499986.1394674751,
       376
      ],
      [
       1161716.5780830535,
       499986.8879536828,
       376
      ],
      [
       1161716.541567018,
       499987.6364398904,
       376
      ],
      [
       1161716.5112639128,
       499988.3849260981,
       376
      ],
      [
       1161716.487173738,
       499989.1334123058,
       376
      ],
      [
       1161716.4545837434,
       499989.8818985135,
       376
      ],
      [
       1161716.4134939285,
       499990.63038472115,
       376
      ],
      [
       1161716.3639042939,
       499991.37887092883,
       376
      ],
      [
       1161716.3058148394,
       499992.1273571365,
       376
      ],
      [
       1161716.2360517322,
       499992.8758433442,
       376
      ],
      [
       1161716.1546149724,
       499993.6243295518,
       376
      ],
      [
       1161716.06150456,
       499994.3728157595,
       376
      ],
      [
       1161715.9567204956,
       499995.12130196724,
       376
      ],
      [
       1161715.8600240308,
       499995.8697881749,
       376
      ],
      [
       1161715.7714151656,
       499996.61827438255,
       376
      ],
      [
       1161715.6908939008,
       499997.36676059023,
       376
      ],
      [
       1161715.618460236,
       499998.11524679785,
       376
      ],
      [
       1161715.5548414905,
       499998.8637330055,
       376
      ],
      [
       1161715.500037664,
       499999.6122192133,
       376
      ],
      [
       1161715.4540487574,
       500000.3607054209,
       376
      ],
      [
       1161715.41687477,
       500001.1091916285,
       376
      ],
      [
       1161715.364848991,
       500001.8576778362,
       376
      ],
      [
       1161715.2979714207,
       500002.6061640438,
       376
      ],
      [
       1161715.2162420591,
       500003.3546502515,
       376
      ],
      [
       1161715.119660906,
       500004.10313645925,
       376
      ],
      [
       1161715.035548639,
       500004.7115950984,
       376
      ],
      [
       1161714.9639052572,
       500005.1800261689,
       376
      ],
      [
       1161714.9047307614,
       500005.5084296708,
       376
      ],
      [
       1161714.8580251513,
       500005.69680560427,
       376
      ],
      [
       1161714.7721896037,
       500005.9781151229,
       376
      ],
      [
       1161714.647224118,
       500006.35235822666,
       376
      ],
      [
       1161714.483128695,
       500006.81953491573,
       376
      ],
      [
       1161714.2799033343,
       500007.3796451901,
       376
      ],
      [
       1161714.0747946454,
       500007.9868494477,
       376
      ],
      [
       1161713.8678026288,
       500008.6411476886,
       376
      ],
      [
       1161713.6589272837,
       500009.34253991296,
       376
      ],
      [
       1161713.4481686107,
       500010.09102612064,
       376
      ],
      [
       1161713.2558813046,
       500010.8395123283,
       376
      ],
      [
       1161713.0820653655,
       500011.58799853595,
       376
      ],
      [
       1161712.9267207934,
       500012.33648474363,
       376
      ],
      [
       1161712.7898475882,
       500013.0849709513,
       376
      ],
      [
       1161712.6377854422,
       500013.82077043504,
       376
      ],
      [
       1161712.4705343554,
       500014.5438831949,
       376
      ],
      [
       1161712.2880943276,
       500015.25430923095,
       376
      ],
      [
       1161712.0904653585,
       500015.952048543,
       376
      ],
      [
       1161711.938021771,
       500016.4880397511,
       376
      ],
      [
       1161711.8307635647,
       500016.86228285485,
       376
      ],
      [
       1161711.7686907398,
       500017.07477785455,
       376
      ],
      [
       1161711.7518032964,
       500017.1255247501,
       376
      ],
      [
       1161711.6568807887,
       500017.3507064737,
       376
      ],
      [
       1161711.4839232173,
       500017.7503230253,
       376
      ],
      [
       1161711.2329305816,
       500018.3243744049,
       376
      ],
      [
       1161710.903902882,
       500019.0728606126,
       376
      ],
      [
       1161710.5999946166,
       500019.8213468203,
       376
      ],
      [
       1161710.321205785,
       500020.56983302796,
       376
      ],
      [
       1161710.067536388,
       500021.31831923564,
       376
      ],
      [
       1161709.8389864247,
       500022.0668054433,
       376
      ],
      [
       1161709.6417197408,
       500022.815291651,
       376
      ],
      [
       1161709.4757363359,
       500023.5637778586,
       376
      ],
      [
       1161709.34103621,
       500024.3122640663,
       376
      ],
      [
       1161709.2376193635,
       500025.06075027405,
       376
      ],
      [
       1161709.1513086264,
       500025.8092364817,
       376
      ],
      [
       1161709.0821039984,
       500026.55772268935,
       376
      ],
      [
       1161709.0300054802,
       500027.30620889703,
       376
      ],
      [
       1161708.9950130712,
       500028.05469510466,
       376
      ],
      [
       1161708.9684709755,
       500028.8031813123,
       376
      ],
      [
       1161708.9503791933,
       500029.5516675201,
       376
      ],
      [
       1161708.940737724,
       500030.3001537277,
       376
      ],
      [
       1161708.9395465686,
       500031.0486399353,
       376
      ],
      [
       1161708.9362420645,
       500031.797126143,
       376
      ],
      [
       1161708.9308242123,
       500032.54561235063,
       376
      ],
      [
       1161708.923293012,
       500033.2940985583,
       376
      ],
      [
       1161708.913648463,
       500034.04258476605,
       376
      ],
      [
       1161708.9002210163,
       500034.68452788924,
       376
      ],
      [
       1161708.8830106715,
       500035.21992792777,
       376
      ],
      [
       1161708.8620174283,
       500035.6487848819,
       376
      ],
      [
       1161708.8372412866,
       500035.9710987515,
       376
      ],
      [
       1161708.8099690126,
       500036.3193772382,
       376
      ],
      [
       1161708.780200606,
       500036.69362034206,
       376
      ],
      [
       1161708.7479360665,
       500037.09382806305,
       376
      ],
      [
       1161708.7131753943,
       500037.5200004011,
       376
      ],
      [
       1161708.658081652,
       500038.0267512066,
       376
      ],
      [
       1161708.5826548394,
       500038.6140804794,
       376
      ],
      [
       1161708.4868949566,
       500039.2819882197,
       376
      ],
      [
       1161708.3708020032,
       500040.0304744274,
       376
      ],
      [
       1161708.2409623098,
       500040.77896063507,
       376
      ],
      [
       1161708.0973758763,
       500041.52744684275,
       376
      ],
      [
       1161707.9400427022,
       500042.27593305043,
       376
      ],
      [
       1161707.7689627882,
       500043.0244192581,
       376
      ],
      [
       1161707.5979490587,
       500043.7729054658,
       376
      ],
      [
       1161707.4270015138,
       500044.52139167336,
       376
      ],
      [
       1161707.2561201535,
       500045.26987788104,
       376
      ],
      [
       1161707.0853049776,
       500046.0183640887,
       376
      ],
      [
       1161706.923716914,
       500046.7668502964,
       376
      ],
      [
       1161706.771355962,
       500047.51533650403,
       376
      ],
      [
       1161706.6282221223,
       500048.2638227117,
       376
      ],
      [
       1161706.4943153947,
       500049.0123089194,
       376
      ],
      [
       1161706.3669822249,
       500049.7607951271,
       376
      ],
      [
       1161706.246222613,
       500050.5092813347,
       376
      ],
      [
       1161706.1320365586,
       500051.2577675424,
       376
      ],
      [
       1161706.024424062,
       500052.0062537501,
       376
      ],
      [
       1161705.9401601227,
       500052.58742682484,
       376
      ],
      [
       1161705.8792447406,
       500053.00128676667,
       376
      ],
      [
       1161705.841677915,
       500053.24783357553,
       376
      ],
      [
       1161705.8274596464,
       500053.3270672515,
       376
      ],
      [
       1161705.7849652823,
       500053.5538056414,
       376
      ],
      [
       1161705.7141948221,
       500053.9280487452,
       376
      ],
      [
       1161705.6151482663,
       500054.449796563,
       376
      ],
      [
       1161705.4878256144,
       500055.11904909473,
       376
      ],
      [
       1161705.389272491,
       500055.8081100454,
       376
      ],
      [
       1161705.3194888951,
       500056.5169794151,
       376
      ],
      [
       1161705.2784748278,
       500057.24565720384,
       376
      ],
      [
       1161705.2662302884,
       500057.9941434114,
       376
      ],
      [
       1161705.2747498795,
       500058.7426296191,
       376
      ],
      [
       1161705.3040336007,
       500059.4911158269,
       376
      ],
      [
       1161705.3540814526,
       500060.2396020345,
       376
      ],
      [
       1161705.4248934344,
       500060.9880882421,
       376
      ],
      [
       1161705.479510648,
       500061.7365744498,
       376
      ],
      [
       1161705.517933093,
       500062.48506065743,
       376
      ],
      [
       1161705.5401607696,
       500063.2335468651,
       376
      ],
      [
       1161705.5461936775,
       500063.98203307285,
       376
      ],
      [
       1161705.5445228615,
       500064.73051928054,
       376
      ],
      [
       1161705.5351483207,
       500065.47900548816,
       376
      ],
      [
       1161705.518070056,
       500066.22749169584,
       376
      ],
      [
       1161705.4932880667,
       500066.9759779035,
       376
      ],
      [
       1161705.4888087597,
       500067.7244641112,
       376
      ],
      [
       1161705.5046321345,
       500068.4729503188,
       376
      ],
      [
       1161705.5407581911,
       500069.2214365265,
       376
      ],
      [
       1161705.5971869298,
       500069.9699227342,
       376
      ],
      [
       1161705.6472773715,
       500070.56674300146,
       376
      ],
      [
       1161705.6910295165,
       500071.0118973284,
       376
      ],
      [
       1161705.7284433648,
       500071.3053857151,
       376
      ],
      [
       1161705.7595189165,
       500071.44720816123,
       376
      ],
      [
       1161705.8158294477,
       500071.7052409363,
       376
      ],
      [
       1161705.8973749587,
       500072.07948404015,
       376
      ],
      [
       1161706.0041554498,
       500072.5699374728,
       376
      ],
      [
       1161706.1361709205,
       500073.1766012342,
       376
      ],
      [
       1161706.274806017,
       500073.81872060715,
       376
      ],
      [
       1161706.4200607399,
       500074.49629559176,
       376
      ],
      [
       1161706.5719350888,
       500075.20932618785,
       376
      ],
      [
       1161706.7304290636,
       500075.9578123955,
       376
      ],
      [
       1161706.869181395,
       500076.7062986032,
       376
      ],
      [
       1161706.9881920833,
       500077.45478481083,
       376
      ],
      [
       1161707.087461128,
       500078.2032710185,
       376
      ],
      [
       1161707.1669885297,
       500078.9517572262,
       376
      ],
      [
       1161707.2429576516,
       500079.7002434339,
       376
      ],
      [
       1161707.3153684936,
       500080.4487296415,
       376
      ],
      [
       1161707.3842210562,
       500081.1972158492,
       376
      ],
      [
       1161707.4495153395,
       500081.9457020569,
       376
      ],
      [
       1161707.5186306206,
       500082.6941882646,
       376
      ],
      [
       1161707.5915669003,
       500083.44267447223,
       376
      ],
      [
       1161707.6683241783,
       500084.1911606799,
       376
      ],
      [
       1161707.7489024545,
       500084.93964688753,
       376
      ],
      [
       1161707.8297241528,
       500085.68813309516,
       376
      ],
      [
       1161707.910789273,
       500086.43661930296,
       376
      ],
      [
       1161707.9920978153,
       500087.1851055106,
       376
      ],
      [
       1161708.0736497792,
       500087.9335917182,
       376
      ],
      [
       1161708.1554884498,
       500088.6820779259,
       376
      ],
      [
       1161708.2376138268,
       500089.43056413357,
       376
      ],
      [
       1161708.3200259102,
       500090.17905034125,
       376
      ],
      [
       1161708.4027246998,
       500090.92753654893,
       376
      ],
      [
       1161708.481830304,
       500091.6115814267,
       376
      ],
      [
       1161708.5573427225,
       500092.2311849744,
       376
      ],
      [
       1161708.6292619556,
       500092.78634719225,
       376
      ],
      [
       1161708.6975880032,
       500093.27706808015,
       376
      ],
      [
       1161708.7584342016,
       500093.70955007605,
       376
      ],
      [
       1161708.8118005511,
       500094.0837931799,
       376
      ],
      [
       1161708.8576870514,
       500094.39979739167,
       376
      ],
      [
       1161708.8960937026,
       500094.65756271145,
       376
      ],
      [
       1161708.954772532,
       500095.0380082532,
       376
      ],
      [
       1161709.0337235394,
       500095.54113401694,
       376
      ],
      [
       1161709.1329467248,
       500096.16694000264,
       376
      ],
      [
       1161709.2524420882,
       500096.9154262103,
       376
      ],
      [
       1161709.3694138327,
       500097.663912418,
       376
      ],
      [
       1161709.4838619586,
       500098.41239862563,
       376
      ],
      [
       1161709.5957864653,
       500099.1608848333,
       376
      ],
      [
       1161709.7051873528,
       500099.909371041,
       376
      ],
      [
       1161709.813052159,
       500100.6578572487,
       376
      ],
      [
       1161709.9193808837,
       500101.40634345624,
       376
      ],
      [
       1161710.0241735266,
       500102.1548296639,
       376
      ],
      [
       1161710.127430088,
       500102.9033158716,
       376
      ],
      [
       1161710.2304648708,
       500103.6518020793,
       376
      ],
      [
       1161710.3332778753,
       500104.4002882869,
       376
      ],
      [
       1161710.4358691014,
       500105.1487744946,
       376
      ],
      [
       1161710.5382385491,
       500105.8972607023,
       376
      ],
      [
       1161710.6401227321,
       500106.64574690996,
       376
      ],
      [
       1161710.74152165,
       500107.39423311764,
       376
      ],
      [
       1161710.8424353031,
       500108.1427193253,
       376
      ],
      [
       1161710.9428636916,
       500108.891205533,
       376
      ],
      [
       1161711.044829561,
       500109.6396917407,
       376
      ],
      [
       1161711.1483329118,
       500110.3881779483,
       376
      ],
      [
       1161711.2533737437,
       500111.136664156,
       376
      ],
      [
       1161711.359952057,
       500111.8851503637,
       376
      ],
      [
       1161711.4570234406,
       500112.57978090993,
       376
      ],
      [
       1161711.5445878946,
       500113.22055579466,
       376
      ],
      [
       1161711.6226454189,
       500113.8074750179,
       376
      ],
      [
       1161711.6911960132,
       500114.3405385797,
       376
      ],
      [
       1161711.749217486,
       500114.7941919125,
       376
      ],
      [
       1161711.7967098372,
       500115.16843501636,
       376
      ],
      [
       1161711.8336730662,
       500115.4632678912,
       376
      ],
      [
       1161711.8601071737,
       500115.6786905371,
       376
      ],
      [
       1161711.9025640893,
       500116.02737907344,
       376
      ],
      [
       1161711.961043813,
       500116.5093335002,
       376
      ],
      [
       1161712.0355463452,
       500117.1245538174,
       376
      ],
      [
       1161712.1260716855,
       500117.873040025,
       376
      ],
      [
       1161712.220382425,
       500118.6215262327,
       376
      ],
      [
       1161712.3184785638,
       500119.3700124403,
       376
      ],
      [
       1161712.4203601023,
       500120.118498648,
       376
      ],
      [
       1161712.5260270399,
       500120.86698485573,
       376
      ],
      [
       1161712.6416305564,
       500121.6154710634,
       376
      ],
      [
       1161712.7671706518,
       500122.36395727104,
       376
      ],
      [
       1161712.9026473265,
       500123.1124434787,
       376
      ],
      [
       1161713.04806058,
       500123.8609296864,
       376
      ],
      [
       1161713.1982066666,
       500124.6094158941,
       376
      ],
      [
       1161713.353085587,
       500125.35790210176,
       376
      ],
      [
       1161713.5126973407,
       500126.10638830945,
       376
      ],
      [
       1161713.6770419276,
       500126.8548745171,
       376
      ],
      [
       1161713.8451585355,
       500127.6033607248,
       376
      ],
      [
       1161714.0170471643,
       500128.35184693243,
       376
      ],
      [
       1161714.1927078138,
       500129.1003331401,
       376
      ],
      [
       1161714.372140484,
       500129.8488193478,
       376
      ],
      [
       1161714.5158823146,
       500130.4568755191,
       376
      ],
      [
       1161714.6239333055,
       500130.924501654,
       376
      ],
      [
       1161714.696293457,
       500131.2516977527,
       376
      ],
      [
       1161714.7329627685,
       500131.438463815,
       376
      ],
      [
       1161714.785925325,
       500131.71896839805,
       376
      ],
      [
       1161714.8551811264,
       500132.09321150195,
       376
      ],
      [
       1161714.9407301724,
       500132.56119312654,
       376
      ],
      [
       1161715.0425724636,
       500133.1229132718,
       376
      ],
      [
       1161715.1346378992,
       500133.73132493277,
       376
      ],
      [
       1161715.21692648,
       500134.3864281093,
       376
      ],
      [
       1161715.2894382053,
       500135.0882228014,
       376
      ],
      [
       1161715.3521730755,
       500135.8367090091,
       376
      ],
      [
       1161715.416590022,
       500136.58519521676,
       376
      ],
      [
       1161715.482689044,
       500137.3336814244,
       376
      ],
      [
       1161715.5504701424,
       500138.08216763206,
       376
      ],
      [
       1161715.6199333167,
       500138.8306538398,
       376
      ],
      [
       1161715.714834362,
       500139.5791400475,
       376
      ],
      [
       1161715.8351732783,
       500140.3276262551,
       376
      ],
      [
       1161715.9809500657,
       500141.0761124628,
       376
      ],
      [
       1161716.152164724,
       500141.8245986705,
       376
      ],
      [
       1161716.3663835211,
       500142.55600776756,
       376
      ],
      [
       1161716.6236064574,
       500143.27033975406,
       376
      ],
      [
       1161716.9238335323,
       500143.9675946299,
       376
      ],
      [
       1161717.267064746,
       500144.64777239517,
       376
      ],
      [
       1161717.5333244433,
       500145.1749828297,
       376
      ],
      [
       1161717.722612624,
       500145.54922593356,
       376
      ],
      [
       1161717.8349292884,
       500145.7705017067,
       376
      ],
      [
       1161717.8702744362,
       500145.838810149,
       376
      ],
      [
       1161717.9895372957,
       500146.0771630327,
       376
      ],
      [
       1161718.1927178667,
       500146.48556035786,
       376
      ],
      [
       1161718.4798161495,
       500147.0640021242,
       376
      ],
      [
       1161718.8508321438,
       500147.8124883318,
       376
      ],
      [
       1161719.207365957,
       500148.5609745395,
       376
      ],
      [
       1161719.549417589,
       500149.3094607471,
       376
      ],
      [
       1161719.8769870403,
       500150.0579469548,
       376
      ],
      [
       1161720.1900743104,
       500150.80643316254,
       376
      ],
      [
       1161720.4321492119,
       500151.38754644943,
       376
      ],
      [
       1161720.6032117445,
       500151.8012868155,
       376
      ],
      [
       1161720.7032619086,
       500152.04765426076,
       376
      ],
      [
       1161720.7322997039,
       500152.1266487852,
       376
      ],
      [
       1161720.808709581,
       500152.35326759936,
       376
      ],
      [
       1161720.9324915395,
       500152.72751070315,
       376
      ],
      [
       1161721.1036455794,
       500153.24937809666,
       376
      ],
      [
       1161721.3221717011,
       500153.9188697799,
       376
      ],
      [
       1161721.5340080932,
       500154.6081100942,
       376
      ],
      [
       1161721.739154756,
       500155.3170990396,
       376
      ],
      [
       1161721.9376116893,
       500156.0458366162,
       376
      ],
      [
       1161722.1293788934,
       500156.7943228239,
       376
      ],
      [
       1161722.3149770086,
       500157.54280903155,
       376
      ],
      [
       1161722.4944060354,
       500158.29129523924,
       376
      ],
      [
       1161722.6676659735,
       500159.0397814469,
       376
      ],
      [
       1161722.834756823,
       500159.7882676546,
       376
      ],
      [
       1161722.9968470887,
       500160.5367538623,
       376
      ],
      [
       1161723.1539367705,
       500161.28524006985,
       376
      ],
      [
       1161723.3060258683,
       500162.0337262775,
       376
      ],
      [
       1161723.4531143825,
       500162.7822124852,
       376
      ]
     ]
    },
    "elevationFt": 376,
    "weight": "intermediate",
    "hidden": false
   }
  },
  {
   "type": "Feature",
   "geometry": {
    "type": "LineString",
    "coordinates": [
     [
      -77.53018075536212,
      39.03820679500767
     ],
     [
      -77.53018143548013,
      39.038208466619245
     ],
     [
      -77.53018220943471,
      39.0382103280278
     ],
     [
      -77.53018307722584,
      39.038212379233364
     ],
     [
      -77.53018399089453,
      39.03821443023112
     ],
     [
      -77.53018495044078,
      39.03821648102105
     ],
     [
      -77.53018595586461,
      39.03821853160318
     ],
     [
      -77.53018700716599,
      39.038220581977505
     ],
     [
      -77.5301878624106,
      39.03822222932544
     ],
     [
      -77.53018852159835,
      39.03822347364701
     ],
     [
      -77.53018898472926,
      39.038224314942205
     ],
     [
      -77.53018925180331,
      39.03822475321102
     ],
     [
      -77.53018970067305,
      39.03822548470117
     ],
     [
      -77.53019033133849,
      39.03822650941266
     ],
     [
      -77.53019114379963,
      39.03822782734546
     ],
     [
      -77.5301921380565,
      39.038229438499584
     ],
     [
      -77.53019325786144,
      39.03823115895466
     ],
     [
      -77.53019450321445,
      39.03823298871069
     ],
     [
      -77.5301958741155,
      39.038234927767654
     ],
     [
      -77.53019737056466,
      39.03823697612556
     ],
     [
      -77.53019853623881,
      39.03823856677183
     ],
     [
      -77.53019937113791,
      39.03823969970647
     ],
     [
      -77.53019987526194,
      39.03824037492952
     ],
     [
      -77.53020004861087,
      39.038240592440914
     ],
     [
      -77.53020051303564,
      39.03824121326961
     ],
     [
      -77.53020126853627,
      39.038242237415595
     ],
     [
      -77.53020231511279,
      39.03824366487881
     ],
     [
      -77.53020365276524,
      39.03824549565929
     ],
     [
      -77.53020492675904,
      39.03824738130227
     ],
     [
      -77.5302061370942,
      39.03824932180774
     ],
     [
      -77.53020728377071,
      39.038251317175714
     ],
     [
      -77.53020836678857,
      39.03825336740616
     ],
     [
      -77.53020924211003,
      39.03825520103797
     ],
     [
      -77.53020990973504,
      39.03825681807115
     ],
     [
      -77.53021036966358,
      39.038258218505696
     ],
     [
      -77.53021062189566,
      39.0382594023416
     ],
     [
      -77.53021085319399,
      39.03826050756715
     ],
     [
      -77.53021106355855,
      39.03826153418233
     ],
     [
      -77.53021125298936,
      39.03826248218716
     ],
     [
      -77.53021142148641,
      39.03826335158163
     ],
     [
      -77.53021163345792,
      39.03826451702379
     ],
     [
      -77.53021188890389,
      39.03826597851363
     ],
     [
      -77.53021218782432,
      39.03826773605115
     ],
     [
      -77.53021253021925,
      39.038269789636345
     ],
     [
      -77.5302129561384,
      39.0382718428432
     ],
     [
      -77.53021346558181,
      39.03827389567172
     ],
     [
      -77.53021405854949,
      39.0382759481219
     ],
     [
      -77.53021473504144,
      39.03827800019373
     ],
     [
      -77.5302154622745,
      39.03828005203572
     ],
     [
      -77.53021624024863,
      39.038282103647845
     ],
     [
      -77.53021706896386,
      39.03828415503011
     ],
     [
      -77.5302179484202,
      39.038286206182555
     ],
     [
      -77.53021874856505,
      39.03828825769425
     ],
     [
      -77.5302194693984,
      39.03829030956518
     ],
     [
      -77.53022011092025,
      39.038292361795385
     ],
     [
      -77.5302206731306,
      39.03829441438485
     ],
     [
      -77.53022111619529,
      39.03829635261486
     ],
     [
      -77.53022144011433,
      39.038298176485455
     ],
     [
      -77.53022164488767,
      39.03829988599659
     ],
     [
      -77.53022173051535,
      39.03830148114831
     ],
     [
      -77.53022180030332,
      39.03830279238601
     ],
     [
      -77.53022185425161,
      39.0383038197097
     ],
     [
      -77.53022189236017,
      39.03830456311939
     ],
     [
      -77.53022191462904,
      39.03830502261505
     ],
     [
      -77.5302219331638,
      39.038305881012526
     ],
     [
      -77.53022194796444,
      39.038307138311815
     ],
     [
      -77.53022195903095,
      39.038308794512915
     ],
     [
      -77.53022196636336,
      39.03831084961582
     ],
     [
      -77.530221998828,
      39.038312904604894
     ],
     [
      -77.53022205642489,
      39.03831495948012
     ],
     [
      -77.53022213915402,
      39.03831701424149
     ],
     [
      -77.53022224701542,
      39.03831906888902
     ],
     [
      -77.53022238549079,
      39.038321123397886
     ],
     [
      -77.53022255458016,
      39.038323177768056
     ],
     [
      -77.53022275428354,
      39.03832523199958
     ],
     [
      -77.53022298460093,
      39.03832728609241
     ],
     [
      -77.53022326347258,
      39.038329339965294
     ],
     [
      -77.53022359089847,
      39.03833139361824
     ],
     [
      -77.53022396687865,
      39.03833344705125
     ],
     [
      -77.53022439141311,
      39.038335500264324
     ],
     [
      -77.53022477479853,
      39.038337553663766
     ],
     [
      -77.53022511703489,
      39.03833960724962
     ],
     [
      -77.5302254181222,
      39.038341661021875
     ],
     [
      -77.53022567806046,
      39.03834371498052
     ],
     [
      -77.53022599060263,
      39.03834576870087
     ],
     [
      -77.5302263557487,
      39.038347822182935
     ],
     [
      -77.53022677349867,
      39.03834987542673
     ],
     [
      -77.53022724385255,
      39.03835192843223
     ],
     [
      -77.53022769297891,
      39.038353981533874
     ],
     [
      -77.53022812087775,
      39.03835603473167
     ],
     [
      -77.53022852754906,
      39.03835808802562
     ],
     [
      -77.53022891299287,
      39.03836014141574
     ],
     [
      -77.53022927742806,
      39.038362194901005
     ],
     [
      -77.5302296208547,
      39.03836424848145
     ],
     [
      -77.53022994327273,
      39.03836630215704
     ],
     [
      -77.53023024468219,
      39.038368355927815
     ],
     [
      -77.53023050676407,
      39.03837040987671
     ],
     [
      -77.53023072951837,
      39.03837246400378
     ],
     [
      -77.53023091294507,
      39.03837451830898
     ],
     [
      -77.53023105704419,
      39.03837657279233
     ],
     [
      -77.53023114819436,
      39.03837862751554
     ],
     [
      -77.53023118639557,
      39.03838068247858
     ],
     [
      -77.53023117164781,
      39.038382737681474
     ],
     [
      -77.53023110395111,
      39.038384793124216
     ],
     [
      -77.5302310225796,
      39.038386848628924
     ],
     [
      -77.53023092753327,
      39.03838890419556
     ],
     [
      -77.53023081881216,
      39.03839095982413
     ],
     [
      -77.53023069641623,
      39.03839301551466
     ],
     [
      -77.53023061197526,
      39.03839507103324
     ],
     [
      -77.53023056548923,
      39.038397126379905
     ],
     [
      -77.53023055695817,
      39.038399181554645
     ],
     [
      -77.53023058638207,
      39.03840123655743
     ],
     [
      -77.53023064080448,
      39.038403291447004
     ],
     [
      -77.53023072022538,
      39.03840534622332
     ],
     [
      -77.53023082464479,
      39.038407400886385
     ],
     [
      -77.5302309540627,
      39.03840945543623
     ],
     [
      -77.5302310985858,
      39.038411509917644
     ],
     [
      -77.5302312582141,
      39.03841356433063
     ],
     [
      -77.5302314329476,
      39.0384156186752
     ],
     [
      -77.53023162278629,
      39.03841767295134
     ],
     [
      -77.53023185393891,
      39.038419698099474
     ],
     [
      -77.53023212640548,
      39.038421694119634
     ],
     [
      -77.53023244018597,
      39.0384236610118
     ],
     [
      -77.53023279528041,
      39.03842559877598
     ],
     [
      -77.53023306683127,
      39.03842708101625
     ],
     [
      -77.53023325483852,
      39.03842810773265
     ],
     [
      -77.5302333593022,
      39.03842867892514
     ],
     [
      -77.53023338022227,
      39.038428794593756
     ],
     [
      -77.53023359940045,
      39.03842939420747
     ],
     [
      -77.53023401683673,
      39.03843047776627
     ],
     [
      -77.53023463253115,
      39.03843204527014
     ],
     [
      -77.53023544648373,
      39.038434096719115
     ],
     [
      -77.53023623985028,
      39.03843614826132
     ],
     [
      -77.53023701263076,
      39.03843819989679
     ],
     [
      -77.5302377648252,
      39.03844025162549
     ],
     [
      -77.5302384964336,
      39.03844230344747
     ],
     [
      -77.53023912969113,
      39.03844435571494
     ],
     [
      -77.5302396645978,
      39.03844640842791
     ],
     [
      -77.53024010115362,
      39.03844846158643
     ],
     [
      -77.53024043935856,
      39.03845051519045
     ],
     [
      -77.5302406865872,
      39.03845256920658
     ],
     [
      -77.53024084283956,
      39.03845462363483
     ],
     [
      -77.5302409081156,
      39.03845667847519
     ],
     [
      -77.53024088241536,
      39.03845873372767
     ],
     [
      -77.53024081111371,
      39.03846078918673
     ],
     [
      -77.5302406942107,
      39.03846284485234
     ],
     [
      -77.53024053170634,
      39.03846490072453
     ],
     [
      -77.53024032360058,
      39.038466956803276
     ],
     [
      -77.5302401106127,
      39.038469012904166
     ],
     [
      -77.5302398927427,
      39.03847106902715
     ],
     [
      -77.53023966999056,
      39.03847312517225
     ],
     [
      -77.5302394423563,
      39.038475181339464
     ],
     [
      -77.53023926324668,
      39.038477237286855
     ],
     [
      -77.53023913266173,
      39.038479293014454
     ],
     [
      -77.53023905060145,
      39.03848134852223
     ],
     [
      -77.53023901706582,
      39.03848340381019
     ],
     [
      -77.53023902813361,
      39.0384854588961
     ],
     [
      -77.53023908380483,
      39.03848751377997
     ],
     [
      -77.53023918407946,
      39.03848956846178
     ],
     [
      -77.53023932895753,
      39.03849162294153
     ],
     [
      -77.53023945653588,
      39.03849367749966
     ],
     [
      -77.5302395668145,
      39.03849573213616
     ],
     [
      -77.53023965979341,
      39.038497786851025
     ],
     [
      -77.53023973547259,
      39.03849984164423
     ],
     [
      -77.53023982769386,
      39.03850189636251
     ],
     [
      -77.53023993645722,
      39.038503951005865
     ],
     [
      -77.53024006176268,
      39.03850600557429
     ],
     [
      -77.53024020361023,
      39.03850806006776
     ],
     [
      -77.5302404220373,
      39.03851011421433
     ],
     [
      -77.53024071704388,
      39.03851216801402
     ],
     [
      -77.53024108862998,
      39.03851422146681
     ],
     [
      -77.53024153679561,
      39.038516274572686
     ],
     [
      -77.53024202174407,
      39.03851819132151
     ],
     [
      -77.53024254347532,
      39.03851997171326
     ],
     [
      -77.5302431019894,
      39.038521615747946
     ],
     [
      -77.5302436972863,
      39.03852312342557
     ],
     [
      -77.53024420683334,
      39.03852439008849
     ],
     [
      -77.53024463063053,
      39.03852541573673
     ],
     [
      -77.53024496867788,
      39.03852620037027
     ],
     [
      -77.53024522097533,
      39.03852674398913
     ],
     [
      -77.53024559153727,
      39.03852766466583
     ],
     [
      -77.5302460803637,
      39.03852896240035
     ],
     [
      -77.53024668745459,
      39.03853063719271
     ],
     [
      -77.53024741281003,
      39.03853268904289
     ],
     [
      -77.53024803460646,
      39.0385347413622
     ],
     [
      -77.5302485528439,
      39.03853679415062
     ],
     [
      -77.53024896752234,
      39.03853884740815
     ],
     [
      -77.53024927864178,
      39.038540901134816
     ],
     [
      -77.53024953842046,
      39.03854295509403
     ],
     [
      -77.53024974685842,
      39.038545009285855
     ],
     [
      -77.53024990395564,
      39.03854706371021
     ],
     [
      -77.5302500097121,
      39.03854911836716
     ],
     [
      -77.53025011898089,
      39.0385511730082
     ],
     [
      -77.53025023176197,
      39.038553227633315
     ],
     [
      -77.53025034805535,
      39.03855528224253
     ],
     [
      -77.53025046786102,
      39.038557336835815
     ],
     [
      -77.53025062565249,
      39.03855939125704
     ],
     [
      -77.53025082142976,
      39.03856144550619
     ],
     [
      -77.5302510551928,
      39.038563499583255
     ],
     [
      -77.53025132694165,
      39.03856555348825
     ],
     [
      -77.53025161549598,
      39.03856760731709
     ],
     [
      -77.53025192085579,
      39.03856966106984
     ],
     [
      -77.5302522430211,
      39.038571714746425
     ],
     [
      -77.53025258199187,
      39.038573768346886
     ],
     [
      -77.53025287561083,
      39.0385758221528
     ],
     [
      -77.53025312387794,
      39.038577876164155
     ],
     [
      -77.53025332679323,
      39.038579930380955
     ],
     [
      -77.53025348435666,
      39.038581984803194
     ],
     [
      -77.53025347476337,
      39.038584039982666
     ],
     [
      -77.5302532980133,
      39.03858609591934
     ],
     [
      -77.53025295410649,
      39.03858815261326
     ],
     [
      -77.53025244304288,
      39.038590210064385
     ],
     [
      -77.53025182382723,
      39.038592268005424
     ],
     [
      -77.53025109645951,
      39.0385943264364
     ],
     [
      -77.53025026093972,
      39.03859638535731
     ],
     [
      -77.53024931726786,
      39.03859844476812
     ],
     [
      -77.53024847185614,
      39.038600503733825
     ],
     [
      -77.53024772470455,
      39.0386025622544
     ],
     [
      -77.53024707581314,
      39.038604620329835
     ],
     [
      -77.53024652518187,
      39.03860667796018
     ],
     [
      -77.53024608361245,
      39.03860841429874
     ],
     [
      -77.5302457511049,
      39.038609829345546
     ],
     [
      -77.53024552765923,
      39.03861092310058
     ],
     [
      -77.53024541327544,
      39.03861169556386
     ],
     [
      -77.53024527185316,
      39.03861259596105
     ],
     [
      -77.5302451033924,
      39.03861362429217
     ],
     [
      -77.53024490789315,
      39.0386147805572
     ],
     [
      -77.53024468535541,
      39.03861606475614
     ],
     [
      -77.53024444177338,
      39.038617542036704
     ],
     [
      -77.53024417714707,
      39.03861921239887
     ],
     [
      -77.53024389147646,
      39.038621075842656
     ],
     [
      -77.53024358476156,
      39.03862313236803
     ],
     [
      -77.53024326140137,
      39.03862518896882
     ],
     [
      -77.5302429213959,
      39.038627245645
     ],
     [
      -77.53024256474512,
      39.0386293023966
     ],
     [
      -77.53024219144906,
      39.038631359223565
     ],
     [
      -77.53024180520354,
      39.038633416109214
     ],
     [
      -77.53024140600857,
      39.03863547305352
     ],
     [
      -77.53024099386414,
      39.03863753005647
     ],
     [
      -77.53024056877024,
      39.038639587118084
     ],
     [
      -77.53024018180075,
      39.038641644007
     ],
     [
      -77.53023983295566,
      39.03864370072321
     ],
     [
      -77.53023952223498,
      39.03864575726672
     ],
     [
      -77.53023924963873,
      39.03864781363752
     ],
     [
      -77.53023901932302,
      39.0386498698168
     ],
     [
      -77.53023883128789,
      39.03865192580456
     ],
     [
      -77.53023868553332,
      39.038653981600774
     ],
     [
      -77.53023858205934,
      39.03865603720547
     ],
     [
      -77.53023848123878,
      39.03865809279815
     ],
     [
      -77.53023838307166,
      39.038660148378796
     ],
     [
      -77.53023828755798,
      39.03866220394743
     ],
     [
      -77.53023819469773,
      39.03866425950405
     ],
     [
      -77.53023807741639,
      39.038666315171284
     ],
     [
      -77.53023793571393,
      39.03866837094915
     ],
     [
      -77.53023776959039,
      39.03867042683762
     ],
     [
      -77.53023757904575,
      39.03867248283674
     ],
     [
      -77.53023735463528,
      39.03867453898925
     ],
     [
      -77.53023709635899,
      39.03867659529517
     ],
     [
      -77.53023680421684,
      39.038678651754495
     ],
     [
      -77.53023647820888,
      39.03868070836723
     ],
     [
      -77.53023618844205,
      39.0386825509606
     ],
     [
      -77.53023593491633,
      39.03868417953461
     ],
     [
      -77.53023571763178,
      39.038685594089266
     ],
     [
      -77.53023553658838,
      39.038686794624546
     ],
     [
      -77.53023536482353,
      39.03868790904421
     ],
     [
      -77.53023520233725,
      39.03868893734822
     ],
     [
      -77.53023504912956,
      39.03868987953661
     ],
     [
      -77.53023490520043,
      39.038690735609336
     ],
     [
      -77.53023478773218,
      39.03869189149101
     ],
     [
      -77.53023469672483,
      39.038693347181635
     ],
     [
      -77.53023463217838,
      39.03869510268117
     ],
     [
      -77.53023459409283,
      39.03869715798964
     ],
     [
      -77.53023444504836,
      39.038699213800754
     ],
     [
      -77.53023418504502,
      39.038701270114466
     ],
     [
      -77.53023381408273,
      39.03870332693082
     ],
     [
      -77.53023333216153,
      39.03870538424978
     ],
     [
      -77.53023269857613,
      39.03870744225577
     ],
     [
      -77.5302319133265,
      39.03870950094877
     ],
     [
      -77.53023097641265,
      39.03871156032877
     ],
     [
      -77.5302298878346,
      39.03871362039577
     ],
     [
      -77.53022886644939,
      39.038715518918785
     ],
     [
      -77.53022791225709,
      39.03871725589783
     ],
     [
      -77.53022702525772,
      39.038718831332886
     ],
     [
      -77.53022620545127,
      39.03872024522395
     ],
     [
      -77.53022548406643,
      39.03872146736442
     ],
     [
      -77.53022486110325,
      39.038722497754264
     ],
     [
      -77.53022433656173,
      39.0387233363935
     ],
     [
      -77.53022391044185,
      39.03872398328212
     ],
     [
      -77.53022330643057,
      39.03872498352094
     ],
     [
      -77.53022252452789,
      39.03872633710993
     ],
     [
      -77.53022156473378,
      39.038728044049115
     ],
     [
      -77.53022042704818,
      39.03873010433845
     ],
     [
      -77.53021938947738,
      39.03873216417429
     ],
     [
      -77.53021845202137,
      39.03873422355663
     ],
     [
      -77.53021761468014,
      39.03873628248548
     ],
     [
      -77.53021687745371,
      39.03873834096082
     ],
     [
      -77.53021625309609,
      39.03874031866752
     ],
     [
      -77.53021574160725,
      39.038742215605595
     ],
     [
      -77.53021534298722,
      39.03874403177503
     ],
     [
      -77.53021505723602,
      39.038745767175804
     ],
     [
      -77.53021483041536,
      39.03874714904044
     ],
     [
      -77.53021466252525,
      39.038748177368895
     ],
     [
      -77.53021455356571,
      39.03874885216117
     ],
     [
      -77.53021450353673,
      39.03874917341727
     ],
     [
      -77.53021436329712,
      39.038749928608624
     ],
     [
      -77.53021413284692,
      39.0387511177352
     ],
     [
      -77.53021381218609,
      39.03875274079701
     ],
     [
      -77.53021340131464,
      39.03875479779404
     ],
     [
      -77.5302129055647,
      39.038756855175535
     ],
     [
      -77.53021232493627,
      39.0387589129415
     ],
     [
      -77.53021165942933,
      39.03876097109194
     ],
     [
      -77.53021090904389,
      39.03876302962684
     ],
     [
      -77.53021011398249,
      39.0387650883641
     ],
     [
      -77.53020927424515,
      39.038767147303716
     ],
     [
      -77.53020838983184,
      39.038769206445686
     ],
     [
      -77.53020746074256,
      39.03877126579003
     ],
     [
      -77.53020665402047,
      39.03877303943976
     ],
     [
      -77.5302059696656,
      39.038774527394864
     ],
     [
      -77.53020540767795,
      39.03877572965538
     ],
     [
      -77.53020496805755,
      39.03877664622129
     ],
     [
      -77.53020449795822,
      39.03877761942192
     ],
     [
      -77.53020399738,
      39.038778649257296
     ],
     [
      -77.53020346632287,
      39.038779735727395
     ],
     [
      -77.53020290478683,
      39.03878087883221
     ],
     [
      -77.53020228696734,
      39.038782250835624
     ],
     [
      -77.53020161286435,
      39.038783851737634
     ],
     [
      -77.53020088247787,
      39.038785681538215
     ],
     [
      -77.5302000958079,
      39.03878774023738
     ],
     [
      -77.53019939692122,
      39.03878979853893
     ],
     [
      -77.53019878581786,
      39.03879185644285
     ],
     [
      -77.5301982624978,
      39.03879391394915
     ],
     [
      -77.53019782696107,
      39.03879597105784
     ],
     [
      -77.53019740837095,
      39.03879802808975
     ],
     [
      -77.53019700672742,
      39.038800085044905
     ],
     [
      -77.53019662203049,
      39.03880214192329
     ],
     [
      -77.53019625428016,
      39.03880419872492
     ],
     [
      -77.53019587356277,
      39.0388060638737
     ],
     [
      -77.53019547987834,
      39.03880773736963
     ],
     [
      -77.53019507322688,
      39.0388092192127
     ],
     [
      -77.53019465360835,
      39.03881050940295
     ],
     [
      -77.53019425410993,
      39.03881166914124
     ],
     [
      -77.53019387473161,
      39.03881269842757
     ],
     [
      -77.53019351547339,
      39.038813597261964
     ],
     [
      -77.53019317633527,
      39.03881436564441
     ],
     [
      -77.53019255957341,
      39.038815457356755
     ],
     [
      -77.53019166518777,
      39.038816872398954
     ],
     [
      -77.53019049317832,
      39.03881861077104
     ],
     [
      -77.53018904354504,
      39.03882067247298
     ],
     [
      -77.53018775192903,
      39.038822480325486
     ],
     [
      -77.53018661833035,
      39.03882403432854
     ],
     [
      -77.530185642749,
      39.03882533448215
     ],
     [
      -77.530184825185,
      39.03882638078632
     ],
     [
      -77.53018400738956,
      39.038827419574986
     ]
    ]
   },
   "properties": {
    "id": "ct-8",
    "kind": "Contour",
    "sourceId": "contours",
    "reliabilityLevel": 1,
    "revision": 1,
    "engineeringGeometry": {
     "crs": "EPSG:2248",
     "crsName": "NAD83 / Maryland State Plane (US survey feet)",
     "datum": "NAD83",
     "unit": "usSurveyFoot",
     "coordinates": [
      [
       1161741.227231572,
       499936.19872970827,
       378
      ],
      [
       1161741.0375894173,
       499936.8086571513,
       378
      ],
      [
       1161740.8216957795,
       499937.4878639766,
       378
      ],
      [
       1161740.579550658,
       499938.23635018425,
       378
      ],
      [
       1161740.3243742348,
       499938.9848363919,
       378
      ],
      [
       1161740.0561665096,
       499939.73332259967,
       378
      ],
      [
       1161739.774927483,
       499940.48180880735,
       378
      ],
      [
       1161739.4806571547,
       499941.2302950149,
       378
      ],
      [
       1161739.2412215157,
       499941.83167449123,
       378
      ],
      [
       1161739.0566205664,
       499942.2859472361,
       378
      ],
      [
       1161738.9268543068,
       499942.5931132495,
       378
      ],
      [
       1161738.8519227365,
       499942.75317253167,
       378
      ],
      [
       1161738.725974902,
       499943.0203237246,
       378
      ],
      [
       1161738.5490108035,
       499943.3945668284,
       378
      ],
      [
       1161738.3210304405,
       499943.87590184313,
       378
      ],
      [
       1161738.0420338132,
       499944.4643287687,
       378
      ],
      [
       1161737.7276082495,
       499945.09277051484,
       378
      ],
      [
       1161737.3777537495,
       499945.7612270815,
       378
      ],
      [
       1161736.9924703129,
       499946.46969846863,
       378
      ],
      [
       1161736.5717579396,
       499947.21818467637,
       378
      ],
      [
       1161736.244029358,
       499947.79942538857,
       378
      ],
      [
       1161736.0092845676,
       499948.2134206051,
       378
      ],
      [
       1161735.867523569,
       499948.46017032623,
       378
      ],
      [
       1161735.8187463616,
       499948.5396745518,
       378
      ],
      [
       1161735.6881463171,
       499948.7665482166,
       378
      ],
      [
       1161735.4757234352,
       499949.1407913204,
       378
      ],
      [
       1161735.1814777162,
       499949.6624038634,
       378
      ],
      [
       1161734.80540916,
       499950.33138584543,
       378
      ],
      [
       1161734.4475380094,
       499951.0202438839,
       378
      ],
      [
       1161734.1078642642,
       499951.72897797875,
       378
      ],
      [
       1161733.7863879246,
       499952.45758813,
       378
      ],
      [
       1161733.4831089908,
       499953.2060743377,
       378
      ],
      [
       1161733.238365111,
       499953.8753320907,
       378
      ],
      [
       1161733.0521562851,
       499954.465361389,
       378
      ],
      [
       1161732.9244825137,
       499954.9761622327,
       378
      ],
      [
       1161732.855343796,
       499955.4077346218,
       378
      ],
      [
       1161732.791984728,
       499955.8106423682,
       378
      ],
      [
       1161732.73440531,
       499956.184885472,
       378
      ],
      [
       1161732.6826055408,
       499956.53046393325,
       378
      ],
      [
       1161732.6365854212,
       499956.8473777519,
       378
      ],
      [
       1161732.578843246,
       499957.27218466776,
       378
      ],
      [
       1161732.5093790155,
       499957.80488468095,
       378
      ],
      [
       1161732.4281927291,
       499958.44547779136,
       378
      ],
      [
       1161732.3352843875,
       499959.19396399905,
       378
      ],
      [
       1161732.2186513797,
       499959.9424502067,
       378
      ],
      [
       1161732.0782937058,
       499960.69093641435,
       378
      ],
      [
       1161731.9142113663,
       499961.43942262203,
       378
      ],
      [
       1161731.7264043605,
       499962.1879088297,
       378
      ],
      [
       1161731.5241845995,
       499962.9363950374,
       378
      ],
      [
       1161731.3075520834,
       499963.684881245,
       378
      ],
      [
       1161731.0765068121,
       499964.4333674527,
       378
      ],
      [
       1161730.8310487852,
       499965.18185366044,
       378
      ],
      [
       1161730.6081188237,
       499965.9303398681,
       378
      ],
      [
       1161730.4077169271,
       499966.67882607575,
       378
      ],
      [
       1161730.2298430956,
       499967.4273122834,
       378
      ],
      [
       1161730.0744973293,
       499968.17579849105,
       378
      ],
      [
       1161729.9527512677,
       499968.88243811915,
       378
      ],
      [
       1161729.8646049104,
       499969.5472311678,
       378
      ],
      [
       1161729.8100582582,
       499970.1701776369,
       378
      ],
      [
       1161729.7891113106,
       499970.7512775264,
       378
      ],
      [
       1161729.7720628148,
       499971.22894902306,
       378
      ],
      [
       1161729.7589127705,
       499971.60319212696,
       378
      ],
      [
       1161729.749661178,
       499971.87400683796,
       378
      ],
      [
       1161729.7443080372,
       499972.04139315605,
       378
      ],
      [
       1161729.7408593497,
       499972.35405444656,
       378
      ],
      [
       1161729.7393151158,
       499972.8119907095,
       378
      ],
      [
       1161729.7396753351,
       499973.41520194476,
       378
      ],
      [
       1161729.7419400075,
       499974.16368815245,
       378
      ],
      [
       1161729.7370659898,
       499974.9121743601,
       378
      ],
      [
       1161729.7250532813,
       499975.66066056775,
       378
      ],
      [
       1161729.7059018824,
       499976.40914677543,
       378
      ],
      [
       1161729.679611793,
       499977.1576329832,
       378
      ],
      [
       1161729.6446259492,
       499977.90611919085,
       378
      ],
      [
       1161729.6009443507,
       499978.6546053985,
       378
      ],
      [
       1161729.548566998,
       499979.40309160616,
       378
      ],
      [
       1161729.4874938908,
       499980.15157781384,
       378
      ],
      [
       1161729.4126291887,
       499980.9000640215,
       378
      ],
      [
       1161729.3239728918,
       499981.64855022915,
       378
      ],
      [
       1161729.221525,
       499982.3970364368,
       378
      ],
      [
       1161729.105285513,
       499983.1455226445,
       378
      ],
      [
       1161729.0007342144,
       499983.8940088522,
       378
      ],
      [
       1161728.907871104,
       499984.64249505976,
       378
      ],
      [
       1161728.826696182,
       499985.39098126744,
       378
      ],
      [
       1161728.7572094477,
       499986.1394674751,
       378
      ],
      [
       1161728.6727808432,
       499986.8879536828,
       378
      ],
      [
       1161728.573410368,
       499987.6364398904,
       378
      ],
      [
       1161728.4590980227,
       499988.3849260981,
       378
      ],
      [
       1161728.3298438068,
       499989.1334123058,
       378
      ],
      [
       1161728.2066191693,
       499989.8818985135,
       378
      ],
      [
       1161728.08942411,
       499990.63038472115,
       378
      ],
      [
       1161727.9782586293,
       499991.37887092883,
       378
      ],
      [
       1161727.8731227268,
       499992.1273571365,
       378
      ],
      [
       1161727.773954212,
       499992.8758433442,
       378
      ],
      [
       1161727.6807530848,
       499993.6243295518,
       378
      ],
      [
       1161727.593519345,
       499994.3728157595,
       378
      ],
      [
       1161727.5122529927,
       499995.12130196724,
       378
      ],
      [
       1161727.442157444,
       499995.8697881749,
       378
      ],
      [
       1161727.3832326988,
       499996.61827438255,
       378
      ],
      [
       1161727.3354787575,
       499997.36676059023,
       378
      ],
      [
       1161727.2988956198,
       499998.11524679785,
       378
      ],
      [
       1161727.2773523629,
       499998.8637330055,
       378
      ],
      [
       1161727.2708489867,
       499999.6122192133,
       378
      ],
      [
       1161727.2793854917,
       500000.3607054209,
       378
      ],
      [
       1161727.3029618775,
       500001.1091916285,
       378
      ],
      [
       1161727.3304225195,
       500001.8576778362,
       378
      ],
      [
       1161727.3617674168,
       500002.6061640438,
       378
      ],
      [
       1161727.39699657,
       500003.3546502515,
       378
      ],
      [
       1161727.4361099792,
       500004.10313645925,
       378
      ],
      [
       1161727.464442479,
       500004.85162266693,
       378
      ],
      [
       1161727.4819940692,
       500005.60010887455,
       378
      ],
      [
       1161727.4887647503,
       500006.34859508224,
       378
      ],
      [
       1161727.4847545219,
       500007.0970812899,
       378
      ],
      [
       1161727.473643601,
       500007.8455674976,
       378
      ],
      [
       1161727.4554319868,
       500008.5940537053,
       378
      ],
      [
       1161727.4301196802,
       500009.34253991296,
       378
      ],
      [
       1161727.3977066805,
       500010.09102612064,
       378
      ],
      [
       1161727.361003132,
       500010.8395123283,
       378
      ],
      [
       1161727.3200090346,
       500011.58799853595,
       378
      ],
      [
       1161727.2747243885,
       500012.33648474363,
       378
      ],
      [
       1161727.2251491933,
       500013.0849709513,
       378
      ],
      [
       1161727.1637777758,
       500013.8229168238,
       378
      ],
      [
       1161727.0906101353,
       500014.5503223612,
       378
      ],
      [
       1161727.0056462726,
       500015.26718756347,
       378
      ],
      [
       1161726.9088861868,
       500015.97351243044,
       378
      ],
      [
       1161726.8348917866,
       500016.51379641594,
       378
      ],
      [
       1161726.783663072,
       500016.8880395198,
       378
      ],
      [
       1161726.7552000424,
       500017.096241742,
       378
      ],
      [
       1161726.749502698,
       500017.13840308256,
       378
      ],
      [
       1161726.6885168464,
       500017.3571456399,
       378
      ],
      [
       1161726.5722424877,
       500017.75246941403,
       378
      ],
      [
       1161726.4006796218,
       500018.3243744049,
       378
      ],
      [
       1161726.1738282489,
       500019.0728606126,
       378
      ],
      [
       1161725.9528242452,
       500019.8213468203,
       378
      ],
      [
       1161725.7376676116,
       500020.56983302796,
       378
      ],
      [
       1161725.5283583475,
       500021.31831923564,
       378
      ],
      [
       1161725.3248964532,
       500022.0668054433,
       378
      ],
      [
       1161725.1493706005,
       500022.815291651,
       378
      ],
      [
       1161725.0017807893,
       500023.5637778586,
       378
      ],
      [
       1161724.8821270196,
       500024.3122640663,
       378
      ],
      [
       1161724.7904092912,
       500025.06075027405,
       378
      ],
      [
       1161724.7245328908,
       500025.8092364817,
       378
      ],
      [
       1161724.6844978186,
       500026.55772268935,
       378
      ],
      [
       1161724.670304074,
       500027.30620889703,
       378
      ],
      [
       1161724.681951657,
       500028.05469510466,
       378
      ],
      [
       1161724.7065520594,
       500028.8031813123,
       378
      ],
      [
       1161724.7441052813,
       500029.5516675201,
       378
      ],
      [
       1161724.7946113227,
       500030.3001537277,
       378
      ],
      [
       1161724.858070183,
       500031.0486399353,
       378
      ],
      [
       1161724.9229157811,
       500031.797126143,
       378
      ],
      [
       1161724.9891481167,
       500032.54561235063,
       378
      ],
      [
       1161725.0567671894,
       500033.2940985583,
       378
      ],
      [
       1161725.1257729998,
       500034.04258476605,
       378
      ],
      [
       1161725.1809956466,
       500034.79107097373,
       378
      ],
      [
       1161725.22243513,
       500035.53955718136,
       378
      ],
      [
       1161725.2500914498,
       500036.28804338904,
       378
      ],
      [
       1161725.2639646064,
       500037.0365295967,
       378
      ],
      [
       1161725.2651684089,
       500037.7850158044,
       378
      ],
      [
       1161725.253702857,
       500038.533502012,
       378
      ],
      [
       1161725.2295679515,
       500039.2819882197,
       378
      ],
      [
       1161725.1927636918,
       500040.0304744274,
       378
      ],
      [
       1161725.1608733232,
       500040.77896063507,
       378
      ],
      [
       1161725.1338968463,
       500041.52744684275,
       378
      ],
      [
       1161725.1118342604,
       500042.27593305043,
       378
      ],
      [
       1161725.0946855661,
       500043.0244192581,
       378
      ],
      [
       1161725.072838185,
       500043.7729054658,
       378
      ],
      [
       1161725.0462921164,
       500044.52139167336,
       378
      ],
      [
       1161725.0150473607,
       500045.26987788104,
       378
      ],
      [
       1161724.9791039182,
       500046.0183640887,
       378
      ],
      [
       1161724.9214085,
       500046.7668502964,
       378
      ],
      [
       1161724.8419611072,
       500047.51533650403,
       378
      ],
      [
       1161724.7407617387,
       500048.2638227117,
       378
      ],
      [
       1161724.617810395,
       500049.0123089194,
       378
      ],
      [
       1161724.4841230027,
       500049.7111941942,
       378
      ],
      [
       1161724.3396995622,
       500050.36047853617,
       378
      ],
      [
       1161724.1845400727,
       500050.9601619453,
       378
      ],
      [
       1161724.0186445347,
       500051.5102444216,
       378
      ],
      [
       1161723.8765950757,
       500051.97240721167,
       378
      ],
      [
       1161723.7583916953,
       500052.34665031545,
       378
      ],
      [
       1161723.6640343938,
       500052.6329737331,
       378
      ],
      [
       1161723.5935231715,
       500052.83137746446,
       378
      ],
      [
       1161723.4902183947,
       500053.16730181494,
       378
      ],
      [
       1161723.3541200636,
       500053.6407467845,
       378
      ],
      [
       1161723.1852281785,
       500054.2517123731,
       378
      ],
      [
       1161722.9835427392,
       500055.00019858073,
       378
      ],
      [
       1161722.8112726472,
       500055.74868478836,
       378
      ],
      [
       1161722.668417903,
       500056.49717099615,
       378
      ],
      [
       1161722.554978506,
       500057.24565720384,
       378
      ],
      [
       1161722.4709544561,
       500057.9941434114,
       378
      ],
      [
       1161722.4015134496,
       500058.7426296191,
       378
      ],
      [
       1161722.3466554864,
       500059.4911158269,
       378
      ],
      [
       1161722.3063805657,
       500060.2396020345,
       378
      ],
      [
       1161722.2806886884,
       500060.9880882421,
       378
      ],
      [
       1161722.253999164,
       500061.7365744498,
       378
      ],
      [
       1161722.226311993,
       500062.48506065743,
       378
      ],
      [
       1161722.1976271751,
       500063.2335468651,
       378
      ],
      [
       1161722.1679447107,
       500063.98203307285,
       378
      ],
      [
       1161722.127472607,
       500064.73051928054,
       378
      ],
      [
       1161722.0762108644,
       500065.47900548816,
       378
      ],
      [
       1161722.0141594827,
       500066.22749169584,
       378
      ],
      [
       1161721.941318462,
       500066.9759779035,
       378
      ],
      [
       1161721.8637039473,
       500067.7244641112,
       378
      ],
      [
       1161721.7813159388,
       500068.4729503188,
       378
      ],
      [
       1161721.6941544365,
       500069.2214365265,
       378
      ],
      [
       1161721.6022194403,
       500069.9699227342,
       378
      ],
      [
       1161721.523166369,
       500070.7184089419,
       378
      ],
      [
       1161721.4569952227,
       500071.46689514944,
       378
      ],
      [
       1161721.4037060014,
       500072.2153813571,
       378
      ],
      [
       1161721.363298705,
       500072.9638675648,
       378
      ],
      [
       1161721.370371291,
       500073.7123537725,
       378
      ],
      [
       1161721.4249237585,
       500074.46083998017,
       378
      ],
      [
       1161721.526956108,
       500075.20932618785,
       378
      ],
      [
       1161721.6764683393,
       500075.9578123955,
       378
      ],
      [
       1161721.856700506,
       500076.7062986032,
       378
      ],
      [
       1161722.067652608,
       500077.45478481083,
       378
      ],
      [
       1161722.309324645,
       500078.2032710185,
       378
      ],
      [
       1161722.5817166169,
       500078.9517572262,
       378
      ],
      [
       1161722.826198372,
       500079.7002434339,
       378
      ],
      [
       1161723.0427699103,
       500080.4487296415,
       378
      ],
      [
       1161723.2314312316,
       500081.1972158492,
       378
      ],
      [
       1161723.3921823364,
       500081.9457020569,
       378
      ],
      [
       1161723.5212764293,
       500082.5773528494,
       378
      ],
      [
       1161723.618713511,
       500083.0921682267,
       378
      ],
      [
       1161723.684493581,
       500083.49014818884,
       378
      ],
      [
       1161723.7186166397,
       500083.7712927357,
       378
      ],
      [
       1161723.7606901983,
       500084.09898656106,
       378
      ],
      [
       1161723.8107142563,
       500084.47322966496,
       378
      ],
      [
       1161723.8686888139,
       500084.8940220472,
       378
      ],
      [
       1161723.9346138714,
       500085.3613637079,
       378
      ],
      [
       1161724.0069246858,
       500085.8989915054,
       378
      ],
      [
       1161724.0856212578,
       500086.50690543966,
       378
      ],
      [
       1161724.1707035867,
       500087.1851055106,
       378
      ],
      [
       1161724.262171673,
       500087.9335917182,
       378
      ],
      [
       1161724.358367746,
       500088.6820779259,
       378
      ],
      [
       1161724.459291806,
       500089.43056413357,
       378
      ],
      [
       1161724.564943853,
       500090.17905034125,
       378
      ],
      [
       1161724.6753238875,
       500090.92753654893,
       378
      ],
      [
       1161724.7893821292,
       500091.6760227566,
       378
      ],
      [
       1161724.9071185787,
       500092.42450896424,
       378
      ],
      [
       1161725.028533236,
       500093.1729951719,
       378
      ],
      [
       1161725.1536261006,
       500093.92148137966,
       378
      ],
      [
       1161725.2678899574,
       500094.66996758734,
       378
      ],
      [
       1161725.371324806,
       500095.41845379496,
       378
      ],
      [
       1161725.4639306464,
       500096.16694000264,
       378
      ],
      [
       1161725.545707479,
       500096.9154262103,
       378
      ],
      [
       1161725.6154747745,
       500097.663912418,
       378
      ],
      [
       1161725.6732325333,
       500098.41239862563,
       378
      ],
      [
       1161725.7189807554,
       500099.1608848333,
       378
      ],
      [
       1161725.7527194407,
       500099.909371041,
       378
      ],
      [
       1161725.7857044335,
       500100.6578572487,
       378
      ],
      [
       1161725.8179357338,
       500101.40634345624,
       378
      ],
      [
       1161725.8494133414,
       500102.1548296639,
       378
      ],
      [
       1161725.8801372566,
       500102.9033158716,
       378
      ],
      [
       1161725.9177978286,
       500103.6518020793,
       378
      ],
      [
       1161725.962395058,
       500104.4002882869,
       378
      ],
      [
       1161726.0139289442,
       500105.1487744946,
       378
      ],
      [
       1161726.0723994873,
       500105.8972607023,
       378
      ],
      [
       1161726.1404894027,
       500106.64574690996,
       378
      ],
      [
       1161726.21819869,
       500107.39423311764,
       378
      ],
      [
       1161726.3055273492,
       500108.1427193253,
       378
      ],
      [
       1161726.4024753803,
       500108.891205533,
       378
      ],
      [
       1161726.4886769434,
       500109.5618050876,
       378
      ],
      [
       1161726.5641320378,
       500110.154517989,
       378
      ],
      [
       1161726.628840664,
       500110.6693442374,
       378
      ],
      [
       1161726.682802822,
       500111.1062838328,
       378
      ],
      [
       1161726.7339473765,
       500111.51187518233,
       378
      ],
      [
       1161726.782274328,
       500111.8861182862,
       378
      ],
      [
       1161726.8277836763,
       500112.2290131443,
       378
      ],
      [
       1161726.8704754212,
       500112.5405597566,
       378
      ],
      [
       1161726.9062855972,
       500112.96134126786,
       378
      ],
      [
       1161726.9352142045,
       500113.49135767785,
       378
      ],
      [
       1161726.957261243,
       500114.1306089867,
       378
      ],
      [
       1161726.972426712,
       500114.87909519434,
       378
      ],
      [
       1161727.019109346,
       500115.62758140196,
       378
      ],
      [
       1161727.0973091447,
       500116.37606760976,
       378
      ],
      [
       1161727.2070261077,
       500117.1245538174,
       378
      ],
      [
       1161727.3482602355,
       500117.873040025,
       378
      ],
      [
       1161727.5325735954,
       500118.6215262327,
       378
      ],
      [
       1161727.7599661874,
       500119.3700124403,
       378
      ],
      [
       1161728.0304380115,
       500120.118498648,
       378
      ],
      [
       1161728.3439890677,
       500120.86698485573,
       378
      ],
      [
       1161728.6381133124,
       500121.5567471534,
       378
      ],
      [
       1161728.9128107454,
       500122.187785541,
       378
      ],
      [
       1161729.1680813665,
       500122.7601000186,
       378
      ],
      [
       1161729.4039251753,
       500123.2736905861,
       378
      ],
      [
       1161729.6114082632,
       500123.7176074218,
       378
      ],
      [
       1161729.7905306295,
       500124.0918505256,
       378
      ],
      [
       1161729.9412922745,
       500124.39641989756,
       378
      ],
      [
       1161730.063693198,
       500124.63131553784,
       378
      ],
      [
       1161730.237368784,
       500124.99460881983,
       378
      ],
      [
       1161730.4623190323,
       500125.48629974364,
       378
      ],
      [
       1161730.7385439433,
       500126.10638830945,
       378
      ],
      [
       1161731.0660435169,
       500126.8548745171,
       378
      ],
      [
       1161731.365106123,
       500127.6033607248,
       378
      ],
      [
       1161731.6357317616,
       500128.35184693243,
       378
      ],
      [
       1161731.877920433,
       500129.1003331401,
       378
      ],
      [
       1161732.0916721367,
       500129.8488193478,
       378
      ],
      [
       1161732.2731944164,
       500130.5680755971,
       378
      ],
      [
       1161732.422487272,
       500131.2581018881,
       378
      ],
      [
       1161732.539550703,
       500131.9188982209,
       378
      ],
      [
       1161732.6243847096,
       500132.5504645952,
       378
      ],
      [
       1161732.6917325892,
       500133.0533693343,
       378
      ],
      [
       1161732.7415943416,
       500133.4276124382,
       378
      ],
      [
       1161732.7739699665,
       500133.6731939068,
       378
      ],
      [
       1161732.7888594638,
       500133.79011373996,
       378
      ],
      [
       1161732.830289751,
       500134.06492516684,
       378
      ],
      [
       1161732.898260828,
       500134.4976281873,
       378
      ],
      [
       1161732.9927726947,
       500135.0882228014,
       378
      ],
      [
       1161733.113825351,
       500135.8367090091,
       378
      ],
      [
       1161733.2589871718,
       500136.58519521676,
       378
      ],
      [
       1161733.4282581573,
       500137.3336814244,
       378
      ],
      [
       1161733.6216383073,
       500138.08216763206,
       378
      ],
      [
       1161733.8391276218,
       500138.8306538398,
       378
      ],
      [
       1161734.0693068309,
       500139.5791400475,
       378
      ],
      [
       1161734.3121759337,
       500140.3276262551,
       378
      ],
      [
       1161734.5677349311,
       500141.0761124628,
       378
      ],
      [
       1161734.835983823,
       500141.8245986705,
       378
      ],
      [
       1161735.0688719535,
       500142.46923597914,
       378
      ],
      [
       1161735.2663993232,
       500143.0100243888,
       378
      ],
      [
       1161735.4285659317,
       500143.44696389936,
       378
      ],
      [
       1161735.5553717792,
       500143.7800545109,
       378
      ],
      [
       1161735.6909544598,
       500144.1337213686,
       378
      ],
      [
       1161735.835313973,
       500144.50796447246,
       378
      ],
      [
       1161735.9884503193,
       500144.90278382244,
       378
      ],
      [
       1161736.1503634986,
       500145.31817941845,
       378
      ],
      [
       1161736.328747265,
       500145.81684766745,
       378
      ],
      [
       1161736.5236016188,
       500146.39878856944,
       378
      ],
      [
       1161736.7349265602,
       500147.0640021242,
       378
      ],
      [
       1161736.962722089,
       500147.8124883318,
       378
      ],
      [
       1161737.1655833516,
       500148.5609745395,
       378
      ],
      [
       1161737.3435103486,
       500149.3094607471,
       378
      ],
      [
       1161737.4965030795,
       500150.0579469548,
       378
      ],
      [
       1161737.6245615445,
       500150.80643316254,
       378
      ],
      [
       1161737.7478064364,
       500151.5549193702,
       378
      ],
      [
       1161737.8662377554,
       500152.30340557784,
       378
      ],
      [
       1161737.979855501,
       500153.0518917855,
       378
      ],
      [
       1161738.088659674,
       500153.8003779932,
       378
      ],
      [
       1161738.200741519,
       500154.4790423098,
       378
      ],
      [
       1161738.3161010365,
       500155.08788473526,
       378
      ],
      [
       1161738.434738226,
       500155.62690526963,
       378
      ],
      [
       1161738.5566530882,
       500156.0961039128,
       378
      ],
      [
       1161738.6725772205,
       500156.51782478637,
       378
      ],
      [
       1161738.7825106229,
       500156.89206789027,
       378
      ],
      [
       1161738.8864532958,
       500157.2188332244,
       378
      ],
      [
       1161738.9844052393,
       500157.4981207888,
       378
      ],
      [
       1161739.1618955731,
       500157.89470801404,
       378
      ],
      [
       1161739.4189242972,
       500158.40859490004,
       378
      ],
      [
       1161739.7554914122,
       500159.0397814469,
       378
      ],
      [
       1161740.1715969176,
       500159.7882676546,
       378
      ],
      [
       1161740.5422832365,
       500160.44456186466,
       378
      ],
      [
       1161740.867550369,
       500161.00866407715,
       378
      ],
      [
       1161741.1473983144,
       500161.480574292,
       378
      ],
      [
       1161741.3818270734,
       500161.8602925093,
       378
      ],
      [
       1161741.616305668,
       500162.2372731699,
       378
      ]
     ]
    },
    "elevationFt": 378,
    "weight": "intermediate",
    "hidden": false
   }
  },
  {
   "type": "Feature",
   "geometry": {
    "type": "LineString",
    "coordinates": [
     [
      -77.5301188519211,
      39.0382070261804
     ],
     [
      -77.53011968647904,
      39.038208729891416
     ],
     [
      -77.53012048151051,
      39.0382106076042
     ],
     [
      -77.53012123701552,
      39.03821265931874
     ],
     [
      -77.53012201694013,
      39.03821471092268
     ],
     [
      -77.53012282128435,
      39.038216762416006
     ],
     [
      -77.53012365004821,
      39.03821881379875
     ],
     [
      -77.53012450323166,
      39.03822086507088
     ],
     [
      -77.53012518198979,
      39.03822246912169
     ],
     [
      -77.53012568632256,
      39.0382236259512
     ],
     [
      -77.53012601622999,
      39.03822433555937
     ],
     [
      -77.53012617171203,
      39.03822459794625
     ],
     [
      -77.53012657167082,
      39.038225241464396
     ],
     [
      -77.5301272161064,
      39.03822626611387
     ],
     [
      -77.53012810501878,
      39.03822767189459
     ],
     [
      -77.53012923840795,
      39.03822945880661
     ],
     [
      -77.53013031545393,
      39.03823131174655
     ],
     [
      -77.53013133615667,
      39.03823323071444
     ],
     [
      -77.5301323005162,
      39.038235215710245
     ],
     [
      -77.5301332085325,
      39.03823726673397
     ],
     [
      -77.53013404744088,
      39.038239114870116
     ],
     [
      -77.53013481724133,
      39.03824076011869
     ],
     [
      -77.53013551793386,
      39.038242202479694
     ],
     [
      -77.53013614951843,
      39.03824344195312
     ],
     [
      -77.53013671859574,
      39.03824457432674
     ],
     [
      -77.53013722516577,
      39.03824559960052
     ],
     [
      -77.53013766922855,
      39.0382465177745
     ],
     [
      -77.53013805078403,
      39.03824732884866
     ],
     [
      -77.53013849058611,
      39.0382484502425
     ],
     [
      -77.5301389886348,
      39.03824988195599
     ],
     [
      -77.5301395449301,
      39.03825162398915
     ],
     [
      -77.53014015947201,
      39.038253676342
     ],
     [
      -77.53014081296834,
      39.03825572851839
     ],
     [
      -77.53014150541907,
      39.03825778051837
     ],
     [
      -77.5301422368242,
      39.038259832341915
     ],
     [
      -77.53014300718375,
      39.038261883989016
     ],
     [
      -77.53014381453337,
      39.038263858969216
     ],
     [
      -77.53014465887311,
      39.03826575728252
     ],
     [
      -77.53014554020291,
      39.03826757892891
     ],
     [
      -77.53014645852281,
      39.038269323908395
     ],
     [
      -77.53014719165348,
      39.03827070894131
     ],
     [
      -77.5301477395949,
      39.03827173402768
     ],
     [
      -77.53014810234703,
      39.03827239916749
     ],
     [
      -77.5301482799099,
      39.03827270436074
     ],
     [
      -77.53014869789938,
      39.038273445749766
     ],
     [
      -77.53014935631549,
      39.03827462333448
     ],
     [
      -77.53015025515826,
      39.03827623711496
     ],
     [
      -77.53015139442773,
      39.038278287091146
     ],
     [
      -77.53015246431332,
      39.03828033738157
     ],
     [
      -77.530153464815,
      39.038282387986236
     ],
     [
      -77.53015439593283,
      39.038284438905166
     ],
     [
      -77.53015525766673,
      39.03828649013835
     ],
     [
      -77.53015602919349,
      39.038288413797154
     ],
     [
      -77.53015671051308,
      39.03829020988163
     ],
     [
      -77.53015730162551,
      39.03829187839176
     ],
     [
      -77.53015780253075,
      39.03829341932756
     ],
     [
      -77.5301582269799,
      39.038294702791404
     ],
     [
      -77.53015857497297,
      39.038295728783325
     ],
     [
      -77.53015884650992,
      39.03829649730332
     ],
     [
      -77.53015904159076,
      39.03829700835137
     ],
     [
      -77.53015938867222,
      39.038297904512106
     ],
     [
      -77.53015988775428,
      39.03829918578552
     ],
     [
      -77.53016053883697,
      39.038300852171595
     ],
     [
      -77.53016134192028,
      39.038302903670356
     ],
     [
      -77.53016215514035,
      39.0383049551232
     ],
     [
      -77.53016297849716,
      39.038307006530125
     ],
     [
      -77.5301638119907,
      39.03830905789113
     ],
     [
      -77.530164655621,
      39.038311109206205
     ],
     [
      -77.53016539161938,
      39.038313161008794
     ],
     [
      -77.53016601998583,
      39.038315213298844
     ],
     [
      -77.53016654072033,
      39.038317266076405
     ],
     [
      -77.5301669538229,
      39.03831931934145
     ],
     [
      -77.53016737375225,
      39.03832121089056
     ],
     [
      -77.53016780050838,
      39.03832294072372
     ],
     [
      -77.53016823409129,
      39.038324508840944
     ],
     [
      -77.530168674501,
      39.0383259152422
     ],
     [
      -77.53016904616436,
      39.03832713154087
     ],
     [
      -77.53016934908135,
      39.03832815773691
     ],
     [
      -77.53016958325199,
      39.03832899383035
     ],
     [
      -77.53016974867627,
      39.038329639821164
     ],
     [
      -77.53017002156079,
      39.03833063742428
     ],
     [
      -77.53017040190555,
      39.03833198663967
     ],
     [
      -77.53017088971059,
      39.03833368746734
     ],
     [
      -77.53017148497591,
      39.038335739907296
     ],
     [
      -77.53017209251138,
      39.03833779229168
     ],
     [
      -77.53017271231703,
      39.038339844620445
     ],
     [
      -77.53017334439282,
      39.03834189689368
     ],
     [
      -77.5301739887388,
      39.038343949111315
     ],
     [
      -77.53017466975732,
      39.038346001162836
     ],
     [
      -77.5301753874484,
      39.038348053048246
     ],
     [
      -77.53017614181203,
      39.03835010476757
     ],
     [
      -77.53017693284824,
      39.038352156320755
     ],
     [
      -77.53017765033002,
      39.03835393161069
     ],
     [
      -77.53017829425735,
      39.03835543063737
     ],
     [
      -77.53017886463024,
      39.038356653400804
     ],
     [
      -77.53017936144867,
      39.038357599900976
     ],
     [
      -77.53017986143124,
      39.0383585857956
     ],
     [
      -77.53018036457794,
      39.038359611084694
     ],
     [
      -77.5301808708888,
      39.03836067576823
     ],
     [
      -77.53018138036379,
      39.038361779846255
     ],
     [
      -77.53018195507427,
      39.03836312081641
     ],
     [
      -77.53018259502024,
      39.038364698678684
     ],
     [
      -77.53018330020173,
      39.0383665134331
     ],
     [
      -77.53018407061872,
      39.03836856507963
     ],
     [
      -77.530184694233,
      39.0383706173911
     ],
     [
      -77.53018517104454,
      39.03837267036751
     ],
     [
      -77.53018550105331,
      39.038374724008825
     ],
     [
      -77.53018568425931,
      39.03837677831509
     ],
     [
      -77.5301857453793,
      39.03837883317435
     ],
     [
      -77.53018568441323,
      39.03838088858659
     ],
     [
      -77.53018550136109,
      39.03838294455179
     ],
     [
      -77.53018519622292,
      39.038385001069976
     ],
     [
      -77.5301849083718,
      39.03838705750989
     ],
     [
      -77.53018463780776,
      39.03838911387147
     ],
     [
      -77.5301843845308,
      39.03839117015475
     ],
     [
      -77.53018414854091,
      39.03839322635974
     ],
     [
      -77.53018398646381,
      39.038395282229935
     ],
     [
      -77.53018389829953,
      39.03839733776535
     ],
     [
      -77.53018388404804,
      39.038399392965985
     ],
     [
      -77.53018394370939,
      39.03840144783182
     ],
     [
      -77.53018397094498,
      39.038403502844545
     ],
     [
      -77.5301839657548,
      39.038405558004136
     ],
     [
      -77.53018392813888,
      39.038407613310596
     ],
     [
      -77.53018385809722,
      39.03840966876392
     ],
     [
      -77.53018382241618,
      39.0384117240616
     ],
     [
      -77.53018382109579,
      39.03841377920366
     ],
     [
      -77.53018385413603,
      39.038415834190076
     ],
     [
      -77.53018392153693,
      39.03841788902086
     ],
     [
      -77.5301840353907,
      39.03841994364124
     ],
     [
      -77.5301841956974,
      39.0384219980512
     ],
     [
      -77.53018440245701,
      39.03842405225077
     ],
     [
      -77.53018465566952,
      39.03842610623992
     ],
     [
      -77.53018492872114,
      39.03842816013922
     ],
     [
      -77.5301852216119,
      39.038430213948644
     ],
     [
      -77.53018553434177,
      39.03843226766821
     ],
     [
      -77.53018586691077,
      39.03843432129794
     ],
     [
      -77.53018621185642,
      39.03843637487158
     ],
     [
      -77.53018656917871,
      39.03843842838916
     ],
     [
      -77.53018693887763,
      39.03844048185069
     ],
     [
      -77.5301873209532,
      39.038442535256166
     ],
     [
      -77.53018764716975,
      39.03844458891462
     ],
     [
      -77.53018791752729,
      39.0384466428261
     ],
     [
      -77.53018813202577,
      39.038448696990606
     ],
     [
      -77.53018829066522,
      39.03845075140811
     ],
     [
      -77.53018842931246,
      39.038452805916165
     ],
     [
      -77.53018854796747,
      39.03845486051478
     ],
     [
      -77.53018864663025,
      39.03845691520394
     ],
     [
      -77.5301887253008,
      39.03845896998365
     ],
     [
      -77.53018883591328,
      39.03846102461869
     ],
     [
      -77.53018897846769,
      39.03846307910905
     ],
     [
      -77.53018915296403,
      39.03846513345472
     ],
     [
      -77.53018935940231,
      39.0384671876557
     ],
     [
      -77.53018958957385,
      39.038469241749205
     ],
     [
      -77.53018984347868,
      39.0384712957352
     ],
     [
      -77.53019012111677,
      39.03847334961368
     ],
     [
      -77.53019042248813,
      39.038475403384666
     ],
     [
      -77.53019069346223,
      39.0384774185378
     ],
     [
      -77.53019093403907,
      39.038479395073075
     ],
     [
      -77.53019114421863,
      39.0384813329905
     ],
     [
      -77.53019132400091,
      39.038483232290076
     ],
     [
      -77.53019146239077,
      39.038484695504174
     ],
     [
      -77.5301915593882,
      39.03848572263286
     ],
     [
      -77.5301916149932,
      39.038486313676074
     ],
     [
      -77.53019162920576,
      39.03848646863386
     ],
     [
      -77.53019163816084,
      39.038486794367664
     ],
     [
      -77.53019164185845,
      39.03848729087749
     ],
     [
      -77.5301916402986,
      39.03848795816336
     ],
     [
      -77.53019163348125,
      39.03848879622526
     ],
     [
      -77.53019162512092,
      39.03848972906263
     ],
     [
      -77.53019161521759,
      39.038490756675515
     ],
     [
      -77.53019160377126,
      39.038491879063876
     ],
     [
      -77.53019159078193,
      39.03849309622774
     ],
     [
      -77.53019148162947,
      39.03849452333493
     ],
     [
      -77.5301912763139,
      39.03849616038542
     ],
     [
      -77.53019097483518,
      39.038498007379275
     ],
     [
      -77.5301905771933,
      39.03850006431641
     ],
     [
      -77.5301901564835,
      39.03850212135805
     ],
     [
      -77.53018971270575,
      39.038504178504155
     ],
     [
      -77.53018924586007,
      39.03850623575477
     ],
     [
      -77.53018875594648,
      39.03850829310985
     ],
     [
      -77.53018825377433,
      39.03851035052045
     ],
     [
      -77.53018773934363,
      39.03851240798656
     ],
     [
      -77.53018721265438,
      39.03851446550821
     ],
     [
      -77.5301866737066,
      39.03851652308537
     ],
     [
      -77.53018622602232,
      39.03851858024918
     ],
     [
      -77.53018586960158,
      39.038520636999586
     ],
     [
      -77.53018560444437,
      39.03852269333662
     ],
     [
      -77.53018543055072,
      39.0385247492603
     ],
     [
      -77.53018526945824,
      39.038526805125976
     ],
     [
      -77.53018512116697,
      39.03852886093367
     ],
     [
      -77.53018498567687,
      39.038530916683385
     ],
     [
      -77.53018486298798,
      39.03853297237511
     ],
     [
      -77.53018474541142,
      39.03853502804369
     ],
     [
      -77.53018463294717,
      39.03853708368911
     ],
     [
      -77.53018452559525,
      39.03853913931137
     ],
     [
      -77.53018442335566,
      39.038541194910465
     ],
     [
      -77.53018434897207,
      39.0385432503834
     ],
     [
      -77.53018430244451,
      39.03854530573015
     ],
     [
      -77.53018428377295,
      39.03854736095074
     ],
     [
      -77.53018429295741,
      39.03854941604516
     ],
     [
      -77.53018429609185,
      39.03855147116697
     ],
     [
      -77.53018429317625,
      39.038553526316186
     ],
     [
      -77.5301842842106,
      39.0385555814928
     ],
     [
      -77.53018426919492,
      39.03855763669682
     ],
     [
      -77.53018421916411,
      39.03855969205942
     ],
     [
      -77.53018413411817,
      39.03856174758066
     ],
     [
      -77.53018401405708,
      39.03856380326047
     ],
     [
      -77.53018385898086,
      39.03856585909887
     ],
     [
      -77.53018369931193,
      39.03856791495807
     ],
     [
      -77.53018353505027,
      39.038569970838104
     ],
     [
      -77.53018336619591,
      39.03857202673891
     ],
     [
      -77.53018319274884,
      39.03857408266054
     ],
     [
      -77.53018303563826,
      39.03857613850814
     ],
     [
      -77.53018289486423,
      39.03857819428176
     ],
     [
      -77.53018277042669,
      39.0385802499814
     ],
     [
      -77.5301826623257,
      39.03858230560702
     ],
     [
      -77.53018254800521,
      39.03858436126083
     ],
     [
      -77.53018242746526,
      39.0385864169428
     ],
     [
      -77.53018230070582,
      39.03858847265294
     ],
     [
      -77.5301821677269,
      39.038590528391246
     ],
     [
      -77.53018207396312,
      39.03859258395194
     ],
     [
      -77.5301820194145,
      39.038594639334995
     ],
     [
      -77.53018200408101,
      39.03859669454044
     ],
     [
      -77.53018202796268,
      39.038598749568244
     ],
     [
      -77.53018203714716,
      39.03860036840928
     ],
     [
      -77.53018203163441,
      39.038601551063515
     ],
     [
      -77.53018201142447,
      39.03860229753094
     ],
     [
      -77.53018197651731,
      39.0386026078116
     ],
     [
      -77.53018189792985,
      39.038603277012804
     ],
     [
      -77.53018177566209,
      39.03860430513459
     ],
     [
      -77.530181609714,
      39.03860569217697
     ],
     [
      -77.53018140008561,
      39.038607438139906
     ],
     [
      -77.53018110561335,
      39.038609262017786
     ],
     [
      -77.53018072629719,
      39.03861116381057
     ],
     [
      -77.53018026213714,
      39.038613143518276
     ],
     [
      -77.53017971313321,
      39.03861520114092
     ],
     [
      -77.53017922753777,
      39.03861725847634
     ],
     [
      -77.53017880535086,
      39.03861931552456
     ],
     [
      -77.53017844657246,
      39.03862137228558
     ],
     [
      -77.5301781512026,
      39.038623428759394
     ],
     [
      -77.53017792750065,
      39.038625484908614
     ],
     [
      -77.53017777546661,
      39.0386275407332
     ],
     [
      -77.53017769510049,
      39.038629596233186
     ],
     [
      -77.5301776864023,
      39.03863165140856
     ],
     [
      -77.53017762939655,
      39.03863370680273
     ],
     [
      -77.53017752408323,
      39.03863576241571
     ],
     [
      -77.53017737046233,
      39.038637818247494
     ],
     [
      -77.53017716853387,
      39.038639874298056
     ],
     [
      -77.5301768547213,
      39.0386419308554
     ],
     [
      -77.53017642902466,
      39.038643987919514
     ],
     [
      -77.5301758914439,
      39.03864604549035
     ],
     [
      -77.53017524197904,
      39.038648103567986
     ],
     [
      -77.53017459954913,
      39.038649989378655
     ],
     [
      -77.53017396415417,
      39.03865170292236
     ],
     [
      -77.53017333579417,
      39.03865324419913
     ],
     [
      -77.53017271446916,
      39.03865461320895
     ],
     [
      -77.53017216618035,
      39.038655812574135
     ],
     [
      -77.53017169092777,
      39.03865684229468
     ],
     [
      -77.53017128871141,
      39.03865770237061
     ],
     [
      -77.5301709595313,
      39.038658392801885
     ],
     [
      -77.5301705034309,
      39.03865942535694
     ],
     [
      -77.53016992041022,
      39.03866080003578
     ],
     [
      -77.53016921046923,
      39.038662516838365
     ],
     [
      -77.53016837360794,
      39.0386645757647
     ],
     [
      -77.530167574904,
      39.038666634518215
     ],
     [
      -77.53016681435746,
      39.0386686930989
     ],
     [
      -77.53016609196831,
      39.03867075150675
     ],
     [
      -77.53016540773655,
      39.03867280974177
     ],
     [
      -77.53016471055517,
      39.03867479296833
     ],
     [
      -77.53016400042415,
      39.0386767011864
     ],
     [
      -77.53016327734353,
      39.038678534396006
     ],
     [
      -77.53016254131329,
      39.038680292597135
     ],
     [
      -77.53016196143174,
      39.03868168644127
     ],
     [
      -77.53016153769894,
      39.038682715928424
     ],
     [
      -77.53016127011487,
      39.03868338105861
     ],
     [
      -77.53016115867958,
      39.03868368183179
     ],
     [
      -77.53016086580352,
      39.038684422143646
     ],
     [
      -77.53016039148669,
      39.03868560199414
     ],
     [
      -77.53015973572907,
      39.03868722138328
     ],
     [
      -77.53015889853064,
      39.03868928031107
     ],
     [
      -77.5301580385189,
      39.03869133934219
     ],
     [
      -77.53015715569387,
      39.03869339847662
     ],
     [
      -77.53015625005551,
      39.03869545771436
     ],
     [
      -77.53015532160384,
      39.038697517055425
     ],
     [
      -77.53015451013039,
      39.038699575866666
     ],
     [
      -77.53015381563516,
      39.038701634148076
     ],
     [
      -77.53015323811817,
      39.03870369189969
     ],
     [
      -77.53015277757945,
      39.03870574912147
     ],
     [
      -77.53015237277408,
      39.03870768626519
     ],
     [
      -77.5301520237021,
      39.038709503330814
     ],
     [
      -77.53015173036351,
      39.03871120031836
     ],
     [
      -77.5301514927583,
      39.03871277722784
     ],
     [
      -77.530151295938,
      39.038714079819925
     ],
     [
      -77.5301511399026,
      39.0387151080946
     ],
     [
      -77.53015102465208,
      39.03871586205187
     ],
     [
      -77.53015095018647,
      39.03871634169174
     ],
     [
      -77.5301507781002,
      39.03871721573207
     ],
     [
      -77.53015050839322,
      39.038718484172875
     ],
     [
      -77.53015014106559,
      39.038720147014146
     ],
     [
      -77.53014967611723,
      39.03872220425589
     ],
     [
      -77.53014919918539,
      39.038724261551884
     ],
     [
      -77.53014871027003,
      39.03872631890217
     ],
     [
      -77.53014820937119,
      39.038728376306736
     ],
     [
      -77.53014769648885,
      39.03873043376555
     ],
     [
      -77.53014713352658,
      39.03873249145119
     ],
     [
      -77.53014652048438,
      39.03873454936364
     ],
     [
      -77.53014585736227,
      39.0387366075029
     ],
     [
      -77.5301451441602,
      39.03873866586899
     ],
     [
      -77.53014440730708,
      39.03874062445223
     ],
     [
      -77.53014364680284,
      39.03874248325269
     ],
     [
      -77.53014286264755,
      39.038744242270326
     ],
     [
      -77.53014205484118,
      39.03874590150514
     ],
     [
      -77.53014140388895,
      39.03874724602542
     ],
     [
      -77.53014090979092,
      39.038748275831175
     ],
     [
      -77.53014057254707,
      39.038748990922386
     ],
     [
      -77.53014039215743,
      39.038749391299106
     ],
     [
      -77.53014004842964,
      39.0387502063096
     ],
     [
      -77.53013954136365,
      39.03875143595394
     ],
     [
      -77.53013887095948,
      39.03875308023208
     ],
     [
      -77.5301380372171,
      39.03875513914404
     ],
     [
      -77.53013725700501,
      39.038757197813545
     ],
     [
      -77.5301365303232,
      39.0387592562406
     ],
     [
      -77.53013585717171,
      39.03876131442522
     ],
     [
      -77.53013523755054,
      39.0387633723674
     ],
     [
      -77.53013460005428,
      39.03876543039052
     ],
     [
      -77.53013394468296,
      39.0387674884946
     ],
     [
      -77.53013327143657,
      39.038769546679625
     ],
     [
      -77.5301325803151,
      39.038771604945595
     ],
     [
      -77.53013199757488,
      39.038773275093675
     ],
     [
      -77.53013152321596,
      39.03877455712388
     ],
     [
      -77.5301311572383,
      39.03877545103619
     ],
     [
      -77.53013089964196,
      39.0387759568306
     ],
     [
      -77.53013050110809,
      39.0387767247334
     ],
     [
      -77.53012996163669,
      39.038777754744586
     ],
     [
      -77.53012928122774,
      39.038779046864164
     ],
     [
      -77.53012845988125,
      39.03878060109213
     ],
     [
      -77.53012758093978,
      39.03878228173786
     ],
     [
      -77.5301266444033,
      39.038784088801386
     ],
     [
      -77.53012565027181,
      39.03878602228268
     ],
     [
      -77.5301245985453,
      39.038788082181746
     ],
     [
      -77.53012362926114,
      39.03879007231043
     ],
     [
      -77.53012274241937,
      39.03879199266871
     ],
     [
      -77.53012193801997,
      39.03879384325662
     ],
     [
      -77.53012121606295,
      39.038795624074126
     ],
     [
      -77.53012064739876,
      39.03879702920743
     ],
     [
      -77.53012023202741,
      39.03879805865654
     ],
     [
      -77.53011996994893,
      39.03879871242146
     ],
     [
      -77.5301198611633,
      39.03879899050216
     ],
     [
      -77.53011956831048,
      39.03879971380345
     ],
     [
      -77.53011909139047,
      39.03880088232532
     ],
     [
      -77.53011843040325,
      39.03880249606775
     ],
     [
      -77.53011758534879,
      39.03880455503077
     ],
     [
      -77.53011670559593,
      39.038806614150914
     ],
     [
      -77.53011579114465,
      39.0388086734282
     ],
     [
      -77.53011484199494,
      39.038810732862615
     ],
     [
      -77.53011385814685,
      39.038812792454166
     ],
     [
      -77.53011295650147,
      39.0388146641587
     ],
     [
      -77.53011213705885,
      39.03881634797622
     ],
     [
      -77.53011139981899,
      39.03881784390673
     ],
     [
      -77.53011074478194,
      39.03881915195022
     ],
     [
      -77.5301101565403,
      39.0388203209367
     ],
     [
      -77.53010963509414,
      39.03882135086615
     ],
     [
      -77.53010918044343,
      39.0388222417386
     ],
     [
      -77.53010879258821,
      39.03882299355401
     ],
     [
      -77.5301082853082,
      39.0388240721795
     ],
     [
      -77.53010765860341,
      39.038825477615084
     ],
     [
      -77.53010691247384,
      39.03882720986075
     ],
     [
      -77.53010604691941,
      39.0388292689165
     ]
    ]
   },
   "properties": {
    "id": "ct-9",
    "kind": "Contour",
    "sourceId": "contours",
    "reliabilityLevel": 1,
    "revision": 1,
    "engineeringGeometry": {
     "crs": "EPSG:2248",
     "crsName": "NAD83 / Maryland State Plane (US survey feet)",
     "datum": "NAD83",
     "unit": "usSurveyFoot",
     "coordinates": [
      [
       1161758.8105253237,
       499936.18081173307,
       380
      ],
      [
       1161758.57708415,
       499936.8026844929,
       380
      ],
      [
       1161758.355237937,
       499937.4878639766,
       380
      ],
      [
       1161758.1449866844,
       499938.23635018425,
       380
      ],
      [
       1161757.9277991636,
       499938.9848363919,
       380
      ],
      [
       1161757.703675374,
       499939.73332259967,
       380
      ],
      [
       1161757.4726153156,
       499940.48180880735,
       380
      ],
      [
       1161757.2346189886,
       499941.2302950149,
       380
      ],
      [
       1161757.04521986,
       499941.8156142893,
       380
      ],
      [
       1161756.9044179297,
       499942.23776663037,
       380
      ],
      [
       1161756.8122131983,
       499942.49675203813,
       380
      ],
      [
       1161756.768605665,
       499942.5925705125,
       380
      ],
      [
       1161756.656364047,
       499942.8276013016,
       380
      ],
      [
       1161756.4754883437,
       499943.2018444055,
       380
      ],
      [
       1161756.2259785554,
       499943.715299824,
       380
      ],
      [
       1161755.9078346821,
       499944.3679675573,
       380
      ],
      [
       1161755.6058339726,
       499945.04458990914,
       380
      ],
      [
       1161755.319976427,
       499945.74516687955,
       380
      ],
      [
       1161755.0502620449,
       499946.46969846863,
       380
      ],
      [
       1161754.7966908268,
       499947.21818467637,
       380
      ],
      [
       1161754.562319634,
       499947.8926646836,
       380
      ],
      [
       1161754.3471484669,
       499948.4931384902,
       380
      ],
      [
       1161754.1511773253,
       499949.0196060964,
       380
      ],
      [
       1161753.9744062088,
       499949.4720675021,
       380
      ],
      [
       1161753.8151628808,
       499949.8854197568,
       380
      ],
      [
       1161753.6734473405,
       499950.25966286066,
       380
      ],
      [
       1161753.5492595884,
       499950.59479681356,
       380
      ],
      [
       1161753.442599624,
       499950.8908216155,
       380
      ],
      [
       1161753.3200518857,
       499951.29996176896,
       380
      ],
      [
       1161753.181616373,
       499951.82221727376,
       380
      ],
      [
       1161753.0272930863,
       499952.45758813,
       380
      ],
      [
       1161752.8570820254,
       499953.2060743377,
       380
      ],
      [
       1161752.6758061573,
       499953.9545605454,
       380
      ],
      [
       1161752.4834654825,
       499954.70304675295,
       380
      ],
      [
       1161752.2800600003,
       499955.45153296064,
       380
      ],
      [
       1161752.065589711,
       499956.2000191683,
       380
      ],
      [
       1161751.840450771,
       499956.92064409715,
       380
      ],
      [
       1161751.6046431796,
       499957.61340774706,
       380
      ],
      [
       1161751.3581669373,
       499958.2783101181,
       380
      ],
      [
       1161751.101022044,
       499958.91535121034,
       380
      ],
      [
       1161750.895716203,
       499959.42099330836,
       380
      ],
      [
       1161750.7422494143,
       499959.7952364122,
       380
      ],
      [
       1161750.6406216782,
       499960.03808052186,
       380
      ],
      [
       1161750.590832994,
       499960.14952563733,
       380
      ],
      [
       1161750.473677158,
       499960.42023102584,
       380
      ],
      [
       1161750.2891541691,
       499960.8501966874,
       380
      ],
      [
       1161750.0372640279,
       499961.43942262203,
       380
      ],
      [
       1161749.7180067343,
       499962.1879088297,
       380
      ],
      [
       1161749.4184576222,
       499962.9363950374,
       380
      ],
      [
       1161749.1386166916,
       499963.684881245,
       380
      ],
      [
       1161748.8784839427,
       499964.4333674527,
       380
      ],
      [
       1161748.638059375,
       499965.18185366044,
       380
      ],
      [
       1161748.4229870338,
       499965.8837281432,
       380
      ],
      [
       1161748.233266919,
       499966.53899090085,
       380
      ],
      [
       1161748.0688990299,
       499967.14764193364,
       380
      ],
      [
       1161747.9298833674,
       499967.70968124154,
       380
      ],
      [
       1161747.8120393762,
       499968.17782244744,
       380
      ],
      [
       1161747.715367057,
       499968.5520655512,
       380
      ],
      [
       1161747.639866409,
       499968.83241055306,
       380
      ],
      [
       1161747.5855374322,
       499969.0188574529,
       380
      ],
      [
       1161747.488849439,
       499969.3458141796,
       380
      ],
      [
       1161747.3498024286,
       499969.8132807334,
       380
      ],
      [
       1161747.1683964012,
       499970.4212571141,
       380
      ],
      [
       1161746.9446313567,
       499971.1697433217,
       380
      ],
      [
       1161746.717987033,
       499971.9182295294,
       380
      ],
      [
       1161746.4884634302,
       499972.6667157371,
       380
      ],
      [
       1161746.2560605477,
       499973.41520194476,
       380
      ],
      [
       1161746.0207783857,
       499974.16368815245,
       380
      ],
      [
       1161745.8160685613,
       499974.9121743601,
       380
      ],
      [
       1161745.6419310737,
       499975.66066056775,
       380
      ],
      [
       1161745.4983659238,
       499976.40914677543,
       380
      ],
      [
       1161745.3853731109,
       499977.1576329832,
       380
      ],
      [
       1161745.2700991982,
       499977.8472330625,
       380
      ],
      [
       1161745.1525441858,
       499978.4779470135,
       380
      ],
      [
       1161745.0327080735,
       499979.04977483617,
       380
      ],
      [
       1161744.910590861,
       499979.5627165303,
       380
      ],
      [
       1161744.8075979569,
       499980.00630892935,
       380
      ],
      [
       1161744.7237293604,
       499980.3805520332,
       380
      ],
      [
       1161744.658985072,
       499980.68544584187,
       380
      ],
      [
       1161744.6133650918,
       499980.92099035525,
       380
      ],
      [
       1161744.5379663121,
       499981.28477029223,
       380
      ],
      [
       1161744.4327887334,
       499981.77678565274,
       380
      ],
      [
       1161744.2978323554,
       499982.3970364368,
       380
      ],
      [
       1161744.1330971778,
       499983.1455226445,
       380
      ],
      [
       1161743.9648767314,
       499983.8940088522,
       380
      ],
      [
       1161743.7931710156,
       499984.64249505976,
       380
      ],
      [
       1161743.6179800304,
       499985.39098126744,
       380
      ],
      [
       1161743.439303776,
       499986.1394674751,
       380
      ],
      [
       1161743.2502108766,
       499986.8879536828,
       380
      ],
      [
       1161743.0507013323,
       499987.6364398904,
       380
      ],
      [
       1161742.840775143,
       499988.3849260981,
       380
      ],
      [
       1161742.6204323086,
       499989.1334123058,
       380
      ],
      [
       1161742.4203971927,
       499989.78116134193,
       380
      ],
      [
       1161742.2406697948,
       499990.3281732064,
       380
      ],
      [
       1161742.0812501153,
       499990.7744478994,
       380
      ],
      [
       1161741.942138154,
       499991.11998542096,
       380
      ],
      [
       1161741.8022107969,
       499991.4798757336,
       380
      ],
      [
       1161741.661468044,
       499991.8541188374,
       380
      ],
      [
       1161741.5199098948,
       499992.2427147324,
       380
      ],
      [
       1161741.3775363502,
       499992.6456634187,
       380
      ],
      [
       1161741.2171347053,
       499993.13499648526,
       380
      ],
      [
       1161741.0387049601,
       499993.7107139322,
       380
      ],
      [
       1161740.842247115,
       499994.3728157595,
       380
      ],
      [
       1161740.6277611693,
       499995.12130196724,
       380
      ],
      [
       1161740.454973805,
       499995.8697881749,
       380
      ],
      [
       1161740.3238850217,
       499996.61827438255,
       380
      ],
      [
       1161740.2344948193,
       499997.36676059023,
       380
      ],
      [
       1161740.186803198,
       499998.11524679785,
       380
      ],
      [
       1161740.1737894919,
       499998.8637330055,
       380
      ],
      [
       1161740.1954537008,
       499999.6122192133,
       380
      ],
      [
       1161740.2517958253,
       500000.3607054209,
       380
      ],
      [
       1161740.342815865,
       500001.1091916285,
       380
      ],
      [
       1161740.428925596,
       500001.8576778362,
       380
      ],
      [
       1161740.510125018,
       500002.6061640438,
       380
      ],
      [
       1161740.5864141309,
       500003.3546502515,
       380
      ],
      [
       1161740.6577929351,
       500004.10313645925,
       380
      ],
      [
       1161740.708177189,
       500004.85162266693,
       380
      ],
      [
       1161740.7375668935,
       500005.60010887455,
       380
      ],
      [
       1161740.7459620475,
       500006.34859508224,
       380
      ],
      [
       1161740.733362652,
       500007.0970812899,
       380
      ],
      [
       1161740.7299736214,
       500007.8455674976,
       380
      ],
      [
       1161740.7357949563,
       500008.5940537053,
       380
      ],
      [
       1161740.7508266564,
       500009.34253991296,
       380
      ],
      [
       1161740.7750687217,
       500010.09102612064,
       380
      ],
      [
       1161740.7895508274,
       500010.8395123283,
       380
      ],
      [
       1161740.7942729734,
       500011.58799853595,
       380
      ],
      [
       1161740.7892351595,
       500012.33648474363,
       380
      ],
      [
       1161740.7744373858,
       500013.0849709513,
       380
      ],
      [
       1161740.7464449133,
       500013.833457159,
       380
      ],
      [
       1161740.705257742,
       500014.58194336656,
       380
      ],
      [
       1161740.6508758718,
       500015.33042957424,
       380
      ],
      [
       1161740.5832993027,
       500016.0789157819,
       380
      ],
      [
       1161740.510087541,
       500016.8274019896,
       380
      ],
      [
       1161740.4312405866,
       500017.5758881972,
       380
      ],
      [
       1161740.3467584397,
       500018.3243744049,
       380
      ],
      [
       1161740.2566411002,
       500019.0728606126,
       380
      ],
      [
       1161740.1630082473,
       500019.8213468203,
       380
      ],
      [
       1161740.065859881,
       500020.56983302796,
       380
      ],
      [
       1161739.9651960013,
       500021.31831923564,
       380
      ],
      [
       1161739.861016608,
       500022.0668054433,
       380
      ],
      [
       1161739.772703676,
       500022.815291651,
       380
      ],
      [
       1161739.700257205,
       500023.5637778586,
       380
      ],
      [
       1161739.6436771946,
       500024.3122640663,
       380
      ],
      [
       1161739.602963645,
       500025.06075027405,
       380
      ],
      [
       1161739.5679287808,
       500025.8092364817,
       380
      ],
      [
       1161739.538572602,
       500026.55772268935,
       380
      ],
      [
       1161739.5148951085,
       500027.30620889703,
       380
      ],
      [
       1161739.4968963,
       500028.05469510466,
       380
      ],
      [
       1161739.4698245628,
       500028.8031813123,
       380
      ],
      [
       1161739.433679896,
       500029.5516675201,
       380
      ],
      [
       1161739.3884623002,
       500030.3001537277,
       380
      ],
      [
       1161739.3341717753,
       500031.0486399353,
       380
      ],
      [
       1161739.2731399487,
       500031.797126143,
       380
      ],
      [
       1161739.2053668213,
       500032.54561235063,
       380
      ],
      [
       1161739.130852392,
       500033.2940985583,
       380
      ],
      [
       1161739.0495966615,
       500034.04258476605,
       380
      ],
      [
       1161738.9768931333,
       500034.7769561001,
       380
      ],
      [
       1161738.9127418075,
       500035.4972125604,
       380
      ],
      [
       1161738.857142684,
       500036.2033541471,
       380
      ],
      [
       1161738.8100957628,
       500036.89538086014,
       380
      ],
      [
       1161738.7738833004,
       500037.4285157686,
       380
      ],
      [
       1161738.7485052967,
       500037.8027588724,
       380
      ],
      [
       1161738.7339617517,
       500038.01811017166,
       380
      ],
      [
       1161738.7302526655,
       500038.0745696663,
       380
      ],
      [
       1161738.7283981221,
       500038.1932175882,
       380
      ],
      [
       1161738.7283981221,
       500038.3740539374,
       380
      ],
      [
       1161738.7302526655,
       500038.61707871384,
       380
      ],
      [
       1161738.7339617517,
       500038.9222919176,
       380
      ],
      [
       1161738.7383095776,
       500039.2620200714,
       380
      ],
      [
       1161738.7432961436,
       500039.6362631753,
       380
      ],
      [
       1161738.748921449,
       500040.04502122913,
       380
      ],
      [
       1161738.7551854944,
       500040.488294233,
       380
      ],
      [
       1161738.7892073032,
       500041.0078705378,
       380
      ],
      [
       1161738.8509868756,
       500041.6037501436,
       380
      ],
      [
       1161738.9405242114,
       500042.2759330503,
       380
      ],
      [
       1161739.0578193103,
       500043.0244192581,
       380
      ],
      [
       1161739.181666719,
       500043.7729054658,
       380
      ],
      [
       1161739.312066437,
       500044.52139167336,
       380
      ],
      [
       1161739.4490184642,
       500045.26987788104,
       380
      ],
      [
       1161739.592522801,
       500046.0183640887,
       380
      ],
      [
       1161739.7395090999,
       500046.7668502964,
       380
      ],
      [
       1161739.8899773613,
       500047.51533650403,
       380
      ],
      [
       1161740.0439275852,
       500048.2638227117,
       380
      ],
      [
       1161740.201359772,
       500049.0123089194,
       380
      ],
      [
       1161740.3328690645,
       500049.7607951271,
       380
      ],
      [
       1161740.4384554634,
       500050.5092813347,
       380
      ],
      [
       1161740.5181189685,
       500051.2577675424,
       380
      ],
      [
       1161740.5718595793,
       500052.0062537501,
       380
      ],
      [
       1161740.621964083,
       500052.7547399578,
       380
      ],
      [
       1161740.6684324795,
       500053.5032261654,
       380
      ],
      [
       1161740.7112647684,
       500054.2517123731,
       380
      ],
      [
       1161740.7504609497,
       500055.00019858073,
       380
      ],
      [
       1161740.7882050024,
       500055.74868478836,
       380
      ],
      [
       1161740.824496926,
       500056.49717099615,
       380
      ],
      [
       1161740.859336721,
       500057.24565720384,
       380
      ],
      [
       1161740.892724387,
       500057.9941434114,
       380
      ],
      [
       1161740.9181997129,
       500058.7426296191,
       380
      ],
      [
       1161740.9357626978,
       500059.4911158269,
       380
      ],
      [
       1161740.9454133427,
       500060.2396020345,
       380
      ],
      [
       1161740.947151647,
       500060.9880882421,
       380
      ],
      [
       1161740.9506084288,
       500061.7365744498,
       380
      ],
      [
       1161740.955783688,
       500062.48506065743,
       380
      ],
      [
       1161740.9626774248,
       500063.2335468651,
       380
      ],
      [
       1161740.9712896394,
       500063.98203307285,
       380
      ],
      [
       1161740.989847697,
       500064.73051928054,
       380
      ],
      [
       1161741.0183515977,
       500065.47900548816,
       380
      ],
      [
       1161741.0568013417,
       500066.22749169584,
       380
      ],
      [
       1161741.1051969284,
       500066.9759779035,
       380
      ],
      [
       1161741.154897046,
       500067.7244641112,
       380
      ],
      [
       1161741.2059016947,
       500068.4729503188,
       380
      ],
      [
       1161741.258210874,
       500069.2214365265,
       380
      ],
      [
       1161741.3118245837,
       500069.9699227342,
       380
      ],
      [
       1161741.360798,
       500070.7184089419,
       380
      ],
      [
       1161741.4051311223,
       500071.46689514944,
       380
      ],
      [
       1161741.4448239508,
       500072.2153813571,
       380
      ],
      [
       1161741.4798764854,
       500072.9638675648,
       380
      ],
      [
       1161741.5166956242,
       500073.7123537725,
       380
      ],
      [
       1161741.5552813667,
       500074.46083998017,
       380
      ],
      [
       1161741.5956337135,
       500075.20932618785,
       380
      ],
      [
       1161741.6377526643,
       500075.9578123955,
       380
      ],
      [
       1161741.6687327854,
       500076.7062986032,
       380
      ],
      [
       1161741.6885740773,
       500077.45478481083,
       380
      ],
      [
       1161741.69727654,
       500078.2032710185,
       380
      ],
      [
       1161741.6948401732,
       500078.9517572262,
       380
      ],
      [
       1161741.695655685,
       500079.5413587531,
       380
      ],
      [
       1161741.6997230751,
       500079.97207559913,
       380
      ],
      [
       1161741.707042344,
       500080.24390776444,
       380
      ],
      [
       1161741.7176134912,
       500080.3568552489,
       380
      ],
      [
       1161741.741350546,
       500080.60045054305,
       380
      ],
      [
       1161741.7782535083,
       500080.9746936469,
       380
      ],
      [
       1161741.8283223785,
       500081.4795845604,
       380
      ],
      [
       1161741.891557156,
       500082.11512328364,
       380
      ],
      [
       1161741.9790553157,
       500082.77889887796,
       380
      ],
      [
       1161742.0908168575,
       500083.47091134335,
       380
      ],
      [
       1161742.2268417813,
       500084.1911606799,
       380
      ],
      [
       1161742.387130087,
       500084.93964688753,
       380
      ],
      [
       1161742.5294075813,
       500085.68813309516,
       380
      ],
      [
       1161742.6536742637,
       500086.43661930296,
       380
      ],
      [
       1161742.7599301348,
       500087.1851055106,
       380
      ],
      [
       1161742.848175194,
       500087.9335917182,
       380
      ],
      [
       1161742.9160634165,
       500088.6820779259,
       380
      ],
      [
       1161742.9635948017,
       500089.43056413357,
       380
      ],
      [
       1161742.9907693502,
       500090.17905034125,
       380
      ],
      [
       1161742.9975870615,
       500090.92753654893,
       380
      ],
      [
       1161743.01812624,
       500091.6760227566,
       380
      ],
      [
       1161743.0523868855,
       500092.42450896424,
       380
      ],
      [
       1161743.100368998,
       500093.1729951719,
       380
      ],
      [
       1161743.1620725773,
       500093.92148137966,
       380
      ],
      [
       1161743.2555561368,
       500094.66996758734,
       380
      ],
      [
       1161743.380819677,
       500095.41845379496,
       380
      ],
      [
       1161743.537863197,
       500096.16694000264,
       380
      ],
      [
       1161743.7266866975,
       500096.9154262103,
       380
      ],
      [
       1161743.9131476409,
       500097.60118392383,
       380
      ],
      [
       1161744.097246028,
       500098.2242131432,
       380
      ],
      [
       1161744.2789818584,
       500098.78451386845,
       380
      ],
      [
       1161744.458355132,
       500099.2820860995,
       380
      ],
      [
       1161744.616624786,
       500099.717993767,
       380
      ],
      [
       1161744.753790821,
       500100.0922368708,
       380
      ],
      [
       1161744.869853236,
       500100.40481541096,
       380
      ],
      [
       1161744.9648120317,
       500100.65572938765,
       380
      ],
      [
       1161745.0965441756,
       500101.031036422,
       380
      ],
      [
       1161745.265049668,
       500101.530736514,
       380
      ],
      [
       1161745.4703285086,
       500102.1548296639,
       380
      ],
      [
       1161745.7123806973,
       500102.9033158716,
       380
      ],
      [
       1161745.9435945072,
       500103.6518020793,
       380
      ],
      [
       1161746.1639699384,
       500104.4002882869,
       380
      ],
      [
       1161746.3735069905,
       500105.1487744946,
       380
      ],
      [
       1161746.5722056634,
       500105.8972607023,
       380
      ],
      [
       1161746.7744238058,
       500106.61840725737,
       380
      ],
      [
       1161746.9801614175,
       500107.31221415993,
       380
      ],
      [
       1161747.1894184982,
       500107.97868140996,
       380
      ],
      [
       1161747.4021950483,
       500108.6178090074,
       380
      ],
      [
       1161747.5698493617,
       500109.1244943581,
       380
      ],
      [
       1161747.6923814386,
       500109.49873746186,
       380
      ],
      [
       1161747.7697912785,
       500109.74053831893,
       380
      ],
      [
       1161747.8020788818,
       500109.8498969291,
       380
      ],
      [
       1161747.8868315304,
       500110.1190374387,
       380
      ],
      [
       1161748.0240492243,
       500110.54795984767,
       380
      ],
      [
       1161748.2137319634,
       500111.136664156,
       380
      ],
      [
       1161748.4558797476,
       500111.8851503637,
       380
      ],
      [
       1161748.7045074934,
       500112.6336365714,
       380
      ],
      [
       1161748.9596152008,
       500113.38212277903,
       380
      ],
      [
       1161749.2212028694,
       500114.1306089867,
       380
      ],
      [
       1161749.4892704997,
       500114.87909519434,
       380
      ],
      [
       1161749.7241112003,
       500115.62758140196,
       380
      ],
      [
       1161749.9257249713,
       500116.37606760976,
       380
      ],
      [
       1161750.0941118125,
       500117.1245538174,
       380
      ],
      [
       1161750.2292717241,
       500117.873040025,
       380
      ],
      [
       1161750.3483474774,
       500118.5778853984,
       380
      ],
      [
       1161750.451339072,
       500119.2390899375,
       380
      ],
      [
       1161750.5382465087,
       500119.85665364226,
       380
      ],
      [
       1161750.6090697867,
       500120.4305765128,
       380
      ],
      [
       1161750.6677285577,
       500120.9046595,
       380
      ],
      [
       1161750.7142228216,
       500121.2789026038,
       380
      ],
      [
       1161750.7485525783,
       500121.5533058243,
       380
      ],
      [
       1161750.7707178278,
       500121.7278691615,
       380
      ],
      [
       1161750.8214448597,
       500122.0459132163,
       380
      ],
      [
       1161750.9007336742,
       500122.50743798865,
       380
      ],
      [
       1161751.008584271,
       500123.1124434787,
       380
      ],
      [
       1161751.14499665,
       500123.8609296864,
       380
      ],
      [
       1161751.284812856,
       500124.6094158941,
       380
      ],
      [
       1161751.4280328886,
       500125.35790210176,
       380
      ],
      [
       1161751.5746567477,
       500126.10638830945,
       380
      ],
      [
       1161751.724684433,
       500126.8548745171,
       380
      ],
      [
       1161751.888936985,
       500127.6033607248,
       380
      ],
      [
       1161752.0674144034,
       500128.35184693243,
       380
      ],
      [
       1161752.2601166877,
       500129.1003331401,
       380
      ],
      [
       1161752.4670438385,
       500129.8488193478,
       380
      ],
      [
       1161752.680477637,
       500130.56092536723,
       380
      ],
      [
       1161752.9004180836,
       500131.2366511985,
       380
      ],
      [
       1161753.1268651783,
       500131.87599684147,
       380
      ],
      [
       1161753.3598189207,
       500132.47896229627,
       380
      ],
      [
       1161753.5475551225,
       500132.9675665756,
       380
      ],
      [
       1161753.6900737835,
       500133.34180967946,
       380
      ],
      [
       1161753.787374904,
       500133.6016916078,
       380
      ],
      [
       1161753.8394584837,
       500133.7472123606,
       380
      ],
      [
       1161753.9388126004,
       500134.0434744772,
       380
      ],
      [
       1161754.0854372547,
       500134.4904779574,
       380
      ],
      [
       1161754.2793324462,
       500135.0882228014,
       380
      ],
      [
       1161754.5204981752,
       500135.8367090091,
       380
      ],
      [
       1161754.746458965,
       500136.58519521676,
       380
      ],
      [
       1161754.957214816,
       500137.3336814244,
       380
      ],
      [
       1161755.152765728,
       500138.08216763206,
       380
      ],
      [
       1161755.3331117015,
       500138.8306538398,
       380
      ],
      [
       1161755.5185349588,
       500139.5791400475,
       380
      ],
      [
       1161755.7090355002,
       500140.3276262551,
       380
      ],
      [
       1161755.9046133256,
       500141.0761124628,
       380
      ],
      [
       1161756.1052684353,
       500141.8245986705,
       380
      ],
      [
       1161756.2743187216,
       500142.43191003543,
       380
      ],
      [
       1161756.4117641845,
       500142.8980465578,
       380
      ],
      [
       1161756.5176048242,
       500143.22300823743,
       380
      ],
      [
       1161756.5918406406,
       500143.40679507435,
       380
      ],
      [
       1161756.7066618274,
       500143.6858100447,
       380
      ],
      [
       1161756.8620683844,
       500144.06005314854,
       380
      ],
      [
       1161757.0580603117,
       500144.5295243859,
       380
      ],
      [
       1161757.2946376097,
       500145.0942237566,
       380
      ],
      [
       1161757.54784119,
       500145.70486983657,
       380
      ],
      [
       1161757.8176710526,
       500146.3614626258,
       380
      ],
      [
       1161758.104127198,
       500147.0640021242,
       380
      ],
      [
       1161758.4072096255,
       500147.8124883318,
       380
      ],
      [
       1161758.686728067,
       500148.5356999559,
       380
      ],
      [
       1161758.942682522,
       500149.2336369962,
       380
      ],
      [
       1161759.1750729908,
       500149.906299453,
       380
      ],
      [
       1161759.3838994727,
       500150.55368732614,
       380
      ],
      [
       1161759.5483910623,
       500151.0645028146,
       380
      ],
      [
       1161759.6685477593,
       500151.43874591845,
       380
      ],
      [
       1161759.7443695636,
       500151.67641663767,
       380
      ],
      [
       1161759.7758564756,
       500151.7775149722,
       380
      ],
      [
       1161759.8605662875,
       500152.040460275,
       380
      ],
      [
       1161759.9984989997,
       500152.4652525461,
       380
      ],
      [
       1161760.1896546122,
       500153.0518917855,
       380
      ],
      [
       1161760.4340331245,
       500153.8003779932,
       380
      ],
      [
       1161760.6882674694,
       500154.5488642009,
       380
      ],
      [
       1161760.9523576468,
       500155.2973504085,
       380
      ],
      [
       1161761.2263036564,
       500156.0458366162,
       380
      ],
      [
       1161761.5101054984,
       500156.7943228239,
       380
      ],
      [
       1161761.7701616152,
       500157.4745156463,
       380
      ],
      [
       1161762.006472007,
       500158.08641508344,
       380
      ],
      [
       1161762.2190366734,
       500158.6300211353,
       380
      ],
      [
       1161762.4078556148,
       500159.1053338019,
       380
      ],
      [
       1161762.5774083035,
       500159.5301116871,
       380
      ],
      [
       1161762.7276947396,
       500159.9043547909,
       380
      ],
      [
       1161762.858714923,
       500160.2280631134,
       380
      ],
      [
       1161762.9704688538,
       500160.50123665447,
       380
      ],
      [
       1161763.1168346033,
       500160.89323836216,
       380
      ],
      [
       1161763.297812171,
       500161.40406823653,
       380
      ],
      [
       1161763.5134015575,
       500162.0337262775,
       380
      ],
      [
       1161763.7636027627,
       500162.7822124852,
       380
      ]
     ]
    },
    "elevationFt": 380,
    "weight": "index",
    "hidden": false
   }
  },
  {
   "type": "Feature",
   "geometry": {
    "type": "LineString",
    "coordinates": [
     [
      -77.53005528047699,
      39.03820679260323
     ],
     [
      -77.5300559073516,
      39.03820884490068
     ],
     [
      -77.5300565379005,
      39.03821089718147
     ],
     [
      -77.53005717212372,
      39.03821294944563
     ],
     [
      -77.530057847015,
      39.03821500152562
     ],
     [
      -77.53005856257437,
      39.038217053421434
     ],
     [
      -77.53005931880182,
      39.038219105133095
     ],
     [
      -77.53006011569734,
      39.03822115666058
     ],
     [
      -77.53006083001837,
      39.03822288413086
     ],
     [
      -77.5300614617649,
      39.038224287543905
     ],
     [
      -77.53006201093689,
      39.03822536689975
     ],
     [
      -77.53006247753433,
      39.038226122198374
     ],
     [
      -77.5300630613813,
      39.038227012044295
     ],
     [
      -77.53006376247781,
      39.0382280364375
     ],
     [
      -77.53006458082385,
      39.03822919537801
     ],
     [
      -77.53006551641946,
      39.038230488865814
     ],
     [
      -77.53006664876517,
      39.03823190822702
     ],
     [
      -77.53006797786104,
      39.03823345346165
     ],
     [
      -77.53006950370707,
      39.03823512456972
     ],
     [
      -77.53007122630329,
      39.03823692155115
     ],
     [
      -77.53007256797426,
      39.03823833165056
     ],
     [
      -77.53007352871992,
      39.03823935486788
     ],
     [
      -77.53007410854023,
      39.03823999120316
     ],
     [
      -77.53007430743519,
      39.03824024065641
     ],
     [
      -77.53007467469233,
      39.03824094054277
     ],
     [
      -77.53007521031171,
      39.038242090862255
     ],
     [
      -77.53007591429328,
      39.03824369161485
     ],
     [
      -77.53007678663712,
      39.03824574280054
     ],
     [
      -77.53007759953854,
      39.03824779425542
     ],
     [
      -77.53007835299753,
      39.03824984597949
     ],
     [
      -77.5300790470141,
      39.038251897972735
     ],
     [
      -77.53007968158823,
      39.03825395023515
     ],
     [
      -77.53008024884576,
      39.03825600280243
     ],
     [
      -77.5300807487867,
      39.03825805567455
     ],
     [
      -77.53008118141102,
      39.03826010885151
     ],
     [
      -77.53008154671872,
      39.038262162333325
     ],
     [
      -77.53008190842137,
      39.03826421583144
     ],
     [
      -77.53008226651893,
      39.03826626934589
     ],
     [
      -77.53008262101143,
      39.038268322876675
     ],
     [
      -77.53008297189886,
      39.03827037642378
     ],
     [
      -77.53008330649277,
      39.03827223721813
     ],
     [
      -77.53008362479315,
      39.03827390525968
     ],
     [
      -77.53008392679997,
      39.03827538054846
     ],
     [
      -77.53008421251327,
      39.03827666308448
     ],
     [
      -77.53008447676491,
      39.038277817586774
     ],
     [
      -77.53008471955486,
      39.03827884405534
     ],
     [
      -77.53008494088316,
      39.03827974249017
     ],
     [
      -77.53008514074978,
      39.03828051289128
     ],
     [
      -77.53008545608351,
      39.03828160372696
     ],
     [
      -77.53008588688442,
      39.038283014997205
     ],
     [
      -77.53008643315246,
      39.038284746702004
     ],
     [
      -77.53008709488769,
      39.03828679884139
     ],
     [
      -77.53008775772882,
      39.038288850975746
     ],
     [
      -77.53008842167587,
      39.03829090310508
     ],
     [
      -77.53008908672882,
      39.03829295522942
     ],
     [
      -77.5300897528877,
      39.038295007348744
     ],
     [
      -77.5300904161168,
      39.03829705948134
     ],
     [
      -77.53009107641616,
      39.03829911162718
     ],
     [
      -77.53009173378571,
      39.038301163786294
     ],
     [
      -77.53009238822551,
      39.03830321595866
     ],
     [
      -77.53009300882668,
      39.038305242818325
     ],
     [
      -77.53009359558925,
      39.03830724436525
     ],
     [
      -77.53009414851319,
      39.03830922059945
     ],
     [
      -77.5300946675985,
      39.03831117152091
     ],
     [
      -77.53009506489019,
      39.038312660141855
     ],
     [
      -77.53009534038824,
      39.03831368646226
     ],
     [
      -77.53009549409266,
      39.038314250482145
     ],
     [
      -77.53009552600342,
      39.038314352201496
     ],
     [
      -77.53009573796209,
      39.03831494142352
     ],
     [
      -77.53009612996864,
      39.03831601814823
     ],
     [
      -77.53009670202313,
      39.038317582375626
     ],
     [
      -77.53009745412558,
      39.038319634105676
     ],
     [
      -77.53009818243078,
      39.03832168594351
     ],
     [
      -77.53009888693879,
      39.0383237378891
     ],
     [
      -77.53009956764956,
      39.03832578994244
     ],
     [
      -77.5301002245631,
      39.03832784210357
     ],
     [
      -77.53010093984535,
      39.03832989400034
     ],
     [
      -77.53010171349634,
      39.038331945632784
     ],
     [
      -77.53010254551602,
      39.03833399700088
     ],
     [
      -77.53010343590444,
      39.03833604810462
     ],
     [
      -77.53010419267368,
      39.03833776956888
     ],
     [
      -77.53010481582375,
      39.03833916139363
     ],
     [
      -77.53010530535462,
      39.03834022357888
     ],
     [
      -77.53010566126626,
      39.03834095612464
     ],
     [
      -77.53010609600979,
      39.038341835018606
     ],
     [
      -77.53010660958518,
      39.038342860260784
     ],
     [
      -77.53010720199242,
      39.038344031851175
     ],
     [
      -77.53010787323156,
      39.03834534978977
     ],
     [
      -77.53010862229385,
      39.0383468509153
     ],
     [
      -77.53010944917934,
      39.038348535227804
     ],
     [
      -77.53011035388803,
      39.03835040272724
     ],
     [
      -77.53011133641992,
      39.03835245341362
     ],
     [
      -77.53011219416736,
      39.03835450466512
     ],
     [
      -77.53011292713035,
      39.03835655648175
     ],
     [
      -77.53011353530886,
      39.03835860886349
     ],
     [
      -77.53011401870289,
      39.038360661810366
     ],
     [
      -77.53011450039547,
      39.03836271476495
     ],
     [
      -77.53011498038663,
      39.03836476772722
     ],
     [
      -77.53011545867635,
      39.03836682069719
     ],
     [
      -77.53011593526463,
      39.03836887367489
     ],
     [
      -77.53011631276223,
      39.0383705187119
     ],
     [
      -77.53011659116918,
      39.03837175580822
     ],
     [
      -77.53011677048542,
      39.0383725849639
     ],
     [
      -77.53011685071098,
      39.038373006178865
     ],
     [
      -77.53011699944562,
      39.03837373007846
     ],
     [
      -77.53011721668933,
      39.03837475666264
     ],
     [
      -77.53011750244215,
      39.03837608593139
     ],
     [
      -77.53011785670405,
      39.03837771788475
     ],
     [
      -77.53011827483157,
      39.038379454943446
     ],
     [
      -77.53011875682468,
      39.038381297107485
     ],
     [
      -77.5301193026834,
      39.03838324437684
     ],
     [
      -77.53011991240776,
      39.03838529675155
     ],
     [
      -77.53012058607413,
      39.03838734883666
     ],
     [
      -77.53012132368255,
      39.038389400632184
     ],
     [
      -77.53012212523302,
      39.03839145213811
     ],
     [
      -77.53012299072552,
      39.038393503354456
     ],
     [
      -77.53012374578395,
      39.03839555507091
     ],
     [
      -77.53012439040832,
      39.038397607287536
     ],
     [
      -77.5301249245986,
      39.03839966000429
     ],
     [
      -77.53012534835477,
      39.03840171322119
     ],
     [
      -77.53012577899507,
      39.03840363396391
     ],
     [
      -77.53012621651949,
      39.03840542223242
     ],
     [
      -77.53012666092803,
      39.038407078026744
     ],
     [
      -77.5301271122207,
      39.03840860134685
     ],
     [
      -77.5301274801439,
      39.03840987614657
     ],
     [
      -77.53012776469765,
      39.038410902425866
     ],
     [
      -77.53012796588195,
      39.03841168018475
     ],
     [
      -77.53012808369678,
      39.03841220942324
     ],
     [
      -77.53012827619,
      39.03841311966451
     ],
     [
      -77.53012854336164,
      39.03841441090859
     ],
     [
      -77.5301288852117,
      39.03841608315542
     ],
     [
      -77.53012930174017,
      39.038418136405035
     ],
     [
      -77.53012976063079,
      39.0384201894628
     ],
     [
      -77.53013026188351,
      39.0384222423287
     ],
     [
      -77.53013080549837,
      39.03842429500274
     ],
     [
      -77.53013139147536,
      39.038426347484915
     ],
     [
      -77.53013184040202,
      39.03842840058779
     ],
     [
      -77.53013215227831,
      39.03843045431136
     ],
     [
      -77.53013232710425,
      39.038432508655625
     ],
     [
      -77.53013236487983,
      39.03843456362062
     ],
     [
      -77.53013249732692,
      39.03843661815681
     ],
     [
      -77.53013272444548,
      39.03843867226424
     ],
     [
      -77.53013304623558,
      39.038440725942905
     ],
     [
      -77.53013346269718,
      39.038442779192835
     ],
     [
      -77.5301338237919,
      39.03844483269347
     ],
     [
      -77.53013412951972,
      39.038446886444866
     ],
     [
      -77.53013437988068,
      39.03844894044704
     ],
     [
      -77.53013457487471,
      39.038450994699964
     ],
     [
      -77.53013474820193,
      39.038453049051014
     ],
     [
      -77.53013489986235,
      39.03845510350017
     ],
     [
      -77.53013502985594,
      39.03845715804748
     ],
     [
      -77.53013513818271,
      39.038459212692906
     ],
     [
      -77.53013528392026,
      39.03846126716892
     ],
     [
      -77.53013546706858,
      39.03846332147548
     ],
     [
      -77.53013568762768,
      39.0384653756126
     ],
     [
      -77.53013594559755,
      39.038467429580294
     ],
     [
      -77.53013621276313,
      39.03846948350634
     ],
     [
      -77.53013648912437,
      39.03847153739073
     ],
     [
      -77.53013677468132,
      39.03847359123346
     ],
     [
      -77.53013706943395,
      39.03847564503456
     ],
     [
      -77.53013728070898,
      39.03847769921373
     ],
     [
      -77.53013740850642,
      39.03847975377097
     ],
     [
      -77.53013745282624,
      39.03848180870629
     ],
     [
      -77.53013741366844,
      39.038483864019646
     ],
     [
      -77.53013731642257,
      39.03848591959612
     ],
     [
      -77.53013716108858,
      39.03848797543568
     ],
     [
      -77.53013694766649,
      39.0384900315383
     ],
     [
      -77.53013667615629,
      39.03849208790401
     ],
     [
      -77.53013640490879,
      39.038494144268526
     ],
     [
      -77.530136133924,
      39.03849620063185
     ],
     [
      -77.5301358632019,
      39.03849825699399
     ],
     [
      -77.53013559274254,
      39.03850031335494
     ],
     [
      -77.53013523630764,
      39.038502370105256
     ],
     [
      -77.53013479389726,
      39.038504427244966
     ],
     [
      -77.53013426551136,
      39.03850648477406
     ],
     [
      -77.53013365114994,
      39.038508542692526
     ],
     [
      -77.53013296401292,
      39.03851060094058
     ],
     [
      -77.5301322041003,
      39.03851265951825
     ],
     [
      -77.5301313714121,
      39.0385147184255
     ],
     [
      -77.53013046594826,
      39.038516777662345
     ],
     [
      -77.53012975580518,
      39.038518409125025
     ],
     [
      -77.53012924098286,
      39.03851961281352
     ],
     [
      -77.53012892148134,
      39.03852038872786
     ],
     [
      -77.5301287973006,
      39.03852073686802
     ],
     [
      -77.53012853981866,
      39.03852142560703
     ],
     [
      -77.5301281490355,
      39.038522454944875
     ],
     [
      -77.5301276249511,
      39.038523824881565
     ],
     [
      -77.53012696756547,
      39.038525535417094
     ],
     [
      -77.53012640572932,
      39.0385273324143
     ],
     [
      -77.53012593944266,
      39.03852921587321
     ],
     [
      -77.5301255687055,
      39.038531185793836
     ],
     [
      -77.53012529351784,
      39.038533242176136
     ],
     [
      -77.53012502821647,
      39.0385352985137
     ],
     [
      -77.5301247728014,
      39.03853735480645
     ],
     [
      -77.53012452727259,
      39.03853941105444
     ],
     [
      -77.53012429163007,
      39.03854146725766
     ],
     [
      -77.53012398885987,
      39.038543523764886
     ],
     [
      -77.53012361896195,
      39.03854558057612
     ],
     [
      -77.53012318193632,
      39.03854763769138
     ],
     [
      -77.53012267778296,
      39.03854969511065
     ],
     [
      -77.53012217807145,
      39.0385517525098
     ],
     [
      -77.53012168280182,
      39.038553809888825
     ],
     [
      -77.53012119197403,
      39.03855586724774
     ],
     [
      -77.53012070558809,
      39.03855792458651
     ],
     [
      -77.530120280513,
      39.03855998164763
     ],
     [
      -77.53011991674876,
      39.03856203843108
     ],
     [
      -77.53011961429536,
      39.03856409493685
     ],
     [
      -77.5301193731528,
      39.03856615116494
     ],
     [
      -77.53011915828242,
      39.03856802675397
     ],
     [
      -77.5301189696842,
      39.03856972170391
     ],
     [
      -77.53011880735814,
      39.03857123601477
     ],
     [
      -77.53011867130427,
      39.03857256968656
     ],
     [
      -77.53011855009113,
      39.03857375054733
     ],
     [
      -77.53011844371872,
      39.03857477859706
     ],
     [
      -77.53011835218705,
      39.038575653835785
     ],
     [
      -77.53011827549614,
      39.03857637626349
     ],
     [
      -77.53011815170981,
      39.03857743216837
     ],
     [
      -77.53011798082814,
      39.038578821550466
     ],
     [
      -77.53011776285106,
      39.03858054440973
     ],
     [
      -77.53011749777859,
      39.03858260074622
     ],
     [
      -77.53011728204869,
      39.03858465685919
     ],
     [
      -77.53011711566137,
      39.03858671274872
     ],
     [
      -77.53011699861663,
      39.038588768414805
     ],
     [
      -77.53011693091446,
      39.0385908238574
     ],
     [
      -77.53011678365465,
      39.038592879660285
     ],
     [
      -77.53011655683717,
      39.03859493582348
     ],
     [
      -77.53011625046202,
      39.03859699234699
     ],
     [
      -77.53011586452918,
      39.038599049230804
     ],
     [
      -77.53011548036785,
      39.03860110610659
     ],
     [
      -77.53011509797805,
      39.038603162974354
     ],
     [
      -77.53011471735974,
      39.03860521983409
     ],
     [
      -77.53011433851293,
      39.0386072766858
     ],
     [
      -77.53011396285405,
      39.03860933352306
     ],
     [
      -77.53011359038307,
      39.038611390345906
     ],
     [
      -77.53011322110002,
      39.0386134471543
     ],
     [
      -77.53011285500489,
      39.038615503948236
     ],
     [
      -77.53011252557646,
      39.03861756057613
     ],
     [
      -77.53011223281473,
      39.03861961703797
     ],
     [
      -77.53011197671971,
      39.038621673333736
     ],
     [
      -77.53011175729141,
      39.03862372946345
     ],
     [
      -77.53011154330171,
      39.03862578556855
     ],
     [
      -77.5301113347506,
      39.03862784164899
     ],
     [
      -77.5301111316381,
      39.038629897704816
     ],
     [
      -77.53011093396418,
      39.038631953736
     ],
     [
      -77.5301107000652,
      39.03863400993124
     ],
     [
      -77.53011042994116,
      39.03863606629055
     ],
     [
      -77.53011012359204,
      39.03863812281389
     ],
     [
      -77.53010978101786,
      39.0386401795013
     ],
     [
      -77.5301094734963,
      39.038641887838594
     ],
     [
      -77.53010920102736,
      39.03864324782574
     ],
     [
      -77.53010896361107,
      39.03864425946277
     ],
     [
      -77.5301087612474,
      39.038644922749675
     ],
     [
      -77.53010850662619,
      39.03864576887201
     ],
     [
      -77.53010819974739,
      39.03864679782977
     ],
     [
      -77.530107840611,
      39.03864800962297
     ],
     [
      -77.53010742921703,
      39.03864940425159
     ],
     [
      -77.53010694031006,
      39.03865096482387
     ],
     [
      -77.5301063738901,
      39.03865269133977
     ],
     [
      -77.53010572995714,
      39.038654583799335
     ],
     [
      -77.53010500851116,
      39.03865664220253
     ],
     [
      -77.53010432419599,
      39.03865870043758
     ],
     [
      -77.53010367701162,
      39.03866075850445
     ],
     [
      -77.53010306695806,
      39.03866281640317
     ],
     [
      -77.53010249403532,
      39.03866487413373
     ],
     [
      -77.5301019103994,
      39.03866693191279
     ],
     [
      -77.53010131605026,
      39.03866898974038
     ],
     [
      -77.53010071098794,
      39.03867104761648
     ],
     [
      -77.5301000952124,
      39.0386731055411
     ],
     [
      -77.53009957026568,
      39.03867481158951
     ],
     [
      -77.53009913614777,
      39.03867616576172
     ],
     [
      -77.5300987928587,
      39.03867716805774
     ],
     [
      -77.53009854039846,
      39.038677818477545
     ],
     [
      -77.5300982115505,
      39.038678658389045
     ],
     [
      -77.53009780631477,
      39.038679687792204
     ],
     [
      -77.5300973246913,
      39.038680906687034
     ],
     [
      -77.53009676668007,
      39.03868231507351
     ],
     [
      -77.5300961736739,
      39.03868388593761
     ],
     [
      -77.53009554567274,
      39.03868561927929
     ],
     [
      -77.53009488267662,
      39.03868751509859
     ],
     [
      -77.53009418468552,
      39.03868957339548
     ],
     [
      -77.53009355211022,
      39.038691631396134
     ],
     [
      -77.53009298495071,
      39.03869368910054
     ],
     [
      -77.53009248320701,
      39.03869574650869
     ],
     [
      -77.5300920468791,
      39.038697803620586
     ],
     [
      -77.53009159059529,
      39.03869986082285
     ],
     [
      -77.53009111435556,
      39.03870191811551
     ],
     [
      -77.53009061815992,
      39.03870397549853
     ],
     [
      -77.53009010200836,
      39.038706032971895
     ],
     [
      -77.53008962450774,
      39.03870786887626
     ],
     [
      -77.53008918565806,
      39.03870948321157
     ],
     [
      -77.53008878545933,
      39.03871087597787
     ],
     [
      -77.53008842391156,
      39.03871204717515
     ],
     [
      -77.53008808185882,
      39.03871314728813
     ],
     [
      -77.53008775930113,
      39.03871417631683
     ],
     [
      -77.53008745623848,
      39.038715134261246
     ],
     [
      -77.53008717267087,
      39.03871602112136
     ],
     [
      -77.53008681010792,
      39.03871720072921
     ],
     [
      -77.5300863685496,
      39.03871867308478
     ],
     [
      -77.5300858479959,
      39.03872043818808
     ],
     [
      -77.53008524844682,
      39.0387224960391
     ],
     [
      -77.53008468211075,
      39.038724553739705
     ],
     [
      -77.53008414898768,
      39.0387266112899
     ],
     [
      -77.53008364907762,
      39.038728668689714
     ],
     [
      -77.53008318238057,
      39.03873072593908
     ],
     [
      -77.5300826744027,
      39.0387327833754
     ],
     [
      -77.53008212514403,
      39.03873484099865
     ],
     [
      -77.53008153460453,
      39.03873689880886
     ],
     [
      -77.5300809027842,
      39.03873895680599
     ],
     [
      -77.53008028093954,
      39.038740805254335
     ],
     [
      -77.53007966907056,
      39.03874244415392
     ],
     [
      -77.53007906717725,
      39.038743873504714
     ],
     [
      -77.53007847525963,
      39.038745093306716
     ],
     [
      -77.53007791830264,
      39.038746218173635
     ],
     [
      -77.5300773963063,
      39.03874724810544
     ],
     [
      -77.5300769092706,
      39.03874818310218
     ],
     [
      -77.53007645719556,
      39.0387490231638
     ],
     [
      -77.53007580842026,
      39.03875016839656
     ],
     [
      -77.53007496294468,
      39.03875161880043
     ],
     [
      -77.53007392076881,
      39.03875337437544
     ],
     [
      -77.53007268189262,
      39.03875543512156
     ],
     [
      -77.53007152495188,
      39.038757367406184
     ],
     [
      -77.53007044994659,
      39.0387591712293
     ],
     [
      -77.53006945687677,
      39.03876084659095
     ],
     [
      -77.53006854574245,
      39.038762393491076
     ],
     [
      -77.53006778273367,
      39.03876368211735
     ],
     [
      -77.53006716785043,
      39.03876471246977
     ],
     [
      -77.53006670109279,
      39.038765484548286
     ],
     [
      -77.53006638246075,
      39.03876599835293
     ],
     [
      -77.53006589418578,
      39.03876689861935
     ],
     [
      -77.53006523626794,
      39.03876818534749
     ],
     [
      -77.53006440870718,
      39.03876985853738
     ],
     [
      -77.53006341150346,
      39.038771918189006
     ],
     [
      -77.53006238756844,
      39.038773977961675
     ],
     [
      -77.5300613369021,
      39.038776037855364
     ],
     [
      -77.53006025950441,
      39.03877809787009
     ],
     [
      -77.53005915537541,
      39.03878015800587
     ],
     [
      -77.53005828263142,
      39.03878177527528
     ],
     [
      -77.53005764127242,
      39.03878294967834
     ],
     [
      -77.5300572312985,
      39.03878368121504
     ],
     [
      -77.53005705270962,
      39.038783969885365
     ],
     [
      -77.5300566827187,
      39.03878462927562
     ],
     [
      -77.5300561213257,
      39.03878565938573
     ],
     [
      -77.53005536853063,
      39.03878706021572
     ],
     [
      -77.53005442433344,
      39.038788831765594
     ],
     [
      -77.53005346650158,
      39.03879067534261
     ],
     [
      -77.53005249503504,
      39.03879259094674
     ],
     [
      -77.53005150993381,
      39.03879457857805
     ],
     [
      -77.53005051119787,
      39.03879663823649
     ],
     [
      -77.53004959973187,
      39.03879865606656
     ],
     [
      -77.53004877553579,
      39.03880063206833
     ],
     [
      -77.53004803860964,
      39.03880256624172
     ],
     [
      -77.53004738895343,
      39.03880445858682
     ],
     [
      -77.53004688839931,
      39.03880591933905
     ],
     [
      -77.5300465369473,
      39.03880694849844
     ],
     [
      -77.53004633459739,
      39.038807546064994
     ],
     [
      -77.5300462813496,
      39.038807712038725
     ],
     [
      -77.53004604391991,
      39.0388083511973
     ],
     [
      -77.53004562230835,
      39.038809463540694
     ],
     [
      -77.53004501651485,
      39.03881104906891
     ],
     [
      -77.53004422653942,
      39.03881310778196
     ],
     [
      -77.53004347029616,
      39.03881516634227
     ],
     [
      -77.5300427477851,
      39.03881722474982
     ],
     [
      -77.53004205900622,
      39.03881928300463
     ],
     [
      -77.53004140395953,
      39.03882134110668
     ],
     [
      -77.53004079263162,
      39.03882339901075
     ],
     [
      -77.53004022502252,
      39.03882545671686
     ],
     [
      -77.53003970113221,
      39.038827514225
     ],
     [
      -77.5300392209607,
      39.03882957153516
     ]
    ]
   },
   "properties": {
    "id": "ct-10",
    "kind": "Contour",
    "sourceId": "contours",
    "reliabilityLevel": 1,
    "revision": 1,
    "engineeringGeometry": {
     "crs": "EPSG:2248",
     "crsName": "NAD83 / Maryland State Plane (US survey feet)",
     "datum": "NAD83",
     "unit": "usSurveyFoot",
     "coordinates": [
      [
       1161776.8666091152,
       499935.9908915613,
       382
      ],
      [
       1161776.6928942103,
       499936.73937776894,
       382
      ],
      [
       1161776.5181356461,
       499937.4878639766,
       382
      ],
      [
       1161776.342333422,
       499938.23635018425,
       382
      ],
      [
       1161776.154979624,
       499938.9848363919,
       382
      ],
      [
       1161775.9560742523,
       499939.73332259967,
       382
      ],
      [
       1161775.7456173063,
       499940.48180880735,
       382
      ],
      [
       1161775.5236087868,
       499941.2302950149,
       382
      ],
      [
       1161775.324369106,
       499941.86062251206,
       382
      ],
      [
       1161775.1478982638,
       499942.37279129867,
       382
      ],
      [
       1161774.9941962603,
       499942.76680137473,
       382
      ],
      [
       1161774.8632630962,
       499943.04265274014,
       382
      ],
      [
       1161774.6993113942,
       499943.3676999748,
       382
      ],
      [
       1161774.502341155,
       499943.7419430786,
       382
      ],
      [
       1161774.2723523781,
       499944.1653820516,
       382
      ],
      [
       1161774.0093450637,
       499944.6380168939,
       382
      ],
      [
       1161773.6907198546,
       499945.1568196794,
       382
      ],
      [
       1161773.3164767507,
       499945.72179040837,
       382
      ],
      [
       1161772.886615752,
       499946.3329290807,
       382
      ],
      [
       1161772.4011368586,
       499946.99023569643,
       382
      ],
      [
       1161772.02303625,
       499947.50601055624,
       382
      ],
      [
       1161771.752313926,
       499947.88025366,
       382
      ],
      [
       1161771.5889698863,
       499948.11296500795,
       382
      ],
      [
       1161771.5330041316,
       499948.2041445999,
       382
      ],
      [
       1161771.4301700522,
       499948.4596508458,
       382
      ],
      [
       1161771.280467649,
       499948.8794837456,
       382
      ],
      [
       1161771.0838969212,
       499949.46364329936,
       382
      ],
      [
       1161770.8404578695,
       499950.21212950704,
       382
      ],
      [
       1161770.6139031777,
       499950.9606157147,
       382
      ],
      [
       1161770.404232846,
       499951.70910192234,
       382
      ],
      [
       1161770.2114468745,
       499952.45758813,
       382
      ],
      [
       1161770.0355452632,
       499953.2060743377,
       382
      ],
      [
       1161769.8787646298,
       499953.9545605454,
       382
      ],
      [
       1161769.7411049746,
       499954.70304675295,
       382
      ],
      [
       1161769.6225662974,
       499955.45153296064,
       382
      ],
      [
       1161769.5231485981,
       499956.2000191683,
       382
      ],
      [
       1161769.4247549074,
       499956.948505376,
       382
      ],
      [
       1161769.327385225,
       499957.6969915837,
       382
      ],
      [
       1161769.231039551,
       499958.44547779136,
       382
      ],
      [
       1161769.1357178856,
       499959.19396399905,
       382
      ],
      [
       1161769.0446165302,
       499959.8722222464,
       382
      ],
      [
       1161768.957735485,
       499960.48025253345,
       382
      ],
      [
       1161768.8750747498,
       499961.0180548602,
       382
      ],
      [
       1161768.7966343253,
       499961.48562922666,
       382
      ],
      [
       1161768.7240190122,
       499961.9065379618,
       382
      ],
      [
       1161768.6572288112,
       499962.2807810656,
       382
      ],
      [
       1161768.5962637218,
       499962.6083585381,
       382
      ],
      [
       1161768.541123744,
       499962.8892703794,
       382
      ],
      [
       1161768.4538646494,
       499963.28707581223,
       382
      ],
      [
       1161768.3344864375,
       499963.8017748366,
       382
      ],
      [
       1161768.1829891084,
       499964.4333674527,
       382
      ],
      [
       1161767.999372662,
       499965.18185366044,
       382
      ],
      [
       1161767.8154420971,
       499965.9303398681,
       382
      ],
      [
       1161767.631197414,
       499966.67882607575,
       382
      ],
      [
       1161767.446638612,
       499967.4273122834,
       382
      ],
      [
       1161767.2617656915,
       499968.17579849105,
       382
      ],
      [
       1161767.0777249688,
       499968.9242846987,
       382
      ],
      [
       1161766.8945164438,
       499969.6727709065,
       382
      ],
      [
       1161766.7121401164,
       499970.4212571141,
       382
      ],
      [
       1161766.5305959862,
       499971.1697433217,
       382
      ],
      [
       1161766.3586097055,
       499971.90895475453,
       382
      ],
      [
       1161766.1961812738,
       499972.6388914124,
       382
      ],
      [
       1161766.0433106911,
       499973.3595532955,
       382
      ],
      [
       1161765.8999979575,
       499974.07094040373,
       382
      ],
      [
       1161765.7903012405,
       499974.6137555098,
       382
      ],
      [
       1161765.7142205406,
       499974.98799861356,
       382
      ],
      [
       1161765.671755857,
       499975.1936697152,
       382
      ],
      [
       1161765.6629071904,
       499975.2307688147,
       382
      ],
      [
       1161765.60394953,
       499975.4457146912,
       382
      ],
      [
       1161765.4948828765,
       499975.83850734483,
       382
      ],
      [
       1161765.335707229,
       499976.40914677543,
       382
      ],
      [
       1161765.1264225882,
       499977.1576329832,
       382
      ],
      [
       1161764.9238974433,
       499977.90611919085,
       382
      ],
      [
       1161764.7281317944,
       499978.6546053985,
       382
      ],
      [
       1161764.5391256413,
       499979.40309160616,
       382
      ],
      [
       1161764.3568789838,
       499980.15157781384,
       382
      ],
      [
       1161764.158052993,
       499980.9000640215,
       382
      ],
      [
       1161763.9426476683,
       499981.64855022915,
       382
      ],
      [
       1161763.7106630101,
       499982.3970364368,
       382
      ],
      [
       1161763.4620990183,
       499983.1455226445,
       382
      ],
      [
       1161763.2507904614,
       499983.77373285394,
       382
      ],
      [
       1161763.07673734,
       499984.2816670652,
       382
      ],
      [
       1161762.939939654,
       499984.6693252784,
       382
      ],
      [
       1161762.840397403,
       499984.93670749327,
       382
      ],
      [
       1161762.7187736272,
       499985.2575201527,
       382
      ],
      [
       1161762.5750683262,
       499985.6317632565,
       382
      ],
      [
       1161762.4092815004,
       499986.0594368048,
       382
      ],
      [
       1161762.2214131497,
       499986.5405407975,
       382
      ],
      [
       1161762.011827696,
       499987.088490344,
       382
      ],
      [
       1161761.7805251395,
       499987.7032854442,
       382
      ],
      [
       1161761.5275054805,
       499988.3849260981,
       382
      ],
      [
       1161761.2527687189,
       499989.1334123058,
       382
      ],
      [
       1161761.0134763685,
       499989.8818985135,
       382
      ],
      [
       1161760.8096284298,
       499990.63038472115,
       382
      ],
      [
       1161760.6412249028,
       499991.37887092883,
       382
      ],
      [
       1161760.5082657873,
       499992.1273571365,
       382
      ],
      [
       1161760.375789965,
       499992.8758433442,
       382
      ],
      [
       1161760.2437974354,
       499993.6243295518,
       382
      ],
      [
       1161760.1122881994,
       499994.3728157595,
       382
      ],
      [
       1161759.9812622564,
       499995.12130196724,
       382
      ],
      [
       1161759.87751879,
       499995.72105161834,
       382
      ],
      [
       1161759.8010578004,
       499996.17206471274,
       382
      ],
      [
       1161759.7518792874,
       499996.4743412506,
       382
      ],
      [
       1161759.7299832506,
       499996.62788123195,
       382
      ],
      [
       1161759.6892683846,
       499996.8917727745,
       382
      ],
      [
       1161759.6297346884,
       499997.2660158783,
       382
      ],
      [
       1161759.5513821628,
       499997.7506105434,
       382
      ],
      [
       1161759.454210807,
       499998.34555676975,
       382
      ],
      [
       1161759.3391216663,
       499998.9788879915,
       382
      ],
      [
       1161759.2061147396,
       499999.6506042086,
       382
      ],
      [
       1161759.055190028,
       500000.3607054209,
       382
      ],
      [
       1161758.8863475306,
       500001.1091916285,
       382
      ],
      [
       1161758.699342639,
       500001.8576778362,
       382
      ],
      [
       1161758.4941753533,
       500002.6061640438,
       382
      ],
      [
       1161758.270845673,
       500003.3546502515,
       382
      ],
      [
       1161758.0293535988,
       500004.10313645925,
       382
      ],
      [
       1161757.8192297628,
       500004.85162266693,
       382
      ],
      [
       1161757.6404741649,
       500005.60010887455,
       382
      ],
      [
       1161757.4930868056,
       500006.34859508224,
       382
      ],
      [
       1161757.3770676844,
       500007.0970812899,
       382
      ],
      [
       1161757.2588130538,
       500007.7973313867,
       382
      ],
      [
       1161757.1383229136,
       500008.4493453727,
       382
      ],
      [
       1161757.0155972638,
       500009.0531232477,
       382
      ],
      [
       1161756.8906361044,
       500009.60866501194,
       382
      ],
      [
       1161756.788829183,
       500010.0735574459,
       382
      ],
      [
       1161756.7101764996,
       500010.4478005497,
       382
      ],
      [
       1161756.6546780537,
       500010.7313943234,
       382
      ],
      [
       1161756.622333846,
       500010.92433876684,
       382
      ],
      [
       1161756.5695841718,
       500011.2561686514,
       382
      ],
      [
       1161756.4964290312,
       500011.72688397695,
       382
      ],
      [
       1161756.4028684243,
       500012.33648474363,
       382
      ],
      [
       1161756.2889023512,
       500013.0849709513,
       382
      ],
      [
       1161756.1629035485,
       500013.833457159,
       382
      ],
      [
       1161756.0248720164,
       500014.58194336656,
       382
      ],
      [
       1161755.874807755,
       500015.33042957424,
       382
      ],
      [
       1161755.712710764,
       500016.0789157819,
       382
      ],
      [
       1161755.5895422015,
       500016.8274019896,
       382
      ],
      [
       1161755.5053020671,
       500017.5758881972,
       382
      ],
      [
       1161755.459990361,
       500018.3243744049,
       382
      ],
      [
       1161755.4536070828,
       500019.0728606126,
       382
      ],
      [
       1161755.4203328742,
       500019.8213468203,
       382
      ],
      [
       1161755.3601677343,
       500020.5698330279,
       382
      ],
      [
       1161755.2731116638,
       500021.3183192356,
       382
      ],
      [
       1161755.1591646625,
       500022.0668054433,
       382
      ],
      [
       1161755.0609443332,
       500022.815291651,
       382
      ],
      [
       1161754.9784506755,
       500023.5637778586,
       382
      ],
      [
       1161754.91168369,
       500024.3122640663,
       382
      ],
      [
       1161754.8606433764,
       500025.060750274,
       382
      ],
      [
       1161754.8157574073,
       500025.80923648167,
       382
      ],
      [
       1161754.7770257827,
       500026.55772268935,
       382
      ],
      [
       1161754.744448503,
       500027.30620889703,
       382
      ],
      [
       1161754.7180255677,
       500028.05469510466,
       382
      ],
      [
       1161754.6809763082,
       500028.8031813123,
       382
      ],
      [
       1161754.6333007244,
       500029.5516675201,
       382
      ],
      [
       1161754.5749988162,
       500030.3001537277,
       382
      ],
      [
       1161754.5060705838,
       500031.0486399353,
       382
      ],
      [
       1161754.4345303713,
       500031.797126143,
       382
      ],
      [
       1161754.3603781792,
       500032.54561235063,
       382
      ],
      [
       1161754.2836140068,
       500033.2940985583,
       382
      ],
      [
       1161754.2042378548,
       500034.04258476605,
       382
      ],
      [
       1161754.1485730577,
       500034.79107097373,
       382
      ],
      [
       1161754.1166196158,
       500035.53955718136,
       382
      ],
      [
       1161754.108377529,
       500036.28804338904,
       382
      ],
      [
       1161754.1238467975,
       500037.0365295967,
       382
      ],
      [
       1161754.155815666,
       500037.7850158044,
       382
      ],
      [
       1161754.2042841348,
       500038.533502012,
       382
      ],
      [
       1161754.2692522036,
       500039.2819882197,
       382
      ],
      [
       1161754.3507198726,
       500040.0304744274,
       382
      ],
      [
       1161754.4321129175,
       500040.77896063507,
       382
      ],
      [
       1161754.5134313381,
       500041.52744684264,
       382
      ],
      [
       1161754.5946751349,
       500042.2759330503,
       382
      ],
      [
       1161754.675844307,
       500043.0244192581,
       382
      ],
      [
       1161754.7814343327,
       500043.7729054658,
       382
      ],
      [
       1161754.9114452114,
       500044.52139167336,
       382
      ],
      [
       1161755.065876943,
       500045.26987788104,
       382
      ],
      [
       1161755.2447295282,
       500046.0183640887,
       382
      ],
      [
       1161755.4442535993,
       500046.7668502964,
       382
      ],
      [
       1161755.6644491563,
       500047.51533650403,
       382
      ],
      [
       1161755.9053161992,
       500048.2638227117,
       382
      ],
      [
       1161756.166854728,
       500049.0123089194,
       382
      ],
      [
       1161756.3720106152,
       500049.60532077006,
       382
      ],
      [
       1161756.52078386,
       500050.0428582638,
       382
      ],
      [
       1161756.6131744632,
       500050.3249214005,
       382
      ],
      [
       1161756.649182424,
       500050.45151018025,
       382
      ],
      [
       1161756.7237729304,
       500050.70192612207,
       382
      ],
      [
       1161756.8369459822,
       500051.07616922585,
       382
      ],
      [
       1161756.9887015794,
       500051.5742394917,
       382
      ],
      [
       1161757.179039722,
       500052.1961369197,
       382
      ],
      [
       1161757.3424213515,
       500052.8496815426,
       382
      ],
      [
       1161757.478846468,
       500053.53487336036,
       382
      ],
      [
       1161757.588315071,
       500054.2517123731,
       382
      ],
      [
       1161757.6708271606,
       500055.00019858073,
       382
      ],
      [
       1161757.7505311042,
       500055.74868478836,
       382
      ],
      [
       1161757.8274269013,
       500056.49717099615,
       382
      ],
      [
       1161757.901514552,
       500057.24565720384,
       382
      ],
      [
       1161757.972794056,
       500057.9941434114,
       382
      ],
      [
       1161758.0631407918,
       500058.7426296191,
       382
      ],
      [
       1161758.1725547593,
       500059.4911158269,
       382
      ],
      [
       1161758.3010359586,
       500060.2396020345,
       382
      ],
      [
       1161758.4485843894,
       500060.9880882421,
       382
      ],
      [
       1161758.594871129,
       500061.7365744498,
       382
      ],
      [
       1161758.7398961768,
       500062.48506065743,
       382
      ],
      [
       1161758.883659534,
       500063.2335468651,
       382
      ],
      [
       1161759.0261611994,
       500063.98203307285,
       382
      ],
      [
       1161759.1512478723,
       500064.73051928054,
       382
      ],
      [
       1161759.258919552,
       500065.47900548816,
       382
      ],
      [
       1161759.349176239,
       500066.22749169584,
       382
      ],
      [
       1161759.422017933,
       500066.9759779035,
       382
      ],
      [
       1161759.4870153738,
       500067.65871819406,
       382
      ],
      [
       1161759.544168561,
       500068.27571256744,
       382
      ],
      [
       1161759.593477495,
       500068.82696102373,
       382
      ],
      [
       1161759.6349421754,
       500069.3124635628,
       382
      ],
      [
       1161759.6718683825,
       500069.7423363843,
       382
      ],
      [
       1161759.704256116,
       500070.11657948815,
       382
      ],
      [
       1161759.7321053757,
       500070.43519287434,
       382
      ],
      [
       1161759.7554161618,
       500070.6981765429,
       382
      ],
      [
       1161759.7928089548,
       500071.08253584616,
       382
      ],
      [
       1161759.844283755,
       500071.58827078424,
       382
      ],
      [
       1161759.9098405617,
       500072.2153813571,
       382
      ],
      [
       1161759.9894793753,
       500072.9638675648,
       382
      ],
      [
       1161760.0551027206,
       500073.7123537725,
       382
      ],
      [
       1161760.1067105979,
       500074.46083998017,
       382
      ],
      [
       1161760.1443030066,
       500075.20932618785,
       382
      ],
      [
       1161760.1678799475,
       500075.9578123955,
       382
      ],
      [
       1161760.214054764,
       500076.7062986032,
       382
      ],
      [
       1161760.2828274567,
       500077.45478481083,
       382
      ],
      [
       1161760.3741980256,
       500078.2032710185,
       382
      ],
      [
       1161760.4881664705,
       500078.9517572262,
       382
      ],
      [
       1161760.6016317233,
       500079.7002434339,
       382
      ],
      [
       1161760.714593784,
       500080.4487296415,
       382
      ],
      [
       1161760.8270526524,
       500081.1972158492,
       382
      ],
      [
       1161760.9390083286,
       500081.9457020569,
       382
      ],
      [
       1161761.0500584901,
       500082.6941882646,
       382
      ],
      [
       1161761.1602031374,
       500083.44267447223,
       382
      ],
      [
       1161761.2694422698,
       500084.1911606799,
       382
      ],
      [
       1161761.377775888,
       500084.93964688753,
       382
      ],
      [
       1161761.4756945453,
       500085.68813309516,
       382
      ],
      [
       1161761.563198242,
       500086.43661930296,
       382
      ],
      [
       1161761.6402869783,
       500087.1851055106,
       382
      ],
      [
       1161761.7069607535,
       500087.9335917182,
       382
      ],
      [
       1161761.7720897256,
       500088.6820779259,
       382
      ],
      [
       1161761.835673894,
       500089.43056413357,
       382
      ],
      [
       1161761.8977132589,
       500090.17905034125,
       382
      ],
      [
       1161761.9582078205,
       500090.92753654893,
       382
      ],
      [
       1161762.0289918855,
       500091.6760227566,
       382
      ],
      [
       1161762.1100654537,
       500092.42450896424,
       382
      ],
      [
       1161762.2014285251,
       500093.1729951719,
       382
      ],
      [
       1161762.3030811003,
       500093.92148137966,
       382
      ],
      [
       1161762.3940407855,
       500094.5431553228,
       382
      ],
      [
       1161762.474307581,
       500095.03801700124,
       382
      ],
      [
       1161762.5438814869,
       500095.4060664152,
       382
      ],
      [
       1161762.6027625029,
       500095.6473035646,
       382
      ],
      [
       1161762.6768731421,
       500095.95504369115,
       382
      ],
      [
       1161762.766213405,
       500096.329286795,
       382
      ],
      [
       1161762.870783291,
       500096.77003287605,
       382
      ],
      [
       1161762.9905828002,
       500097.27728193434,
       382
      ],
      [
       1161763.132749605,
       500097.84484028,
       382
      ],
      [
       1161763.2972837046,
       500098.47270791297,
       382
      ],
      [
       1161763.4841850996,
       500099.1608848333,
       382
      ],
      [
       1161763.6934537897,
       500099.909371041,
       382
      ],
      [
       1161763.892175694,
       500100.6578572487,
       382
      ],
      [
       1161764.0803508125,
       500101.40634345624,
       382
      ],
      [
       1161764.257979145,
       500102.1548296639,
       382
      ],
      [
       1161764.4250606918,
       500102.9033158716,
       382
      ],
      [
       1161764.5951852454,
       500103.6518020793,
       382
      ],
      [
       1161764.7683528063,
       500104.4002882869,
       382
      ],
      [
       1161764.9445633744,
       500105.1487744946,
       382
      ],
      [
       1161765.1238169493,
       500105.8972607023,
       382
      ],
      [
       1161765.2765278523,
       500106.51774243393,
       382
      ],
      [
       1161765.4026960828,
       500107.01021968946,
       382
      ],
      [
       1161765.5023216414,
       500107.374692469,
       382
      ],
      [
       1161765.5754045278,
       500107.6111607725,
       382
      ],
      [
       1161765.6705848905,
       500107.91651647614,
       382
      ],
      [
       1161765.7878627302,
       500108.29075958,
       382
      ],
      [
       1161765.9272380462,
       500108.733890084,
       382
      ],
      [
       1161766.088710839,
       500109.2459079882,
       382
      ],
      [
       1161766.260467007,
       500109.8170429683,
       382
      ],
      [
       1161766.4425065508,
       500110.4472950242,
       382
      ],
      [
       1161766.6348294697,
       500111.136664156,
       382
      ],
      [
       1161766.8374357643,
       500111.8851503637,
       382
      ],
      [
       1161767.021461109,
       500112.6336365714,
       382
      ],
      [
       1161767.1869055037,
       500113.38212277903,
       382
      ],
      [
       1161767.333768949,
       500114.1306089867,
       382
      ],
      [
       1161767.462051444,
       500114.87909519434,
       382
      ],
      [
       1161767.5960022812,
       500115.62758140196,
       382
      ],
      [
       1161767.7356214598,
       500116.37606760976,
       382
      ],
      [
       1161767.8809089805,
       500117.1245538174,
       382
      ],
      [
       1161768.0318648433,
       500117.873040025,
       382
      ],
      [
       1161768.1713739308,
       500118.5408939273,
       382
      ],
      [
       1161768.2994362433,
       500119.1281155241,
       382
      ],
      [
       1161768.416051781,
       500119.63470481546,
       382
      ],
      [
       1161768.521220544,
       500120.0606618014,
       382
      ],
      [
       1161768.6207017167,
       500120.4607618463,
       382
      ],
      [
       1161768.7144952996,
       500120.8350049501,
       382
      ],
      [
       1161768.8026012927,
       500121.18339111295,
       382
      ],
      [
       1161768.8850196959,
       500121.5059203346,
       382
      ],
      [
       1161768.9904945767,
       500121.93493880285,
       382
      ],
      [
       1161769.1190259352,
       500122.4704465176,
       382
      ],
      [
       1161769.2706137716,
       500123.1124434787,
       382
      ],
      [
       1161769.4452580856,
       500123.8609296864,
       382
      ],
      [
       1161769.6104684519,
       500124.6094158941,
       382
      ],
      [
       1161769.7662448704,
       500125.35790210176,
       382
      ],
      [
       1161769.912587341,
       500126.10638830945,
       382
      ],
      [
       1161770.0494958642,
       500126.8548745171,
       382
      ],
      [
       1161770.1981299247,
       500127.6033607248,
       382
      ],
      [
       1161770.358489523,
       500128.35184693243,
       382
      ],
      [
       1161770.530574659,
       500129.1003331401,
       382
      ],
      [
       1161770.7143853328,
       500129.8488193478,
       382
      ],
      [
       1161770.8949194115,
       500130.52100376145,
       382
      ],
      [
       1161771.0721768953,
       500131.11688638106,
       382
      ],
      [
       1161771.2461577842,
       500131.63646720676,
       382
      ],
      [
       1161771.4168620778,
       500132.0797462383,
       382
      ],
      [
       1161771.577435591,
       500132.488507306,
       382
      ],
      [
       1161771.7278783235,
       500132.86275040987,
       382
      ],
      [
       1161771.8681902753,
       500133.2024755498,
       382
      ],
      [
       1161771.9983714465,
       500133.50768272585,
       382
      ],
      [
       1161772.1850675168,
       500133.9237096598,
       382
      ],
      [
       1161772.428278486,
       500134.4505563516,
       382
      ],
      [
       1161772.7280043545,
       500135.0882228014,
       382
      ],
      [
       1161773.0842451223,
       500135.8367090091,
       382
      ],
      [
       1161773.4169417652,
       500136.53854432213,
       382
      ],
      [
       1161773.7260942834,
       500137.1937287407,
       382
      ],
      [
       1161774.011702677,
       500137.80226226454,
       382
      ],
      [
       1161774.2737669463,
       500138.3641448938,
       382
      ],
      [
       1161774.4932123576,
       500138.8322077604,
       382
      ],
      [
       1161774.6700389113,
       500139.2064508642,
       382
      ],
      [
       1161774.8042466075,
       500139.48687420535,
       382
      ],
      [
       1161774.895835446,
       500139.67347778374,
       382
      ],
      [
       1161775.0364258639,
       500140.00055201945,
       382
      ],
      [
       1161775.2260178607,
       500140.46809691243,
       382
      ],
      [
       1161775.464611437,
       500141.0761124628,
       382
      ],
      [
       1161775.7522065924,
       500141.8245986705,
       382
      ],
      [
       1161776.0473945835,
       500142.57308487815,
       382
      ],
      [
       1161776.3501754105,
       500143.32157108583,
       382
      ],
      [
       1161776.6605490735,
       500144.0700572935,
       382
      ],
      [
       1161776.9785155721,
       500144.81854350114,
       382
      ],
      [
       1161777.229824375,
       500145.40611815883,
       382
      ],
      [
       1161777.414475482,
       500145.83278126654,
       382
      ],
      [
       1161777.5324688926,
       500146.0985328242,
       382
      ],
      [
       1161777.5838046079,
       500146.20337283204,
       382
      ],
      [
       1161777.6902889241,
       500146.4429143878,
       382
      ],
      [
       1161777.8519218415,
       500146.8171574916,
       382
      ],
      [
       1161778.0687033606,
       500147.3261021435,
       382
      ],
      [
       1161778.340633481,
       500147.9697483434,
       382
      ],
      [
       1161778.6165886133,
       500148.63960454526,
       382
      ],
      [
       1161778.896568757,
       500149.3356707491,
       382
      ],
      [
       1161779.1805739128,
       500150.0579469548,
       382
      ],
      [
       1161779.4686040801,
       500150.80643316254,
       382
      ],
      [
       1161779.7317581857,
       500151.53982930107,
       382
      ],
      [
       1161779.9700362291,
       500152.2581353705,
       382
      ],
      [
       1161780.183438211,
       500152.9613513708,
       382
      ],
      [
       1161780.371964131,
       500153.649477302,
       382
      ],
      [
       1161780.5172273568,
       500154.1806618195,
       382
      ],
      [
       1161780.619227888,
       500154.5549049233,
       382
      ],
      [
       1161780.6779657255,
       500154.77220661344,
       382
      ],
      [
       1161780.693440869,
       500154.83256688993,
       382
      ],
      [
       1161780.7622304915,
       500155.0649586492,
       382
      ],
      [
       1161780.8843345935,
       500155.4693818913,
       382
      ],
      [
       1161781.059753175,
       500156.0458366162,
       382
      ],
      [
       1161781.2884862355,
       500156.7943228239,
       382
      ],
      [
       1161781.5076378891,
       500157.54280903155,
       382
      ],
      [
       1161781.7172081359,
       500158.29129523924,
       382
      ],
      [
       1161781.9171969753,
       500159.0397814469,
       382
      ],
      [
       1161782.1076044075,
       500159.7882676546,
       382
      ],
      [
       1161782.2855938082,
       500160.5367538623,
       382
      ],
      [
       1161782.4511651774,
       500161.28524006985,
       382
      ],
      [
       1161782.604318515,
       500162.0337262775,
       382
      ],
      [
       1161782.7450538203,
       500162.7822124852,
       382
      ]
     ]
    },
    "elevationFt": 382,
    "weight": "intermediate",
    "hidden": false
   }
  },
  {
   "type": "Feature",
   "geometry": {
    "type": "LineString",
    "coordinates": [
     [
      -77.5300022830325,
      39.0382076288643
     ],
     [
      -77.53000318182296,
      39.038209282409476
     ],
     [
      -77.53000418319182,
      39.03821113425083
     ],
     [
      -77.53000528713912,
      39.0382131843884
     ],
     [
      -77.5300063334675,
      39.038215099838204
     ],
     [
      -77.53000732217693,
      39.038216880600245
     ],
     [
      -77.53000825326743,
      39.03821852667457
     ],
     [
      -77.53000912673897,
      39.03822003806113
     ],
     [
      -77.53000984930473,
      39.0382213062442
     ],
     [
      -77.5300104209647,
      39.038222331223814
     ],
     [
      -77.53001084171883,
      39.03822311299996
     ],
     [
      -77.53001111156716,
      39.03822365157264
     ],
     [
      -77.5300115737086,
      39.03822456811
     ],
     [
      -77.53001222814324,
      39.03822586261208
     ],
     [
      -77.53001307487105,
      39.038227535078846
     ],
     [
      -77.53001411389205,
      39.0382295855103
     ],
     [
      -77.53001515039733,
      39.03823163595314
     ],
     [
      -77.53001618438685,
      39.038233686407345
     ],
     [
      -77.53001721586065,
      39.03823573687294
     ],
     [
      -77.5300182448187,
      39.03823778734993
     ],
     [
      -77.53001910076583,
      39.03823949378998
     ],
     [
      -77.53001978370202,
      39.03824085619311
     ],
     [
      -77.53002029362725,
      39.038241874559326
     ],
     [
      -77.5300206305415,
      39.038242548888626
     ],
     [
      -77.5300210720173,
      39.038243398601054
     ],
     [
      -77.53002161805469,
      39.038244423696625
     ],
     [
      -77.53002226865364,
      39.038245624175346
     ],
     [
      -77.5300230238142,
      39.03824700003718
     ],
     [
      -77.53002371390986,
      39.03824854515738
     ],
     [
      -77.53002433894066,
      39.038250259535864
     ],
     [
      -77.5300248989066,
      39.03825214317271
     ],
     [
      -77.53002539380766,
      39.038254196067875
     ],
     [
      -77.53002580700893,
      39.03825624933298
     ],
     [
      -77.5300261385104,
      39.03825830296803
     ],
     [
      -77.53002638831207,
      39.03826035697304
     ],
     [
      -77.5300265564139,
      39.03826241134797
     ],
     [
      -77.53002673826172,
      39.03826446566067
     ],
     [
      -77.53002693385554,
      39.03826651991111
     ],
     [
      -77.53002714319533,
      39.03826857409933
     ],
     [
      -77.53002736628112,
      39.038270628225284
     ],
     [
      -77.53002769578718,
      39.038272681869365
     ],
     [
      -77.53002813171354,
      39.03827473503154
     ],
     [
      -77.53002867406019,
      39.03827678771187
     ],
     [
      -77.53002932282715,
      39.03827883991027
     ],
     [
      -77.53002991546725,
      39.03828063764129
     ],
     [
      -77.5300304519805,
      39.03828218090492
     ],
     [
      -77.53003093236684,
      39.03828346970113
     ],
     [
      -77.53003135662631,
      39.03828450402993
     ],
     [
      -77.53003177499924,
      39.03828553404448
     ],
     [
      -77.53003218748565,
      39.03828655974475
     ],
     [
      -77.53003259408554,
      39.03828758113072
     ],
     [
      -77.53003299479889,
      39.0382885982024
     ],
     [
      -77.53003350241669,
      39.03828987385249
     ],
     [
      -77.53003411693888,
      39.03829140808099
     ],
     [
      -77.53003483836552,
      39.03829320088788
     ],
     [
      -77.53003566669662,
      39.03829525227316
     ],
     [
      -77.53003646222332,
      39.03829730380698
     ],
     [
      -77.53003722494562,
      39.038299355489336
     ],
     [
      -77.53003795486352,
      39.03830140732022
     ],
     [
      -77.53003865197701,
      39.03830345929966
     ],
     [
      -77.53003926435197,
      39.03830551166279
     ],
     [
      -77.5300397919884,
      39.038307564409656
     ],
     [
      -77.5300402348863,
      39.03830961754023
     ],
     [
      -77.53004059304564,
      39.038311671054494
     ],
     [
      -77.53004085331493,
      39.038313725012046
     ],
     [
      -77.53004101569414,
      39.038315779412855
     ],
     [
      -77.53004108018327,
      39.03831783425693
     ],
     [
      -77.53004104678229,
      39.038319889544276
     ],
     [
      -77.53004095278366,
      39.03832194510602
     ],
     [
      -77.5300407981874,
      39.03832400094216
     ],
     [
      -77.53004058299348,
      39.03832605705271
     ],
     [
      -77.53004030720189,
      39.03832811343764
     ],
     [
      -77.53004010851949,
      39.038330169473404
     ],
     [
      -77.5300399869463,
      39.03833222516001
     ],
     [
      -77.53003994248236,
      39.03833428049744
     ],
     [
      -77.53003997512764,
      39.03833633548571
     ],
     [
      -77.5300400558616,
      39.03833839025621
     ],
     [
      -77.53004018468425,
      39.03834044480896
     ],
     [
      -77.53004036159561,
      39.038342499143965
     ],
     [
      -77.53004058659567,
      39.03834455326119
     ],
     [
      -77.53004087883873,
      39.03834660707393
     ],
     [
      -77.53004123832483,
      39.03834866058219
     ],
     [
      -77.53004166505391,
      39.03835071378597
     ],
     [
      -77.53004215902604,
      39.038352766685215
     ],
     [
      -77.53004253942213,
      39.03835435091895
     ],
     [
      -77.53004280624216,
      39.03835546648717
     ],
     [
      -77.53004295948612,
      39.03835611338985
     ],
     [
      -77.53004299915403,
      39.03835629162704
     ],
     [
      -77.53004314747349,
      39.03835689394783
     ],
     [
      -77.53004340444456,
      39.03835792035224
     ],
     [
      -77.53004377006721,
      39.038359370840276
     ],
     [
      -77.53004424434148,
      39.03836124541191
     ],
     [
      -77.53004466050164,
      39.03836316485092
     ],
     [
      -77.53004501854775,
      39.03836512915728
     ],
     [
      -77.53004531847974,
      39.038367138330976
     ],
     [
      -77.53004556029764,
      39.038369192372045
     ],
     [
      -77.53004581078679,
      39.03837124637384
     ],
     [
      -77.53004606994718,
      39.038373300336374
     ],
     [
      -77.53004633777884,
      39.03837535425964
     ],
     [
      -77.53004661428174,
      39.03837740814362
     ],
     [
      -77.53004690495071,
      39.03837946196347
     ],
     [
      -77.5300472097857,
      39.03838151571918
     ],
     [
      -77.53004752878675,
      39.03838356941072
     ],
     [
      -77.53004786195383,
      39.0383856230381
     ],
     [
      -77.53004822040157,
      39.03838767655103
     ],
     [
      -77.53004860412995,
      39.038389729949465
     ],
     [
      -77.53004901313898,
      39.038391783233415
     ],
     [
      -77.53004944742867,
      39.03839383640288
     ],
     [
      -77.53004994262277,
      39.03839588929657
     ],
     [
      -77.53005049872128,
      39.03839794191446
     ],
     [
      -77.53005111572423,
      39.038399994256544
     ],
     [
      -77.53005179363161,
      39.03840204632283
     ],
     [
      -77.53005225939137,
      39.03840409934979
     ],
     [
      -77.53005251300347,
      39.03840615333741
     ],
     [
      -77.5300525544679,
      39.03840820828571
     ],
     [
      -77.53005238378466,
      39.03841026419468
     ],
     [
      -77.53005229231864,
      39.0384123197449
     ],
     [
      -77.53005228006985,
      39.03841437493643
     ],
     [
      -77.53005234703829,
      39.03841642976924
     ],
     [
      -77.53005249322399,
      39.038418484243316
     ],
     [
      -77.53005269112103,
      39.038420371220894
     ],
     [
      -77.53005294072942,
      39.03842209070195
     ],
     [
      -77.53005324204915,
      39.03842364268651
     ],
     [
      -77.53005359508022,
      39.03842502717455
     ],
     [
      -77.53005390574255,
      39.038426232595135
     ],
     [
      -77.53005417403614,
      39.03842725894823
     ],
     [
      -77.53005439996097,
      39.038428106233866
     ],
     [
      -77.53005458351706,
      39.03842877445203
     ],
     [
      -77.53005475643089,
      39.038429789240055
     ],
     [
      -77.53005491870245,
      39.038431150597944
     ],
     [
      -77.53005507033177,
      39.03843285852569
     ],
     [
      -77.53005521131884,
      39.03843491302331
     ],
     [
      -77.53005529828047,
      39.038436967765556
     ],
     [
      -77.53005533121667,
      39.038439022752456
     ],
     [
      -77.53005531012742,
      39.03844107798399
     ],
     [
      -77.53005523501275,
      39.038443133460184
     ],
     [
      -77.53005514278655,
      39.03844518901385
     ],
     [
      -77.53005503344883,
      39.03844724464501
     ],
     [
      -77.5300549069996,
      39.03844930035366
     ],
     [
      -77.53005476343883,
      39.038451356139795
     ],
     [
      -77.53005468736019,
      39.038453411620345
     ],
     [
      -77.53005467876366,
      39.038455466795305
     ],
     [
      -77.53005473764927,
      39.038457521664675
     ],
     [
      -77.53005486401699,
      39.03845957622849
     ],
     [
      -77.53005500515636,
      39.0384616307254
     ],
     [
      -77.53005516106735,
      39.038463685155406
     ],
     [
      -77.53005533174999,
      39.03846573951853
     ],
     [
      -77.53005551720427,
      39.03846779381476
     ],
     [
      -77.53005571551374,
      39.0384698480528
     ],
     [
      -77.53005592667841,
      39.0384719022326
     ],
     [
      -77.53005615069829,
      39.038473956354174
     ],
     [
      -77.53005638757335,
      39.03847601041756
     ],
     [
      -77.53005665732871,
      39.03847806433203
     ],
     [
      -77.53005695996436,
      39.03848011809763
     ],
     [
      -77.53005729548029,
      39.03848217171431
     ],
     [
      -77.53005766387652,
      39.03848422518211
     ],
     [
      -77.53005796325984,
      39.03848627896241
     ],
     [
      -77.53005819363024,
      39.038488333055255
     ],
     [
      -77.53005835498772,
      39.03849038746059
     ],
     [
      -77.53005844733224,
      39.03849244217844
     ],
     [
      -77.53005849376794,
      39.038494497104175
     ],
     [
      -77.53005849429478,
      39.03849655223781
     ],
     [
      -77.53005844891275,
      39.03849860757935
     ],
     [
      -77.53005835762185,
      39.03850066312875
     ],
     [
      -77.5300581777731,
      39.038502719079176
     ],
     [
      -77.53005790936646,
      39.038504775430646
     ],
     [
      -77.53005755240196,
      39.038506832183124
     ],
     [
      -77.53005710687954,
      39.03850888933661
     ],
     [
      -77.53005679046433,
      39.03851094590547
     ],
     [
      -77.53005660315631,
      39.03851300188966
     ],
     [
      -77.53005654495551,
      39.03851505728923
     ],
     [
      -77.53005661586194,
      39.038517112104145
     ],
     [
      -77.53005667244159,
      39.03851916698395
     ],
     [
      -77.53005671469445,
      39.03852122192862
     ],
     [
      -77.53005674262057,
      39.038523276938164
     ],
     [
      -77.53005675621989,
      39.0385253320126
     ],
     [
      -77.53005672502283,
      39.038527387289875
     ],
     [
      -77.53005664902938,
      39.03852944276999
     ],
     [
      -77.5300565282395,
      39.03853149845299
     ],
     [
      -77.53005636265324,
      39.0385335543388
     ],
     [
      -77.53005616818642,
      39.03853551346199
     ],
     [
      -77.530055944839,
      39.038537375822514
     ],
     [
      -77.53005569261104,
      39.038539141420394
     ],
     [
      -77.5300554115025,
      39.03854081025562
     ],
     [
      -77.53005518268651,
      39.038542158856906
     ],
     [
      -77.53005500616305,
      39.03854318722426
     ],
     [
      -77.53005488193214,
      39.03854389535768
     ],
     [
      -77.53005480999379,
      39.03854428325717
     ],
     [
      -77.53005458594512,
      39.03854508873603
     ],
     [
      -77.53005420978613,
      39.03854631179428
     ],
     [
      -77.5300536815168,
      39.03854795243186
     ],
     [
      -77.53005300113712,
      39.03855001064882
     ],
     [
      -77.53005233508672,
      39.03855206880091
     ],
     [
      -77.53005168336561,
      39.038554126888094
     ],
     [
      -77.5300510459738,
      39.03855618491038
     ],
     [
      -77.53005042291129,
      39.03855824286777
     ],
     [
      -77.53004982879936,
      39.03856030069407
     ],
     [
      -77.53004926363805,
      39.03856235838927
     ],
     [
      -77.53004872742734,
      39.038564415953374
     ],
     [
      -77.53004822016725,
      39.03856647338635
     ],
     [
      -77.53004771979771,
      39.03856853078814
     ],
     [
      -77.53004722631873,
      39.038570588158755
     ],
     [
      -77.5300467397303,
      39.03857264549812
     ],
     [
      -77.53004626003244,
      39.038574702806294
     ],
     [
      -77.53004584961651,
      39.03857645117368
     ],
     [
      -77.53004550848259,
      39.0385778906003
     ],
     [
      -77.53004523663063,
      39.03857902108614
     ],
     [
      -77.53004503406066,
      39.03857984263121
     ],
     [
      -77.53004480444349,
      39.038580767768856
     ],
     [
      -77.53004454777914,
      39.038581796499074
     ],
     [
      -77.53004426406758,
      39.03858292882188
     ],
     [
      -77.53004395330883,
      39.03858416473727
     ],
     [
      -77.53004359445303,
      39.03858560602739
     ],
     [
      -77.5300431875002,
      39.03858725269227
     ],
     [
      -77.53004273245031,
      39.03858910473186
     ],
     [
      -77.53004222930336,
      39.0385911621462
     ],
     [
      -77.53004172605362,
      39.03859321956098
     ],
     [
      -77.53004122270107,
      39.03859527697625
     ],
     [
      -77.53004071924575,
      39.03859733439196
     ],
     [
      -77.53004021568763,
      39.03859939180815
     ],
     [
      -77.53003972006442,
      39.03860144918839
     ],
     [
      -77.53003923237615,
      39.0386035065327
     ],
     [
      -77.53003875262281,
      39.03860556384109
     ],
     [
      -77.53003828080442,
      39.038607621113535
     ],
     [
      -77.53003786171814,
      39.0386096781472
     ],
     [
      -77.53003749536403,
      39.038611734942066
     ],
     [
      -77.53003718174206,
      39.03861379149817
     ],
     [
      -77.53003692085227,
      39.03861584781548
     ],
     [
      -77.53003660032354,
      39.03861789761323
     ],
     [
      -77.53003622015588,
      39.038619940891344
     ],
     [
      -77.53003578034931,
      39.03862197764989
     ],
     [
      -77.53003528090377,
      39.03862400788885
     ],
     [
      -77.53003490478605,
      39.038625537364645
     ],
     [
      -77.53003465199613,
      39.03862656607729
     ],
     [
      -77.53003452253404,
      39.03862709402679
     ],
     [
      -77.53003451639977,
      39.03862712121314
     ],
     [
      -77.53003438542234,
      39.03862765595914
     ],
     [
      -77.53003412960175,
      39.038628698264795
     ],
     [
      -77.53003374893798,
      39.03863024813012
     ],
     [
      -77.53003324343102,
      39.03863230555507
     ],
     [
      -77.5300327502376,
      39.03863436292426
     ],
     [
      -77.53003226935772,
      39.03863642023771
     ],
     [
      -77.53003180079138,
      39.03863847749539
     ],
     [
      -77.53003134453859,
      39.038640534697294
     ],
     [
      -77.53003083200566,
      39.03864259215405
     ],
     [
      -77.53003026319261,
      39.03864464986566
     ],
     [
      -77.53002963809946,
      39.03864670783209
     ],
     [
      -77.53002895672617,
      39.03864876605336
     ],
     [
      -77.53002821384112,
      39.0386507244455
     ],
     [
      -77.5300274094443,
      39.03865258300849
     ],
     [
      -77.53002654353568,
      39.03865434174234
     ],
     [
      -77.53002561611531,
      39.038656000647045
     ],
     [
      -77.53002486946085,
      39.038657345164566
     ],
     [
      -77.53002430357235,
      39.038658375294915
     ],
     [
      -77.53002391844981,
      39.03865909103809
     ],
     [
      -77.53002371409325,
      39.03865949239409
     ],
     [
      -77.53002329952898,
      39.03866030837824
     ],
     [
      -77.53002267475698,
      39.03866153899055
     ],
     [
      -77.53002183977722,
      39.03866318423099
     ],
     [
      -77.5300207945897,
      39.03866524409957
     ],
     [
      -77.53001980208805,
      39.03866730372957
     ],
     [
      -77.53001886227233,
      39.038669363120995
     ],
     [
      -77.53001797514248,
      39.03867142227386
     ],
     [
      -77.53001714069858,
      39.03867348118816
     ],
     [
      -77.5300163885817,
      39.03867544254007
     ],
     [
      -77.53001571879189,
      39.03867730632958
     ],
     [
      -77.53001513132914,
      39.03867907255671
     ],
     [
      -77.53001462619349,
      39.03868074122145
     ],
     [
      -77.53001422057204,
      39.038682090030825
     ],
     [
      -77.53001391446483,
      39.038683118984835
     ],
     [
      -77.53001370787183,
      39.038683828083464
     ],
     [
      -77.53001360079308,
      39.03868421732675
     ],
     [
      -77.53001341116904,
      39.03868502353817
     ],
     [
      -77.53001313899968,
      39.038686246717724
     ],
     [
      -77.53001278428499,
      39.0386878868654
     ],
     [
      -77.53001234702498,
      39.03868994398121
     ],
     [
      -77.53001184936792,
      39.03869200137052
     ],
     [
      -77.53001129131383,
      39.03869405903327
     ],
     [
      -77.53001067286267,
      39.038696116969504
     ],
     [
      -77.53000999401449,
      39.0386981751792
     ],
     [
      -77.53000922939052,
      39.0387002337773
     ],
     [
      -77.53000837899079,
      39.03870229276375
     ],
     [
      -77.53000744281526,
      39.03870435213859
     ],
     [
      -77.53000642086393,
      39.03870641190181
     ],
     [
      -77.53000557074627,
      39.03870817752135
     ],
     [
      -77.53000489246229,
      39.03870964899724
     ],
     [
      -77.53000438601201,
      39.03871082632945
     ],
     [
      -77.53000405139542,
      39.03871170951801
     ],
     [
      -77.53000370393116,
      39.03871266571199
     ],
     [
      -77.53000334361919,
      39.038713694911394
     ],
     [
      -77.53000297045953,
      39.03871479711622
     ],
     [
      -77.53000258445216,
      39.03871597232648
     ],
     [
      -77.53000199823322,
      39.03871736886162
     ],
     [
      -77.53000121180268,
      39.03871898672166
     ],
     [
      -77.53000022516055,
      39.03872082590657
     ],
     [
      -77.52999903830677,
      39.038722886416366
     ],
     [
      -77.52999789097126,
      39.03872474981224
     ],
     [
      -77.52999678315403,
      39.03872641609416
     ],
     [
      -77.52999571485509,
      39.038727885262155
     ],
     [
      -77.52999468607445,
      39.03872915731622
     ],
     [
      -77.52999369243001,
      39.03873030929721
     ],
     [
      -77.52999273392174,
      39.03873134120507
     ],
     [
      -77.52999181054969,
      39.03873225303985
     ],
     [
      -77.52999092231384,
      39.03873304480153
     ],
     [
      -77.52998982457923,
      39.038734136964955
     ],
     [
      -77.5299885173458,
      39.038735529530136
     ],
     [
      -77.52998700061354,
      39.03873722249705
     ],
     [
      -77.52998527438243,
      39.03873921586569
     ],
     [
      -77.52998396543389,
      39.03874072835258
     ],
     [
      -77.52998307376797,
      39.03874175995773
     ],
     [
      -77.52998259938471,
      39.038742310681144
     ],
     [
      -77.52998254228415,
      39.03874238052284
     ],
     [
      -77.52998211461957,
      39.038742948430524
     ],
     [
      -77.52998131639099,
      39.038744014404166
     ],
     [
      -77.52998014759835,
      39.038745578443795
     ],
     [
      -77.52997860824162,
      39.0387476405494
     ],
     [
      -77.52997720083285,
      39.03874956689408
     ],
     [
      -77.52997592537209,
      39.038751357477835
     ],
     [
      -77.52997478185931,
      39.038753012300695
     ],
     [
      -77.52997377029456,
      39.03875453136265
     ],
     [
      -77.52997293530368,
      39.03875580616812
     ],
     [
      -77.52997227688667,
      39.038756836717106
     ],
     [
      -77.52997179504356,
      39.038757623009644
     ],
     [
      -77.52997148977435,
      39.03875816504569
     ],
     [
      -77.52997101894104,
      39.03875908645187
     ],
     [
      -77.52997038254362,
      39.03876038722812
     ],
     [
      -77.52996958058208,
      39.038762067374456
     ],
     [
      -77.52996861305638,
      39.038764126890904
     ],
     [
      -77.52996762206755,
      39.03876618651355
     ],
     [
      -77.52996660761558,
      39.038768246242434
     ],
     [
      -77.52996556970047,
      39.03877030607753
     ],
     [
      -77.52996450832221,
      39.03877236601885
     ],
     [
      -77.52996364635436,
      39.038773998005276
     ],
     [
      -77.52996298379695,
      39.03877520203683
     ],
     [
      -77.52996252065,
      39.038775978113485
     ],
     [
      -77.5299622569135,
      39.0387763262353
     ],
     [
      -77.5299616929531,
      39.038777016036455
     ],
     [
      -77.52996082876874,
      39.03877804751699
     ],
     [
      -77.52995966436039,
      39.0387794206769
     ],
     [
      -77.52995819972803,
      39.03878113551618
     ],
     [
      -77.52995681396176,
      39.03878271170513
     ],
     [
      -77.52995550706159,
      39.03878414924379
     ],
     [
      -77.5299542790275,
      39.03878544813215
     ],
     [
      -77.52995312985954,
      39.03878660837021
     ],
     [
      -77.52995211652686,
      39.038787704259605
     ],
     [
      -77.52995123902947,
      39.03878873580035
     ],
     [
      -77.5299504973674,
      39.03878970299244
     ],
     [
      -77.52994989154062,
      39.038790605835885
     ],
     [
      -77.52994926796788,
      39.03879179751848
     ],
     [
      -77.52994862664917,
      39.03879327804024
     ],
     [
      -77.52994796758448,
      39.03879504740113
     ],
     [
      -77.5299472907738,
      39.03879710560118
     ],
     [
      -77.52994657279388,
      39.038799163987626
     ],
     [
      -77.52994581364472,
      39.038801222560444
     ],
     [
      -77.5299450133263,
      39.03880328131966
     ],
     [
      -77.52994417183861,
      39.03880534026524
     ],
     [
      -77.52994342478358,
      39.0388072187474
     ],
     [
      -77.52994277216122,
      39.03880891676611
     ],
     [
      -77.52994221397157,
      39.03881043432139
     ],
     [
      -77.52994175021459,
      39.03881177141326
     ],
     [
      -77.529941332839,
      39.038812954582944
     ],
     [
      -77.5299409618448,
      39.0388139838305
     ],
     [
      -77.529940637232,
      39.03881485915589
     ],
     [
      -77.52994035900059,
      39.03881558055914
     ]
    ]
   },
   "properties": {
    "id": "ct-11",
    "kind": "Contour",
    "sourceId": "contours",
    "reliabilityLevel": 1,
    "revision": 1,
    "engineeringGeometry": {
     "crs": "EPSG:2248",
     "crsName": "NAD83 / Maryland State Plane (US survey feet)",
     "datum": "NAD83",
     "unit": "usSurveyFoot",
     "coordinates": [
      [
       1161791.9215588407,
       499936.2080591021,
       384
      ],
      [
       1161791.669766452,
       499936.8117669492,
       384
      ],
      [
       1161791.389257419,
       499937.4878639766,
       384
      ],
      [
       1161791.080031741,
       499938.23635018425,
       384
      ],
      [
       1161790.786887125,
       499938.9356877296,
       384
      ],
      [
       1161790.509823571,
       499939.5858766128,
       384
      ],
      [
       1161790.2488410787,
       499940.1869168336,
       384
      ],
      [
       1161790.0039396484,
       499940.7388083922,
       384
      ],
      [
       1161789.801386631,
       499941.20187572343,
       384
      ],
      [
       1161789.6411820264,
       499941.5761188272,
       384
      ],
      [
       1161789.523325835,
       499941.86153770366,
       384
      ],
      [
       1161789.4478180567,
       499942.0581323529,
       384
      ],
      [
       1161789.318491343,
       499942.3926998916,
       384
      ],
      [
       1161789.1353456946,
       499942.86524032,
       384
      ],
      [
       1161788.898381111,
       499943.475753638,
       384
      ],
      [
       1161788.6075975928,
       499944.22423984564,
       384
      ],
      [
       1161788.317528676,
       499944.9727260533,
       384
      ],
      [
       1161788.0281743614,
       499945.72121226095,
       384
      ],
      [
       1161787.7395346484,
       499946.46969846863,
       384
      ],
      [
       1161787.4516095368,
       499947.21818467637,
       384
      ],
      [
       1161787.2120982534,
       499947.8410863799,
       384
      ],
      [
       1161787.0210007983,
       499948.33840357914,
       384
      ],
      [
       1161786.8783171708,
       499948.7101362743,
       384
      ],
      [
       1161786.7840473715,
       499948.95628446527,
       384
      ],
      [
       1161786.6604492054,
       499949.2664801127,
       384
      ],
      [
       1161786.5075226729,
       499949.6407232165,
       384
      ],
      [
       1161786.3252677736,
       499950.0790137768,
       384
      ],
      [
       1161786.1136845078,
       499950.5813517935,
       384
      ],
      [
       1161785.9209399172,
       499951.1452268579,
       384
      ],
      [
       1161785.7470340012,
       499951.7706389701,
       384
      ],
      [
       1161785.5919667606,
       499952.45758813,
       384
      ],
      [
       1161785.4557381948,
       499953.2060743377,
       384
      ],
      [
       1161785.342716085,
       499953.9545605454,
       384
      ],
      [
       1161785.2529004312,
       499954.70304675295,
       384
      ],
      [
       1161785.1862912334,
       499955.45153296064,
       384
      ],
      [
       1161785.1428884915,
       499956.2000191683,
       384
      ],
      [
       1161785.0955812703,
       499956.948505376,
       384
      ],
      [
       1161785.0443695697,
       499957.6969915837,
       384
      ],
      [
       1161784.9892533899,
       499958.44547779136,
       384
      ],
      [
       1161784.9302327305,
       499959.19396399905,
       384
      ],
      [
       1161784.840983894,
       499959.9424502067,
       384
      ],
      [
       1161784.7215068804,
       499960.69093641435,
       384
      ],
      [
       1161784.5718016892,
       499961.43942262203,
       384
      ],
      [
       1161784.391868321,
       499962.1879088297,
       384
      ],
      [
       1161784.2273388933,
       499962.84362475167,
       384
      ],
      [
       1161784.0782134058,
       499963.4065703879,
       384
      ],
      [
       1161783.9444918586,
       499963.87674573844,
       384
      ],
      [
       1161783.8261742517,
       499964.2541508033,
       384
      ],
      [
       1161783.7095195083,
       499964.62997488765,
       384
      ],
      [
       1161783.5945276287,
       499965.0042179915,
       384
      ],
      [
       1161783.4811986124,
       499965.3768801148,
       384
      ],
      [
       1161783.3695324596,
       499965.74796125764,
       384
      ],
      [
       1161783.2280484433,
       499966.2133936667,
       384
      ],
      [
       1161783.056746563,
       499966.7731773419,
       384
      ],
      [
       1161782.8556268192,
       499967.4273122834,
       384
      ],
      [
       1161782.6246892116,
       499968.17579849105,
       384
      ],
      [
       1161782.4030695497,
       499968.9242846987,
       384
      ],
      [
       1161782.1907678335,
       499969.6727709065,
       384
      ],
      [
       1161781.9877840625,
       499970.4212571141,
       384
      ],
      [
       1161781.7941182374,
       499971.1697433217,
       384
      ],
      [
       1161781.6245219917,
       499971.9182295294,
       384
      ],
      [
       1161781.4789953255,
       499972.6667157371,
       384
      ],
      [
       1161781.3575382386,
       499973.41520194476,
       384
      ],
      [
       1161781.2601507313,
       499974.16368815245,
       384
      ],
      [
       1161781.1905684276,
       499974.9121743601,
       384
      ],
      [
       1161781.1487913267,
       499975.66066056775,
       384
      ],
      [
       1161781.1348194294,
       499976.40914677543,
       384
      ],
      [
       1161781.1486527352,
       499977.1576329832,
       384
      ],
      [
       1161781.1796985061,
       499977.90611919085,
       384
      ],
      [
       1161781.227956742,
       499978.6546053985,
       384
      ],
      [
       1161781.2934274427,
       499979.40309160616,
       384
      ],
      [
       1161781.376110608,
       499980.15157781384,
       384
      ],
      [
       1161781.4368912787,
       499980.9000640215,
       384
      ],
      [
       1161781.4757694548,
       499981.64855022915,
       384
      ],
      [
       1161781.4927451361,
       499982.3970364368,
       384
      ],
      [
       1161781.4878183228,
       499983.1455226445,
       384
      ],
      [
       1161781.4692321562,
       499983.8940088522,
       384
      ],
      [
       1161781.436986636,
       499984.64249505976,
       384
      ],
      [
       1161781.3910817625,
       499985.39098126744,
       384
      ],
      [
       1161781.3315175357,
       499986.1394674751,
       384
      ],
      [
       1161781.2528532722,
       499986.8879536828,
       384
      ],
      [
       1161781.1550889723,
       499987.6364398904,
       384
      ],
      [
       1161781.0382246356,
       499988.3849260981,
       384
      ],
      [
       1161780.902260262,
       499989.1334123058,
       384
      ],
      [
       1161780.797564439,
       499989.7110219337,
       384
      ],
      [
       1161780.724137166,
       499990.11775498185,
       384
      ],
      [
       1161780.681978443,
       499990.35361145023,
       384
      ],
      [
       1161780.67108827,
       499990.41859133885,
       384
      ],
      [
       1161780.6302340014,
       499990.6382028351,
       384
      ],
      [
       1161780.5594156373,
       499991.01244593895,
       384
      ],
      [
       1161780.4586331774,
       499991.5413206504,
       384
      ],
      [
       1161780.3278866222,
       499992.22482696944,
       384
      ],
      [
       1161780.2137414096,
       499992.9245782607,
       384
      ],
      [
       1161780.1161975395,
       499993.64057452395,
       384
      ],
      [
       1161780.0352550123,
       499994.3728157595,
       384
      ],
      [
       1161779.9709138281,
       499995.12130196724,
       384
      ],
      [
       1161779.9041096224,
       499995.8697881749,
       384
      ],
      [
       1161779.834842395,
       499996.61827438255,
       384
      ],
      [
       1161779.7631121462,
       499997.36676059023,
       384
      ],
      [
       1161779.688918876,
       499998.11524679785,
       384
      ],
      [
       1161779.6107018187,
       499998.8637330055,
       384
      ],
      [
       1161779.5284609746,
       499999.6122192133,
       384
      ],
      [
       1161779.4421963436,
       500000.3607054209,
       384
      ],
      [
       1161779.3519079254,
       500001.1091916285,
       384
      ],
      [
       1161779.254438676,
       500001.8576778362,
       384
      ],
      [
       1161779.1497885948,
       500002.6061640438,
       384
      ],
      [
       1161779.0379576823,
       500003.3546502515,
       384
      ],
      [
       1161778.9189459383,
       500004.10313645925,
       384
      ],
      [
       1161778.7826346178,
       500004.85162266693,
       384
      ],
      [
       1161778.6290237212,
       500005.60010887455,
       384
      ],
      [
       1161778.4581132482,
       500006.34859508224,
       384
      ],
      [
       1161778.2699031993,
       500007.0970812899,
       384
      ],
      [
       1161778.141952587,
       500007.8455674976,
       384
      ],
      [
       1161778.074261412,
       500008.5940537053,
       384
      ],
      [
       1161778.0668296737,
       500009.34253991296,
       384
      ],
      [
       1161778.1196573726,
       500010.09102612064,
       384
      ],
      [
       1161778.1499838321,
       500010.8395123283,
       384
      ],
      [
       1161778.1578090522,
       500011.58799853595,
       384
      ],
      [
       1161778.1431330328,
       500012.33648474363,
       384
      ],
      [
       1161778.1059557742,
       500013.0849709513,
       384
      ],
      [
       1161778.0537364737,
       500013.7725397538,
       384
      ],
      [
       1161777.986475131,
       500014.39919115114,
       384
      ],
      [
       1161777.9041717467,
       500014.9649251434,
       384
      ],
      [
       1161777.80682632,
       500015.4697417306,
       384
      ],
      [
       1161777.7211364305,
       500015.9092715761,
       384
      ],
      [
       1161777.6471020784,
       500016.2835146799,
       384
      ],
      [
       1161777.5847232633,
       500016.59247104207,
       384
      ],
      [
       1161777.5339999858,
       500016.83614066266,
       384
      ],
      [
       1161777.4870323816,
       500017.20601443,
       384
      ],
      [
       1161777.4438204512,
       500017.70209234406,
       384
      ],
      [
       1161777.4043641945,
       500018.3243744049,
       384
      ],
      [
       1161777.3686636111,
       500019.0728606126,
       384
      ],
      [
       1161777.3483086645,
       500019.8213468203,
       384
      ],
      [
       1161777.3432993544,
       500020.5698330279,
       384
      ],
      [
       1161777.3536356804,
       500021.3183192356,
       384
      ],
      [
       1161777.379317643,
       500022.0668054433,
       384
      ],
      [
       1161777.4098600382,
       500022.815291651,
       384
      ],
      [
       1161777.4452628666,
       500023.5637778586,
       384
      ],
      [
       1161777.485526128,
       500024.3122640663,
       384
      ],
      [
       1161777.5306498222,
       500025.060750274,
       384
      ],
      [
       1161777.5566055856,
       500025.80923648167,
       384
      ],
      [
       1161777.5633934177,
       500026.55772268935,
       384
      ],
      [
       1161777.551013319,
       500027.30620889703,
       384
      ],
      [
       1161777.5194652893,
       500028.05469510466,
       384
      ],
      [
       1161777.4837214595,
       500028.8031813123,
       384
      ],
      [
       1161777.44378183,
       500029.5516675201,
       384
      ],
      [
       1161777.3996464,
       500030.3001537277,
       384
      ],
      [
       1161777.3513151703,
       500031.0486399353,
       384
      ],
      [
       1161777.299332495,
       500031.797126143,
       384
      ],
      [
       1161777.2436983741,
       500032.54561235063,
       384
      ],
      [
       1161777.1844128082,
       500033.2940985583,
       384
      ],
      [
       1161777.1214757964,
       500034.04258476605,
       384
      ],
      [
       1161777.0491993255,
       500034.79107097373,
       384
      ],
      [
       1161776.967583395,
       500035.53955718136,
       384
      ],
      [
       1161776.8766280054,
       500036.28804338904,
       384
      ],
      [
       1161776.7763331565,
       500037.0365295967,
       384
      ],
      [
       1161776.6956410483,
       500037.7850158044,
       384
      ],
      [
       1161776.6345516806,
       500038.533502012,
       384
      ],
      [
       1161776.593065054,
       500039.2819882197,
       384
      ],
      [
       1161776.571181168,
       500040.0304744274,
       384
      ],
      [
       1161776.5623374365,
       500040.77896063507,
       384
      ],
      [
       1161776.5665338591,
       500041.52744684264,
       384
      ],
      [
       1161776.583770436,
       500042.2759330503,
       384
      ],
      [
       1161776.614047167,
       500043.0244192581,
       384
      ],
      [
       1161776.6694782614,
       500043.7729054658,
       384
      ],
      [
       1161776.7500637195,
       500044.52139167336,
       384
      ],
      [
       1161776.855803541,
       500045.26987788104,
       384
      ],
      [
       1161776.986697726,
       500046.0183640887,
       384
      ],
      [
       1161777.0809197356,
       500046.7668502964,
       384
      ],
      [
       1161777.1384695703,
       500047.51533650403,
       384
      ],
      [
       1161777.1593472294,
       500048.2638227117,
       384
      ],
      [
       1161777.1435527136,
       500049.0123089194,
       384
      ],
      [
       1161777.1318276366,
       500049.7607951271,
       384
      ],
      [
       1161777.124171999,
       500050.5092813347,
       384
      ],
      [
       1161777.1205858006,
       500051.2577675424,
       384
      ],
      [
       1161777.121069041,
       500052.0062537501,
       384
      ],
      [
       1161777.1342764415,
       500052.7547399578,
       384
      ],
      [
       1161777.1602080017,
       500053.5032261654,
       384
      ],
      [
       1161777.1988637217,
       500054.2517123731,
       384
      ],
      [
       1161777.2502436012,
       500055.00019858073,
       384
      ],
      [
       1161777.3096219334,
       500055.7133959327,
       384
      ],
      [
       1161777.3769987184,
       500056.39130442915,
       384
      ],
      [
       1161777.4523739556,
       500057.03392406984,
       384
      ],
      [
       1161777.5357476454,
       500057.64125485485,
       384
      ],
      [
       1161777.603591234,
       500058.13204179925,
       384
      ],
      [
       1161777.655904721,
       500058.50628490315,
       384
      ],
      [
       1161777.6926881066,
       500058.7639841664,
       384
      ],
      [
       1161777.713941391,
       500058.905139589,
       384
      ],
      [
       1161777.7792823354,
       500059.19812770793,
       384
      ],
      [
       1161777.8887109403,
       500059.6429485231,
       384
      ],
      [
       1161778.0422272051,
       500060.2396020345,
       384
      ],
      [
       1161778.2398311303,
       500060.9880882421,
       384
      ],
      [
       1161778.4333648933,
       500061.7365744498,
       384
      ],
      [
       1161778.6228284943,
       500062.48506065743,
       384
      ],
      [
       1161778.8082219332,
       500063.2335468651,
       384
      ],
      [
       1161778.9895452103,
       500063.98203307285,
       384
      ],
      [
       1161779.1626452275,
       500064.73051928054,
       384
      ],
      [
       1161779.327521985,
       500065.47900548816,
       384
      ],
      [
       1161779.4841754828,
       500066.22749169584,
       384
      ],
      [
       1161779.632605721,
       500066.9759779035,
       384
      ],
      [
       1161779.779078729,
       500067.7244641112,
       384
      ],
      [
       1161779.9235945065,
       500068.4729503188,
       384
      ],
      [
       1161780.0661530541,
       500069.2214365265,
       384
      ],
      [
       1161780.206754371,
       500069.9699227342,
       384
      ],
      [
       1161780.3270239006,
       500070.60600611643,
       384
      ],
      [
       1161780.426961642,
       500071.1296866732,
       384
      ],
      [
       1161780.5065675958,
       500071.5409644046,
       384
      ],
      [
       1161780.5658417619,
       500071.8398393106,
       384
      ],
      [
       1161780.6330173272,
       500072.1763983155,
       384
      ],
      [
       1161780.7080942923,
       500072.5506414193,
       384
      ],
      [
       1161780.7910726564,
       500072.9625686221,
       384
      ],
      [
       1161780.8819524203,
       500073.4121799238,
       384
      ],
      [
       1161780.9869276993,
       500073.93650995195,
       384
      ],
      [
       1161781.1059984937,
       500074.5355587067,
       384
      ],
      [
       1161781.2391648032,
       500075.20932618785,
       384
      ],
      [
       1161781.386426628,
       500075.9578123955,
       384
      ],
      [
       1161781.5337176423,
       500076.7062986032,
       384
      ],
      [
       1161781.681037846,
       500077.45478481083,
       384
      ],
      [
       1161781.8283872395,
       500078.2032710185,
       384
      ],
      [
       1161781.975765822,
       500078.9517572262,
       384
      ],
      [
       1161782.120890528,
       500079.7002434339,
       384
      ],
      [
       1161782.2637613574,
       500080.4487296415,
       384
      ],
      [
       1161782.4043783103,
       500081.1972158492,
       384
      ],
      [
       1161782.5427413867,
       500081.9457020569,
       384
      ],
      [
       1161782.6661262081,
       500082.6941882646,
       384
      ],
      [
       1161782.7745327745,
       500083.44267447223,
       384
      ],
      [
       1161782.867961086,
       500084.1911606799,
       384
      ],
      [
       1161782.9464111426,
       500084.93964688753,
       384
      ],
      [
       1161783.041786911,
       500085.68566028855,
       384
      ],
      [
       1161783.154088391,
       500086.4292008829,
       384
      ],
      [
       1161783.2833155827,
       500087.17026867054,
       384
      ],
      [
       1161783.4294684862,
       500087.90886365157,
       384
      ],
      [
       1161783.5395331217,
       500088.46528269403,
       384
      ],
      [
       1161783.6135094892,
       500088.8395257978,
       384
      ],
      [
       1161783.651397589,
       500089.0315929631,
       384
      ],
      [
       1161783.6531974205,
       500089.04148418974,
       384
      ],
      [
       1161783.691530298,
       500089.2360241616,
       384
      ],
      [
       1161783.7663962208,
       500089.61521287885,
       384
      ],
      [
       1161783.8777951896,
       500090.17905034125,
       384
      ],
      [
       1161784.025727204,
       500090.92753654893,
       384
      ],
      [
       1161784.1701616251,
       500091.6760227566,
       384
      ],
      [
       1161784.311098453,
       500092.42450896424,
       384
      ],
      [
       1161784.4485376878,
       500093.1729951719,
       384
      ],
      [
       1161784.5824793298,
       500093.92148137966,
       384
      ],
      [
       1161784.732406983,
       500094.66996758734,
       384
      ],
      [
       1161784.8983206472,
       500095.41845379496,
       384
      ],
      [
       1161785.080220323,
       500096.16694000264,
       384
      ],
      [
       1161785.2781060105,
       500096.9154262103,
       384
      ],
      [
       1161785.493252034,
       500097.62745292846,
       384
      ],
      [
       1161785.725658394,
       500098.3030201571,
       384
      ],
      [
       1161785.9753250903,
       500098.94212789624,
       384
      ],
      [
       1161786.242252123,
       500099.54477614595,
       384
      ],
      [
       1161786.4571706364,
       500100.0332218227,
       384
      ],
      [
       1161786.6200806298,
       500100.4074649265,
       384
      ],
      [
       1161786.730982104,
       500100.6675054574,
       384
      ],
      [
       1161786.7898750587,
       500100.8133434155,
       384
      ],
      [
       1161786.9093509582,
       500101.10984343593,
       384
      ],
      [
       1161787.0894098026,
       500101.5570055187,
       384
      ],
      [
       1161787.3300515916,
       500102.1548296639,
       384
      ],
      [
       1161787.6312763256,
       500102.9033158716,
       384
      ],
      [
       1161787.9175359446,
       500103.6518020793,
       384
      ],
      [
       1161788.1888304488,
       500104.4002882869,
       384
      ],
      [
       1161788.4451598378,
       500105.1487744946,
       384
      ],
      [
       1161788.6865241115,
       500105.8972607023,
       384
      ],
      [
       1161788.9042983784,
       500106.6103501854,
       384
      ],
      [
       1161789.0984826381,
       500107.28804294404,
       384
      ],
      [
       1161789.2690768903,
       500107.9303389782,
       384
      ],
      [
       1161789.4160811354,
       500108.53723828774,
       384
      ],
      [
       1161789.5341435913,
       500109.02780949447,
       384
      ],
      [
       1161789.6232642583,
       500109.4020525983,
       384
      ],
      [
       1161789.6834431363,
       500109.6599675993,
       384
      ],
      [
       1161789.7146802251,
       500109.8015544974,
       384
      ],
      [
       1161789.7702446962,
       500110.0948662229,
       384
      ],
      [
       1161789.8501365492,
       500110.53990277566,
       384
      ],
      [
       1161789.9543557842,
       500111.136664156,
       384
      ],
      [
       1161790.0829024015,
       500111.8851503637,
       384
      ],
      [
       1161790.2286044045,
       500112.6336365714,
       384
      ],
      [
       1161790.3914617933,
       500113.38212277903,
       384
      ],
      [
       1161790.571474568,
       500114.1306089867,
       384
      ],
      [
       1161790.7686427287,
       500114.87909519434,
       384
      ],
      [
       1161790.990174936,
       500115.62758140196,
       384
      ],
      [
       1161791.2360711903,
       500116.37606760976,
       384
      ],
      [
       1161791.5063314913,
       500117.1245538174,
       384
      ],
      [
       1161791.8009558395,
       500117.873040025,
       384
      ],
      [
       1161792.0461515987,
       500118.5146816605,
       384
      ],
      [
       1161792.241918769,
       500119.0494787238,
       384
      ],
      [
       1161792.3882573508,
       500119.47743121494,
       384
      ],
      [
       1161792.485167344,
       500119.7985391339,
       384
      ],
      [
       1161792.5858808882,
       500120.14621464536,
       384
      ],
      [
       1161792.690397983,
       500120.52045774914,
       384
      ],
      [
       1161792.798718629,
       500120.92126844544,
       384
      ],
      [
       1161792.9108428261,
       500121.34864673414,
       384
      ],
      [
       1161793.0803018971,
       500121.85630200256,
       384
      ],
      [
       1161793.307095842,
       500122.4442342508,
       384
      ],
      [
       1161793.5912246609,
       500123.1124434787,
       384
      ],
      [
       1161793.9326883538,
       500123.8609296864,
       384
      ],
      [
       1161794.262510703,
       500124.53769162414,
       384
      ],
      [
       1161794.5806917083,
       500125.1427292919,
       384
      ],
      [
       1161794.8872313697,
       500125.6760426897,
       384
      ],
      [
       1161795.1821296876,
       500126.13763181755,
       384
      ],
      [
       1161795.466794235,
       500126.5555479334,
       384
      ],
      [
       1161795.7412250119,
       500126.9297910372,
       384
      ],
      [
       1161796.0054220185,
       500127.260361129,
       384
      ],
      [
       1161796.2593852545,
       500127.5472582089,
       384
      ],
      [
       1161796.5734884245,
       500127.94321697555,
       384
      ],
      [
       1161796.9477315284,
       500128.44823742897,
       384
      ],
      [
       1161797.3821145662,
       500129.06231956923,
       384
      ],
      [
       1161797.8766375375,
       500129.7854633963,
       384
      ],
      [
       1161798.2516213087,
       500130.33415686176,
       384
      ],
      [
       1161798.5070658794,
       500130.7083999656,
       384
      ],
      [
       1161798.6429712498,
       500130.9081927078,
       384
      ],
      [
       1161798.6593374198,
       500130.9335350883,
       384
      ],
      [
       1161798.782009435,
       500131.13966342574,
       384
      ],
      [
       1161799.0109872948,
       500131.52657771984,
       384
      ],
      [
       1161799.3462709999,
       500132.0942779707,
       384
      ],
      [
       1161799.78786055,
       500132.8427641784,
       384
      ],
      [
       1161800.1916853345,
       500133.5420234702,
       384
      ],
      [
       1161800.5577453533,
       500134.1920558461,
       384
      ],
      [
       1161800.8860406065,
       500134.79286130617,
       384
      ],
      [
       1161801.1765710942,
       500135.34443985036,
       384
      ],
      [
       1161801.416432171,
       500135.8073506744,
       384
      ],
      [
       1161801.6056238369,
       500136.18159377825,
       384
      ],
      [
       1161801.7441460919,
       500136.4671691619,
       384
      ],
      [
       1161801.8319989364,
       500136.6640768254,
       384
      ],
      [
       1161801.9676797113,
       500136.99887912493,
       384
      ],
      [
       1161802.1511884169,
       500137.4715760604,
       384
      ],
      [
       1161802.3825250533,
       500138.08216763206,
       384
      ],
      [
       1161802.6616896202,
       500138.8306538398,
       384
      ],
      [
       1161802.9475187182,
       500139.5791400475,
       384
      ],
      [
       1161803.2400123472,
       500140.3276262551,
       384
      ],
      [
       1161803.5391705069,
       500141.0761124628,
       384
      ],
      [
       1161803.8449931978,
       500141.8245986705,
       384
      ],
      [
       1161804.093271742,
       500142.41755133634,
       384
      ],
      [
       1161804.2840061404,
       500142.8549704605,
       384
      ],
      [
       1161804.4171963923,
       500143.13685604284,
       384
      ],
      [
       1161804.4928424978,
       500143.26320808346,
       384
      ],
      [
       1161804.6544847507,
       500143.51350565563,
       384
      ],
      [
       1161804.9021231509,
       500143.8877487594,
       384
      ],
      [
       1161805.2357576983,
       500144.3859373949,
       384
      ],
      [
       1161805.655388393,
       500145.008071562,
       384
      ],
      [
       1161806.0523252923,
       500145.5798389518,
       384
      ],
      [
       1161806.426568396,
       500146.10123956436,
       384
      ],
      [
       1161806.7781177044,
       500146.57227339956,
       384
      ],
      [
       1161807.1069732173,
       500146.99294045754,
       384
      ],
      [
       1161807.397110872,
       500147.3903955385,
       384
      ],
      [
       1161807.6485306686,
       500147.76463864226,
       384
      ],
      [
       1161807.861232607,
       500148.115669769,
       384
      ],
      [
       1161808.0352166872,
       500148.4434889187,
       384
      ],
      [
       1161808.214851906,
       500148.8764748329,
       384
      ],
      [
       1161808.4001382638,
       500149.41462751164,
       384
      ],
      [
       1161808.59107576,
       500150.0579469548,
       384
      ],
      [
       1161808.787664395,
       500150.80643316254,
       384
      ],
      [
       1161808.9959468632,
       500151.5549193702,
       384
      ],
      [
       1161809.2159231645,
       500152.30340557784,
       384
      ],
      [
       1161809.447593299,
       500153.0518917855,
       384
      ],
      [
       1161809.6909572664,
       500153.8003779932,
       384
      ],
      [
       1161809.9071176234,
       500154.48329462495,
       384
      ],
      [
       1161810.0960743695,
       500155.10064168076,
       384
      ],
      [
       1161810.257827505,
       500155.65241916064,
       384
      ],
      [
       1161810.39237703,
       500156.1386270646,
       384
      ],
      [
       1161810.513427247,
       500156.5688525685,
       384
      ],
      [
       1161810.6209781563,
       500156.9430956723,
       384
      ],
      [
       1161810.715029758,
       500157.2613563761,
       384
      ],
      [
       1161810.7955820514,
       500157.52363467985,
       384
      ]
     ]
    },
    "elevationFt": 384,
    "weight": "intermediate",
    "hidden": false
   }
  },
  {
   "type": "Feature",
   "geometry": {
    "type": "LineString",
    "coordinates": [
     [
      -77.52993466499397,
      39.03821531645802
     ],
     [
      -77.52993607043962,
      39.038215959178146
     ],
     [
      -77.5299368565987,
      39.03821632962051
     ],
     [
      -77.52993702347118,
      39.038216427785166
     ],
     [
      -77.52993776925547,
      39.03821695415403
     ],
     [
      -77.52993909395158,
      39.038217908727056
     ],
     [
      -77.52994099755958,
      39.03821929150427
     ],
     [
      -77.52994348007951,
      39.038221102485615
     ],
     [
      -77.52994540086368,
      39.03822251868381
     ],
     [
      -77.529946759912,
      39.03822354009889
     ],
     [
      -77.52994755722445,
      39.03822416673088
     ],
     [
      -77.52994779280097,
      39.03822439857978
     ],
     [
      -77.5299482647941,
      39.03822508491349
     ],
     [
      -77.52994897320386,
      39.03822622573201
     ],
     [
      -77.52994991803023,
      39.03822782103533
     ],
     [
      -77.52995109927329,
      39.03822987082342
     ],
     [
      -77.52995229780173,
      39.03823191322283
     ],
     [
      -77.52995351361554,
      39.03823394823352
     ],
     [
      -77.52995474671475,
      39.03823597585552
     ],
     [
      -77.52995599709934,
      39.038237996088824
     ],
     [
      -77.52995693939806,
      39.0382395185538
     ],
     [
      -77.52995757361087,
      39.038240543250446
     ],
     [
      -77.52995789973774,
      39.0382410701788
     ],
     [
      -77.52995791777866,
      39.038241099338826
     ],
     [
      -77.5299581578339,
      39.03824163396729
     ],
     [
      -77.52995861990345,
      39.03824267406417
     ],
     [
      -77.52995930398733,
      39.03824421962949
     ],
     [
      -77.52996021008558,
      39.03824627066321
     ],
     [
      -77.52996103885009,
      39.03824832204706
     ],
     [
      -77.52996179028084,
      39.03825037378106
     ],
     [
      -77.52996246437783,
      39.03825242586516
     ],
     [
      -77.52996306114105,
      39.03825447829939
     ],
     [
      -77.5299636904848,
      39.03825653058611
     ],
     [
      -77.5299643524091,
      39.03825858272532
     ],
     [
      -77.52996504691392,
      39.03826063471702
     ],
     [
      -77.5299657739993,
      39.03826268656119
     ],
     [
      -77.5299664297241,
      39.038264507924296
     ],
     [
      -77.52996701408833,
      39.03826609880632
     ],
     [
      -77.52996752709197,
      39.03826745920729
     ],
     [
      -77.52996796873504,
      39.03826858912718
     ],
     [
      -77.5299683861992,
      39.03826966698083
     ],
     [
      -77.52996877948445,
      39.03827069276824
     ],
     [
      -77.52996914859081,
      39.038271666489415
     ],
     [
      -77.52996949351827,
      39.03827258814436
     ],
     [
      -77.52996990844223,
      39.03827379246224
     ],
     [
      -77.52997039336272,
      39.03827527944309
     ],
     [
      -77.52997094827973,
      39.03827704908688
     ],
     [
      -77.52997157319328,
      39.038279101393606
     ],
     [
      -77.52997217996503,
      39.03828115378245
     ],
     [
      -77.52997276859497,
      39.03828320625345
     ],
     [
      -77.5299733390831,
      39.038285258806596
     ],
     [
      -77.52997389142942,
      39.03828731144187
     ],
     [
      -77.52997438657594,
      39.03828936433612
     ],
     [
      -77.52997482452264,
      39.038291417489354
     ],
     [
      -77.52997520526951,
      39.03829347090156
     ],
     [
      -77.52997552881658,
      39.03829552457275
     ],
     [
      -77.5299757805158,
      39.038297578569235
     ],
     [
      -77.52997596036714,
      39.03829963289104
     ],
     [
      -77.52997606837062,
      39.03830168753811
     ],
     [
      -77.52997610452623,
      39.03830374251052
     ],
     [
      -77.52997617664764,
      39.03830579732008
     ],
     [
      -77.52997628473486,
      39.03830785196677
     ],
     [
      -77.52997642878788,
      39.03830990645065
     ],
     [
      -77.52997660880669,
      39.03831196077167
     ],
     [
      -77.5299768472418,
      39.03831401482821
     ],
     [
      -77.52997714409321,
      39.038316068620254
     ],
     [
      -77.52997749936091,
      39.03831812214781
     ],
     [
      -77.5299779130449,
      39.03832017541087
     ],
     [
      -77.52997826331536,
      39.038322228961036
     ],
     [
      -77.52997855017225,
      39.03832428279833
     ],
     [
      -77.52997877361558,
      39.03832633692274
     ],
     [
      -77.52997893364534,
      39.03832839133426
     ],
     [
      -77.5299790655005,
      39.03833044587332
     ],
     [
      -77.52997916918108,
      39.03833250053999
     ],
     [
      -77.52997924468706,
      39.0383345553342
     ],
     [
      -77.52997929201842,
      39.038336610255975
     ],
     [
      -77.52997929838344,
      39.03833866536324
     ],
     [
      -77.5299792637821,
      39.038340720655974
     ],
     [
      -77.52997918821438,
      39.03834277613421
     ],
     [
      -77.5299790716803,
      39.03834483179793
     ],
     [
      -77.52997898063977,
      39.038346887346194
     ],
     [
      -77.52997891509278,
      39.03834894277905
     ],
     [
      -77.52997887503933,
      39.038350998096476
     ],
     [
      -77.52997886047943,
      39.03835305329847
     ],
     [
      -77.52997886294244,
      39.038355108423396
     ],
     [
      -77.52997888242835,
      39.03835716347124
     ],
     [
      -77.52997891893716,
      39.03835921844201
     ],
     [
      -77.5299789724689,
      39.0383612733357
     ],
     [
      -77.52997902869824,
      39.03836332821719
     ],
     [
      -77.52997908762521,
      39.03836538308644
     ],
     [
      -77.5299791492498,
      39.03836743794349
     ],
     [
      -77.529979213572,
      39.038369492788334
     ],
     [
      -77.52997927766424,
      39.03837154763421
     ],
     [
      -77.52997934152651,
      39.03837360248113
     ],
     [
      -77.52997940515883,
      39.038375657329084
     ],
     [
      -77.52997946856118,
      39.038377712178075
     ],
     [
      -77.52997951793995,
      39.03837976709058
     ],
     [
      -77.52997955329516,
      39.03838182206656
     ],
     [
      -77.52997957462678,
      39.03838387710602
     ],
     [
      -77.52997958193482,
      39.038385932209
     ],
     [
      -77.52997955473687,
      39.03838798746821
     ],
     [
      -77.52997949303293,
      39.03839004288364
     ],
     [
      -77.529979396823,
      39.03839209845532
     ],
     [
      -77.52997926610705,
      39.0383941541832
     ],
     [
      -77.52997911645042,
      39.03839620999685
     ],
     [
      -77.52997894785307,
      39.03839826589625
     ],
     [
      -77.52997876031499,
      39.038400321881426
     ],
     [
      -77.52997855383622,
      39.03840237795235
     ],
     [
      -77.52997841149592,
      39.03840443373288
     ],
     [
      -77.52997833329408,
      39.03840648922301
     ],
     [
      -77.52997831923072,
      39.03840854442273
     ],
     [
      -77.52997836930587,
      39.038410599332046
     ],
     [
      -77.52997849531123,
      39.03841265389757
     ],
     [
      -77.52997869724686,
      39.038414708119326
     ],
     [
      -77.52997897511274,
      39.03841676199728
     ],
     [
      -77.5299793289089,
      39.03841881553145
     ],
     [
      -77.52997962238125,
      39.03842043160959
     ],
     [
      -77.5299798555298,
      39.038421610231694
     ],
     [
      -77.52998002835453,
      39.038422351397784
     ],
     [
      -77.52998014085544,
      39.038422655107844
     ],
     [
      -77.52998039445099,
      39.03842331985336
     ],
     [
      -77.52998078914115,
      39.038424345634354
     ],
     [
      -77.52998132492597,
      39.03842573245079
     ],
     [
      -77.52998200180542,
      39.03842748030269
     ],
     [
      -77.52998282542885,
      39.038429303545016
     ],
     [
      -77.52998379579624,
      39.03843120217779
     ],
     [
      -77.52998491290761,
      39.03843317620098
     ],
     [
      -77.52998617676297,
      39.03843522561462
     ],
     [
      -77.52998714120199,
      39.038437276383924
     ],
     [
      -77.5299878062246,
      39.03843932850888
     ],
     [
      -77.5299881718308,
      39.03844138198954
     ],
     [
      -77.52998823802055,
      39.03844343682589
     ],
     [
      -77.52998807195056,
      39.03844549271385
     ],
     [
      -77.52998767362074,
      39.03844754965342
     ],
     [
      -77.52998704303114,
      39.0384496076446
     ],
     [
      -77.52998618018168,
      39.03845166668741
     ],
     [
      -77.52998536203282,
      39.03845372552781
     ],
     [
      -77.52998458858453,
      39.038455784165805
     ],
     [
      -77.52998385983682,
      39.03845784260139
     ],
     [
      -77.5299831757897,
      39.0384599008346
     ],
     [
      -77.52998262097162,
      39.038461958482685
     ],
     [
      -77.52998219538263,
      39.03846401554566
     ],
     [
      -77.52998189902273,
      39.0384660720235
     ],
     [
      -77.52998173189191,
      39.03846812791624
     ],
     [
      -77.52998156418938,
      39.038470183811576
     ],
     [
      -77.52998139591517,
      39.03847223970949
     ],
     [
      -77.52998122706926,
      39.03847429560999
     ],
     [
      -77.52998105765163,
      39.03847635151308
     ],
     [
      -77.52998092618346,
      39.03847792824026
     ],
     [
      -77.52998083266475,
      39.03847902579152
     ],
     [
      -77.52998077709549,
      39.03847964416685
     ],
     [
      -77.52998075947569,
      39.038479783366256
     ],
     [
      -77.52998067891535,
      39.03848036707483
     ],
     [
      -77.52998053541445,
      39.03848139529257
     ],
     [
      -77.529980328973,
      39.03848286801947
     ],
     [
      -77.52998005959098,
      39.03848478525553
     ],
     [
      -77.52997983275516,
      39.03848673707884
     ],
     [
      -77.52997964846553,
      39.038488723489436
     ],
     [
      -77.5299795067221,
      39.03849074448732
     ],
     [
      -77.52997940752488,
      39.03849280007247
     ],
     [
      -77.52997928968486,
      39.03849485574202
     ],
     [
      -77.52997915320206,
      39.03849691149597
     ],
     [
      -77.5299789980765,
      39.03849896733435
     ],
     [
      -77.52997882430815,
      39.03850102325712
     ],
     [
      -77.52997868866596,
      39.03850307900726
     ],
     [
      -77.52997859114998,
      39.038505134584774
     ],
     [
      -77.52997853176018,
      39.038507189989694
     ],
     [
      -77.52997851049658,
      39.03850924522197
     ],
     [
      -77.52997859721214,
      39.03851129996536
     ],
     [
      -77.52997879190684,
      39.03851335421984
     ],
     [
      -77.52997909458074,
      39.038515407985415
     ],
     [
      -77.52997950523384,
      39.038517461262124
     ],
     [
      -77.52997982140816,
      39.03851951496658
     ],
     [
      -77.52998004310372,
      39.03852156909881
     ],
     [
      -77.5299801703205,
      39.038523623658804
     ],
     [
      -77.52998020305847,
      39.038525678646586
     ],
     [
      -77.52998015830381,
      39.038527733985205
     ],
     [
      -77.52998003605647,
      39.038529789674705
     ],
     [
      -77.52997983631647,
      39.038531845715056
     ],
     [
      -77.52997955908377,
      39.038533902106266
     ],
     [
      -77.52997929132607,
      39.03853595845459
     ],
     [
      -77.5299790330433,
      39.038538014759986
     ],
     [
      -77.52997878423554,
      39.038540071022496
     ],
     [
      -77.52997854490275,
      39.03854212724211
     ],
     [
      -77.5299781647215,
      39.03854418409943
     ],
     [
      -77.52997764369181,
      39.03854624159447
     ],
     [
      -77.52997698181366,
      39.03854829972721
     ],
     [
      -77.52997617908703,
      39.03855035849765
     ],
     [
      -77.52997531535841,
      39.03855231375593
     ],
     [
      -77.52997439062779,
      39.038554165502
     ],
     [
      -77.52997340489516,
      39.03855591373587
     ],
     [
      -77.52997235816055,
      39.03855755845753
     ],
     [
      -77.52997150376365,
      39.038558896101144
     ],
     [
      -77.52997084170451,
      39.038559926666686
     ],
     [
      -77.52997037198314,
      39.03856065015414
     ],
     [
      -77.52997009459955,
      39.03856106656356
     ],
     [
      -77.52996962364664,
      39.03856189384499
     ],
     [
      -77.52996895912439,
      39.03856313199843
     ],
     [
      -77.52996810103281,
      39.03856478102389
     ],
     [
      -77.52996704937182,
      39.03856684092132
     ],
     [
      -77.52996608178657,
      39.0385689004381
     ],
     [
      -77.52996519827707,
      39.03857095957424
     ],
     [
      -77.5299643988433,
      39.038573018329686
     ],
     [
      -77.52996368348529,
      39.03857507670447
     ],
     [
      -77.52996301078991,
      39.03857703450826
     ],
     [
      -77.52996238075714,
      39.03857889174109
     ],
     [
      -77.529961793387,
      39.038580648402906
     ],
     [
      -77.52996124867951,
      39.03858230449375
     ],
     [
      -77.5299608083392,
      39.03858364708375
     ],
     [
      -77.52996047236607,
      39.038584676172846
     ],
     [
      -77.52996024076013,
      39.038585391761075
     ],
     [
      -77.52996011352141,
      39.03858579384845
     ],
     [
      -77.52995991753265,
      39.03858660965325
     ],
     [
      -77.52995965279383,
      39.03858783917549
     ],
     [
      -77.52995931930498,
      39.03858948241519
     ],
     [
      -77.52995891706605,
      39.038591539372284
     ],
     [
      -77.52995859421996,
      39.038593595969935
     ],
     [
      -77.52995835076669,
      39.03859565220811
     ],
     [
      -77.52995818670628,
      39.03859770808687
     ],
     [
      -77.5299581020387,
      39.03859976360615
     ],
     [
      -77.52995787354122,
      39.03860181977664
     ],
     [
      -77.52995750121381,
      39.03860387659831
     ],
     [
      -77.52995698505646,
      39.03860593407114
     ],
     [
      -77.52995632506916,
      39.03860799219519
     ],
     [
      -77.5299557228865,
      39.03861005005752
     ],
     [
      -77.52995517850844,
      39.038612107658125
     ],
     [
      -77.52995469193502,
      39.03861416499702
     ],
     [
      -77.52995426316625,
      39.038616222074204
     ],
     [
      -77.52995372757165,
      39.03861816733091
     ],
     [
      -77.5299530851512,
      39.03862000076713
     ],
     [
      -77.52995233590495,
      39.03862172238286
     ],
     [
      -77.52995147983283,
      39.0386233321781
     ],
     [
      -77.52995077567108,
      39.038624652109846
     ],
     [
      -77.52995022341972,
      39.038625682178086
     ],
     [
      -77.52994982307875,
      39.038626422382855
     ],
     [
      -77.52994957464819,
      39.038626872724116
     ],
     [
      -77.52994903250035,
      39.03862772587503
     ],
     [
      -77.52994819663526,
      39.03862898183557
     ],
     [
      -77.52994706705287,
      39.03863064060573
     ],
     [
      -77.52994564375312,
      39.03863270218553
     ],
     [
      -77.52994434255497,
      39.03863458002476
     ],
     [
      -77.52994316345846,
      39.03863627412346
     ],
     [
      -77.52994210646357,
      39.038637784481644
     ],
     [
      -77.52994117157034,
      39.03863911109928
     ],
     [
      -77.52994032603947,
      39.0386402899038
     ],
     [
      -77.52993956987093,
      39.03864132089521
     ],
     [
      -77.52993890306477,
      39.038642204073476
     ]
    ]
   },
   "properties": {
    "id": "ct-12",
    "kind": "Contour",
    "sourceId": "contours",
    "reliabilityLevel": 1,
    "revision": 1,
    "engineeringGeometry": {
     "crs": "EPSG:2248",
     "crsName": "NAD83 / Maryland State Plane (US survey feet)",
     "datum": "NAD83",
     "unit": "usSurveyFoot",
     "coordinates": [
      [
       1161811.1437684128,
       499938.8964018146,
       386
      ],
      [
       1161810.7459301879,
       499939.13279962953,
       386
      ],
      [
       1161810.523415954,
       499939.2690120301,
       386
      ],
      [
       1161810.4762257119,
       499939.3050390164,
       386
      ],
      [
       1161810.2655090387,
       499939.49797369563,
       386
      ],
      [
       1161809.891265935,
       499939.8478160678,
       386
      ],
      [
       1161809.3534964004,
       499940.354566133,
       386
      ],
      [
       1161808.6522004348,
       499941.0182238911,
       386
      ],
      [
       1161808.1096229607,
       499941.53717432206,
       386
      ],
      [
       1161807.7257639777,
       499941.91141742596,
       386
      ],
      [
       1161807.500623486,
       499942.1409532026,
       386
      ],
      [
       1161807.4342014855,
       499942.2257816522,
       386
      ],
      [
       1161807.3015895952,
       499942.4765245413,
       386
      ],
      [
       1161807.1027878146,
       499942.8931818699,
       386
      ],
      [
       1161806.8377961444,
       499943.475753638,
       386
      ],
      [
       1161806.5066145845,
       499944.22423984564,
       386
      ],
      [
       1161806.1705077526,
       499944.97006357537,
       386
      ],
      [
       1161805.8294756492,
       499945.7132248271,
       386
      ],
      [
       1161805.4835182738,
       499946.4537236009,
       386
      ],
      [
       1161805.1326356267,
       499947.1915598967,
       386
      ],
      [
       1161804.8682079876,
       499947.7475995965,
       386
      ],
      [
       1161804.6902353563,
       499948.12184270035,
       386
      ],
      [
       1161804.598717733,
       499948.31428920815,
       386
      ],
      [
       1161804.5936551176,
       499948.32493912004,
       386
      ],
      [
       1161804.5266012084,
       499948.52004810586,
       386
      ],
      [
       1161804.397556006,
       499948.89961616567,
       386
      ],
      [
       1161804.2065195101,
       499949.46364329936,
       386
      ],
      [
       1161803.9534917208,
       499950.21212950704,
       386
      ],
      [
       1161803.7224302408,
       499950.9606157147,
       386
      ],
      [
       1161803.5133350706,
       499951.70910192234,
       386
      ],
      [
       1161803.32620621,
       499952.45758813,
       386
      ],
      [
       1161803.1610436589,
       499953.2060743377,
       386
      ],
      [
       1161802.9866267683,
       499953.9545605454,
       386
      ],
      [
       1161802.8029555385,
       499954.70304675295,
       386
      ],
      [
       1161802.6100299691,
       499955.45153296064,
       386
      ],
      [
       1161802.4078500604,
       499956.2000191683,
       386
      ],
      [
       1161802.225451793,
       499956.8644458681,
       386
      ],
      [
       1161802.0628351672,
       499957.44481306005,
       386
      ],
      [
       1161801.9200001827,
       499957.94112074416,
       386
      ],
      [
       1161801.7969468401,
       499958.35336892033,
       386
      ],
      [
       1161801.6806510848,
       499958.74661456037,
       386
      ],
      [
       1161801.571112917,
       499959.12085766427,
       386
      ],
      [
       1161801.468332337,
       499959.4760982319,
       386
      ],
      [
       1161801.3723093441,
       499959.8123362633,
       386
      ],
      [
       1161801.2570025017,
       499960.2516363388,
       386
      ],
      [
       1161801.1224118099,
       499960.7939984584,
       386
      ],
      [
       1161800.9685372678,
       499961.43942262203,
       386
      ],
      [
       1161800.795378876,
       499962.1879088297,
       386
      ],
      [
       1161800.6273735883,
       499962.9363950374,
       386
      ],
      [
       1161800.464521405,
       499963.684881245,
       386
      ],
      [
       1161800.3068223258,
       499964.4333674527,
       386
      ],
      [
       1161800.154276351,
       499965.18185366044,
       386
      ],
      [
       1161800.0179777178,
       499965.9303398681,
       386
      ],
      [
       1161799.8979264267,
       499966.67882607575,
       386
      ],
      [
       1161799.794122477,
       499967.4273122834,
       386
      ],
      [
       1161799.7065658695,
       499968.17579849105,
       386
      ],
      [
       1161799.6394173047,
       499968.9242846987,
       386
      ],
      [
       1161799.592676783,
       499969.6727709065,
       386
      ],
      [
       1161799.5663443045,
       499970.4212571141,
       386
      ],
      [
       1161799.5604198691,
       499971.1697433217,
       386
      ],
      [
       1161799.5442795227,
       499971.9182295294,
       386
      ],
      [
       1161799.5179232652,
       499972.6667157371,
       386
      ],
      [
       1161799.481351097,
       499973.41520194476,
       386
      ],
      [
       1161799.4345630181,
       499974.16368815245,
       386
      ],
      [
       1161799.3711820804,
       499974.9121743601,
       386
      ],
      [
       1161799.2912082837,
       499975.66066056775,
       386
      ],
      [
       1161799.1946416285,
       499976.40914677543,
       386
      ],
      [
       1161799.0814821145,
       499977.1576329832,
       386
      ],
      [
       1161798.9863349157,
       499977.90611919085,
       386
      ],
      [
       1161798.9092000327,
       499978.6546053985,
       386
      ],
      [
       1161798.850077465,
       499979.40309160616,
       386
      ],
      [
       1161798.8089672124,
       499980.15157781384,
       386
      ],
      [
       1161798.7758598172,
       499980.9000640215,
       386
      ],
      [
       1161798.7507552789,
       499981.64855022915,
       386
      ],
      [
       1161798.7336535973,
       499982.3970364368,
       386
      ],
      [
       1161798.7245547727,
       499983.1455226445,
       386
      ],
      [
       1161798.727092239,
       499983.8940088522,
       386
      ],
      [
       1161798.7412659966,
       499984.64249505976,
       386
      ],
      [
       1161798.7670760448,
       499985.39098126744,
       386
      ],
      [
       1161798.804522384,
       499986.1394674751,
       386
      ],
      [
       1161798.8347274086,
       499986.8879536828,
       386
      ],
      [
       1161798.8576911185,
       499987.6364398904,
       386
      ],
      [
       1161798.8734135139,
       499988.3849260981,
       386
      ],
      [
       1161798.8818945948,
       499989.1334123058,
       386
      ],
      [
       1161798.8855404048,
       499989.8818985135,
       386
      ],
      [
       1161798.8843509438,
       499990.63038472115,
       386
      ],
      [
       1161798.878326212,
       499991.37887092883,
       386
      ],
      [
       1161798.867466209,
       499992.1273571365,
       386
      ],
      [
       1161798.8558399624,
       499992.8758433442,
       386
      ],
      [
       1161798.8434474715,
       499993.6243295518,
       386
      ],
      [
       1161798.8302887366,
       499994.3728157595,
       386
      ],
      [
       1161798.816363758,
       499995.12130196724,
       386
      ],
      [
       1161798.8025041001,
       499995.8697881749,
       386
      ],
      [
       1161798.7887097632,
       499996.61827438255,
       386
      ],
      [
       1161798.7749807476,
       499997.36676059023,
       386
      ],
      [
       1161798.7613170533,
       499998.11524679785,
       386
      ],
      [
       1161798.7516366844,
       499998.8637330055,
       386
      ],
      [
       1161798.745939641,
       499999.6122192133,
       386
      ],
      [
       1161798.7442259234,
       500000.3607054209,
       386
      ],
      [
       1161798.7464955316,
       500001.1091916285,
       386
      ],
      [
       1161798.7585663882,
       500001.8576778362,
       386
      ],
      [
       1161798.780438493,
       500002.6061640438,
       386
      ],
      [
       1161798.8121118464,
       500003.3546502515,
       386
      ],
      [
       1161798.8535864481,
       500004.10313645925,
       386
      ],
      [
       1161798.9004410573,
       500004.85162266693,
       386
      ],
      [
       1161798.952675674,
       500005.60010887455,
       386
      ],
      [
       1161799.0102902984,
       500006.34859508224,
       386
      ],
      [
       1161799.07328493,
       500007.0970812899,
       386
      ],
      [
       1161799.118061362,
       500007.8455674976,
       386
      ],
      [
       1161799.144619594,
       500008.5940537053,
       386
      ],
      [
       1161799.1529596262,
       500009.34253991296,
       386
      ],
      [
       1161799.1430814585,
       500010.09102612064,
       386
      ],
      [
       1161799.1116357045,
       500010.8395123283,
       386
      ],
      [
       1161799.0586223644,
       500011.58799853595,
       386
      ],
      [
       1161798.984041438,
       500012.33648474363,
       386
      ],
      [
       1161798.8878929254,
       500013.0849709513,
       386
      ],
      [
       1161798.807953531,
       500013.6740349961,
       386
      ],
      [
       1161798.7442232543,
       500014.10367687803,
       386
      ],
      [
       1161798.696702096,
       500014.37389659707,
       386
      ],
      [
       1161798.6653900554,
       500014.48469415325,
       386
      ],
      [
       1161798.5947655682,
       500014.7272144833,
       386
      ],
      [
       1161798.4848286337,
       500015.10145758715,
       386
      ],
      [
       1161798.3355792526,
       500015.60742346477,
       386
      ],
      [
       1161798.1470174245,
       500016.2451121162,
       386
      ],
      [
       1161797.91693458,
       500016.91050015675,
       386
      ],
      [
       1161797.64533072,
       500017.6035875863,
       386
      ],
      [
       1161797.332205844,
       500018.3243744049,
       386
      ],
      [
       1161796.977559952,
       500019.0728606126,
       386
      ],
      [
       1161796.7079616943,
       500019.8213468203,
       386
      ],
      [
       1161796.5234110714,
       500020.5698330279,
       386
      ],
      [
       1161796.4239080823,
       500021.3183192356,
       386
      ],
      [
       1161796.409452728,
       500022.0668054433,
       386
      ],
      [
       1161796.46096951,
       500022.815291651,
       386
      ],
      [
       1161796.5784584288,
       500023.5637778586,
       386
      ],
      [
       1161796.7619194845,
       500024.3122640663,
       386
      ],
      [
       1161797.011352677,
       500025.060750274,
       386
      ],
      [
       1161797.2480888993,
       500025.80923648167,
       386
      ],
      [
       1161797.472128152,
       500026.55772268935,
       386
      ],
      [
       1161797.683470435,
       500027.30620889703,
       386
      ],
      [
       1161797.8821157485,
       500028.05469510466,
       386
      ],
      [
       1161798.0440542414,
       500028.8031813123,
       386
      ],
      [
       1161798.1692859142,
       500029.5516675201,
       386
      ],
      [
       1161798.2578107663,
       500030.3001537277,
       386
      ],
      [
       1161798.3096287982,
       500031.0486399353,
       386
      ],
      [
       1161798.3616092158,
       500031.797126143,
       386
      ],
      [
       1161798.4137520187,
       500032.54561235063,
       386
      ],
      [
       1161798.466057207,
       500033.2940985583,
       386
      ],
      [
       1161798.5185247809,
       500034.04258476605,
       386
      ],
      [
       1161798.5592002019,
       500034.6166163611,
       386
      ],
      [
       1161798.5880834705,
       500035.0161933435,
       386
      ],
      [
       1161798.6051745864,
       500035.24131571327,
       386
      ],
      [
       1161798.6104735497,
       500035.29198347044,
       386
      ],
      [
       1161798.6345897063,
       500035.50443890097,
       386
      ],
      [
       1161798.6775230563,
       500035.87868200475,
       386
      ],
      [
       1161798.7392735993,
       500036.41471278196,
       386
      ],
      [
       1161798.8198413358,
       500037.1125312325,
       386
      ],
      [
       1161798.8883975975,
       500037.8230166223,
       386
      ],
      [
       1161798.9449423847,
       500038.5461689513,
       386
      ],
      [
       1161798.9894756973,
       500039.2819882197,
       386
      ],
      [
       1161799.0219975354,
       500040.0304744274,
       386
      ],
      [
       1161799.0598147493,
       500040.77896063507,
       386
      ],
      [
       1161799.1029273393,
       500041.52744684264,
       386
      ],
      [
       1161799.1513353048,
       500042.2759330503,
       386
      ],
      [
       1161799.205038646,
       500043.0244192581,
       386
      ],
      [
       1161799.2479124567,
       500043.7729054658,
       386
      ],
      [
       1161799.279956737,
       500044.52139167336,
       386
      ],
      [
       1161799.3011714863,
       500045.26987788104,
       386
      ],
      [
       1161799.3115567048,
       500046.0183640887,
       386
      ],
      [
       1161799.2912710533,
       500046.7668502964,
       386
      ],
      [
       1161799.2403145318,
       500047.51533650403,
       386
      ],
      [
       1161799.1586871403,
       500048.2638227117,
       386
      ],
      [
       1161799.0463888785,
       500049.0123089194,
       386
      ],
      [
       1161798.9609267788,
       500049.7607951271,
       386
      ],
      [
       1161798.9023008412,
       500050.5092813347,
       386
      ],
      [
       1161798.8705110652,
       500051.2577675424,
       386
      ],
      [
       1161798.8655574513,
       500052.0062537501,
       386
      ],
      [
       1161798.8826151844,
       500052.7547399578,
       386
      ],
      [
       1161798.9216842642,
       500053.5032261654,
       386
      ],
      [
       1161798.9827646913,
       500054.2517123731,
       386
      ],
      [
       1161799.0658564658,
       500055.00019858073,
       386
      ],
      [
       1161799.1462569246,
       500055.74868478836,
       386
      ],
      [
       1161799.2239660681,
       500056.49717099615,
       386
      ],
      [
       1161799.2989838964,
       500057.24565720384,
       386
      ],
      [
       1161799.3713104092,
       500057.9941434114,
       386
      ],
      [
       1161799.4836441022,
       500058.7426296191,
       386
      ],
      [
       1161799.6359849756,
       500059.4911158269,
       386
      ],
      [
       1161799.828333029,
       500060.2396020345,
       386
      ],
      [
       1161800.0606882623,
       500060.9880882421,
       386
      ],
      [
       1161800.3101512943,
       500061.6987744343,
       386
      ],
      [
       1161800.576722125,
       500062.3716606109,
       386
      ],
      [
       1161800.8604007547,
       500063.00674677204,
       386
      ],
      [
       1161801.1611871833,
       500063.6040329176,
       386
      ],
      [
       1161801.4066937496,
       500064.0897975423,
       386
      ],
      [
       1161801.5969204535,
       500064.46404064615,
       386
      ],
      [
       1161801.7318672952,
       500064.7267622291,
       386
      ],
      [
       1161801.8115342748,
       500064.8779622912,
       386
      ],
      [
       1161801.9470503717,
       500065.1784838897,
       386
      ],
      [
       1161802.1384155853,
       500065.6283270246,
       386
      ],
      [
       1161802.385629916,
       500066.22749169584,
       386
      ],
      [
       1161802.688693364,
       500066.9759779035,
       386
      ],
      [
       1161802.9678755773,
       500067.7244641112,
       386
      ],
      [
       1161803.2231765564,
       500068.4729503188,
       386
      ],
      [
       1161803.454596301,
       500069.2214365265,
       386
      ],
      [
       1161803.6621348115,
       500069.9699227342,
       386
      ],
      [
       1161803.8573430118,
       500070.68185106013,
       386
      ],
      [
       1161804.0402209018,
       500071.3572215043,
       386
      ],
      [
       1161804.210768482,
       500071.9960340668,
       386
      ],
      [
       1161804.3689857514,
       500072.59828874754,
       386
      ],
      [
       1161804.4968962874,
       500073.08653763984,
       386
      ],
      [
       1161804.59450009,
       500073.4607807437,
       386
      ],
      [
       1161804.6617971587,
       500073.72101805906,
       386
      ],
      [
       1161804.6987874936,
       500073.8672495859,
       386
      ],
      [
       1161804.7561799488,
       500074.16404478304,
       386
      ],
      [
       1161804.8339745249,
       500074.6114036504,
       386
      ],
      [
       1161804.9321712211,
       500075.20932618785,
       386
      ],
      [
       1161805.0507700376,
       500075.9578123955,
       386
      ],
      [
       1161805.14681779,
       500076.7062986032,
       386
      ],
      [
       1161805.2203144785,
       500077.45478481083,
       386
      ],
      [
       1161805.2712601025,
       500078.2032710185,
       386
      ],
      [
       1161805.2996546624,
       500078.9517572262,
       386
      ],
      [
       1161805.3689032423,
       500079.7002434339,
       386
      ],
      [
       1161805.4790058425,
       500080.4487296415,
       386
      ],
      [
       1161805.6299624625,
       500081.1972158492,
       386
      ],
      [
       1161805.8217731025,
       500081.9457020569,
       386
      ],
      [
       1161805.9971646785,
       500082.6941882646,
       386
      ],
      [
       1161806.1561371905,
       500083.44267447223,
       386
      ],
      [
       1161806.2986906385,
       500084.1911606799,
       386
      ],
      [
       1161806.4248250227,
       500084.93964688753,
       386
      ],
      [
       1161806.5810651786,
       500085.6472316195,
       386
      ],
      [
       1161806.7674111067,
       500086.31391487585,
       386
      ],
      [
       1161806.9838628066,
       500086.9396966564,
       386
      ],
      [
       1161807.2304202789,
       500087.52457696147,
       386
      ],
      [
       1161807.4332171236,
       500088.00413866586,
       386
      ],
      [
       1161807.5922533409,
       500088.37838176964,
       386
      ],
      [
       1161807.707528931,
       500088.64730627293,
       386
      ],
      [
       1161807.7790438938,
       500088.8109121756,
       386
      ],
      [
       1161807.934836293,
       500089.12073815457,
       386
      ],
      [
       1161808.1749061286,
       500089.5767842098,
       386
      ],
      [
       1161808.4992534004,
       500090.17905034125,
       386
      ],
      [
       1161808.9078781086,
       500090.92753654893,
       386
      ],
      [
       1161809.281433274,
       500091.6093052804,
       386
      ],
      [
       1161809.6199188964,
       500092.2243565355,
       386
      ],
      [
       1161809.923334976,
       500092.7726903144,
       386
      ],
      [
       1161810.1916815126,
       500093.254306617,
       386
      ],
      [
       1161810.4343335568,
       500093.6822363202,
       386
      ],
      [
       1161810.6512911085,
       500094.05647942406,
       386
      ],
      [
       1161810.8425541678,
       500094.3770359285,
       386
      ]
     ]
    },
    "elevationFt": 386,
    "weight": "intermediate",
    "hidden": false
   }
  },
  {
   "type": "Feature",
   "geometry": {
    "type": "Polygon",
    "coordinates": [
     [
      [
       -77.53007750940435,
       39.038580130202575
      ],
      [
       -77.5301753963368,
       39.03864271289588
      ],
      [
       -77.53029294113955,
       39.03866036825677
      ],
      [
       -77.53037139707111,
       39.038661513321436
      ],
      [
       -77.53044534704715,
       39.03841865186038
      ],
      [
       -77.53010068643174,
       39.038373028901916
      ],
      [
       -77.53007750940435,
       39.038580130202575
      ]
     ]
    ]
   },
   "properties": {
    "id": "buildable-envelope",
    "kind": "ProposedFeature",
    "sourceId": "gis1",
    "reliabilityLevel": 1,
    "revision": 1,
    "engineeringGeometry": {
     "crs": "EPSG:2248",
     "crsName": "NAD83 / Maryland State Plane (US survey feet)",
     "datum": "NAD83",
     "unit": "usSurveyFoot",
     "coordinates": [
      [
       1161771.342331978,
       500071.9981334924
      ],
      [
       1161743.6714414575,
       500094.95238313754
      ],
      [
       1161710.3220451814,
       500101.5764380001
      ],
      [
       1161688.040302575,
       500102.122932989
      ],
      [
       1161666.5220204962,
       500013.79416176537
      ],
      [
       1161764.3212575745,
       499996.60949565104
      ],
      [
       1161771.342331978,
       500071.9981334924
      ]
     ]
    },
    "label": "Buildable envelope",
    "setbacks": {
     "frontFt": 35,
     "sideFt": 12,
     "rearFt": 35,
     "maxFt": 35,
     "source": "Loudoun County Zoning Ordinance (adopted 2023-12-13), Table 2.02.05.01-1 (online ordinance, read 2026-09-26)"
    }
   }
  },
  {
   "type": "Feature",
   "geometry": {
    "type": "Polygon",
    "coordinates": [
     [
      [
       -77.53012172140299,
       39.03860788408577
      ],
      [
       -77.53037190339376,
       39.03862834571884
      ],
      [
       -77.53039795155331,
       39.038434634445494
      ],
      [
       -77.53014777023576,
       39.03841417286721
      ],
      [
       -77.53012172140299,
       39.03860788408577
      ]
     ]
    ]
   },
   "properties": {
    "id": "proposed-building",
    "kind": "Building",
    "sourceId": "gis1",
    "reliabilityLevel": 1,
    "revision": 1,
    "engineeringGeometry": {
     "crs": "EPSG:2248",
     "crsName": "NAD83 / Maryland State Plane (US survey feet)",
     "datum": "NAD83",
     "unit": "usSurveyFoot",
     "coordinates": [
      [
       1161758.8432983174,
       500082.17909632175
      ],
      [
       1161687.826307496,
       500090.0440360058
      ],
      [
       1161680.0178265302,
       500019.5368428964
      ],
      [
       1161751.0348173515,
       500011.6719032124
      ],
      [
       1161758.8432983174,
       500082.17909632175
      ]
     ]
    },
    "areaSqFt": 5068.621917709708,
    "estimated": true,
    "address": "42525 CARNFORTH CT, ASHBURN, VA, 20148",
    "lotLabel": "42525 CARNFORTH CT, ASHBURN, VA, 20148",
    "garageSlabElevFt": null,
    "basementElevFt": null,
    "finishedFloorElevFt": null,
    "subFloorElevFt": null,
    "heightFt": null,
    "storeys": null
   }
  },
  {
   "type": "Feature",
   "geometry": {
    "type": "Polygon",
    "coordinates": [
     [
      [
       -77.53017464455753,
       39.03875469313879
      ],
      [
       -77.53021764698475,
       39.03875538480886
      ],
      [
       -77.53025486532599,
       39.03861877359508
      ],
      [
       -77.53021261594986,
       39.03861531814078
      ],
      [
       -77.53017464455753,
       39.03875469313879
      ]
     ]
    ]
   },
   "properties": {
    "id": "driveway",
    "kind": "Pavement",
    "sourceId": "gis1",
    "reliabilityLevel": 1,
    "revision": 1,
    "engineeringGeometry": {
     "crs": "EPSG:2248",
     "crsName": "NAD83 / Maryland State Plane (US survey feet)",
     "datum": "NAD83",
     "unit": "usSurveyFoot",
     "coordinates": [
      [
       1161744.1218328855,
       500135.73465792066
      ],
      [
       1161731.9091533,
       500136.0575056197
      ],
      [
       1161721.0488831457,
       500086.3647255956
      ],
      [
       1161733.041847291,
       500085.03653724876
      ],
      [
       1161744.1218328855,
       500135.73465792066
      ]
     ]
    },
    "label": "PROPOSED DRIVEWAY  12' WIDE",
    "areaSqFt": 616.5626322708558,
    "note": "Longitudinal pitch 1% min to 12.5% max, lateral 1/8\" in 12\" to 1/2\" in 12\" away from the building. PGC Code Sec. 32-151, Table 4 — Site Slope Limitations.",
    "improvement": "Driveway",
    "impervious": true
   }
  },
  {
   "type": "Feature",
   "geometry": {
    "type": "Polygon",
    "coordinates": [
     [
      [
       -77.5302373983865,
       39.038616831078954
      ],
      [
       -77.5302337398975,
       39.03863025970151
      ],
      [
       -77.53026748882922,
       39.03863585193206
      ],
      [
       -77.53027114731212,
       39.03862242330847
      ],
      [
       -77.5302373983865,
       39.038616831078954
      ]
     ]
    ]
   },
   "properties": {
    "id": "walk",
    "kind": "Pavement",
    "sourceId": "gis1",
    "reliabilityLevel": 1,
    "revision": 1,
    "engineeringGeometry": {
     "crs": "EPSG:2248",
     "crsName": "NAD83 / Maryland State Plane (US survey feet)",
     "datum": "NAD83",
     "unit": "usSurveyFoot",
     "coordinates": [
      [
       1161726.0059844668,
       500085.62843850366
      ],
      [
       1161727.0735283594,
       500090.5131442304
      ],
      [
       1161717.4995051348,
       500092.6055302598
      ],
      [
       1161716.431961242,
       500087.720824533
      ],
      [
       1161726.0059844668,
       500085.62843850366
      ]
     ]
    },
    "label": "CONCRETE WALK  5' WIDE",
    "areaSqFt": 49,
    "note": "Leadwalk from the edge of the driveway to the stoop, 10 ft. Lateral pitch 48:1 max, longitudinal 12:1 max. PGC Code Sec. 32-151, Table 4 — Site Slope Limitations.",
    "improvement": "Walk",
    "impervious": true
   }
  },
  {
   "type": "Feature",
   "geometry": {
    "type": "Polygon",
    "coordinates": [
     [
      [
       -77.53021688690612,
       39.03862606365671
      ],
      [
       -77.53024443705134,
       39.03863062874757
      ],
      [
       -77.53024736384106,
       39.03861988584927
      ],
      [
       -77.53021981369979,
       39.03861532075909
      ],
      [
       -77.53021688690612,
       39.03862606365671
      ]
     ]
    ]
   },
   "properties": {
    "id": "stoop",
    "kind": "Pavement",
    "sourceId": "gis1",
    "reliabilityLevel": 1,
    "revision": 1,
    "engineeringGeometry": {
     "crs": "EPSG:2248",
     "crsName": "NAD83 / Maryland State Plane (US survey feet)",
     "datum": "NAD83",
     "unit": "usSurveyFoot",
     "coordinates": [
      [
       1161731.851479697,
       500088.95712976524
      ],
      [
       1161724.035950534,
       500090.66519999335
      ],
      [
       1161723.18191542,
       500086.7574354119
      ],
      [
       1161730.997444583,
       500085.0493651838
      ],
      [
       1161731.851479697,
       500088.95712976524
      ]
     ]
    },
    "label": "CONCRETE STOOP  8' x 4'",
    "areaSqFt": 32.00000000093132,
    "note": "Front concrete stoop at the entrance, met by the leadwalk. Riser count and handrail per the architectural plans and the building code.",
    "improvement": "Stoop",
    "impervious": true
   }
  },
  {
   "type": "Feature",
   "geometry": {
    "type": "Polygon",
    "coordinates": [
     [
      [
       -77.53011251529132,
       39.03872696626408
      ],
      [
       -77.53038132664572,
       39.03877150849992
      ],
      [
       -77.53038352172695,
       39.038763451323895
      ],
      [
       -77.53011471040158,
       39.038718909093014
      ],
      [
       -77.53011251529132,
       39.03872696626408
      ]
     ]
    ]
   },
   "properties": {
    "id": "sidewalk",
    "kind": "Pavement",
    "sourceId": "gis1",
    "reliabilityLevel": 1,
    "revision": 1,
    "engineeringGeometry": {
     "crs": "EPSG:2248",
     "crsName": "NAD83 / Maryland State Plane (US survey feet)",
     "datum": "NAD83",
     "unit": "usSurveyFoot",
     "coordinates": [
      [
       1161761.7100034396,
       500125.5339709231
      ],
      [
       1161685.4527163955,
       500142.1998676217
      ],
      [
       1161684.81219006,
       500139.26904418564
      ],
      [
       1161761.069477104,
       500122.60314748704
      ],
      [
       1161761.7100034396,
       500125.5339709231
      ]
     ]
    },
    "label": "CONCRETE SIDEWALK  3' WIDE",
    "areaSqFt": 234.17158978059888,
    "note": "Public sidewalk across the frontage, inside the front property line. Whether it is to be built, reconstructed or waived is a DPW&T determination at street construction permit.",
    "improvement": "Sidewalk",
    "impervious": true
   }
  },
  {
   "type": "Feature",
   "geometry": {
    "type": "Polygon",
    "coordinates": [
     [
      [
       -77.53010958847686,
       39.03873770915875
      ],
      [
       -77.53037839987,
       39.038782251401216
      ],
      [
       -77.53038132664572,
       39.03877150849992
      ],
      [
       -77.53011251529132,
       39.03872696626408
      ],
      [
       -77.53010958847686,
       39.03873770915875
      ]
     ]
    ]
   },
   "properties": {
    "id": "verge",
    "kind": "Surface",
    "sourceId": "gis1",
    "reliabilityLevel": 1,
    "revision": 1,
    "engineeringGeometry": {
     "crs": "EPSG:2248",
     "crsName": "NAD83 / Maryland State Plane (US survey feet)",
     "datum": "NAD83",
     "unit": "usSurveyFoot",
     "coordinates": [
      [
       1161762.5640385535,
       500129.44173550454
      ],
      [
       1161686.3067515094,
       500146.10763220314
      ],
      [
       1161685.4527163955,
       500142.1998676217
      ],
      [
       1161761.7100034396,
       500125.5339709231
      ],
      [
       1161762.5640385535,
       500129.44173550454
      ]
     ]
    },
    "label": "PLANTING STRIP  4' WIDE  (STREET TREES)",
    "areaSqFt": 312.2287863716483,
    "note": "Landscaped strip between the sidewalk and the curb, in the strip dedicated to public use. Street tree species, spacing and clear distances are set by the Landscape Manual and by DPW&T; this shows the STRIP, not a planting schedule.",
    "improvement": "Verge",
    "impervious": false
   }
  },
  {
   "type": "Feature",
   "geometry": {
    "type": "Polygon",
    "coordinates": [
     [
      [
       -77.53010849092121,
       39.038741737744225
      ],
      [
       -77.53037730232887,
       39.03878627998917
      ],
      [
       -77.53037839987,
       39.038782251401216
      ],
      [
       -77.53010958847686,
       39.03873770915875
      ],
      [
       -77.53010849092121,
       39.038741737744225
      ]
     ]
    ]
   },
   "properties": {
    "id": "curb",
    "kind": "Pavement",
    "sourceId": "gis1",
    "reliabilityLevel": 1,
    "revision": 1,
    "engineeringGeometry": {
     "crs": "EPSG:2248",
     "crsName": "NAD83 / Maryland State Plane (US survey feet)",
     "datum": "NAD83",
     "unit": "usSurveyFoot",
     "coordinates": [
      [
       1161762.8843017214,
       500130.9071472226
      ],
      [
       1161686.6270146773,
       500147.5730439212
      ],
      [
       1161686.3067515094,
       500146.10763220314
      ],
      [
       1161762.5640385535,
       500129.44173550454
      ],
      [
       1161762.8843017214,
       500130.9071472226
      ]
     ]
    },
    "label": "CURB AND GUTTER",
    "areaSqFt": 117.08579489216208,
    "note": "Curb and gutter at the street face of the planting strip, 4 ft outside the front property line, where the frontage meets the travelled way. Depressed through every driveway apron per DPW&T STD. 300.01 note 6.",
    "improvement": "Sidewalk",
    "impervious": true
   }
  },
  {
   "type": "Feature",
   "geometry": {
    "type": "Polygon",
    "coordinates": [
     [
      [
       -77.53022745503812,
       39.03877063183365
      ],
      [
       -77.53016409444949,
       39.038769707013174
      ],
      [
       -77.53017521454025,
       39.03874652698561
      ],
      [
       -77.53021745491883,
       39.03874714353239
      ],
      [
       -77.53022745503812,
       39.03877063183365
      ]
     ]
    ]
   },
   "properties": {
    "id": "apron",
    "kind": "Pavement",
    "sourceId": "gis1",
    "reliabilityLevel": 1,
    "revision": 1,
    "engineeringGeometry": {
     "crs": "EPSG:2248",
     "crsName": "NAD83 / Maryland State Plane (US survey feet)",
     "datum": "NAD83",
     "unit": "usSurveyFoot",
     "coordinates": [
      [
       1161729.1555883691,
       500141.62669517874
      ],
      [
       1161747.1501768313,
       500141.1853494278
      ],
      [
       1161743.942665483,
       500132.7614625013
      ],
      [
       1161731.9462731748,
       500133.0556930019
      ],
      [
       1161729.1555883691,
       500141.62669517874
      ]
     ]
    },
    "label": "PROPOSED 18' DRIVEWAY APRON  PER LOUDOUN COUNTY STANDARD",
    "areaSqFt": 127.49999999959255,
    "note": "Driveway apron at the front property line, at street level, between the curb and the driveway. The loudoun county standard govern the depression, jointing and curb cut.",
    "improvement": "Apron",
    "impervious": true
   }
  },
  {
   "type": "Feature",
   "geometry": {
    "type": "Polygon",
    "coordinates": [
     [
      [
       -77.53041299037471,
       39.03840980872419
      ],
      [
       -77.53013607634459,
       39.03838827494307
      ],
      [
       -77.53009031939325,
       39.038595469412954
      ],
      [
       -77.53041299037471,
       39.03840980872419
      ]
     ]
    ]
   },
   "properties": {
    "id": "lod",
    "kind": "LimitOfDisturbance",
    "sourceId": "gis1",
    "reliabilityLevel": 1,
    "revision": 1,
    "engineeringGeometry": {
     "crs": "EPSG:2248",
     "crsName": "NAD83 / Maryland State Plane (US survey feet)",
     "datum": "NAD83",
     "unit": "usSurveyFoot",
     "coordinates": [
      [
       1161675.693738908,
       500010.5200659648
      ],
      [
       1161754.3015183262,
       500002.2205189358
      ],
      [
       1161767.7362935392,
       500077.6058440889
      ],
      [
       1161675.693738908,
       500010.5200659648
      ]
     ]
    },
    "note": "Limits of disturbance — proposed work plus a 10 ft working margin, clipped to the property line."
   }
  },
  {
   "type": "Feature",
   "geometry": {
    "type": "Polygon",
    "coordinates": [
     [
      [
       -77.53003876803265,
       39.038699098270556
      ],
      [
       -77.53004512703934,
       39.0386391078792
      ],
      [
       -77.53001151737116,
       39.0382763052264
      ],
      [
       -77.53050469129786,
       39.03834124438128
      ],
      [
       -77.53036575702207,
       39.03876510299631
      ],
      [
       -77.53029929303885,
       39.038753701614205
      ],
      [
       -77.53023391945923,
       39.03874550884514
      ],
      [
       -77.53017388158943,
       39.03874126703948
      ],
      [
       -77.53016682580859,
       39.03874074310785
      ],
      [
       -77.5301599695785,
       39.03873927571512
      ],
      [
       -77.53015351293776,
       39.03873690213245
      ],
      [
       -77.53014764628084,
       39.03873368486896
      ],
      [
       -77.53014254544844,
       39.03872971035099
      ],
      [
       -77.53012353401597,
       39.0387162599902
      ],
      [
       -77.53009943442794,
       39.03870773914022
      ],
      [
       -77.53007035608272,
       39.03870204851351
      ],
      [
       -77.53003876803265,
       39.038699098270556
      ]
     ]
    ]
   },
   "properties": {
    "id": "grade-40",
    "kind": "ProposedFeature",
    "sourceId": "design",
    "reliabilityLevel": 1,
    "revision": 1,
    "engineeringGeometry": {
     "crs": "EPSG:2248",
     "crsName": "NAD83 / Maryland State Plane (US survey feet)",
     "datum": "NAD83",
     "unit": "usSurveyFoot",
     "coordinates": [
      [
       1161782.5977945095,
       500115.2627397371
      ],
      [
       1161780.6647597114,
       500093.4245600286
      ],
      [
       1161789.4438937602,
       499961.2354065339
      ],
      [
       1161649.502334262,
       499985.7000958541
      ],
      [
       1161689.8614608506,
       500139.8412722072
      ],
      [
       1161708.715353656,
       500135.57918581483
      ],
      [
       1161727.2663286708,
       500132.4874978318
      ],
      [
       1161744.3101427972,
       500130.8435766889
      ],
      [
       1161746.313115207,
       500130.6411202327
      ],
      [
       1161748.2574129214,
       500130.0953819578
      ],
      [
       1161750.0862971232,
       500129.2202660582
      ],
      [
       1161751.7458215833,
       500128.0388525831
      ],
      [
       1161753.1862244362,
       500126.5829082575
      ],
      [
       1161758.5576682861,
       500121.65289077954
      ],
      [
       1161765.384748811,
       500118.5098236873
      ],
      [
       1161773.63195271,
       500116.3893221874
      ],
      [
       1161782.5977945095,
       500115.2627397371
      ]
     ]
    },
    "type": "Graded area",
    "proposed": true,
    "contourIntervalFt": 2,
    "note": "Positive drainage away from structure at 2% minimum for the first 10 ft."
   }
  },
  {
   "type": "Feature",
   "geometry": {
    "type": "Point",
    "coordinates": [
     -77.53016027177765,
     39.038680563946315
    ]
   },
   "properties": {
    "id": "ffe-41",
    "kind": "SpotElevation",
    "sourceId": "design",
    "reliabilityLevel": 1,
    "revision": 1,
    "engineeringGeometry": {
     "crs": "EPSG:2248",
     "crsName": "NAD83 / Maryland State Plane (US survey feet)",
     "datum": "NAD83",
     "unit": "usSurveyFoot",
     "coordinates": [
      [
       1161748.0473944924,
       500108.7128914017
      ]
     ]
    },
    "label": "FFE",
    "note": "Finished floor elevation to be set above the adjacent grade per code."
   }
  },
  {
   "type": "Feature",
   "geometry": {
    "type": "LineString",
    "coordinates": [
     [
      -77.52997120884474,
      39.038763766533265
     ],
     [
      -77.53013222571977,
      39.03860874321325
     ]
    ]
   },
   "properties": {
    "id": "util-42",
    "kind": "Utility",
    "sourceId": "design",
    "reliabilityLevel": 1,
    "revision": 1,
    "engineeringGeometry": {
     "crs": "EPSG:2248",
     "crsName": "NAD83 / Maryland State Plane (US survey feet)",
     "datum": "NAD83",
     "unit": "usSurveyFoot",
     "coordinates": [
      [
       1161801.9236361436,
       500138.7036909376
      ],
      [
       1161755.861528241,
       500082.5093192942
      ]
     ]
    },
    "type": "Water service (WHC)",
    "size": "1\" COPPER FROM EX. 8\" MAIN",
    "sizeAtHouse": "1\" COPPER",
    "from": "frontage",
    "note": "Record information. Field verification required before excavation — call Miss Utility."
   }
  },
  {
   "type": "Feature",
   "geometry": {
    "type": "LineString",
    "coordinates": [
     [
      -77.52999414695333,
      39.038778257137544
     ],
     [
      -77.53016724011086,
      39.03861160696475
     ]
    ]
   },
   "properties": {
    "id": "util-43",
    "kind": "Utility",
    "sourceId": "design",
    "reliabilityLevel": 1,
    "revision": 1,
    "engineeringGeometry": {
     "crs": "EPSG:2248",
     "crsName": "NAD83 / Maryland State Plane (US survey feet)",
     "datum": "NAD83",
     "unit": "usSurveyFoot",
     "coordinates": [
      [
       1161795.4390788483,
       500144.0190342558
      ],
      [
       1161745.922294653,
       500083.6100625356
      ]
     ]
    },
    "type": "Sanitary lateral (SHC)",
    "size": "4\" PVC TO EX. 8\" MAIN",
    "sizeAtHouse": "4\" PVC",
    "from": "frontage",
    "note": "Record information. Field verification required before excavation — call Miss Utility."
   }
  },
  {
   "type": "Feature",
   "geometry": {
    "type": "Polygon",
    "coordinates": [
     [
      [
       -77.53010798190236,
       39.03838516286109
      ],
      [
       -77.5300200380725,
       39.03838556110721
      ],
      [
       -77.53002054867963,
       39.038454146942165
      ],
      [
       -77.53010849259422,
       39.038453748695666
      ],
      [
       -77.53010798190236,
       39.03838516286109
      ]
     ]
    ]
   },
   "properties": {
    "id": "swm-44",
    "kind": "SWMPractice",
    "sourceId": "design",
    "reliabilityLevel": 1,
    "revision": 1,
    "engineeringGeometry": {
     "crs": "EPSG:2248",
     "crsName": "NAD83 / Maryland State Plane (US survey feet)",
     "datum": "NAD83",
     "unit": "usSurveyFoot",
     "coordinates": [
      [
       1161762.2747487186,
       500001.0407499843
      ],
      [
       1161787.254740712,
       500001.0407499843
      ],
      [
       1161787.254740712,
       500026.02074197796
      ],
      [
       1161762.2747487186,
       500026.02074197796
      ],
      [
       1161762.2747487186,
       500001.0407499843
      ]
     ]
    },
    "practice": "Environmental Site Design — micro-bioretention",
    "requiredVolumeCf": 499,
    "footprintSqFt": 624,
    "pondingDepthFt": 2
   }
  },
  {
   "type": "Feature",
   "geometry": {
    "type": "Polygon",
    "coordinates": [
     [
      [
       -77.53002149216798,
       39.03870173354026
      ],
      [
       -77.53002914474544,
       39.03863335369076
      ],
      [
       -77.53000666177066,
       39.03826310944305
      ],
      [
       -77.53051561704606,
       39.038330480344975
      ],
      [
       -77.53038132664572,
       39.03877150849992
      ],
      [
       -77.53031388631916,
       39.0387613789718
      ],
      [
       -77.53024558120414,
       39.03875579253237
      ],
      [
       -77.53017691353796,
       39.03875479025786
      ],
      [
       -77.53016831558588,
       39.03875442223983
      ],
      [
       -77.53015989891675,
       39.03875300398883
      ],
      [
       -77.53015187311622,
       39.03875057082111
      ],
      [
       -77.53014443803679,
       39.0387471833256
      ],
      [
       -77.53013777882116,
       39.03874292585518
      ],
      [
       -77.53011251529132,
       39.03872696626408
      ],
      [
       -77.53008415933016,
       39.03871456230469
      ],
      [
       -77.53005352509801,
       39.03870607012067
      ],
      [
       -77.53002149216798,
       39.03870173354026
      ]
     ]
    ]
   },
   "properties": {
    "id": "da-45",
    "kind": "DrainageArea",
    "sourceId": "design",
    "reliabilityLevel": 1,
    "revision": 1,
    "engineeringGeometry": {
     "crs": "EPSG:2248",
     "crsName": "NAD83 / Maryland State Plane (US survey feet)",
     "datum": "NAD83",
     "unit": "usSurveyFoot",
     "coordinates": [
      [
       1161787.5103003564,
       500116.1940218128
      ],
      [
       1161785.1921108565,
       500091.3025111112
      ],
      [
       1161790.795154849,
       499956.42145872884
      ],
      [
       1161646.376251837,
       499981.797838985
      ],
      [
       1161685.4527163955,
       500142.1998676217
      ],
      [
       1161704.586612193,
       500138.39937976736
      ],
      [
       1161723.9757535006,
       500136.2520848011
      ],
      [
       1161743.4775711866,
       500135.7737718689
      ],
      [
       1161745.9189017462,
       500135.6255555816
      ],
      [
       1161748.3065204606,
       500135.09514079697
      ],
      [
       1161750.580972716,
       500134.19573548913
      ],
      [
       1161752.685621881,
       500132.9497359457
      ],
      [
       1161754.5680596277,
       500131.3881690728
      ],
      [
       1161761.7100034396,
       500125.5339709231
      ],
      [
       1161769.737825617,
       500120.9696452909
      ],
      [
       1161778.4210293512,
       500117.8262442187
      ],
      [
       1161787.5103003564,
       500116.1940218128
      ]
     ]
    },
    "areaAcres": 0.4654,
    "percentImpervious": 27.2,
    "compositeC": 0.441
   }
  },
  {
   "type": "Feature",
   "geometry": {
    "type": "Polygon",
    "coordinates": [
     [
      [
       -77.53041299037471,
       39.03840980872419
      ],
      [
       -77.53013607634459,
       39.03838827494307
      ],
      [
       -77.53009031939325,
       39.038595469412954
      ],
      [
       -77.53041299037471,
       39.03840980872419
      ]
     ]
    ]
   },
   "properties": {
    "id": "esc-46",
    "kind": "ProposedFeature",
    "sourceId": "design",
    "reliabilityLevel": 1,
    "revision": 1,
    "engineeringGeometry": {
     "crs": "EPSG:2248",
     "crsName": "NAD83 / Maryland State Plane (US survey feet)",
     "datum": "NAD83",
     "unit": "usSurveyFoot",
     "coordinates": [
      [
       1161675.693738908,
       500010.5200659648
      ],
      [
       1161754.3015183262,
       500002.2205189358
      ],
      [
       1161767.7362935392,
       500077.6058440889
      ],
      [
       1161675.693738908,
       500010.5200659648
      ]
     ]
    },
    "type": "Silt fence / super silt fence",
    "note": "Perimeter control on the down-gradient limit of disturbance."
   }
  },
  {
   "type": "Feature",
   "geometry": {
    "type": "Polygon",
    "coordinates": [
     [
      [
       -77.53041266308233,
       39.03836587863247
      ],
      [
       -77.53030704598949,
       39.03836635717753
      ],
      [
       -77.53030737321671,
       39.03841028726953
      ],
      [
       -77.53041299037471,
       39.03840980872419
      ],
      [
       -77.53041266308233,
       39.03836587863247
      ]
     ]
    ]
   },
   "properties": {
    "id": "sce-47",
    "kind": "ProposedFeature",
    "sourceId": "design",
    "reliabilityLevel": 1,
    "revision": 1,
    "engineeringGeometry": {
     "crs": "EPSG:2248",
     "crsName": "NAD83 / Maryland State Plane (US survey feet)",
     "datum": "NAD83",
     "unit": "usSurveyFoot",
     "coordinates": [
      [
       1161675.693738908,
       499994.5200659648
      ],
      [
       1161705.693738908,
       499994.5200659648
      ],
      [
       1161705.693738908,
       500010.5200659648
      ],
      [
       1161675.693738908,
       500010.5200659648
      ],
      [
       1161675.693738908,
       499994.5200659648
      ]
     ]
    },
    "type": "Stabilized construction entrance",
    "note": "Mountable berm, washrack where required."
   }
  },
  {
   "type": "Feature",
   "geometry": {
    "type": "Polygon",
    "coordinates": [
     [
      [
       -77.53013156766706,
       39.0387318058627
      ],
      [
       -77.53009636178803,
       39.03873196530375
      ],
      [
       -77.53009656622478,
       39.03875942160947
      ],
      [
       -77.53013177211739,
       39.03875926216835
      ],
      [
       -77.53013156766706,
       39.0387318058627
      ]
     ]
    ]
   },
   "properties": {
    "id": "street-tree-49",
    "kind": "Tree",
    "sourceId": "design",
    "reliabilityLevel": 1,
    "revision": 1,
    "engineeringGeometry": {
     "crs": "EPSG:2248",
     "crsName": "NAD83 / Maryland State Plane (US survey feet)",
     "datum": "NAD83",
     "unit": "usSurveyFoot",
     "coordinates": [
      [
       1161756.3087185402,
       500127.3279918074
      ],
      [
       1161766.3087185402,
       500127.3279918074
      ],
      [
       1161766.3087185402,
       500137.3279918074
      ],
      [
       1161756.3087185402,
       500137.3279918074
      ],
      [
       1161756.3087185402,
       500127.3279918074
      ]
     ]
    }
   }
  },
  {
   "type": "Feature",
   "geometry": {
    "type": "Polygon",
    "coordinates": [
     [
      [
       -77.5300923249099,
       39.03852274355912
      ],
      [
       -77.53005007797898,
       39.03852293487296
      ],
      [
       -77.53005032328097,
       39.0385558824414
      ],
      [
       -77.53009257023145,
       39.038555691127485
      ],
      [
       -77.5300923249099,
       39.03852274355912
      ]
     ]
    ]
   },
   "properties": {
    "id": "tree-50",
    "kind": "Tree",
    "sourceId": "design",
    "reliabilityLevel": 1,
    "revision": 1,
    "engineeringGeometry": {
     "crs": "EPSG:2248",
     "crsName": "NAD83 / Maryland State Plane (US survey feet)",
     "datum": "NAD83",
     "unit": "usSurveyFoot",
     "coordinates": [
      [
       1161767.0128520653,
       500051.1221949516
      ],
      [
       1161779.0128520653,
       500051.1221949516
      ],
      [
       1161779.0128520653,
       500063.1221949516
      ],
      [
       1161767.0128520653,
       500063.1221949516
      ],
      [
       1161767.0128520653,
       500051.1221949516
      ]
     ]
    }
   }
  },
  {
   "type": "Feature",
   "geometry": {
    "type": "Polygon",
    "coordinates": [
     [
      [
       -77.53025414894205,
       39.03864748944995
      ],
      [
       -77.53021190193756,
       39.03864768082218
      ],
      [
       -77.53021214731487,
       39.03868062838937
      ],
      [
       -77.53025439433893,
       39.03868043701706
      ],
      [
       -77.53025414894205,
       39.03864748944995
      ]
     ]
    ]
   },
   "properties": {
    "id": "tree-51",
    "kind": "Tree",
    "sourceId": "design",
    "reliabilityLevel": 1,
    "revision": 1,
    "engineeringGeometry": {
     "crs": "EPSG:2248",
     "crsName": "NAD83 / Maryland State Plane (US survey feet)",
     "datum": "NAD83",
     "unit": "usSurveyFoot",
     "coordinates": [
      [
       1161721.3131096023,
       500096.8219374145
      ],
      [
       1161733.3131096023,
       500096.8219374145
      ],
      [
       1161733.3131096023,
       500108.8219374145
      ],
      [
       1161721.3131096023,
       500108.8219374145
      ],
      [
       1161721.3131096023,
       500096.8219374145
      ]
     ]
    }
   }
  },
  {
   "type": "Feature",
   "geometry": {
    "type": "Polygon",
    "coordinates": [
     [
      [
       -77.5303750957964,
       39.03868446445178
      ],
      [
       -77.53033284877029,
       39.038684655867655
      ],
      [
       -77.5303330942037,
       39.03871760343433
      ],
      [
       -77.53037534124937,
       39.03871741201835
      ],
      [
       -77.5303750957964,
       39.03868446445178
      ]
     ]
    ]
   },
   "properties": {
    "id": "tree-52",
    "kind": "Tree",
    "sourceId": "design",
    "reliabilityLevel": 1,
    "revision": 1,
    "engineeringGeometry": {
     "crs": "EPSG:2248",
     "crsName": "NAD83 / Maryland State Plane (US survey feet)",
     "datum": "NAD83",
     "unit": "usSurveyFoot",
     "coordinates": [
      [
       1161687.038302755,
       500110.4879018306
      ],
      [
       1161699.038302755,
       500110.4879018306
      ],
      [
       1161699.038302755,
       500122.4879018306
      ],
      [
       1161687.038302755,
       500122.4879018306
      ],
      [
       1161687.038302755,
       500110.4879018306
      ]
     ]
    }
   }
  }
 ],
 "kealee": {
  "siteId": "42525 CARNFORTH CT, ASHBURN, VA, 20148",
  "modelRevision": 8,
  "geoJsonCrs": "EPSG:4326 (RFC 7946, longitude first)",
  "sourceCrs": "EPSG:2248",
  "sourceCrsName": "NAD83 / Maryland State Plane (US survey feet)",
  "horizontalDatum": "NAD83",
  "verticalDatum": "NAVD88 (feet)",
  "transformer": "registry (proj4 + arcgis-geometry-service (https://sampleserver6.arcgisonline.com/arcgis/rest/services/Utilities/Geometry/GeometryServer))",
  "note": "Geometry is WGS84 per RFC 7946. Original engineering coordinates are preserved per feature under properties.engineeringGeometry."
 }
}