0
SECTION
2
HEADER
9
$ACADVER
1
AC1021
9
$LASTSAVEDBY
1
@tarikjabiri/dxf
9
$HANDSEED
5
53
9
$INSUNITS
70
0
9
$CLAYER
8
0
9
$VIEWCTR
10
1167490.1014540144
20
644648.5653388432
0
ENDSEC
0
SECTION
2
CLASSES
0
ENDSEC
0
SECTION
2
TABLES
0
TABLE
2
VPORT
5
1
330
0
100
AcDbSymbolTable
70
1
0
VPORT
5
19
330
1
100
AcDbSymbolTableRecord
100
AcDbViewportTableRecord
2
*Active
70
0
10
0
20
0
11
1
21
1
12
1167490.1014540144
22
644648.5653388432
13
0
23
0
14
10
24
10
15
10
25
10
16
0
26
0
36
1
17
0
27
0
37
0
40
365.81460482557304
41
2
42
50
43
0
44
0
50
0
51
0
71
0
72
100
73
1
74
3
75
0
76
1
77
0
78
0
281
0
65
1
110
0
120
0
130
0
111
1
121
0
131
0
112
0
122
1
132
0
79
0
146
0
348
10020
60
7
61
5
292
1
282
1
141
0
142
0
63
250
421
3358443
0
ENDTAB
0
TABLE
2
LTYPE
5
2
330
0
100
AcDbSymbolTable
70
7
0
LTYPE
5
12
330
2
100
AcDbSymbolTableRecord
100
AcDbLinetypeTableRecord
2
ByBlock
70
0
3

72
65
73
0
40
0
0
LTYPE
5
13
330
2
100
AcDbSymbolTableRecord
100
AcDbLinetypeTableRecord
2
ByLayer
70
0
3

72
65
73
0
40
0
0
LTYPE
5
14
330
2
100
AcDbSymbolTableRecord
100
AcDbLinetypeTableRecord
2
Continuous
70
0
3
Solid line
72
65
73
0
40
0
0
LTYPE
5
1A
330
2
100
AcDbSymbolTableRecord
100
AcDbLinetypeTableRecord
2
DASHED
70
0
3
Dashed __ __ __ __ __ __
72
65
73
2
40
6
49
4
74
0
49
-2
74
0
0
LTYPE
5
1B
330
2
100
AcDbSymbolTableRecord
100
AcDbLinetypeTableRecord
2
HIDDEN
70
0
3
Hidden __ __ __ __ __
72
65
73
2
40
3
49
2
74
0
49
-1
74
0
0
LTYPE
5
1C
330
2
100
AcDbSymbolTableRecord
100
AcDbLinetypeTableRecord
2
PHANTOM
70
0
3
Phantom ____ _ _ ____ _ _
72
65
73
6
40
13
49
8
74
0
49
-1
74
0
49
1
74
0
49
-1
74
0
49
1
74
0
49
-1
74
0
0
LTYPE
5
1D
330
2
100
AcDbSymbolTableRecord
100
AcDbLinetypeTableRecord
2
DASHDOT
70
0
3
Dash dot __ . __ . __ .
72
65
73
4
40
8
49
4
74
0
49
-2
74
0
49
0
74
0
49
-2
74
0
0
ENDTAB
0
TABLE
2
LAYER
5
3
330
0
100
AcDbSymbolTable
70
14
0
LAYER
5
15
330
3
100
AcDbSymbolTableRecord
100
AcDbLayerTableRecord
2
0
70
0
62
7
6
Continuous
370
0
390
0
0
LAYER
5
1E
330
3
100
AcDbSymbolTableRecord
100
AcDbLayerTableRecord
2
C-BLDG-FTPR-N
70
0
62
6
6
Continuous
370
0
390
0
0
LAYER
5
1F
330
3
100
AcDbSymbolTableRecord
100
AcDbLayerTableRecord
2
C-LODS
70
0
62
30
6
PHANTOM
370
0
390
0
0
LAYER
5
20
330
3
100
AcDbSymbolTableRecord
100
AcDbLayerTableRecord
2
C-PVMT
70
0
62
8
6
Continuous
370
0
390
0
0
LAYER
5
21
330
3
100
AcDbSymbolTableRecord
100
AcDbLayerTableRecord
2
C-SITE-N
70
0
62
6
6
Continuous
370
0
390
0
0
LAYER
5
22
330
3
100
AcDbSymbolTableRecord
100
AcDbLayerTableRecord
2
C-STRM-AREA
70
0
62
150
6
PHANTOM
370
0
390
0
0
LAYER
5
23
330
3
100
AcDbSymbolTableRecord
100
AcDbLayerTableRecord
2
C-SWMG
70
0
62
92
6
Continuous
370
0
390
0
0
LAYER
5
24
330
3
100
AcDbSymbolTableRecord
100
AcDbLayerTableRecord
2
C-TOPO-MAJR-E
70
0
62
32
6
DASHED
370
0
390
0
0
LAYER
5
25
330
3
100
AcDbSymbolTableRecord
100
AcDbLayerTableRecord
2
C-TOPO-SPOT
70
0
62
7
6
Continuous
370
0
390
0
0
LAYER
5
26
330
3
100
AcDbSymbolTableRecord
100
AcDbLayerTableRecord
2
C-TOPO-SURF
70
0
62
253
6
Continuous
370
0
390
0
0
LAYER
5
27
330
3
100
AcDbSymbolTableRecord
100
AcDbLayerTableRecord
2
C-UTIL
70
0
62
4
6
DASHED
370
0
390
0
0
LAYER
5
28
330
3
100
AcDbSymbolTableRecord
100
AcDbLayerTableRecord
2
L-PLNT-TREE
70
0
62
90
6
Continuous
370
0
390
0
0
LAYER
5
29
330
3
100
AcDbSymbolTableRecord
100
AcDbLayerTableRecord
2
V-PROP-BNDY
70
0
62
7
6
Continuous
370
0
390
0
0
LAYER
5
2A
330
3
100
AcDbSymbolTableRecord
100
AcDbLayerTableRecord
2
C-ANNO-NPLT
70
0
62
250
6
Continuous
370
0
390
0
0
ENDTAB
0
TABLE
2
STYLE
5
4
330
0
100
AcDbSymbolTable
70
1
0
STYLE
5
16
330
4
100
AcDbSymbolTableRecord
100
AcDbTextStyleTableRecord
2
Standard
70
0
40
0
41
1
50
0
71
0
42
1
3
txt
4

0
ENDTAB
0
TABLE
2
VIEW
5
5
330
0
100
AcDbSymbolTable
70
0
0
ENDTAB
0
TABLE
2
UCS
5
6
330
0
100
AcDbSymbolTable
70
0
0
ENDTAB
0
TABLE
2
APPID
5
7
330
0
100
AcDbSymbolTable
70
1
0
APPID
5
17
330
7
100
AcDbSymbolTableRecord
100
AcDbRegAppTableRecord
2
ACAD
70
0
0
ENDTAB
0
TABLE
2
DIMSTYLE
5
8
330
0
100
AcDbSymbolTable
70
1
100
AcDbDimStyleTable
0
DIMSTYLE
105
18
330
8
100
AcDbSymbolTableRecord
100
AcDbDimStyleTableRecord
2
Standard
70
0
340
16
0
ENDTAB
0
TABLE
2
BLOCK_RECORD
5
9
330
0
100
AcDbSymbolTable
70
2
0
BLOCK_RECORD
5
C
330
9
100
AcDbSymbolTableRecord
100
AcDbBlockTableRecord
2
*Model_Space
70
0
280
1
281
0
0
BLOCK_RECORD
5
F
330
9
100
AcDbSymbolTableRecord
100
AcDbBlockTableRecord
2
*Paper_Space
70
0
280
1
281
0
0
ENDTAB
0
ENDSEC
0
SECTION
2
BLOCKS
0
BLOCK
5
D
330
C
100
AcDbEntity
8
0
100
AcDbBlockBegin
2
*Model_Space
70
0
10
0
20
0
30
0
3
*Model_Space
1

0
ENDBLK
5
E
100
AcDbEntity
8
0
100
AcDbBlockEnd
0
BLOCK
5
10
330
F
100
AcDbEntity
8
0
100
AcDbBlockBegin
2
*Paper_Space
70
0
10
0
20
0
30
0
3
*Paper_Space
1

0
ENDBLK
5
11
100
AcDbEntity
8
0
100
AcDbBlockEnd
0
ENDSEC
0
SECTION
2
ENTITIES
0
TEXT
5
2B
330
C
100
AcDbEntity
8
C-ANNO-NPLT
100
AcDbText
10
1167426.4942199085
20
644585.6580364304
30
0
40
2.5
1
PRELIMINARY - NOT SEALED - NOT FOR CONSTRUCTION OR PERMIT SUBMISSION
7
STANDARD
100
AcDbText
0
TEXT
5
2C
330
C
100
AcDbEntity
8
C-ANNO-NPLT
100
AcDbText
10
1167426.4942199085
20
644581.6580364304
30
0
40
2.5
1
GENERATED 2026-09-26T17:04:19.532Z BY KEALEE SITE PLAN ENGINE
7
STANDARD
100
AcDbText
0
TEXT
5
2D
330
C
100
AcDbEntity
8
C-ANNO-NPLT
100
AcDbText
10
1167426.4942199085
20
644577.6580364304
30
0
40
2.5
1
HORIZONTAL: EPSG:2248
7
STANDARD
100
AcDbText
0
TEXT
5
2E
330
C
100
AcDbEntity
8
C-ANNO-NPLT
100
AcDbText
10
1167426.4942199085
20
644573.6580364304
30
0
40
2.5
1
VERTICAL: NAVD88 (feet)
7
STANDARD
100
AcDbText
0
TEXT
5
2F
330
C
100
AcDbEntity
8
C-ANNO-NPLT
100
AcDbText
10
1167426.4942199085
20
644569.6580364304
30
0
40
2.5
1
SOURCES: Parcel boundary — jurisdiction gis (Frederick County — parcels — Plat Book 0005, Page 0193, Lot 00001, level 1); Existing contours (U.S. Geological Survey — 3D Elevation Program — 3DEP bare-earth DEM — MD_Western_2021_D21, level 1)
7
STANDARD
100
AcDbText
0
TEXT
5
30
330
C
100
AcDbEntity
8
C-ANNO-NPLT
100
AcDbText
10
1167426.4942199085
20
644565.6580364304
30
0
40
2.5
1
THIS FILE IS DATA FOR A LICENSED PROFESSIONAL. IT IS NOT A SEALED DRAWING.
7
STANDARD
100
AcDbText
0
LWPOLYLINE
5
31
330
C
100
AcDbEntity
8
V-PROP-BNDY
100
AcDbPolyline
90
14
70
1
43
0
38
0
39
0
10
1167531.2220406383
20
644629.958038643
10
1167446.7658447176
20
644683.5061598867
10
1167527.6780844778
20
644811.1230306476
10
1167633.371114552
20
644744.3849751502
10
1167565.721971631
20
644637.6860415637
10
1167563.0746672153
20
644634.2257466465
10
1167559.8673245609
20
644631.277261734
10
1167556.1970563084
20
644628.9298254699
10
1167552.1754108071
20
644627.2546319813
10
1167547.9241069704
20
644626.3022060543
10
1167543.572081551
20
644626.1017471403
10
1167539.251224056
20
644626.6594888121
10
1167535.092439726
20
644627.9577145576
10
1167531.2220406383
20
644629.958038643
0
LWPOLYLINE
5
32
330
C
100
AcDbEntity
8
C-TOPO-MAJR-E
100
AcDbPolyline
90
101
70
0
43
0
38
0
39
0
10
1167474.3225922305
20
644831.1299311824
10
1167473.668381798
20
644830.7556880785
10
1167472.9818216118
20
644830.3770169308
10
1167472.2629116713
20
644829.9939177395
10
1167471.716335149
20
644829.7029722463
10
1167471.3420920454
20
644829.5041804515
10
1167471.1401823598
20
644829.3975423551
10
1167471.1106060925
20
644829.3830579568
10
1167470.9013023402
20
644829.2177757359
10
1167470.5122711028
20
644828.9016956922
10
1167469.9435123801
20
644828.4348178257
10
1167469.1950261728
20
644827.8171421363
10
1167468.5296369079
20
644827.3248038392
10
1167467.9473445853
20
644826.9578029343
10
1167467.448149206
20
644826.7161394219
10
1167467.032050769
20
644826.5998133018
10
1167466.6368799987
20
644826.4929243857
10
1167466.262636895
20
644826.3954726739
10
1167465.9093214576
20
644826.3074581661
10
1167465.5769336869
20
644826.2288808625
10
1167465.1405213068
20
644826.1109566108
10
1167464.6000843176
20
644825.9536854108
10
1167463.9556227191
20
644825.7570672628
10
1167463.2071365113
20
644825.5211021665
10
1167462.4586503035
20
644825.267682361
10
1167461.7101640957
20
644824.9968078462
10
1167460.9616778882
20
644824.7084786223
10
1167460.2131916808
20
644824.4026946889
10
1167459.5964650582
20
644824.1413167703
10
1167459.1114980201
20
644823.9243448663
10
1167458.758290567
20
644823.7517789771
10
1167458.5368426987
20
644823.6236191026
10
1167458.2389972128
20
644823.4137888369
10
1167457.8647541092
20
644823.1222881799
10
1167457.4141133875
20
644822.7491171318
10
1167456.8870750477
20
644822.2942756927
10
1167456.4221477085
20
644821.8797334211
10
1167456.01933137
20
644821.5054903172
10
1167455.6786260316
20
644821.1715463812
10
1167455.4000316937
20
644820.8779016128
10
1167455.073612973
20
644820.4990996709
10
1167454.6993698692
20
644820.0351405558
10
1167454.2773023823
20
644819.4860242672
10
1167453.8074105126
20
644818.8517508052
10
1167453.4377173015
20
644818.3474925223
10
1167453.1682227498
20
644817.9732494184
10
1167452.9989268566
20
644817.7290214936
10
1167452.9298296224
20
644817.614808748
10
1167452.8037276277
20
644817.3420276367
10
1167452.6206208724
20
644816.9106781601
10
1167452.380509357
20
644816.320760318
10
1167452.0833930806
20
644815.5722741103
10
1167451.7649876992
20
644814.8291163517
10
1167451.4252932128
20
644814.0912870421
10
1167451.0643096205
20
644813.3587861815
10
1167450.6820369232
20
644812.6316137703
10
1167450.3921293267
20
644812.0809060126
10
1167450.1945868311
20
644811.7066629087
10
1167450.0894094366
20
644811.5088844586
10
1167450.0765971425
20
644811.4875706625
10
1167449.9107731858
20
644811.2844637634
10
1167449.5919375662
20
644810.8995637614
10
1167449.1200902835
20
644810.3328706566
10
1167448.4952313383
20
644809.584384449
10
1167447.998883387
20
644808.9952382415
10
1167447.6310464302
20
644808.5654320342
10
1167447.3917204675
20
644808.2949658273
10
1167447.280905499
20
644808.1838396206
10
1167447.0106727206
20
644808.0001417373
10
1167446.5810221327
20
644807.7438721774
10
1167445.9919537348
20
644807.4150309411
10
1167445.2434675274
20
644807.0136180285
10
1167444.4949813196
20
644806.7449491872
10
1167443.7464951118
20
644806.6090244171
10
1167442.998008904
20
644806.6058437186
10
1167442.2495226967
20
644806.7354070914
10
1167441.501036489
20
644806.8847312838
10
1167440.7525502811
20
644807.0538162953
10
1167440.0040640736
20
644807.2426621263
10
1167439.255577866
20
644807.4512687767
10
1167438.553620222
20
644807.6513160386
10
1167437.898191142
20
644807.8428039118
10
1167437.2892906254
20
644808.0257323966
10
1167436.7269186727
20
644808.2001014929
10
1167436.2586111445
20
644808.3441875412
10
1167435.8843680406
20
644808.4579905411
10
1167435.6041893612
20
644808.541510493
10
1167435.418075106
20
644808.5947473969
10
1167435.0913678631
20
644808.659630991
10
1167434.6240676316
20
644808.736161276
10
1167434.016174412
20
644808.8243382513
10
1167433.2676882048
20
644808.9241619172
10
1167432.5192019972
20
644809.0499757421
10
1167431.7707157894
20
644809.201779726
10
1167431.0222295816
20
644809.379573869
10
1167430.2737433738
20
644809.583358171
10
1167429.525257166
20
644809.7113762221
10
1167428.7767709582
20
644809.763628022
10
1167428.0282847506
20
644809.7401135708
10
1167427.2797985433
20
644809.6408328684
10
1167426.5788158327
20
644809.5019812994
0
LWPOLYLINE
5
33
330
C
100
AcDbEntity
8
C-TOPO-MAJR-E
100
AcDbPolyline
90
237
70
0
43
0
38
0
39
0
10
1167539.5321200343
20
644831.1543221623
10
1167538.804243486
20
644830.882174943
10
1167538.0557572786
20
644830.6132876412
10
1167537.4232005554
20
644830.3622041813
10
1167536.9065733165
20
644830.1289245633
10
1167536.5058755623
20
644829.9134487873
10
1167536.221107293
20
644829.7157768533
10
1167535.8916016063
20
644829.4912402853
10
1167535.5173585024
20
644829.2398390833
10
1167535.0983779812
20
644828.9615732474
10
1167534.6346600433
20
644828.6564427775
10
1167534.0997500378
20
644828.3631628981
10
1167533.4936479647
20
644828.081733609
10
1167532.8163538245
20
644827.8121549104
10
1167532.0678676171
20
644827.5544268024
10
1167531.4161736884
20
644827.3147238139
10
1167530.861272039
20
644827.0930459449
10
1167530.4031626685
20
644826.8893931956
10
1167530.0418455768
20
644826.703765566
10
1167529.674065479
20
644826.5176553552
10
1167529.2998223752
20
644826.3310625633
10
1167528.9191162651
20
644826.1439871903
10
1167528.531947149
20
644825.9564292361
10
1167528.0544487599
20
644825.7618039316
10
1167527.4866210981
20
644825.5601112766
10
1167526.8284641632
20
644825.3513512713
10
1167526.0799779557
20
644825.1355239154
10
1167525.3314917479
20
644824.9189540431
10
1167524.5830055405
20
644824.7016416542
10
1167523.8345193327
20
644824.4835867487
10
1167523.086033125
20
644824.2647893265
10
1167522.395847726
20
644824.069115391
10
1167521.7639631357
20
644823.8965649422
10
1167521.1903793542
20
644823.74713798
10
1167520.675096381
20
644823.6208345043
10
1167520.2303333427
20
644823.5121055191
10
1167519.8560902388
20
644823.4209510243
10
1167519.5523670695
20
644823.3473710199
10
1167519.319163835
20
644823.291365506
10
1167518.957139857
20
644823.2125263596
10
1167518.4662951357
20
644823.1108535809
10
1167517.8466296713
20
644822.9863471697
10
1167517.0981434635
20
644822.839007126
10
1167516.3496572557
20
644822.6701600198
10
1167515.601171048
20
644822.4798058508
10
1167514.8526848403
20
644822.267944619
10
1167514.104198633
20
644822.0345763245
10
1167513.4047168163
20
644821.7816070147
10
1167512.7542393904
20
644821.5090366896
10
1167512.1527663555
20
644821.2168653493
10
1167511.6002977116
20
644820.9050929936
10
1167511.1369418376
20
644820.6445905233
10
1167510.7626987337
20
644820.4353579383
10
1167510.4775684
20
644820.2773952386
10
1167510.2815508363
20
644820.1707024241
10
1167509.9474161118
20
644819.9873549226
10
1167509.4751642258
20
644819.727352734
10
1167508.864795179
20
644819.3906958579
10
1167508.1163089718
20
644818.9773842947
10
1167507.3843641076
20
644818.6102801648
10
1167506.6689605871
20
644818.2893834682
10
1167505.9700984103
20
644818.0146942048
10
1167505.2877775775
20
644817.7862123747
10
1167504.759495609
20
644817.6101955918
10
1167504.385252505
20
644817.4866438559
10
1167504.1650482658
20
644817.4155571675
10
1167504.0988828912
20
644817.3969355262
10
1167503.8621373083
20
644817.3353585466
10
1167503.4548115171
20
644817.2308262289
10
1167502.8769055177
20
644817.0833385729
10
1167502.1284193103
20
644816.8928955786
10
1167501.3799331025
20
644816.6746824197
10
1167500.6314468947
20
644816.4286990964
10
1167499.882960687
20
644816.1549456083
10
1167499.1344744796
20
644815.8534219557
10
1167498.4780661915
20
644815.5678047363
10
1167497.9137358228
20
644815.2980939504
10
1167497.441483374
20
644815.0442895975
10
1167497.061308845
20
644814.806391678
10
1167496.6841000284
20
644814.5856624767
10
1167496.3098569247
20
644814.3821019935
10
1167495.9385795335
20
644814.1957102285
10
1167495.570267855
20
644814.0264871819
10
1167495.1147173692
20
644813.7547541065
10
1167494.5719280762
20
644813.3805110026
10
1167493.9418999758
20
644812.9037578702
10
1167493.224633068
20
644812.3244947095
10
1167492.6788780624
20
644811.8836234282
10
1167492.3046349585
20
644811.5811440262
10
1167492.1019037566
20
644811.4170565042
10
1167492.0706844567
20
644811.3913608615
10
1167491.8601484299
20
644811.2483730428
10
1167491.470295676
20
644810.9880930476
10
1167490.9011261952
20
644810.6105208765
10
1167490.1526399874
20
644810.115656529
10
1167489.5006995383
20
644809.687526714
10
1167488.9453048473
20
644809.3261314315
10
1167488.4864559153
20
644809.0314706815
10
1167488.1241527416
20
644808.8035444638
10
1167487.7558796029
20
644808.5492520978
10
1167487.3816364992
20
644808.2685935834
10
1167487.0014234302
20
644807.9615689205
10
1167486.6152403962
20
644807.6281781093
10
1167486.2185133386
20
644807.2743611517
10
1167485.8112422575
20
644806.900118048
10
1167485.3934271527
20
644806.5054487978
10
1167484.9650680241
20
644806.0903534014
10
1167484.5637669081
20
644805.7114099876
10
1167484.1895238045
20
644805.3686185563
10
1167483.842338713
20
644805.0619791078
10
1167483.5222116334
20
644804.7914916419
10
1167483.1047647605
20
644804.469126357
10
1167482.5899980944
20
644804.0948832531
10
1167481.9779116344
20
644803.6687623303
10
1167481.268505381
20
644803.1907635886
10
1167480.7266807025
20
644802.8238796699
10
1167480.3524375986
20
644802.5681105742
10
1167480.1457760695
20
644802.4234563016
10
1167480.1066961153
20
644802.389916852
10
1167479.8902645977
20
644802.2246227989
10
1167479.4964815166
20
644801.9275741421
10
1167478.9253468723
20
644801.4987708818
10
1167478.176860665
20
644800.9382130179
10
1167477.5744356895
20
644800.4791973964
10
1167477.1180719458
20
644800.1217240174
10
1167476.807769435
20
644799.8657928809
10
1167476.643528156
20
644799.7114039867
10
1167476.3742859648
20
644799.4602666377
10
1167476.0000428609
20
644799.1123808341
10
1167475.5207988445
20
644798.6677465755
10
1167474.9365539157
20
644798.1263638624
10
1167474.445796329
20
644797.668550954
10
1167474.0485260845
20
644797.2943078501
10
1167473.7447431823
20
644797.0036345508
10
1167473.534447622
20
644796.7965310563
10
1167473.2421782902
20
644796.5005205782
10
1167472.8679351863
20
644796.1156031166
10
1167472.4117183106
20
644795.6417786712
10
1167471.873527663
20
644795.0790472421
10
1167471.4268175855
20
644794.6105599756
10
1167471.0715880778
20
644794.2363168718
10
1167470.8078391398
20
644793.9563179306
10
1167470.635570772
20
644793.770563152
10
1167470.3763283822
20
644793.4441255161
10
1167470.0301119713
20
644792.977005023
10
1167469.5969215385
20
644792.3692016725
10
1167469.076757084
20
644791.6207154649
10
1167468.672620397
20
644791.0333318168
10
1167468.3845114773
20
644790.6070507283
10
1167468.2124303246
20
644790.3418721993
10
1167468.1563769393
20
644790.2377962299
10
1167468.041745589
20
644789.9986366932
10
1167467.8685362746
20
644789.6243935894
10
1167467.6367489952
20
644789.1150669183
10
1167467.3463837514
20
644788.4706566801
10
1167467.0140795773
20
644787.834924598
10
1167466.6398364734
20
644787.2078706725
10
1167466.2236544397
20
644786.589494903
10
1167465.7655334761
20
644785.9797972898
10
1167465.3772318666
20
644785.4878269313
10
1167465.058749611
20
644785.1135838276
10
1167464.8100867092
20
644784.8570679784
10
1167464.6312431616
20
644784.7182793838
10
1167464.354699836
20
644784.5314570919
10
1167463.9804567322
20
644784.2966011026
10
1167463.5085138502
20
644784.0137114159
10
1167462.93887119
20
644783.6827880319
10
1167462.343338661
20
644783.3302047879
10
1167461.721916263
20
644782.9559616842
10
1167461.0746039965
20
644782.5600587204
10
1167460.4014018609
20
644782.1424958968
10
1167459.8776792411
20
644781.8209676053
10
1167459.5034361372
20
644781.5954738462
10
1167459.2786725492
20
644781.4660146193
10
1167459.2033884774
20
644781.4325899247
10
1167458.9598038713
20
644781.3906551369
10
1167458.5479187316
20
644781.3402102559
10
1167457.9677330577
20
644781.2812552819
10
1167457.2192468499
20
644781.2137902147
10
1167456.5800128817
20
644781.1884138548
10
1167456.0500311526
20
644781.2051262021
10
1167455.6293016633
20
644781.2639272567
10
1167455.3178244133
20
644781.3648170185
10
1167454.9749642364
20
644781.4836633666
10
1167454.6007211327
20
644781.6204663009
10
1167454.195095102
20
644781.7752258214
10
1167453.7580861442
20
644781.9479419282
10
1167453.2432078742
20
644782.1758952809
10
1167452.6504602914
20
644782.4590858796
10
1167451.9798433962
20
644782.7975137241
10
1167451.231357189
20
644783.1911788145
10
1167450.5066965611
20
644783.531953885
10
1167449.8058615134
20
644783.8198389353
10
1167449.1288520456
20
644784.0548339657
10
1167448.4756681575
20
644784.2369389763
10
1167447.9619546616
20
644784.3788263625
10
1167447.5877115577
20
644784.4804961245
10
1167447.352938846
20
644784.5419482623
10
1167447.2576365264
20
644784.5631827757
10
1167446.9990382344
20
644784.601513814
10
1167446.5771439706
20
644784.6569413767
10
1167445.9919537348
20
644784.7294654642
10
1167445.2434675274
20
644784.8190860765
10
1167444.5141418895
20
644784.8585877542
10
1167443.8039768215
20
644784.8479704973
10
1167443.1129723233
20
644784.7872343062
10
1167442.4411283953
20
644784.6763791805
10
1167441.9180848794
20
644784.5903569186
10
1167441.5438417755
20
644784.5291675203
10
1167441.3183990838
20
644784.492810986
10
1167441.2417568043
20
644784.4812873153
10
1167440.9971535427
20
644784.362678311
10
1167440.5845892993
20
644784.1369839729
10
1167440.0040640736
20
644783.8042043012
10
1167439.255577866
20
644783.3643392958
10
1167438.5858044634
20
644782.9601661589
10
1167437.9947438657
20
644782.5916848904
10
1167437.482396073
20
644782.2588954903
10
1167437.0487610854
20
644781.9617979587
10
1167436.6448220396
20
644781.7017891161
10
1167436.2705789357
20
644781.4788689626
10
1167435.926031774
20
644781.2930374981
10
1167435.6111805537
20
644781.1442947225
10
1167435.187920587
20
644780.9997658025
10
1167434.656251873
20
644780.8594507382
10
1167434.016174412
20
644780.7233495293
10
1167433.2676882048
20
644780.5914621758
10
1167432.5192019972
20
644780.4501183635
10
1167431.7707157894
20
644780.2993180922
10
1167431.0222295816
20
644780.139061362
10
1167430.2737433738
20
644779.969348173
10
1167429.5377595932
20
644779.7675275587
10
1167428.8142782398
20
644779.5335995194
10
1167428.1032993132
20
644779.2675640548
10
1167427.404822814
20
644778.9694211652
10
1167426.8684630124
20
644778.738382722
10
1167426.4942199085
20
644778.5744487252
0
LWPOLYLINE
5
34
330
C
100
AcDbEntity
8
C-TOPO-MAJR-E
100
AcDbPolyline
90
340
70
0
43
0
38
0
39
0
10
1167584.3080753703
20
644831.4726412559
10
1167583.7134159463
20
644830.9792427421
10
1167582.9649297385
20
644830.3639660582
10
1167582.4016768895
20
644829.9011471652
10
1167582.0236573992
20
644829.5907860632
10
1167581.830871268
20
644829.4328827523
10
1167581.8233184952
20
644829.4274372323
10
1167581.6324205569
20
644829.3088270038
10
1167581.258177453
20
644829.0770520668
10
1167580.7005891835
20
644828.7321124214
10
1167579.959655749
20
644828.2740080678
10
1167579.267258914
20
644827.8578343389
10
1167578.623398679
20
644827.483591235
10
1167578.0280750443
20
644827.1512787561
10
1167577.4812880093
20
644826.8608969024
10
1167577.02077294
20
644826.6221360568
10
1167576.6465298363
20
644826.4349962194
10
1167576.358558698
20
644826.2994773902
10
1167576.156859525
20
644826.2155795696
10
1167575.8184635933
20
644826.0982695187
10
1167575.3433709028
20
644825.9475472376
10
1167574.731581454
20
644825.7634127263
10
1167573.9830952466
20
644825.5458659849
10
1167573.234609039
20
644825.3071494251
10
1167572.4861228312
20
644825.0472630472
10
1167571.7376366234
20
644824.766206851
10
1167570.9891504156
20
644824.4639808366
10
1167570.3451647651
20
644824.2011074179
10
1167569.8056796717
20
644823.9775865951
10
1167569.370695135
20
644823.7934183682
10
1167569.0402111553
20
644823.6486027372
10
1167568.6878476136
20
644823.4865918062
10
1167568.31360451
20
644823.3073855748
10
1167567.9174818438
20
644823.1109840435
10
1167567.4994796158
20
644822.8973872117
10
1167567.0393353382
20
644822.603467244
10
1167566.537049011
20
644822.2292241403
10
1167565.9926206346
20
644821.7746579003
10
1167565.4060502083
20
644821.2397685243
10
1167564.9256434434
20
644820.8009584465
10
1167564.5514003397
20
644820.4582276669
10
1167564.2833208968
20
644820.2115761855
10
1167564.1214051154
20
644820.0610040022
10
1167563.8128467272
20
644819.8496387715
10
1167563.3576457324
20
644819.5774804931
10
1167562.7558021313
20
644819.2445291671
10
1167562.007315924
20
644818.8507847935
10
1167561.339109751
20
644818.5044341005
10
1167560.7511836127
20
644818.2054770882
10
1167560.2435375098
20
644817.9539137566
10
1167559.8161714415
20
644817.7497441057
10
1167559.4153668554
20
644817.5708202258
10
1167559.0411237516
20
644817.4171421167
10
1167558.69344213
20
644817.2887097785
10
1167558.3723219908
20
644817.1855232111
10
1167557.9443603342
20
644817.0942343707
10
1167557.4095571607
20
644817.014843257
10
1167556.7679124703
20
644816.9473498702
10
1167556.0194262625
20
644816.8917542103
10
1167555.2709400547
20
644816.8160516411
10
1167554.5224538469
20
644816.7202421628
10
1167553.7739676393
20
644816.6043257754
10
1167553.025481432
20
644816.4683024787
10
1167552.2769952244
20
644816.3062981089
10
1167551.5285090166
20
644816.118312666
10
1167550.7800228088
20
644815.9043461498
10
1167550.031536601
20
644815.6643985604
10
1167549.3509616458
20
644815.4310045948
10
1167548.7382979433
20
644815.204164253
10
1167548.1935454933
20
644814.9838775349
10
1167547.716704296
20
644814.7701444404
10
1167547.291162145
20
644814.5627063471
10
1167546.9169190412
20
644814.3615632551
10
1167546.5939749843
20
644814.1667151642
10
1167546.322329974
20
644813.9781620745
10
1167545.9314746647
20
644813.7259382915
10
1167545.4214090556
20
644813.4100438154
10
1167544.7921331474
20
644813.030478646
10
1167544.0436469396
20
644812.5872427835
10
1167543.4406260052
20
644812.2256415727
10
1167542.9830703437
20
644811.9456750138
10
1167542.6709799557
20
644811.7473431065
10
1167542.504354841
20
644811.6306458513
10
1167542.2339207316
20
644811.4703302474
10
1167541.8596776277
20
644811.266396295
10
1167541.3816255294
20
644811.0188439944
10
1167540.7997644367
20
644810.7276733454
10
1167540.2143369373
20
644810.3949664689
10
1167539.6253430317
20
644810.020723365
10
1167539.0327827195
20
644809.6049440338
10
1167538.4366560006
20
644809.1476284752
10
1167537.9514710894
20
644808.7827664284
10
1167537.5772279855
20
644808.5103578934
10
1167537.313926689
20
644808.3304028702
10
1167537.1615672002
20
644808.2429013585
10
1167536.8601760315
20
644808.0967519542
10
1167536.4097531834
20
644807.8919546568
10
1167535.8102986552
20
644807.6285094667
10
1167535.0618124478
20
644807.3064163836
10
1167534.31332624
20
644807.096278935
10
1167533.5648400323
20
644806.998097121
10
1167532.8163538245
20
644807.0118709415
10
1167532.0678676171
20
644807.1376003965
10
1167531.3193814093
20
644807.2083733061
10
1167530.5708952015
20
644807.2241896704
10
1167529.8224089937
20
644807.1850494894
10
1167529.0739227864
20
644807.0909527629
10
1167528.3254365786
20
644806.9543214673
10
1167527.5769503708
20
644806.7751556023
10
1167526.8284641632
20
644806.5534551681
10
1167526.0799779557
20
644806.289220165
10
1167525.4668733827
20
644806.0644715779
10
1167524.9891504447
20
644805.879209407
10
1167524.6468091414
20
644805.7334336524
10
1167524.4398494726
20
644805.6271443141
10
1167524.1492480864
20
644805.4840181295
10
1167523.7750049827
20
644805.3040550989
10
1167523.3171201614
20
644805.0872552218
10
1167522.7755936221
20
644804.8336184985
10
1167522.1823271657
20
644804.545345548
10
1167521.5373207922
20
644804.2224363701
10
1167520.8405745018
20
644803.864890965
10
1167520.0920882944
20
644803.4727093327
10
1167519.4863136709
20
644803.1529061454
10
1167519.023250631
20
644802.9054814032
10
1167518.7028991752
20
644802.7304351061
10
1167518.5252593039
20
644802.627767254
10
1167518.249317816
20
644802.4472268757
10
1167517.8750747123
20
644802.1888139711
10
1167517.4025299924
20
644801.8525285403
10
1167516.831683656
20
644801.4383705832
10
1167516.3215128088
20
644801.0441700527
10
1167515.8720174506
20
644800.669926949
10
1167515.483197581
20
644800.3156412718
10
1167515.1550532004
20
644799.9813130212
10
1167514.8038594583
20
644799.5971796017
10
1167514.4296163544
20
644799.1632410131
10
1167514.032323889
20
644798.6794972555
10
1167513.611982062
20
644798.145948329
10
1167513.2577982508
20
644797.6920523138
10
1167512.9697724553
20
644797.3178092099
10
1167512.7479046753
20
644797.0232190174
10
1167512.592194911
20
644796.8082817363
10
1167512.3703310266
20
644796.4599572236
10
1167512.0823130214
20
644795.9782454793
10
1167511.7281408957
20
644795.3631465032
10
1167511.3078146498
20
644794.6146602955
10
1167510.9494574158
20
644793.8727684013
10
1167510.653069194
20
644793.1374708205
10
1167510.4186499845
20
644792.4087675529
10
1167510.246199787
20
644791.6866585986
10
1167510.1150708997
20
644791.1384825696
10
1167510.0252633225
20
644790.7642394658
10
1167509.9767770558
20
644790.5639292871
10
1167509.969612099
20
644790.5375520337
10
1167509.9201726057
20
644790.3306475417
10
1167509.8284585753
20
644789.9432158109
10
1167509.6944700084
20
644789.3752568418
10
1167509.5182069046
20
644788.6267706342
10
1167509.3169438227
20
644787.8782844264
10
1167509.090680763
20
644787.1297982188
10
1167508.8394177246
20
644786.3813120112
10
1167508.5631547081
20
644785.6328258035
10
1167508.283758663
20
644784.9649802193
10
1167508.0012295898
20
644784.3777752582
10
1167507.7155674873
20
644783.8712109204
10
1167507.4267723565
20
644783.445287206
10
1167507.162900548
20
644783.0452037968
10
1167506.9239520624
20
644782.6709606932
10
1167506.7099268993
20
644782.3225578945
10
1167506.5208250585
20
644781.9999954012
10
1167506.247790698
20
644781.5709519794
10
1167505.8908238178
20
644781.0354276288
10
1167505.4499244178
20
644780.3934223498
10
1167504.9250924978
20
644779.6449361421
10
1167504.5228304463
20
644779.0710267223
10
1167504.2431382625
20
644778.6716940902
10
1167504.0860159474
20
644778.446938246
10
1167504.0514635001
20
644778.3967591894
10
1167503.8455599523
20
644778.1845481093
10
1167503.4683053042
20
644777.8103050055
10
1167502.9196995555
20
644777.274029878
10
1167502.1997427063
20
644776.5757227268
10
1167501.6526427297
20
644776.0435838711
10
1167501.2783996258
20
644775.677613311
10
1167501.0770133948
20
644775.4778110465
10
1167501.0484840362
20
644775.4441770775
10
1167500.8399654655
20
644775.2613071413
10
1167500.4514576825
20
644774.9292012376
10
1167499.882960687
20
644774.4478593665
10
1167499.1344744796
20
644773.8172815283
10
1167498.5389261914
20
644773.3232795494
10
1167498.096315823
20
644772.96585343
10
1167497.8066433743
20
644772.7450031701
10
1167497.669908845
20
644772.6607287698
10
1167497.4144200287
20
644772.5224778622
10
1167497.040176925
20
644772.3302504474
10
1167496.5471795339
20
644772.0840465253
10
1167495.935427855
20
644771.783866096
10
1167495.2894925443
20
644771.4812401425
10
1167494.6093736012
20
644771.1761686647
10
1167493.8950710257
20
644770.8686516627
10
1167493.1465848184
20
644770.5586891364
10
1167492.523611643
20
644770.2916314288
10
1167492.0261515
20
644770.0674785394
10
1167491.654204389
20
644769.8862304689
10
1167491.4077703105
20
644769.7478872167
10
1167491.0974317195
20
644769.5648043256
10
1167490.7231886159
20
644769.3369817955
10
1167490.2850409993
20
644769.0644196264
10
1167489.7829888698
20
644768.7471178183
10
1167489.2640144532
20
644768.4013453623
10
1167488.7281177493
20
644768.0271022585
10
1167488.175298758
20
644767.6243885068
10
1167487.6055574797
20
644767.1932041072
10
1167487.1335652885
20
644766.8385154495
10
1167486.7593221846
20
644766.5603225337
10
1167486.4828281682
20
644766.3586253598
10
1167486.3040832388
20
644766.233423928
10
1167485.9829029902
20
644766.0222990478
10
1167485.5192874218
20
644765.7252507196
10
1167484.9132365338
20
644765.3422789429
10
1167484.164750326
20
644764.8733837183
10
1167483.536038017
20
644764.483114912
10
1167483.0270996066
20
644764.1714725241
10
1167482.6379350952
20
644763.9384565547
10
1167482.3685444829
20
644763.7840670038
10
1167482.0467276247
20
644763.6113235627
10
1167481.6724845208
20
644763.4202262315
10
1167481.2458151714
20
644763.2107750099
10
1167480.7667195764
20
644762.9829698981
10
1167480.2202763283
20
644762.720615851
10
1167479.606485427
20
644762.4237128681
10
1167478.9253468723
20
644762.0922609498
10
1167478.176860665
20
644761.7262600958
10
1167477.5073185782
20
644761.4130893948
10
1167476.9167206124
20
644761.1527488467
10
1167476.4050667677
20
644760.9452384517
10
1167475.9723570438
20
644760.7905582096
10
1167475.56888063
20
644760.6458401614
10
1167475.1946375263
20
644760.5110843069
10
1167474.8496277323
20
644760.3862906462
10
1167474.5338512484
20
644760.2714591791
10
1167474.1098973337
20
644760.1520931933
10
1167473.5777659877
20
644760.0281926885
10
1167472.9374572108
20
644759.8997576647
10
1167472.1889710035
20
644759.7667881219
10
1167471.4404847957
20
644759.6756150115
10
1167470.691998588
20
644759.6262383335
10
1167469.9435123801
20
644759.6186580877
10
1167469.1950261728
20
644759.6528742744
10
1167468.446539965
20
644759.6899006653
10
1167467.6980537572
20
644759.7297372607
10
1167466.9495675496
20
644759.7723840604
10
1167466.201081342
20
644759.8178410644
10
1167465.4525951343
20
644759.8565297077
10
1167464.704108927
20
644759.8884499902
10
1167463.9556227191
20
644759.9136019119
10
1167463.2071365113
20
644759.9319854726
10
1167462.4586503035
20
644759.9657438783
10
1167461.7101640957
20
644760.014877129
10
1167460.9616778882
20
644760.0793852247
10
1167460.2131916808
20
644760.1592681655
10
1167459.5620583186
20
644760.2366457003
10
1167459.0082778016
20
644760.3115178293
10
1167458.5518501303
20
644760.3838845526
10
1167458.1927753044
20
644760.4537458703
10
1167457.8261163395
20
644760.5303682045
10
1167457.4518732359
20
644760.6137515554
10
1167457.070045993
20
644760.7038959231
10
1167456.680634611
20
644760.8008013074
10
1167456.2014545228
20
644761.0108258732
10
1167455.6325057282
20
644761.3339696202
10
1167454.973788227
20
644761.7702325487
10
1167454.2253020194
20
644762.3196146585
10
1167453.6140787287
20
644762.7572009192
10
1167453.1401183552
20
644763.0829913309
10
1167452.8034208985
20
644763.2969858934
10
1167452.603986359
20
644763.399184607
10
1167452.3171475371
20
644763.5211865337
10
1167451.9429044332
20
644763.6629916739
10
1167451.4812570475
20
644763.8246000274
10
1167450.9322053792
20
644764.0060115941
10
1167450.3332950762
20
644764.1139620095
10
1167449.6845261385
20
644764.1484512738
10
1167448.9858985655
20
644764.1094793868
10
1167448.2374123582
20
644763.9970463486
10
1167447.6385444086
20
644763.8954769379
10
1167447.1892947173
20
644763.8047711544
10
1167446.8896632842
20
644763.7249289985
10
1167446.7396501093
20
644763.65595047
10
1167446.47752197
20
644763.541513148
10
1167446.103278866
20
644763.3816170323
10
1167445.6169207979
20
644763.1762621232
10
1167445.0184477651
20
644762.9254484205
10
1167444.3849636707
20
644762.6129200172
10
1167443.7164685144
20
644762.2386769133
10
1167443.0129622966
20
644761.8027191089
10
1167442.2744450173
20
644761.305046604
10
1167441.7180648255
20
644760.9301604539
10
1167441.3438217218
20
644760.6780606586
10
1167441.1517157059
20
644760.5487472181
10
1167441.1417467773
20
644760.5422201325
10
1167440.9471485293
20
644760.3798701637
10
1167440.5679209614
20
644760.0616973118
10
1167440.0040640736
20
644759.5877015769
10
1167439.255577866
20
644758.9578829588
10
1167438.6638274766
20
644758.4574838693
10
1167438.2288129055
20
644758.0865043082
10
1167437.9505341528
20
644757.8449442757
10
1167437.8289912182
20
644757.7328037717
10
1167437.5810981991
20
644757.50855838
10
1167437.2068550952
20
644757.1722081002
10
1167436.7062619068
20
644756.7237529327
10
1167436.0793186335
20
644756.1631928773
10
1167435.560642932
20
644755.6957912978
10
1167435.1502348022
20
644755.3215481939
10
1167434.848094244
20
644755.0404635658
10
1167434.6542212577
20
644754.8525374136
10
1167434.3701632123
20
644754.5853768807
10
1167433.9959201084
20
644754.2389819673
10
1167433.531491946
20
644753.8133526732
10
1167432.9768787248
20
644753.3084889987
10
1167432.500078224
20
644752.8689356095
10
1167432.1010904443
20
644752.4946925056
10
1167431.7799153845
20
644752.1857596871
10
1167431.5365530453
20
644751.942137154
10
1167431.2277503237
20
644751.6288563679
10
1167430.8535072198
20
644751.2459173284
10
1167430.4138237336
20
644750.7933200358
10
1167429.908699865
20
644750.2710644901
10
1167429.476173468
20
644749.8228151652
10
1167429.116244542
20
644749.4485720615
10
1167428.8289130877
20
644749.1483351786
10
1167428.6141791046
20
644748.9221045166
10
1167428.3196905612
20
644748.6196612205
10
1167427.9454474573
20
644748.24100529
10
1167427.4914497929
20
644747.7861367251
10
1167426.9576975685
20
644747.2550555259
10
1167426.4968224983
20
644746.8023933744
0
LWPOLYLINE
5
35
330
C
100
AcDbEntity
8
C-TOPO-MAJR-E
100
AcDbPolyline
90
414
70
0
43
0
38
0
39
0
10
1167613.652864253
20
644831.1282073096
10
1167612.9043780454
20
644830.4837507932
10
1167612.3361255187
20
644829.9942960892
10
1167611.9481066735
20
644829.6598431977
10
1167611.7403215093
20
644829.4803921187
10
1167611.7127700262
20
644829.4559428522
10
1167611.5118727328
20
644829.2721298398
10
1167611.1376296289
20
644828.9289530815
10
1167610.5900407147
20
644828.4264125775
10
1167609.86910599
20
644827.7645083278
10
1167609.3002564365
20
644827.2464346511
10
1167608.883492054
20
644826.8721915472
10
1167608.6188128425
20
644826.6417790162
10
1167608.506218802
20
644826.5551970582
10
1167608.26280023
20
644826.369069633
10
1167607.888557126
20
644826.0833967403
10
1167607.3834894905
20
644825.69817838
10
1167606.7475973233
20
644825.2134145524
10
1167606.1906845332
20
644824.7839110866
10
1167605.7127511206
20
644824.4096679828
10
1167605.3137970848
20
644824.0906852409
10
1167604.9938224263
20
644823.8269628608
10
1167604.646713545
20
644823.5275693163
10
1167604.2724704414
20
644823.1925046075
10
1167603.8710931148
20
644822.8217687341
10
1167603.4425815656
20
644822.4153616966
10
1167603.0256851986
20
644822.0250366258
10
1167602.6204040134
20
644821.6507935219
10
1167602.2267380103
20
644821.292632385
10
1167601.8446871894
20
644820.9505532151
10
1167601.466540227
20
644820.5825635986
10
1167601.0922971233
20
644820.1886635359
10
1167600.721957878
20
644819.7688530266
10
1167600.3555224913
20
644819.3231320706
10
1167600.0278467087
20
644818.9131500408
10
1167599.7389305301
20
644818.538906937
10
1167599.4887739557
20
644818.2004027591
10
1167599.2773769854
20
644817.8976375073
10
1167598.9845569483
20
644817.552192288
10
1167598.6103138444
20
644817.1640671012
10
1167598.154647674
20
644816.7332619469
10
1167597.6175584365
20
644816.2597768252
10
1167597.0770257886
20
644815.8359127124
10
1167596.5330497301
20
644815.4616696087
10
1167595.9856302608
20
644815.1370475137
10
1167595.4347673813
20
644814.8620464278
10
1167594.9722143896
20
644814.6336043854
10
1167594.5979712857
20
644814.4517213869
10
1167594.3120380698
20
644814.316397432
10
1167594.1144147418
20
644814.2276325207
10
1167593.7790756938
20
644814.0935900747
10
1167593.306020926
20
644813.9142700934
10
1167592.695250438
20
644813.6896725774
10
1167591.9467642307
20
644813.4197975267
10
1167591.2148475333
20
644813.1199296771
10
1167590.4995003461
20
644812.7900690287
10
1167589.8007226693
20
644812.4302155819
10
1167589.1185145034
20
644812.0403693364
10
1167588.5902888682
20
644811.7374708663
10
1167588.2160457643
20
644811.5215201718
10
1167587.9957851917
20
644811.3925172526
10
1167587.9295071503
20
644811.350462109
10
1167587.6926770674
20
644811.222672957
10
1167587.285294943
20
644811.0091497966
10
1167586.7073607768
20
644810.7098926279
10
1167585.9588745693
20
644810.3249014508
10
1167585.2103883615
20
644809.9616828758
10
1167584.4619021541
20
644809.620236903
10
1167583.7134159463
20
644809.3005635322
10
1167582.9649297385
20
644809.0026627635
10
1167582.3924317379
20
644808.7733524074
10
1167581.9959219438
20
644808.6126324639
10
1167581.7754003569
20
644808.5205029331
10
1167581.7308669768
20
644808.4969638148
10
1167581.521478735
20
644808.4051914705
10
1167581.147235631
20
644808.2451859
10
1167580.6081376653
20
644808.0169471035
10
1167579.9041848378
20
644807.7204750809
10
1167579.1890986653
20
644807.4398022891
10
1167578.4628791476
20
644807.1749287281
10
1167577.725526285
20
644806.9258543979
10
1167576.977040077
20
644806.6925792987
10
1167576.2285538693
20
644806.4968875683
10
1167575.4800676615
20
644806.3387792064
10
1167574.731581454
20
644806.2182542133
10
1167573.9830952466
20
644806.135312589
10
1167573.234609039
20
644806.058153888
10
1167572.4861228312
20
644805.98677811
10
1167571.7376366234
20
644805.9211852555
10
1167570.9891504156
20
644805.8613753241
10
1167570.3143550674
20
644805.797520993
10
1167569.7132505788
20
644805.7296222623
10
1167569.1858369494
20
644805.657679132
10
1167568.7321141793
20
644805.5816916019
10
1167568.3181312424
20
644805.5053964122
10
1167567.9438881385
20
644805.4287935633
10
1167567.6093848678
20
644805.3518830547
10
1167567.3146214301
20
644805.2746648865
10
1167566.9064273
20
644805.0557383224
10
1167566.3848024772
20
644804.6951033624
10
1167565.749746962
20
644804.1927600062
10
1167565.0012607547
20
644803.548708254
10
1167564.4366355706
20
644803.0588653679
10
1167564.0558714108
20
644802.7232313482
10
1167563.8589682744
20
644802.5418061946
10
1167563.8459261623
20
644802.5145899071
10
1167563.724291754
20
644802.3070561397
10
1167563.4940650493
20
644801.9192048921
10
1167563.1552460487
20
644801.3510361646
10
1167562.7078347518
20
644800.6025499569
10
1167562.3002680796
20
644799.973597463
10
1167561.9325460317
20
644799.464178683
10
1167561.6046686086
20
644799.0742936168
10
1167561.31663581
20
644798.8039422643
10
1167560.9134896593
20
644798.5100174568
10
1167560.395230156
20
644798.1925191941
10
1167559.7618573005
20
644797.8514474764
10
1167559.0133710932
20
644797.4868023037
10
1167558.4075066657
20
644797.1849460035
10
1167557.944264018
20
644796.9458785758
10
1167557.6236431506
20
644796.7696000207
10
1167557.4456440634
20
644796.6561103384
10
1167557.1695229677
20
644796.45828664
10
1167556.795279864
20
644796.1761289256
10
1167556.322914752
20
644795.8096371954
10
1167555.7524276315
20
644795.3588114494
10
1167555.2489732988
20
644794.9462770245
10
1167554.8125517536
20
644794.5720339206
10
1167554.443162996
20
644794.2360821378
10
1167554.1408070263
20
644793.9384216764
10
1167553.8025074895
20
644793.620569158
10
1167553.4282643858
20
644793.2825245829
10
1167553.0180777148
20
644792.924287951
10
1167552.571947477
20
644792.5458592621
10
1167552.0502282467
20
644792.1879525027
10
1167551.452920024
20
644791.8505676728
10
1167550.7800228088
20
644791.5337047721
10
1167550.031536601
20
644791.2373638011
10
1167549.2830503932
20
644791.0183958723
10
1167548.5345641854
20
644790.876800986
10
1167547.7860779779
20
644790.8125791422
10
1167547.0375917705
20
644790.8257303406
10
1167546.289105563
20
644790.8179147746
10
1167545.5406193552
20
644790.7891324444
10
1167544.7921331474
20
644790.7393833494
10
1167544.0436469396
20
644790.6686674901
10
1167543.474824878
20
644790.6115926239
10
1167543.085666962
20
644790.5681587507
10
1167542.8761731922
20
644790.5383658707
10
1167542.8463435683
20
644790.5222139838
10
1167542.6443072045
20
644790.4170113641
10
1167542.2700641006
20
644790.2227580117
10
1167541.7236142568
20
644789.9394539265
10
1167541.0049576731
20
644789.5670991086
10
1167540.3165929313
20
644789.1938001479
10
1167539.6585200317
20
644788.819557044
10
1167539.0307389735
20
644788.4443697971
10
1167538.4332497576
20
644788.0682384074
10
1167537.9473835975
20
644787.7627407314
10
1167537.5731404936
20
644787.5278767692
10
1167537.310520446
20
644787.3636465208
10
1167537.1595234545
20
644787.2700499862
10
1167536.8591541587
20
644787.045286153
10
1167536.409412559
20
644786.6893550212
10
1167535.8102986552
20
644786.2022565907
10
1167535.0618124478
20
644785.5839908615
10
1167534.485454951
20
644785.1111355787
10
1167534.0812261645
20
644784.7836907422
10
1167533.849126089
20
644784.6016563519
10
1167533.7891547242
20
644784.565032408
10
1167533.6342148834
20
644784.3504428981
10
1167533.3843065668
20
644783.9578878222
10
1167533.0394297745
20
644783.3873671804
10
1167532.599584506
20
644782.6388809729
10
1167532.2671334217
20
644781.8903947652
10
1167532.042076522
20
644781.1419085574
10
1167531.9244138068
20
644780.3934223498
10
1167531.9141452755
20
644779.6449361421
10
1167531.9117117694
20
644778.8964499345
10
1167531.917113288
20
644778.1479637269
10
1167531.9303498317
20
644777.3994775191
10
1167531.9514214003
20
644776.6509913115
10
1167531.9074249966
20
644775.9025051037
10
1167531.7983606202
20
644775.1540188962
10
1167531.6242282717
20
644774.4055326884
10
1167531.3850279506
20
644773.6570464808
10
1167531.200559637
20
644773.0832857328
10
1167531.0708233314
20
644772.6842504445
10
1167530.995819033
20
644772.4599406159
10
1167530.9755467419
20
644772.4103562471
10
1167530.902774487
20
644772.1984425107
10
1167530.777502268
20
644771.8241994069
10
1167530.599730085
20
644771.2876269356
10
1167530.3694579385
20
644770.5887250968
10
1167530.141885978
20
644769.8774271659
10
1167529.9170142035
20
644769.1537331427
10
1167529.6948426156
20
644768.4176430271
10
1167529.4753712136
20
644767.6691568193
10
1167529.2360819976
20
644766.9840419549
10
1167528.9769749672
20
644766.3622984336
10
1167528.6980501225
20
644765.8039262553
10
1167528.3993074633
20
644765.3089254202
10
1167528.1236790759
20
644764.8743034507
10
1167527.8711649599
20
644764.5000603469
10
1167527.6417651155
20
644764.1861961087
10
1167527.4354795425
20
644763.9327107362
10
1167527.1452152042
20
644763.6619956858
10
1167526.7709721006
20
644763.3740509576
10
1167526.3127502312
20
644763.0688765516
10
1167525.7705495965
20
644762.7464724676
10
1167525.1767775686
20
644762.4508670117
10
1167524.5314341472
20
644762.1820601838
10
1167523.8345193327
20
644761.9400519839
10
1167523.086033125
20
644761.724842412
10
1167522.3739256258
20
644761.5107170951
10
1167521.698196835
20
644761.2976760333
10
1167521.0588467529
20
644761.0857192264
10
1167520.455875379
20
644760.8748466745
10
1167519.9672681403
20
644760.705261257
10
1167519.5930250364
20
644760.5769629739
10
1167519.3331460673
20
644760.4899518255
10
1167519.1876312336
20
644760.4442278113
10
1167518.8913735563
20
644760.3736092981
10
1167518.4443730356
20
644760.2780962859
10
1167517.8466296713
20
644760.1576887744
10
1167517.0981434635
20
644760.0123867638
10
1167516.3496572557
20
644759.9036634946
10
1167515.601171048
20
644759.8315189669
10
1167514.8526848403
20
644759.7959531804
10
1167514.104198633
20
644759.7969661353
10
1167513.3557124254
20
644759.8093178465
10
1167512.6072262176
20
644759.8330083143
10
1167511.8587400098
20
644759.8680375385
10
1167511.110253802
20
644759.9144055191
10
1167510.3617675945
20
644759.9488681251
10
1167509.613281387
20
644759.9714253565
10
1167508.864795179
20
644759.9820772131
10
1167508.1163089718
20
644759.9808236952
10
1167507.367822764
20
644759.9278208988
10
1167506.6193365562
20
644759.8230688241
10
1167505.8708503484
20
644759.6665674711
10
1167505.122364141
20
644759.4583168396
10
1167504.4327534658
20
644759.2032946239
10
1167503.8020183234
20
644758.9015008234
10
1167503.2301587136
20
644758.5529354387
10
1167502.7171746362
20
644758.1575984696
10
1167502.2735610458
20
644757.8040106037
10
1167501.899317942
20
644757.4921718411
10
1167501.594445325
20
644757.2220821818
10
1167501.3589431942
20
644756.9937416258
10
1167501.0566507867
20
644756.6924497959
10
1167500.6875681016
20
644756.3182066921
10
1167500.2516951396
20
644755.8710123143
10
1167499.7490319002
20
644755.3508666627
10
1167499.3105787286
20
644754.8522809391
10
1167498.9363356247
20
644754.3752551436
10
1167498.6263025885
20
644753.9197892763
10
1167498.3804796203
20
644753.485883337
10
1167498.1520343586
20
644753.0818088155
10
1167497.9409668038
20
644752.7075657116
10
1167497.7472769553
20
644752.3631540255
10
1167497.5709648137
20
644752.048573757
10
1167497.345266134
20
644751.6255170039
10
1167497.070180917
20
644751.0939837658
10
1167496.745709162
20
644750.453974043
10
1167496.3718508692
20
644749.7054878353
10
1167496.0418782064
20
644749.0768314372
10
1167495.7557911733
20
644748.5680048484
10
1167495.5135897703
20
644748.1790080692
10
1167495.3152739971
20
644747.9098410995
10
1167495.0573665302
20
644747.5881360627
10
1167494.7398673699
20
644747.2138929588
10
1167494.3627765155
20
644746.7871117879
10
1167493.9260939679
20
644746.30779255
10
1167493.520631142
20
644745.8783150857
10
1167493.146388038
20
644745.4986793948
10
1167492.8033646562
20
644745.1688854776
10
1167492.4915609965
20
644744.8889333339
10
1167492.07418965
20
644744.5618357102
10
1167491.5512506163
20
644744.1875926063
10
1167490.922743896
20
644743.7662040223
10
1167490.1886694892
20
644743.2976699586
10
1167489.6345107337
20
644742.9443174097
10
1167489.26026763
20
644742.7061463757
10
1167489.0659401778
20
644742.5831568569
10
1167489.0515283768
20
644742.5753488533
10
1167488.8535979744
20
644742.4183052992
10
1167488.4721489702
20
644742.1120261953
10
1167487.9071813643
20
644741.656511541
10
1167487.158695157
20
644741.0517613366
10
1167486.557491648
20
644740.5642166834
10
1167486.1035708382
20
644740.1938775815
10
1167485.796932727
20
644739.9407440308
10
1167485.6375773149
20
644739.8048160311
10
1167485.3707780568
20
644739.6144876755
10
1167484.996534953
20
644739.3697589636
10
1167484.5148480034
20
644739.0706298957
10
1167483.9257172078
20
644738.7171004717
10
1167483.2967475592
20
644738.3588597033
10
1167482.6279390578
20
644737.9959075906
10
1167481.919291703
20
644737.6282441337
10
1167481.1708054955
20
644737.2558693322
10
1167480.5962736306
20
644736.9709427357
10
1167480.1956961085
20
644736.7734643437
10
1167479.9690729291
20
644736.6634341568
10
1167479.9164040927
20
644736.6408521745
10
1167479.7029481223
20
644736.558255509
10
1167479.3287050184
20
644736.4156441602
10
1167478.793674781
20
644736.2130181282
10
1167478.09785741
20
644735.9503774131
10
1167477.3888728297
20
644735.6620390988
10
1167476.6667210402
20
644735.3480031855
10
1167475.9314020416
20
644735.0082696732
10
1167475.1829158342
20
644734.6428385619
10
1167474.554467631
20
644734.3386616332
10
1167474.0460574324
20
644734.0957388869
10
1167473.6576852386
20
644733.9140703232
10
1167473.3893510494
20
644733.7936559422
10
1167473.0680624028
20
644733.6494474777
10
1167472.693819299
20
644733.4814449297
10
1167472.266621738
20
644733.2896482983
10
1167471.7864697194
20
644733.0740575836
10
1167471.2392341536
20
644732.8365407415
10
1167470.6249150406
20
644732.577097772
10
1167469.9435123801
20
644732.2957286754
10
1167469.1950261728
20
644731.9924334517
10
1167468.4644300824
20
644731.7075619665
10
1167467.7517241093
20
644731.44111422
10
1167467.0569082536
20
644731.1930902123
10
1167466.3799825157
20
644730.9634899432
10
1167465.8543980946
20
644730.7840604457
10
1167465.4801549907
20
644730.6548017196
10
1167465.257253204
20
644730.575713765
10
1167465.1856927348
20
644730.5467965816
10
1167464.9449008307
20
644730.4636354772
10
1167464.5348774923
20
644730.3262304519
10
1167463.9556227191
20
644730.1345815053
10
1167463.2071365113
20
644729.8886886378
10
1167462.4586503035
20
644729.649355355
10
1167461.7101640957
20
644729.4165816572
10
1167460.9616778882
20
644729.1903675443
10
1167460.2131916808
20
644728.9707130161
10
1167459.5284792446
20
644728.742466713
10
1167458.90754058
20
644728.5056286346
10
1167458.350375687
20
644728.260198781
10
1167457.8569845655
20
644728.0061771523
10
1167457.423167453
20
644727.7819538873
10
1167457.048924349
20
644727.5875289864
10
1167456.734255254
20
644727.4229024492
10
1167456.4791601677
20
644727.2880742758
10
1167456.1007173012
20
644727.0604080311
10
1167455.5989266543
20
644726.739903715
10
1167454.973788227
20
644726.3265613273
10
1167454.2253020194
20
644725.8203808683
10
1167453.6306391866
20
644725.4138761301
10
1167453.1897997283
20
644725.1070471129
10
1167452.9027836453
20
644724.8998938167
10
1167452.7695909368
20
644724.7924162414
10
1167452.5158730308
20
644724.5818743394
10
1167452.1416299269
20
644724.2682681108
10
1167451.6468616254
20
644723.8515975556
10
1167451.0315681263
20
644723.3318626735
10
1167450.5012843776
20
644722.8848736807
10
1167450.0560103797
20
644722.5106305769
10
1167449.6957461326
20
644722.209133362
10
1167449.4204916367
20
644721.9803820363
10
1167449.0957428366
20
644721.6984790659
10
1167448.7214997327
20
644721.3634244506
10
1167448.297762325
20
644720.9752181908
10
1167447.8245306136
20
644720.5338602862
10
1167447.3859872154
20
644720.126059782
10
1167446.9821321305
20
644719.7518166781
10
1167446.612965359
20
644719.4111309748
10
1167446.2784869005
20
644719.1040026717
10
1167445.9241261194
20
644718.7466071286
10
1167445.5498830155
20
644718.3389443456
10
1167445.1557575888
20
644717.8810143225
10
1167444.7417498394
20
644717.3728170595
10
1167444.3631979758
20
644716.931596876
10
1167444.020101998
20
644716.5573537722
10
1167443.7124619058
20
644716.2500877479
10
1167443.4402776994
20
644716.0097988033
10
1167443.117064044
20
644715.7371440637
10
1167442.7428209404
20
644715.4321235291
10
1167442.317548388
20
644715.0947371997
10
1167441.8412463868
20
644714.7249850753
10
1167441.296898334
20
644714.4238290587
10
1167440.6845042296
20
644714.1912691499
10
1167440.0040640736
20
644714.0273053489
10
1167439.255577866
20
644713.9319376557
10
1167438.534471661
20
644713.7895702883
10
1167437.8407454588
20
644713.6002032467
10
1167437.1743992595
20
644713.3638365308
10
1167436.5354330628
20
644713.0804701408
10
1167436.0288284125
20
644712.8456711243
10
1167435.6545853089
20
644712.6594394816
10
1167435.4127037514
20
644712.5217752121
10
1167435.3031837402
20
644712.4326783165
10
1167435.03392218
20
644712.2955325738
10
1167434.6049190706
20
644712.1103379844
10
1167434.016174412
20
644711.877094548
10
1167433.2676882048
20
644711.5958022648
10
1167432.5192019972
20
644711.3111808405
10
1167431.7707157894
20
644711.0232302756
10
1167431.0222295816
20
644710.7319505697
10
1167430.2737433738
20
644710.4373417227
10
1167429.6258200358
20
644710.1955130422
10
1167429.0784595676
20
644710.0064645277
10
1167428.6316619692
20
644709.8701961797
10
1167428.2854272402
20
644709.7867079978
10
1167427.925188324
20
644709.7143923466
10
1167427.55094522
20
644709.6532492258
10
1167427.1626979287
20
644709.6032786357
10
1167426.76044645
20
644709.564480576
0
LWPOLYLINE
5
36
330
C
100
AcDbEntity
8
C-TOPO-MAJR-E
100
AcDbPolyline
90
511
70
0
43
0
38
0
39
0
10
1167643.59231256
20
644831.1886200445
10
1167642.8438263522
20
644830.6767014482
10
1167642.2396799
20
644830.2621653383
10
1167641.7798732035
20
644829.9450117149
10
1167641.4644062624
20
644829.7252405781
10
1167641.2932790767
20
644829.6028519277
10
1167641.0205939321
20
644829.4022075486
10
1167640.6463508282
20
644829.1233074408
10
1167640.1705497652
20
644828.7661516042
10
1167639.5931907431
20
644828.3307400388
10
1167639.0767238764
20
644827.9259127042
10
1167638.6211491649
20
644827.5516696004
10
1167638.2264666087
20
644827.2080107273
10
1167637.8926762077
20
644826.894936085
10
1167637.5386594555
20
644826.5786213098
10
1167637.1644163518
20
644826.259066402
10
1167636.7699468965
20
644825.9362713613
10
1167636.3552510894
20
644825.6102361877
10
1167635.9057426516
20
644825.260097049
10
1167635.4214215828
20
644824.885853945
10
1167634.9022878828
20
644824.4875068761
10
1167634.3483415518
20
644824.065055842
10
1167633.8842468346
20
644823.7105627633
10
1167633.5100037307
20
644823.42402764
10
1167633.2256122404
20
644823.2054504722
10
1167633.0310723637
20
644823.0548312597
10
1167632.6980459043
20
644822.7975032638
10
1167632.226532862
20
644822.4334664848
10
1167631.616533237
20
644821.9627209223
10
1167630.8680470292
20
644821.3852665765
10
1167630.2988696941
20
644820.9470726548
10
1167629.9090012317
20
644820.6481391572
10
1167629.6984416414
20
644820.4884660837
10
1167629.6671909238
20
644820.4680534344
10
1167629.4644440133
20
644820.320587516
10
1167629.0902009094
20
644820.0460683283
10
1167628.5444616124
20
644819.6444958717
10
1167627.8272261224
20
644819.1158701462
10
1167627.239220427
20
644818.6644357315
10
1167626.7804445268
20
644818.2901926276
10
1167626.4508984215
20
644817.9931408346
10
1167626.2505821108
20
644817.7732803526
10
1167625.9633024037
20
644817.4260047902
10
1167625.5890592998
20
644816.9513141476
10
1167625.1278527994
20
644816.3492084246
10
1167624.5796829024
20
644815.6196876215
10
1167624.1644240664
20
644815.0678056679
10
1167623.882076292
20
644814.6935625642
10
1167623.7326395789
20
644814.49695831
10
1167623.716113927
20
644814.4779929055
10
1167623.5207295492
20
644814.2777816091
10
1167623.1464864453
20
644813.8963244206
10
1167622.5933846156
20
644813.3336213402
10
1167621.8614240596
20
644812.5896723677
10
1167621.3111267195
20
644812.0305763296
10
1167620.942492595
20
644811.6563332258
10
1167620.7555216858
20
644811.4669430562
10
1167620.7502139925
20
644811.462405821
10
1167620.578194309
20
644811.2718813426
10
1167620.2394626355
20
644810.8953696211
10
1167619.7340189714
20
644810.3328706566
10
1167619.0618633172
20
644809.584384449
10
1167618.5399908614
20
644809.0007314084
10
1167618.1684016045
20
644808.5819115348
10
1167617.9470955457
20
644808.3279248284
10
1167617.8760726855
20
644808.2387712892
10
1167617.6356839882
20
644808.0081852488
10
1167617.2259294544
20
644807.6361667071
10
1167616.6468090834
20
644807.1227156643
10
1167615.898322876
20
644806.4678321204
10
1167615.3357366635
20
644805.9755571814
10
1167614.9590504463
20
644805.6458908473
10
1167614.768264224
20
644805.478833118
10
1167614.763377997
20
644805.4743839934
10
1167614.5738133318
20
644805.3425422456
10
1167614.1995702279
20
644805.0833078747
10
1167613.6406486856
20
644804.6966808804
10
1167612.897048705
20
644804.1826612629
10
1167612.241481335
20
644803.7385299022
10
1167611.6739465757
20
644803.3642867983
10
1167611.1944444268
20
644803.0599319513
10
1167610.8029748886
20
644802.8254653612
10
1167610.4201185675
20
644802.5967795675
10
1167610.0458754636
20
644802.3738745704
10
1167609.6802455771
20
644802.1567503697
10
1167609.3232289075
20
644801.9454069656
10
1167608.8683448534
20
644801.7117338929
10
1167608.3155934147
20
644801.4557311519
10
1167607.6649745915
20
644801.1773987422
10
1167606.9164883841
20
644800.8767366641
10
1167606.2074860735
20
644800.5921199241
10
1167605.53796766
20
644800.3235485224
10
1167604.9079331437
20
644800.0710224588
10
1167604.3173825245
20
644799.8345417334
10
1167603.8349856632
20
644799.6394855481
10
1167603.4607425593
20
644799.485853903
10
1167603.194653213
20
644799.3736467978
10
1167603.0367176244
20
644799.3028642328
10
1167602.7311443812
20
644799.1188590741
10
1167602.277933483
20
644798.8216313215
10
1167601.6770849302
20
644798.4111809753
10
1167600.9285987227
20
644797.8875080354
10
1167600.2823223285
20
644797.4562456547
10
1167599.7382557483
20
644797.1173938335
10
1167599.2963989815
20
644796.8709525714
10
1167598.9567520283
20
644796.7169218687
10
1167598.5998069998
20
644796.5541725109
10
1167598.225563896
20
644796.3827044978
10
1167597.8340227166
20
644796.2025178296
10
1167597.425183462
20
644796.0136125064
10
1167596.935089441
20
644795.7320382928
10
1167596.3637406533
20
644795.3577951889
10
1167595.7111370987
20
644794.8908831949
10
1167594.9772787779
20
644794.3313023106
10
1167594.4232280655
20
644793.908292702
10
1167594.0489849616
20
644793.6218543694
10
1167593.8545494662
20
644793.4719873125
10
1167593.8399215797
20
644793.4586915314
10
1167593.6418291125
20
644793.2969897116
10
1167593.2602720656
20
644792.986881853
10
1167592.695250438
20
644792.5283679556
10
1167591.9467642307
20
644791.9214480194
10
1167591.3208831628
20
644791.4341904446
10
1167590.8176072342
20
644791.0665952314
10
1167590.436936446
20
644790.8186623794
10
1167590.1788707972
20
644790.6903918891
10
1167589.862716421
20
644790.5055265138
10
1167589.4884733171
20
644790.2640662536
10
1167589.0561414857
20
644789.9660111086
10
1167588.5657209267
20
644789.6113610787
10
1167588.0928407428
20
644789.2469145118
10
1167587.6375009343
20
644788.8726714079
10
1167587.1997015006
20
644788.4886317671
10
1167586.779442442
20
644788.0947955893
10
1167586.382191361
20
644787.7016510973
10
1167586.007948257
20
644787.3091982913
10
1167585.6567131307
20
644786.9174371709
10
1167585.3284859818
20
644786.5263677363
10
1167584.9816918864
20
644786.1437114672
10
1167584.6163308448
20
644785.7694683634
10
1167584.2324028572
20
644785.4036384248
10
1167583.8299079232
20
644785.0462216518
10
1167583.4415389043
20
644784.7197792985
10
1167583.0672958004
20
644784.424311365
10
1167582.7071786115
20
644784.1598178515
10
1167582.3611873377
20
644783.9262987578
10
1167581.9145723304
20
644783.660507061
10
1167581.3673335896
20
644783.3624427612
10
1167580.7194711154
20
644783.0321058582
10
1167579.970984908
20
644782.6694963523
10
1167579.329071837
20
644782.3594498208
10
1167578.7937319023
20
644782.1019662637
10
1167578.3649651043
20
644781.8970456813
10
1167578.0427714428
20
644781.7446880733
10
1167577.6945530602
20
644781.5791317383
10
1167577.3203099563
20
644781.4003766762
10
1167576.9200421313
20
644781.2084228874
10
1167576.493749585
20
644781.0032703714
10
1167575.9869086235
20
644780.79968383
10
1167575.3995192463
20
644780.5976632631
10
1167574.731581454
20
644780.3972086706
10
1167573.9830952466
20
644780.1983200526
10
1167573.2407854174
20
644779.9630423207
10
1167572.5046519667
20
644779.6913754749
10
1167571.7746948947
20
644779.383319515
10
1167571.0509142012
20
644779.0388744413
10
1167570.5019023027
20
644778.7399565927
10
1167570.1276591988
20
644778.4865659693
10
1167569.9281848897
20
644778.2787025709
10
1167569.9034793754
20
644778.1163663978
10
1167569.8381420085
20
644777.8480767593
10
1167569.7321727888
20
644777.4738336555
10
1167569.585571716
20
644776.9936370862
10
1167569.3983387905
20
644776.4074870517
10
1167569.1176007758
20
644775.9444027712
10
1167568.743357672
20
644775.6043842449
10
1167568.2756094788
20
644775.3874314725
10
1167567.714356197
20
644775.2935444543
10
1167567.1062946834
20
644775.1862817947
10
1167566.4514249384
20
644775.0656434939
10
1167565.749746962
20
644774.9316295518
10
1167565.0012607547
20
644774.7842399685
10
1167564.2527745469
20
644774.5924839848
10
1167563.504288339
20
644774.3563616006
10
1167562.7558021313
20
644774.0758728161
10
1167562.007315924
20
644773.7510176313
10
1167561.3251459638
20
644773.4617876373
10
1167560.7092922516
20
644773.2081828343
10
1167560.159754787
20
644772.9902032221
10
1167559.6765335703
20
644772.807848801
10
1167559.24780141
20
644772.6364411185
10
1167558.8735583061
20
644772.4759801748
10
1167558.5538042588
20
644772.32646597
10
1167558.288539268
20
644772.1878985038
10
1167557.9024689728
20
644771.9721482357
10
1167557.3955933736
20
644771.6792151654
10
1167556.7679124703
20
644771.3090992931
10
1167556.0194262625
20
644770.8618006189
10
1167555.4149225645
20
644770.4856715964
10
1167554.9544013764
20
644770.1807122256
10
1167554.6378626982
20
644769.9469225067
10
1167554.4653065298
20
644769.7843024393
10
1167554.2758258563
20
644769.475215837
10
1167554.0694206776
20
644769.0196626997
10
1167553.846090994
20
644768.4176430271
10
1167553.6058368057
20
644767.6691568193
10
1167553.4156702035
20
644766.9206706117
10
1167553.2755911876
20
644766.1721844041
10
1167553.1855997578
20
644765.4236981964
10
1167553.145695914
20
644764.6752119887
10
1167553.0581590398
20
644763.926725781
10
1167552.9229891347
20
644763.1782395735
10
1167552.740186199
20
644762.4297533657
10
1167552.5097502328
20
644761.6812671581
10
1167552.3205892479
20
644761.0730557316
10
1167552.1727032443
20
644760.6051190861
10
1167552.0660922222
20
644760.2774572219
10
1167552.0007561815
20
644760.0900701389
10
1167551.907964952
20
644759.8092550454
10
1167551.7877185338
20
644759.4350119416
10
1167551.6400169267
20
644758.9673408273
10
1167551.464860131
20
644758.4062417027
10
1167551.2970629563
20
644757.7982958073
10
1167551.1366254021
20
644757.1435031412
10
1167550.9835474687
20
644756.4418637044
10
1167550.8378291563
20
644755.6933774967
10
1167550.621637647
20
644754.9501706401
10
1167550.3349729409
20
644754.2122431345
10
1167549.9778350382
20
644753.4795949799
10
1167549.5502239387
20
644752.7522261764
10
1167549.2255806408
20
644752.2014202226
10
1167549.0039051445
20
644751.827177119
10
1167548.8851974502
20
644751.629496865
10
1167548.869457557
20
644751.6083794606
10
1167548.6744660588
20
644751.4560483112
10
1167548.300222955
20
644751.1725034164
10
1167547.7467282456
20
644750.7577447763
10
1167547.013981931
20
644750.2117723909
10
1167546.3823498075
20
644749.7516646462
10
1167545.8518318755
20
644749.3774215423
10
1167545.4224281348
20
644749.0890430793
10
1167545.0941385853
20
644748.8865292572
10
1167544.7428722586
20
644748.6812742557
10
1167544.3686291547
20
644748.4732780751
10
1167543.9714092738
20
644748.2625407154
10
1167543.5512126156
20
644748.0490621765
10
1167543.04894357
20
644747.8142708312
10
1167542.464602137
20
644747.5581666795
10
1167541.7981883166
20
644747.2807497215
10
1167541.049702109
20
644746.9820199569
10
1167540.4044751152
20
644746.6989031576
10
1167539.862507335
20
644746.4313993233
10
1167539.4237987683
20
644746.1795084539
10
1167539.0883494155
20
644745.9432305496
10
1167538.733503187
20
644745.690621536
10
1167538.3592600832
20
644745.4216814134
10
1167537.9656201038
20
644745.1364101815
10
1167537.5525832493
20
644744.8348078405
10
1167537.150317952
20
644744.4968851181
10
1167536.758824212
20
644744.1226420144
10
1167536.3781020301
20
644743.7120785292
10
1167536.0081514055
20
644743.2651946624
10
1167535.6360545414
20
644742.8205390187
10
1167535.2618114376
20
644742.378111598
10
1167534.885422094
20
644741.9379124001
10
1167534.5068865109
20
644741.4999414252
10
1167534.16355227
20
644741.0938343857
10
1167533.8554193713
20
644740.719591282
10
1167533.5824878148
20
644740.3772121137
10
1167533.344757601
20
644740.0666968809
10
1167533.038770942
20
644739.7563301199
10
1167532.6645278381
20
644739.4461118305
10
1167532.2220282895
20
644739.1360420128
10
1167531.7112722956
20
644738.8261206669
10
1167531.1890511434
20
644738.4840384419
10
1167530.6553648328
20
644738.1097953382
10
1167530.1102133633
20
644737.7033913555
10
1167529.5535967352
20
644737.2648264936
10
1167529.0881668692
20
644736.8951414344
10
1167528.7139237653
20
644736.5943361775
10
1167528.4308674238
20
644736.362410723
10
1167528.238997844
20
644736.199365071
10
1167527.9079741077
20
644735.9483293882
10
1167527.437796214
20
644735.6093036747
10
1167526.8284641632
20
644735.1822879304
10
1167526.0799779557
20
644734.6672821554
10
1167525.4763516437
20
644734.263419129
10
1167525.0175852277
20
644733.970698851
10
1167524.7036787074
20
644733.7891213219
10
1167524.5346320823
20
644733.7186865413
10
1167524.262987218
20
644733.6023733439
10
1167523.8887441144
20
644733.4401817298
10
1167523.4119027709
20
644733.232111699
10
1167522.832463188
20
644732.9781632512
10
1167522.2107619487
20
644732.7301946392
10
1167521.5467990534
20
644732.4882058629
10
1167520.8405745018
20
644732.2521969224
10
1167520.0920882944
20
644732.0221678177
10
1167519.3436020869
20
644731.8248802121
10
1167518.595115879
20
644731.6603341056
10
1167517.8466296713
20
644731.528529498
10
1167517.0981434635
20
644731.4294663897
10
1167516.3496572557
20
644731.3894374965
10
1167515.601171048
20
644731.4084428187
10
1167514.8526848403
20
644731.486482356
10
1167514.104198633
20
644731.6235561084
10
1167513.3906896645
20
644731.8378531499
10
1167512.712157935
20
644732.1293734803
10
1167512.0686034448
20
644732.4981170996
10
1167511.4600261936
20
644732.944084008
10
1167510.9686160162
20
644733.3094814646
10
1167510.5943729123
20
644733.5943094696
10
1167510.3372968822
20
644733.7985680229
10
1167510.1973879258
20
644733.9222571244
10
1167509.9053346564
20
644734.1446911679
10
1167509.461137074
20
644734.4658701532
10
1167508.864795179
20
644734.8857940803
10
1167508.1163089718
20
644735.4044629494
10
1167507.3811944663
20
644735.8199966603
10
1167506.659451663
20
644736.1323952132
10
1167505.951080562
20
644736.3416586083
10
1167505.2560811634
20
644736.4477868455
10
1167504.7214599121
20
644736.5300291461
10
1167504.3472168082
20
644736.5883855104
10
1167504.1333518517
20
644736.6228559383
10
1167504.079865043
20
644736.6334404296
10
1167504.0334418195
20
644736.6387326752
10
1167503.9940821815
20
644736.6387326752
10
1167503.961786129
20
644736.6334404296
10
1167503.9365536626
20
644736.6228559383
10
1167503.7368158773
20
644736.5469755374
10
1167503.3625727734
20
644736.4057992273
10
1167502.813824351
20
644736.1993270079
10
1167502.09057061
20
644735.927558879
10
1167501.3610087524
20
644735.6224320291
10
1167500.625138778
20
644735.2839464581
10
1167499.882960687
20
644734.912102166
10
1167499.1344744796
20
644734.5068991526
10
1167498.5480824178
20
644734.1851181263
10
1167498.123784502
20
644733.9467590869
10
1167497.8615807323
20
644733.7918220344
10
1167497.761471109
20
644733.7203069689
10
1167497.5242947452
20
644733.5523977957
10
1167497.1500516413
20
644733.288094515
10
1167496.6387417973
20
644732.9273971267
10
1167495.9903652132
20
644732.4703056308
10
1167495.39994735
20
644732.054638331
10
1167494.8674882068
20
644731.6803952272
10
1167494.3929877847
20
644731.3475763192
10
1167493.976446083
20
644731.0561816075
10
1167493.5810536803
20
644730.7807709372
10
1167493.2068105764
20
644730.5213443085
10
1167492.8537167716
20
644730.2779017213
10
1167492.5217722654
20
644730.0504431756
10
1167492.0856923342
20
644729.7609136682
10
1167491.5454769775
20
644729.4093131989
10
1167490.9011261952
20
644728.9956417679
10
1167490.1526399874
20
644728.519899375
10
1167489.5754853587
20
644728.151771263
10
1167489.169662309
20
644727.891257432
10
1167488.9351708384
20
644727.738357882
10
1167488.8720109467
20
644727.6930726129
10
1167488.6533094489
20
644727.5323287761
10
1167488.2790663452
20
644727.2561263719
10
1167487.7492816353
20
644726.8644653999
10
1167487.0639553193
20
644726.3573458605
10
1167486.4711277825
20
644725.9166645387
10
1167485.9707990251
20
644725.542421435
10
1167485.5629690466
20
644725.234616549
10
1167485.247637848
20
644724.9932498806
10
1167484.9028506964
20
644724.7129617718
10
1167484.5286075927
20
644724.3937522224
10
1167484.1249085364
20
644724.0356212321
10
1167483.6917535274
20
644723.6385688013
10
1167483.256915818
20
644723.2529210339
10
1167482.8203954075
20
644722.8786779302
10
1167482.3821922962
20
644722.5158394899
10
1167481.942306484
20
644722.1644057129
10
1167481.535242026
20
644721.8441495871
10
1167481.1609989223
20
644721.5550711124
10
1167480.8195771726
20
644721.2971702886
10
1167480.5109767772
20
644721.0704471159
10
1167480.133173414
20
644720.7699639776
10
1167479.6861670827
20
644720.3957208737
10
1167479.169957784
20
644719.9477178045
10
1167478.5845455169
20
644719.4259547695
10
1167478.1047178316
20
644718.9954016339
10
1167477.730474728
20
644718.6560583978
10
1167477.4618162056
20
644718.4079250611
10
1167477.2987422645
20
644718.2510016237
10
1167477.0063906708
20
644717.9854183531
10
1167476.5847614245
20
644717.6111752493
10
1167476.033854525
20
644717.1282723122
10
1167475.353669973
20
644716.5367095418
10
1167474.826456145
20
644716.0759988755
10
1167474.4522130413
20
644715.7461403136
10
1167474.2309406616
20
644715.5471338555
10
1167474.1626390058
20
644715.4789795016
10
1167473.9420212605
20
644715.2577807729
10
1167473.5690874255
20
644714.883537669
10
1167473.0438375005
20
644714.3562501902
10
1167472.3662714858
20
644713.6759183365
10
1167471.8403669265
20
644713.1431748477
10
1167471.4661238226
20
644712.7580197238
10
1167471.243542174
20
644712.520452965
10
1167471.1726219812
20
644712.4304745714
10
1167470.9859718774
20
644712.1983638227
10
1167470.6835918622
20
644711.8241207188
10
1167470.2654819363
20
644711.30774526
10
1167469.7316420996
20
644710.6492374459
10
1167469.2776006293
20
644710.0646925794
10
1167468.9033575254
20
644709.5541106602
10
1167468.608912788
20
644709.1174916886
10
1167468.3942664173
20
644708.7548356645
10
1167468.1504945653
20
644708.3863861004
10
1167467.877597232
20
644708.0121429965
10
1167467.5755744176
20
644707.6321063528
10
1167467.244426122
20
644707.2462761695
10
1167466.8917304222
20
644706.8316210196
10
1167466.5174873183
20
644706.3881409033
10
1167466.1216968105
20
644705.9158358206
10
1167465.7043588988
20
644705.4147057715
10
1167465.3499919174
20
644704.977019195
10
1167465.0585958664
20
644704.6027760912
10
1167464.8301707462
20
644704.29197646
10
1167464.6647165564
20
644704.0446203015
10
1167464.3948679096
20
644703.683543547
10
1167464.020624806
20
644703.2087461965
10
1167463.541987245
20
644702.62022825
10
1167462.958955227
20
644701.9179897076
10
1167462.5123349936
20
644701.3797488844
10
1167462.2021265444
20
644701.0055057805
10
1167462.0283298802
20
644700.795260396
10
1167461.9909450007
20
644700.7490127309
10
1167461.8277378946
20
644700.52720543
10
1167461.5387085623
20
644700.1298384935
10
1167461.1238570036
20
644699.5569119215
10
1167460.5831832187
20
644698.8084257138
10
1167460.1350709943
20
644698.179173111
10
1167459.7795203303
20
644697.669154113
10
1167459.5165312267
20
644697.2783687199
10
1167459.3461036838
20
644697.0068169318
10
1167459.1394583923
20
644696.6839194857
10
1167458.896595352
20
644696.3096763818
10
1167458.6175145635
20
644695.8840876201
10
1167458.3022160262
20
644695.4071532008
10
1167457.9574452057
20
644694.8740122817
10
1167457.5832021018
20
644694.2846648626
10
1167457.1794867145
20
644693.6391109439
10
1167456.746299044
20
644692.9373505254
10
1167456.4142471259
20
644692.3993487642
10
1167456.1833309603
20
644692.0251056604
10
1167456.0535505472
20
644691.8146212139
10
1167456.0249058863
20
644691.7678954246
10
1167455.8890517687
20
644691.5457295309
10
1167455.645988194
20
644691.1481235324
10
1167455.2957151623
20
644690.5750774294
10
1167454.838232674
20
644689.8265912217
10
1167454.429531043
20
644689.1732055454
10
1167454.0696102695
20
644688.6149204003
10
1167453.7584703537
20
644688.1517357866
10
1167453.4961112954
20
644687.7836517042
10
1167453.2173748817
20
644687.4124881111
10
1167452.9222611126
20
644687.0382450072
10
1167452.6107699883
20
644686.6609223926
10
1167452.2829015085
20
644686.2805202674
10
1167451.9318457167
20
644685.915780939
10
1167451.557602613
20
644685.5667044076
10
1167451.160172197
20
644685.2332906731
10
1167450.7395544692
20
644684.9155397355
10
1167450.267168832
20
644684.5695427147
10
1167449.7430152856
20
644684.195299611
10
1167449.1670938302
20
644683.792810424
10
1167448.5394044654
20
644683.362075154
10
1167448.0384382312
20
644683.0243741611
10
1167447.6641951273
20
644682.7797074454
10
1167447.416675154
20
644682.6280750069
10
1167447.295878311
20
644682.5694768457
10
1167447.0181591269
20
644682.4210503804
10
1167446.5835176012
20
644682.1827956114
10
1167445.9919537348
20
644681.8547125384
10
1167445.2434675274
20
644681.4368011614
10
1167444.574643631
20
644681.0553734615
10
1167443.985482046
20
644680.7104294382
10
1167443.4759827722
20
644680.4019690919
10
1167443.0461458096
20
644680.1299924224
10
1167442.6441057764
20
644679.8772316617
10
1167442.2698626728
20
644679.6436868096
10
1167441.9234164981
20
644679.4293578663
10
1167441.604767253
20
644679.2342448317
10
1167441.1786587671
20
644679.0409675506
10
1167440.6450910405
20
644678.849526023
10
1167440.0040640736
20
644678.659920249
10
1167439.255577866
20
644678.4721502286
10
1167438.5070916582
20
644678.3452275329
10
1167437.7586054509
20
644678.2791521621
10
1167437.010119243
20
644678.273924116
10
1167436.2616330353
20
644678.3295433949
10
1167435.5131468275
20
644678.4094176361
10
1167434.7646606197
20
644678.51354684
10
1167434.016174412
20
644678.6419310063
10
1167433.2676882048
20
644678.7945701353
10
1167432.5192019972
20
644678.9466593595
10
1167431.7707157894
20
644679.0981986792
10
1167431.0222295816
20
644679.2491880942
10
1167430.2737433738
20
644679.3996276046
10
1167429.525257166
20
644679.5018775008
10
1167428.7767709582
20
644679.5559377827
10
1167428.0282847506
20
644679.5618084506
10
1167427.2797985433
20
644679.5194895042
10
1167426.5313123357
20
644679.4497673882
0
LWPOLYLINE
5
37
330
C
100
AcDbEntity
8
C-TOPO-MAJR-E
100
AcDbPolyline
90
556
70
0
43
0
38
0
39
0
10
1167653.627648075
20
644815.2312223085
10
1167653.184176683
20
644814.9714349429
10
1167652.842376896
20
644814.7626788851
10
1167652.4843554506
20
644814.534943139
10
1167652.1101123467
20
644814.2882277041
10
1167651.7196475845
20
644814.0225325805
10
1167651.312961164
20
644813.7378577682
10
1167650.8330021298
20
644813.4083988102
10
1167650.2797704826
20
644813.0341557064
10
1167649.6532662222
20
644812.6151284567
10
1167648.9534893483
20
644812.1513170613
10
1167648.4164793594
20
644811.7941068143
10
1167648.0422362555
20
644811.5434977158
10
1167647.8307600366
20
644811.399489766
10
1167647.7820507027
20
644811.3620829645
10
1167647.5583971504
20
644811.1753005533
10
1167647.1597993795
20
644810.8391425322
10
1167646.5862573902
20
644810.3536089011
10
1167645.8377711829
20
644809.7186996604
10
1167645.2503597366
20
644809.2234751884
10
1167644.8240230517
20
644808.8679354852
10
1167644.5587611282
20
644808.652080551
10
1167644.4545739663
20
644808.5759103856
10
1167644.2153588333
20
644808.3975030242
10
1167643.8411157297
20
644808.116858467
10
1167643.3318446549
20
644807.7339767136
10
1167642.6875456092
20
644807.2488577645
10
1167642.1376416516
20
644806.8191767379
10
1167641.6821327817
20
644806.444933634
10
1167641.3210190001
20
644806.126128453
10
1167641.0543003064
20
644805.8627611945
10
1167640.7338194076
20
644805.5338661293
10
1167640.3595763037
20
644805.1394432578
10
1167639.9315709947
20
644804.6794925798
10
1167639.4498034809
20
644804.1540140952
10
1167639.0330662827
20
644803.704153301
10
1167638.6813594003
20
644803.3299101971
10
1167638.3946828335
20
644803.0312847837
10
1167638.1730365823
20
644802.8082770606
10
1167637.8750919048
20
644802.5100885627
10
1167637.5008488009
20
644802.1367192902
10
1167637.0503072706
20
644801.6881692427
10
1167636.523467314
20
644801.1644384206
10
1167636.0846492709
20
644800.7154514575
10
1167635.7338531413
20
644800.3412083539
10
1167635.471078925
20
644800.0417091092
10
1167635.2963266224
20
644799.8169537236
10
1167635.027888829
20
644799.4612656325
10
1167634.665765545
20
644798.974644836
10
1167634.2099567708
20
644798.357091334
10
1167633.6604625056
20
644797.6086051262
10
1167633.242281897
20
644797.0408597133
10
1167632.9554149443
20
644796.6538550954
10
1167632.7998616481
20
644796.4475912722
10
1167632.7756220084
20
644796.4220682441
10
1167632.5703207266
20
644796.3051198084
10
1167632.1839578028
20
644796.0967459653
10
1167631.616533237
20
644795.7969467149
10
1167630.8680470292
20
644795.4057220571
10
1167630.1988965985
20
644795.0293689333
10
1167629.609081945
20
644794.6678873436
10
1167629.0986030684
20
644794.321277288
10
1167628.6674599685
20
644793.9895387664
10
1167628.2647668668
20
644793.6871182013
10
1167627.890523763
20
644793.4140155925
10
1167627.544730657
20
644793.1702309402
10
1167627.2273875491
20
644792.9557642443
10
1167626.8022586661
20
644792.6910493572
10
1167626.2693440085
20
644792.376086279
10
1167625.6286435756
20
644792.0108750098
10
1167624.8801573683
20
644791.5954155494
10
1167624.2695115737
20
644791.2541809413
10
1167623.7967061924
20
644790.9871711853
10
1167623.4617412244
20
644790.7943862817
10
1167623.2646166692
20
644790.6758262304
10
1167622.9789328398
20
644790.5000206933
10
1167622.604689736
20
644790.2669696702
10
1167622.1418873577
20
644789.9766731614
10
1167621.5905257051
20
644789.6291311667
10
1167621.0179939126
20
644789.2682386175
10
1167620.4242919805
20
644788.8939955137
10
1167619.8094199086
20
644788.5064018553
10
1167619.1733776971
20
644788.1054576421
10
1167618.6682350393
20
644787.7846638273
10
1167618.2939919354
20
644787.5440204106
10
1167618.0506483857
20
644787.383527392
10
1167617.9382043893
20
644787.3031847716
10
1167617.6667498401
20
644787.1157494675
10
1167617.2362847384
20
644786.8212214798
10
1167616.6468090834
20
644786.4196008084
10
1167615.898322876
20
644785.9108874532
10
1167615.2798207302
20
644785.4894948789
10
1167614.791302646
20
644785.1554230852
10
1167614.432768624
20
644784.9086720723
10
1167614.2042186635
20
644784.7492418402
10
1167613.9028221315
20
644784.5449826311
10
1167613.5285790279
20
644784.2958944452
10
1167613.0814893523
20
644784.0019772821
10
1167612.561553105
20
644783.6632311422
10
1167612.0073730578
20
644783.3067365203
10
1167611.41894921
20
644782.9324934166
10
1167610.7962815627
20
644782.5405018308
10
1167610.139370115
20
644782.130761763
10
1167609.6237928392
20
644781.8066135657
10
1167609.2495497353
20
644781.568057239
10
1167609.0166408035
20
644781.4150927828
10
1167608.9250660434
20
644781.3477201972
10
1167608.6692634213
20
644781.1359217498
10
1167608.2492329373
20
644780.7796974406
10
1167607.6649745915
20
644780.2790472698
10
1167606.9164883841
20
644779.6339712372
10
1167606.3450992745
20
644779.1411548154
10
1167605.9508072627
20
644778.8005980046
10
1167605.7336123488
20
644778.6123008044
10
1167605.6935145329
20
644778.5762632148
10
1167605.4895229149
20
644778.3621134708
10
1167605.1216374948
20
644777.9698515723
10
1167604.5898582726
20
644777.3994775191
10
1167603.8941852483
20
644776.6509913115
10
1167603.3692516382
20
644776.0849503945
10
1167603.0150574422
20
644775.7013547681
10
1167602.8316026607
20
644775.5002044323
10
1167602.818887293
20
644775.4814993873
10
1167602.6317738427
20
644775.2850253128
10
1167602.2702623096
20
644774.9107822089
10
1167601.7343526937
20
644774.3587700757
10
1167601.0240449952
20
644773.6289889131
10
1167600.481769594
20
644773.0748439562
10
1167600.10752649
20
644772.6963352051
10
1167599.9013156835
20
644772.4934626597
10
1167599.8631371749
20
644772.4662263198
10
1167599.647381741
20
644772.3929095728
10
1167599.2540493826
20
644772.2735124186
10
1167598.6831400995
20
644772.1080348571
10
1167597.9346538922
20
644771.8964768883
10
1167597.1861676844
20
644771.6884620348
10
1167596.4376814766
20
644771.4839902963
10
1167595.6891952688
20
644771.2830616728
10
1167594.9407090615
20
644771.0856761646
10
1167594.2964912374
20
644770.8595604356
10
1167593.7565417965
20
644770.6047144862
10
1167593.3208607393
20
644770.3211383158
10
1167592.9894480659
20
644770.008831925
10
1167592.7315953774
20
644769.5874805799
10
1167592.5473026745
20
644769.0570842805
10
1167592.4365699566
20
644768.4176430271
10
1167592.3993972237
20
644767.6691568193
10
1167592.3808054668
20
644766.9206706117
10
1167592.3807946863
20
644766.1721844041
10
1167592.3993648815
20
644765.4236981964
10
1167592.4365160528
20
644764.6752119887
10
1167592.360116438
20
644764.037200189
10
1167592.1701660375
20
644763.5096627972
10
1167591.8666648506
20
644763.0925998131
10
1167591.4496128783
20
644762.786011237
10
1167590.9497023467
20
644762.4902056975
10
1167590.3669332564
20
644762.2051831947
10
1167589.7013056073
20
644761.9309437287
10
1167588.9528194
20
644761.6674872991
10
1167588.2449747445
20
644761.4252846765
10
1167587.5777716418
20
644761.2043358607
10
1167586.9512100914
20
644761.0046408518
10
1167586.3652900932
20
644760.8261996497
10
1167585.8852085425
20
644760.6821593366
10
1167585.5109654386
20
644760.5725199124
10
1167585.2425607818
20
644760.4972813772
10
1167585.0799945723
20
644760.456443731
10
1167584.770948363
20
644760.3451969897
10
1167584.3154221545
20
644760.1635411535
10
1167583.7134159463
20
644759.9114762223
10
1167582.9649297385
20
644759.589002196
10
1167582.2965328381
20
644759.2508530426
10
1167581.7082252451
20
644758.8970287619
10
1167581.2000069593
20
644758.5275293539
10
1167580.7718779806
20
644758.1423548186
10
1167580.3706919395
20
644757.7278519219
10
1167579.9964488356
20
644757.2840206635
10
1167579.649148669
20
644756.8108610434
10
1167579.32879144
20
644756.3083730619
10
1167579.0502653336
20
644755.8700075191
10
1167578.8135703504
20
644755.4957644155
10
1167578.61870649
20
644755.1856437505
10
1167578.4656737526
20
644754.9396455244
10
1167578.2281681434
20
644754.5680253028
10
1167577.906189663
20
644754.0707830859
10
1167577.4997383112
20
644753.4479188736
10
1167577.0088140878
20
644752.6994326661
10
1167576.6144886087
20
644752.1082608603
10
1167576.3167618737
20
644751.6744034566
10
1167576.1156338828
20
644751.3978604549
10
1167576.0111046357
20
644751.2786318552
10
1167575.75521074
20
644751.0318960033
10
1167575.3479521954
20
644750.6576528996
10
1167574.789329002
20
644750.1559025437
10
1167574.0793411594
20
644749.5266449357
10
1167573.5372256862
20
644749.0460574715
10
1167573.1629825823
20
644748.7141401512
10
1167572.9566118477
20
644748.5308929746
10
1167572.9181134829
20
644748.4963159418
10
1167572.7496972932
20
644748.2919058735
10
1167572.4513632793
20
644747.9176627697
10
1167572.0231114407
20
644747.3735866303
10
1167571.4649417778
20
644746.6596774554
10
1167570.9987353943
20
644746.0165958083
10
1167570.6244922904
20
644745.444341689
10
1167570.342212466
20
644744.9429150973
10
1167570.1518959217
20
644744.5123160336
10
1167569.9684044707
20
644744.1098949497
10
1167569.7917381134
20
644743.7356518458
10
1167569.62189685
20
644743.389586722
10
1167569.4588806806
20
644743.0716995783
10
1167569.190251044
20
644742.7096987129
10
1167568.81600794
20
644742.3035841262
10
1167568.3361513691
20
644741.853355818
10
1167567.750681331
20
644741.3590137882
10
1167567.187039765
20
644740.9247212214
10
1167566.645226671
20
644740.5504781175
10
1167566.1252420489
20
644740.2362844767
10
1167565.627085899
20
644739.9821402987
10
1167565.1908862721
20
644739.7570048082
10
1167564.8166431682
20
644739.5608780049
10
1167564.5043565873
20
644739.3937598891
10
1167564.2540265298
20
644739.2556504606
10
1167563.8791574345
20
644739.034028644
10
1167563.3797493016
20
644738.7288944391
10
1167562.7558021313
20
644738.3402478462
10
1167562.007315924
20
644737.868088865
10
1167561.4037498506
20
644737.4794151797
10
1167560.9451039112
20
644737.17422679
10
1167560.6313781065
20
644736.9525236962
10
1167560.462572436
20
644736.8143058983
10
1167560.191048049
20
644736.6088010699
10
1167559.816804945
20
644736.3360092114
10
1167559.3398431244
20
644735.9959303227
10
1167558.7601625873
20
644735.5885644036
10
1167558.1382806324
20
644735.2017342378
10
1167557.47419726
20
644734.8354398251
10
1167556.7679124703
20
644734.4896811657
10
1167556.0194262625
20
644734.1644582592
10
1167555.2709400547
20
644733.9360662363
10
1167554.5224538469
20
644733.8045050969
10
1167553.7739676393
20
644733.7697748408
10
1167553.025481432
20
644733.831875468
10
1167552.2769952244
20
644733.9424964893
10
1167551.5285090166
20
644734.1016379045
10
1167550.7800228088
20
644734.3092997135
10
1167550.031536601
20
644734.5654819164
10
1167549.2830503932
20
644734.7971497821
10
1167548.5345641854
20
644735.0043033105
10
1167547.7860779779
20
644735.1869425016
10
1167547.0375917705
20
644735.3450673553
10
1167546.289105563
20
644735.4478992403
10
1167545.5406193552
20
644735.4954381564
10
1167544.7921331474
20
644735.4876841037
10
1167544.0436469396
20
644735.424637082
10
1167543.2951607318
20
644735.3083046449
10
1167542.5466745244
20
644735.1386867925
10
1167541.7981883166
20
644734.9157835244
10
1167541.049702109
20
644734.6395948409
10
1167540.4134263918
20
644734.394185988
10
1167539.8893611648
20
644734.1795569656
10
1167539.4775064285
20
644733.9957077737
10
1167539.1778621823
20
644733.8426384125
10
1167538.8409185074
20
644733.6597121643
10
1167538.4666754035
20
644733.4469290294
10
1167538.0551328708
20
644733.2042890076
10
1167537.6062909092
20
644732.9317920989
10
1167537.104470027
20
644732.6084220926
10
1167536.5496702236
20
644732.2341789888
10
1167535.9418914998
20
644731.8090627874
10
1167535.2811338548
20
644731.3330734883
10
1167534.7636334803
20
644730.9474598842
10
1167534.3893903764
20
644730.6522219751
10
1167534.158404543
20
644730.447359761
10
1167534.0706759803
20
644730.3328732417
10
1167533.8596635354
20
644730.0885084303
10
1167533.5253672088
20
644729.7142653265
10
1167533.0677869995
20
644729.2101439303
10
1167532.4869229086
20
644728.576144242
10
1167532.009369311
20
644728.0585695287
10
1167531.635126207
20
644727.6574197907
10
1167531.3641935969
20
644727.3726950281
10
1167531.1965714805
20
644727.2043952408
10
1167530.883733341
20
644726.9502912224
10
1167530.4256791787
20
644726.6103829732
10
1167529.8224089937
20
644726.1846704932
10
1167529.0739227864
20
644725.6731537821
10
1167528.4810063287
20
644725.2723488216
10
1167528.043659621
20
644724.9822556113
10
1167527.7618826635
20
644724.8028741516
10
1167527.6356754557
20
644724.7342044425
10
1167527.3854503
20
644724.6065275751
10
1167527.0112071964
20
644724.4198435494
10
1167526.5129461444
20
644724.1741523659
10
1167525.8906671444
20
644723.8694540241
10
1167525.2368363426
20
644723.5507735792
10
1167524.5514537385
20
644723.2181110305
10
1167523.8345193327
20
644722.8714663787
10
1167523.086033125
20
644722.5108396234
10
1167522.4786946638
20
644722.2195792792
10
1167522.0125039495
20
644721.9976853463
10
1167521.6874609818
20
644721.8451578245
10
1167521.5035657608
20
644721.7619967137
10
1167521.2244965984
20
644721.6339010285
10
1167520.8502534945
20
644721.4608707688
10
1167520.3808364493
20
644721.2429059345
10
1167519.8162454627
20
644720.9800065256
10
1167519.2056806707
20
644720.731890881
10
1167518.5491420738
20
644720.4985590004
10
1167517.8466296713
20
644720.280010884
10
1167517.0981434635
20
644720.0762465319
10
1167516.3496572557
20
644719.9252946868
10
1167515.601171048
20
644719.8271553487
10
1167514.8526848403
20
644719.7818285178
10
1167514.104198633
20
644719.789314194
10
1167513.3557124254
20
644719.8259133241
10
1167512.6072262176
20
644719.8916259083
10
1167511.8587400098
20
644719.9864519465
10
1167511.110253802
20
644720.1103914388
10
1167510.3617675945
20
644720.216243223
10
1167509.613281387
20
644720.304007299
10
1167508.864795179
20
644720.3736836668
10
1167508.1163089718
20
644720.4252723267
10
1167507.367822764
20
644720.4292336479
10
1167506.6193365562
20
644720.3855676309
10
1167505.8708503484
20
644720.2942742752
10
1167505.122364141
20
644720.1553535813
10
1167504.4114489476
20
644719.9696841656
10
1167503.7381047683
20
644719.7372660282
10
1167503.1023316034
20
644719.4580991691
10
1167502.504129453
20
644719.1321835882
10
1167502.017906826
20
644718.8616520073
10
1167501.643663722
20
644718.6465044263
10
1167501.3814001414
20
644718.4867408451
10
1167501.2311160844
20
644718.3823612641
10
1167500.9355099318
20
644718.1430499216
10
1167500.4945816845
20
644717.7688068177
10
1167499.9083313416
20
644717.2596319525
10
1167499.176758903
20
644716.615525326
10
1167498.623851132
20
644716.1294688722
10
1167498.2496080284
20
644715.8014625912
10
1167498.0540295918
20
644715.6315064827
10
1167498.037115822
20
644715.619600547
10
1167497.9446255402
20
644715.6136475791
10
1167497.7765587461
20
644715.6136475791
10
1167497.5329154395
20
644715.619600547
10
1167497.2136956202
20
644715.6315064827
10
1167496.8669641588
20
644715.6457358488
10
1167496.4927210552
20
644715.6622886452
10
1167496.090966309
20
644715.6811648718
10
1167495.6616999202
20
644715.7023645288
10
1167495.3090800466
20
644715.7129643572
10
1167495.0331066877
20
644715.7129643572
10
1167494.833779844
20
644715.7023645288
10
1167494.7110995147
20
644715.6811648718
10
1167494.4626377984
20
644715.6447632231
10
1167494.0883946945
20
644715.5931595827
10
1167493.5883702033
20
644715.5263539504
10
1167492.9625643247
20
644715.4443463264
10
1167492.3060883638
20
644715.2831425187
10
1167491.6189423208
20
644715.0427425274
10
1167490.9011261952
20
644714.7231463525
10
1167490.1526399874
20
644714.3243539939
10
1167489.4593004226
20
644713.9583381687
10
1167488.8211075007
20
644713.6250988769
10
1167488.2380612213
20
644713.3246361184
10
1167487.7101615851
20
644713.0569498932
10
1167487.259090215
20
644712.8045306673
10
1167486.884847111
20
644712.5673784403
10
1167486.5874322734
20
644712.3454932123
10
1167486.3668457023
20
644712.1388749835
10
1167486.1051420239
20
644711.8484443172
10
1167485.8023212387
20
644711.4742012133
10
1167485.4583833462
20
644711.016145672
10
1167485.0733283467
20
644710.4742776931
10
1167484.711749774
20
644709.8807551571
10
1167484.3736476281
20
644709.235578064
10
1167484.059021909
20
644708.5387464135
10
1167483.7678726166
20
644707.7902602057
10
1167483.5314401686
20
644707.188910265
10
1167483.3497245642
20
644706.7346965913
10
1167483.2227258044
20
644706.4276191844
10
1167483.1504438883
20
644706.2676780445
10
1167483.0083948802
20
644706.0005859225
10
1167482.7965787796
20
644705.6263428188
10
1167482.5149955868
20
644705.144948733
10
1167482.163645302
20
644704.5564036653
10
1167481.8008486074
20
644703.9401722831
10
1167481.4266055035
20
644703.2962545863
10
1167481.0409159902
20
644702.624650575
10
1167480.643780068
20
644701.9253602491
10
1167480.3386977895
20
644701.3885935342
10
1167480.125669155
20
644701.0143504303
10
1167480.0046941647
20
644700.8026309375
10
1167479.975772818
20
644700.7534350557
10
1167479.945993074
20
644700.5294165923
10
1167479.915354932
20
644700.1305755477
10
1167479.883858392
20
644699.5569119215
10
1167479.8515034541
20
644698.8084257138
10
1167479.799256691
20
644698.0599395062
10
1167479.7271181026
20
644697.3114532984
10
1167479.635087689
20
644696.5629670908
10
1167479.52316545
20
644695.8144808832
10
1167479.365600599
20
644695.0659946755
10
1167479.1623931362
20
644694.3175084677
10
1167478.9135430614
20
644693.56902226
10
1167478.6190503743
20
644692.8205360525
10
1167478.3279821097
20
644692.1282863849
10
1167478.0403382676
20
644691.4922732575
10
1167477.7561188475
20
644690.9124966703
10
1167477.4753238498
20
644690.388956623
10
1167477.2337629476
20
644689.9400650476
10
1167477.031436141
20
644689.5658219438
10
1167476.86834343
20
644689.2662273116
10
1167476.7444848143
20
644689.041281151
10
1167476.557069052
20
644688.6854499787
10
1167476.3060961429
20
644688.1987337946
10
1167475.9915660867
20
644687.5811325987
10
1167475.6134788832
20
644686.8326463911
10
1167475.2682783836
20
644686.1396802869
10
1167474.9559645876
20
644685.5022342864
10
1167474.676537495
20
644684.9203083894
10
1167474.429997106
20
644684.393902596
10
1167474.217098415
20
644683.9435781473
10
1167474.0378414216
20
644683.5693350437
10
1167473.892226126
20
644683.2711732846
10
1167473.7802525284
20
644683.0490928702
10
1167473.6086766943
20
644682.6954110076
10
1167473.377498624
20
644682.2101276967
10
1167473.0867183174
20
644681.5932429375
10
1167472.7363357744
20
644680.8447567297
10
1167472.4020163503
20
644680.122853532
10
1167472.0837600455
20
644679.4275333444
10
1167471.7815668595
20
644678.7587961667
10
1167471.4954367923
20
644678.1166419991
10
1167471.2723837174
20
644677.6084433633
10
1167471.1124076343
20
644677.2342002594
10
1167471.0155085432
20
644676.9939126875
10
1167470.9816864443
20
644676.8875806476
10
1167470.885532504
20
644676.6207100656
10
1167470.7270467225
20
644676.1933009417
10
1167470.5062290998
20
644675.605353276
10
1167470.223079636
20
644674.8568670683
10
1167469.902838877
20
644674.1398530578
10
1167469.5455068224
20
644673.4543112443
10
1167469.1510834729
20
644672.8002416278
10
1167468.7195688284
20
644672.1776442084
10
1167468.364834026
20
644671.6792239468
10
1167468.0868790662
20
644671.304980843
10
1167467.885703949
20
644671.054914897
10
1167467.761308674
20
644670.9290261086
10
1167467.5119894848
20
644670.7150186965
10
1167467.137746381
20
644670.4128926606
10
1167466.6385793628
20
644670.0226480009
10
1167466.01448843
20
644669.5442847172
10
1167465.4237487712
20
644669.1179815235
10
1167464.8663603868
20
644668.7437384198
10
1167464.3423232764
20
644668.4215554058
10
1167463.8516374403
20
644668.1514324817
10
1167463.4191729703
20
644667.9164515673
10
1167463.0449298664
20
644667.7166126624
10
1167462.7289081288
20
644667.5519157674
10
1167462.4711077572
20
644667.4223608819
10
1167462.0906359267
20
644667.2417431759
10
1167461.5874926369
20
644667.0100626494
10
1167460.9616778882
20
644666.7273193023
10
1167460.2131916808
20
644666.3935131347
10
1167459.4647054733
20
644666.1123466978
10
1167458.7162192655
20
644665.8838199917
10
1167457.9677330577
20
644665.7079330164
10
1167457.2192468499
20
644665.5846857716
10
1167456.512599334
20
644665.4517808607
10
1167455.8477905097
20
644665.3092182834
10
1167455.2248203773
20
644665.1569980397
10
1167454.6436889367
20
644664.9951201298
10
1167454.1660016645
20
644664.8608918099
10
1167453.7917585606
20
644664.7543130803
10
1167453.520959625
20
644664.6753839408
10
1167453.3536048583
20
644664.6241043916
10
1167453.0409672312
20
644664.5013798568
10
1167452.5830467436
20
644664.3072103371
10
1167451.9798433962
20
644664.041595832
10
1167451.231357189
20
644663.7045363415
10
1167450.5146828177
20
644663.3617049317
10
1167449.8298202828
20
644663.0131016026
10
1167449.1767695844
20
644662.658726354
10
1167448.5555307227
20
644662.2985791861
10
1167448.0577897397
20
644661.9984064214
10
1167447.683546636
20
644661.75820806
10
1167447.4328014113
20
644661.577984102
10
1167447.3055540652
20
644661.4577345471
10
1167447.0808604057
20
644661.2104882178
10
1167446.7587204329
20
644660.836245114
10
1167446.339134146
20
644660.3350052356
10
1167445.8221015458
20
644659.7067685827
10
1167445.3764636936
20
644659.1363373403
10
1167445.0022205897
20
644658.6237115087
10
1167444.6993722343
20
644658.1688910875
10
1167444.4679186267
20
644657.7718760768
10
1167444.2378395735
20
644657.3862470196
10
1167444.009135074
20
644657.0120039159
10
1167443.7818051288
20
644656.6491467654
10
1167443.555849737
20
644656.2976755683
10
1167443.2709568664
20
644655.8469506186
10
1167442.9271265161
20
644655.2969719162
10
1167442.524358687
20
644654.6477394613
10
1167442.0626533781
20
644653.8992532536
10
1167441.7011680198
20
644653.312188878
10
1167441.4399026115
20
644652.8865463341
10
1167441.2788571538
20
644652.6223256224
10
1167441.2180316462
20
644652.5195267425
10
1167441.0934030942
20
644652.2810057506
10
1167440.9049714971
20
644651.9067626467
10
1167440.6527368554
20
644651.3967974309
10
1167440.3366991694
20
644650.7511101032
10
1167440.0135446214
20
644650.0797230554
10
1167439.6832732116
20
644649.3826362876
10
1167439.3458849404
20
644648.6598497999
10
1167439.0013798075
20
644647.9113635923
10
1167438.7210151106
20
644647.2980483857
10
1167438.50479085
20
644646.8199041799
10
1167438.3527070256
20
644646.4769309752
10
1167438.264763637
20
644646.2691287714
10
1167438.165512483
20
644645.9781061176
10
1167438.0549535635
20
644645.6038630137
10
1167437.933086878
20
644645.1463994598
10
1167437.7999124269
20
644644.605715456
10
1167437.5863400905
20
644644.0130809011
10
1167437.2923698686
20
644643.3684957953
10
1167436.9180017614
20
644642.6719601385
10
1167436.4632357687
20
644641.9234739309
10
1167436.0820248332
20
644641.3274051223
10
1167435.7743689548
20
644640.8837537132
10
1167435.5402681336
20
644640.5925197031
10
1167435.3797223696
20
644640.4537030924
10
1167435.1150201622
20
644640.197173235
10
1167434.7461615112
20
644639.8229301313
10
1167434.2731464168
20
644639.330973781
10
1167433.6959748787
20
644638.7213041841
10
1167433.2202675578
20
644638.2270461393
10
1167432.8460244539
20
644637.8481996467
10
1167432.573245567
20
644637.5847647062
10
1167432.4019308977
20
644637.4367413179
10
1167432.0863233437
20
644637.1835205215
10
1167431.626422905
20
644636.8251023171
10
1167431.0222295816
20
644636.3614867048
10
1167430.2737433738
20
644635.7926736844
10
1167429.7011063956
20
644635.3581514694
10
1167429.304318647
20
644635.0579200597
10
1167429.0833801278
20
644634.8919794554
10
1167429.0382908382
20
644634.8603296565
10
1167428.8286246413
20
644634.6999576741
10
1167428.4543815374
20
644634.4108635084
10
1167427.9155615265
20
644633.9930471593
10
1167427.2121646085
20
644633.4465086268
10
1167426.6318431431
20
644632.9861178086
0
LWPOLYLINE
5
38
330
C
100
AcDbEntity
8
C-TOPO-MAJR-E
100
AcDbPolyline
90
581
70
0
43
0
38
0
39
0
10
1167440.0502398878
20
644605.9961359628
10
1167440.4250529343
20
644606.7446221703
10
1167440.7148827743
20
644607.3212891675
10
1167440.9197294074
20
644607.726136954
10
1167441.0395928344
20
644607.95916553
10
1167441.0744730546
20
644608.0203748954
10
1167441.254815092
20
644608.2381011301
10
1167441.5806189466
20
644608.6123442338
10
1167442.0518846181
20
644609.1431042069
10
1167442.668612107
20
644609.8303810492
10
1167443.1640974032
20
644610.3651457757
10
1167443.538340507
20
644610.7473983867
10
1167443.7913414184
20
644610.9771388818
10
1167443.9231001372
20
644611.0543672615
10
1167444.2090407284
20
644611.2526458162
10
1167444.649163192
20
644611.5719745463
10
1167445.2434675274
20
644612.0123534516
10
1167445.9919537348
20
644612.5737825319
10
1167446.5947701563
20
644613.0223115291
10
1167447.051916792
20
644613.3579404433
10
1167447.3633936413
20
644613.5806692742
10
1167447.5292007045
20
644613.6904980218
10
1167447.799225788
20
644613.872841453
10
1167448.1734688918
20
644614.1276995674
10
1167448.651930016
20
644614.4550723654
10
1167449.2346091603
20
644614.8549598467
10
1167449.8587400708
20
644615.2138721563
10
1167450.5243227468
20
644615.5318092941
10
1167451.231357189
20
644615.8087712602
10
1167451.9798433962
20
644616.0447580544
10
1167452.728329604
20
644616.2401060145
10
1167453.4768158118
20
644616.3948151404
10
1167454.2253020194
20
644616.508885432
10
1167454.973788227
20
644616.5823168895
10
1167455.582876336
20
644616.6471856013
10
1167456.0525663467
20
644616.7034915673
10
1167456.3828582587
20
644616.7512347876
10
1167456.5737520722
20
644616.7904152622
10
1167456.8563205309
20
644616.8393475563
10
1167457.2305636345
20
644616.89803167
10
1167457.6964813836
20
644616.9664676032
10
1167458.254073778
20
644617.044655356
10
1167458.8593896255
20
644617.1844401696
10
1167459.5124289265
20
644617.3858220442
10
1167460.2131916808
20
644617.6488009797
10
1167460.9616778882
20
644617.973376976
10
1167461.6148212198
20
644618.3032395879
10
1167462.1726216758
20
644618.6383888153
10
1167462.6350792558
20
644618.9788246583
10
1167463.00219396
20
644619.3245471168
10
1167463.301850831
20
644619.7709605126
10
1167463.534049869
20
644620.3180648456
10
1167463.698791074
20
644620.9658601161
10
1167463.796074446
20
644621.7143463239
10
1167463.8005863323
20
644622.4628325315
10
1167463.7123267327
20
644623.2113187391
10
1167463.5312956471
20
644623.9598049468
10
1167463.2574930757
20
644624.7082911545
10
1167463.004492271
20
644625.3791636743
10
1167462.7722932328
20
644625.9724225063
10
1167462.5608959617
20
644626.4880676506
10
1167462.3703004569
20
644626.926099107
10
1167462.1859151444
20
644627.3322363871
10
1167462.0077400245
20
644627.706479491
10
1167461.8357750967
20
644628.0488284186
10
1167461.6700203612
20
644628.3592831697
10
1167461.5241561658
20
644628.7792457852
10
1167461.3981825109
20
644629.3087162646
10
1167461.292099396
20
644629.9476946082
10
1167461.2059068214
20
644630.6961808158
10
1167461.176176581
20
644631.4446670236
10
1167461.2029086757
20
644632.1931532312
10
1167461.2861031047
20
644632.9416394389
10
1167461.4257598682
20
644633.6901256465
10
1167461.5585750774
20
644634.3045127143
10
1167461.6845487324
20
644634.7848006422
10
1167461.8036808334
20
644635.1309894301
10
1167461.91597138
20
644635.3430790784
10
1167462.077571284
20
644635.6362454543
10
1167462.2884805459
20
644636.0104885581
10
1167462.5486991648
20
644636.4658083898
10
1167462.8582271414
20
644637.0022049494
10
1167463.178205377
20
644637.591623921
10
1167463.5086338713
20
644638.2340653046
10
1167463.849512625
20
644638.9295291002
10
1167464.2008416373
20
644639.6780153079
10
1167464.4862457016
20
644640.2955938508
10
1167464.7057248168
20
644640.7822647293
10
1167464.859278984
20
644641.1380279429
10
1167464.9469082027
20
644641.3628834918
10
1167465.0771247246
20
644641.6624328182
10
1167465.24992855
20
644642.036675922
10
1167465.4653196787
20
644642.4856128033
10
1167465.7232981105
20
644643.0092434621
10
1167466.0394088784
20
644643.5574798543
10
1167466.4136519823
20
644644.13032198
10
1167466.8460274222
20
644644.7277698393
10
1167467.3365351977
20
644645.3498234322
10
1167467.7353481064
20
644645.8479717805
10
1167468.0424661476
20
644646.2222148844
10
1167468.257889322
20
644646.4725527437
10
1167468.3816176292
20
644646.5989853586
10
1167468.6306033349
20
644646.7855780452
10
1167469.0048464388
20
644647.0323308033
10
1167469.5043469407
20
644647.3392436333
10
1167470.1291048413
20
644647.7063165349
10
1167470.7510708722
20
644648.0769745377
10
1167471.3702450334
20
644648.4512176415
10
1167471.9866273254
20
644648.8290458464
10
1167472.6002177475
20
644649.2104591525
10
1167473.0941345105
20
644649.5153058701
10
1167473.4683776144
20
644649.7435859992
10
1167473.722947059
20
644649.8952995401
10
1167473.8578428444
20
644649.9704464928
10
1167474.1461362354
20
644650.0967521365
10
1167474.587827232
20
644650.2742164712
10
1167475.1829158342
20
644650.5028394972
10
1167475.9314020416
20
644650.7826212142
10
1167476.6798882494
20
644651.0469148417
10
1167477.4283744572
20
644651.2957203799
10
1167478.176860665
20
644651.5290378286
10
1167478.9253468723
20
644651.7468671878
10
1167479.6505690045
20
644651.954171252
10
1167480.352527061
20
644652.1509500211
10
1167481.0312210417
20
644652.337203495
10
1167481.6866509467
20
644652.5129316739
10
1167482.2014874513
20
644652.6521074111
10
1167482.575730555
20
644652.7547307066
10
1167482.8093802582
20
644652.8208015604
10
1167482.9024365607
20
644652.8503199725
10
1167483.1593503393
20
644652.9598696413
10
1167483.5801215945
20
644653.1494505666
10
1167484.164750326
20
644653.4190627486
10
1167484.9132365338
20
644653.7687061871
10
1167485.5754553047
20
644654.1232698553
10
1167486.1514066383
20
644654.482753753
10
1167486.6410905356
20
644654.8471578804
10
1167487.0445069955
20
644655.2164822373
10
1167487.4188323943
20
644655.680597057
10
1167487.764066731
20
644656.2395023393
10
1167488.0802100068
20
644656.8931980843
10
1167488.3672622205
20
644657.6416842919
10
1167488.5970557644
20
644658.2822332175
10
1167488.769590638
20
644658.8148448609
10
1167488.8848668418
20
644659.2395192223
10
1167488.9428843756
20
644659.5562563015
10
1167489.0038785508
20
644659.901746393
10
1167489.067849368
20
644660.2759894968
10
1167489.134796827
20
644660.678985613
10
1167489.2047209279
20
644661.1107347414
10
1167489.3020025794
20
644661.6216681397
10
1167489.4266417816
20
644662.2117858079
10
1167489.5786385345
20
644662.8810877457
10
1167489.7579928385
20
644663.6295739533
10
1167489.9606148768
20
644664.3780601609
10
1167490.1865046504
20
644665.1265463687
10
1167490.4356621583
20
644665.8750325764
10
1167490.7080874012
20
644666.623518784
10
1167490.9691019733
20
644667.3394609736
10
1167491.218705875
20
644668.0228591454
10
1167491.456899106
20
644668.6737132992
10
1167491.6836816664
20
644669.2920234348
10
1167491.8641925699
20
644669.7883000546
10
1167491.9984318165
20
644670.1625431584
10
1167492.0863994062
20
644670.4147527462
10
1167492.128095339
20
644670.5449288182
10
1167492.2427147864
20
644670.8296824242
10
1167492.430257748
20
644671.2690135639
10
1167492.6907242239
20
644671.8629222377
10
1167493.0241142141
20
644672.6114084453
10
1167493.3443152665
20
644673.3598946531
10
1167493.6513273807
20
644674.1083808606
10
1167493.9451505572
20
644674.8568670683
10
1167494.225784796
20
644675.605353276
10
1167494.4594519865
20
644676.2033171928
10
1167494.6461521287
20
644676.6507588187
10
1167494.7858852227
20
644676.9476781539
10
1167494.8786512688
20
644677.0940751983
10
1167495.0533109568
20
644677.3543952724
10
1167495.3098642868
20
644677.7286383763
10
1167495.6483112595
20
644678.2168045099
10
1167496.068651874
20
644678.8188936731
10
1167496.4659437332
20
644679.3710900417
10
1167496.8401868371
20
644679.8733936156
10
1167497.1913811855
20
644680.3258043947
10
1167497.5195267785
20
644680.7283223788
10
1167497.8007541855
20
644681.1167029229
10
1167498.035063407
20
644681.4909460268
10
1167498.2224544422
20
644681.8510516904
10
1167498.3629272918
20
644682.1970199138
10
1167498.4331637165
20
644682.5647560979
10
1167498.4331637165
20
644682.9542602426
10
1167498.3629272918
20
644683.3655323479
10
1167498.2224544422
20
644683.7985724141
10
1167498.0579393243
20
644684.202213999
10
1167497.869381938
20
644684.5764571028
10
1167497.656782283
20
644684.9213017256
10
1167497.42014036
20
644685.2367478671
10
1167497.2218442562
20
644685.6604540253
10
1167497.0618939716
20
644686.1924201999
10
1167496.9402895067
20
644686.8326463911
10
1167496.8570308615
20
644687.5811325987
10
1167496.8645684035
20
644688.3296188065
10
1167496.962902133
20
644689.078105014
10
1167497.1520320503
20
644689.8265912217
10
1167497.431958155
20
644690.5750774294
10
1167497.6518963496
20
644691.1554562094
10
1167497.811846634
20
644691.567727562
10
1167497.911809008
20
644691.811891487
10
1167497.9517834722
20
644691.8879479844
10
1167498.07141503
20
644692.113097785
10
1167498.2707036813
20
644692.4873408887
10
1167498.5496494267
20
644693.0106772959
10
1167498.9082522658
20
644693.6831070061
10
1167499.2663519052
20
644694.3745508408
10
1167499.6239483447
20
644695.0850087998
10
1167499.9810415842
20
644695.8144808832
10
1167500.337631624
20
644696.5629670908
10
1167500.613397486
20
644697.1421153528
10
1167500.8083391702
20
644697.5519256692
10
1167500.9224566768
20
644697.79239804
10
1167500.9557500056
20
644697.863532465
10
1167501.057034251
20
644698.0862212295
10
1167501.2263094133
20
644698.4604643332
10
1167501.4635754924
20
644698.9862617764
10
1167501.7688324882
20
644699.6636135591
10
1167502.108582538
20
644700.2924889124
10
1167502.482825642
20
644700.8728878361
10
1167502.8915617997
20
644701.4048103305
10
1167503.3347910116
20
644701.8882563955
10
1167503.7298135022
20
644702.31710098
10
1167504.0766292713
20
644702.6913440838
10
1167504.3752383194
20
644703.010985707
10
1167504.6256406459
20
644703.2760258497
10
1167504.937963361
20
644703.6100738276
10
1167505.3122064648
20
644704.0131296404
10
1167505.7483699573
20
644704.4851932884
10
1167506.2464538384
20
644705.0262647715
10
1167506.7121481928
20
644705.483922065
10
1167507.145453021
20
644705.8581651689
10
1167507.546368322
20
644706.148994083
10
1167507.9148940968
20
644706.3564088074
10
1167508.286278536
20
644706.549690963
10
1167508.6605216397
20
644706.7288405496
10
1167509.0376234083
20
644706.8938575671
10
1167509.4175838411
20
644707.0447420159
10
1167509.8896757178
20
644707.1757027458
10
1167510.453899038
20
644707.2867397568
10
1167511.110253802
20
644707.3778530494
10
1167511.8587400098
20
644707.4490426232
10
1167512.6072262176
20
644707.5496271184
10
1167513.3557124254
20
644707.679606535
10
1167514.104198633
20
644707.8389808729
10
1167514.8526848403
20
644708.0277501323
10
1167515.596550827
20
644708.2537378082
10
1167516.3357965925
20
644708.5169439008
10
1167517.0704221367
20
644708.8173684102
10
1167517.80042746
20
644709.1550113361
10
1167518.3525516735
20
644709.4102482218
10
1167518.7267947774
20
644709.5830790673
10
1167518.9231567716
20
644709.6735038725
10
1167518.941637656
20
644709.6815226376
10
1167519.1426198713
20
644709.7745256769
10
1167519.5261034176
20
644709.9525129902
10
1167520.0920882944
20
644710.2154845777
10
1167520.8405745018
20
644710.5634404393
10
1167521.5890607093
20
644710.9147177829
10
1167522.3375469171
20
644711.2693166083
10
1167523.086033125
20
644711.6272369159
10
1167523.8345193327
20
644711.9884787053
10
1167524.4172926163
20
644712.2672274953
10
1167524.8343529752
20
644712.4634832857
10
1167525.0857004104
20
644712.5772460768
10
1167525.1713349211
20
644712.6085158684
10
1167525.4012737283
20
644712.6944252566
10
1167525.7755168322
20
644712.8349742414
10
1167526.2940642326
20
644713.0301628229
10
1167526.9569159294
20
644713.2799910009
10
1167527.641176254
20
644713.5091081654
10
1167528.3468452063
20
644713.7175143163
10
1167529.0739227864
20
644713.9052094535
10
1167529.8224089937
20
644714.0721935774
10
1167530.5001211457
20
644714.2803501466
10
1167531.107059242
20
644714.5296791613
10
1167531.6432232824
20
644714.8201806217
10
1167532.1086132675
20
644715.1518545275
10
1167532.5284298118
20
644715.4461376485
10
1167532.9026729157
20
644715.7030299846
10
1167533.231342579
20
644715.9225315356
10
1167533.5144388017
20
644716.1046423019
10
1167533.823788331
20
644716.382819237
10
1167534.1593911666
20
644716.7570623409
10
1167534.5212473085
20
644717.2273716135
10
1167534.9093567564
20
644717.7937470549
10
1167535.2905330323
20
644718.3082629758
10
1167535.6647761362
20
644718.7709193762
10
1167536.0320860678
20
644719.1817162561
10
1167536.3924628277
20
644719.5406536155
10
1167536.757646346
20
644719.9072438471
10
1167537.1276366236
20
644720.2814869508
10
1167537.5024336597
20
644720.663382927
10
1167537.8820374552
20
644721.0529317752
10
1167538.2589609046
20
644721.4749038124
10
1167538.6332040085
20
644721.9292990383
10
1167539.0047667667
20
644722.416117453
10
1167539.373649179
20
644722.9353590568
10
1167539.6929933648
20
644723.3821014105
10
1167539.9627993233
20
644723.7563445142
10
1167540.183067055
20
644724.0580883683
10
1167540.3537965599
20
644724.2873329723
10
1167540.5551855522
20
644724.6463879773
10
1167540.7872340325
20
644725.1352533832
10
1167541.0499420003
20
644725.75392919
10
1167541.3433094556
20
644726.5024153976
10
1167541.6344323591
20
644727.1387434114
10
1167541.9233107106
20
644727.6629132314
10
1167542.20994451
20
644728.0749248574
10
1167542.494333757
20
644728.3747782896
10
1167542.8947472444
20
644728.6287287676
10
1167543.411184972
20
644728.836776292
10
1167544.0436469396
20
644728.9989208621
10
1167544.7921331474
20
644729.1151624781
10
1167545.5406193552
20
644729.1556409368
10
1167546.289105563
20
644729.1203562381
10
1167547.0375917705
20
644729.0093083819
10
1167547.7860779779
20
644728.8224973686
10
1167548.5345641854
20
644728.6298640637
10
1167549.2830503932
20
644728.4314084677
10
1167550.031536601
20
644728.2271305805
10
1167550.7800228088
20
644728.0170304019
10
1167551.3565823562
20
644727.8546593039
10
1167551.7612152435
20
644727.7400172866
10
1167551.9939214704
20
644727.6731043498
10
1167552.054701037
20
644727.6539204934
10
1167552.2722123722
20
644727.5711856582
10
1167552.646455476
20
644727.4248998441
10
1167553.1774303485
20
644727.215063051
10
1167553.8651369894
20
644726.9416752787
10
1167554.568038522
20
644726.655746897
10
1167555.2861349464
20
644726.3572779058
10
1167556.0194262625
20
644726.046268305
10
1167556.7679124703
20
644725.7227180947
10
1167557.4303909312
20
644725.4421683806
10
1167558.0068616453
20
644725.204619163
10
1167558.4973246127
20
644725.0100704414
10
1167558.9017798337
20
644724.8585222162
10
1167559.2911289958
20
644724.7082545811
10
1167559.6653720997
20
644724.5592675358
10
1167560.0245091452
20
644724.4115610807
10
1167560.368540132
20
644724.2651352154
10
1167560.813684924
20
644724.0949181046
10
1167561.3599435214
20
644723.9009097479
10
1167562.007315924
20
644723.6831101457
10
1167562.7558021313
20
644723.4415192978
10
1167563.504288339
20
644723.1909779999
10
1167564.2527745469
20
644722.9314862522
10
1167565.0012607547
20
644722.6630440545
10
1167565.749746962
20
644722.3856514071
10
1167566.3561842896
20
644722.1568377096
10
1167566.8205727371
20
644721.9766029624
10
1167567.1429123043
20
644721.8449471652
10
1167567.3232029914
20
644721.7618703182
10
1167567.6004698868
20
644721.6294124133
10
1167567.9747129907
20
644721.4475734509
10
1167568.4459323029
20
644721.2163534304
10
1167569.0141278235
20
644720.935752352
10
1167569.6169272643
20
644720.608330261
10
1167570.2543306248
20
644720.2340871573
10
1167570.9263379057
20
644719.8130230405
10
1167571.6329491069
20
644719.3451379112
10
1167572.1733762594
20
644718.9857417116
10
1167572.5476193633
20
644718.7348344421
10
1167572.7556784183
20
644718.5924161026
10
1167572.797553425
20
644718.5584866931
10
1167573.0160812319
20
644718.4942658602
10
1167573.411261839
20
644718.3997536039
10
1167573.9830952466
20
644718.2749499241
10
1167574.731581454
20
644718.119854821
10
1167575.4111123076
20
644718.0507896219
10
1167576.0216878075
20
644718.0677543266
10
1167576.5633079535
20
644718.1707489353
10
1167577.0359727456
20
644718.359773448
10
1167577.4594266934
20
644718.53396101
10
1167577.833669797
20
644718.6933116216
10
1167578.1587020569
20
644718.8378252824
10
1167578.4345234728
20
644718.9675019926
10
1167578.8285110865
20
644719.169238719
10
1167579.3406648983
20
644719.4430354619
10
1167579.970984908
20
644719.7888922209
10
1167580.7194711154
20
644720.2068089964
10
1167581.3987197438
20
644720.5704697584
10
1167582.0087307934
20
644720.8798745071
10
1167582.5495042638
20
644721.1350232426
10
1167583.021040155
20
644721.3359159646
10
1167583.4439296527
20
644721.5301091447
10
1167583.8181727566
20
644721.7176027831
10
1167584.1437694666
20
644721.8983968794
10
1167584.420719783
20
644722.0724914339
10
1167584.8155540724
20
644722.3210379329
10
1167585.3282723343
20
644722.6440363763
10
1167585.9588745693
20
644723.0414867641
10
1167586.7073607768
20
644723.5133890964
10
1167587.3005031066
20
644723.8929381758
10
1167587.7383015584
20
644724.1801340025
10
1167588.0207561322
20
644724.3749765762
10
1167588.1478668281
20
644724.4774658971
10
1167588.398543728
20
644724.7147764231
10
1167588.772786832
20
644725.0869081541
10
1167589.2705961398
20
644725.5938610903
10
1167589.8919716515
20
644726.2356352312
10
1167590.3791014967
20
644726.7436438538
10
1167590.7319856752
20
644727.1178869577
10
1167590.950624187
20
644727.358364543
10
1167591.0350170326
20
644727.4650766093
10
1167591.2344148196
20
644727.7322322112
10
1167591.548817548
20
644728.1598313483
10
1167591.9782252174
20
644728.7478740206
10
1167592.522637828
20
644729.4963602283
10
1167592.960867474
20
644730.0996308229
10
1167593.2929141554
20
644730.5576858046
10
1167593.5187778715
20
644730.8705251733
10
1167593.6384586229
20
644731.0381489289
10
1167593.8110944065
20
644731.3090823587
10
1167594.0366852225
20
644731.6833254625
10
1167594.315231071
20
644732.1608782405
10
1167594.646731952
20
644732.7417406925
10
1167594.9863906386
20
644733.3645090834
10
1167595.3342071308
20
644734.0291834133
10
1167595.6901814288
20
644734.7357636819
10
1167596.0543135328
20
644735.4842498896
10
1167596.3406259164
20
644736.0788964892
10
1167596.5491185796
20
644736.5197034806
10
1167596.679791523
20
644736.806670864
10
1167596.732644746
20
644736.9397986394
10
1167596.8384957155
20
644737.1934840789
10
1167596.9973444315
20
644737.5677271828
10
1167597.209190894
20
644738.0625279509
10
1167597.4740351029
20
644738.6778863831
10
1167597.7874293425
20
644739.3265267594
10
1167598.1493736133
20
644740.0084490795
10
1167598.5598679148
20
644740.7236533433
10
1167599.018912247
20
644741.4721395511
10
1167599.369344913
20
644742.0413717881
10
1167599.6111659121
20
644742.4313500548
10
1167599.744375245
20
644742.6420743507
10
1167599.7689729116
20
644742.6735446763
10
1167599.9351595547
20
644742.8764013909
10
1167600.2429351746
20
644743.2506444947
10
1167600.6922997714
20
644743.7962739877
10
1167601.2832533447
20
644744.5132898699
10
1167601.7658516834
20
644745.096548563
10
1167602.140094787
20
644745.546050067
10
1167602.4059826562
20
644745.8617943819
10
1167602.5635152904
20
644746.0437815078
10
1167602.7986670884
20
644746.3218966227
10
1167603.1114380504
20
644746.6961397266
10
1167603.501828176
20
644747.1665108193
10
1167603.9698374656
20
644747.7330099011
10
1167604.3909636622
20
644748.2407219463
10
1167604.765206766
20
644748.689646955
10
1167605.092566777
20
644749.0797849271
10
1167605.3730436952
20
644749.4111358625
10
1167605.6763920456
20
644749.7639328821
10
1167606.0026118283
20
644750.138175986
10
1167606.351703043
20
644750.533865174
10
1167606.72366569
20
644750.9510004462
10
1167607.0967685657
20
644751.3694847042
10
1167607.4710116696
20
644751.789317948
10
1167607.8463950017
20
644752.2105001777
10
1167608.2229185624
20
644752.6330313932
10
1167608.5778198815
20
644753.0314185529
10
1167608.9110989592
20
644753.4056616568
10
1167609.2227557956
20
644753.7557607047
10
1167609.5127903908
20
644754.0817156968
10
1167609.8449292402
20
644754.4495454757
10
1167610.2191723438
20
644754.8592500412
10
1167610.635519702
20
644755.3108293931
10
1167611.0939713148
20
644755.8042835317
10
1167611.495865799
20
644756.2381321529
10
1167611.841203155
20
644756.6123752568
10
1167612.1299833823
20
644756.9270128432
10
1167612.362206481
20
644757.1820449122
10
1167612.6654395824
20
644757.5114096822
10
1167613.0396826863
20
644757.9151071529
10
1167613.4849357926
20
644758.3931373246
10
1167614.0011989013
20
644758.9455001971
10
1167614.4299499106
20
644759.4088031852
10
1167614.7711888202
20
644759.7830462891
10
1167615.0249156307
20
644760.0682295086
10
1167615.1911303415
20
644760.2643528439
10
1167615.461359249
20
644760.5694035025
10
1167615.8356023526
20
644760.9833814846
10
1167616.313859653
20
644761.5062867904
10
1167616.89613115
20
644762.1381194196
10
1167617.3603034357
20
644762.641157286
10
1167617.7063765107
20
644763.0154003899
10
1167617.9343503746
20
644763.260848731
10
1167618.0442250276
20
644763.3775023096
10
1167618.286283906
20
644763.6298580671
10
1167618.66052701
20
644764.0179160039
10
1167619.1669543392
20
644764.5416761198
10
1167619.8055658939
20
644765.2011384148
10
1167620.3059197217
20
644765.7179911142
10
1167620.668015823
20
644766.092234218
10
1167620.8918541973
20
644766.3238677263
10
1167620.977434845
20
644766.4128916389
10
1167621.2073467206
20
644766.6531086568
10
1167621.5815898245
20
644767.0445187797
10
1167622.1001641564
20
644767.587122008
10
1167622.7630697163
20
644768.2809183411
10
1167623.2730751922
20
644768.8149380598
10
1167623.630180584
20
644769.1891811637
10
1167623.8343858914
20
644769.4036476528
10
1167623.8856911152
20
644769.458337527
10
1167624.0984652787
20
644769.6585282078
10
1167624.4727083826
20
644770.0042196948
10
1167625.0084204266
20
644770.4954119883
10
1167625.7056014107
20
644771.1321050881
10
1167626.258473061
20
644771.63757319
10
1167626.6670353774
20
644772.0118162937
10
1167626.9312883595
20
644772.2548343996
10
1167627.0512320076
20
644772.3666275074
10
1167627.2983253836
20
644772.572423756
10
1167627.6725684875
20
644772.8722231453
10
1167628.173961319
20
644773.2660256756
10
1167628.8025038787
20
644773.7538313464
10
1167629.367935767
20
644774.1848557338
10
1167629.8702569841
20
644774.5590988377
10
1167630.3094675303
20
644774.876560658
10
1167630.685567405
20
644775.1372411947
10
1167631.0607388946
20
644775.4168256164
10
1167631.4349819983
20
644775.7153139228
10
1167631.8082967165
20
644776.0327061142
10
1167632.1806830496
20
644776.3690021905
10
1167632.5715705825
20
644776.7242717806
10
1167632.9809593153
20
644777.0985148845
10
1167633.4088492484
20
644777.4917315021
10
1167633.8552403818
20
644777.9039216335
10
1167634.2655575003
20
644778.2720297882
10
1167634.6398006042
20
644778.5960559663
10
1167634.9779696935
20
644778.8760001677
10
1167635.2800647677
20
644779.1118623924
10
1167635.6937576253
20
644779.3649951691
10
1167636.2190482663
20
644779.635398498
10
1167636.8559366907
20
644779.9230723788
10
1167637.6044228985
20
644780.2280168119
10
1167638.2693526165
20
644780.508645024
10
1167638.8507258447
20
644780.7649570155
10
1167639.3485425832
20
644780.9969527863
10
1167639.7628028318
20
644781.2046323363
10
1167640.157054508
20
644781.4010816845
10
1167640.531297612
20
644781.586300831
10
1167640.8855321435
20
644781.7602897757
10
1167641.2197581022
20
644781.9230485188
10
1167641.6575491233
20
644782.1414331744
10
1167642.1989052068
20
644782.4154437425
10
1167642.8438263522
20
644782.7450802233
10
1167643.59231256
20
644783.1303426167
10
1167644.2344357586
20
644783.4694056795
10
1167644.7701959487
20
644783.7622694119
10
1167645.1995931296
20
644784.0089338138
10
1167645.522627302
20
644784.209398885
10
1167645.87126594
20
644784.4473893727
10
1167646.2455090438
20
644784.7229052767
10
1167646.6453566134
20
644785.0359465971
10
1167647.0708086488
20
644785.3865133338
10
1167647.5129001257
20
644785.7489182542
10
1167647.971631044
20
644786.1231613578
10
1167648.4470014041
20
644786.5092426452
10
1167648.9390112055
20
644786.9071621163
10
1167649.3721376583
20
644787.2575681352
10
1167649.7463807622
20
644787.5604607018
10
1167650.0617405172
20
644787.8158398164
10
1167650.3182169232
20
644788.0237054788
10
1167650.6831353174
20
644788.3147598619
10
1167651.1564956997
20
644788.6890029658
10
1167651.7382980697
20
644789.1464347902
10
1167652.4285424273
20
644789.6870553355
10
1167652.9607861582
20
644790.1032855923
10
1167653.3350292621
20
644790.3951255609
10
1167653.551271739
20
644790.562575241
0
LWPOLYLINE
5
39
330
C
100
AcDbEntity
8
C-TOPO-MAJR-E
100
AcDbPolyline
90
494
70
0
43
0
38
0
39
0
10
1167482.9813066847
20
644605.9392157781
10
1167483.108777511
20
644606.3134588818
10
1167483.2377588793
20
644606.7283756085
10
1167483.3682507894
20
644607.1839659578
10
1167483.4673947112
20
644607.7127802718
10
1167483.5351906451
20
644608.3148185504
10
1167483.571638591
20
644608.9900807934
10
1167483.5767385487
20
644609.7385670011
10
1167483.5466655502
20
644610.4135164409
10
1167483.4814195952
20
644611.014929113
10
1167483.3810006839
20
644611.5428050172
10
1167483.245408816
20
644611.9971441538
10
1167483.1228832034
20
644612.4114352739
10
1167483.0134238466
20
644612.7856783777
10
1167482.9170307447
20
644613.1198734653
10
1167482.833703898
20
644613.4140205365
10
1167482.7278873422
20
644613.8217523918
10
1167482.5995810768
20
644614.3430690313
10
1167482.4487851025
20
644614.9779704548
10
1167482.2754994184
20
644615.7264566624
10
1167482.115086283
20
644616.4749428702
10
1167481.967545696
20
644617.2234290778
10
1167481.8328776576
20
644617.9719152855
10
1167481.7110821675
20
644618.7204014931
10
1167481.6498196817
20
644619.4688877008
10
1167481.6490902004
20
644620.2173739084
10
1167481.7088937233
20
644620.9658601161
10
1167481.8292302503
20
644621.7143463239
10
1167481.9840005192
20
644622.4623359118
10
1167482.1732045296
20
644623.2098288803
10
1167482.3968422813
20
644623.956825229
10
1167482.6549137745
20
644624.7033249582
10
1167482.8486643722
20
644625.2636963746
10
1167482.9780940742
20
644625.6379394785
10
1167483.0432028808
20
644625.8260542697
10
1167483.0439907918
20
644625.8280407481
10
1167483.1201664899
20
644626.0166521589
10
1167483.2717299755
20
644626.391888502
10
1167483.498681248
20
644626.9537497775
10
1167483.801020308
20
644627.7022359851
10
1167484.1333949585
20
644628.4507221929
10
1167484.4958051995
20
644629.1992084004
10
1167484.8882510313
20
644629.9476946082
10
1167485.3107324534
20
644630.6961808158
10
1167485.6333129737
20
644631.2657864243
10
1167485.8559925922
20
644631.6565114334
10
1167485.9787713087
20
644631.8683558432
10
1167486.0016491234
20
644631.9013196538
10
1167486.1551178705
20
644632.104923111
10
1167486.43917755
20
644632.4791662148
10
1167486.853828162
20
644633.0240489653
10
1167487.3990697062
20
644633.7395713624
10
1167487.8588120304
20
644634.3189785087
10
1167488.2330551343
20
644634.7622704043
10
1167488.521799018
20
644635.069447049
10
1167488.725043681
20
644635.2405084431
10
1167489.0573446567
20
644635.5131606921
10
1167489.5187019445
20
644635.8874037958
10
1167490.109115545
20
644636.3632377546
10
1167490.8285854575
20
644636.9406625683
10
1167491.3754419656
20
644637.3775102235
10
1167491.7496850695
20
644637.6737807204
10
1167491.951314769
20
644637.8294740589
10
1167491.9803310642
20
644637.8445902391
10
1167492.1892148373
20
644637.9526730636
10
1167492.577966089
20
644638.1537225326
10
1167493.1465848184
20
644638.4477386458
10
1167493.8950710257
20
644638.8347214034
10
1167494.6289590686
20
644639.2115552891
10
1167495.348248947
20
644639.5782403029
10
1167496.0529406602
20
644639.9347764447
10
1167496.7430342087
20
644640.2811637146
10
1167497.2752025349
20
644640.5468600182
10
1167497.6494456385
20
644640.7318653554
10
1167497.8657635201
20
644640.8361797263
10
1167497.9241561792
20
644640.8598031309
10
1167498.1550722255
20
644640.9776257768
10
1167498.558511659
20
644641.1896476641
10
1167499.1344744796
20
644641.4958687925
10
1167499.882960687
20
644641.8962891623
10
1167500.5266435244
20
644642.277715048
10
1167501.0655229916
20
644642.6401464494
10
1167501.499599089
20
644642.9835833668
10
1167501.8288718157
20
644643.3080258003
10
1167502.1806297312
20
644643.6712643801
10
1167502.554872835
20
644644.0732991063
10
1167502.9516011272
20
644644.5141299793
10
1167503.3708146082
20
644644.9937569987
10
1167503.738673159
20
644645.4206920604
10
1167504.0551767796
20
644645.7949351643
10
1167504.3203254703
20
644646.1164863103
10
1167504.5341192307
20
644646.3853454984
10
1167504.8257127765
20
644646.7741114416
10
1167505.1951061073
20
644647.2827841395
10
1167505.6422992232
20
644647.9113635923
10
1167506.1672921244
20
644648.6598497999
10
1167506.5634616867
20
644649.225665899
10
1167506.83080791
20
644649.6088118897
10
1167506.9693307949
20
644649.8092877717
10
1167506.9790303411
20
644649.8270935452
10
1167507.0969372096
20
644650.023117984
10
1167507.3230514005
20
644650.3973610878
10
1167507.6573729143
20
644650.9498228568
10
1167508.0999017502
20
644651.6805032908
10
1167508.5082877204
20
644652.4056023073
10
1167508.8825308243
20
644653.1251199059
10
1167509.222631062
20
644653.8390560867
10
1167509.5285884333
20
644654.5474108498
10
1167509.7631262662
20
644655.0887097833
10
1167509.92624456
20
644655.462952887
10
1167510.017943315
20
644655.6701401613
10
1167510.0382225313
20
644655.7102716059
10
1167510.137079681
20
644655.9274917413
10
1167510.3145147646
20
644656.3218005673
10
1167510.5705277815
20
644656.8931980843
10
1167510.9051187322
20
644657.6416842919
10
1167511.2544659553
20
644658.3777468825
10
1167511.6185694512
20
644659.1013858559
10
1167511.9974292193
20
644659.8126012123
10
1167512.3910452602
20
644660.5113929516
10
1167512.6938639958
20
644661.0479103732
10
1167512.9058854268
20
644661.422153477
10
1167513.0271095524
20
644661.6341222632
10
1167513.0575363731
20
644661.6838167316
10
1167513.1949918293
20
644661.9082091348
10
1167513.439475921
20
644662.3072994729
10
1167513.790988648
20
644662.8810877457
10
1167514.2495300102
20
644663.6295739533
10
1167514.6583155382
20
644664.3024605169
10
1167515.0173452317
20
644664.8997474366
10
1167515.3266190907
20
644665.4214347122
10
1167515.5861371153
20
644665.8675223439
10
1167515.816322977
20
644666.2776877116
10
1167516.017176676
20
644666.6519308153
10
1167516.1886982124
20
644666.9902516553
10
1167516.3308875859
20
644667.2926502314
10
1167516.4913537651
20
644667.7065707154
10
1167516.6700967501
20
644668.2320131073
10
1167516.8671165407
20
644668.868977407
10
1167517.0824131367
20
644669.6174636147
10
1167517.273082988
20
644670.3659498224
10
1167517.4391260948
20
644671.1144360299
10
1167517.5805424564
20
644671.8629222377
10
1167517.6973320732
20
644672.6114084453
10
1167517.7906626328
20
644673.3598946531
10
1167517.8605341355
20
644674.1083808606
10
1167517.9069465809
20
644674.8568670683
10
1167517.9298999691
20
644675.605353276
10
1167517.9632636248
20
644676.3538394837
10
1167518.0070375479
20
644677.1023256913
10
1167518.0612217379
20
644677.8508118989
10
1167518.1258161955
20
644678.5992981067
10
1167518.2209277325
20
644679.2978869112
10
1167518.3465563487
20
644679.9465783124
10
1167518.5027020448
20
644680.5453723106
10
1167518.6893648198
20
644681.0942689053
10
1167518.864680247
20
644681.5558387546
10
1167519.0286483262
20
644681.9300818585
10
1167519.1812690569
20
644682.2169982169
10
1167519.3225424397
20
644682.4165878298
10
1167519.4901027486
20
644682.7534015913
10
1167519.683949984
20
644683.2274395014
10
1167519.9040841456
20
644683.8387015604
10
1167520.1505052333
20
644684.5871877681
10
1167520.2725052605
20
644685.3356739758
10
1167520.2700842265
20
644686.0841601833
10
1167520.1432421322
20
644686.8326463911
10
1167519.8919789768
20
644687.5811325987
10
1167519.6694237816
20
644688.1907856573
10
1167519.4755765463
20
644688.6616055666
10
1167519.310437271
20
644688.9935923269
10
1167519.1740059557
20
644689.186745938
10
1167518.9816476956
20
644689.4704442956
10
1167518.733362491
20
644689.8446873992
10
1167518.4291503415
20
644690.3094752495
10
1167518.0690112473
20
644690.864807846
10
1167517.764072176
20
644691.4684288454
10
1167517.514333128
20
644692.1203382475
10
1167517.3197941035
20
644692.8205360525
10
1167517.180455102
20
644693.56902226
10
1167517.2008203748
20
644694.216651572
10
1167517.380889922
20
644694.7634239884
10
1167517.7206637433
20
644695.2093395088
10
1167518.220141839
20
644695.5543981337
10
1167518.7818719628
20
644695.7843117642
10
1167519.4058541148
20
644695.8990804006
10
1167520.0920882944
20
644695.8987040429
10
1167520.8405745018
20
644695.7831826909
10
1167521.5890607093
20
644695.6683526909
10
1167522.3375469171
20
644695.5542140426
10
1167523.086033125
20
644695.4407667464
10
1167523.8345193327
20
644695.328010802
10
1167524.5830055405
20
644695.3243883873
10
1167525.3314917479
20
644695.4298995018
10
1167526.0799779557
20
644695.644544146
10
1167526.8284641632
20
644695.9683223198
10
1167527.4939433245
20
644696.2881376264
10
1167528.0764154396
20
644696.6039900661
10
1167528.5758805084
20
644696.9158796386
10
1167528.9923385307
20
644697.223806344
10
1167529.387689094
20
644697.5699130779
10
1167529.761932198
20
644697.9541998401
10
1167530.1150678424
20
644698.3766666306
10
1167530.4470960274
20
644698.8373134495
10
1167530.8832387184
20
644699.1426915561
10
1167531.423495915
20
644699.2928009508
10
1167532.0678676171
20
644699.2876416333
10
1167532.8163538245
20
644699.1272136036
10
1167533.4683315195
20
644698.9318378841
10
1167534.0238007018
20
644698.7015144746
10
1167534.4827613714
20
644698.4362433753
10
1167534.8452135283
20
644698.136024586
10
1167535.2135611586
20
644697.828112658
10
1167535.5878042625
20
644697.5125075909
10
1167535.9679428397
20
644697.1892093851
10
1167536.3539768904
20
644696.8582180402
10
1167536.8306239806
20
644696.6068712292
10
1167537.39788411
20
644696.435168952
10
1167538.0557572786
20
644696.3431112086
10
1167538.804243486
20
644696.3306979989
10
1167539.5527296937
20
644696.3290896635
10
1167540.3012159015
20
644696.3382862024
10
1167541.049702109
20
644696.3582876155
10
1167541.7981883166
20
644696.389093903
10
1167542.5466745244
20
644696.4161429661
10
1167543.2951607318
20
644696.439434805
10
1167544.0436469396
20
644696.4589694195
10
1167544.7921331474
20
644696.4747468096
10
1167545.5406193552
20
644696.4985238534
10
1167546.289105563
20
644696.5303005506
10
1167547.0375917705
20
644696.5700769016
10
1167547.7860779779
20
644696.617852906
10
1167548.5345641854
20
644696.7134423954
10
1167549.2830503932
20
644696.8568453697
10
1167550.031536601
20
644697.0480618288
10
1167550.7800228088
20
644697.287091773
10
1167551.3451392776
20
644697.4688679631
10
1167551.726886008
20
644697.5933903994
10
1167551.925262999
20
644697.6606590817
10
1167551.9402702516
20
644697.6706740098
10
1167552.1348954297
20
644697.8399285623
10
1167552.5091385336
20
644698.168422739
10
1167553.0629995633
20
644698.6561565398
10
1167553.7964785183
20
644699.3031299647
10
1167554.3811383238
20
644699.8137382292
10
1167554.8169789794
20
644700.1879813329
10
1167555.1040004857
20
644700.4258592762
10
1167555.2422028424
20
644700.527372059
10
1167555.4984255726
20
644700.6694962665
10
1167555.8726686763
20
644700.8522318988
10
1167556.3649321538
20
644701.075578956
10
1167556.9752160048
20
644701.3395374379
10
1167557.614845421
20
644701.4715166789
10
1167558.283820402
20
644701.4715166789
10
1167558.9821409485
20
644701.3395374379
10
1167559.7098070597
20
644701.075578956
10
1167560.2607616675
20
644700.8739319609
10
1167560.6350047712
20
644700.7345964528
10
1167560.8325363712
20
644700.6575724315
10
1167560.8533564678
20
644700.6428598971
10
1167561.056093092
20
644700.4892006987
10
1167561.440746244
20
644700.196594836
10
1167562.007315924
20
644699.7650423093
10
1167562.7558021313
20
644699.1945431185
10
1167563.504288339
20
644698.7828648398
10
1167564.2527745469
20
644698.5300074733
10
1167565.0012607547
20
644698.435971019
10
1167565.749746962
20
644698.5007554766
10
1167566.4982331698
20
644698.4945815254
10
1167567.2467193776
20
644698.417449165
10
1167567.9952055854
20
644698.2693583956
10
1167568.7436917927
20
644698.0503092171
10
1167569.3093350707
20
644697.8837698927
10
1167569.6921354183
20
644697.7697404226
10
1167569.8920928363
20
644697.7082208067
10
1167569.909207324
20
644697.6992110449
10
1167570.10488612
20
644697.5873593679
10
1167570.4791292236
20
644697.3726657752
10
1167571.0319366355
20
644697.0551302675
10
1167571.7633083554
20
644696.6347528443
10
1167572.47980185
20
644696.2374425809
10
1167573.1814171192
20
644695.8631994771
10
1167573.8681541632
20
644695.5120235329
10
1167574.540012982
20
644695.1839147484
10
1167575.0630639433
20
644694.9268079201
10
1167575.4373070472
20
644694.7407030481
10
1167575.6627422934
20
644694.6256001323
10
1167575.7393696825
20
644694.5814991727
10
1167575.983961776
20
644694.481126895
10
1167576.396518574
20
644694.3244832992
10
1167576.977040077
20
644694.1115683852
10
1167577.725526285
20
644693.8423821529
10
1167578.4740124927
20
644693.645383156
10
1167579.2224987005
20
644693.5205713945
10
1167579.970984908
20
644693.4679468683
10
1167580.7194711154
20
644693.4875095777
10
1167581.4508208737
20
644693.5756127301
10
1167582.165034183
20
644693.732256326
10
1167582.8621110427
20
644693.9574403652
10
1167583.5420514531
20
644694.2511648478
10
1167584.0691432103
20
644694.4770552258
10
1167584.443386314
20
644694.6351114991
10
1167584.6647807646
20
644694.7253336678
10
1167584.733326562
20
644694.747721732
10
1167584.9718574618
20
644694.8523295193
10
1167585.3803734642
20
644695.0391570299
10
1167585.9588745693
20
644695.3082042638
10
1167586.7073607768
20
644695.6594712208
10
1167587.4392692517
20
644696.0166292352
10
1167588.154599994
20
644696.379678307
10
1167588.8533530033
20
644696.7486184362
10
1167589.5355282796
20
644697.1234496225
10
1167590.0637374697
20
644697.4145932838
10
1167590.4379805736
20
644697.6220494199
10
1167590.658257591
20
644697.7458180308
10
1167590.7245685225
20
644697.7858991164
10
1167590.9614232727
20
644697.9553846451
10
1167591.3688218421
20
644698.254274617
10
1167591.9467642307
20
644698.6825690316
10
1167592.695250438
20
644699.2402678895
10
1167593.2956419054
20
644699.6962185989
10
1167593.7479386323
20
644700.05042116
10
1167594.0521406187
20
644700.3028755725
10
1167594.2082478646
20
644700.4535818367
10
1167594.4734230395
20
644700.7263979912
10
1167594.8476661434
20
644701.1213240358
10
1167595.3309771763
20
644701.6383599709
10
1167595.9233561382
20
644702.277505796
10
1167596.3906216286
20
644702.7842002606
10
1167596.7327736479
20
644703.1584433645
10
1167596.9498121962
20
644703.4002351076
10
1167597.0417372738
20
644703.50957549
10
1167597.2748213643
20
644703.7469211776
10
1167597.6490644682
20
644704.1122721704
10
1167598.1644665853
20
644704.6056284682
10
1167598.8210277155
20
644705.2269900711
10
1167599.3431925655
20
644705.7247924246
10
1167599.730961135
20
644706.0990355284
10
1167599.984333424
20
644706.3497193826
10
1167600.1033094323
20
644706.4768439874
10
1167600.3499189885
20
644706.75252722
10
1167600.7241620924
20
644707.1767690805
10
1167601.2260387437
20
644707.749569569
10
1167601.855548943
20
644708.4709286856
10
1167602.3336336352
20
644709.0187297958
10
1167602.6602928203
20
644709.3929728996
10
1167602.8355264985
20
644709.5936579971
10
1167602.85933467
20
644709.6207850883
10
1167603.0381828586
20
644709.8282519586
10
1167603.3720710648
20
644710.2160586079
10
1167603.8609992885
20
644710.7842050365
10
1167604.5049675293
20
644711.5326912443
10
1167605.008121159
20
644712.1108352456
10
1167605.3704601773
20
644712.5186370406
10
1167605.591984584
20
644712.7560966294
10
1167605.6726943795
20
644712.8232140117
10
1167605.8714170232
20
644713.0438942548
10
1167606.1881525158
20
644713.4181373587
10
1167606.6229008564
20
644713.9459433232
10
1167607.1756620458
20
644714.6273121485
10
1167607.6391641924
20
644715.2378778405
10
1167608.0134072963
20
644715.7776403992
10
1167608.2983913575
20
644716.2465998247
10
1167608.4941163757
20
644716.6447561173
10
1167608.6782268356
20
644717.0309558153
10
1167608.8507227371
20
644717.4051989191
10
1167609.0116040804
20
644717.7674854287
10
1167609.160870865
20
644718.117815344
10
1167609.3307815373
20
644718.5676843324
10
1167609.521336097
20
644719.117092394
10
1167609.732534544
20
644719.7660395285
10
1167609.9643768787
20
644720.5145257362
10
1167610.2006286362
20
644721.2630119438
10
1167610.4412898168
20
644722.0114981516
10
1167610.6863604202
20
644722.7599843593
10
1167610.9358404467
20
644723.5084705668
10
1167611.152424732
20
644724.1288656425
10
1167611.3361132762
20
644724.6211695862
10
1167611.486906079
20
644724.9853823979
10
1167611.6048031412
20
644725.2215040773
10
1167611.7680303815
20
644725.5266864691
10
1167611.9765878005
20
644725.900929573
10
1167612.230475398
20
644726.344233389
10
1167612.529693174
20
644726.8565979169
10
1167612.8664236139
20
644727.3957434988
10
1167613.2406667178
20
644727.9616701344
10
1167613.6524224854
20
644728.5543778238
10
1167614.101690917
20
644729.1738665672
10
1167614.4634008976
20
644729.6707324907
10
1167614.7375524272
20
644730.0449755944
10
1167614.924145506
20
644730.2965958785
10
1167615.0231801337
20
644730.4255933431
10
1167615.2326291676
20
644730.7094629933
10
1167615.5524926076
20
644731.1482048294
10
1167615.9827704537
20
644731.7418188513
10
1167616.523462706
20
644732.4903050589
10
1167616.9561717273
20
644733.0866019177
10
1167617.2808975172
20
644733.5307094277
10
1167617.497640076
20
644733.8226275886
10
1167617.6063994034
20
644733.9623564007
10
1167617.8112954875
20
644734.2193423586
10
1167618.1123283282
20
644734.5935854625
10
1167618.5094979247
20
644735.0850857121
10
1167619.002804278
20
644735.6938431078
10
1167619.4365790063
20
644736.2202862118
10
1167619.8108221102
20
644736.6644150243
10
1167620.1255335894
20
644737.0262295454
10
1167620.380713444
20
644737.3057297749
10
1167620.6618606856
20
644737.6326014416
10
1167620.9689753142
20
644738.0068445455
10
1167621.30205733
20
644738.4284590865
10
1167621.6611067327
20
644738.8974450645
10
1167622.0277529862
20
644739.3714187469
10
1167622.40199609
20
644739.8503801333
10
1167622.7838360444
20
644740.3343292238
10
1167623.173272849
20
644740.8232660185
10
1167623.5080477674
20
644741.2548559678
10
1167623.7881607995
20
644741.6290990717
10
1167624.013611945
20
644741.9459953301
10
1167624.1844012043
20
644742.205544743
10
1167624.4431579146
20
644742.5873283547
10
1167624.7898820762
20
644743.091346165
10
1167625.224573689
20
644743.717598174
10
1167625.7472327529
20
644744.4660843817
10
1167626.1529865223
20
644745.0477475895
10
1167626.4418349965
20
644745.4625877975
10
1167626.613778176
20
644745.7106050059
10
1167626.6688160605
20
644745.7917992144
10
1167626.8204110549
20
644746.0195178706
10
1167627.068563159
20
644746.3937609744
10
1167627.4132723731
20
644746.9145285259
10
1167627.854538697
20
644747.5818205251
10
1167628.262293411
20
644748.1912144001
10
1167628.6365365149
20
644748.742710151
10
1167628.9772680085
20
644749.2363077778
10
1167629.2844878924
20
644749.6720072805
10
1167629.5793022092
20
644750.0769785838
10
1167629.861710959
20
644750.4512216875
10
1167630.1317141424
20
644750.794736592
10
1167630.3893117588
20
644751.107523297
10
1167630.705232119
20
644751.501061335
10
1167631.0794752226
20
644751.9753507057
10
1167631.5120410703
20
644752.5303914093
10
1167632.0029296617
20
644753.1661834458
10
1167632.3956275564
20
644753.671201016
10
1167632.6901347546
20
644754.04544412
10
1167632.8864512562
20
644754.2889127574
10
1167632.9845770611
20
644754.4016069286
10
1167633.200568775
20
644754.6732491087
10
1167633.5344263976
20
644755.1038392982
10
1167633.986149929
20
644755.6933774967
10
1167634.5557393688
20
644756.4418637044
10
1167635.0031241893
20
644757.0239174622
10
1167635.3283043907
20
644757.4395387704
10
1167635.5312799728
20
644757.6887276286
10
1167635.6120509352
20
644757.771484037
10
1167635.859750709
20
644757.996177997
10
1167636.2743792944
20
644758.3628095083
10
1167636.8559366907
20
644758.8713785711
10
1167637.6044228985
20
644759.5218851852
10
1167638.1711387509
20
644760.013570942
10
1167638.5560842478
20
644760.3464358416
10
1167638.7592593897
20
644760.520479884
10
1167638.780664176
20
644760.5357030691
10
1167638.9784881212
20
644760.665012232
10
1167639.352731225
20
644760.9084073731
10
1167639.9033934877
20
644761.2658884921
10
1167640.6304749087
20
644761.737455589
10
1167641.2926865162
20
644762.1603606895
10
1167641.8900283095
20
644762.5346037934
10
1167642.4225002893
20
644762.8601849006
10
1167642.8901024552
20
644763.1371040113
10
1167643.31102509
20
644763.3888244659
10
1167643.685268194
20
644763.6153462644
10
1167644.0128317666
20
644763.8166694071
10
1167644.2937158085
20
644763.9927938936
10
1167644.6915003918
20
644764.230001422
10
1167645.2061855164
20
644764.5282919924
10
1167645.8377711829
20
644764.8876656045
10
1167646.5862573902
20
644765.3081222586
10
1167647.2235934543
20
644765.6614410159
10
1167647.7497793748
20
644765.9476218765
10
1167648.1648151516
20
644766.1666648403
10
1167648.4687007843
20
644766.3185699073
10
1167648.8077651528
20
644766.4869934838
10
1167649.1820082567
20
644766.6719355697
10
1167649.591430096
20
644766.8733961652
10
1167650.0360306706
20
644767.09137527
10
1167650.5566026536
20
644767.3684091123
10
1167651.1531460448
20
644767.7044976918
10
1167651.8256608443
20
644768.0996410088
10
1167652.5741470517
20
644768.553839063
10
1167653.1721788081
20
644768.9135648658
10
1167653.6197561137
20
644769.1788184174
0
LWPOLYLINE
5
3A
330
C
100
AcDbEntity
8
C-TOPO-MAJR-E
100
AcDbPolyline
90
397
70
0
43
0
38
0
39
0
10
1167500.0731371231
20
644605.9961359628
10
1167500.0142767965
20
644606.7446221703
10
1167500.0042957384
20
644607.493108378
10
1167500.0431939492
20
644608.2415945858
10
1167500.1309714287
20
644608.9900807934
10
1167500.267628177
20
644609.7385670011
10
1167500.403438032
20
644610.3478911389
10
1167500.5384009934
20
644610.8180532069
10
1167500.6725170617
20
644611.1490532053
10
1167500.8057862364
20
644611.3408911338
10
1167501.0041466705
20
644611.6239316498
10
1167501.2675983633
20
644611.9981747537
10
1167501.5961413155
20
644612.4636204452
10
1167501.9897755268
20
644613.0202687245
10
1167502.3345163797
20
644613.6248764858
10
1167502.6303638744
20
644614.2774437292
10
1167502.8773180107
20
644614.9779704548
10
1167503.0753787886
20
644615.7264566624
10
1167503.2631221765
20
644616.3539925674
10
1167503.4405481745
20
644616.8605781693
10
1167503.607656783
20
644617.2462134686
10
1167503.7644480015
20
644617.5108984649
10
1167503.9563319038
20
644617.8303625151
10
1167504.1833084899
20
644618.2046056188
10
1167504.4453777596
20
644618.6336277764
10
1167504.7425397136
20
644619.1174289878
10
1167505.0782422423
20
644619.6301080377
10
1167505.4524853462
20
644620.1716649266
10
1167505.865269025
20
644620.7420996542
10
1167506.316593279
20
644621.3414122204
10
1167506.6894175813
20
644621.8281900554
10
1167506.983741932
20
644622.2024331593
10
1167507.199566331
20
644622.464141532
10
1167507.3368907783
20
644622.6133151733
10
1167507.5926745539
20
644622.8510335461
10
1167507.9669176575
20
644623.1772966506
10
1167508.4596200897
20
644623.5921044864
10
1167509.07078185
20
644624.095457054
10
1167509.6583439074
20
644624.5342548897
10
1167510.2223062618
20
644624.9084979936
10
1167510.7626689128
20
644625.2181863656
10
1167511.279431861
20
644625.4633200056
10
1167511.7249348867
20
644625.66759721
10
1167512.0991779906
20
644625.8310179788
10
1167512.4021611724
20
644625.9535823117
10
1167512.633884432
20
644626.035290209
10
1167512.9947984286
20
644626.1417748062
10
1167513.4849031623
20
644626.2730361035
10
1167514.104198633
20
644626.4290741008
10
1167514.8526848403
20
644626.609888798
10
1167515.601171048
20
644626.7986643194
10
1167516.3496572557
20
644626.9954006651
10
1167517.0981434635
20
644627.2000978347
10
1167517.8466296713
20
644627.4127558286
10
1167518.595115879
20
644627.6184911844
10
1167519.3436020869
20
644627.8173039022
10
1167520.0920882944
20
644628.0091939822
10
1167520.8405745018
20
644628.1941614241
10
1167521.5890607093
20
644628.3475155323
10
1167522.3375469171
20
644628.469256307
10
1167523.086033125
20
644628.5593837481
10
1167523.8345193327
20
644628.6178978556
10
1167524.4174932302
20
644628.6692394537
10
1167524.8349548178
20
644628.7134085423
10
1167525.0869040948
20
644628.7504051217
10
1167525.1733410617
20
644628.7802291916
10
1167525.403681097
20
644628.8883731539
10
1167525.777924201
20
644629.0748370084
10
1167526.2960703732
20
644629.3396207552
10
1167526.9581196138
20
644629.6827243943
10
1167527.5211280654
20
644630.0413977657
10
1167527.9850957277
20
644630.4156408695
10
1167528.3500226014
20
644630.8054537058
10
1167528.6159086858
20
644631.2108362744
10
1167528.93597328
20
644631.661051332
10
1167529.310216384
20
644632.1560988785
10
1167529.7386379973
20
644632.6959789137
10
1167530.2212381207
20
644633.2806914379
10
1167530.624035657
20
644633.7601692519
10
1167530.9470306067
20
644634.1344123557
10
1167531.1902229693
20
644634.4034207494
10
1167531.3536127452
20
644634.5671944328
10
1167531.622429185
20
644634.8473247406
10
1167531.996672289
20
644635.2438116726
10
1167532.4763420569
20
644635.7566552288
10
1167533.0614384883
20
644636.3858554093
10
1167533.5224343725
20
644636.8875770515
10
1167533.8593297089
20
644637.2618201552
10
1167534.0721244975
20
644637.5085847208
10
1167534.160818738
20
644637.6278707479
10
1167534.2806804855
20
644637.9044568202
10
1167534.4317097398
20
644638.3383429378
10
1167534.6139065009
20
644638.9295291002
10
1167534.8272707681
20
644639.6780153079
10
1167535.0989008937
20
644640.3970037135
10
1167535.4287968772
20
644641.086494317
10
1167535.8169587185
20
644641.7464871187
10
1167536.263386418
20
644642.3769821181
10
1167536.6178149437
20
644642.8793511698
10
1167536.8802442958
20
644643.2535942736
10
1167537.0506744743
20
644643.4997114296
10
1167537.129105479
20
644643.6177026379
10
1167537.3554425333
20
644643.8621703364
10
1167537.7296856372
20
644644.2331145253
10
1167538.2518347907
20
644644.7305352046
10
1167538.9218899934
20
644645.3544323744
10
1167539.4623767454
20
644645.8535025112
10
1167539.8732950464
20
644646.227745615
10
1167540.1546448963
20
644646.4771616859
10
1167540.3064262955
20
644646.6017507238
10
1167540.569438547
20
644646.8354688294
10
1167540.9436816508
20
644647.1783160025
10
1167541.429155607
20
644647.6302922431
10
1167542.0258604153
20
644648.1913975512
10
1167542.5515499886
20
644648.6590717572
10
1167543.0062243263
20
644649.0333148609
10
1167543.3898834288
20
644649.3141268627
10
1167543.7025272963
20
644649.5015077621
10
1167544.0459707817
20
644649.7074683178
10
1167544.4202138856
20
644649.9320085295
10
1167544.8252566077
20
644650.1751283974
10
1167545.261098948
20
644650.4368279213
10
1167545.7751022554
20
644650.7322944754
10
1167546.3672665297
20
644651.0615280594
10
1167547.0375917705
20
644651.4245286735
10
1167547.7860779779
20
644651.8212963177
10
1167548.3849204355
20
644652.1413768107
10
1167548.8341191434
20
644652.3847701526
10
1167549.1336741014
20
644652.5514763433
10
1167549.2835853095
20
644652.6414953828
10
1167549.5456624653
20
644652.8059440785
10
1167549.919905569
20
644653.0448224302
10
1167550.4063146207
20
644653.3581304383
10
1167551.0048896207
20
644653.7458681023
10
1167551.5828864933
20
644654.1268584863
10
1167552.1403052385
20
644654.5011015901
10
1167552.6771458567
20
644654.8685974138
10
1167553.1934083477
20
644655.2293459574
10
1167553.638661145
20
644655.5389320238
10
1167554.012904249
20
644655.7973556133
10
1167554.3161376594
20
644656.0046167257
10
1167554.548361376
20
644656.1607153611
10
1167554.9096507153
20
644656.3994028057
10
1167555.4000056775
20
644656.7206790596
10
1167556.0194262625
20
644657.124544123
10
1167556.7679124703
20
644657.6109979956
10
1167557.43754715
20
644658.002321825
10
1167558.0283303019
20
644658.2985156112
10
1167558.5402619261
20
644658.4995793542
10
1167558.9733420224
20
644658.6055130538
10
1167559.3770036227
20
644658.7031408914
10
1167559.7512467264
20
644658.7924628668
10
1167560.0960713339
20
644658.8734789799
10
1167560.4114774454
20
644658.946189231
10
1167560.8351535806
20
644659.1115957685
10
1167561.3670997403
20
644659.3696985927
10
1167562.007315924
20
644659.7204977032
10
1167562.7558021313
20
644660.1639931004
10
1167563.3956844378
20
644660.5546847881
10
1167563.9269628434
20
644660.8925727664
10
1167564.3496373477
20
644661.1776570354
10
1167564.6637079506
20
644661.4099375949
10
1167565.007864804
20
644661.6959813797
10
1167565.382107908
20
644662.0357883896
10
1167565.7864372623
20
644662.429358625
10
1167566.2208528668
20
644662.8766920854
10
1167566.629999422
20
644663.2874803676
10
1167567.013876927
20
644663.6617234715
10
1167567.372485383
20
644663.999421397
10
1167567.7058247887
20
644664.3005741441
10
1167568.0596160437
20
644664.6311296653
10
1167568.4338591476
20
644664.9910879603
10
1167568.8285541004
20
644665.3804490294
10
1167569.243700902
20
644665.7992128725
10
1167569.7421825551
20
644666.1591929225
10
1167570.3239990596
20
644666.4603891796
10
1167570.9891504156
20
644666.7028016436
10
1167571.7376366234
20
644666.8864303145
10
1167572.4274561107
20
644667.060675241
10
1167573.058608878
20
644667.2255364235
10
1167573.6310949244
20
644667.3810138614
10
1167574.1449142506
20
644667.5271075551
10
1167574.5889454656
20
644667.6599191092
10
1167574.9631885693
20
644667.7794485237
10
1167575.267643562
20
644667.8856957986
10
1167575.5023104434
20
644667.9786609339
10
1167575.8654321565
20
644668.1465117626
10
1167576.357008701
20
644668.3892482847
10
1167576.977040077
20
644668.7068705001
10
1167577.725526285
20
644669.0993784089
10
1167578.4279369044
20
644669.4595126312
10
1167579.0842719353
20
644669.7872731674
10
1167579.694531378
20
644670.0826600173
10
1167580.2587152326
20
644670.3456731809
10
1167580.7279287118
20
644670.5634951582
10
1167581.1021718157
20
644670.7361259493
10
1167581.3814445443
20
644670.8635655541
10
1167581.5657468971
20
644670.945813973
10
1167581.891095214
20
644671.0865191004
10
1167582.3574894944
20
644671.2856809366
10
1167582.9649297385
20
644671.5432994816
10
1167583.7134159463
20
644671.8593747353
10
1167584.4207021687
20
644672.1839718095
10
1167585.0867884061
20
644672.5170907038
10
1167585.711674658
20
644672.8587314187
10
1167586.295360925
20
644673.208893954
10
1167586.7743256101
20
644673.5036800168
10
1167587.148568714
20
644673.7430896075
10
1167587.4180902364
20
644673.9271227256
10
1167587.5828901771
20
644674.0557793714
10
1167587.8547619954
20
644674.3072292462
10
1167588.233705691
20
644674.6814723501
10
1167588.7197212647
20
644675.1785086829
10
1167589.3128087155
20
644675.7983382448
10
1167589.796473993
20
644676.2986854638
10
1167590.170717097
20
644676.6795503402
10
1167590.435538027
20
644676.9409328739
10
1167590.590936784
20
644677.082833065
10
1167590.875711679
20
644677.3409047124
10
1167591.2898627124
20
644677.7151478163
10
1167591.8333898843
20
644678.2055623765
10
1167592.5062931946
20
644678.8121483931
10
1167593.0298664016
20
644679.2866916138
10
1167593.4041095055
20
644679.6291920387
10
1167593.629022506
20
644679.8396496675
10
1167593.7046054036
20
644679.9180645002
10
1167593.9085940362
20
644680.1443934685
10
1167594.240988404
20
644680.5186365724
10
1167594.701788507
20
644681.0407938117
10
1167595.2909943452
20
644681.7108651866
10
1167595.772718816
20
644682.2511075676
10
1167596.14696192
20
644682.6615209545
10
1167596.4137236567
20
644682.9421053475
10
1167596.5730040262
20
644683.0928607465
10
1167596.8454180863
20
644683.3553599981
10
1167597.230965837
20
644683.7296031018
10
1167597.729647278
20
644684.215590058
10
1167598.3414624098
20
644684.8133208667
10
1167598.8344915276
20
644685.2945565055
10
1167599.2087346315
20
644685.6592969747
10
1167599.4641917213
20
644685.9075422742
10
1167599.6008627973
20
644686.0392924041
10
1167599.8859821723
20
644686.292289021
10
1167600.3195498465
20
644686.6665321247
10
1167600.90156582
20
644687.1620217157
10
1167601.6320300924
20
644687.7787577935
10
1167602.1843837807
20
644688.2458566449
10
1167602.5586268846
20
644688.56331827
10
1167602.7547594039
20
644688.7311426686
10
1167602.772781339
20
644688.7493298411
10
1167602.9714495223
20
644688.9455449792
10
1167603.3507639535
20
644689.319788083
10
1167603.9107246331
20
644689.8720591526
10
1167604.6513315607
20
644690.6023581879
10
1167605.2087565763
20
644691.1523817884
10
1167605.5829996802
20
644691.522129954
10
1167605.7740608722
20
644691.7116026847
10
1167605.7819401524
20
644691.7207999806
10
1167605.9179951926
20
644691.9125201805
10
1167606.1822259931
20
644692.2867632844
10
1167606.5746325536
20
644692.8435292921
10
1167607.0952148743
20
644693.582818204
10
1167607.5426275865
20
644694.2084757544
10
1167607.9168706902
20
644694.7205019433
10
1167608.2179441857
20
644695.1188967708
10
1167608.4458480726
20
644695.4036602369
10
1167608.7052806416
20
644695.7331635219
10
1167608.9962418922
20
644696.1074066258
10
1167609.3187318249
20
644696.5263895484
10
1167609.6727504395
20
644696.9901122899
10
1167610.0368812988
20
644697.4491243633
10
1167610.4111244027
20
644697.9034257684
10
1167610.795479751
20
644698.3530165051
10
1167611.1899473441
20
644698.7978965737
10
1167611.5501058039
20
644699.2074581599
10
1167611.87595513
20
644699.5817012636
10
1167612.1674953229
20
644699.920625885
10
1167612.4247263821
20
644700.2242320243
10
1167612.7404634636
20
644700.5996853139
10
1167613.1147065675
20
644701.0469857542
10
1167613.5474556936
20
644701.5661333449
10
1167614.038710842
20
644702.1571280862
10
1167614.4382085789
20
644702.6397470088
10
1167614.7459489047
20
644703.0139901126
10
1167614.961931819
20
644703.2798573978
10
1167615.0861573222
20
644703.437348864
10
1167615.3244926725
20
644703.7425890157
10
1167615.6769378702
20
644704.1955778529
10
1167616.143492915
20
644704.7963153751
10
1167616.724157807
20
644705.5448015828
10
1167617.170555429
20
644706.1195929494
10
1167617.4826857815
20
644706.5206894749
10
1167617.660548864
20
644706.7480911594
10
1167617.7041446762
20
644706.8017980029
10
1167617.8881768878
20
644707.0157729766
10
1167618.2126454979
20
644707.3900160803
10
1167618.677550507
20
644707.9245273144
10
1167619.2828919152
20
644708.6193066787
10
1167619.7726841709
20
644709.1886093302
10
1167620.1469272748
20
644709.632435269
10
1167620.4056212266
20
644709.950784495
10
1167620.5487660263
20
644710.1436570084
10
1167620.7825408732
20
644710.4272148169
10
1167621.1069457666
20
644710.8014579208
10
1167621.5219807073
20
644711.2663863199
10
1167622.027645695
20
644711.8220000141
10
1167622.4675997407
20
644712.3300040411
10
1167622.8418428446
20
644712.7903984006
10
1167623.1503750065
20
644713.2031830926
10
1167623.3931962266
20
644713.5683581172
10
1167623.6325898406
20
644713.9380671815
10
1167623.8685558483
20
644714.3123102853
10
1167624.10109425
20
644714.6910874287
10
1167624.330205046
20
644715.0743986118
10
1167624.5858340894
20
644715.549003551
10
1167624.8679813806
20
644716.1149022463
10
1167625.1766469195
20
644716.7720946979
10
1167625.5118307057
20
644717.5205809055
10
1167625.8092664517
20
644718.1880885684
10
1167626.0689541576
20
644718.7746176864
10
1167626.2908938234
20
644719.2801682596
10
1167626.475085449
20
644719.7047402881
10
1167626.6531822293
20
644720.1041478543
10
1167626.8251841646
20
644720.4783909579
10
1167626.9910912544
20
644720.8274695995
10
1167627.1509034992
20
644721.1513837788
10
1167627.3888892967
20
644721.5814409652
10
1167627.705048647
20
644722.1176411586
10
1167628.0993815502
20
644722.7599843593
10
1167628.5718880058
20
644723.5084705668
10
1167628.9553097247
20
644724.1124578468
10
1167629.249646706
20
644724.571946199
10
1167629.4548989504
20
644724.8869356235
10
1167629.571066457
20
644725.05742612
10
1167629.7895274747
20
644725.3297929203
10
1167630.110282003
20
644725.7040360242
10
1167630.5333300417
20
644726.1801554316
10
1167631.058671591
20
644726.7581511426
10
1167631.5084639178
20
644727.2719105836
10
1167631.8827070214
20
644727.7214337543
10
1167632.1814009026
20
644728.1067206551
10
1167632.404545561
20
644728.4277712858
10
1167632.6597168085
20
644728.775418153
10
1167632.9469146451
20
644729.1496612568
10
1167633.266139071
20
644729.5505005972
10
1167633.617390086
20
644729.9779361744
10
1167633.9801371454
20
644730.4149252706
10
1167634.3543802493
20
644730.861467886
10
1167634.7401193974
20
644731.3175640209
10
1167635.1373545902
20
644731.7832136748
10
1167635.5155690012
20
644732.2031600538
10
1167635.8747626306
20
644732.5774031577
10
1167636.2149354785
20
644732.9059429864
10
1167636.5360875449
20
644733.18877954
10
1167636.88378513
20
644733.4909143494
10
1167637.258028234
20
644733.8123474148
10
1167637.6588168566
20
644734.1530787358
10
1167638.086150998
20
644734.5131083126
10
1167638.5117271286
20
644734.880244653
10
1167638.935545249
20
644735.2544877569
10
1167639.3576053581
20
644735.6358376242
10
1167639.7779074567
20
644736.024294255
10
1167640.175180058
20
644736.4129060436
10
1167640.549423162
20
644736.8016729901
10
1167640.9006367684
20
644737.1905950943
10
1167641.2288208771
20
644737.5796723566
10
1167641.5477742185
20
644737.9613325396
10
1167641.857496792
20
644738.3355756435
10
1167642.1579885979
20
644738.7024016681
10
1167642.449249636
20
644739.0618106136
10
1167642.7820017068
20
644739.4074941017
10
1167643.1562448107
20
644739.7394521323
10
1167643.5719789474
20
644740.0576847056
10
1167644.029204117
20
644740.3621918213
10
1167644.5442035168
20
644740.7015669311
10
1167645.116977147
20
644741.075810035
10
1167645.747525008
20
644741.4849211329
10
1167646.435847099
20
644741.9289002249
10
1167646.9671296966
20
644742.2718610608
10
1167647.3413728003
20
644742.513803641
10
1167647.5585764104
20
644742.6547279654
10
1167647.6187405272
20
644742.6946340338
10
1167647.8444051878
20
644742.9017086201
10
1167648.2355703926
20
644743.2759517238
10
1167648.7922361416
20
644743.8173633453
10
1167649.5144024347
20
644744.5259434844
10
1167650.0626071333
20
644745.0656765122
10
1167650.436850237
20
644745.4365624287
10
1167650.6371317462
20
644745.6386012338
10
1167650.663451661
20
644745.6717929275
10
1167650.846076773
20
644745.8755103264
10
1167651.1850070823
20
644746.2497534303
10
1167651.6802425894
20
644746.7945222391
10
1167652.3317832937
20
644747.509816753
10
1167652.844675198
20
644748.0635917685
10
1167653.2189183016
20
644748.4558472857
10
1167653.4545126052
20
644748.6865833047
0
LWPOLYLINE
5
3B
330
C
100
AcDbEntity
8
C-TOPO-MAJR-E
100
AcDbPolyline
90
330
70
0
43
0
38
0
39
0
10
1167524.462962522
20
644605.7854211545
10
1167524.790785945
20
644606.1549456071
10
1167525.1169087098
20
644606.529188711
10
1167525.441330816
20
644606.908150466
10
1167525.7640522632
20
644607.2918308723
10
1167526.1125345388
20
644607.7209782932
10
1167526.4867776427
20
644608.1955927287
10
1167526.8867815747
20
644608.7156741786
10
1167527.3125463347
20
644609.281222643
10
1167527.6874758662
20
644609.7511184271
10
1167528.0115701696
20
644610.1253615309
10
1167528.2848292443
20
644610.4039519544
10
1167528.5072530906
20
644610.5868896977
10
1167528.8055865658
20
644610.7752355081
10
1167529.1798296697
20
644610.9689893858
10
1167529.629982402
20
644611.1681513306
10
1167530.1560447635
20
644611.3727213425
10
1167530.7377130864
20
644611.6236265486
10
1167531.3749873708
20
644611.9208669488
10
1167532.0678676171
20
644612.264442543
10
1167532.8163538245
20
644612.6543533315
10
1167533.5648400323
20
644612.9717697937
10
1167534.31332624
20
644613.2166919296
10
1167535.0618124478
20
644613.3891197394
10
1167535.8102986552
20
644613.489053223
10
1167536.42132418
20
644613.5775213166
10
1167536.894889022
20
644613.6545240202
10
1167537.230993181
20
644613.7200613339
10
1167537.429636657
20
644613.7741332577
10
1167537.716079947
20
644613.8503435366
10
1167538.090323051
20
644613.9486921706
10
1167538.5523659687
20
644614.0691791598
10
1167539.1022087003
20
644614.2118045042
10
1167539.7017123008
20
644614.3749350302
10
1167540.3508767704
20
644614.5585707378
10
1167541.049702109
20
644614.7627116272
10
1167541.7981883166
20
644614.9873576979
10
1167542.5466745244
20
644615.2054453992
10
1167543.2951607318
20
644615.4169747307
10
1167544.0436469396
20
644615.6219456925
10
1167544.7921331474
20
644615.8203582844
10
1167545.4183720783
20
644616.0148682785
10
1167545.922363732
20
644616.2054756747
10
1167546.304108109
20
644616.392180473
10
1167546.563605209
20
644616.5749826735
10
1167546.8369638827
20
644616.8992058757
10
1167547.1241841295
20
644617.3648500796
10
1167547.4252659502
20
644617.9719152855
10
1167547.740209344
20
644618.7204014931
10
1167548.019928318
20
644619.3562749829
10
1167548.2644228716
20
644619.879535755
10
1167548.4736930055
20
644620.2901838092
10
1167548.6477387191
20
644620.5882191455
10
1167548.8591143321
20
644620.9243583657
10
1167549.107819845
20
644621.2986014695
10
1167549.393855257
20
644621.7109484571
10
1167549.7172205688
20
644622.1613993284
10
1167550.0660247765
20
644622.653859208
10
1167550.4402678804
20
644623.188328096
10
1167550.8399498803
20
644623.7648059921
10
1167551.2650707762
20
644624.3832928964
10
1167551.6098651192
20
644624.8796579007
10
1167551.8743329092
20
644625.2539010046
10
1167552.058474146
20
644625.506022208
10
1167552.1622888297
20
644625.6360215112
10
1167552.3805761747
20
644625.9206425406
10
1167552.7133361811
20
644626.3598852959
10
1167553.1605688487
20
644626.9537497775
10
1167553.7222741772
20
644627.7022359851
10
1167554.1642947225
20
644628.2940814137
10
1167554.4866304845
20
644628.7292860631
10
1167554.6892814632
20
644629.0078499333
10
1167554.772247658
20
644629.1297730246
10
1167555.0215938566
20
644629.3708304218
10
1167555.4373200578
20
644629.7310221251
10
1167556.0194262625
20
644630.2103481346
10
1167556.7679124703
20
644630.8088084502
10
1167557.336917447
20
644631.2646793871
10
1167557.7264411931
20
644631.5779609454
10
1167557.9364837082
20
644631.748653125
10
1167557.9670449928
20
644631.776755926
10
1167558.1694471869
20
644631.9474746173
10
1167558.5436902908
20
644632.2608091987
10
1167559.0897743043
20
644632.7167596706
10
1167559.8076992275
20
644633.3153260328
10
1167560.4109208563
20
644633.8017307657
10
1167560.8994391907
20
644634.1759738696
10
1167561.273254231
20
644634.4380553443
10
1167561.5323659768
20
644634.5879751898
10
1167561.849043402
20
644634.7431963149
10
1167562.2232865058
20
644634.9037187196
10
1167562.6550952885
20
644635.069542404
10
1167563.14446975
20
644635.240667368
10
1167563.6986221485
20
644635.4372962381
10
1167564.3175524834
20
644635.6594290144
10
1167565.0012607547
20
644635.9070656967
10
1167565.749746962
20
644636.1802062851
10
1167566.4378430352
20
644636.4611168902
10
1167567.0655489739
20
644636.7497975118
10
1167567.632864778
20
644637.0462481505
10
1167568.1397904474
20
644637.3504688058
10
1167568.5803748341
20
644637.6706081998
10
1167568.954617938
20
644638.0066663324
10
1167569.2625197591
20
644638.3586432036
10
1167569.504080297
20
644638.7265388136
10
1167569.7806071087
20
644639.0976081705
10
1167570.0921001937
20
644639.4718512743
10
1167570.4385595522
20
644639.849268125
10
1167570.8199851844
20
644640.2298587229
10
1167571.1978195522
20
644640.5756589628
10
1167571.5720626558
20
644640.8866688448
10
1167571.9427144956
20
644641.162888369
10
1167572.3097750715
20
644641.4043175355
10
1167572.739354998
20
644641.7121536706
10
1167573.2314542755
20
644642.0863967745
10
1167573.7860729042
20
644642.527046847
10
1167574.4032108835
20
644643.0341038882
10
1167574.8989014253
20
644643.4361847221
10
1167575.2731445292
20
644643.7332893487
10
1167575.5259401952
20
644643.9254177677
10
1167575.6572884233
20
644644.0125699794
10
1167575.9429211463
20
644644.2172343018
10
1167576.3828383642
20
644644.5394107352
10
1167576.977040077
20
644644.9790992793
10
1167577.725526285
20
644645.5362999341
10
1167578.313586542
20
644645.9802337606
10
1167578.7412208477
20
644646.3109007585
10
1167579.008429203
20
644646.5283009281
10
1167579.1152116072
20
644646.6324342692
10
1167579.3557243613
20
644646.8368098717
10
1167579.729967465
20
644647.1414277359
10
1167580.2379409187
20
644647.5462878615
10
1167580.879644722
20
644648.0513902487
10
1167581.4401825604
20
644648.4910629942
10
1167581.9195544336
20
644648.865306098
10
1167582.3177603416
20
644649.1741195602
10
1167582.6348002846
20
644649.4175033807
10
1167582.980441808
20
644649.6836572238
10
1167583.354684912
20
644649.9725810897
10
1167583.757529596
20
644650.2842749783
10
1167584.1889758608
20
644650.6187388896
10
1167584.6408371765
20
644650.9730923972
10
1167585.1131135433
20
644651.347335501
10
1167585.605804961
20
644651.7414682012
10
1167586.1189114295
20
644652.1554904975
10
1167586.5625862158
20
644652.5208274187
10
1167586.9368293197
20
644652.8374789646
10
1167587.241640741
20
644653.1054451354
10
1167587.47702048
20
644653.324725931
10
1167587.7394840359
20
644653.6214878808
10
1167588.0290314085
20
644653.9957309847
10
1167588.3456625983
20
644654.4474552426
10
1167588.689377605
20
644654.9766606545
10
1167589.0483566602
20
644655.5295954153
10
1167589.422599764
20
644656.1062595247
10
1167589.8121069164
20
644656.7066529829
10
1167590.2168781175
20
644657.3307757897
10
1167590.5413256004
20
644657.829958745
10
1167590.7854493647
20
644658.204201849
10
1167590.949249411
20
644658.4535051013
10
1167591.0327257393
20
644658.5778685021
10
1167591.2615854554
20
644658.850187945
10
1167591.6358285593
20
644659.2704634299
10
1167592.155455051
20
644659.8386949566
10
1167592.8204649305
20
644660.5548825255
10
1167593.330224039
20
644661.1000978618
10
1167593.6847323761
20
644661.4743409657
10
1167593.8839899425
20
644661.677611837
10
1167593.9279967376
20
644661.7099104758
10
1167594.1371216872
20
644661.8551581994
10
1167594.511364791
20
644662.113355008
10
1167595.050726049
20
644662.4845009012
10
1167595.7552054618
20
644662.9685958792
10
1167596.3656199924
20
644663.39776492
10
1167596.881969642
20
644663.7720080239
10
1167597.3042544094
20
644664.0913251906
10
1167597.6324742949
20
644664.3557164203
10
1167597.9837057898
20
644664.6428394802
10
1167598.3579488937
20
644664.9526943706
10
1167598.7552036066
20
644665.2852810912
10
1167599.1754699284
20
644665.640599642
10
1167599.6378095327
20
644666.0053804694
10
1167600.142222419
20
644666.3796235733
10
1167600.6887085878
20
644666.7633289536
10
1167601.2772680388
20
644667.1564966103
10
1167601.7586693163
20
644667.4790095757
10
1167602.13291242
20
644667.7308678497
10
1167602.3999973503
20
644667.9120714322
10
1167602.5599241068
20
644668.0226203233
10
1167602.866285347
20
644668.2650163209
10
1167603.3190810704
20
644668.6392594248
10
1167603.9183112774
20
644669.1453496348
10
1167604.663975968
20
644669.7832869514
10
1167605.2239298653
20
644670.2625230405
10
1167605.5981729692
20
644670.5830579023
10
1167605.7867052797
20
644670.7448915368
10
1167605.789526797
20
644670.7480239436
10
1167605.9301732488
20
644670.936711699
10
1167606.208644635
20
644671.3109548029
10
1167606.6249409562
20
644671.8707532552
10
1167607.1790622117
20
644672.6161070559
10
1167607.6432443915
20
644673.2325790529
10
1167608.0174874954
20
644673.7201692462
10
1167608.3017915234
20
644674.078877636
10
1167608.4961564753
20
644674.308704222
10
1167608.7699290104
20
644674.610739067
10
1167609.1231091288
20
644674.9849821709
10
1167609.5556968304
20
644675.4314335336
10
1167610.0676921157
20
644675.950093155
10
1167610.51081131
20
644676.3943245568
10
1167610.8850544137
20
644676.7641277388
10
1167611.1904214271
20
644677.0595027008
10
1167611.4269123496
20
644677.2804494431
10
1167611.7475841749
20
644677.5780443662
10
1167612.1524369023
20
644677.95228747
10
1167612.641470532
20
644678.4031787546
10
1167613.2146850638
20
644678.9307182201
10
1167613.6884138817
20
644679.3708125105
10
1167614.0626569856
20
644679.723461626
10
1167614.3374143755
20
644679.9886655665
10
1167614.512686051
20
644680.166424332
10
1167614.7856632406
20
644680.4424252666
10
1167615.1563459437
20
644680.8166683705
10
1167615.6247341607
20
644681.2891536434
10
1167616.190827892
20
644681.8598810857
10
1167616.6609963092
20
644682.3424223969
10
1167617.035239413
20
644682.7367775771
10
1167617.3135572034
20
644683.0429466262
10
1167617.49594968
20
644683.2609295445
10
1167617.769542347
20
644683.5570425554
10
1167618.1343352038
20
644683.9312856592
10
1167618.5903282508
20
644684.3836588559
10
1167619.1375214881
20
644684.9141621453
10
1167619.5982396584
20
644685.3549231247
10
1167619.9724827623
20
644685.705941794
10
1167620.2602507996
20
644685.9672181531
10
1167620.46154377
20
644686.138752202
10
1167620.79963505
20
644686.3902344119
10
1167621.2745246391
20
644686.7216647827
10
1167621.8862125375
20
644687.1330433143
10
1167622.6346987449
20
644687.6243700066
10
1167623.2224277018
20
644688.0142713925
10
1167623.649399408
20
644688.302747472
10
1167623.9156138632
20
644688.4897982447
10
1167624.0210710673
20
644688.5754237109
10
1167624.2609212212
20
644688.7671765486
10
1167624.6351643251
20
644689.065056758
10
1167625.1438003788
20
644689.4690643388
10
1167625.7868293822
20
644689.9791992912
10
1167626.3393487919
20
644690.4213883193
10
1167626.801358608
20
644690.7956314231
10
1167627.1728588303
20
644691.1019286027
10
1167627.453849459
20
644691.340279858
10
1167627.7814663253
20
644691.6225729736
10
1167628.1557094292
20
644691.9488079497
10
1167628.5765787705
20
644692.3189847862
10
1167629.0440743493
20
644692.733103483
10
1167629.4789589127
20
644693.1272843834
10
1167629.8812324607
20
644693.5015274871
10
1167630.250894993
20
644693.8558327944
10
1167630.5879465102
20
644694.1902003053
10
1167630.9435938206
20
644694.5607893886
10
1167631.3178369245
20
644694.9676000446
10
1167631.7106758216
20
644695.4106322727
10
1167632.1221105123
20
644695.8898860735
10
1167632.482060277
20
644696.3166345258
10
1167632.7905251156
20
644696.6908776297
10
1167633.0475050276
20
644697.012615385
10
1167633.2530000135
20
644697.281847792
10
1167633.532144938
20
644697.670893649
10
1167633.884939801
20
644698.1797529564
10
1167634.3113846022
20
644698.8084257138
10
1167634.8114793424
20
644699.5569119215
10
1167635.1972745177
20
644700.131482772
10
1167635.4687701284
20
644700.5321382653
10
1167635.6259661748
20
644700.7588784015
10
1167635.6688626565
20
644700.8117031804
10
1167635.8237777639
20
644701.0252371219
10
1167636.090711497
20
644701.3994802258
10
1167636.4696638556
20
644701.934432492
10
1167636.9606348402
20
644702.6300939206
10
1167637.3932418842
20
644703.2353929253
10
1167637.767484988
20
644703.7503295058
10
1167638.0833641517
20
644704.1749036623
10
1167638.3408793749
20
644704.5091153947
10
1167638.6254320813
20
644704.8633428129
10
1167638.9370222704
20
644705.2375859166
10
1167639.2756499425
20
644705.6318447061
10
1167639.6413150975
20
644706.0461191814
10
1167640.011269227
20
644706.4672963341
10
1167640.3855123308
20
644706.8953761643
10
1167640.764044409
20
644707.3303586722
10
1167641.1468654617
20
644707.7722438574
10
1167641.499195039
20
644708.180308002
10
1167641.821033141
20
644708.5545511057
10
1167642.112379768
20
644708.8949731688
10
1167642.3732349197
20
644709.2015741915
10
1167642.6907840474
20
644709.5873377457
10
1167643.0650271513
20
644710.052263832
10
1167643.495964231
20
644710.5963524501
10
1167643.9835952872
20
644711.2196036
10
1167644.3710914538
20
644711.7183507269
10
1167644.658452731
20
644712.0925938308
10
1167644.8456791192
20
644712.3423329114
10
1167644.9327706182
20
644712.4675679692
10
1167645.1283452497
20
644712.7486158144
10
1167645.4324030138
20
644713.185476447
10
1167645.8449439108
20
644713.7781498672
10
1167646.3659679408
20
644714.5266360749
10
1167646.7918286328
20
644715.1335249408
10
1167647.1225259874
20
644715.598816465
10
1167647.3580600042
20
644715.9225106476
10
1167647.4984306833
20
644716.1046074885
10
1167647.7210320355
20
644716.3827774609
10
1167648.0258640605
20
644716.7570205646
10
1167648.4129267589
20
644717.2273368
10
1167648.8822201302
20
644717.7937261668
10
1167649.3039883678
20
644718.3003276407
10
1167649.6782314717
20
644718.7471412215
10
1167650.0049494419
20
644719.1341669096
10
1167650.2841422781
20
644719.4614047045
10
1167650.622221859
20
644719.812145154
10
1167651.019188184
20
644720.1863882577
10
1167651.4750412535
20
644720.584134016
10
1167651.9897810677
20
644721.0053824286
10
1167652.4342725265
20
644721.369627118
10
1167652.8085156302
20
644721.676868084
10
1167653.112510379
20
644721.9271053267
10
1167653.346256773
20
644722.120338846
10
1167653.7086881201
20
644722.349451006
0
LWPOLYLINE
5
3C
330
C
100
AcDbEntity
8
C-TOPO-MAJR-E
100
AcDbPolyline
90
220
70
0
43
0
38
0
39
0
10
1167580.7045011367
20
644605.9961359628
10
1167580.678523679
20
644606.7446221703
10
1167580.643254974
20
644607.493108378
10
1167580.5986950216
20
644608.2415945858
10
1167580.544843822
20
644608.9900807934
10
1167580.4817013748
20
644609.7385670011
10
1167580.4712681964
20
644610.4870532088
10
1167580.5135442868
20
644611.2355394163
10
1167580.6085296457
20
644611.9840256241
10
1167580.756224273
20
644612.7325118317
10
1167580.921022382
20
644613.393823456
10
1167581.1029239723
20
644613.9679604971
10
1167581.301929044
20
644614.4549229547
10
1167581.5180375972
20
644614.8547108289
10
1167581.713921167
20
644615.2417263179
10
1167581.8895797539
20
644615.6159694217
10
1167582.0450133572
20
644615.9774401403
10
1167582.1802219774
20
644616.3261384739
10
1167582.397725517
20
644616.7747837759
10
1167582.6975239762
20
644617.3233760464
10
1167583.0796173546
20
644617.9719152855
10
1167583.5440056524
20
644618.7204014931
10
1167583.9295191984
20
644619.3188390601
10
1167584.236157992
20
644619.7672279867
10
1167584.4639220338
20
644620.0655682726
10
1167584.6128113235
20
644620.213859918
10
1167584.9115998426
20
644620.4748230078
10
1167585.3602875911
20
644620.848457542
10
1167585.9588745693
20
644621.3347635209
10
1167586.7073607768
20
644621.933740944
10
1167587.2690525255
20
644622.3832782962
10
1167587.643949815
20
644622.6833755774
10
1167587.8320526455
20
644622.8340327876
10
1167587.833361017
20
644622.8352499267
10
1167588.0211367547
20
644622.9881491916
10
1167588.3953798586
20
644623.2927305825
10
1167588.9560903285
20
644623.7489940992
10
1167589.7032681648
20
644624.3569397416
10
1167590.2899376405
20
644624.8480341148
10
1167590.7160987556
20
644625.2222772187
10
1167590.9817515104
20
644625.4796690531
10
1167591.0868959047
20
644625.6202096182
10
1167591.318848669
20
644625.912736594
10
1167591.677609804
20
644626.3572499804
10
1167592.163179309
20
644626.9537497775
10
1167592.7755571846
20
644627.7022359851
10
1167593.2425815756
20
644628.2729338736
10
1167593.5642524823
20
644628.6658434425
10
1167593.7405699047
20
644628.8809646924
10
1167593.771533843
20
644628.918297623
10
1167593.9343157897
20
644629.1240856403
10
1167594.2289157454
20
644629.4983287442
10
1167594.6553337104
20
644630.0410269346
10
1167595.213569684
20
644630.7521802116
10
1167595.679809223
20
644631.3464599111
10
1167596.0540523268
20
644631.8238660331
10
1167596.3362989957
20
644632.1843985774
10
1167596.5265492294
20
644632.428057544
10
1167596.7571652106
20
644632.7370085793
10
1167597.028146939
20
644633.1112516832
10
1167597.3394944142
20
644633.5507868556
10
1167597.6912076364
20
644634.0556140966
10
1167598.0541857993
20
644634.5612741018
10
1167598.4284289032
20
644635.0677668715
10
1167598.8139369478
20
644635.5750924054
10
1167599.2107099332
20
644636.0832507039
10
1167599.5500491527
20
644636.5244514049
10
1167599.8319546063
20
644636.8986945087
10
1167600.0564262941
20
644637.2059800153
10
1167600.2234642156
20
644637.4463079247
10
1167600.4517457325
20
644637.8136754086
10
1167600.7412708441
20
644638.3080824672
10
1167601.0920395507
20
644638.9295291002
10
1167601.5040518518
20
644639.6780153079
10
1167601.855420074
20
644640.3209850217
10
1167602.1461442169
20
644640.8584382418
10
1167602.3762242806
20
644641.290374968
10
1167602.545660265
20
644641.6167952004
10
1167602.7308336613
20
644641.9671268684
10
1167602.931744469
20
644642.3413699723
10
1167603.148392689
20
644642.7395245119
10
1167603.3807783206
20
644643.1615904872
10
1167603.6840926884
20
644643.6578552506
10
1167604.0583357923
20
644644.2283188023
10
1167604.503507632
20
644644.8729811421
10
1167605.0196082082
20
644645.5918422701
10
1167605.4127219948
20
644646.138394386
10
1167605.6828489918
20
644646.5126374898
10
1167605.8299891993
20
644646.7145715816
10
1167605.8541426167
20
644646.7441966614
10
1167606.04277541
20
644646.953537023
10
1167606.3958875788
20
644647.3425926666
10
1167606.9134791228
20
644647.9113635923
10
1167607.5955500423
20
644648.6598497999
10
1167608.1176686995
20
644649.232980491
10
1167608.4798350944
20
644649.6307556656
10
1167608.6820492272
20
644649.8531753237
10
1167608.7243110975
20
644649.9002394652
10
1167608.9102361202
20
644650.1108930879
10
1167609.2398242948
20
644650.4851361917
10
1167609.7130756218
20
644651.0229687768
10
1167610.3299901013
20
644651.7243908428
10
1167610.8255688928
20
644652.2871622951
10
1167611.1998119964
20
644652.7112831334
10
1167611.4527194127
20
644652.9967533576
10
1167611.584291141
20
644653.1435729678
10
1167611.8383179144
20
644653.404104325
10
1167612.214799732
20
644653.7783474288
10
1167612.7137365947
20
644654.2663022793
10
1167613.3351285018
20
644654.8679688767
10
1167613.8329460071
20
644655.3483249068
10
1167614.207189111
20
644655.7073703695
10
1167614.4578578132
20
644655.945105265
10
1167614.5849521137
20
644656.0615295934
10
1167614.867394391
20
644656.2850188371
10
1167615.305184645
20
644656.6155729963
10
1167615.898322876
20
644657.0531920709
10
1167616.6468090834
20
644657.597876061
10
1167617.229258275
20
644658.0282335258
10
1167617.6456704503
20
644658.3442644656
10
1167617.8960456094
20
644658.5459688801
10
1167617.980383752
20
644658.6333467694
10
1167618.2030375896
20
644658.8860017383
10
1167618.5640071223
20
644659.3039337869
10
1167619.0632923502
20
644659.887142915
10
1167619.700893273
20
644660.6356291226
10
1167620.1857307507
20
644661.205541061
10
1167620.517804783
20
644661.5968787298
10
1167620.6971153705
20
644661.8096421292
10
1167620.7236625124
20
644661.8438312593
10
1167620.8953652396
20
644662.0480473761
10
1167621.2122235522
20
644662.42229048
10
1167621.6742374492
20
644662.9665605708
10
1167622.2814069316
20
644663.6808576484
10
1167622.7721132245
20
644664.2546048248
10
1167623.1463563284
20
644664.6878020999
10
1167623.404136243
20
644664.9804494737
10
1167623.5454529685
20
644665.1325469464
10
1167623.822667838
20
644665.3957172346
10
1167624.2357808514
20
644665.7699603385
10
1167624.7847920093
20
644666.2552762579
10
1167625.4697013106
20
644666.851664993
10
1167625.9992775135
20
644667.3126953328
10
1167626.3735206174
20
644667.6383672773
10
1167626.5924306223
20
644667.8286808268
10
1167626.6560075283
20
644667.883635981
10
1167626.8540067459
20
644668.09823511
10
1167627.186428275
20
644668.472478214
10
1167627.6532721156
20
644669.0063652926
10
1167628.2545382679
20
644669.699896346
10
1167628.742292896
20
644670.2659652985
10
1167629.1165359998
20
644670.7045721499
10
1167629.3772675795
20
644671.0157169004
10
1167629.5244876347
20
644671.1993995497
10
1167629.8206590689
20
644671.4783624264
10
1167630.2657818818
20
644671.8526055303
10
1167630.8598560733
20
644672.3221288613
10
1167631.6028816437
20
644672.8869324195
10
1167632.1615159807
20
644673.3115074997
10
1167632.5357590846
20
644673.5958541017
10
1167632.7256109552
20
644673.7399722255
10
1167632.7310715925
20
644673.7438618712
10
1167632.9033195623
20
644673.932928246
10
1167633.2423548652
20
644674.3071713496
10
1167633.7481775004
20
644674.8665911825
10
1167634.4207874683
20
644675.6111877447
10
1167634.944214004
20
644676.1878263485
10
1167635.318457108
20
644676.5965069942
10
1167635.5435167798
20
644676.8372296819
10
1167635.6193930195
20
644676.9099944114
10
1167635.8527766368
20
644677.133498328
10
1167636.2436676319
20
644677.5077414319
10
1167636.7920660048
20
644678.032723723
10
1167637.4979717557
20
644678.7084452012
10
1167638.0380461828
20
644679.226279417
10
1167638.4122892865
20
644679.5862263708
10
1167638.6207010671
20
644679.7882860624
10
1167638.663281524
20
644679.832458492
10
1167638.8456079848
20
644680.0416662587
10
1167639.1676804484
20
644680.4159093625
10
1167639.6294989155
20
644680.9551878035
10
1167640.2310633857
20
644681.6595015817
10
1167640.7189671728
20
644682.2278103007
10
1167641.0932102767
20
644682.6601139603
10
1167641.3537926972
20
644682.9564125607
10
1167641.5007144348
20
644683.1167061019
10
1167641.7417333708
20
644683.3839744243
10
1167642.0768495053
20
644683.7582175282
10
1167642.5060628387
20
644684.2394354134
10
1167643.029373371
20
644684.8276280798
10
1167643.478150189
20
644685.3351452772
10
1167643.8523932928
20
644685.7619870056
10
1167644.1521026823
20
644686.1081532651
10
1167644.377278358
20
644686.3736440557
10
1167644.6508660177
20
644686.6935110028
10
1167644.9728656616
20
644687.0677541066
10
1167645.3432772895
20
644687.4963733671
10
1167645.7621009015
20
644687.9793687843
10
1167646.1586342594
20
644688.44246117
10
1167646.5328773633
20
644688.8856505242
10
1167646.884830213
20
644689.3089368467
10
1167647.2144928086
20
644689.7123201378
10
1167647.5388472732
20
644690.1011333351
10
1167647.8578936076
20
644690.4753764388
10
1167648.1716318112
20
644690.8350494491
10
1167648.480061884
20
644691.1801523658
10
1167648.8213984724
20
644691.5732471948
10
1167649.1956415763
20
644692.0143339359
10
1167649.6027911955
20
644692.5034125892
10
1167650.0428473302
20
644693.0404831548
10
1167650.4243783252
20
644693.4961399895
10
1167650.74738418
20
644693.8703830934
10
1167651.011864895
20
644694.1632124663
10
1167651.2178204702
20
644694.3746281085
10
1167651.5079198098
20
644694.6779703095
10
1167651.8821629137
20
644695.0732390697
10
1167652.340549782
20
644695.5604343888
10
1167652.8830804145
20
644696.139556267
10
1167653.3253795784
20
644696.616238758
10
1167653.6674472736
20
644696.9904818619
0
LWPOLYLINE
5
3D
330
C
100
AcDbEntity
8
C-TOPO-MAJR-E
100
AcDbPolyline
90
154
70
0
43
0
38
0
39
0
10
1167602.354957378
20
644605.6580364304
10
1167602.5329001234
20
644606.1811229498
10
1167602.687200063
20
644606.6297877615
10
1167602.817857197
20
644607.0040308652
10
1167602.924871525
20
644607.3038522613
10
1167603.0082430472
20
644607.5292519495
10
1167603.203984209
20
644607.8854232676
10
1167603.5120950108
20
644608.3723662157
10
1167603.9325754521
20
644608.9900807934
10
1167604.4654255335
20
644609.7385670011
10
1167604.8981292455
20
644610.3425903044
10
1167605.230686588
20
644610.8021507036
10
1167605.4630975616
20
644611.1172481985
10
1167605.595362166
20
644611.2878827893
10
1167605.798356826
20
644611.5603216365
10
1167606.0720815419
20
644611.9345647403
10
1167606.4165363135
20
644612.4106121007
10
1167606.8317211408
20
644612.9884637177
10
1167607.2264351062
20
644613.5200495222
10
1167607.6006782101
20
644614.0053695142
10
1167607.9544504522
20
644614.4444236936
10
1167608.2877518325
20
644614.8372120603
10
1167608.6010745822
20
644615.2207277957
10
1167608.894418701
20
644615.5949708995
10
1167609.1677841893
20
644615.9599413718
10
1167609.421171047
20
644616.3156392127
10
1167609.7349860277
20
644616.7486748775
10
1167610.1092291316
20
644617.259048366
10
1167610.5439003585
20
644617.8467596783
10
1167611.0389997086
20
644618.5118088145
10
1167611.4237160673
20
644619.0314549345
10
1167611.698049435
20
644619.4056980384
10
1167611.861999811
20
644619.634538126
10
1167611.9155671955
20
644619.7179751975
10
1167612.091163927
20
644619.9676745529
10
1167612.3887900047
20
644620.3836361924
10
1167612.8084454292
20
644620.9658601161
10
1167613.3501302006
20
644621.7143463239
10
1167613.794702292
20
644622.3246915579
10
1167614.1421617032
20
644622.7968958183
10
1167614.3925084348
20
644623.1309591052
10
1167614.5457424868
20
644623.3268814182
10
1167614.7570034575
20
644623.6119641268
10
1167615.0262913469
20
644623.9862072307
10
1167615.3536061554
20
644624.4496107298
10
1167615.7389478828
20
644625.0021746242
10
1167616.1187402983
20
644625.5429635369
10
1167616.4929834022
20
644626.0719774675
10
1167616.8616771942
20
644626.5892164164
10
1167617.2248216746
20
644627.0946803833
10
1167617.549604294
20
644627.5345339186
10
1167617.8360250518
20
644627.9087770225
10
1167618.0840839485
20
644628.2174096948
10
1167618.293780984
20
644628.4604319355
10
1167618.5857510536
20
644628.7973725643
10
1167618.9599941573
20
644629.2282315813
10
1167619.4165102954
20
644629.7530089864
10
1167619.9552994675
20
644630.3717047796
10
1167620.3867699848
20
644630.8681742281
10
1167620.7109218477
20
644631.242417332
10
1167620.9277550555
20
644631.4944340911
10
1167621.0372696086
20
644631.6242245055
10
1167621.2359932119
20
644631.9086888684
10
1167621.5239258653
20
644632.3478271795
10
1167621.901067569
20
644632.9416394389
10
1167622.3674183232
20
644633.6901256465
10
1167622.7603366137
20
644634.331302412
10
1167623.0798224409
20
644634.8651697354
10
1167623.3258758048
20
644635.2917276166
10
1167623.4984967057
20
644635.6109760556
10
1167623.7041556262
20
644635.9577218271
10
1167623.9428525672
20
644636.3319649308
10
1167624.214587528
20
644636.7337053671
10
1167624.519360509
20
644637.1629431357
10
1167624.8588685514
20
644637.608133344
10
1167625.2331116553
20
644638.0692759916
10
1167625.6420898205
20
644638.546371079
10
1167626.0858030473
20
644639.0394186059
10
1167626.469808662
20
644639.4730639213
10
1167626.794106665
20
644639.847307025
10
1167627.0586970563
20
644640.1621479173
10
1167627.2635798356
20
644640.4175865982
10
1167627.5531427772
20
644640.7495707299
10
1167627.927385881
20
644641.1581003126
10
1167628.386309147
20
644641.6431753462
10
1167628.9299125753
20
644642.2047958308
10
1167629.3689365224
20
644642.672727625
10
1167629.703380989
20
644643.0469707288
10
1167629.9332459741
20
644643.3275251423
10
1167630.0585314785
20
644643.5143908653
10
1167630.3082957824
20
644643.8303172007
10
1167630.682538886
20
644644.2753041484
10
1167631.1812607897
20
644644.8493517083
10
1167631.8044614934
20
644645.5524598804
10
1167632.2814119444
20
644646.0911355184
10
1167632.6121121428
20
644646.4653786223
10
1167632.796562089
20
644646.6751891919
10
1167632.8347617823
20
644646.7205672275
10
1167633.035397815
20
644646.9417223061
10
1167633.3984701869
20
644647.3386544277
10
1167633.923978898
20
644647.9113635923
10
1167634.6119239486
20
644648.6598497999
10
1167635.1334681022
20
644649.2275697812
10
1167635.4886113594
20
644649.6145235362
10
1167635.6773537197
20
644649.8207110649
10
1167635.6996951834
20
644649.8461323672
10
1167635.888685325
20
644650.0459645703
10
1167636.244324144
20
644650.420207674
10
1167636.766611641
20
644650.9688616786
10
1167637.4555478154
20
644651.6919265841
10
1167637.9871374546
20
644652.2519582007
10
1167638.3613805585
20
644652.6489565285
10
1167638.578277127
20
644652.8829215677
10
1167638.6378271603
20
644652.9538533178
10
1167638.8335246595
20
644653.1764407449
10
1167639.1653696252
20
644653.5506838488
10
1167639.633362057
20
644654.0765826294
10
1167640.2375019547
20
644654.7541370867
10
1167640.7266934556
20
644655.300260089
10
1167641.1009365595
20
644655.7149516362
10
1167641.3602312664
20
644655.9982117282
10
1167641.504577576
20
644656.1500403652
10
1167641.751901649
20
644656.4130762356
10
1167642.1022034856
20
644656.7873193393
10
1167642.5554830853
20
644657.2727696766
10
1167643.1117404483
20
644657.8694272473
10
1167643.5769906817
20
644658.3666415322
10
1167643.9512337856
20
644658.7644125314
10
1167644.2344697597
20
644659.0627402447
10
1167644.4266986041
20
644659.2616246722
10
1167644.700763607
20
644659.5481884379
10
1167645.0566647674
20
644659.9224315418
10
1167645.4944020861
20
644660.3843539838
10
1167646.0139755625
20
644660.9339557639
10
1167646.4608838528
20
644661.4035353285
10
1167646.8351269565
20
644661.7930926773
10
1167647.136704874
20
644662.1026278103
10
1167647.3656176052
20
644662.3321407278
10
1167647.6542761065
20
644662.6340187384
10
1167648.0026803785
20
644663.0082618422
10
1167648.4108304204
20
644663.4548700392
10
1167648.8787262323
20
644663.9738433295
10
1167649.2997956905
20
644664.4263989937
10
1167649.6740387944
20
644664.812537032
10
1167650.001455544
20
644665.1322574442
10
1167650.2820459395
20
644665.3855602305
10
1167650.629301316
20
644665.6993331756
10
1167651.0432216744
20
644666.0735762795
10
1167651.5238070134
20
644666.508289542
10
1167652.071057334
20
644667.0034729635
10
1167652.5318040461
20
644667.4261523279
10
1167652.90604715
20
644667.7763276355
10
1167653.1937866455
20
644668.0539988863
10
1167653.3950225327
20
644668.2591660799
0
LWPOLYLINE
5
3E
330
C
100
AcDbEntity
8
C-TOPO-MAJR-E
100
AcDbPolyline
90
92
70
0
43
0
38
0
39
0
10
1167629.065797049
20
644605.9961359628
10
1167628.9486621832
20
644606.7446221703
10
1167628.8978161572
20
644607.493108378
10
1167628.9132589716
20
644608.2415945858
10
1167628.9949906261
20
644608.9900807934
10
1167629.143011121
20
644609.7385670011
10
1167629.2777937332
20
644610.4281586284
10
1167629.3993384624
20
644611.0588556755
10
1167629.5076453087
20
644611.6306581423
10
1167629.6027142724
20
644612.1435660289
10
1167629.6872334257
20
644612.5871415241
10
1167629.7612027687
20
644612.9613846279
10
1167629.8246223016
20
644613.2662953404
10
1167629.8774920243
20
644613.5018736615
10
1167630.0687122685
20
644613.8656789543
10
1167630.3982830339
20
644614.3577112188
10
1167630.8662043207
20
644614.9779704548
10
1167631.472476129
20
644615.7264566624
10
1167631.9495161544
20
644616.3077692227
10
1167632.2973243967
20
644616.7219081353
10
1167632.5159008563
20
644616.9688734005
10
1167632.6052455334
20
644617.048665018
10
1167632.8277724078
20
644617.2756823788
10
1167633.1834814795
20
644617.6499254827
10
1167633.672372749
20
644618.1713943296
10
1167634.294446216
20
644618.8400889196
10
1167634.7926045014
20
644619.3723166663
10
1167635.1668476053
20
644619.7680775695
10
1167635.4171755277
20
644620.0273716296
10
1167635.543588268
20
644620.1501988462
10
1167635.7403755172
20
644620.3987340066
10
1167636.0075372744
20
644620.7729771103
10
1167636.34507354
20
644621.2729281578
10
1167636.752984314
20
644621.8985871488
10
1167637.144061253
20
644622.4986415724
10
1167637.5183043568
20
644623.0730914287
10
1167637.8757136257
20
644623.6219367175
10
1167638.2162890595
20
644624.1451774389
10
1167638.5175091831
20
644624.5939193515
10
1167638.7793739964
20
644624.9681624554
10
1167639.0018834996
20
644625.2679067503
10
1167639.1850376928
20
644625.4931522366
10
1167639.430422126
20
644625.8492079033
10
1167639.7380367995
20
644626.3360737502
10
1167640.1078817134
20
644626.9537497775
10
1167640.5399568677
20
644627.7022359851
10
1167640.8973274482
20
644628.3428193276
10
1167641.1799934558
20
644628.875499805
10
1167641.3879548896
20
644629.3002774171
10
1167641.5212117499
20
644629.617152164
10
1167641.6596986575
20
644629.9627110894
10
1167641.803415612
20
644630.3369541932
10
1167641.9523626138
20
644630.7398814755
10
1167642.1065396625
20
644631.1714929363
10
1167642.288783155
20
644631.6823230837
10
1167642.499093091
20
644632.272371918
10
1167642.7374694713
20
644632.9416394389
10
1167643.003912295
20
644633.6901256465
10
1167643.2548248225
20
644634.4386118541
10
1167643.490207054
20
644635.1870980619
10
1167643.7100589888
20
644635.9355842696
10
1167643.914380627
20
644636.6840704771
10
1167644.0985080302
20
644637.297889471
10
1167644.2624411976
20
644637.7770412513
10
1167644.4061801299
20
644638.1215258178
10
1167644.5297248266
20
644638.3313431705
10
1167644.7090410984
20
644638.6233733988
10
1167644.9441289457
20
644638.9976165025
10
1167645.2349883686
20
644639.454072482
10
1167645.5816193665
20
644639.9927413368
10
1167645.9420564175
20
644640.5058020842
10
1167646.3162995214
20
644640.993254724
10
1167646.7043486782
20
644641.4550992559
10
1167647.1062038876
20
644641.8913356801
10
1167647.473074851
20
644642.2965754443
10
1167647.8049615684
20
644642.6708185481
10
1167648.1018640394
20
644643.0140649916
10
1167648.3637822645
20
644643.326314775
10
1167648.681862929
20
644643.6995883612
10
1167649.0561060328
20
644644.1338857501
10
1167649.486511576
20
644644.6292069419
10
1167649.9730795585
20
644645.1855519364
10
1167650.3898726548
20
644645.6508459856
10
1167650.7368908643
20
644646.0250890895
10
1167651.0141341875
20
644646.308281248
10
1167651.2216026238
20
644646.5004224611
10
1167651.512458394
20
644646.8043361813
10
1167651.8867014977
20
644647.2200224084
10
1167652.3443319353
20
644647.7474811426
10
1167652.8853497065
20
644648.3867123838
10
1167653.3185947444
20
644648.8934495563
10
1167653.6440670493
20
644649.2676926602
0
LWPOLYLINE
5
3F
330
C
100
AcDbEntity
8
C-SITE-N
100
AcDbPolyline
90
6
70
1
43
0
38
0
39
0
10
1167545.4118664588
20
644656.483020139
10
1167569.1743104996
20
644661.8065558498
10
1167608.8516679502
20
644724.3872707664
10
1167520.0694565554
20
644780.4472791423
10
1167471.2754200557
20
644703.4880666876
10
1167545.4118664588
20
644656.483020139
0
LWPOLYLINE
5
40
330
C
100
AcDbEntity
8
C-BLDG-FTPR-N
100
AcDbPolyline
90
5
70
1
43
0
38
0
39
0
10
1167513.9387778586
20
644677.1741031758
10
1167545.3100459704
20
644657.2836445766
10
1167562.6087693756
20
644684.567223144
10
1167531.2375012639
20
644704.4576817432
10
1167513.9387778586
20
644677.1741031758
0
LWPOLYLINE
5
41
330
C
100
AcDbEntity
8
C-PVMT
100
AcDbPolyline
90
5
70
1
43
0
38
0
39
0
10
1167511.10882366
20
644642.7105071814
10
1167521.2719100143
20
644636.2667622984
10
1167535.7291981373
20
644663.3582302927
10
1167525.566111783
20
644669.8019751757
10
1167511.10882366
20
644642.7105071814
0
LWPOLYLINE
5
42
330
C
100
AcDbEntity
8
C-PVMT
100
AcDbPolyline
90
5
70
1
43
0
38
0
39
0
10
1167531.6771525317
20
644666.3852483084
10
1167529.3231332437
20
644661.9740587646
10
1167537.9690647495
20
644657.36018096
10
1167540.3230840375
20
644661.7713705038
10
1167531.6771525317
20
644666.3852483084
0
LWPOLYLINE
5
43
330
C
100
AcDbEntity
8
C-PVMT
100
AcDbPolyline
90
5
70
1
43
0
38
0
39
0
10
1167525.1473456288
20
644664.769197007
10
1167532.205248899
20
644661.0027661461
10
1167534.0884643295
20
644664.5317177811
10
1167527.0305610592
20
644668.298148642
10
1167525.1473456288
20
644664.769197007
0
LWPOLYLINE
5
44
330
C
100
AcDbEntity
8
C-PVMT
100
AcDbPolyline
90
5
70
1
43
0
38
0
39
0
10
1167446.7658447176
20
644683.5061598867
10
1167552.1754108071
20
644627.2546319813
10
1167553.58782238
20
644629.9013457076
10
1167448.1782562905
20
644686.152873613
10
1167446.7658447176
20
644683.5061598867
0
LWPOLYLINE
5
45
330
C
100
AcDbEntity
8
C-TOPO-SURF
100
AcDbPolyline
90
5
70
1
43
0
38
0
39
0
10
1167444.8826292872
20
644679.9772082517
10
1167550.2921953767
20
644623.7256803463
10
1167552.1754108071
20
644627.2546319813
10
1167446.7658447176
20
644683.5061598867
10
1167444.8826292872
20
644679.9772082517
0
LWPOLYLINE
5
46
330
C
100
AcDbEntity
8
C-PVMT
100
AcDbPolyline
90
5
70
1
43
0
38
0
39
0
10
1167444.1764235008
20
644678.6538513885
10
1167549.5859895903
20
644622.402323483
10
1167550.2921953767
20
644623.7256803463
10
1167444.8826292872
20
644679.9772082517
10
1167444.1764235008
20
644678.6538513885
0
LWPOLYLINE
5
47
330
C
100
AcDbEntity
8
C-PVMT
100
AcDbPolyline
90
5
70
1
43
0
38
0
39
0
10
1167520.8462195299
20
644630.0243315059
10
1167505.6442945288
20
644639.6628726954
10
1167512.7294820352
20
644645.2351359699
10
1167522.8640987026
20
644638.8094418435
10
1167520.8462195299
20
644630.0243315059
0
LWPOLYLINE
5
48
330
C
100
AcDbEntity
8
C-LODS
100
AcDbPolyline
90
11
70
1
43
0
38
0
39
0
10
1167444.1764235008
20
644678.6538513885
10
1167505.6442945288
20
644639.6628726954
10
1167520.8462195299
20
644630.0243315059
10
1167549.5859895903
20
644622.402323483
10
1167553.58782238
20
644629.9013457076
10
1167562.6087693756
20
644684.567223144
10
1167531.2375012639
20
644704.4576817432
10
1167448.1782562905
20
644686.152873613
10
1167446.7658447176
20
644683.5061598867
10
1167444.8826292872
20
644679.9772082517
10
1167444.1764235008
20
644678.6538513885
0
LWPOLYLINE
5
49
330
C
100
AcDbEntity
8
C-SITE-N
100
AcDbPolyline
90
14
70
1
43
0
38
0
39
0
10
1167533.6871970838
20
644634.3080965391
10
1167451.5642283198
20
644682.1006298065
10
1167528.235316625
20
644806.1541784327
10
1167629.86696
20
644740.818337956
10
1167561.8714905104
20
644640.8756802798
10
1167559.785753
20
644637.9917847882
10
1167557.2140256828
20
644635.5151863515
10
1167554.2360266251
20
644633.5292126661
10
1167550.9463326088
20
644632.1012149819
10
1167547.4502650886
20
644631.2797028018
10
1167543.8607495467
20
644631.0934072637
10
1167540.2940819797
20
644631.5495243284
10
1167536.865827872
20
644632.6326578176
10
1167533.6871970838
20
644634.3080965391
0
POINT
5
4A
330
C
100
AcDbEntity
8
C-TOPO-SPOT
100
AcDbPoint
10
1167545.2239577037
20
644654.6660647808
30
0
0
LWPOLYLINE
5
4B
330
C
100
AcDbEntity
8
C-UTIL
100
AcDbPolyline
90
2
70
0
43
0
38
0
39
0
10
1167496.753306414
20
644612.3987039309
10
1167516.4724320255
20
644675.5676796442
0
LWPOLYLINE
5
4C
330
C
100
AcDbEntity
8
C-UTIL
100
AcDbPolyline
90
2
70
0
43
0
38
0
39
0
10
1167505.972046021
20
644609.5209386635
10
1167524.917945915
20
644670.2129345388
0
LWPOLYLINE
5
4D
330
C
100
AcDbEntity
8
C-SWMG
100
AcDbPolyline
90
5
70
1
43
0
38
0
39
0
10
1167554.6186250357
20
644648.8075956283
10
1167571.6480114015
20
644648.8075956283
10
1167571.6480114015
20
644665.8369819943
10
1167554.6186250357
20
644665.8369819943
10
1167554.6186250357
20
644648.8075956283
0
LWPOLYLINE
5
4E
330
C
100
AcDbEntity
8
C-STRM-AREA
100
AcDbPolyline
90
14
70
1
43
0
38
0
39
0
10
1167531.2220406383
20
644629.958038643
10
1167446.7658447176
20
644683.5061598867
10
1167527.6780844778
20
644811.1230306476
10
1167633.371114552
20
644744.3849751502
10
1167565.721971631
20
644637.6860415637
10
1167563.0746672153
20
644634.2257466465
10
1167559.8673245609
20
644631.277261734
10
1167556.1970563084
20
644628.9298254699
10
1167552.1754108071
20
644627.2546319813
10
1167547.9241069704
20
644626.3022060543
10
1167543.572081551
20
644626.1017471403
10
1167539.251224056
20
644626.6594888121
10
1167535.092439726
20
644627.9577145576
10
1167531.2220406383
20
644629.958038643
0
LWPOLYLINE
5
4F
330
C
100
AcDbEntity
8
L-PLNT-TREE
100
AcDbPolyline
90
5
70
1
43
0
38
0
39
0
10
1167530.6819148678
20
644617.5357464321
10
1167540.6819148678
20
644617.5357464321
10
1167540.6819148678
20
644627.5357464321
10
1167530.6819148678
20
644627.5357464321
10
1167530.6819148678
20
644617.5357464321
0
LWPOLYLINE
5
50
330
C
100
AcDbEntity
8
L-PLNT-TREE
100
AcDbPolyline
90
5
70
1
43
0
38
0
39
0
10
1167575.4067744655
20
644674.131351163
10
1167587.4067744655
20
644674.131351163
10
1167587.4067744655
20
644686.131351163
10
1167575.4067744655
20
644686.131351163
10
1167575.4067744655
20
644674.131351163
0
LWPOLYLINE
5
51
330
C
100
AcDbEntity
8
L-PLNT-TREE
100
AcDbPolyline
90
5
70
1
43
0
38
0
39
0
10
1167568.975993847
20
644698.131351163
10
1167580.975993847
20
644698.131351163
10
1167580.975993847
20
644710.131351163
10
1167568.975993847
20
644710.131351163
10
1167568.975993847
20
644698.131351163
0
LWPOLYLINE
5
52
330
C
100
AcDbEntity
8
L-PLNT-TREE
100
AcDbPolyline
90
5
70
1
43
0
38
0
39
0
10
1167551.4067744655
20
644715.7005705447
10
1167563.4067744655
20
644715.7005705447
10
1167563.4067744655
20
644727.7005705447
10
1167551.4067744655
20
644727.7005705447
10
1167551.4067744655
20
644715.7005705447
0
ENDSEC
0
SECTION
2
OBJECTS
0
DICTIONARY
5
A
330
0
100
AcDbDictionary
281
1
3
ACAD_GROUP
350
B
0
DICTIONARY
5
B
330
A
100
AcDbDictionary
281
0
0
ENDSEC
0
EOF