0
SECTION
2
HEADER
9
$INSUNITS
70
2
0
ENDSEC
0
SECTION
2
TABLES
0
TABLE
2
LAYER
70
12
0
LAYER
2
V-PROP-LINE
70
0
62
7
6
CONTINUOUS
0
LAYER
2
C-PROP
70
0
62
6
6
CONTINUOUS
0
LAYER
2
A-BLDG-OTLN
70
0
62
3
6
CONTINUOUS
0
LAYER
2
C-PVMT
70
0
62
8
6
CONTINUOUS
0
LAYER
2
C-LOD
70
0
62
30
6
CONTINUOUS
0
LAYER
2
C-TOPO-SPOT
70
0
62
7
6
CONTINUOUS
0
LAYER
2
C-UTIL
70
0
62
4
6
CONTINUOUS
0
LAYER
2
C-DRNG-AREA
70
0
62
150
6
CONTINUOUS
0
LAYER
2
L-PLNT-TREE
70
0
62
90
6
CONTINUOUS
0
LAYER
2
C-MISC
70
0
62
7
6
CONTINUOUS
0
LAYER
2
C-TOPO-MAJR
70
0
62
32
6
CONTINUOUS
0
LAYER
2
V-PROP-ESMT
70
0
62
5
6
CONTINUOUS
0
ENDTAB
0
ENDSEC
0
SECTION
2
ENTITIES
0
POLYLINE
8
V-PROP-LINE
66
1
70
1
0
VERTEX
8
V-PROP-LINE
10
1308713.9036
20
398446.5242
30
0
0
VERTEX
8
V-PROP-LINE
10
1308724.1563295594
20
398450.7251447248
30
0
0
VERTEX
8
V-PROP-LINE
10
1308736.0228017718
20
398455.33380366577
30
0
0
VERTEX
8
V-PROP-LINE
10
1308746.7059923224
20
398459.2547524869
30
0
0
VERTEX
8
V-PROP-LINE
10
1308757.4540473523
20
398462.99423280824
30
0
0
VERTEX
8
V-PROP-LINE
10
1308768.2764345799
20
398466.54501225724
30
0
0
VERTEX
8
V-PROP-LINE
10
1308779.1488392907
20
398469.9058478382
30
0
0
VERTEX
8
V-PROP-LINE
10
1308790.0810973824
20
398473.0665650066
30
0
0
VERTEX
8
V-PROP-LINE
10
1308801.0638525516
20
398476.04708323174
30
0
0
VERTEX
8
V-PROP-LINE
10
1308812.1066744365
20
398478.8378151821
30
0
0
VERTEX
8
V-PROP-LINE
10
1308823.1879017598
20
398481.4283365596
30
0
0
VERTEX
8
V-PROP-LINE
10
1308834.3118498095
20
398483.8287906385
30
0
0
VERTEX
8
V-PROP-LINE
10
1308845.477321459
20
398486.0280275168
30
0
0
VERTEX
8
V-PROP-LINE
10
1308856.678345719
20
398488.0383646843
30
0
0
VERTEX
8
V-PROP-LINE
10
1308867.9034742424
20
398489.84761580854
30
0
0
VERTEX
8
V-PROP-LINE
10
1308879.1690711437
20
398491.45718918636
30
0
0
VERTEX
8
V-PROP-LINE
10
1308890.460157434
20
398492.87696747395
30
0
0
VERTEX
8
V-PROP-LINE
10
1308901.7745098625
20
398494.0975530395
30
0
0
VERTEX
8
V-PROP-LINE
10
1308913.1178031703
20
398495.12798835145
30
0
0
VERTEX
8
V-PROP-LINE
10
1308924.4682517028
20
398495.947572461
30
0
0
VERTEX
8
V-PROP-LINE
10
1308935.830777585
20
398496.57797358226
30
0
0
VERTEX
8
V-PROP-LINE
10
1309105.8748812727
20
398500.93834066397
30
0
0
VERTEX
8
V-PROP-LINE
10
1309100.6551938793
20
398651.85810399376
30
0
0
VERTEX
8
V-PROP-LINE
10
1308881.7902465148
20
398644.4584475712
30
0
0
VERTEX
8
V-PROP-LINE
10
1308666.5217670712
20
398591.52921030123
30
0
0
VERTEX
8
V-PROP-LINE
10
1308579.7119600263
20
398547.2289958455
30
0
0
VERTEX
8
V-PROP-LINE
10
1308648.7213474016
20
398413.44938097807
30
0
0
VERTEX
8
V-PROP-LINE
10
1308713.9036
20
398446.5242
30
0
0
SEQEND
0
POLYLINE
8
V-PROP-LINE
66
1
70
1
0
VERTEX
8
V-PROP-LINE
10
1309019.3032
20
398649.1039
30
0
0
VERTEX
8
V-PROP-LINE
10
1309022.8131136354
20
398498.80487769353
30
0
0
VERTEX
8
V-PROP-LINE
10
1309105.8558057994
20
398500.9347082411
30
0
0
VERTEX
8
V-PROP-LINE
10
1309100.636118406
20
398651.85447157087
30
0
0
VERTEX
8
V-PROP-LINE
10
1309019.3032
20
398649.1039
30
0
0
SEQEND
0
POLYLINE
8
C-PROP
66
1
70
1
0
VERTEX
8
C-PROP
10
1309027.7660219292
20
398629.3786676684
30
0
0
VERTEX
8
C-PROP
10
1309030.1101077942
20
398529.0018919728
30
0
0
VERTEX
8
C-PROP
10
1309096.8211200947
20
398530.712857118
30
0
0
VERTEX
8
C-PROP
10
1309093.3319906942
20
398631.5960218865
30
0
0
VERTEX
8
C-PROP
10
1309027.7660219292
20
398629.3786676684
30
0
0
SEQEND
0
POLYLINE
8
A-BLDG-OTLN
66
1
70
1
0
VERTEX
8
A-BLDG-OTLN
10
1309033.7139118584
20
398529.0943202381
30
0
0
VERTEX
8
A-BLDG-OTLN
10
1309079.6987901484
20
398530.27371358336
30
0
0
VERTEX
8
A-BLDG-OTLN
10
1309079.0321765183
20
398556.2651665298
30
0
0
VERTEX
8
A-BLDG-OTLN
10
1309033.0472982284
20
398555.08577318455
30
0
0
VERTEX
8
A-BLDG-OTLN
10
1309033.7139118584
20
398529.0943202381
30
0
0
SEQEND
0
POLYLINE
8
C-PVMT
66
1
70
1
0
VERTEX
8
C-PVMT
10
1309059.4748631106
20
398499.7451568671
30
0
0
VERTEX
8
C-PVMT
10
1309079.468288454
20
398500.25793658243
30
0
0
VERTEX
8
C-PVMT
10
1309078.699118881
20
398530.24807459756
30
0
0
VERTEX
8
C-PVMT
10
1309058.7056935376
20
398529.73529488227
30
0
0
VERTEX
8
C-PVMT
10
1309059.4748631106
20
398499.7451568671
30
0
0
SEQEND
0
POLYLINE
8
C-PVMT
66
1
70
1
0
VERTEX
8
C-PVMT
10
1309054.6941889762
20
398530.1325745728
30
0
0
VERTEX
8
C-PVMT
10
1309054.8223839048
20
398525.1342182369
30
0
0
VERTEX
8
C-PVMT
10
1309062.6198197887
20
398525.33420232584
30
0
0
VERTEX
8
C-PVMT
10
1309062.49162486
20
398530.33255866176
30
0
0
VERTEX
8
C-PVMT
10
1309054.6941889762
20
398530.1325745728
30
0
0
SEQEND
0
POLYLINE
8
C-PVMT
66
1
70
1
0
VERTEX
8
C-PVMT
10
1309042.8135092058
20
398525.3263860413
30
0
0
VERTEX
8
C-PVMT
10
1309050.8108793432
20
398525.53149792744
30
0
0
VERTEX
8
C-PVMT
10
1309050.7083234002
20
398529.5301829961
30
0
0
VERTEX
8
C-PVMT
10
1309042.7109532629
20
398529.32507111
30
0
0
VERTEX
8
C-PVMT
10
1309042.8135092058
20
398525.3263860413
30
0
0
SEQEND
0
POLYLINE
8
C-PVMT
66
1
70
1
0
VERTEX
8
C-PVMT
10
1309082.6852336347
20
398491.8376477687
30
0
0
VERTEX
8
C-PVMT
10
1309056.6937806883
20
398491.1710341388
30
0
0
VERTEX
8
C-PVMT
10
1309059.3979461533
20
398502.7441706686
30
0
0
VERTEX
8
C-PVMT
10
1309079.391371497
20
398503.25695038395
30
0
0
VERTEX
8
C-PVMT
10
1309082.6852336347
20
398491.8376477687
30
0
0
SEQEND
0
POLYLINE
8
C-LOD
66
1
70
1
0
VERTEX
8
C-LOD
10
1309022.7361966781
20
398501.80389149504
30
0
0
VERTEX
8
C-LOD
10
1309022.9156695784
20
398494.80619262485
30
0
0
VERTEX
8
C-LOD
10
1309022.9541280572
20
398493.30668572406
30
0
0
VERTEX
8
C-LOD
10
1309056.6937806883
20
398491.1710341388
30
0
0
VERTEX
8
C-LOD
10
1309082.6852336347
20
398491.8376477687
30
0
0
VERTEX
8
C-LOD
10
1309105.9968202212
20
398495.4365162716
30
0
0
VERTEX
8
C-LOD
10
1309105.778888842
20
398503.9337220426
30
0
0
VERTEX
8
C-LOD
10
1309079.0321765183
20
398556.2651665298
30
0
0
VERTEX
8
C-LOD
10
1309033.0472982284
20
398555.08577318455
30
0
0
VERTEX
8
C-LOD
10
1309022.7361966781
20
398501.80389149504
30
0
0
SEQEND
0
POLYLINE
8
C-PROP
66
1
70
1
0
VERTEX
8
C-PROP
10
1309021.8104680823
20
398644.7779773513
30
0
0
VERTEX
8
C-PROP
10
1309024.4122025664
20
398503.5422730318
30
0
0
VERTEX
8
C-PROP
10
1309103.3241068851
20
398505.24637852155
30
0
0
VERTEX
8
C-PROP
10
1309097.6101185726
20
398647.87410412444
30
0
0
VERTEX
8
C-PROP
10
1309021.8104680823
20
398644.7779773513
30
0
0
SEQEND
0
POINT
8
C-TOPO-SPOT
10
1309053.5822875681
20
398589.9603715011
30
0
0
POLYLINE
8
C-UTIL
66
1
70
0
0
VERTEX
8
C-UTIL
10
1309056.0397373734
20
398555.6754698572
30
0
0
VERTEX
8
C-UTIL
10
1309060.27
20
398641.48
30
0
0
SEQEND
0
POLYLINE
8
C-UTIL
66
1
70
0
0
VERTEX
8
C-UTIL
10
1309038.4877736166
20
398459.96941611246
30
0
0
VERTEX
8
C-UTIL
10
1309036.71292566
20
398529.1712371954
30
0
0
SEQEND
0
POLYLINE
8
C-UTIL
66
1
70
0
0
VERTEX
8
C-UTIL
10
1309048.4844862882
20
398460.2258059701
30
0
0
VERTEX
8
C-UTIL
10
1309046.7096383316
20
398529.42762705305
30
0
0
SEQEND
0
POLYLINE
8
C-DRNG-AREA
66
1
70
1
0
VERTEX
8
C-DRNG-AREA
10
1309019.3032
20
398649.1039
30
0
0
VERTEX
8
C-DRNG-AREA
10
1309022.8131136354
20
398498.80487769353
30
0
0
VERTEX
8
C-DRNG-AREA
10
1309105.8558057994
20
398500.9347082411
30
0
0
VERTEX
8
C-DRNG-AREA
10
1309100.636118406
20
398651.85447157087
30
0
0
VERTEX
8
C-DRNG-AREA
10
1309019.3032
20
398649.1039
30
0
0
SEQEND
0
POLYLINE
8
L-PLNT-TREE
66
1
70
1
0
VERTEX
8
L-PLNT-TREE
10
1309045.6222059522
20
398489.51646487357
30
0
0
VERTEX
8
L-PLNT-TREE
10
1309055.6222059522
20
398489.51646487357
30
0
0
VERTEX
8
L-PLNT-TREE
10
1309055.6222059522
20
398499.51646487357
30
0
0
VERTEX
8
L-PLNT-TREE
10
1309045.6222059522
20
398499.51646487357
30
0
0
VERTEX
8
L-PLNT-TREE
10
1309045.6222059522
20
398489.51646487357
30
0
0
SEQEND
0
POLYLINE
8
L-PLNT-TREE
66
1
70
1
0
VERTEX
8
L-PLNT-TREE
10
1309073.3031033403
20
398490.2264083894
30
0
0
VERTEX
8
L-PLNT-TREE
10
1309083.3031033403
20
398490.2264083894
30
0
0
VERTEX
8
L-PLNT-TREE
10
1309083.3031033403
20
398500.2264083894
30
0
0
VERTEX
8
L-PLNT-TREE
10
1309073.3031033403
20
398500.2264083894
30
0
0
VERTEX
8
L-PLNT-TREE
10
1309073.3031033403
20
398490.2264083894
30
0
0
SEQEND
0
POLYLINE
8
L-PLNT-TREE
66
1
70
1
0
VERTEX
8
L-PLNT-TREE
10
1309066.2453273605
20
398569.30361333117
30
0
0
VERTEX
8
L-PLNT-TREE
10
1309078.2453273605
20
398569.30361333117
30
0
0
VERTEX
8
L-PLNT-TREE
10
1309078.2453273605
20
398581.30361333117
30
0
0
VERTEX
8
L-PLNT-TREE
10
1309066.2453273605
20
398581.30361333117
30
0
0
VERTEX
8
L-PLNT-TREE
10
1309066.2453273605
20
398569.30361333117
30
0
0
SEQEND
0
POLYLINE
8
L-PLNT-TREE
66
1
70
1
0
VERTEX
8
L-PLNT-TREE
10
1309045.8412177223
20
398574.770878031
30
0
0
VERTEX
8
L-PLNT-TREE
10
1309057.8412177223
20
398574.770878031
30
0
0
VERTEX
8
L-PLNT-TREE
10
1309057.8412177223
20
398586.770878031
30
0
0
VERTEX
8
L-PLNT-TREE
10
1309045.8412177223
20
398586.770878031
30
0
0
VERTEX
8
L-PLNT-TREE
10
1309045.8412177223
20
398574.770878031
30
0
0
SEQEND
0
POLYLINE
8
L-PLNT-TREE
66
1
70
1
0
VERTEX
8
L-PLNT-TREE
10
1309025.437108084
20
398569.30361333117
30
0
0
VERTEX
8
L-PLNT-TREE
10
1309037.437108084
20
398569.30361333117
30
0
0
VERTEX
8
L-PLNT-TREE
10
1309037.437108084
20
398581.30361333117
30
0
0
VERTEX
8
L-PLNT-TREE
10
1309025.437108084
20
398581.30361333117
30
0
0
VERTEX
8
L-PLNT-TREE
10
1309025.437108084
20
398569.30361333117
30
0
0
SEQEND
0
POLYLINE
8
V-PROP-LINE
66
1
70
1
0
VERTEX
8
V-PROP-LINE
10
1308881.7638
20
398644.4539
30
0
0
VERTEX
8
V-PROP-LINE
10
1308849.9131125903
20
398486.8194935034
30
0
0
VERTEX
8
V-PROP-LINE
10
1308856.6654763639
20
398488.02994113497
30
0
0
VERTEX
8
V-PROP-LINE
10
1308867.8906048874
20
398489.8391922592
30
0
0
VERTEX
8
V-PROP-LINE
10
1308879.1562017887
20
398491.448765637
30
0
0
VERTEX
8
V-PROP-LINE
10
1308890.447288079
20
398492.8685439246
30
0
0
VERTEX
8
V-PROP-LINE
10
1308901.7616405075
20
398494.08912949014
30
0
0
VERTEX
8
V-PROP-LINE
10
1308913.1049338153
20
398495.1195648021
30
0
0
VERTEX
8
V-PROP-LINE
10
1308924.4553823478
20
398495.9391489116
30
0
0
VERTEX
8
V-PROP-LINE
10
1308935.81790823
20
398496.5695500329
30
0
0
VERTEX
8
V-PROP-LINE
10
1309022.8193310567
20
398498.79964557994
30
0
0
VERTEX
8
V-PROP-LINE
10
1309019.3094174212
20
398649.0986678864
30
0
0
VERTEX
8
V-PROP-LINE
10
1308881.7638
20
398644.4539
30
0
0
SEQEND
0
POLYLINE
8
C-PROP
66
1
70
1
0
VERTEX
8
C-PROP
10
1308898.2369873344
20
398624.9987817022
30
0
0
VERTEX
8
C-PROP
10
1308878.0517587974
20
398525.0986922784
30
0
0
VERTEX
8
C-PROP
10
1308895.9959862882
20
398525.55865420226
30
0
0
VERTEX
8
C-PROP
10
1309001.7462760247
20
398544.51574716106
30
0
0
VERTEX
8
C-PROP
10
1308999.786683894
20
398628.4280059719
30
0
0
VERTEX
8
C-PROP
10
1308898.2369873344
20
398624.9987817022
30
0
0
SEQEND
0
POLYLINE
8
A-BLDG-OTLN
66
1
70
1
0
VERTEX
8
A-BLDG-OTLN
10
1308955.5634130354
20
398543.98474812636
30
0
0
VERTEX
8
A-BLDG-OTLN
10
1309001.5483084738
20
398545.1634726485
30
0
0
VERTEX
8
A-BLDG-OTLN
10
1309000.882072874
20
398571.15493528766
30
0
0
VERTEX
8
A-BLDG-OTLN
10
1308954.8971774357
20
398569.97621076554
30
0
0
VERTEX
8
A-BLDG-OTLN
10
1308955.5634130354
20
398543.98474812636
30
0
0
SEQEND
0
POLYLINE
8
C-PVMT
66
1
70
1
0
VERTEX
8
C-PVMT
10
1308984.367838879
20
398497.81402375107
30
0
0
VERTEX
8
C-PVMT
10
1309004.3802457603
20
398498.32699903374
30
0
0
VERTEX
8
C-PVMT
10
1309001.135819896
20
398545.1528993853
30
0
0
VERTEX
8
C-PVMT
10
1308981.1234130147
20
398544.6399241026
30
0
0
VERTEX
8
C-PVMT
10
1308984.367838879
20
398497.81402375107
30
0
0
SEQEND
0
POLYLINE
8
C-PVMT
66
1
70
1
0
VERTEX
8
C-PVMT
10
1308977.0685425524
20
398545.29344621784
30
0
0
VERTEX
8
C-PVMT
10
1308977.41414894
20
398540.3054048963
30
0
0
VERTEX
8
C-PVMT
10
1308985.1954934015
20
398540.84455086134
30
0
0
VERTEX
8
C-PVMT
10
1308984.849887014
20
398545.83259218285
30
0
0
VERTEX
8
C-PVMT
10
1308977.0685425524
20
398545.29344621784
30
0
0
SEQEND
0
POLYLINE
8
C-PVMT
66
1
70
1
0
VERTEX
8
C-PVMT
10
1308965.4082891303
20
398539.9747536978
30
0
0
VERTEX
8
C-PVMT
10
1308973.3891552445
20
398540.52772391826
30
0
0
VERTEX
8
C-PVMT
10
1308973.1126701343
20
398544.51815697545
30
0
0
VERTEX
8
C-PVMT
10
1308965.1318040201
20
398543.965186755
30
0
0
VERTEX
8
C-PVMT
10
1308965.4082891303
20
398539.9747536978
30
0
0
SEQEND
0
POLYLINE
8
C-PVMT
66
1
70
1
0
VERTEX
8
C-PVMT
10
1309007.5875814313
20
398489.9064202524
30
0
0
VERTEX
8
C-PVMT
10
1308981.5961187922
20
398489.24018465297
30
0
0
VERTEX
8
C-PVMT
10
1308984.3004525816
20
398500.813281851
30
0
0
VERTEX
8
C-PVMT
10
1309004.293885381
20
398501.3257707737
30
0
0
VERTEX
8
C-PVMT
10
1309007.5875814313
20
398489.9064202524
30
0
0
SEQEND
0
POLYLINE
8
C-LOD
66
1
70
1
0
VERTEX
8
C-LOD
10
1308849.7057487576
20
398489.8123182963
30
0
0
VERTEX
8
C-LOD
10
1308850.1895977005
20
398482.82906044624
30
0
0
VERTEX
8
C-LOD
10
1308850.2932796169
20
398481.3326480498
30
0
0
VERTEX
8
C-LOD
10
1309007.5875814313
20
398489.9064202524
30
0
0
VERTEX
8
C-LOD
10
1309023.1994980832
20
398493.3128001263
30
0
0
VERTEX
8
C-LOD
10
1309022.8193310567
20
398498.79964557994
30
0
0
VERTEX
8
C-LOD
10
1309022.611967224
20
398501.7924703728
30
0
0
VERTEX
8
C-LOD
10
1309000.882072874
20
398571.15493528766
30
0
0
VERTEX
8
C-LOD
10
1308954.8971774357
20
398569.97621076554
30
0
0
VERTEX
8
C-LOD
10
1308849.7057487576
20
398489.8123182963
30
0
0
SEQEND
0
POLYLINE
8
C-PROP
66
1
70
1
0
VERTEX
8
C-PROP
10
1308882.9289917152
20
398639.5915622632
30
0
0
VERTEX
8
C-PROP
10
1308854.0199916107
20
398489.671430514
30
0
0
VERTEX
8
C-PROP
10
1308860.6460233054
20
398491.055704848
30
0
0
VERTEX
8
C-PROP
10
1308871.5678527143
20
398493.22708960396
30
0
0
VERTEX
8
C-PROP
10
1308882.3424945527
20
398495.3020160081
30
0
0
VERTEX
8
C-PROP
10
1308892.8269186264
20
398497.2659702693
30
0
0
VERTEX
8
C-PROP
10
1308902.8799029365
20
398498.9624742491
30
0
0
VERTEX
8
C-PROP
10
1308912.5800328413
20
398500.0919363658
30
0
0
VERTEX
8
C-PROP
10
1308922.3684988115
20
398500.4828167148
30
0
0
VERTEX
8
C-PROP
10
1308932.6317641567
20
398500.42292335304
30
0
0
VERTEX
8
C-PROP
10
1309017.9805955545
20
398500.05926407006
30
0
0
VERTEX
8
C-PROP
10
1309015.9483818172
20
398645.3968521605
30
0
0
VERTEX
8
C-PROP
10
1308882.9289917152
20
398639.5915622632
30
0
0
SEQEND
0
POINT
8
C-TOPO-SPOT
10
1308909.605299776
20
398528.2714956279
30
0
0
POLYLINE
8
C-UTIL
66
1
70
0
0
VERTEX
8
C-UTIL
10
1308977.889625155
20
398570.5655730266
30
0
0
VERTEX
8
C-UTIL
10
1308950.84
20
398637.78
30
0
0
SEQEND
0
POLYLINE
8
C-UTIL
66
1
70
0
0
VERTEX
8
C-UTIL
10
1308969.801661489
20
398467.12825564295
30
0
0
VERTEX
8
C-UTIL
10
1308955.486539697
20
398546.9837630463
30
0
0
SEQEND
0
POLYLINE
8
C-UTIL
66
1
70
0
0
VERTEX
8
C-UTIL
10
1308971.289639979
20
398467.3949948322
30
0
0
VERTEX
8
C-UTIL
10
1308955.2302952355
20
398556.98047944595
30
0
0
SEQEND
0
POLYLINE
8
C-DRNG-AREA
66
1
70
1
0
VERTEX
8
C-DRNG-AREA
10
1308881.7638
20
398644.4539
30
0
0
VERTEX
8
C-DRNG-AREA
10
1308849.9131125903
20
398486.8194935034
30
0
0
VERTEX
8
C-DRNG-AREA
10
1308856.6654763639
20
398488.02994113497
30
0
0
VERTEX
8
C-DRNG-AREA
10
1308867.8906048874
20
398489.8391922592
30
0
0
VERTEX
8
C-DRNG-AREA
10
1308879.1562017887
20
398491.448765637
30
0
0
VERTEX
8
C-DRNG-AREA
10
1308890.447288079
20
398492.8685439246
30
0
0
VERTEX
8
C-DRNG-AREA
10
1308901.7616405075
20
398494.08912949014
30
0
0
VERTEX
8
C-DRNG-AREA
10
1308913.1049338153
20
398495.1195648021
30
0
0
VERTEX
8
C-DRNG-AREA
10
1308924.4553823478
20
398495.9391489116
30
0
0
VERTEX
8
C-DRNG-AREA
10
1308935.81790823
20
398496.5695500329
30
0
0
VERTEX
8
C-DRNG-AREA
10
1309022.8193310567
20
398498.79964557994
30
0
0
VERTEX
8
C-DRNG-AREA
10
1309019.3094174212
20
398649.0986678864
30
0
0
VERTEX
8
C-DRNG-AREA
10
1308881.7638
20
398644.4539
30
0
0
SEQEND
0
POLYLINE
8
L-PLNT-TREE
66
1
70
1
0
VERTEX
8
L-PLNT-TREE
10
1308849.1715449374
20
398477.50316937926
30
0
0
VERTEX
8
L-PLNT-TREE
10
1308859.1715449374
20
398477.50316937926
30
0
0
VERTEX
8
L-PLNT-TREE
10
1308859.1715449374
20
398487.50316937926
30
0
0
VERTEX
8
L-PLNT-TREE
10
1308849.1715449374
20
398487.50316937926
30
0
0
VERTEX
8
L-PLNT-TREE
10
1308849.1715449374
20
398477.50316937926
30
0
0
SEQEND
0
POLYLINE
8
L-PLNT-TREE
66
1
70
1
0
VERTEX
8
L-PLNT-TREE
10
1308991.6908769708
20
398590.4220423726
30
0
0
VERTEX
8
L-PLNT-TREE
10
1309003.6908769708
20
398590.4220423726
30
0
0
VERTEX
8
L-PLNT-TREE
10
1309003.6908769708
20
398602.4220423726
30
0
0
VERTEX
8
L-PLNT-TREE
10
1308991.6908769708
20
398602.4220423726
30
0
0
VERTEX
8
L-PLNT-TREE
10
1308991.6908769708
20
398590.4220423726
30
0
0
SEQEND
0
POLYLINE
8
L-PLNT-TREE
66
1
70
1
0
VERTEX
8
L-PLNT-TREE
10
1308967.6908769708
20
398596.8528229909
30
0
0
VERTEX
8
L-PLNT-TREE
10
1308979.6908769708
20
398596.8528229909
30
0
0
VERTEX
8
L-PLNT-TREE
10
1308979.6908769708
20
398608.8528229909
30
0
0
VERTEX
8
L-PLNT-TREE
10
1308967.6908769708
20
398608.8528229909
30
0
0
VERTEX
8
L-PLNT-TREE
10
1308967.6908769708
20
398596.8528229909
30
0
0
SEQEND
0
POLYLINE
8
V-PROP-LINE
66
1
70
1
0
VERTEX
8
V-PROP-LINE
10
1308666.4932
20
398591.5239
30
0
0
VERTEX
8
V-PROP-LINE
10
1308724.153739417
20
398450.7230310604
30
0
0
VERTEX
8
V-PROP-LINE
10
1308736.0202116293
20
398455.33169000136
30
0
0
VERTEX
8
V-PROP-LINE
10
1308746.70340218
20
398459.2526388225
30
0
0
VERTEX
8
V-PROP-LINE
10
1308757.45145721
20
398462.99211914383
30
0
0
VERTEX
8
V-PROP-LINE
10
1308768.2738444374
20
398466.54289859283
30
0
0
VERTEX
8
V-PROP-LINE
10
1308779.1462491483
20
398469.9037341738
30
0
0
VERTEX
8
V-PROP-LINE
10
1308790.07850724
20
398473.0644513422
30
0
0
VERTEX
8
V-PROP-LINE
10
1308801.0612624092
20
398476.04496956733
30
0
0
VERTEX
8
V-PROP-LINE
10
1308812.104084294
20
398478.8357015177
30
0
0
VERTEX
8
V-PROP-LINE
10
1308823.1853116173
20
398481.4262228952
30
0
0
VERTEX
8
V-PROP-LINE
10
1308834.309259667
20
398483.8266769741
30
0
0
VERTEX
8
V-PROP-LINE
10
1308845.4747313166
20
398486.0259138524
30
0
0
VERTEX
8
V-PROP-LINE
10
1308849.923392446
20
398486.82579769153
30
0
0
VERTEX
8
V-PROP-LINE
10
1308881.7740798558
20
398644.46020418813
30
0
0
VERTEX
8
V-PROP-LINE
10
1308666.4932
20
398591.5239
30
0
0
SEQEND
0
POLYLINE
8
C-PROP
66
1
70
1
0
VERTEX
8
C-PROP
10
1308682.0098763113
20
398574.7435937894
30
0
0
VERTEX
8
C-PROP
10
1308715.4340815763
20
398493.125260133
30
0
0
VERTEX
8
C-PROP
10
1308780.665980953
20
398504.85416925646
30
0
0
VERTEX
8
C-PROP
10
1308850.9172650655
20
398532.13811707555
30
0
0
VERTEX
8
C-PROP
10
1308868.806678275
20
398620.67583048757
30
0
0
VERTEX
8
C-PROP
10
1308682.0098763113
20
398574.7435937894
30
0
0
SEQEND
0
POLYLINE
8
A-BLDG-OTLN
66
1
70
1
0
VERTEX
8
A-BLDG-OTLN
10
1308727.4465921132
20
398495.9854835743
30
0
0
VERTEX
8
A-BLDG-OTLN
10
1308770.3262246165
20
398512.63892515184
30
0
0
VERTEX
8
A-BLDG-OTLN
10
1308760.9134098117
20
398536.87523917545
30
0
0
VERTEX
8
A-BLDG-OTLN
10
1308718.0337773084
20
398520.2217975979
30
0
0
VERTEX
8
A-BLDG-OTLN
10
1308727.4465921132
20
398495.9854835743
30
0
0
SEQEND
0
POLYLINE
8
C-PVMT
66
1
70
1
0
VERTEX
8
C-PVMT
10
1308761.2433424268
20
398464.23622063623
30
0
0
VERTEX
8
C-PVMT
10
1308780.326221564
20
398470.24488593236
30
0
0
VERTEX
8
C-PVMT
10
1308768.374412801
20
398511.8808873109
30
0
0
VERTEX
8
C-PVMT
10
1308749.6537920306
20
398504.6102381451
30
0
0
VERTEX
8
C-PVMT
10
1308761.2433424268
20
398464.23622063623
30
0
0
SEQEND
0
POLYLINE
8
C-PVMT
66
1
70
1
0
VERTEX
8
C-PVMT
10
1308746.0373869145
20
398502.7111790003
30
0
0
VERTEX
8
C-PVMT
10
1308747.4169471145
20
398497.9052645551
30
0
0
VERTEX
8
C-PVMT
10
1308754.9141736492
20
398500.0573784669
30
0
0
VERTEX
8
C-PVMT
10
1308753.5346134491
20
398504.8632929121
30
0
0
VERTEX
8
C-PVMT
10
1308746.0373869145
20
398502.7111790003
30
0
0
SEQEND
0
POLYLINE
8
C-PVMT
66
1
70
1
0
VERTEX
8
C-PVMT
10
1308735.7447964258
20
398495.07491152
30
0
0
VERTEX
8
C-PVMT
10
1308743.4342595383
20
398497.2822078398
30
0
0
VERTEX
8
C-PVMT
10
1308742.3306113784
20
398501.12693939597
30
0
0
VERTEX
8
C-PVMT
10
1308734.641148266
20
398498.9196430762
30
0
0
VERTEX
8
C-PVMT
10
1308735.7447964258
20
398495.07491152
30
0
0
SEQEND
0
POLYLINE
8
C-PVMT
66
1
70
1
0
VERTEX
8
C-PVMT
10
1308785.69451654
20
398463.0310733464
30
0
0
VERTEX
8
C-PVMT
10
1308760.8542245817
20
398455.3525386271
30
0
0
VERTEX
8
C-PVMT
10
1308760.3241371436
20
398467.2255756147
30
0
0
VERTEX
8
C-PVMT
10
1308779.4320540342
20
398473.13214078336
30
0
0
VERTEX
8
C-PVMT
10
1308785.69451654
20
398463.0310733464
30
0
0
SEQEND
0
POLYLINE
8
C-LOD
66
1
70
1
0
VERTEX
8
C-LOD
10
1308718.0337773084
20
398520.2217975979
30
0
0
VERTEX
8
C-LOD
10
1308723.326003297
20
398453.60657972755
30
0
0
VERTEX
8
C-LOD
10
1308725.6712556367
20
398445.43652517063
30
0
0
VERTEX
8
C-LOD
10
1308760.8542245817
20
398455.3525386271
30
0
0
VERTEX
8
C-LOD
10
1308851.4409086658
20
398481.53929180175
30
0
0
VERTEX
8
C-LOD
10
1308851.027040606
20
398482.98106613534
30
0
0
VERTEX
8
C-LOD
10
1308849.923392446
20
398486.82579769153
30
0
0
VERTEX
8
C-LOD
10
1308849.095656326
20
398489.70934635866
30
0
0
VERTEX
8
C-LOD
10
1308760.9134098117
20
398536.87523917545
30
0
0
VERTEX
8
C-LOD
10
1308718.0337773084
20
398520.2217975979
30
0
0
SEQEND
0
POLYLINE
8
C-PROP
66
1
70
1
0
VERTEX
8
C-PROP
10
1308670.3442331105
20
398588.33492775477
30
0
0
VERTEX
8
C-PROP
10
1308727.9950279375
20
398453.92373449897
30
0
0
VERTEX
8
C-PROP
10
1308739.640111164
20
398458.7807952998
30
0
0
VERTEX
8
C-PROP
10
1308750.000849808
20
398463.01120758476
30
0
0
VERTEX
8
C-PROP
10
1308760.206401419
20
398467.1646821938
30
0
0
VERTEX
8
C-PROP
10
1308770.0721278484
20
398471.2083221292
30
0
0
VERTEX
8
C-PROP
10
1308779.331482427
20
398474.90030185896
30
0
0
VERTEX
8
C-PROP
10
1308788.191842942
20
398477.69483986014
30
0
0
VERTEX
8
C-PROP
10
1308797.5638527062
20
398479.6182209397
30
0
0
VERTEX
8
C-PROP
10
1308807.7809173823
20
398481.3477182082
30
0
0
VERTEX
8
C-PROP
10
1308818.4977917643
20
398483.1660957722
30
0
0
VERTEX
8
C-PROP
10
1308829.459208468
20
398485.04199724697
30
0
0
VERTEX
8
C-PROP
10
1308840.5487989902
20
398486.8833464833
30
0
0
VERTEX
8
C-PROP
10
1308844.9798022846
20
398487.57474115817
30
0
0
VERTEX
8
C-PROP
10
1308878.9319332836
20
398640.34654366947
30
0
0
VERTEX
8
C-PROP
10
1308670.3442331105
20
398588.33492775477
30
0
0
SEQEND
0
POINT
8
C-TOPO-SPOT
10
1308780.165370804
20
398497.393990614
30
0
0
POLYLINE
8
C-UTIL
66
1
70
0
0
VERTEX
8
C-UTIL
10
1308765.619817214
20
398524.75708216365
30
0
0
VERTEX
8
C-UTIL
10
1308776.28
20
398609.25
30
0
0
SEQEND
0
POLYLINE
8
C-UTIL
66
1
70
0
0
VERTEX
8
C-UTIL
10
1308760.020381601
20
398420.4003790411
30
0
0
VERTEX
8
C-UTIL
10
1308730.2430898852
20
398497.0715775902
30
0
0
SEQEND
0
POLYLINE
8
C-UTIL
66
1
70
0
0
VERTEX
8
C-UTIL
10
1308769.342040841
20
398424.0206924276
30
0
0
VERTEX
8
C-UTIL
10
1308739.5647491252
20
398500.6918909766
30
0
0
SEQEND
0
POLYLINE
8
C-DRNG-AREA
66
1
70
1
0
VERTEX
8
C-DRNG-AREA
10
1308666.4932
20
398591.5239
30
0
0
VERTEX
8
C-DRNG-AREA
10
1308724.153739417
20
398450.7230310604
30
0
0
VERTEX
8
C-DRNG-AREA
10
1308736.0202116293
20
398455.33169000136
30
0
0
VERTEX
8
C-DRNG-AREA
10
1308746.70340218
20
398459.2526388225
30
0
0
VERTEX
8
C-DRNG-AREA
10
1308757.45145721
20
398462.99211914383
30
0
0
VERTEX
8
C-DRNG-AREA
10
1308768.2738444374
20
398466.54289859283
30
0
0
VERTEX
8
C-DRNG-AREA
10
1308779.1462491483
20
398469.9037341738
30
0
0
VERTEX
8
C-DRNG-AREA
10
1308790.07850724
20
398473.0644513422
30
0
0
VERTEX
8
C-DRNG-AREA
10
1308801.0612624092
20
398476.04496956733
30
0
0
VERTEX
8
C-DRNG-AREA
10
1308812.104084294
20
398478.8357015177
30
0
0
VERTEX
8
C-DRNG-AREA
10
1308823.1853116173
20
398481.4262228952
30
0
0
VERTEX
8
C-DRNG-AREA
10
1308834.309259667
20
398483.8266769741
30
0
0
VERTEX
8
C-DRNG-AREA
10
1308845.4747313166
20
398486.0259138524
30
0
0
VERTEX
8
C-DRNG-AREA
10
1308849.923392446
20
398486.82579769153
30
0
0
VERTEX
8
C-DRNG-AREA
10
1308881.7740798558
20
398644.46020418813
30
0
0
VERTEX
8
C-DRNG-AREA
10
1308666.4932
20
398591.5239
30
0
0
SEQEND
0
POLYLINE
8
C-PROP
66
1
70
1
0
VERTEX
8
C-PROP
10
1308718.0337773084
20
398504.2217975979
30
0
0
VERTEX
8
C-PROP
10
1308748.0337773084
20
398504.2217975979
30
0
0
VERTEX
8
C-PROP
10
1308748.0337773084
20
398520.2217975979
30
0
0
VERTEX
8
C-PROP
10
1308718.0337773084
20
398520.2217975979
30
0
0
VERTEX
8
C-PROP
10
1308718.0337773084
20
398504.2217975979
30
0
0
SEQEND
0
POLYLINE
8
L-PLNT-TREE
66
1
70
1
0
VERTEX
8
L-PLNT-TREE
10
1308726.8971322165
20
398443.366530911
30
0
0
VERTEX
8
L-PLNT-TREE
10
1308736.8971322165
20
398443.366530911
30
0
0
VERTEX
8
L-PLNT-TREE
10
1308736.8971322165
20
398453.366530911
30
0
0
VERTEX
8
L-PLNT-TREE
10
1308726.8971322165
20
398453.366530911
30
0
0
VERTEX
8
L-PLNT-TREE
10
1308726.8971322165
20
398443.366530911
30
0
0
SEQEND
0
POLYLINE
8
L-PLNT-TREE
66
1
70
1
0
VERTEX
8
L-PLNT-TREE
10
1308782.8333191925
20
398506.3413858147
30
0
0
VERTEX
8
L-PLNT-TREE
10
1308794.8333191925
20
398506.3413858147
30
0
0
VERTEX
8
L-PLNT-TREE
10
1308794.8333191925
20
398518.3413858147
30
0
0
VERTEX
8
L-PLNT-TREE
10
1308782.8333191925
20
398518.3413858147
30
0
0
VERTEX
8
L-PLNT-TREE
10
1308782.8333191925
20
398506.3413858147
30
0
0
SEQEND
0
POLYLINE
8
L-PLNT-TREE
66
1
70
1
0
VERTEX
8
L-PLNT-TREE
10
1308776.402538574
20
398530.3413858147
30
0
0
VERTEX
8
L-PLNT-TREE
10
1308788.402538574
20
398530.3413858147
30
0
0
VERTEX
8
L-PLNT-TREE
10
1308788.402538574
20
398542.3413858147
30
0
0
VERTEX
8
L-PLNT-TREE
10
1308776.402538574
20
398542.3413858147
30
0
0
VERTEX
8
L-PLNT-TREE
10
1308776.402538574
20
398530.3413858147
30
0
0
SEQEND
0
POLYLINE
8
L-PLNT-TREE
66
1
70
1
0
VERTEX
8
L-PLNT-TREE
10
1308758.8333191925
20
398547.9106051964
30
0
0
VERTEX
8
L-PLNT-TREE
10
1308770.8333191925
20
398547.9106051964
30
0
0
VERTEX
8
L-PLNT-TREE
10
1308770.8333191925
20
398559.9106051964
30
0
0
VERTEX
8
L-PLNT-TREE
10
1308758.8333191925
20
398559.9106051964
30
0
0
VERTEX
8
L-PLNT-TREE
10
1308758.8333191925
20
398547.9106051964
30
0
0
SEQEND
0
POLYLINE
8
V-PROP-LINE
66
1
70
1
0
VERTEX
8
V-PROP-LINE
10
1308579.6837
20
398547.2238
30
0
0
VERTEX
8
V-PROP-LINE
10
1308648.6930873753
20
398413.44418513257
30
0
0
VERTEX
8
V-PROP-LINE
10
1308713.9022850294
20
398446.52431423275
30
0
0
VERTEX
8
V-PROP-LINE
10
1308724.1550145887
20
398450.7252589576
30
0
0
VERTEX
8
V-PROP-LINE
10
1308666.4944751717
20
398591.52612789714
30
0
0
VERTEX
8
V-PROP-LINE
10
1308579.6837
20
398547.2238
30
0
0
SEQEND
0
POLYLINE
8
C-PROP
66
1
70
1
0
VERTEX
8
C-PROP
10
1308595.9784356651
20
398533.0856733079
30
0
0
VERTEX
8
C-PROP
10
1308639.6092700046
20
398448.5041919148
30
0
0
VERTEX
8
C-PROP
10
1308701.408678956
20
398473.8258293902
30
0
0
VERTEX
8
C-PROP
10
1308705.251703007
20
398475.7753662087
30
0
0
VERTEX
8
C-PROP
10
1308666.9497576708
20
398569.304619315
30
0
0
VERTEX
8
C-PROP
10
1308595.9784356651
20
398533.0856733079
30
0
0
SEQEND
0
POLYLINE
8
A-BLDG-OTLN
66
1
70
1
0
VERTEX
8
A-BLDG-OTLN
10
1308655.7184576322
20
398455.132785098
30
0
0
VERTEX
8
A-BLDG-OTLN
10
1308696.7417493733
20
398475.9435884159
30
0
0
VERTEX
8
A-BLDG-OTLN
10
1308684.9791214108
20
398499.1306663565
30
0
0
VERTEX
8
A-BLDG-OTLN
10
1308643.9558296697
20
398478.31986303855
30
0
0
VERTEX
8
A-BLDG-OTLN
10
1308655.7184576322
20
398455.132785098
30
0
0
SEQEND
0
POLYLINE
8
C-PVMT
66
1
70
1
0
VERTEX
8
C-PVMT
10
1308692.9515034815
20
398435.8961423906
30
0
0
VERTEX
8
C-PVMT
10
1308710.7887189295
20
398444.94482587447
30
0
0
VERTEX
8
C-PVMT
10
1308695.728171225
20
398475.4294079444
30
0
0
VERTEX
8
C-PVMT
10
1308677.890955777
20
398466.3807244606
30
0
0
VERTEX
8
C-PVMT
10
1308692.9515034815
20
398435.8961423906
30
0
0
SEQEND
0
POLYLINE
8
C-PVMT
66
1
70
1
0
VERTEX
8
C-PVMT
10
1308674.1524696378
20
398464.91720199026
30
0
0
VERTEX
8
C-PVMT
10
1308676.3671316938
20
398460.4344269594
30
0
0
VERTEX
8
C-PVMT
10
1308683.360260742
20
398463.8892997667
30
0
0
VERTEX
8
C-PVMT
10
1308681.145598686
20
398468.3720747976
30
0
0
VERTEX
8
C-PVMT
10
1308674.1524696378
20
398464.91720199026
30
0
0
SEQEND
0
POLYLINE
8
C-PVMT
66
1
70
1
0
VERTEX
8
C-PVMT
10
1308665.3870054139
20
398455.5675155282
30
0
0
VERTEX
8
C-PVMT
10
1308672.5594454636
20
398459.11097481765
30
0
0
VERTEX
8
C-PVMT
10
1308670.7877158187
20
398462.6971948424
30
0
0
VERTEX
8
C-PVMT
10
1308663.615275769
20
398459.1537355529
30
0
0
VERTEX
8
C-PVMT
10
1308665.3870054139
20
398455.5675155282
30
0
0
SEQEND
0
POLYLINE
8
C-PVMT
66
1
70
1
0
VERTEX
8
C-PVMT
10
1308717.3091247017
20
398438.7214072486
30
0
0
VERTEX
8
C-PVMT
10
1308694.1220467612
20
398426.9587792862
30
0
0
VERTEX
8
C-PVMT
10
1308691.5947780018
20
398438.57182852476
30
0
0
VERTEX
8
C-PVMT
10
1308709.4309918024
20
398447.6200038804
30
0
0
VERTEX
8
C-PVMT
10
1308717.3091247017
20
398438.7214072486
30
0
0
SEQEND
0
POLYLINE
8
C-LOD
66
1
70
1
0
VERTEX
8
C-LOD
10
1308643.9558296697
20
398478.31986303855
30
0
0
VERTEX
8
C-LOD
10
1308647.3642901417
20
398416.13385015115
30
0
0
VERTEX
8
C-LOD
10
1308648.6930873753
20
398413.44418513257
30
0
0
VERTEX
8
C-LOD
10
1308651.1292156368
20
398408.51313259854
30
0
0
VERTEX
8
C-LOD
10
1308694.1220467612
20
398426.9587792862
30
0
0
VERTEX
8
C-LOD
10
1308717.3091247017
20
398438.7214072486
30
0
0
VERTEX
8
C-LOD
10
1308726.5911428502
20
398445.79420642357
30
0
0
VERTEX
8
C-LOD
10
1308725.9267442336
20
398447.13903893286
30
0
0
VERTEX
8
C-LOD
10
1308722.8262173552
20
398453.4149239762
30
0
0
VERTEX
8
C-LOD
10
1308684.9791214108
20
398499.1306663565
30
0
0
VERTEX
8
C-LOD
10
1308643.9558296697
20
398478.31986303855
30
0
0
SEQEND
0
POLYLINE
8
C-PROP
66
1
70
1
0
VERTEX
8
C-PROP
10
1308583.8571944197
20
398544.4702669371
30
0
0
VERTEX
8
C-PROP
10
1308648.8911260758
20
398418.4402616605
30
0
0
VERTEX
8
C-PROP
10
1308710.1044426316
20
398449.77645093366
30
0
0
VERTEX
8
C-PROP
10
1308720.0130001844
20
398453.5259225709
30
0
0
VERTEX
8
C-PROP
10
1308665.7223451685
20
398586.5861061099
30
0
0
VERTEX
8
C-PROP
10
1308583.8571944197
20
398544.4702669371
30
0
0
SEQEND
0
POINT
8
C-TOPO-SPOT
10
1308652.1020436941
20
398499.4445810367
30
0
0
POLYLINE
8
C-UTIL
66
1
70
0
0
VERTEX
8
C-UTIL
10
1308664.4674755402
20
398488.7252646975
30
0
0
VERTEX
8
C-UTIL
10
1308627.18
20
398561.36
30
0
0
SEQEND
0
POLYLINE
8
C-UTIL
66
1
70
0
0
VERTEX
8
C-UTIL
10
1308691.5403912512
20
398391.1499770716
30
0
0
VERTEX
8
C-UTIL
10
1308658.3938897024
20
398456.4900114013
30
0
0
SEQEND
0
POLYLINE
8
C-UTIL
66
1
70
0
0
VERTEX
8
C-UTIL
10
1308700.4584981513
20
398395.6740647494
30
0
0
VERTEX
8
C-UTIL
10
1308667.3119966025
20
398461.0140990791
30
0
0
SEQEND
0
POLYLINE
8
C-DRNG-AREA
66
1
70
1
0
VERTEX
8
C-DRNG-AREA
10
1308579.6837
20
398547.2238
30
0
0
VERTEX
8
C-DRNG-AREA
10
1308648.6930873753
20
398413.44418513257
30
0
0
VERTEX
8
C-DRNG-AREA
10
1308713.9022850294
20
398446.52431423275
30
0
0
VERTEX
8
C-DRNG-AREA
10
1308724.1550145887
20
398450.7252589576
30
0
0
VERTEX
8
C-DRNG-AREA
10
1308666.4944751717
20
398591.52612789714
30
0
0
VERTEX
8
C-DRNG-AREA
10
1308579.6837
20
398547.2238
30
0
0
SEQEND
0
POLYLINE
8
C-PROP
66
1
70
1
0
VERTEX
8
C-PROP
10
1308643.9558296697
20
398462.31986303855
30
0
0
VERTEX
8
C-PROP
10
1308673.9558296697
20
398462.31986303855
30
0
0
VERTEX
8
C-PROP
10
1308673.9558296697
20
398478.31986303855
30
0
0
VERTEX
8
C-PROP
10
1308643.9558296697
20
398478.31986303855
30
0
0
VERTEX
8
C-PROP
10
1308643.9558296697
20
398462.31986303855
30
0
0
SEQEND
0
POLYLINE
8
L-PLNT-TREE
66
1
70
1
0
VERTEX
8
L-PLNT-TREE
10
1308667.6915304323
20
398415.0118413825
30
0
0
VERTEX
8
L-PLNT-TREE
10
1308677.6915304323
20
398415.0118413825
30
0
0
VERTEX
8
L-PLNT-TREE
10
1308677.6915304323
20
398425.0118413825
30
0
0
VERTEX
8
L-PLNT-TREE
10
1308667.6915304323
20
398425.0118413825
30
0
0
VERTEX
8
L-PLNT-TREE
10
1308667.6915304323
20
398415.0118413825
30
0
0
SEQEND
0
POLYLINE
8
L-PLNT-TREE
66
1
70
1
0
VERTEX
8
L-PLNT-TREE
10
1308689.4279296503
20
398426.03855108254
30
0
0
VERTEX
8
L-PLNT-TREE
10
1308699.4279296503
20
398426.03855108254
30
0
0
VERTEX
8
L-PLNT-TREE
10
1308699.4279296503
20
398436.03855108254
30
0
0
VERTEX
8
L-PLNT-TREE
10
1308689.4279296503
20
398436.03855108254
30
0
0
VERTEX
8
L-PLNT-TREE
10
1308689.4279296503
20
398426.03855108254
30
0
0
SEQEND
0
POLYLINE
8
L-PLNT-TREE
66
1
70
1
0
VERTEX
8
L-PLNT-TREE
10
1308661.4227231436
20
398509.7294921334
30
0
0
VERTEX
8
L-PLNT-TREE
10
1308673.4227231436
20
398509.7294921334
30
0
0
VERTEX
8
L-PLNT-TREE
10
1308673.4227231436
20
398521.7294921334
30
0
0
VERTEX
8
L-PLNT-TREE
10
1308661.4227231436
20
398521.7294921334
30
0
0
VERTEX
8
L-PLNT-TREE
10
1308661.4227231436
20
398509.7294921334
30
0
0
SEQEND
0
POLYLINE
8
C-MISC
66
1
70
1
0
VERTEX
8
C-MISC
10
1309100.0856320793
20
398593.9154300337
30
0
0
VERTEX
8
C-MISC
10
1309099.9885508702
20
398593.8575433539
30
0
0
VERTEX
8
C-MISC
10
1309099.7943884516
20
398593.74176999426
30
0
0
VERTEX
8
C-MISC
10
1309099.5031448242
20
398593.56810995477
30
0
0
VERTEX
8
C-MISC
10
1309099.1148199874
20
398593.3365632355
30
0
0
VERTEX
8
C-MISC
10
1309098.5912178573
20
398592.7949955184
30
0
0
VERTEX
8
C-MISC
10
1309097.9323384333
20
398591.9434068036
30
0
0
VERTEX
8
C-MISC
10
1309097.1381817162
20
398590.781797091
30
0
0
VERTEX
8
C-MISC
10
1309096.208747706
20
398589.3101663806
30
0
0
VERTEX
8
C-MISC
10
1309095.4804760523
20
398588.12919807096
30
0
0
VERTEX
8
C-MISC
10
1309094.9533667555
20
398587.23889216216
30
0
0
VERTEX
8
C-MISC
10
1309094.6274198159
20
398586.639248654
30
0
0
VERTEX
8
C-MISC
10
1309094.5026352333
20
398586.33026754647
30
0
0
VERTEX
8
C-MISC
10
1309094.0484109388
20
398586.0460704904
30
0
0
VERTEX
8
C-MISC
10
1309093.2647469325
20
398585.78665748565
30
0
0
VERTEX
8
C-MISC
10
1309092.1516432143
20
398585.55202853214
30
0
0
VERTEX
8
C-MISC
10
1309090.7090997845
20
398585.34218363
30
0
0
VERTEX
8
C-MISC
10
1309089.316213338
20
398584.94659877813
30
0
0
VERTEX
8
C-MISC
10
1309087.972983875
20
398584.3652739767
30
0
0
VERTEX
8
C-MISC
10
1309086.679411396
20
398583.5982092256
30
0
0
VERTEX
8
C-MISC
10
1309085.4354959
20
398582.64540452475
30
0
0
VERTEX
8
C-MISC
10
1309084.4529022947
20
398581.909892424
30
0
0
VERTEX
8
C-MISC
10
1309083.73163058
20
398581.39167292335
30
0
0
VERTEX
8
C-MISC
10
1309083.2716807553
20
398581.09074602264
30
0
0
VERTEX
8
C-MISC
10
1309083.073052821
20
398581.0071117219
30
0
0
VERTEX
8
C-MISC
10
1309082.8028398445
20
398580.9652945716
30
0
0
VERTEX
8
C-MISC
10
1309082.4610418258
20
398580.96529457165
30
0
0
VERTEX
8
C-MISC
10
1309082.047658765
20
398581.007111722
30
0
0
VERTEX
8
C-MISC
10
1309081.562690662
20
398581.09074602264
30
0
0
VERTEX
8
C-MISC
10
1309080.959570753
20
398581.19523569115
30
0
0
VERTEX
8
C-MISC
10
1309080.2382990378
20
398581.3205807274
30
0
0
VERTEX
8
C-MISC
10
1309079.3988755168
20
398581.4667811316
30
0
0
VERTEX
8
C-MISC
10
1309078.4413001898
20
398581.6338369036
30
0
0
VERTEX
8
C-MISC
10
1309077.3624828372
20
398581.7598516237
30
0
0
VERTEX
8
C-MISC
10
1309076.1624234586
20
398581.8448252918
30
0
0
VERTEX
8
C-MISC
10
1309074.8411220545
20
398581.888757908
30
0
0
VERTEX
8
C-MISC
10
1309073.3985786245
20
398581.8916494724
30
0
0
VERTEX
8
C-MISC
10
1309072.0978294685
20
398581.85133131157
30
0
0
VERTEX
8
C-MISC
10
1309070.9388745865
20
398581.76780342555
30
0
0
VERTEX
8
C-MISC
10
1309069.9217139785
20
398581.64106581436
30
0
0
VERTEX
8
C-MISC
10
1309069.0463476442
20
398581.47111847805
30
0
0
VERTEX
8
C-MISC
10
1309068.2480286197
20
398581.3152478492
30
0
0
VERTEX
8
C-MISC
10
1309067.5267569048
20
398581.17345392786
30
0
0
VERTEX
8
C-MISC
10
1309066.8825324993
20
398581.0457367139
30
0
0
VERTEX
8
C-MISC
10
1309066.3153554033
20
398580.9320962075
30
0
0
VERTEX
8
C-MISC
10
1309065.529336724
20
398580.67920278077
30
0
0
VERTEX
8
C-MISC
10
1309064.5244764609
20
398580.28705643374
30
0
0
VERTEX
8
C-MISC
10
1309063.3007746146
20
398579.7556571665
30
0
0
VERTEX
8
C-MISC
10
1309061.8582311845
20
398579.08500497876
30
0
0
VERTEX
8
C-MISC
10
1309060.4156877545
20
398578.53725821176
30
0
0
VERTEX
8
C-MISC
10
1309058.9731443247
20
398578.11241686554
30
0
0
VERTEX
8
C-MISC
10
1309057.5306008947
20
398577.8104809398
30
0
0
VERTEX
8
C-MISC
10
1309056.0880574645
20
398577.6314504347
30
0
0
VERTEX
8
C-MISC
10
1309054.6455140344
20
398577.47145911946
30
0
0
VERTEX
8
C-MISC
10
1309053.2029706046
20
398577.3305069939
30
0
0
VERTEX
8
C-MISC
10
1309051.7604271746
20
398577.20859405823
30
0
0
VERTEX
8
C-MISC
10
1309050.3178837446
20
398577.10572031245
30
0
0
VERTEX
8
C-MISC
10
1309048.8753403146
20
398577.01128628885
30
0
0
VERTEX
8
C-MISC
10
1309047.4327968848
20
398576.92529198766
30
0
0
VERTEX
8
C-MISC
10
1309045.9902534545
20
398576.8477374088
30
0
0
VERTEX
8
C-MISC
10
1309044.5477100248
20
398576.7786225523
30
0
0
VERTEX
8
C-MISC
10
1309043.1051665945
20
398576.7148202588
30
0
0
VERTEX
8
C-MISC
10
1309041.6626231647
20
398576.6563305283
30
0
0
VERTEX
8
C-MISC
10
1309040.2200797347
20
398576.6031533608
30
0
0
VERTEX
8
C-MISC
10
1309038.7775363047
20
398576.55528875627
30
0
0
VERTEX
8
C-MISC
10
1309037.3349928749
20
398576.5036694618
30
0
0
VERTEX
8
C-MISC
10
1309035.8924494446
20
398576.4482954774
30
0
0
VERTEX
8
C-MISC
10
1309034.4499060146
20
398576.3891668032
30
0
0
VERTEX
8
C-MISC
10
1309033.0073625848
20
398576.326283439
30
0
0
VERTEX
8
C-MISC
10
1309031.7524246802
20
398576.2227281808
30
0
0
VERTEX
8
C-MISC
10
1309030.6850923006
20
398576.0785010287
30
0
0
VERTEX
8
C-MISC
10
1309029.8053654465
20
398575.8936019825
30
0
0
VERTEX
8
C-MISC
10
1309029.1132441172
20
398575.6680310424
30
0
0
VERTEX
8
C-MISC
10
1309028.4065475953
20
398575.43412387534
30
0
0
VERTEX
8
C-MISC
10
1309027.6852758806
20
398575.19188048143
30
0
0
VERTEX
8
C-MISC
10
1309026.9494289726
20
398574.9413008607
30
0
0
VERTEX
8
C-MISC
10
1309026.1990068713
20
398574.6823850132
30
0
0
VERTEX
8
C-MISC
10
1309025.6361902957
20
398574.4881981275
30
0
0
VERTEX
8
C-MISC
10
1309025.260979245
20
398574.35874020366
30
0
0
VERTEX
8
C-MISC
10
1309025.0733737198
20
398574.29401124176
30
0
0
SEQEND
0
POLYLINE
8
C-MISC
66
1
70
1
0
VERTEX
8
C-MISC
10
1309039.1635946233
20
398504.69140053494
30
0
0
VERTEX
8
C-MISC
10
1309039.3648633894
20
398504.7608177482
30
0
0
VERTEX
8
C-MISC
10
1309039.7674009213
20
398504.89965217473
30
0
0
VERTEX
8
C-MISC
10
1309040.3712072195
20
398505.1079038145
30
0
0
VERTEX
8
C-MISC
10
1309041.1762822834
20
398505.38557266764
30
0
0
VERTEX
8
C-MISC
10
1309042.1407244392
20
398505.6170470044
30
0
0
VERTEX
8
C-MISC
10
1309043.264533686
20
398505.80232682487
30
0
0
VERTEX
8
C-MISC
10
1309044.5477100248
20
398505.94141212903
30
0
0
VERTEX
8
C-MISC
10
1309045.9902534545
20
398506.0343029169
30
0
0
VERTEX
8
C-MISC
10
1309047.4327968848
20
398506.2309153576
30
0
0
VERTEX
8
C-MISC
10
1309048.8753403146
20
398506.53124945104
30
0
0
VERTEX
8
C-MISC
10
1309050.3178837446
20
398506.9353051973
30
0
0
VERTEX
8
C-MISC
10
1309051.7604271746
20
398507.44308259635
30
0
0
VERTEX
8
C-MISC
10
1309053.102277223
20
398507.97223906324
30
0
0
VERTEX
8
C-MISC
10
1309054.34343389
20
398508.5227745979
30
0
0
VERTEX
8
C-MISC
10
1309055.4838971756
20
398509.09468920046
30
0
0
VERTEX
8
C-MISC
10
1309056.5236670796
20
398509.68798287085
30
0
0
VERTEX
8
C-MISC
10
1309057.4041878893
20
398510.16934400913
30
0
0
VERTEX
8
C-MISC
10
1309058.1254596042
20
398510.5387726153
30
0
0
VERTEX
8
C-MISC
10
1309058.6874822248
20
398510.79626868945
30
0
0
VERTEX
8
C-MISC
10
1309059.0902557506
20
398510.9418322316
30
0
0
VERTEX
8
C-MISC
10
1309059.7529717525
20
398511.0968490868
30
0
0
VERTEX
8
C-MISC
10
1309060.6756302305
20
398511.2613192553
30
0
0
VERTEX
8
C-MISC
10
1309061.8582311845
20
398511.43524273694
30
0
0
VERTEX
8
C-MISC
10
1309063.3007746146
20
398511.61861953174
30
0
0
VERTEX
8
C-MISC
10
1309064.7433180446
20
398511.7372743627
30
0
0
VERTEX
8
C-MISC
10
1309066.1858614744
20
398511.7912072299
30
0
0
VERTEX
8
C-MISC
10
1309067.6284049046
20
398511.78041813325
30
0
0
VERTEX
8
C-MISC
10
1309069.0709483344
20
398511.70490707277
30
0
0
VERTEX
8
C-MISC
10
1309070.5134917647
20
398511.6587612354
30
0
0
VERTEX
8
C-MISC
10
1309071.9560351945
20
398511.64198062103
30
0
0
VERTEX
8
C-MISC
10
1309073.3985786245
20
398511.6545652299
30
0
0
VERTEX
8
C-MISC
10
1309074.8411220545
20
398511.6965150618
30
0
0
VERTEX
8
C-MISC
10
1309076.2836654843
20
398511.74126389914
30
0
0
VERTEX
8
C-MISC
10
1309077.7262089145
20
398511.7888117419
30
0
0
VERTEX
8
C-MISC
10
1309079.1687523446
20
398511.83915859007
30
0
0
VERTEX
8
C-MISC
10
1309080.6112957743
20
398511.8923044437
30
0
0
VERTEX
8
C-MISC
10
1309082.0538392044
20
398512.002444232
30
0
0
VERTEX
8
C-MISC
10
1309083.4963826346
20
398512.16957795504
30
0
0
VERTEX
8
C-MISC
10
1309084.9389260644
20
398512.39370561263
30
0
0
VERTEX
8
C-MISC
10
1309086.3814694944
20
398512.6748272049
30
0
0
VERTEX
8
C-MISC
10
1309087.7382370885
20
398513.0961644382
30
0
0
VERTEX
8
C-MISC
10
1309089.009228847
20
398513.65771731234
30
0
0
VERTEX
8
C-MISC
10
1309090.1944447695
20
398514.3594858275
30
0
0
VERTEX
8
C-MISC
10
1309091.2938848562
20
398515.2014699838
30
0
0
VERTEX
8
C-MISC
10
1309092.204240757
20
398515.89815639984
30
0
0
VERTEX
8
C-MISC
10
1309092.9255124722
20
398516.4495450759
30
0
0
VERTEX
8
C-MISC
10
1309093.457700001
20
398516.8556360119
30
0
0
VERTEX
8
C-MISC
10
1309093.8008033445
20
398517.11642920796
30
0
0
VERTEX
8
C-MISC
10
1309094.26693688
20
398517.6147334836
30
0
0
VERTEX
8
C-MISC
10
1309094.8561006081
20
398518.35054883873
30
0
0
VERTEX
8
C-MISC
10
1309095.5682945286
20
398519.32387527346
30
0
0
VERTEX
8
C-MISC
10
1309096.4035186414
20
398520.5347127878
30
0
0
VERTEX
8
C-MISC
10
1309097.0222727265
20
398521.8107486011
30
0
0
VERTEX
8
C-MISC
10
1309097.4245567834
20
398523.1519827134
30
0
0
VERTEX
8
C-MISC
10
1309097.6103708125
20
398524.5584151248
30
0
0
VERTEX
8
C-MISC
10
1309097.5797148137
20
398526.0300458352
30
0
0
VERTEX
8
C-MISC
10
1309097.602984215
20
398527.5016765456
30
0
0
VERTEX
8
C-MISC
10
1309097.6801790162
20
398528.9733072559
30
0
0
VERTEX
8
C-MISC
10
1309097.8112992172
20
398530.4449379662
30
0
0
VERTEX
8
C-MISC
10
1309097.9963448185
20
398531.9165686766
30
0
0
VERTEX
8
C-MISC
10
1309098.153599583
20
398533.3881993869
30
0
0
VERTEX
8
C-MISC
10
1309098.283063511
20
398534.8598300973
30
0
0
VERTEX
8
C-MISC
10
1309098.3847366022
20
398536.33146080765
30
0
0
VERTEX
8
C-MISC
10
1309098.458618857
20
398537.803091518
30
0
0
VERTEX
8
C-MISC
10
1309098.5027242315
20
398539.2747222284
30
0
0
VERTEX
8
C-MISC
10
1309098.5170527254
20
398540.74635293876
30
0
0
VERTEX
8
C-MISC
10
1309098.5016043393
20
398542.2179836491
30
0
0
VERTEX
8
C-MISC
10
1309098.456379073
20
398543.6896143595
30
0
0
VERTEX
8
C-MISC
10
1309098.4154360387
20
398545.1612450699
30
0
0
VERTEX
8
C-MISC
10
1309098.3787752362
20
398546.63287578017
30
0
0
VERTEX
8
C-MISC
10
1309098.3463966656
20
398548.1045064905
30
0
0
VERTEX
8
C-MISC
10
1309098.3183003268
20
398549.57613720093
30
0
0
VERTEX
8
C-MISC
10
1309098.3031019885
20
398551.0477679113
30
0
0
VERTEX
8
C-MISC
10
1309098.3008016506
20
398552.5193986216
30
0
0
VERTEX
8
C-MISC
10
1309098.3113993132
20
398553.9910293319
30
0
0
VERTEX
8
C-MISC
10
1309098.334894976
20
398555.46266004234
30
0
0
VERTEX
8
C-MISC
10
1309098.3717440085
20
398556.9342907527
30
0
0
VERTEX
8
C-MISC
10
1309098.4219464103
20
398558.40592146304
30
0
0
VERTEX
8
C-MISC
10
1309098.4855021818
20
398559.87755217345
30
0
0
VERTEX
8
C-MISC
10
1309098.5624113227
20
398561.3491828838
30
0
0
VERTEX
8
C-MISC
10
1309098.6226170775
20
398562.82081359415
30
0
0
VERTEX
8
C-MISC
10
1309098.6661194456
20
398564.29244430445
30
0
0
VERTEX
8
C-MISC
10
1309098.6929184273
20
398565.76407501486
30
0
0
VERTEX
8
C-MISC
10
1309098.7030140222
20
398567.23570572527
30
0
0
VERTEX
8
C-MISC
10
1309098.7112647104
20
398568.7073364357
30
0
0
VERTEX
8
C-MISC
10
1309098.7176704917
20
398570.17896714597
30
0
0
VERTEX
8
C-MISC
10
1309098.7222313657
20
398571.65059785626
30
0
0
VERTEX
8
C-MISC
10
1309098.7249473324
20
398573.1222285667
30
0
0
VERTEX
8
C-MISC
10
1309098.7317550743
20
398574.59385927697
30
0
0
VERTEX
8
C-MISC
10
1309098.7426545916
20
398576.06548998726
30
0
0
VERTEX
8
C-MISC
10
1309098.7576458838
20
398577.53712069767
30
0
0
VERTEX
8
C-MISC
10
1309098.7767289514
20
398579.0087514081
30
0
0
VERTEX
8
C-MISC
10
1309098.8012870364
20
398580.4803821185
30
0
0
VERTEX
8
C-MISC
10
1309098.831320139
20
398581.9520128288
30
0
0
VERTEX
8
C-MISC
10
1309098.8668282595
20
398583.42364353914
30
0
0
VERTEX
8
C-MISC
10
1309098.9078113975
20
398584.8952742495
30
0
0
VERTEX
8
C-MISC
10
1309099.0083203744
20
398586.2110084075
30
0
0
VERTEX
8
C-MISC
10
1309099.1683551902
20
398587.37084601325
30
0
0
VERTEX
8
C-MISC
10
1309099.387915845
20
398588.37478706666
30
0
0
VERTEX
8
C-MISC
10
1309099.667002339
20
398589.22283156775
30
0
0
VERTEX
8
C-MISC
10
1309099.876317209
20
398589.8588649436
30
0
0
VERTEX
8
C-MISC
10
1309100.0158604558
20
398590.28288719413
30
0
0
VERTEX
8
C-MISC
10
1309100.0856320793
20
398590.49489831936
30
0
0
SEQEND
0
POLYLINE
8
C-PROP
66
1
70
0
0
VERTEX
8
C-PROP
10
1309035.0869536358
20
398592.50089437695
30
0
0
VERTEX
8
C-PROP
10
1309034.0691086203
20
398592.69623388874
30
0
0
VERTEX
8
C-PROP
10
1309033.5601861123
20
398592.9432652202
30
0
0
VERTEX
8
C-PROP
10
1309033.5601861123
20
398593.24198837136
30
0
0
VERTEX
8
C-PROP
10
1309034.0691086203
20
398593.59240334213
30
0
0
VERTEX
8
C-PROP
10
1309035.0869536358
20
398593.9945101325
30
0
0
VERTEX
8
C-PROP
10
1309036.1263420146
20
398594.56347120536
30
0
0
VERTEX
8
C-PROP
10
1309037.1872737566
20
398595.2992865605
30
0
0
VERTEX
8
C-PROP
10
1309038.2697488612
20
398596.2019561981
30
0
0
VERTEX
8
C-PROP
10
1309039.3737673291
20
398597.271480118
30
0
0
VERTEX
8
C-PROP
10
1309040.2864124204
20
398598.24449359917
30
0
0
VERTEX
8
C-PROP
10
1309041.0076841353
20
398599.1209966417
30
0
0
VERTEX
8
C-PROP
10
1309041.537582474
20
398599.9009892455
30
0
0
VERTEX
8
C-PROP
10
1309041.8761074364
20
398600.5844714105
30
0
0
VERTEX
8
C-PROP
10
1309042.171870043
20
398600.926212493
30
0
0
VERTEX
8
C-PROP
10
1309042.424870294
20
398600.926212493
30
0
0
VERTEX
8
C-PROP
10
1309042.6351081897
20
398600.5844714105
30
0
0
VERTEX
8
C-PROP
10
1309042.8025837294
20
398599.9009892455
30
0
0
VERTEX
8
C-PROP
10
1309042.8863214995
20
398599.2983894752
30
0
0
VERTEX
8
C-PROP
10
1309042.8863214995
20
398598.7766720997
30
0
0
VERTEX
8
C-PROP
10
1309042.8025837296
20
398598.335837119
30
0
0
VERTEX
8
C-PROP
10
1309042.6351081897
20
398597.975884533
30
0
0
VERTEX
8
C-PROP
10
1309042.2513533884
20
398597.4280005625
30
0
0
VERTEX
8
C-PROP
10
1309041.6513193257
20
398596.6921852073
30
0
0
VERTEX
8
C-PROP
10
1309040.8350060016
20
398595.7684384675
30
0
0
VERTEX
8
C-PROP
10
1309039.802413416
20
398594.6567603431
30
0
0
VERTEX
8
C-PROP
10
1309038.9254812659
20
398593.77416687185
30
0
0
VERTEX
8
C-PROP
10
1309038.2042095507
20
398593.1206580537
30
0
0
VERTEX
8
C-PROP
10
1309037.638598271
20
398592.69623388874
30
0
0
VERTEX
8
C-PROP
10
1309037.2286474265
20
398592.50089437695
30
0
0
VERTEX
8
C-PROP
10
1309036.666723039
20
398592.403224621
30
0
0
VERTEX
8
C-PROP
10
1309035.952825109
20
398592.403224621
30
0
0
VERTEX
8
C-PROP
10
1309035.0869536358
20
398592.50089437695
30
0
0
SEQEND
0
POLYLINE
8
C-PROP
66
1
70
0
0
VERTEX
8
C-PROP
10
1309070.454614667
20
398598.2287518409
30
0
0
VERTEX
8
C-PROP
10
1309069.9345154585
20
398598.48755750374
30
0
0
VERTEX
8
C-PROP
10
1309069.6744658544
20
398598.72906278644
30
0
0
VERTEX
8
C-PROP
10
1309069.6744658544
20
398598.953267689
30
0
0
VERTEX
8
C-PROP
10
1309069.9345154585
20
398599.1601722114
30
0
0
VERTEX
8
C-PROP
10
1309070.454614667
20
398599.3497763537
30
0
0
VERTEX
8
C-PROP
10
1309071.0446727646
20
398599.81248610246
30
0
0
VERTEX
8
C-PROP
10
1309071.7046897516
20
398600.5483014576
30
0
0
VERTEX
8
C-PROP
10
1309072.4346656278
20
398601.55722241924
30
0
0
VERTEX
8
C-PROP
10
1309073.2346003936
20
398602.83924898726
30
0
0
VERTEX
8
C-PROP
10
1309073.9952036338
20
398603.92771923915
30
0
0
VERTEX
8
C-PROP
10
1309074.7164753485
20
398604.8226331748
30
0
0
VERTEX
8
C-PROP
10
1309075.3984155382
20
398605.5239907942
30
0
0
VERTEX
8
C-PROP
10
1309076.0410242027
20
398606.0317920976
30
0
0
VERTEX
8
C-PROP
10
1309076.8836165585
20
398606.4356217646
30
0
0
VERTEX
8
C-PROP
10
1309077.9261926059
20
398606.7354797955
30
0
0
VERTEX
8
C-PROP
10
1309079.1687523446
20
398606.9313661902
30
0
0
VERTEX
8
C-PROP
10
1309080.6112957743
20
398607.02328094863
30
0
0
VERTEX
8
C-PROP
10
1309081.8401689646
20
398606.942288002
30
0
0
VERTEX
8
C-PROP
10
1309082.8553719146
20
398606.6883873504
30
0
0
VERTEX
8
C-PROP
10
1309083.6569046248
20
398606.26157899376
30
0
0
VERTEX
8
C-PROP
10
1309084.244767095
20
398605.661862932
30
0
0
VERTEX
8
C-PROP
10
1309084.53869833
20
398605.0217767964
30
0
0
VERTEX
8
C-PROP
10
1309084.53869833
20
398604.341320587
30
0
0
VERTEX
8
C-PROP
10
1309084.244767095
20
398603.6204943036
30
0
0
VERTEX
8
C-PROP
10
1309083.6569046248
20
398602.8592979463
30
0
0
VERTEX
8
C-PROP
10
1309082.8553719146
20
398602.31982637214
30
0
0
VERTEX
8
C-PROP
10
1309081.8401689646
20
398602.00207958097
30
0
0
VERTEX
8
C-PROP
10
1309080.6112957746
20
398601.9060575728
30
0
0
VERTEX
8
C-PROP
10
1309079.1687523446
20
398602.0317603477
30
0
0
VERTEX
8
C-PROP
10
1309077.770476459
20
398601.91700314684
30
0
0
VERTEX
8
C-PROP
10
1309076.4164681174
20
398601.56178597023
30
0
0
VERTEX
8
C-PROP
10
1309075.1067273202
20
398600.96610881796
30
0
0
VERTEX
8
C-PROP
10
1309073.8412540676
20
398600.12997169
30
0
0
VERTEX
8
C-PROP
10
1309072.8478815835
20
398599.43816742825
30
0
0
VERTEX
8
C-PROP
10
1309072.1266098684
20
398598.89069603285
30
0
0
VERTEX
8
C-PROP
10
1309071.6774389225
20
398598.48755750374
30
0
0
VERTEX
8
C-PROP
10
1309071.5003687453
20
398598.2287518409
30
0
0
VERTEX
8
C-PROP
10
1309071.2375413103
20
398598.09934900946
30
0
0
VERTEX
8
C-PROP
10
1309070.8889566176
20
398598.09934900946
30
0
0
VERTEX
8
C-PROP
10
1309070.454614667
20
398598.2287518409
30
0
0
SEQEND
0
POLYLINE
8
C-TOPO-MAJR
66
1
70
0
0
VERTEX
8
C-TOPO-MAJR
10
1309035.344401119
20
398645.9679487294
30
50
0
VERTEX
8
C-TOPO-MAJR
10
1309035.4237336214
20
398645.8479181179
30
50
0
VERTEX
8
C-TOPO-MAJR
10
1309035.5823986265
20
398645.60785689484
30
50
0
VERTEX
8
C-TOPO-MAJR
10
1309035.8203961342
20
398645.2477650603
30
50
0
VERTEX
8
C-TOPO-MAJR
10
1309036.1377261444
20
398644.76764261414
30
50
0
VERTEX
8
C-TOPO-MAJR
10
1309036.6563939513
20
398644.1596737135
30
50
0
VERTEX
8
C-TOPO-MAJR
10
1309037.3763995543
20
398643.42385835835
30
50
0
VERTEX
8
C-TOPO-MAJR
10
1309038.2977429542
20
398642.56019654864
30
50
0
VERTEX
8
C-TOPO-MAJR
10
1309039.4204241505
20
398641.5686882844
30
50
0
VERTEX
8
C-TOPO-MAJR
10
1309040.3209994354
20
398640.4571494086
30
50
0
VERTEX
8
C-TOPO-MAJR
10
1309040.9994688085
20
398639.22557992133
30
50
0
VERTEX
8
C-TOPO-MAJR
10
1309041.4558322704
20
398637.8739798225
30
50
0
VERTEX
8
C-TOPO-MAJR
10
1309041.690089821
20
398636.4023491121
30
50
0
VERTEX
8
C-TOPO-MAJR
10
1309041.8871841545
20
398635.1134482804
30
50
0
VERTEX
8
C-TOPO-MAJR
10
1309042.0471152714
20
398634.00727732736
30
50
0
VERTEX
8
C-TOPO-MAJR
10
1309042.1698831716
20
398633.0838362529
30
50
0
VERTEX
8
C-TOPO-MAJR
10
1309042.2554878548
20
398632.34312505706
30
50
0
VERTEX
8
C-TOPO-MAJR
10
1309042.67491462
20
398631.6048617816
30
50
0
VERTEX
8
C-TOPO-MAJR
10
1309043.4281634665
20
398630.86904642644
30
50
0
VERTEX
8
C-TOPO-MAJR
10
1309044.5152343947
20
398630.13567899156
30
50
0
VERTEX
8
C-TOPO-MAJR
10
1309045.9361274047
20
398629.40475947695
30
50
0
VERTEX
8
C-TOPO-MAJR
10
1309047.0072097671
20
398628.8437442347
30
50
0
VERTEX
8
C-TOPO-MAJR
10
1309047.728481482
20
398628.4526332648
30
50
0
VERTEX
8
C-TOPO-MAJR
10
1309048.0999425496
20
398628.2314265673
30
50
0
VERTEX
8
C-TOPO-MAJR
10
1309048.1215929696
20
398628.18012414215
30
50
0
VERTEX
8
C-TOPO-MAJR
10
1309048.2046722425
20
398627.786565252
30
50
0
VERTEX
8
C-TOPO-MAJR
10
1309048.349180368
20
398627.0507498968
30
50
0
VERTEX
8
C-TOPO-MAJR
10
1309048.5551173466
20
398625.97267807665
30
50
0
VERTEX
8
C-TOPO-MAJR
10
1309048.8224831778
20
398624.55234979145
30
50
0
VERTEX
8
C-TOPO-MAJR
10
1309049.1023563691
20
398623.1191959
30
50
0
VERTEX
8
C-TOPO-MAJR
10
1309049.3947369203
20
398621.67321640224
30
50
0
VERTEX
8
C-TOPO-MAJR
10
1309049.6996248316
20
398620.21441129816
30
50
0
VERTEX
8
C-TOPO-MAJR
10
1309050.0170201028
20
398618.74278058775
30
50
0
VERTEX
8
C-TOPO-MAJR
10
1309050.469512138
20
398617.47949309356
30
50
0
VERTEX
8
C-TOPO-MAJR
10
1309051.0571009377
20
398616.42454881547
30
50
0
VERTEX
8
C-TOPO-MAJR
10
1309051.779786501
20
398615.5779477536
30
50
0
VERTEX
8
C-TOPO-MAJR
10
1309052.6375688286
20
398614.93968990806
30
50
0
VERTEX
8
C-TOPO-MAJR
10
1309053.2916683408
20
398614.25265330763
30
50
0
VERTEX
8
C-TOPO-MAJR
10
1309053.7420850375
20
398613.5168379523
30
50
0
VERTEX
8
C-TOPO-MAJR
10
1309053.9888189188
20
398612.73224384245
30
50
0
VERTEX
8
C-TOPO-MAJR
10
1309054.0318699852
20
398611.8988709778
30
50
0
VERTEX
8
C-TOPO-MAJR
10
1309054.053395518
20
398611.26746959676
30
50
0
VERTEX
8
C-TOPO-MAJR
10
1309054.053395518
20
398610.8380396995
30
50
0
VERTEX
8
C-TOPO-MAJR
10
1309054.031869985
20
398610.61058128567
30
50
0
VERTEX
8
C-TOPO-MAJR
10
1309053.9888189188
20
398610.58509435545
30
50
0
VERTEX
8
C-TOPO-MAJR
10
1309053.5958947616
20
398610.26049511536
30
50
0
VERTEX
8
C-TOPO-MAJR
10
1309052.8530975136
20
398609.6367835654
30
50
0
VERTEX
8
C-TOPO-MAJR
10
1309051.7604271746
20
398608.7139597055
30
50
0
VERTEX
8
C-TOPO-MAJR
10
1309050.3178837446
20
398607.4920235356
30
50
0
VERTEX
8
C-TOPO-MAJR
10
1309049.2141064745
20
398606.5195195056
30
50
0
VERTEX
8
C-TOPO-MAJR
10
1309048.4490953637
20
398605.79644761555
30
50
0
VERTEX
8
C-TOPO-MAJR
10
1309048.0228504129
20
398605.3228078653
30
50
0
VERTEX
8
C-TOPO-MAJR
10
1309047.9353716215
20
398605.09860025486
30
50
0
VERTEX
8
C-TOPO-MAJR
10
1309047.5309963683
20
398604.7088247656
30
50
0
VERTEX
8
C-TOPO-MAJR
10
1309046.8097246531
20
398604.1534813974
30
50
0
VERTEX
8
C-TOPO-MAJR
10
1309045.7715564764
20
398603.43257015035
30
50
0
VERTEX
8
C-TOPO-MAJR
10
1309044.4164918377
20
398602.54609102436
30
50
0
VERTEX
8
C-TOPO-MAJR
10
1309043.0395575012
20
398601.73880813015
30
50
0
VERTEX
8
C-TOPO-MAJR
10
1309041.6407534666
20
398601.0107214676
30
50
0
VERTEX
8
C-TOPO-MAJR
10
1309040.2200797347
20
398600.36183103675
30
50
0
VERTEX
8
C-TOPO-MAJR
10
1309038.7775363047
20
398599.7921368376
30
50
0
VERTEX
8
C-TOPO-MAJR
10
1309037.6280197757
20
398599.36100184196
30
50
0
VERTEX
8
C-TOPO-MAJR
10
1309036.7715301476
20
398599.0684260498
30
50
0
VERTEX
8
C-TOPO-MAJR
10
1309036.2080674206
20
398598.9144094611
30
50
0
VERTEX
8
C-TOPO-MAJR
10
1309035.9376315942
20
398598.89895207575
30
50
0
VERTEX
8
C-TOPO-MAJR
10
1309035.4417778237
20
398598.8739318943
30
50
0
VERTEX
8
C-TOPO-MAJR
10
1309034.7205061088
20
398598.8393489168
30
50
0
VERTEX
8
C-TOPO-MAJR
10
1309033.7738164493
20
398598.795203143
30
50
0
VERTEX
8
C-TOPO-MAJR
10
1309032.6017088455
20
398598.74149457295
30
50
0
VERTEX
8
C-TOPO-MAJR
10
1309031.3619922851
20
398598.66523524415
30
50
0
VERTEX
8
C-TOPO-MAJR
10
1309030.054666768
20
398598.56642515643
30
50
0
VERTEX
8
C-TOPO-MAJR
10
1309028.6797322948
20
398598.4450643099
30
50
0
VERTEX
8
C-TOPO-MAJR
10
1309027.2371888647
20
398598.3011527045
30
50
0
VERTEX
8
C-TOPO-MAJR
10
1309026.1552812923
20
398598.1932190005
30
50
0
VERTEX
8
C-TOPO-MAJR
10
1309025.4340095771
20
398598.1212631978
30
50
0
VERTEX
8
C-TOPO-MAJR
10
1309025.0733737198
20
398598.08528529643
30
50
0
SEQEND
0
POLYLINE
8
C-TOPO-MAJR
66
1
70
0
0
VERTEX
8
C-TOPO-MAJR
10
1309070.5342938483
20
398645.9679487294
30
52
0
VERTEX
8
C-TOPO-MAJR
10
1309070.521528711
20
398645.6000410518
30
52
0
VERTEX
8
C-TOPO-MAJR
10
1309070.4959984366
20
398644.86422569666
30
52
0
VERTEX
8
C-TOPO-MAJR
10
1309070.4577030248
20
398643.7605026639
30
52
0
VERTEX
8
C-TOPO-MAJR
10
1309070.4066424756
20
398642.2888719535
30
52
0
VERTEX
8
C-TOPO-MAJR
10
1309070.3843324068
20
398640.81724124314
30
52
0
VERTEX
8
C-TOPO-MAJR
10
1309070.3907728186
20
398639.34561053285
30
52
0
VERTEX
8
C-TOPO-MAJR
10
1309070.4259637103
20
398637.8739798225
30
52
0
VERTEX
8
C-TOPO-MAJR
10
1309070.4899050826
20
398636.4023491121
30
52
0
VERTEX
8
C-TOPO-MAJR
10
1309070.578420258
20
398634.9499682874
30
52
0
VERTEX
8
C-TOPO-MAJR
10
1309070.6915092363
20
398633.51683734835
30
52
0
VERTEX
8
C-TOPO-MAJR
10
1309070.8291720178
20
398632.1029562949
30
52
0
VERTEX
8
C-TOPO-MAJR
10
1309070.9914086026
20
398630.7083251271
30
52
0
VERTEX
8
C-TOPO-MAJR
10
1309071.1385308618
20
398629.6431018656
30
52
0
VERTEX
8
C-TOPO-MAJR
10
1309071.2705387957
20
398628.9072865104
30
52
0
VERTEX
8
C-TOPO-MAJR
10
1309071.3874324046
20
398628.5008790615
30
52
0
VERTEX
8
C-TOPO-MAJR
10
1309071.489211688
20
398628.42387951893
30
52
0
VERTEX
8
C-TOPO-MAJR
10
1309071.9007371874
20
398628.0745422825
30
52
0
VERTEX
8
C-TOPO-MAJR
10
1309072.6220089023
20
398627.45286735217
30
52
0
VERTEX
8
C-TOPO-MAJR
10
1309073.6530268332
20
398626.5588547281
30
52
0
VERTEX
8
C-TOPO-MAJR
10
1309074.9937909797
20
398625.3925044101
30
52
0
VERTEX
8
C-TOPO-MAJR
10
1309076.0042346362
20
398624.4414215736
30
52
0
VERTEX
8
C-TOPO-MAJR
10
1309076.6843578028
20
398623.7056062184
30
52
0
VERTEX
8
C-TOPO-MAJR
10
1309077.0341604792
20
398623.1850583447
30
52
0
VERTEX
8
C-TOPO-MAJR
10
1309077.0536426655
20
398622.8797779523
30
52
0
VERTEX
8
C-TOPO-MAJR
10
1309077.424019616
20
398622.2850147033
30
52
0
VERTEX
8
C-TOPO-MAJR
10
1309078.1452913312
20
398621.4007685977
30
52
0
VERTEX
8
C-TOPO-MAJR
10
1309079.2174578104
20
398620.2270396356
30
52
0
VERTEX
8
C-TOPO-MAJR
10
1309080.6405190541
20
398618.7638278169
30
52
0
VERTEX
8
C-TOPO-MAJR
10
1309081.708835398
20
398617.6643142299
30
52
0
VERTEX
8
C-TOPO-MAJR
10
1309082.4224068427
20
398616.9284988747
30
52
0
VERTEX
8
C-TOPO-MAJR
10
1309082.7812333878
20
398616.5563817513
30
52
0
VERTEX
8
C-TOPO-MAJR
10
1309082.7853150333
20
398616.5479628596
30
52
0
VERTEX
8
C-TOPO-MAJR
10
1309083.110984
20
398616.1737410133
30
52
0
VERTEX
8
C-TOPO-MAJR
10
1309083.7582402881
20
398615.4337162124
30
52
0
VERTEX
8
C-TOPO-MAJR
10
1309084.7270838972
20
398614.32788845676
30
52
0
VERTEX
8
C-TOPO-MAJR
10
1309086.0175148277
20
398612.85625774635
30
52
0
VERTEX
8
C-TOPO-MAJR
10
1309086.9391782149
20
398611.38462703605
30
52
0
VERTEX
8
C-TOPO-MAJR
10
1309087.4920740589
20
398609.91299632564
30
52
0
VERTEX
8
C-TOPO-MAJR
10
1309087.6762023596
20
398608.4413656153
30
52
0
VERTEX
8
C-TOPO-MAJR
10
1309087.4915631171
20
398606.96973490494
30
52
0
VERTEX
8
C-TOPO-MAJR
10
1309087.075615352
20
398605.6893167859
30
52
0
VERTEX
8
C-TOPO-MAJR
10
1309086.4283590638
20
398604.6001112583
30
52
0
VERTEX
8
C-TOPO-MAJR
10
1309085.5497942532
20
398603.702118322
30
52
0
VERTEX
8
C-TOPO-MAJR
10
1309084.4399209197
20
398602.9953379771
30
52
0
VERTEX
8
C-TOPO-MAJR
10
1309083.2468800622
20
398602.47121861565
30
52
0
VERTEX
8
C-TOPO-MAJR
10
1309081.9706716803
20
398602.1297602378
30
52
0
VERTEX
8
C-TOPO-MAJR
10
1309080.6112957743
20
398601.9709628434
30
52
0
VERTEX
8
C-TOPO-MAJR
10
1309079.1687523446
20
398601.9948264323
30
52
0
VERTEX
8
C-TOPO-MAJR
10
1309077.7262089145
20
398601.93540982774
30
52
0
VERTEX
8
C-TOPO-MAJR
10
1309076.2836654843
20
398601.79271302954
30
52
0
VERTEX
8
C-TOPO-MAJR
10
1309074.8411220545
20
398601.5667360376
30
52
0
VERTEX
8
C-TOPO-MAJR
10
1309073.3985786245
20
398601.25747885194
30
52
0
VERTEX
8
C-TOPO-MAJR
10
1309072.0200804472
20
398600.9056717705
30
52
0
VERTEX
8
C-TOPO-MAJR
10
1309070.7056275224
20
398600.51131479326
30
52
0
VERTEX
8
C-TOPO-MAJR
10
1309069.4552198504
20
398600.07440792024
30
52
0
VERTEX
8
C-TOPO-MAJR
10
1309068.2688574311
20
398599.59495115135
30
52
0
VERTEX
8
C-TOPO-MAJR
10
1309067.315040364
20
398599.19721350033
30
52
0
VERTEX
8
C-TOPO-MAJR
10
1309066.5937686488
20
398598.8811949672
30
52
0
VERTEX
8
C-TOPO-MAJR
10
1309066.105042286
20
398598.64689555205
30
52
0
VERTEX
8
C-TOPO-MAJR
10
1309065.8488612752
20
398598.4943152548
30
52
0
VERTEX
8
C-TOPO-MAJR
10
1309065.29608966
20
398598.31638848456
30
52
0
VERTEX
8
C-TOPO-MAJR
10
1309064.4467274395
20
398598.1131152412
30
52
0
VERTEX
8
C-TOPO-MAJR
10
1309063.3007746146
20
398597.8844955249
30
52
0
VERTEX
8
C-TOPO-MAJR
10
1309061.8582311845
20
398597.6305293356
30
52
0
VERTEX
8
C-TOPO-MAJR
10
1309060.4156877545
20
398597.39773425745
30
52
0
VERTEX
8
C-TOPO-MAJR
10
1309058.9731443247
20
398597.1861102906
30
52
0
VERTEX
8
C-TOPO-MAJR
10
1309057.5306008947
20
398596.99565743504
30
52
0
VERTEX
8
C-TOPO-MAJR
10
1309056.0880574645
20
398596.82637569064
30
52
0
VERTEX
8
C-TOPO-MAJR
10
1309054.6455140344
20
398596.6715275557
30
52
0
VERTEX
8
C-TOPO-MAJR
10
1309053.2029706046
20
398596.53111303016
30
52
0
VERTEX
8
C-TOPO-MAJR
10
1309051.7604271746
20
398596.40513211396
30
52
0
VERTEX
8
C-TOPO-MAJR
10
1309050.3178837446
20
398596.2935848072
30
52
0
VERTEX
8
C-TOPO-MAJR
10
1309048.8753403146
20
398596.0864705893
30
52
0
VERTEX
8
C-TOPO-MAJR
10
1309047.4327968848
20
398595.78378946043
30
52
0
VERTEX
8
C-TOPO-MAJR
10
1309045.9902534545
20
398595.38554142043
30
52
0
VERTEX
8
C-TOPO-MAJR
10
1309044.5477100248
20
398594.8917264694
30
52
0
VERTEX
8
C-TOPO-MAJR
10
1309043.1245295017
20
398594.4487552007
30
52
0
VERTEX
8
C-TOPO-MAJR
10
1309041.720711886
20
398594.0566276144
30
52
0
VERTEX
8
C-TOPO-MAJR
10
1309040.3362571772
20
398593.7153437105
30
52
0
VERTEX
8
C-TOPO-MAJR
10
1309038.971165375
20
398593.42490348895
30
52
0
VERTEX
8
C-TOPO-MAJR
10
1309037.9279836167
20
398593.2028785589
30
52
0
VERTEX
8
C-TOPO-MAJR
10
1309037.2067119018
20
398593.0492689204
30
52
0
VERTEX
8
C-TOPO-MAJR
10
1309036.8073502302
20
398592.9640745735
30
52
0
VERTEX
8
C-TOPO-MAJR
10
1309036.729898602
20
398592.9472955182
30
52
0
VERTEX
8
C-TOPO-MAJR
10
1309036.3111740234
20
398592.88171237597
30
52
0
VERTEX
8
C-TOPO-MAJR
10
1309035.5511764942
20
398592.7673251468
30
52
0
VERTEX
8
C-TOPO-MAJR
10
1309034.4499060146
20
398592.6041338309
30
52
0
VERTEX
8
C-TOPO-MAJR
10
1309033.0073625848
20
398592.392138428
30
52
0
VERTEX
8
C-TOPO-MAJR
10
1309031.5648191548
20
398592.1496910261
30
52
0
VERTEX
8
C-TOPO-MAJR
10
1309030.1222757245
20
398591.87679162505
30
52
0
VERTEX
8
C-TOPO-MAJR
10
1309028.6797322948
20
398591.5734402251
30
52
0
VERTEX
8
C-TOPO-MAJR
10
1309027.2371888647
20
398591.239636826
30
52
0
VERTEX
8
C-TOPO-MAJR
10
1309026.1552812923
20
398590.98928427673
30
52
0
VERTEX
8
C-TOPO-MAJR
10
1309025.4340095771
20
398590.82238257723
30
52
0
VERTEX
8
C-TOPO-MAJR
10
1309025.0733737198
20
398590.7389317275
30
52
0
SEQEND
0
POLYLINE
8
C-TOPO-MAJR
66
1
70
0
0
VERTEX
8
C-TOPO-MAJR
10
1309092.030057568
20
398645.9679487294
30
54
0
VERTEX
8
C-TOPO-MAJR
10
1309092.1728951177
20
398645.6367123823
30
54
0
VERTEX
8
C-TOPO-MAJR
10
1309092.4585702163
20
398644.9742396882
30
54
0
VERTEX
8
C-TOPO-MAJR
10
1309092.8870828648
20
398643.980530647
30
54
0
VERTEX
8
C-TOPO-MAJR
10
1309093.4584330628
20
398642.65558525856
30
54
0
VERTEX
8
C-TOPO-MAJR
10
1309093.8914180107
20
398641.62520488683
30
54
0
VERTEX
8
C-TOPO-MAJR
10
1309094.1860377088
20
398640.8893895317
30
54
0
VERTEX
8
C-TOPO-MAJR
10
1309094.342292157
20
398640.44813919306
30
54
0
VERTEX
8
C-TOPO-MAJR
10
1309094.3601813552
20
398640.30145387107
30
54
0
VERTEX
8
C-TOPO-MAJR
10
1309094.386227945
20
398639.82353220193
30
54
0
VERTEX
8
C-TOPO-MAJR
10
1309094.4204319268
20
398639.01437418576
30
54
0
VERTEX
8
C-TOPO-MAJR
10
1309094.4627933
20
398637.8739798225
30
54
0
VERTEX
8
C-TOPO-MAJR
10
1309094.513312065
20
398636.4023491121
30
54
0
VERTEX
8
C-TOPO-MAJR
10
1309094.5706360268
20
398634.93071840174
30
54
0
VERTEX
8
C-TOPO-MAJR
10
1309094.6347651854
20
398633.4590876914
30
54
0
VERTEX
8
C-TOPO-MAJR
10
1309094.7056995411
20
398631.987456981
30
54
0
VERTEX
8
C-TOPO-MAJR
10
1309094.7834390933
20
398630.5158262706
30
54
0
VERTEX
8
C-TOPO-MAJR
10
1309094.9117388919
20
398629.0441955603
30
54
0
VERTEX
8
C-TOPO-MAJR
10
1309095.0905989364
20
398627.57256484986
30
54
0
VERTEX
8
C-TOPO-MAJR
10
1309095.320019227
20
398626.10093413957
30
54
0
VERTEX
8
C-TOPO-MAJR
10
1309095.5999997635
20
398624.62930342916
30
54
0
VERTEX
8
C-TOPO-MAJR
10
1309095.8508163358
20
398623.15767271887
30
54
0
VERTEX
8
C-TOPO-MAJR
10
1309096.0724689434
20
398621.6860420086
30
54
0
VERTEX
8
C-TOPO-MAJR
10
1309096.2649575868
20
398620.21441129816
30
54
0
VERTEX
8
C-TOPO-MAJR
10
1309096.4282822656
20
398618.74278058775
30
54
0
VERTEX
8
C-TOPO-MAJR
10
1309096.5717511312
20
398617.27114987734
30
54
0
VERTEX
8
C-TOPO-MAJR
10
1309096.6953641833
20
398615.79951916705
30
54
0
VERTEX
8
C-TOPO-MAJR
10
1309096.7991214225
20
398614.32788845676
30
54
0
VERTEX
8
C-TOPO-MAJR
10
1309096.8830228483
20
398612.85625774635
30
54
0
VERTEX
8
C-TOPO-MAJR
10
1309097.0254099637
20
398611.38462703605
30
54
0
VERTEX
8
C-TOPO-MAJR
10
1309097.226282769
20
398609.91299632564
30
54
0
VERTEX
8
C-TOPO-MAJR
10
1309097.485641264
20
398608.4413656153
30
54
0
VERTEX
8
C-TOPO-MAJR
10
1309097.8034854487
20
398606.96973490494
30
54
0
VERTEX
8
C-TOPO-MAJR
10
1309097.7940690017
20
398605.71119618067
30
54
0
VERTEX
8
C-TOPO-MAJR
10
1309097.4573919233
20
398604.66574944265
30
54
0
VERTEX
8
C-TOPO-MAJR
10
1309096.793454213
20
398603.8333946907
30
54
0
VERTEX
8
C-TOPO-MAJR
10
1309095.8022558717
20
398603.2141319249
30
54
0
VERTEX
8
C-TOPO-MAJR
10
1309094.9232382623
20
398602.53659286443
30
54
0
VERTEX
8
C-TOPO-MAJR
10
1309094.156401385
20
398601.8007775093
30
54
0
VERTEX
8
C-TOPO-MAJR
10
1309093.5017452396
20
398601.0066858594
30
54
0
VERTEX
8
C-TOPO-MAJR
10
1309092.9592698265
20
398600.15431791486
30
54
0
VERTEX
8
C-TOPO-MAJR
10
1309092.3273962624
20
398599.31525449763
30
54
0
VERTEX
8
C-TOPO-MAJR
10
1309091.6061245473
20
398598.4894956078
30
54
0
VERTEX
8
C-TOPO-MAJR
10
1309090.7954546814
20
398597.6770412454
30
54
0
VERTEX
8
C-TOPO-MAJR
10
1309089.8953866647
20
398596.87789141026
30
54
0
VERTEX
8
C-TOPO-MAJR
10
1309088.8649930276
20
398596.11040881515
30
54
0
VERTEX
8
C-TOPO-MAJR
10
1309087.70427377
20
398595.37459346
30
54
0
VERTEX
8
C-TOPO-MAJR
10
1309086.4132288925
20
398594.67044534476
30
54
0
VERTEX
8
C-TOPO-MAJR
10
1309084.9918583946
20
398593.9979644694
30
54
0
VERTEX
8
C-TOPO-MAJR
10
1309083.9205372883
20
398593.4883400331
30
54
0
VERTEX
8
C-TOPO-MAJR
10
1309083.1992655732
20
398593.14157203573
30
54
0
VERTEX
8
C-TOPO-MAJR
10
1309082.8280432497
20
398592.9576604774
30
54
0
VERTEX
8
C-TOPO-MAJR
10
1309082.8068703176
20
398592.936605358
30
54
0
VERTEX
8
C-TOPO-MAJR
10
1309082.4303547612
20
398592.92329232045
30
54
0
VERTEX
8
C-TOPO-MAJR
10
1309081.69849658
20
398592.9177213648
30
54
0
VERTEX
8
C-TOPO-MAJR
10
1309080.6112957743
20
398592.9198924911
30
54
0
VERTEX
8
C-TOPO-MAJR
10
1309079.1687523446
20
398592.92980569927
30
54
0
VERTEX
8
C-TOPO-MAJR
10
1309077.7262089145
20
398592.8668690106
30
54
0
VERTEX
8
C-TOPO-MAJR
10
1309076.2836654843
20
398592.731082425
30
54
0
VERTEX
8
C-TOPO-MAJR
10
1309074.8411220545
20
398592.5224459425
30
54
0
VERTEX
8
C-TOPO-MAJR
10
1309073.3985786245
20
398592.2409595632
30
54
0
VERTEX
8
C-TOPO-MAJR
10
1309071.9560351945
20
398591.84313292755
30
54
0
VERTEX
8
C-TOPO-MAJR
10
1309070.5134917647
20
398591.32896603574
30
54
0
VERTEX
8
C-TOPO-MAJR
10
1309069.0709483344
20
398590.69845888775
30
54
0
VERTEX
8
C-TOPO-MAJR
10
1309067.6284049046
20
398589.95161148347
30
54
0
VERTEX
8
C-TOPO-MAJR
10
1309066.2301319232
20
398589.2834371764
30
54
0
VERTEX
8
C-TOPO-MAJR
10
1309064.8761293911
20
398588.6939359665
30
54
0
VERTEX
8
C-TOPO-MAJR
10
1309063.5663973077
20
398588.18310785387
30
54
0
VERTEX
8
C-TOPO-MAJR
10
1309062.300935673
20
398587.7509528384
30
54
0
VERTEX
8
C-TOPO-MAJR
10
1309061.3075689983
20
398587.41109261976
30
54
0
VERTEX
8
C-TOPO-MAJR
10
1309060.5862972834
20
398587.1635271979
30
54
0
VERTEX
8
C-TOPO-MAJR
10
1309060.1371205281
20
398587.0082565729
30
54
0
VERTEX
8
C-TOPO-MAJR
10
1309059.9600387327
20
398586.9452807448
30
54
0
VERTEX
8
C-TOPO-MAJR
10
1309059.4665915286
20
398586.821773778
30
54
0
VERTEX
8
C-TOPO-MAJR
10
1309058.656778916
20
398586.6377356725
30
54
0
VERTEX
8
C-TOPO-MAJR
10
1309057.5306008947
20
398586.3931664283
30
54
0
VERTEX
8
C-TOPO-MAJR
10
1309056.0880574645
20
398586.08806604537
30
54
0
VERTEX
8
C-TOPO-MAJR
10
1309054.6455140344
20
398585.8386704953
30
54
0
VERTEX
8
C-TOPO-MAJR
10
1309053.2029706046
20
398585.6449797781
30
54
0
VERTEX
8
C-TOPO-MAJR
10
1309051.7604271746
20
398585.50699389365
30
54
0
VERTEX
8
C-TOPO-MAJR
10
1309050.3178837446
20
398585.4247128422
30
54
0
VERTEX
8
C-TOPO-MAJR
10
1309048.8753403146
20
398585.351394028
30
54
0
VERTEX
8
C-TOPO-MAJR
10
1309047.4327968848
20
398585.28703745105
30
54
0
VERTEX
8
C-TOPO-MAJR
10
1309045.9902534545
20
398585.23164311156
30
54
0
VERTEX
8
C-TOPO-MAJR
10
1309044.5477100248
20
398585.18521100946
30
54
0
VERTEX
8
C-TOPO-MAJR
10
1309043.1051665945
20
398585.13654466893
30
54
0
VERTEX
8
C-TOPO-MAJR
10
1309041.6626231647
20
398585.0856440901
30
54
0
VERTEX
8
C-TOPO-MAJR
10
1309040.2200797347
20
398585.032509273
30
54
0
VERTEX
8
C-TOPO-MAJR
10
1309038.7775363047
20
398584.97714021755
30
54
0
VERTEX
8
C-TOPO-MAJR
10
1309037.3349928749
20
398584.8902721891
30
54
0
VERTEX
8
C-TOPO-MAJR
10
1309035.8924494446
20
398584.7719051878
30
54
0
VERTEX
8
C-TOPO-MAJR
10
1309034.4499060146
20
398584.6220392135
30
54
0
VERTEX
8
C-TOPO-MAJR
10
1309033.0073625848
20
398584.44067426625
30
54
0
VERTEX
8
C-TOPO-MAJR
10
1309031.5648191548
20
398584.20014541934
30
54
0
VERTEX
8
C-TOPO-MAJR
10
1309030.1222757245
20
398583.9004526727
30
54
0
VERTEX
8
C-TOPO-MAJR
10
1309028.6797322948
20
398583.54159602633
30
54
0
VERTEX
8
C-TOPO-MAJR
10
1309027.2371888647
20
398583.12357548025
30
54
0
VERTEX
8
C-TOPO-MAJR
10
1309026.1552812923
20
398582.8100600707
30
54
0
VERTEX
8
C-TOPO-MAJR
10
1309025.4340095771
20
398582.60104979767
30
54
0
VERTEX
8
C-TOPO-MAJR
10
1309025.0733737198
20
398582.4965446612
30
54
0
SEQEND
0
POLYLINE
8
C-TOPO-MAJR
66
1
70
0
0
VERTEX
8
C-TOPO-MAJR
10
1309100.0856320793
20
398590.55532705755
30
56
0
VERTEX
8
C-TOPO-MAJR
10
1309099.9410719813
20
398590.33953913616
30
56
0
VERTEX
8
C-TOPO-MAJR
10
1309099.6519517852
20
398589.9079632933
30
56
0
VERTEX
8
C-TOPO-MAJR
10
1309099.2182714911
20
398589.2605995291
30
56
0
VERTEX
8
C-TOPO-MAJR
10
1309098.640031099
20
398588.39744784357
30
56
0
VERTEX
8
C-TOPO-MAJR
10
1309098.0740738432
20
398587.38217640173
30
56
0
VERTEX
8
C-TOPO-MAJR
10
1309097.5203997237
20
398586.2147852037
30
56
0
VERTEX
8
C-TOPO-MAJR
10
1309096.9790087403
20
398584.8952742495
30
56
0
VERTEX
8
C-TOPO-MAJR
10
1309096.4499008933
20
398583.42364353914
30
56
0
VERTEX
8
C-TOPO-MAJR
10
1309095.9692712103
20
398582.15647154656
30
56
0
VERTEX
8
C-TOPO-MAJR
10
1309095.5371196913
20
398581.0937582718
30
56
0
VERTEX
8
C-TOPO-MAJR
10
1309095.1534463365
20
398580.2355037148
30
56
0
VERTEX
8
C-TOPO-MAJR
10
1309094.8182511458
20
398579.58170787565
30
56
0
VERTEX
8
C-TOPO-MAJR
10
1309094.206218895
20
398579.1115957744
30
56
0
VERTEX
8
C-TOPO-MAJR
10
1309093.3173495848
20
398578.82516741107
30
56
0
VERTEX
8
C-TOPO-MAJR
10
1309092.1516432143
20
398578.72242278565
30
56
0
VERTEX
8
C-TOPO-MAJR
10
1309090.7090997845
20
398578.80336189823
30
56
0
VERTEX
8
C-TOPO-MAJR
10
1309089.2665563542
20
398578.75755186734
30
56
0
VERTEX
8
C-TOPO-MAJR
10
1309087.8240129245
20
398578.58499269304
30
56
0
VERTEX
8
C-TOPO-MAJR
10
1309086.3814694944
20
398578.2856843753
30
56
0
VERTEX
8
C-TOPO-MAJR
10
1309084.9389260644
20
398577.85962691426
30
56
0
VERTEX
8
C-TOPO-MAJR
10
1309083.4963826346
20
398577.5950997293
30
56
0
VERTEX
8
C-TOPO-MAJR
10
1309082.0538392044
20
398577.49210282054
30
56
0
VERTEX
8
C-TOPO-MAJR
10
1309080.6112957743
20
398577.55063618795
30
56
0
VERTEX
8
C-TOPO-MAJR
10
1309079.1687523446
20
398577.77069983166
30
56
0
VERTEX
8
C-TOPO-MAJR
10
1309077.7262089145
20
398577.9375125663
30
56
0
VERTEX
8
C-TOPO-MAJR
10
1309076.2836654843
20
398578.05107439175
30
56
0
VERTEX
8
C-TOPO-MAJR
10
1309074.8411220545
20
398578.11138530826
30
56
0
VERTEX
8
C-TOPO-MAJR
10
1309073.3985786245
20
398578.11844531575
30
56
0
VERTEX
8
C-TOPO-MAJR
10
1309071.9560351945
20
398578.0732069293
30
56
0
VERTEX
8
C-TOPO-MAJR
10
1309070.5134917647
20
398577.97567014897
30
56
0
VERTEX
8
C-TOPO-MAJR
10
1309069.0709483344
20
398577.82583497476
30
56
0
VERTEX
8
C-TOPO-MAJR
10
1309067.6284049046
20
398577.6237014067
30
56
0
VERTEX
8
C-TOPO-MAJR
10
1309066.1858614744
20
398577.35268245096
30
56
0
VERTEX
8
C-TOPO-MAJR
10
1309064.7433180446
20
398577.0127781076
30
56
0
VERTEX
8
C-TOPO-MAJR
10
1309063.3007746146
20
398576.6039883766
30
56
0
VERTEX
8
C-TOPO-MAJR
10
1309061.8582311845
20
398576.126313258
30
56
0
VERTEX
8
C-TOPO-MAJR
10
1309060.7291954237
20
398575.7630490473
30
56
0
VERTEX
8
C-TOPO-MAJR
10
1309059.913667332
20
398575.51419574453
30
56
0
VERTEX
8
C-TOPO-MAJR
10
1309059.411646909
20
398575.37975334964
30
56
0
VERTEX
8
C-TOPO-MAJR
10
1309059.2231341552
20
398575.35972186265
30
56
0
VERTEX
8
C-TOPO-MAJR
10
1309058.7682419207
20
398575.3106408632
30
56
0
VERTEX
8
C-TOPO-MAJR
10
1309058.0469702058
20
398575.2325103513
30
56
0
VERTEX
8
C-TOPO-MAJR
10
1309057.0593190102
20
398575.12533032696
30
56
0
VERTEX
8
C-TOPO-MAJR
10
1309055.805288334
20
398574.98910079023
30
56
0
VERTEX
8
C-TOPO-MAJR
10
1309054.5041294692
20
398574.8611589194
30
56
0
VERTEX
8
C-TOPO-MAJR
10
1309053.1558424162
20
398574.7415047145
30
56
0
VERTEX
8
C-TOPO-MAJR
10
1309051.7604271746
20
398574.6301381755
30
56
0
VERTEX
8
C-TOPO-MAJR
10
1309050.3178837446
20
398574.5270593025
30
56
0
VERTEX
8
C-TOPO-MAJR
10
1309048.8753403146
20
398574.4316508636
30
56
0
VERTEX
8
C-TOPO-MAJR
10
1309047.4327968848
20
398574.3439128588
30
56
0
VERTEX
8
C-TOPO-MAJR
10
1309045.9902534545
20
398574.2638452882
30
56
0
VERTEX
8
C-TOPO-MAJR
10
1309044.5477100248
20
398574.19144815166
30
56
0
VERTEX
8
C-TOPO-MAJR
10
1309043.1051665945
20
398574.1244226259
30
56
0
VERTEX
8
C-TOPO-MAJR
10
1309041.6626231647
20
398574.062768711
30
56
0
VERTEX
8
C-TOPO-MAJR
10
1309040.2200797347
20
398574.0064864068
30
56
0
VERTEX
8
C-TOPO-MAJR
10
1309038.7775363047
20
398573.9555757132
30
56
0
VERTEX
8
C-TOPO-MAJR
10
1309037.3349928749
20
398573.9018796195
30
56
0
VERTEX
8
C-TOPO-MAJR
10
1309035.8924494446
20
398573.8453981256
30
56
0
VERTEX
8
C-TOPO-MAJR
10
1309034.4499060146
20
398573.78613123135
30
56
0
VERTEX
8
C-TOPO-MAJR
10
1309033.0073625848
20
398573.724078937
30
56
0
VERTEX
8
C-TOPO-MAJR
10
1309031.5648191548
20
398573.54888931813
30
56
0
VERTEX
8
C-TOPO-MAJR
10
1309030.1222757245
20
398573.26056237484
30
56
0
VERTEX
8
C-TOPO-MAJR
10
1309028.6797322948
20
398572.85909810715
30
56
0
VERTEX
8
C-TOPO-MAJR
10
1309027.2371888647
20
398572.344496515
30
56
0
VERTEX
8
C-TOPO-MAJR
10
1309026.1552812923
20
398571.95854532084
30
56
0
VERTEX
8
C-TOPO-MAJR
10
1309025.4340095771
20
398571.7012445248
30
56
0
VERTEX
8
C-TOPO-MAJR
10
1309025.0733737198
20
398571.57259412674
30
56
0
SEQEND
0
POINT
8
C-TOPO-SPOT
10
1309033.7139118584
20
398529.0943202381
30
0
0
POINT
8
C-TOPO-SPOT
10
1309079.6987901484
20
398530.27371358336
30
0
0
POINT
8
C-TOPO-SPOT
10
1309079.0321765183
20
398556.2651665298
30
0
0
POINT
8
C-TOPO-SPOT
10
1309033.0472982284
20
398555.08577318455
30
0
0
POINT
8
C-TOPO-SPOT
10
1309069.4715757822
20
398500.00154672476
30
0
0
POINT
8
C-TOPO-SPOT
10
1309068.7024062094
20
398529.99168473994
30
0
0
POINT
8
C-TOPO-SPOT
10
1309060.7192607187
20
398640.82741887064
30
0
0
POLYLINE
8
C-MISC
66
1
70
1
0
VERTEX
8
C-MISC
10
1308992.3877895577
20
398498.4108631022
30
0
0
VERTEX
8
C-MISC
10
1308992.4265473404
20
398498.430361892
30
0
0
VERTEX
8
C-MISC
10
1308992.5040629057
20
398498.4693594715
30
0
0
VERTEX
8
C-MISC
10
1308992.6203362537
20
398498.5278558408
30
0
0
VERTEX
8
C-MISC
10
1308992.7753673838
20
398498.6058509998
30
0
0
VERTEX
8
C-MISC
10
1308993.264283444
20
398498.72320308816
30
0
0
VERTEX
8
C-MISC
10
1308994.0870844338
20
398498.87991210556
30
0
0
VERTEX
8
C-MISC
10
1308995.243770353
20
398499.0759780523
30
0
0
VERTEX
8
C-MISC
10
1308996.7343412018
20
398499.3114009282
30
0
0
VERTEX
8
C-MISC
10
1308998.2249120506
20
398499.4602585034
30
0
0
VERTEX
8
C-MISC
10
1308999.7154828995
20
398499.52255077806
30
0
0
VERTEX
8
C-MISC
10
1309001.2060537485
20
398499.498277752
30
0
0
VERTEX
8
C-MISC
10
1309002.6966245973
20
398499.38743942534
30
0
0
VERTEX
8
C-MISC
10
1309003.814552734
20
398499.30431068037
30
0
0
VERTEX
8
C-MISC
10
1309004.5598381583
20
398499.248891517
30
0
0
VERTEX
8
C-MISC
10
1309004.9324808705
20
398499.22118193534
30
0
0
SEQEND
0
POLYLINE
8
C-PROP
66
1
70
0
0
VERTEX
8
C-PROP
10
1308908.4117395082
20
398576.82757807715
30
0
0
VERTEX
8
C-PROP
10
1308907.6622681506
20
398577.91672696377
30
0
0
VERTEX
8
C-PROP
10
1308907.287532472
20
398578.9919699367
30
0
0
VERTEX
8
C-PROP
10
1308907.287532472
20
398580.05330699595
30
0
0
VERTEX
8
C-PROP
10
1308907.6622681506
20
398581.1007381415
30
0
0
VERTEX
8
C-PROP
10
1308908.4117395082
20
398582.1342633734
30
0
0
VERTEX
8
C-PROP
10
1308909.245146147
20
398582.6510259893
30
0
0
VERTEX
8
C-PROP
10
1308910.162488068
20
398582.6510259893
30
0
0
VERTEX
8
C-PROP
10
1308911.1637652703
20
398582.1342633734
30
0
0
VERTEX
8
C-PROP
10
1308912.248977754
20
398581.1007381415
30
0
0
VERTEX
8
C-PROP
10
1308912.791583996
20
398580.05330699595
30
0
0
VERTEX
8
C-PROP
10
1308912.791583996
20
398578.9919699367
30
0
0
VERTEX
8
C-PROP
10
1308912.248977754
20
398577.91672696377
30
0
0
VERTEX
8
C-PROP
10
1308911.1637652703
20
398576.82757807715
30
0
0
VERTEX
8
C-PROP
10
1308910.162488068
20
398576.28300363384
30
0
0
VERTEX
8
C-PROP
10
1308909.245146147
20
398576.28300363384
30
0
0
VERTEX
8
C-PROP
10
1308908.4117395082
20
398576.82757807715
30
0
0
SEQEND
0
POLYLINE
8
C-PROP
66
1
70
0
0
VERTEX
8
C-PROP
10
1308913.4065972706
20
398535.8596144671
30
0
0
VERTEX
8
C-PROP
10
1308912.012175491
20
398537.10803135944
30
0
0
VERTEX
8
C-PROP
10
1308911.3149646013
20
398538.3894912957
30
0
0
VERTEX
8
C-PROP
10
1308911.3149646013
20
398539.7039942757
30
0
0
VERTEX
8
C-PROP
10
1308912.012175491
20
398541.0515402996
30
0
0
VERTEX
8
C-PROP
10
1308913.4065972706
20
398542.43212936743
30
0
0
VERTEX
8
C-PROP
10
1308914.7626253897
20
398543.1224239013
30
0
0
VERTEX
8
C-PROP
10
1308916.080259848
20
398543.1224239013
30
0
0
VERTEX
8
C-PROP
10
1308917.359500646
20
398542.43212936743
30
0
0
VERTEX
8
C-PROP
10
1308918.6003477832
20
398541.0515402996
30
0
0
VERTEX
8
C-PROP
10
1308919.2207713518
20
398539.7039942757
30
0
0
VERTEX
8
C-PROP
10
1308919.2207713518
20
398538.3894912957
30
0
0
VERTEX
8
C-PROP
10
1308918.6003477832
20
398537.10803135944
30
0
0
VERTEX
8
C-PROP
10
1308917.359500646
20
398535.8596144671
30
0
0
VERTEX
8
C-PROP
10
1308916.080259848
20
398535.2354060209
30
0
0
VERTEX
8
C-PROP
10
1308914.7626253897
20
398535.2354060209
30
0
0
VERTEX
8
C-PROP
10
1308913.4065972706
20
398535.8596144671
30
0
0
SEQEND
0
POLYLINE
8
C-PROP
66
1
70
0
0
VERTEX
8
C-PROP
10
1308920.154430737
20
398498.4108631022
30
0
0
VERTEX
8
C-PROP
10
1308920.2360608994
20
398498.61172325775
30
0
0
VERTEX
8
C-PROP
10
1308920.399321224
20
398499.0134435689
30
0
0
VERTEX
8
C-PROP
10
1308920.6442117114
20
398499.6160240356
30
0
0
VERTEX
8
C-PROP
10
1308920.9707323608
20
398500.4194646579
30
0
0
VERTEX
8
C-PROP
10
1308921.4362868266
20
398500.82118496904
30
0
0
VERTEX
8
C-PROP
10
1308922.040875109
20
398500.82118496904
30
0
0
VERTEX
8
C-PROP
10
1308922.7844972075
20
398500.4194646579
30
0
0
VERTEX
8
C-PROP
10
1308923.667153122
20
398499.6160240356
30
0
0
VERTEX
8
C-PROP
10
1308924.329145058
20
398499.0134435689
30
0
0
VERTEX
8
C-PROP
10
1308924.7704730155
20
398498.61172325775
30
0
0
VERTEX
8
C-PROP
10
1308924.9911369942
20
398498.4108631022
30
0
0
SEQEND
0
POLYLINE
8
C-TOPO-MAJR
66
1
70
0
0
VERTEX
8
C-TOPO-MAJR
10
1308879.7245295672
20
398603.78756539174
30
46
0
VERTEX
8
C-TOPO-MAJR
10
1308879.7295674174
20
398603.721666898
30
46
0
VERTEX
8
C-TOPO-MAJR
10
1308879.7396431174
20
398603.58986991044
30
46
0
VERTEX
8
C-TOPO-MAJR
10
1308879.7547566677
20
398603.3921744291
30
46
0
VERTEX
8
C-TOPO-MAJR
10
1308879.7749080681
20
398603.1285804539
30
46
0
VERTEX
8
C-TOPO-MAJR
10
1308879.7926613404
20
398602.56865467265
30
46
0
VERTEX
8
C-TOPO-MAJR
10
1308879.808016485
20
398601.7123970851
30
46
0
VERTEX
8
C-TOPO-MAJR
10
1308879.820973502
20
398600.55980769143
30
46
0
VERTEX
8
C-TOPO-MAJR
10
1308879.8315323908
20
398599.11088649166
30
46
0
VERTEX
8
C-TOPO-MAJR
10
1308880.2044166974
20
398597.7044574264
30
46
0
VERTEX
8
C-TOPO-MAJR
10
1308880.9396264218
20
398596.3405204957
30
46
0
VERTEX
8
C-TOPO-MAJR
10
1308882.0371615635
20
398595.0190756997
30
46
0
VERTEX
8
C-TOPO-MAJR
10
1308883.4970221233
20
398593.7401230381
30
46
0
VERTEX
8
C-TOPO-MAJR
10
1308884.6936350234
20
398592.73841640743
30
46
0
VERTEX
8
C-TOPO-MAJR
10
1308885.6270002641
20
398592.01395580755
30
46
0
VERTEX
8
C-TOPO-MAJR
10
1308886.2971178454
20
398591.5667412384
30
46
0
VERTEX
8
C-TOPO-MAJR
10
1308886.7039877668
20
398591.3967727
30
46
0
VERTEX
8
C-TOPO-MAJR
10
1308887.2800654399
20
398590.9635600778
30
46
0
VERTEX
8
C-TOPO-MAJR
10
1308888.0253508645
20
398590.2671033718
30
46
0
VERTEX
8
C-TOPO-MAJR
10
1308888.9398440402
20
398589.3074025819
30
46
0
VERTEX
8
C-TOPO-MAJR
10
1308890.0235449674
20
398588.08445770823
30
46
0
VERTEX
8
C-TOPO-MAJR
10
1308890.9568909816
20
398587.1107549714
30
46
0
VERTEX
8
C-TOPO-MAJR
10
1308891.7398820834
20
398586.3862943715
30
46
0
VERTEX
8
C-TOPO-MAJR
10
1308892.3725182721
20
398585.91107590846
30
46
0
VERTEX
8
C-TOPO-MAJR
10
1308892.8547995477
20
398585.6850995823
30
46
0
VERTEX
8
C-TOPO-MAJR
10
1308893.468582898
20
398585.2445344024
30
46
0
VERTEX
8
C-TOPO-MAJR
10
1308894.2138683225
20
398584.58938036865
30
46
0
VERTEX
8
C-TOPO-MAJR
10
1308895.0906558214
20
398583.7196374812
30
46
0
VERTEX
8
C-TOPO-MAJR
10
1308896.0989453942
20
398582.63530573994
30
46
0
VERTEX
8
C-TOPO-MAJR
10
1308896.9029863789
20
398581.73090956936
30
46
0
VERTEX
8
C-TOPO-MAJR
10
1308897.5027787755
20
398581.0064489695
30
46
0
VERTEX
8
C-TOPO-MAJR
10
1308897.898322584
20
398580.4619239402
30
46
0
VERTEX
8
C-TOPO-MAJR
10
1308898.0896178046
20
398580.0973344816
30
46
0
VERTEX
8
C-TOPO-MAJR
10
1308898.455979517
20
398579.4616620877
30
46
0
VERTEX
8
C-TOPO-MAJR
10
1308898.9974077211
20
398578.55490675836
30
46
0
VERTEX
8
C-TOPO-MAJR
10
1308899.713902417
20
398577.37706849386
30
46
0
VERTEX
8
C-TOPO-MAJR
10
1308900.6054636044
20
398575.9281472941
30
46
0
VERTEX
8
C-TOPO-MAJR
10
1308901.347189603
20
398574.4792260942
30
46
0
VERTEX
8
C-TOPO-MAJR
10
1308901.939080412
20
398573.03030489443
30
46
0
VERTEX
8
C-TOPO-MAJR
10
1308902.3811360318
20
398571.58138369455
30
46
0
VERTEX
8
C-TOPO-MAJR
10
1308902.6733564618
20
398570.13246249466
30
46
0
VERTEX
8
C-TOPO-MAJR
10
1308902.9213952872
20
398568.9897874221
30
46
0
VERTEX
8
C-TOPO-MAJR
10
1308903.1252525076
20
398568.1533584768
30
46
0
VERTEX
8
C-TOPO-MAJR
10
1308903.284928123
20
398567.6231756589
30
46
0
VERTEX
8
C-TOPO-MAJR
10
1308903.4004221333
20
398567.39923896827
30
46
0
VERTEX
8
C-TOPO-MAJR
10
1308903.5367327952
20
398566.925040323
30
46
0
VERTEX
8
C-TOPO-MAJR
10
1308903.693860109
20
398566.2005797231
30
46
0
VERTEX
8
C-TOPO-MAJR
10
1308903.8718040742
20
398565.22585716855
30
46
0
VERTEX
8
C-TOPO-MAJR
10
1308904.0705646912
20
398564.0008726593
30
46
0
VERTEX
8
C-TOPO-MAJR
10
1308904.2559213678
20
398562.7199039775
30
46
0
VERTEX
8
C-TOPO-MAJR
10
1308904.427874104
20
398561.3829511228
30
46
0
VERTEX
8
C-TOPO-MAJR
10
1308904.5864228995
20
398559.9900140957
30
46
0
VERTEX
8
C-TOPO-MAJR
10
1308904.7315677546
20
398558.5410928959
30
46
0
VERTEX
8
C-TOPO-MAJR
10
1308904.754450028
20
398557.2589827142
30
46
0
VERTEX
8
C-TOPO-MAJR
10
1308904.6550697195
20
398556.1436835507
30
46
0
VERTEX
8
C-TOPO-MAJR
10
1308904.4334268293
20
398555.19519540534
30
46
0
VERTEX
8
C-TOPO-MAJR
10
1308904.0895213573
20
398554.4135182781
30
46
0
VERTEX
8
C-TOPO-MAJR
10
1308903.7045281108
20
398553.6604494145
30
46
0
VERTEX
8
C-TOPO-MAJR
10
1308903.2784470897
20
398552.9359888146
30
46
0
VERTEX
8
C-TOPO-MAJR
10
1308902.8112782943
20
398552.2401364783
30
46
0
VERTEX
8
C-TOPO-MAJR
10
1308902.3030217248
20
398551.5728924057
30
46
0
VERTEX
8
C-TOPO-MAJR
10
1308901.6762507278
20
398550.79316585336
30
46
0
VERTEX
8
C-TOPO-MAJR
10
1308900.9309653034
20
398549.9009568214
30
46
0
VERTEX
8
C-TOPO-MAJR
10
1308900.0671654516
20
398548.8962653098
30
46
0
VERTEX
8
C-TOPO-MAJR
10
1308899.0848511723
20
398547.77909131855
30
46
0
VERTEX
8
C-TOPO-MAJR
10
1308898.2625627154
20
398546.858274023
30
46
0
VERTEX
8
C-TOPO-MAJR
10
1308897.600300081
20
398546.1338134231
30
46
0
VERTEX
8
C-TOPO-MAJR
10
1308897.0980632692
20
398545.60570951883
30
46
0
VERTEX
8
C-TOPO-MAJR
10
1308896.7558522797
20
398545.27396231017
30
46
0
VERTEX
8
C-TOPO-MAJR
10
1308896.383264479
20
398544.66292160377
30
46
0
VERTEX
8
C-TOPO-MAJR
10
1308895.980299867
20
398543.7725873995
30
46
0
VERTEX
8
C-TOPO-MAJR
10
1308895.5469584437
20
398542.6029596975
30
46
0
VERTEX
8
C-TOPO-MAJR
10
1308895.0832402091
20
398541.1540384977
30
46
0
VERTEX
8
C-TOPO-MAJR
10
1308894.564291127
20
398539.9247033623
30
46
0
VERTEX
8
C-TOPO-MAJR
10
1308893.9901111973
20
398538.91495429137
30
46
0
VERTEX
8
C-TOPO-MAJR
10
1308893.36070042
20
398538.12479128485
30
46
0
VERTEX
8
C-TOPO-MAJR
10
1308892.6760587953
20
398537.5542143427
30
46
0
VERTEX
8
C-TOPO-MAJR
10
1308891.8985136813
20
398536.90669557167
30
46
0
VERTEX
8
C-TOPO-MAJR
10
1308891.0280650775
20
398536.1822349718
30
46
0
VERTEX
8
C-TOPO-MAJR
10
1308890.0647129845
20
398535.38083254296
30
46
0
VERTEX
8
C-TOPO-MAJR
10
1308889.0084574022
20
398534.5024882852
30
46
0
VERTEX
8
C-TOPO-MAJR
10
1308888.1076868987
20
398533.7402358261
30
46
0
VERTEX
8
C-TOPO-MAJR
10
1308887.3624014743
20
398533.0940751658
30
46
0
VERTEX
8
C-TOPO-MAJR
10
1308886.7726011288
20
398532.56400630414
30
46
0
VERTEX
8
C-TOPO-MAJR
10
1308886.3382858625
20
398532.1500292411
30
46
0
VERTEX
8
C-TOPO-MAJR
10
1308885.7089489915
20
398531.5808104097
30
46
0
VERTEX
8
C-TOPO-MAJR
10
1308884.8845905166
20
398530.8563498098
30
46
0
VERTEX
8
C-TOPO-MAJR
10
1308883.865210437
20
398529.9766474414
30
46
0
VERTEX
8
C-TOPO-MAJR
10
1308882.650808753
20
398528.9417033045
30
46
0
VERTEX
8
C-TOPO-MAJR
10
1308881.670965199
20
398528.1054491404
30
46
0
VERTEX
8
C-TOPO-MAJR
10
1308880.9256797745
20
398527.46788494935
30
46
0
VERTEX
8
C-TOPO-MAJR
10
1308880.4149524798
20
398527.029010731
30
46
0
VERTEX
8
C-TOPO-MAJR
10
1308880.138783315
20
398526.7888264855
30
46
0
VERTEX
8
C-TOPO-MAJR
10
1308879.6267471404
20
398526.30650406284
30
46
0
VERTEX
8
C-TOPO-MAJR
10
1308878.878843956
20
398525.5820434629
30
46
0
VERTEX
8
C-TOPO-MAJR
10
1308877.8950737622
20
398524.61544468574
30
46
0
VERTEX
8
C-TOPO-MAJR
10
1308876.6754365587
20
398523.40670773137
30
46
0
VERTEX
8
C-TOPO-MAJR
10
1308875.6929752447
20
398522.43383520975
30
46
0
VERTEX
8
C-TOPO-MAJR
10
1308874.9476898203
20
398521.6968271209
30
46
0
VERTEX
8
C-TOPO-MAJR
10
1308874.4395802855
20
398521.1956834649
30
46
0
VERTEX
8
C-TOPO-MAJR
10
1308874.16864664
20
398520.93040424155
30
46
0
VERTEX
8
C-TOPO-MAJR
10
1308873.6705326068
20
398520.43553432997
30
46
0
VERTEX
8
C-TOPO-MAJR
10
1308872.9452381858
20
398519.71107373
30
46
0
VERTEX
8
C-TOPO-MAJR
10
1308871.9927633773
20
398518.75702244183
30
46
0
VERTEX
8
C-TOPO-MAJR
10
1308870.8131081806
20
398517.57338046527
30
46
0
VERTEX
8
C-TOPO-MAJR
10
1308869.8506378704
20
398516.6046794582
30
46
0
VERTEX
8
C-TOPO-MAJR
10
1308869.1053524457
20
398515.8509194206
30
46
0
VERTEX
8
C-TOPO-MAJR
10
1308868.5772519074
20
398515.3121003526
30
46
0
VERTEX
8
C-TOPO-MAJR
10
1308868.266336255
20
398514.98822225415
30
46
0
VERTEX
8
C-TOPO-MAJR
10
1308867.6605068035
20
398514.6474842693
30
46
0
VERTEX
8
C-TOPO-MAJR
10
1308866.7597635528
20
398514.289886398
30
46
0
VERTEX
8
C-TOPO-MAJR
10
1308865.5641065033
20
398513.9154286404
30
46
0
VERTEX
8
C-TOPO-MAJR
10
1308864.0735356545
20
398513.52411099634
30
46
0
VERTEX
8
C-TOPO-MAJR
10
1308862.7023807967
20
398513.047191399
30
46
0
VERTEX
8
C-TOPO-MAJR
10
1308861.4506419303
20
398512.48466984835
30
46
0
VERTEX
8
C-TOPO-MAJR
10
1308860.3183190548
20
398511.83654634433
30
46
0
VERTEX
8
C-TOPO-MAJR
10
1308859.3054121705
20
398511.102820887
30
46
0
VERTEX
8
C-TOPO-MAJR
10
1308858.4263160161
20
398510.5358508764
30
46
0
VERTEX
8
C-TOPO-MAJR
10
1308857.6810305915
20
398510.13563631254
30
46
0
VERTEX
8
C-TOPO-MAJR
10
1308857.069555897
20
398509.9021771955
30
46
0
VERTEX
8
C-TOPO-MAJR
10
1308856.5918919325
20
398509.83547352516
30
46
0
VERTEX
8
C-TOPO-MAJR
10
1308856.2336439593
20
398509.78544577246
30
46
0
VERTEX
8
C-TOPO-MAJR
10
1308855.9948119768
20
398509.75209393725
30
46
0
VERTEX
8
C-TOPO-MAJR
10
1308855.8753959858
20
398509.7354180197
30
46
0
SEQEND
0
POLYLINE
8
C-TOPO-MAJR
66
1
70
0
0
VERTEX
8
C-TOPO-MAJR
10
1309004.3658101934
20
398643.30298308696
30
48
0
VERTEX
8
C-TOPO-MAJR
10
1309004.4012271108
20
398643.2897993111
30
48
0
VERTEX
8
C-TOPO-MAJR
10
1309004.4720609454
20
398643.26343175943
30
48
0
VERTEX
8
C-TOPO-MAJR
10
1309004.5783116973
20
398643.22388043185
30
48
0
VERTEX
8
C-TOPO-MAJR
10
1309004.7199793665
20
398643.1711453285
30
48
0
VERTEX
8
C-TOPO-MAJR
10
1309005.0071587344
20
398642.7825474768
30
48
0
VERTEX
8
C-TOPO-MAJR
10
1309005.4398498007
20
398642.0580868769
30
48
0
VERTEX
8
C-TOPO-MAJR
10
1309006.0180525656
20
398640.9977635287
30
48
0
VERTEX
8
C-TOPO-MAJR
10
1309006.7417670295
20
398639.60157743224
30
48
0
VERTEX
8
C-TOPO-MAJR
10
1309007.4762669734
20
398638.27904188633
30
48
0
VERTEX
8
C-TOPO-MAJR
10
1309008.2215523978
20
398637.03015689075
30
48
0
VERTEX
8
C-TOPO-MAJR
10
1309008.9776233027
20
398635.85492244567
30
48
0
VERTEX
8
C-TOPO-MAJR
10
1309009.744479688
20
398634.75333855103
30
48
0
VERTEX
8
C-TOPO-MAJR
10
1309010.359101891
20
398633.8403163038
30
48
0
VERTEX
8
C-TOPO-MAJR
10
1309010.8214899115
20
398633.1158557038
30
48
0
VERTEX
8
C-TOPO-MAJR
10
1309011.13164375
20
398632.57995675126
30
48
0
VERTEX
8
C-TOPO-MAJR
10
1309011.2895634063
20
398632.23261944606
30
48
0
VERTEX
8
C-TOPO-MAJR
10
1309011.5460675468
20
398631.6098861672
30
48
0
VERTEX
8
C-TOPO-MAJR
10
1309011.9011561724
20
398630.7117569146
30
48
0
VERTEX
8
C-TOPO-MAJR
10
1309012.3548292823
20
398629.53823168844
30
48
0
VERTEX
8
C-TOPO-MAJR
10
1309012.9070868765
20
398628.08931048855
30
48
0
VERTEX
8
C-TOPO-MAJR
10
1309013.1437357597
20
398626.9535505404
30
48
0
VERTEX
8
C-TOPO-MAJR
10
1309013.0647759319
20
398626.1309518439
30
48
0
VERTEX
8
C-TOPO-MAJR
10
1309012.6702073924
20
398625.62151439907
30
48
0
VERTEX
8
C-TOPO-MAJR
10
1309011.960030142
20
398625.42523820593
30
48
0
VERTEX
8
C-TOPO-MAJR
10
1309011.054754492
20
398625.23997892137
30
48
0
VERTEX
8
C-TOPO-MAJR
10
1309009.954380442
20
398625.06573654554
30
48
0
VERTEX
8
C-TOPO-MAJR
10
1309008.6589079928
20
398624.90251107834
30
48
0
VERTEX
8
C-TOPO-MAJR
10
1309007.1683371437
20
398624.75030251977
30
48
0
VERTEX
8
C-TOPO-MAJR
10
1309005.677766295
20
398624.6618518
30
48
0
VERTEX
8
C-TOPO-MAJR
10
1309004.187195446
20
398624.637158919
30
48
0
VERTEX
8
C-TOPO-MAJR
10
1309002.6966245973
20
398624.67622387677
30
48
0
VERTEX
8
C-TOPO-MAJR
10
1309001.2060537485
20
398624.77904667327
30
48
0
VERTEX
8
C-TOPO-MAJR
10
1308999.7154828995
20
398624.91238768946
30
48
0
VERTEX
8
C-TOPO-MAJR
10
1308998.2249120506
20
398625.0762469253
30
48
0
VERTEX
8
C-TOPO-MAJR
10
1308996.7343412018
20
398625.27062438073
30
48
0
VERTEX
8
C-TOPO-MAJR
10
1308995.243770353
20
398625.4955200559
30
48
0
VERTEX
8
C-TOPO-MAJR
10
1308993.753561266
20
398625.3071530823
30
48
0
VERTEX
8
C-TOPO-MAJR
10
1308992.2637139407
20
398624.70552345994
30
48
0
VERTEX
8
C-TOPO-MAJR
10
1308990.7742283773
20
398623.6906311889
30
48
0
VERTEX
8
C-TOPO-MAJR
10
1308989.2851045756
20
398622.2624762691
30
48
0
VERTEX
8
C-TOPO-MAJR
10
1308988.1678999625
20
398621.1907033335
30
48
0
VERTEX
8
C-TOPO-MAJR
10
1308987.422614538
20
398620.47531238204
30
48
0
VERTEX
8
C-TOPO-MAJR
10
1308987.0492483024
20
398620.1163034147
30
48
0
VERTEX
8
C-TOPO-MAJR
10
1308987.0478012552
20
398620.1136764316
30
48
0
VERTEX
8
C-TOPO-MAJR
10
1308986.6740732577
20
398619.8050620619
30
48
0
VERTEX
8
C-TOPO-MAJR
10
1308985.9280643095
20
398619.19046030554
30
48
0
VERTEX
8
C-TOPO-MAJR
10
1308984.8097744111
20
398618.26987116266
30
48
0
VERTEX
8
C-TOPO-MAJR
10
1308983.319203562
20
398617.0432946333
30
48
0
VERTEX
8
C-TOPO-MAJR
10
1308981.8286327133
20
398616.109036063
30
48
0
VERTEX
8
C-TOPO-MAJR
10
1308980.3380618645
20
398615.46709545195
30
48
0
VERTEX
8
C-TOPO-MAJR
10
1308978.8474910157
20
398615.1174728001
30
48
0
VERTEX
8
C-TOPO-MAJR
10
1308977.3569201669
20
398615.0601681074
30
48
0
VERTEX
8
C-TOPO-MAJR
10
1308975.866349318
20
398615.01472017635
30
48
0
VERTEX
8
C-TOPO-MAJR
10
1308974.3757784693
20
398614.981129007
30
48
0
VERTEX
8
C-TOPO-MAJR
10
1308972.8852076204
20
398614.9593945993
30
48
0
VERTEX
8
C-TOPO-MAJR
10
1308971.3946367714
20
398614.94951695343
30
48
0
VERTEX
8
C-TOPO-MAJR
10
1308969.9040659224
20
398614.9436832246
30
48
0
VERTEX
8
C-TOPO-MAJR
10
1308968.4134950736
20
398614.9418934131
30
48
0
VERTEX
8
C-TOPO-MAJR
10
1308966.9229242248
20
398614.9441475187
30
48
0
VERTEX
8
C-TOPO-MAJR
10
1308965.432353376
20
398614.95044554153
30
48
0
VERTEX
8
C-TOPO-MAJR
10
1308963.9417825271
20
398614.96346791013
30
48
0
VERTEX
8
C-TOPO-MAJR
10
1308962.4512116783
20
398614.98321462446
30
48
0
VERTEX
8
C-TOPO-MAJR
10
1308960.9606408295
20
398615.00968568446
30
48
0
VERTEX
8
C-TOPO-MAJR
10
1308959.4700699807
20
398615.04288109025
30
48
0
VERTEX
8
C-TOPO-MAJR
10
1308957.979499132
20
398615.06890721375
30
48
0
VERTEX
8
C-TOPO-MAJR
10
1308956.488928283
20
398615.08776405506
30
48
0
VERTEX
8
C-TOPO-MAJR
10
1308954.9983574343
20
398615.09945161414
30
48
0
VERTEX
8
C-TOPO-MAJR
10
1308953.5077865855
20
398615.103969891
30
48
0
VERTEX
8
C-TOPO-MAJR
10
1308952.020904079
20
398615.0582218351
30
48
0
VERTEX
8
C-TOPO-MAJR
10
1308950.537709915
20
398614.9622074465
30
48
0
VERTEX
8
C-TOPO-MAJR
10
1308949.058204094
20
398614.81592672516
30
48
0
VERTEX
8
C-TOPO-MAJR
10
1308947.5823866152
20
398614.6193796711
30
48
0
VERTEX
8
C-TOPO-MAJR
10
1308946.4718351637
20
398614.47146053356
30
48
0
VERTEX
8
C-TOPO-MAJR
10
1308945.7265497393
20
398614.3721693123
30
48
0
VERTEX
8
C-TOPO-MAJR
10
1308945.346530342
20
398614.3215060077
30
48
0
VERTEX
8
C-TOPO-MAJR
10
1308945.3317769717
20
398614.31947061955
30
48
0
VERTEX
8
C-TOPO-MAJR
10
1308944.948069232
20
398614.2390051591
30
48
0
VERTEX
8
C-TOPO-MAJR
10
1308944.1954071224
20
398614.08010962664
30
48
0
VERTEX
8
C-TOPO-MAJR
10
1308943.0737906434
20
398613.84278402186
30
48
0
VERTEX
8
C-TOPO-MAJR
10
1308941.5832197946
20
398613.5270283449
30
48
0
VERTEX
8
C-TOPO-MAJR
10
1308940.0926489457
20
398613.1540021553
30
48
0
VERTEX
8
C-TOPO-MAJR
10
1308938.602078097
20
398612.723705453
30
48
0
VERTEX
8
C-TOPO-MAJR
10
1308937.1115072481
20
398612.236138238
30
48
0
VERTEX
8
C-TOPO-MAJR
10
1308935.620936399
20
398611.6913005103
30
48
0
VERTEX
8
C-TOPO-MAJR
10
1308934.189961631
20
398611.1360991128
30
48
0
VERTEX
8
C-TOPO-MAJR
10
1308932.8185829439
20
398610.57053404546
30
48
0
VERTEX
8
C-TOPO-MAJR
10
1308931.5068003375
20
398609.9946053083
30
48
0
VERTEX
8
C-TOPO-MAJR
10
1308930.2546138118
20
398609.40831290116
30
48
0
VERTEX
8
C-TOPO-MAJR
10
1308929.2558778366
20
398608.93449869566
30
48
0
VERTEX
8
C-TOPO-MAJR
10
1308928.5105924122
20
398608.57316269155
30
48
0
VERTEX
8
C-TOPO-MAJR
10
1308928.0187575384
20
398608.32430488896
30
48
0
VERTEX
8
C-TOPO-MAJR
10
1308927.7803732152
20
398608.1879252879
30
48
0
VERTEX
8
C-TOPO-MAJR
10
1308927.2289422606
20
398607.8279988676
30
48
0
VERTEX
8
C-TOPO-MAJR
10
1308926.3644646746
20
398607.2445256284
30
48
0
VERTEX
8
C-TOPO-MAJR
10
1308925.1869404572
20
398606.43750557007
30
48
0
VERTEX
8
C-TOPO-MAJR
10
1308923.6963696084
20
398605.4069386927
30
48
0
VERTEX
8
C-TOPO-MAJR
10
1308922.494726879
20
398604.5635198543
30
48
0
VERTEX
8
C-TOPO-MAJR
10
1308921.5820122696
20
398603.90724905493
30
48
0
VERTEX
8
C-TOPO-MAJR
10
1308920.9582257795
20
398603.4381262946
30
48
0
VERTEX
8
C-TOPO-MAJR
10
1308920.623367409
20
398603.15615157323
30
48
0
VERTEX
8
C-TOPO-MAJR
10
1308920.0832955115
20
398602.5846310727
30
48
0
VERTEX
8
C-TOPO-MAJR
10
1308919.338010087
20
398601.72356479295
30
48
0
VERTEX
8
C-TOPO-MAJR
10
1308918.3875111355
20
398600.572952734
30
48
0
VERTEX
8
C-TOPO-MAJR
10
1308917.2317986572
20
398599.13279489585
30
48
0
VERTEX
8
C-TOPO-MAJR
10
1308916.3636929323
20
398598.0504856768
30
48
0
VERTEX
8
C-TOPO-MAJR
10
1308915.783193961
20
398597.32602507685
30
48
0
VERTEX
8
C-TOPO-MAJR
10
1308915.490301743
20
398596.959413096
30
48
0
VERTEX
8
C-TOPO-MAJR
10
1308915.4850162782
20
398596.9506497344
30
48
0
VERTEX
8
C-TOPO-MAJR
10
1308915.3224125155
20
398596.5818469132
30
48
0
VERTEX
8
C-TOPO-MAJR
10
1308915.002490455
20
398595.85300463234
30
48
0
VERTEX
8
C-TOPO-MAJR
10
1308914.5252500963
20
398594.76412289205
30
48
0
VERTEX
8
C-TOPO-MAJR
10
1308913.8906914399
20
398593.31520169217
30
48
0
VERTEX
8
C-TOPO-MAJR
10
1308913.3107957903
20
398591.86628049234
30
48
0
VERTEX
8
C-TOPO-MAJR
10
1308912.7855631476
20
398590.41735929257
30
48
0
VERTEX
8
C-TOPO-MAJR
10
1308912.3149935124
20
398588.96843809274
30
48
0
VERTEX
8
C-TOPO-MAJR
10
1308911.8990868838
20
398587.51951689285
30
48
0
VERTEX
8
C-TOPO-MAJR
10
1308911.6333299717
20
398586.070595693
30
48
0
VERTEX
8
C-TOPO-MAJR
10
1308911.517722776
20
398584.6216744932
30
48
0
VERTEX
8
C-TOPO-MAJR
10
1308911.5522652962
20
398583.1727532933
30
48
0
VERTEX
8
C-TOPO-MAJR
10
1308911.7369575333
20
398581.72383209347
30
48
0
VERTEX
8
C-TOPO-MAJR
10
1308911.8309451127
20
398580.27491089364
30
48
0
VERTEX
8
C-TOPO-MAJR
10
1308911.834228035
20
398578.8259896937
30
48
0
VERTEX
8
C-TOPO-MAJR
10
1308911.7468063
20
398577.37706849386
30
48
0
VERTEX
8
C-TOPO-MAJR
10
1308911.5686799076
20
398575.9281472941
30
48
0
VERTEX
8
C-TOPO-MAJR
10
1308911.4479089826
20
398574.4792260942
30
48
0
VERTEX
8
C-TOPO-MAJR
10
1308911.384493525
20
398573.03030489443
30
48
0
VERTEX
8
C-TOPO-MAJR
10
1308911.3784335342
20
398571.58138369455
30
48
0
VERTEX
8
C-TOPO-MAJR
10
1308911.4297290107
20
398570.13246249466
30
48
0
VERTEX
8
C-TOPO-MAJR
10
1308911.4245880297
20
398568.6835412948
30
48
0
VERTEX
8
C-TOPO-MAJR
10
1308911.3630105914
20
398567.234620095
30
48
0
VERTEX
8
C-TOPO-MAJR
10
1308911.2449966955
20
398565.7856988951
30
48
0
VERTEX
8
C-TOPO-MAJR
10
1308911.0705463423
20
398564.3367776953
30
48
0
VERTEX
8
C-TOPO-MAJR
10
1308910.9057447303
20
398562.88785649545
30
48
0
VERTEX
8
C-TOPO-MAJR
10
1308910.7505918597
20
398561.4389352955
30
48
0
VERTEX
8
C-TOPO-MAJR
10
1308910.6050877303
20
398559.9900140957
30
48
0
VERTEX
8
C-TOPO-MAJR
10
1308910.469232342
20
398558.5410928959
30
48
0
VERTEX
8
C-TOPO-MAJR
10
1308910.3217468811
20
398557.32434900175
30
48
0
VERTEX
8
C-TOPO-MAJR
10
1308910.1626313478
20
398556.3397824133
30
48
0
VERTEX
8
C-TOPO-MAJR
10
1308909.9918857417
20
398555.58739313064
30
48
0
VERTEX
8
C-TOPO-MAJR
10
1308909.809510063
20
398555.0671811536
30
48
0
VERTEX
8
C-TOPO-MAJR
10
1308909.606251896
20
398554.4448448651
30
48
0
VERTEX
8
C-TOPO-MAJR
10
1308909.382111241
20
398553.7203842652
30
48
0
VERTEX
8
C-TOPO-MAJR
10
1308909.1370880986
20
398552.89379935386
30
48
0
VERTEX
8
C-TOPO-MAJR
10
1308908.871182468
20
398551.96509013104
30
48
0
VERTEX
8
C-TOPO-MAJR
10
1308908.5656976202
20
398550.9063279139
30
48
0
VERTEX
8
C-TOPO-MAJR
10
1308908.2206335552
20
398549.71751270257
30
48
0
VERTEX
8
C-TOPO-MAJR
10
1308907.8359902725
20
398548.3986444969
30
48
0
VERTEX
8
C-TOPO-MAJR
10
1308907.4117677724
20
398546.9497232971
30
48
0
VERTEX
8
C-TOPO-MAJR
10
1308906.9501214176
20
398545.50080209726
30
48
0
VERTEX
8
C-TOPO-MAJR
10
1308906.4510512087
20
398544.0518808973
30
48
0
VERTEX
8
C-TOPO-MAJR
10
1308905.914557145
20
398542.6029596975
30
48
0
VERTEX
8
C-TOPO-MAJR
10
1308905.3406392266
20
398541.1540384977
30
48
0
VERTEX
8
C-TOPO-MAJR
10
1308904.8535695882
20
398539.9707218741
30
48
0
VERTEX
8
C-TOPO-MAJR
10
1308904.4533482287
20
398539.05300982675
30
48
0
VERTEX
8
C-TOPO-MAJR
10
1308904.1399751492
20
398538.4009023556
30
48
0
VERTEX
8
C-TOPO-MAJR
10
1308903.9134503491
20
398538.01439946075
30
48
0
VERTEX
8
C-TOPO-MAJR
10
1308903.3709140369
20
398537.5882478681
30
48
0
VERTEX
8
C-TOPO-MAJR
10
1308902.5123662124
20
398537.12244757765
30
48
0
VERTEX
8
C-TOPO-MAJR
10
1308901.3378068758
20
398536.6169985895
30
48
0
VERTEX
8
C-TOPO-MAJR
10
1308899.8472360268
20
398536.07190090336
30
48
0
VERTEX
8
C-TOPO-MAJR
10
1308898.5758294812
20
398535.53374748415
30
48
0
VERTEX
8
C-TOPO-MAJR
10
1308897.5235872394
20
398535.00253833167
30
48
0
VERTEX
8
C-TOPO-MAJR
10
1308896.6905093011
20
398534.478273446
30
48
0
VERTEX
8
C-TOPO-MAJR
10
1308896.076595666
20
398533.960952827
30
48
0
VERTEX
8
C-TOPO-MAJR
10
1308895.3969961363
20
398533.34145784465
30
48
0
VERTEX
8
C-TOPO-MAJR
10
1308894.651710712
20
398532.61978849897
30
48
0
VERTEX
8
C-TOPO-MAJR
10
1308893.8407393927
20
398531.7959447899
30
48
0
VERTEX
8
C-TOPO-MAJR
10
1308892.964082179
20
398530.86992671737
30
48
0
VERTEX
8
C-TOPO-MAJR
10
1308892.1693852576
20
398530.0446873812
30
48
0
VERTEX
8
C-TOPO-MAJR
10
1308891.4566486287
20
398529.3202267812
30
48
0
VERTEX
8
C-TOPO-MAJR
10
1308890.8258722925
20
398528.6965449176
30
48
0
VERTEX
8
C-TOPO-MAJR
10
1308890.277056249
20
398528.1736417902
30
48
0
VERTEX
8
C-TOPO-MAJR
10
1308889.630005515
20
398527.5272478786
30
48
0
VERTEX
8
C-TOPO-MAJR
10
1308888.8847200905
20
398526.7573631827
30
48
0
VERTEX
8
C-TOPO-MAJR
10
1308888.0411999756
20
398525.8639877026
30
48
0
VERTEX
8
C-TOPO-MAJR
10
1308887.0994451705
20
398524.8471214383
30
48
0
VERTEX
8
C-TOPO-MAJR
10
1308886.2669529654
20
398523.97645800613
30
48
0
VERTEX
8
C-TOPO-MAJR
10
1308885.543723361
20
398523.2519974062
30
48
0
VERTEX
8
C-TOPO-MAJR
10
1308884.9297563566
20
398522.67373963847
30
48
0
VERTEX
8
C-TOPO-MAJR
10
1308884.4250519527
20
398522.241684703
30
48
0
VERTEX
8
C-TOPO-MAJR
10
1308883.8000570384
20
398521.63293285866
30
48
0
VERTEX
8
C-TOPO-MAJR
10
1308883.054771614
20
398520.84748410544
30
48
0
VERTEX
8
C-TOPO-MAJR
10
1308882.1891956795
20
398519.8853384434
30
48
0
VERTEX
8
C-TOPO-MAJR
10
1308881.2033292346
20
398518.74649587244
30
48
0
VERTEX
8
C-TOPO-MAJR
10
1308880.3850694995
20
398517.814844287
30
48
0
VERTEX
8
C-TOPO-MAJR
10
1308879.7344164741
20
398517.0903836871
30
48
0
VERTEX
8
C-TOPO-MAJR
10
1308879.2513701583
20
398516.5731140727
30
48
0
VERTEX
8
C-TOPO-MAJR
10
1308878.9359305522
20
398516.2630354437
30
48
0
VERTEX
8
C-TOPO-MAJR
10
1308878.405568037
20
398515.7661177642
30
48
0
VERTEX
8
C-TOPO-MAJR
10
1308877.6602826125
20
398515.0823610341
30
48
0
VERTEX
8
C-TOPO-MAJR
10
1308876.700074279
20
398514.21176525333
30
48
0
VERTEX
8
C-TOPO-MAJR
10
1308875.524943036
20
398513.1543304218
30
48
0
VERTEX
8
C-TOPO-MAJR
10
1308874.5518770232
20
398512.2633827062
30
48
0
VERTEX
8
C-TOPO-MAJR
10
1308873.7808762407
20
398511.53892210627
30
48
0
VERTEX
8
C-TOPO-MAJR
10
1308873.2119406878
20
398510.9809486221
30
48
0
VERTEX
8
C-TOPO-MAJR
10
1308872.845070365
20
398510.5894622537
30
48
0
VERTEX
8
C-TOPO-MAJR
10
1308872.2889924913
20
398509.942350039
30
48
0
VERTEX
8
C-TOPO-MAJR
10
1308871.543707067
20
398509.03961197817
30
48
0
VERTEX
8
C-TOPO-MAJR
10
1308870.6092140917
20
398507.8812480711
30
48
0
VERTEX
8
C-TOPO-MAJR
10
1308869.4855135656
20
398506.46725831775
30
48
0
VERTEX
8
C-TOPO-MAJR
10
1308868.270095459
20
398505.4116523651
30
48
0
VERTEX
8
C-TOPO-MAJR
10
1308866.9629597713
20
398504.714430213
30
48
0
VERTEX
8
C-TOPO-MAJR
10
1308865.5641065033
20
398504.37559186155
30
48
0
VERTEX
8
C-TOPO-MAJR
10
1308864.0735356545
20
398504.3951373107
30
48
0
VERTEX
8
C-TOPO-MAJR
10
1308862.8960459754
20
398504.39617717365
30
48
0
VERTEX
8
C-TOPO-MAJR
10
1308862.0316374665
20
398504.3787114504
30
48
0
VERTEX
8
C-TOPO-MAJR
10
1308861.4803101276
20
398504.34274014086
30
48
0
VERTEX
8
C-TOPO-MAJR
10
1308861.2420639587
20
398504.28826324514
30
48
0
VERTEX
8
C-TOPO-MAJR
10
1308860.750298162
20
398504.18661756295
30
48
0
VERTEX
8
C-TOPO-MAJR
10
1308860.0050127376
20
398504.0378030943
30
48
0
VERTEX
8
C-TOPO-MAJR
10
1308859.0062076855
20
398503.8418198392
30
48
0
VERTEX
8
C-TOPO-MAJR
10
1308857.7538830056
20
398503.59866779763
30
48
0
VERTEX
8
C-TOPO-MAJR
10
1308856.8146394957
20
398503.4163037664
30
48
0
VERTEX
8
C-TOPO-MAJR
10
1308856.1884771558
20
398503.2947277457
30
48
0
VERTEX
8
C-TOPO-MAJR
10
1308855.8753959858
20
398503.2339397353
30
48
0
SEQEND
0
POLYLINE
8
C-TOPO-MAJR
66
1
70
0
0
VERTEX
8
C-TOPO-MAJR
10
1309016.8570476614
20
398609.3450355904
30
50
0
VERTEX
8
C-TOPO-MAJR
10
1309016.4844049492
20
398609.4489923263
30
50
0
VERTEX
8
C-TOPO-MAJR
10
1309015.7391195248
20
398609.656905798
30
50
0
VERTEX
8
C-TOPO-MAJR
10
1309014.6211913882
20
398609.9687760056
30
50
0
VERTEX
8
C-TOPO-MAJR
10
1309013.1306205392
20
398610.3846029491
30
50
0
VERTEX
8
C-TOPO-MAJR
10
1309011.6400496904
20
398610.7235672391
30
50
0
VERTEX
8
C-TOPO-MAJR
10
1309010.1494788416
20
398610.9856688758
30
50
0
VERTEX
8
C-TOPO-MAJR
10
1309008.6589079928
20
398611.170907859
30
50
0
VERTEX
8
C-TOPO-MAJR
10
1309007.1683371437
20
398611.2792841888
30
50
0
VERTEX
8
C-TOPO-MAJR
10
1309005.7201679742
20
398611.17850553663
30
50
0
VERTEX
8
C-TOPO-MAJR
10
1309004.314400484
20
398610.8685719024
30
50
0
VERTEX
8
C-TOPO-MAJR
10
1309002.9510346733
20
398610.3494832862
30
50
0
VERTEX
8
C-TOPO-MAJR
10
1309001.630070542
20
398609.621239688
30
50
0
VERTEX
8
C-TOPO-MAJR
10
1309000.596945764
20
398609.06499081885
30
50
0
VERTEX
8
C-TOPO-MAJR
10
1308999.8516603396
20
398608.6807366788
30
50
0
VERTEX
8
C-TOPO-MAJR
10
1308999.3942142688
20
398608.4684772679
30
50
0
VERTEX
8
C-TOPO-MAJR
10
1308999.2246075512
20
398608.428212586
30
50
0
VERTEX
8
C-TOPO-MAJR
10
1308998.7247598008
20
398608.2921707693
30
50
0
VERTEX
8
C-TOPO-MAJR
10
1308997.8946710178
20
398608.06035181764
30
50
0
VERTEX
8
C-TOPO-MAJR
10
1308996.7343412018
20
398607.7327557313
30
50
0
VERTEX
8
C-TOPO-MAJR
10
1308995.243770353
20
398607.30938251014
30
50
0
VERTEX
8
C-TOPO-MAJR
10
1308993.7531995042
20
398606.95470980223
30
50
0
VERTEX
8
C-TOPO-MAJR
10
1308992.2626286554
20
398606.66873760766
30
50
0
VERTEX
8
C-TOPO-MAJR
10
1308990.7720578066
20
398606.4514659265
30
50
0
VERTEX
8
C-TOPO-MAJR
10
1308989.2814869578
20
398606.3028947586
30
50
0
VERTEX
8
C-TOPO-MAJR
10
1308987.790916109
20
398606.1779477837
30
50
0
VERTEX
8
C-TOPO-MAJR
10
1308986.3003452602
20
398606.07662500185
30
50
0
VERTEX
8
C-TOPO-MAJR
10
1308984.8097744111
20
398605.9989264131
30
50
0
VERTEX
8
C-TOPO-MAJR
10
1308983.319203562
20
398605.94485201733
30
50
0
VERTEX
8
C-TOPO-MAJR
10
1308981.8286327133
20
398605.8995076292
30
50
0
VERTEX
8
C-TOPO-MAJR
10
1308980.3380618645
20
398605.8628932487
30
50
0
VERTEX
8
C-TOPO-MAJR
10
1308978.8474910157
20
398605.83500887576
30
50
0
VERTEX
8
C-TOPO-MAJR
10
1308977.3569201669
20
398605.8158545105
30
50
0
VERTEX
8
C-TOPO-MAJR
10
1308975.866349318
20
398605.806965507
30
50
0
VERTEX
8
C-TOPO-MAJR
10
1308974.3757784693
20
398605.80834186514
30
50
0
VERTEX
8
C-TOPO-MAJR
10
1308972.8852076204
20
398605.8199835849
30
50
0
VERTEX
8
C-TOPO-MAJR
10
1308971.3946367714
20
398605.84189066646
30
50
0
VERTEX
8
C-TOPO-MAJR
10
1308969.9040659224
20
398605.86407256883
30
50
0
VERTEX
8
C-TOPO-MAJR
10
1308968.4134950736
20
398605.886529292
30
50
0
VERTEX
8
C-TOPO-MAJR
10
1308966.9229242248
20
398605.90926083596
30
50
0
VERTEX
8
C-TOPO-MAJR
10
1308965.432353376
20
398605.9322672009
30
50
0
VERTEX
8
C-TOPO-MAJR
10
1308963.9417825271
20
398605.9463761053
30
50
0
VERTEX
8
C-TOPO-MAJR
10
1308962.4512116783
20
398605.95158754924
30
50
0
VERTEX
8
C-TOPO-MAJR
10
1308960.9606408295
20
398605.94790153275
30
50
0
VERTEX
8
C-TOPO-MAJR
10
1308959.4700699807
20
398605.9353180558
30
50
0
VERTEX
8
C-TOPO-MAJR
10
1308957.979499132
20
398605.91347741336
30
50
0
VERTEX
8
C-TOPO-MAJR
10
1308956.488928283
20
398605.8823796053
30
50
0
VERTEX
8
C-TOPO-MAJR
10
1308954.9983574343
20
398605.8420246318
30
50
0
VERTEX
8
C-TOPO-MAJR
10
1308953.5077865855
20
398605.7924124928
30
50
0
VERTEX
8
C-TOPO-MAJR
10
1308952.0172157367
20
398605.68722143624
30
50
0
VERTEX
8
C-TOPO-MAJR
10
1308950.5266448879
20
398605.5264514621
30
50
0
VERTEX
8
C-TOPO-MAJR
10
1308949.0360740388
20
398605.31010257045
30
50
0
VERTEX
8
C-TOPO-MAJR
10
1308947.5455031898
20
398605.0381747612
30
50
0
VERTEX
8
C-TOPO-MAJR
10
1308946.0567848976
20
398604.71566055703
30
50
0
VERTEX
8
C-TOPO-MAJR
10
1308944.5699191624
20
398604.34255995794
30
50
0
VERTEX
8
C-TOPO-MAJR
10
1308943.0849059836
20
398603.91887296387
30
50
0
VERTEX
8
C-TOPO-MAJR
10
1308941.6017453617
20
398603.4445995748
30
50
0
VERTEX
8
C-TOPO-MAJR
10
1308940.4875223385
20
398603.088224713
30
50
0
VERTEX
8
C-TOPO-MAJR
10
1308939.742236914
20
398602.8497483785
30
50
0
VERTEX
8
C-TOPO-MAJR
10
1308939.3658890885
20
398602.72917057126
30
50
0
VERTEX
8
C-TOPO-MAJR
10
1308939.3584788616
20
398602.7264912912
30
50
0
VERTEX
8
C-TOPO-MAJR
10
1308938.9802784794
20
398602.5142630234
30
50
0
VERTEX
8
C-TOPO-MAJR
10
1308938.2312879413
20
398602.0924857676
30
50
0
VERTEX
8
C-TOPO-MAJR
10
1308937.1115072481
20
398601.461159524
30
50
0
VERTEX
8
C-TOPO-MAJR
10
1308935.620936399
20
398600.6202842925
30
50
0
VERTEX
8
C-TOPO-MAJR
10
1308934.3088339553
20
398599.8382861968
30
50
0
VERTEX
8
C-TOPO-MAJR
10
1308933.1751999168
20
398599.11516523693
30
50
0
VERTEX
8
C-TOPO-MAJR
10
1308932.2200342834
20
398598.4509214128
30
50
0
VERTEX
8
C-TOPO-MAJR
10
1308931.443337055
20
398597.8455547244
30
50
0
VERTEX
8
C-TOPO-MAJR
10
1308930.6823457284
20
398597.2129736811
30
50
0
VERTEX
8
C-TOPO-MAJR
10
1308929.937060304
20
398596.5531782829
30
50
0
VERTEX
8
C-TOPO-MAJR
10
1308929.2074807817
20
398595.8661685298
30
50
0
VERTEX
8
C-TOPO-MAJR
10
1308928.493607161
20
398595.1519444217
30
50
0
VERTEX
8
C-TOPO-MAJR
10
1308927.8128391996
20
398594.4326020677
30
50
0
VERTEX
8
C-TOPO-MAJR
10
1308927.1651768968
20
398593.7081414678
30
50
0
VERTEX
8
C-TOPO-MAJR
10
1308926.550620253
20
398592.978562622
30
50
0
VERTEX
8
C-TOPO-MAJR
10
1308925.9691692677
20
398592.2438655301
30
50
0
VERTEX
8
C-TOPO-MAJR
10
1308925.3409978184
20
398591.3306124113
30
50
0
VERTEX
8
C-TOPO-MAJR
10
1308924.6661059046
20
398590.23880326556
30
50
0
VERTEX
8
C-TOPO-MAJR
10
1308923.9444935264
20
398588.96843809274
30
50
0
VERTEX
8
C-TOPO-MAJR
10
1308923.176160684
20
398587.51951689285
30
50
0
VERTEX
8
C-TOPO-MAJR
10
1308922.5647142967
20
398586.33149253
30
50
0
VERTEX
8
C-TOPO-MAJR
10
1308922.110154365
20
398585.40436500404
30
50
0
VERTEX
8
C-TOPO-MAJR
10
1308921.8124808883
20
398584.7381343152
30
50
0
VERTEX
8
C-TOPO-MAJR
10
1308921.671693867
20
398584.33280046325
30
50
0
VERTEX
8
C-TOPO-MAJR
10
1308921.5032430268
20
398583.7679032373
30
50
0
VERTEX
8
C-TOPO-MAJR
10
1308921.3071283675
20
398583.0434426374
30
50
0
VERTEX
8
C-TOPO-MAJR
10
1308921.0833498891
20
398582.1594186635
30
50
0
VERTEX
8
C-TOPO-MAJR
10
1308920.8319075922
20
398581.1158313156
30
50
0
VERTEX
8
C-TOPO-MAJR
10
1308920.5723527176
20
398579.9709105047
30
50
0
VERTEX
8
C-TOPO-MAJR
10
1308920.3046852658
20
398578.7246562307
30
50
0
VERTEX
8
C-TOPO-MAJR
10
1308920.0289052366
20
398577.37706849386
30
50
0
VERTEX
8
C-TOPO-MAJR
10
1308919.7450126307
20
398575.9281472941
30
50
0
VERTEX
8
C-TOPO-MAJR
10
1308919.521998752
20
398574.4792260942
30
50
0
VERTEX
8
C-TOPO-MAJR
10
1308919.3598636002
20
398573.03030489443
30
50
0
VERTEX
8
C-TOPO-MAJR
10
1308919.2586071764
20
398571.58138369455
30
50
0
VERTEX
8
C-TOPO-MAJR
10
1308919.2182294799
20
398570.13246249466
30
50
0
VERTEX
8
C-TOPO-MAJR
10
1308919.2138973502
20
398568.6835412948
30
50
0
VERTEX
8
C-TOPO-MAJR
10
1308919.2456107873
20
398567.234620095
30
50
0
VERTEX
8
C-TOPO-MAJR
10
1308919.3133697915
20
398565.7856988951
30
50
0
VERTEX
8
C-TOPO-MAJR
10
1308919.4171743623
20
398564.3367776953
30
50
0
VERTEX
8
C-TOPO-MAJR
10
1308919.416174544
20
398562.88785649545
30
50
0
VERTEX
8
C-TOPO-MAJR
10
1308919.3103703358
20
398561.4389352955
30
50
0
VERTEX
8
C-TOPO-MAJR
10
1308919.0997617384
20
398559.9900140957
30
50
0
VERTEX
8
C-TOPO-MAJR
10
1308918.7843487517
20
398558.5410928959
30
50
0
VERTEX
8
C-TOPO-MAJR
10
1308918.3819178762
20
398557.092171696
30
50
0
VERTEX
8
C-TOPO-MAJR
10
1308917.8924691125
20
398555.64325049624
30
50
0
VERTEX
8
C-TOPO-MAJR
10
1308917.3160024604
20
398554.19432929636
30
50
0
VERTEX
8
C-TOPO-MAJR
10
1308916.65251792
20
398552.74540809647
30
50
0
VERTEX
8
C-TOPO-MAJR
10
1308916.1449631916
20
398551.6372735503
30
50
0
VERTEX
8
C-TOPO-MAJR
10
1308915.793338275
20
398550.86992565787
30
50
0
VERTEX
8
C-TOPO-MAJR
10
1308915.5976431707
20
398550.44336441916
30
50
0
VERTEX
8
C-TOPO-MAJR
10
1308915.5578778784
20
398550.3575898342
30
50
0
VERTEX
8
C-TOPO-MAJR
10
1308915.3998808903
20
398549.9524722417
30
50
0
VERTEX
8
C-TOPO-MAJR
10
1308915.123652206
20
398549.22801164177
30
50
0
VERTEX
8
C-TOPO-MAJR
10
1308914.729191826
20
398548.1842080344
30
50
0
VERTEX
8
C-TOPO-MAJR
10
1308914.2164997503
20
398546.82106141956
30
50
0
VERTEX
8
C-TOPO-MAJR
10
1308913.587511
20
398545.53282854625
30
50
0
VERTEX
8
C-TOPO-MAJR
10
1308912.8422255756
20
398544.31950941455
30
50
0
VERTEX
8
C-TOPO-MAJR
10
1308911.9806434768
20
398543.18110402435
30
50
0
VERTEX
8
C-TOPO-MAJR
10
1308911.002764704
20
398542.1176123757
30
50
0
VERTEX
8
C-TOPO-MAJR
10
1308910.215420281
20
398541.2236362514
30
50
0
VERTEX
8
C-TOPO-MAJR
10
1308909.6186102089
20
398540.49917565146
30
50
0
VERTEX
8
C-TOPO-MAJR
10
1308909.2123344867
20
398539.94423057593
30
50
0
VERTEX
8
C-TOPO-MAJR
10
1308908.9965931152
20
398539.5588010247
30
50
0
VERTEX
8
C-TOPO-MAJR
10
1308908.6702506132
20
398538.9074985613
30
50
0
VERTEX
8
C-TOPO-MAJR
10
1308908.2333069814
20
398537.9903231859
30
50
0
VERTEX
8
C-TOPO-MAJR
10
1308907.6857622191
20
398536.8072748982
30
50
0
VERTEX
8
C-TOPO-MAJR
10
1308907.0276163267
20
398535.3583536983
30
50
0
VERTEX
8
C-TOPO-MAJR
10
1308906.3798360112
20
398533.9422275768
30
50
0
VERTEX
8
C-TOPO-MAJR
10
1308905.7424212727
20
398532.55889653374
30
50
0
VERTEX
8
C-TOPO-MAJR
10
1308905.115372111
20
398531.20836056897
30
50
0
VERTEX
8
C-TOPO-MAJR
10
1308904.4986885265
20
398529.89061968256
30
50
0
VERTEX
8
C-TOPO-MAJR
10
1308904.0125018319
20
398528.8695189394
30
50
0
VERTEX
8
C-TOPO-MAJR
10
1308903.6568120278
20
398528.1450583395
30
50
0
VERTEX
8
C-TOPO-MAJR
10
1308903.4316191142
20
398527.71723788284
30
50
0
VERTEX
8
C-TOPO-MAJR
10
1308903.336923091
20
398527.5860575693
30
50
0
VERTEX
8
C-TOPO-MAJR
10
1308903.2895750795
20
398527.4092029316
30
50
0
VERTEX
8
C-TOPO-MAJR
10
1308903.2895750795
20
398527.1866739697
30
50
0
VERTEX
8
C-TOPO-MAJR
10
1308903.336923091
20
398526.91847068357
30
50
0
VERTEX
8
C-TOPO-MAJR
10
1308903.431619114
20
398526.6045930732
30
50
0
VERTEX
8
C-TOPO-MAJR
10
1308903.6879994157
20
398526.08542396803
30
50
0
VERTEX
8
C-TOPO-MAJR
10
1308904.1060639955
20
398525.3609633681
30
50
0
VERTEX
8
C-TOPO-MAJR
10
1308904.685812854
20
398524.4312112734
30
50
0
VERTEX
8
C-TOPO-MAJR
10
1308905.4272459908
20
398523.29616768396
30
50
0
VERTEX
8
C-TOPO-MAJR
10
1308906.1706052714
20
398522.2790568919
30
50
0
VERTEX
8
C-TOPO-MAJR
10
1308906.915890696
20
398521.37987889734
30
50
0
VERTEX
8
C-TOPO-MAJR
10
1308907.663102264
20
398520.5986337002
30
50
0
VERTEX
8
C-TOPO-MAJR
10
1308908.4122399762
20
398519.9353213004
30
50
0
VERTEX
8
C-TOPO-MAJR
10
1308909.1171819975
20
398519.2414348006
30
50
0
VERTEX
8
C-TOPO-MAJR
10
1308909.7779283286
20
398518.5169742007
30
50
0
VERTEX
8
C-TOPO-MAJR
10
1308910.3944789688
20
398517.7619395007
30
50
0
VERTEX
8
C-TOPO-MAJR
10
1308910.9668339188
20
398516.97633070056
30
50
0
VERTEX
8
C-TOPO-MAJR
10
1308911.578626312
20
398516.0248938005
30
50
0
VERTEX
8
C-TOPO-MAJR
10
1308912.2298561488
20
398514.90762880055
30
50
0
VERTEX
8
C-TOPO-MAJR
10
1308912.9205234288
20
398513.62453570066
30
50
0
VERTEX
8
C-TOPO-MAJR
10
1308913.650628152
20
398512.1756145007
30
50
0
VERTEX
8
C-TOPO-MAJR
10
1308913.8725917763
20
398510.88987751177
30
50
0
VERTEX
8
C-TOPO-MAJR
10
1308913.5864143013
20
398509.7673247338
30
50
0
VERTEX
8
C-TOPO-MAJR
10
1308912.7920957273
20
398508.8079561666
30
50
0
VERTEX
8
C-TOPO-MAJR
10
1308911.4896360543
20
398508.01177181036
30
50
0
VERTEX
8
C-TOPO-MAJR
10
1308910.140148587
20
398507.25960982544
30
50
0
VERTEX
8
C-TOPO-MAJR
10
1308908.743633326
20
398506.55147021177
30
50
0
VERTEX
8
C-TOPO-MAJR
10
1308907.300090271
20
398505.88735296944
30
50
0
VERTEX
8
C-TOPO-MAJR
10
1308905.8095194222
20
398505.26725809847
30
50
0
VERTEX
8
C-TOPO-MAJR
10
1308904.3189485734
20
398504.7969687237
30
50
0
VERTEX
8
C-TOPO-MAJR
10
1308902.8283777246
20
398504.4764848453
30
50
0
VERTEX
8
C-TOPO-MAJR
10
1308901.3378068758
20
398504.30580646306
30
50
0
VERTEX
8
C-TOPO-MAJR
10
1308899.8472360268
20
398504.2849335771
30
50
0
VERTEX
8
C-TOPO-MAJR
10
1308898.3566651777
20
398504.2685596171
30
50
0
VERTEX
8
C-TOPO-MAJR
10
1308896.866094329
20
398504.25668458303
30
50
0
VERTEX
8
C-TOPO-MAJR
10
1308895.3755234801
20
398504.2493084749
30
50
0
VERTEX
8
C-TOPO-MAJR
10
1308893.8849526313
20
398504.2464312927
30
50
0
VERTEX
8
C-TOPO-MAJR
10
1308892.3943817825
20
398504.25562465296
30
50
0
VERTEX
8
C-TOPO-MAJR
10
1308890.9038109337
20
398504.2768885557
30
50
0
VERTEX
8
C-TOPO-MAJR
10
1308889.413240085
20
398504.31022300094
30
50
0
VERTEX
8
C-TOPO-MAJR
10
1308887.922669236
20
398504.3556279886
30
50
0
VERTEX
8
C-TOPO-MAJR
10
1308886.6854032045
20
398504.37610750634
30
50
0
VERTEX
8
C-TOPO-MAJR
10
1308885.7014419902
20
398504.3716615542
30
50
0
VERTEX
8
C-TOPO-MAJR
10
1308884.9707855936
20
398504.34229013196
30
50
0
VERTEX
8
C-TOPO-MAJR
10
1308884.493434014
20
398504.2879932398
30
50
0
VERTEX
8
C-TOPO-MAJR
10
1308883.8821155122
20
398504.21284044837
30
50
0
VERTEX
8
C-TOPO-MAJR
10
1308883.1368300878
20
398504.1168317575
30
50
0
VERTEX
8
C-TOPO-MAJR
10
1308882.2575777408
20
398503.99996716727
30
50
0
VERTEX
8
C-TOPO-MAJR
10
1308881.2443584716
20
398503.86224667775
30
50
0
VERTEX
8
C-TOPO-MAJR
10
1308880.1118013072
20
398503.50436524855
30
50
0
VERTEX
8
C-TOPO-MAJR
10
1308878.8599062483
20
398502.92632287974
30
50
0
VERTEX
8
C-TOPO-MAJR
10
1308877.4886732942
20
398502.12811957137
30
50
0
VERTEX
8
C-TOPO-MAJR
10
1308875.9981024452
20
398501.10975532327
30
50
0
VERTEX
8
C-TOPO-MAJR
10
1308874.5075315963
20
398500.2739992723
30
50
0
VERTEX
8
C-TOPO-MAJR
10
1308873.0169607475
20
398499.62085141847
30
50
0
VERTEX
8
C-TOPO-MAJR
10
1308871.5263898987
20
398499.15031176165
30
50
0
VERTEX
8
C-TOPO-MAJR
10
1308870.0358190497
20
398498.862380302
30
50
0
VERTEX
8
C-TOPO-MAJR
10
1308868.6540616523
20
398498.6452054566
30
50
0
VERTEX
8
C-TOPO-MAJR
10
1308867.3811177064
20
398498.4987872254
30
50
0
VERTEX
8
C-TOPO-MAJR
10
1308866.216987212
20
398498.4231256086
30
50
0
VERTEX
8
C-TOPO-MAJR
10
1308865.161670169
20
398498.41822060605
30
50
0
VERTEX
8
C-TOPO-MAJR
10
1308864.2613689355
20
398498.4140311118
30
50
0
VERTEX
8
C-TOPO-MAJR
10
1308863.516083511
20
398498.4105571258
30
50
0
VERTEX
8
C-TOPO-MAJR
10
1308862.9258138959
20
398498.40779864823
30
50
0
VERTEX
8
C-TOPO-MAJR
10
1308862.49056009
20
398498.40575567895
30
50
0
VERTEX
8
C-TOPO-MAJR
10
1308861.7914770232
20
398498.3821473734
30
50
0
VERTEX
8
C-TOPO-MAJR
10
1308860.828564696
20
398498.33697373176
30
50
0
VERTEX
8
C-TOPO-MAJR
10
1308859.6018231078
20
398498.27023475384
30
50
0
VERTEX
8
C-TOPO-MAJR
10
1308858.111252259
20
398498.18193043966
30
50
0
VERTEX
8
C-TOPO-MAJR
10
1308856.9933241224
20
398498.11570220406
30
50
0
VERTEX
8
C-TOPO-MAJR
10
1308856.248038698
20
398498.071550047
30
50
0
VERTEX
8
C-TOPO-MAJR
10
1308855.8753959858
20
398498.04947396845
30
50
0
SEQEND
0
POLYLINE
8
C-TOPO-MAJR
66
1
70
0
0
VERTEX
8
C-TOPO-MAJR
10
1308867.8469580747
20
398492.6151783028
30
52
0
VERTEX
8
C-TOPO-MAJR
10
1308868.2166635809
20
398492.71240104956
30
52
0
VERTEX
8
C-TOPO-MAJR
10
1308868.956074593
20
398492.9068465431
30
52
0
VERTEX
8
C-TOPO-MAJR
10
1308870.065191111
20
398493.19851478335
30
52
0
VERTEX
8
C-TOPO-MAJR
10
1308871.5440131356
20
398493.5874057705
30
52
0
VERTEX
8
C-TOPO-MAJR
10
1308873.025772366
20
398494.0684316797
30
52
0
VERTEX
8
C-TOPO-MAJR
10
1308874.5104688024
20
398494.641592511
30
52
0
VERTEX
8
C-TOPO-MAJR
10
1308875.9981024452
20
398495.30688826443
30
52
0
VERTEX
8
C-TOPO-MAJR
10
1308877.4886732942
20
398496.06431894004
30
52
0
VERTEX
8
C-TOPO-MAJR
10
1308878.979244143
20
398496.6854315564
30
52
0
VERTEX
8
C-TOPO-MAJR
10
1308880.4698149918
20
398497.17022611364
30
52
0
VERTEX
8
C-TOPO-MAJR
10
1308881.9603858406
20
398497.51870261173
30
52
0
VERTEX
8
C-TOPO-MAJR
10
1308883.4509566894
20
398497.73086105066
30
52
0
VERTEX
8
C-TOPO-MAJR
10
1308884.568884826
20
398497.88997987984
30
52
0
VERTEX
8
C-TOPO-MAJR
10
1308885.3141702504
20
398497.99605909927
30
52
0
VERTEX
8
C-TOPO-MAJR
10
1308885.6868129626
20
398498.049098709
30
52
0
SEQEND
0
POLYLINE
8
C-TOPO-MAJR
66
1
70
0
0
VERTEX
8
C-TOPO-MAJR
10
1308898.6343150877
20
398498.4108631022
30
52
0
VERTEX
8
C-TOPO-MAJR
10
1308898.9430243415
20
398498.4110527691
30
52
0
VERTEX
8
C-TOPO-MAJR
10
1308899.5604428493
20
398498.41143210296
30
52
0
VERTEX
8
C-TOPO-MAJR
10
1308900.4865706107
20
398498.41200110374
30
52
0
VERTEX
8
C-TOPO-MAJR
10
1308901.7214076258
20
398498.41275977145
30
52
0
VERTEX
8
C-TOPO-MAJR
10
1308903.0201780996
20
398498.4905689725
30
52
0
VERTEX
8
C-TOPO-MAJR
10
1308904.3828820318
20
398498.64542870683
30
52
0
VERTEX
8
C-TOPO-MAJR
10
1308905.8095194222
20
398498.8773389745
30
52
0
VERTEX
8
C-TOPO-MAJR
10
1308907.300090271
20
398499.18629977544
30
52
0
VERTEX
8
C-TOPO-MAJR
10
1308908.7906611199
20
398499.565213909
30
52
0
VERTEX
8
C-TOPO-MAJR
10
1308910.2812319687
20
398500.01408137527
30
52
0
VERTEX
8
C-TOPO-MAJR
10
1308911.7718028175
20
398500.5329021741
30
52
0
VERTEX
8
C-TOPO-MAJR
10
1308913.2623736665
20
398501.1216763056
30
52
0
VERTEX
8
C-TOPO-MAJR
10
1308914.7475186924
20
398501.70086380414
30
52
0
VERTEX
8
C-TOPO-MAJR
10
1308916.2272378951
20
398502.27046466974
30
52
0
VERTEX
8
C-TOPO-MAJR
10
1308917.701531275
20
398502.8304789024
30
52
0
VERTEX
8
C-TOPO-MAJR
10
1308919.1703988316
20
398503.3809065021
30
52
0
VERTEX
8
C-TOPO-MAJR
10
1308920.2774753221
20
398503.7971397855
30
52
0
VERTEX
8
C-TOPO-MAJR
10
1308921.0227607465
20
398504.0791787526
30
52
0
VERTEX
8
C-TOPO-MAJR
10
1308921.4062551048
20
398504.2270234035
30
52
0
VERTEX
8
C-TOPO-MAJR
10
1308921.427958397
20
398504.2406737381
30
52
0
VERTEX
8
C-TOPO-MAJR
10
1308921.7456422108
20
398504.6097292054
30
52
0
VERTEX
8
C-TOPO-MAJR
10
1308922.3593065466
20
398505.3341898053
30
52
0
VERTEX
8
C-TOPO-MAJR
10
1308923.2689514041
20
398506.4140555379
30
52
0
VERTEX
8
C-TOPO-MAJR
10
1308924.4745767831
20
398507.8493264031
30
52
0
VERTEX
8
C-TOPO-MAJR
10
1308925.1625063065
20
398509.28800985205
30
52
0
VERTEX
8
C-TOPO-MAJR
10
1308925.3327399741
20
398510.7301058845
30
52
0
VERTEX
8
C-TOPO-MAJR
10
1308924.9852777857
20
398512.1756145007
30
52
0
VERTEX
8
C-TOPO-MAJR
10
1308924.1201197414
20
398513.62453570066
30
52
0
VERTEX
8
C-TOPO-MAJR
10
1308923.3861343744
20
398514.8353391684
30
52
0
VERTEX
8
C-TOPO-MAJR
10
1308922.783321685
20
398515.80802490405
30
52
0
VERTEX
8
C-TOPO-MAJR
10
1308922.3116816725
20
398516.5425929077
30
52
0
VERTEX
8
C-TOPO-MAJR
10
1308921.9712143375
20
398517.03904317913
30
52
0
VERTEX
8
C-TOPO-MAJR
10
1308921.56247078
20
398517.64949861483
30
52
0
VERTEX
8
C-TOPO-MAJR
10
1308921.085451
20
398518.3739592148
30
52
0
VERTEX
8
C-TOPO-MAJR
10
1308920.5401549975
20
398519.2124249789
30
52
0
VERTEX
8
C-TOPO-MAJR
10
1308919.9265827725
20
398520.1648959073
30
52
0
VERTEX
8
C-TOPO-MAJR
10
1308919.291447905
20
398521.24147940346
30
52
0
VERTEX
8
C-TOPO-MAJR
10
1308918.6347503944
20
398522.4421754676
30
52
0
VERTEX
8
C-TOPO-MAJR
10
1308917.9564902415
20
398523.7669840996
30
52
0
VERTEX
8
C-TOPO-MAJR
10
1308917.2566674454
20
398525.21590529935
30
52
0
VERTEX
8
C-TOPO-MAJR
10
1308916.6875063917
20
398526.4283351633
30
52
0
VERTEX
8
C-TOPO-MAJR
10
1308916.2490070798
20
398527.40427369135
30
52
0
VERTEX
8
C-TOPO-MAJR
10
1308915.9411695097
20
398528.1437208835
30
52
0
VERTEX
8
C-TOPO-MAJR
10
1308915.7639936819
20
398528.6466767398
30
52
0
VERTEX
8
C-TOPO-MAJR
10
1308915.5575297063
20
398529.26038496784
30
52
0
VERTEX
8
C-TOPO-MAJR
10
1308915.3217775833
20
398529.98484556784
30
52
0
VERTEX
8
C-TOPO-MAJR
10
1308915.0567373128
20
398530.82005853957
30
52
0
VERTEX
8
C-TOPO-MAJR
10
1308914.7624088947
20
398531.76602388313
30
52
0
VERTEX
8
C-TOPO-MAJR
10
1308914.6152446857
20
398532.6625120506
30
52
0
VERTEX
8
C-TOPO-MAJR
10
1308914.6152446857
20
398533.50952304184
30
52
0
VERTEX
8
C-TOPO-MAJR
10
1308914.7624088947
20
398534.3070568569
30
52
0
VERTEX
8
C-TOPO-MAJR
10
1308915.0567373128
20
398535.0551134957
30
52
0
VERTEX
8
C-TOPO-MAJR
10
1308915.3280633085
20
398535.7913721151
30
52
0
VERTEX
8
C-TOPO-MAJR
10
1308915.5763868818
20
398536.5158327151
30
52
0
VERTEX
8
C-TOPO-MAJR
10
1308915.8017080328
20
398537.2284952955
30
52
0
VERTEX
8
C-TOPO-MAJR
10
1308916.0040267613
20
398537.92935985647
30
52
0
VERTEX
8
C-TOPO-MAJR
10
1308916.3723871391
20
398538.8172385772
30
52
0
VERTEX
8
C-TOPO-MAJR
10
1308916.906789166
20
398539.8921314576
30
52
0
VERTEX
8
C-TOPO-MAJR
10
1308917.6072328417
20
398541.1540384977
30
52
0
VERTEX
8
C-TOPO-MAJR
10
1308918.4737181668
20
398542.6029596975
30
52
0
VERTEX
8
C-TOPO-MAJR
10
1308919.2290238594
20
398543.85874952725
30
52
0
VERTEX
8
C-TOPO-MAJR
10
1308919.8731499193
20
398544.921407987
30
52
0
VERTEX
8
C-TOPO-MAJR
10
1308920.4060963471
20
398545.7909350766
30
52
0
VERTEX
8
C-TOPO-MAJR
10
1308920.8278631424
20
398546.4673307961
30
52
0
VERTEX
8
C-TOPO-MAJR
10
1308921.288333761
20
398547.16775895585
30
52
0
VERTEX
8
C-TOPO-MAJR
10
1308921.7875082032
20
398547.8922195558
30
52
0
VERTEX
8
C-TOPO-MAJR
10
1308922.3253864688
20
398548.6407125959
30
52
0
VERTEX
8
C-TOPO-MAJR
10
1308922.9019685579
20
398549.4132380762
30
52
0
VERTEX
8
C-TOPO-MAJR
10
1308923.5604883162
20
398550.35486248636
30
52
0
VERTEX
8
C-TOPO-MAJR
10
1308924.3009457444
20
398551.46558582655
30
52
0
VERTEX
8
C-TOPO-MAJR
10
1308925.1233408416
20
398552.74540809647
30
52
0
VERTEX
8
C-TOPO-MAJR
10
1308926.0276736084
20
398554.19432929636
30
52
0
VERTEX
8
C-TOPO-MAJR
10
1308926.7083371817
20
398555.2902646428
30
52
0
VERTEX
8
C-TOPO-MAJR
10
1308927.1653315616
20
398556.0332141357
30
52
0
VERTEX
8
C-TOPO-MAJR
10
1308927.398656748
20
398556.4231777751
30
52
0
VERTEX
8
C-TOPO-MAJR
10
1308927.408312741
20
398556.4601555611
30
52
0
VERTEX
8
C-TOPO-MAJR
10
1308927.5125244353
20
398556.840874754
30
52
0
VERTEX
8
C-TOPO-MAJR
10
1308927.7112918312
20
398557.565335354
30
52
0
VERTEX
8
C-TOPO-MAJR
10
1308928.0046149283
20
398558.6335373609
30
52
0
VERTEX
8
C-TOPO-MAJR
10
1308928.392493727
20
398560.0454807747
30
52
0
VERTEX
8
C-TOPO-MAJR
10
1308928.6649255978
20
398561.466668635
30
52
0
VERTEX
8
C-TOPO-MAJR
10
1308928.8219105413
20
398562.8971009419
30
52
0
VERTEX
8
C-TOPO-MAJR
10
1308928.8634485572
20
398564.3367776953
30
52
0
VERTEX
8
C-TOPO-MAJR
10
1308928.7895396454
20
398565.7856988951
30
52
0
VERTEX
8
C-TOPO-MAJR
10
1308928.756092498
20
398567.234620095
30
52
0
VERTEX
8
C-TOPO-MAJR
10
1308928.7631071152
20
398568.6835412948
30
52
0
VERTEX
8
C-TOPO-MAJR
10
1308928.8105834965
20
398570.13246249466
30
52
0
VERTEX
8
C-TOPO-MAJR
10
1308928.8985216422
20
398571.58138369455
30
52
0
VERTEX
8
C-TOPO-MAJR
10
1308929.0588103272
20
398573.03030489443
30
52
0
VERTEX
8
C-TOPO-MAJR
10
1308929.2914495515
20
398574.4792260942
30
52
0
VERTEX
8
C-TOPO-MAJR
10
1308929.5964393148
20
398575.9281472941
30
52
0
VERTEX
8
C-TOPO-MAJR
10
1308929.9737796173
20
398577.37706849386
30
52
0
VERTEX
8
C-TOPO-MAJR
10
1308930.4346154728
20
398578.80316904455
30
52
0
VERTEX
8
C-TOPO-MAJR
10
1308930.9789468811
20
398580.20644894603
30
52
0
VERTEX
8
C-TOPO-MAJR
10
1308931.6067738421
20
398581.5869081984
30
52
0
VERTEX
8
C-TOPO-MAJR
10
1308932.3180963555
20
398582.9445468016
30
52
0
VERTEX
8
C-TOPO-MAJR
10
1308932.8665135582
20
398583.98559640313
30
52
0
VERTEX
8
C-TOPO-MAJR
10
1308933.25202545
20
398584.7100570031
30
52
0
VERTEX
8
C-TOPO-MAJR
10
1308933.4746320313
20
398585.1179286014
30
52
0
VERTEX
8
C-TOPO-MAJR
10
1308933.5343333017
20
398585.20921119803
30
52
0
VERTEX
8
C-TOPO-MAJR
10
1308933.9368266491
20
398585.63432682306
30
52
0
VERTEX
8
C-TOPO-MAJR
10
1308934.6821120735
20
398586.39327547635
30
52
0
VERTEX
8
C-TOPO-MAJR
10
1308935.770189575
20
398587.48605715804
30
52
0
VERTEX
8
C-TOPO-MAJR
10
1308937.2010591533
20
398588.9126718681
30
52
0
VERTEX
8
C-TOPO-MAJR
10
1308938.282385807
20
398589.9882095231
30
52
0
VERTEX
8
C-TOPO-MAJR
10
1308939.0141695354
20
398590.712670123
30
52
0
VERTEX
8
C-TOPO-MAJR
10
1308939.396410339
20
398591.0860536678
30
52
0
VERTEX
8
C-TOPO-MAJR
10
1308939.4291082174
20
398591.10836015764
30
52
0
VERTEX
8
C-TOPO-MAJR
10
1308939.818099869
20
398591.32416944706
30
52
0
VERTEX
8
C-TOPO-MAJR
10
1308940.5633852934
20
398591.73348153627
30
52
0
VERTEX
8
C-TOPO-MAJR
10
1308941.6649644906
20
398592.33629642497
30
52
0
VERTEX
8
C-TOPO-MAJR
10
1308943.122837461
20
398593.13261411316
30
52
0
VERTEX
8
C-TOPO-MAJR
10
1308944.5888849008
20
398593.83526659064
30
52
0
VERTEX
8
C-TOPO-MAJR
10
1308946.0631068107
20
398594.44425385725
30
52
0
VERTEX
8
C-TOPO-MAJR
10
1308947.5455031898
20
398594.95957591303
30
52
0
VERTEX
8
C-TOPO-MAJR
10
1308949.0360740388
20
398595.381232758
30
52
0
VERTEX
8
C-TOPO-MAJR
10
1308950.5266448879
20
398595.72409964295
30
52
0
VERTEX
8
C-TOPO-MAJR
10
1308952.0172157367
20
398595.98817656795
30
52
0
VERTEX
8
C-TOPO-MAJR
10
1308953.5077865855
20
398596.1734635328
30
52
0
VERTEX
8
C-TOPO-MAJR
10
1308954.9983574343
20
398596.2799605378
30
52
0
VERTEX
8
C-TOPO-MAJR
10
1308956.488928283
20
398596.3712806108
30
52
0
VERTEX
8
C-TOPO-MAJR
10
1308957.979499132
20
398596.44742375193
30
52
0
VERTEX
8
C-TOPO-MAJR
10
1308959.4700699807
20
398596.50838996115
30
52
0
VERTEX
8
C-TOPO-MAJR
10
1308960.9606408295
20
398596.5541792384
30
52
0
VERTEX
8
C-TOPO-MAJR
10
1308962.4512116783
20
398596.60126135615
30
52
0
VERTEX
8
C-TOPO-MAJR
10
1308963.9417825271
20
398596.6496363144
30
52
0
VERTEX
8
C-TOPO-MAJR
10
1308965.432353376
20
398596.69930411316
30
52
0
VERTEX
8
C-TOPO-MAJR
10
1308966.9229242248
20
398596.7502647524
30
52
0
VERTEX
8
C-TOPO-MAJR
10
1308968.1351531406
20
398596.7954101682
30
52
0
VERTEX
8
C-TOPO-MAJR
10
1308969.0690401236
20
398596.8347403604
30
52
0
VERTEX
8
C-TOPO-MAJR
10
1308969.7245851734
20
398596.868255329
30
52
0
VERTEX
8
C-TOPO-MAJR
10
1308970.1017882903
20
398596.8959550742
30
52
0
VERTEX
8
C-TOPO-MAJR
10
1308970.6630325608
20
398596.9346521233
30
52
0
VERTEX
8
C-TOPO-MAJR
10
1308971.4083179855
20
398596.9843464764
30
52
0
VERTEX
8
C-TOPO-MAJR
10
1308972.3376445635
20
398597.04503813345
30
52
0
VERTEX
8
C-TOPO-MAJR
10
1308973.4510122957
20
398597.1167270946
30
52
0
VERTEX
8
C-TOPO-MAJR
10
1308974.6586808069
20
398597.1873797317
30
52
0
VERTEX
8
C-TOPO-MAJR
10
1308975.960650097
20
398597.25699604483
30
52
0
VERTEX
8
C-TOPO-MAJR
10
1308977.3569201669
20
398597.3255760341
30
52
0
VERTEX
8
C-TOPO-MAJR
10
1308978.8474910157
20
398597.39311969944
30
52
0
VERTEX
8
C-TOPO-MAJR
10
1308980.3380618645
20
398597.47780591913
30
52
0
VERTEX
8
C-TOPO-MAJR
10
1308981.8286327133
20
398597.57963469304
30
52
0
VERTEX
8
C-TOPO-MAJR
10
1308983.319203562
20
398597.69860602147
30
52
0
VERTEX
8
C-TOPO-MAJR
10
1308984.8097744111
20
398597.83471990423
30
52
0
VERTEX
8
C-TOPO-MAJR
10
1308986.3003452602
20
398597.99446310557
30
52
0
VERTEX
8
C-TOPO-MAJR
10
1308987.790916109
20
398598.1778356257
30
52
0
VERTEX
8
C-TOPO-MAJR
10
1308989.2814869578
20
398598.3848374643
30
52
0
VERTEX
8
C-TOPO-MAJR
10
1308990.7720578066
20
398598.6154686215
30
52
0
VERTEX
8
C-TOPO-MAJR
10
1308992.2626286554
20
398598.8474019333
30
52
0
VERTEX
8
C-TOPO-MAJR
10
1308993.7531995042
20
398599.0806373997
30
52
0
VERTEX
8
C-TOPO-MAJR
10
1308995.243770353
20
398599.31517502054
30
52
0
VERTEX
8
C-TOPO-MAJR
10
1308996.7343412018
20
398599.5510147959
30
52
0
VERTEX
8
C-TOPO-MAJR
10
1308998.2249120506
20
398599.71204190765
30
52
0
VERTEX
8
C-TOPO-MAJR
10
1308999.7154828995
20
398599.7982563557
30
52
0
VERTEX
8
C-TOPO-MAJR
10
1309001.2060537485
20
398599.80965814006
30
52
0
VERTEX
8
C-TOPO-MAJR
10
1309002.6966245973
20
398599.7462472608
30
52
0
VERTEX
8
C-TOPO-MAJR
10
1309004.187195446
20
398599.60837635415
30
52
0
VERTEX
8
C-TOPO-MAJR
10
1309005.677766295
20
398599.3960454202
30
52
0
VERTEX
8
C-TOPO-MAJR
10
1309007.1683371437
20
398599.1092544589
30
52
0
VERTEX
8
C-TOPO-MAJR
10
1309008.6589079928
20
398598.7480034703
30
52
0
VERTEX
8
C-TOPO-MAJR
10
1309009.95135643
20
398598.39777633536
30
52
0
VERTEX
8
C-TOPO-MAJR
10
1309011.0456824556
20
398598.05857305427
30
52
0
VERTEX
8
C-TOPO-MAJR
10
1309011.9418860697
20
398597.73039362667
30
52
0
VERTEX
8
C-TOPO-MAJR
10
1309012.6399672725
20
398597.41323805274
30
52
0
VERTEX
8
C-TOPO-MAJR
10
1309013.361650586
20
398597.0791170158
30
52
0
VERTEX
8
C-TOPO-MAJR
10
1309014.1069360103
20
398596.728030516
30
52
0
VERTEX
8
C-TOPO-MAJR
10
1309014.8758235457
20
398596.35997855326
30
52
0
VERTEX
8
C-TOPO-MAJR
10
1309015.668313192
20
398595.97496112745
30
52
0
VERTEX
8
C-TOPO-MAJR
10
1309016.2626804267
20
398595.68619805813
30
52
0
VERTEX
8
C-TOPO-MAJR
10
1309016.65892525
20
398595.4936893453
30
52
0
VERTEX
8
C-TOPO-MAJR
10
1309016.8570476614
20
398595.3974349888
30
52
0
SEQEND
0
POLYLINE
8
C-TOPO-MAJR
66
1
70
0
0
VERTEX
8
C-TOPO-MAJR
10
1308945.3962253423
20
398498.4108631022
30
54
0
VERTEX
8
C-TOPO-MAJR
10
1308945.3908141907
20
398498.41173841164
30
54
0
VERTEX
8
C-TOPO-MAJR
10
1308945.3799918874
20
398498.4134890306
30
54
0
VERTEX
8
C-TOPO-MAJR
10
1308945.3637584327
20
398498.41611495905
30
54
0
VERTEX
8
C-TOPO-MAJR
10
1308945.3421138264
20
398498.41961619694
30
54
0
VERTEX
8
C-TOPO-MAJR
10
1308945.1587693368
20
398498.7835971159
30
54
0
VERTEX
8
C-TOPO-MAJR
10
1308944.813724964
20
398499.50805771584
30
54
0
VERTEX
8
C-TOPO-MAJR
10
1308944.3069807081
20
398500.5929979968
30
54
0
VERTEX
8
C-TOPO-MAJR
10
1308943.6385365697
20
398502.0384179587
30
54
0
VERTEX
8
C-TOPO-MAJR
10
1308943.037485174
20
398503.48471323017
30
54
0
VERTEX
8
C-TOPO-MAJR
10
1308942.5038265213
20
398504.9318838111
30
54
0
VERTEX
8
C-TOPO-MAJR
10
1308942.037560612
20
398506.37992970145
30
54
0
VERTEX
8
C-TOPO-MAJR
10
1308941.6386874453
20
398507.8288509012
30
54
0
VERTEX
8
C-TOPO-MAJR
10
1308941.2337191848
20
398509.06914694345
30
54
0
VERTEX
8
C-TOPO-MAJR
10
1308940.8226558298
20
398510.100817828
30
54
0
VERTEX
8
C-TOPO-MAJR
10
1308940.4054973805
20
398510.9238635549
30
54
0
VERTEX
8
C-TOPO-MAJR
10
1308939.9822438369
20
398511.53828412417
30
54
0
VERTEX
8
C-TOPO-MAJR
10
1308939.568429804
20
398512.2077247087
30
54
0
VERTEX
8
C-TOPO-MAJR
10
1308939.1640552816
20
398512.9321853087
30
54
0
VERTEX
8
C-TOPO-MAJR
10
1308938.76912027
20
398513.71166592394
30
54
0
VERTEX
8
C-TOPO-MAJR
10
1308938.3836247693
20
398514.54616655456
30
54
0
VERTEX
8
C-TOPO-MAJR
10
1308937.9011764925
20
398515.53427232744
30
54
0
VERTEX
8
C-TOPO-MAJR
10
1308937.3217754394
20
398516.67598324263
30
54
0
VERTEX
8
C-TOPO-MAJR
10
1308936.6454216107
20
398517.9712993002
30
54
0
VERTEX
8
C-TOPO-MAJR
10
1308935.872115006
20
398519.42022050003
30
54
0
VERTEX
8
C-TOPO-MAJR
10
1308935.2091928665
20
398520.66664358944
30
54
0
VERTEX
8
C-TOPO-MAJR
10
1308934.6566551926
20
398521.71056856844
30
54
0
VERTEX
8
C-TOPO-MAJR
10
1308934.214501984
20
398522.55199543695
30
54
0
VERTEX
8
C-TOPO-MAJR
10
1308933.8827332407
20
398523.19092419505
30
54
0
VERTEX
8
C-TOPO-MAJR
10
1308933.5455468341
20
398523.87261887407
30
54
0
VERTEX
8
C-TOPO-MAJR
10
1308933.2029427642
20
398524.597079474
30
54
0
VERTEX
8
C-TOPO-MAJR
10
1308932.8549210308
20
398525.3643059948
30
54
0
VERTEX
8
C-TOPO-MAJR
10
1308932.501481634
20
398526.1742984366
30
54
0
VERTEX
8
C-TOPO-MAJR
10
1308932.10792614
20
398527.1440230679
30
54
0
VERTEX
8
C-TOPO-MAJR
10
1308931.6742545487
20
398528.27347988856
30
54
0
VERTEX
8
C-TOPO-MAJR
10
1308931.2004668603
20
398529.5626688989
30
54
0
VERTEX
8
C-TOPO-MAJR
10
1308930.6865630744
20
398531.01159009885
30
54
0
VERTEX
8
C-TOPO-MAJR
10
1308930.2110939582
20
398532.4605112987
30
54
0
VERTEX
8
C-TOPO-MAJR
10
1308929.7740595117
20
398533.90943249845
30
54
0
VERTEX
8
C-TOPO-MAJR
10
1308929.3754597348
20
398535.3583536983
30
54
0
VERTEX
8
C-TOPO-MAJR
10
1308929.0152946275
20
398536.8072748982
30
54
0
VERTEX
8
C-TOPO-MAJR
10
1308928.867790743
20
398538.25619609805
30
54
0
VERTEX
8
C-TOPO-MAJR
10
1308928.9329480813
20
398539.7051172978
30
54
0
VERTEX
8
C-TOPO-MAJR
10
1308929.2107666424
20
398541.1540384977
30
54
0
VERTEX
8
C-TOPO-MAJR
10
1308929.701246426
20
398542.6029596975
30
54
0
VERTEX
8
C-TOPO-MAJR
10
1308930.2533633905
20
398543.889223619
30
54
0
VERTEX
8
C-TOPO-MAJR
10
1308930.8671175353
20
398545.0128302624
30
54
0
VERTEX
8
C-TOPO-MAJR
10
1308931.5425088608
20
398545.97377962735
30
54
0
VERTEX
8
C-TOPO-MAJR
10
1308932.2795373667
20
398546.77207171405
30
54
0
VERTEX
8
C-TOPO-MAJR
10
1308932.947342121
20
398547.53344805737
30
54
0
VERTEX
8
C-TOPO-MAJR
10
1308933.5459231231
20
398548.2579086573
30
54
0
VERTEX
8
C-TOPO-MAJR
10
1308934.0752803737
20
398548.9454535139
30
54
0
VERTEX
8
C-TOPO-MAJR
10
1308934.5354138727
20
398549.59608262696
30
54
0
VERTEX
8
C-TOPO-MAJR
10
1308935.0568924046
20
398550.44628476177
30
54
0
VERTEX
8
C-TOPO-MAJR
10
1308935.6397159696
20
398551.4960599183
30
54
0
VERTEX
8
C-TOPO-MAJR
10
1308936.283884568
20
398552.74540809647
30
54
0
VERTEX
8
C-TOPO-MAJR
10
1308936.9893981996
20
398554.19432929636
30
54
0
VERTEX
8
C-TOPO-MAJR
10
1308937.5874941044
20
398555.64325049624
30
54
0
VERTEX
8
C-TOPO-MAJR
10
1308938.0781722823
20
398557.092171696
30
54
0
VERTEX
8
C-TOPO-MAJR
10
1308938.4614327336
20
398558.5410928959
30
54
0
VERTEX
8
C-TOPO-MAJR
10
1308938.7372754577
20
398559.9900140957
30
54
0
VERTEX
8
C-TOPO-MAJR
10
1308938.9294855269
20
398561.4389352955
30
54
0
VERTEX
8
C-TOPO-MAJR
10
1308939.0380629408
20
398562.88785649545
30
54
0
VERTEX
8
C-TOPO-MAJR
10
1308939.0630076996
20
398564.3367776953
30
54
0
VERTEX
8
C-TOPO-MAJR
10
1308939.004319803
20
398565.7856988951
30
54
0
VERTEX
8
C-TOPO-MAJR
10
1308938.9872461034
20
398567.20944678405
30
54
0
VERTEX
8
C-TOPO-MAJR
10
1308939.0117866006
20
398568.60802136204
30
54
0
VERTEX
8
C-TOPO-MAJR
10
1308939.0779412945
20
398569.9814226291
30
54
0
VERTEX
8
C-TOPO-MAJR
10
1308939.1857101852
20
398571.3296505853
30
54
0
VERTEX
8
C-TOPO-MAJR
10
1308939.2716580897
20
398572.3659948633
30
54
0
VERTEX
8
C-TOPO-MAJR
10
1308939.3357850078
20
398573.0904554633
30
54
0
VERTEX
8
C-TOPO-MAJR
10
1308939.3780909395
20
398573.5030323851
30
54
0
VERTEX
8
C-TOPO-MAJR
10
1308939.3985758852
20
398573.60372562875
30
54
0
VERTEX
8
C-TOPO-MAJR
10
1308939.6093181395
20
398574.0414758615
30
54
0
VERTEX
8
C-TOPO-MAJR
10
1308940.010317703
20
398574.8162830833
30
54
0
VERTEX
8
C-TOPO-MAJR
10
1308940.6015745753
20
398575.9281472941
30
54
0
VERTEX
8
C-TOPO-MAJR
10
1308941.3830887566
20
398577.37706849386
30
54
0
VERTEX
8
C-TOPO-MAJR
10
1308942.141367323
20
398578.63806656294
30
54
0
VERTEX
8
C-TOPO-MAJR
10
1308942.8764102748
20
398579.7111415013
30
54
0
VERTEX
8
C-TOPO-MAJR
10
1308943.5882176114
20
398580.59629330895
30
54
0
VERTEX
8
C-TOPO-MAJR
10
1308944.2767893337
20
398581.29352198576
30
54
0
VERTEX
8
C-TOPO-MAJR
10
1308945.135737334
20
398582.00436662417
30
54
0
VERTEX
8
C-TOPO-MAJR
10
1308946.1650616121
20
398582.7288272241
30
54
0
VERTEX
8
C-TOPO-MAJR
10
1308947.3647621688
20
398583.4669037856
30
54
0
VERTEX
8
C-TOPO-MAJR
10
1308948.734839004
20
398584.21859630855
30
54
0
VERTEX
8
C-TOPO-MAJR
10
1308949.7925201338
20
398584.7943833369
30
54
0
VERTEX
8
C-TOPO-MAJR
10
1308950.5378055582
20
398585.19426487066
30
54
0
VERTEX
8
C-TOPO-MAJR
10
1308950.9706952772
20
398585.41824090976
30
54
0
VERTEX
8
C-TOPO-MAJR
10
1308951.0911892913
20
398585.4663114543
30
54
0
VERTEX
8
C-TOPO-MAJR
10
1308951.5542025138
20
398585.5335379547
30
54
0
VERTEX
8
C-TOPO-MAJR
10
1308952.3597349455
20
398585.61992041086
30
54
0
VERTEX
8
C-TOPO-MAJR
10
1308953.5077865855
20
398585.72545882297
30
54
0
VERTEX
8
C-TOPO-MAJR
10
1308954.9983574343
20
398585.85015319096
30
54
0
VERTEX
8
C-TOPO-MAJR
10
1308956.488928283
20
398585.95823877456
30
54
0
VERTEX
8
C-TOPO-MAJR
10
1308957.979499132
20
398586.0497155739
30
54
0
VERTEX
8
C-TOPO-MAJR
10
1308959.4700699807
20
398586.12458358885
30
54
0
VERTEX
8
C-TOPO-MAJR
10
1308960.9606408295
20
398586.1828428195
30
54
0
VERTEX
8
C-TOPO-MAJR
10
1308962.4512116783
20
398586.23944368097
30
54
0
VERTEX
8
C-TOPO-MAJR
10
1308963.9417825271
20
398586.29438617337
30
54
0
VERTEX
8
C-TOPO-MAJR
10
1308965.432353376
20
398586.3476702967
30
54
0
VERTEX
8
C-TOPO-MAJR
10
1308966.9229242248
20
398586.39929605083
30
54
0
VERTEX
8
C-TOPO-MAJR
10
1308968.4134950736
20
398586.4495540033
30
54
0
VERTEX
8
C-TOPO-MAJR
10
1308969.9040659224
20
398586.4984441541
30
54
0
VERTEX
8
C-TOPO-MAJR
10
1308971.3946367714
20
398586.54596650315
30
54
0
VERTEX
8
C-TOPO-MAJR
10
1308972.8852076204
20
398586.5921210505
30
54
0
VERTEX
8
C-TOPO-MAJR
10
1308974.3757784693
20
398586.6404060334
30
54
0
VERTEX
8
C-TOPO-MAJR
10
1308975.866349318
20
398586.6908214517
30
54
0
VERTEX
8
C-TOPO-MAJR
10
1308977.3569201669
20
398586.74336730555
30
54
0
VERTEX
8
C-TOPO-MAJR
10
1308978.8474910157
20
398586.79804359487
30
54
0
VERTEX
8
C-TOPO-MAJR
10
1308980.3380618645
20
398586.85338621144
30
54
0
VERTEX
8
C-TOPO-MAJR
10
1308981.8286327133
20
398586.9093951554
30
54
0
VERTEX
8
C-TOPO-MAJR
10
1308983.319203562
20
398586.9660704265
30
54
0
VERTEX
8
C-TOPO-MAJR
10
1308984.8097744111
20
398587.02341202495
30
54
0
VERTEX
8
C-TOPO-MAJR
10
1308986.3003452602
20
398587.07699457655
30
54
0
VERTEX
8
C-TOPO-MAJR
10
1308987.790916109
20
398587.12681808125
30
54
0
VERTEX
8
C-TOPO-MAJR
10
1308989.2814869578
20
398587.17288253905
30
54
0
VERTEX
8
C-TOPO-MAJR
10
1308990.7720578066
20
398587.21518795006
30
54
0
VERTEX
8
C-TOPO-MAJR
10
1308992.2626286554
20
398587.25433766394
30
54
0
VERTEX
8
C-TOPO-MAJR
10
1308993.7531995042
20
398587.29033168074
30
54
0
VERTEX
8
C-TOPO-MAJR
10
1308995.243770353
20
398587.32317000045
30
54
0
VERTEX
8
C-TOPO-MAJR
10
1308996.7343412018
20
398587.35285262304
30
54
0
VERTEX
8
C-TOPO-MAJR
10
1308998.2249120506
20
398587.34577464784
30
54
0
VERTEX
8
C-TOPO-MAJR
10
1308999.7154828995
20
398587.3019360748
30
54
0
VERTEX
8
C-TOPO-MAJR
10
1309001.2060537485
20
398587.2213369039
30
54
0
VERTEX
8
C-TOPO-MAJR
10
1309002.6966245973
20
398587.1039771352
30
54
0
VERTEX
8
C-TOPO-MAJR
10
1309004.0493557365
20
398586.91709465935
30
54
0
VERTEX
8
C-TOPO-MAJR
10
1309005.2642471665
20
398586.6606894764
30
54
0
VERTEX
8
C-TOPO-MAJR
10
1309006.3412988868
20
398586.3347615863
30
54
0
VERTEX
8
C-TOPO-MAJR
10
1309007.2805108975
20
398585.93931098894
30
54
0
VERTEX
8
C-TOPO-MAJR
10
1309008.1227596153
20
398585.5435105796
30
54
0
VERTEX
8
C-TOPO-MAJR
10
1309008.8680450397
20
398585.1473603583
30
54
0
VERTEX
8
C-TOPO-MAJR
10
1309009.516367171
20
398584.75086032506
30
54
0
VERTEX
8
C-TOPO-MAJR
10
1309010.0677260088
20
398584.35401047976
30
54
0
VERTEX
8
C-TOPO-MAJR
10
1309010.7217499893
20
398583.79335525713
30
54
0
VERTEX
8
C-TOPO-MAJR
10
1309011.4784391122
20
398583.0688946572
30
54
0
VERTEX
8
C-TOPO-MAJR
10
1309012.3377933772
20
398582.1806286799
30
54
0
VERTEX
8
C-TOPO-MAJR
10
1309013.2998127844
20
398581.12855732546
30
54
0
VERTEX
8
C-TOPO-MAJR
10
1309014.1534652004
20
398580.0353497107
30
54
0
VERTEX
8
C-TOPO-MAJR
10
1309014.8987506249
20
398578.90100583597
30
54
0
VERTEX
8
C-TOPO-MAJR
10
1309015.5356690576
20
398577.72552570107
30
54
0
VERTEX
8
C-TOPO-MAJR
10
1309016.0642204992
20
398576.5089093059
30
54
0
VERTEX
8
C-TOPO-MAJR
10
1309016.4606340805
20
398575.5964470096
30
54
0
VERTEX
8
C-TOPO-MAJR
10
1309016.724909801
20
398574.9881388121
30
54
0
VERTEX
8
C-TOPO-MAJR
10
1309016.8570476614
20
398574.6839847133
30
54
0
SEQEND
0
POINT
8
C-TOPO-SPOT
10
1308955.5634130354
20
398543.98474812636
30
0
0
POINT
8
C-TOPO-SPOT
10
1309001.5483084738
20
398545.1634726485
30
0
0
POINT
8
C-TOPO-SPOT
10
1309000.882072874
20
398571.15493528766
30
0
0
POINT
8
C-TOPO-SPOT
10
1308954.8971774357
20
398569.97621076554
30
0
0
POINT
8
C-TOPO-SPOT
10
1308994.3740423196
20
398498.07051139243
30
0
0
POINT
8
C-TOPO-SPOT
10
1308991.1296164552
20
398544.89641174395
30
0
0
POINT
8
C-TOPO-SPOT
10
1308908.7537140392
20
398640.23824811046
30
0
0
POLYLINE
8
C-MISC
66
1
70
1
0
VERTEX
8
C-MISC
10
1308678.3413053707
20
398579.8811464789
30
0
0
VERTEX
8
C-MISC
10
1308678.34830184
20
398579.8868414497
30
0
0
VERTEX
8
C-MISC
10
1308678.362294779
20
398579.89823139145
30
0
0
VERTEX
8
C-MISC
10
1308678.383284187
20
398579.91531630396
30
0
0
VERTEX
8
C-MISC
10
1308678.4112700643
20
398579.9380961874
30
0
0
VERTEX
8
C-MISC
10
1308678.8060110002
20
398580.21480380394
30
0
0
VERTEX
8
C-MISC
10
1308679.567506994
20
398580.74543915363
30
0
0
VERTEX
8
C-MISC
10
1308680.695758046
20
398581.53000223654
30
0
0
VERTEX
8
C-MISC
10
1308682.1907641562
20
398582.5684930525
30
0
0
VERTEX
8
C-MISC
10
1308683.6857702662
20
398583.427182811
30
0
0
VERTEX
8
C-MISC
10
1308685.1807763765
20
398584.106071512
30
0
0
VERTEX
8
C-MISC
10
1308686.6757824866
20
398584.6051591553
30
0
0
VERTEX
8
C-MISC
10
1308688.1707885966
20
398584.92444574117
30
0
0
VERTEX
8
C-MISC
10
1308689.324359049
20
398585.1856978235
30
0
0
VERTEX
8
C-MISC
10
1308690.136493844
20
398585.38891540235
30
0
0
VERTEX
8
C-MISC
10
1308690.6071929813
20
398585.53409847757
30
0
0
VERTEX
8
C-MISC
10
1308690.736456461
20
398585.62124704936
30
0
0
VERTEX
8
C-MISC
10
1308691.1748397285
20
398585.93608195253
30
0
0
VERTEX
8
C-MISC
10
1308691.9223427835
20
398586.47860318713
30
0
0
VERTEX
8
C-MISC
10
1308692.9789656263
20
398587.2488107531
30
0
0
VERTEX
8
C-MISC
10
1308694.3447082567
20
398588.24670465046
30
0
0
VERTEX
8
C-MISC
10
1308695.7427667568
20
398589.0194151243
30
0
0
VERTEX
8
C-MISC
10
1308697.1731411272
20
398589.56694217457
30
0
0
VERTEX
8
C-MISC
10
1308698.6358313672
20
398589.8892858013
30
0
0
VERTEX
8
C-MISC
10
1308700.1308374775
20
398589.98644600454
30
0
0
VERTEX
8
C-MISC
10
1308701.6258435876
20
398590.09987025004
30
0
0
VERTEX
8
C-MISC
10
1308703.1208496976
20
398590.22955853783
30
0
0
VERTEX
8
C-MISC
10
1308704.6158558077
20
398590.37551086803
30
0
0
VERTEX
8
C-MISC
10
1308706.110861918
20
398590.5377272405
30
0
0
VERTEX
8
C-MISC
10
1308707.5335422703
20
398590.7119983658
30
0
0
VERTEX
8
C-MISC
10
1308708.883896865
20
398590.8983242442
30
0
0
VERTEX
8
C-MISC
10
1308710.1619257017
20
398591.09670487524
30
0
0
VERTEX
8
C-MISC
10
1308711.367628781
20
398591.3071402592
30
0
0
VERTEX
8
C-MISC
10
1308712.344231848
20
398591.50691559265
30
0
0
VERTEX
8
C-MISC
10
1308713.091734903
20
398591.69603087555
30
0
0
VERTEX
8
C-MISC
10
1308713.610137946
20
398591.87448610796
30
0
0
VERTEX
8
C-MISC
10
1308713.899440977
20
398592.04228128976
30
0
0
VERTEX
8
C-MISC
10
1308714.4901697778
20
398592.20382996765
30
0
0
VERTEX
8
C-MISC
10
1308715.3823243482
20
398592.3591321416
30
0
0
VERTEX
8
C-MISC
10
1308716.5759046886
20
398592.50818781153
30
0
0
VERTEX
8
C-MISC
10
1308718.0709107986
20
398592.6509969776
30
0
0
VERTEX
8
C-MISC
10
1308719.5659169087
20
398592.78686237906
30
0
0
VERTEX
8
C-MISC
10
1308721.060923019
20
398592.91578401584
30
0
0
VERTEX
8
C-MISC
10
1308722.555929129
20
398593.03776188823
30
0
0
VERTEX
8
C-MISC
10
1308724.0509352393
20
398593.15279599605
30
0
0
VERTEX
8
C-MISC
10
1308725.4584100281
20
398593.132661963
30
0
0
VERTEX
8
C-MISC
10
1308726.7783534958
20
398592.9773597891
30
0
0
VERTEX
8
C-MISC
10
1308728.0107656422
20
398592.6868894743
30
0
0
VERTEX
8
C-MISC
10
1308729.1556464676
20
398592.2612510186
30
0
0
VERTEX
8
C-MISC
10
1308730.1018384076
20
398591.92598046106
30
0
0
VERTEX
8
C-MISC
10
1308730.8493414628
20
398591.68107780174
30
0
0
VERTEX
8
C-MISC
10
1308731.3981556327
20
398591.5265430404
30
0
0
VERTEX
8
C-MISC
10
1308731.7482809175
20
398591.4623761773
30
0
0
VERTEX
8
C-MISC
10
1308732.3846264088
20
398591.3993109055
30
0
0
VERTEX
8
C-MISC
10
1308733.3071921063
20
398591.33734722494
30
0
0
VERTEX
8
C-MISC
10
1308734.5159780101
20
398591.27648513584
30
0
0
VERTEX
8
C-MISC
10
1308736.0109841202
20
398591.21672463807
30
0
0
VERTEX
8
C-MISC
10
1308737.3250029162
20
398591.20288610493
30
0
0
VERTEX
8
C-MISC
10
1308738.4580343978
20
398591.2349695365
30
0
0
VERTEX
8
C-MISC
10
1308739.4100785654
20
398591.3129749327
30
0
0
VERTEX
8
C-MISC
10
1308740.181135419
20
398591.4369022938
30
0
0
VERTEX
8
C-MISC
10
1308740.9404153733
20
398591.58497056074
30
0
0
VERTEX
8
C-MISC
10
1308741.687918428
20
398591.7571797337
30
0
0
VERTEX
8
C-MISC
10
1308742.4236445841
20
398591.9535298126
30
0
0
VERTEX
8
C-MISC
10
1308743.1475938407
20
398592.17402079754
30
0
0
VERTEX
8
C-MISC
10
1308744.0643073109
20
398592.4694415743
30
0
0
VERTEX
8
C-MISC
10
1308745.173784994
20
398592.8397921428
30
0
0
VERTEX
8
C-MISC
10
1308746.4760268908
20
398593.28507250303
30
0
0
VERTEX
8
C-MISC
10
1308747.971033001
20
398593.80528265506
30
0
0
VERTEX
8
C-MISC
10
1308749.3365696822
20
398594.3771914491
30
0
0
VERTEX
8
C-MISC
10
1308750.5726369345
20
398595.0007988851
30
0
0
VERTEX
8
C-MISC
10
1308751.6792347578
20
398595.6761049631
30
0
0
VERTEX
8
C-MISC
10
1308752.6563631522
20
398596.40310968313
30
0
0
VERTEX
8
C-MISC
10
1308753.518678877
20
398597.09923384595
30
0
0
VERTEX
8
C-MISC
10
1308754.2661819318
20
398597.7644774516
30
0
0
VERTEX
8
C-MISC
10
1308754.8988723173
20
398598.39884050004
30
0
0
VERTEX
8
C-MISC
10
1308755.4167500332
20
398599.00232299126
30
0
0
VERTEX
8
C-MISC
10
1308756.017795137
20
398599.6709907011
30
0
0
VERTEX
8
C-MISC
10
1308756.7020076285
20
398600.4048436296
30
0
0
VERTEX
8
C-MISC
10
1308757.4693875082
20
398601.2038817768
30
0
0
VERTEX
8
C-MISC
10
1308758.3199347758
20
398602.0681051426
30
0
0
VERTEX
8
C-MISC
10
1308759.1189599372
20
398602.88374074525
30
0
0
VERTEX
8
C-MISC
10
1308759.866462992
20
398603.6507885846
30
0
0
VERTEX
8
C-MISC
10
1308760.562443941
20
398604.36924866075
30
0
0
VERTEX
8
C-MISC
10
1308761.2069027834
20
398605.0391209738
30
0
0
VERTEX
8
C-MISC
10
1308761.8396021805
20
398605.74098359456
30
0
0
VERTEX
8
C-MISC
10
1308762.4605421324
20
398606.474836523
30
0
0
VERTEX
8
C-MISC
10
1308763.069722639
20
398607.2406797593
30
0
0
VERTEX
8
C-MISC
10
1308763.6671437006
20
398608.0385133034
30
0
0
VERTEX
8
C-MISC
10
1308764.1152094966
20
398608.6368884614
30
0
0
VERTEX
8
C-MISC
10
1308764.4139200272
20
398609.0358052334
30
0
0
VERTEX
8
C-MISC
10
1308764.5632752925
20
398609.23526361946
30
0
0
SEQEND
0
POLYLINE
8
C-MISC
66
1
70
1
0
VERTEX
8
C-MISC
10
1308678.3413053707
20
398579.8811464789
30
0
0
VERTEX
8
C-MISC
10
1308678.34830184
20
398579.8868414497
30
0
0
VERTEX
8
C-MISC
10
1308678.362294779
20
398579.89823139145
30
0
0
VERTEX
8
C-MISC
10
1308678.383284187
20
398579.91531630396
30
0
0
VERTEX
8
C-MISC
10
1308678.4112700643
20
398579.9380961874
30
0
0
VERTEX
8
C-MISC
10
1308678.8060110002
20
398580.21480380394
30
0
0
VERTEX
8
C-MISC
10
1308679.567506994
20
398580.74543915363
30
0
0
VERTEX
8
C-MISC
10
1308680.695758046
20
398581.53000223654
30
0
0
VERTEX
8
C-MISC
10
1308682.1907641562
20
398582.5684930525
30
0
0
VERTEX
8
C-MISC
10
1308683.6857702662
20
398583.427182811
30
0
0
VERTEX
8
C-MISC
10
1308685.1807763765
20
398584.106071512
30
0
0
VERTEX
8
C-MISC
10
1308686.6757824866
20
398584.6051591553
30
0
0
VERTEX
8
C-MISC
10
1308688.1707885966
20
398584.92444574117
30
0
0
VERTEX
8
C-MISC
10
1308689.324359049
20
398585.1856978235
30
0
0
VERTEX
8
C-MISC
10
1308690.136493844
20
398585.38891540235
30
0
0
VERTEX
8
C-MISC
10
1308690.6071929813
20
398585.53409847757
30
0
0
VERTEX
8
C-MISC
10
1308690.736456461
20
398585.62124704936
30
0
0
VERTEX
8
C-MISC
10
1308691.1748397285
20
398585.93608195253
30
0
0
VERTEX
8
C-MISC
10
1308691.9223427835
20
398586.47860318713
30
0
0
VERTEX
8
C-MISC
10
1308692.9789656263
20
398587.2488107531
30
0
0
VERTEX
8
C-MISC
10
1308694.3447082567
20
398588.24670465046
30
0
0
VERTEX
8
C-MISC
10
1308695.7427667568
20
398589.0194151243
30
0
0
VERTEX
8
C-MISC
10
1308697.1731411272
20
398589.56694217457
30
0
0
VERTEX
8
C-MISC
10
1308698.6358313672
20
398589.8892858013
30
0
0
VERTEX
8
C-MISC
10
1308700.1308374775
20
398589.98644600454
30
0
0
VERTEX
8
C-MISC
10
1308701.6258435876
20
398590.09987025004
30
0
0
VERTEX
8
C-MISC
10
1308703.1208496976
20
398590.22955853783
30
0
0
VERTEX
8
C-MISC
10
1308704.6158558077
20
398590.37551086803
30
0
0
VERTEX
8
C-MISC
10
1308706.110861918
20
398590.5377272405
30
0
0
VERTEX
8
C-MISC
10
1308707.5335422703
20
398590.7119983658
30
0
0
VERTEX
8
C-MISC
10
1308708.883896865
20
398590.8983242442
30
0
0
VERTEX
8
C-MISC
10
1308710.1619257017
20
398591.09670487524
30
0
0
VERTEX
8
C-MISC
10
1308711.367628781
20
398591.3071402592
30
0
0
VERTEX
8
C-MISC
10
1308712.344231848
20
398591.50691559265
30
0
0
VERTEX
8
C-MISC
10
1308713.091734903
20
398591.69603087555
30
0
0
VERTEX
8
C-MISC
10
1308713.610137946
20
398591.87448610796
30
0
0
VERTEX
8
C-MISC
10
1308713.899440977
20
398592.04228128976
30
0
0
VERTEX
8
C-MISC
10
1308714.4901697778
20
398592.20382996765
30
0
0
VERTEX
8
C-MISC
10
1308715.3823243482
20
398592.3591321416
30
0
0
VERTEX
8
C-MISC
10
1308716.5759046886
20
398592.50818781153
30
0
0
VERTEX
8
C-MISC
10
1308718.0709107986
20
398592.6509969776
30
0
0
VERTEX
8
C-MISC
10
1308719.5659169087
20
398592.78686237906
30
0
0
VERTEX
8
C-MISC
10
1308721.060923019
20
398592.91578401584
30
0
0
VERTEX
8
C-MISC
10
1308722.555929129
20
398593.03776188823
30
0
0
VERTEX
8
C-MISC
10
1308724.0509352393
20
398593.15279599605
30
0
0
VERTEX
8
C-MISC
10
1308725.4584100281
20
398593.132661963
30
0
0
VERTEX
8
C-MISC
10
1308726.7783534958
20
398592.9773597891
30
0
0
VERTEX
8
C-MISC
10
1308728.0107656422
20
398592.6868894743
30
0
0
VERTEX
8
C-MISC
10
1308729.1556464676
20
398592.2612510186
30
0
0
VERTEX
8
C-MISC
10
1308730.1018384076
20
398591.92598046106
30
0
0
VERTEX
8
C-MISC
10
1308730.8493414628
20
398591.68107780174
30
0
0
VERTEX
8
C-MISC
10
1308731.3981556327
20
398591.5265430404
30
0
0
VERTEX
8
C-MISC
10
1308731.7482809175
20
398591.4623761773
30
0
0
VERTEX
8
C-MISC
10
1308732.3846264088
20
398591.3993573642
30
0
0
VERTEX
8
C-MISC
10
1308733.3071921063
20
398591.3374866012
30
0
0
VERTEX
8
C-MISC
10
1308734.5159780101
20
398591.27676388825
30
0
0
VERTEX
8
C-MISC
10
1308736.0109841202
20
398591.21718922537
30
0
0
VERTEX
8
C-MISC
10
1308737.3250029162
20
398591.20344360976
30
0
0
VERTEX
8
C-MISC
10
1308738.4580343978
20
398591.23552704137
30
0
0
VERTEX
8
C-MISC
10
1308739.4100785654
20
398591.31343952013
30
0
0
VERTEX
8
C-MISC
10
1308740.181135419
20
398591.4371810461
30
0
0
VERTEX
8
C-MISC
10
1308740.9404153733
20
398591.5851099369
30
0
0
VERTEX
8
C-MISC
10
1308741.687918428
20
398591.7572261924
30
0
0
VERTEX
8
C-MISC
10
1308742.4236445841
20
398591.9535298126
30
0
0
VERTEX
8
C-MISC
10
1308743.1475938407
20
398592.17402079754
30
0
0
VERTEX
8
C-MISC
10
1308744.0643073109
20
398592.4694415743
30
0
0
VERTEX
8
C-MISC
10
1308745.173784994
20
398592.8397921428
30
0
0
VERTEX
8
C-MISC
10
1308746.4760268908
20
398593.28507250303
30
0
0
VERTEX
8
C-MISC
10
1308747.971033001
20
398593.80528265506
30
0
0
VERTEX
8
C-MISC
10
1308749.3365696822
20
398594.3771914491
30
0
0
VERTEX
8
C-MISC
10
1308750.5726369345
20
398595.0007988851
30
0
0
VERTEX
8
C-MISC
10
1308751.6792347578
20
398595.6761049631
30
0
0
VERTEX
8
C-MISC
10
1308752.6563631522
20
398596.40310968313
30
0
0
VERTEX
8
C-MISC
10
1308753.518678877
20
398597.09923384595
30
0
0
VERTEX
8
C-MISC
10
1308754.2661819318
20
398597.7644774516
30
0
0
VERTEX
8
C-MISC
10
1308754.8988723173
20
398598.39884050004
30
0
0
VERTEX
8
C-MISC
10
1308755.4167500332
20
398599.00232299126
30
0
0
VERTEX
8
C-MISC
10
1308756.017795137
20
398599.6709907011
30
0
0
VERTEX
8
C-MISC
10
1308756.7020076285
20
398600.4048436296
30
0
0
VERTEX
8
C-MISC
10
1308757.4693875082
20
398601.2038817768
30
0
0
VERTEX
8
C-MISC
10
1308758.3199347758
20
398602.0681051426
30
0
0
VERTEX
8
C-MISC
10
1308759.1189599372
20
398602.88374074525
30
0
0
VERTEX
8
C-MISC
10
1308759.866462992
20
398603.6507885846
30
0
0
VERTEX
8
C-MISC
10
1308760.562443941
20
398604.36924866075
30
0
0
VERTEX
8
C-MISC
10
1308761.2069027834
20
398605.0391209738
30
0
0
VERTEX
8
C-MISC
10
1308761.8396021805
20
398605.74098359456
30
0
0
VERTEX
8
C-MISC
10
1308762.4605421324
20
398606.474836523
30
0
0
VERTEX
8
C-MISC
10
1308763.069722639
20
398607.2406797593
30
0
0
VERTEX
8
C-MISC
10
1308763.6671437006
20
398608.0385133034
30
0
0
VERTEX
8
C-MISC
10
1308764.1152094966
20
398608.6368884614
30
0
0
VERTEX
8
C-MISC
10
1308764.4139200272
20
398609.0358052334
30
0
0
VERTEX
8
C-MISC
10
1308764.5632752925
20
398609.23526361946
30
0
0
SEQEND
0
POLYLINE
8
C-PROP
66
1
70
0
0
VERTEX
8
C-PROP
10
1308815.9938110108
20
398484.7992907992
30
0
0
VERTEX
8
C-PROP
10
1308815.873372539
20
398484.8710833511
30
0
0
VERTEX
8
C-PROP
10
1308815.6324955951
20
398485.01466845477
30
0
0
VERTEX
8
C-PROP
10
1308815.2711801797
20
398485.2300461104
30
0
0
VERTEX
8
C-PROP
10
1308814.7894262925
20
398485.5172163179
30
0
0
VERTEX
8
C-PROP
10
1308814.4807337795
20
398486.09952043777
30
0
0
VERTEX
8
C-PROP
10
1308814.3451026406
20
398486.97695847
30
0
0
VERTEX
8
C-PROP
10
1308814.3825328762
20
398488.1495304146
30
0
0
VERTEX
8
C-PROP
10
1308814.5930244864
20
398489.6172362717
30
0
0
VERTEX
8
C-PROP
10
1308814.5897792228
20
398491.0849421287
30
0
0
VERTEX
8
C-PROP
10
1308814.3727970854
20
398492.55264798563
30
0
0
VERTEX
8
C-PROP
10
1308813.9420780744
20
398494.0203538427
30
0
0
VERTEX
8
C-PROP
10
1308813.2976221903
20
398495.48805969977
30
0
0
VERTEX
8
C-PROP
10
1308813.0432098173
20
398496.93294134253
30
0
0
VERTEX
8
C-PROP
10
1308813.1788409562
20
398498.3549987711
30
0
0
VERTEX
8
C-PROP
10
1308813.7045156062
20
398499.7542319854
30
0
0
VERTEX
8
C-PROP
10
1308814.6202337681
20
398501.1306409855
30
0
0
VERTEX
8
C-PROP
10
1308815.4098749547
20
398502.1857719498
30
0
0
VERTEX
8
C-PROP
10
1308816.073439166
20
398502.9196248783
30
0
0
VERTEX
8
C-PROP
10
1308816.6109264023
20
398503.3321997711
30
0
0
VERTEX
8
C-PROP
10
1308817.0223366637
20
398503.423496628
30
0
0
VERTEX
8
C-PROP
10
1308817.6017933218
20
398503.66857852926
30
0
0
VERTEX
8
C-PROP
10
1308818.3492963766
20
398504.0674454747
30
0
0
VERTEX
8
C-PROP
10
1308819.2648458288
20
398504.62009746453
30
0
0
VERTEX
8
C-PROP
10
1308820.3484416776
20
398505.3265344987
30
0
0
VERTEX
8
C-PROP
10
1308821.1842079258
20
398505.67975301575
30
0
0
VERTEX
8
C-PROP
10
1308821.772144573
20
398505.67975301575
30
0
0
VERTEX
8
C-PROP
10
1308822.1122516193
20
398505.3265344987
30
0
0
VERTEX
8
C-PROP
10
1308822.204529065
20
398504.62009746453
30
0
0
VERTEX
8
C-PROP
10
1308822.451886801
20
398503.7233432247
30
0
0
VERTEX
8
C-PROP
10
1308822.854324828
20
398502.6362717792
30
0
0
VERTEX
8
C-PROP
10
1308823.4118431453
20
398501.3588831279
30
0
0
VERTEX
8
C-PROP
10
1308824.1244417531
20
398499.89117727085
30
0
0
VERTEX
8
C-PROP
10
1308824.6344767848
20
398498.42347141384
30
0
0
VERTEX
8
C-PROP
10
1308824.9419482402
20
398496.9557655569
30
0
0
VERTEX
8
C-PROP
10
1308825.0468561188
20
398495.4880596998
30
0
0
VERTEX
8
C-PROP
10
1308824.949200421
20
398494.0203538427
30
0
0
VERTEX
8
C-PROP
10
1308824.7347692624
20
398492.55264798563
30
0
0
VERTEX
8
C-PROP
10
1308824.4035626426
20
398491.0849421287
30
0
0
VERTEX
8
C-PROP
10
1308823.955580562
20
398489.6172362717
30
0
0
VERTEX
8
C-PROP
10
1308823.3908230206
20
398488.1495304146
30
0
0
VERTEX
8
C-PROP
10
1308822.9672548643
20
398487.04875102185
30
0
0
VERTEX
8
C-PROP
10
1308822.6848760934
20
398486.3148980934
30
0
0
VERTEX
8
C-PROP
10
1308822.543686708
20
398485.9479716291
30
0
0
SEQEND
0
POLYLINE
8
C-PROP
66
1
70
0
0
VERTEX
8
C-PROP
10
1308815.0364691685
20
398506.03805362433
30
0
0
VERTEX
8
C-PROP
10
1308814.3982412736
20
398507.3953383112
30
0
0
VERTEX
8
C-PROP
10
1308814.0791273261
20
398508.60681482503
30
0
0
VERTEX
8
C-PROP
10
1308814.0791273261
20
398509.6724831658
30
0
0
VERTEX
8
C-PROP
10
1308814.3982412736
20
398510.5923433336
30
0
0
VERTEX
8
C-PROP
10
1308815.0364691685
20
398511.36639532825
30
0
0
VERTEX
8
C-PROP
10
1308815.8187790734
20
398511.75342132564
30
0
0
VERTEX
8
C-PROP
10
1308816.7451709884
20
398511.75342132564
30
0
0
VERTEX
8
C-PROP
10
1308817.8156449134
20
398511.36639532825
30
0
0
VERTEX
8
C-PROP
10
1308819.0302008488
20
398510.5923433336
30
0
0
VERTEX
8
C-PROP
10
1308819.6374788163
20
398509.6724831658
30
0
0
VERTEX
8
C-PROP
10
1308819.6374788163
20
398508.60681482503
30
0
0
VERTEX
8
C-PROP
10
1308819.0302008488
20
398507.3953383112
30
0
0
VERTEX
8
C-PROP
10
1308817.8156449134
20
398506.03805362433
30
0
0
VERTEX
8
C-PROP
10
1308816.7451709884
20
398505.35941128095
30
0
0
VERTEX
8
C-PROP
10
1308815.8187790734
20
398505.35941128095
30
0
0
VERTEX
8
C-PROP
10
1308815.0364691685
20
398506.03805362433
30
0
0
SEQEND
0
POLYLINE
8
C-PROP
66
1
70
0
0
VERTEX
8
C-PROP
10
1308815.4810401287
20
398519.8681121612
30
0
0
VERTEX
8
C-PROP
10
1308815.1391928743
20
398520.3900321758
30
0
0
VERTEX
8
C-PROP
10
1308814.8060198226
20
398521.1483986511
30
0
0
VERTEX
8
C-PROP
10
1308814.4815209736
20
398522.14321158687
30
0
0
VERTEX
8
C-PROP
10
1308814.1656963276
20
398523.3744709833
30
0
0
VERTEX
8
C-PROP
10
1308813.8585458845
20
398524.84217684035
30
0
0
VERTEX
8
C-PROP
10
1308813.7904324764
20
398526.04499519186
30
0
0
VERTEX
8
C-PROP
10
1308813.961356104
20
398526.98292603786
30
0
0
VERTEX
8
C-PROP
10
1308814.3713167664
20
398527.65596937836
30
0
0
VERTEX
8
C-PROP
10
1308815.020314464
20
398528.0641252135
30
0
0
VERTEX
8
C-PROP
10
1308815.6109996852
20
398528.268203131
30
0
0
VERTEX
8
C-PROP
10
1308816.1433724293
20
398528.268203131
30
0
0
VERTEX
8
C-PROP
10
1308816.6174326967
20
398528.0641252135
30
0
0
VERTEX
8
C-PROP
10
1308817.0331804873
20
398527.65596937836
30
0
0
VERTEX
8
C-PROP
10
1308817.2903184255
20
398526.98292603786
30
0
0
VERTEX
8
C-PROP
10
1308817.3888465115
20
398526.04499519186
30
0
0
VERTEX
8
C-PROP
10
1308817.328764745
20
398524.84217684035
30
0
0
VERTEX
8
C-PROP
10
1308817.1100731262
20
398523.3744709833
30
0
0
VERTEX
8
C-PROP
10
1308816.8967903692
20
398522.14321158687
30
0
0
VERTEX
8
C-PROP
10
1308816.6889164739
20
398521.1483986511
30
0
0
VERTEX
8
C-PROP
10
1308816.4864514405
20
398520.3900321758
30
0
0
VERTEX
8
C-PROP
10
1308816.2893952685
20
398519.8681121612
30
0
0
VERTEX
8
C-PROP
10
1308816.0561413262
20
398519.60715215385
30
0
0
VERTEX
8
C-PROP
10
1308815.7866896128
20
398519.60715215385
30
0
0
VERTEX
8
C-PROP
10
1308815.4810401287
20
398519.8681121612
30
0
0
SEQEND
0
POLYLINE
8
C-TOPO-MAJR
66
1
70
0
0
VERTEX
8
C-TOPO-MAJR
10
1308851.8739576535
20
398512.416827261
30
44
0
VERTEX
8
C-TOPO-MAJR
10
1308851.500206126
20
398512.25310680084
30
44
0
VERTEX
8
C-TOPO-MAJR
10
1308850.752703071
20
398511.9256658806
30
44
0
VERTEX
8
C-TOPO-MAJR
10
1308849.6314484884
20
398511.43450450024
30
44
0
VERTEX
8
C-TOPO-MAJR
10
1308848.1364423782
20
398510.7796226597
30
44
0
VERTEX
8
C-TOPO-MAJR
10
1308846.6936929896
20
398510.6325105838
30
44
0
VERTEX
8
C-TOPO-MAJR
10
1308845.3032003227
20
398510.99316827237
30
44
0
VERTEX
8
C-TOPO-MAJR
10
1308843.9649643772
20
398511.86159572547
30
44
0
VERTEX
8
C-TOPO-MAJR
10
1308842.6789851533
20
398513.23779294314
30
44
0
VERTEX
8
C-TOPO-MAJR
10
1308842.0359955414
20
398514.62989988545
30
44
0
VERTEX
8
C-TOPO-MAJR
10
1308842.0359955414
20
398516.03791655245
30
44
0
VERTEX
8
C-TOPO-MAJR
10
1308842.6789851533
20
398517.46184294415
30
44
0
VERTEX
8
C-TOPO-MAJR
10
1308843.9649643772
20
398518.9016790604
30
44
0
VERTEX
8
C-TOPO-MAJR
10
1308844.9391528296
20
398519.98852358287
30
44
0
VERTEX
8
C-TOPO-MAJR
10
1308845.6015505102
20
398520.72237651143
30
44
0
VERTEX
8
C-TOPO-MAJR
10
1308845.9521574192
20
398521.10323784605
30
44
0
VERTEX
8
C-TOPO-MAJR
10
1308845.9909735569
20
398521.1311075867
30
44
0
VERTEX
8
C-TOPO-MAJR
10
1308846.144179252
20
398521.51893635653
30
44
0
VERTEX
8
C-TOPO-MAJR
10
1308846.411774505
20
398522.2667241554
30
44
0
VERTEX
8
C-TOPO-MAJR
10
1308846.7937593157
20
398523.3744709833
30
44
0
VERTEX
8
C-TOPO-MAJR
10
1308847.2901336844
20
398524.84217684035
30
44
0
VERTEX
8
C-TOPO-MAJR
10
1308847.7140439332
20
398526.30988269736
30
44
0
VERTEX
8
C-TOPO-MAJR
10
1308848.065490062
20
398527.7775885543
30
44
0
VERTEX
8
C-TOPO-MAJR
10
1308848.3444720712
20
398529.2452944114
30
44
0
VERTEX
8
C-TOPO-MAJR
10
1308848.5509899603
20
398530.71300026844
30
44
0
VERTEX
8
C-TOPO-MAJR
10
1308848.83889879
20
398532.18070612545
30
44
0
VERTEX
8
C-TOPO-MAJR
10
1308849.20819856
20
398533.64841198246
30
44
0
VERTEX
8
C-TOPO-MAJR
10
1308849.6588892706
20
398535.11611783947
30
44
0
VERTEX
8
C-TOPO-MAJR
10
1308850.1909709217
20
398536.58382369654
30
44
0
VERTEX
8
C-TOPO-MAJR
10
1308850.6453361758
20
398537.83767936757
30
44
0
VERTEX
8
C-TOPO-MAJR
10
1308851.0219850335
20
398538.87768485263
30
44
0
VERTEX
8
C-TOPO-MAJR
10
1308851.3209174941
20
398539.7038401517
30
44
0
VERTEX
8
C-TOPO-MAJR
10
1308851.542133558
20
398540.3161452648
30
44
0
VERTEX
8
C-TOPO-MAJR
10
1308852.0817971332
20
398540.9878437918
30
44
0
VERTEX
8
C-TOPO-MAJR
10
1308852.9399082202
20
398541.7189357327
30
44
0
VERTEX
8
C-TOPO-MAJR
10
1308854.1164668186
20
398542.50942108745
30
44
0
VERTEX
8
C-TOPO-MAJR
10
1308855.611472929
20
398543.35929985606
30
44
0
VERTEX
8
C-TOPO-MAJR
10
1308856.7327275113
20
398543.99670893257
30
44
0
VERTEX
8
C-TOPO-MAJR
10
1308857.4802305666
20
398544.4216483169
30
44
0
VERTEX
8
C-TOPO-MAJR
10
1308857.853982094
20
398544.634118009
30
44
0
SEQEND
0
POLYLINE
8
C-TOPO-MAJR
66
1
70
0
0
VERTEX
8
C-TOPO-MAJR
10
1308851.8739576535
20
398507.3531049136
30
46
0
VERTEX
8
C-TOPO-MAJR
10
1308851.500206126
20
398507.263424061
30
46
0
VERTEX
8
C-TOPO-MAJR
10
1308850.752703071
20
398507.0840623559
30
46
0
VERTEX
8
C-TOPO-MAJR
10
1308849.6314484884
20
398506.81501979823
30
46
0
VERTEX
8
C-TOPO-MAJR
10
1308848.1364423782
20
398506.45629638794
30
46
0
VERTEX
8
C-TOPO-MAJR
10
1308846.641436268
20
398506.1904561224
30
46
0
VERTEX
8
C-TOPO-MAJR
10
1308845.1464301578
20
398506.0174990016
30
46
0
VERTEX
8
C-TOPO-MAJR
10
1308843.6514240478
20
398505.93742502545
30
46
0
VERTEX
8
C-TOPO-MAJR
10
1308842.1564179377
20
398505.9502341941
30
46
0
VERTEX
8
C-TOPO-MAJR
10
1308840.6614118277
20
398505.95310718147
30
46
0
VERTEX
8
C-TOPO-MAJR
10
1308839.1664057176
20
398505.94604398747
30
46
0
VERTEX
8
C-TOPO-MAJR
10
1308837.6713996076
20
398505.92904461233
30
46
0
VERTEX
8
C-TOPO-MAJR
10
1308836.1763934975
20
398505.9021090559
30
46
0
VERTEX
8
C-TOPO-MAJR
10
1308834.8335865277
20
398506.1050048648
30
46
0
VERTEX
8
C-TOPO-MAJR
10
1308833.6429786985
20
398506.5377320391
30
46
0
VERTEX
8
C-TOPO-MAJR
10
1308832.6045700095
20
398507.2002905788
30
46
0
VERTEX
8
C-TOPO-MAJR
10
1308831.7183604608
20
398508.0926804839
30
46
0
VERTEX
8
C-TOPO-MAJR
10
1308830.9324363833
20
398509.12889937696
30
46
0
VERTEX
8
C-TOPO-MAJR
10
1308830.246797777
20
398510.308947258
30
46
0
VERTEX
8
C-TOPO-MAJR
10
1308829.6614446416
20
398511.63282412704
30
46
0
VERTEX
8
C-TOPO-MAJR
10
1308829.176376977
20
398513.1005299841
30
46
0
VERTEX
8
C-TOPO-MAJR
10
1308829.0945682195
20
398514.5682358411
30
46
0
VERTEX
8
C-TOPO-MAJR
10
1308829.4160183687
20
398516.0359416981
30
46
0
VERTEX
8
C-TOPO-MAJR
10
1308830.1407274245
20
398517.50364755513
30
46
0
VERTEX
8
C-TOPO-MAJR
10
1308831.2686953875
20
398518.97135341226
30
46
0
VERTEX
8
C-TOPO-MAJR
10
1308832.1754986723
20
398520.1214810041
30
46
0
VERTEX
8
C-TOPO-MAJR
10
1308832.8611372788
20
398520.95403033076
30
46
0
VERTEX
8
C-TOPO-MAJR
10
1308833.325611207
20
398521.4690013922
30
46
0
VERTEX
8
C-TOPO-MAJR
10
1308833.568920457
20
398521.6663941885
30
46
0
VERTEX
8
C-TOPO-MAJR
10
1308834.1251539222
20
398521.83201484464
30
46
0
VERTEX
8
C-TOPO-MAJR
10
1308834.9943116023
20
398521.9658633606
30
46
0
VERTEX
8
C-TOPO-MAJR
10
1308836.1763934975
20
398522.0679397365
30
46
0
VERTEX
8
C-TOPO-MAJR
10
1308837.6713996076
20
398522.1382439722
30
46
0
VERTEX
8
C-TOPO-MAJR
10
1308839.031250847
20
398522.49097435526
30
46
0
VERTEX
8
C-TOPO-MAJR
10
1308840.2559472157
20
398523.1261308856
30
46
0
VERTEX
8
C-TOPO-MAJR
10
1308841.345488714
20
398524.0437135633
30
46
0
VERTEX
8
C-TOPO-MAJR
10
1308842.2998753416
20
398525.24372238835
30
46
0
VERTEX
8
C-TOPO-MAJR
10
1308843.1305598477
20
398526.51065547136
30
46
0
VERTEX
8
C-TOPO-MAJR
10
1308843.8375422321
20
398527.8445128123
30
46
0
VERTEX
8
C-TOPO-MAJR
10
1308844.420822495
20
398529.2452944114
30
46
0
VERTEX
8
C-TOPO-MAJR
10
1308844.8804006362
20
398530.71300026844
30
46
0
VERTEX
8
C-TOPO-MAJR
10
1308845.2267289814
20
398532.18070612545
30
46
0
VERTEX
8
C-TOPO-MAJR
10
1308845.4598075303
20
398533.64841198246
30
46
0
VERTEX
8
C-TOPO-MAJR
10
1308845.5796362832
20
398535.11611783947
30
46
0
VERTEX
8
C-TOPO-MAJR
10
1308845.58621524
20
398536.58382369654
30
46
0
VERTEX
8
C-TOPO-MAJR
10
1308845.5797892334
20
398538.0515295536
30
46
0
VERTEX
8
C-TOPO-MAJR
10
1308845.5603582636
20
398539.51923541055
30
46
0
VERTEX
8
C-TOPO-MAJR
10
1308845.5279223307
20
398540.9869412676
30
46
0
VERTEX
8
C-TOPO-MAJR
10
1308845.4824814347
20
398542.4546471246
30
46
0
VERTEX
8
C-TOPO-MAJR
10
1308845.446160589
20
398543.92235298164
30
46
0
VERTEX
8
C-TOPO-MAJR
10
1308845.418959794
20
398545.39005883865
30
46
0
VERTEX
8
C-TOPO-MAJR
10
1308845.40087905
20
398546.8577646957
30
46
0
VERTEX
8
C-TOPO-MAJR
10
1308845.391918356
20
398548.3254705528
30
46
0
VERTEX
8
C-TOPO-MAJR
10
1308845.3988437066
20
398549.7931764098
30
46
0
VERTEX
8
C-TOPO-MAJR
10
1308845.4216551017
20
398551.2608822668
30
46
0
VERTEX
8
C-TOPO-MAJR
10
1308845.4603525412
20
398552.7285881238
30
46
0
VERTEX
8
C-TOPO-MAJR
10
1308845.514936025
20
398554.19629398093
30
46
0
VERTEX
8
C-TOPO-MAJR
10
1308845.5744437606
20
398555.36598968995
30
46
0
VERTEX
8
C-TOPO-MAJR
10
1308845.6388757478
20
398556.23767525086
30
46
0
VERTEX
8
C-TOPO-MAJR
10
1308845.7082319867
20
398556.8113506638
30
46
0
VERTEX
8
C-TOPO-MAJR
10
1308845.7825124771
20
398557.0870159286
30
46
0
VERTEX
8
C-TOPO-MAJR
10
1308846.1603653138
20
398557.59177502524
30
46
0
VERTEX
8
C-TOPO-MAJR
10
1308846.841790496
20
398558.3256279538
30
46
0
VERTEX
8
C-TOPO-MAJR
10
1308847.8267880243
20
398559.28857471416
30
46
0
VERTEX
8
C-TOPO-MAJR
10
1308849.1153578989
20
398560.4806153063
30
46
0
VERTEX
8
C-TOPO-MAJR
10
1308850.1272497787
20
398561.7415722147
30
46
0
VERTEX
8
C-TOPO-MAJR
10
1308850.862463664
20
398563.07144543924
30
46
0
VERTEX
8
C-TOPO-MAJR
10
1308851.320999555
20
398564.47023498005
30
46
0
VERTEX
8
C-TOPO-MAJR
10
1308851.5028574516
20
398565.9379408371
30
46
0
VERTEX
8
C-TOPO-MAJR
10
1308851.6453954587
20
398567.0494586448
30
46
0
VERTEX
8
C-TOPO-MAJR
10
1308851.7486135769
20
398567.80478840315
30
46
0
VERTEX
8
C-TOPO-MAJR
10
1308851.8125118054
20
398568.2039301121
30
46
0
VERTEX
8
C-TOPO-MAJR
10
1308851.8370901449
20
398568.24688377173
30
46
0
VERTEX
8
C-TOPO-MAJR
10
1308852.165280817
20
398568.6352870659
30
46
0
VERTEX
8
C-TOPO-MAJR
10
1308852.7970838223
20
398569.3691399943
30
46
0
VERTEX
8
C-TOPO-MAJR
10
1308853.7324991608
20
398570.4484425573
30
46
0
VERTEX
8
C-TOPO-MAJR
10
1308854.9715268326
20
398571.8731947547
30
46
0
VERTEX
8
C-TOPO-MAJR
10
1308855.964792196
20
398573.1283230678
30
46
0
VERTEX
8
C-TOPO-MAJR
10
1308856.7122952507
20
398574.2138274967
30
46
0
VERTEX
8
C-TOPO-MAJR
10
1308857.2140359976
20
398575.1297080413
30
46
0
VERTEX
8
C-TOPO-MAJR
10
1308857.4700144362
20
398575.87596470176
30
46
0
VERTEX
8
C-TOPO-MAJR
10
1308857.9515971218
20
398576.6160194962
30
46
0
VERTEX
8
C-TOPO-MAJR
10
1308858.6587840547
20
398577.34987242473
30
46
0
VERTEX
8
C-TOPO-MAJR
10
1308859.5915752344
20
398578.07752348727
30
46
0
VERTEX
8
C-TOPO-MAJR
10
1308860.7499706612
20
398578.79897268396
30
46
0
VERTEX
8
C-TOPO-MAJR
10
1308861.5720754177
20
398579.7069860457
30
46
0
VERTEX
8
C-TOPO-MAJR
10
1308862.057889504
20
398580.8015635725
30
46
0
VERTEX
8
C-TOPO-MAJR
10
1308862.2074129197
20
398582.0827052644
30
46
0
VERTEX
8
C-TOPO-MAJR
10
1308862.0206456652
20
398583.55041112145
30
46
0
VERTEX
8
C-TOPO-MAJR
10
1308861.960977817
20
398585.01811697846
30
46
0
VERTEX
8
C-TOPO-MAJR
10
1308862.0284093746
20
398586.4858228355
30
46
0
VERTEX
8
C-TOPO-MAJR
10
1308862.2229403385
20
398587.9535286925
30
46
0
VERTEX
8
C-TOPO-MAJR
10
1308862.5445707086
20
398589.4212345496
30
46
0
VERTEX
8
C-TOPO-MAJR
10
1308862.820572172
20
398590.8889404067
30
46
0
VERTEX
8
C-TOPO-MAJR
10
1308863.050944729
20
398592.3566462636
30
46
0
VERTEX
8
C-TOPO-MAJR
10
1308863.2356883795
20
398593.82435212063
30
46
0
VERTEX
8
C-TOPO-MAJR
10
1308863.3748031233
20
398595.2920579777
30
46
0
VERTEX
8
C-TOPO-MAJR
10
1308863.4945479126
20
398596.7597638347
30
46
0
VERTEX
8
C-TOPO-MAJR
10
1308863.5949227475
20
398598.22746969166
30
46
0
VERTEX
8
C-TOPO-MAJR
10
1308863.6759276276
20
398599.6951755487
30
46
0
VERTEX
8
C-TOPO-MAJR
10
1308863.7375625533
20
398601.1628814058
30
46
0
VERTEX
8
C-TOPO-MAJR
10
1308863.7007902463
20
398602.6305872628
30
46
0
VERTEX
8
C-TOPO-MAJR
10
1308863.5656107063
20
398604.0982931198
30
46
0
VERTEX
8
C-TOPO-MAJR
10
1308863.332023934
20
398605.5659989768
30
46
0
VERTEX
8
C-TOPO-MAJR
10
1308863.000029929
20
398607.0337048339
30
46
0
VERTEX
8
C-TOPO-MAJR
10
1308862.6134737325
20
398608.50141069095
30
46
0
VERTEX
8
C-TOPO-MAJR
10
1308862.1723553445
20
398609.9691165479
30
46
0
VERTEX
8
C-TOPO-MAJR
10
1308861.676674765
20
398611.43682240497
30
46
0
VERTEX
8
C-TOPO-MAJR
10
1308861.126431994
20
398612.904528262
30
46
0
VERTEX
8
C-TOPO-MAJR
10
1308860.784761039
20
398614.372234119
30
46
0
VERTEX
8
C-TOPO-MAJR
10
1308860.6516619008
20
398615.839939976
30
46
0
VERTEX
8
C-TOPO-MAJR
10
1308860.7271345784
20
398617.30764583306
30
46
0
VERTEX
8
C-TOPO-MAJR
10
1308861.0111790725
20
398618.7753516901
30
46
0
VERTEX
8
C-TOPO-MAJR
10
1308861.3740099883
20
398620.16228876216
30
46
0
VERTEX
8
C-TOPO-MAJR
10
1308861.8156273253
20
398621.4684570491
30
46
0
VERTEX
8
C-TOPO-MAJR
10
1308862.336031084
20
398622.69385655114
30
46
0
VERTEX
8
C-TOPO-MAJR
10
1308862.9352212641
20
398623.8384872682
30
46
0
VERTEX
8
C-TOPO-MAJR
10
1308863.5152085272
20
398624.777729091
30
46
0
VERTEX
8
C-TOPO-MAJR
10
1308864.0759928732
20
398625.5115820195
30
46
0
VERTEX
8
C-TOPO-MAJR
10
1308864.617574302
20
398626.04004605376
30
46
0
VERTEX
8
C-TOPO-MAJR
10
1308865.1399528137
20
398626.3631211938
30
46
0
VERTEX
8
C-TOPO-MAJR
10
1308865.7748935972
20
398626.7931407273
30
46
0
VERTEX
8
C-TOPO-MAJR
10
1308866.522396652
20
398627.33010465454
30
46
0
VERTEX
8
C-TOPO-MAJR
10
1308867.3824619788
20
398627.97401297523
30
46
0
VERTEX
8
C-TOPO-MAJR
10
1308868.3550895771
20
398628.7248656894
30
46
0
VERTEX
8
C-TOPO-MAJR
10
1308869.4583118034
20
398629.236368902
30
46
0
VERTEX
8
C-TOPO-MAJR
10
1308870.6921286578
20
398629.5085226131
30
46
0
VERTEX
8
C-TOPO-MAJR
10
1308872.05654014
20
398629.5413268224
30
46
0
VERTEX
8
C-TOPO-MAJR
10
1308873.5515462502
20
398629.3347815301
30
46
0
VERTEX
8
C-TOPO-MAJR
10
1308874.672800833
20
398629.1798725608
30
46
0
VERTEX
8
C-TOPO-MAJR
10
1308875.4203038877
20
398629.07659991464
30
46
0
VERTEX
8
C-TOPO-MAJR
10
1308875.7940554153
20
398629.0249635916
30
46
0
SEQEND
0
POLYLINE
8
C-TOPO-MAJR
66
1
70
0
0
VERTEX
8
C-TOPO-MAJR
10
1308851.8739576535
20
398502.3001786128
30
48
0
VERTEX
8
C-TOPO-MAJR
10
1308851.500206126
20
398502.275125903
30
48
0
VERTEX
8
C-TOPO-MAJR
10
1308850.752703071
20
398502.2250204834
30
48
0
VERTEX
8
C-TOPO-MAJR
10
1308849.6314484884
20
398502.14986235404
30
48
0
VERTEX
8
C-TOPO-MAJR
10
1308848.1364423782
20
398502.0496515148
30
48
0
VERTEX
8
C-TOPO-MAJR
10
1308846.641436268
20
398501.88718859205
30
48
0
VERTEX
8
C-TOPO-MAJR
10
1308845.1464301578
20
398501.6624735858
30
48
0
VERTEX
8
C-TOPO-MAJR
10
1308843.6514240478
20
398501.375506496
30
48
0
VERTEX
8
C-TOPO-MAJR
10
1308842.1564179377
20
398501.0262873227
30
48
0
VERTEX
8
C-TOPO-MAJR
10
1308840.6614118277
20
398500.60645025544
30
48
0
VERTEX
8
C-TOPO-MAJR
10
1308839.1664057176
20
398500.11599529424
30
48
0
VERTEX
8
C-TOPO-MAJR
10
1308837.6713996076
20
398499.5549224391
30
48
0
VERTEX
8
C-TOPO-MAJR
10
1308836.1763934975
20
398498.92323169
30
48
0
VERTEX
8
C-TOPO-MAJR
10
1308834.6813873874
20
398498.53074721724
30
48
0
VERTEX
8
C-TOPO-MAJR
10
1308833.1863812772
20
398498.3774690208
30
48
0
VERTEX
8
C-TOPO-MAJR
10
1308831.691375167
20
398498.46339710057
30
48
0
VERTEX
8
C-TOPO-MAJR
10
1308830.1963690568
20
398498.7885314566
30
48
0
VERTEX
8
C-TOPO-MAJR
10
1308828.7013629468
20
398499.261997303
30
48
0
VERTEX
8
C-TOPO-MAJR
10
1308827.2063568367
20
398499.8837946397
30
48
0
VERTEX
8
C-TOPO-MAJR
10
1308825.7113507267
20
398500.6539234668
30
48
0
VERTEX
8
C-TOPO-MAJR
10
1308824.2163446164
20
398501.5723837842
30
48
0
VERTEX
8
C-TOPO-MAJR
10
1308823.0599422695
20
398502.2993770006
30
48
0
VERTEX
8
C-TOPO-MAJR
10
1308822.2421436855
20
398502.83490311593
30
48
0
VERTEX
8
C-TOPO-MAJR
10
1308821.7629488648
20
398503.1789621302
30
48
0
VERTEX
8
C-TOPO-MAJR
10
1308821.6223578074
20
398503.33155404346
30
48
0
VERTEX
8
C-TOPO-MAJR
10
1308821.487552764
20
398503.8129244427
30
48
0
VERTEX
8
C-TOPO-MAJR
10
1308821.358533735
20
398504.6230733278
30
48
0
VERTEX
8
C-TOPO-MAJR
10
1308821.2353007197
20
398505.76200069895
30
48
0
VERTEX
8
C-TOPO-MAJR
10
1308821.1178537188
20
398507.22970655595
30
48
0
VERTEX
8
C-TOPO-MAJR
10
1308821.0942779826
20
398508.5124492132
30
48
0
VERTEX
8
C-TOPO-MAJR
10
1308821.1645735116
20
398509.61022867064
30
48
0
VERTEX
8
C-TOPO-MAJR
10
1308821.328740305
20
398510.5230449283
30
48
0
VERTEX
8
C-TOPO-MAJR
10
1308821.5867783634
20
398511.25089798623
30
48
0
VERTEX
8
C-TOPO-MAJR
10
1308821.8461924
20
398511.98175097944
30
48
0
VERTEX
8
C-TOPO-MAJR
10
1308822.1069824141
20
398512.71560390794
30
48
0
VERTEX
8
C-TOPO-MAJR
10
1308822.3691484067
20
398513.45245677175
30
48
0
VERTEX
8
C-TOPO-MAJR
10
1308822.632690377
20
398514.19230957096
30
48
0
VERTEX
8
C-TOPO-MAJR
10
1308822.9168724031
20
398515.11412563454
30
48
0
VERTEX
8
C-TOPO-MAJR
10
1308823.2216944853
20
398516.2179049626
30
48
0
VERTEX
8
C-TOPO-MAJR
10
1308823.547156623
20
398517.50364755513
30
48
0
VERTEX
8
C-TOPO-MAJR
10
1308823.8932588166
20
398518.97135341226
30
48
0
VERTEX
8
C-TOPO-MAJR
10
1308824.3002426508
20
398520.4390592693
30
48
0
VERTEX
8
C-TOPO-MAJR
10
1308824.7681081253
20
398521.9067651263
30
48
0
VERTEX
8
C-TOPO-MAJR
10
1308825.2968552401
20
398523.3744709833
30
48
0
VERTEX
8
C-TOPO-MAJR
10
1308825.8864839952
20
398524.84217684035
30
48
0
VERTEX
8
C-TOPO-MAJR
10
1308826.4026388596
20
398526.1185059302
30
48
0
VERTEX
8
C-TOPO-MAJR
10
1308826.8453198327
20
398527.20345825294
30
48
0
VERTEX
8
C-TOPO-MAJR
10
1308827.2145269145
20
398528.0970338086
30
48
0
VERTEX
8
C-TOPO-MAJR
10
1308827.5102601056
20
398528.7992325971
30
48
0
VERTEX
8
C-TOPO-MAJR
10
1308827.8108335766
20
398529.51725845557
30
48
0
VERTEX
8
C-TOPO-MAJR
10
1308828.1162473278
20
398530.2511113841
30
48
0
VERTEX
8
C-TOPO-MAJR
10
1308828.4265013593
20
398531.0007913826
30
48
0
VERTEX
8
C-TOPO-MAJR
10
1308828.7415956715
20
398531.7662984511
30
48
0
VERTEX
8
C-TOPO-MAJR
10
1308829.2505590064
20
398532.7073552168
30
48
0
VERTEX
8
C-TOPO-MAJR
10
1308829.9533913643
20
398533.8239616796
30
48
0
VERTEX
8
C-TOPO-MAJR
10
1308830.8500927454
20
398535.11611783947
30
48
0
VERTEX
8
C-TOPO-MAJR
10
1308831.9406631496
20
398536.58382369654
30
48
0
VERTEX
8
C-TOPO-MAJR
10
1308832.7807817692
20
398538.0515295536
30
48
0
VERTEX
8
C-TOPO-MAJR
10
1308833.3704486042
20
398539.51923541055
30
48
0
VERTEX
8
C-TOPO-MAJR
10
1308833.7096636551
20
398540.9869412676
30
48
0
VERTEX
8
C-TOPO-MAJR
10
1308833.7984269212
20
398542.4546471246
30
48
0
VERTEX
8
C-TOPO-MAJR
10
1308833.865143903
20
398543.5579426347
30
48
0
VERTEX
8
C-TOPO-MAJR
10
1308833.9098146
20
398544.2968277979
30
48
0
VERTEX
8
C-TOPO-MAJR
10
1308833.9324390125
20
398544.67130261404
30
48
0
VERTEX
8
C-TOPO-MAJR
10
1308833.9330171405
20
398544.68136708334
30
48
0
VERTEX
8
C-TOPO-MAJR
10
1308833.9820406942
20
398545.0533257822
30
48
0
VERTEX
8
C-TOPO-MAJR
10
1308834.0795096739
20
398545.7871787107
30
48
0
VERTEX
8
C-TOPO-MAJR
10
1308834.2254240795
20
398546.88292586885
30
48
0
VERTEX
8
C-TOPO-MAJR
10
1308834.419783911
20
398548.34056725656
30
48
0
VERTEX
8
C-TOPO-MAJR
10
1308834.8821817702
20
398549.8007247617
30
48
0
VERTEX
8
C-TOPO-MAJR
10
1308835.6126176566
20
398551.2633983841
30
48
0
VERTEX
8
C-TOPO-MAJR
10
1308836.6110915705
20
398552.7285881238
30
48
0
VERTEX
8
C-TOPO-MAJR
10
1308837.8776035118
20
398554.19629398093
30
48
0
VERTEX
8
C-TOPO-MAJR
10
1308838.8357238828
20
398555.663999838
30
48
0
VERTEX
8
C-TOPO-MAJR
10
1308839.4854526834
20
398557.13170569495
30
48
0
VERTEX
8
C-TOPO-MAJR
10
1308839.8267899132
20
398558.59941155196
30
48
0
VERTEX
8
C-TOPO-MAJR
10
1308839.8597355725
20
398560.067117409
30
48
0
VERTEX
8
C-TOPO-MAJR
10
1308839.8847419866
20
398561.39674142835
30
48
0
VERTEX
8
C-TOPO-MAJR
10
1308839.901809155
20
398562.58828361006
30
48
0
VERTEX
8
C-TOPO-MAJR
10
1308839.9109370783
20
398563.6417439541
30
48
0
VERTEX
8
C-TOPO-MAJR
10
1308839.912125756
20
398564.55712246045
30
48
0
VERTEX
8
C-TOPO-MAJR
10
1308839.913421535
20
398565.3817381779
30
48
0
VERTEX
8
C-TOPO-MAJR
10
1308839.914824415
20
398566.1155911064
30
48
0
VERTEX
8
C-TOPO-MAJR
10
1308839.9163343962
20
398566.75868124596
30
48
0
VERTEX
8
C-TOPO-MAJR
10
1308839.9179514782
20
398567.3110085967
30
48
0
VERTEX
8
C-TOPO-MAJR
10
1308840.292511547
20
398568.0034188951
30
48
0
VERTEX
8
C-TOPO-MAJR
10
1308841.040014602
20
398568.8359121414
30
48
0
VERTEX
8
C-TOPO-MAJR
10
1308842.1604606435
20
398569.8084883356
30
48
0
VERTEX
8
C-TOPO-MAJR
10
1308843.6538496714
20
398570.92114747746
30
48
0
VERTEX
8
C-TOPO-MAJR
10
1308844.8319614
20
398571.8444035127
30
48
0
VERTEX
8
C-TOPO-MAJR
10
1308845.69479583
20
398572.5782564413
30
48
0
VERTEX
8
C-TOPO-MAJR
10
1308846.2423529606
20
398573.1227062631
30
48
0
VERTEX
8
C-TOPO-MAJR
10
1308846.4746327926
20
398573.4777529781
30
48
0
VERTEX
8
C-TOPO-MAJR
10
1308846.6368147752
20
398574.1109644787
30
48
0
VERTEX
8
C-TOPO-MAJR
10
1308846.7288989085
20
398575.02234076476
30
48
0
VERTEX
8
C-TOPO-MAJR
10
1308846.7508851928
20
398576.2118818363
30
48
0
VERTEX
8
C-TOPO-MAJR
10
1308846.702773628
20
398577.6795876933
30
48
0
VERTEX
8
C-TOPO-MAJR
10
1308846.994399415
20
398579.0177883083
30
48
0
VERTEX
8
C-TOPO-MAJR
10
1308847.6257625544
20
398580.22648368136
30
48
0
VERTEX
8
C-TOPO-MAJR
10
1308848.5968630454
20
398581.30567381234
30
48
0
VERTEX
8
C-TOPO-MAJR
10
1308849.9077008888
20
398582.25535870134
30
48
0
VERTEX
8
C-TOPO-MAJR
10
1308850.9452222153
20
398583.0971276101
30
48
0
VERTEX
8
C-TOPO-MAJR
10
1308851.7094270252
20
398583.8309805386
30
48
0
VERTEX
8
C-TOPO-MAJR
10
1308852.2003153185
20
398584.45691748685
30
48
0
VERTEX
8
C-TOPO-MAJR
10
1308852.417887095
20
398584.97493845486
30
48
0
VERTEX
8
C-TOPO-MAJR
10
1308852.538115705
20
398585.73038064514
30
48
0
VERTEX
8
C-TOPO-MAJR
10
1308852.5610011485
20
398586.72324405774
30
48
0
VERTEX
8
C-TOPO-MAJR
10
1308852.4865434256
20
398587.9535286925
30
48
0
VERTEX
8
C-TOPO-MAJR
10
1308852.3147425358
20
398589.4212345496
30
48
0
VERTEX
8
C-TOPO-MAJR
10
1308852.2220402851
20
398590.8889404067
30
48
0
VERTEX
8
C-TOPO-MAJR
10
1308852.2084366728
20
398592.3566462636
30
48
0
VERTEX
8
C-TOPO-MAJR
10
1308852.2739316996
20
398593.82435212063
30
48
0
VERTEX
8
C-TOPO-MAJR
10
1308852.4185253652
20
398595.2920579777
30
48
0
VERTEX
8
C-TOPO-MAJR
10
1308852.635072524
20
398596.7597638347
30
48
0
VERTEX
8
C-TOPO-MAJR
10
1308852.923573176
20
398598.22746969166
30
48
0
VERTEX
8
C-TOPO-MAJR
10
1308853.2840273213
20
398599.6951755487
30
48
0
VERTEX
8
C-TOPO-MAJR
10
1308853.7164349603
20
398601.1628814058
30
48
0
VERTEX
8
C-TOPO-MAJR
10
1308854.1276245322
20
398602.6305872628
30
48
0
VERTEX
8
C-TOPO-MAJR
10
1308854.5175960374
20
398604.0982931198
30
48
0
VERTEX
8
C-TOPO-MAJR
10
1308854.886349476
20
398605.5659989768
30
48
0
VERTEX
8
C-TOPO-MAJR
10
1308855.2338848473
20
398607.0337048339
30
48
0
VERTEX
8
C-TOPO-MAJR
10
1308855.4505353589
20
398608.50141069095
30
48
0
VERTEX
8
C-TOPO-MAJR
10
1308855.5363010103
20
398609.9691165479
30
48
0
VERTEX
8
C-TOPO-MAJR
10
1308855.4911818015
20
398611.43682240497
30
48
0
VERTEX
8
C-TOPO-MAJR
10
1308855.3151777326
20
398612.904528262
30
48
0
VERTEX
8
C-TOPO-MAJR
10
1308855.2030952605
20
398614.372234119
30
48
0
VERTEX
8
C-TOPO-MAJR
10
1308855.1549343849
20
398615.839939976
30
48
0
VERTEX
8
C-TOPO-MAJR
10
1308855.1706951063
20
398617.30764583306
30
48
0
VERTEX
8
C-TOPO-MAJR
10
1308855.2503774243
20
398618.7753516901
30
48
0
VERTEX
8
C-TOPO-MAJR
10
1308855.2837571865
20
398620.24305754714
30
48
0
VERTEX
8
C-TOPO-MAJR
10
1308855.270834393
20
398621.71076340415
30
48
0
VERTEX
8
C-TOPO-MAJR
10
1308855.2116090439
20
398623.17846926115
30
48
0
VERTEX
8
C-TOPO-MAJR
10
1308855.1060811388
20
398624.6461751183
30
48
0
VERTEX
8
C-TOPO-MAJR
10
1308855.1366483527
20
398626.11388097535
30
48
0
VERTEX
8
C-TOPO-MAJR
10
1308855.3033106853
20
398627.5815868323
30
48
0
VERTEX
8
C-TOPO-MAJR
10
1308855.6060681369
20
398629.0492926893
30
48
0
VERTEX
8
C-TOPO-MAJR
10
1308856.0449207071
20
398630.5169985464
30
48
0
VERTEX
8
C-TOPO-MAJR
10
1308856.3740601349
20
398631.61777793913
30
48
0
VERTEX
8
C-TOPO-MAJR
10
1308856.59348642
20
398632.3516308676
30
48
0
VERTEX
8
C-TOPO-MAJR
10
1308856.7031995626
20
398632.7185573319
30
48
0
SEQEND
0
POLYLINE
8
C-TOPO-MAJR
66
1
70
0
0
VERTEX
8
C-TOPO-MAJR
10
1308845.893933213
20
398497.3903780805
30
50
0
VERTEX
8
C-TOPO-MAJR
10
1308845.5201816855
20
398497.25194446155
30
50
0
VERTEX
8
C-TOPO-MAJR
10
1308844.7726786304
20
398496.97507722373
30
50
0
VERTEX
8
C-TOPO-MAJR
10
1308843.6514240478
20
398496.559776367
30
50
0
VERTEX
8
C-TOPO-MAJR
10
1308842.1564179377
20
398496.0060418914
30
50
0
VERTEX
8
C-TOPO-MAJR
10
1308840.6614118277
20
398495.4186033438
30
50
0
VERTEX
8
C-TOPO-MAJR
10
1308839.1664057176
20
398494.79746072413
30
50
0
VERTEX
8
C-TOPO-MAJR
10
1308837.6713996076
20
398494.14261403255
30
50
0
VERTEX
8
C-TOPO-MAJR
10
1308836.1763934975
20
398493.45406326896
30
50
0
VERTEX
8
C-TOPO-MAJR
10
1308834.6813873874
20
398492.9994769026
30
50
0
VERTEX
8
C-TOPO-MAJR
10
1308833.1863812772
20
398492.7788549334
30
50
0
VERTEX
8
C-TOPO-MAJR
10
1308831.691375167
20
398492.7921973614
30
50
0
VERTEX
8
C-TOPO-MAJR
10
1308830.1963690568
20
398493.03950418666
30
50
0
VERTEX
8
C-TOPO-MAJR
10
1308828.7013629468
20
398493.28734065185
30
50
0
VERTEX
8
C-TOPO-MAJR
10
1308827.2063568367
20
398493.53570675704
30
50
0
VERTEX
8
C-TOPO-MAJR
10
1308825.7113507267
20
398493.78460250224
30
50
0
VERTEX
8
C-TOPO-MAJR
10
1308824.2163446164
20
398494.03402788733
30
50
0
VERTEX
8
C-TOPO-MAJR
10
1308822.7213385063
20
398494.3437796129
30
50
0
VERTEX
8
C-TOPO-MAJR
10
1308821.226332396
20
398494.7138576788
30
50
0
VERTEX
8
C-TOPO-MAJR
10
1308819.731326286
20
398495.1442620851
30
50
0
VERTEX
8
C-TOPO-MAJR
10
1308818.236320176
20
398495.63499283185
30
50
0
VERTEX
8
C-TOPO-MAJR
10
1308817.0687560248
20
398496.0854489878
30
50
0
VERTEX
8
C-TOPO-MAJR
10
1308816.2286338331
20
398496.49563055276
30
50
0
VERTEX
8
C-TOPO-MAJR
10
1308815.7159536001
20
398496.86553752696
30
50
0
VERTEX
8
C-TOPO-MAJR
10
1308815.5307153263
20
398497.1951699103
30
50
0
VERTEX
8
C-TOPO-MAJR
10
1308815.3107595493
20
398497.80932066205
30
50
0
VERTEX
8
C-TOPO-MAJR
10
1308815.056086269
20
398498.7079897822
30
50
0
VERTEX
8
C-TOPO-MAJR
10
1308814.7666954855
20
398499.8911772708
30
50
0
VERTEX
8
C-TOPO-MAJR
10
1308814.4425871987
20
398501.35888312786
30
50
0
VERTEX
8
C-TOPO-MAJR
10
1308814.3268426238
20
398502.82417822053
30
50
0
VERTEX
8
C-TOPO-MAJR
10
1308814.4194617607
20
398504.2870625488
30
50
0
VERTEX
8
C-TOPO-MAJR
10
1308814.7204446094
20
398505.7475361128
30
50
0
VERTEX
8
C-TOPO-MAJR
10
1308815.22979117
20
398507.2055989124
30
50
0
VERTEX
8
C-TOPO-MAJR
10
1308815.6126160766
20
398508.3015567764
30
50
0
VERTEX
8
C-TOPO-MAJR
10
1308815.8689193288
20
398509.0354097049
30
50
0
VERTEX
8
C-TOPO-MAJR
10
1308815.9987009272
20
398509.4071576979
30
50
0
VERTEX
8
C-TOPO-MAJR
10
1308816.0019608715
20
398509.4168007553
30
50
0
VERTEX
8
C-TOPO-MAJR
10
1308816.0137669656
20
398509.7909595127
30
50
0
VERTEX
8
C-TOPO-MAJR
10
1308816.0341192097
20
398510.5296339699
30
50
0
VERTEX
8
C-TOPO-MAJR
10
1308816.0630176037
20
398511.63282412704
30
50
0
VERTEX
8
C-TOPO-MAJR
10
1308816.1004621473
20
398513.1005299841
30
50
0
VERTEX
8
C-TOPO-MAJR
10
1308816.1273889872
20
398514.5682358411
30
50
0
VERTEX
8
C-TOPO-MAJR
10
1308816.1437981233
20
398516.0359416981
30
50
0
VERTEX
8
C-TOPO-MAJR
10
1308816.1496895554
20
398517.50364755513
30
50
0
VERTEX
8
C-TOPO-MAJR
10
1308816.1450632836
20
398518.97135341226
30
50
0
VERTEX
8
C-TOPO-MAJR
10
1308816.2278882079
20
398520.4390592693
30
50
0
VERTEX
8
C-TOPO-MAJR
10
1308816.3981643287
20
398521.9067651263
30
50
0
VERTEX
8
C-TOPO-MAJR
10
1308816.6558916452
20
398523.3744709833
30
50
0
VERTEX
8
C-TOPO-MAJR
10
1308817.001070158
20
398524.84217684035
30
50
0
VERTEX
8
C-TOPO-MAJR
10
1308817.3119030083
20
398526.30988269736
30
50
0
VERTEX
8
C-TOPO-MAJR
10
1308817.5883901962
20
398527.7775885543
30
50
0
VERTEX
8
C-TOPO-MAJR
10
1308817.830531721
20
398529.2452944114
30
50
0
VERTEX
8
C-TOPO-MAJR
10
1308818.0383275833
20
398530.71300026844
30
50
0
VERTEX
8
C-TOPO-MAJR
10
1308818.0469113323
20
398532.14703003416
30
50
0
VERTEX
8
C-TOPO-MAJR
10
1308817.8562829676
20
398533.5473837086
30
50
0
VERTEX
8
C-TOPO-MAJR
10
1308817.4664424895
20
398534.9140612917
30
50
0
VERTEX
8
C-TOPO-MAJR
10
1308816.877389898
20
398536.24706278363
30
50
0
VERTEX
8
C-TOPO-MAJR
10
1308816.4142548891
20
398537.28048999386
30
50
0
VERTEX
8
C-TOPO-MAJR
10
1308816.0770374625
20
398538.01434292237
30
50
0
VERTEX
8
C-TOPO-MAJR
10
1308815.8657376186
20
398538.4486215692
30
50
0
VERTEX
8
C-TOPO-MAJR
10
1308815.780355357
20
398538.58332593436
30
50
0
VERTEX
8
C-TOPO-MAJR
10
1308815.7376642264
20
398538.72860924865
30
50
0
VERTEX
8
C-TOPO-MAJR
10
1308815.7376642264
20
398538.88447151205
30
50
0
VERTEX
8
C-TOPO-MAJR
10
1308815.780355357
20
398539.0509127246
30
50
0
VERTEX
8
C-TOPO-MAJR
10
1308815.8657376186
20
398539.2279328862
30
50
0
VERTEX
8
C-TOPO-MAJR
10
1308816.2492960072
20
398539.6833694313
30
50
0
VERTEX
8
C-TOPO-MAJR
10
1308816.9310305228
20
398540.4172223598
30
50
0
VERTEX
8
C-TOPO-MAJR
10
1308817.9109411656
20
398541.42949167173
30
50
0
VERTEX
8
C-TOPO-MAJR
10
1308819.1890279355
20
398542.7201773671
30
50
0
VERTEX
8
C-TOPO-MAJR
10
1308820.201822848
20
398543.7130636593
30
50
0
VERTEX
8
C-TOPO-MAJR
10
1308820.9493259029
20
398544.40815054835
30
50
0
VERTEX
8
C-TOPO-MAJR
10
1308821.4315371006
20
398544.8054380343
30
50
0
VERTEX
8
C-TOPO-MAJR
10
1308821.6484564408
20
398544.904926117
30
50
0
VERTEX
8
C-TOPO-MAJR
10
1308822.1839860359
20
398545.32159662264
30
50
0
VERTEX
8
C-TOPO-MAJR
10
1308823.038125886
20
398546.05544955115
30
50
0
VERTEX
8
C-TOPO-MAJR
10
1308824.210875991
20
398547.10648490256
30
50
0
VERTEX
8
C-TOPO-MAJR
10
1308825.7022363509
20
398548.4747026768
30
50
0
VERTEX
8
C-TOPO-MAJR
10
1308826.8216680582
20
398549.5150026441
30
50
0
VERTEX
8
C-TOPO-MAJR
10
1308827.5691711134
20
398550.2273848045
30
50
0
VERTEX
8
C-TOPO-MAJR
10
1308827.944745516
20
398550.61184915784
30
50
0
VERTEX
8
C-TOPO-MAJR
10
1308827.9483912664
20
398550.66839570407
30
50
0
VERTEX
8
C-TOPO-MAJR
10
1308827.969317037
20
398551.0635954415
30
50
0
VERTEX
8
C-TOPO-MAJR
10
1308828.0075228277
20
398551.79744837
30
50
0
VERTEX
8
C-TOPO-MAJR
10
1308828.0630086386
20
398552.86995448964
30
50
0
VERTEX
8
C-TOPO-MAJR
10
1308828.13577447
20
398554.28111380036
30
50
0
VERTEX
8
C-TOPO-MAJR
10
1308828.381894599
20
398555.7064097477
30
50
0
VERTEX
8
C-TOPO-MAJR
10
1308828.801369026
20
398557.1458423316
30
50
0
VERTEX
8
C-TOPO-MAJR
10
1308829.394197751
20
398558.59941155196
30
50
0
VERTEX
8
C-TOPO-MAJR
10
1308830.160380774
20
398560.067117409
30
50
0
VERTEX
8
C-TOPO-MAJR
10
1308830.8987889045
20
398561.53482326603
30
50
0
VERTEX
8
C-TOPO-MAJR
10
1308831.6094221426
20
398563.002529123
30
50
0
VERTEX
8
C-TOPO-MAJR
10
1308832.2922804886
20
398564.47023498005
30
50
0
VERTEX
8
C-TOPO-MAJR
10
1308832.9473639422
20
398565.9379408371
30
50
0
VERTEX
8
C-TOPO-MAJR
10
1308833.438919983
20
398567.0403097162
30
50
0
VERTEX
8
C-TOPO-MAJR
10
1308833.766948611
20
398567.7773416173
30
50
0
VERTEX
8
C-TOPO-MAJR
10
1308833.9314498263
20
398568.1490365404
30
50
0
VERTEX
8
C-TOPO-MAJR
10
1308833.9324236286
20
398568.1553944857
30
50
0
VERTEX
8
C-TOPO-MAJR
10
1308833.9844446327
20
398568.5254999226
30
50
0
VERTEX
8
C-TOPO-MAJR
10
1308834.0875128382
20
398569.259352851
30
50
0
VERTEX
8
C-TOPO-MAJR
10
1308834.2416282452
20
398570.3569532712
30
50
0
VERTEX
8
C-TOPO-MAJR
10
1308834.4467908537
20
398571.81830118306
30
50
0
VERTEX
8
C-TOPO-MAJR
10
1308834.8818320157
20
398573.28123858117
30
50
0
VERTEX
8
C-TOPO-MAJR
10
1308835.5467517315
20
398574.74576546554
30
50
0
VERTEX
8
C-TOPO-MAJR
10
1308836.4415500003
20
398576.2118818363
30
50
0
VERTEX
8
C-TOPO-MAJR
10
1308837.5662268228
20
398577.6795876933
30
50
0
VERTEX
8
C-TOPO-MAJR
10
1308838.4510261093
20
398579.1472156947
30
50
0
VERTEX
8
C-TOPO-MAJR
10
1308839.09594786
20
398580.6147658406
30
50
0
VERTEX
8
C-TOPO-MAJR
10
1308839.5009920748
20
398582.0822381308
30
50
0
VERTEX
8
C-TOPO-MAJR
10
1308839.6661587541
20
398583.54963256547
30
50
0
VERTEX
8
C-TOPO-MAJR
10
1308839.7900419272
20
398584.650256247
30
50
0
VERTEX
8
C-TOPO-MAJR
10
1308839.8726415941
20
398585.38410917553
30
50
0
VERTEX
8
C-TOPO-MAJR
10
1308839.913957755
20
398585.751191351
30
50
0
VERTEX
8
C-TOPO-MAJR
10
1308839.91399041
20
398585.7515027734
30
50
0
VERTEX
8
C-TOPO-MAJR
10
1308840.0752823993
20
398586.1186628044
30
50
0
VERTEX
8
C-TOPO-MAJR
10
1308840.397833723
20
398586.8526714441
30
50
0
VERTEX
8
C-TOPO-MAJR
10
1308840.881644381
20
398587.9535286925
30
50
0
VERTEX
8
C-TOPO-MAJR
10
1308841.5267143736
20
398589.4212345496
30
50
0
VERTEX
8
C-TOPO-MAJR
10
1308842.2229927336
20
398590.8618730559
30
50
0
VERTEX
8
C-TOPO-MAJR
10
1308842.970479461
20
398592.2754442113
30
50
0
VERTEX
8
C-TOPO-MAJR
10
1308843.7691745562
20
398593.66194801615
30
50
0
VERTEX
8
C-TOPO-MAJR
10
1308844.619078019
20
398595.02138447016
30
50
0
VERTEX
8
C-TOPO-MAJR
10
1308845.2655687435
20
398596.0680291614
30
50
0
VERTEX
8
C-TOPO-MAJR
10
1308845.7086467296
20
398596.80188208993
30
50
0
VERTEX
8
C-TOPO-MAJR
10
1308845.9483119773
20
398597.2229432557
30
50
0
VERTEX
8
C-TOPO-MAJR
10
1308845.9845644867
20
398597.33121265867
30
50
0
VERTEX
8
C-TOPO-MAJR
10
1308846.0034031195
20
398597.77934117516
30
50
0
VERTEX
8
C-TOPO-MAJR
10
1308846.0048278756
20
398598.5673288052
30
50
0
VERTEX
8
C-TOPO-MAJR
10
1308845.988838755
20
398599.6951755487
30
50
0
VERTEX
8
C-TOPO-MAJR
10
1308845.9554357575
20
398601.1628814058
30
50
0
VERTEX
8
C-TOPO-MAJR
10
1308846.0036212134
20
398602.6305872628
30
50
0
VERTEX
8
C-TOPO-MAJR
10
1308846.1333951221
20
398604.0982931198
30
50
0
VERTEX
8
C-TOPO-MAJR
10
1308846.344757484
20
398605.5659989768
30
50
0
VERTEX
8
C-TOPO-MAJR
10
1308846.6377082989
20
398607.0337048339
30
50
0
VERTEX
8
C-TOPO-MAJR
10
1308846.9518174666
20
398608.50141069095
30
50
0
VERTEX
8
C-TOPO-MAJR
10
1308847.287084987
20
398609.9691165479
30
50
0
VERTEX
8
C-TOPO-MAJR
10
1308847.6435108602
20
398611.43682240497
30
50
0
VERTEX
8
C-TOPO-MAJR
10
1308848.0210950861
20
398612.904528262
30
50
0
VERTEX
8
C-TOPO-MAJR
10
1308848.4033808247
20
398614.372234119
30
50
0
VERTEX
8
C-TOPO-MAJR
10
1308848.790368076
20
398615.839939976
30
50
0
VERTEX
8
C-TOPO-MAJR
10
1308849.1820568396
20
398617.30764583306
30
50
0
VERTEX
8
C-TOPO-MAJR
10
1308849.578447116
20
398618.7753516901
30
50
0
VERTEX
8
C-TOPO-MAJR
10
1308849.9164385998
20
398620.24305754714
30
50
0
VERTEX
8
C-TOPO-MAJR
10
1308850.196031291
20
398621.71076340415
30
50
0
VERTEX
8
C-TOPO-MAJR
10
1308850.41722519
20
398623.17846926115
30
50
0
VERTEX
8
C-TOPO-MAJR
10
1308850.5800202962
20
398624.6461751183
30
50
0
VERTEX
8
C-TOPO-MAJR
10
1308850.747010885
20
398626.11388097535
30
50
0
VERTEX
8
C-TOPO-MAJR
10
1308850.9181969566
20
398627.5815868323
30
50
0
VERTEX
8
C-TOPO-MAJR
10
1308851.0935785107
20
398629.0492926893
30
50
0
VERTEX
8
C-TOPO-MAJR
10
1308851.2731555474
20
398630.5169985464
30
50
0
VERTEX
8
C-TOPO-MAJR
10
1308851.407838325
20
398631.61777793913
30
50
0
VERTEX
8
C-TOPO-MAJR
10
1308851.4976268434
20
398632.3516308676
30
50
0
VERTEX
8
C-TOPO-MAJR
10
1308851.5425211026
20
398632.7185573319
30
50
0
SEQEND
0
POLYLINE
8
C-TOPO-MAJR
66
1
70
0
0
VERTEX
8
C-TOPO-MAJR
10
1308839.9139087726
20
398489.76240500115
30
52
0
VERTEX
8
C-TOPO-MAJR
10
1308839.540157245
20
398489.5839137107
30
52
0
VERTEX
8
C-TOPO-MAJR
10
1308838.7926541902
20
398489.2269311298
30
52
0
VERTEX
8
C-TOPO-MAJR
10
1308837.6713996076
20
398488.69145725854
30
52
0
VERTEX
8
C-TOPO-MAJR
10
1308836.1763934975
20
398487.9774920967
30
52
0
VERTEX
8
C-TOPO-MAJR
10
1308834.6813873874
20
398487.4528485983
30
52
0
VERTEX
8
C-TOPO-MAJR
10
1308833.1863812772
20
398487.11752676324
30
52
0
VERTEX
8
C-TOPO-MAJR
10
1308831.691375167
20
398486.9715265915
30
52
0
VERTEX
8
C-TOPO-MAJR
10
1308830.1963690568
20
398487.0148480831
30
52
0
VERTEX
8
C-TOPO-MAJR
10
1308828.7013629468
20
398487.07889393426
30
52
0
VERTEX
8
C-TOPO-MAJR
10
1308827.2063568367
20
398487.1636641451
30
52
0
VERTEX
8
C-TOPO-MAJR
10
1308825.7113507267
20
398487.26915871556
30
52
0
VERTEX
8
C-TOPO-MAJR
10
1308824.2163446164
20
398487.3953776456
30
52
0
VERTEX
8
C-TOPO-MAJR
10
1308822.7213385063
20
398487.4760272769
30
52
0
VERTEX
8
C-TOPO-MAJR
10
1308821.226332396
20
398487.5111076093
30
52
0
VERTEX
8
C-TOPO-MAJR
10
1308819.731326286
20
398487.5006186429
30
52
0
VERTEX
8
C-TOPO-MAJR
10
1308818.236320176
20
398487.4445603777
30
52
0
VERTEX
8
C-TOPO-MAJR
10
1308816.7413140659
20
398487.59775982786
30
52
0
VERTEX
8
C-TOPO-MAJR
10
1308815.2463079558
20
398487.96021699335
30
52
0
VERTEX
8
C-TOPO-MAJR
10
1308813.7513018458
20
398488.53193187434
30
52
0
VERTEX
8
C-TOPO-MAJR
10
1308812.2562957357
20
398489.3129044707
30
52
0
VERTEX
8
C-TOPO-MAJR
10
1308811.0603262587
20
398489.9820358987
30
52
0
VERTEX
8
C-TOPO-MAJR
10
1308810.1633934148
20
398490.53932615835
30
52
0
VERTEX
8
C-TOPO-MAJR
10
1308809.565497204
20
398490.98477524973
30
52
0
VERTEX
8
C-TOPO-MAJR
10
1308809.2666376263
20
398491.3183831727
30
52
0
VERTEX
8
C-TOPO-MAJR
10
1308809.0147718017
20
398491.9355155792
30
52
0
VERTEX
8
C-TOPO-MAJR
10
1308808.8098997294
20
398492.8361724692
30
52
0
VERTEX
8
C-TOPO-MAJR
10
1308808.6520214102
20
398494.0203538427
30
52
0
VERTEX
8
C-TOPO-MAJR
10
1308808.5411368439
20
398495.4880596998
30
52
0
VERTEX
8
C-TOPO-MAJR
10
1308808.4142865178
20
398496.9557655569
30
52
0
VERTEX
8
C-TOPO-MAJR
10
1308808.271470432
20
398498.42347141384
30
52
0
VERTEX
8
C-TOPO-MAJR
10
1308808.1126885868
20
398499.89117727085
30
52
0
VERTEX
8
C-TOPO-MAJR
10
1308807.9379409824
20
398501.3588831279
30
52
0
VERTEX
8
C-TOPO-MAJR
10
1308807.7991549734
20
398502.8265889849
30
52
0
VERTEX
8
C-TOPO-MAJR
10
1308807.69633056
20
398504.2942948419
30
52
0
VERTEX
8
C-TOPO-MAJR
10
1308807.6294677423
20
398505.76200069895
30
52
0
VERTEX
8
C-TOPO-MAJR
10
1308807.5985665203
20
398507.22970655595
30
52
0
VERTEX
8
C-TOPO-MAJR
10
1308807.550689044
20
398508.69741241296
30
52
0
VERTEX
8
C-TOPO-MAJR
10
1308807.4858353133
20
398510.16511827
30
52
0
VERTEX
8
C-TOPO-MAJR
10
1308807.4040053284
20
398511.63282412704
30
52
0
VERTEX
8
C-TOPO-MAJR
10
1308807.3051990892
20
398513.10052998416
30
52
0
VERTEX
8
C-TOPO-MAJR
10
1308807.2787129616
20
398514.56823584123
30
52
0
VERTEX
8
C-TOPO-MAJR
10
1308807.3245469457
20
398516.03594169824
30
52
0
VERTEX
8
C-TOPO-MAJR
10
1308807.4427010415
20
398517.50364755525
30
52
0
VERTEX
8
C-TOPO-MAJR
10
1308807.6331752485
20
398518.97135341226
30
52
0
VERTEX
8
C-TOPO-MAJR
10
1308807.6519117514
20
398520.4390592693
30
52
0
VERTEX
8
C-TOPO-MAJR
10
1308807.49891055
20
398521.9067651263
30
52
0
VERTEX
8
C-TOPO-MAJR
10
1308807.1741716438
20
398523.3744709833
30
52
0
VERTEX
8
C-TOPO-MAJR
10
1308806.6776950334
20
398524.84217684035
30
52
0
VERTEX
8
C-TOPO-MAJR
10
1308806.1866364512
20
398526.11609827983
30
52
0
VERTEX
8
C-TOPO-MAJR
10
1308805.7009958974
20
398527.1962353017
30
52
0
VERTEX
8
C-TOPO-MAJR
10
1308805.220773372
20
398528.0825879061
30
52
0
VERTEX
8
C-TOPO-MAJR
10
1308804.7459688752
20
398528.77515609295
30
52
0
VERTEX
8
C-TOPO-MAJR
10
1308804.1869190075
20
398529.48836665065
30
52
0
VERTEX
8
C-TOPO-MAJR
10
1308803.5436237687
20
398530.22221957915
30
52
0
VERTEX
8
C-TOPO-MAJR
10
1308802.816083159
20
398530.9767148785
30
52
0
VERTEX
8
C-TOPO-MAJR
10
1308802.0042971787
20
398531.75185254874
30
52
0
VERTEX
8
C-TOPO-MAJR
10
1308801.228004764
20
398532.7001322657
30
52
0
VERTEX
8
C-TOPO-MAJR
10
1308800.4872059154
20
398533.82155402924
30
52
0
VERTEX
8
C-TOPO-MAJR
10
1308799.7819006324
20
398535.1161178395
30
52
0
VERTEX
8
C-TOPO-MAJR
10
1308799.1120889157
20
398536.5838236966
30
52
0
VERTEX
8
C-TOPO-MAJR
10
1308798.6063780247
20
398537.70375567983
30
52
0
VERTEX
8
C-TOPO-MAJR
10
1308798.26476796
20
398538.4759137893
30
52
0
VERTEX
8
C-TOPO-MAJR
10
1308798.0872587212
20
398538.9002980251
30
52
0
VERTEX
8
C-TOPO-MAJR
10
1308798.0738503085
20
398538.9769083872
30
52
0
VERTEX
8
C-TOPO-MAJR
10
1308797.9761654455
20
398539.3821400325
30
52
0
VERTEX
8
C-TOPO-MAJR
10
1308797.7942041322
20
398540.115992961
30
52
0
VERTEX
8
C-TOPO-MAJR
10
1308797.5279663685
20
398541.1784671727
30
52
0
VERTEX
8
C-TOPO-MAJR
10
1308797.1774521547
20
398542.5695626677
30
52
0
VERTEX
8
C-TOPO-MAJR
10
1308796.857670257
20
398543.9798107532
30
52
0
VERTEX
8
C-TOPO-MAJR
10
1308796.568620676
20
398545.4092114292
30
52
0
VERTEX
8
C-TOPO-MAJR
10
1308796.3103034112
20
398546.8577646957
30
52
0
VERTEX
8
C-TOPO-MAJR
10
1308796.082718463
20
398548.32547055284
30
52
0
VERTEX
8
C-TOPO-MAJR
10
1308795.765546286
20
398549.7931764099
30
52
0
VERTEX
8
C-TOPO-MAJR
10
1308795.3587868805
20
398551.2608822669
30
52
0
VERTEX
8
C-TOPO-MAJR
10
1308794.8624402462
20
398552.7285881239
30
52
0
VERTEX
8
C-TOPO-MAJR
10
1308794.276506383
20
398554.19629398093
30
52
0
VERTEX
8
C-TOPO-MAJR
10
1308794.128064242
20
398555.5644687931
30
52
0
VERTEX
8
C-TOPO-MAJR
10
1308794.4171138231
20
398556.8331125603
30
52
0
VERTEX
8
C-TOPO-MAJR
10
1308795.1436551264
20
398558.0022252827
30
52
0
VERTEX
8
C-TOPO-MAJR
10
1308796.3076881515
20
398559.0718069603
30
52
0
VERTEX
8
C-TOPO-MAJR
10
1308797.3797497079
20
398559.606597799
30
52
0
VERTEX
8
C-TOPO-MAJR
10
1308798.3598397954
20
398559.606597799
30
52
0
VERTEX
8
C-TOPO-MAJR
10
1308799.247958414
20
398559.0718069603
30
52
0
VERTEX
8
C-TOPO-MAJR
10
1308800.0441055635
20
398558.0022252827
30
52
0
VERTEX
8
C-TOPO-MAJR
10
1308800.815930666
20
398556.9823693973
30
52
0
VERTEX
8
C-TOPO-MAJR
10
1308801.5634337212
20
398556.0122393039
30
52
0
VERTEX
8
C-TOPO-MAJR
10
1308802.2866147289
20
398555.0918350026
30
52
0
VERTEX
8
C-TOPO-MAJR
10
1308802.9854736892
20
398554.22115649335
30
52
0
VERTEX
8
C-TOPO-MAJR
10
1308803.883369437
20
398553.6929579914
30
52
0
VERTEX
8
C-TOPO-MAJR
10
1308804.9803019725
20
398553.5072394967
30
52
0
VERTEX
8
C-TOPO-MAJR
10
1308806.276271295
20
398553.66400100925
30
52
0
VERTEX
8
C-TOPO-MAJR
10
1308807.7712774053
20
398554.1632425291
30
52
0
VERTEX
8
C-TOPO-MAJR
10
1308809.1291784253
20
398554.6305329163
30
52
0
VERTEX
8
C-TOPO-MAJR
10
1308810.3499743557
20
398555.06587217096
30
52
0
VERTEX
8
C-TOPO-MAJR
10
1308811.4336651957
20
398555.46926029294
30
52
0
VERTEX
8
C-TOPO-MAJR
10
1308812.380250946
20
398555.84069728234
30
52
0
VERTEX
8
C-TOPO-MAJR
10
1308812.853543821
20
398556.2148466625
30
52
0
VERTEX
8
C-TOPO-MAJR
10
1308812.853543821
20
398556.59170843335
30
52
0
VERTEX
8
C-TOPO-MAJR
10
1308812.380250946
20
398556.97128259484
30
52
0
VERTEX
8
C-TOPO-MAJR
10
1308811.4336651957
20
398557.35356914706
30
52
0
VERTEX
8
C-TOPO-MAJR
10
1308810.5484364238
20
398557.9116388875
30
52
0
VERTEX
8
C-TOPO-MAJR
10
1308809.7245646298
20
398558.645491816
30
52
0
VERTEX
8
C-TOPO-MAJR
10
1308808.9620498142
20
398559.55512793263
30
52
0
VERTEX
8
C-TOPO-MAJR
10
1308808.2608919768
20
398560.6405472374
30
52
0
VERTEX
8
C-TOPO-MAJR
10
1308807.5365615305
20
398561.68661394855
30
52
0
VERTEX
8
C-TOPO-MAJR
10
1308806.7890584753
20
398562.69332806615
30
52
0
VERTEX
8
C-TOPO-MAJR
10
1308806.0183828115
20
398563.66068959027
30
52
0
VERTEX
8
C-TOPO-MAJR
10
1308805.224534539
20
398564.5886985208
30
52
0
VERTEX
8
C-TOPO-MAJR
10
1308804.511271648
20
398565.4196294503
30
52
0
VERTEX
8
C-TOPO-MAJR
10
1308803.878594139
20
398566.1534823788
30
52
0
VERTEX
8
C-TOPO-MAJR
10
1308803.3265020116
20
398566.7902573063
30
52
0
VERTEX
8
C-TOPO-MAJR
10
1308802.8549952665
20
398567.3299542329
30
52
0
VERTEX
8
C-TOPO-MAJR
10
1308802.3652224252
20
398568.1016533921
30
52
0
VERTEX
8
C-TOPO-MAJR
10
1308801.857183488
20
398569.1053547838
30
52
0
VERTEX
8
C-TOPO-MAJR
10
1308801.330878455
20
398570.3410584082
30
52
0
VERTEX
8
C-TOPO-MAJR
10
1308800.7863073258
20
398571.80876426527
30
52
0
VERTEX
8
C-TOPO-MAJR
10
1308800.2581469202
20
398573.2236488242
30
52
0
VERTEX
8
C-TOPO-MAJR
10
1308799.746397238
20
398574.5857120852
30
52
0
VERTEX
8
C-TOPO-MAJR
10
1308799.2510582788
20
398575.89495404816
30
52
0
VERTEX
8
C-TOPO-MAJR
10
1308798.772130043
20
398577.15137471305
30
52
0
VERTEX
8
C-TOPO-MAJR
10
1308798.367311153
20
398577.77958504553
30
52
0
VERTEX
8
C-TOPO-MAJR
10
1308798.0366016086
20
398577.77958504553
30
52
0
VERTEX
8
C-TOPO-MAJR
10
1308797.7800014103
20
398577.15137471305
30
52
0
VERTEX
8
C-TOPO-MAJR
10
1308797.5975105572
20
398575.89495404816
30
52
0
VERTEX
8
C-TOPO-MAJR
10
1308797.3966498524
20
398574.5857120852
30
52
0
VERTEX
8
C-TOPO-MAJR
10
1308797.1774192955
20
398573.2236488242
30
52
0
VERTEX
8
C-TOPO-MAJR
10
1308796.9398188868
20
398571.8087642652
30
52
0
VERTEX
8
C-TOPO-MAJR
10
1308796.683848626
20
398570.34105840814
30
52
0
VERTEX
8
C-TOPO-MAJR
10
1308796.5075373012
20
398568.87335255113
30
52
0
VERTEX
8
C-TOPO-MAJR
10
1308796.4108849126
20
398567.4056466941
30
52
0
VERTEX
8
C-TOPO-MAJR
10
1308796.3938914598
20
398565.9379408371
30
52
0
VERTEX
8
C-TOPO-MAJR
10
1308796.4565569428
20
398564.47023498005
30
52
0
VERTEX
8
C-TOPO-MAJR
10
1308796.223753435
20
398563.07742955216
30
52
0
VERTEX
8
C-TOPO-MAJR
10
1308795.6954809371
20
398561.75952455343
30
52
0
VERTEX
8
C-TOPO-MAJR
10
1308794.871739448
20
398560.51651998376
30
52
0
VERTEX
8
C-TOPO-MAJR
10
1308793.7525289685
20
398559.34841584327
30
52
0
VERTEX
8
C-TOPO-MAJR
10
1308792.716902023
20
398558.764363773
30
52
0
VERTEX
8
C-TOPO-MAJR
10
1308791.7648586112
20
398558.764363773
30
52
0
VERTEX
8
C-TOPO-MAJR
10
1308790.8963987336
20
398559.34841584327
30
52
0
VERTEX
8
C-TOPO-MAJR
10
1308790.11152239
20
398560.51651998376
30
52
0
VERTEX
8
C-TOPO-MAJR
10
1308789.3453326905
20
398561.57759753114
30
52
0
VERTEX
8
C-TOPO-MAJR
10
1308788.5978296357
20
398562.5316484854
30
52
0
VERTEX
8
C-TOPO-MAJR
10
1308787.8690132247
20
398563.37867284653
30
52
0
VERTEX
8
C-TOPO-MAJR
10
1308787.1588834585
20
398564.1186706145
30
52
0
VERTEX
8
C-TOPO-MAJR
10
1308786.373712294
20
398564.8555959628
30
52
0
VERTEX
8
C-TOPO-MAJR
10
1308785.5134997321
20
398565.5894488913
30
52
0
VERTEX
8
C-TOPO-MAJR
10
1308784.5782457723
20
398566.32022940007
30
52
0
VERTEX
8
C-TOPO-MAJR
10
1308783.5679504145
20
398567.04793748906
30
52
0
VERTEX
8
C-TOPO-MAJR
10
1308782.7585255445
20
398567.96064502007
30
52
0
VERTEX
8
C-TOPO-MAJR
10
1308782.1499711622
20
398569.0583519931
30
52
0
VERTEX
8
C-TOPO-MAJR
10
1308781.7422872675
20
398570.34105840814
30
52
0
VERTEX
8
C-TOPO-MAJR
10
1308781.5354738603
20
398571.8087642652
30
52
0
VERTEX
8
C-TOPO-MAJR
10
1308781.4977490497
20
398573.2764701223
30
52
0
VERTEX
8
C-TOPO-MAJR
10
1308781.6291128353
20
398574.7441759792
30
52
0
VERTEX
8
C-TOPO-MAJR
10
1308781.9295652173
20
398576.2118818363
30
52
0
VERTEX
8
C-TOPO-MAJR
10
1308782.3991061961
20
398577.6795876933
30
52
0
VERTEX
8
C-TOPO-MAJR
10
1308782.8727114894
20
398579.1472935503
30
52
0
VERTEX
8
C-TOPO-MAJR
10
1308783.3503810968
20
398580.6149994073
30
52
0
VERTEX
8
C-TOPO-MAJR
10
1308783.8321150192
20
398582.0827052644
30
52
0
VERTEX
8
C-TOPO-MAJR
10
1308784.3179132557
20
398583.55041112145
30
52
0
VERTEX
8
C-TOPO-MAJR
10
1308784.7477043206
20
398584.80991580104
30
52
0
VERTEX
8
C-TOPO-MAJR
10
1308785.1214882135
20
398585.86121930316
30
52
0
VERTEX
8
C-TOPO-MAJR
10
1308785.439264935
20
398586.70432162785
30
52
0
VERTEX
8
C-TOPO-MAJR
10
1308785.7010344844
20
398587.33922277513
30
52
0
VERTEX
8
C-TOPO-MAJR
10
1308786.271113174
20
398588.02163056773
30
52
0
VERTEX
8
C-TOPO-MAJR
10
1308787.149501004
20
398588.75154500565
30
52
0
VERTEX
8
C-TOPO-MAJR
10
1308788.336197974
20
398589.52896608895
30
52
0
VERTEX
8
C-TOPO-MAJR
10
1308789.831204084
20
398590.3538938177
30
52
0
VERTEX
8
C-TOPO-MAJR
10
1308791.326210194
20
398590.65009260795
30
52
0
VERTEX
8
C-TOPO-MAJR
10
1308792.821216304
20
398590.41756245965
30
52
0
VERTEX
8
C-TOPO-MAJR
10
1308794.3162224141
20
398589.65630337305
30
52
0
VERTEX
8
C-TOPO-MAJR
10
1308795.8112285242
20
398588.36631534796
30
52
0
VERTEX
8
C-TOPO-MAJR
10
1308796.9891605224
20
398587.3563641165
30
52
0
VERTEX
8
C-TOPO-MAJR
10
1308797.8500184084
20
398586.62644967856
30
52
0
VERTEX
8
C-TOPO-MAJR
10
1308798.3938021825
20
398586.17657203414
30
52
0
VERTEX
8
C-TOPO-MAJR
10
1308798.620511845
20
398586.0067311833
30
52
0
VERTEX
8
C-TOPO-MAJR
10
1308799.1076182036
20
398585.67270082375
30
52
0
VERTEX
8
C-TOPO-MAJR
10
1308799.8551212584
20
398585.17448095547
30
52
0
VERTEX
8
C-TOPO-MAJR
10
1308800.86302101
20
398584.51207157853
30
52
0
VERTEX
8
C-TOPO-MAJR
10
1308802.1313174579
20
398583.68547269295
30
52
0
VERTEX
8
C-TOPO-MAJR
10
1308803.1454646252
20
398582.90524678584
30
52
0
VERTEX
8
C-TOPO-MAJR
10
1308803.9054625118
20
398582.17139385734
30
52
0
VERTEX
8
C-TOPO-MAJR
10
1308804.4113111177
20
398581.4839139074
30
52
0
VERTEX
8
C-TOPO-MAJR
10
1308804.6630104429
20
398580.84280693595
30
52
0
VERTEX
8
C-TOPO-MAJR
10
1308805.162611633
20
398580.06675121194
30
52
0
VERTEX
8
C-TOPO-MAJR
10
1308805.9101146879
20
398579.1557467353
30
52
0
VERTEX
8
C-TOPO-MAJR
10
1308806.905519608
20
398578.10979350604
30
52
0
VERTEX
8
C-TOPO-MAJR
10
1308808.148826393
20
398576.9288915242
30
52
0
VERTEX
8
C-TOPO-MAJR
10
1308809.4550580094
20
398576.0073693347
30
52
0
VERTEX
8
C-TOPO-MAJR
10
1308810.8242144568
20
398575.34522693744
30
52
0
VERTEX
8
C-TOPO-MAJR
10
1308812.2562957357
20
398574.9424643326
30
52
0
VERTEX
8
C-TOPO-MAJR
10
1308813.7513018458
20
398574.7990815202
30
52
0
VERTEX
8
C-TOPO-MAJR
10
1308815.2463079558
20
398574.7639991578
30
52
0
VERTEX
8
C-TOPO-MAJR
10
1308816.7413140659
20
398574.83721724554
30
52
0
VERTEX
8
C-TOPO-MAJR
10
1308818.236320176
20
398575.0187357834
30
52
0
VERTEX
8
C-TOPO-MAJR
10
1308819.731326286
20
398575.30855477136
30
52
0
VERTEX
8
C-TOPO-MAJR
10
1308821.138147657
20
398575.7845354639
30
52
0
VERTEX
8
C-TOPO-MAJR
10
1308822.4567842893
20
398576.44667786115
30
52
0
VERTEX
8
C-TOPO-MAJR
10
1308823.6872361824
20
398577.2949819629
30
52
0
VERTEX
8
C-TOPO-MAJR
10
1308824.8295033365
20
398578.3294477693
30
52
0
VERTEX
8
C-TOPO-MAJR
10
1308825.7743884411
20
398579.2057314879
30
52
0
VERTEX
8
C-TOPO-MAJR
10
1308826.521891496
20
398579.9238331185
30
52
0
VERTEX
8
C-TOPO-MAJR
10
1308827.0720125015
20
398580.48375266144
30
52
0
VERTEX
8
C-TOPO-MAJR
10
1308827.4247514578
20
398580.8854901165
30
52
0
VERTEX
8
C-TOPO-MAJR
10
1308828.0630411336
20
398581.45328530826
30
52
0
VERTEX
8
C-TOPO-MAJR
10
1308828.9868815292
20
398582.18713823677
30
52
0
VERTEX
8
C-TOPO-MAJR
10
1308830.1962726447
20
398583.087048902
30
52
0
VERTEX
8
C-TOPO-MAJR
10
1308831.69121448
20
398584.153017304
30
52
0
VERTEX
8
C-TOPO-MAJR
10
1308832.8021093206
20
398585.31942006975
30
52
0
VERTEX
8
C-TOPO-MAJR
10
1308833.5289571665
20
398586.58625719923
30
52
0
VERTEX
8
C-TOPO-MAJR
10
1308833.8717580177
20
398587.9535286925
30
52
0
VERTEX
8
C-TOPO-MAJR
10
1308833.8305118745
20
398589.4212345496
30
52
0
VERTEX
8
C-TOPO-MAJR
10
1308833.8099048715
20
398590.5501960449
30
52
0
VERTEX
8
C-TOPO-MAJR
10
1308833.8099370087
20
398591.34041317843
30
52
0
VERTEX
8
C-TOPO-MAJR
10
1308833.8306082864
20
398591.7918859502
30
52
0
VERTEX
8
C-TOPO-MAJR
10
1308833.8719187048
20
398591.90461436025
30
52
0
VERTEX
8
C-TOPO-MAJR
10
1308834.153247308
20
398592.3279050295
30
52
0
VERTEX
8
C-TOPO-MAJR
10
1308834.6745940964
20
398593.061757958
30
52
0
VERTEX
8
C-TOPO-MAJR
10
1308835.4359590693
20
398594.10617314576
30
52
0
VERTEX
8
C-TOPO-MAJR
10
1308836.4373422272
20
398595.4611505927
30
52
0
VERTEX
8
C-TOPO-MAJR
10
1308837.3096153028
20
398596.8443101422
30
52
0
VERTEX
8
C-TOPO-MAJR
10
1308838.0527782966
20
398598.2556517942
30
52
0
VERTEX
8
C-TOPO-MAJR
10
1308838.666831208
20
398599.6951755487
30
52
0
VERTEX
8
C-TOPO-MAJR
10
1308839.1517740376
20
398601.1628814058
30
52
0
VERTEX
8
C-TOPO-MAJR
10
1308839.5176511903
20
398602.3317891151
30
52
0
VERTEX
8
C-TOPO-MAJR
10
1308839.7644626664
20
398603.2018986767
30
52
0
VERTEX
8
C-TOPO-MAJR
10
1308839.8922084658
20
398603.7732100906
30
52
0
VERTEX
8
C-TOPO-MAJR
10
1308839.9008885883
20
398604.0457233567
30
52
0
VERTEX
8
C-TOPO-MAJR
10
1308839.9170735627
20
398604.54890645406
30
52
0
VERTEX
8
C-TOPO-MAJR
10
1308839.9407633883
20
398605.2827593826
30
52
0
VERTEX
8
C-TOPO-MAJR
10
1308839.9719580654
20
398606.2472821423
30
52
0
VERTEX
8
C-TOPO-MAJR
10
1308840.010657594
20
398607.4424747331
30
52
0
VERTEX
8
C-TOPO-MAJR
10
1308840.1381920713
20
398608.7057956405
30
52
0
VERTEX
8
C-TOPO-MAJR
10
1308840.3545614977
20
398610.03724486445
30
52
0
VERTEX
8
C-TOPO-MAJR
10
1308840.6597658729
20
398611.43682240497
30
52
0
VERTEX
8
C-TOPO-MAJR
10
1308841.0538051971
20
398612.904528262
30
52
0
VERTEX
8
C-TOPO-MAJR
10
1308841.555743074
20
398614.372234119
30
52
0
VERTEX
8
C-TOPO-MAJR
10
1308842.1655795043
20
398615.839939976
30
52
0
VERTEX
8
C-TOPO-MAJR
10
1308842.8833144875
20
398617.30764583306
30
52
0
VERTEX
8
C-TOPO-MAJR
10
1308843.7089480236
20
398618.7753516901
30
52
0
VERTEX
8
C-TOPO-MAJR
10
1308844.3869128034
20
398620.24305754714
30
52
0
VERTEX
8
C-TOPO-MAJR
10
1308844.9172088266
20
398621.71076340415
30
52
0
VERTEX
8
C-TOPO-MAJR
10
1308845.299836093
20
398623.17846926115
30
52
0
VERTEX
8
C-TOPO-MAJR
10
1308845.5347946035
20
398624.6461751183
30
52
0
VERTEX
8
C-TOPO-MAJR
10
1308845.7089252076
20
398626.11388097535
30
52
0
VERTEX
8
C-TOPO-MAJR
10
1308845.8222279064
20
398627.5815868323
30
52
0
VERTEX
8
C-TOPO-MAJR
10
1308845.8747026995
20
398629.0492926893
30
52
0
VERTEX
8
C-TOPO-MAJR
10
1308845.8663495868
20
398630.5169985464
30
52
0
VERTEX
8
C-TOPO-MAJR
10
1308845.8600847526
20
398631.61777793913
30
52
0
VERTEX
8
C-TOPO-MAJR
10
1308845.855908196
20
398632.3516308676
30
52
0
VERTEX
8
C-TOPO-MAJR
10
1308845.853819918
20
398632.7185573319
30
52
0
SEQEND
0
POLYLINE
8
C-TOPO-MAJR
66
1
70
0
0
VERTEX
8
C-TOPO-MAJR
10
1308798.6975028897
20
398620.97691047564
30
54
0
VERTEX
8
C-TOPO-MAJR
10
1308798.6572675647
20
398620.7548979267
30
54
0
VERTEX
8
C-TOPO-MAJR
10
1308798.5767969147
20
398620.3108728287
30
54
0
VERTEX
8
C-TOPO-MAJR
10
1308798.4560909397
20
398619.64483518177
30
54
0
VERTEX
8
C-TOPO-MAJR
10
1308798.2951496395
20
398618.756784986
30
54
0
VERTEX
8
C-TOPO-MAJR
10
1308797.8326480112
20
398617.94583342376
30
54
0
VERTEX
8
C-TOPO-MAJR
10
1308797.0685860547
20
398617.21198049525
30
54
0
VERTEX
8
C-TOPO-MAJR
10
1308796.0029637697
20
398616.55522620043
30
54
0
VERTEX
8
C-TOPO-MAJR
10
1308794.6357811568
20
398615.97557053925
30
54
0
VERTEX
8
C-TOPO-MAJR
10
1308793.5784383225
20
398615.53894596256
30
54
0
VERTEX
8
C-TOPO-MAJR
10
1308792.8309352677
20
398615.24535247014
30
54
0
VERTEX
8
C-TOPO-MAJR
10
1308792.3932719915
20
398615.0947900623
30
54
0
VERTEX
8
C-TOPO-MAJR
10
1308792.2654484946
20
398615.0872587388
30
54
0
VERTEX
8
C-TOPO-MAJR
10
1308791.7958293443
20
398615.05126051436
30
54
0
VERTEX
8
C-TOPO-MAJR
10
1308790.9844145407
20
398614.9867953891
30
54
0
VERTEX
8
C-TOPO-MAJR
10
1308789.831204084
20
398614.8938633628
30
54
0
VERTEX
8
C-TOPO-MAJR
10
1308788.336197974
20
398614.77246443555
30
54
0
VERTEX
8
C-TOPO-MAJR
10
1308786.8453600504
20
398614.3467213386
30
54
0
VERTEX
8
C-TOPO-MAJR
10
1308785.358690313
20
398613.6166340718
30
54
0
VERTEX
8
C-TOPO-MAJR
10
1308783.8761887625
20
398612.58220263524
30
54
0
VERTEX
8
C-TOPO-MAJR
10
1308782.3978553987
20
398611.24342702894
30
54
0
VERTEX
8
C-TOPO-MAJR
10
1308781.284937189
20
398610.2341904115
30
54
0
VERTEX
8
C-TOPO-MAJR
10
1308780.5374341342
20
398609.5544927831
30
54
0
VERTEX
8
C-TOPO-MAJR
10
1308780.1553462334
20
398609.20433414355
30
54
0
VERTEX
8
C-TOPO-MAJR
10
1308780.1386734876
20
398609.18371449295
30
54
0
VERTEX
8
C-TOPO-MAJR
10
1308779.7540446762
20
398608.8064782034
30
54
0
VERTEX
8
C-TOPO-MAJR
10
1308779.0014598002
20
398608.0726252749
30
54
0
VERTEX
8
C-TOPO-MAJR
10
1308777.8809188586
20
398606.9821557074
30
54
0
VERTEX
8
C-TOPO-MAJR
10
1308776.3924218523
20
398605.5350695009
30
54
0
VERTEX
8
C-TOPO-MAJR
10
1308775.2744218213
20
398604.44390288973
30
54
0
VERTEX
8
C-TOPO-MAJR
10
1308774.5269187666
20
398603.70865587366
30
54
0
VERTEX
8
C-TOPO-MAJR
10
1308774.149912687
20
398603.3293284528
30
54
0
VERTEX
8
C-TOPO-MAJR
10
1308774.1434035832
20
398603.3059206272
30
54
0
VERTEX
8
C-TOPO-MAJR
10
1308773.764770228
20
398602.95208828873
30
54
0
VERTEX
8
C-TOPO-MAJR
10
1308773.0140126213
20
398602.2678314374
30
54
0
VERTEX
8
C-TOPO-MAJR
10
1308771.8911307629
20
398601.25315007323
30
54
0
VERTEX
8
C-TOPO-MAJR
10
1308770.3961246526
20
398599.9080441962
30
54
0
VERTEX
8
C-TOPO-MAJR
10
1308769.25735657
20
398598.87441674987
30
54
0
VERTEX
8
C-TOPO-MAJR
10
1308768.4748265154
20
398598.1522677341
30
54
0
VERTEX
8
C-TOPO-MAJR
10
1308768.0485344883
20
398597.7415971491
30
54
0
VERTEX
8
C-TOPO-MAJR
10
1308767.978480489
20
398597.64240499475
30
54
0
VERTEX
8
C-TOPO-MAJR
10
1308767.5697019617
20
398597.2223920304
30
54
0
VERTEX
8
C-TOPO-MAJR
10
1308766.822198907
20
398596.4815582562
30
54
0
VERTEX
8
C-TOPO-MAJR
10
1308765.735971324
20
398595.41990367195
30
54
0
VERTEX
8
C-TOPO-MAJR
10
1308764.3110192132
20
398594.0374282778
30
54
0
VERTEX
8
C-TOPO-MAJR
10
1308763.21902456
20
398592.97926411644
30
54
0
VERTEX
8
C-TOPO-MAJR
10
1308762.4599873645
20
398592.2454111879
30
54
0
VERTEX
8
C-TOPO-MAJR
10
1308762.0339076265
20
398591.8358694922
30
54
0
VERTEX
8
C-TOPO-MAJR
10
1308761.940785346
20
398591.75063902943
30
54
0
VERTEX
8
C-TOPO-MAJR
10
1308761.894224206
20
398591.5988308984
30
54
0
VERTEX
8
C-TOPO-MAJR
10
1308761.894224206
20
398591.3804450992
30
54
0
VERTEX
8
C-TOPO-MAJR
10
1308761.940785346
20
398591.0954816318
30
54
0
VERTEX
8
C-TOPO-MAJR
10
1308762.0339076265
20
398590.7439404962
30
54
0
VERTEX
8
C-TOPO-MAJR
10
1308762.1902573705
20
398590.20124346414
30
54
0
VERTEX
8
C-TOPO-MAJR
10
1308762.409834578
20
398589.46739053563
30
54
0
VERTEX
8
C-TOPO-MAJR
10
1308762.6926392491
20
398588.54238171066
30
54
0
VERTEX
8
C-TOPO-MAJR
10
1308763.0386713839
20
398587.4262169892
30
54
0
VERTEX
8
C-TOPO-MAJR
10
1308763.2116874512
20
398586.38649614644
30
54
0
VERTEX
8
C-TOPO-MAJR
10
1308763.2116874512
20
398585.4232191824
30
54
0
VERTEX
8
C-TOPO-MAJR
10
1308763.0386713839
20
398584.536386097
30
54
0
VERTEX
8
C-TOPO-MAJR
10
1308762.6926392491
20
398583.72599689034
30
54
0
VERTEX
8
C-TOPO-MAJR
10
1308762.3218575618
20
398582.9538758227
30
54
0
VERTEX
8
C-TOPO-MAJR
10
1308761.9263263221
20
398582.2200228942
30
54
0
VERTEX
8
C-TOPO-MAJR
10
1308761.5060455299
20
398581.52443810477
30
54
0
VERTEX
8
C-TOPO-MAJR
10
1308761.061015185
20
398580.8671214544
30
54
0
VERTEX
8
C-TOPO-MAJR
10
1308760.464748485
20
398580.09328882303
30
54
0
VERTEX
8
C-TOPO-MAJR
10
1308759.71724543
20
398579.2029402107
30
54
0
VERTEX
8
C-TOPO-MAJR
10
1308758.81850602
20
398578.19607561734
30
54
0
VERTEX
8
C-TOPO-MAJR
10
1308757.7685302545
20
398577.07269504305
30
54
0
VERTEX
8
C-TOPO-MAJR
10
1308756.8786061946
20
398576.1440782916
30
54
0
VERTEX
8
C-TOPO-MAJR
10
1308756.1487338396
20
398575.4102253631
30
54
0
VERTEX
8
C-TOPO-MAJR
10
1308755.57891319
20
398574.87113625754
30
54
0
VERTEX
8
C-TOPO-MAJR
10
1308755.1691442453
20
398574.5268109747
30
54
0
VERTEX
8
C-TOPO-MAJR
10
1308754.5905082454
20
398574.0670996505
30
54
0
VERTEX
8
C-TOPO-MAJR
10
1308753.8430051906
20
398573.49200228497
30
54
0
VERTEX
8
C-TOPO-MAJR
10
1308752.92663508
20
398572.80151887774
30
54
0
VERTEX
8
C-TOPO-MAJR
10
1308751.8413979146
20
398571.99564942904
30
54
0
VERTEX
8
C-TOPO-MAJR
10
1308750.6537185127
20
398571.4714828095
30
54
0
VERTEX
8
C-TOPO-MAJR
10
1308749.363596875
20
398571.22901901905
30
54
0
VERTEX
8
C-TOPO-MAJR
10
1308747.971033001
20
398571.26825805777
30
54
0
VERTEX
8
C-TOPO-MAJR
10
1308746.4760268908
20
398571.58919992566
30
54
0
VERTEX
8
C-TOPO-MAJR
10
1308744.9810207807
20
398571.94444808504
30
54
0
VERTEX
8
C-TOPO-MAJR
10
1308743.4860146705
20
398572.334002536
30
54
0
VERTEX
8
C-TOPO-MAJR
10
1308741.9910085604
20
398572.7578632786
30
54
0
VERTEX
8
C-TOPO-MAJR
10
1308740.4960024504
20
398573.2160303127
30
54
0
VERTEX
8
C-TOPO-MAJR
10
1308739.365955011
20
398573.56634572503
30
54
0
VERTEX
8
C-TOPO-MAJR
10
1308738.6008662425
20
398573.8088095155
30
54
0
VERTEX
8
C-TOPO-MAJR
10
1308738.2007361446
20
398573.9434216841
30
54
0
VERTEX
8
C-TOPO-MAJR
10
1308738.1655647175
20
398573.97018223075
30
54
0
VERTEX
8
C-TOPO-MAJR
10
1308737.7742274762
20
398574.3117642072
30
54
0
VERTEX
8
C-TOPO-MAJR
10
1308737.0267244214
20
398574.9681676135
30
54
0
VERTEX
8
C-TOPO-MAJR
10
1308735.9230555524
20
398575.93939244957
30
54
0
VERTEX
8
C-TOPO-MAJR
10
1308734.4632208692
20
398577.2254387154
30
54
0
VERTEX
8
C-TOPO-MAJR
10
1308733.0739280626
20
398578.23538831266
30
54
0
VERTEX
8
C-TOPO-MAJR
10
1308731.7551771323
20
398578.9692412411
30
54
0
VERTEX
8
C-TOPO-MAJR
10
1308730.5069680782
20
398579.426997501
30
54
0
VERTEX
8
C-TOPO-MAJR
10
1308729.3293009002
20
398579.60865709215
30
54
0
VERTEX
8
C-TOPO-MAJR
10
1308728.3667157837
20
398579.84217832674
30
54
0
VERTEX
8
C-TOPO-MAJR
10
1308727.619212729
20
398580.1275612049
30
54
0
VERTEX
8
C-TOPO-MAJR
10
1308727.0867917351
20
398580.4648057265
30
54
0
VERTEX
8
C-TOPO-MAJR
10
1308726.7694528028
20
398580.8539118915
30
54
0
VERTEX
8
C-TOPO-MAJR
10
1308726.157697076
20
398581.40788892517
30
54
0
VERTEX
8
C-TOPO-MAJR
10
1308725.251524555
20
398582.12673682725
30
54
0
VERTEX
8
C-TOPO-MAJR
10
1308724.0509352393
20
398583.0104555979
30
54
0
VERTEX
8
C-TOPO-MAJR
10
1308722.555929129
20
398584.05904523714
30
54
0
VERTEX
8
C-TOPO-MAJR
10
1308721.060923019
20
398584.84863032424
30
54
0
VERTEX
8
C-TOPO-MAJR
10
1308719.5659169087
20
398585.3792108592
30
54
0
VERTEX
8
C-TOPO-MAJR
10
1308718.0709107986
20
398585.6507868421
30
54
0
VERTEX
8
C-TOPO-MAJR
10
1308716.5759046886
20
398585.663358273
30
54
0
VERTEX
8
C-TOPO-MAJR
10
1308715.2593709338
20
398585.3102200373
30
54
0
VERTEX
8
C-TOPO-MAJR
10
1308714.1213095342
20
398584.5913721352
30
54
0
VERTEX
8
C-TOPO-MAJR
10
1308713.1617204899
20
398583.5068145666
30
54
0
VERTEX
8
C-TOPO-MAJR
10
1308712.3806038008
20
398582.05654733145
30
54
0
VERTEX
8
C-TOPO-MAJR
10
1308711.6162939286
20
398580.9381517102
30
54
0
VERTEX
8
C-TOPO-MAJR
10
1308710.8687908738
20
398580.1516277029
30
54
0
VERTEX
8
C-TOPO-MAJR
10
1308710.1380946357
20
398579.6969753093
30
54
0
VERTEX
8
C-TOPO-MAJR
10
1308709.4242052147
20
398579.57419452956
30
54
0
VERTEX
8
C-TOPO-MAJR
10
1308708.5150366214
20
398579.403962852
30
54
0
VERTEX
8
C-TOPO-MAJR
10
1308707.4105888559
20
398579.1862802766
30
54
0
VERTEX
8
C-TOPO-MAJR
10
1308706.110861918
20
398578.9211468034
30
54
0
VERTEX
8
C-TOPO-MAJR
10
1308704.6158558077
20
398578.6085624324
30
54
0
VERTEX
8
C-TOPO-MAJR
10
1308703.1208496976
20
398578.28228896216
30
54
0
VERTEX
8
C-TOPO-MAJR
10
1308701.6258435876
20
398577.94232639275
30
54
0
VERTEX
8
C-TOPO-MAJR
10
1308700.1308374775
20
398577.58867472416
30
54
0
VERTEX
8
C-TOPO-MAJR
10
1308698.6358313672
20
398577.2213339563
30
54
0
VERTEX
8
C-TOPO-MAJR
10
1308697.1822644568
20
398576.7795783958
30
54
0
VERTEX
8
C-TOPO-MAJR
10
1308695.7701367459
20
398576.2634080427
30
54
0
VERTEX
8
C-TOPO-MAJR
10
1308694.3994482348
20
398575.6728228969
30
54
0
VERTEX
8
C-TOPO-MAJR
10
1308693.0701989231
20
398575.00782295846
30
54
0
VERTEX
8
C-TOPO-MAJR
10
1308692.0318227399
20
398574.50436519407
30
54
0
VERTEX
8
C-TOPO-MAJR
10
1308691.2843196848
20
398574.1624496037
30
54
0
VERTEX
8
C-TOPO-MAJR
10
1308690.827689758
20
398573.9820761875
30
54
0
VERTEX
8
C-TOPO-MAJR
10
1308690.6619329595
20
398573.9632449453
30
54
0
VERTEX
8
C-TOPO-MAJR
10
1308690.163863833
20
398573.9155220784
30
54
0
VERTEX
8
C-TOPO-MAJR
10
1308689.3334823789
20
398573.83890758676
30
54
0
VERTEX
8
C-TOPO-MAJR
10
1308688.1707885966
20
398573.73340147035
30
54
0
VERTEX
8
C-TOPO-MAJR
10
1308686.6757824866
20
398573.5990037292
30
54
0
VERTEX
8
C-TOPO-MAJR
10
1308685.1807763765
20
398573.4665820029
30
54
0
VERTEX
8
C-TOPO-MAJR
10
1308683.6857702662
20
398573.3361362915
30
54
0
VERTEX
8
C-TOPO-MAJR
10
1308682.1907641562
20
398573.20766659506
30
54
0
VERTEX
8
C-TOPO-MAJR
10
1308680.695758046
20
398573.0811729135
30
54
0
VERTEX
8
C-TOPO-MAJR
10
1308679.5745034632
20
398572.9863026523
30
54
0
VERTEX
8
C-TOPO-MAJR
10
1308678.8270004084
20
398572.9230558115
30
54
0
VERTEX
8
C-TOPO-MAJR
10
1308678.4532488808
20
398572.8914323911
30
54
0
SEQEND
0
POLYLINE
8
C-TOPO-MAJR
66
1
70
0
0
VERTEX
8
C-TOPO-MAJR
10
1308793.5403869804
20
398480.077148201
30
54
0
VERTEX
8
C-TOPO-MAJR
10
1308793.5391129495
20
398480.4440746653
30
54
0
VERTEX
8
C-TOPO-MAJR
10
1308793.5365648875
20
398481.1779275938
30
54
0
VERTEX
8
C-TOPO-MAJR
10
1308793.5327427946
20
398482.2787069866
30
54
0
VERTEX
8
C-TOPO-MAJR
10
1308793.527646671
20
398483.7464128436
30
54
0
VERTEX
8
C-TOPO-MAJR
10
1308793.514985801
20
398485.21411870065
30
54
0
VERTEX
8
C-TOPO-MAJR
10
1308793.4947601843
20
398486.6818245576
30
54
0
VERTEX
8
C-TOPO-MAJR
10
1308793.4669698216
20
398488.1495304146
30
54
0
VERTEX
8
C-TOPO-MAJR
10
1308793.4316147128
20
398489.6172362717
30
54
0
VERTEX
8
C-TOPO-MAJR
10
1308793.3711091494
20
398491.0849421287
30
54
0
VERTEX
8
C-TOPO-MAJR
10
1308793.2854531317
20
398492.55264798563
30
54
0
VERTEX
8
C-TOPO-MAJR
10
1308793.1746466598
20
398494.0203538427
30
54
0
VERTEX
8
C-TOPO-MAJR
10
1308793.038689734
20
398495.4880596998
30
54
0
VERTEX
8
C-TOPO-MAJR
10
1308792.9085649713
20
398496.9557655569
30
54
0
VERTEX
8
C-TOPO-MAJR
10
1308792.7842723723
20
398498.42347141384
30
54
0
VERTEX
8
C-TOPO-MAJR
10
1308792.665811937
20
398499.89117727085
30
54
0
VERTEX
8
C-TOPO-MAJR
10
1308792.5531836657
20
398501.3588831279
30
54
0
VERTEX
8
C-TOPO-MAJR
10
1308792.4493044615
20
398502.7515733781
30
54
0
VERTEX
8
C-TOPO-MAJR
10
1308792.3541743243
20
398504.06924802164
30
54
0
VERTEX
8
C-TOPO-MAJR
10
1308792.2677932547
20
398505.3119070584
30
54
0
VERTEX
8
C-TOPO-MAJR
10
1308792.1901612526
20
398506.4795504884
30
54
0
VERTEX
8
C-TOPO-MAJR
10
1308792.122547633
20
398507.43029866763
30
54
0
VERTEX
8
C-TOPO-MAJR
10
1308792.0649523959
20
398508.16415159614
30
54
0
VERTEX
8
C-TOPO-MAJR
10
1308792.0173755414
20
398508.6811092739
30
54
0
VERTEX
8
C-TOPO-MAJR
10
1308791.9798170696
20
398508.9811717009
30
54
0
VERTEX
8
C-TOPO-MAJR
10
1308791.7954014644
20
398509.5731449855
30
54
0
VERTEX
8
C-TOPO-MAJR
10
1308791.4641287262
20
398510.4570291275
30
54
0
VERTEX
8
C-TOPO-MAJR
10
1308790.9859988543
20
398511.63282412704
30
54
0
VERTEX
8
C-TOPO-MAJR
10
1308790.3610118495
20
398513.10052998416
30
54
0
VERTEX
8
C-TOPO-MAJR
10
1308789.6841564374
20
398514.39332361385
30
54
0
VERTEX
8
C-TOPO-MAJR
10
1308788.955432618
20
398515.5112050161
30
54
0
VERTEX
8
C-TOPO-MAJR
10
1308788.1748403916
20
398516.45417419105
30
54
0
VERTEX
8
C-TOPO-MAJR
10
1308787.3423797586
20
398517.2222311387
30
54
0
VERTEX
8
C-TOPO-MAJR
10
1308786.6033385412
20
398517.97318607674
30
54
0
VERTEX
8
C-TOPO-MAJR
10
1308785.9577167397
20
398518.70703900524
30
54
0
VERTEX
8
C-TOPO-MAJR
10
1308785.4055143544
20
398519.42378992424
30
54
0
VERTEX
8
C-TOPO-MAJR
10
1308784.9467313848
20
398520.12343883363
30
54
0
VERTEX
8
C-TOPO-MAJR
10
1308784.4544785498
20
398521.01510198
30
54
0
VERTEX
8
C-TOPO-MAJR
10
1308783.928755849
20
398522.0987793632
30
54
0
VERTEX
8
C-TOPO-MAJR
10
1308783.3695632825
20
398523.3744709833
30
54
0
VERTEX
8
C-TOPO-MAJR
10
1308782.7769008502
20
398524.84217684035
30
54
0
VERTEX
8
C-TOPO-MAJR
10
1308782.221513849
20
398526.30067494005
30
54
0
VERTEX
8
C-TOPO-MAJR
10
1308781.7034022787
20
398527.7499652825
30
54
0
VERTEX
8
C-TOPO-MAJR
10
1308781.2225661394
20
398529.1900478676
30
54
0
VERTEX
8
C-TOPO-MAJR
10
1308780.779005431
20
398530.62092269544
30
54
0
VERTEX
8
C-TOPO-MAJR
10
1308780.443335476
20
398531.7032865736
30
54
0
VERTEX
8
C-TOPO-MAJR
10
1308780.2155562744
20
398532.4371395021
30
54
0
VERTEX
8
C-TOPO-MAJR
10
1308780.095667826
20
398532.822481481
30
54
0
VERTEX
8
C-TOPO-MAJR
10
1308780.0836701314
20
398532.8593125102
30
54
0
VERTEX
8
C-TOPO-MAJR
10
1308780.021715167
20
398533.2538622464
30
54
0
VERTEX
8
C-TOPO-MAJR
10
1308779.9098029328
20
398534.0061306895
30
54
0
VERTEX
8
C-TOPO-MAJR
10
1308779.7479334292
20
398535.1161178395
30
54
0
VERTEX
8
C-TOPO-MAJR
10
1308779.5361066563
20
398536.5838236966
30
54
0
VERTEX
8
C-TOPO-MAJR
10
1308779.3431380186
20
398538.0515295536
30
54
0
VERTEX
8
C-TOPO-MAJR
10
1308779.1690275166
20
398539.51923541055
30
54
0
VERTEX
8
C-TOPO-MAJR
10
1308779.01377515
20
398540.9869412676
30
54
0
VERTEX
8
C-TOPO-MAJR
10
1308778.877380919
20
398542.4546471246
30
54
0
VERTEX
8
C-TOPO-MAJR
10
1308778.6074914774
20
398543.92235298164
30
54
0
VERTEX
8
C-TOPO-MAJR
10
1308778.204106825
20
398545.39005883865
30
54
0
VERTEX
8
C-TOPO-MAJR
10
1308777.6672269623
20
398546.8577646957
30
54
0
VERTEX
8
C-TOPO-MAJR
10
1308776.9968518885
20
398548.32547055284
30
54
0
VERTEX
8
C-TOPO-MAJR
10
1308776.377967499
20
398549.55017698
30
54
0
VERTEX
8
C-TOPO-MAJR
10
1308775.8105737935
20
398550.53188397724
30
54
0
VERTEX
8
C-TOPO-MAJR
10
1308775.2946707718
20
398551.2705915447
30
54
0
VERTEX
8
C-TOPO-MAJR
10
1308774.8302584344
20
398551.7662996822
30
54
0
VERTEX
8
C-TOPO-MAJR
10
1308774.18045112
20
398552.3810802153
30
54
0
VERTEX
8
C-TOPO-MAJR
10
1308773.345248829
20
398553.11493314384
30
54
0
VERTEX
8
C-TOPO-MAJR
10
1308772.3246515612
20
398553.96785846783
30
54
0
VERTEX
8
C-TOPO-MAJR
10
1308771.118659317
20
398554.93985618727
30
54
0
VERTEX
8
C-TOPO-MAJR
10
1308770.1419116673
20
398555.77293002245
30
54
0
VERTEX
8
C-TOPO-MAJR
10
1308769.3944086125
20
398556.4670799734
30
54
0
VERTEX
8
C-TOPO-MAJR
10
1308768.876150152
20
398557.02230603993
30
54
0
VERTEX
8
C-TOPO-MAJR
10
1308768.587136286
20
398557.4386082222
30
54
0
VERTEX
8
C-TOPO-MAJR
10
1308767.9966243592
20
398557.99670342525
30
54
0
VERTEX
8
C-TOPO-MAJR
10
1308767.1046143712
20
398558.69659164915
30
54
0
VERTEX
8
C-TOPO-MAJR
10
1308765.9111063222
20
398559.5382728939
30
54
0
VERTEX
8
C-TOPO-MAJR
10
1308764.4161002121
20
398560.5217471593
30
54
0
VERTEX
8
C-TOPO-MAJR
10
1308762.921094102
20
398561.2334737092
30
54
0
VERTEX
8
C-TOPO-MAJR
10
1308761.426087992
20
398561.67345254344
30
54
0
VERTEX
8
C-TOPO-MAJR
10
1308759.931081882
20
398561.8416836621
30
54
0
VERTEX
8
C-TOPO-MAJR
10
1308758.436075772
20
398561.7381670652
30
54
0
VERTEX
8
C-TOPO-MAJR
10
1308756.9410696619
20
398561.5753509166
30
54
0
VERTEX
8
C-TOPO-MAJR
10
1308755.4460635516
20
398561.3532352163
30
54
0
VERTEX
8
C-TOPO-MAJR
10
1308753.9510574415
20
398561.07181996433
30
54
0
VERTEX
8
C-TOPO-MAJR
10
1308752.4560513312
20
398560.7311051608
30
54
0
VERTEX
8
C-TOPO-MAJR
10
1308750.9610452212
20
398560.299592596
30
54
0
VERTEX
8
C-TOPO-MAJR
10
1308749.4660391111
20
398559.77728227025
30
54
0
VERTEX
8
C-TOPO-MAJR
10
1308747.971033001
20
398559.16417418333
30
54
0
VERTEX
8
C-TOPO-MAJR
10
1308746.4760268908
20
398558.4602683353
30
54
0
VERTEX
8
C-TOPO-MAJR
10
1308745.2346439527
20
398557.86942914943
30
54
0
VERTEX
8
C-TOPO-MAJR
10
1308744.246884186
20
398557.39165662584
30
54
0
VERTEX
8
C-TOPO-MAJR
10
1308743.5127475916
20
398557.02695076447
30
54
0
VERTEX
8
C-TOPO-MAJR
10
1308743.0322341688
20
398556.77531156526
30
54
0
VERTEX
8
C-TOPO-MAJR
10
1308742.4182259298
20
398556.35714776826
30
54
0
VERTEX
8
C-TOPO-MAJR
10
1308741.6707228748
20
398555.77245937346
30
54
0
VERTEX
8
C-TOPO-MAJR
10
1308740.7897250035
20
398555.0212463808
30
54
0
VERTEX
8
C-TOPO-MAJR
10
1308739.7752323162
20
398554.1035087904
30
54
0
VERTEX
8
C-TOPO-MAJR
10
1308738.847682157
20
398553.27771353093
30
54
0
VERTEX
8
C-TOPO-MAJR
10
1308738.0070745256
20
398552.54386060237
30
54
0
VERTEX
8
C-TOPO-MAJR
10
1308737.2534094225
20
398551.9019500048
30
54
0
VERTEX
8
C-TOPO-MAJR
10
1308736.5866868473
20
398551.35198173823
30
54
0
VERTEX
8
C-TOPO-MAJR
10
1308735.879574032
20
398550.8620131275
30
54
0
VERTEX
8
C-TOPO-MAJR
10
1308735.1320709768
20
398550.43204417266
30
54
0
VERTEX
8
C-TOPO-MAJR
10
1308734.344177682
20
398550.0620748737
30
54
0
VERTEX
8
C-TOPO-MAJR
10
1308733.515894147
20
398549.7521052306
30
54
0
VERTEX
8
C-TOPO-MAJR
10
1308732.5209299685
20
398549.39566290076
30
54
0
VERTEX
8
C-TOPO-MAJR
10
1308731.359285146
20
398548.9927478841
30
54
0
VERTEX
8
C-TOPO-MAJR
10
1308730.0309596797
20
398548.54336018075
30
54
0
VERTEX
8
C-TOPO-MAJR
10
1308728.5359535695
20
398548.04749979073
30
54
0
VERTEX
8
C-TOPO-MAJR
10
1308727.0409474594
20
398547.55816929415
30
54
0
VERTEX
8
C-TOPO-MAJR
10
1308725.5459413494
20
398547.075368691
30
54
0
VERTEX
8
C-TOPO-MAJR
10
1308724.0509352393
20
398546.59909798135
30
54
0
VERTEX
8
C-TOPO-MAJR
10
1308722.555929129
20
398546.1293571652
30
54
0
VERTEX
8
C-TOPO-MAJR
10
1308721.2121720798
20
398545.7290178012
30
54
0
VERTEX
8
C-TOPO-MAJR
10
1308720.0196640913
20
398545.39807988924
30
54
0
VERTEX
8
C-TOPO-MAJR
10
1308718.9784051639
20
398545.13654342946
30
54
0
VERTEX
8
C-TOPO-MAJR
10
1308718.0883952973
20
398544.94440842175
30
54
0
VERTEX
8
C-TOPO-MAJR
10
1308717.2696388364
20
398544.7739198268
30
54
0
VERTEX
8
C-TOPO-MAJR
10
1308716.5221357816
20
398544.6250776445
30
54
0
VERTEX
8
C-TOPO-MAJR
10
1308715.8458861322
20
398544.49788187497
30
54
0
VERTEX
8
C-TOPO-MAJR
10
1308715.2408898887
20
398544.3923325181
30
54
0
VERTEX
8
C-TOPO-MAJR
10
1308714.4133911785
20
398544.2763122699
30
54
0
VERTEX
8
C-TOPO-MAJR
10
1308713.363390002
20
398544.1498211303
30
54
0
VERTEX
8
C-TOPO-MAJR
10
1308712.0908863584
20
398544.0128590993
30
54
0
VERTEX
8
C-TOPO-MAJR
10
1308710.5958802484
20
398543.865426177
30
54
0
VERTEX
8
C-TOPO-MAJR
10
1308709.1008741383
20
398543.58508385334
30
54
0
VERTEX
8
C-TOPO-MAJR
10
1308707.605868028
20
398543.17183212825
30
54
0
VERTEX
8
C-TOPO-MAJR
10
1308706.110861918
20
398542.62567100197
30
54
0
VERTEX
8
C-TOPO-MAJR
10
1308704.6158558077
20
398541.9466004743
30
54
0
VERTEX
8
C-TOPO-MAJR
10
1308703.367006241
20
398541.303384316
30
54
0
VERTEX
8
C-TOPO-MAJR
10
1308702.364313218
20
398540.69602252706
30
54
0
VERTEX
8
C-TOPO-MAJR
10
1308701.6077767385
20
398540.12451510754
30
54
0
VERTEX
8
C-TOPO-MAJR
10
1308701.0973968024
20
398539.58886205737
30
54
0
VERTEX
8
C-TOPO-MAJR
10
1308700.4684553067
20
398538.85715709813
30
54
0
VERTEX
8
C-TOPO-MAJR
10
1308699.720952252
20
398537.9294002297
30
54
0
VERTEX
8
C-TOPO-MAJR
10
1308698.8548876373
20
398536.8055914523
30
54
0
VERTEX
8
C-TOPO-MAJR
10
1308697.870261463
20
398535.48573076585
30
54
0
VERTEX
8
C-TOPO-MAJR
10
1308697.1317918326
20
398534.49583525094
30
54
0
VERTEX
8
C-TOPO-MAJR
10
1308696.6394787456
20
398533.83590490767
30
54
0
VERTEX
8
C-TOPO-MAJR
10
1308696.3933222021
20
398533.50593973603
30
54
0
SEQEND
0
POLYLINE
8
C-TOPO-MAJR
66
1
70
0
0
VERTEX
8
C-TOPO-MAJR
10
1308672.9565350274
20
398579.8811464789
30
56
0
VERTEX
8
C-TOPO-MAJR
10
1308673.3000796433
20
398580.1607841741
30
56
0
VERTEX
8
C-TOPO-MAJR
10
1308673.9871688748
20
398580.72005956457
30
56
0
VERTEX
8
C-TOPO-MAJR
10
1308675.0178027223
20
398581.5589726502
30
56
0
VERTEX
8
C-TOPO-MAJR
10
1308676.3919811859
20
398582.67752343114
30
56
0
VERTEX
8
C-TOPO-MAJR
10
1308677.7963665607
20
398583.60026058153
30
56
0
VERTEX
8
C-TOPO-MAJR
10
1308679.2309588476
20
398584.32718410145
30
56
0
VERTEX
8
C-TOPO-MAJR
10
1308680.695758046
20
398584.85829399095
30
56
0
VERTEX
8
C-TOPO-MAJR
10
1308682.1907641562
20
398585.19359025
30
56
0
VERTEX
8
C-TOPO-MAJR
10
1308683.3278891414
20
398585.4485271485
30
56
0
VERTEX
8
C-TOPO-MAJR
10
1308684.107133002
20
398585.6231046866
30
56
0
VERTEX
8
C-TOPO-MAJR
10
1308684.5284957376
20
398585.7173228642
30
56
0
VERTEX
8
C-TOPO-MAJR
10
1308684.5919773486
20
398585.7311816813
30
56
0
VERTEX
8
C-TOPO-MAJR
10
1308684.9974696815
20
398585.93718315626
30
56
0
VERTEX
8
C-TOPO-MAJR
10
1308685.7449727366
20
398586.33532728907
30
56
0
VERTEX
8
C-TOPO-MAJR
10
1308686.8344865139
20
398586.92561407964
30
56
0
VERTEX
8
C-TOPO-MAJR
10
1308688.2660110127
20
398587.708043528
30
56
0
VERTEX
8
C-TOPO-MAJR
10
1308689.7134059146
20
398588.4645178719
30
56
0
VERTEX
8
C-TOPO-MAJR
10
1308691.1766712195
20
398589.19503711135
30
56
0
VERTEX
8
C-TOPO-MAJR
10
1308692.6558069268
20
398589.89960124635
30
56
0
VERTEX
8
C-TOPO-MAJR
10
1308694.1508130368
20
398590.5782102769
30
56
0
VERTEX
8
C-TOPO-MAJR
10
1308695.645819147
20
398591.0862311898
30
56
0
VERTEX
8
C-TOPO-MAJR
10
1308697.1408252572
20
398591.4236639851
30
56
0
VERTEX
8
C-TOPO-MAJR
10
1308698.6358313672
20
398591.59050866275
30
56
0
VERTEX
8
C-TOPO-MAJR
10
1308700.1308374775
20
398591.5867652227
30
56
0
VERTEX
8
C-TOPO-MAJR
10
1308701.2740292386
20
398591.5865603473
30
56
0
VERTEX
8
C-TOPO-MAJR
10
1308702.0654066508
20
398591.58989403635
30
56
0
VERTEX
8
C-TOPO-MAJR
10
1308702.5049697142
20
398591.5967662899
30
56
0
VERTEX
8
C-TOPO-MAJR
10
1308702.5927184287
20
398591.607177108
30
56
0
VERTEX
8
C-TOPO-MAJR
10
1308703.0103443135
20
398591.85231109156
30
56
0
VERTEX
8
C-TOPO-MAJR
10
1308703.7578473683
20
398592.33216824057
30
56
0
VERTEX
8
C-TOPO-MAJR
10
1308704.8352275938
20
398593.04674855503
30
56
0
VERTEX
8
C-TOPO-MAJR
10
1308706.2424849896
20
398593.99605203496
30
56
0
VERTEX
8
C-TOPO-MAJR
10
1308707.6716795638
20
398594.836954104
30
56
0
VERTEX
8
C-TOPO-MAJR
10
1308709.122811317
20
398595.56945476227
30
56
0
VERTEX
8
C-TOPO-MAJR
10
1308710.5958802484
20
398596.1935540096
30
56
0
VERTEX
8
C-TOPO-MAJR
10
1308712.0908863584
20
398596.7092518461
30
56
0
VERTEX
8
C-TOPO-MAJR
10
1308713.5858924685
20
398597.09372836835
30
56
0
VERTEX
8
C-TOPO-MAJR
10
1308715.0808985785
20
398597.34698357625
30
56
0
VERTEX
8
C-TOPO-MAJR
10
1308716.5759046886
20
398597.4690174699
30
56
0
VERTEX
8
C-TOPO-MAJR
10
1308718.0709107986
20
398597.4598300492
30
56
0
VERTEX
8
C-TOPO-MAJR
10
1308719.5659169087
20
398597.45560775755
30
56
0
VERTEX
8
C-TOPO-MAJR
10
1308721.060923019
20
398597.4563505951
30
56
0
VERTEX
8
C-TOPO-MAJR
10
1308722.555929129
20
398597.4620585615
30
56
0
VERTEX
8
C-TOPO-MAJR
10
1308724.0509352393
20
398597.472731657
30
56
0
VERTEX
8
C-TOPO-MAJR
10
1308725.5459413494
20
398597.47097745014
30
56
0
VERTEX
8
C-TOPO-MAJR
10
1308727.0409474594
20
398597.45679594076
30
56
0
VERTEX
8
C-TOPO-MAJR
10
1308728.5359535695
20
398597.4301871292
30
56
0
VERTEX
8
C-TOPO-MAJR
10
1308730.0309596797
20
398597.3911510152
30
56
0
VERTEX
8
C-TOPO-MAJR
10
1308731.5259657898
20
398597.3697659533
30
56
0
VERTEX
8
C-TOPO-MAJR
10
1308733.0209719
20
398597.3660319436
30
56
0
VERTEX
8
C-TOPO-MAJR
10
1308734.5159780101
20
398597.379948986
30
56
0
VERTEX
8
C-TOPO-MAJR
10
1308736.0109841202
20
398597.4115170805
30
56
0
VERTEX
8
C-TOPO-MAJR
10
1308737.5059902302
20
398597.41385453055
30
56
0
VERTEX
8
C-TOPO-MAJR
10
1308739.0009963403
20
398597.38696133613
30
56
0
VERTEX
8
C-TOPO-MAJR
10
1308740.4960024504
20
398597.3308374971
30
56
0
VERTEX
8
C-TOPO-MAJR
10
1308741.9910085604
20
398597.2454830135
30
56
0
VERTEX
8
C-TOPO-MAJR
10
1308743.4860146705
20
398597.20315228635
30
56
0
VERTEX
8
C-TOPO-MAJR
10
1308744.9810207807
20
398597.20384531555
30
56
0
VERTEX
8
C-TOPO-MAJR
10
1308746.4760268908
20
398597.24756210117
30
56
0
VERTEX
8
C-TOPO-MAJR
10
1308747.971033001
20
398597.3343026432
30
56
0
VERTEX
8
C-TOPO-MAJR
10
1308749.094740747
20
398597.4011832564
30
56
0
VERTEX
8
C-TOPO-MAJR
10
1308749.8471501283
20
398597.4482039408
30
56
0
VERTEX
8
C-TOPO-MAJR
10
1308750.2282611458
20
398597.47536469635
30
56
0
VERTEX
8
C-TOPO-MAJR
10
1308750.238073799
20
398597.4826655231
30
56
0
VERTEX
8
C-TOPO-MAJR
10
1308750.245779186
20
398597.8550676074
30
56
0
VERTEX
8
C-TOPO-MAJR
10
1308750.251377307
20
398598.59257094923
30
56
0
VERTEX
8
C-TOPO-MAJR
10
1308750.2548681619
20
398599.6951755487
30
56
0
VERTEX
8
C-TOPO-MAJR
10
1308750.2562517505
20
398601.1628814058
30
56
0
VERTEX
8
C-TOPO-MAJR
10
1308750.6282419092
20
398602.62659943476
30
56
0
VERTEX
8
C-TOPO-MAJR
10
1308751.3708386375
20
398604.08632963564
30
56
0
VERTEX
8
C-TOPO-MAJR
10
1308752.484041936
20
398605.5420720085
30
56
0
VERTEX
8
C-TOPO-MAJR
10
1308753.9678518043
20
398606.99382655334
30
56
0
VERTEX
8
C-TOPO-MAJR
10
1308755.0837932045
20
398608.08663029
30
56
0
VERTEX
8
C-TOPO-MAJR
10
1308755.8318661365
20
398608.82048321853
30
56
0
VERTEX
8
C-TOPO-MAJR
10
1308756.2120706006
20
398609.1953853389
30
56
0
VERTEX
8
C-TOPO-MAJR
10
1308756.2244065963
20
398609.2113366511
30
56
0
VERTEX
8
C-TOPO-MAJR
10
1308756.2336585934
20
398609.2233001352
30
56
0
VERTEX
8
C-TOPO-MAJR
10
1308756.2398265912
20
398609.23127579136
30
56
0
VERTEX
8
C-TOPO-MAJR
10
1308756.2429105903
20
398609.23526361946
30
56
0
SEQEND
0
POLYLINE
8
C-TOPO-MAJR
66
1
70
0
0
VERTEX
8
C-TOPO-MAJR
10
1308678.5923167674
20
398591.6227933351
30
58
0
VERTEX
8
C-TOPO-MAJR
10
1308678.5836250247
20
398591.6213304838
30
58
0
VERTEX
8
C-TOPO-MAJR
10
1308678.5662415386
20
398591.6184047811
30
58
0
VERTEX
8
C-TOPO-MAJR
10
1308678.54016631
20
398591.6140162271
30
58
0
VERTEX
8
C-TOPO-MAJR
10
1308678.5053993382
20
398591.60816482164
30
58
0
VERTEX
8
C-TOPO-MAJR
10
1308678.105572582
20
398591.36717912176
30
58
0
VERTEX
8
C-TOPO-MAJR
10
1308677.3406860412
20
398590.89105912746
30
58
0
VERTEX
8
C-TOPO-MAJR
10
1308676.2107397157
20
398590.1798048387
30
58
0
VERTEX
8
C-TOPO-MAJR
10
1308674.7157336054
20
398589.2334162555
30
58
0
VERTEX
8
C-TOPO-MAJR
10
1308673.594479023
20
398588.5236248181
30
58
0
VERTEX
8
C-TOPO-MAJR
10
1308672.8469759678
20
398588.0504305265
30
58
0
VERTEX
8
C-TOPO-MAJR
10
1308672.4732244404
20
398587.81383338064
30
58
0
SEQEND
0
POINT
8
C-TOPO-SPOT
10
1308727.4465921132
20
398495.9854835743
30
0
0
POINT
8
C-TOPO-SPOT
10
1308770.3262246165
20
398512.63892515184
30
0
0
POINT
8
C-TOPO-SPOT
10
1308760.9134098117
20
398536.87523917545
30
0
0
POINT
8
C-TOPO-SPOT
10
1308718.0337773084
20
398520.2217975979
30
0
0
POINT
8
C-TOPO-SPOT
10
1308770.7847819955
20
398467.2405532843
30
0
0
POINT
8
C-TOPO-SPOT
10
1308759.0141024156
20
398508.245562728
30
0
0
POINT
8
C-TOPO-SPOT
10
1308808.727969803
20
398622.18777061225
30
0
0
POLYLINE
8
C-MISC
66
1
70
1
0
VERTEX
8
C-MISC
10
1308683.703046504
20
398538.02972242155
30
0
0
VERTEX
8
C-MISC
10
1308683.6850777934
20
398538.034211337
30
0
0
VERTEX
8
C-MISC
10
1308683.6491403724
20
398538.04318916774
30
0
0
VERTEX
8
C-MISC
10
1308683.5952342409
20
398538.0566559139
30
0
0
VERTEX
8
C-MISC
10
1308683.5233593984
20
398538.07461157546
30
0
0
VERTEX
8
C-MISC
10
1308683.126243691
20
398538.1851744776
30
0
0
VERTEX
8
C-MISC
10
1308682.403887118
20
398538.3883446203
30
0
0
VERTEX
8
C-MISC
10
1308681.3562896797
20
398538.68412200356
30
0
0
VERTEX
8
C-MISC
10
1308679.983451376
20
398539.0725066273
30
0
0
VERTEX
8
C-MISC
10
1308678.5926443615
20
398539.3357833171
30
0
0
VERTEX
8
C-MISC
10
1308677.1838686368
20
398539.47395207296
30
0
0
VERTEX
8
C-MISC
10
1308675.7571242014
20
398539.4870128948
30
0
0
VERTEX
8
C-MISC
10
1308674.3124110557
20
398539.3749657827
30
0
0
VERTEX
8
C-MISC
10
1308672.8676979097
20
398539.5221117257
30
0
0
VERTEX
8
C-MISC
10
1308671.4229847637
20
398539.9284507239
30
0
0
VERTEX
8
C-MISC
10
1308669.978271618
20
398540.5939827773
30
0
0
VERTEX
8
C-MISC
10
1308668.533558472
20
398541.5187078859
30
0
0
VERTEX
8
C-MISC
10
1308667.319679574
20
398542.2829901097
30
0
0
VERTEX
8
C-MISC
10
1308666.3366349242
20
398542.88682944875
30
0
0
VERTEX
8
C-MISC
10
1308665.5844245218
20
398543.33022590296
30
0
0
VERTEX
8
C-MISC
10
1308665.0630483679
20
398543.61317947245
30
0
0
VERTEX
8
C-MISC
10
1308664.4411820043
20
398543.9893538201
30
0
0
VERTEX
8
C-MISC
10
1308663.718825431
20
398544.45874894597
30
0
0
VERTEX
8
C-MISC
10
1308662.895978649
20
398545.02136485005
30
0
0
VERTEX
8
C-MISC
10
1308661.972641657
20
398545.6772015324
30
0
0
VERTEX
8
C-MISC
10
1308661.1014813657
20
398546.37612392096
30
0
0
VERTEX
8
C-MISC
10
1308660.2824977743
20
398547.11813201575
30
0
0
VERTEX
8
C-MISC
10
1308659.5156908834
20
398547.9032258169
30
0
0
VERTEX
8
C-MISC
10
1308658.8010606926
20
398548.73140532436
30
0
0
VERTEX
8
C-MISC
10
1308658.1369007686
20
398549.72354400234
30
0
0
VERTEX
8
C-MISC
10
1308657.5232111108
20
398550.8796418508
30
0
0
VERTEX
8
C-MISC
10
1308656.95999172
20
398552.19969886995
30
0
0
VERTEX
8
C-MISC
10
1308656.4472425957
20
398553.68371505965
30
0
0
VERTEX
8
C-MISC
10
1308656.094776449
20
398555.16773124936
30
0
0
VERTEX
8
C-MISC
10
1308655.90259328
20
398556.65174743906
30
0
0
VERTEX
8
C-MISC
10
1308655.8706930885
20
398558.13576362876
30
0
0
VERTEX
8
C-MISC
10
1308655.9990758742
20
398559.61977981846
30
0
0
VERTEX
8
C-MISC
10
1308656.3196390523
20
398561.10379600816
30
0
0
VERTEX
8
C-MISC
10
1308656.8323826217
20
398562.5878121979
30
0
0
VERTEX
8
C-MISC
10
1308657.5373065835
20
398564.0718283876
30
0
0
VERTEX
8
C-MISC
10
1308658.4344109371
20
398565.55584457726
30
0
0
VERTEX
8
C-MISC
10
1308659.157712246
20
398566.726895145
30
0
0
VERTEX
8
C-MISC
10
1308659.7072105105
20
398567.5849800909
30
0
0
VERTEX
8
C-MISC
10
1308660.0829057307
20
398568.13009941485
30
0
0
VERTEX
8
C-MISC
10
1308660.2847979062
20
398568.3622531169
30
0
0
VERTEX
8
C-MISC
10
1308660.7973953243
20
398568.8452526238
30
0
0
VERTEX
8
C-MISC
10
1308661.6206979852
20
398569.5790979355
30
0
0
VERTEX
8
C-MISC
10
1308662.7547058885
20
398570.56378905213
30
0
0
VERTEX
8
C-MISC
10
1308664.1994190344
20
398571.7993259736
30
0
0
VERTEX
8
C-MISC
10
1308665.2873152087
20
398572.7300600563
30
0
0
VERTEX
8
C-MISC
10
1308666.0183944113
20
398573.35599130014
30
0
0
VERTEX
8
C-MISC
10
1308666.3926566425
20
398573.6771197051
30
0
0
VERTEX
8
C-MISC
10
1308666.4101019017
20
398573.69344527135
30
0
0
VERTEX
8
C-MISC
10
1308666.4231858463
20
398573.70568944607
30
0
0
VERTEX
8
C-MISC
10
1308666.4319084762
20
398573.71385222906
30
0
0
VERTEX
8
C-MISC
10
1308666.4362697909
20
398573.7179336207
30
0
0
SEQEND
0
POLYLINE
8
C-MISC
66
1
70
1
0
VERTEX
8
C-MISC
10
1308712.5973094217
20
398462.91007557564
30
0
0
VERTEX
8
C-MISC
10
1308712.2441789275
20
398463.1574938498
30
0
0
VERTEX
8
C-MISC
10
1308711.5379179388
20
398463.65233039804
30
0
0
VERTEX
8
C-MISC
10
1308710.4785264558
20
398464.3945852205
30
0
0
VERTEX
8
C-MISC
10
1308709.0660044788
20
398465.38425831706
30
0
0
VERTEX
8
C-MISC
10
1308707.9985652037
20
398466.1312705872
30
0
0
VERTEX
8
C-MISC
10
1308707.2762086305
20
398466.6356220311
30
0
0
VERTEX
8
C-MISC
10
1308706.8989347597
20
398466.89731264854
30
0
0
VERTEX
8
C-MISC
10
1308706.8667435911
20
398466.9163424396
30
0
0
VERTEX
8
C-MISC
10
1308706.4814219284
20
398467.08979163854
30
0
0
VERTEX
8
C-MISC
10
1308705.742969771
20
398467.41766024544
30
0
0
VERTEX
8
C-MISC
10
1308704.6513871194
20
398467.8999482602
30
0
0
VERTEX
8
C-MISC
10
1308703.2066739735
20
398468.5366556829
30
0
0
VERTEX
8
C-MISC
10
1308701.8821244694
20
398469.22125599394
30
0
0
VERTEX
8
C-MISC
10
1308700.677738607
20
398469.9537491932
30
0
0
VERTEX
8
C-MISC
10
1308699.5935163863
20
398470.7341352809
30
0
0
VERTEX
8
C-MISC
10
1308698.6294578076
20
398471.56241425686
30
0
0
VERTEX
8
C-MISC
10
1308697.7862502318
20
398472.26253156114
30
0
0
VERTEX
8
C-MISC
10
1308697.0638936588
20
398472.8344871937
30
0
0
VERTEX
8
C-MISC
10
1308696.4623880887
20
398473.2782811545
30
0
0
VERTEX
8
C-MISC
10
1308695.9817335217
20
398473.5939134437
30
0
0
VERTEX
8
C-MISC
10
1308695.2600643097
20
398474.04599700193
30
0
0
VERTEX
8
C-MISC
10
1308694.2973804532
20
398474.63453182933
30
0
0
VERTEX
8
C-MISC
10
1308693.0936819522
20
398475.3595179259
30
0
0
VERTEX
8
C-MISC
10
1308691.6489688063
20
398476.22095529153
30
0
0
VERTEX
8
C-MISC
10
1308690.4756772222
20
398476.9437699495
30
0
0
VERTEX
8
C-MISC
10
1308689.5738071997
20
398477.52796189976
30
0
0
VERTEX
8
C-MISC
10
1308688.943358739
20
398477.97353114234
30
0
0
VERTEX
8
C-MISC
10
1308688.5843318396
20
398478.28047767724
30
0
0
VERTEX
8
C-MISC
10
1308688.0784752946
20
398478.8816916258
30
0
0
VERTEX
8
C-MISC
10
1308687.4257891043
20
398479.77717298816
30
0
0
VERTEX
8
C-MISC
10
1308686.626273268
20
398480.96692176413
30
0
0
VERTEX
8
C-MISC
10
1308685.6799277859
20
398482.45093795384
30
0
0
VERTEX
8
C-MISC
10
1308684.9353334832
20
398483.61251587747
30
0
0
VERTEX
8
C-MISC
10
1308684.3924903597
20
398484.451655535
30
0
0
VERTEX
8
C-MISC
10
1308684.0513984156
20
398484.96835692646
30
0
0
VERTEX
8
C-MISC
10
1308683.9120576512
20
398485.1626200518
30
0
0
VERTEX
8
C-MISC
10
1308683.5496000072
20
398485.6307556619
30
0
0
VERTEX
8
C-MISC
10
1308682.964025484
20
398486.3727637568
30
0
0
VERTEX
8
C-MISC
10
1308682.1553340817
20
398487.3886443364
30
0
0
VERTEX
8
C-MISC
10
1308681.1235258
20
398488.6783974007
30
0
0
VERTEX
8
C-MISC
10
1308680.2464433727
20
398489.82551143743
30
0
0
VERTEX
8
C-MISC
10
1308679.5240868
20
398490.82998644654
30
0
0
VERTEX
8
C-MISC
10
1308678.9564560812
20
398491.691822428
30
0
0
VERTEX
8
C-MISC
10
1308678.5435512168
20
398492.4110193819
30
0
0
VERTEX
8
C-MISC
10
1308678.0610101854
20
398493.14162190625
30
0
0
VERTEX
8
C-MISC
10
1308677.5088329865
20
398493.8836300011
30
0
0
VERTEX
8
C-MISC
10
1308676.8870196205
20
398494.63704366644
30
0
0
VERTEX
8
C-MISC
10
1308676.1955700878
20
398495.4018629023
30
0
0
VERTEX
8
C-MISC
10
1308675.5349327496
20
398496.34648137656
30
0
0
VERTEX
8
C-MISC
10
1308674.9051076064
20
398497.47089908936
30
0
0
VERTEX
8
C-MISC
10
1308674.3060946583
20
398498.7751160406
30
0
0
VERTEX
8
C-MISC
10
1308673.7378939053
20
398500.2591322303
30
0
0
VERTEX
8
C-MISC
10
1308673.2654776257
20
398501.56351738586
30
0
0
VERTEX
8
C-MISC
10
1308672.888845819
20
398502.68827150733
30
0
0
VERTEX
8
C-MISC
10
1308672.6079984861
20
398503.63339459465
30
0
0
VERTEX
8
C-MISC
10
1308672.4229356262
20
398504.3988866479
30
0
0
VERTEX
8
C-MISC
10
1308672.2070162138
20
398505.1526367219
30
0
0
VERTEX
8
C-MISC
10
1308671.960240249
20
398505.8946448167
30
0
0
VERTEX
8
C-MISC
10
1308671.6826077313
20
398506.6249109324
30
0
0
VERTEX
8
C-MISC
10
1308671.374118661
20
398507.3434350689
30
0
0
VERTEX
8
C-MISC
10
1308671.0936498223
20
398508.2533322187
30
0
0
VERTEX
8
C-MISC
10
1308670.8412012148
20
398509.3546023818
30
0
0
VERTEX
8
C-MISC
10
1308670.6167728389
20
398510.6472455582
30
0
0
VERTEX
8
C-MISC
10
1308670.4203646944
20
398512.1312617479
30
0
0
VERTEX
8
C-MISC
10
1308670.196226296
20
398513.6152779376
30
0
0
VERTEX
8
C-MISC
10
1308669.9443576434
20
398515.09929412743
30
0
0
VERTEX
8
C-MISC
10
1308669.6647587372
20
398516.58331031713
30
0
0
VERTEX
8
C-MISC
10
1308669.357429577
20
398518.0673265067
30
0
0
VERTEX
8
C-MISC
10
1308669.0739290132
20
398519.5513426964
30
0
0
VERTEX
8
C-MISC
10
1308668.8142570453
20
398521.03535888623
30
0
0
VERTEX
8
C-MISC
10
1308668.5784136737
20
398522.51937507594
30
0
0
VERTEX
8
C-MISC
10
1308668.3663988984
20
398524.0033912655
30
0
0
VERTEX
8
C-MISC
10
1308668.1808670221
20
398525.4874074552
30
0
0
VERTEX
8
C-MISC
10
1308668.021818045
20
398526.97142364504
30
0
0
VERTEX
8
C-MISC
10
1308667.8892519674
20
398528.45543983474
30
0
0
VERTEX
8
C-MISC
10
1308667.7831687885
20
398529.9394560243
30
0
0
VERTEX
8
C-MISC
10
1308667.6250092005
20
398531.3521194608
30
0
0
VERTEX
8
C-MISC
10
1308667.4147732027
20
398532.6934301441
30
0
0
VERTEX
8
C-MISC
10
1308667.1524607954
20
398533.9633880741
30
0
0
VERTEX
8
C-MISC
10
1308666.8380719787
20
398535.1619932508
30
0
0
VERTEX
8
C-MISC
10
1308666.5526147245
20
398536.13229988655
30
0
0
VERTEX
8
C-MISC
10
1308666.2960890336
20
398536.87430798146
30
0
0
VERTEX
8
C-MISC
10
1308666.0684949053
20
398537.3880175353
30
0
0
VERTEX
8
C-MISC
10
1308665.86983234
20
398537.6734285483
30
0
0
VERTEX
8
C-MISC
10
1308665.5202765954
20
398538.2584908555
30
0
0
VERTEX
8
C-MISC
10
1308665.0198276713
20
398539.1432044568
30
0
0
VERTEX
8
C-MISC
10
1308664.3684855683
20
398540.32756935235
30
0
0
VERTEX
8
C-MISC
10
1308663.566250286
20
398541.81158554205
30
0
0
VERTEX
8
C-MISC
10
1308662.8536199997
20
398543.0629289983
30
0
0
VERTEX
8
C-MISC
10
1308662.2305947095
20
398544.0815997213
30
0
0
VERTEX
8
C-MISC
10
1308661.6971744155
20
398544.86759771075
30
0
0
VERTEX
8
C-MISC
10
1308661.253359117
20
398545.42092296685
30
0
0
VERTEX
8
C-MISC
10
1308660.7418400957
20
398546.06858964235
30
0
0
VERTEX
8
C-MISC
10
1308660.162617351
20
398546.81059773715
30
0
0
VERTEX
8
C-MISC
10
1308659.5156908834
20
398547.6469472514
30
0
0
VERTEX
8
C-MISC
10
1308658.8010606926
20
398548.577638185
30
0
0
VERTEX
8
C-MISC
10
1308658.1369007686
20
398549.6466604326
30
0
0
VERTEX
8
C-MISC
10
1308657.5232111108
20
398550.8540139943
30
0
0
VERTEX
8
C-MISC
10
1308656.95999172
20
398552.19969886995
30
0
0
VERTEX
8
C-MISC
10
1308656.4472425957
20
398553.68371505965
30
0
0
VERTEX
8
C-MISC
10
1308656.094776449
20
398555.16773124936
30
0
0
VERTEX
8
C-MISC
10
1308655.90259328
20
398556.65174743906
30
0
0
VERTEX
8
C-MISC
10
1308655.8706930885
20
398558.13576362876
30
0
0
VERTEX
8
C-MISC
10
1308655.9990758742
20
398559.61977981846
30
0
0
VERTEX
8
C-MISC
10
1308656.3196390523
20
398561.10379600816
30
0
0
VERTEX
8
C-MISC
10
1308656.8323826217
20
398562.5878121979
30
0
0
VERTEX
8
C-MISC
10
1308657.5373065835
20
398564.0718283876
30
0
0
VERTEX
8
C-MISC
10
1308658.4344109371
20
398565.55584457726
30
0
0
VERTEX
8
C-MISC
10
1308659.157712246
20
398566.726895145
30
0
0
VERTEX
8
C-MISC
10
1308659.7072105105
20
398567.5849800909
30
0
0
VERTEX
8
C-MISC
10
1308660.0829057307
20
398568.13009941485
30
0
0
VERTEX
8
C-MISC
10
1308660.2847979062
20
398568.3622531169
30
0
0
VERTEX
8
C-MISC
10
1308660.7973953243
20
398568.8452526238
30
0
0
VERTEX
8
C-MISC
10
1308661.6206979852
20
398569.5790979355
30
0
0
VERTEX
8
C-MISC
10
1308662.7547058885
20
398570.56378905213
30
0
0
VERTEX
8
C-MISC
10
1308664.1994190344
20
398571.7993259736
30
0
0
VERTEX
8
C-MISC
10
1308665.2873152087
20
398572.7300600563
30
0
0
VERTEX
8
C-MISC
10
1308666.0183944113
20
398573.35599130014
30
0
0
VERTEX
8
C-MISC
10
1308666.3926566425
20
398573.6771197051
30
0
0
VERTEX
8
C-MISC
10
1308666.4101019017
20
398573.69344527135
30
0
0
VERTEX
8
C-MISC
10
1308666.4231858463
20
398573.70568944607
30
0
0
VERTEX
8
C-MISC
10
1308666.4319084762
20
398573.71385222906
30
0
0
VERTEX
8
C-MISC
10
1308666.4362697909
20
398573.7179336207
30
0
0
SEQEND
0
POLYLINE
8
C-TOPO-MAJR
66
1
70
0
0
VERTEX
8
C-TOPO-MAJR
10
1308677.9241939203
20
398549.61607106024
30
54
0
VERTEX
8
C-TOPO-MAJR
10
1308677.5635599878
20
398549.63842128054
30
54
0
VERTEX
8
C-TOPO-MAJR
10
1308676.8422921232
20
398549.6831217212
30
54
0
VERTEX
8
C-TOPO-MAJR
10
1308675.760390326
20
398549.75017238216
30
54
0
VERTEX
8
C-TOPO-MAJR
10
1308674.3178545965
20
398549.8395732635
30
54
0
VERTEX
8
C-TOPO-MAJR
10
1308673.2354084454
20
398549.9079387592
30
54
0
VERTEX
8
C-TOPO-MAJR
10
1308672.5130518721
20
398549.9552688694
30
54
0
VERTEX
8
C-TOPO-MAJR
10
1308672.1507848776
20
398549.981563594
30
54
0
VERTEX
8
C-TOPO-MAJR
10
1308672.1486074612
20
398549.98682293296
30
54
0
VERTEX
8
C-TOPO-MAJR
10
1308671.7864454938
20
398550.3604566499
30
54
0
VERTEX
8
C-TOPO-MAJR
10
1308671.0642989757
20
398551.1024647448
30
54
0
VERTEX
8
C-TOPO-MAJR
10
1308669.9821679064
20
398552.21284721757
30
54
0
VERTEX
8
C-TOPO-MAJR
10
1308668.5400522863
20
398553.6916040682
30
54
0
VERTEX
8
C-TOPO-MAJR
10
1308667.8189944762
20
398554.94495911174
30
54
0
VERTEX
8
C-TOPO-MAJR
10
1308667.8189944762
20
398555.97291234805
30
54
0
VERTEX
8
C-TOPO-MAJR
10
1308668.5400522863
20
398556.7754637771
30
54
0
VERTEX
8
C-TOPO-MAJR
10
1308669.9821679064
20
398557.35261339904
30
54
0
VERTEX
8
C-TOPO-MAJR
10
1308671.0788750025
20
398558.01219225745
30
54
0
VERTEX
8
C-TOPO-MAJR
10
1308671.8301735749
20
398558.75420035224
30
54
0
VERTEX
8
C-TOPO-MAJR
10
1308672.2360636229
20
398559.5786376836
30
54
0
VERTEX
8
C-TOPO-MAJR
10
1308672.296545147
20
398560.4855042514
30
54
0
VERTEX
8
C-TOPO-MAJR
10
1308672.34190629
20
398561.1656541772
30
54
0
VERTEX
8
C-TOPO-MAJR
10
1308672.372147052
20
398561.6190874611
30
54
0
VERTEX
8
C-TOPO-MAJR
10
1308672.387267433
20
398561.845804103
30
54
0
SEQEND
0
POLYLINE
8
C-TOPO-MAJR
66
1
70
0
0
VERTEX
8
C-TOPO-MAJR
10
1308683.703046504
20
398535.104332723
30
56
0
VERTEX
8
C-TOPO-MAJR
10
1308683.3418682176
20
398535.17790115834
30
56
0
VERTEX
8
C-TOPO-MAJR
10
1308682.6195116444
20
398535.3250380289
30
56
0
VERTEX
8
C-TOPO-MAJR
10
1308681.535976785
20
398535.5457433348
30
56
0
VERTEX
8
C-TOPO-MAJR
10
1308680.091263639
20
398535.840017076
30
56
0
VERTEX
8
C-TOPO-MAJR
10
1308678.646550493
20
398536.0443714301
30
56
0
VERTEX
8
C-TOPO-MAJR
10
1308677.2018373474
20
398536.1588063972
30
56
0
VERTEX
8
C-TOPO-MAJR
10
1308675.7571242014
20
398536.1833219771
30
56
0
VERTEX
8
C-TOPO-MAJR
10
1308674.3124110557
20
398536.11791817
30
56
0
VERTEX
8
C-TOPO-MAJR
10
1308673.06632664
20
398536.1989736027
30
56
0
VERTEX
8
C-TOPO-MAJR
10
1308672.0188709549
20
398536.4264882751
30
56
0
VERTEX
8
C-TOPO-MAJR
10
1308671.170044
20
398536.80046218744
30
56
0
VERTEX
8
C-TOPO-MAJR
10
1308670.5198457758
20
398537.32089533965
30
56
0
VERTEX
8
C-TOPO-MAJR
10
1308669.833568377
20
398537.8440982773
30
56
0
VERTEX
8
C-TOPO-MAJR
10
1308669.1112118042
20
398538.3700710005
30
56
0
VERTEX
8
C-TOPO-MAJR
10
1308668.352776057
20
398538.8988135092
30
56
0
VERTEX
8
C-TOPO-MAJR
10
1308667.5582611356
20
398539.43032580335
30
56
0
VERTEX
8
C-TOPO-MAJR
10
1308666.6011966579
20
398540.0023089803
30
56
0
VERTEX
8
C-TOPO-MAJR
10
1308665.4815826244
20
398540.61476304
30
56
0
VERTEX
8
C-TOPO-MAJR
10
1308664.1994190344
20
398541.2676879823
30
56
0
VERTEX
8
C-TOPO-MAJR
10
1308662.7547058885
20
398541.96108380734
30
56
0
VERTEX
8
C-TOPO-MAJR
10
1308661.313507893
20
398542.5459076937
30
56
0
VERTEX
8
C-TOPO-MAJR
10
1308659.875825048
20
398543.02215964143
30
56
0
VERTEX
8
C-TOPO-MAJR
10
1308658.4416573532
20
398543.38983965054
30
56
0
VERTEX
8
C-TOPO-MAJR
10
1308657.011004809
20
398543.64894772094
30
56
0
VERTEX
8
C-TOPO-MAJR
10
1308655.9345002505
20
398543.86810300214
30
56
0
VERTEX
8
C-TOPO-MAJR
10
1308655.2121436773
20
398544.0473054941
30
56
0
VERTEX
8
C-TOPO-MAJR
10
1308654.8439350901
20
398544.1865551967
30
56
0
VERTEX
8
C-TOPO-MAJR
10
1308654.8298744885
20
398544.2858521101
30
56
0
VERTEX
8
C-TOPO-MAJR
10
1308654.6776598871
20
398544.7065046142
30
56
0
VERTEX
8
C-TOPO-MAJR
10
1308654.3872912857
20
398545.448512709
30
56
0
VERTEX
8
C-TOPO-MAJR
10
1308653.9587686844
20
398546.5118763946
30
56
0
VERTEX
8
C-TOPO-MAJR
10
1308653.3920920833
20
398547.89659567096
30
56
0
VERTEX
8
C-TOPO-MAJR
10
1308652.7739862027
20
398549.3061391756
30
56
0
VERTEX
8
C-TOPO-MAJR
10
1308652.104451043
20
398550.7405069086
30
56
0
VERTEX
8
C-TOPO-MAJR
10
1308651.3834866039
20
398552.19969886995
30
56
0
VERTEX
8
C-TOPO-MAJR
10
1308650.6110928855
20
398553.68371505965
30
56
0
VERTEX
8
C-TOPO-MAJR
10
1308650.19869096
20
398555.16773124936
30
56
0
VERTEX
8
C-TOPO-MAJR
10
1308650.1462808275
20
398556.65174743906
30
56
0
VERTEX
8
C-TOPO-MAJR
10
1308650.4538624883
20
398558.13576362876
30
56
0
VERTEX
8
C-TOPO-MAJR
10
1308651.1214359417
20
398559.61977981846
30
56
0
VERTEX
8
C-TOPO-MAJR
10
1308651.7899902486
20
398560.8711138259
30
56
0
VERTEX
8
C-TOPO-MAJR
10
1308652.4595254082
20
398561.8897656511
30
56
0
VERTEX
8
C-TOPO-MAJR
10
1308653.1300414214
20
398562.675735294
30
56
0
VERTEX
8
C-TOPO-MAJR
10
1308653.8015382872
20
398563.2290227546
30
56
0
VERTEX
8
C-TOPO-MAJR
10
1308654.4035316552
20
398563.87667053234
30
56
0
VERTEX
8
C-TOPO-MAJR
10
1308654.9360215245
20
398564.6186786272
30
56
0
VERTEX
8
C-TOPO-MAJR
10
1308655.399007896
20
398565.4550470392
30
56
0
VERTEX
8
C-TOPO-MAJR
10
1308655.7924907694
20
398566.38577576826
30
56
0
VERTEX
8
C-TOPO-MAJR
10
1308656.3504104926
20
398567.38602199004
30
56
0
VERTEX
8
C-TOPO-MAJR
10
1308657.0727670654
20
398568.4557857044
30
56
0
VERTEX
8
C-TOPO-MAJR
10
1308657.9595604881
20
398569.59506691166
30
56
0
VERTEX
8
C-TOPO-MAJR
10
1308659.0107907609
20
398570.8038656115
30
56
0
VERTEX
8
C-TOPO-MAJR
10
1308659.8808770168
20
398571.77926900884
30
56
0
VERTEX
8
C-TOPO-MAJR
10
1308660.5698192562
20
398572.5212771037
30
56
0
VERTEX
8
C-TOPO-MAJR
10
1308661.077617479
20
398573.02988989605
30
56
0
VERTEX
8
C-TOPO-MAJR
10
1308661.4042716855
20
398573.3051073859
30
56
0
VERTEX
8
C-TOPO-MAJR
10
1308661.928777075
20
398573.8670318656
30
56
0
VERTEX
8
C-TOPO-MAJR
10
1308662.6511336481
20
398574.715663335
30
56
0
VERTEX
8
C-TOPO-MAJR
10
1308663.5713414042
20
398575.85100179433
30
56
0
VERTEX
8
C-TOPO-MAJR
10
1308664.689400344
20
398577.2730472434
30
56
0
VERTEX
8
C-TOPO-MAJR
10
1308665.5279445485
20
398578.33958133025
30
56
0
VERTEX
8
C-TOPO-MAJR
10
1308666.0869740185
20
398579.0506040548
30
56
0
VERTEX
8
C-TOPO-MAJR
10
1308666.3664887534
20
398579.40611541714
30
56
0
SEQEND
0
POLYLINE
8
C-TOPO-MAJR
66
1
70
0
0
VERTEX
8
C-TOPO-MAJR
10
1308695.260751671
20
398516.9465375181
30
58
0
VERTEX
8
C-TOPO-MAJR
10
1308694.8995733843
20
398517.15280313464
30
58
0
VERTEX
8
C-TOPO-MAJR
10
1308694.1772168116
20
398517.5653343677
30
58
0
VERTEX
8
C-TOPO-MAJR
10
1308693.0936819522
20
398518.18413121725
30
58
0
VERTEX
8
C-TOPO-MAJR
10
1308691.6489688063
20
398519.0091936834
30
58
0
VERTEX
8
C-TOPO-MAJR
10
1308690.556577479
20
398519.630900746
30
58
0
VERTEX
8
C-TOPO-MAJR
10
1308689.8165079702
20
398520.0492524052
30
58
0
VERTEX
8
C-TOPO-MAJR
10
1308689.4287602797
20
398520.2642486609
30
58
0
VERTEX
8
C-TOPO-MAJR
10
1308689.3933344076
20
398520.27588951297
30
58
0
VERTEX
8
C-TOPO-MAJR
10
1308689.0144431852
20
398520.4163694375
30
58
0
VERTEX
8
C-TOPO-MAJR
10
1308688.292086612
20
398520.6856884343
30
58
0
VERTEX
8
C-TOPO-MAJR
10
1308687.2262646887
20
398521.0838465033
30
58
0
VERTEX
8
C-TOPO-MAJR
10
1308685.8169774148
20
398521.61084364454
30
58
0
VERTEX
8
C-TOPO-MAJR
10
1308684.398833673
20
398521.9577729063
30
58
0
VERTEX
8
C-TOPO-MAJR
10
1308682.9718334628
20
398522.1246342886
30
58
0
VERTEX
8
C-TOPO-MAJR
10
1308681.535976785
20
398522.11142779136
30
58
0
VERTEX
8
C-TOPO-MAJR
10
1308680.091263639
20
398521.91815341474
30
58
0
VERTEX
8
C-TOPO-MAJR
10
1308678.646550493
20
398521.7615957863
30
58
0
VERTEX
8
C-TOPO-MAJR
10
1308677.2018373474
20
398521.6417549061
30
58
0
VERTEX
8
C-TOPO-MAJR
10
1308675.7571242014
20
398521.55863077426
30
58
0
VERTEX
8
C-TOPO-MAJR
10
1308674.3124110557
20
398521.51222339075
30
58
0
VERTEX
8
C-TOPO-MAJR
10
1308672.8676979097
20
398521.5635783905
30
58
0
VERTEX
8
C-TOPO-MAJR
10
1308671.4229847637
20
398521.71269577363
30
58
0
VERTEX
8
C-TOPO-MAJR
10
1308669.978271618
20
398521.95957554015
30
58
0
VERTEX
8
C-TOPO-MAJR
10
1308668.533558472
20
398522.30421769
30
58
0
VERTEX
8
C-TOPO-MAJR
10
1308667.0888453263
20
398522.4474667753
30
58
0
VERTEX
8
C-TOPO-MAJR
10
1308665.6441321804
20
398522.3893227959
30
58
0
VERTEX
8
C-TOPO-MAJR
10
1308664.1994190344
20
398522.1297857521
30
58
0
VERTEX
8
C-TOPO-MAJR
10
1308662.7547058885
20
398521.6688556437
30
58
0
VERTEX
8
C-TOPO-MAJR
10
1308661.3099927425
20
398521.6004708841
30
58
0
VERTEX
8
C-TOPO-MAJR
10
1308659.8652795968
20
398521.9246314732
30
58
0
VERTEX
8
C-TOPO-MAJR
10
1308658.4205664508
20
398522.641337411
30
58
0
VERTEX
8
C-TOPO-MAJR
10
1308656.975853305
20
398523.7505886976
30
58
0
VERTEX
8
C-TOPO-MAJR
10
1308655.845375802
20
398524.63346153277
30
58
0
VERTEX
8
C-TOPO-MAJR
10
1308655.029133942
20
398525.28995591635
30
58
0
VERTEX
8
C-TOPO-MAJR
10
1308654.5271277246
20
398525.7200718485
30
58
0
VERTEX
8
C-TOPO-MAJR
10
1308654.33935715
20
398525.92380932916
30
58
0
VERTEX
8
C-TOPO-MAJR
10
1308653.9174217193
20
398526.44761648704
30
58
0
VERTEX
8
C-TOPO-MAJR
10
1308653.2613214327
20
398527.29149332223
30
58
0
VERTEX
8
C-TOPO-MAJR
10
1308652.3710562894
20
398528.45543983474
30
58
0
VERTEX
8
C-TOPO-MAJR
10
1308651.24662629
20
398529.9394560243
30
58
0
VERTEX
8
C-TOPO-MAJR
10
1308650.3701756475
20
398531.08421697014
30
58
0
VERTEX
8
C-TOPO-MAJR
10
1308649.7417043615
20
398531.8897226722
30
58
0
VERTEX
8
C-TOPO-MAJR
10
1308649.3612124326
20
398532.3559731302
30
58
0
VERTEX
8
C-TOPO-MAJR
10
1308649.2286998609
20
398532.48296834424
30
58
0
VERTEX
8
C-TOPO-MAJR
10
1308648.7681371453
20
398532.85374424147
30
58
0
VERTEX
8
C-TOPO-MAJR
10
1308647.9795242862
20
398533.4683008217
30
58
0
VERTEX
8
C-TOPO-MAJR
10
1308646.8628612838
20
398534.32663808507
30
58
0
VERTEX
8
C-TOPO-MAJR
10
1308645.4181481379
20
398535.42875603144
30
58
0
VERTEX
8
C-TOPO-MAJR
10
1308644.246876718
20
398536.3190702485
30
58
0
VERTEX
8
C-TOPO-MAJR
10
1308643.3490470243
20
398536.9975807363
30
58
0
VERTEX
8
C-TOPO-MAJR
10
1308642.7246590566
20
398537.4642874948
30
58
0
VERTEX
8
C-TOPO-MAJR
10
1308642.373712815
20
398537.719190524
30
58
0
VERTEX
8
C-TOPO-MAJR
10
1308641.837061408
20
398538.27822061675
30
58
0
VERTEX
8
C-TOPO-MAJR
10
1308641.1147048348
20
398539.14137777296
30
58
0
VERTEX
8
C-TOPO-MAJR
10
1308640.2066430962
20
398540.3086619927
30
58
0
VERTEX
8
C-TOPO-MAJR
10
1308639.1128761917
20
398541.780073276
30
58
0
VERTEX
8
C-TOPO-MAJR
10
1308638.2912509004
20
398542.8867829651
30
58
0
VERTEX
8
C-TOPO-MAJR
10
1308637.7417672218
20
398543.6287910599
30
58
0
VERTEX
8
C-TOPO-MAJR
10
1308637.464425156
20
398544.0060975605
30
58
0
VERTEX
8
C-TOPO-MAJR
10
1308637.4592247033
20
398544.01870246703
30
58
0
VERTEX
8
C-TOPO-MAJR
10
1308637.0956425616
20
398544.39916019427
30
58
0
VERTEX
8
C-TOPO-MAJR
10
1308636.3736787317
20
398545.14747074223
30
58
0
VERTEX
8
C-TOPO-MAJR
10
1308635.293333213
20
398546.26363411115
30
58
0
VERTEX
8
C-TOPO-MAJR
10
1308633.854606006
20
398547.74765030085
30
58
0
VERTEX
8
C-TOPO-MAJR
10
1308632.9169295232
20
398549.23166649055
30
58
0
VERTEX
8
C-TOPO-MAJR
10
1308632.4803037648
20
398550.71568268025
30
58
0
VERTEX
8
C-TOPO-MAJR
10
1308632.5447287306
20
398552.19969886995
30
58
0
VERTEX
8
C-TOPO-MAJR
10
1308633.1102044208
20
398553.68371505965
30
58
0
VERTEX
8
C-TOPO-MAJR
10
1308633.753924181
20
398555.1190660045
30
58
0
VERTEX
8
C-TOPO-MAJR
10
1308634.4758880108
20
398556.5057517047
30
58
0
VERTEX
8
C-TOPO-MAJR
10
1308635.276095911
20
398557.84377215995
30
58
0
VERTEX
8
C-TOPO-MAJR
10
1308636.1545478806
20
398559.1331273703
30
58
0
VERTEX
8
C-TOPO-MAJR
10
1308636.820064426
20
398560.14880902297
30
58
0
VERTEX
8
C-TOPO-MAJR
10
1308637.272645547
20
398560.8908171179
30
58
0
VERTEX
8
C-TOPO-MAJR
10
1308637.5122912433
20
398561.35915165493
30
58
0
VERTEX
8
C-TOPO-MAJR
10
1308637.539001515
20
398561.55381263414
30
58
0
VERTEX
8
C-TOPO-MAJR
10
1308637.554218769
20
398562.07081241603
30
58
0
VERTEX
8
C-TOPO-MAJR
10
1308637.557943006
20
398562.91015100054
30
58
0
VERTEX
8
C-TOPO-MAJR
10
1308637.5501742256
20
398564.0718283876
30
58
0
VERTEX
8
C-TOPO-MAJR
10
1308637.5309124277
20
398565.55584457726
30
58
0
VERTEX
8
C-TOPO-MAJR
10
1308637.8757822472
20
398566.99344324577
30
58
0
VERTEX
8
C-TOPO-MAJR
10
1308638.584783684
20
398568.38462439313
30
58
0
VERTEX
8
C-TOPO-MAJR
10
1308639.6579167387
20
398569.72938801924
30
58
0
VERTEX
8
C-TOPO-MAJR
10
1308641.095181411
20
398571.02773412416
30
58
0
VERTEX
8
C-TOPO-MAJR
10
1308642.3026347244
20
398572.0479112241
30
58
0
VERTEX
8
C-TOPO-MAJR
10
1308643.280276679
20
398572.78991931886
30
58
0
VERTEX
8
C-TOPO-MAJR
10
1308644.0281072753
20
398573.2537584087
30
58
0
VERTEX
8
C-TOPO-MAJR
10
1308644.5461265123
20
398573.4394284935
30
58
0
VERTEX
8
C-TOPO-MAJR
10
1308645.1663144175
20
398573.6179746776
30
58
0
VERTEX
8
C-TOPO-MAJR
10
1308645.8886709905
20
398573.789396961
30
58
0
VERTEX
8
C-TOPO-MAJR
10
1308646.7131962313
20
398573.9536953438
30
58
0
VERTEX
8
C-TOPO-MAJR
10
1308647.6398901397
20
398574.110869826
30
58
0
VERTEX
8
C-TOPO-MAJR
10
1308648.6960888577
20
398574.56043354183
30
58
0
VERTEX
8
C-TOPO-MAJR
10
1308649.881792385
20
398575.3023864914
30
58
0
VERTEX
8
C-TOPO-MAJR
10
1308651.1970007215
20
398576.3367286747
30
58
0
VERTEX
8
C-TOPO-MAJR
10
1308652.6417138672
20
398577.6634600917
30
58
0
VERTEX
8
C-TOPO-MAJR
10
1308653.7253183643
20
398578.65853622707
30
58
0
VERTEX
8
C-TOPO-MAJR
10
1308654.4478142122
20
398579.321957081
30
58
0
VERTEX
8
C-TOPO-MAJR
10
1308654.8092014114
20
398579.6537226531
30
58
0
VERTEX
8
C-TOPO-MAJR
10
1308654.8094799612
20
398579.65383294364
30
58
0
VERTEX
8
C-TOPO-MAJR
10
1308654.8096888738
20
398579.6539156615
30
58
0
VERTEX
8
C-TOPO-MAJR
10
1308654.809828149
20
398579.6539708068
30
58
0
VERTEX
8
C-TOPO-MAJR
10
1308654.8098977865
20
398579.6539983795
30
58
0
SEQEND
0
POLYLINE
8
C-TOPO-MAJR
66
1
70
0
0
VERTEX
8
C-TOPO-MAJR
10
1308630.6039219706
20
398460.9327032031
30
60
0
VERTEX
8
C-TOPO-MAJR
10
1308630.5368146976
20
398461.30370725057
30
60
0
VERTEX
8
C-TOPO-MAJR
10
1308630.402600151
20
398462.04571534536
30
60
0
VERTEX
8
C-TOPO-MAJR
10
1308630.2012783315
20
398463.15872748767
30
60
0
VERTEX
8
C-TOPO-MAJR
10
1308629.9328492386
20
398464.64274367737
30
60
0
VERTEX
8
C-TOPO-MAJR
10
1308629.5667924709
20
398466.12675986707
30
60
0
VERTEX
8
C-TOPO-MAJR
10
1308629.1031080277
20
398467.6107760568
30
60
0
VERTEX
8
C-TOPO-MAJR
10
1308628.5417959096
20
398469.0947922465
30
60
0
VERTEX
8
C-TOPO-MAJR
10
1308627.8828561164
20
398470.5788084362
30
60
0
VERTEX
8
C-TOPO-MAJR
10
1308627.3274059114
20
398472.0002608388
30
60
0
VERTEX
8
C-TOPO-MAJR
10
1308626.8754452951
20
398473.3591494542
30
60
0
VERTEX
8
C-TOPO-MAJR
10
1308626.526974267
20
398474.65547428257
30
60
0
VERTEX
8
C-TOPO-MAJR
10
1308626.2819928275
20
398475.88923532376
30
60
0
VERTEX
8
C-TOPO-MAJR
10
1308626.0908136496
20
398476.87711989175
30
60
0
VERTEX
8
C-TOPO-MAJR
10
1308625.9534367328
20
398477.6191279866
30
60
0
VERTEX
8
C-TOPO-MAJR
10
1308625.8698620775
20
398478.1152596083
30
60
0
VERTEX
8
C-TOPO-MAJR
10
1308625.8400896837
20
398478.3655147568
30
60
0
VERTEX
8
C-TOPO-MAJR
10
1308625.8252034867
20
398478.6342329265
30
60
0
VERTEX
8
C-TOPO-MAJR
10
1308625.8252034867
20
398478.92141411727
30
60
0
VERTEX
8
C-TOPO-MAJR
10
1308625.8400896837
20
398479.22705832915
30
60
0
VERTEX
8
C-TOPO-MAJR
10
1308625.8698620775
20
398479.5511655622
30
60
0
VERTEX
8
C-TOPO-MAJR
10
1308625.9394777408
20
398480.0842232261
30
60
0
VERTEX
8
C-TOPO-MAJR
10
1308626.0489366734
20
398480.82623132097
30
60
0
VERTEX
8
C-TOPO-MAJR
10
1308626.1982388753
20
398481.77718984673
30
60
0
VERTEX
8
C-TOPO-MAJR
10
1308626.3873843467
20
398482.9370988034
30
60
0
VERTEX
8
C-TOPO-MAJR
10
1308626.641909368
20
398484.1780345683
30
60
0
VERTEX
8
C-TOPO-MAJR
10
1308626.96181394
20
398485.49999714154
30
60
0
VERTEX
8
C-TOPO-MAJR
10
1308627.347098062
20
398486.90298652294
30
60
0
VERTEX
8
C-TOPO-MAJR
10
1308627.797761734
20
398488.38700271264
30
60
0
VERTEX
8
C-TOPO-MAJR
10
1308628.1512555587
20
398489.87101890234
30
60
0
VERTEX
8
C-TOPO-MAJR
10
1308628.4075795356
20
398491.3550350921
30
60
0
VERTEX
8
C-TOPO-MAJR
10
1308628.5667336648
20
398492.8390512818
30
60
0
VERTEX
8
C-TOPO-MAJR
10
1308628.6287179466
20
398494.32306747144
30
60
0
VERTEX
8
C-TOPO-MAJR
10
1308628.612605425
20
398495.80708366114
30
60
0
VERTEX
8
C-TOPO-MAJR
10
1308628.5183961
20
398497.2910998509
30
60
0
VERTEX
8
C-TOPO-MAJR
10
1308628.3460899722
20
398498.7751160406
30
60
0
VERTEX
8
C-TOPO-MAJR
10
1308628.0956870413
20
398500.2591322303
30
60
0
VERTEX
8
C-TOPO-MAJR
10
1308627.7950372195
20
398501.6208007164
30
60
0
VERTEX
8
C-TOPO-MAJR
10
1308627.444140507
20
398502.8601214988
30
60
0
VERTEX
8
C-TOPO-MAJR
10
1308627.0429969036
20
398503.9770945776
30
60
0
VERTEX
8
C-TOPO-MAJR
10
1308626.5916064095
20
398504.9717199528
30
60
0
VERTEX
8
C-TOPO-MAJR
10
1308626.2288295766
20
398505.84003668785
30
60
0
VERTEX
8
C-TOPO-MAJR
10
1308625.9546664052
20
398506.5820447827
30
60
0
VERTEX
8
C-TOPO-MAJR
10
1308625.769116895
20
398507.1977442374
30
60
0
VERTEX
8
C-TOPO-MAJR
10
1308625.6721810459
20
398507.6871350519
30
60
0
VERTEX
8
C-TOPO-MAJR
10
1308625.5950596572
20
398508.42518221017
30
60
0
VERTEX
8
C-TOPO-MAJR
10
1308625.537752729
20
398509.4118857123
30
60
0
VERTEX
8
C-TOPO-MAJR
10
1308625.500260261
20
398510.6472455582
30
60
0
VERTEX
8
C-TOPO-MAJR
10
1308625.482582253
20
398512.1312617479
30
60
0
VERTEX
8
C-TOPO-MAJR
10
1308625.4848631895
20
398513.6152779376
30
60
0
VERTEX
8
C-TOPO-MAJR
10
1308625.5071030702
20
398515.09929412743
30
60
0
VERTEX
8
C-TOPO-MAJR
10
1308625.5493018953
20
398516.58331031713
30
60
0
VERTEX
8
C-TOPO-MAJR
10
1308625.6114596645
20
398518.0673265067
30
60
0
VERTEX
8
C-TOPO-MAJR
10
1308625.6489982593
20
398519.5513426964
30
60
0
VERTEX
8
C-TOPO-MAJR
10
1308625.6619176792
20
398521.03535888623
30
60
0
VERTEX
8
C-TOPO-MAJR
10
1308625.6502179247
20
398522.51937507594
30
60
0
VERTEX
8
C-TOPO-MAJR
10
1308625.6138989953
20
398524.0033912655
30
60
0
VERTEX
8
C-TOPO-MAJR
10
1308625.6002058084
20
398525.4874074552
30
60
0
VERTEX
8
C-TOPO-MAJR
10
1308625.6091383635
20
398526.97142364504
30
60
0
VERTEX
8
C-TOPO-MAJR
10
1308625.6406966608
20
398528.45543983474
30
60
0
VERTEX
8
C-TOPO-MAJR
10
1308625.6948807002
20
398529.9394560243
30
60
0
VERTEX
8
C-TOPO-MAJR
10
1308625.4275820795
20
398531.423472214
30
60
0
VERTEX
8
C-TOPO-MAJR
10
1308624.8388007989
20
398532.90748840384
30
60
0
VERTEX
8
C-TOPO-MAJR
10
1308623.928536858
20
398534.39150459354
30
60
0
VERTEX
8
C-TOPO-MAJR
10
1308622.696790257
20
398535.87552078324
30
60
0
VERTEX
8
C-TOPO-MAJR
10
1308621.7283864142
20
398537.19125787984
30
60
0
VERTEX
8
C-TOPO-MAJR
10
1308621.02332533
20
398538.33871588344
30
60
0
VERTEX
8
C-TOPO-MAJR
10
1308620.581607004
20
398539.3178947939
30
60
0
VERTEX
8
C-TOPO-MAJR
10
1308620.4032314364
20
398540.12879461114
30
60
0
VERTEX
8
C-TOPO-MAJR
10
1308620.210085759
20
398540.90524856723
30
60
0
VERTEX
8
C-TOPO-MAJR
10
1308620.002169972
20
398541.64725666214
30
60
0
VERTEX
8
C-TOPO-MAJR
10
1308619.779484075
20
398542.35481889575
30
60
0
VERTEX
8
C-TOPO-MAJR
10
1308619.5420280686
20
398543.02793526807
30
60
0
VERTEX
8
C-TOPO-MAJR
10
1308619.075700412
20
398543.9037765948
30
60
0
VERTEX
8
C-TOPO-MAJR
10
1308618.3805011064
20
398544.9823428758
30
60
0
VERTEX
8
C-TOPO-MAJR
10
1308617.4564301507
20
398546.26363411115
30
60
0
VERTEX
8
C-TOPO-MAJR
10
1308616.3034875453
20
398547.74765030085
30
60
0
VERTEX
8
C-TOPO-MAJR
10
1308615.4561535018
20
398549.23166649055
30
60
0
VERTEX
8
C-TOPO-MAJR
10
1308614.9144280204
20
398550.71568268025
30
60
0
VERTEX
8
C-TOPO-MAJR
10
1308614.6783111005
20
398552.19969886995
30
60
0
VERTEX
8
C-TOPO-MAJR
10
1308614.7478027425
20
398553.68371505965
30
60
0
VERTEX
8
C-TOPO-MAJR
10
1308615.1301482166
20
398555.11322324054
30
60
0
VERTEX
8
C-TOPO-MAJR
10
1308615.8253475223
20
398556.4882234127
30
60
0
VERTEX
8
C-TOPO-MAJR
10
1308616.8334006602
20
398557.808715576
30
60
0
VERTEX
8
C-TOPO-MAJR
10
1308618.15430763
20
398559.0746997305
30
60
0
VERTEX
8
C-TOPO-MAJR
10
1308619.1486798506
20
398560.0786958552
30
60
0
VERTEX
8
C-TOPO-MAJR
10
1308619.8165173223
20
398560.82070395
30
60
0
VERTEX
8
C-TOPO-MAJR
10
1308620.157820045
20
398561.30072401505
30
60
0
VERTEX
8
C-TOPO-MAJR
10
1308620.1725880182
20
398561.51875605027
30
60
0
VERTEX
8
C-TOPO-MAJR
10
1308620.5411502915
20
398561.9854975622
30
60
0
VERTEX
8
C-TOPO-MAJR
10
1308621.2635068644
20
398562.70094855095
30
60
0
VERTEX
8
C-TOPO-MAJR
10
1308622.3396577372
20
398563.6651090164
30
60
0
VERTEX
8
C-TOPO-MAJR
10
1308623.7696029095
20
398564.8779789587
30
60
0
VERTEX
8
C-TOPO-MAJR
10
1308624.9284199483
20
398565.85541797726
30
60
0
VERTEX
8
C-TOPO-MAJR
10
1308625.8161088533
20
398566.5974260721
30
60
0
VERTEX
8
C-TOPO-MAJR
10
1308626.4326696247
20
398567.10400324326
30
60
0
VERTEX
8
C-TOPO-MAJR
10
1308626.7781022622
20
398567.3751494907
30
60
0
VERTEX
8
C-TOPO-MAJR
10
1308627.0371767404
20
398567.57850917627
30
60
0
VERTEX
8
C-TOPO-MAJR
10
1308627.209893059
20
398567.71408229996
30
60
0
VERTEX
8
C-TOPO-MAJR
10
1308627.2962512185
20
398567.7818688619
30
60
0
SEQEND
0
POLYLINE
8
C-TOPO-MAJR
66
1
70
0
0
VERTEX
8
C-TOPO-MAJR
10
1308608.0859496156
20
398502.48515651486
30
62
0
VERTEX
8
C-TOPO-MAJR
10
1308608.0300369312
20
398502.85616056225
30
62
0
VERTEX
8
C-TOPO-MAJR
10
1308607.9182115626
20
398503.59816865716
30
62
0
VERTEX
8
C-TOPO-MAJR
10
1308607.7504735095
20
398504.7111807994
30
62
0
VERTEX
8
C-TOPO-MAJR
10
1308607.5268227719
20
398506.1951969891
30
62
0
VERTEX
8
C-TOPO-MAJR
10
1308607.3848857493
20
398507.6792131788
30
62
0
VERTEX
8
C-TOPO-MAJR
10
1308607.3246624419
20
398509.1632293685
30
62
0
VERTEX
8
C-TOPO-MAJR
10
1308607.346152849
20
398510.6472455582
30
62
0
VERTEX
8
C-TOPO-MAJR
10
1308607.4493569715
20
398512.1312617479
30
62
0
VERTEX
8
C-TOPO-MAJR
10
1308607.5876225485
20
398513.5179507046
30
62
0
VERTEX
8
C-TOPO-MAJR
10
1308607.76094958
20
398514.8073124283
30
62
0
VERTEX
8
C-TOPO-MAJR
10
1308607.969338066
20
398515.999346919
30
62
0
VERTEX
8
C-TOPO-MAJR
10
1308608.2127880068
20
398517.0940541767
30
62
0
VERTEX
8
C-TOPO-MAJR
10
1308608.4138910843
20
398518.012411853
30
62
0
VERTEX
8
C-TOPO-MAJR
10
1308608.572647299
20
398518.7544199478
30
62
0
VERTEX
8
C-TOPO-MAJR
10
1308608.6890566505
20
398519.32007846126
30
62
0
VERTEX
8
C-TOPO-MAJR
10
1308608.763119139
20
398519.7093873933
30
62
0
VERTEX
8
C-TOPO-MAJR
10
1308608.8001503833
20
398520.26031938224
30
62
0
VERTEX
8
C-TOPO-MAJR
10
1308608.8001503833
20
398520.9728744281
30
62
0
VERTEX
8
C-TOPO-MAJR
10
1308608.763119139
20
398521.84705253085
30
62
0
VERTEX
8
C-TOPO-MAJR
10
1308608.6890566505
20
398522.8828536906
30
62
0
VERTEX
8
C-TOPO-MAJR
10
1308608.6176334857
20
398523.7717583179
30
62
0
VERTEX
8
C-TOPO-MAJR
10
1308608.5488496446
20
398524.5137664127
30
62
0
VERTEX
8
C-TOPO-MAJR
10
1308608.4827051272
20
398525.10887797514
30
62
0
VERTEX
8
C-TOPO-MAJR
10
1308608.4191999335
20
398525.5570930051
30
62
0
VERTEX
8
C-TOPO-MAJR
10
1308608.0747467463
20
398526.264258325
30
62
0
VERTEX
8
C-TOPO-MAJR
10
1308607.4493455656
20
398527.23037393496
30
62
0
VERTEX
8
C-TOPO-MAJR
10
1308606.5429963914
20
398528.45543983474
30
62
0
VERTEX
8
C-TOPO-MAJR
10
1308605.3556992237
20
398529.9394560243
30
62
0
VERTEX
8
C-TOPO-MAJR
10
1308604.44731422
20
398531.423472214
30
62
0
VERTEX
8
C-TOPO-MAJR
10
1308603.8178413801
20
398532.90748840384
30
62
0
VERTEX
8
C-TOPO-MAJR
10
1308603.4672807045
20
398534.39150459354
30
62
0
VERTEX
8
C-TOPO-MAJR
10
1308603.3956321927
20
398535.8755207831
30
62
0
VERTEX
8
C-TOPO-MAJR
10
1308603.3728541718
20
398537.3595369728
30
62
0
VERTEX
8
C-TOPO-MAJR
10
1308603.3989466415
20
398538.84355316265
30
62
0
VERTEX
8
C-TOPO-MAJR
10
1308603.473909602
20
398540.32756935235
30
62
0
VERTEX
8
C-TOPO-MAJR
10
1308603.5977430535
20
398541.81158554205
30
62
0
VERTEX
8
C-TOPO-MAJR
10
1308603.68414422
20
398543.29560173175
30
62
0
VERTEX
8
C-TOPO-MAJR
10
1308603.733113102
20
398544.77961792145
30
62
0
VERTEX
8
C-TOPO-MAJR
10
1308603.7446496994
20
398546.26363411115
30
62
0
VERTEX
8
C-TOPO-MAJR
10
1308603.7187540124
20
398547.74765030085
30
62
0
VERTEX
8
C-TOPO-MAJR
10
1308603.6467599792
20
398549.23166649055
30
62
0
VERTEX
8
C-TOPO-MAJR
10
1308603.5286676
20
398550.71568268025
30
62
0
VERTEX
8
C-TOPO-MAJR
10
1308603.3644768747
20
398552.19969886995
30
62
0
VERTEX
8
C-TOPO-MAJR
10
1308603.1541878036
20
398553.68371505965
30
62
0
VERTEX
8
C-TOPO-MAJR
10
1308602.9964710001
20
398554.7967272019
30
62
0
VERTEX
8
C-TOPO-MAJR
10
1308602.8913264645
20
398555.5387352968
30
62
0
VERTEX
8
C-TOPO-MAJR
10
1308602.8387541967
20
398555.9097393442
30
62
0
SEQEND
0
POLYLINE
8
C-TOPO-MAJR
66
1
70
0
0
VERTEX
8
C-TOPO-MAJR
10
1308585.6024660252
20
398538.1015450678
30
64
0
VERTEX
8
C-TOPO-MAJR
10
1308585.9276130847
20
398538.47254911525
30
64
0
VERTEX
8
C-TOPO-MAJR
10
1308586.5779072042
20
398539.21455721004
30
64
0
VERTEX
8
C-TOPO-MAJR
10
1308587.5533483834
20
398540.32756935235
30
64
0
VERTEX
8
C-TOPO-MAJR
10
1308588.8539366224
20
398541.81158554205
30
64
0
VERTEX
8
C-TOPO-MAJR
10
1308589.856664438
20
398543.2095115355
30
64
0
VERTEX
8
C-TOPO-MAJR
10
1308590.5615318306
20
398544.52134733275
30
64
0
VERTEX
8
C-TOPO-MAJR
10
1308590.9685388003
20
398545.74709293374
30
64
0
VERTEX
8
C-TOPO-MAJR
10
1308591.0776853473
20
398546.8867483386
30
64
0
VERTEX
8
C-TOPO-MAJR
10
1308591.1615998903
20
398547.82758008846
30
64
0
VERTEX
8
C-TOPO-MAJR
10
1308591.2202824298
20
398548.56958818325
30
64
0
VERTEX
8
C-TOPO-MAJR
10
1308591.2537329658
20
398549.11277262314
30
64
0
VERTEX
8
C-TOPO-MAJR
10
1308591.2619514982
20
398549.45713340805
30
64
0
VERTEX
8
C-TOPO-MAJR
10
1308591.2681153975
20
398549.7154039967
30
64
0
VERTEX
8
C-TOPO-MAJR
10
1308591.2722246638
20
398549.8875843892
30
64
0
VERTEX
8
C-TOPO-MAJR
10
1308591.2742792966
20
398549.9736745854
30
64
0
SEQEND
0
POINT
8
C-TOPO-SPOT
10
1308655.7184576322
20
398455.132785098
30
0
0
POINT
8
C-TOPO-SPOT
10
1308696.7417493733
20
398475.9435884159
30
0
0
POINT
8
C-TOPO-SPOT
10
1308684.9791214108
20
398499.1306663565
30
0
0
POINT
8
C-TOPO-SPOT
10
1308643.9558296697
20
398478.31986303855
30
0
0
POINT
8
C-TOPO-SPOT
10
1308701.8701112056
20
398440.42048413254
30
0
0
POINT
8
C-TOPO-SPOT
10
1308686.8095635008
20
398470.9050662025
30
0
0
POINT
8
C-TOPO-SPOT
10
1308618.5007462008
20
398557.0937352591
30
0
0
POLYLINE
8
C-TOPO-MAJR
66
1
70
0
0
VERTEX
8
C-TOPO-MAJR
10
1308866.3822828669
20
398392.7185599462
30
46
0
VERTEX
8
C-TOPO-MAJR
10
1308863.287800855
20
398394.15392452036
30
46
0
VERTEX
8
C-TOPO-MAJR
10
1308860.7828846225
20
398394.50923878094
30
46
0
VERTEX
8
C-TOPO-MAJR
10
1308849.6310040317
20
398395.0164556021
30
46
0
VERTEX
8
C-TOPO-MAJR
10
1308847.9098788686
20
398395.1716390271
30
46
0
VERTEX
8
C-TOPO-MAJR
10
1308846.749448119
20
398395.15556294966
30
46
0
VERTEX
8
C-TOPO-MAJR
10
1308843.456475697
20
398394.7110100274
30
46
0
VERTEX
8
C-TOPO-MAJR
10
1308841.388894536
20
398394.2772838611
30
46
0
VERTEX
8
C-TOPO-MAJR
10
1308839.9912595241
20
398393.98004035885
30
46
0
VERTEX
8
C-TOPO-MAJR
10
1308834.772437956
20
398392.65195902355
30
46
0
SEQEND
0
POLYLINE
8
C-TOPO-MAJR
66
1
70
0
0
VERTEX
8
C-TOPO-MAJR
10
1308855.1349300398
20
398673.7957536912
30
52
0
VERTEX
8
C-TOPO-MAJR
10
1308854.2733831962
20
398671.59103368735
30
52
0
VERTEX
8
C-TOPO-MAJR
10
1308852.430211034
20
398667.3492442836
30
52
0
VERTEX
8
C-TOPO-MAJR
10
1308851.5808032872
20
398664.91092895216
30
52
0
VERTEX
8
C-TOPO-MAJR
10
1308850.1418297787
20
398655.7239394508
30
52
0
VERTEX
8
C-TOPO-MAJR
10
1308849.622473862
20
398654.1196119537
30
52
0
VERTEX
8
C-TOPO-MAJR
10
1308849.4236553726
20
398653.5943505248
30
52
0
VERTEX
8
C-TOPO-MAJR
10
1308848.991897694
20
398652.1957312796
30
52
0
VERTEX
8
C-TOPO-MAJR
10
1308846.680878689
20
398645.58189935994
30
52
0
VERTEX
8
C-TOPO-MAJR
10
1308846.5548946983
20
398644.7039483602
30
52
0
VERTEX
8
C-TOPO-MAJR
10
1308846.6733327806
20
398642.5592676144
30
52
0
VERTEX
8
C-TOPO-MAJR
10
1308846.7655241997
20
398637.56321461615
30
52
0
VERTEX
8
C-TOPO-MAJR
10
1308846.4630313632
20
398632.80567819334
30
52
0
VERTEX
8
C-TOPO-MAJR
10
1308845.3101465385
20
398623.18791527377
30
52
0
VERTEX
8
C-TOPO-MAJR
10
1308845.1602124518
20
398622.5658692641
30
52
0
VERTEX
8
C-TOPO-MAJR
10
1308844.17038503
20
398619.3086579426
30
52
0
VERTEX
8
C-TOPO-MAJR
10
1308843.5841001219
20
398616.56653743796
30
52
0
VERTEX
8
C-TOPO-MAJR
10
1308842.6526715278
20
398610.8719950272
30
52
0
VERTEX
8
C-TOPO-MAJR
10
1308842.5017532061
20
398610.15349252854
30
52
0
VERTEX
8
C-TOPO-MAJR
10
1308841.5755739522
20
398606.81294803525
30
52
0
VERTEX
8
C-TOPO-MAJR
10
1308840.3672430355
20
398603.13611811603
30
52
0
VERTEX
8
C-TOPO-MAJR
10
1308835.6956644417
20
398590.88515835995
30
52
0
VERTEX
8
C-TOPO-MAJR
10
1308835.0595108701
20
398589.21324569173
30
52
0
VERTEX
8
C-TOPO-MAJR
10
1308833.8196839497
20
398585.4612847007
30
52
0
VERTEX
8
C-TOPO-MAJR
10
1308832.4994766214
20
398581.36647660675
30
52
0
VERTEX
8
C-TOPO-MAJR
10
1308829.2130658713
20
398573.33926168946
30
52
0
VERTEX
8
C-TOPO-MAJR
10
1308827.6087383777
20
398570.91964710364
30
52
0
VERTEX
8
C-TOPO-MAJR
10
1308824.795423787
20
398568.58270952717
30
52
0
VERTEX
8
C-TOPO-MAJR
10
1308824.0706877038
20
398567.5567929419
30
52
0
VERTEX
8
C-TOPO-MAJR
10
1308822.679942459
20
398561.29204168863
30
52
0
VERTEX
8
C-TOPO-MAJR
10
1308822.1996284528
20
398559.3448671039
30
52
0
VERTEX
8
C-TOPO-MAJR
10
1308820.2311284535
20
398555.74579294614
30
52
0
VERTEX
8
C-TOPO-MAJR
10
1308817.5710287779
20
398554.6972386066
30
52
0
VERTEX
8
C-TOPO-MAJR
10
1308815.4345501168
20
398554.85209395183
30
52
0
VERTEX
8
C-TOPO-MAJR
10
1308812.4614589459
20
398555.28450777475
30
52
0
VERTEX
8
C-TOPO-MAJR
10
1308807.8049721958
20
398556.8878510236
30
52
0
VERTEX
8
C-TOPO-MAJR
10
1308801.176376533
20
398563.75693177694
30
52
0
VERTEX
8
C-TOPO-MAJR
10
1308799.4975741175
20
398567.6607953652
30
52
0
VERTEX
8
C-TOPO-MAJR
10
1308799.015947784
20
398569.12962444365
30
52
0
VERTEX
8
C-TOPO-MAJR
10
1308797.4342580435
20
398575.7290206998
30
52
0
VERTEX
8
C-TOPO-MAJR
10
1308796.1665440318
20
398583.91863686015
30
52
0
VERTEX
8
C-TOPO-MAJR
10
1308795.641938788
20
398585.3602350254
30
52
0
VERTEX
8
C-TOPO-MAJR
10
1308794.3420726198
20
398587.7450727789
30
52
0
VERTEX
8
C-TOPO-MAJR
10
1308790.996278789
20
398593.973078691
30
52
0
VERTEX
8
C-TOPO-MAJR
10
1308787.142940046
20
398596.31592177274
30
52
0
VERTEX
8
C-TOPO-MAJR
10
1308786.3827709495
20
398595.8726812029
30
52
0
VERTEX
8
C-TOPO-MAJR
10
1308780.153780786
20
398586.12401303265
30
52
0
VERTEX
8
C-TOPO-MAJR
10
1308777.9526697055
20
398582.0971181895
30
52
0
VERTEX
8
C-TOPO-MAJR
10
1308775.7948656206
20
398579.0869536108
30
52
0
VERTEX
8
C-TOPO-MAJR
10
1308772.4523526244
20
398574.53512545826
30
52
0
VERTEX
8
C-TOPO-MAJR
10
1308767.9300519472
20
398568.81368020177
30
52
0
VERTEX
8
C-TOPO-MAJR
10
1308762.9894450302
20
398564.5256310258
30
52
0
VERTEX
8
C-TOPO-MAJR
10
1308760.2361697066
20
398561.9580508575
30
52
0
VERTEX
8
C-TOPO-MAJR
10
1308753.5583615247
20
398555.96101560164
30
52
0
VERTEX
8
C-TOPO-MAJR
10
1308751.706003038
20
398555.90720994084
30
52
0
VERTEX
8
C-TOPO-MAJR
10
1308746.8848184464
20
398557.89342643705
30
52
0
VERTEX
8
C-TOPO-MAJR
10
1308744.7335760396
20
398558.8524140321
30
52
0
VERTEX
8
C-TOPO-MAJR
10
1308740.2158685317
20
398561.5869886023
30
52
0
VERTEX
8
C-TOPO-MAJR
10
1308739.7102921095
20
398561.950833012
30
52
0
VERTEX
8
C-TOPO-MAJR
10
1308733.3648323654
20
398566.0659822808
30
52
0
VERTEX
8
C-TOPO-MAJR
10
1308728.375997198
20
398567.85403645027
30
52
0
VERTEX
8
C-TOPO-MAJR
10
1308726.4724577004
20
398568.22772335244
30
52
0
VERTEX
8
C-TOPO-MAJR
10
1308719.7132848601
20
398569.5945185256
30
52
0
VERTEX
8
C-TOPO-MAJR
10
1308716.8346816998
20
398569.37863969535
30
52
0
VERTEX
8
C-TOPO-MAJR
10
1308714.0928892887
20
398568.3924211932
30
52
0
VERTEX
8
C-TOPO-MAJR
10
1308708.4081893628
20
398565.97018193296
30
52
0
VERTEX
8
C-TOPO-MAJR
10
1308702.173293704
20
398563.9045692828
30
52
0
VERTEX
8
C-TOPO-MAJR
10
1308691.7133408596
20
398563.65883485274
30
52
0
VERTEX
8
C-TOPO-MAJR
10
1308689.8869009558
20
398563.66966160876
30
52
0
VERTEX
8
C-TOPO-MAJR
10
1308686.3750969388
20
398562.2907273637
30
52
0
VERTEX
8
C-TOPO-MAJR
10
1308685.1602043617
20
398560.9613336882
30
52
0
VERTEX
8
C-TOPO-MAJR
10
1308685.152330364
20
398559.9541178609
30
52
0
VERTEX
8
C-TOPO-MAJR
10
1308687.191368277
20
398556.01613360277
30
52
0
VERTEX
8
C-TOPO-MAJR
10
1308692.6467379425
20
398545.2441735247
30
52
0
VERTEX
8
C-TOPO-MAJR
10
1308693.4826942785
20
398540.13657219935
30
52
0
VERTEX
8
C-TOPO-MAJR
10
1308693.6841374426
20
398531.0457111133
30
52
0
VERTEX
8
C-TOPO-MAJR
10
1308695.705786958
20
398523.5460541951
30
52
0
VERTEX
8
C-TOPO-MAJR
10
1308696.6103126963
20
398521.3718459535
30
52
0
VERTEX
8
C-TOPO-MAJR
10
1308697.8527642868
20
398518.209122606
30
52
0
VERTEX
8
C-TOPO-MAJR
10
1308700.7566298693
20
398512.1523761871
30
52
0
VERTEX
8
C-TOPO-MAJR
10
1308702.3140414509
20
398507.80166311236
30
52
0
VERTEX
8
C-TOPO-MAJR
10
1308702.254002196
20
398498.72622194735
30
52
0
VERTEX
8
C-TOPO-MAJR
10
1308702.3888444544
20
398494.75444509607
30
52
0
VERTEX
8
C-TOPO-MAJR
10
1308703.0873338687
20
398493.50280719734
30
52
0
VERTEX
8
C-TOPO-MAJR
10
1308707.3734145302
20
398488.9227638649
30
52
0
VERTEX
8
C-TOPO-MAJR
10
1308711.2825274435
20
398484.89488478255
30
52
0
VERTEX
8
C-TOPO-MAJR
10
1308716.4567297038
20
398482.33353819617
30
52
0
VERTEX
8
C-TOPO-MAJR
10
1308721.9239103587
20
398481.9280271945
30
52
0
VERTEX
8
C-TOPO-MAJR
10
1308722.5767961997
20
398481.75972043705
30
52
0
VERTEX
8
C-TOPO-MAJR
10
1308726.9189791256
20
398479.4014574465
30
52
0
VERTEX
8
C-TOPO-MAJR
10
1308731.5528281133
20
398476.91655426304
30
52
0
VERTEX
8
C-TOPO-MAJR
10
1308734.748359782
20
398475.4431320257
30
52
0
VERTEX
8
C-TOPO-MAJR
10
1308740.7083216123
20
398471.5687959423
30
52
0
VERTEX
8
C-TOPO-MAJR
10
1308745.916316445
20
398468.1501676169
30
52
0
VERTEX
8
C-TOPO-MAJR
10
1308749.3031206988
20
398468.6413083729
30
52
0
VERTEX
8
C-TOPO-MAJR
10
1308750.3172262853
20
398470.30895594356
30
52
0
VERTEX
8
C-TOPO-MAJR
10
1308751.65121312
20
398471.5474705221
30
52
0
VERTEX
8
C-TOPO-MAJR
10
1308752.8224706112
20
398471.02614610497
30
52
0
VERTEX
8
C-TOPO-MAJR
10
1308756.094117618
20
398468.90771202696
30
52
0
VERTEX
8
C-TOPO-MAJR
10
1308763.195153276
20
398468.86374886165
30
52
0
VERTEX
8
C-TOPO-MAJR
10
1308768.001574112
20
398469.91886485677
30
52
0
VERTEX
8
C-TOPO-MAJR
10
1308770.98319545
20
398470.6222755263
30
52
0
VERTEX
8
C-TOPO-MAJR
10
1308772.9438214542
20
398471.1199779561
30
52
0
VERTEX
8
C-TOPO-MAJR
10
1308782.8502977006
20
398473.84208535944
30
52
0
VERTEX
8
C-TOPO-MAJR
10
1308783.8407812798
20
398474.22561477235
30
52
0
VERTEX
8
C-TOPO-MAJR
10
1308785.4808698683
20
398474.87718828075
30
52
0
VERTEX
8
C-TOPO-MAJR
10
1308789.822396618
20
398476.3115686188
30
52
0
VERTEX
8
C-TOPO-MAJR
10
1308797.0638519481
20
398478.66720694106
30
52
0
VERTEX
8
C-TOPO-MAJR
10
1308801.1324133673
20
398479.9385298644
30
52
0
VERTEX
8
C-TOPO-MAJR
10
1308802.6786701186
20
398480.36471010547
30
52
0
VERTEX
8
C-TOPO-MAJR
10
1308803.9732869559
20
398480.5605758558
30
52
0
VERTEX
8
C-TOPO-MAJR
10
1308805.5799110334
20
398480.81877744355
30
52
0
VERTEX
8
C-TOPO-MAJR
10
1308812.8587678666
20
398482.79515142896
30
52
0
VERTEX
8
C-TOPO-MAJR
10
1308817.0969483647
20
398483.3958720185
30
52
0
VERTEX
8
C-TOPO-MAJR
10
1308819.9345411186
20
398483.9109628629
30
52
0
VERTEX
8
C-TOPO-MAJR
10
1308825.2875487844
20
398485.7036101943
30
52
0
VERTEX
8
C-TOPO-MAJR
10
1308830.9282855361
20
398487.5704043553
30
52
0
VERTEX
8
C-TOPO-MAJR
10
1308833.9709303624
20
398487.91653227067
30
52
0
VERTEX
8
C-TOPO-MAJR
10
1308836.5257152908
20
398488.270534194
30
52
0
VERTEX
8
C-TOPO-MAJR
10
1308844.8577196153
20
398491.65733843815
30
52
0
VERTEX
8
C-TOPO-MAJR
10
1308847.0283189497
20
398492.37977795454
30
52
0
VERTEX
8
C-TOPO-MAJR
10
1308848.4115182892
20
398492.496575603
30
52
0
VERTEX
8
C-TOPO-MAJR
10
1308853.9905753706
20
398492.67964612204
30
52
0
VERTEX
8
C-TOPO-MAJR
10
1308859.670025954
20
398493.39027461264
30
52
0
VERTEX
8
C-TOPO-MAJR
10
1308863.453482957
20
398493.3951958482
30
52
0
VERTEX
8
C-TOPO-MAJR
10
1308867.733001944
20
398492.24920077744
30
52
0
VERTEX
8
C-TOPO-MAJR
10
1308869.4341140327
20
398492.6934256139
30
52
0
VERTEX
8
C-TOPO-MAJR
10
1308872.8041860256
20
398494.8016891228
30
52
0
VERTEX
8
C-TOPO-MAJR
10
1308877.6998455331
20
398496.3449931136
30
52
0
VERTEX
8
C-TOPO-MAJR
10
1308887.5856525293
20
398497.2623141014
30
52
0
VERTEX
8
C-TOPO-MAJR
10
1308890.4186521112
20
398497.4214345319
30
52
0
VERTEX
8
C-TOPO-MAJR
10
1308891.7280327105
20
398497.57530561055
30
52
0
VERTEX
8
C-TOPO-MAJR
10
1308894.8602442874
20
398498.04118393775
30
52
0
VERTEX
8
C-TOPO-MAJR
10
1308898.677165791
20
398498.41782361845
30
52
0
VERTEX
8
C-TOPO-MAJR
10
1308905.8740017817
20
398499.1140164364
30
52
0
VERTEX
8
C-TOPO-MAJR
10
1308910.1873133758
20
398499.7954455232
30
52
0
VERTEX
8
C-TOPO-MAJR
10
1308914.359221033
20
398500.5011527875
30
52
0
VERTEX
8
C-TOPO-MAJR
10
1308916.6528516198
20
398500.7593543508
30
52
0
VERTEX
8
C-TOPO-MAJR
10
1308918.2306043603
20
398500.85056152445
30
52
0
VERTEX
8
C-TOPO-MAJR
10
1308924.42252111
20
398500.90535144886
30
52
0
VERTEX
8
C-TOPO-MAJR
10
1308929.6032850402
20
398500.73540427757
30
52
0
VERTEX
8
C-TOPO-MAJR
10
1308935.5983517868
20
398500.6793020251
30
52
0
VERTEX
8
C-TOPO-MAJR
10
1308939.2971632876
20
398500.99754285865
30
52
0
VERTEX
8
C-TOPO-MAJR
10
1308942.3260286099
20
398501.4968857054
30
52
0
VERTEX
8
C-TOPO-MAJR
10
1308944.6396722908
20
398501.87090069335
30
52
0
VERTEX
8
C-TOPO-MAJR
10
1308945.756139868
20
398502.0736561973
30
52
0
VERTEX
8
C-TOPO-MAJR
10
1308946.925100785
20
398502.26656919956
30
52
0
VERTEX
8
C-TOPO-MAJR
10
1308951.3056694553
20
398502.54412770475
30
52
0
VERTEX
8
C-TOPO-MAJR
10
1308953.6058617025
20
398502.6815946109
30
52
0
VERTEX
8
C-TOPO-MAJR
10
1308957.1094636153
20
398503.1110557072
30
52
0
VERTEX
8
C-TOPO-MAJR
10
1308964.2301842812
20
398504.4565254388
30
52
0
VERTEX
8
C-TOPO-MAJR
10
1308964.680642699
20
398504.53198460257
30
52
0
VERTEX
8
C-TOPO-MAJR
10
1308969.5306986235
20
398504.91649826994
30
52
0
VERTEX
8
C-TOPO-MAJR
10
1308978.0339624537
20
398505.2216157741
30
52
0
VERTEX
8
C-TOPO-MAJR
10
1308984.4591464517
20
398505.4082951975
30
52
0
VERTEX
8
C-TOPO-MAJR
10
1308986.4463472012
20
398505.5457621068
30
52
0
VERTEX
8
C-TOPO-MAJR
10
1308989.694372194
20
398506.0680707876
30
52
0
VERTEX
8
C-TOPO-MAJR
10
1308994.1487596196
20
398507.2317823588
30
52
0
VERTEX
8
C-TOPO-MAJR
10
1308995.1028259485
20
398507.4788291138
30
52
0
VERTEX
8
C-TOPO-MAJR
10
1309003.5949349476
20
398508.94864244363
30
52
0
VERTEX
8
C-TOPO-MAJR
10
1309009.6690697786
20
398509.91681637475
30
52
0
VERTEX
8
C-TOPO-MAJR
10
1309012.2251670323
20
398510.3354506997
30
52
0
VERTEX
8
C-TOPO-MAJR
10
1309018.1533047797
20
398511.4545429553
30
52
0
VERTEX
8
C-TOPO-MAJR
10
1309020.5939166953
20
398511.8462744529
30
52
0
VERTEX
8
C-TOPO-MAJR
10
1309022.8074949475
20
398512.41484286013
30
52
0
VERTEX
8
C-TOPO-MAJR
10
1309026.1949553604
20
398515.34233044175
30
52
0
VERTEX
8
C-TOPO-MAJR
10
1309030.9052477884
20
398521.3400218723
30
52
0
VERTEX
8
C-TOPO-MAJR
10
1309033.1352301948
20
398523.5978913562
30
52
0
VERTEX
8
C-TOPO-MAJR
10
1309040.515464784
20
398526.23141628166
30
52
0
VERTEX
8
C-TOPO-MAJR
10
1309045.691635533
20
398526.2238703595
30
52
0
VERTEX
8
C-TOPO-MAJR
10
1309050.6834234595
20
398524.24487169046
30
52
0
VERTEX
8
C-TOPO-MAJR
10
1309051.4691830361
20
398524.0496621118
30
52
0
VERTEX
8
C-TOPO-MAJR
10
1309054.7854493668
20
398524.20090852515
30
52
0
VERTEX
8
C-TOPO-MAJR
10
1309057.1607727052
20
398524.9909332003
30
52
0
VERTEX
8
C-TOPO-MAJR
10
1309058.7362288623
20
398526.1192117767
30
52
0
VERTEX
8
C-TOPO-MAJR
10
1309063.5351037788
20
398528.38069019554
30
52
0
VERTEX
8
C-TOPO-MAJR
10
1309066.5367382015
20
398527.90825019754
30
52
0
VERTEX
8
C-TOPO-MAJR
10
1309068.829056448
20
398527.57754220016
30
52
0
VERTEX
8
C-TOPO-MAJR
10
1309069.397296783
20
398529.32557018846
30
52
0
VERTEX
8
C-TOPO-MAJR
10
1309068.8556311945
20
398531.8731372708
30
52
0
VERTEX
8
C-TOPO-MAJR
10
1309068.670920286
20
398533.25404002774
30
52
0
VERTEX
8
C-TOPO-MAJR
10
1309066.5091791993
20
398542.52862777084
30
52
0
VERTEX
8
C-TOPO-MAJR
10
1309065.351701199
20
398550.34422895545
30
52
0
VERTEX
8
C-TOPO-MAJR
10
1309066.77000545
20
398551.81994777825
30
52
0
VERTEX
8
C-TOPO-MAJR
10
1309067.044283117
20
398552.07125961554
30
52
0
VERTEX
8
C-TOPO-MAJR
10
1309068.7565500336
20
398553.78615120373
30
52
0
VERTEX
8
C-TOPO-MAJR
10
1309076.6656549561
20
398561.9856098504
30
52
0
VERTEX
8
C-TOPO-MAJR
10
1309078.4983284466
20
398566.2687377725
30
52
0
VERTEX
8
C-TOPO-MAJR
10
1309079.950097202
20
398569.06532012176
30
52
0
VERTEX
8
C-TOPO-MAJR
10
1309082.480603944
20
398572.9301417772
30
52
0
VERTEX
8
C-TOPO-MAJR
10
1309083.0301435394
20
398575.49083218584
30
52
0
VERTEX
8
C-TOPO-MAJR
10
1309082.549829538
20
398580.1814396032
30
52
0
VERTEX
8
C-TOPO-MAJR
10
1309082.8483853587
20
398586.2664011958
30
52
0
VERTEX
8
C-TOPO-MAJR
10
1309082.2279797927
20
398590.9606175206
30
52
0
VERTEX
8
C-TOPO-MAJR
10
1309080.1745061933
20
398594.65516394645
30
52
0
VERTEX
8
C-TOPO-MAJR
10
1309077.0413103648
20
398597.10102519096
30
52
0
VERTEX
8
C-TOPO-MAJR
10
1309075.367757282
20
398599.10561436537
30
52
0
VERTEX
8
C-TOPO-MAJR
10
1309076.379566276
20
398599.7909804486
30
52
0
VERTEX
8
C-TOPO-MAJR
10
1309077.3129633663
20
398600.08658352477
30
52
0
VERTEX
8
C-TOPO-MAJR
10
1309081.654490103
20
398601.054101272
30
52
0
VERTEX
8
C-TOPO-MAJR
10
1309084.3011383712
20
398600.81591278553
30
52
0
VERTEX
8
C-TOPO-MAJR
10
1309086.2886672001
20
398600.27818418987
30
52
0
VERTEX
8
C-TOPO-MAJR
10
1309089.4540152042
20
398600.1312028618
30
52
0
VERTEX
8
C-TOPO-MAJR
10
1309089.9533580428
20
398601.08231643663
30
52
0
VERTEX
8
C-TOPO-MAJR
10
1309089.4428603593
20
398603.5166947809
30
52
0
VERTEX
8
C-TOPO-MAJR
10
1309088.302114615
20
398608.63249818794
30
52
0
VERTEX
8
C-TOPO-MAJR
10
1309087.6941761975
20
398611.2309182013
30
52
0
VERTEX
8
C-TOPO-MAJR
10
1309086.5544147058
20
398613.59771137155
30
52
0
VERTEX
8
C-TOPO-MAJR
10
1309082.005539277
20
398616.417587601
30
52
0
VERTEX
8
C-TOPO-MAJR
10
1309077.8178836207
20
398617.7391072808
30
52
0
VERTEX
8
C-TOPO-MAJR
10
1309075.5383606192
20
398618.9336586849
30
52
0
VERTEX
8
C-TOPO-MAJR
10
1309074.2637568663
20
398625.07537869853
30
52
0
VERTEX
8
C-TOPO-MAJR
10
1309075.753583278
20
398632.98743637814
30
52
0
VERTEX
8
C-TOPO-MAJR
10
1309077.2673597892
20
398638.5100631057
30
52
0
VERTEX
8
C-TOPO-MAJR
10
1309079.770635613
20
398643.4142527586
30
52
0
VERTEX
8
C-TOPO-MAJR
10
1309080.858231867
20
398645.2590653614
30
52
0
VERTEX
8
C-TOPO-MAJR
10
1309081.6111831143
20
398648.68097452674
30
52
0
VERTEX
8
C-TOPO-MAJR
10
1309081.4484537854
20
398655.74099976127
30
52
0
VERTEX
8
C-TOPO-MAJR
10
1309081.0744387815
20
398657.41619327245
30
52
0
VERTEX
8
C-TOPO-MAJR
10
1309079.201411037
20
398663.68520960794
30
52
0
VERTEX
8
C-TOPO-MAJR
10
1309077.589209537
20
398669.59497470176
30
52
0
VERTEX
8
C-TOPO-MAJR
10
1309073.988166861
20
398678.9758614537
30
52
0
SEQEND
0
POLYLINE
8
C-TOPO-MAJR
66
1
70
0
0
VERTEX
8
C-TOPO-MAJR
10
1308961.1324214467
20
398401.14111528086
30
56
0
VERTEX
8
C-TOPO-MAJR
10
1308969.2583894515
20
398402.4806795255
30
56
0
VERTEX
8
C-TOPO-MAJR
10
1308973.644207442
20
398397.4318051179
30
56
0
VERTEX
8
C-TOPO-MAJR
10
1308975.038561621
20
398392.8940845308
30
56
0
SEQEND
0
POLYLINE
8
C-TOPO-MAJR
66
1
70
0
0
VERTEX
8
C-TOPO-MAJR
10
1308866.3957342736
20
398672.8876190272
30
48
0
VERTEX
8
C-TOPO-MAJR
10
1308863.1628011113
20
398665.7002974373
30
48
0
VERTEX
8
C-TOPO-MAJR
10
1308860.8570314478
20
398661.6609354456
30
48
0
VERTEX
8
C-TOPO-MAJR
10
1308860.814052532
20
398661.55168369785
30
48
0
VERTEX
8
C-TOPO-MAJR
10
1308860.4613629535
20
398660.23377294384
30
48
0
VERTEX
8
C-TOPO-MAJR
10
1308858.375737199
20
398655.4066828442
30
48
0
VERTEX
8
C-TOPO-MAJR
10
1308857.36327204
20
398652.83418143116
30
48
0
VERTEX
8
C-TOPO-MAJR
10
1308855.7015299436
20
398645.55893351976
30
48
0
VERTEX
8
C-TOPO-MAJR
10
1308855.335388953
20
398644.14062927134
30
48
0
VERTEX
8
C-TOPO-MAJR
10
1308855.3124231214
20
398643.9647766009
30
48
0
VERTEX
8
C-TOPO-MAJR
10
1308855.3038929482
20
398642.7282305282
30
48
0
VERTEX
8
C-TOPO-MAJR
10
1308855.4666222888
20
398637.98873870383
30
48
0
VERTEX
8
C-TOPO-MAJR
10
1308855.9220019483
20
398634.0720798659
30
48
0
VERTEX
8
C-TOPO-MAJR
10
1308855.2208878652
20
398627.41658135725
30
48
0
VERTEX
8
C-TOPO-MAJR
10
1308855.000743949
20
398625.5104171959
30
48
0
VERTEX
8
C-TOPO-MAJR
10
1308855.533551287
20
398621.54684244154
30
48
0
VERTEX
8
C-TOPO-MAJR
10
1308855.6795483653
20
398619.8270296209
30
48
0
VERTEX
8
C-TOPO-MAJR
10
1308855.265179123
20
398614.49108227703
30
48
0
VERTEX
8
C-TOPO-MAJR
10
1308855.4485777009
20
398613.3539454473
30
48
0
VERTEX
8
C-TOPO-MAJR
10
1308855.823248869
20
398611.12790003855
30
48
0
VERTEX
8
C-TOPO-MAJR
10
1308855.7579602848
20
398609.8152386182
30
48
0
VERTEX
8
C-TOPO-MAJR
10
1308853.834079618
20
398598.2745792852
30
48
0
VERTEX
8
C-TOPO-MAJR
10
1308851.4256198648
20
398592.6600891878
30
48
0
VERTEX
8
C-TOPO-MAJR
10
1308850.1657798693
20
398591.1030056929
30
48
0
VERTEX
8
C-TOPO-MAJR
10
1308848.690717198
20
398588.6141655253
30
48
0
VERTEX
8
C-TOPO-MAJR
10
1308847.124119276
20
398584.9530836098
30
48
0
VERTEX
8
C-TOPO-MAJR
10
1308844.035214706
20
398578.7345921074
30
48
0
VERTEX
8
C-TOPO-MAJR
10
1308841.0617954587
20
398571.54038077005
30
48
0
VERTEX
8
C-TOPO-MAJR
10
1308840.2199336097
20
398569.10567434906
30
48
0
VERTEX
8
C-TOPO-MAJR
10
1308839.345263447
20
398564.8609321943
30
48
0
VERTEX
8
C-TOPO-MAJR
10
1308839.857729607
20
398559.7201944474
30
48
0
VERTEX
8
C-TOPO-MAJR
10
1308839.9272832812
20
398558.8488051063
30
48
0
VERTEX
8
C-TOPO-MAJR
10
1308838.4322075394
20
398554.00563894754
30
48
0
VERTEX
8
C-TOPO-MAJR
10
1308834.3987510286
20
398547.56601928134
30
48
0
VERTEX
8
C-TOPO-MAJR
10
1308833.5634508706
20
398545.29732302914
30
48
0
VERTEX
8
C-TOPO-MAJR
10
1308833.27506561
20
398544.3783616091
30
48
0
VERTEX
8
C-TOPO-MAJR
10
1308833.2517716961
20
398543.18216977286
30
48
0
VERTEX
8
C-TOPO-MAJR
10
1308837.8455945358
20
398538.4859849544
30
48
0
VERTEX
8
C-TOPO-MAJR
10
1308842.6247844484
20
398532.2947243499
30
48
0
VERTEX
8
C-TOPO-MAJR
10
1308842.4613989517
20
398531.3094901175
30
48
0
VERTEX
8
C-TOPO-MAJR
10
1308842.3633020322
20
398530.9581128563
30
48
0
VERTEX
8
C-TOPO-MAJR
10
1308841.7218991222
20
398528.00798751425
30
48
0
VERTEX
8
C-TOPO-MAJR
10
1308841.2120576147
20
398527.13167692843
30
48
0
VERTEX
8
C-TOPO-MAJR
10
1308834.815416866
20
398529.2015546975
30
48
0
VERTEX
8
C-TOPO-MAJR
10
1308827.9086065416
20
398530.3390196161
30
48
0
VERTEX
8
C-TOPO-MAJR
10
1308826.8482412053
20
398529.9994533654
30
48
0
VERTEX
8
C-TOPO-MAJR
10
1308825.518191362
20
398528.52799960336
30
48
0
VERTEX
8
C-TOPO-MAJR
10
1308823.6756753705
20
398525.3931633559
30
48
0
VERTEX
8
C-TOPO-MAJR
10
1308820.8069146988
20
398520.4404173575
30
48
0
VERTEX
8
C-TOPO-MAJR
10
1308816.6917654532
20
398513.9263227697
30
48
0
VERTEX
8
C-TOPO-MAJR
10
1308816.280348952
20
398513.2990274356
30
48
0
VERTEX
8
C-TOPO-MAJR
10
1308809.67635953
20
398506.6267966901
30
48
0
VERTEX
8
C-TOPO-MAJR
10
1308805.3374574443
20
398504.0552795132
30
48
0
VERTEX
8
C-TOPO-MAJR
10
1308802.5139722768
20
398502.7819881115
30
48
0
VERTEX
8
C-TOPO-MAJR
10
1308797.141935774
20
398500.7980682009
30
48
0
VERTEX
8
C-TOPO-MAJR
10
1308794.7931871975
20
398500.3308775242
30
48
0
VERTEX
8
C-TOPO-MAJR
10
1308792.6045432813
20
398502.13205503224
30
48
0
VERTEX
8
C-TOPO-MAJR
10
1308789.7849951184
20
398510.5076944535
30
48
0
VERTEX
8
C-TOPO-MAJR
10
1308789.154090861
20
398515.13662219286
30
48
0
VERTEX
8
C-TOPO-MAJR
10
1308789.2836837876
20
398517.73372987215
30
48
0
VERTEX
8
C-TOPO-MAJR
10
1308790.8637331226
20
398529.7586402014
30
48
0
VERTEX
8
C-TOPO-MAJR
10
1308790.5031695333
20
398532.27208660473
30
48
0
VERTEX
8
C-TOPO-MAJR
10
1308789.4300089446
20
398534.5584993696
30
48
0
VERTEX
8
C-TOPO-MAJR
10
1308789.1494976967
20
398535.2530517736
30
48
0
VERTEX
8
C-TOPO-MAJR
10
1308787.7092118652
20
398538.30816376896
30
48
0
VERTEX
8
C-TOPO-MAJR
10
1308784.291895863
20
398538.9269289509
30
48
0
VERTEX
8
C-TOPO-MAJR
10
1308782.542555535
20
398535.7491137773
30
48
0
VERTEX
8
C-TOPO-MAJR
10
1308784.2636807018
20
398531.4951852834
30
48
0
VERTEX
8
C-TOPO-MAJR
10
1308784.6691916974
20
398530.9761574426
30
48
0
VERTEX
8
C-TOPO-MAJR
10
1308785.405082603
20
398529.0801638687
30
48
0
VERTEX
8
C-TOPO-MAJR
10
1308784.9900571965
20
398521.24061261397
30
48
0
VERTEX
8
C-TOPO-MAJR
10
1308783.7249678636
20
398518.7406176106
30
48
0
VERTEX
8
C-TOPO-MAJR
10
1308774.5140282759
20
398513.126783694
30
48
0
VERTEX
8
C-TOPO-MAJR
10
1308771.9802406991
20
398508.44076944166
30
48
0
VERTEX
8
C-TOPO-MAJR
10
1308774.3112727788
20
398504.10055502184
30
48
0
VERTEX
8
C-TOPO-MAJR
10
1308774.7299071185
20
398503.46112059755
30
48
0
VERTEX
8
C-TOPO-MAJR
10
1308775.6219657043
20
398502.3574482782
30
48
0
VERTEX
8
C-TOPO-MAJR
10
1308778.5986657853
20
398498.61172085686
30
48
0
VERTEX
8
C-TOPO-MAJR
10
1308777.2663193601
20
398495.95719862456
30
48
0
VERTEX
8
C-TOPO-MAJR
10
1308776.7515566156
20
398495.69079493685
30
48
0
VERTEX
8
C-TOPO-MAJR
10
1308773.8804993713
20
398494.2360734484
30
48
0
VERTEX
8
C-TOPO-MAJR
10
1308772.1895578683
20
398493.1944088593
30
48
0
VERTEX
8
C-TOPO-MAJR
10
1308770.5753878588
20
398491.74296818936
30
48
0
VERTEX
8
C-TOPO-MAJR
10
1308770.9786022897
20
398490.18818128
30
48
0
VERTEX
8
C-TOPO-MAJR
10
1308773.1747921235
20
398489.2183669564
30
48
0
VERTEX
8
C-TOPO-MAJR
10
1308775.077019292
20
398488.5015048686
30
48
0
VERTEX
8
C-TOPO-MAJR
10
1308778.9858041196
20
398487.32762269164
30
48
0
VERTEX
8
C-TOPO-MAJR
10
1308780.0451851985
20
398487.1852345224
30
48
0
VERTEX
8
C-TOPO-MAJR
10
1308786.7666284542
20
398487.0503922845
30
48
0
VERTEX
8
C-TOPO-MAJR
10
1308790.6376837008
20
398487.8003907846
30
48
0
VERTEX
8
C-TOPO-MAJR
10
1308793.5018511943
20
398488.67178010737
30
48
0
VERTEX
8
C-TOPO-MAJR
10
1308794.9585411905
20
398489.1058343687
30
48
0
VERTEX
8
C-TOPO-MAJR
10
1308798.3948860278
20
398489.83057044307
30
48
0
VERTEX
8
C-TOPO-MAJR
10
1308804.2570790339
20
398491.0244656969
30
48
0
VERTEX
8
C-TOPO-MAJR
10
1308808.1484754526
20
398492.3269565267
30
48
0
VERTEX
8
C-TOPO-MAJR
10
1308811.1048343766
20
398493.25051110564
30
48
0
VERTEX
8
C-TOPO-MAJR
10
1308812.3633620369
20
398493.4076630334
30
48
0
VERTEX
8
C-TOPO-MAJR
10
1308816.8587598605
20
398493.73377787496
30
48
0
VERTEX
8
C-TOPO-MAJR
10
1308818.6409085365
20
398494.08843594557
30
48
0
VERTEX
8
C-TOPO-MAJR
10
1308823.2002826126
20
398495.4562153579
30
48
0
VERTEX
8
C-TOPO-MAJR
10
1308828.450272123
20
398497.62681468885
30
48
0
VERTEX
8
C-TOPO-MAJR
10
1308829.753091033
20
398498.06414977787
30
48
0
VERTEX
8
C-TOPO-MAJR
10
1308833.7904845285
20
398498.7104739405
30
48
0
VERTEX
8
C-TOPO-MAJR
10
1308836.7287988577
20
398499.3764831155
30
48
0
VERTEX
8
C-TOPO-MAJR
10
1308840.6113370326
20
398500.66585060686
30
48
0
VERTEX
8
C-TOPO-MAJR
10
1308844.4312112792
20
398501.427988188
30
48
0
VERTEX
8
C-TOPO-MAJR
10
1308850.9856601153
20
398501.38435311156
30
48
0
VERTEX
8
C-TOPO-MAJR
10
1308852.0821146213
20
398501.38697777374
30
48
0
VERTEX
8
C-TOPO-MAJR
10
1308853.217939117
20
398501.5152583531
30
48
0
VERTEX
8
C-TOPO-MAJR
10
1308855.6099947041
20
398501.9197851034
30
48
0
VERTEX
8
C-TOPO-MAJR
10
1308866.6362193623
20
398503.77148743835
30
48
0
VERTEX
8
C-TOPO-MAJR
10
1308869.651633286
20
398503.6136793573
30
48
0
VERTEX
8
C-TOPO-MAJR
10
1308870.105700624
20
398503.6327081919
30
48
0
VERTEX
8
C-TOPO-MAJR
10
1308872.5814174574
20
398504.64812610997
30
48
0
VERTEX
8
C-TOPO-MAJR
10
1308875.9029331186
20
398506.9191189355
30
48
0
VERTEX
8
C-TOPO-MAJR
10
1308877.8074568657
20
398508.87285520014
30
48
0
VERTEX
8
C-TOPO-MAJR
10
1308882.3104006161
20
398512.22127368924
30
48
0
VERTEX
8
C-TOPO-MAJR
10
1308888.1033680418
20
398510.66976761067
30
48
0
VERTEX
8
C-TOPO-MAJR
10
1308891.1059866948
20
398509.78033370164
30
48
0
VERTEX
8
C-TOPO-MAJR
10
1308892.207362457
20
398509.70946770284
30
48
0
VERTEX
8
C-TOPO-MAJR
10
1308896.399939367
20
398509.7104519481
30
48
0
VERTEX
8
C-TOPO-MAJR
10
1308902.110885943
20
398510.0716716864
30
48
0
VERTEX
8
C-TOPO-MAJR
10
1308903.4130486974
20
398510.22357428365
30
48
0
VERTEX
8
C-TOPO-MAJR
10
1308907.7201266969
20
398510.9663549474
30
48
0
VERTEX
8
C-TOPO-MAJR
10
1308910.5285200288
20
398511.4696347844
30
48
0
VERTEX
8
C-TOPO-MAJR
10
1308913.0340924521
20
398511.57166869886
30
48
0
VERTEX
8
C-TOPO-MAJR
10
1308919.8549449565
20
398511.2363675182
30
48
0
VERTEX
8
C-TOPO-MAJR
10
1308926.4113622927
20
398511.2563806164
30
48
0
VERTEX
8
C-TOPO-MAJR
10
1308929.5271696988
20
398511.33577677957
30
48
0
VERTEX
8
C-TOPO-MAJR
10
1308934.2368059608
20
398511.01720785716
30
48
0
VERTEX
8
C-TOPO-MAJR
10
1308938.244671951
20
398510.47718269425
30
48
0
VERTEX
8
C-TOPO-MAJR
10
1308940.4572659505
20
398510.6576285327
30
48
0
VERTEX
8
C-TOPO-MAJR
10
1308946.1413097037
20
398512.3905646919
30
48
0
VERTEX
8
C-TOPO-MAJR
10
1308947.9575790255
20
398512.9876763648
30
48
0
VERTEX
8
C-TOPO-MAJR
10
1308951.2101972066
20
398513.81346210226
30
48
0
VERTEX
8
C-TOPO-MAJR
10
1308955.5868288714
20
398514.4072929382
30
48
0
VERTEX
8
C-TOPO-MAJR
10
1308957.3597912034
20
398515.33150368265
30
48
0
VERTEX
8
C-TOPO-MAJR
10
1308958.4155633715
20
398516.4420657739
30
48
0
VERTEX
8
C-TOPO-MAJR
10
1308962.1914744512
20
398517.8679159414
30
48
0
VERTEX
8
C-TOPO-MAJR
10
1308963.980840946
20
398517.9607635259
30
48
0
VERTEX
8
C-TOPO-MAJR
10
1308968.2104912777
20
398517.5952787023
30
48
0
VERTEX
8
C-TOPO-MAJR
10
1308974.7567380327
20
398517.8859605338
30
48
0
VERTEX
8
C-TOPO-MAJR
10
1308977.3164442065
20
398518.16056628176
30
48
0
VERTEX
8
C-TOPO-MAJR
10
1308979.966373291
20
398518.8042657791
30
48
0
VERTEX
8
C-TOPO-MAJR
10
1308983.8728615383
20
398522.0332619391
30
48
0
VERTEX
8
C-TOPO-MAJR
10
1308986.855139028
20
398526.540470773
30
48
0
VERTEX
8
C-TOPO-MAJR
10
1308992.5634609542
20
398531.6710379355
30
48
0
VERTEX
8
C-TOPO-MAJR
10
1308998.2950767805
20
398534.00535085896
30
48
0
VERTEX
8
C-TOPO-MAJR
10
1309000.2045217846
20
398536.2248345969
30
48
0
VERTEX
8
C-TOPO-MAJR
10
1308999.373814787
20
398544.9974548647
30
48
0
VERTEX
8
C-TOPO-MAJR
10
1308999.3784079524
20
398549.04436278774
30
48
0
VERTEX
8
C-TOPO-MAJR
10
1309002.1713813606
20
398559.5020190225
30
48
0
VERTEX
8
C-TOPO-MAJR
10
1309003.084437275
20
398562.4344278427
30
48
0
VERTEX
8
C-TOPO-MAJR
10
1309005.0572023592
20
398567.0462952777
30
48
0
VERTEX
8
C-TOPO-MAJR
10
1309006.9771460418
20
398571.7467451967
30
48
0
VERTEX
8
C-TOPO-MAJR
10
1309006.050310621
20
398573.3021882716
30
48
0
VERTEX
8
C-TOPO-MAJR
10
1309000.4286027038
20
398576.46917668305
30
48
0
VERTEX
8
C-TOPO-MAJR
10
1308994.655320284
20
398579.6830810292
30
48
0
VERTEX
8
C-TOPO-MAJR
10
1308989.0536254435
20
398586.11482669046
30
48
0
VERTEX
8
C-TOPO-MAJR
10
1308989.070685784
20
398588.2877226162
30
48
0
VERTEX
8
C-TOPO-MAJR
10
1308994.705517033
20
398595.6236659359
30
48
0
VERTEX
8
C-TOPO-MAJR
10
1308997.256364954
20
398598.3080437711
30
48
0
VERTEX
8
C-TOPO-MAJR
10
1308999.174668204
20
398601.39169902296
30
48
0
VERTEX
8
C-TOPO-MAJR
10
1308999.3295235266
20
398601.49274868297
30
48
0
VERTEX
8
C-TOPO-MAJR
10
1309002.364294361
20
398601.99143535807
30
48
0
VERTEX
8
C-TOPO-MAJR
10
1309004.1762986155
20
398601.4484574502
30
48
0
VERTEX
8
C-TOPO-MAJR
10
1309010.3898688601
20
398600.11545486405
30
48
0
VERTEX
8
C-TOPO-MAJR
10
1309014.4505562885
20
398601.18533460854
30
48
0
VERTEX
8
C-TOPO-MAJR
10
1309017.1155772044
20
398601.3273946889
30
48
0
VERTEX
8
C-TOPO-MAJR
10
1309017.6611797796
20
398601.2394683613
30
48
0
VERTEX
8
C-TOPO-MAJR
10
1309020.8265277853
20
398601.2414368641
30
48
0
VERTEX
8
C-TOPO-MAJR
10
1309025.4164136157
20
398603.07148569915
30
48
0
VERTEX
8
C-TOPO-MAJR
10
1309027.6575508656
20
398603.19779777265
30
48
0
VERTEX
8
C-TOPO-MAJR
10
1309031.8366763692
20
398601.5547564438
30
48
0
VERTEX
8
C-TOPO-MAJR
10
1309034.0400840328
20
398601.3113186084
30
48
0
VERTEX
8
C-TOPO-MAJR
10
1309034.4695451236
20
398601.4425519419
30
48
0
VERTEX
8
C-TOPO-MAJR
10
1309036.5659976138
20
398603.1371023674
30
48
0
VERTEX
8
C-TOPO-MAJR
10
1309037.7749846987
20
398605.70008936466
30
48
0
VERTEX
8
C-TOPO-MAJR
10
1309037.4173738656
20
398609.5740973653
30
48
0
VERTEX
8
C-TOPO-MAJR
10
1309034.1079972785
20
398610.53341302177
30
48
0
VERTEX
8
C-TOPO-MAJR
10
1309033.4711875212
20
398610.5639247688
30
48
0
VERTEX
8
C-TOPO-MAJR
10
1309030.192322705
20
398610.9415486918
30
48
0
VERTEX
8
C-TOPO-MAJR
10
1309026.5843902808
20
398611.99043112027
30
48
0
VERTEX
8
C-TOPO-MAJR
10
1309021.5630748682
20
398613.348368031
30
48
0
VERTEX
8
C-TOPO-MAJR
10
1309018.1956275408
20
398613.9536817763
30
48
0
VERTEX
8
C-TOPO-MAJR
10
1309015.316368202
20
398614.46024245024
30
48
0
VERTEX
8
C-TOPO-MAJR
10
1309005.158252024
20
398616.43530411675
30
48
0
VERTEX
8
C-TOPO-MAJR
10
1309000.9991396174
20
398617.9097106146
30
48
0
VERTEX
8
C-TOPO-MAJR
10
1308994.297381367
20
398622.9927057043
30
48
0
VERTEX
8
C-TOPO-MAJR
10
1308993.0096542768
20
398623.8844361805
30
48
0
VERTEX
8
C-TOPO-MAJR
10
1308990.1241613708
20
398629.35489769786
30
48
0
VERTEX
8
C-TOPO-MAJR
10
1308990.1894499466
20
398639.69083502406
30
48
0
VERTEX
8
C-TOPO-MAJR
10
1308990.8298686037
20
398644.3109045254
30
48
0
VERTEX
8
C-TOPO-MAJR
10
1308993.5979077092
20
398652.4244053687
30
48
0
VERTEX
8
C-TOPO-MAJR
10
1308998.8560992882
20
398658.0267563483
30
48
0
VERTEX
8
C-TOPO-MAJR
10
1309001.198942357
20
398661.4844266096
30
48
0
VERTEX
8
C-TOPO-MAJR
10
1308999.9387742844
20
398672.8551387774
30
48
0
SEQEND
0
POLYLINE
8
C-TOPO-MAJR
66
1
70
0
0
VERTEX
8
C-TOPO-MAJR
10
1308914.9943903652
20
398676.9351831067
30
48
0
VERTEX
8
C-TOPO-MAJR
10
1308905.317572459
20
398667.4073150358
30
48
0
VERTEX
8
C-TOPO-MAJR
10
1308903.6236782037
20
398665.0037765336
30
48
0
VERTEX
8
C-TOPO-MAJR
10
1308903.6217097044
20
398664.30791178317
30
48
0
VERTEX
8
C-TOPO-MAJR
10
1308903.9258429518
20
398661.12812810374
30
48
0
VERTEX
8
C-TOPO-MAJR
10
1308903.305109286
20
398657.43423786486
30
48
0
VERTEX
8
C-TOPO-MAJR
10
1308901.03510069
20
398651.59697920206
30
48
0
VERTEX
8
C-TOPO-MAJR
10
1308895.9986934464
20
398643.0130068636
30
48
0
VERTEX
8
C-TOPO-MAJR
10
1308894.2673977015
20
398641.98184094776
30
48
0
VERTEX
8
C-TOPO-MAJR
10
1308893.1256677003
20
398641.8588096868
30
48
0
VERTEX
8
C-TOPO-MAJR
10
1308892.778883617
20
398641.75940042536
30
48
0
VERTEX
8
C-TOPO-MAJR
10
1308891.1952253685
20
398640.91688243573
30
48
0
VERTEX
8
C-TOPO-MAJR
10
1308890.0144534514
20
398641.6419466113
30
48
0
VERTEX
8
C-TOPO-MAJR
10
1308889.104678365
20
398644.35125877714
30
48
0
VERTEX
8
C-TOPO-MAJR
10
1308887.219839612
20
398649.5179151153
30
48
0
VERTEX
8
C-TOPO-MAJR
10
1308887.5243009443
20
398650.9769016982
30
48
0
VERTEX
8
C-TOPO-MAJR
10
1308888.0705597047
20
398652.51856527204
30
48
0
VERTEX
8
C-TOPO-MAJR
10
1308890.0554638659
20
398660.2285236164
30
48
0
VERTEX
8
C-TOPO-MAJR
10
1308890.1853848642
20
398660.55857544823
30
48
0
VERTEX
8
C-TOPO-MAJR
10
1308890.5088750394
20
398661.1504377722
30
48
0
VERTEX
8
C-TOPO-MAJR
10
1308890.7411580342
20
398661.40470236365
30
48
0
VERTEX
8
C-TOPO-MAJR
10
1308892.361561625
20
398662.97753386234
30
48
0
VERTEX
8
C-TOPO-MAJR
10
1308894.5252712038
20
398667.01197461545
30
48
0
VERTEX
8
C-TOPO-MAJR
10
1308895.3825529462
20
398669.2760776996
30
48
0
VERTEX
8
C-TOPO-MAJR
10
1308895.7673947052
20
398670.6222036181
30
48
0
VERTEX
8
C-TOPO-MAJR
10
1308896.4655560332
20
398677.3203529366
30
48
0
SEQEND
0
POLYLINE
8
C-TOPO-MAJR
66
1
70
0
0
VERTEX
8
C-TOPO-MAJR
10
1309104.2627126253
20
398392.48824544635
30
62
0
VERTEX
8
C-TOPO-MAJR
10
1309100.967771699
20
398393.51744286245
30
62
0
VERTEX
8
C-TOPO-MAJR
10
1309100.7847011925
20
398393.7428361176
30
62
0
VERTEX
8
C-TOPO-MAJR
10
1309101.3788601095
20
398397.47576828016
30
62
0
VERTEX
8
C-TOPO-MAJR
10
1309102.53929087
20
398399.01447911514
30
62
0
VERTEX
8
C-TOPO-MAJR
10
1309107.8945951164
20
398401.10108911496
30
62
0
VERTEX
8
C-TOPO-MAJR
10
1309124.1334077816
20
398403.31597968185
30
62
0
VERTEX
8
C-TOPO-MAJR
10
1309126.8624049483
20
398403.88257961377
30
62
0
SEQEND
0
POLYLINE
8
C-TOPO-MAJR
66
1
70
0
0
VERTEX
8
C-TOPO-MAJR
10
1309126.2259232798
20
398517.46667003416
30
62
0
VERTEX
8
C-TOPO-MAJR
10
1309121.693452027
20
398522.3820145197
30
62
0
VERTEX
8
C-TOPO-MAJR
10
1309120.6747532883
20
398528.5447318616
30
62
0
VERTEX
8
C-TOPO-MAJR
10
1309123.020877191
20
398534.12969444494
30
62
0
VERTEX
8
C-TOPO-MAJR
10
1309123.9276995282
20
398534.91414170683
30
62
0
SEQEND
0
POLYLINE
8
C-TOPO-MAJR
66
1
70
0
0
VERTEX
8
C-TOPO-MAJR
10
1309010.1654598743
20
398391.91869278165
30
56
0
VERTEX
8
C-TOPO-MAJR
10
1309009.235671694
20
398396.1352197841
30
56
0
VERTEX
8
C-TOPO-MAJR
10
1309008.7461713636
20
398397.9987331143
30
56
0
VERTEX
8
C-TOPO-MAJR
10
1309006.169076781
20
398403.8409130279
30
56
0
VERTEX
8
C-TOPO-MAJR
10
1309003.5627827905
20
398409.0498921083
30
56
0
VERTEX
8
C-TOPO-MAJR
10
1308998.113318612
20
398414.0252758549
30
56
0
VERTEX
8
C-TOPO-MAJR
10
1308994.5624726915
20
398416.41142594867
30
56
0
VERTEX
8
C-TOPO-MAJR
10
1308992.981439109
20
398417.4435761128
30
56
0
VERTEX
8
C-TOPO-MAJR
10
1308988.3646504513
20
398419.6627317741
30
56
0
VERTEX
8
C-TOPO-MAJR
10
1308987.4171457852
20
398419.85564477637
30
56
0
VERTEX
8
C-TOPO-MAJR
10
1308978.0894085313
20
398422.115810855
30
56
0
VERTEX
8
C-TOPO-MAJR
10
1308976.9693320314
20
398424.02624011075
30
56
0
VERTEX
8
C-TOPO-MAJR
10
1308977.0523371228
20
398428.5593675176
30
56
0
VERTEX
8
C-TOPO-MAJR
10
1308977.702598285
20
398428.9537236926
30
56
0
VERTEX
8
C-TOPO-MAJR
10
1308979.6209015376
20
398429.54263327474
30
56
0
VERTEX
8
C-TOPO-MAJR
10
1308982.485069027
20
398430.5711745222
30
56
0
VERTEX
8
C-TOPO-MAJR
10
1308983.46735054
20
398430.69584620016
30
56
0
VERTEX
8
C-TOPO-MAJR
10
1308986.7905066118
20
398430.1820676899
30
56
0
VERTEX
8
C-TOPO-MAJR
10
1308992.696662777
20
398428.16402711556
30
56
0
VERTEX
8
C-TOPO-MAJR
10
1308994.535569873
20
398428.2844336899
30
56
0
VERTEX
8
C-TOPO-MAJR
10
1309001.6569466942
20
398432.53147244855
30
56
0
VERTEX
8
C-TOPO-MAJR
10
1309002.091657113
20
398432.8769441892
30
56
0
VERTEX
8
C-TOPO-MAJR
10
1309005.9627123713
20
398441.42056228203
30
56
0
VERTEX
8
C-TOPO-MAJR
10
1309004.689420949
20
398444.5412909304
30
56
0
VERTEX
8
C-TOPO-MAJR
10
1308990.6277692837
20
398453.4480972674
30
56
0
VERTEX
8
C-TOPO-MAJR
10
1308986.3518591959
20
398458.6957901979
30
56
0
VERTEX
8
C-TOPO-MAJR
10
1308988.8656337059
20
398466.66591861134
30
56
0
VERTEX
8
C-TOPO-MAJR
10
1308990.6431891965
20
398468.12424902566
30
56
0
VERTEX
8
C-TOPO-MAJR
10
1308998.4476355254
20
398476.0648499435
30
56
0
VERTEX
8
C-TOPO-MAJR
10
1308998.3534756138
20
398484.7285465279
30
56
0
VERTEX
8
C-TOPO-MAJR
10
1308991.9118874457
20
398490.95622436336
30
56
0
VERTEX
8
C-TOPO-MAJR
10
1308990.0254082803
20
398496.2823291934
30
56
0
VERTEX
8
C-TOPO-MAJR
10
1308992.8951532023
20
398497.1350177765
30
56
0
VERTEX
8
C-TOPO-MAJR
10
1308993.7307814464
20
398497.292169689
30
56
0
VERTEX
8
C-TOPO-MAJR
10
1309000.7419222828
20
398499.05627377
30
56
0
VERTEX
8
C-TOPO-MAJR
10
1309005.4436845318
20
398499.8882931169
30
56
0
VERTEX
8
C-TOPO-MAJR
10
1309007.5555569527
20
398499.80561610457
30
56
0
VERTEX
8
C-TOPO-MAJR
10
1309010.0217593708
20
398499.57333311415
30
56
0
VERTEX
8
C-TOPO-MAJR
10
1309014.1871053686
20
398499.9099466107
30
56
0
VERTEX
8
C-TOPO-MAJR
10
1309018.7238416902
20
398500.6044990299
30
56
0
VERTEX
8
C-TOPO-MAJR
10
1309027.6628002024
20
398500.8948527603
30
56
0
VERTEX
8
C-TOPO-MAJR
10
1309031.1043943716
20
398500.9995113584
30
56
0
VERTEX
8
C-TOPO-MAJR
10
1309040.2228144496
20
398502.5631565271
30
56
0
VERTEX
8
C-TOPO-MAJR
10
1309041.7211710315
20
398503.0103341147
30
56
0
VERTEX
8
C-TOPO-MAJR
10
1309044.6614538631
20
398504.0487178485
30
56
0
VERTEX
8
C-TOPO-MAJR
10
1309048.7647921084
20
398505.6858536874
30
56
0
VERTEX
8
C-TOPO-MAJR
10
1309049.7706956223
20
398505.96374026925
30
56
0
VERTEX
8
C-TOPO-MAJR
10
1309054.130595034
20
398506.69208528474
30
56
0
VERTEX
8
C-TOPO-MAJR
10
1309061.1952134462
20
398508.3138011904
30
56
0
VERTEX
8
C-TOPO-MAJR
10
1309062.5816936146
20
398508.6543517047
30
56
0
VERTEX
8
C-TOPO-MAJR
10
1309066.275911953
20
398508.9450335331
30
56
0
VERTEX
8
C-TOPO-MAJR
10
1309067.7552397049
20
398508.73965336086
30
56
0
VERTEX
8
C-TOPO-MAJR
10
1309073.7588366207
20
398508.61793443706
30
56
0
VERTEX
8
C-TOPO-MAJR
10
1309077.4701152837
20
398509.38269670797
30
56
0
VERTEX
8
C-TOPO-MAJR
10
1309080.015713867
20
398509.7987063585
30
56
0
VERTEX
8
C-TOPO-MAJR
10
1309083.6502210302
20
398510.49555534805
30
56
0
VERTEX
8
C-TOPO-MAJR
10
1309095.6902231984
20
398514.6310457734
30
56
0
VERTEX
8
C-TOPO-MAJR
10
1309097.2571491995
20
398515.5811751152
30
56
0
VERTEX
8
C-TOPO-MAJR
10
1309098.1170556194
20
398517.0857652651
30
56
0
VERTEX
8
C-TOPO-MAJR
10
1309098.2144963648
20
398522.28293337167
30
56
0
VERTEX
8
C-TOPO-MAJR
10
1309098.07145203
20
398525.598543522
30
56
0
VERTEX
8
C-TOPO-MAJR
10
1309098.4402177017
20
398528.2163204345
30
56
0
VERTEX
8
C-TOPO-MAJR
10
1309098.5576715264
20
398528.67924603197
30
56
0
VERTEX
8
C-TOPO-MAJR
10
1309099.1068830288
20
398531.4515501917
30
56
0
VERTEX
8
C-TOPO-MAJR
10
1309099.8352280348
20
398537.6831650235
30
56
0
VERTEX
8
C-TOPO-MAJR
10
1309099.858193865
20
398538.57128661673
30
56
0
VERTEX
8
C-TOPO-MAJR
10
1309099.451042455
20
398542.6467377841
30
56
0
VERTEX
8
C-TOPO-MAJR
10
1309098.9881168709
20
398547.51122935995
30
56
0
VERTEX
8
C-TOPO-MAJR
10
1309098.6469102001
20
398552.24120678374
30
56
0
VERTEX
8
C-TOPO-MAJR
10
1309098.3014384448
20
398554.6841152772
30
56
0
VERTEX
8
C-TOPO-MAJR
10
1309098.1108220345
20
398556.5033373715
30
56
0
VERTEX
8
C-TOPO-MAJR
10
1309098.8365423651
20
398563.7257638582
30
56
0
VERTEX
8
C-TOPO-MAJR
10
1309100.217773198
20
398572.4390010182
30
56
0
VERTEX
8
C-TOPO-MAJR
10
1309100.2397547748
20
398572.8231865997
30
56
0
VERTEX
8
C-TOPO-MAJR
10
1309100.257471291
20
398575.27757801476
30
56
0
VERTEX
8
C-TOPO-MAJR
10
1309100.6216437737
20
398579.18570668524
30
56
0
VERTEX
8
C-TOPO-MAJR
10
1309101.1829943608
20
398583.67487094813
30
56
0
VERTEX
8
C-TOPO-MAJR
10
1309102.408057541
20
398588.6909370354
30
56
0
VERTEX
8
C-TOPO-MAJR
10
1309105.8365283725
20
398593.79263286164
30
56
0
VERTEX
8
C-TOPO-MAJR
10
1309106.8988621968
20
398595.5288498639
30
56
0
VERTEX
8
C-TOPO-MAJR
10
1309108.079634115
20
398601.6597431124
30
56
0
VERTEX
8
C-TOPO-MAJR
10
1309107.1026019522
20
398605.63808160997
30
56
0
VERTEX
8
C-TOPO-MAJR
10
1309105.3371855267
20
398608.75618560833
30
56
0
VERTEX
8
C-TOPO-MAJR
10
1309104.5409272874
20
398611.8070325154
30
56
0
VERTEX
8
C-TOPO-MAJR
10
1309104.710874446
20
398614.8631287897
30
56
0
VERTEX
8
C-TOPO-MAJR
10
1309106.0002419497
20
398623.4444764354
30
56
0
VERTEX
8
C-TOPO-MAJR
10
1309106.7367890296
20
398625.7574639479
30
56
0
VERTEX
8
C-TOPO-MAJR
10
1309108.5550268698
20
398634.8686662027
30
56
0
VERTEX
8
C-TOPO-MAJR
10
1309108.3151979574
20
398637.645891604
30
56
0
VERTEX
8
C-TOPO-MAJR
10
1309106.46152712
20
398644.45230844634
30
56
0
VERTEX
8
C-TOPO-MAJR
10
1309104.2282638652
20
398648.3968543508
30
56
0
VERTEX
8
C-TOPO-MAJR
10
1309100.4749905295
20
398653.84763085877
30
56
0
VERTEX
8
C-TOPO-MAJR
10
1309099.2049799464
20
398657.2747893577
30
56
0
VERTEX
8
C-TOPO-MAJR
10
1309099.2545205331
20
398660.0408599477
30
56
0
VERTEX
8
C-TOPO-MAJR
10
1309100.891000207
20
398667.8229966158
30
56
0
VERTEX
8
C-TOPO-MAJR
10
1309099.2833918715
20
398677.0916788597
30
56
0
SEQEND
0
POLYLINE
8
C-TOPO-MAJR
66
1
70
0
0
VERTEX
8
C-TOPO-MAJR
10
1308791.5628786928
20
398673.26786761545
30
56
0
VERTEX
8
C-TOPO-MAJR
10
1308791.8200960257
20
398669.0319836865
30
56
0
VERTEX
8
C-TOPO-MAJR
10
1308791.824361113
20
398668.1248332831
30
56
0
VERTEX
8
C-TOPO-MAJR
10
1308790.4966078657
20
398662.93160218815
30
56
0
VERTEX
8
C-TOPO-MAJR
10
1308785.1616447812
20
398654.2177088473
30
56
0
VERTEX
8
C-TOPO-MAJR
10
1308783.155087107
20
398652.1173193617
30
56
0
VERTEX
8
C-TOPO-MAJR
10
1308781.1088313675
20
398649.69212736265
30
56
0
VERTEX
8
C-TOPO-MAJR
10
1308776.6557562891
20
398642.4201602668
30
56
0
VERTEX
8
C-TOPO-MAJR
10
1308773.203663454
20
398637.1596721142
30
56
0
VERTEX
8
C-TOPO-MAJR
10
1308770.8198099618
20
398632.3063353496
30
56
0
VERTEX
8
C-TOPO-MAJR
10
1308768.3965864417
20
398624.14559052244
30
56
0
VERTEX
8
C-TOPO-MAJR
10
1308768.1472431223
20
398623.30569720425
30
56
0
VERTEX
8
C-TOPO-MAJR
10
1308766.0229035313
20
398619.13018061605
30
56
0
VERTEX
8
C-TOPO-MAJR
10
1308761.5294741932
20
398614.1954791947
30
56
0
VERTEX
8
C-TOPO-MAJR
10
1308759.2965390354
20
398612.08426293783
30
56
0
VERTEX
8
C-TOPO-MAJR
10
1308755.1124922875
20
398607.44582077966
30
56
0
VERTEX
8
C-TOPO-MAJR
10
1308752.1010153699
20
398604.9651826906
30
56
0
VERTEX
8
C-TOPO-MAJR
10
1308749.5222803613
20
398603.338545528
30
56
0
VERTEX
8
C-TOPO-MAJR
10
1308744.056740115
20
398600.39268526813
30
56
0
VERTEX
8
C-TOPO-MAJR
10
1308740.624004195
20
398599.10298968176
30
56
0
VERTEX
8
C-TOPO-MAJR
10
1308735.950785198
20
398597.00095978234
30
56
0
VERTEX
8
C-TOPO-MAJR
10
1308732.953087788
20
398596.4569976139
30
56
0
VERTEX
8
C-TOPO-MAJR
10
1308729.219171371
20
398596.99341386935
30
56
0
VERTEX
8
C-TOPO-MAJR
10
1308719.975095373
20
398598.00784752995
30
56
0
VERTEX
8
C-TOPO-MAJR
10
1308714.1174955335
20
398597.652861346
30
56
0
VERTEX
8
C-TOPO-MAJR
10
1308709.8786588714
20
398596.4756983627
30
56
0
VERTEX
8
C-TOPO-MAJR
10
1308706.802549531
20
398595.490136023
30
56
0
VERTEX
8
C-TOPO-MAJR
10
1308699.1824860408
20
398593.2270171964
30
56
0
VERTEX
8
C-TOPO-MAJR
10
1308692.3977227004
20
398590.4635712716
30
56
0
VERTEX
8
C-TOPO-MAJR
10
1308686.062433535
20
398587.3861496139
30
56
0
VERTEX
8
C-TOPO-MAJR
10
1308681.4239913614
20
398585.4491456166
30
56
0
VERTEX
8
C-TOPO-MAJR
10
1308678.2314124506
20
398584.2752634335
30
56
0
VERTEX
8
C-TOPO-MAJR
10
1308675.6067457902
20
398583.17323152506
30
56
0
VERTEX
8
C-TOPO-MAJR
10
1308667.2521036954
20
398579.48983993806
30
56
0
VERTEX
8
C-TOPO-MAJR
10
1308662.8679261163
20
398577.5492270333
30
56
0
VERTEX
8
C-TOPO-MAJR
10
1308659.1464768602
20
398575.59680311196
30
56
0
VERTEX
8
C-TOPO-MAJR
10
1308655.7396595306
20
398573.3208890204
30
56
0
VERTEX
8
C-TOPO-MAJR
10
1308651.7655861245
20
398570.2490447637
30
56
0
VERTEX
8
C-TOPO-MAJR
10
1308649.104174118
20
398568.2136157747
30
56
0
VERTEX
8
C-TOPO-MAJR
10
1308646.9719605413
20
398565.9593551922
30
56
0
VERTEX
8
C-TOPO-MAJR
10
1308645.7045746099
20
398561.42655585596
30
56
0
VERTEX
8
C-TOPO-MAJR
10
1308646.3453213656
20
398557.0197405165
30
56
0
VERTEX
8
C-TOPO-MAJR
10
1308649.6291074562
20
398551.7631893572
30
56
0
VERTEX
8
C-TOPO-MAJR
10
1308654.1087572838
20
398545.7549992778
30
56
0
VERTEX
8
C-TOPO-MAJR
10
1308657.8105215363
20
398540.6559281077
30
56
0
VERTEX
8
C-TOPO-MAJR
10
1308659.704874704
20
398538.0604608606
30
56
0
VERTEX
8
C-TOPO-MAJR
10
1308663.5185153598
20
398531.3865896829
30
56
0
VERTEX
8
C-TOPO-MAJR
10
1308663.562478536
20
398530.7422340353
30
56
0
VERTEX
8
C-TOPO-MAJR
10
1308663.2330828705
20
398528.55982368457
30
56
0
VERTEX
8
C-TOPO-MAJR
10
1308664.2567028638
20
398521.57624186215
30
56
0
VERTEX
8
C-TOPO-MAJR
10
1308665.0749426978
20
398514.6776336131
30
56
0
VERTEX
8
C-TOPO-MAJR
10
1308664.5240907802
20
398510.6041509455
30
56
0
VERTEX
8
C-TOPO-MAJR
10
1308664.4873454531
20
398505.5562607709
30
56
0
VERTEX
8
C-TOPO-MAJR
10
1308667.6477722067
20
398497.57300902804
30
56
0
VERTEX
8
C-TOPO-MAJR
10
1308672.3262405354
20
398491.92275786225
30
56
0
VERTEX
8
C-TOPO-MAJR
10
1308677.7681587895
20
398487.64422311436
30
56
0
VERTEX
8
C-TOPO-MAJR
10
1308680.310804614
20
398483.97854804614
30
56
0
VERTEX
8
C-TOPO-MAJR
10
1308680.8839662075
20
398480.4815077754
30
56
0
VERTEX
8
C-TOPO-MAJR
10
1308680.564413038
20
398478.88407001656
30
56
0
VERTEX
8
C-TOPO-MAJR
10
1308678.7527368623
20
398475.48807944247
30
56
0
VERTEX
8
C-TOPO-MAJR
10
1308677.1667820304
20
398473.0579661956
30
56
0
VERTEX
8
C-TOPO-MAJR
10
1308676.8980817893
20
398471.1623006862
30
56
0
VERTEX
8
C-TOPO-MAJR
10
1308681.1001731097
20
398471.9067217821
30
56
0
VERTEX
8
C-TOPO-MAJR
10
1308682.5525980433
20
398472.5258150224
30
56
0
VERTEX
8
C-TOPO-MAJR
10
1308685.4226710266
20
398473.6790279478
30
56
0
VERTEX
8
C-TOPO-MAJR
10
1308688.6464178714
20
398473.68132451805
30
56
0
VERTEX
8
C-TOPO-MAJR
10
1308698.1303227781
20
398468.27188651625
30
56
0
VERTEX
8
C-TOPO-MAJR
10
1308702.6601693733
20
398464.957588697
30
56
0
VERTEX
8
C-TOPO-MAJR
10
1308704.6024226928
20
398463.23547927244
30
56
0
VERTEX
8
C-TOPO-MAJR
10
1308705.5085888642
20
398462.7988003612
30
56
0
VERTEX
8
C-TOPO-MAJR
10
1308706.5240067772
20
398462.4749821082
30
56
0
VERTEX
8
C-TOPO-MAJR
10
1308713.6883625342
20
398457.83063443867
30
56
0
VERTEX
8
C-TOPO-MAJR
10
1308721.1420877837
20
398454.3847751971
30
56
0
VERTEX
8
C-TOPO-MAJR
10
1308728.526915523
20
398452.17152502574
30
56
0
VERTEX
8
C-TOPO-MAJR
10
1308733.589897543
20
398451.4520382727
30
56
0
VERTEX
8
C-TOPO-MAJR
10
1308742.5846301974
20
398454.16528744716
30
56
0
VERTEX
8
C-TOPO-MAJR
10
1308744.010480374
20
398455.6757831145
30
56
0
VERTEX
8
C-TOPO-MAJR
10
1308744.8110036957
20
398456.1344436054
30
56
0
VERTEX
8
C-TOPO-MAJR
10
1308746.9113932047
20
398456.1580656141
30
56
0
VERTEX
8
C-TOPO-MAJR
10
1308753.302456541
20
398454.99599444156
30
56
0
VERTEX
8
C-TOPO-MAJR
10
1308755.960587707
20
398455.1380545341
30
56
0
VERTEX
8
C-TOPO-MAJR
10
1308762.5724511102
20
398456.54618819203
30
56
0
VERTEX
8
C-TOPO-MAJR
10
1308765.3995452079
20
398456.4451385259
30
56
0
VERTEX
8
C-TOPO-MAJR
10
1308767.2955387817
20
398454.0629254347
30
56
0
VERTEX
8
C-TOPO-MAJR
10
1308765.1101756932
20
398448.9517152018
30
56
0
VERTEX
8
C-TOPO-MAJR
10
1308761.444500624
20
398445.47829695506
30
56
0
VERTEX
8
C-TOPO-MAJR
10
1308759.3775756145
20
398442.91891886224
30
56
0
VERTEX
8
C-TOPO-MAJR
10
1308759.4451607915
20
398432.88022502913
30
56
0
VERTEX
8
C-TOPO-MAJR
10
1308762.2181211226
20
398424.78542494995
30
56
0
VERTEX
8
C-TOPO-MAJR
10
1308768.4799196275
20
398409.9527774509
30
56
0
VERTEX
8
C-TOPO-MAJR
10
1308773.6698698637
20
398400.2995815182
30
56
0
VERTEX
8
C-TOPO-MAJR
10
1308774.1390290365
20
398394.7379128608
30
56
0
VERTEX
8
C-TOPO-MAJR
10
1308772.3647543562
20
398392.4291904428
30
56
0
SEQEND
0
POLYLINE
8
C-TOPO-MAJR
66
1
70
0
0
VERTEX
8
C-TOPO-MAJR
10
1308896.6482984524
20
398624.20595786325
30
48
0
VERTEX
8
C-TOPO-MAJR
10
1308897.7572201139
20
398624.28994719445
30
48
0
VERTEX
8
C-TOPO-MAJR
10
1308900.115155036
20
398617.56456693227
30
48
0
VERTEX
8
C-TOPO-MAJR
10
1308896.573495446
20
398610.05605177605
30
48
0
VERTEX
8
C-TOPO-MAJR
10
1308893.1817699438
20
398605.3316517716
30
48
0
VERTEX
8
C-TOPO-MAJR
10
1308892.2434516207
20
398602.66236577474
30
48
0
VERTEX
8
C-TOPO-MAJR
10
1308891.0252782055
20
398600.07772527455
30
48
0
VERTEX
8
C-TOPO-MAJR
10
1308888.9501511126
20
398598.498988292
30
48
0
VERTEX
8
C-TOPO-MAJR
10
1308886.3635421214
20
398598.7319274327
30
48
0
VERTEX
8
C-TOPO-MAJR
10
1308886.2490410386
20
398599.8526601144
30
48
0
VERTEX
8
C-TOPO-MAJR
10
1308886.2795527857
20
398600.95272353233
30
48
0
VERTEX
8
C-TOPO-MAJR
10
1308886.356652359
20
398603.84674660355
30
48
0
VERTEX
8
C-TOPO-MAJR
10
1308886.3304056926
20
398604.6804063674
30
48
0
VERTEX
8
C-TOPO-MAJR
10
1308885.3950401205
20
398610.7597905161
30
48
0
VERTEX
8
C-TOPO-MAJR
10
1308885.1292926187
20
398612.10033902136
30
48
0
VERTEX
8
C-TOPO-MAJR
10
1308885.1522584509
20
398613.36542835366
30
48
0
VERTEX
8
C-TOPO-MAJR
10
1308885.5498954458
20
398614.2804527712
30
48
0
VERTEX
8
C-TOPO-MAJR
10
1308890.4590063614
20
398619.6026206171
30
48
0
VERTEX
8
C-TOPO-MAJR
10
1308894.3904289498
20
398622.96416243556
30
48
0
VERTEX
8
C-TOPO-MAJR
10
1308896.6482984524
20
398624.20595786325
30
48
0
SEQEND
0
POLYLINE
8
C-TOPO-MAJR
66
1
70
0
0
VERTEX
8
C-TOPO-MAJR
10
1309024.4951556139
20
398387.89442259766
30
58
0
VERTEX
8
C-TOPO-MAJR
10
1309023.0558540365
20
398394.7411936947
30
58
0
VERTEX
8
C-TOPO-MAJR
10
1309023.3996853668
20
398398.9173664423
30
58
0
VERTEX
8
C-TOPO-MAJR
10
1309025.39246353
20
398403.7060707717
30
58
0
VERTEX
8
C-TOPO-MAJR
10
1309026.823891112
20
398407.00199594937
30
58
0
VERTEX
8
C-TOPO-MAJR
10
1309029.7543314456
20
398412.2070380242
30
58
0
VERTEX
8
C-TOPO-MAJR
10
1309035.947888623
20
398417.20013828966
30
58
0
VERTEX
8
C-TOPO-MAJR
10
1309042.0295693655
20
398418.3202147753
30
58
0
VERTEX
8
C-TOPO-MAJR
10
1309049.430473203
20
398419.59285003284
30
58
0
VERTEX
8
C-TOPO-MAJR
10
1309055.934725279
20
398424.30642327503
30
58
0
VERTEX
8
C-TOPO-MAJR
10
1309060.7568941177
20
398430.5655971089
30
58
0
VERTEX
8
C-TOPO-MAJR
10
1309061.4780212943
20
398431.48193386674
30
58
0
VERTEX
8
C-TOPO-MAJR
10
1309065.0157438626
20
398433.85102361336
30
58
0
VERTEX
8
C-TOPO-MAJR
10
1309068.3126532831
20
398433.0409858613
30
58
0
VERTEX
8
C-TOPO-MAJR
10
1309071.2804951188
20
398432.1768143566
30
58
0
VERTEX
8
C-TOPO-MAJR
10
1309076.545904534
20
398434.3027943537
30
58
0
VERTEX
8
C-TOPO-MAJR
10
1309079.1938651134
20
398437.57214477455
30
58
0
VERTEX
8
C-TOPO-MAJR
10
1309074.2824576162
20
398448.56949809554
30
58
0
VERTEX
8
C-TOPO-MAJR
10
1309071.0639601164
20
398453.627230787
30
58
0
VERTEX
8
C-TOPO-MAJR
10
1309069.2624545344
20
398464.67084386497
30
58
0
VERTEX
8
C-TOPO-MAJR
10
1309072.5452563793
20
398475.2498909529
30
58
0
VERTEX
8
C-TOPO-MAJR
10
1309075.0947919453
20
398486.14028911776
30
58
0
VERTEX
8
C-TOPO-MAJR
10
1309072.03803953
20
398489.65635819564
30
58
0
VERTEX
8
C-TOPO-MAJR
10
1309068.7138992043
20
398491.18063336407
30
58
0
VERTEX
8
C-TOPO-MAJR
10
1309065.7483539504
20
398492.0841748478
30
58
0
VERTEX
8
C-TOPO-MAJR
10
1309059.3622118626
20
398495.5720287764
30
58
0
VERTEX
8
C-TOPO-MAJR
10
1309057.1145129502
20
398501.00344836694
30
58
0
VERTEX
8
C-TOPO-MAJR
10
1309059.733602205
20
398503.3649921975
30
58
0
VERTEX
8
C-TOPO-MAJR
10
1309063.584644373
20
398504.65370351716
30
58
0
VERTEX
8
C-TOPO-MAJR
10
1309065.42092679
20
398504.6428767734
30
58
0
VERTEX
8
C-TOPO-MAJR
10
1309067.249663286
20
398503.5946505165
30
58
0
VERTEX
8
C-TOPO-MAJR
10
1309070.7522809443
20
398501.24393343594
30
58
0
VERTEX
8
C-TOPO-MAJR
10
1309073.2489951204
20
398500.7511522661
30
58
0
VERTEX
8
C-TOPO-MAJR
10
1309079.019980946
20
398501.74032352853
30
58
0
VERTEX
8
C-TOPO-MAJR
10
1309084.3638022738
20
398504.4279821884
30
58
0
VERTEX
8
C-TOPO-MAJR
10
1309087.2538883642
20
398506.1861807794
30
58
0
VERTEX
8
C-TOPO-MAJR
10
1309089.9494210288
20
398507.0644598558
30
58
0
VERTEX
8
C-TOPO-MAJR
10
1309093.5265136182
20
398508.27344694786
30
58
0
VERTEX
8
C-TOPO-MAJR
10
1309094.904463613
20
398508.7291546845
30
58
0
VERTEX
8
C-TOPO-MAJR
10
1309099.8155430343
20
398510.26786551345
30
58
0
VERTEX
8
C-TOPO-MAJR
10
1309102.5520861065
20
398512.8620204538
30
58
0
VERTEX
8
C-TOPO-MAJR
10
1309103.586532872
20
398514.73832902143
30
58
0
VERTEX
8
C-TOPO-MAJR
10
1309103.7463094578
20
398516.2708062806
30
58
0
VERTEX
8
C-TOPO-MAJR
10
1309103.1921766945
20
398521.07361819374
30
58
0
VERTEX
8
C-TOPO-MAJR
10
1309102.96087795
20
398526.1779386822
30
58
0
VERTEX
8
C-TOPO-MAJR
10
1309103.3152079547
20
398530.9276011123
30
58
0
VERTEX
8
C-TOPO-MAJR
10
1309103.6636324478
20
398533.07818735734
30
58
0
VERTEX
8
C-TOPO-MAJR
10
1309104.1485396146
20
398534.9827111048
30
58
0
VERTEX
8
C-TOPO-MAJR
10
1309104.6826592772
20
398537.4958294467
30
58
0
VERTEX
8
C-TOPO-MAJR
10
1309104.54584853
20
398541.9216736055
30
58
0
VERTEX
8
C-TOPO-MAJR
10
1309104.0865318726
20
398546.94102052663
30
58
0
VERTEX
8
C-TOPO-MAJR
10
1309104.4280666213
20
398549.13622610254
30
58
0
VERTEX
8
C-TOPO-MAJR
10
1309106.6140858664
20
398553.8475027806
30
58
0
VERTEX
8
C-TOPO-MAJR
10
1309109.366705025
20
398561.95411386114
30
58
0
VERTEX
8
C-TOPO-MAJR
10
1309111.3348769492
20
398567.4357301898
30
58
0
VERTEX
8
C-TOPO-MAJR
10
1309111.970046279
20
398571.42620778066
30
58
0
VERTEX
8
C-TOPO-MAJR
10
1309112.3004261951
20
398573.47672861395
30
58
0
VERTEX
8
C-TOPO-MAJR
10
1309113.453639115
20
398576.8819055333
30
58
0
VERTEX
8
C-TOPO-MAJR
10
1309114.4451069466
20
398580.3513867806
30
58
0
VERTEX
8
C-TOPO-MAJR
10
1309115.9099990367
20
398582.99180143216
30
58
0
VERTEX
8
C-TOPO-MAJR
10
1309120.9831516137
20
398588.1187596963
30
58
0
VERTEX
8
C-TOPO-MAJR
10
1309123.837476621
20
398591.9324003623
30
58
0
VERTEX
8
C-TOPO-MAJR
10
1309124.525795454
20
398593.58101911366
30
58
0
VERTEX
8
C-TOPO-MAJR
10
1309125.924742781
20
398596.3077196911
30
58
0
SEQEND
0
POLYLINE
8
C-TOPO-MAJR
66
1
70
0
0
VERTEX
8
C-TOPO-MAJR
10
1308734.2582032802
20
398675.77245577466
30
68
0
VERTEX
8
C-TOPO-MAJR
10
1308732.529860278
20
398671.0090138558
30
68
0
VERTEX
8
C-TOPO-MAJR
10
1308731.4845867858
20
398668.93913612334
30
68
0
VERTEX
8
C-TOPO-MAJR
10
1308729.1535547078
20
398664.70292410854
30
68
0
VERTEX
8
C-TOPO-MAJR
10
1308724.7250858655
20
398658.5723589459
30
68
0
VERTEX
8
C-TOPO-MAJR
10
1308722.283817784
20
398656.12682577805
30
68
0
VERTEX
8
C-TOPO-MAJR
10
1308718.8113837796
20
398652.7383811139
30
68
0
VERTEX
8
C-TOPO-MAJR
10
1308715.845838531
20
398650.4286744475
30
68
0
VERTEX
8
C-TOPO-MAJR
10
1308713.5036516134
20
398649.03103944456
30
68
0
VERTEX
8
C-TOPO-MAJR
10
1308710.1217686257
20
398646.32041494455
30
68
0
VERTEX
8
C-TOPO-MAJR
10
1308704.5371341181
20
398641.7938492054
30
68
0
VERTEX
8
C-TOPO-MAJR
10
1308703.569288278
20
398641.1202941052
30
68
0
VERTEX
8
C-TOPO-MAJR
10
1308697.4964657791
20
398637.0796197824
30
68
0
VERTEX
8
C-TOPO-MAJR
10
1308689.411508193
20
398631.99695277243
30
68
0
VERTEX
8
C-TOPO-MAJR
10
1308688.0148574524
20
398631.1816656899
30
68
0
VERTEX
8
C-TOPO-MAJR
10
1308678.771765703
20
398626.3854154384
30
68
0
VERTEX
8
C-TOPO-MAJR
10
1308674.4951994526
20
398624.21448801545
30
68
0
VERTEX
8
C-TOPO-MAJR
10
1308668.493571039
20
398620.4910702778
30
68
0
VERTEX
8
C-TOPO-MAJR
10
1308666.0096521191
20
398618.75714985805
30
68
0
VERTEX
8
C-TOPO-MAJR
10
1308663.5959430272
20
398617.4825460916
30
68
0
VERTEX
8
C-TOPO-MAJR
10
1308653.5401888601
20
398613.287016448
30
68
0
VERTEX
8
C-TOPO-MAJR
10
1308651.2649309454
20
398611.97632352426
30
68
0
VERTEX
8
C-TOPO-MAJR
10
1308648.1464988668
20
398609.96156378684
30
68
0
VERTEX
8
C-TOPO-MAJR
10
1308643.425707784
20
398607.6836811833
30
68
0
VERTEX
8
C-TOPO-MAJR
10
1308638.6393000297
20
398605.3956280352
30
68
0
VERTEX
8
C-TOPO-MAJR
10
1308631.3164800322
20
398600.9605975281
30
68
0
VERTEX
8
C-TOPO-MAJR
10
1308628.2429953648
20
398598.9589611109
30
68
0
VERTEX
8
C-TOPO-MAJR
10
1308627.2403726985
20
398598.3119807888
30
68
0
VERTEX
8
C-TOPO-MAJR
10
1308623.0153155269
20
398595.49177643994
30
68
0
VERTEX
8
C-TOPO-MAJR
10
1308619.4792333597
20
398593.07675502833
30
68
0
VERTEX
8
C-TOPO-MAJR
10
1308617.7108641916
20
398591.9655367777
30
68
0
VERTEX
8
C-TOPO-MAJR
10
1308613.5356756991
20
398589.9583229319
30
68
0
VERTEX
8
C-TOPO-MAJR
10
1308612.6672391088
20
398589.5977593591
30
68
0
VERTEX
8
C-TOPO-MAJR
10
1308611.3066775277
20
398588.8628526881
30
68
0
VERTEX
8
C-TOPO-MAJR
10
1308607.8240729512
20
398586.1879892748
30
68
0
VERTEX
8
C-TOPO-MAJR
10
1308603.864763286
20
398581.8792708534
30
68
0
VERTEX
8
C-TOPO-MAJR
10
1308599.8867528697
20
398577.2526396935
30
68
0
VERTEX
8
C-TOPO-MAJR
10
1308598.6630020386
20
398576.2595314531
30
68
0
VERTEX
8
C-TOPO-MAJR
10
1308595.6531655313
20
398574.3038266887
30
68
0
VERTEX
8
C-TOPO-MAJR
10
1308595.0448990327
20
398573.94293503003
30
68
0
VERTEX
8
C-TOPO-MAJR
10
1308591.3037647868
20
398571.4714832709
30
68
0
VERTEX
8
C-TOPO-MAJR
10
1308587.498982368
20
398567.64176652755
30
68
0
VERTEX
8
C-TOPO-MAJR
10
1308584.765063947
20
398564.38160244573
30
68
0
VERTEX
8
C-TOPO-MAJR
10
1308582.9143458784
20
398562.3337062685
30
68
0
VERTEX
8
C-TOPO-MAJR
10
1308580.8316728708
20
398560.0751806191
30
68
0
VERTEX
8
C-TOPO-MAJR
10
1308571.562990621
20
398550.4511840993
30
68
0
VERTEX
8
C-TOPO-MAJR
10
1308569.5856323692
20
398548.34915418766
30
68
0
VERTEX
8
C-TOPO-MAJR
10
1308563.2933221117
20
398540.8557308513
30
68
0
VERTEX
8
C-TOPO-MAJR
10
1308559.016427777
20
398534.6208352009
30
68
0
SEQEND
0
POLYLINE
8
C-TOPO-MAJR
66
1
70
0
0
VERTEX
8
C-TOPO-MAJR
10
1308556.2618401144
20
398520.2999976971
30
68
0
VERTEX
8
C-TOPO-MAJR
10
1308560.0951657891
20
398512.715695276
30
68
0
VERTEX
8
C-TOPO-MAJR
10
1308564.4478473624
20
398504.28198511474
30
68
0
VERTEX
8
C-TOPO-MAJR
10
1308564.783804693
20
398503.3092180278
30
68
0
VERTEX
8
C-TOPO-MAJR
10
1308565.1968616203
20
398501.9689976145
30
68
0
VERTEX
8
C-TOPO-MAJR
10
1308569.7329417847
20
398492.11993593455
30
68
0
VERTEX
8
C-TOPO-MAJR
10
1308570.1492795295
20
398491.2114731939
30
68
0
VERTEX
8
C-TOPO-MAJR
10
1308573.6797842826
20
398483.8266454459
30
68
0
VERTEX
8
C-TOPO-MAJR
10
1308577.249987121
20
398477.5677996948
30
68
0
VERTEX
8
C-TOPO-MAJR
10
1308577.8562851152
20
398476.51596451824
30
68
0
VERTEX
8
C-TOPO-MAJR
10
1308582.3123129576
20
398469.3043647876
30
68
0
VERTEX
8
C-TOPO-MAJR
10
1308587.152854451
20
398462.8237346919
30
68
0
VERTEX
8
C-TOPO-MAJR
10
1308587.7739161917
20
398461.158055624
30
68
0
VERTEX
8
C-TOPO-MAJR
10
1308587.726016043
20
398458.50681420113
30
68
0
VERTEX
8
C-TOPO-MAJR
10
1308587.6771316228
20
398453.2860241011
30
68
0
VERTEX
8
C-TOPO-MAJR
10
1308587.927459205
20
398452.4372725326
30
68
0
VERTEX
8
C-TOPO-MAJR
10
1308588.515056458
20
398451.35197286407
30
68
0
VERTEX
8
C-TOPO-MAJR
10
1308589.1945170274
20
398444.05146252696
30
68
0
VERTEX
8
C-TOPO-MAJR
10
1308587.3047570393
20
398436.51177944284
30
68
0
VERTEX
8
C-TOPO-MAJR
10
1308583.0764190343
20
398430.4241931788
30
68
0
VERTEX
8
C-TOPO-MAJR
10
1308578.5222942778
20
398426.06659036275
30
68
0
VERTEX
8
C-TOPO-MAJR
10
1308573.895663123
20
398420.6102364445
30
68
0
VERTEX
8
C-TOPO-MAJR
10
1308572.5856263626
20
398418.7818280233
30
68
0
VERTEX
8
C-TOPO-MAJR
10
1308569.2752655435
20
398416.0144450961
30
68
0
VERTEX
8
C-TOPO-MAJR
10
1308564.871402943
20
398415.2490266964
30
68
0
VERTEX
8
C-TOPO-MAJR
10
1308558.6391319437
20
398415.29758302664
30
68
0
SEQEND
0
POLYLINE
8
C-TOPO-MAJR
66
1
70
0
0
VERTEX
8
C-TOPO-MAJR
10
1309128.623884363
20
398649.46509369666
30
58
0
VERTEX
8
C-TOPO-MAJR
10
1309125.6760556207
20
398652.05760820175
30
58
0
VERTEX
8
C-TOPO-MAJR
10
1309122.3463378693
20
398656.5621923674
30
58
0
VERTEX
8
C-TOPO-MAJR
10
1309121.2292141104
20
398657.98837060854
30
58
0
VERTEX
8
C-TOPO-MAJR
10
1309119.519899944
20
398661.7842947863
30
58
0
VERTEX
8
C-TOPO-MAJR
10
1309120.6632703608
20
398664.7449187772
30
58
0
VERTEX
8
C-TOPO-MAJR
10
1309121.4313134537
20
398665.7413078607
30
58
0
VERTEX
8
C-TOPO-MAJR
10
1309123.471007541
20
398669.24392552645
30
58
0
VERTEX
8
C-TOPO-MAJR
10
1309123.0572944584
20
398673.7531028692
30
58
0
SEQEND
0
POLYLINE
8
C-TOPO-MAJR
66
1
70
0
0
VERTEX
8
C-TOPO-MAJR
10
1308773.6784000343
20
398677.64909244643
30
58
0
VERTEX
8
C-TOPO-MAJR
10
1308771.332276115
20
398669.99884527124
30
58
0
VERTEX
8
C-TOPO-MAJR
10
1308769.934313035
20
398663.6737266894
30
58
0
VERTEX
8
C-TOPO-MAJR
10
1308769.0747346967
20
398660.76756453095
30
58
0
VERTEX
8
C-TOPO-MAJR
10
1308765.4877996095
20
398653.540544864
30
58
0
VERTEX
8
C-TOPO-MAJR
10
1308762.0898405279
20
398647.1127361961
30
58
0
VERTEX
8
C-TOPO-MAJR
10
1308761.4976501113
20
398646.0832106911
30
58
0
VERTEX
8
C-TOPO-MAJR
10
1308759.0967362742
20
398642.05336309987
30
58
0
VERTEX
8
C-TOPO-MAJR
10
1308755.9648527736
20
398636.1186636937
30
58
0
VERTEX
8
C-TOPO-MAJR
10
1308753.074438607
20
398630.3086359441
30
58
0
VERTEX
8
C-TOPO-MAJR
10
1308748.7368488705
20
398623.86967244645
30
58
0
VERTEX
8
C-TOPO-MAJR
10
1308746.0547676168
20
398621.89789161383
30
58
0
VERTEX
8
C-TOPO-MAJR
10
1308741.13745461
20
398618.9822150396
30
58
0
VERTEX
8
C-TOPO-MAJR
10
1308737.3405462008
20
398615.9451476183
30
58
0
VERTEX
8
C-TOPO-MAJR
10
1308734.7244097004
20
398613.6843253589
30
58
0
VERTEX
8
C-TOPO-MAJR
10
1308730.6597852833
20
398610.2151722035
30
58
0
VERTEX
8
C-TOPO-MAJR
10
1308727.4590042762
20
398608.55244585307
30
58
0
VERTEX
8
C-TOPO-MAJR
10
1308719.2618422045
20
398607.36347185925
30
58
0
VERTEX
8
C-TOPO-MAJR
10
1308714.1555532056
20
398606.30277845083
30
58
0
VERTEX
8
C-TOPO-MAJR
10
1308710.40063945
20
398605.02522193635
30
58
0
VERTEX
8
C-TOPO-MAJR
10
1308704.8665297858
20
398602.96945179085
30
58
0
VERTEX
8
C-TOPO-MAJR
10
1308700.551249694
20
398601.17385169305
30
58
0
VERTEX
8
C-TOPO-MAJR
10
1308698.3816346184
20
398600.175166024
30
58
0
VERTEX
8
C-TOPO-MAJR
10
1308687.9275872826
20
398595.545582113
30
58
0
VERTEX
8
C-TOPO-MAJR
10
1308687.3432708643
20
398595.29328601825
30
58
0
VERTEX
8
C-TOPO-MAJR
10
1308680.436132455
20
398592.1669799383
30
58
0
VERTEX
8
C-TOPO-MAJR
10
1308677.1598922869
20
398590.66731103306
30
58
0
VERTEX
8
C-TOPO-MAJR
10
1308673.7474975393
20
398589.13778652187
30
58
0
VERTEX
8
C-TOPO-MAJR
10
1308670.959117287
20
398587.84120120335
30
58
0
VERTEX
8
C-TOPO-MAJR
10
1308668.197967961
20
398586.59382835316
30
58
0
VERTEX
8
C-TOPO-MAJR
10
1308664.2107711937
20
398584.80971120147
30
58
0
VERTEX
8
C-TOPO-MAJR
10
1308659.0424744415
20
398582.289375014
30
58
0
VERTEX
8
C-TOPO-MAJR
10
1308657.1543548605
20
398581.2349151997
30
58
0
VERTEX
8
C-TOPO-MAJR
10
1308651.7019379565
20
398577.7273762801
30
58
0
VERTEX
8
C-TOPO-MAJR
10
1308648.9699880297
20
398576.0708835238
30
58
0
VERTEX
8
C-TOPO-MAJR
10
1308645.6875142835
20
398574.19818385754
30
58
0
VERTEX
8
C-TOPO-MAJR
10
1308642.5559588613
20
398572.15291236085
30
58
0
VERTEX
8
C-TOPO-MAJR
10
1308638.3177783631
20
398568.56105602725
30
58
0
VERTEX
8
C-TOPO-MAJR
10
1308636.0786096118
20
398565.535143454
30
58
0
VERTEX
8
C-TOPO-MAJR
10
1308634.5054500313
20
398563.1965654452
30
58
0
VERTEX
8
C-TOPO-MAJR
10
1308631.6419387017
20
398560.5791166155
30
58
0
VERTEX
8
C-TOPO-MAJR
10
1308628.8903037878
20
398557.5663273502
30
58
0
VERTEX
8
C-TOPO-MAJR
10
1308628.3568402762
20
398554.24842060206
30
58
0
VERTEX
8
C-TOPO-MAJR
10
1308628.8158288712
20
398553.2441575258
30
58
0
VERTEX
8
C-TOPO-MAJR
10
1308633.4381949548
20
398548.14443018404
30
58
0
VERTEX
8
C-TOPO-MAJR
10
1308638.12584961
20
398542.66904744646
30
58
0
VERTEX
8
C-TOPO-MAJR
10
1308641.8381125259
20
398536.92562061036
30
58
0
VERTEX
8
C-TOPO-MAJR
10
1308644.814812609
20
398531.2389521892
30
58
0
VERTEX
8
C-TOPO-MAJR
10
1308646.3013582032
20
398527.08508911927
30
58
0
VERTEX
8
C-TOPO-MAJR
10
1308647.6674972032
20
398520.5562307821
30
58
0
VERTEX
8
C-TOPO-MAJR
10
1308648.2901993687
20
398514.7117542738
30
58
0
VERTEX
8
C-TOPO-MAJR
10
1308648.7334399484
20
398509.2882086912
30
58
0
VERTEX
8
C-TOPO-MAJR
10
1308649.9138837943
20
398504.2550822752
30
58
0
VERTEX
8
C-TOPO-MAJR
10
1308652.0982626188
20
398498.19636735664
30
58
0
VERTEX
8
C-TOPO-MAJR
10
1308655.6080981195
20
398489.9349009339
30
58
0
VERTEX
8
C-TOPO-MAJR
10
1308660.1842044552
20
398480.0300651117
30
58
0
VERTEX
8
C-TOPO-MAJR
10
1308662.8826898541
20
398476.72593785543
30
58
0
VERTEX
8
C-TOPO-MAJR
10
1308666.4368166127
20
398475.2010065368
30
58
0
VERTEX
8
C-TOPO-MAJR
10
1308669.2875327005
20
398473.31583969446
30
58
0
VERTEX
8
C-TOPO-MAJR
10
1308668.5995419477
20
398471.1842822688
30
58
0
VERTEX
8
C-TOPO-MAJR
10
1308666.4138507803
20
398468.55371011584
30
58
0
VERTEX
8
C-TOPO-MAJR
10
1308665.529994293
20
398467.92510244757
30
58
0
VERTEX
8
C-TOPO-MAJR
10
1308662.3016542883
20
398465.4680863612
30
58
0
VERTEX
8
C-TOPO-MAJR
10
1308658.669771784
20
398461.97859203094
30
58
0
VERTEX
8
C-TOPO-MAJR
10
1308657.5099971977
20
398460.26960594184
30
58
0
VERTEX
8
C-TOPO-MAJR
10
1308657.9840776126
20
398459.13673419436
30
58
0
VERTEX
8
C-TOPO-MAJR
10
1308662.4177957852
20
398458.824070768
30
58
0
VERTEX
8
C-TOPO-MAJR
10
1308668.304595035
20
398459.9425068581
30
58
0
VERTEX
8
C-TOPO-MAJR
10
1308669.8498675332
20
398459.672494272
30
58
0
VERTEX
8
C-TOPO-MAJR
10
1308671.1100356248
20
398459.2472982763
30
58
0
VERTEX
8
C-TOPO-MAJR
10
1308676.617898629
20
398457.0051767809
30
58
0
VERTEX
8
C-TOPO-MAJR
10
1308680.6867881224
20
398452.6374033713
30
58
0
VERTEX
8
C-TOPO-MAJR
10
1308683.9879626143
20
398446.35821644834
30
58
0
VERTEX
8
C-TOPO-MAJR
10
1308687.00468887
20
398442.6751529502
30
58
0
VERTEX
8
C-TOPO-MAJR
10
1308693.8504756945
20
398439.4192539476
30
58
0
VERTEX
8
C-TOPO-MAJR
10
1308696.9157582757
20
398437.9550180189
30
58
0
VERTEX
8
C-TOPO-MAJR
10
1308698.3015822843
20
398434.4707730161
30
58
0
VERTEX
8
C-TOPO-MAJR
10
1308695.985642027
20
398429.94716002507
30
58
0
VERTEX
8
C-TOPO-MAJR
10
1308689.0768631957
20
398421.05610169185
30
58
0
VERTEX
8
C-TOPO-MAJR
10
1308685.8052162032
20
398416.9015824502
30
58
0
VERTEX
8
C-TOPO-MAJR
10
1308682.8478730265
20
398412.83498952386
30
58
0
VERTEX
8
C-TOPO-MAJR
10
1308682.053583293
20
398410.5390623616
30
58
0
VERTEX
8
C-TOPO-MAJR
10
1308684.2231983691
20
398405.4997023606
30
58
0
VERTEX
8
C-TOPO-MAJR
10
1308689.361311447
20
398397.38160835847
30
58
0
VERTEX
8
C-TOPO-MAJR
10
1308698.1211364518
20
398380.5522456869
30
58
0
SEQEND
0
POLYLINE
8
C-TOPO-MAJR
66
1
70
0
0
VERTEX
8
C-TOPO-MAJR
10
1309125.4952817017
20
398554.9442853616
30
60
0
VERTEX
8
C-TOPO-MAJR
10
1309130.6806387848
20
398560.1089731908
30
60
0
SEQEND
0
POLYLINE
8
C-TOPO-MAJR
66
1
70
0
0
VERTEX
8
C-TOPO-MAJR
10
1308762.8693665378
20
398677.62842320406
30
60
0
VERTEX
8
C-TOPO-MAJR
10
1308760.2942404575
20
398668.8075746827
30
60
0
VERTEX
8
C-TOPO-MAJR
10
1308759.5517878635
20
398666.6471459391
30
60
0
VERTEX
8
C-TOPO-MAJR
10
1308756.2588154487
20
398658.8144844349
30
60
0
VERTEX
8
C-TOPO-MAJR
10
1308753.0632837815
20
398652.02053477784
30
60
0
VERTEX
8
C-TOPO-MAJR
10
1308752.5918280273
20
398651.0343162787
30
60
0
VERTEX
8
C-TOPO-MAJR
10
1308749.739471539
20
398645.40407819283
30
60
0
VERTEX
8
C-TOPO-MAJR
10
1308747.0869177838
20
398640.93853594176
30
60
0
VERTEX
8
C-TOPO-MAJR
10
1308742.7270183682
20
398634.5737192737
30
60
0
VERTEX
8
C-TOPO-MAJR
10
1308737.6010443668
20
398628.4667761138
30
60
0
VERTEX
8
C-TOPO-MAJR
10
1308731.808733115
20
398622.8752518566
30
60
0
VERTEX
8
C-TOPO-MAJR
10
1308728.7893821972
20
398620.3831308581
30
60
0
VERTEX
8
C-TOPO-MAJR
10
1308722.1361802819
20
398615.88346794335
30
60
0
VERTEX
8
C-TOPO-MAJR
10
1308718.3730644535
20
398614.155124943
30
60
0
VERTEX
8
C-TOPO-MAJR
10
1308712.7559497035
20
398612.3368871092
30
60
0
VERTEX
8
C-TOPO-MAJR
10
1308707.8353558728
20
398610.7069691067
30
60
0
VERTEX
8
C-TOPO-MAJR
10
1308699.9616839527
20
398607.8319748517
30
60
0
VERTEX
8
C-TOPO-MAJR
10
1308697.421662788
20
398606.66727902915
30
60
0
VERTEX
8
C-TOPO-MAJR
10
1308691.7674746178
20
398603.5435976113
30
60
0
VERTEX
8
C-TOPO-MAJR
10
1308688.528307857
20
398602.01669777767
30
60
0
VERTEX
8
C-TOPO-MAJR
10
1308686.5158446971
20
398601.22207994055
30
60
0
VERTEX
8
C-TOPO-MAJR
10
1308684.2435395354
20
398600.19452293834
30
60
0
VERTEX
8
C-TOPO-MAJR
10
1308674.4850288744
20
398595.43436184723
30
60
0
VERTEX
8
C-TOPO-MAJR
10
1308669.2032152822
20
398593.12793603307
30
60
0
VERTEX
8
C-TOPO-MAJR
10
1308665.6061096224
20
398591.5501832896
30
60
0
VERTEX
8
C-TOPO-MAJR
10
1308663.2977152814
20
398590.40156352
30
60
0
VERTEX
8
C-TOPO-MAJR
10
1308658.6025146954
20
398588.0058990166
30
60
0
VERTEX
8
C-TOPO-MAJR
10
1308653.363351952
20
398585.2890409469
30
60
0
VERTEX
8
C-TOPO-MAJR
10
1308651.4020697884
20
398584.1131902763
30
60
0
VERTEX
8
C-TOPO-MAJR
10
1308643.9463760431
20
398579.398304703
30
60
0
VERTEX
8
C-TOPO-MAJR
10
1308640.427354198
20
398577.5167467651
30
60
0
VERTEX
8
C-TOPO-MAJR
10
1308636.195735357
20
398575.0800718536
30
60
0
VERTEX
8
C-TOPO-MAJR
10
1308634.8456724535
20
398573.71622942854
30
60
0
VERTEX
8
C-TOPO-MAJR
10
1308632.1235650273
20
398570.650618769
30
60
0
VERTEX
8
C-TOPO-MAJR
10
1308628.9946342865
20
398568.5328408627
30
60
0
VERTEX
8
C-TOPO-MAJR
10
1308624.2033052826
20
398565.44393627724
30
60
0
VERTEX
8
C-TOPO-MAJR
10
1308618.0720839421
20
398560.5905995219
30
60
0
VERTEX
8
C-TOPO-MAJR
10
1308614.878848865
20
398557.1437560258
30
60
0
VERTEX
8
C-TOPO-MAJR
10
1308614.081278289
20
398553.75760795333
30
60
0
VERTEX
8
C-TOPO-MAJR
10
1308615.9031250272
20
398546.1070326892
30
60
0
VERTEX
8
C-TOPO-MAJR
10
1308617.6744469493
20
398543.069965271
30
60
0
VERTEX
8
C-TOPO-MAJR
10
1308622.7804078704
20
398537.87739037216
30
60
0
VERTEX
8
C-TOPO-MAJR
10
1308626.224626703
20
398533.842949619
30
60
0
VERTEX
8
C-TOPO-MAJR
10
1308628.718716204
20
398527.80687244865
30
60
0
VERTEX
8
C-TOPO-MAJR
10
1308629.077311285
20
398521.83477152965
30
60
0
VERTEX
8
C-TOPO-MAJR
10
1308629.1347258654
20
398514.9712681866
30
60
0
VERTEX
8
C-TOPO-MAJR
10
1308629.0061172047
20
398512.59463253303
30
60
0
VERTEX
8
C-TOPO-MAJR
10
1308629.2879407788
20
398510.4686525207
30
60
0
VERTEX
8
C-TOPO-MAJR
10
1308633.7748084487
20
398502.8400588637
30
60
0
VERTEX
8
C-TOPO-MAJR
10
1308635.576314024
20
398500.0113243626
30
60
0
VERTEX
8
C-TOPO-MAJR
10
1308638.1009152792
20
398493.17373960465
30
60
0
VERTEX
8
C-TOPO-MAJR
10
1308639.9765676956
20
398487.8384484447
30
60
0
VERTEX
8
C-TOPO-MAJR
10
1308641.321709355
20
398485.65735045564
30
60
0
VERTEX
8
C-TOPO-MAJR
10
1308643.672098361
20
398482.4339316845
30
60
0
VERTEX
8
C-TOPO-MAJR
10
1308648.4279943665
20
398472.51597252075
30
60
0
VERTEX
8
C-TOPO-MAJR
10
1308649.7101440348
20
398466.20397727744
30
60
0
VERTEX
8
C-TOPO-MAJR
10
1308649.436522537
20
398460.9740008536
30
60
0
VERTEX
8
C-TOPO-MAJR
10
1308649.4808137817
20
398460.36015693774
30
60
0
VERTEX
8
C-TOPO-MAJR
10
1308650.9489867056
20
398456.76403551584
30
60
0
VERTEX
8
C-TOPO-MAJR
10
1308651.8341555384
20
398455.2049835335
30
60
0
VERTEX
8
C-TOPO-MAJR
10
1308653.7636136187
20
398453.60360877216
30
60
0
VERTEX
8
C-TOPO-MAJR
10
1308657.6953642773
20
398451.73418993974
30
60
0
VERTEX
8
C-TOPO-MAJR
10
1308664.2527658602
20
398445.4415516047
30
60
0
VERTEX
8
C-TOPO-MAJR
10
1308667.242261198
20
398442.03571852593
30
60
0
VERTEX
8
C-TOPO-MAJR
10
1308667.7206066933
20
398441.42515544704
30
60
0
VERTEX
8
C-TOPO-MAJR
10
1308669.2980313713
20
398438.0124326116
30
60
0
VERTEX
8
C-TOPO-MAJR
10
1308669.6156160345
20
398436.6518710204
30
60
0
VERTEX
8
C-TOPO-MAJR
10
1308669.078543618
20
398430.2453877726
30
60
0
VERTEX
8
C-TOPO-MAJR
10
1308668.4807757842
20
398428.4967036035
30
60
0
VERTEX
8
C-TOPO-MAJR
10
1308666.7294669533
20
398424.89861368795
30
60
0
VERTEX
8
C-TOPO-MAJR
10
1308663.9827532866
20
398420.6538715393
30
60
0
VERTEX
8
C-TOPO-MAJR
10
1308663.061495285
20
398420.0072192817
30
60
0
VERTEX
8
C-TOPO-MAJR
10
1308660.4351882003
20
398419.2201473485
30
60
0
VERTEX
8
C-TOPO-MAJR
10
1308657.7124246168
20
398416.96982377453
30
60
0
VERTEX
8
C-TOPO-MAJR
10
1308652.1779868654
20
398406.68211468053
30
60
0
VERTEX
8
C-TOPO-MAJR
10
1308648.7101460358
20
398400.4265497756
30
60
0
VERTEX
8
C-TOPO-MAJR
10
1308646.5044417775
20
398397.67721144075
30
60
0
VERTEX
8
C-TOPO-MAJR
10
1308643.4696709448
20
398394.34585328354
30
60
0
VERTEX
8
C-TOPO-MAJR
10
1308642.6816147768
20
398391.7635093536
30
60
0
SEQEND
0
POLYLINE
8
C-TOPO-MAJR
66
1
70
0
0
VERTEX
8
C-TOPO-MAJR
10
1308925.053425366
20
398391.02499378426
30
54
0
VERTEX
8
C-TOPO-MAJR
10
1308922.5859106183
20
398396.1696685214
30
54
0
VERTEX
8
C-TOPO-MAJR
10
1308922.2765280257
20
398396.87800044176
30
54
0
VERTEX
8
C-TOPO-MAJR
10
1308920.1436582746
20
398401.94327901263
30
54
0
VERTEX
8
C-TOPO-MAJR
10
1308918.1210245248
20
398406.75068411214
30
54
0
VERTEX
8
C-TOPO-MAJR
10
1308916.6390721225
20
398408.6443811005
30
54
0
VERTEX
8
C-TOPO-MAJR
10
1308912.7890141995
20
398410.48296011216
30
54
0
VERTEX
8
C-TOPO-MAJR
10
1308909.651881361
20
398411.7109760236
30
54
0
VERTEX
8
C-TOPO-MAJR
10
1308901.487855689
20
398413.90946245776
30
54
0
VERTEX
8
C-TOPO-MAJR
10
1308893.3238300318
20
398414.3733722883
30
54
0
VERTEX
8
C-TOPO-MAJR
10
1308890.1443744602
20
398414.4996843557
30
54
0
VERTEX
8
C-TOPO-MAJR
10
1308882.519717783
20
398415.0449588522
30
54
0
VERTEX
8
C-TOPO-MAJR
10
1308882.2723429485
20
398415.0131347832
30
54
0
VERTEX
8
C-TOPO-MAJR
10
1308878.8054863594
20
398414.03905536514
30
54
0
VERTEX
8
C-TOPO-MAJR
10
1308876.7306873589
20
398413.64207451564
30
54
0
VERTEX
8
C-TOPO-MAJR
10
1308872.9485426955
20
398413.1699626126
30
54
0
VERTEX
8
C-TOPO-MAJR
10
1308862.338983857
20
398412.90454319154
30
54
0
VERTEX
8
C-TOPO-MAJR
10
1308858.2543463593
20
398413.06825677486
30
54
0
VERTEX
8
C-TOPO-MAJR
10
1308856.8855826948
20
398413.16668178485
30
54
0
VERTEX
8
C-TOPO-MAJR
10
1308856.0827627894
20
398413.20145861106
30
54
0
VERTEX
8
C-TOPO-MAJR
10
1308852.5663656138
20
398413.1407631906
30
54
0
VERTEX
8
C-TOPO-MAJR
10
1308847.4722156925
20
398412.19194619206
30
54
0
VERTEX
8
C-TOPO-MAJR
10
1308843.2327228542
20
398409.7027779417
30
54
0
VERTEX
8
C-TOPO-MAJR
10
1308840.5847622857
20
398407.792348692
30
54
0
VERTEX
8
C-TOPO-MAJR
10
1308839.0332561969
20
398407.12174636737
30
54
0
VERTEX
8
C-TOPO-MAJR
10
1308832.7448829561
20
398406.177194448
30
54
0
VERTEX
8
C-TOPO-MAJR
10
1308831.3318280377
20
398405.8845441168
30
54
0
VERTEX
8
C-TOPO-MAJR
10
1308828.7796677912
20
398404.95409976906
30
54
0
VERTEX
8
C-TOPO-MAJR
10
1308826.139581197
20
398404.0531829384
30
54
0
VERTEX
8
C-TOPO-MAJR
10
1308825.8436500377
20
398403.981988863
30
54
0
VERTEX
8
C-TOPO-MAJR
10
1308823.9178008677
20
398403.526281114
30
54
0
VERTEX
8
C-TOPO-MAJR
10
1308817.8630229514
20
398402.1903257799
30
54
0
VERTEX
8
C-TOPO-MAJR
10
1308815.9722786942
20
398401.7897360321
30
54
0
VERTEX
8
C-TOPO-MAJR
10
1308814.1852087781
20
398401.15915986715
30
54
0
VERTEX
8
C-TOPO-MAJR
10
1308806.7347643578
20
398397.730689031
30
54
0
VERTEX
8
C-TOPO-MAJR
10
1308802.6625940306
20
398396.1581856151
30
54
0
VERTEX
8
C-TOPO-MAJR
10
1308798.6832712833
20
398394.6047110246
30
54
0
VERTEX
8
C-TOPO-MAJR
10
1308791.2853202017
20
398391.3835888543
30
54
0
SEQEND
0
POLYLINE
8
C-TOPO-MAJR
66
1
70
0
0
VERTEX
8
C-TOPO-MAJR
10
1308917.3775876993
20
398390.34323660244
30
52
0
VERTEX
8
C-TOPO-MAJR
10
1308914.6846796987
20
398394.4888976122
30
52
0
VERTEX
8
C-TOPO-MAJR
10
1308909.6016846106
20
398398.65096277907
30
52
0
VERTEX
8
C-TOPO-MAJR
10
1308905.9150122064
20
398400.6240559489
30
52
0
VERTEX
8
C-TOPO-MAJR
10
1308902.9944143677
20
398402.6381595177
30
52
0
VERTEX
8
C-TOPO-MAJR
10
1308902.3457936172
20
398403.0676206049
30
52
0
VERTEX
8
C-TOPO-MAJR
10
1308894.7614912002
20
398406.9583608577
30
52
0
VERTEX
8
C-TOPO-MAJR
10
1308891.672914696
20
398408.51085119066
30
52
0
VERTEX
8
C-TOPO-MAJR
10
1308888.4659001213
20
398409.7923446862
30
52
0
VERTEX
8
C-TOPO-MAJR
10
1308885.1653817839
20
398410.3589445967
30
52
0
VERTEX
8
C-TOPO-MAJR
10
1308882.1814638625
20
398410.44982368767
30
52
0
VERTEX
8
C-TOPO-MAJR
10
1308881.4340900313
20
398410.3044827734
30
52
0
VERTEX
8
C-TOPO-MAJR
10
1308880.2382262887
20
398409.9537616931
30
52
0
VERTEX
8
C-TOPO-MAJR
10
1308879.5328471162
20
398409.805139942
30
52
0
VERTEX
8
C-TOPO-MAJR
10
1308874.8884994488
20
398408.8176091148
30
52
0
VERTEX
8
C-TOPO-MAJR
10
1308870.2202017007
20
398408.0062590195
30
52
0
VERTEX
8
C-TOPO-MAJR
10
1308869.2772902064
20
398408.0013377809
30
52
0
VERTEX
8
C-TOPO-MAJR
10
1308861.5079487802
20
398408.542675281
30
52
0
VERTEX
8
C-TOPO-MAJR
10
1308857.3711460326
20
398408.7700370206
30
52
0
VERTEX
8
C-TOPO-MAJR
10
1308854.9407046947
20
398408.9747610212
30
52
0
VERTEX
8
C-TOPO-MAJR
10
1308849.097212445
20
398408.7470711927
30
52
0
VERTEX
8
C-TOPO-MAJR
10
1308847.9387502025
20
398408.3067833679
30
52
0
VERTEX
8
C-TOPO-MAJR
10
1308843.6152680353
20
398405.55711692886
30
52
0
VERTEX
8
C-TOPO-MAJR
10
1308838.8574035256
20
398403.0866494517
30
52
0
VERTEX
8
C-TOPO-MAJR
10
1308836.5083268678
20
398402.6945898622
30
52
0
VERTEX
8
C-TOPO-MAJR
10
1308832.1638473654
20
398402.4071888523
30
52
0
VERTEX
8
C-TOPO-MAJR
10
1308828.514248365
20
398401.1033857036
30
52
0
VERTEX
8
C-TOPO-MAJR
10
1308826.40565678
20
398400.14439809934
30
52
0
VERTEX
8
C-TOPO-MAJR
10
1308823.4722637055
20
398399.3966961909
30
52
0
VERTEX
8
C-TOPO-MAJR
10
1308818.6290975304
20
398398.4065406954
30
52
0
VERTEX
8
C-TOPO-MAJR
10
1308811.770187372
20
398395.926558778
30
52
0
VERTEX
8
C-TOPO-MAJR
10
1308807.3449993627
20
398393.9652766125
30
52
0
VERTEX
8
C-TOPO-MAJR
10
1308804.9342430294
20
398392.9770896076
30
52
0
SEQEND
0
POLYLINE
8
C-TOPO-MAJR
66
1
70
0
0
VERTEX
8
C-TOPO-MAJR
10
1308897.211617536
20
398392.0502541948
30
48
0
VERTEX
8
C-TOPO-MAJR
10
1308898.80052511
20
398395.5069401986
30
48
0
VERTEX
8
C-TOPO-MAJR
10
1308898.5098432852
20
398396.3888281916
30
48
0
VERTEX
8
C-TOPO-MAJR
10
1308896.8933767036
20
398397.4547709428
30
48
0
VERTEX
8
C-TOPO-MAJR
10
1308894.0764532073
20
398395.71756968606
30
48
0
VERTEX
8
C-TOPO-MAJR
10
1308891.838596786
20
398393.66475227027
30
48
0
VERTEX
8
C-TOPO-MAJR
10
1308891.2244247906
20
398393.2438213689
30
48
0
SEQEND
0
POLYLINE
8
C-TOPO-MAJR
66
1
70
0
0
VERTEX
8
C-TOPO-MAJR
10
1308878.0856715406
20
398391.7628531911
30
48
0
VERTEX
8
C-TOPO-MAJR
10
1308875.2743254546
20
398395.22052344325
30
48
0
VERTEX
8
C-TOPO-MAJR
10
1308869.2110173656
20
398398.4088372687
30
48
0
VERTEX
8
C-TOPO-MAJR
10
1308866.0879921103
20
398399.4350819521
30
48
0
VERTEX
8
C-TOPO-MAJR
10
1308865.045343291
20
398399.5443336937
30
48
0
VERTEX
8
C-TOPO-MAJR
10
1308858.956116613
20
398399.05319294386
30
48
0
VERTEX
8
C-TOPO-MAJR
10
1308856.0273166944
20
398399.31598768436
30
48
0
VERTEX
8
C-TOPO-MAJR
10
1308851.4977981988
20
398400.288098618
30
48
0
VERTEX
8
C-TOPO-MAJR
10
1308847.8419656118
20
398399.8028633581
30
48
0
VERTEX
8
C-TOPO-MAJR
10
1308846.5693303626
20
398399.3606070244
30
48
0
VERTEX
8
C-TOPO-MAJR
10
1308840.1018236224
20
398397.3707816116
30
48
0
VERTEX
8
C-TOPO-MAJR
10
1308835.6461238617
20
398396.7815439375
30
48
0
VERTEX
8
C-TOPO-MAJR
10
1308833.676639612
20
398396.4698647778
30
48
0
VERTEX
8
C-TOPO-MAJR
10
1308828.6861640303
20
398394.56271636207
30
48
0
VERTEX
8
C-TOPO-MAJR
10
1308824.9112372012
20
398392.9183626807
30
48
0
SEQEND
0
POLYLINE
8
C-TOPO-MAJR
66
1
70
0
0
VERTEX
8
C-TOPO-MAJR
10
1308879.7077155365
20
398591.2253807792
30
44
0
VERTEX
8
C-TOPO-MAJR
10
1308876.448535709
20
398593.0485398576
30
44
0
VERTEX
8
C-TOPO-MAJR
10
1308874.4682246987
20
398594.58757877845
30
44
0
VERTEX
8
C-TOPO-MAJR
10
1308874.4308232027
20
398595.61316727486
30
44
0
VERTEX
8
C-TOPO-MAJR
10
1308874.8898117796
20
398597.68074844003
30
44
0
VERTEX
8
C-TOPO-MAJR
10
1308872.6985432024
20
398607.8765942009
30
44
0
VERTEX
8
C-TOPO-MAJR
10
1308872.2405388637
20
398611.1315089522
30
44
0
VERTEX
8
C-TOPO-MAJR
10
1308871.955106373
20
398615.1538105998
30
44
0
VERTEX
8
C-TOPO-MAJR
10
1308871.625382616
20
398615.9704100287
30
44
0
VERTEX
8
C-TOPO-MAJR
10
1308867.4459290279
20
398619.4976339424
30
44
0
VERTEX
8
C-TOPO-MAJR
10
1308865.3091222893
20
398618.1229647826
30
44
0
VERTEX
8
C-TOPO-MAJR
10
1308864.879005041
20
398615.65905894263
30
44
0
VERTEX
8
C-TOPO-MAJR
10
1308864.6273651212
20
398614.31391727546
30
44
0
VERTEX
8
C-TOPO-MAJR
10
1308864.731367537
20
398613.3322919352
30
44
0
VERTEX
8
C-TOPO-MAJR
10
1308864.94199703
20
398612.48583694623
30
44
0
VERTEX
8
C-TOPO-MAJR
10
1308865.7536752035
20
398609.33689310885
30
44
0
VERTEX
8
C-TOPO-MAJR
10
1308865.9154202924
20
398608.76373151527
30
44
0
VERTEX
8
C-TOPO-MAJR
10
1308866.3619417087
20
398606.5380142076
30
44
0
VERTEX
8
C-TOPO-MAJR
10
1308866.8291323744
20
398604.0353945267
30
44
0
VERTEX
8
C-TOPO-MAJR
10
1308870.495135526
20
398594.1134983605
30
44
0
VERTEX
8
C-TOPO-MAJR
10
1308870.5269596218
20
398593.31625587033
30
44
0
VERTEX
8
C-TOPO-MAJR
10
1308868.9147581097
20
398586.6249962719
30
44
0
VERTEX
8
C-TOPO-MAJR
10
1308868.8265037038
20
398585.7047225208
30
44
0
VERTEX
8
C-TOPO-MAJR
10
1308869.0010440368
20
398582.57152669027
30
44
0
VERTEX
8
C-TOPO-MAJR
10
1308868.8619366998
20
398581.61680419266
30
44
0
VERTEX
8
C-TOPO-MAJR
10
1308868.583722027
20
398580.45473302924
30
44
0
VERTEX
8
C-TOPO-MAJR
10
1308865.9459320263
20
398571.2939901897
30
44
0
VERTEX
8
C-TOPO-MAJR
10
1308856.7021841244
20
398561.70345819247
30
44
0
VERTEX
8
C-TOPO-MAJR
10
1308853.8809955362
20
398559.2054316888
30
44
0
VERTEX
8
C-TOPO-MAJR
10
1308853.4840146992
20
398558.5824014369
30
44
0
VERTEX
8
C-TOPO-MAJR
10
1308852.5181373628
20
398557.32157718984
30
44
0
VERTEX
8
C-TOPO-MAJR
10
1308849.2743774506
20
398553.61456361244
30
44
0
VERTEX
8
C-TOPO-MAJR
10
1308847.973527038
20
398550.39639419015
30
44
0
VERTEX
8
C-TOPO-MAJR
10
1308846.6454457047
20
398545.21858301933
30
44
0
VERTEX
8
C-TOPO-MAJR
10
1308846.7684769446
20
398544.46563178644
30
44
0
VERTEX
8
C-TOPO-MAJR
10
1308848.5627647017
20
398540.9853237678
30
44
0
VERTEX
8
C-TOPO-MAJR
10
1308848.9797586165
20
398537.6664327805
30
44
0
VERTEX
8
C-TOPO-MAJR
10
1308848.1470831153
20
398535.05849837273
30
44
0
VERTEX
8
C-TOPO-MAJR
10
1308847.2573211142
20
398532.68645585974
30
44
0
VERTEX
8
C-TOPO-MAJR
10
1308847.1123082875
20
398531.62969943543
30
44
0
VERTEX
8
C-TOPO-MAJR
10
1308847.349840626
20
398529.051948698
30
44
0
VERTEX
8
C-TOPO-MAJR
10
1308847.1854708646
20
398524.9955263592
30
44
0
VERTEX
8
C-TOPO-MAJR
10
1308846.258963536
20
398520.60577135766
30
44
0
VERTEX
8
C-TOPO-MAJR
10
1308845.3199890368
20
398519.55852935836
30
44
0
VERTEX
8
C-TOPO-MAJR
10
1308842.7822644564
20
398517.67401869386
30
44
0
VERTEX
8
C-TOPO-MAJR
10
1308841.5742616174
20
398516.2301239461
30
44
0
VERTEX
8
C-TOPO-MAJR
10
1308840.4830564493
20
398514.0939733677
30
44
0
VERTEX
8
C-TOPO-MAJR
10
1308840.1064167907
20
398511.8301983572
30
44
0
VERTEX
8
C-TOPO-MAJR
10
1308841.9328567
20
398510.72652601957
30
44
0
VERTEX
8
C-TOPO-MAJR
10
1308845.9131637006
20
398510.2714744484
30
44
0
VERTEX
8
C-TOPO-MAJR
10
1308849.3619756931
20
398510.86891419796
30
44
0
VERTEX
8
C-TOPO-MAJR
10
1308856.0410962075
20
398515.5811751121
30
44
0
VERTEX
8
C-TOPO-MAJR
10
1308857.2382722937
20
398517.12382294046
30
44
0
VERTEX
8
C-TOPO-MAJR
10
1308858.0473257857
20
398519.16450127214
30
44
0
VERTEX
8
C-TOPO-MAJR
10
1308859.841941625
20
398524.9259726915
30
44
0
VERTEX
8
C-TOPO-MAJR
10
1308860.9252727882
20
398527.35739828774
30
44
0
VERTEX
8
C-TOPO-MAJR
10
1308861.0732383695
20
398527.89742344763
30
44
0
VERTEX
8
C-TOPO-MAJR
10
1308860.9718606148
20
398531.7770088616
30
44
0
VERTEX
8
C-TOPO-MAJR
10
1308860.9630023679
20
398534.9535117041
30
44
0
VERTEX
8
C-TOPO-MAJR
10
1308861.2901014439
20
398540.7510722685
30
44
0
VERTEX
8
C-TOPO-MAJR
10
1308862.1719894558
20
398546.7395773722
30
44
0
VERTEX
8
C-TOPO-MAJR
10
1308863.4662782063
20
398550.62014703144
30
44
0
VERTEX
8
C-TOPO-MAJR
10
1308865.1378627804
20
398552.6217834487
30
44
0
VERTEX
8
C-TOPO-MAJR
10
1308871.1703310288
20
398557.18345410284
30
44
0
VERTEX
8
C-TOPO-MAJR
10
1308873.7024781955
20
398559.03384411585
30
44
0
VERTEX
8
C-TOPO-MAJR
10
1308876.8435480362
20
398561.52268426516
30
44
0
VERTEX
8
C-TOPO-MAJR
10
1308877.4419720268
20
398562.2474203548
30
44
0
VERTEX
8
C-TOPO-MAJR
10
1308879.8104056213
20
398567.5052838544
30
44
0
VERTEX
8
C-TOPO-MAJR
10
1308879.9245786136
20
398568.1391408562
30
44
0
VERTEX
8
C-TOPO-MAJR
10
1308880.1552212012
20
398570.60370285873
30
44
0
VERTEX
8
C-TOPO-MAJR
10
1308880.7021361091
20
398572.37633710715
30
44
0
VERTEX
8
C-TOPO-MAJR
10
1308880.42851461
20
398573.4770566967
30
44
0
VERTEX
8
C-TOPO-MAJR
10
1308880.2697222775
20
398574.030533281
30
44
0
VERTEX
8
C-TOPO-MAJR
10
1308880.3799582794
20
398583.1092552768
30
44
0
VERTEX
8
C-TOPO-MAJR
10
1308880.358304781
20
398584.3015101045
30
44
0
VERTEX
8
C-TOPO-MAJR
10
1308880.2713627033
20
398585.77526043984
30
44
0
VERTEX
8
C-TOPO-MAJR
10
1308880.0518749456
20
398590.4547130306
30
44
0
VERTEX
8
C-TOPO-MAJR
10
1308879.7077155365
20
398591.2253807792
30
44
0
SEQEND
0
POLYLINE
8
C-TOPO-MAJR
66
1
70
0
0
VERTEX
8
C-TOPO-MAJR
10
1308747.9898031184
20
398673.08315669175
30
64
0
VERTEX
8
C-TOPO-MAJR
10
1308747.3999092805
20
398671.5664274425
30
64
0
VERTEX
8
C-TOPO-MAJR
10
1308741.9032011158
20
398662.46244302095
30
64
0
VERTEX
8
C-TOPO-MAJR
10
1308738.366462782
20
398656.5802369445
30
64
0
VERTEX
8
C-TOPO-MAJR
10
1308734.1965236177
20
398649.7118123475
30
64
0
VERTEX
8
C-TOPO-MAJR
10
1308728.8704187819
20
398643.1127441955
30
64
0
VERTEX
8
C-TOPO-MAJR
10
1308725.1453606156
20
398639.46412944084
30
64
0
VERTEX
8
C-TOPO-MAJR
10
1308718.9144019384
20
398634.1203081073
30
64
0
VERTEX
8
C-TOPO-MAJR
10
1308712.5157926923
20
398629.0642158633
30
64
0
VERTEX
8
C-TOPO-MAJR
10
1308708.8396189474
20
398626.5373180356
30
64
0
VERTEX
8
C-TOPO-MAJR
10
1308704.002686367
20
398623.80602427485
30
64
0
VERTEX
8
C-TOPO-MAJR
10
1308699.5259892847
20
398621.7814220389
30
64
0
VERTEX
8
C-TOPO-MAJR
10
1308691.1172134543
20
398618.3145654507
30
64
0
VERTEX
8
C-TOPO-MAJR
10
1308688.7530449429
20
398617.2328746866
30
64
0
VERTEX
8
C-TOPO-MAJR
10
1308681.689082692
20
398613.63904985634
30
64
0
VERTEX
8
C-TOPO-MAJR
10
1308672.3193507907
20
398608.69319360534
30
64
0
VERTEX
8
C-TOPO-MAJR
10
1308667.5900295377
20
398606.0248918751
30
64
0
VERTEX
8
C-TOPO-MAJR
10
1308664.9387881127
20
398604.4517322722
30
64
0
VERTEX
8
C-TOPO-MAJR
10
1308658.1720693647
20
398600.7726057736
30
64
0
VERTEX
8
C-TOPO-MAJR
10
1308654.4233892055
20
398598.56854193826
30
64
0
VERTEX
8
C-TOPO-MAJR
10
1308652.4791673662
20
398597.50522385543
30
64
0
VERTEX
8
C-TOPO-MAJR
10
1308650.9220838628
20
398596.89302036265
30
64
0
VERTEX
8
C-TOPO-MAJR
10
1308647.0992568645
20
398595.06494002725
30
64
0
VERTEX
8
C-TOPO-MAJR
10
1308641.1570115318
20
398591.0449349499
30
64
0
VERTEX
8
C-TOPO-MAJR
10
1308637.0064292827
20
398588.2575389336
30
64
0
VERTEX
8
C-TOPO-MAJR
10
1308635.3017082745
20
398587.59513869055
30
64
0
VERTEX
8
C-TOPO-MAJR
10
1308630.4670722897
20
398586.2513093667
30
64
0
VERTEX
8
C-TOPO-MAJR
10
1308626.361765528
20
398583.5157505237
30
64
0
VERTEX
8
C-TOPO-MAJR
10
1308625.838800693
20
398583.0078775248
30
64
0
VERTEX
8
C-TOPO-MAJR
10
1308617.8755620378
20
398576.01346894633
30
64
0
VERTEX
8
C-TOPO-MAJR
10
1308614.4526686177
20
398573.6552059527
30
64
0
VERTEX
8
C-TOPO-MAJR
10
1308610.832925196
20
398571.3783076159
30
64
0
VERTEX
8
C-TOPO-MAJR
10
1308609.341458355
20
398570.30809977034
30
64
0
VERTEX
8
C-TOPO-MAJR
10
1308601.6292034471
20
398563.6562101966
30
64
0
VERTEX
8
C-TOPO-MAJR
10
1308597.2325586954
20
398558.985943945
30
64
0
VERTEX
8
C-TOPO-MAJR
10
1308595.8756060244
20
398557.24414953246
30
64
0
VERTEX
8
C-TOPO-MAJR
10
1308595.526197284
20
398556.81304803456
30
64
0
VERTEX
8
C-TOPO-MAJR
10
1308593.106582698
20
398552.92197969893
30
64
0
VERTEX
8
C-TOPO-MAJR
10
1308591.7929370406
20
398548.5456761066
30
64
0
VERTEX
8
C-TOPO-MAJR
10
1308590.5770602063
20
398545.0925990286
30
64
0
VERTEX
8
C-TOPO-MAJR
10
1308586.8565951996
20
398539.77436820965
30
64
0
VERTEX
8
C-TOPO-MAJR
10
1308585.7138809506
20
398537.31275895826
30
64
0
VERTEX
8
C-TOPO-MAJR
10
1308585.5734612911
20
398536.2035091951
30
64
0
VERTEX
8
C-TOPO-MAJR
10
1308586.118079618
20
398531.3629677016
30
64
0
VERTEX
8
C-TOPO-MAJR
10
1308588.3513428667
20
398528.2750473553
30
64
0
VERTEX
8
C-TOPO-MAJR
10
1308591.3539615397
20
398524.03522644524
30
64
0
VERTEX
8
C-TOPO-MAJR
10
1308592.7548773661
20
398516.6736926079
30
64
0
VERTEX
8
C-TOPO-MAJR
10
1308594.6656347057
20
398509.12711977935
30
64
0
VERTEX
8
C-TOPO-MAJR
10
1308596.063269696
20
398506.817085021
30
64
0
VERTEX
8
C-TOPO-MAJR
10
1308598.2322286183
20
398503.96407235786
30
64
0
VERTEX
8
C-TOPO-MAJR
10
1308601.8887173613
20
398496.88337786566
30
64
0
VERTEX
8
C-TOPO-MAJR
10
1308603.9986212754
20
398490.16587159625
30
64
0
VERTEX
8
C-TOPO-MAJR
10
1308606.6429729562
20
398480.6235678649
30
64
0
VERTEX
8
C-TOPO-MAJR
10
1308607.9074061166
20
398478.773177861
30
64
0
VERTEX
8
C-TOPO-MAJR
10
1308610.5163247825
20
398475.9900469392
30
64
0
VERTEX
8
C-TOPO-MAJR
10
1308612.189877872
20
398473.1714830225
30
64
0
VERTEX
8
C-TOPO-MAJR
10
1308613.4500459528
20
398469.02024461166
30
64
0
VERTEX
8
C-TOPO-MAJR
10
1308615.8053561982
20
398464.14755093586
30
64
0
VERTEX
8
C-TOPO-MAJR
10
1308621.187891358
20
398457.55766911374
30
64
0
VERTEX
8
C-TOPO-MAJR
10
1308626.6537597016
20
398450.5770400302
30
64
0
VERTEX
8
C-TOPO-MAJR
10
1308629.4391871928
20
398445.3060531921
30
64
0
VERTEX
8
C-TOPO-MAJR
10
1308631.5553247002
20
398438.6292292816
30
64
0
VERTEX
8
C-TOPO-MAJR
10
1308634.1206082795
20
398433.466181854
30
64
0
VERTEX
8
C-TOPO-MAJR
10
1308635.9319563578
20
398431.4960414414
30
64
0
VERTEX
8
C-TOPO-MAJR
10
1308636.9260488683
20
398429.36514020874
30
64
0
VERTEX
8
C-TOPO-MAJR
10
1308636.1442262768
20
398425.69552811363
30
64
0
VERTEX
8
C-TOPO-MAJR
10
1308634.0366189433
20
398423.4537346919
30
64
0
VERTEX
8
C-TOPO-MAJR
10
1308627.9595313615
20
398420.2919956171
30
64
0
VERTEX
8
C-TOPO-MAJR
10
1308624.2682657782
20
398417.7260558535
30
64
0
VERTEX
8
C-TOPO-MAJR
10
1308616.6331104483
20
398410.2260708616
30
64
0
VERTEX
8
C-TOPO-MAJR
10
1308612.9529997068
20
398406.9980589408
30
64
0
VERTEX
8
C-TOPO-MAJR
10
1308608.779779699
20
398403.60108410614
30
64
0
VERTEX
8
C-TOPO-MAJR
10
1308607.6905430367
20
398402.4311389469
30
64
0
VERTEX
8
C-TOPO-MAJR
10
1308605.8746017818
20
398400.1266815958
30
64
0
VERTEX
8
C-TOPO-MAJR
10
1308603.1452765302
20
398397.5899412726
30
64
0
VERTEX
8
C-TOPO-MAJR
10
1308599.95072911
20
398395.12111420016
30
64
0
VERTEX
8
C-TOPO-MAJR
10
1308599.3631318626
20
398394.226759025
30
64
0
VERTEX
8
C-TOPO-MAJR
10
1308597.9704181212
20
398390.9941539514
30
64
0
SEQEND
0
POLYLINE
8
C-TOPO-MAJR
66
1
70
0
0
VERTEX
8
C-TOPO-MAJR
10
1308850.0604651207
20
398515.66844526806
30
42
0
VERTEX
8
C-TOPO-MAJR
10
1308853.567019789
20
398519.63366045157
30
42
0
VERTEX
8
C-TOPO-MAJR
10
1308853.7330299427
20
398519.9525574507
30
42
0
VERTEX
8
C-TOPO-MAJR
10
1308853.9846698644
20
398521.73700269434
30
42
0
VERTEX
8
C-TOPO-MAJR
10
1308853.8727934484
20
398528.2323965333
30
42
0
VERTEX
8
C-TOPO-MAJR
10
1308856.5683261103
20
398535.06079494604
30
42
0
VERTEX
8
C-TOPO-MAJR
10
1308856.7635357024
20
398536.0125646864
30
42
0
VERTEX
8
C-TOPO-MAJR
10
1308856.5289561094
20
398537.566039283
30
42
0
VERTEX
8
C-TOPO-MAJR
10
1308854.6844716165
20
398537.0184682101
30
42
0
VERTEX
8
C-TOPO-MAJR
10
1308853.788147954
20
398535.77011111466
30
42
0
VERTEX
8
C-TOPO-MAJR
10
1308850.4938632045
20
398529.1707148554
30
42
0
VERTEX
8
C-TOPO-MAJR
10
1308850.4328397023
20
398528.27176652447
30
42
0
VERTEX
8
C-TOPO-MAJR
10
1308850.4833645371
20
398527.8541164448
30
42
0
VERTEX
8
C-TOPO-MAJR
10
1308850.5102673713
20
398527.4515582034
30
42
0
VERTEX
8
C-TOPO-MAJR
10
1308849.2760178677
20
398520.22191385896
30
42
0
VERTEX
8
C-TOPO-MAJR
10
1308847.68251712
20
398518.43287543807
30
42
0
VERTEX
8
C-TOPO-MAJR
10
1308846.668083453
20
398517.6195568583
30
42
0
VERTEX
8
C-TOPO-MAJR
10
1308845.7573241063
20
398516.2015806957
30
42
0
VERTEX
8
C-TOPO-MAJR
10
1308845.816379106
20
398514.8062422752
30
42
0
VERTEX
8
C-TOPO-MAJR
10
1308847.328843275
20
398514.1789469442
30
42
0
VERTEX
8
C-TOPO-MAJR
10
1308848.2957048682
20
398514.3449571191
30
42
0
VERTEX
8
C-TOPO-MAJR
10
1308850.0604651207
20
398515.66844526806
30
42
0
SEQEND
0
POLYLINE
8
C-TOPO-MAJR
66
1
70
0
0
VERTEX
8
C-TOPO-MAJR
10
1309123.796466195
20
398553.252031543
30
60
0
VERTEX
8
C-TOPO-MAJR
10
1309125.4952817017
20
398554.9442853616
30
60
0
SEQEND
0
POLYLINE
8
C-TOPO-MAJR
66
1
70
0
0
VERTEX
8
C-TOPO-MAJR
10
1309088.2128759462
20
398388.4436341149
30
60
0
VERTEX
8
C-TOPO-MAJR
10
1309087.6731788602
20
398394.82157410315
30
60
0
VERTEX
8
C-TOPO-MAJR
10
1309087.8683884526
20
398400.7451186919
30
60
0
VERTEX
8
C-TOPO-MAJR
10
1309088.6095286987
20
398406.59451643575
30
60
0
VERTEX
8
C-TOPO-MAJR
10
1309088.947126445
20
398407.5000264467
30
60
0
VERTEX
8
C-TOPO-MAJR
10
1309090.834261787
20
398409.88716077653
30
60
0
VERTEX
8
C-TOPO-MAJR
10
1309096.053083375
20
398414.8317046903
30
60
0
VERTEX
8
C-TOPO-MAJR
10
1309101.7600929502
20
398419.68012019485
30
60
0
VERTEX
8
C-TOPO-MAJR
10
1309109.425431947
20
398429.2614658529
30
60
0
VERTEX
8
C-TOPO-MAJR
10
1309112.5245071177
20
398433.5377040306
30
60
0
VERTEX
8
C-TOPO-MAJR
10
1309114.3542278635
20
398434.3175581122
30
60
0
VERTEX
8
C-TOPO-MAJR
10
1309116.8220706994
20
398434.15876577975
30
60
0
VERTEX
8
C-TOPO-MAJR
10
1309120.8233750316
20
398432.41369052726
30
60
0
VERTEX
8
C-TOPO-MAJR
10
1309127.2036116214
20
398432.8493851902
30
60
0
SEQEND
0
POLYLINE
8
C-TOPO-MAJR
66
1
70
0
0
VERTEX
8
C-TOPO-MAJR
10
1309128.5986219477
20
398446.32048685575
30
60
0
VERTEX
8
C-TOPO-MAJR
10
1309123.8456786973
20
398454.18825327815
30
60
0
VERTEX
8
C-TOPO-MAJR
10
1309123.017596363
20
398466.74400243425
30
60
0
VERTEX
8
C-TOPO-MAJR
10
1309123.64948487
20
398469.6065295254
30
60
0
VERTEX
8
C-TOPO-MAJR
10
1309127.2101732926
20
398482.81253986194
30
60
0
SEQEND
0
POLYLINE
8
C-TOPO-MAJR
66
1
70
0
0
VERTEX
8
C-TOPO-MAJR
10
1309125.961488121
20
398491.1084550311
30
60
0
VERTEX
8
C-TOPO-MAJR
10
1309121.874225959
20
398493.78134994773
30
60
0
VERTEX
8
C-TOPO-MAJR
10
1309116.032046031
20
398499.10811093723
30
60
0
VERTEX
8
C-TOPO-MAJR
10
1309111.632120454
20
398507.01754393935
30
60
0
VERTEX
8
C-TOPO-MAJR
10
1309112.3148618627
20
398511.86464710365
30
60
0
VERTEX
8
C-TOPO-MAJR
10
1309112.36505861
20
398513.4942370326
30
60
0
VERTEX
8
C-TOPO-MAJR
10
1309110.3161781982
20
398521.5106251878
30
60
0
VERTEX
8
C-TOPO-MAJR
10
1309109.7341583618
20
398526.05359510845
30
60
0
VERTEX
8
C-TOPO-MAJR
10
1309110.1678845398
20
398530.0220911044
30
60
0
VERTEX
8
C-TOPO-MAJR
10
1309110.8525944452
20
398531.8583735123
30
60
0
VERTEX
8
C-TOPO-MAJR
10
1309114.0202390398
20
398539.21268953156
30
60
0
VERTEX
8
C-TOPO-MAJR
10
1309115.9552745346
20
398544.1260655205
30
60
0
VERTEX
8
C-TOPO-MAJR
10
1309118.0979867834
20
398547.39115086227
30
60
0
VERTEX
8
C-TOPO-MAJR
10
1309121.6357093714
20
398551.1001329455
30
60
0
VERTEX
8
C-TOPO-MAJR
10
1309123.796466195
20
398553.252031543
30
60
0
SEQEND
0
POLYLINE
8
C-TOPO-MAJR
66
1
70
0
0
VERTEX
8
C-TOPO-MAJR
10
1308718.8192577749
20
398672.9486425183
30
70
0
VERTEX
8
C-TOPO-MAJR
10
1308716.2730030406
20
398669.5293580213
30
70
0
VERTEX
8
C-TOPO-MAJR
10
1308713.2641507748
20
398664.15174410987
30
70
0
VERTEX
8
C-TOPO-MAJR
10
1308710.5374502072
20
398660.6051632696
30
70
0
VERTEX
8
C-TOPO-MAJR
10
1308706.1348999538
20
398656.9906691939
30
70
0
VERTEX
8
C-TOPO-MAJR
10
1308703.0646961147
20
398655.6780077766
30
70
0
VERTEX
8
C-TOPO-MAJR
10
1308701.425591776
20
398654.5615401954
30
70
0
VERTEX
8
C-TOPO-MAJR
10
1308699.4278923655
20
398651.9424509427
30
70
0
VERTEX
8
C-TOPO-MAJR
10
1308698.859323943
20
398651.42801627296
30
70
0
VERTEX
8
C-TOPO-MAJR
10
1308691.3560581205
20
398646.4562414399
30
70
0
VERTEX
8
C-TOPO-MAJR
10
1308681.5230725347
20
398639.70625493897
30
70
0
VERTEX
8
C-TOPO-MAJR
10
1308672.6444813735
20
398634.0438646891
30
70
0
VERTEX
8
C-TOPO-MAJR
10
1308664.1566374556
20
398628.4152670293
30
70
0
VERTEX
8
C-TOPO-MAJR
10
1308661.6356451209
20
398626.59801344696
30
70
0
VERTEX
8
C-TOPO-MAJR
10
1308660.56150028
20
398625.9648126015
30
70
0
VERTEX
8
C-TOPO-MAJR
10
1308653.3351367824
20
398622.3782056168
30
70
0
VERTEX
8
C-TOPO-MAJR
10
1308648.9529277037
20
398619.7171216862
30
70
0
VERTEX
8
C-TOPO-MAJR
10
1308646.621895625
20
398618.0156815346
30
70
0
VERTEX
8
C-TOPO-MAJR
10
1308639.3607552901
20
398613.20007435343
30
70
0
VERTEX
8
C-TOPO-MAJR
10
1308634.2787444573
20
398610.53702194453
30
70
0
VERTEX
8
C-TOPO-MAJR
10
1308631.782030284
20
398609.0596626956
30
70
0
VERTEX
8
C-TOPO-MAJR
10
1308622.0126928592
20
398602.0321176926
30
70
0
VERTEX
8
C-TOPO-MAJR
10
1308621.7836906987
20
398601.867419864
30
70
0
VERTEX
8
C-TOPO-MAJR
10
1308618.2016768695
20
398599.5514796096
30
70
0
VERTEX
8
C-TOPO-MAJR
10
1308613.6987331144
20
398597.50784852984
30
70
0
VERTEX
8
C-TOPO-MAJR
10
1308612.7741942855
20
398596.9773377736
30
70
0
VERTEX
8
C-TOPO-MAJR
10
1308610.9533317825
20
398595.20700011065
30
70
0
VERTEX
8
C-TOPO-MAJR
10
1308609.85425262
20
398594.28311744594
30
70
0
VERTEX
8
C-TOPO-MAJR
10
1308597.8349197046
20
398585.7982262861
30
70
0
VERTEX
8
C-TOPO-MAJR
10
1308593.1567794497
20
398581.3864896836
30
70
0
VERTEX
8
C-TOPO-MAJR
10
1308592.6131453626
20
398580.9055195182
30
70
0
VERTEX
8
C-TOPO-MAJR
10
1308589.03342811
20
398578.72606194305
30
70
0
VERTEX
8
C-TOPO-MAJR
10
1308585.1505618575
20
398576.2326286135
30
70
0
VERTEX
8
C-TOPO-MAJR
10
1308581.0140871992
20
398572.781520023
30
70
0
VERTEX
8
C-TOPO-MAJR
10
1308577.6912592016
20
398569.2585611946
30
70
0
VERTEX
8
C-TOPO-MAJR
10
1308572.115482956
20
398563.3376412803
30
70
0
VERTEX
8
C-TOPO-MAJR
10
1308564.4980441127
20
398555.49644961476
30
70
0
VERTEX
8
C-TOPO-MAJR
10
1308562.8986378673
20
398553.6939597665
30
70
0
VERTEX
8
C-TOPO-MAJR
10
1308556.803177618
20
398546.2759956122
30
70
0
SEQEND
0
POLYLINE
8
C-TOPO-MAJR
66
1
70
0
0
VERTEX
8
C-TOPO-MAJR
10
1308557.4294886992
20
398488.5966490386
30
70
0
VERTEX
8
C-TOPO-MAJR
10
1308561.0849931922
20
398479.592073848
30
70
0
VERTEX
8
C-TOPO-MAJR
10
1308561.3976566144
20
398474.98086261516
30
70
0
VERTEX
8
C-TOPO-MAJR
10
1308561.0033004545
20
398471.0927470185
30
70
0
VERTEX
8
C-TOPO-MAJR
10
1308561.9898470277
20
398461.39394752495
30
70
0
VERTEX
8
C-TOPO-MAJR
10
1308562.2569068659
20
398459.3207889525
30
70
0
VERTEX
8
C-TOPO-MAJR
10
1308562.8648452854
20
398456.0665303607
30
70
0
VERTEX
8
C-TOPO-MAJR
10
1308563.100737195
20
398451.6984288683
30
70
0
VERTEX
8
C-TOPO-MAJR
10
1308560.2214778606
20
398446.31392518803
30
70
0
VERTEX
8
C-TOPO-MAJR
10
1308553.1168332812
20
398441.53834418807
30
70
0
SEQEND
0
POLYLINE
8
C-TOPO-MAJR
66
1
70
0
0
VERTEX
8
C-TOPO-MAJR
10
1308901.656490533
20
398393.3806321126
30
50
0
VERTEX
8
C-TOPO-MAJR
10
1308900.8310328664
20
398395.69033878203
30
50
0
VERTEX
8
C-TOPO-MAJR
10
1308896.707681533
20
398398.4340996883
30
50
0
VERTEX
8
C-TOPO-MAJR
10
1308894.4094577827
20
398398.5282595978
30
50
0
VERTEX
8
C-TOPO-MAJR
10
1308893.3159560338
20
398398.2726826845
30
50
0
VERTEX
8
C-TOPO-MAJR
10
1308889.9347292003
20
398399.6056852767
30
50
0
VERTEX
8
C-TOPO-MAJR
10
1308884.5305405376
20
398401.63750536426
30
50
0
VERTEX
8
C-TOPO-MAJR
10
1308880.905875873
20
398403.25167535996
30
50
0
VERTEX
8
C-TOPO-MAJR
10
1308880.387832281
20
398403.41834168823
30
50
0
VERTEX
8
C-TOPO-MAJR
10
1308874.5289201108
20
398404.2211616222
30
50
0
VERTEX
8
C-TOPO-MAJR
10
1308870.2451360316
20
398404.1693244397
30
50
0
VERTEX
8
C-TOPO-MAJR
10
1308867.0998011176
20
398404.29202760576
30
50
0
VERTEX
8
C-TOPO-MAJR
10
1308864.5053181113
20
398404.3733922778
30
50
0
VERTEX
8
C-TOPO-MAJR
10
1308857.8563812773
20
398404.37339228083
30
50
0
VERTEX
8
C-TOPO-MAJR
10
1308853.909210691
20
398405.1588237666
30
50
0
VERTEX
8
C-TOPO-MAJR
10
1308851.6096746116
20
398405.1926163567
30
50
0
VERTEX
8
C-TOPO-MAJR
10
1308848.237962201
20
398403.9636161817
30
50
0
VERTEX
8
C-TOPO-MAJR
10
1308846.8101435257
20
398403.2004943583
30
50
0
VERTEX
8
C-TOPO-MAJR
10
1308843.2963710374
20
398401.295970617
30
50
0
VERTEX
8
C-TOPO-MAJR
10
1308839.0906707922
20
398399.80122295034
30
50
0
VERTEX
8
C-TOPO-MAJR
10
1308836.1336556906
20
398399.59289002704
30
50
0
VERTEX
8
C-TOPO-MAJR
10
1308832.8203421216
20
398399.66211561195
30
50
0
VERTEX
8
C-TOPO-MAJR
10
1308831.567391868
20
398399.3179561841
30
50
0
VERTEX
8
C-TOPO-MAJR
10
1308825.6691096965
20
398396.58338160167
30
50
0
VERTEX
8
C-TOPO-MAJR
10
1308823.8767904418
20
398396.0627133653
30
50
0
VERTEX
8
C-TOPO-MAJR
10
1308821.0086859597
20
398395.3763630307
30
50
0
VERTEX
8
C-TOPO-MAJR
10
1308809.4197983711
20
398390.8330650242
30
50
0
SEQEND
0
POLYLINE
8
C-TOPO-MAJR
66
1
70
0
0
VERTEX
8
C-TOPO-MAJR
10
1308953.3437231123
20
398392.0899522627
30
56
0
VERTEX
8
C-TOPO-MAJR
10
1308961.1324214467
20
398401.14111528086
30
56
0
SEQEND
0
POLYLINE
8
C-TOPO-MAJR
66
1
70
0
0
VERTEX
8
C-TOPO-MAJR
10
1308860.635575201
20
398673.5214760352
30
50
0
VERTEX
8
C-TOPO-MAJR
10
1308859.6801965346
20
398670.7472033666
30
50
0
VERTEX
8
C-TOPO-MAJR
10
1308858.1096616236
20
398666.32431194367
30
50
0
VERTEX
8
C-TOPO-MAJR
10
1308856.9820391955
20
398663.421430613
30
50
0
VERTEX
8
C-TOPO-MAJR
10
1308855.8950991135
20
398659.753458944
30
50
0
VERTEX
8
C-TOPO-MAJR
10
1308853.9725307762
20
398654.7593744516
30
50
0
VERTEX
8
C-TOPO-MAJR
10
1308853.3937917885
20
398653.2141019427
30
50
0
VERTEX
8
C-TOPO-MAJR
10
1308852.253374112
20
398648.9696878524
30
50
0
VERTEX
8
C-TOPO-MAJR
10
1308851.008297874
20
398644.8611002819
30
50
0
VERTEX
8
C-TOPO-MAJR
10
1308850.9413688735
20
398644.33387036866
30
50
0
VERTEX
8
C-TOPO-MAJR
10
1308851.130344868
20
398640.72889069957
30
50
0
VERTEX
8
C-TOPO-MAJR
10
1308851.2671556142
20
398639.1901798768
30
50
0
VERTEX
8
C-TOPO-MAJR
10
1308851.3439271105
20
398637.94904060545
30
50
0
VERTEX
8
C-TOPO-MAJR
10
1308850.736644863
20
398631.7377669485
30
50
0
VERTEX
8
C-TOPO-MAJR
10
1308850.235333523
20
398627.37753944274
30
50
0
VERTEX
8
C-TOPO-MAJR
10
1308849.776344945
20
398624.16790017876
30
50
0
VERTEX
8
C-TOPO-MAJR
10
1308849.307185776
20
398622.37033161183
30
50
0
VERTEX
8
C-TOPO-MAJR
10
1308849.0358608647
20
398621.2906093596
30
50
0
VERTEX
8
C-TOPO-MAJR
10
1308847.8085011202
20
398613.4458087713
30
50
0
VERTEX
8
C-TOPO-MAJR
10
1308847.5594858653
20
398611.4809176861
30
50
0
VERTEX
8
C-TOPO-MAJR
10
1308847.314735709
20
398609.3250821044
30
50
0
VERTEX
8
C-TOPO-MAJR
10
1308847.1050904554
20
398608.2699661032
30
50
0
VERTEX
8
C-TOPO-MAJR
10
1308843.7035224524
20
398596.5327848604
30
50
0
VERTEX
8
C-TOPO-MAJR
10
1308842.2310844474
20
398592.04919803835
30
50
0
VERTEX
8
C-TOPO-MAJR
10
1308840.4049726266
20
398587.02099286084
30
50
0
VERTEX
8
C-TOPO-MAJR
10
1308836.5201378728
20
398576.1935866837
30
50
0
VERTEX
8
C-TOPO-MAJR
10
1308835.028671037
20
398571.7060628622
30
50
0
VERTEX
8
C-TOPO-MAJR
10
1308833.061811443
20
398566.34255653154
30
50
0
VERTEX
8
C-TOPO-MAJR
10
1308831.8150947792
20
398563.51480628795
30
50
0
VERTEX
8
C-TOPO-MAJR
10
1308831.3370773597
20
398562.4783910355
30
50
0
VERTEX
8
C-TOPO-MAJR
10
1308831.0490201965
20
398561.66999370046
30
50
0
VERTEX
8
C-TOPO-MAJR
10
1308830.515228609
20
398559.7890919404
30
50
0
VERTEX
8
C-TOPO-MAJR
10
1308829.549351282
20
398556.2159363556
30
50
0
VERTEX
8
C-TOPO-MAJR
10
1308827.8774386165
20
398549.1683782757
30
50
0
VERTEX
8
C-TOPO-MAJR
10
1308827.100865357
20
398547.4091954608
30
50
0
VERTEX
8
C-TOPO-MAJR
10
1308824.8354499436
20
398543.5191113613
30
50
0
VERTEX
8
C-TOPO-MAJR
10
1308822.7813201959
20
398539.5355235301
30
50
0
VERTEX
8
C-TOPO-MAJR
10
1308820.7219411135
20
398536.9236521198
30
50
0
VERTEX
8
C-TOPO-MAJR
10
1308814.9394723715
20
398530.4777988656
30
50
0
VERTEX
8
C-TOPO-MAJR
10
1308813.7662463575
20
398528.30129402934
30
50
0
VERTEX
8
C-TOPO-MAJR
10
1308811.0342964507
20
398525.5965750376
30
50
0
VERTEX
8
C-TOPO-MAJR
10
1308808.51002328
20
398526.201560691
30
50
0
VERTEX
8
C-TOPO-MAJR
10
1308807.3774796235
20
398527.0201286043
30
50
0
VERTEX
8
C-TOPO-MAJR
10
1308805.8203961242
20
398528.1612024426
30
50
0
VERTEX
8
C-TOPO-MAJR
10
1308803.380768439
20
398531.93612926156
30
50
0
VERTEX
8
C-TOPO-MAJR
10
1308798.3955422011
20
398538.3235836839
30
50
0
VERTEX
8
C-TOPO-MAJR
10
1308797.7744804467
20
398539.414460778
30
50
0
VERTEX
8
C-TOPO-MAJR
10
1308796.5874749515
20
398544.0286247741
30
50
0
VERTEX
8
C-TOPO-MAJR
10
1308795.5654953686
20
398549.00499277824
30
50
0
VERTEX
8
C-TOPO-MAJR
10
1308794.7626754444
20
398554.4104937653
30
50
0
VERTEX
8
C-TOPO-MAJR
10
1308794.6931217865
20
398554.99546637246
30
50
0
VERTEX
8
C-TOPO-MAJR
10
1308793.4582161126
20
398560.1473589398
30
50
0
VERTEX
8
C-TOPO-MAJR
10
1308792.03630295
20
398563.8356717837
30
50
0
VERTEX
8
C-TOPO-MAJR
10
1308791.6327604484
20
398565.64308286144
30
50
0
VERTEX
8
C-TOPO-MAJR
10
1308790.196083527
20
398570.40783709614
30
50
0
VERTEX
8
C-TOPO-MAJR
10
1308787.2518636987
20
398571.22902970226
30
50
0
VERTEX
8
C-TOPO-MAJR
10
1308784.2558066929
20
398569.35272110713
30
50
0
VERTEX
8
C-TOPO-MAJR
10
1308782.9608617835
20
398567.8520679445
30
50
0
VERTEX
8
C-TOPO-MAJR
10
1308778.3112647776
20
398560.98036253196
30
50
0
VERTEX
8
C-TOPO-MAJR
10
1308775.8309547878
20
398555.9124592866
30
50
0
VERTEX
8
C-TOPO-MAJR
10
1308775.1803655229
20
398554.11521875666
30
50
0
VERTEX
8
C-TOPO-MAJR
10
1308771.8686923634
20
398548.61883869395
30
50
0
VERTEX
8
C-TOPO-MAJR
10
1308764.2722508763
20
398541.6762672735
30
50
0
VERTEX
8
C-TOPO-MAJR
10
1308757.851660043
20
398539.0571780299
30
50
0
VERTEX
8
C-TOPO-MAJR
10
1308756.1334876218
20
398538.99156136473
30
50
0
VERTEX
8
C-TOPO-MAJR
10
1308746.9113932063
20
398540.6588808526
30
50
0
VERTEX
8
C-TOPO-MAJR
10
1308743.2736051911
20
398542.1998882732
30
50
0
VERTEX
8
C-TOPO-MAJR
10
1308740.480631786
20
398543.91609219246
30
50
0
VERTEX
8
C-TOPO-MAJR
10
1308738.441265788
20
398544.29470035766
30
50
0
VERTEX
8
C-TOPO-MAJR
10
1308734.8110236877
20
398541.3350606059
30
50
0
VERTEX
8
C-TOPO-MAJR
10
1308728.8477810284
20
398531.3314717032
30
50
0
VERTEX
8
C-TOPO-MAJR
10
1308726.3786258725
20
398525.4180976927
30
50
0
VERTEX
8
C-TOPO-MAJR
10
1308724.2834857043
20
398517.0664083599
30
50
0
VERTEX
8
C-TOPO-MAJR
10
1308724.0023182891
20
398513.9673331931
30
50
0
VERTEX
8
C-TOPO-MAJR
10
1308724.3356509423
20
398505.5592135281
30
50
0
VERTEX
8
C-TOPO-MAJR
10
1308725.850411691
20
398497.922417765
30
50
0
VERTEX
8
C-TOPO-MAJR
10
1308728.4918106133
20
398494.5720307793
30
50
0
VERTEX
8
C-TOPO-MAJR
10
1308731.1876713599
20
398491.07302202715
30
50
0
VERTEX
8
C-TOPO-MAJR
10
1308735.992451782
20
398483.0294029374
30
50
0
VERTEX
8
C-TOPO-MAJR
10
1308737.79658204
20
398481.72691210755
30
50
0
VERTEX
8
C-TOPO-MAJR
10
1308741.9862061974
20
398479.8693042856
30
50
0
VERTEX
8
C-TOPO-MAJR
10
1308747.032784042
20
398478.8873508565
30
50
0
VERTEX
8
C-TOPO-MAJR
10
1308749.0347485407
20
398478.54515994975
30
50
0
VERTEX
8
C-TOPO-MAJR
10
1308756.1298786907
20
398474.83617785125
30
50
0
VERTEX
8
C-TOPO-MAJR
10
1308757.119049946
20
398474.4749581068
30
50
0
VERTEX
8
C-TOPO-MAJR
10
1308762.6259286946
20
398474.9569125267
30
50
0
VERTEX
8
C-TOPO-MAJR
10
1308768.5212581116
20
398476.1114377802
30
50
0
VERTEX
8
C-TOPO-MAJR
10
1308774.6236081256
20
398477.4952932699
30
50
0
VERTEX
8
C-TOPO-MAJR
10
1308780.9982672876
20
398479.0625473461
30
50
0
VERTEX
8
C-TOPO-MAJR
10
1308785.9474043667
20
398480.49889620225
30
50
0
VERTEX
8
C-TOPO-MAJR
10
1308795.3250102808
20
398483.55039927183
30
50
0
VERTEX
8
C-TOPO-MAJR
10
1308800.1363523724
20
398484.8469846117
30
50
0
VERTEX
8
C-TOPO-MAJR
10
1308801.4198143757
20
398485.08812585846
30
50
0
VERTEX
8
C-TOPO-MAJR
10
1308803.5772903662
20
398485.6540696157
30
50
0
VERTEX
8
C-TOPO-MAJR
10
1308807.1645535328
20
398487.0792636085
30
50
0
VERTEX
8
C-TOPO-MAJR
10
1308811.4319334433
20
398488.2810328581
30
50
0
VERTEX
8
C-TOPO-MAJR
10
1308818.4578380391
20
398488.72689811763
30
50
0
VERTEX
8
C-TOPO-MAJR
10
1308819.3895946979
20
398488.86666160636
30
50
0
VERTEX
8
C-TOPO-MAJR
10
1308821.1415597047
20
398489.4791931941
30
50
0
VERTEX
8
C-TOPO-MAJR
10
1308830.5811733704
20
398492.7331236848
30
50
0
VERTEX
8
C-TOPO-MAJR
10
1308835.7767010268
20
398493.46343719086
30
50
0
VERTEX
8
C-TOPO-MAJR
10
1308836.6415287051
20
398493.6054972865
30
50
0
VERTEX
8
C-TOPO-MAJR
10
1308839.4863392806
20
398494.7144189516
30
50
0
VERTEX
8
C-TOPO-MAJR
10
1308845.7835707797
20
398496.7167115374
30
50
0
VERTEX
8
C-TOPO-MAJR
10
1308849.7100721109
20
398496.98049053544
30
50
0
VERTEX
8
C-TOPO-MAJR
10
1308853.0361809565
20
398497.0333119479
30
50
0
VERTEX
8
C-TOPO-MAJR
10
1308856.467276451
20
398497.42340301943
30
50
0
VERTEX
8
C-TOPO-MAJR
10
1308864.1089934527
20
398498.4768786129
30
50
0
VERTEX
8
C-TOPO-MAJR
10
1308867.687070274
20
398498.9598172689
30
50
0
VERTEX
8
C-TOPO-MAJR
10
1308868.631294116
20
398499.0106701969
30
50
0
VERTEX
8
C-TOPO-MAJR
10
1308870.3698077016
20
398499.22950177826
30
50
0
VERTEX
8
C-TOPO-MAJR
10
1308873.4957856932
20
398500.10220344126
30
50
0
VERTEX
8
C-TOPO-MAJR
10
1308876.9990595386
20
398500.85810744663
30
50
0
VERTEX
8
C-TOPO-MAJR
10
1308883.3733906108
20
398501.9283152769
30
50
0
VERTEX
8
C-TOPO-MAJR
10
1308887.9380140265
20
398502.96112161886
30
50
0
VERTEX
8
C-TOPO-MAJR
10
1308891.0157637857
20
398503.2294937788
30
50
0
VERTEX
8
C-TOPO-MAJR
10
1308894.2706785249
20
398503.34694760817
30
50
0
VERTEX
8
C-TOPO-MAJR
10
1308898.589895617
20
398503.4765405338
30
50
0
VERTEX
8
C-TOPO-MAJR
10
1308903.211277451
20
398503.8334952052
30
50
0
VERTEX
8
C-TOPO-MAJR
10
1308910.3454495335
20
398505.0552775225
30
50
0
VERTEX
8
C-TOPO-MAJR
10
1308911.8146067057
20
398505.27345295047
30
50
0
VERTEX
8
C-TOPO-MAJR
10
1308915.611515115
20
398505.6133472778
30
50
0
VERTEX
8
C-TOPO-MAJR
10
1308916.1659759574
20
398505.6409062707
30
50
0
VERTEX
8
C-TOPO-MAJR
10
1308926.7545374448
20
398505.8344754386
30
50
0
VERTEX
8
C-TOPO-MAJR
10
1308928.492722953
20
398505.8131500306
30
50
0
VERTEX
8
C-TOPO-MAJR
10
1308932.744026778
20
398505.66813719
30
50
0
VERTEX
8
C-TOPO-MAJR
10
1308936.9897532056
20
398505.6966804435
30
50
0
VERTEX
8
C-TOPO-MAJR
10
1308939.6367295287
20
398505.9027167843
30
50
0
VERTEX
8
C-TOPO-MAJR
10
1308943.0464996207
20
398506.462755021
30
50
0
VERTEX
8
C-TOPO-MAJR
10
1308946.5484611224
20
398507.1310607693
30
50
0
VERTEX
8
C-TOPO-MAJR
10
1308952.802713702
20
398507.8922141174
30
50
0
VERTEX
8
C-TOPO-MAJR
10
1308954.0418844481
20
398507.9719383603
30
50
0
VERTEX
8
C-TOPO-MAJR
10
1308959.2164147946
20
398508.23276461946
30
50
0
VERTEX
8
C-TOPO-MAJR
10
1308963.9401586168
20
398508.7439184431
30
50
0
VERTEX
8
C-TOPO-MAJR
10
1308964.8650255287
20
398508.84431195894
30
50
0
VERTEX
8
C-TOPO-MAJR
10
1308968.4811600388
20
398509.10776285274
30
50
0
VERTEX
8
C-TOPO-MAJR
10
1308975.3003721205
20
398509.4371585313
30
50
0
VERTEX
8
C-TOPO-MAJR
10
1308979.355154028
20
398509.66845727945
30
50
0
VERTEX
8
C-TOPO-MAJR
10
1308982.4827724455
20
398510.0483777757
30
50
0
VERTEX
8
C-TOPO-MAJR
10
1308985.2143942788
20
398510.5178650318
30
50
0
VERTEX
8
C-TOPO-MAJR
10
1308988.8938488634
20
398511.2701600991
30
50
0
VERTEX
8
C-TOPO-MAJR
10
1308992.5076867891
20
398512.43977718777
30
50
0
VERTEX
8
C-TOPO-MAJR
10
1308995.3105027033
20
398513.4492896159
30
50
0
VERTEX
8
C-TOPO-MAJR
10
1309001.6037971964
20
398514.99456211866
30
50
0
VERTEX
8
C-TOPO-MAJR
10
1309006.2117276152
20
398516.7163434482
30
50
0
VERTEX
8
C-TOPO-MAJR
10
1309008.9791105264
20
398519.1562991722
30
50
0
VERTEX
8
C-TOPO-MAJR
10
1309011.8698527778
20
398521.4272920282
30
50
0
VERTEX
8
C-TOPO-MAJR
10
1309016.3652506159
20
398522.9328664326
30
50
0
VERTEX
8
C-TOPO-MAJR
10
1309017.290773701
20
398522.91252528824
30
50
0
VERTEX
8
C-TOPO-MAJR
10
1309020.3268568607
20
398523.03063527704
30
50
0
VERTEX
8
C-TOPO-MAJR
10
1309023.7720599382
20
398526.0073353637
30
50
0
VERTEX
8
C-TOPO-MAJR
10
1309025.0830809444
20
398529.0909906186
30
50
0
VERTEX
8
C-TOPO-MAJR
10
1309025.6490247
20
398530.7520765369
30
50
0
VERTEX
8
C-TOPO-MAJR
10
1309026.0391157796
20
398531.61920078663
30
50
0
VERTEX
8
C-TOPO-MAJR
10
1309029.0758551194
20
398536.15298436815
30
50
0
VERTEX
8
C-TOPO-MAJR
10
1309034.9429693602
20
398540.6979227855
30
50
0
VERTEX
8
C-TOPO-MAJR
10
1309038.0679631238
20
398543.91937303555
30
50
0
VERTEX
8
C-TOPO-MAJR
10
1309038.6959146222
20
398555.06994128175
30
50
0
VERTEX
8
C-TOPO-MAJR
10
1309037.120130365
20
398563.06795677094
30
50
0
VERTEX
8
C-TOPO-MAJR
10
1309034.88949178
20
398568.6187987089
30
50
0
VERTEX
8
C-TOPO-MAJR
10
1309033.7120006904
20
398572.1716131066
30
50
0
VERTEX
8
C-TOPO-MAJR
10
1309033.953141953
20
398575.7017897805
30
50
0
VERTEX
8
C-TOPO-MAJR
10
1309034.481028026
20
398580.24672818865
30
50
0
VERTEX
8
C-TOPO-MAJR
10
1309037.9849580328
20
398585.141075343
30
50
0
VERTEX
8
C-TOPO-MAJR
10
1309045.844850447
20
398586.23162436043
30
50
0
VERTEX
8
C-TOPO-MAJR
10
1309049.229030039
20
398588.4265018535
30
50
0
VERTEX
8
C-TOPO-MAJR
10
1309050.5216783711
20
398594.83036044217
30
50
0
VERTEX
8
C-TOPO-MAJR
10
1309052.0246281144
20
398598.5390144365
30
50
0
VERTEX
8
C-TOPO-MAJR
10
1309056.7788837056
20
398600.9638783589
30
50
0
VERTEX
8
C-TOPO-MAJR
10
1309061.115489196
20
398602.17450585874
30
50
0
VERTEX
8
C-TOPO-MAJR
10
1309064.0433048715
20
398602.5098070333
30
50
0
VERTEX
8
C-TOPO-MAJR
10
1309065.4885119437
20
398602.76604010916
30
50
0
VERTEX
8
C-TOPO-MAJR
10
1309067.2417892814
20
398603.1853306058
30
50
0
VERTEX
8
C-TOPO-MAJR
10
1309072.342500863
20
398604.37791352544
30
50
0
VERTEX
8
C-TOPO-MAJR
10
1309074.2394787036
20
398605.42843637697
30
50
0
VERTEX
8
C-TOPO-MAJR
10
1309077.2483309393
20
398607.0964120274
30
50
0
VERTEX
8
C-TOPO-MAJR
10
1309081.456327781
20
398606.6180665363
30
50
0
VERTEX
8
C-TOPO-MAJR
10
1309084.5967414458
20
398605.720758604
30
50
0
VERTEX
8
C-TOPO-MAJR
10
1309086.0809904414
20
398606.1613745177
30
50
0
VERTEX
8
C-TOPO-MAJR
10
1309085.9842058648
20
398608.82869203936
30
50
0
VERTEX
8
C-TOPO-MAJR
10
1309085.18991611
20
398610.2246866101
30
50
0
VERTEX
8
C-TOPO-MAJR
10
1309081.1695829434
20
398612.40512844885
30
50
0
VERTEX
8
C-TOPO-MAJR
10
1309076.8218226095
20
398613.7857031078
30
50
0
VERTEX
8
C-TOPO-MAJR
10
1309072.7611352
20
398614.51470426744
30
50
0
VERTEX
8
C-TOPO-MAJR
10
1309068.6322064516
20
398615.08097611356
30
50
0
VERTEX
8
C-TOPO-MAJR
10
1309066.0442851095
20
398615.7581401182
30
50
0
VERTEX
8
C-TOPO-MAJR
10
1309059.8763184496
20
398619.06784477556
30
50
0
VERTEX
8
C-TOPO-MAJR
10
1309057.174880279
20
398619.45662352204
30
50
0
VERTEX
8
C-TOPO-MAJR
10
1309050.1000912879
20
398617.73549837334
30
50
0
VERTEX
8
C-TOPO-MAJR
10
1309048.6729287768
20
398617.3011160354
30
50
0
VERTEX
8
C-TOPO-MAJR
10
1309047.2703725337
20
398617.479265273
30
50
0
VERTEX
8
C-TOPO-MAJR
10
1309045.334024694
20
398619.6078699476
30
50
0
VERTEX
8
C-TOPO-MAJR
10
1309045.6663731136
20
398625.18692703184
30
50
0
VERTEX
8
C-TOPO-MAJR
10
1309049.5295543629
20
398631.80436785595
30
50
0
VERTEX
8
C-TOPO-MAJR
10
1309052.9262011128
20
398640.1882093619
30
50
0
VERTEX
8
C-TOPO-MAJR
10
1309053.8868291213
20
398644.4739619523
30
50
0
VERTEX
8
C-TOPO-MAJR
10
1309054.552182118
20
398647.25676477
30
50
0
VERTEX
8
C-TOPO-MAJR
10
1309056.0518510372
20
398652.0274245283
30
50
0
VERTEX
8
C-TOPO-MAJR
10
1309057.412740703
20
398662.1012232643
30
50
0
VERTEX
8
C-TOPO-MAJR
10
1309056.0685832917
20
398667.28297144984
30
50
0
VERTEX
8
C-TOPO-MAJR
10
1309053.7319737782
20
398669.3955000348
30
50
0
VERTEX
8
C-TOPO-MAJR
10
1309047.635201198
20
398671.410587858
30
50
0
VERTEX
8
C-TOPO-MAJR
10
1309040.3442052812
20
398673.3154397005
30
50
0
SEQEND
0
POLYLINE
8
C-TOPO-MAJR
66
1
70
0
0
VERTEX
8
C-TOPO-MAJR
10
1308692.4233131956
20
398673.0647840349
30
72
0
VERTEX
8
C-TOPO-MAJR
10
1308689.8173472919
20
398669.858425617
30
72
0
VERTEX
8
C-TOPO-MAJR
10
1308688.8757481216
20
398668.79313901917
30
72
0
VERTEX
8
C-TOPO-MAJR
10
1308677.3406662054
20
398656.1806314389
30
72
0
VERTEX
8
C-TOPO-MAJR
10
1308671.7146931982
20
398650.9020986908
30
72
0
VERTEX
8
C-TOPO-MAJR
10
1308667.3800561978
20
398647.2843237843
30
72
0
VERTEX
8
C-TOPO-MAJR
10
1308660.0618293765
20
398641.8059882773
30
72
0
VERTEX
8
C-TOPO-MAJR
10
1308658.92108361
20
398641.11602902604
30
72
0
VERTEX
8
C-TOPO-MAJR
10
1308649.491640534
20
398636.1235849353
30
72
0
VERTEX
8
C-TOPO-MAJR
10
1308648.6766815283
20
398635.6285071922
30
72
0
VERTEX
8
C-TOPO-MAJR
10
1308643.6704579554
20
398631.54977520317
30
72
0
VERTEX
8
C-TOPO-MAJR
10
1308640.532668938
20
398628.39262928115
30
72
0
VERTEX
8
C-TOPO-MAJR
10
1308633.8686402843
20
398622.94578978483
30
72
0
VERTEX
8
C-TOPO-MAJR
10
1308626.7774471191
20
398618.4605625183
30
72
0
VERTEX
8
C-TOPO-MAJR
10
1308624.7174118692
20
398617.0655521867
30
72
0
VERTEX
8
C-TOPO-MAJR
10
1308619.3404541211
20
398613.55768519343
30
72
0
VERTEX
8
C-TOPO-MAJR
10
1308613.3788518691
20
398610.0695032065
30
72
0
VERTEX
8
C-TOPO-MAJR
10
1308610.3286611077
20
398608.33886361145
30
72
0
VERTEX
8
C-TOPO-MAJR
10
1308607.3342445288
20
398606.67974619294
30
72
0
VERTEX
8
C-TOPO-MAJR
10
1308605.0310995418
20
398605.1351298619
30
72
0
VERTEX
8
C-TOPO-MAJR
10
1308601.1944930314
20
398601.9455036869
30
72
0
VERTEX
8
C-TOPO-MAJR
10
1308593.3529732765
20
398595.6187446943
30
72
0
VERTEX
8
C-TOPO-MAJR
10
1308585.114800776
20
398589.95307359524
30
72
0
VERTEX
8
C-TOPO-MAJR
10
1308582.7568658707
20
398589.0140991045
30
72
0
VERTEX
8
C-TOPO-MAJR
10
1308576.9199352807
20
398587.51869528147
30
72
0
VERTEX
8
C-TOPO-MAJR
10
1308572.2723067799
20
398585.51509035233
30
72
0
VERTEX
8
C-TOPO-MAJR
10
1308559.7221350286
20
398577.5869566075
30
72
0
VERTEX
8
C-TOPO-MAJR
10
1308553.7451128627
20
398572.4583579356
30
72
0
SEQEND
0
POLYLINE
8
C-TOPO-MAJR
66
1
70
0
0
VERTEX
8
C-TOPO-MAJR
10
1308741.3703937808
20
398675.76359753666
30
66
0
VERTEX
8
C-TOPO-MAJR
10
1308739.596119118
20
398669.8685961861
30
66
0
VERTEX
8
C-TOPO-MAJR
10
1308737.9707942843
20
398666.7698491021
30
66
0
VERTEX
8
C-TOPO-MAJR
10
1308732.9527596917
20
398659.4135646044
30
66
0
VERTEX
8
C-TOPO-MAJR
10
1308728.3730444545
20
398653.18326210376
30
66
0
VERTEX
8
C-TOPO-MAJR
10
1308727.6079541107
20
398652.3164659429
30
66
0
VERTEX
8
C-TOPO-MAJR
10
1308724.5672777921
20
398649.04285045504
30
66
0
VERTEX
8
C-TOPO-MAJR
10
1308720.720172613
20
398645.10945935274
30
66
0
VERTEX
8
C-TOPO-MAJR
10
1308713.9928238625
20
398639.6649164328
30
66
0
VERTEX
8
C-TOPO-MAJR
10
1308707.6398182013
20
398635.03631677927
30
66
0
VERTEX
8
C-TOPO-MAJR
10
1308707.317312281
20
398634.8122358583
30
66
0
VERTEX
8
C-TOPO-MAJR
10
1308700.45905828
20
398630.0835707839
30
66
0
VERTEX
8
C-TOPO-MAJR
10
1308695.5640549476
20
398627.1541146873
30
66
0
VERTEX
8
C-TOPO-MAJR
10
1308690.825219288
20
398625.0599587806
30
66
0
VERTEX
8
C-TOPO-MAJR
10
1308689.3012721937
20
398624.4503799469
30
66
0
VERTEX
8
C-TOPO-MAJR
10
1308684.836058034
20
398622.37918985286
30
66
0
VERTEX
8
C-TOPO-MAJR
10
1308678.9866602838
20
398619.10524626396
30
66
0
VERTEX
8
C-TOPO-MAJR
10
1308669.6369414383
20
398613.8995480327
30
66
0
VERTEX
8
C-TOPO-MAJR
10
1308664.2009286988
20
398611.2233722822
30
66
0
VERTEX
8
C-TOPO-MAJR
10
1308661.574293533
20
398610.0721278626
30
66
0
VERTEX
8
C-TOPO-MAJR
10
1308658.3262685325
20
398608.4960155331
30
66
0
VERTEX
8
C-TOPO-MAJR
10
1308652.2783803619
20
398604.74700728705
30
66
0
VERTEX
8
C-TOPO-MAJR
10
1308651.2167026885
20
398604.13644419285
30
66
0
VERTEX
8
C-TOPO-MAJR
10
1308646.489678036
20
398602.05672393745
30
66
0
VERTEX
8
C-TOPO-MAJR
10
1308642.8896196138
20
398600.2660451027
30
66
0
VERTEX
8
C-TOPO-MAJR
10
1308638.7931711175
20
398597.61513178097
30
66
0
VERTEX
8
C-TOPO-MAJR
10
1308633.09403553
20
398594.4156631105
30
66
0
VERTEX
8
C-TOPO-MAJR
10
1308630.3010621173
20
398593.7388271978
30
66
0
VERTEX
8
C-TOPO-MAJR
10
1308629.6681893729
20
398593.51802711067
30
66
0
VERTEX
8
C-TOPO-MAJR
10
1308626.3794820267
20
398591.34217844607
30
66
0
VERTEX
8
C-TOPO-MAJR
10
1308621.8975356158
20
398588.1768304485
30
66
0
VERTEX
8
C-TOPO-MAJR
10
1308618.9723446127
20
398586.1679761888
30
66
0
VERTEX
8
C-TOPO-MAJR
10
1308613.478917277
20
398581.4498097633
30
66
0
VERTEX
8
C-TOPO-MAJR
10
1308608.7820762778
20
398576.8907637682
30
66
0
VERTEX
8
C-TOPO-MAJR
10
1308604.7532129562
20
398573.81695103017
30
66
0
VERTEX
8
C-TOPO-MAJR
10
1308600.050138365
20
398570.61190494034
30
66
0
VERTEX
8
C-TOPO-MAJR
10
1308597.4848547815
20
398568.47509819025
30
66
0
VERTEX
8
C-TOPO-MAJR
10
1308594.6062516212
20
398565.42359511455
30
66
0
VERTEX
8
C-TOPO-MAJR
10
1308591.309014121
20
398561.6184846252
30
66
0
VERTEX
8
C-TOPO-MAJR
10
1308589.0111184483
20
398559.0715736809
30
66
0
VERTEX
8
C-TOPO-MAJR
10
1308587.4103998726
20
398557.2759736137
30
66
0
VERTEX
8
C-TOPO-MAJR
10
1308581.6331804518
20
398550.2211976975
30
66
0
VERTEX
8
C-TOPO-MAJR
10
1308579.023933708
20
398547.4006652872
30
66
0
VERTEX
8
C-TOPO-MAJR
10
1308577.6089102912
20
398545.84489410813
30
66
0
VERTEX
8
C-TOPO-MAJR
10
1308575.736210611
20
398542.53354903084
30
66
0
VERTEX
8
C-TOPO-MAJR
10
1308573.2880527785
20
398534.82621535787
30
66
0
VERTEX
8
C-TOPO-MAJR
10
1308572.1423857783
20
398529.18121351954
30
66
0
VERTEX
8
C-TOPO-MAJR
10
1308571.0767711163
20
398525.1228226902
30
66
0
VERTEX
8
C-TOPO-MAJR
10
1308569.9235581988
20
398519.00111578696
30
66
0
VERTEX
8
C-TOPO-MAJR
10
1308572.1709290387
20
398511.75900428783
30
66
0
VERTEX
8
C-TOPO-MAJR
10
1308572.6043271227
20
398511.0103181158
30
66
0
VERTEX
8
C-TOPO-MAJR
10
1308575.841197276
20
398505.38434510905
30
66
0
VERTEX
8
C-TOPO-MAJR
10
1308581.0432866127
20
398495.77051919507
30
66
0
VERTEX
8
C-TOPO-MAJR
10
1308583.310342461
20
398491.5638346912
30
66
0
VERTEX
8
C-TOPO-MAJR
10
1308585.5140781933
20
398487.1721111991
30
66
0
VERTEX
8
C-TOPO-MAJR
10
1308588.5071824433
20
398481.3233695964
30
66
0
VERTEX
8
C-TOPO-MAJR
10
1308592.9809267784
20
398474.2594073563
30
66
0
VERTEX
8
C-TOPO-MAJR
10
1308597.7545392783
20
398468.68724002875
30
66
0
VERTEX
8
C-TOPO-MAJR
10
1308598.5724510406
20
398467.55600868905
30
66
0
VERTEX
8
C-TOPO-MAJR
10
1308600.5143762783
20
398463.7000452777
30
66
0
VERTEX
8
C-TOPO-MAJR
10
1308600.6101766191
20
398463.3571981871
30
66
0
VERTEX
8
C-TOPO-MAJR
10
1308600.9792703749
20
398461.8558888588
30
66
0
VERTEX
8
C-TOPO-MAJR
10
1308601.6246102832
20
398460.7328596099
30
66
0
VERTEX
8
C-TOPO-MAJR
10
1308606.2784723588
20
398454.5055098664
30
66
0
VERTEX
8
C-TOPO-MAJR
10
1308610.4156031995
20
398449.3562419368
30
66
0
VERTEX
8
C-TOPO-MAJR
10
1308612.7443387015
20
398445.7053306119
30
66
0
VERTEX
8
C-TOPO-MAJR
10
1308614.6911852031
20
398439.3565900274
30
66
0
VERTEX
8
C-TOPO-MAJR
10
1308615.2905934565
20
398433.3969562813
30
66
0
VERTEX
8
C-TOPO-MAJR
10
1308615.0002396945
20
398431.37005743233
30
66
0
VERTEX
8
C-TOPO-MAJR
10
1308613.4582480292
20
398428.4035279331
30
66
0
VERTEX
8
C-TOPO-MAJR
10
1308609.036340872
20
398422.94290893886
30
66
0
VERTEX
8
C-TOPO-MAJR
10
1308607.2141660326
20
398420.907151861
30
66
0
VERTEX
8
C-TOPO-MAJR
10
1308603.2988195391
20
398416.838590438
30
66
0
VERTEX
8
C-TOPO-MAJR
10
1308599.1233029482
20
398413.40487027745
30
66
0
VERTEX
8
C-TOPO-MAJR
10
1308592.9664911092
20
398409.317608121
30
66
0
VERTEX
8
C-TOPO-MAJR
10
1308590.101995536
20
398407.3258142054
30
66
0
VERTEX
8
C-TOPO-MAJR
10
1308587.6538377027
20
398404.9901889325
30
66
0
VERTEX
8
C-TOPO-MAJR
10
1308587.1390749456
20
398404.1762142055
30
66
0
VERTEX
8
C-TOPO-MAJR
10
1308585.1869791101
20
398400.47182526585
30
66
0
VERTEX
8
C-TOPO-MAJR
10
1308578.6161261091
20
398390.5975011847
30
66
0
SEQEND
0
POLYLINE
8
C-TOPO-MAJR
66
1
70
0
0
VERTEX
8
C-TOPO-MAJR
10
1308754.2404467857
20
398672.86793403013
30
62
0
VERTEX
8
C-TOPO-MAJR
10
1308753.1859869454
20
398670.2790284447
30
62
0
VERTEX
8
C-TOPO-MAJR
10
1308750.9661751161
20
398665.73048110463
30
62
0
VERTEX
8
C-TOPO-MAJR
10
1308746.697154783
20
398656.54283543775
30
62
0
VERTEX
8
C-TOPO-MAJR
10
1308744.3221595432
20
398650.77939552785
30
62
0
VERTEX
8
C-TOPO-MAJR
10
1308741.8539886172
20
398646.36733086704
30
62
0
VERTEX
8
C-TOPO-MAJR
10
1308736.69126929
20
398640.0884720269
30
62
0
VERTEX
8
C-TOPO-MAJR
10
1308730.9015826974
20
398633.7328416858
30
62
0
VERTEX
8
C-TOPO-MAJR
10
1308729.0124788699
20
398631.8293021928
30
62
0
VERTEX
8
C-TOPO-MAJR
10
1308720.4281784534
20
398624.1049081971
30
62
0
VERTEX
8
C-TOPO-MAJR
10
1308718.4258858736
20
398622.7230211888
30
62
0
VERTEX
8
C-TOPO-MAJR
10
1308714.854042618
20
398620.8762401138
30
62
0
VERTEX
8
C-TOPO-MAJR
10
1308710.5522139468
20
398618.8408111126
30
62
0
VERTEX
8
C-TOPO-MAJR
10
1308702.1687005297
20
398615.30144810566
30
62
0
VERTEX
8
C-TOPO-MAJR
10
1308697.6939719438
20
398613.65118893125
30
62
0
VERTEX
8
C-TOPO-MAJR
10
1308695.0538853654
20
398612.6974506942
30
62
0
VERTEX
8
C-TOPO-MAJR
10
1308694.2126796977
20
398612.29981370055
30
62
0
VERTEX
8
C-TOPO-MAJR
10
1308690.8091432003
20
398610.3667466874
30
62
0
VERTEX
8
C-TOPO-MAJR
10
1308689.3770594555
20
398609.667601094
30
62
0
VERTEX
8
C-TOPO-MAJR
10
1308687.0109224424
20
398608.595752862
30
62
0
VERTEX
8
C-TOPO-MAJR
10
1308680.2671695251
20
398604.92318802804
30
62
0
VERTEX
8
C-TOPO-MAJR
10
1308677.0883701087
20
398602.8874309471
30
62
0
VERTEX
8
C-TOPO-MAJR
10
1308671.9302439475
20
398599.988158527
30
62
0
VERTEX
8
C-TOPO-MAJR
10
1308670.2937642857
20
398599.23947235796
30
62
0
VERTEX
8
C-TOPO-MAJR
10
1308659.3436549613
20
398594.43239536876
30
62
0
VERTEX
8
C-TOPO-MAJR
10
1308657.3170841956
20
398593.12006202503
30
62
0
VERTEX
8
C-TOPO-MAJR
10
1308655.3935316168
20
398591.59775534715
30
62
0
VERTEX
8
C-TOPO-MAJR
10
1308652.2990496112
20
398590.13417561457
30
62
0
VERTEX
8
C-TOPO-MAJR
10
1308651.641570621
20
398590.07577678876
30
62
0
VERTEX
8
C-TOPO-MAJR
10
1308650.2603397805
20
398589.8493992883
30
62
0
VERTEX
8
C-TOPO-MAJR
10
1308645.633708625
20
398587.04756761156
30
62
0
VERTEX
8
C-TOPO-MAJR
10
1308640.0156096173
20
398583.58891310194
30
62
0
VERTEX
8
C-TOPO-MAJR
10
1308633.566147443
20
398580.5308483616
30
62
0
VERTEX
8
C-TOPO-MAJR
10
1308631.755127459
20
398579.81890751544
30
62
0
VERTEX
8
C-TOPO-MAJR
10
1308630.3929254517
20
398578.6706158714
30
62
0
VERTEX
8
C-TOPO-MAJR
10
1308629.0507365277
20
398576.82055394724
30
62
0
VERTEX
8
C-TOPO-MAJR
10
1308626.2968050311
20
398574.209994868
30
62
0
VERTEX
8
C-TOPO-MAJR
10
1308622.3283090405
20
398571.6781757712
30
62
0
VERTEX
8
C-TOPO-MAJR
10
1308617.3840932003
20
398568.5561347642
30
62
0
VERTEX
8
C-TOPO-MAJR
10
1308615.2574570281
20
398567.0000355177
30
62
0
VERTEX
8
C-TOPO-MAJR
10
1308610.757137953
20
398563.45148618997
30
62
0
VERTEX
8
C-TOPO-MAJR
10
1308605.5606260297
20
398559.0846970256
30
62
0
VERTEX
8
C-TOPO-MAJR
10
1308604.1183717053
20
398557.4639653499
30
62
0
VERTEX
8
C-TOPO-MAJR
10
1308600.344757193
20
398552.1742777752
30
62
0
VERTEX
8
C-TOPO-MAJR
10
1308599.2565047883
20
398550.9452776155
30
62
0
VERTEX
8
C-TOPO-MAJR
10
1308598.4618869524
20
398549.7871434393
30
62
0
VERTEX
8
C-TOPO-MAJR
10
1308597.9930558593
20
398548.4193640361
30
62
0
VERTEX
8
C-TOPO-MAJR
10
1308597.3208131152
20
398543.7510662781
30
62
0
VERTEX
8
C-TOPO-MAJR
10
1308600.6170663668
20
398536.7081013601
30
62
0
VERTEX
8
C-TOPO-MAJR
10
1308604.058660536
20
398532.863948941
30
62
0
VERTEX
8
C-TOPO-MAJR
10
1308606.8073427042
20
398526.9623859563
30
62
0
VERTEX
8
C-TOPO-MAJR
10
1308606.6216475305
20
398518.53917445
30
62
0
VERTEX
8
C-TOPO-MAJR
10
1308606.4930388746
20
398514.23734578217
30
62
0
VERTEX
8
C-TOPO-MAJR
10
1308607.1423157868
20
398512.8803931137
30
62
0
VERTEX
8
C-TOPO-MAJR
10
1308608.5327329447
20
398511.39548795484
30
62
0
VERTEX
8
C-TOPO-MAJR
10
1308612.1485393597
20
398506.962754018
30
62
0
VERTEX
8
C-TOPO-MAJR
10
1308616.595708947
20
398498.8407230256
30
62
0
VERTEX
8
C-TOPO-MAJR
10
1308621.077983453
20
398490.83877052175
30
62
0
VERTEX
8
C-TOPO-MAJR
10
1308626.168852539
20
398485.3676528542
30
62
0
VERTEX
8
C-TOPO-MAJR
10
1308628.609792524
20
398481.77153144754
30
62
0
VERTEX
8
C-TOPO-MAJR
10
1308628.900474364
20
398479.8817714403
30
62
0
VERTEX
8
C-TOPO-MAJR
10
1308628.8184535273
20
398476.68886443763
30
62
0
VERTEX
8
C-TOPO-MAJR
10
1308630.9519794537
20
398471.2167625217
30
62
0
VERTEX
8
C-TOPO-MAJR
10
1308632.69016495
20
398467.86407894123
30
62
0
VERTEX
8
C-TOPO-MAJR
10
1308634.0192305408
20
398463.6301635364
30
62
0
VERTEX
8
C-TOPO-MAJR
10
1308638.3059673693
20
398456.4966476134
30
62
0
VERTEX
8
C-TOPO-MAJR
10
1308640.3023544517
20
398454.0881878512
30
62
0
VERTEX
8
C-TOPO-MAJR
10
1308642.6638982857
20
398449.81359010877
30
62
0
VERTEX
8
C-TOPO-MAJR
10
1308643.3778076111
20
398448.908080107
30
62
0
VERTEX
8
C-TOPO-MAJR
10
1308644.186861124
20
398448.021270851
30
62
0
VERTEX
8
C-TOPO-MAJR
10
1308645.9752433696
20
398443.69057085615
30
62
0
VERTEX
8
C-TOPO-MAJR
10
1308647.2898732824
20
398437.43730252754
30
62
0
VERTEX
8
C-TOPO-MAJR
10
1308647.54676254
20
398434.986848118
30
62
0
VERTEX
8
C-TOPO-MAJR
10
1308647.0884301146
20
398427.7253796863
30
62
0
VERTEX
8
C-TOPO-MAJR
10
1308645.7324617018
20
398423.3746666146
30
62
0
VERTEX
8
C-TOPO-MAJR
10
1308643.0723620309
20
398419.4603043591
30
62
0
VERTEX
8
C-TOPO-MAJR
10
1308640.763967701
20
398417.05775010516
30
62
0
VERTEX
8
C-TOPO-MAJR
10
1308637.6051813604
20
398414.2191731178
30
62
0
VERTEX
8
C-TOPO-MAJR
10
1308636.5198817053
20
398413.25493617076
30
62
0
VERTEX
8
C-TOPO-MAJR
10
1308633.5697563693
20
398410.5092067679
30
62
0
VERTEX
8
C-TOPO-MAJR
10
1308630.74266228
20
398407.96590476774
30
62
0
VERTEX
8
C-TOPO-MAJR
10
1308628.812548037
20
398406.2490446921
30
62
0
VERTEX
8
C-TOPO-MAJR
10
1308626.6347308713
20
398403.84681853314
30
62
0
VERTEX
8
C-TOPO-MAJR
10
1308623.5461543617
20
398398.44558261905
30
62
0
VERTEX
8
C-TOPO-MAJR
10
1308622.759410528
20
398397.2287215282
30
62
0
VERTEX
8
C-TOPO-MAJR
10
1308620.1081691203
20
398393.8868646946
30
62
0
VERTEX
8
C-TOPO-MAJR
10
1308614.9356072801
20
398386.52401851397
30
62
0
SEQEND
0
POLYLINE
8
C-TOPO-MAJR
66
1
70
0
0
VERTEX
8
C-TOPO-MAJR
10
1308842.028000873
20
398676.05887252395
30
54
0
VERTEX
8
C-TOPO-MAJR
10
1308837.0171841187
20
398661.05955868744
30
54
0
VERTEX
8
C-TOPO-MAJR
10
1308837.3777476952
20
398655.760356697
30
54
0
VERTEX
8
C-TOPO-MAJR
10
1308839.2297781156
20
398650.33024944057
30
54
0
VERTEX
8
C-TOPO-MAJR
10
1308838.8354219438
20
398646.8807812762
30
54
0
VERTEX
8
C-TOPO-MAJR
10
1308838.853138442
20
398646.35486370017
30
54
0
VERTEX
8
C-TOPO-MAJR
10
1308841.0024123574
20
398639.811569672
30
54
0
VERTEX
8
C-TOPO-MAJR
10
1308841.3298395365
20
398635.96512070094
30
54
0
VERTEX
8
C-TOPO-MAJR
10
1308841.1139606873
20
398634.1616466135
30
54
0
VERTEX
8
C-TOPO-MAJR
10
1308839.7412600312
20
398627.6626438579
30
54
0
VERTEX
8
C-TOPO-MAJR
10
1308837.0883782045
20
398619.32965527993
30
54
0
VERTEX
8
C-TOPO-MAJR
10
1308836.414823109
20
398617.2519035395
30
54
0
VERTEX
8
C-TOPO-MAJR
10
1308835.468630791
20
398613.9287474395
30
54
0
VERTEX
8
C-TOPO-MAJR
10
1308834.8183696188
20
398611.5868886122
30
54
0
VERTEX
8
C-TOPO-MAJR
10
1308834.054263532
20
398607.7824342792
30
54
0
VERTEX
8
C-TOPO-MAJR
10
1308833.6139756995
20
398606.2099308724
30
54
0
VERTEX
8
C-TOPO-MAJR
10
1308831.2655552023
20
398601.2450457807
30
54
0
VERTEX
8
C-TOPO-MAJR
10
1308824.3646503633
20
398589.99638060416
30
54
0
VERTEX
8
C-TOPO-MAJR
10
1308821.161900873
20
398586.7575419456
30
54
0
VERTEX
8
C-TOPO-MAJR
10
1308818.3367752843
20
398587.7703351954
30
54
0
VERTEX
8
C-TOPO-MAJR
10
1308816.1865171131
20
398594.5117915289
30
54
0
VERTEX
8
C-TOPO-MAJR
10
1308816.5054141097
20
398600.08822394785
30
54
0
VERTEX
8
C-TOPO-MAJR
10
1308815.4650618678
20
398600.86479718337
30
54
0
VERTEX
8
C-TOPO-MAJR
10
1308809.761989274
20
398602.36479418963
30
54
0
VERTEX
8
C-TOPO-MAJR
10
1308800.7068892804
20
398607.6705578509
30
54
0
VERTEX
8
C-TOPO-MAJR
10
1308797.5694283638
20
398611.2250126808
30
54
0
VERTEX
8
C-TOPO-MAJR
10
1308794.6475181985
20
398617.9933718569
30
54
0
VERTEX
8
C-TOPO-MAJR
10
1308794.2531620364
20
398619.58391986217
30
54
0
VERTEX
8
C-TOPO-MAJR
10
1308793.3030327114
20
398625.1672420347
30
54
0
VERTEX
8
C-TOPO-MAJR
10
1308792.8204221246
20
398628.44807536196
30
54
0
VERTEX
8
C-TOPO-MAJR
10
1308792.6540838773
20
398628.77943951875
30
54
0
VERTEX
8
C-TOPO-MAJR
10
1308791.0494282758
20
398629.39722044626
30
54
0
VERTEX
8
C-TOPO-MAJR
10
1308789.7203627029
20
398628.9700559477
30
54
0
VERTEX
8
C-TOPO-MAJR
10
1308788.166560035
20
398626.90477134974
30
54
0
VERTEX
8
C-TOPO-MAJR
10
1308786.8263396122
20
398624.07341218647
30
54
0
VERTEX
8
C-TOPO-MAJR
10
1308781.5711007894
20
398615.51371801924
30
54
0
VERTEX
8
C-TOPO-MAJR
10
1308780.7581102806
20
398614.4973158681
30
54
0
VERTEX
8
C-TOPO-MAJR
10
1308778.2938763597
20
398610.7364966085
30
54
0
VERTEX
8
C-TOPO-MAJR
10
1308776.3742607778
20
398605.840509025
30
54
0
VERTEX
8
C-TOPO-MAJR
10
1308775.0304314466
20
398602.8497013545
30
54
0
VERTEX
8
C-TOPO-MAJR
10
1308768.248292783
20
398593.2762296953
30
54
0
VERTEX
8
C-TOPO-MAJR
10
1308763.8749419523
20
398588.5049137714
30
54
0
VERTEX
8
C-TOPO-MAJR
10
1308759.1072349516
20
398583.97966036346
30
54
0
VERTEX
8
C-TOPO-MAJR
10
1308753.2450419453
20
398580.72638602305
30
54
0
VERTEX
8
C-TOPO-MAJR
10
1308749.8779226963
20
398579.8848522726
30
54
0
VERTEX
8
C-TOPO-MAJR
10
1308744.561988454
20
398577.87173294293
30
54
0
VERTEX
8
C-TOPO-MAJR
10
1308740.4081253663
20
398577.21294160734
30
54
0
VERTEX
8
C-TOPO-MAJR
10
1308734.332350117
20
398580.18537661486
30
54
0
VERTEX
8
C-TOPO-MAJR
10
1308728.4094617004
20
398583.29396617913
30
54
0
VERTEX
8
C-TOPO-MAJR
10
1308721.419646293
20
398585.2214557881
30
54
0
VERTEX
8
C-TOPO-MAJR
10
1308715.3914431161
20
398585.59743927274
30
54
0
VERTEX
8
C-TOPO-MAJR
10
1308709.0912588644
20
398585.0918628624
30
54
0
VERTEX
8
C-TOPO-MAJR
10
1308702.3701436927
20
398584.11778344435
30
54
0
VERTEX
8
C-TOPO-MAJR
10
1308696.6047352832
20
398583.2519715196
30
54
0
VERTEX
8
C-TOPO-MAJR
10
1308694.4754744475
20
398582.57841644995
30
54
0
VERTEX
8
C-TOPO-MAJR
10
1308689.1677422696
20
398579.8887892751
30
54
0
VERTEX
8
C-TOPO-MAJR
10
1308681.2635586222
20
398575.9629441011
30
54
0
VERTEX
8
C-TOPO-MAJR
10
1308677.7153373589
20
398574.4901780385
30
54
0
VERTEX
8
C-TOPO-MAJR
10
1308672.715347358
20
398571.9590151103
30
54
0
VERTEX
8
C-TOPO-MAJR
10
1308669.7671905262
20
398569.72214294545
30
54
0
VERTEX
8
C-TOPO-MAJR
10
1308667.0965921998
20
398567.03382811387
30
54
0
VERTEX
8
C-TOPO-MAJR
10
1308664.942725116
20
398563.2064079468
30
54
0
VERTEX
8
C-TOPO-MAJR
10
1308664.3059153673
20
398561.16310494987
30
54
0
VERTEX
8
C-TOPO-MAJR
10
1308664.3433168642
20
398558.51940943697
30
54
0
VERTEX
8
C-TOPO-MAJR
10
1308668.3400280278
20
398553.12079820037
30
54
0
VERTEX
8
C-TOPO-MAJR
10
1308672.9807667816
20
398549.55157960585
30
54
0
VERTEX
8
C-TOPO-MAJR
10
1308674.8610123675
20
398546.3435807832
30
54
0
VERTEX
8
C-TOPO-MAJR
10
1308675.920065369
20
398537.9144637747
30
54
0
VERTEX
8
C-TOPO-MAJR
10
1308676.4899461202
20
398532.74124577496
30
54
0
VERTEX
8
C-TOPO-MAJR
10
1308678.6923695297
20
398524.4003831799
30
54
0
VERTEX
8
C-TOPO-MAJR
10
1308681.816707117
20
398515.8062402723
30
54
0
VERTEX
8
C-TOPO-MAJR
10
1308683.5424254483
20
398509.4010693587
30
54
0
VERTEX
8
C-TOPO-MAJR
10
1308684.2881588598
20
398504.95914910414
30
54
0
VERTEX
8
C-TOPO-MAJR
10
1308685.8242450363
20
398499.088425934
30
54
0
VERTEX
8
C-TOPO-MAJR
10
1308687.32391394
20
398493.53364702716
30
54
0
VERTEX
8
C-TOPO-MAJR
10
1308689.3652484503
20
398490.1199399526
30
54
0
VERTEX
8
C-TOPO-MAJR
10
1308691.1132764458
20
398488.49067811866
30
54
0
VERTEX
8
C-TOPO-MAJR
10
1308695.6427949485
20
398484.51266769465
30
54
0
VERTEX
8
C-TOPO-MAJR
10
1308702.2523617859
20
398478.69443786034
30
54
0
VERTEX
8
C-TOPO-MAJR
10
1308706.5801090267
20
398476.4267258718
30
54
0
VERTEX
8
C-TOPO-MAJR
10
1308711.1040501103
20
398475.58552018885
30
54
0
VERTEX
8
C-TOPO-MAJR
10
1308717.6903230336
20
398474.80140102503
30
54
0
VERTEX
8
C-TOPO-MAJR
10
1308723.5105213593
20
398472.463479188
30
54
0
VERTEX
8
C-TOPO-MAJR
10
1308724.3212152827
20
398471.92607869033
30
54
0
VERTEX
8
C-TOPO-MAJR
10
1308729.122386778
20
398468.41952402826
30
54
0
VERTEX
8
C-TOPO-MAJR
10
1308730.0859675342
20
398467.4405233533
30
54
0
VERTEX
8
C-TOPO-MAJR
10
1308734.9520995282
20
398461.01369895507
30
54
0
VERTEX
8
C-TOPO-MAJR
10
1308737.7490099464
20
398458.89428061043
30
54
0
VERTEX
8
C-TOPO-MAJR
10
1308739.5088489503
20
398459.2026789546
30
54
0
VERTEX
8
C-TOPO-MAJR
10
1308739.99441228
20
398459.3555657818
30
54
0
VERTEX
8
C-TOPO-MAJR
10
1308743.7512945367
20
398459.98220494424
30
54
0
VERTEX
8
C-TOPO-MAJR
10
1308751.996684856
20
398461.11113970756
30
54
0
VERTEX
8
C-TOPO-MAJR
10
1308754.6449735246
20
398461.4224907631
30
54
0
VERTEX
8
C-TOPO-MAJR
10
1308758.1390610272
20
398462.28731845174
30
54
0
VERTEX
8
C-TOPO-MAJR
10
1308763.544562037
20
398463.77550443227
30
54
0
VERTEX
8
C-TOPO-MAJR
10
1308772.7371289541
20
398465.8706446118
30
54
0
VERTEX
8
C-TOPO-MAJR
10
1308778.74859987
20
398467.4628330309
30
54
0
VERTEX
8
C-TOPO-MAJR
10
1308781.837504457
20
398468.4687365302
30
54
0
VERTEX
8
C-TOPO-MAJR
10
1308784.852918366
20
398469.7479334494
30
54
0
VERTEX
8
C-TOPO-MAJR
10
1308789.684929694
20
398471.8079686924
30
54
0
VERTEX
8
C-TOPO-MAJR
10
1308795.4057187806
20
398473.8447100216
30
54
0
VERTEX
8
C-TOPO-MAJR
10
1308799.6130594567
20
398475.5422131952
30
54
0
VERTEX
8
C-TOPO-MAJR
10
1308801.6540658805
20
398476.11931178515
30
54
0
VERTEX
8
C-TOPO-MAJR
10
1308805.8906059545
20
398476.3178021793
30
54
0
VERTEX
8
C-TOPO-MAJR
10
1308811.530686536
20
398477.02875877713
30
54
0
VERTEX
8
C-TOPO-MAJR
10
1308814.2019410399
20
398477.6304636058
30
54
0
VERTEX
8
C-TOPO-MAJR
10
1308815.6947202075
20
398477.904741271
30
54
0
VERTEX
8
C-TOPO-MAJR
10
1308820.4791594534
20
398478.9565764475
30
54
0
VERTEX
8
C-TOPO-MAJR
10
1308829.5168710316
20
398481.85191186215
30
54
0
VERTEX
8
C-TOPO-MAJR
10
1308831.2753976982
20
398482.40768502274
30
54
0
VERTEX
8
C-TOPO-MAJR
10
1308832.203217371
20
398482.48511268926
30
54
0
VERTEX
8
C-TOPO-MAJR
10
1308836.4043244529
20
398482.67277635186
30
54
0
VERTEX
8
C-TOPO-MAJR
10
1308841.7609410398
20
398484.4037440266
30
54
0
VERTEX
8
C-TOPO-MAJR
10
1308849.0463595353
20
398486.9483583517
30
54
0
VERTEX
8
C-TOPO-MAJR
10
1308852.5561950319
20
398487.0759827716
30
54
0
VERTEX
8
C-TOPO-MAJR
10
1308854.3777137063
20
398486.68031427154
30
54
0
VERTEX
8
C-TOPO-MAJR
10
1308858.6595292753
20
398486.0851711075
30
54
0
VERTEX
8
C-TOPO-MAJR
10
1308862.516476954
20
398485.38930636935
30
54
0
VERTEX
8
C-TOPO-MAJR
10
1308865.9882547816
20
398483.3939035218
30
54
0
VERTEX
8
C-TOPO-MAJR
10
1308866.3297895303
20
398483.23543928436
30
54
0
VERTEX
8
C-TOPO-MAJR
10
1308867.263186612
20
398483.11536077445
30
54
0
VERTEX
8
C-TOPO-MAJR
10
1308867.7379232065
20
398483.2111610948
30
54
0
VERTEX
8
C-TOPO-MAJR
10
1308869.6424469447
20
398484.8315646907
30
54
0
VERTEX
8
C-TOPO-MAJR
10
1308870.7713817013
20
398486.08878002723
30
54
0
VERTEX
8
C-TOPO-MAJR
10
1308876.8573275362
20
398491.668165182
30
54
0
VERTEX
8
C-TOPO-MAJR
10
1308878.3327182748
20
398492.26790152624
30
54
0
VERTEX
8
C-TOPO-MAJR
10
1308881.5843522046
20
398492.5848300287
30
54
0
VERTEX
8
C-TOPO-MAJR
10
1308889.451790536
20
398493.0753146008
30
54
0
VERTEX
8
C-TOPO-MAJR
10
1308893.1046703707
20
398493.3535292745
30
54
0
VERTEX
8
C-TOPO-MAJR
10
1308894.164051453
20
398493.43653434823
30
54
0
VERTEX
8
C-TOPO-MAJR
10
1308906.130562957
20
398494.10188736074
30
54
0
VERTEX
8
C-TOPO-MAJR
10
1308908.5823297012
20
398494.31382918544
30
54
0
VERTEX
8
C-TOPO-MAJR
10
1308910.029833373
20
398494.54250326834
30
54
0
VERTEX
8
C-TOPO-MAJR
10
1308916.8684023703
20
398495.79610968824
30
54
0
VERTEX
8
C-TOPO-MAJR
10
1308917.6945161903
20
398495.9043771968
30
54
0
VERTEX
8
C-TOPO-MAJR
10
1308920.2814532777
20
398496.09171277663
30
54
0
VERTEX
8
C-TOPO-MAJR
10
1308922.1492316949
20
398496.0995867938
30
54
0
VERTEX
8
C-TOPO-MAJR
10
1308930.7282827923
20
398495.5907295313
30
54
0
VERTEX
8
C-TOPO-MAJR
10
1308932.8431079523
20
398495.6189446775
30
54
0
VERTEX
8
C-TOPO-MAJR
10
1308943.5268136242
20
398496.7390211967
30
54
0
VERTEX
8
C-TOPO-MAJR
10
1308946.5300884545
20
398497.25640861754
30
54
0
VERTEX
8
C-TOPO-MAJR
10
1308947.4139449536
20
398497.4060146048
30
54
0
VERTEX
8
C-TOPO-MAJR
10
1308949.952653774
20
398497.68390118965
30
54
0
VERTEX
8
C-TOPO-MAJR
10
1308960.6662150314
20
398498.84433193615
30
54
0
VERTEX
8
C-TOPO-MAJR
10
1308963.129792789
20
398499.4145407847
30
54
0
VERTEX
8
C-TOPO-MAJR
10
1308964.425065777
20
398499.70948768925
30
54
0
VERTEX
8
C-TOPO-MAJR
10
1308977.961456026
20
398500.9007582778
30
54
0
VERTEX
8
C-TOPO-MAJR
10
1308980.757710293
20
398501.0208367877
30
54
0
VERTEX
8
C-TOPO-MAJR
10
1308982.9030472008
20
398501.0917027712
30
54
0
VERTEX
8
C-TOPO-MAJR
10
1308989.2836118666
20
398501.46834245196
30
54
0
VERTEX
8
C-TOPO-MAJR
10
1308993.0073576935
20
398501.92634677724
30
54
0
VERTEX
8
C-TOPO-MAJR
10
1308994.302302609
20
398502.1691284531
30
54
0
VERTEX
8
C-TOPO-MAJR
10
1308998.7255221182
20
398502.8741795304
30
54
0
VERTEX
8
C-TOPO-MAJR
10
1309000.2599678575
20
398503.0546253597
30
54
0
VERTEX
8
C-TOPO-MAJR
10
1309008.3534556192
20
398504.1845443714
30
54
0
VERTEX
8
C-TOPO-MAJR
10
1309011.792753201
20
398504.6927454409
30
54
0
VERTEX
8
C-TOPO-MAJR
10
1309014.7428785411
20
398505.183230016
30
54
0
VERTEX
8
C-TOPO-MAJR
10
1309019.193328941
20
398506.1648553593
30
54
0
VERTEX
8
C-TOPO-MAJR
10
1309023.140499529
20
398506.85907968663
30
54
0
VERTEX
8
C-TOPO-MAJR
10
1309028.2379302778
20
398507.0106541919
30
54
0
VERTEX
8
C-TOPO-MAJR
10
1309031.5991440334
20
398506.9194470335
30
54
0
VERTEX
8
C-TOPO-MAJR
10
1309034.047958025
20
398507.5168867892
30
54
0
VERTEX
8
C-TOPO-MAJR
10
1309037.9409948695
20
398509.30920602253
30
54
0
VERTEX
8
C-TOPO-MAJR
10
1309046.5010171197
20
398511.5726529533
30
54
0
VERTEX
8
C-TOPO-MAJR
10
1309047.5092171978
20
398511.8370881016
30
54
0
VERTEX
8
C-TOPO-MAJR
10
1309048.6844116945
20
398512.3479138577
30
54
0
VERTEX
8
C-TOPO-MAJR
10
1309052.362225872
20
398514.1093932826
30
54
0
VERTEX
8
C-TOPO-MAJR
10
1309055.023965951
20
398514.68288294674
30
54
0
VERTEX
8
C-TOPO-MAJR
10
1309060.0255963614
20
398515.2826192818
30
54
0
VERTEX
8
C-TOPO-MAJR
10
1309062.8113519533
20
398516.4190999398
30
54
0
VERTEX
8
C-TOPO-MAJR
10
1309064.1017036978
20
398516.8062382786
30
54
0
VERTEX
8
C-TOPO-MAJR
10
1309073.126291954
20
398515.8534842715
30
54
0
VERTEX
8
C-TOPO-MAJR
10
1309077.6321884524
20
398515.5864244335
30
54
0
VERTEX
8
C-TOPO-MAJR
10
1309079.8913702816
20
398515.97323469864
30
54
0
VERTEX
8
C-TOPO-MAJR
10
1309082.5032417015
20
398516.8613562674
30
54
0
VERTEX
8
C-TOPO-MAJR
10
1309089.5701567065
20
398519.0053808722
30
54
0
VERTEX
8
C-TOPO-MAJR
10
1309092.8427879445
20
398520.72060053097
30
54
0
VERTEX
8
C-TOPO-MAJR
10
1309093.3024326945
20
398522.07460044225
30
54
0
VERTEX
8
C-TOPO-MAJR
10
1309093.2886532068
20
398523.266855276
30
54
0
VERTEX
8
C-TOPO-MAJR
10
1309092.39593845
20
398531.1723512849
30
54
0
VERTEX
8
C-TOPO-MAJR
10
1309092.373628777
20
398531.62149735686
30
54
0
VERTEX
8
C-TOPO-MAJR
10
1309092.7181162816
20
398535.69301152177
30
54
0
VERTEX
8
C-TOPO-MAJR
10
1309093.0616195255
20
398539.4849987032
30
54
0
VERTEX
8
C-TOPO-MAJR
10
1309093.1285485332
20
398544.4511961199
30
54
0
VERTEX
8
C-TOPO-MAJR
10
1309092.888063454
20
398548.3038786851
30
54
0
VERTEX
8
C-TOPO-MAJR
10
1309092.7332081133
20
398551.01023811515
30
54
0
VERTEX
8
C-TOPO-MAJR
10
1309092.780780206
20
398555.2034711977
30
54
0
VERTEX
8
C-TOPO-MAJR
10
1309092.6275652912
20
398557.723151186
30
54
0
VERTEX
8
C-TOPO-MAJR
10
1309092.5530903584
20
398559.22806944005
30
54
0
VERTEX
8
C-TOPO-MAJR
10
1309093.1298608745
20
398566.44885552203
30
54
0
VERTEX
8
C-TOPO-MAJR
10
1309094.0051871932
20
398571.8993039442
30
54
0
VERTEX
8
C-TOPO-MAJR
10
1309094.7279547807
20
398575.40651477186
30
54
0
VERTEX
8
C-TOPO-MAJR
10
1309094.8014454462
20
398578.3189105244
30
54
0
VERTEX
8
C-TOPO-MAJR
10
1309093.836880451
20
398581.2772379481
30
54
0
VERTEX
8
C-TOPO-MAJR
10
1309091.6630002824
20
398586.0636456888
30
54
0
VERTEX
8
C-TOPO-MAJR
10
1309091.4152973776
20
398588.20406135864
30
54
0
VERTEX
8
C-TOPO-MAJR
10
1309092.7003997841
20
398592.24506377947
30
54
0
VERTEX
8
C-TOPO-MAJR
10
1309093.813258453
20
398596.16598769045
30
54
0
VERTEX
8
C-TOPO-MAJR
10
1309093.7223793692
20
398598.66991970246
30
54
0
VERTEX
8
C-TOPO-MAJR
10
1309093.3178526063
20
398600.47339377465
30
54
0
VERTEX
8
C-TOPO-MAJR
10
1309091.248302943
20
398606.92121552245
30
54
0
VERTEX
8
C-TOPO-MAJR
10
1309090.8286843786
20
398608.4182597838
30
54
0
VERTEX
8
C-TOPO-MAJR
10
1309090.6803906984
20
398609.2076282812
30
54
0
VERTEX
8
C-TOPO-MAJR
10
1309088.4622192776
20
398616.8155526958
30
54
0
VERTEX
8
C-TOPO-MAJR
10
1309087.0380095304
20
398620.02486386785
30
54
0
VERTEX
8
C-TOPO-MAJR
10
1309087.5376804413
20
398626.7262940232
30
54
0
VERTEX
8
C-TOPO-MAJR
10
1309088.7909587822
20
398629.17379569076
30
54
0
VERTEX
8
C-TOPO-MAJR
10
1309089.8221247024
20
398631.6275309403
30
54
0
VERTEX
8
C-TOPO-MAJR
10
1309090.4277665308
20
398635.8309346072
30
54
0
VERTEX
8
C-TOPO-MAJR
10
1309090.8437762049
20
398637.7968099438
30
54
0
VERTEX
8
C-TOPO-MAJR
10
1309091.482554447
20
398642.50480576965
30
54
0
VERTEX
8
C-TOPO-MAJR
10
1309090.9628704423
20
398648.84731277527
30
54
0
VERTEX
8
C-TOPO-MAJR
10
1309090.1200243637
20
398657.10713878414
30
54
0
VERTEX
8
C-TOPO-MAJR
10
1309089.9517176102
20
398658.98344735784
30
54
0
VERTEX
8
C-TOPO-MAJR
10
1309089.6383980336
20
398663.95555028284
30
54
0
VERTEX
8
C-TOPO-MAJR
10
1309088.8421397784
20
398671.28033879126
30
54
0
VERTEX
8
C-TOPO-MAJR
10
1309087.522916705
20
398676.1490954432
30
54
0
SEQEND
0
POLYLINE
8
C-TOPO-MAJR
66
1
70
0
0
VERTEX
8
C-TOPO-MAJR
10
1308879.7802219458
20
398674.16944061476
30
46
0
VERTEX
8
C-TOPO-MAJR
10
1308878.87832087
20
398671.72587593435
30
46
0
VERTEX
8
C-TOPO-MAJR
10
1308878.2470885324
20
398670.58644252224
30
46
0
VERTEX
8
C-TOPO-MAJR
10
1308875.2972912944
20
398666.9509511091
30
46
0
VERTEX
8
C-TOPO-MAJR
10
1308872.7005117014
20
398666.03166161245
30
46
0
VERTEX
8
C-TOPO-MAJR
10
1308866.9426491957
20
398663.98310928186
30
46
0
VERTEX
8
C-TOPO-MAJR
10
1308863.1513182006
20
398659.25936544
30
46
0
VERTEX
8
C-TOPO-MAJR
10
1308862.9905573681
20
398658.8794449376
30
46
0
VERTEX
8
C-TOPO-MAJR
10
1308862.5906237755
20
398656.7938191892
30
46
0
VERTEX
8
C-TOPO-MAJR
10
1308862.527959865
20
398656.48673320055
30
46
0
VERTEX
8
C-TOPO-MAJR
10
1308861.8288142781
20
398654.6041910388
30
46
0
VERTEX
8
C-TOPO-MAJR
10
1308860.9712044531
20
398652.4887096997
30
46
0
VERTEX
8
C-TOPO-MAJR
10
1308859.6739629472
20
398647.4030899387
30
46
0
VERTEX
8
C-TOPO-MAJR
10
1308858.9744892805
20
398643.25152343896
30
46
0
VERTEX
8
C-TOPO-MAJR
10
1308858.817337354
20
398641.15211819863
30
46
0
VERTEX
8
C-TOPO-MAJR
10
1308859.0965362836
20
398636.9503549456
30
46
0
VERTEX
8
C-TOPO-MAJR
10
1308860.4151031917
20
398633.98579393385
30
46
0
VERTEX
8
C-TOPO-MAJR
10
1308861.8845884465
20
398631.3237257702
30
46
0
VERTEX
8
C-TOPO-MAJR
10
1308860.2917438643
20
398629.00188003504
30
46
0
VERTEX
8
C-TOPO-MAJR
10
1308859.2858403777
20
398626.74171394424
30
46
0
VERTEX
8
C-TOPO-MAJR
10
1308860.5551947798
20
398620.1190237835
30
46
0
VERTEX
8
C-TOPO-MAJR
10
1308861.0758630284
20
398616.9868121921
30
46
0
VERTEX
8
C-TOPO-MAJR
10
1308861.212673785
20
398615.95269351907
30
46
0
VERTEX
8
C-TOPO-MAJR
10
1308861.4341300367
20
398615.1436400307
30
46
0
VERTEX
8
C-TOPO-MAJR
10
1308862.048630114
20
398613.3936435274
30
46
0
VERTEX
8
C-TOPO-MAJR
10
1308862.2300601997
20
398612.2748793576
30
46
0
VERTEX
8
C-TOPO-MAJR
10
1308862.4183800307
20
398610.841483274
30
46
0
VERTEX
8
C-TOPO-MAJR
10
1308862.617198541
20
398609.9290835248
30
46
0
VERTEX
8
C-TOPO-MAJR
10
1308864.6001341983
20
398599.84675460914
30
46
0
VERTEX
8
C-TOPO-MAJR
10
1308865.6463919536
20
398593.7086435182
30
46
0
VERTEX
8
C-TOPO-MAJR
10
1308866.12276895
20
398592.8480809454
30
46
0
VERTEX
8
C-TOPO-MAJR
10
1308866.8507858592
20
398591.8008389461
30
46
0
VERTEX
8
C-TOPO-MAJR
10
1308866.7353005342
20
398589.3805681825
30
46
0
VERTEX
8
C-TOPO-MAJR
10
1308866.2963250363
20
398585.8093811066
30
46
0
VERTEX
8
C-TOPO-MAJR
10
1308866.1263778596
20
398584.7276903669
30
46
0
VERTEX
8
C-TOPO-MAJR
10
1308865.0095822015
20
398581.4334056031
30
46
0
VERTEX
8
C-TOPO-MAJR
10
1308863.556501117
20
398576.6200950258
30
46
0
VERTEX
8
C-TOPO-MAJR
10
1308862.5886552876
20
398573.9895228637
30
46
0
VERTEX
8
C-TOPO-MAJR
10
1308860.042072455
20
398571.16866236756
30
46
0
VERTEX
8
C-TOPO-MAJR
10
1308851.4725357837
20
398563.0646759493
30
46
0
VERTEX
8
C-TOPO-MAJR
10
1308850.3052152784
20
398561.2297058481
30
46
0
VERTEX
8
C-TOPO-MAJR
10
1308848.275035616
20
398557.4875873495
30
46
0
VERTEX
8
C-TOPO-MAJR
10
1308847.6326484496
20
398555.8839160362
30
46
0
VERTEX
8
C-TOPO-MAJR
10
1308845.8504997885
20
398547.80256736616
30
46
0
VERTEX
8
C-TOPO-MAJR
10
1308845.6198572074
20
398545.9964686165
30
46
0
VERTEX
8
C-TOPO-MAJR
10
1308845.8501716952
20
398544.00073768006
30
46
0
VERTEX
8
C-TOPO-MAJR
10
1308846.2159846267
20
398542.68774818303
30
46
0
VERTEX
8
C-TOPO-MAJR
10
1308846.6976109594
20
398536.1057403598
30
46
0
VERTEX
8
C-TOPO-MAJR
10
1308846.5033856097
20
398535.2927498567
30
46
0
VERTEX
8
C-TOPO-MAJR
10
1308846.1769427035
20
398534.5516096007
30
46
0
VERTEX
8
C-TOPO-MAJR
10
1308845.04144628
20
398531.48731127236
30
46
0
VERTEX
8
C-TOPO-MAJR
10
1308844.7770111219
20
398530.0355425349
30
46
0
VERTEX
8
C-TOPO-MAJR
10
1308843.578850787
20
398522.33116161916
30
46
0
VERTEX
8
C-TOPO-MAJR
10
1308843.2445338618
20
398520.98930076143
30
46
0
VERTEX
8
C-TOPO-MAJR
10
1308842.9676315323
20
398520.67959010147
30
46
0
VERTEX
8
C-TOPO-MAJR
10
1308842.2310844467
20
398520.06246536394
30
46
0
VERTEX
8
C-TOPO-MAJR
10
1308840.9991315287
20
398518.7714574435
30
46
0
VERTEX
8
C-TOPO-MAJR
10
1308840.049658368
20
398518.0198185203
30
46
0
VERTEX
8
C-TOPO-MAJR
10
1308836.446647193
20
398515.8095211031
30
46
0
VERTEX
8
C-TOPO-MAJR
10
1308833.9988174522
20
398512.9194350221
30
46
0
VERTEX
8
C-TOPO-MAJR
10
1308832.3898967765
20
398510.8548066172
30
46
0
VERTEX
8
C-TOPO-MAJR
10
1308827.9830814546
20
398507.6399180196
30
46
0
VERTEX
8
C-TOPO-MAJR
10
1308827.2668755348
20
398507.3869657807
30
46
0
VERTEX
8
C-TOPO-MAJR
10
1308822.4778431146
20
398506.19700752327
30
46
0
VERTEX
8
C-TOPO-MAJR
10
1308817.800687113
20
398504.9676792685
30
46
0
VERTEX
8
C-TOPO-MAJR
10
1308817.4417639459
20
398504.5864464381
30
46
0
VERTEX
8
C-TOPO-MAJR
10
1308817.094323701
20
398504.1350037744
30
46
0
VERTEX
8
C-TOPO-MAJR
10
1308815.1310730388
20
398502.22030944563
30
46
0
VERTEX
8
C-TOPO-MAJR
10
1308816.3348107904
20
398500.0339621139
30
46
0
VERTEX
8
C-TOPO-MAJR
10
1308817.6067898662
20
398500.064473864
30
46
0
VERTEX
8
C-TOPO-MAJR
10
1308820.7616392034
20
398500.7544331061
30
46
0
VERTEX
8
C-TOPO-MAJR
10
1308821.7009417838
20
398500.9562043647
30
46
0
VERTEX
8
C-TOPO-MAJR
10
1308826.5254072056
20
398502.2596794582
30
46
0
VERTEX
8
C-TOPO-MAJR
10
1308827.117925694
20
398502.35482361907
30
46
0
VERTEX
8
C-TOPO-MAJR
10
1308827.9752074443
20
398502.5916997775
30
46
0
VERTEX
8
C-TOPO-MAJR
10
1308828.7491560373
20
398502.88697477704
30
46
0
VERTEX
8
C-TOPO-MAJR
10
1308836.788510035
20
398505.7429401974
30
46
0
VERTEX
8
C-TOPO-MAJR
10
1308840.347558032
20
398506.514920274
30
46
0
VERTEX
8
C-TOPO-MAJR
10
1308843.0417783698
20
398506.48342426645
30
46
0
VERTEX
8
C-TOPO-MAJR
10
1308844.4873135344
20
398506.3357867728
30
46
0
VERTEX
8
C-TOPO-MAJR
10
1308850.5771963743
20
398506.90730795247
30
46
0
VERTEX
8
C-TOPO-MAJR
10
1308854.892148369
20
398508.48407643836
30
46
0
VERTEX
8
C-TOPO-MAJR
10
1308861.887869273
20
398512.66681085376
30
46
0
VERTEX
8
C-TOPO-MAJR
10
1308863.4420000266
20
398516.6166061132
30
46
0
VERTEX
8
C-TOPO-MAJR
10
1308863.4872755404
20
398518.2773639425
30
46
0
VERTEX
8
C-TOPO-MAJR
10
1308863.734322293
20
398519.9253265222
30
46
0
VERTEX
8
C-TOPO-MAJR
10
1308865.3327442855
20
398523.191724192
30
46
0
VERTEX
8
C-TOPO-MAJR
10
1308866.0843832013
20
398524.84395185387
30
46
0
VERTEX
8
C-TOPO-MAJR
10
1308867.07978804
20
398527.1523461922
30
46
0
VERTEX
8
C-TOPO-MAJR
10
1308868.3868720382
20
398529.2829193665
30
46
0
VERTEX
8
C-TOPO-MAJR
10
1308867.6801805273
20
398536.0060030248
30
46
0
VERTEX
8
C-TOPO-MAJR
10
1308866.1709971991
20
398541.9587470356
30
46
0
VERTEX
8
C-TOPO-MAJR
10
1308866.2444878623
20
398545.7212066969
30
46
0
VERTEX
8
C-TOPO-MAJR
10
1308866.5164689517
20
398546.7927268644
30
46
0
VERTEX
8
C-TOPO-MAJR
10
1308869.4360825329
20
398552.91508994234
30
46
0
VERTEX
8
C-TOPO-MAJR
10
1308871.0446751234
20
398554.5679737759
30
46
0
VERTEX
8
C-TOPO-MAJR
10
1308877.8307507867
20
398560.0587764528
30
46
0
VERTEX
8
C-TOPO-MAJR
10
1308878.7142791955
20
398560.9377117008
30
46
0
VERTEX
8
C-TOPO-MAJR
10
1308880.2690661217
20
398563.1768804389
30
46
0
VERTEX
8
C-TOPO-MAJR
10
1308881.1653897862
20
398565.0321916875
30
46
0
VERTEX
8
C-TOPO-MAJR
10
1308881.892094368
20
398567.29104544723
30
46
0
VERTEX
8
C-TOPO-MAJR
10
1308882.1991803588
20
398567.9426189465
30
46
0
VERTEX
8
C-TOPO-MAJR
10
1308885.6132155312
20
398572.60665161314
30
46
0
VERTEX
8
C-TOPO-MAJR
10
1308884.612233275
20
398576.6430608507
30
46
0
VERTEX
8
C-TOPO-MAJR
10
1308883.696880783
20
398578.2614959469
30
46
0
VERTEX
8
C-TOPO-MAJR
10
1308883.3737186952
20
398581.0101781162
30
46
0
VERTEX
8
C-TOPO-MAJR
10
1308883.2825115256
20
398583.2814990245
30
46
0
VERTEX
8
C-TOPO-MAJR
10
1308882.8806094432
20
398585.916336281
30
46
0
VERTEX
8
C-TOPO-MAJR
10
1308882.5098752764
20
398587.7335898573
30
46
0
VERTEX
8
C-TOPO-MAJR
10
1308882.1214246147
20
398589.6066176124
30
46
0
VERTEX
8
C-TOPO-MAJR
10
1308881.9229341995
20
398591.156483274
30
46
0
VERTEX
8
C-TOPO-MAJR
10
1308881.5535123635
20
398593.61185894656
30
46
0
VERTEX
8
C-TOPO-MAJR
10
1308880.687372365
20
398596.09905869723
30
46
0
VERTEX
8
C-TOPO-MAJR
10
1308880.689997028
20
398600.29294793314
30
46
0
VERTEX
8
C-TOPO-MAJR
10
1308882.252657949
20
398604.5570470236
30
46
0
VERTEX
8
C-TOPO-MAJR
10
1308882.7976043606
20
398606.38512737124
30
46
0
VERTEX
8
C-TOPO-MAJR
10
1308882.711646539
20
398608.2552023539
30
46
0
VERTEX
8
C-TOPO-MAJR
10
1308882.6584970322
20
398608.7361725254
30
46
0
VERTEX
8
C-TOPO-MAJR
10
1308882.8927485314
20
398614.66004519386
30
46
0
VERTEX
8
C-TOPO-MAJR
10
1308883.1972098607
20
398616.1675881132
30
46
0
VERTEX
8
C-TOPO-MAJR
10
1308883.6243743687
20
398617.3309716108
30
46
0
VERTEX
8
C-TOPO-MAJR
10
1308884.404884622
20
398618.5320846796
30
46
0
VERTEX
8
C-TOPO-MAJR
10
1308888.0715439427
20
398621.8132461201
30
46
0
VERTEX
8
C-TOPO-MAJR
10
1308891.655526281
20
398624.29486844223
30
46
0
VERTEX
8
C-TOPO-MAJR
10
1308898.8057744543
20
398627.8391526908
30
46
0
VERTEX
8
C-TOPO-MAJR
10
1308900.969812118
20
398628.7571298655
30
46
0
VERTEX
8
C-TOPO-MAJR
10
1308903.0088500339
20
398629.6318000161
30
46
0
VERTEX
8
C-TOPO-MAJR
10
1308906.1994604426
20
398630.8844221968
30
46
0
VERTEX
8
C-TOPO-MAJR
10
1308910.1006993593
20
398632.0707715254
30
46
0
VERTEX
8
C-TOPO-MAJR
10
1308915.1128284407
20
398632.95429993834
30
46
0
VERTEX
8
C-TOPO-MAJR
10
1308916.81984603
20
398632.905743605
30
46
0
VERTEX
8
C-TOPO-MAJR
10
1308917.215514536
20
398632.8493132759
30
46
0
VERTEX
8
C-TOPO-MAJR
10
1308922.1364364417
20
398632.08192635805
30
46
0
VERTEX
8
C-TOPO-MAJR
10
1308927.9084065352
20
398631.5291059455
30
46
0
VERTEX
8
C-TOPO-MAJR
10
1308933.5911379603
20
398632.4126343524
30
46
0
VERTEX
8
C-TOPO-MAJR
10
1308937.38246895
20
398633.2134857775
30
46
0
VERTEX
8
C-TOPO-MAJR
10
1308939.7148133605
20
398633.54189718934
30
46
0
VERTEX
8
C-TOPO-MAJR
10
1308940.6393521922
20
398633.4995744593
30
46
0
VERTEX
8
C-TOPO-MAJR
10
1308946.8302846935
20
398631.8161788573
30
46
0
VERTEX
8
C-TOPO-MAJR
10
1308952.3289613687
20
398631.02484186325
30
46
0
VERTEX
8
C-TOPO-MAJR
10
1308953.9506772873
20
398630.85095768946
30
46
0
VERTEX
8
C-TOPO-MAJR
10
1308956.31320537
20
398629.7837026072
30
46
0
VERTEX
8
C-TOPO-MAJR
10
1308961.7803860283
20
398624.8995260281
30
46
0
VERTEX
8
C-TOPO-MAJR
10
1308965.623554195
20
398620.7315553437
30
46
0
VERTEX
8
C-TOPO-MAJR
10
1308966.6078042085
20
398619.7351662755
30
46
0
VERTEX
8
C-TOPO-MAJR
10
1308969.5654754413
20
398617.9372696075
30
46
0
VERTEX
8
C-TOPO-MAJR
10
1308972.5454563613
20
398616.4779549448
30
46
0
VERTEX
8
C-TOPO-MAJR
10
1308975.5595579492
20
398612.2046695336
30
46
0
VERTEX
8
C-TOPO-MAJR
10
1308975.8390849489
20
398611.84673061996
30
46
0
VERTEX
8
C-TOPO-MAJR
10
1308976.676681693
20
398611.1380706138
30
46
0
VERTEX
8
C-TOPO-MAJR
10
1308977.632060358
20
398610.5347253651
30
46
0
VERTEX
8
C-TOPO-MAJR
10
1308983.553964538
20
398608.13217110815
30
46
0
VERTEX
8
C-TOPO-MAJR
10
1308985.6832253574
20
398607.63938994444
30
46
0
VERTEX
8
C-TOPO-MAJR
10
1308986.2042217045
20
398607.71156827733
30
46
0
VERTEX
8
C-TOPO-MAJR
10
1308989.887941368
20
398609.1751480222
30
46
0
VERTEX
8
C-TOPO-MAJR
10
1308993.4197584484
20
398609.4835463664
30
46
0
VERTEX
8
C-TOPO-MAJR
10
1308993.4860312904
20
398609.69548819104
30
46
0
VERTEX
8
C-TOPO-MAJR
10
1308992.6950223662
20
398611.9231740229
30
46
0
VERTEX
8
C-TOPO-MAJR
10
1308992.3019785346
20
398612.1075568577
30
46
0
VERTEX
8
C-TOPO-MAJR
10
1308988.622195868
20
398611.1505377654
30
46
0
VERTEX
8
C-TOPO-MAJR
10
1308985.2314546255
20
398611.6301956181
30
46
0
VERTEX
8
C-TOPO-MAJR
10
1308980.4644037865
20
398615.19318060623
30
46
0
VERTEX
8
C-TOPO-MAJR
10
1308976.3276010219
20
398621.25484828814
30
46
0
VERTEX
8
C-TOPO-MAJR
10
1308973.178001025
20
398623.7233472717
30
46
0
VERTEX
8
C-TOPO-MAJR
10
1308971.563174867
20
398624.55471045
30
46
0
VERTEX
8
C-TOPO-MAJR
10
1308966.7649561104
20
398628.00516285654
30
46
0
VERTEX
8
C-TOPO-MAJR
10
1308963.9260510309
20
398632.6150617735
30
46
0
VERTEX
8
C-TOPO-MAJR
10
1308964.4795276185
20
398636.02548802947
30
46
0
VERTEX
8
C-TOPO-MAJR
10
1308964.603543114
20
398636.4414976953
30
46
0
VERTEX
8
C-TOPO-MAJR
10
1308963.9854341052
20
398640.1025796046
30
46
0
VERTEX
8
C-TOPO-MAJR
10
1308961.3348488698
20
398642.018258194
30
46
0
VERTEX
8
C-TOPO-MAJR
10
1308959.4280285335
20
398642.79647186166
30
46
0
VERTEX
8
C-TOPO-MAJR
10
1308958.3660227726
20
398643.14719293895
30
46
0
VERTEX
8
C-TOPO-MAJR
10
1308956.3945700363
20
398643.2032952036
30
46
0
VERTEX
8
C-TOPO-MAJR
10
1308953.734142288
20
398642.95067101694
30
46
0
VERTEX
8
C-TOPO-MAJR
10
1308951.4647898627
20
398646.3574883563
30
46
0
VERTEX
8
C-TOPO-MAJR
10
1308951.3883464457
20
398647.07008536183
30
46
0
VERTEX
8
C-TOPO-MAJR
10
1308951.795825952
20
398650.6140415277
30
46
0
VERTEX
8
C-TOPO-MAJR
10
1308950.2348054426
20
398652.6078039399
30
46
0
VERTEX
8
C-TOPO-MAJR
10
1308946.5031856077
20
398647.9148999462
30
46
0
VERTEX
8
C-TOPO-MAJR
10
1308945.58061528
20
398647.41424478363
30
46
0
VERTEX
8
C-TOPO-MAJR
10
1308941.413956951
20
398647.3466596095
30
46
0
VERTEX
8
C-TOPO-MAJR
10
1308936.6793863776
20
398648.244623683
30
46
0
VERTEX
8
C-TOPO-MAJR
10
1308934.4474354465
20
398644.6363631923
30
46
0
VERTEX
8
C-TOPO-MAJR
10
1308933.0629237855
20
398641.4382068682
30
46
0
VERTEX
8
C-TOPO-MAJR
10
1308929.7148333574
20
398640.80500603496
30
46
0
VERTEX
8
C-TOPO-MAJR
10
1308926.9887889423
20
398641.6183246025
30
46
0
VERTEX
8
C-TOPO-MAJR
10
1308924.1790832814
20
398642.0694391987
30
46
0
VERTEX
8
C-TOPO-MAJR
10
1308919.0075056932
20
398642.24135486665
30
46
0
VERTEX
8
C-TOPO-MAJR
10
1308914.747015536
20
398641.93361268804
30
46
0
VERTEX
8
C-TOPO-MAJR
10
1308912.2621123597
20
398641.73709077825
30
46
0
VERTEX
8
C-TOPO-MAJR
10
1308910.1069329465
20
398641.6025766109
30
46
0
VERTEX
8
C-TOPO-MAJR
10
1308909.5528002053
20
398641.5714086861
30
46
0
VERTEX
8
C-TOPO-MAJR
10
1308908.2060181166
20
398641.5661593678
30
46
0
VERTEX
8
C-TOPO-MAJR
10
1308904.091196952
20
398640.71379886434
30
46
0
VERTEX
8
C-TOPO-MAJR
10
1308900.573159361
20
398639.1150487775
30
46
0
VERTEX
8
C-TOPO-MAJR
10
1308898.8248032872
20
398638.71052201185
30
46
0
VERTEX
8
C-TOPO-MAJR
10
1308896.007879793
20
398638.4693807804
30
46
0
VERTEX
8
C-TOPO-MAJR
10
1308894.2162166943
20
398637.7078993526
30
46
0
VERTEX
8
C-TOPO-MAJR
10
1308890.059072788
20
398634.820109851
30
46
0
VERTEX
8
C-TOPO-MAJR
10
1308886.9636065299
20
398633.2354673571
30
46
0
VERTEX
8
C-TOPO-MAJR
10
1308886.0613773665
20
398633.1157169422
30
46
0
VERTEX
8
C-TOPO-MAJR
10
1308882.401279697
20
398633.95823495014
30
46
0
VERTEX
8
C-TOPO-MAJR
10
1308881.0256262843
20
398636.11702327675
30
46
0
VERTEX
8
C-TOPO-MAJR
10
1308881.410139938
20
398639.54779068625
30
46
0
VERTEX
8
C-TOPO-MAJR
10
1308881.774968616
20
398642.35716826684
30
46
0
VERTEX
8
C-TOPO-MAJR
10
1308882.0466216144
20
398646.23642560415
30
46
0
VERTEX
8
C-TOPO-MAJR
10
1308882.268734024
20
398647.4716593519
30
46
0
VERTEX
8
C-TOPO-MAJR
10
1308883.2280497074
20
398650.0057750343
30
46
0
VERTEX
8
C-TOPO-MAJR
10
1308884.502325362
20
398652.6970426108
30
46
0
VERTEX
8
C-TOPO-MAJR
10
1308886.9048796135
20
398657.98574594327
30
46
0
VERTEX
8
C-TOPO-MAJR
10
1308887.6758754482
20
398659.73672670405
30
46
0
VERTEX
8
C-TOPO-MAJR
10
1308888.2181971904
20
398660.8577874441
30
46
0
VERTEX
8
C-TOPO-MAJR
10
1308889.2962790362
20
398662.8272716912
30
46
0
VERTEX
8
C-TOPO-MAJR
10
1308890.0685871954
20
398663.6737266955
30
46
0
VERTEX
8
C-TOPO-MAJR
10
1308890.6233761117
20
398664.2094867762
30
46
0
VERTEX
8
C-TOPO-MAJR
10
1308891.2152384515
20
398665.5228043683
30
46
0
VERTEX
8
C-TOPO-MAJR
10
1308892.2605119431
20
398672.6487743569
30
46
0
SEQEND
0
POLYLINE
8
C-TOPO-MAJR
66
1
70
0
0
VERTEX
8
C-TOPO-MAJR
10
1309123.9276995282
20
398534.91414170683
30
62
0
VERTEX
8
C-TOPO-MAJR
10
1309126.365358707
20
398537.0220771054
30
62
0
SEQEND
0
POLYLINE
8
C-PVMT
66
1
70
1
0
VERTEX
8
C-PVMT
10
1308714.082054899
20
398446.59731995914
30
0
0
VERTEX
8
C-PVMT
10
1308724.1563295594
20
398450.7251447248
30
0
0
VERTEX
8
C-PVMT
10
1308725.293769467
20
398447.9491349163
30
0
0
VERTEX
8
C-PVMT
10
1308715.2194948066
20
398443.8213101506
30
0
0
VERTEX
8
C-PVMT
10
1308714.082054899
20
398446.59731995914
30
0
0
SEQEND
0
POLYLINE
8
C-MISC
66
1
70
1
0
VERTEX
8
C-MISC
10
1308715.2194948066
20
398443.8213101506
30
0
0
VERTEX
8
C-MISC
10
1308725.293769467
20
398447.9491349163
30
0
0
VERTEX
8
C-MISC
10
1308726.8103560102
20
398444.247788505
30
0
0
VERTEX
8
C-MISC
10
1308716.73608135
20
398440.1199637393
30
0
0
VERTEX
8
C-MISC
10
1308715.2194948066
20
398443.8213101506
30
0
0
SEQEND
0
POLYLINE
8
C-PVMT
66
1
70
1
0
VERTEX
8
C-PVMT
10
1308716.73608135
20
398440.1199637393
30
0
0
VERTEX
8
C-PVMT
10
1308726.8103560102
20
398444.247788505
30
0
0
VERTEX
8
C-PVMT
10
1308727.3790759637
20
398442.8597836007
30
0
0
VERTEX
8
C-PVMT
10
1308717.3048013034
20
398438.73195883504
30
0
0
VERTEX
8
C-PVMT
10
1308716.73608135
20
398440.1199637393
30
0
0
SEQEND
0
POLYLINE
8
C-MISC
66
1
70
0
0
VERTEX
8
C-MISC
10
1308674.0119543353
20
398385.63271913794
30
0
0
VERTEX
8
C-MISC
10
1308795.3050762347
20
398435.3312601611
30
0
0
SEQEND
0
POLYLINE
8
C-MISC
66
1
70
0
0
VERTEX
8
C-MISC
10
1308689.6405048403
20
398347.49003642506
30
0
0
VERTEX
8
C-MISC
10
1308810.9336267398
20
398397.18857744825
30
0
0
SEQEND
0
POLYLINE
8
C-PVMT
66
1
70
1
0
VERTEX
8
C-PVMT
10
1308724.1563295594
20
398450.7251447248
30
0
0
VERTEX
8
C-PVMT
10
1308736.0228017718
20
398455.33380366577
30
0
0
VERTEX
8
C-PVMT
10
1308737.1088957877
20
398452.5373058938
30
0
0
VERTEX
8
C-PVMT
10
1308725.2424235754
20
398447.92864695285
30
0
0
VERTEX
8
C-PVMT
10
1308724.1563295594
20
398450.7251447248
30
0
0
SEQEND
0
POLYLINE
8
C-MISC
66
1
70
1
0
VERTEX
8
C-MISC
10
1308725.2424235754
20
398447.92864695285
30
0
0
VERTEX
8
C-MISC
10
1308737.1088957877
20
398452.5373058938
30
0
0
VERTEX
8
C-MISC
10
1308738.5570211422
20
398448.80864219787
30
0
0
VERTEX
8
C-MISC
10
1308726.6905489299
20
398444.1999832569
30
0
0
VERTEX
8
C-MISC
10
1308725.2424235754
20
398447.92864695285
30
0
0
SEQEND
0
POLYLINE
8
C-PVMT
66
1
70
1
0
VERTEX
8
C-PVMT
10
1308726.6905489299
20
398444.1999832569
30
0
0
VERTEX
8
C-PVMT
10
1308738.5570211422
20
398448.80864219787
30
0
0
VERTEX
8
C-PVMT
10
1308739.1000681503
20
398447.4103933119
30
0
0
VERTEX
8
C-PVMT
10
1308727.233595938
20
398442.80173437094
30
0
0
VERTEX
8
C-PVMT
10
1308726.6905489299
20
398444.1999832569
30
0
0
SEQEND
0
POLYLINE
8
C-MISC
66
1
70
0
0
VERTEX
8
C-MISC
10
1308683.1607479216
20
398390.5499238586
30
0
0
VERTEX
8
C-MISC
10
1308806.8871310123
20
398438.60234343674
30
0
0
SEQEND
0
POLYLINE
8
C-MISC
66
1
70
0
0
VERTEX
8
C-MISC
10
1308698.0951217231
20
398352.096583311
30
0
0
VERTEX
8
C-MISC
10
1308821.8215048139
20
398400.1490028891
30
0
0
SEQEND
0
POLYLINE
8
C-PVMT
66
1
70
1
0
VERTEX
8
C-PVMT
10
1308736.0228017718
20
398455.33380366577
30
0
0
VERTEX
8
C-PVMT
10
1308746.7059923224
20
398459.2547524869
30
0
0
VERTEX
8
C-PVMT
10
1308747.7396343667
20
398456.4384456633
30
0
0
VERTEX
8
C-PVMT
10
1308737.056443816
20
398452.5174968422
30
0
0
VERTEX
8
C-PVMT
10
1308736.0228017718
20
398455.33380366577
30
0
0
SEQEND
0
POLYLINE
8
C-MISC
66
1
70
1
0
VERTEX
8
C-MISC
10
1308737.056443816
20
398452.5174968422
30
0
0
VERTEX
8
C-MISC
10
1308747.7396343667
20
398456.4384456633
30
0
0
VERTEX
8
C-MISC
10
1308749.1178237589
20
398452.6833698986
30
0
0
VERTEX
8
C-MISC
10
1308738.4346332082
20
398448.76242107747
30
0
0
VERTEX
8
C-MISC
10
1308737.056443816
20
398452.5174968422
30
0
0
SEQEND
0
POLYLINE
8
C-PVMT
66
1
70
1
0
VERTEX
8
C-PVMT
10
1308738.4346332082
20
398448.76242107747
30
0
0
VERTEX
8
C-PVMT
10
1308749.1178237589
20
398452.6833698986
30
0
0
VERTEX
8
C-PVMT
10
1308749.634644781
20
398451.2752164868
30
0
0
VERTEX
8
C-PVMT
10
1308738.9514542304
20
398447.3542676657
30
0
0
VERTEX
8
C-PVMT
10
1308738.4346332082
20
398448.76242107747
30
0
0
SEQEND
0
POLYLINE
8
C-MISC
66
1
70
0
0
VERTEX
8
C-MISC
10
1308693.8484540833
20
398396.1023732418
30
0
0
VERTEX
8
C-MISC
10
1308817.183917576
20
398441.36900383234
30
0
0
SEQEND
0
POLYLINE
8
C-MISC
66
1
70
0
0
VERTEX
8
C-MISC
10
1308708.000242866
20
398357.54378370254
30
0
0
VERTEX
8
C-MISC
10
1308831.3357063588
20
398402.8104142931
30
0
0
SEQEND
0
POLYLINE
8
C-PVMT
66
1
70
1
0
VERTEX
8
C-PVMT
10
1308746.7059923224
20
398459.2547524869
30
0
0
VERTEX
8
C-PVMT
10
1308757.4540473523
20
398462.99423280824
30
0
0
VERTEX
8
C-PVMT
10
1308758.4398506004
20
398460.1608263856
30
0
0
VERTEX
8
C-PVMT
10
1308747.6917955705
20
398456.42134606425
30
0
0
VERTEX
8
C-PVMT
10
1308746.7059923224
20
398459.2547524869
30
0
0
SEQEND
0
POLYLINE
8
C-MISC
66
1
70
1
0
VERTEX
8
C-MISC
10
1308747.6917955705
20
398456.42134606425
30
0
0
VERTEX
8
C-MISC
10
1308758.4398506004
20
398460.1608263856
30
0
0
VERTEX
8
C-MISC
10
1308759.7542549314
20
398456.38295115536
30
0
0
VERTEX
8
C-MISC
10
1308749.0061999015
20
398452.643470834
30
0
0
VERTEX
8
C-MISC
10
1308747.6917955705
20
398456.42134606425
30
0
0
SEQEND
0
POLYLINE
8
C-PVMT
66
1
70
1
0
VERTEX
8
C-PVMT
10
1308749.0061999015
20
398452.643470834
30
0
0
VERTEX
8
C-PVMT
10
1308759.7542549314
20
398456.38295115536
30
0
0
VERTEX
8
C-PVMT
10
1308760.2471565555
20
398454.96624794404
30
0
0
VERTEX
8
C-PVMT
10
1308749.4991015256
20
398451.2267676227
30
0
0
VERTEX
8
C-PVMT
10
1308749.0061999015
20
398452.643470834
30
0
0
SEQEND
0
POLYLINE
8
C-MISC
66
1
70
0
0
VERTEX
8
C-MISC
10
1308703.4109132139
20
398401.10172358254
30
0
0
VERTEX
8
C-MISC
10
1308827.4952251497
20
398444.2733338304
30
0
0
SEQEND
0
POLYLINE
8
C-MISC
66
1
70
0
0
VERTEX
8
C-MISC
10
1308716.783962558
20
398362.6647596414
30
0
0
VERTEX
8
C-MISC
10
1308840.8682744938
20
398405.83636988926
30
0
0
SEQEND
0
POLYLINE
8
C-PVMT
66
1
70
1
0
VERTEX
8
C-PVMT
10
1308757.4540473523
20
398462.99423280824
30
0
0
VERTEX
8
C-PVMT
10
1308758.260233658
20
398463.25873912335
30
0
0
VERTEX
8
C-PVMT
10
1308759.195469685
20
398460.40824204846
30
0
0
VERTEX
8
C-PVMT
10
1308758.3892833793
20
398460.14373573335
30
0
0
VERTEX
8
C-PVMT
10
1308757.4540473523
20
398462.99423280824
30
0
0
SEQEND
0
POLYLINE
8
C-MISC
66
1
70
1
0
VERTEX
8
C-MISC
10
1308758.3892833793
20
398460.14373573335
30
0
0
VERTEX
8
C-MISC
10
1308759.195469685
20
398460.40824204846
30
0
0
VERTEX
8
C-MISC
10
1308760.4424510542
20
398456.60757928196
30
0
0
VERTEX
8
C-MISC
10
1308759.6362647486
20
398456.34307296685
30
0
0
VERTEX
8
C-MISC
10
1308758.3892833793
20
398460.14373573335
30
0
0
SEQEND
0
POLYLINE
8
C-PVMT
66
1
70
1
0
VERTEX
8
C-PVMT
10
1308759.6362647486
20
398456.34307296685
30
0
0
VERTEX
8
C-PVMT
10
1308760.4424510542
20
398456.60757928196
30
0
0
VERTEX
8
C-PVMT
10
1308760.9100690677
20
398455.1823307445
30
0
0
VERTEX
8
C-PVMT
10
1308760.1038827621
20
398454.9178244294
30
0
0
VERTEX
8
C-PVMT
10
1308759.6362647486
20
398456.34307296685
30
0
0
SEQEND
0
POLYLINE
8
C-MISC
66
1
70
0
0
VERTEX
8
C-MISC
10
1308713.088805391
20
398405.74985168944
30
0
0
VERTEX
8
C-MISC
10
1308837.9310756137
20
398446.71007221675
30
0
0
SEQEND
0
POLYLINE
8
C-MISC
66
1
70
0
0
VERTEX
8
C-MISC
10
1308725.7335049273
20
398367.21019110986
30
0
0
VERTEX
8
C-MISC
10
1308850.57577515
20
398408.17041163717
30
0
0
SEQEND
0
POLYLINE
8
C-MISC
66
1
70
0
0
VERTEX
8
C-MISC
10
1308723.1161627562
20
398409.47609494237
30
0
0
VERTEX
8
C-MISC
10
1308848.6360688123
20
398448.2763215355
30
0
0
SEQEND
0
POLYLINE
8
C-MISC
66
1
70
0
0
VERTEX
8
C-MISC
10
1308735.2796416052
20
398370.12687313365
30
0
0
VERTEX
8
C-MISC
10
1308860.7995476613
20
398408.9270997268
30
0
0
SEQEND
0
POLYLINE
8
C-PVMT
66
1
70
1
0
VERTEX
8
C-PVMT
10
1308783.355278621
20
398471.12200692424
30
0
0
VERTEX
8
C-PVMT
10
1308790.0810973824
20
398473.0665650066
30
0
0
VERTEX
8
C-PVMT
10
1308790.9143268643
20
398470.18459890166
30
0
0
VERTEX
8
C-PVMT
10
1308784.188508103
20
398468.2400408193
30
0
0
VERTEX
8
C-PVMT
10
1308783.355278621
20
398471.12200692424
30
0
0
SEQEND
0
POLYLINE
8
C-MISC
66
1
70
1
0
VERTEX
8
C-MISC
10
1308784.188508103
20
398468.2400408193
30
0
0
VERTEX
8
C-MISC
10
1308790.9143268643
20
398470.18459890166
30
0
0
VERTEX
8
C-MISC
10
1308792.025299507
20
398466.3419774283
30
0
0
VERTEX
8
C-MISC
10
1308785.2994807456
20
398464.3974193459
30
0
0
VERTEX
8
C-MISC
10
1308784.188508103
20
398468.2400408193
30
0
0
SEQEND
0
POLYLINE
8
C-PVMT
66
1
70
1
0
VERTEX
8
C-PVMT
10
1308785.2994807456
20
398464.3974193459
30
0
0
VERTEX
8
C-PVMT
10
1308792.025299507
20
398466.3419774283
30
0
0
VERTEX
8
C-PVMT
10
1308792.441914248
20
398464.9009943758
30
0
0
VERTEX
8
C-PVMT
10
1308785.7160954867
20
398462.95643629343
30
0
0
VERTEX
8
C-PVMT
10
1308785.2994807456
20
398464.3974193459
30
0
0
SEQEND
0
POLYLINE
8
C-MISC
66
1
70
0
0
VERTEX
8
C-MISC
10
1308733.066143267
20
398413.269311263
30
0
0
VERTEX
8
C-MISC
10
1308859.2770455582
20
398449.7592077116
30
0
0
SEQEND
0
POLYLINE
8
C-MISC
66
1
70
0
0
VERTEX
8
C-MISC
10
1308744.6227693432
20
398373.2973643279
30
0
0
VERTEX
8
C-MISC
10
1308870.8336716343
20
398409.7872607765
30
0
0
SEQEND
0
POLYLINE
8
C-PVMT
66
1
70
1
0
VERTEX
8
C-PVMT
10
1308790.0810973824
20
398473.0665650066
30
0
0
VERTEX
8
C-PVMT
10
1308801.0638525516
20
398476.04708323174
30
0
0
VERTEX
8
C-PVMT
10
1308801.8495779186
20
398473.1518050676
30
0
0
VERTEX
8
C-PVMT
10
1308790.8668227494
20
398470.1712868425
30
0
0
VERTEX
8
C-PVMT
10
1308790.0810973824
20
398473.0665650066
30
0
0
SEQEND
0
POLYLINE
8
C-MISC
66
1
70
1
0
VERTEX
8
C-MISC
10
1308790.8668227494
20
398470.1712868425
30
0
0
VERTEX
8
C-MISC
10
1308801.8495779186
20
398473.1518050676
30
0
0
VERTEX
8
C-MISC
10
1308802.8972117412
20
398469.291434182
30
0
0
VERTEX
8
C-MISC
10
1308791.914456572
20
398466.3109159569
30
0
0
VERTEX
8
C-MISC
10
1308790.8668227494
20
398470.1712868425
30
0
0
SEQEND
0
POLYLINE
8
C-PVMT
66
1
70
1
0
VERTEX
8
C-PVMT
10
1308791.914456572
20
398466.3109159569
30
0
0
VERTEX
8
C-PVMT
10
1308802.8972117412
20
398469.291434182
30
0
0
VERTEX
8
C-PVMT
10
1308803.2900744246
20
398467.8437951
30
0
0
VERTEX
8
C-PVMT
10
1308792.3073192553
20
398464.8632768749
30
0
0
VERTEX
8
C-PVMT
10
1308791.914456572
20
398466.3109159569
30
0
0
SEQEND
0
POLYLINE
8
C-MISC
66
1
70
0
0
VERTEX
8
C-MISC
10
1308743.132175185
20
398416.97850601334
30
0
0
VERTEX
8
C-MISC
10
1308869.9260569203
20
398451.3880389147
30
0
0
SEQEND
0
POLYLINE
8
C-MISC
66
1
70
0
0
VERTEX
8
C-MISC
10
1308754.0888162705
20
398376.6049543582
30
0
0
VERTEX
8
C-MISC
10
1308880.8826980058
20
398411.01448725956
30
0
0
SEQEND
0
POLYLINE
8
C-PVMT
66
1
70
1
0
VERTEX
8
C-PVMT
10
1308801.0638525516
20
398476.04708323174
30
0
0
VERTEX
8
C-PVMT
10
1308812.1066744365
20
398478.8378151821
30
0
0
VERTEX
8
C-PVMT
10
1308812.84172236
20
398475.92925805703
30
0
0
VERTEX
8
C-PVMT
10
1308801.7989004753
20
398473.13852610666
30
0
0
VERTEX
8
C-PVMT
10
1308801.0638525516
20
398476.04708323174
30
0
0
SEQEND
0
POLYLINE
8
C-MISC
66
1
70
1
0
VERTEX
8
C-MISC
10
1308801.7989004753
20
398473.13852610666
30
0
0
VERTEX
8
C-MISC
10
1308812.84172236
20
398475.92925805703
30
0
0
VERTEX
8
C-MISC
10
1308813.8217862584
20
398472.05118189025
30
0
0
VERTEX
8
C-MISC
10
1308802.7789643735
20
398469.2604499399
30
0
0
VERTEX
8
C-MISC
10
1308801.7989004753
20
398473.13852610666
30
0
0
SEQEND
0
POLYLINE
8
C-PVMT
66
1
70
1
0
VERTEX
8
C-PVMT
10
1308802.7789643735
20
398469.2604499399
30
0
0
VERTEX
8
C-PVMT
10
1308813.8217862584
20
398472.05118189025
30
0
0
VERTEX
8
C-PVMT
10
1308814.1893102203
20
398470.59690332774
30
0
0
VERTEX
8
C-PVMT
10
1308803.1464883354
20
398467.80617137736
30
0
0
VERTEX
8
C-PVMT
10
1308802.7789643735
20
398469.2604499399
30
0
0
SEQEND
0
POLYLINE
8
C-MISC
66
1
70
0
0
VERTEX
8
C-MISC
10
1308753.1504831447
20
398420.75650051795
30
0
0
VERTEX
8
C-MISC
10
1308880.5355900326
20
398452.94914941705
30
0
0
SEQEND
0
POLYLINE
8
C-MISC
66
1
70
0
0
VERTEX
8
C-MISC
10
1308763.4082562393
20
398380.1668762785
30
0
0
VERTEX
8
C-MISC
10
1308890.7933631272
20
398412.3595251776
30
0
0
SEQEND
0
POLYLINE
8
C-PVMT
66
1
70
1
0
VERTEX
8
C-PVMT
10
1308812.1066744365
20
398478.8378151821
30
0
0
VERTEX
8
C-PVMT
10
1308823.1879017598
20
398481.4283365596
30
0
0
VERTEX
8
C-PVMT
10
1308823.8708160068
20
398478.50709912815
30
0
0
VERTEX
8
C-PVMT
10
1308812.7895886835
20
398475.91657775064
30
0
0
VERTEX
8
C-PVMT
10
1308812.1066744365
20
398478.8378151821
30
0
0
SEQEND
0
POLYLINE
8
C-MISC
66
1
70
1
0
VERTEX
8
C-MISC
10
1308812.7895886835
20
398475.91657775064
30
0
0
VERTEX
8
C-MISC
10
1308823.8708160068
20
398478.50709912815
30
0
0
VERTEX
8
C-MISC
10
1308824.7813683364
20
398474.6121158862
30
0
0
VERTEX
8
C-MISC
10
1308813.7001410131
20
398472.02159450867
30
0
0
VERTEX
8
C-MISC
10
1308812.7895886835
20
398475.91657775064
30
0
0
SEQEND
0
POLYLINE
8
C-PVMT
66
1
70
1
0
VERTEX
8
C-PVMT
10
1308813.7001410131
20
398472.02159450867
30
0
0
VERTEX
8
C-PVMT
10
1308824.7813683364
20
398474.6121158862
30
0
0
VERTEX
8
C-PVMT
10
1308825.12282546
20
398473.15149717045
30
0
0
VERTEX
8
C-PVMT
10
1308814.0415981368
20
398470.56097579293
30
0
0
VERTEX
8
C-PVMT
10
1308813.7001410131
20
398472.02159450867
30
0
0
SEQEND
0
POLYLINE
8
C-MISC
66
1
70
0
0
VERTEX
8
C-MISC
10
1308763.173635157
20
398424.57774640265
30
0
0
VERTEX
8
C-MISC
10
1308891.104359739
20
398454.4848376663
30
0
0
SEQEND
0
POLYLINE
8
C-MISC
66
1
70
0
0
VERTEX
8
C-MISC
10
1308772.665344507
20
398383.9759625663
30
0
0
VERTEX
8
C-MISC
10
1308900.596069089
20
398413.88305383
30
0
0
SEQEND
0
POLYLINE
8
C-PVMT
66
1
70
1
0
VERTEX
8
C-PVMT
10
1308823.1879017598
20
398481.4283365596
30
0
0
VERTEX
8
C-PVMT
10
1308834.3118498095
20
398483.8287906385
30
0
0
VERTEX
8
C-PVMT
10
1308834.944658442
20
398480.8962911526
30
0
0
VERTEX
8
C-PVMT
10
1308823.8207103922
20
398478.4958370737
30
0
0
VERTEX
8
C-PVMT
10
1308823.1879017598
20
398481.4283365596
30
0
0
SEQEND
0
POLYLINE
8
C-MISC
66
1
70
1
0
VERTEX
8
C-MISC
10
1308823.8207103922
20
398478.4958370737
30
0
0
VERTEX
8
C-MISC
10
1308834.944658442
20
398480.8962911526
30
0
0
VERTEX
8
C-MISC
10
1308835.788403285
20
398476.98629183805
30
0
0
VERTEX
8
C-MISC
10
1308824.6644552352
20
398474.5858377592
30
0
0
VERTEX
8
C-MISC
10
1308823.8207103922
20
398478.4958370737
30
0
0
SEQEND
0
POLYLINE
8
C-PVMT
66
1
70
1
0
VERTEX
8
C-PVMT
10
1308824.6644552352
20
398474.5858377592
30
0
0
VERTEX
8
C-PVMT
10
1308835.788403285
20
398476.98629183805
30
0
0
VERTEX
8
C-PVMT
10
1308836.1048076013
20
398475.5200420951
30
0
0
VERTEX
8
C-PVMT
10
1308824.9808595516
20
398473.11958801624
30
0
0
VERTEX
8
C-PVMT
10
1308824.6644552352
20
398474.5858377592
30
0
0
SEQEND
0
POLYLINE
8
C-MISC
66
1
70
0
0
VERTEX
8
C-MISC
10
1308773.2555207312
20
398428.37387967407
30
0
0
VERTEX
8
C-MISC
10
1308901.6794482167
20
398456.0866790487
30
0
0
SEQEND
0
POLYLINE
8
C-MISC
66
1
70
0
0
VERTEX
8
C-MISC
10
1308781.9731294203
20
398387.9755954364
30
0
0
VERTEX
8
C-MISC
10
1308910.3970569058
20
398415.68839481106
30
0
0
SEQEND
0
POLYLINE
8
C-PVMT
66
1
70
1
0
VERTEX
8
C-PVMT
10
1308834.3118498095
20
398483.8287906385
30
0
0
VERTEX
8
C-PVMT
10
1308845.477321459
20
398486.0280275168
30
0
0
VERTEX
8
C-PVMT
10
1308846.0570851353
20
398483.08458156354
30
0
0
VERTEX
8
C-PVMT
10
1308834.8916134858
20
398480.88534468523
30
0
0
VERTEX
8
C-PVMT
10
1308834.3118498095
20
398483.8287906385
30
0
0
SEQEND
0
POLYLINE
8
C-MISC
66
1
70
1
0
VERTEX
8
C-MISC
10
1308834.8916134858
20
398480.88534468523
30
0
0
VERTEX
8
C-MISC
10
1308846.0570851353
20
398483.08458156354
30
0
0
VERTEX
8
C-MISC
10
1308846.8301033701
20
398479.1599869592
30
0
0
VERTEX
8
C-MISC
10
1308835.6646317206
20
398476.9607500809
30
0
0
VERTEX
8
C-MISC
10
1308834.8916134858
20
398480.88534468523
30
0
0
SEQEND
0
POLYLINE
8
C-PVMT
66
1
70
1
0
VERTEX
8
C-PVMT
10
1308835.6646317206
20
398476.9607500809
30
0
0
VERTEX
8
C-PVMT
10
1308846.8301033701
20
398479.1599869592
30
0
0
VERTEX
8
C-PVMT
10
1308847.1199852081
20
398477.68826398253
30
0
0
VERTEX
8
C-PVMT
10
1308835.9545135587
20
398475.4890271042
30
0
0
VERTEX
8
C-PVMT
10
1308835.6646317206
20
398476.9607500809
30
0
0
SEQEND
0
POLYLINE
8
C-MISC
66
1
70
0
0
VERTEX
8
C-MISC
10
1308783.319968237
20
398432.24199111055
30
0
0
VERTEX
8
C-MISC
10
1308912.223278017
20
398457.6317750358
30
0
0
SEQEND
0
POLYLINE
8
C-MISC
66
1
70
0
0
VERTEX
8
C-MISC
10
1308791.1970057301
20
398392.25046510616
30
0
0
VERTEX
8
C-MISC
10
1308920.10031551
20
398417.6402490314
30
0
0
SEQEND
0
POLYLINE
8
C-PVMT
66
1
70
1
0
VERTEX
8
C-PVMT
10
1308845.477321459
20
398486.0280275168
30
0
0
VERTEX
8
C-PVMT
10
1308856.678345719
20
398488.0383646843
30
0
0
VERTEX
8
C-PVMT
10
1308857.2083115804
20
398485.0855463381
30
0
0
VERTEX
8
C-PVMT
10
1308846.0072873204
20
398483.0752091706
30
0
0
VERTEX
8
C-PVMT
10
1308845.477321459
20
398486.0280275168
30
0
0
SEQEND
0
POLYLINE
8
C-MISC
66
1
70
1
0
VERTEX
8
C-MISC
10
1308846.0072873204
20
398483.0752091706
30
0
0
VERTEX
8
C-MISC
10
1308857.2083115804
20
398485.0855463381
30
0
0
VERTEX
8
C-MISC
10
1308857.9149327287
20
398481.1484552098
30
0
0
VERTEX
8
C-MISC
10
1308846.7139084688
20
398479.13811804226
30
0
0
VERTEX
8
C-MISC
10
1308846.0072873204
20
398483.0752091706
30
0
0
SEQEND
0
POLYLINE
8
C-PVMT
66
1
70
1
0
VERTEX
8
C-PVMT
10
1308846.7139084688
20
398479.13811804226
30
0
0
VERTEX
8
C-PVMT
10
1308857.9149327287
20
398481.1484552098
30
0
0
VERTEX
8
C-PVMT
10
1308858.1799156596
20
398479.6720460367
30
0
0
VERTEX
8
C-PVMT
10
1308846.9788913997
20
398477.66170886916
30
0
0
VERTEX
8
C-PVMT
10
1308846.7139084688
20
398479.13811804226
30
0
0
SEQEND
0
POLYLINE
8
C-MISC
66
1
70
0
0
VERTEX
8
C-MISC
10
1308793.5673536959
20
398435.6110161876
30
0
0
VERTEX
8
C-MISC
10
1308922.8811118046
20
398458.8199878108
30
0
0
SEQEND
0
POLYLINE
8
C-MISC
66
1
70
0
0
VERTEX
8
C-MISC
10
1308800.7137528574
20
398395.79332208616
30
0
0
VERTEX
8
C-MISC
10
1308930.0275109662
20
398419.0022937094
30
0
0
SEQEND
0
POLYLINE
8
C-PVMT
66
1
70
1
0
VERTEX
8
C-PVMT
10
1308856.678345719
20
398488.0383646843
30
0
0
VERTEX
8
C-PVMT
10
1308867.9034742424
20
398489.84761580854
30
0
0
VERTEX
8
C-PVMT
10
1308868.3808492091
20
398486.88584047253
30
0
0
VERTEX
8
C-PVMT
10
1308857.1557206856
20
398485.0765893483
30
0
0
VERTEX
8
C-PVMT
10
1308856.678345719
20
398488.0383646843
30
0
0
SEQEND
0
POLYLINE
8
C-MISC
66
1
70
1
0
VERTEX
8
C-MISC
10
1308857.1557206856
20
398485.0765893483
30
0
0
VERTEX
8
C-MISC
10
1308868.3808492091
20
398486.88584047253
30
0
0
VERTEX
8
C-MISC
10
1308869.017349165
20
398482.93680669117
30
0
0
VERTEX
8
C-MISC
10
1308857.7922206414
20
398481.12755556696
30
0
0
VERTEX
8
C-MISC
10
1308857.1557206856
20
398485.0765893483
30
0
0
SEQEND
0
POLYLINE
8
C-PVMT
66
1
70
1
0
VERTEX
8
C-PVMT
10
1308857.7922206414
20
398481.12755556696
30
0
0
VERTEX
8
C-PVMT
10
1308869.017349165
20
398482.93680669117
30
0
0
VERTEX
8
C-PVMT
10
1308869.2560366483
20
398481.45591902314
30
0
0
VERTEX
8
C-PVMT
10
1308858.0309081248
20
398479.6466678989
30
0
0
VERTEX
8
C-PVMT
10
1308857.7922206414
20
398481.12755556696
30
0
0
SEQEND
0
POLYLINE
8
C-MISC
66
1
70
0
0
VERTEX
8
C-MISC
10
1308803.9349105917
20
398438.2121350806
30
0
0
VERTEX
8
C-MISC
10
1308933.631052556
20
398459.1163848772
30
0
0
SEQEND
0
POLYLINE
8
C-MISC
66
1
70
0
0
VERTEX
8
C-MISC
10
1308810.426982185
20
398397.9334048131
30
0
0
VERTEX
8
C-MISC
10
1308940.1231241494
20
398418.8376546097
30
0
0
SEQEND
0
POLYLINE
8
C-PVMT
66
1
70
1
0
VERTEX
8
C-PVMT
10
1308867.9034742424
20
398489.84761580854
30
0
0
VERTEX
8
C-PVMT
10
1308879.1690711437
20
398491.45718918636
30
0
0
VERTEX
8
C-PVMT
10
1308879.5933875
20
398488.4873481755
30
0
0
VERTEX
8
C-PVMT
10
1308868.3277905986
20
398486.8777747977
30
0
0
VERTEX
8
C-PVMT
10
1308867.9034742424
20
398489.84761580854
30
0
0
SEQEND
0
POLYLINE
8
C-MISC
66
1
70
1
0
VERTEX
8
C-MISC
10
1308868.3277905986
20
398486.8777747977
30
0
0
VERTEX
8
C-MISC
10
1308879.5933875
20
398488.4873481755
30
0
0
VERTEX
8
C-MISC
10
1308880.1591426416
20
398484.52756016096
30
0
0
VERTEX
8
C-MISC
10
1308868.8935457403
20
398482.91798678314
30
0
0
VERTEX
8
C-MISC
10
1308868.3277905986
20
398486.8777747977
30
0
0
SEQEND
0
POLYLINE
8
C-PVMT
66
1
70
1
0
VERTEX
8
C-PVMT
10
1308868.8935457403
20
398482.91798678314
30
0
0
VERTEX
8
C-PVMT
10
1308880.1591426416
20
398484.52756016096
30
0
0
VERTEX
8
C-PVMT
10
1308880.3713008196
20
398483.0426396555
30
0
0
VERTEX
8
C-PVMT
10
1308869.1057039183
20
398481.4330662777
30
0
0
VERTEX
8
C-PVMT
10
1308868.8935457403
20
398482.91798678314
30
0
0
SEQEND
0
POLYLINE
8
C-MISC
66
1
70
0
0
VERTEX
8
C-MISC
10
1308814.2971993615
20
398440.8325681565
30
0
0
VERTEX
8
C-MISC
10
1308944.3564366975
20
398459.41479578183
30
0
0
SEQEND
0
POLYLINE
8
C-MISC
66
1
70
0
0
VERTEX
8
C-MISC
10
1308820.087744698
20
398400.30384762824
30
0
0
VERTEX
8
C-MISC
10
1308950.146982034
20
398418.8860752536
30
0
0
SEQEND
0
POLYLINE
8
C-PVMT
66
1
70
1
0
VERTEX
8
C-PVMT
10
1308879.1690711437
20
398491.45718918636
30
0
0
VERTEX
8
C-PVMT
10
1308890.460157434
20
398492.87696747395
30
0
0
VERTEX
8
C-PVMT
10
1308890.8344399352
20
398489.9004069405
30
0
0
VERTEX
8
C-PVMT
10
1308879.543353645
20
398488.4806286529
30
0
0
VERTEX
8
C-PVMT
10
1308879.1690711437
20
398491.45718918636
30
0
0
SEQEND
0
POLYLINE
8
C-MISC
66
1
70
1
0
VERTEX
8
C-MISC
10
1308879.543353645
20
398488.4806286529
30
0
0
VERTEX
8
C-MISC
10
1308890.8344399352
20
398489.9004069405
30
0
0
VERTEX
8
C-MISC
10
1308891.33348327
20
398485.9316595625
30
0
0
VERTEX
8
C-MISC
10
1308880.0423969796
20
398484.5118812749
30
0
0
VERTEX
8
C-MISC
10
1308879.543353645
20
398488.4806286529
30
0
0
SEQEND
0
POLYLINE
8
C-PVMT
66
1
70
1
0
VERTEX
8
C-PVMT
10
1308880.0423969796
20
398484.5118812749
30
0
0
VERTEX
8
C-PVMT
10
1308891.33348327
20
398485.9316595625
30
0
0
VERTEX
8
C-PVMT
10
1308891.5206245205
20
398484.4433792958
30
0
0
VERTEX
8
C-PVMT
10
1308880.2295382302
20
398483.02360100823
30
0
0
VERTEX
8
C-PVMT
10
1308880.0423969796
20
398484.5118812749
30
0
0
SEQEND
0
POLYLINE
8
C-MISC
66
1
70
0
0
VERTEX
8
C-MISC
10
1308824.7386566084
20
398443.4063820536
30
0
0
VERTEX
8
C-MISC
10
1308955.0921642373
20
398459.797460386
30
0
0
SEQEND
0
POLYLINE
8
C-MISC
66
1
70
0
0
VERTEX
8
C-MISC
10
1308829.8394527424
20
398402.84122494323
30
0
0
VERTEX
8
C-MISC
10
1308960.1929603713
20
398419.2323032756
30
0
0
SEQEND
0
POLYLINE
8
C-PVMT
66
1
70
1
0
VERTEX
8
C-PVMT
10
1308890.460157434
20
398492.87696747395
30
0
0
VERTEX
8
C-PVMT
10
1308901.7745098625
20
398494.0975530395
30
0
0
VERTEX
8
C-PVMT
10
1308902.0962811012
20
398491.1148590777
30
0
0
VERTEX
8
C-PVMT
10
1308890.7819286727
20
398489.8942735121
30
0
0
VERTEX
8
C-PVMT
10
1308890.460157434
20
398492.87696747395
30
0
0
SEQEND
0
POLYLINE
8
C-MISC
66
1
70
1
0
VERTEX
8
C-MISC
10
1308890.7819286727
20
398489.8942735121
30
0
0
VERTEX
8
C-MISC
10
1308902.0962811012
20
398491.1148590777
30
0
0
VERTEX
8
C-MISC
10
1308902.5253094195
20
398487.1379337952
30
0
0
VERTEX
8
C-MISC
10
1308891.210956991
20
398485.9173482297
30
0
0
VERTEX
8
C-MISC
10
1308890.7819286727
20
398489.8942735121
30
0
0
SEQEND
0
POLYLINE
8
C-PVMT
66
1
70
1
0
VERTEX
8
C-PVMT
10
1308891.210956991
20
398485.9173482297
30
0
0
VERTEX
8
C-PVMT
10
1308902.5253094195
20
398487.1379337952
30
0
0
VERTEX
8
C-PVMT
10
1308902.686195039
20
398485.6465868143
30
0
0
VERTEX
8
C-PVMT
10
1308891.3718426104
20
398484.42600124876
30
0
0
VERTEX
8
C-PVMT
10
1308891.210956991
20
398485.9173482297
30
0
0
SEQEND
0
POLYLINE
8
C-MISC
66
1
70
0
0
VERTEX
8
C-MISC
10
1308835.1644442978
20
398446.0430416885
30
0
0
VERTEX
8
C-MISC
10
1308965.7865551997
20
398460.1344768029
30
0
0
SEQEND
0
POLYLINE
8
C-MISC
66
1
70
0
0
VERTEX
8
C-MISC
10
1308839.5226103985
20
398405.64454067755
30
0
0
VERTEX
8
C-MISC
10
1308970.1447213003
20
398419.73597579193
30
0
0
SEQEND
0
POLYLINE
8
C-PVMT
66
1
70
1
0
VERTEX
8
C-PVMT
10
1308901.7745098625
20
398494.0975530395
30
0
0
VERTEX
8
C-PVMT
10
1308913.1178031703
20
398495.12798835145
30
0
0
VERTEX
8
C-PVMT
10
1308913.3892084325
20
398492.1402903775
30
0
0
VERTEX
8
C-PVMT
10
1308902.0459151247
20
398491.10985506553
30
0
0
VERTEX
8
C-PVMT
10
1308901.7745098625
20
398494.0975530395
30
0
0
SEQEND
0
POLYLINE
8
C-MISC
66
1
70
1
0
VERTEX
8
C-MISC
10
1308902.0459151247
20
398491.10985506553
30
0
0
VERTEX
8
C-MISC
10
1308913.3892084325
20
398492.1402903775
30
0
0
VERTEX
8
C-MISC
10
1308913.7510821153
20
398488.15669307887
30
0
0
VERTEX
8
C-MISC
10
1308902.4077888075
20
398487.1262577669
30
0
0
VERTEX
8
C-MISC
10
1308902.0459151247
20
398491.10985506553
30
0
0
SEQEND
0
POLYLINE
8
C-PVMT
66
1
70
1
0
VERTEX
8
C-PVMT
10
1308902.4077888075
20
398487.1262577669
30
0
0
VERTEX
8
C-PVMT
10
1308913.7510821153
20
398488.15669307887
30
0
0
VERTEX
8
C-PVMT
10
1308913.8867847465
20
398486.6628440919
30
0
0
VERTEX
8
C-PVMT
10
1308902.5434914387
20
398485.63240877993
30
0
0
VERTEX
8
C-PVMT
10
1308902.4077888075
20
398487.1262577669
30
0
0
SEQEND
0
POLYLINE
8
C-MISC
66
1
70
0
0
VERTEX
8
C-MISC
10
1308845.6560050796
20
398448.6494402796
30
0
0
VERTEX
8
C-MISC
10
1308976.5072173465
20
398460.53608607745
30
0
0
SEQEND
0
POLYLINE
8
C-MISC
66
1
70
0
0
VERTEX
8
C-MISC
10
1308849.2914597762
20
398408.6294327627
30
0
0
VERTEX
8
C-MISC
10
1308980.142672043
20
398420.51607856055
30
0
0
SEQEND
0
POLYLINE
8
C-PVMT
66
1
70
1
0
VERTEX
8
C-PVMT
10
1308913.1178031703
20
398495.12798835145
30
0
0
VERTEX
8
C-PVMT
10
1308924.4682517028
20
398495.947572461
30
0
0
VERTEX
8
C-PVMT
10
1308924.6843107827
20
398492.9553628303
30
0
0
VERTEX
8
C-PVMT
10
1308913.3338622502
20
398492.1357787208
30
0
0
VERTEX
8
C-PVMT
10
1308913.1178031703
20
398495.12798835145
30
0
0
SEQEND
0
POLYLINE
8
C-MISC
66
1
70
1
0
VERTEX
8
C-MISC
10
1308913.3338622502
20
398492.1357787208
30
0
0
VERTEX
8
C-MISC
10
1308924.6843107827
20
398492.9553628303
30
0
0
VERTEX
8
C-MISC
10
1308924.9723895558
20
398488.9657499894
30
0
0
VERTEX
8
C-MISC
10
1308913.6219410233
20
398488.14616587985
30
0
0
VERTEX
8
C-MISC
10
1308913.3338622502
20
398492.1357787208
30
0
0
SEQEND
0
POLYLINE
8
C-PVMT
66
1
70
1
0
VERTEX
8
C-PVMT
10
1308913.6219410233
20
398488.14616587985
30
0
0
VERTEX
8
C-PVMT
10
1308924.9723895558
20
398488.9657499894
30
0
0
VERTEX
8
C-PVMT
10
1308925.0804190957
20
398487.469645174
30
0
0
VERTEX
8
C-PVMT
10
1308913.7299705632
20
398486.65006106446
30
0
0
VERTEX
8
C-PVMT
10
1308913.6219410233
20
398488.14616587985
30
0
0
SEQEND
0
POLYLINE
8
C-MISC
66
1
70
0
0
VERTEX
8
C-MISC
10
1308856.1209532034
20
398451.3738604678
30
0
0
VERTEX
8
C-MISC
10
1308987.1597869636
20
398460.8358077709
30
0
0
SEQEND
0
POLYLINE
8
C-MISC
66
1
70
0
0
VERTEX
8
C-MISC
10
1308858.9682958503
20
398411.940914181
30
0
0
VERTEX
8
C-MISC
10
1308990.0071296105
20
398421.4028614841
30
0
0
SEQEND
0
POLYLINE
8
C-PVMT
66
1
70
1
0
VERTEX
8
C-PVMT
10
1308924.4682517028
20
398495.947572461
30
0
0
VERTEX
8
C-PVMT
10
1308935.830777585
20
398496.57797358226
30
0
0
VERTEX
8
C-PVMT
10
1308935.9969641725
20
398493.58258011594
30
0
0
VERTEX
8
C-PVMT
10
1308924.6344382903
20
398492.95217899466
30
0
0
VERTEX
8
C-PVMT
10
1308924.4682517028
20
398495.947572461
30
0
0
SEQEND
0
POLYLINE
8
C-MISC
66
1
70
1
0
VERTEX
8
C-MISC
10
1308924.6344382903
20
398492.95217899466
30
0
0
VERTEX
8
C-MISC
10
1308935.9969641725
20
398493.58258011594
30
0
0
VERTEX
8
C-MISC
10
1308936.2185462888
20
398489.5887221608
30
0
0
VERTEX
8
C-MISC
10
1308924.8560204066
20
398488.9583210395
30
0
0
VERTEX
8
C-MISC
10
1308924.6344382903
20
398492.95217899466
30
0
0
SEQEND
0
POLYLINE
8
C-PVMT
66
1
70
1
0
VERTEX
8
C-PVMT
10
1308924.8560204066
20
398488.9583210395
30
0
0
VERTEX
8
C-PVMT
10
1308936.2185462888
20
398489.5887221608
30
0
0
VERTEX
8
C-PVMT
10
1308936.3016395825
20
398488.0910254276
30
0
0
VERTEX
8
C-PVMT
10
1308924.9391137003
20
398487.46062430635
30
0
0
VERTEX
8
C-PVMT
10
1308924.8560204066
20
398488.9583210395
30
0
0
SEQEND
0
POLYLINE
8
C-MISC
66
1
70
0
0
VERTEX
8
C-MISC
10
1308866.75448897
20
398453.07665064785
30
0
0
VERTEX
8
C-MISC
10
1308997.932753506
20
398460.3545152624
30
0
0
SEQEND
0
POLYLINE
8
C-MISC
66
1
70
0
0
VERTEX
8
C-MISC
10
1308868.9485955636
20
398413.5294605814
30
0
0
VERTEX
8
C-MISC
10
1309000.1268600996
20
398420.807325196
30
0
0
SEQEND
0
POLYLINE
8
C-PVMT
66
1
70
1
0
VERTEX
8
C-PVMT
10
1308935.830777585
20
398496.57797358226
30
0
0
VERTEX
8
C-PVMT
10
1308981.3780098779
20
398497.7459214737
30
0
0
VERTEX
8
C-PVMT
10
1308981.4549122956
20
398494.7469072993
30
0
0
VERTEX
8
C-PVMT
10
1308935.9076800027
20
398493.57895940787
30
0
0
VERTEX
8
C-PVMT
10
1308935.830777585
20
398496.57797358226
30
0
0
SEQEND
0
POLYLINE
8
C-MISC
66
1
70
1
0
VERTEX
8
C-MISC
10
1308935.9076800027
20
398493.57895940787
30
0
0
VERTEX
8
C-MISC
10
1308981.4549122956
20
398494.7469072993
30
0
0
VERTEX
8
C-MISC
10
1308981.5574488523
20
398490.7482217335
30
0
0
VERTEX
8
C-MISC
10
1308936.0102165595
20
398489.58027384203
30
0
0
VERTEX
8
C-MISC
10
1308935.9076800027
20
398493.57895940787
30
0
0
SEQEND
0
POLYLINE
8
C-PVMT
66
1
70
1
0
VERTEX
8
C-PVMT
10
1308936.0102165595
20
398489.58027384203
30
0
0
VERTEX
8
C-PVMT
10
1308981.5574488523
20
398490.7482217335
30
0
0
VERTEX
8
C-PVMT
10
1308981.5959000613
20
398489.2487146463
30
0
0
VERTEX
8
C-PVMT
10
1308936.0486677685
20
398488.08076675487
30
0
0
VERTEX
8
C-PVMT
10
1308936.0102165595
20
398489.58027384203
30
0
0
SEQEND
0
POLYLINE
8
C-PVMT
66
1
70
1
0
VERTEX
8
C-PVMT
10
1309007.3694660545
20
398498.41240909346
30
0
0
VERTEX
8
C-PVMT
10
1309056.4758038174
20
398499.6716215803
30
0
0
VERTEX
8
C-PVMT
10
1309056.552706235
20
398496.6726074059
30
0
0
VERTEX
8
C-PVMT
10
1309007.4463684722
20
398495.4133949191
30
0
0
VERTEX
8
C-PVMT
10
1309007.3694660545
20
398498.41240909346
30
0
0
SEQEND
0
POLYLINE
8
C-MISC
66
1
70
1
0
VERTEX
8
C-MISC
10
1309007.4463684722
20
398495.4133949191
30
0
0
VERTEX
8
C-MISC
10
1309056.552706235
20
398496.6726074059
30
0
0
VERTEX
8
C-MISC
10
1309056.6552427919
20
398492.6739218401
30
0
0
VERTEX
8
C-MISC
10
1309007.548905029
20
398491.41470935324
30
0
0
VERTEX
8
C-MISC
10
1309007.4463684722
20
398495.4133949191
30
0
0
SEQEND
0
POLYLINE
8
C-PVMT
66
1
70
1
0
VERTEX
8
C-PVMT
10
1309007.548905029
20
398491.41470935324
30
0
0
VERTEX
8
C-PVMT
10
1309056.6552427919
20
398492.6739218401
30
0
0
VERTEX
8
C-PVMT
10
1309056.6936940008
20
398491.1744147529
30
0
0
VERTEX
8
C-PVMT
10
1309007.587356238
20
398489.9152022661
30
0
0
VERTEX
8
C-PVMT
10
1309007.548905029
20
398491.41470935324
30
0
0
SEQEND
0
POLYLINE
8
C-PVMT
66
1
70
1
0
VERTEX
8
C-PVMT
10
1309082.467259995
20
398500.33810920006
30
0
0
VERTEX
8
C-PVMT
10
1309105.8557252507
20
398500.9378494544
30
0
0
VERTEX
8
C-PVMT
10
1309105.9326276684
20
398497.93883528
30
0
0
VERTEX
8
C-PVMT
10
1309082.5441624126
20
398497.3390950257
30
0
0
VERTEX
8
C-PVMT
10
1309082.467259995
20
398500.33810920006
30
0
0
SEQEND
0
POLYLINE
8
C-MISC
66
1
70
1
0
VERTEX
8
C-MISC
10
1309082.5441624126
20
398497.3390950257
30
0
0
VERTEX
8
C-MISC
10
1309105.9326276684
20
398497.93883528
30
0
0
VERTEX
8
C-MISC
10
1309106.0351642251
20
398493.9401497142
30
0
0
VERTEX
8
C-MISC
10
1309082.6466989694
20
398493.34040945984
30
0
0
VERTEX
8
C-MISC
10
1309082.5441624126
20
398497.3390950257
30
0
0
SEQEND
0
POLYLINE
8
C-PVMT
66
1
70
1
0
VERTEX
8
C-PVMT
10
1309082.6466989694
20
398493.34040945984
30
0
0
VERTEX
8
C-PVMT
10
1309106.0351642251
20
398493.9401497142
30
0
0
VERTEX
8
C-PVMT
10
1309106.073615434
20
398492.440642627
30
0
0
VERTEX
8
C-PVMT
10
1309082.6851501784
20
398491.84090237267
30
0
0
VERTEX
8
C-PVMT
10
1309082.6466989694
20
398493.34040945984
30
0
0
SEQEND
0
POLYLINE
8
C-MISC
66
1
70
0
0
VERTEX
8
C-MISC
10
1308876.860632789
20
398455.64688212017
30
0
0
VERTEX
8
C-MISC
10
1309166.84614743
20
398463.082854699
30
0
0
SEQEND
0
POLYLINE
8
C-MISC
66
1
70
0
0
VERTEX
8
C-MISC
10
1308877.8707714807
20
398416.2538390114
30
0
0
VERTEX
8
C-MISC
10
1309167.8562861215
20
398423.68981159024
30
0
0
SEQEND
0
POLYLINE
8
C-PVMT
66
1
70
1
0
VERTEX
8
C-PVMT
10
1308648.7213474016
20
398413.44938097807
30
0
0
VERTEX
8
C-PVMT
10
1308690.2773370922
20
398434.53574702865
30
0
0
VERTEX
8
C-PVMT
10
1308691.634836248
20
398431.860453392
30
0
0
VERTEX
8
C-PVMT
10
1308650.0788465573
20
398410.7740873414
30
0
0
VERTEX
8
C-PVMT
10
1308648.7213474016
20
398413.44938097807
30
0
0
SEQEND
0
POLYLINE
8
C-MISC
66
1
70
1
0
VERTEX
8
C-MISC
10
1308650.0788465573
20
398410.7740873414
30
0
0
VERTEX
8
C-MISC
10
1308691.634836248
20
398431.860453392
30
0
0
VERTEX
8
C-MISC
10
1308693.444835122
20
398428.2933952097
30
0
0
VERTEX
8
C-MISC
10
1308651.8888454314
20
398407.2070291591
30
0
0
VERTEX
8
C-MISC
10
1308650.0788465573
20
398410.7740873414
30
0
0
SEQEND
0
POLYLINE
8
C-PVMT
66
1
70
1
0
VERTEX
8
C-PVMT
10
1308651.8888454314
20
398407.2070291591
30
0
0
VERTEX
8
C-PVMT
10
1308693.444835122
20
398428.2933952097
30
0
0
VERTEX
8
C-PVMT
10
1308694.1235846998
20
398426.9557483914
30
0
0
VERTEX
8
C-PVMT
10
1308652.5675950092
20
398405.8693823408
30
0
0
VERTEX
8
C-PVMT
10
1308651.8888454314
20
398407.2070291591
30
0
0
SEQEND
0
POLYLINE
8
C-PVMT
66
1
70
1
0
VERTEX
8
C-PVMT
10
1308713.4632151562
20
398446.30073964945
30
0
0
VERTEX
8
C-PVMT
10
1308713.9036
20
398446.5242
30
0
0
VERTEX
8
C-PVMT
10
1308715.2610991558
20
398443.8489063633
30
0
0
VERTEX
8
C-PVMT
10
1308714.820714312
20
398443.62544601277
30
0
0
VERTEX
8
C-PVMT
10
1308713.4632151562
20
398446.30073964945
30
0
0
SEQEND
0
POLYLINE
8
C-MISC
66
1
70
1
0
VERTEX
8
C-MISC
10
1308714.820714312
20
398443.62544601277
30
0
0
VERTEX
8
C-MISC
10
1308715.2610991558
20
398443.8489063633
30
0
0
VERTEX
8
C-MISC
10
1308717.0710980298
20
398440.28184818104
30
0
0
VERTEX
8
C-MISC
10
1308716.630713186
20
398440.0583878305
30
0
0
VERTEX
8
C-MISC
10
1308714.820714312
20
398443.62544601277
30
0
0
SEQEND
0
POLYLINE
8
C-PVMT
66
1
70
1
0
VERTEX
8
C-PVMT
10
1308716.630713186
20
398440.0583878305
30
0
0
VERTEX
8
C-PVMT
10
1308717.0710980298
20
398440.28184818104
30
0
0
VERTEX
8
C-PVMT
10
1308717.7498476077
20
398438.9442013627
30
0
0
VERTEX
8
C-PVMT
10
1308717.3094627638
20
398438.7207410122
30
0
0
VERTEX
8
C-PVMT
10
1308716.630713186
20
398440.0583878305
30
0
0
SEQEND
0
POLYLINE
8
C-MISC
66
1
70
0
0
VERTEX
8
C-MISC
10
1308612.981859661
20
398351.28626616544
30
0
0
VERTEX
8
C-MISC
10
1308785.1758577267
20
398438.6610514122
30
0
0
SEQEND
0
POLYLINE
8
C-MISC
66
1
70
0
0
VERTEX
8
C-MISC
10
1308630.748244654
20
398316.27313446515
30
0
0
VERTEX
8
C-MISC
10
1308802.9422427197
20
398403.6479197119
30
0
0
SEQEND
0
POLYLINE
8
V-PROP-ESMT
66
1
70
1
0
VERTEX
8
V-PROP-ESMT
10
1309100.6551938793
20
398651.85810399376
30
0
0
VERTEX
8
V-PROP-ESMT
10
1308881.7902465148
20
398644.4584475712
30
0
0
VERTEX
8
V-PROP-ESMT
10
1308882.128145799
20
398634.464157998
30
0
0
VERTEX
8
V-PROP-ESMT
10
1309100.9930931635
20
398641.86381442053
30
0
0
VERTEX
8
V-PROP-ESMT
10
1309100.6551938793
20
398651.85810399376
30
0
0
SEQEND
0
POLYLINE
8
V-PROP-ESMT
66
1
70
1
0
VERTEX
8
V-PROP-ESMT
10
1308881.7902465148
20
398644.4584475712
30
0
0
VERTEX
8
V-PROP-ESMT
10
1308666.5217670712
20
398591.52921030123
30
0
0
VERTEX
8
V-PROP-ESMT
10
1308668.9094085938
20
398581.81843443314
30
0
0
VERTEX
8
V-PROP-ESMT
10
1308884.1778880374
20
398634.7476717031
30
0
0
VERTEX
8
V-PROP-ESMT
10
1308881.7902465148
20
398644.4584475712
30
0
0
SEQEND
0
POLYLINE
8
V-PROP-ESMT
66
1
70
1
0
VERTEX
8
V-PROP-ESMT
10
1308666.5217670712
20
398591.52921030123
30
0
0
VERTEX
8
V-PROP-ESMT
10
1308579.7119600263
20
398547.2289958455
30
0
0
VERTEX
8
V-PROP-ESMT
10
1308584.2574365763
20
398538.3217716463
30
0
0
VERTEX
8
V-PROP-ESMT
10
1308671.0672436212
20
398582.6219861021
30
0
0
VERTEX
8
V-PROP-ESMT
10
1308666.5217670712
20
398591.52921030123
30
0
0
SEQEND
0
POLYLINE
8
C-PROP
66
1
70
0
0
VERTEX
8
C-PROP
10
1309060.134584671
20
398645.4852763529
30
0
0
VERTEX
8
C-PROP
10
1308950.7045760453
20
398641.7855314833
30
0
0
SEQEND
0
POLYLINE
8
C-PROP
66
1
70
0
0
VERTEX
8
C-PROP
10
1308625.3310629653
20
398564.97085773514
30
0
0
VERTEX
8
C-PROP
10
1308667.7155878325
20
398586.6738223672
30
0
0
VERTEX
8
C-PROP
10
1308775.3106596512
20
398613.18417098885
30
0
0
SEQEND
0
POLYLINE
8
C-PROP
66
1
70
0
0
VERTEX
8
C-PROP
10
1308775.3106596512
20
398613.18417098885
30
0
0
VERTEX
8
C-PROP
10
1308881.9591961568
20
398639.46130278456
30
0
0
VERTEX
8
C-PROP
10
1308950.7045760453
20
398641.7855314833
30
0
0
SEQEND
0
POLYLINE
8
C-UTIL
66
1
70
0
0
VERTEX
8
C-UTIL
10
1308849.21
20
398486.35
30
0
0
VERTEX
8
C-UTIL
10
1308881.29
20
398645.16
30
0
0
SEQEND
0
POLYLINE
8
V-PROP-ESMT
66
1
70
1
0
VERTEX
8
V-PROP-ESMT
10
1308819.8
20
398492.3
30
0
0
VERTEX
8
V-PROP-ESMT
10
1308848.3087345595
20
398486.53620381036
30
0
0
VERTEX
8
V-PROP-ESMT
10
1308856.678345719
20
398488.0383646843
30
0
0
VERTEX
8
V-PROP-ESMT
10
1308867.9034742424
20
398489.84761580854
30
0
0
VERTEX
8
V-PROP-ESMT
10
1308879.1690711437
20
398491.45718918636
30
0
0
VERTEX
8
V-PROP-ESMT
10
1308880.8858754586
20
398491.67306580156
30
0
0
VERTEX
8
V-PROP-ESMT
10
1308910.7
20
398639.22
30
0
0
VERTEX
8
V-PROP-ESMT
10
1308884.3410073076
20
398644.54468684207
30
0
0
VERTEX
8
V-PROP-ESMT
10
1308881.7902465148
20
398644.4584475712
30
0
0
VERTEX
8
V-PROP-ESMT
10
1308848.914417966
20
398636.37508797203
30
0
0
VERTEX
8
V-PROP-ESMT
10
1308819.8
20
398492.3
30
0
0
SEQEND
0
POINT
8
C-TOPO-SPOT
10
1309060.134584671
20
398645.4852763529
30
0
0
POINT
8
C-TOPO-SPOT
10
1308950.7045760453
20
398641.7855314833
30
0
0
POINT
8
C-TOPO-SPOT
10
1308775.3106596512
20
398613.18417098885
30
0
0
POINT
8
C-TOPO-SPOT
10
1308625.3310629653
20
398564.97085773514
30
0
0
POINT
8
C-TOPO-SPOT
10
1308885.97
20
398678.95
30
0
0
ENDSEC
0
EOF
